# 260528_14:57:20.030493
t	CH1	CH2
0.000000e+00	-4.226302e-03	4.711839e-01
1.000000e-08	-5.650184e-03	1.764144e-01
2.000000e-08	-3.472956e-03	-1.176900e-01
3.000000e-08	8.370155e-03	-3.499740e-01
4.000000e-08	1.184323e-03	-6.359856e-01
5.000000e-08	2.057686e-03	-9.092462e-01
6.000000e-08	-3.101162e-03	-1.160852e+00
7.000000e-08	1.563576e-03	-1.518270e+00
8.000000e-08	2.608410e-03	-1.719269e+00
9.000000e-08	2.703828e-02	-1.940327e+00
1.000000e-07	8.983754e-02	-2.226012e+00
1.100000e-07	4.308938e-02	-2.592481e+00
1.200000e-07	-7.343593e-02	-2.993963e+00
1.300000e-07	-4.794950e-03	-3.338823e+00
1.400000e-07	-4.665592e-02	-3.538849e+00
1.500000e-07	-4.204755e-02	-3.791499e+00
1.600000e-07	-3.799240e-02	-3.992503e+00
1.700000e-07	1.743751e-01	-4.170427e+00
1.800000e-07	-1.554797e-01	-4.466163e+00
1.900000e-07	1.457488e-01	-4.801876e+00
2.000000e-07	-5.369554e-03	-5.046112e+00
2.100000e-07	-7.949737e-02	-5.444110e+00
2.200000e-07	1.263268e-01	-5.656183e+00
2.300000e-07	-1.742890e-01	-5.949851e+00
2.400000e-07	1.703973e-01	-6.232581e+00
2.500000e-07	-6.002799e-02	-6.456665e+00
2.600000e-07	2.027970e-02	-6.781973e+00
2.700000e-07	5.104858e-02	-7.074182e+00
2.800000e-07	-9.982321e-02	-7.348873e+00
2.900000e-07	1.211989e-01	-7.613451e+00
3.000000e-07	-1.074108e-01	-7.906162e+00
3.100000e-07	1.145424e-01	-8.149871e+00
3.200000e-07	-2.619076e-02	-8.371900e+00
3.300000e-07	9.970379e-04	-8.636084e+00
3.400000e-07	6.115260e-02	-8.888186e+00
3.500000e-07	-9.705421e-02	-9.097796e+00
3.600000e-07	9.491239e-02	-9.340364e+00
3.700000e-07	-6.796899e-02	-9.542373e+00
3.800000e-07	1.080164e-01	-9.793974e+00
3.900000e-07	-4.135424e-02	-1.002253e+01
4.000000e-07	3.909701e-02	-1.027411e+01
4.100000e-07	-1.008670e-02	-1.045714e+01
4.200000e-07	-6.727057e-03	-1.067774e+01
4.300000e-07	3.951408e-02	-1.085021e+01
4.400000e-07	-2.820269e-02	-1.109877e+01
4.500000e-07	6.444777e-02	-1.133970e+01
4.600000e-07	-2.867918e-02	-1.154935e+01
4.700000e-07	5.386041e-02	-1.175088e+01
4.800000e-07	-3.164980e-02	-1.195192e+01
4.900000e-07	3.382994e-02	-1.216093e+01
5.000000e-07	-6.169638e-03	-1.232882e+01
5.100000e-07	3.902514e-02	-1.251879e+01
5.200000e-07	1.173158e-02	-1.269621e+01
5.300000e-07	9.604754e-03	-1.289664e+01
5.400000e-07	8.622813e-03	-1.303363e+01
5.500000e-07	5.020247e-03	-1.320047e+01
5.600000e-07	2.191099e-02	-1.331835e+01
5.700000e-07	7.054339e-03	-1.352624e+01
5.800000e-07	2.936328e-02	-1.364358e+01
5.900000e-07	1.323590e-02	-1.380303e+01
6.000000e-07	2.670700e-02	-1.390827e+01
6.100000e-07	1.406631e-03	-1.407616e+01
6.200000e-07	1.408526e-02	-1.419203e+01
6.300000e-07	7.851180e-03	-1.433877e+01
6.400000e-07	2.867854e-02	-1.443358e+01
6.500000e-07	1.872430e-02	-1.456035e+01
6.600000e-07	2.304302e-02	-1.471569e+01
6.700000e-07	1.325511e-02	-1.475137e+01
6.800000e-07	2.143802e-02	-1.486411e+01
6.900000e-07	1.897005e-02	-1.489835e+01
7.000000e-07	1.924478e-02	-1.504513e+01
7.100000e-07	2.119883e-02	-1.512776e+01
7.200000e-07	2.359208e-02	-1.518192e+01
7.300000e-07	2.708264e-02	-1.525605e+01
7.400000e-07	1.940628e-02	-1.527774e+01
7.500000e-07	2.032614e-02	-1.536990e+01
7.600000e-07	2.169563e-02	-1.539258e+01
7.700000e-07	3.271598e-02	-1.547516e+01
7.800000e-07	3.019841e-02	-1.551774e+01
7.900000e-07	3.158381e-02	-1.552981e+01
8.000000e-07	2.569155e-02	-1.559997e+01
8.100000e-07	3.348809e-02	-1.560248e+01
8.200000e-07	3.230945e-02	-1.559407e+01
8.300000e-07	3.695690e-02	-1.564355e+01
8.400000e-07	3.884461e-02	-1.561408e+01
8.500000e-07	4.424812e-02	-1.562353e+01
8.600000e-07	5.233636e-02	-1.559248e+01
8.700000e-07	5.018422e-02	-1.562403e+01
8.800000e-07	5.374702e-02	-1.559042e+01
8.900000e-07	6.196671e-02	-1.557885e+01
9.000000e-07	7.948857e-02	-1.553992e+01
9.100000e-07	9.725104e-02	-1.550729e+01
9.200000e-07	1.222647e-01	-1.552569e+01
9.300000e-07	1.628791e-01	-1.545153e+01
9.400000e-07	2.234294e-01	-1.535047e+01
9.500000e-07	2.499965e-01	-1.531731e+01
9.600000e-07	2.500000e-01	-1.526416e+01
9.700000e-07	2.500000e-01	-1.520239e+01
9.800000e-07	2.499100e-01	-1.511771e+01
9.900000e-07	2.249946e-01	-1.501163e+01
1.000000e-06	1.558768e-01	-1.498039e+01
1.010000e-06	1.013663e-01	-1.489571e+01
1.020000e-06	7.248846e-02	-1.479145e+01
1.030000e-06	5.588795e-02	-1.470677e+01
1.040000e-06	4.334471e-02	-1.460093e+01
1.050000e-06	3.173144e-02	-1.447421e+01
1.060000e-06	2.673547e-02	-1.438887e+01
1.070000e-06	2.505476e-02	-1.425213e+01
1.080000e-06	2.315424e-02	-1.415521e+01
1.090000e-06	1.914645e-02	-1.395844e+01
1.100000e-06	1.542719e-02	-1.382255e+01
1.110000e-06	1.556499e-02	-1.369586e+01
1.120000e-06	1.703857e-02	-1.349730e+01
1.130000e-06	1.531463e-02	-1.338842e+01
1.140000e-06	1.144435e-02	-1.325263e+01
1.150000e-06	1.020892e-02	-1.306418e+01
1.160000e-06	1.116475e-02	-1.293484e+01
1.170000e-06	1.149903e-02	-1.275847e+01
1.180000e-06	9.685414e-03	-1.259950e+01
1.190000e-06	8.587322e-03	-1.241208e+01
1.200000e-06	8.438148e-03	-1.222263e+01
1.210000e-06	9.017901e-03	-1.208428e+01
1.220000e-06	6.718245e-03	-1.189168e+01
1.230000e-06	3.981372e-03	-1.163358e+01
1.240000e-06	4.321617e-03	-1.143908e+01
1.250000e-06	5.700849e-03	-1.122094e+01
1.260000e-06	6.273809e-03	-1.098040e+01
1.270000e-06	3.805034e-03	-1.080795e+01
1.280000e-06	2.125542e-03	-1.059905e+01
1.290000e-06	3.392306e-03	-1.032794e+01
1.300000e-06	3.283354e-03	-1.015629e+01
1.310000e-06	3.314919e-03	-9.916791e+00
1.320000e-06	1.008601e-03	-9.715736e+00
1.330000e-06	6.703350e-04	-9.471132e+00
1.340000e-06	1.910836e-03	-9.210600e+00
1.350000e-06	1.152966e-03	-9.019026e+00
1.360000e-06	-1.353106e-03	-8.786495e+00
1.370000e-06	-2.057140e-03	-8.574746e+00
1.380000e-06	2.676193e-05	-8.294661e+00
1.390000e-06	9.741856e-04	-8.042632e+00
1.400000e-06	-9.883254e-04	-7.798417e+00
1.410000e-06	-2.566044e-03	-7.474210e+00
1.420000e-06	-2.666565e-03	-7.271550e+00
1.430000e-06	-2.598933e-03	-6.948417e+00
1.440000e-06	-2.974983e-03	-6.671259e+00
1.450000e-06	-5.461000e-03	-6.440104e+00
1.460000e-06	-3.572654e-03	-6.188918e+00
1.470000e-06	-3.137074e-03	-5.891760e+00
1.480000e-06	-3.026472e-03	-5.630576e+00
1.490000e-06	-5.401685e-03	-5.326239e+00
1.500000e-06	-5.838485e-03	-5.071127e+00
1.510000e-06	-4.803462e-03	-4.685239e+00
1.520000e-06	-3.905131e-03	-4.482633e+00
1.530000e-06	-5.531784e-03	-4.239103e+00
1.540000e-06	-6.195926e-03	-3.905344e+00
1.550000e-06	-8.297585e-03	-3.649630e+00
1.560000e-06	-6.317354e-03	-3.357445e+00
1.570000e-06	-8.092621e-03	-3.113187e+00
1.580000e-06	-6.925757e-03	-2.788997e+00
1.590000e-06	-7.519091e-03	-2.523788e+00
1.600000e-06	-4.431738e-03	-2.250075e+00
1.610000e-06	-6.598708e-03	-1.924889e+00
1.620000e-06	-7.720205e-03	-1.620756e+00
1.630000e-06	-9.581446e-03	-1.334389e+00
1.640000e-06	-9.463571e-03	-9.970272e-01
1.650000e-06	-7.742067e-03	-7.334678e-01
1.660000e-06	-8.575298e-03	-4.101486e-01
1.670000e-06	-7.865876e-03	-1.159392e-01
1.680000e-06	-1.946915e-03	8.975978e-02
1.690000e-06	7.723928e-03	3.926031e-01
1.700000e-06	-4.939328e-03	6.847097e-01
1.710000e-06	3.031330e-03	8.876888e-01
1.720000e-06	-7.391289e-03	1.253031e+00
1.730000e-06	-2.035271e-04	1.487166e+00
1.740000e-06	-4.558500e-03	1.791929e+00
1.750000e-06	1.621555e-02	2.033106e+00
1.760000e-06	5.441643e-02	2.295140e+00
1.770000e-06	7.275126e-02	2.653531e+00
1.780000e-06	-7.578016e-02	2.949324e+00
1.790000e-06	-3.433691e-02	3.233055e+00
1.800000e-06	-4.281644e-02	3.529825e+00
1.810000e-06	-2.167356e-02	3.750472e+00
1.820000e-06	-7.443026e-02	4.011375e+00
1.830000e-06	1.706958e-02	4.266088e+00
1.840000e-06	1.004116e-01	4.580473e+00
1.850000e-06	-1.137470e-01	4.902000e+00
1.860000e-06	1.324530e-01	5.106614e+00
1.870000e-06	-5.612307e-02	5.423532e+00
1.880000e-06	-5.113001e-02	5.716664e+00
1.890000e-06	4.483677e-02	5.970974e+00
1.900000e-06	-5.647012e-02	6.223557e+00
1.910000e-06	7.403923e-02	6.535689e+00
1.920000e-06	-6.527689e-02	6.753899e+00
1.930000e-06	7.765293e-03	7.035603e+00
1.940000e-06	-1.258844e-02	7.342393e+00
1.950000e-06	-1.898692e-02	7.613553e+00
1.960000e-06	9.530773e-03	7.886214e+00
1.970000e-06	-4.895219e-02	8.190950e+00
1.980000e-06	5.469048e-02	8.372006e+00
1.990000e-06	-2.479622e-02	8.612055e+00
2.000000e-06	-4.999291e-03	8.865106e+00
2.010000e-06	-1.726619e-02	9.097244e+00
2.020000e-06	-4.607466e-02	9.327217e+00
2.030000e-06	3.083821e-02	9.527901e+00
2.040000e-06	-1.983018e-02	9.802052e+00
2.050000e-06	1.290801e-02	1.003661e+01
2.060000e-06	-4.344431e-02	1.022313e+01
2.070000e-06	1.138996e-02	1.046614e+01
2.080000e-06	-1.793370e-02	1.068614e+01
2.090000e-06	-1.829809e-02	1.090664e+01
2.100000e-06	-1.592670e-02	1.108821e+01
2.110000e-06	-1.692976e-02	1.135777e+01
2.120000e-06	1.456339e-02	1.152887e+01
2.130000e-06	-2.521463e-02	1.178092e+01
2.140000e-06	-1.595258e-02	1.196670e+01
2.150000e-06	-3.452093e-02	1.210777e+01
2.160000e-06	3.725769e-03	1.236030e+01
2.170000e-06	-7.971477e-03	1.249667e+01
2.180000e-06	-1.219763e-02	1.267458e+01
2.190000e-06	-2.350002e-02	1.283553e+01
2.200000e-06	-1.928671e-02	1.301205e+01
2.210000e-06	-8.010268e-03	1.318992e+01
2.220000e-06	-2.501105e-02	1.329926e+01
2.230000e-06	-2.279726e-02	1.348711e+01
2.240000e-06	-2.177532e-02	1.361305e+01
2.250000e-06	-1.072201e-03	1.379092e+01
2.260000e-06	-1.487846e-02	1.391681e+01
2.270000e-06	-2.723475e-02	1.402663e+01
2.280000e-06	-3.101963e-02	1.422295e+01
2.290000e-06	-1.891760e-02	1.435932e+01
2.300000e-06	-1.083938e-02	1.445508e+01
2.310000e-06	-2.416120e-02	1.453882e+01
2.320000e-06	-2.722177e-02	1.465469e+01
2.330000e-06	-2.462740e-02	1.475237e+01
2.340000e-06	-1.480450e-02	1.484556e+01
2.350000e-06	-2.530999e-02	1.489727e+01
2.360000e-06	-3.128141e-02	1.498298e+01
2.370000e-06	-2.842889e-02	1.510668e+01
2.380000e-06	-2.003456e-02	1.515874e+01
2.390000e-06	-2.088258e-02	1.518503e+01
2.400000e-06	-3.603994e-02	1.532619e+01
2.410000e-06	-3.839544e-02	1.533890e+01
2.420000e-06	-3.300359e-02	1.538995e+01
2.430000e-06	-2.349830e-02	1.546446e+01
2.440000e-06	-3.358982e-02	1.549673e+01
2.450000e-06	-3.854958e-02	1.550721e+01
2.460000e-06	-3.746937e-02	1.553884e+01
2.470000e-06	-3.381250e-02	1.557041e+01
2.480000e-06	-3.893757e-02	1.557083e+01
2.490000e-06	-5.171846e-02	1.559095e+01
2.500000e-06	-5.082445e-02	1.558240e+01
2.510000e-06	-4.830917e-02	1.558140e+01
2.520000e-06	-4.773232e-02	1.557137e+01
2.530000e-06	-6.283255e-02	1.559195e+01
2.540000e-06	-7.345221e-02	1.560042e+01
2.550000e-06	-7.757468e-02	1.553879e+01
2.560000e-06	-8.585104e-02	1.552426e+01
2.570000e-06	-1.073524e-01	1.544471e+01
2.580000e-06	-1.450997e-01	1.548263e+01
2.590000e-06	-1.916010e-01	1.538997e+01
2.600000e-06	-2.396499e-01	1.534777e+01
2.610000e-06	-2.500000e-01	1.529610e+01
2.620000e-06	-2.500000e-01	1.525200e+01
2.630000e-06	-2.500000e-01	1.517887e+01
2.640000e-06	-2.470979e-01	1.511521e+01
2.650000e-06	-2.053405e-01	1.500000e+01
2.660000e-06	-1.400772e-01	1.489574e+01
2.670000e-06	-1.035262e-01	1.481302e+01
2.680000e-06	-7.568627e-02	1.472674e+01
2.690000e-06	-5.513648e-02	1.465010e+01
2.700000e-06	-4.373541e-02	1.455829e+01
2.710000e-06	-4.364454e-02	1.447303e+01
2.720000e-06	-3.858623e-02	1.428481e+01
2.730000e-06	-3.090434e-02	1.418887e+01
2.740000e-06	-2.542536e-02	1.406513e+01
2.750000e-06	-2.968647e-02	1.394366e+01
2.760000e-06	-3.046115e-02	1.376837e+01
2.770000e-06	-2.581213e-02	1.357950e+01
2.780000e-06	-2.075933e-02	1.344366e+01
2.790000e-06	-2.190762e-02	1.330621e+01
2.800000e-06	-2.495889e-02	1.314841e+01
2.810000e-06	-2.365246e-02	1.298000e+01
2.820000e-06	-1.951539e-02	1.286353e+01
2.830000e-06	-1.808372e-02	1.266116e+01
2.840000e-06	-2.089501e-02	1.253631e+01
2.850000e-06	-2.268659e-02	1.234583e+01
2.860000e-06	-1.783884e-02	1.213895e+01
2.870000e-06	-1.580527e-02	1.197839e+01
2.880000e-06	-1.773237e-02	1.176845e+01
2.890000e-06	-2.085241e-02	1.158681e+01
2.900000e-06	-1.828628e-02	1.134647e+01
2.910000e-06	-1.362895e-02	1.112631e+01
2.920000e-06	-1.369318e-02	1.092632e+01
2.930000e-06	-1.668894e-02	1.071584e+01
2.940000e-06	-1.717460e-02	1.051524e+01
2.950000e-06	-1.271605e-02	1.026318e+01
2.960000e-06	-1.228396e-02	1.007416e+01
2.970000e-06	-1.366375e-02	9.830625e+00
2.980000e-06	-1.670233e-02	9.588000e+00
2.990000e-06	-1.355354e-02	9.399419e+00
3.000000e-06	-1.120040e-02	9.135890e+00
3.010000e-06	-1.139349e-02	8.895237e+00
3.020000e-06	-1.414643e-02	8.683580e+00
3.030000e-06	-1.364053e-02	8.440654e+00
3.040000e-06	-1.026892e-02	8.197997e+00
3.050000e-06	-9.659559e-03	7.906337e+00
3.060000e-06	-1.160402e-02	7.671184e+00
3.070000e-06	-1.332316e-02	7.447347e+00
3.080000e-06	-1.051452e-02	7.114337e+00
3.090000e-06	-9.647186e-03	6.882258e+00
3.100000e-06	-9.451521e-03	6.630005e+00
3.110000e-06	-1.160148e-02	6.343866e+00
3.120000e-06	-9.708615e-03	6.092285e+00
3.130000e-06	-7.630155e-03	5.839050e+00
3.140000e-06	-7.926503e-03	5.555413e+00
3.150000e-06	-1.051776e-02	5.271676e+00
3.160000e-06	-1.150794e-02	4.933260e+00
3.170000e-06	-8.528994e-03	4.630576e+00
3.180000e-06	-6.861149e-03	4.407442e+00
3.190000e-06	-8.215032e-03	4.083729e+00
3.200000e-06	-9.796561e-03	3.797972e+00
3.210000e-06	-8.130270e-03	3.544938e+00
3.220000e-06	-6.214663e-03	3.250049e+00
3.230000e-06	-6.764412e-03	2.967390e+00
3.240000e-06	-9.190049e-03	2.712711e+00
3.250000e-06	-8.792199e-03	2.408019e+00
3.260000e-06	-7.089681e-03	2.122759e+00
3.270000e-06	-5.378659e-03	1.850628e+00
3.280000e-06	-6.951736e-03	1.565340e+00
3.290000e-06	-7.154582e-03	1.261048e+00
3.300000e-06	-6.438371e-03	8.901562e-01
3.310000e-06	-4.308687e-03	6.084970e-01
3.320000e-06	-4.962133e-03	3.544417e-01
3.330000e-06	-3.913701e-03	2.807457e-02
3.340000e-06	1.292211e-03	-2.331295e-01
3.350000e-06	8.579631e-03	-4.872199e-01
3.360000e-06	-2.865338e-03	-8.220006e-01
3.370000e-06	3.813817e-03	-1.054612e+00
3.380000e-06	-3.698661e-03	-1.297377e+00
3.390000e-06	2.742730e-03	-1.642608e+00
3.400000e-06	9.056084e-03	-1.874637e+00
3.410000e-06	5.657520e-02	-2.085710e+00
3.420000e-06	1.074997e-01	-2.462059e+00
3.430000e-06	-6.172504e-02	-2.855006e+00
3.440000e-06	-2.139350e-02	-3.212583e+00
3.450000e-06	-3.852117e-02	-3.504635e+00
3.460000e-06	-2.472312e-02	-3.636710e+00
3.470000e-06	-8.330973e-02	-3.918720e+00
3.480000e-06	1.192879e-01	-4.116187e+00
3.490000e-06	1.348268e-02	-4.329247e+00
3.500000e-06	-6.810516e-02	-4.636215e+00
3.510000e-06	1.738257e-01	-4.878213e+00
3.520000e-06	-1.787508e-01	-5.275585e+00
3.530000e-06	1.321296e-01	-5.550902e+00
3.540000e-06	-8.823513e-02	-5.791977e+00
3.550000e-06	-7.619810e-04	-6.108287e+00
3.560000e-06	1.178825e-01	-6.327170e+00
3.570000e-06	-1.174185e-01	-6.645136e+00
3.580000e-06	1.343269e-01	-6.969263e+00
3.590000e-06	-1.106230e-01	-7.210906e+00
3.600000e-06	6.074003e-02	-7.456136e+00
3.610000e-06	-6.492995e-05	-7.711820e+00
3.620000e-06	-2.853849e-02	-8.002612e+00
3.630000e-06	1.149230e-01	-8.214581e+00
3.640000e-06	-1.007165e-01	-8.509740e+00
3.650000e-06	1.156735e-01	-8.739924e+00
3.660000e-06	-8.654018e-02	-8.962000e+00
3.670000e-06	3.604224e-02	-9.224013e+00
3.680000e-06	5.290371e-03	-9.454585e+00
3.690000e-06	9.028677e-03	-9.729718e+00
3.700000e-06	6.838066e-02	-9.897743e+00
3.710000e-06	-5.355588e-02	-1.011085e+01
3.720000e-06	7.260895e-02	-1.034098e+01
3.730000e-06	-6.618136e-02	-1.058350e+01
3.740000e-06	7.097088e-02	-1.078148e+01
3.750000e-06	-3.754335e-02	-1.100448e+01
3.760000e-06	4.896844e-02	-1.121553e+01
3.770000e-06	3.699416e-05	-1.147458e+01
3.780000e-06	1.918623e-02	-1.167616e+01
3.790000e-06	1.224935e-02	-1.184666e+01
3.800000e-06	-9.651110e-03	-1.208469e+01
3.810000e-06	2.913737e-02	-1.220468e+01
3.820000e-06	2.401372e-03	-1.244213e+01
3.830000e-06	4.431234e-02	-1.259248e+01
3.840000e-06	-9.073485e-03	-1.279043e+01
3.850000e-06	2.353828e-02	-1.297085e+01
3.860000e-06	-6.706023e-03	-1.311664e+01
3.870000e-06	2.522839e-02	-1.328716e+01
3.880000e-06	3.422351e-03	-1.344148e+01
3.890000e-06	2.593134e-02	-1.355988e+01
3.900000e-06	1.658417e-02	-1.372634e+01
3.910000e-06	2.522998e-02	-1.388561e+01
3.920000e-06	1.096541e-02	-1.402140e+01
3.930000e-06	8.640083e-03	-1.416935e+01
3.940000e-06	1.036898e-02	-1.427706e+01
3.950000e-06	2.065318e-02	-1.442193e+01
3.960000e-06	2.281973e-02	-1.451879e+01
3.970000e-06	1.853506e-02	-1.463253e+01
3.980000e-06	1.905143e-02	-1.467819e+01
3.990000e-06	1.458720e-02	-1.483448e+01
4.000000e-06	2.392825e-02	-1.490822e+01
4.010000e-06	1.576195e-02	-1.501098e+01
4.020000e-06	2.393698e-02	-1.511353e+01
4.030000e-06	2.003808e-02	-1.515031e+01
4.040000e-06	2.949232e-02	-1.520308e+01
4.050000e-06	1.923772e-02	-1.527669e+01
4.060000e-06	1.980900e-02	-1.530827e+01
4.070000e-06	1.839371e-02	-1.539153e+01
4.080000e-06	2.884716e-02	-1.542418e+01
4.090000e-06	3.151027e-02	-1.549574e+01
4.100000e-06	2.976353e-02	-1.552982e+01
4.110000e-06	3.034805e-02	-1.557985e+01
4.120000e-06	3.157577e-02	-1.560092e+01
4.130000e-06	3.562854e-02	-1.559208e+01
4.140000e-06	3.294747e-02	-1.562300e+01
4.150000e-06	3.500154e-02	-1.564303e+01
4.160000e-06	3.977479e-02	-1.565500e+01
4.170000e-06	4.752583e-02	-1.567311e+01
4.180000e-06	5.164503e-02	-1.561245e+01
4.190000e-06	5.229902e-02	-1.562408e+01
4.200000e-06	5.941982e-02	-1.557092e+01
4.210000e-06	7.291810e-02	-1.556887e+01
4.220000e-06	8.901073e-02	-1.559741e+01
4.230000e-06	1.078358e-01	-1.547666e+01
4.240000e-06	1.385140e-01	-1.547321e+01
4.250000e-06	1.941944e-01	-1.539150e+01
4.260000e-06	2.420042e-01	-1.535684e+01
4.270000e-06	2.500000e-01	-1.526581e+01
4.280000e-06	2.500000e-01	-1.521465e+01
4.290000e-06	2.500000e-01	-1.517799e+01
4.300000e-06	2.444131e-01	-1.510521e+01
4.310000e-06	1.936456e-01	-1.498960e+01
4.320000e-06	1.230399e-01	-1.492629e+01
4.330000e-06	8.364587e-02	-1.483410e+01
4.340000e-06	6.245996e-02	-1.471942e+01
4.350000e-06	4.863095e-02	-1.464266e+01
4.360000e-06	3.710774e-02	-1.453686e+01
4.370000e-06	2.829131e-02	-1.439257e+01
4.380000e-06	2.585787e-02	-1.431464e+01
4.390000e-06	2.374706e-02	-1.415890e+01
4.400000e-06	2.037550e-02	-1.406308e+01
4.410000e-06	1.507393e-02	-1.384576e+01
4.420000e-06	1.586309e-02	-1.374690e+01
4.430000e-06	1.714916e-02	-1.360157e+01
4.440000e-06	1.638553e-02	-1.345308e+01
4.450000e-06	1.253072e-02	-1.332482e+01
4.460000e-06	1.073017e-02	-1.319894e+01
4.470000e-06	1.045168e-02	-1.301045e+01
4.480000e-06	1.212885e-02	-1.286373e+01
4.490000e-06	1.067222e-02	-1.269321e+01
4.500000e-06	7.985491e-03	-1.250629e+01
4.510000e-06	7.835973e-03	-1.231544e+01
4.520000e-06	9.241275e-03	-1.215644e+01
4.530000e-06	7.543425e-03	-1.196994e+01
4.540000e-06	5.221493e-03	-1.176834e+01
4.550000e-06	3.984130e-03	-1.150679e+01
4.560000e-06	5.773068e-03	-1.129431e+01
4.570000e-06	5.785659e-03	-1.105471e+01
4.580000e-06	4.053238e-03	-1.085418e+01
4.590000e-06	2.152702e-03	-1.067221e+01
4.600000e-06	3.151822e-03	-1.045424e+01
4.610000e-06	4.658921e-03	-1.024255e+01
4.620000e-06	3.616940e-03	-9.990103e+00
4.630000e-06	9.631279e-04	-9.819021e+00
4.640000e-06	5.967136e-04	-9.578496e+00
4.650000e-06	9.983162e-04	-9.356342e+00
4.660000e-06	8.530420e-04	-9.135787e+00
4.670000e-06	-1.351364e-03	-8.872686e+00
4.680000e-06	-2.114297e-03	-8.661679e+00
4.690000e-06	-7.298573e-04	-8.399526e+00
4.700000e-06	1.513581e-03	-8.126945e+00
4.710000e-06	-1.014228e-03	-7.916359e+00
4.720000e-06	-2.249610e-03	-7.660622e+00
4.730000e-06	-3.349908e-03	-7.367468e+00
4.740000e-06	-1.700866e-03	-7.122783e+00
4.750000e-06	-3.181813e-03	-6.778995e+00
4.760000e-06	-2.960231e-03	-6.566467e+00
4.770000e-06	-4.120051e-03	-6.313860e+00
4.780000e-06	-2.430399e-03	-6.030080e+00
4.790000e-06	-5.123194e-03	-5.748847e+00
4.800000e-06	-4.874223e-03	-5.533737e+00
4.810000e-06	-6.445086e-03	-5.176973e+00
4.820000e-06	-4.030810e-03	-4.882303e+00
4.830000e-06	-3.740772e-03	-4.575918e+00
4.840000e-06	-3.346282e-03	-4.334913e+00
4.850000e-06	-5.274723e-03	-4.072132e+00
4.860000e-06	-7.408510e-03	-3.797468e+00
4.870000e-06	-7.018687e-03	-3.474338e+00
4.880000e-06	-7.207722e-03	-3.229152e+00
4.890000e-06	-8.541554e-03	-2.925241e+00
4.900000e-06	-7.973430e-03	-2.641150e+00
4.910000e-06	-5.027835e-03	-2.365496e+00
4.920000e-06	-4.800951e-03	-2.063129e+00
4.930000e-06	-6.450954e-03	-1.798049e+00
4.940000e-06	-8.870687e-03	-1.493889e+00
4.950000e-06	-8.135011e-03	-1.155917e+00
4.960000e-06	-8.667105e-03	-8.522290e-01
4.970000e-06	-7.485991e-03	-5.975456e-01
4.980000e-06	-9.400236e-03	-2.833627e-01
4.990000e-06	-6.085238e-03	-9.053701e-03
5.000000e-06	5.095733e-03	2.841135e-01
5.010000e-06	-3.039685e-04	5.388449e-01
5.020000e-06	-4.301946e-04	7.694276e-01
5.030000e-06	-2.799415e-03	1.037240e+00
5.040000e-06	-1.332630e-03	1.381900e+00
5.050000e-06	-2.221101e-03	1.685166e+00
5.060000e-06	4.339163e-03	1.916767e+00
5.070000e-06	2.947834e-02	2.149345e+00
5.080000e-06	8.707085e-02	2.466186e+00
5.090000e-06	-1.247527e-02	2.841557e+00
5.100000e-06	-6.624330e-02	3.106717e+00
5.110000e-06	-3.426512e-02	3.361449e+00
5.120000e-06	-2.957440e-02	3.696186e+00
5.130000e-06	-4.583927e-02	3.938214e+00
5.140000e-06	-4.796314e-02	4.118315e+00
5.150000e-06	9.380243e-02	4.371503e+00
5.160000e-06	-1.628316e-02	4.717687e+00
5.170000e-06	-2.563473e-02	4.967748e+00
5.180000e-06	1.177841e-01	5.276667e+00
5.190000e-06	-1.496598e-01	5.580374e+00
5.200000e-06	6.615343e-02	5.826034e+00
5.210000e-06	-4.554354e-02	6.138765e+00
5.220000e-06	2.837594e-02	6.329322e+00
5.230000e-06	1.645513e-02	6.675588e+00
5.240000e-06	-6.400563e-02	6.937845e+00
5.250000e-06	4.268058e-02	7.190876e+00
5.260000e-06	-6.105177e-02	7.506690e+00
5.270000e-06	3.728870e-02	7.741371e+00
5.280000e-06	-5.837165e-02	8.035132e+00
5.290000e-06	2.521542e-02	8.326689e+00
5.300000e-06	1.751633e-02	8.540216e+00
5.310000e-06	-3.184656e-02	8.718795e+00
5.320000e-06	1.082601e-02	8.962497e+00
5.330000e-06	-5.990045e-02	9.213552e+00
5.340000e-06	1.632327e-02	9.444164e+00
5.350000e-06	-6.887316e-03	9.718740e+00
5.360000e-06	1.275876e-02	9.938817e+00
5.370000e-06	-3.074874e-02	1.018282e+01
5.380000e-06	-1.169642e-02	1.038935e+01
5.390000e-06	-5.726732e-05	1.059205e+01
5.400000e-06	-2.429672e-02	1.080243e+01
5.410000e-06	-1.254355e-02	1.099348e+01
5.420000e-06	-2.398101e-02	1.121448e+01
5.430000e-06	1.195386e-02	1.143416e+01
5.440000e-06	-1.034018e-02	1.166212e+01
5.450000e-06	-1.433111e-02	1.182413e+01
5.460000e-06	-3.648625e-02	1.204504e+01
5.470000e-06	-8.145358e-03	1.226253e+01
5.480000e-06	-5.298297e-03	1.244301e+01
5.490000e-06	-5.943204e-03	1.256252e+01
5.500000e-06	-2.380295e-02	1.279040e+01
5.510000e-06	-2.090625e-02	1.289877e+01
5.520000e-06	-8.995703e-03	1.312616e+01
5.530000e-06	-1.771203e-02	1.321518e+01
5.540000e-06	-2.297672e-02	1.340290e+01
5.550000e-06	-2.766945e-02	1.354084e+01
5.560000e-06	-1.917007e-03	1.368724e+01
5.570000e-06	-9.275421e-03	1.388358e+01
5.580000e-06	-1.773071e-02	1.398287e+01
5.590000e-06	-3.684229e-02	1.414884e+01
5.600000e-06	-2.233351e-02	1.428568e+01
5.610000e-06	-1.630525e-02	1.438088e+01
5.620000e-06	-1.788846e-02	1.453779e+01
5.630000e-06	-2.748914e-02	1.460155e+01
5.640000e-06	-2.544324e-02	1.471884e+01
5.650000e-06	-1.331396e-02	1.481242e+01
5.660000e-06	-2.096449e-02	1.485671e+01
5.670000e-06	-2.681732e-02	1.497142e+01
5.680000e-06	-3.625053e-02	1.509363e+01
5.690000e-06	-2.080158e-02	1.513774e+01
5.700000e-06	-2.184894e-02	1.523250e+01
5.710000e-06	-2.680004e-02	1.524616e+01
5.720000e-06	-4.068296e-02	1.531874e+01
5.730000e-06	-3.510477e-02	1.536795e+01
5.740000e-06	-2.449226e-02	1.543190e+01
5.750000e-06	-2.892327e-02	1.547318e+01
5.760000e-06	-3.587129e-02	1.550673e+01
5.770000e-06	-4.074297e-02	1.554836e+01
5.780000e-06	-3.199310e-02	1.556792e+01
5.790000e-06	-3.756280e-02	1.560839e+01
5.800000e-06	-4.766981e-02	1.559095e+01
5.810000e-06	-5.565618e-02	1.559997e+01
5.820000e-06	-4.910967e-02	1.561055e+01
5.830000e-06	-4.387278e-02	1.562104e+01
5.840000e-06	-5.492190e-02	1.560089e+01
5.850000e-06	-6.867797e-02	1.556990e+01
5.860000e-06	-7.642115e-02	1.556832e+01
5.870000e-06	-7.864367e-02	1.555821e+01
5.880000e-06	-9.666878e-02	1.549566e+01
5.890000e-06	-1.274431e-01	1.545366e+01
5.900000e-06	-1.696668e-01	1.539903e+01
5.910000e-06	-2.208801e-01	1.538887e+01
5.920000e-06	-2.499880e-01	1.530721e+01
5.930000e-06	-2.500000e-01	1.524206e+01
5.940000e-06	-2.500000e-01	1.520037e+01
5.950000e-06	-2.499400e-01	1.513834e+01
5.960000e-06	-2.298309e-01	1.506166e+01
5.970000e-06	-1.687329e-01	1.495785e+01
5.980000e-06	-1.189244e-01	1.487513e+01
5.990000e-06	-8.939342e-02	1.474947e+01
6.000000e-06	-6.213253e-02	1.467421e+01
6.010000e-06	-4.823019e-02	1.456850e+01
6.020000e-06	-4.510619e-02	1.452314e+01
6.030000e-06	-4.211369e-02	1.435935e+01
6.040000e-06	-3.398980e-02	1.422163e+01
6.050000e-06	-2.586385e-02	1.414479e+01
6.060000e-06	-2.789724e-02	1.395742e+01
6.070000e-06	-3.050915e-02	1.382105e+01
6.080000e-06	-2.894549e-02	1.369373e+01
6.090000e-06	-2.249850e-02	1.352381e+01
6.100000e-06	-2.118885e-02	1.336997e+01
6.110000e-06	-2.507525e-02	1.323260e+01
6.120000e-06	-2.573735e-02	1.308218e+01
6.130000e-06	-2.109756e-02	1.291676e+01
6.140000e-06	-1.604624e-02	1.272689e+01
6.150000e-06	-2.056375e-02	1.260955e+01
6.160000e-06	-2.315066e-02	1.247058e+01
6.170000e-06	-2.006143e-02	1.229111e+01
6.180000e-06	-1.523454e-02	1.205364e+01
6.190000e-06	-1.592760e-02	1.184316e+01
6.200000e-06	-2.163558e-02	1.163218e+01
6.210000e-06	-2.015638e-02	1.146163e+01
6.220000e-06	-1.549027e-02	1.125055e+01
6.230000e-06	-1.220018e-02	1.099953e+01
6.240000e-06	-1.544332e-02	1.081013e+01
6.250000e-06	-1.802418e-02	1.061998e+01
6.260000e-06	-1.450284e-02	1.039797e+01
6.270000e-06	-1.166910e-02	1.018792e+01
6.280000e-06	-1.335006e-02	9.967387e+00
6.290000e-06	-1.720780e-02	9.743837e+00
6.300000e-06	-1.577023e-02	9.492282e+00
6.310000e-06	-1.111306e-02	9.261134e+00
6.320000e-06	-9.863687e-03	9.021002e+00
6.330000e-06	-1.365481e-02	8.767995e+00
6.340000e-06	-1.436798e-02	8.565919e+00
6.350000e-06	-1.083288e-02	8.283786e+00
6.360000e-06	-7.809736e-03	8.072157e+00
6.370000e-06	-1.113597e-02	7.799520e+00
6.380000e-06	-1.374963e-02	7.567313e+00
6.390000e-06	-1.256169e-02	7.201128e+00
6.400000e-06	-9.591179e-03	7.019501e+00
6.410000e-06	-9.735966e-03	6.764916e+00
6.420000e-06	-1.249550e-02	6.473676e+00
6.430000e-06	-1.124181e-02	6.240471e+00
6.440000e-06	-7.941291e-03	5.955971e+00
6.450000e-06	-6.186462e-03	5.662204e+00
6.460000e-06	-9.643121e-03	5.409126e+00
6.470000e-06	-1.164173e-02	5.101730e+00
6.480000e-06	-9.032190e-03	4.756492e+00
6.490000e-06	-7.262992e-03	4.472684e+00
6.500000e-06	-8.714583e-03	4.280580e+00
6.510000e-06	-1.151091e-02	3.946793e+00
6.520000e-06	-1.006340e-02	3.641258e+00
6.530000e-06	-5.985007e-03	3.408620e+00
6.540000e-06	-5.012857e-03	3.132256e+00
6.550000e-06	-7.697834e-03	2.839628e+00
6.560000e-06	-9.349516e-03	2.515888e+00
6.570000e-06	-6.349403e-03	2.250102e+00
6.580000e-06	-6.001488e-03	1.967445e+00
6.590000e-06	-7.445202e-03	1.631735e+00
6.600000e-06	-9.596953e-03	1.374867e+00
6.610000e-06	-7.454383e-03	1.080625e+00
6.620000e-06	-4.238970e-03	7.453905e-01
6.630000e-06	-4.702990e-03	4.711537e-01
6.640000e-06	-4.968927e-03	1.565442e-01
6.650000e-06	-2.377756e-03	-1.272160e-01
6.660000e-06	1.013353e-02	-4.014014e-01
6.670000e-06	1.335977e-04	-6.035871e-01
6.680000e-06	3.180475e-03	-9.193177e-01
6.690000e-06	-3.747077e-03	-1.182553e+00
6.700000e-06	1.738198e-03	-1.497675e+00
6.710000e-06	1.622563e-03	-1.729846e+00
6.720000e-06	2.934915e-02	-1.961375e+00
6.730000e-06	9.368368e-02	-2.256060e+00
6.740000e-06	3.249276e-02	-2.604480e+00
6.750000e-06	-6.923973e-02	-3.024011e+00
6.760000e-06	-6.470167e-03	-3.318325e+00
6.770000e-06	-4.407815e-02	-3.559424e+00
6.780000e-06	-4.660463e-02	-3.768979e+00
6.790000e-06	-2.489996e-02	-4.023054e+00
6.800000e-06	1.661662e-01	-4.202902e+00
6.810000e-06	-1.598176e-01	-4.510267e+00
6.820000e-06	1.593313e-01	-4.841581e+00
6.830000e-06	-2.849320e-02	-5.046085e+00
6.840000e-06	-5.956153e-02	-5.425141e+00
6.850000e-06	1.078868e-01	-5.688711e+00
6.860000e-06	-1.648618e-01	-5.950001e+00
6.870000e-06	1.755120e-01	-6.224109e+00
6.880000e-06	-7.325929e-02	-6.487715e+00
6.890000e-06	3.658998e-02	-6.782581e+00
6.900000e-06	3.490295e-02	-7.074084e+00
6.910000e-06	-8.830461e-02	-7.329924e+00
6.920000e-06	1.138679e-01	-7.621003e+00
6.930000e-06	-1.079024e-01	-7.886669e+00
6.940000e-06	1.228153e-01	-8.179370e+00
6.950000e-06	-3.704272e-02	-8.361373e+00
6.960000e-06	1.675765e-02	-8.645216e+00
6.970000e-06	4.776328e-02	-8.887666e+00
6.980000e-06	-8.667687e-02	-9.118249e+00
6.990000e-06	9.126443e-02	-9.359768e+00
7.000000e-06	-6.602109e-02	-9.581398e+00
7.010000e-06	1.101136e-01	-9.803007e+00
7.020000e-06	-4.897690e-02	-1.005701e+01
7.030000e-06	4.669287e-02	-1.027524e+01
7.040000e-06	-1.764752e-02	-1.049819e+01
7.050000e-06	2.807707e-03	-1.070824e+01
7.060000e-06	3.223962e-02	-1.090819e+01
7.070000e-06	-2.070566e-02	-1.108881e+01
7.080000e-06	6.047764e-02	-1.128737e+01
7.090000e-06	-2.603929e-02	-1.155040e+01
7.100000e-06	5.156500e-02	-1.176135e+01
7.110000e-06	-3.414420e-02	-1.197992e+01
7.120000e-06	3.573551e-02	-1.215995e+01
7.130000e-06	-6.580227e-03	-1.232735e+01
7.140000e-06	4.177171e-02	-1.252874e+01
7.150000e-06	8.408934e-03	-1.272717e+01
7.160000e-06	1.109315e-02	-1.285569e+01
7.170000e-06	6.604803e-03	-1.305305e+01
7.180000e-06	7.090982e-03	-1.319352e+01
7.190000e-06	1.955742e-02	-1.337030e+01
7.200000e-06	7.647124e-03	-1.350519e+01
7.210000e-06	2.872883e-02	-1.364611e+01
7.220000e-06	1.374521e-02	-1.377243e+01
7.230000e-06	2.493984e-02	-1.391127e+01
7.240000e-06	1.328647e-03	-1.407611e+01
7.250000e-06	1.437286e-02	-1.427250e+01
7.260000e-06	1.016138e-02	-1.432975e+01
7.270000e-06	2.907033e-02	-1.446511e+01
7.280000e-06	1.890575e-02	-1.454992e+01
7.290000e-06	2.325507e-02	-1.463664e+01
7.300000e-06	1.203458e-02	-1.479187e+01
7.310000e-06	2.107474e-02	-1.485616e+01
7.320000e-06	1.755570e-02	-1.492032e+01
7.330000e-06	1.929886e-02	-1.506313e+01
7.340000e-06	2.152331e-02	-1.511666e+01
7.350000e-06	2.457756e-02	-1.519147e+01
7.360000e-06	2.723117e-02	-1.523366e+01
7.370000e-06	1.924843e-02	-1.531674e+01
7.380000e-06	2.118031e-02	-1.536942e+01
7.390000e-06	2.170995e-02	-1.546250e+01
7.400000e-06	3.207684e-02	-1.545509e+01
7.410000e-06	3.011637e-02	-1.551831e+01
7.420000e-06	2.987357e-02	-1.552929e+01
7.430000e-06	2.778260e-02	-1.557334e+01
7.440000e-06	3.267648e-02	-1.559238e+01
7.450000e-06	3.477461e-02	-1.561495e+01
7.460000e-06	3.496405e-02	-1.561261e+01
7.470000e-06	3.915157e-02	-1.562405e+01
7.480000e-06	4.569883e-02	-1.566450e+01
7.490000e-06	5.073182e-02	-1.561203e+01
7.500000e-06	5.271619e-02	-1.561203e+01
7.510000e-06	5.458088e-02	-1.559197e+01
7.520000e-06	6.449414e-02	-1.556135e+01
7.530000e-06	7.986979e-02	-1.556835e+01
7.540000e-06	9.809694e-02	-1.551779e+01
7.550000e-06	1.225035e-01	-1.541468e+01
7.560000e-06	1.658253e-01	-1.539250e+01
7.570000e-06	2.253824e-01	-1.539897e+01
7.580000e-06	2.499975e-01	-1.530674e+01
7.590000e-06	2.500000e-01	-1.526466e+01
7.600000e-06	2.500000e-01	-1.518150e+01
7.610000e-06	2.498744e-01	-1.511719e+01
7.620000e-06	2.209853e-01	-1.506366e+01
7.630000e-06	1.527004e-01	-1.493897e+01
7.640000e-06	9.883369e-02	-1.487558e+01
7.650000e-06	7.204390e-02	-1.476050e+01
7.660000e-06	5.618677e-02	-1.467522e+01
7.670000e-06	4.384722e-02	-1.459095e+01
7.680000e-06	3.303113e-02	-1.445523e+01
7.690000e-06	2.656991e-02	-1.431779e+01
7.700000e-06	2.478070e-02	-1.422103e+01
7.710000e-06	2.208140e-02	-1.411734e+01
7.720000e-06	1.778836e-02	-1.397995e+01
7.730000e-06	1.503531e-02	-1.382258e+01
7.740000e-06	1.647468e-02	-1.370379e+01
7.750000e-06	1.769310e-02	-1.352629e+01
7.760000e-06	1.608158e-02	-1.341947e+01
7.770000e-06	1.064631e-02	-1.327046e+01
7.780000e-06	1.033961e-02	-1.306363e+01
7.790000e-06	1.123702e-02	-1.293529e+01
7.800000e-06	1.144586e-02	-1.274637e+01
7.810000e-06	8.958258e-03	-1.260943e+01
7.820000e-06	7.296119e-03	-1.244155e+01
7.830000e-06	8.333986e-03	-1.222010e+01
7.840000e-06	9.319611e-03	-1.203223e+01
7.850000e-06	6.010416e-03	-1.187308e+01
7.860000e-06	3.500419e-03	-1.162160e+01
7.870000e-06	4.025186e-03	-1.137063e+01
7.880000e-06	6.261076e-03	-1.118882e+01
7.890000e-06	5.247803e-03	-1.098799e+01
7.900000e-06	3.263853e-03	-1.077642e+01
7.910000e-06	2.735627e-03	-1.056992e+01
7.920000e-06	3.079634e-03	-1.031692e+01
7.930000e-06	3.279098e-03	-1.016626e+01
7.940000e-06	1.741009e-03	-9.905762e+00
7.950000e-06	4.225549e-04	-9.705262e+00
7.960000e-06	1.058966e-03	-9.433202e+00
7.970000e-06	2.650549e-03	-9.209575e+00
7.980000e-06	7.979202e-04	-9.020527e+00
7.990000e-06	-1.571598e-03	-8.746971e+00
8.000000e-06	-2.168519e-03	-8.524840e+00
8.010000e-06	3.902838e-04	-8.252684e+00
8.020000e-06	-1.439345e-05	-8.042627e+00
8.030000e-06	-2.183338e-03	-7.766866e+00
8.040000e-06	-3.720676e-03	-7.442606e+00
8.050000e-06	-2.704226e-03	-7.239523e+00
8.060000e-06	-2.152126e-03	-6.965893e+00
8.070000e-06	-2.871619e-03	-6.712163e+00
8.080000e-06	-4.967430e-03	-6.429104e+00
8.090000e-06	-3.148853e-03	-6.136441e+00
8.100000e-06	-3.445010e-03	-5.885206e+00
8.110000e-06	-3.973900e-03	-5.608099e+00
8.120000e-06	-4.837257e-03	-5.304189e+00
8.130000e-06	-6.673629e-03	-5.040574e+00
8.140000e-06	-3.932289e-03	-4.703610e+00
8.150000e-06	-3.743371e-03	-4.450129e+00
8.160000e-06	-5.712174e-03	-4.178496e+00
8.170000e-06	-5.819034e-03	-3.952917e+00
8.180000e-06	-6.818578e-03	-3.599600e+00
8.190000e-06	-5.939547e-03	-3.366417e+00
8.200000e-06	-7.904829e-03	-3.103160e+00
8.210000e-06	-7.371932e-03	-2.777921e+00
8.220000e-06	-8.670419e-03	-2.493263e+00
8.230000e-06	-4.985854e-03	-2.230024e+00
8.240000e-06	-6.535034e-03	-1.923862e+00
8.250000e-06	-7.203206e-03	-1.638678e+00
8.260000e-06	-9.350607e-03	-1.333235e+00
8.270000e-06	-8.649889e-03	-1.029070e+00
8.280000e-06	-7.916954e-03	-6.938893e-01
8.290000e-06	-8.716599e-03	-4.090510e-01
8.300000e-06	-6.815865e-03	-1.463930e-01
8.310000e-06	-1.273502e-03	1.277952e-01
8.320000e-06	6.523256e-03	4.215543e-01
8.330000e-06	-5.679041e-03	6.537095e-01
8.340000e-06	2.011978e-03	9.083152e-01
8.350000e-06	-7.180318e-03	1.235082e+00
8.360000e-06	1.428204e-04	1.559295e+00
8.370000e-06	-3.164008e-03	1.831554e+00
8.380000e-06	1.826809e-02	2.024582e+00
8.390000e-06	5.876196e-02	2.285665e+00
8.400000e-06	6.651657e-02	2.623163e+00
8.410000e-06	-7.904198e-02	2.950892e+00
8.420000e-06	-3.285151e-02	3.264056e+00
8.430000e-06	-4.362060e-02	3.598947e+00
8.440000e-06	-2.246474e-02	3.810979e+00
8.450000e-06	-7.471833e-02	4.013104e+00
8.460000e-06	2.528253e-02	4.244709e+00
8.470000e-06	9.362668e-02	4.550321e+00
8.480000e-06	-1.133927e-01	4.823632e+00
8.490000e-06	1.399997e-01	5.068295e+00
8.500000e-06	-7.229547e-02	5.466633e+00
8.510000e-06	-3.721183e-02	5.717270e+00
8.520000e-06	3.581613e-02	6.003527e+00
8.530000e-06	-5.107112e-02	6.273606e+00
8.540000e-06	7.233470e-02	6.537744e+00
8.550000e-06	-6.962231e-02	6.801032e+00
8.560000e-06	1.490571e-02	7.055708e+00
8.570000e-06	-1.779551e-02	7.399344e+00
8.580000e-06	-1.205408e-02	7.603557e+00
8.590000e-06	3.763654e-03	7.916264e+00
8.600000e-06	-4.352940e-02	8.170474e+00
8.610000e-06	5.237210e-02	8.402029e+00
8.620000e-06	-2.805391e-02	8.622608e+00
8.630000e-06	-3.506047e-03	8.854158e+00
8.640000e-06	-2.221781e-02	9.157170e+00
8.650000e-06	-4.031136e-02	9.370793e+00
8.660000e-06	2.907204e-02	9.549827e+00
8.670000e-06	-1.573858e-02	9.844479e+00
8.680000e-06	9.407346e-03	1.002406e+01
8.690000e-06	-4.188168e-02	1.024658e+01
8.700000e-06	1.069667e-02	1.047713e+01
8.710000e-06	-1.910015e-02	1.069666e+01
8.720000e-06	-1.842425e-02	1.089429e+01
8.730000e-06	-1.646458e-02	1.112832e+01
8.740000e-06	-1.566055e-02	1.134975e+01
8.750000e-06	1.382686e-02	1.156040e+01
8.760000e-06	-2.355264e-02	1.175890e+01
8.770000e-06	-1.682103e-02	1.193932e+01
8.780000e-06	-3.215915e-02	1.213037e+01
8.790000e-06	2.975419e-03	1.234779e+01
8.800000e-06	-7.809077e-03	1.251817e+01
8.810000e-06	-1.310090e-02	1.266463e+01
8.820000e-06	-2.466904e-02	1.287453e+01
8.830000e-06	-1.861836e-02	1.299300e+01
8.840000e-06	-8.146700e-03	1.319882e+01
8.850000e-06	-2.380239e-02	1.332872e+01
8.860000e-06	-2.169179e-02	1.347566e+01
8.870000e-06	-1.938570e-02	1.362463e+01
8.880000e-06	-1.430334e-03	1.375897e+01
8.890000e-06	-1.493017e-02	1.392681e+01
8.900000e-06	-2.846768e-02	1.407316e+01
8.910000e-06	-3.033095e-02	1.425253e+01
8.920000e-06	-1.826833e-02	1.435882e+01
8.930000e-06	-1.030510e-02	1.446466e+01
8.940000e-06	-2.402470e-02	1.456087e+01
8.950000e-06	-2.661685e-02	1.469364e+01
8.960000e-06	-2.315944e-02	1.477943e+01
8.970000e-06	-1.564150e-02	1.486463e+01
8.980000e-06	-2.503942e-02	1.493824e+01
8.990000e-06	-3.234592e-02	1.500295e+01
9.000000e-06	-2.797282e-02	1.510669e+01
9.010000e-06	-2.073365e-02	1.514889e+01
9.020000e-06	-2.083029e-02	1.519203e+01
9.030000e-06	-3.634966e-02	1.529761e+01
9.040000e-06	-3.851015e-02	1.535934e+01
9.050000e-06	-3.202636e-02	1.541145e+01
9.060000e-06	-2.372213e-02	1.543208e+01
9.070000e-06	-3.293077e-02	1.551576e+01
9.080000e-06	-3.875844e-02	1.550731e+01
9.090000e-06	-3.711553e-02	1.554732e+01
9.100000e-06	-3.399578e-02	1.556989e+01
9.110000e-06	-3.989414e-02	1.559884e+01
9.120000e-06	-5.291003e-02	1.557895e+01
9.130000e-06	-5.156806e-02	1.557045e+01
9.140000e-06	-4.694044e-02	1.562045e+01
9.150000e-06	-4.744160e-02	1.558045e+01
9.160000e-06	-6.357666e-02	1.559037e+01
9.170000e-06	-7.337541e-02	1.557842e+01
9.180000e-06	-7.812056e-02	1.552782e+01
9.190000e-06	-8.632441e-02	1.550629e+01
9.200000e-06	-1.092787e-01	1.547321e+01
9.210000e-06	-1.480713e-01	1.546363e+01
9.220000e-06	-1.954061e-01	1.537890e+01
9.230000e-06	-2.403899e-01	1.533731e+01
9.240000e-06	-2.500000e-01	1.527516e+01
9.250000e-06	-2.500000e-01	1.522145e+01
9.260000e-06	-2.500000e-01	1.516034e+01
9.270000e-06	-2.460655e-01	1.507676e+01
9.280000e-06	-2.011623e-01	1.500000e+01
9.290000e-06	-1.370025e-01	1.492476e+01
9.300000e-06	-1.027738e-01	1.479248e+01
9.310000e-06	-7.433123e-02	1.470532e+01
9.320000e-06	-5.463987e-02	1.463150e+01
9.330000e-06	-4.382287e-02	1.453777e+01
9.340000e-06	-4.343166e-02	1.441005e+01
9.350000e-06	-3.808228e-02	1.432566e+01
9.360000e-06	-2.983382e-02	1.421797e+01
9.370000e-06	-2.561798e-02	1.403063e+01
9.380000e-06	-2.975612e-02	1.390416e+01
9.390000e-06	-3.094246e-02	1.374684e+01
9.400000e-06	-2.520082e-02	1.356957e+01
9.410000e-06	-1.953680e-02	1.346261e+01
9.420000e-06	-2.111157e-02	1.330586e+01
9.430000e-06	-2.611068e-02	1.314682e+01
9.440000e-06	-2.484475e-02	1.301897e+01
9.450000e-06	-1.855377e-02	1.284156e+01
9.460000e-06	-1.725792e-02	1.266366e+01
9.470000e-06	-2.142395e-02	1.253529e+01
9.480000e-06	-2.176672e-02	1.233689e+01
9.490000e-06	-1.620801e-02	1.213784e+01
9.500000e-06	-1.410928e-02	1.198695e+01
9.510000e-06	-1.800575e-02	1.176744e+01
9.520000e-06	-2.187305e-02	1.151686e+01
9.530000e-06	-1.848124e-02	1.131684e+01
9.540000e-06	-1.277579e-02	1.111421e+01
9.550000e-06	-1.331899e-02	1.093481e+01
9.560000e-06	-1.675811e-02	1.071472e+01
9.570000e-06	-1.651033e-02	1.053271e+01
9.580000e-06	-1.165717e-02	1.028268e+01
9.590000e-06	-1.166559e-02	1.005071e+01
9.600000e-06	-1.435008e-02	9.830425e+00
9.610000e-06	-1.686383e-02	9.548494e+00
9.620000e-06	-1.265373e-02	9.367366e+00
9.630000e-06	-9.910772e-03	9.135417e+00
9.640000e-06	-1.245358e-02	8.963756e+00
9.650000e-06	-1.500659e-02	8.642679e+00
9.660000e-06	-1.350060e-02	8.440101e+00
9.670000e-06	-9.297793e-03	8.206944e+00
9.680000e-06	-8.659912e-03	7.914339e+00
9.690000e-06	-1.194456e-02	7.671160e+00
9.700000e-06	-1.367516e-02	7.405968e+00
9.710000e-06	-1.063486e-02	7.104834e+00
9.720000e-06	-8.431338e-03	6.852684e+00
9.730000e-06	-1.064597e-02	6.599021e+00
9.740000e-06	-1.256810e-02	6.335316e+00
9.750000e-06	-1.096653e-02	6.071760e+00
9.760000e-06	-7.139620e-03	5.850172e+00
9.770000e-06	-7.853545e-03	5.535393e+00
9.780000e-06	-1.105346e-02	5.279603e+00
9.790000e-06	-1.102383e-02	4.913707e+00
9.800000e-06	-8.050969e-03	4.620051e+00
9.810000e-06	-6.507406e-03	4.385940e+00
9.820000e-06	-8.247010e-03	4.051233e+00
9.830000e-06	-1.082909e-02	3.777044e+00
9.840000e-06	-8.184619e-03	3.534863e+00
9.850000e-06	-6.294472e-03	3.229551e+00
9.860000e-06	-7.352980e-03	2.936344e+00
9.870000e-06	-9.913712e-03	2.682682e+00
9.880000e-06	-8.643781e-03	2.366913e+00
9.890000e-06	-5.910445e-03	2.082206e+00
9.900000e-06	-4.932712e-03	1.798500e+00
9.910000e-06	-7.216040e-03	1.543313e+00
9.920000e-06	-8.479857e-03	1.239047e+00
9.930000e-06	-6.075479e-03	8.506537e-01
9.940000e-06	-4.955599e-03	5.970193e-01
9.950000e-06	-5.404922e-03	3.248377e-01
9.960000e-06	-4.867525e-03	-1.526872e-03
9.970000e-06	1.825933e-03	-2.450870e-01
9.980000e-06	9.425978e-03	-5.582876e-01
9.990000e-06	-1.794509e-03	-8.015043e-01
1.000000e-05	3.580078e-03	-1.066160e+00
1.001000e-05	-3.913649e-03	-1.389967e+00
1.002000e-05	2.236762e-03	-1.624057e+00
1.003000e-05	1.064528e-02	-1.906213e+00
1.004000e-05	5.854815e-02	-2.118789e+00
1.005000e-05	1.026475e-01	-2.425060e+00
1.006000e-05	-6.478620e-02	-2.805558e+00
1.007000e-05	-1.649638e-02	-3.241933e+00
1.008000e-05	-4.050274e-02	-3.435611e+00
1.009000e-05	-2.542316e-02	-3.656214e+00
1.010000e-05	-8.311974e-02	-3.907846e+00
1.011000e-05	1.316483e-01	-4.107741e+00
1.012000e-05	-7.217994e-03	-4.299848e+00
1.013000e-05	-4.519015e-02	-4.686212e+00
1.014000e-05	1.587378e-01	-4.919816e+00
1.015000e-05	-1.790012e-01	-5.296118e+00
1.016000e-05	1.401818e-01	-5.570903e+00
1.017000e-05	-1.029028e-01	-5.822482e+00
1.018000e-05	2.090613e-02	-6.108393e+00
1.019000e-05	1.011571e-01	-6.289294e+00
1.020000e-05	-1.064069e-01	-6.687114e+00
1.021000e-05	1.308648e-01	-6.939794e+00
1.022000e-05	-1.172166e-01	-7.213431e+00
1.023000e-05	7.172483e-02	-7.496691e+00
1.024000e-05	-1.460149e-02	-7.709419e+00
1.025000e-05	-1.270427e-02	-8.005037e+00
1.026000e-05	1.020856e-01	-8.256088e+00
1.027000e-05	-9.525346e-02	-8.530818e+00
1.028000e-05	1.164494e-01	-8.761528e+00
1.029000e-05	-9.226726e-02	-9.014031e+00
1.030000e-05	4.586448e-02	-9.275062e+00
1.031000e-05	-5.454470e-03	-9.475182e+00
1.032000e-05	2.151554e-02	-9.727793e+00
1.033000e-05	5.783804e-02	-9.908272e+00
1.034000e-05	-4.629287e-02	-1.014042e+01
1.035000e-05	6.475147e-02	-1.041245e+01
1.036000e-05	-6.404248e-02	-1.061406e+01
1.037000e-05	7.069807e-02	-1.080145e+01
1.038000e-05	-3.852584e-02	-1.104403e+01
1.039000e-05	5.377849e-02	-1.124356e+01
1.040000e-05	-5.071347e-03	-1.144553e+01
1.041000e-05	2.373010e-02	-1.166664e+01
1.042000e-05	6.500615e-03	-1.183724e+01
1.043000e-05	-5.415163e-03	-1.210514e+01
1.044000e-05	2.504723e-02	-1.223510e+01
1.045000e-05	4.985100e-03	-1.241558e+01
1.046000e-05	4.184632e-02	-1.260248e+01
1.047000e-05	-7.812681e-03	-1.277296e+01
1.048000e-05	2.125242e-02	-1.293945e+01
1.049000e-05	-6.351820e-03	-1.310925e+01
1.050000e-05	2.636749e-02	-1.326764e+01
1.051000e-05	4.196673e-03	-1.340401e+01
1.052000e-05	2.633693e-02	-1.355237e+01
1.053000e-05	1.507189e-02	-1.371832e+01
1.054000e-05	2.425643e-02	-1.387626e+01
1.055000e-05	9.250985e-03	-1.399250e+01
1.056000e-05	9.238921e-03	-1.416834e+01
1.057000e-05	9.559869e-03	-1.430714e+01
1.058000e-05	2.093770e-02	-1.437105e+01
1.059000e-05	2.331408e-02	-1.448827e+01
1.060000e-05	1.982093e-02	-1.463303e+01
1.061000e-05	1.773065e-02	-1.473632e+01
1.062000e-05	1.520028e-02	-1.484358e+01
1.063000e-05	2.231488e-02	-1.488824e+01
1.064000e-05	1.606234e-02	-1.502143e+01
1.065000e-05	2.298597e-02	-1.506466e+01
1.066000e-05	1.985853e-02	-1.515084e+01
1.067000e-05	2.880749e-02	-1.519356e+01
1.068000e-05	2.055943e-02	-1.527576e+01
1.069000e-05	2.089469e-02	-1.533884e+01
1.070000e-05	1.932358e-02	-1.539298e+01
1.071000e-05	2.843404e-02	-1.544315e+01
1.072000e-05	3.269551e-02	-1.551421e+01
1.073000e-05	3.016106e-02	-1.555877e+01
1.074000e-05	3.053675e-02	-1.556194e+01
1.075000e-05	2.949602e-02	-1.557290e+01
1.076000e-05	3.436576e-02	-1.562300e+01
1.077000e-05	3.348406e-02	-1.562298e+01
1.078000e-05	3.648365e-02	-1.564397e+01
1.079000e-05	4.143378e-02	-1.564358e+01
1.080000e-05	4.960029e-02	-1.561513e+01
1.081000e-05	5.347819e-02	-1.560253e+01
1.082000e-05	5.399786e-02	-1.559300e+01
1.083000e-05	5.952223e-02	-1.559340e+01
1.084000e-05	7.171066e-02	-1.556087e+01
1.085000e-05	8.772858e-02	-1.554679e+01
1.086000e-05	1.082493e-01	-1.549626e+01
1.087000e-05	1.413118e-01	-1.547218e+01
1.088000e-05	1.985689e-01	-1.537243e+01
1.089000e-05	2.434218e-01	-1.535997e+01
1.090000e-05	2.500000e-01	-1.525874e+01
1.091000e-05	2.500000e-01	-1.525408e+01
1.092000e-05	2.500000e-01	-1.514787e+01
1.093000e-05	2.442853e-01	-1.508366e+01
1.094000e-05	1.893243e-01	-1.498150e+01
1.095000e-05	1.198416e-01	-1.489621e+01
1.096000e-05	8.161699e-02	-1.481400e+01
1.097000e-05	6.004986e-02	-1.470837e+01
1.098000e-05	4.814671e-02	-1.462463e+01
1.099000e-05	3.813959e-02	-1.451629e+01
1.100000e-05	3.135556e-02	-1.438213e+01
1.101000e-05	2.723448e-02	-1.429519e+01
1.102000e-05	2.355588e-02	-1.416888e+01
1.103000e-05	1.984320e-02	-1.406202e+01
1.104000e-05	1.566610e-02	-1.388624e+01
1.105000e-05	1.440262e-02	-1.374837e+01
1.106000e-05	1.562485e-02	-1.355055e+01
1.107000e-05	1.622506e-02	-1.345266e+01
1.108000e-05	1.400101e-02	-1.327526e+01
1.109000e-05	1.182125e-02	-1.318694e+01
1.110000e-05	1.150556e-02	-1.299150e+01
1.111000e-05	1.212790e-02	-1.283463e+01
1.112000e-05	1.063485e-02	-1.266416e+01
1.113000e-05	8.645607e-03	-1.249619e+01
1.114000e-05	6.780662e-03	-1.231629e+01
1.115000e-05	8.231680e-03	-1.215744e+01
1.116000e-05	7.349328e-03	-1.191534e+01
1.117000e-05	5.497712e-03	-1.173732e+01
1.118000e-05	4.985387e-03	-1.151581e+01
1.119000e-05	5.647919e-03	-1.131226e+01
1.120000e-05	6.753841e-03	-1.103313e+01
1.121000e-05	4.826823e-03	-1.083216e+01
1.122000e-05	2.842566e-03	-1.066463e+01
1.123000e-05	2.568528e-03	-1.045376e+01
1.124000e-05	2.638069e-03	-1.022265e+01
1.125000e-05	2.832954e-03	-1.002060e+01
1.126000e-05	1.592565e-03	-9.787998e+00
1.127000e-05	9.105439e-04	-9.556521e+00
1.128000e-05	1.683705e-03	-9.315747e+00
1.129000e-05	2.000277e-03	-9.144835e+00
1.130000e-05	-4.031344e-05	-8.884708e+00
1.131000e-05	-1.543876e-03	-8.633651e+00
1.132000e-05	-1.001871e-03	-8.379000e+00
1.133000e-05	4.110416e-04	-8.127396e+00
1.134000e-05	-1.381892e-03	-7.902263e+00
1.135000e-05	-2.426193e-03	-7.579577e+00
1.136000e-05	-3.065717e-03	-7.368341e+00
1.137000e-05	-2.853916e-03	-7.111249e+00
1.138000e-05	-2.937167e-03	-6.799523e+00
1.139000e-05	-3.369731e-03	-6.526917e+00
1.140000e-05	-3.747397e-03	-6.311308e+00
1.141000e-05	-2.373328e-03	-6.028546e+00
1.142000e-05	-4.091432e-03	-5.727363e+00
1.143000e-05	-3.902731e-03	-5.480704e+00
1.144000e-05	-6.168845e-03	-5.187995e+00
1.145000e-05	-4.891158e-03	-4.862203e+00
1.146000e-05	-4.612020e-03	-4.534815e+00
1.147000e-05	-4.548360e-03	-4.304340e+00
1.148000e-05	-5.245609e-03	-4.031704e+00
1.149000e-05	-6.337694e-03	-3.767464e+00
1.150000e-05	-5.324077e-03	-3.515310e+00
1.151000e-05	-6.912940e-03	-3.239552e+00
1.152000e-05	-6.801021e-03	-2.893335e+00
1.153000e-05	-7.316887e-03	-2.619582e+00
1.154000e-05	-5.294217e-03	-2.327492e+00
1.155000e-05	-5.910829e-03	-2.031225e+00
1.156000e-05	-5.871532e-03	-1.796947e+00
1.157000e-05	-9.328188e-03	-1.523836e+00
1.158000e-05	-8.466742e-03	-1.154392e+00
1.159000e-05	-9.103554e-03	-8.512840e-01
1.160000e-05	-7.384758e-03	-5.974669e-01
1.161000e-05	-7.376962e-03	-2.932589e-01
1.162000e-05	-4.800472e-03	1.139912e-02
1.163000e-05	6.060255e-03	2.771648e-01
1.164000e-05	-1.832472e-03	5.703002e-01
1.165000e-05	-3.730164e-06	7.814990e-01
1.166000e-05	-4.297832e-03	1.066742e+00
1.167000e-05	-2.330808e-03	1.381368e+00
1.168000e-05	-3.005347e-03	1.716241e+00
1.169000e-05	5.729606e-03	1.927798e+00
1.170000e-05	3.293920e-02	2.209422e+00
1.171000e-05	8.879379e-02	2.495663e+00
1.172000e-05	-2.091174e-02	2.843582e+00
1.173000e-05	-6.297612e-02	3.138242e+00
1.174000e-05	-3.591908e-02	3.393498e+00
1.175000e-05	-2.896872e-02	3.665683e+00
1.176000e-05	-5.087328e-02	3.907785e+00
1.177000e-05	-4.364382e-02	4.146768e+00
1.178000e-05	9.747396e-02	4.433005e+00
1.179000e-05	-2.802955e-02	4.717291e+00
1.180000e-05	-9.090534e-03	4.950290e+00
1.181000e-05	1.034338e-01	5.277286e+00
1.182000e-05	-1.446861e-01	5.581529e+00
1.183000e-05	6.784217e-02	5.824586e+00
1.184000e-05	-5.075894e-02	6.129318e+00
1.185000e-05	3.451194e-02	6.328901e+00
1.186000e-05	5.210939e-03	6.675164e+00
1.187000e-05	-5.830148e-02	6.929266e+00
1.188000e-05	3.844065e-02	7.230402e+00
1.189000e-05	-5.758734e-02	7.516685e+00
1.190000e-05	3.703087e-02	7.800895e+00
1.191000e-05	-6.049262e-02	8.066085e+00
1.192000e-05	3.132223e-02	8.325766e+00
1.193000e-05	1.189883e-02	8.527695e+00
1.194000e-05	-3.008421e-02	8.748372e+00
1.195000e-05	7.572599e-03	9.011949e+00
1.196000e-05	-6.019798e-02	9.265080e+00
1.197000e-05	1.939587e-02	9.455684e+00
1.198000e-05	-9.844865e-03	9.707235e+00
1.199000e-05	1.347171e-02	9.949371e+00
1.200000e-05	-3.303573e-02	1.020945e+01
1.201000e-05	-7.622681e-03	1.037092e+01
1.202000e-05	-2.283137e-03	1.063350e+01
1.203000e-05	-2.420377e-02	1.080205e+01
1.204000e-05	-1.261448e-02	1.101355e+01
1.205000e-05	-2.509588e-02	1.124548e+01
1.206000e-05	1.285913e-02	1.146511e+01
1.207000e-05	-1.343752e-02	1.169659e+01
1.208000e-05	-1.341500e-02	1.184461e+01
1.209000e-05	-3.662056e-02	1.207611e+01
1.210000e-05	-5.832706e-03	1.225556e+01
1.211000e-05	-6.121198e-03	1.239253e+01
1.212000e-05	-6.138438e-03	1.259045e+01
1.213000e-05	-2.338326e-02	1.279885e+01
1.214000e-05	-2.156847e-02	1.291872e+01
1.215000e-05	-1.019723e-02	1.309716e+01
1.216000e-05	-1.845970e-02	1.326453e+01
1.217000e-05	-2.272821e-02	1.341257e+01
1.218000e-05	-2.714447e-02	1.354920e+01
1.219000e-05	-2.102041e-03	1.368776e+01
1.220000e-05	-1.146732e-02	1.385403e+01
1.221000e-05	-1.798808e-02	1.396999e+01
1.222000e-05	-3.713329e-02	1.411027e+01
1.223000e-05	-1.976273e-02	1.426521e+01
1.224000e-05	-1.468962e-02	1.443197e+01
1.225000e-05	-1.602098e-02	1.449729e+01
1.226000e-05	-2.766511e-02	1.460353e+01
1.227000e-05	-2.659709e-02	1.473787e+01
1.228000e-05	-1.539206e-02	1.480203e+01
1.229000e-05	-2.322170e-02	1.489721e+01
1.230000e-05	-2.717596e-02	1.496887e+01
1.231000e-05	-3.483733e-02	1.504363e+01
1.232000e-05	-1.985458e-02	1.514824e+01
1.233000e-05	-2.126434e-02	1.518190e+01
1.234000e-05	-2.790764e-02	1.525461e+01
1.235000e-05	-4.097706e-02	1.534771e+01
1.236000e-05	-3.636061e-02	1.538000e+01
1.237000e-05	-2.560924e-02	1.543205e+01
1.238000e-05	-3.017634e-02	1.548506e+01
1.239000e-05	-3.668045e-02	1.552426e+01
1.240000e-05	-4.105082e-02	1.552876e+01
1.241000e-05	-3.286712e-02	1.555832e+01
1.242000e-05	-3.793807e-02	1.555885e+01
1.243000e-05	-4.727383e-02	1.559292e+01
1.244000e-05	-5.435416e-02	1.561097e+01
1.245000e-05	-4.874489e-02	1.559007e+01
1.246000e-05	-4.530405e-02	1.559355e+01
1.247000e-05	-5.691040e-02	1.558185e+01
1.248000e-05	-6.983769e-02	1.557997e+01
1.249000e-05	-7.721325e-02	1.554789e+01
1.250000e-05	-7.963684e-02	1.556718e+01
1.251000e-05	-9.701440e-02	1.551421e+01
1.252000e-05	-1.282463e-01	1.548213e+01
1.253000e-05	-1.712761e-01	1.540108e+01
1.254000e-05	-2.229659e-01	1.533839e+01
1.255000e-05	-2.499942e-01	1.532619e+01
1.256000e-05	-2.500000e-01	1.527318e+01
1.257000e-05	-2.500000e-01	1.522099e+01
1.258000e-05	-2.499100e-01	1.512729e+01
1.259000e-05	-2.271280e-01	1.505160e+01
1.260000e-05	-1.637873e-01	1.491782e+01
1.261000e-05	-1.172132e-01	1.485373e+01
1.262000e-05	-8.777958e-02	1.475897e+01
1.263000e-05	-6.166274e-02	1.466218e+01
1.264000e-05	-4.766451e-02	1.454943e+01
1.265000e-05	-4.388342e-02	1.449316e+01
1.266000e-05	-4.251285e-02	1.436934e+01
1.267000e-05	-3.398706e-02	1.425163e+01
1.268000e-05	-2.614083e-02	1.412517e+01
1.269000e-05	-2.658303e-02	1.395791e+01
1.270000e-05	-3.141582e-02	1.382950e+01
1.271000e-05	-2.776074e-02	1.369311e+01
1.272000e-05	-2.085228e-02	1.352682e+01
1.273000e-05	-1.964418e-02	1.336895e+01
1.274000e-05	-2.494174e-02	1.323110e+01
1.275000e-05	-2.552326e-02	1.307223e+01
1.276000e-05	-2.086594e-02	1.294584e+01
1.277000e-05	-1.593426e-02	1.268694e+01
1.278000e-05	-2.042035e-02	1.261842e+01
1.279000e-05	-2.335217e-02	1.244112e+01
1.280000e-05	-1.993334e-02	1.225108e+01
1.281000e-05	-1.534116e-02	1.204208e+01
1.282000e-05	-1.491960e-02	1.183213e+01
1.283000e-05	-2.074283e-02	1.164225e+01
1.284000e-05	-1.887099e-02	1.147108e+01
1.285000e-05	-1.380238e-02	1.121005e+01
1.286000e-05	-1.112434e-02	1.101095e+01
1.287000e-05	-1.551703e-02	1.082955e+01
1.288000e-05	-1.866665e-02	1.063048e+01
1.289000e-05	-1.449692e-02	1.040897e+01
1.290000e-05	-1.144185e-02	1.017689e+01
1.291000e-05	-1.316163e-02	1.000634e+01
1.292000e-05	-1.775118e-02	9.734729e+00
1.293000e-05	-1.369255e-02	9.452630e+00
1.294000e-05	-1.032084e-02	9.270083e+00
1.295000e-05	-1.035656e-02	9.030097e+00
1.296000e-05	-1.391656e-02	8.757918e+00
1.297000e-05	-1.410789e-02	8.507915e+00
1.298000e-05	-1.110758e-02	8.262287e+00
1.299000e-05	-9.290422e-03	8.020697e+00
1.300000e-05	-1.187191e-02	7.767542e+00
1.301000e-05	-1.366321e-02	7.535789e+00
1.302000e-05	-1.118105e-02	7.251626e+00
1.303000e-05	-7.996887e-03	7.007995e+00
1.304000e-05	-8.884700e-03	6.725862e+00
1.305000e-05	-1.231215e-02	6.442126e+00
1.306000e-05	-1.139950e-02	6.228022e+00
1.307000e-05	-8.869841e-03	5.966439e+00
1.308000e-05	-7.361401e-03	5.711151e+00
1.309000e-05	-1.079881e-02	5.407571e+00
1.310000e-05	-1.228600e-02	5.080259e+00
1.311000e-05	-9.232608e-03	4.786337e+00
1.312000e-05	-6.032555e-03	4.492235e+00
1.313000e-05	-7.283592e-03	4.228496e+00
1.314000e-05	-9.889044e-03	3.914286e+00
1.315000e-05	-9.029030e-03	3.651631e+00
1.316000e-05	-6.702359e-03	3.396968e+00
1.317000e-05	-6.710931e-03	3.052731e+00
1.318000e-05	-9.088473e-03	2.818098e+00
1.319000e-05	-1.044823e-02	2.513340e+00
1.320000e-05	-7.591493e-03	2.277623e+00
1.321000e-05	-5.827647e-03	1.945938e+00
1.322000e-05	-6.461583e-03	1.639625e+00
1.323000e-05	-7.746034e-03	1.325969e+00
1.324000e-05	-6.317598e-03	1.059573e+00
1.325000e-05	-3.585835e-03	7.143115e-01
1.326000e-05	-4.341356e-03	4.416787e-01
1.327000e-05	-5.673034e-03	1.754429e-01
1.328000e-05	-3.431863e-03	-1.082937e-01
1.329000e-05	8.597851e-03	-3.798765e-01
1.330000e-05	-1.581728e-03	-6.567136e-01
1.331000e-05	3.515265e-03	-9.303188e-01
1.332000e-05	-2.477159e-03	-1.193433e+00
1.333000e-05	3.181174e-03	-1.487802e+00
1.334000e-05	4.207868e-03	-1.729349e+00
1.335000e-05	3.167045e-02	-2.002477e+00
1.336000e-05	9.639850e-02	-2.227165e+00
1.337000e-05	2.154860e-02	-2.605461e+00
1.338000e-05	-6.495709e-02	-3.053143e+00
1.339000e-05	-9.215350e-03	-3.349948e+00
1.340000e-05	-4.193768e-02	-3.540002e+00
1.341000e-05	-5.075316e-02	-3.802455e+00
1.342000e-05	-1.012902e-02	-4.041957e+00
1.343000e-05	1.571834e-01	-4.232553e+00
1.344000e-05	-1.609343e-01	-4.498818e+00
1.345000e-05	1.689981e-01	-4.824001e+00
1.346000e-05	-4.812352e-02	-5.076185e+00
1.347000e-05	-3.824005e-02	-5.394664e+00
1.348000e-05	8.935279e-02	-5.707160e+00
1.349000e-05	-1.536300e-01	-6.022431e+00
1.350000e-05	1.781264e-01	-6.235532e+00
1.351000e-05	-8.392663e-02	-6.497794e+00
1.352000e-05	5.228540e-02	-6.793033e+00
1.353000e-05	1.710907e-02	-7.046014e+00
1.354000e-05	-7.360607e-02	-7.401428e+00
1.355000e-05	1.055683e-01	-7.634450e+00
1.356000e-05	-1.022998e-01	-7.878115e+00
1.357000e-05	1.288339e-01	-8.180373e+00
1.358000e-05	-4.986483e-02	-8.393897e+00
1.359000e-05	3.110112e-02	-8.676140e+00
1.360000e-05	3.118018e-02	-8.916737e+00
1.361000e-05	-7.742469e-02	-9.148271e+00
1.362000e-05	8.054227e-02	-9.348772e+00
1.363000e-05	-6.269280e-02	-9.582952e+00
1.364000e-05	1.125416e-01	-9.832028e+00
1.365000e-05	-4.957731e-02	-1.005543e+01
1.366000e-05	5.370655e-02	-1.031816e+01
1.367000e-05	-2.603417e-02	-1.049774e+01
1.368000e-05	1.026379e-02	-1.069677e+01
1.369000e-05	2.218997e-02	-1.092819e+01
1.370000e-05	-1.641646e-02	-1.111982e+01
1.371000e-05	5.218282e-02	-1.135985e+01
1.372000e-05	-2.021425e-02	-1.160337e+01
1.373000e-05	5.012731e-02	-1.178198e+01
1.374000e-05	-3.033566e-02	-1.195245e+01
1.375000e-05	3.475211e-02	-1.216092e+01
1.376000e-05	-6.651317e-03	-1.236030e+01
1.377000e-05	4.317575e-02	-1.256972e+01
1.378000e-05	4.837319e-03	-1.271774e+01
1.379000e-05	1.375347e-02	-1.291469e+01
1.380000e-05	2.665583e-03	-1.302305e+01
1.381000e-05	9.401712e-03	-1.320395e+01
1.382000e-05	1.496401e-02	-1.334985e+01
1.383000e-05	9.282825e-03	-1.353727e+01
1.384000e-05	2.746135e-02	-1.366600e+01
1.385000e-05	1.644554e-02	-1.380358e+01
1.386000e-05	2.639153e-02	-1.396872e+01
1.387000e-05	2.666399e-03	-1.405566e+01
1.388000e-05	1.265008e-02	-1.425298e+01
1.389000e-05	8.804063e-03	-1.433834e+01
1.390000e-05	2.547906e-02	-1.448454e+01
1.391000e-05	1.711663e-02	-1.456095e+01
1.392000e-05	2.232230e-02	-1.467816e+01
1.393000e-05	1.525845e-02	-1.477140e+01
1.394000e-05	2.255991e-02	-1.485571e+01
1.395000e-05	1.772178e-02	-1.495190e+01
1.396000e-05	2.015417e-02	-1.507256e+01
1.397000e-05	1.994771e-02	-1.511826e+01
1.398000e-05	2.524533e-02	-1.518150e+01
1.399000e-05	2.453396e-02	-1.523409e+01
1.400000e-05	1.936744e-02	-1.529772e+01
1.401000e-05	2.061920e-02	-1.533097e+01
1.402000e-05	2.256293e-02	-1.542253e+01
1.403000e-05	3.256337e-02	-1.549516e+01
1.404000e-05	3.137257e-02	-1.552729e+01
1.405000e-05	3.173415e-02	-1.558084e+01
1.406000e-05	2.899262e-02	-1.556040e+01
1.407000e-05	3.219142e-02	-1.559193e+01
1.408000e-05	3.219155e-02	-1.564303e+01
1.409000e-05	3.389200e-02	-1.563350e+01
1.410000e-05	3.796935e-02	-1.566455e+01
1.411000e-05	4.536808e-02	-1.568250e+01
1.412000e-05	5.174402e-02	-1.562243e+01
1.413000e-05	5.439826e-02	-1.564408e+01
1.414000e-05	5.710113e-02	-1.561050e+01
1.415000e-05	6.529735e-02	-1.557080e+01
1.416000e-05	7.934619e-02	-1.556982e+01
1.417000e-05	9.739246e-02	-1.548832e+01
1.418000e-05	1.230399e-01	-1.548466e+01
1.419000e-05	1.683395e-01	-1.545101e+01
1.420000e-05	2.271663e-01	-1.536950e+01
1.421000e-05	2.499975e-01	-1.533676e+01
1.422000e-05	2.500000e-01	-1.526266e+01
1.423000e-05	2.500000e-01	-1.517150e+01
1.424000e-05	2.497439e-01	-1.512429e+01
1.425000e-05	2.193163e-01	-1.504298e+01
1.426000e-05	1.498281e-01	-1.498934e+01
1.427000e-05	9.813905e-02	-1.487519e+01
1.428000e-05	6.932343e-02	-1.479138e+01
1.429000e-05	5.382009e-02	-1.471431e+01
1.430000e-05	4.139157e-02	-1.458845e+01
1.431000e-05	3.199440e-02	-1.442473e+01
1.432000e-05	2.769073e-02	-1.434684e+01
1.433000e-05	2.463927e-02	-1.426165e+01
1.434000e-05	2.234260e-02	-1.409419e+01
1.435000e-05	1.818837e-02	-1.396832e+01
1.436000e-05	1.530582e-02	-1.380203e+01
1.437000e-05	1.525191e-02	-1.367629e+01
1.438000e-05	1.605018e-02	-1.353829e+01
1.439000e-05	1.350291e-02	-1.338890e+01
1.440000e-05	1.104996e-02	-1.325253e+01
1.441000e-05	1.040617e-02	-1.306465e+01
1.442000e-05	1.124184e-02	-1.290729e+01
1.443000e-05	1.154574e-02	-1.272939e+01
1.444000e-05	9.718321e-03	-1.260945e+01
1.445000e-05	8.262842e-03	-1.240105e+01
1.446000e-05	8.026461e-03	-1.219058e+01
1.447000e-05	7.720421e-03	-1.203263e+01
1.448000e-05	5.371284e-03	-1.181063e+01
1.449000e-05	4.286681e-03	-1.163005e+01
1.450000e-05	4.545767e-03	-1.138902e+01
1.451000e-05	6.899446e-03	-1.113840e+01
1.452000e-05	5.842796e-03	-1.095900e+01
1.453000e-05	4.059867e-03	-1.078837e+01
1.454000e-05	3.022293e-03	-1.056937e+01
1.455000e-05	3.047678e-03	-1.031739e+01
1.456000e-05	2.651633e-03	-1.014574e+01
1.457000e-05	1.240936e-03	-9.875280e+00
1.458000e-05	6.232603e-04	-9.713712e+00
1.459000e-05	1.431641e-03	-9.453627e+00
1.460000e-05	1.595224e-03	-9.190446e+00
1.461000e-05	2.567702e-05	-8.968495e+00
1.462000e-05	-6.774462e-04	-8.776941e+00
1.463000e-05	-1.703121e-03	-8.516263e+00
1.464000e-05	6.140987e-04	-8.243135e+00
1.465000e-05	3.782234e-04	-8.020631e+00
1.466000e-05	-7.079558e-04	-7.716792e+00
1.467000e-05	-3.386917e-03	-7.474179e+00
1.468000e-05	-2.291257e-03	-7.207607e+00
1.469000e-05	-3.402934e-03	-6.906685e+00
1.470000e-05	-2.271105e-03	-6.661658e+00
1.471000e-05	-4.446611e-03	-6.419076e+00
1.472000e-05	-2.340533e-03	-6.148341e+00
1.473000e-05	-3.576500e-03	-5.882709e+00
1.474000e-05	-3.210888e-03	-5.599069e+00
1.475000e-05	-5.008162e-03	-5.295690e+00
1.476000e-05	-4.782796e-03	-4.998976e+00
1.477000e-05	-5.185563e-03	-4.702204e+00
1.478000e-05	-3.490197e-03	-4.430099e+00
1.479000e-05	-5.397549e-03	-4.168522e+00
1.480000e-05	-5.777874e-03	-3.943914e+00
1.481000e-05	-6.443637e-03	-3.610554e+00
1.482000e-05	-5.676077e-03	-3.345817e+00
1.483000e-05	-6.898959e-03	-3.029705e+00
1.484000e-05	-6.470077e-03	-2.775967e+00
1.485000e-05	-6.974953e-03	-2.454255e+00
1.486000e-05	-5.240144e-03	-2.220071e+00
1.487000e-05	-7.137298e-03	-1.935285e+00
1.488000e-05	-7.153157e-03	-1.611099e+00
1.489000e-05	-8.660986e-03	-1.314255e+00
1.490000e-05	-8.232454e-03	-9.779745e-01
1.491000e-05	-8.206793e-03	-7.227675e-01
1.492000e-05	-8.305341e-03	-3.979969e-01
1.493000e-05	-7.236646e-03	-1.254142e-01
1.494000e-05	-3.019245e-04	1.073453e-01
1.495000e-05	5.719221e-03	4.430305e-01
1.496000e-05	-5.273143e-03	6.852134e-01
1.497000e-05	1.870153e-03	9.488678e-01
1.498000e-05	-6.261378e-03	1.245135e+00
1.499000e-05	-6.575553e-04	1.558352e+00
1.500000e-05	-3.586887e-03	1.852108e+00
1.501000e-05	1.882879e-02	2.075083e+00
1.502000e-05	6.274616e-02	2.328740e+00
1.503000e-05	6.006555e-02	2.635590e+00
1.504000e-05	-8.002203e-02	2.940449e+00
1.505000e-05	-3.265057e-02	3.235711e+00
1.506000e-05	-4.081023e-02	3.572399e+00
1.507000e-05	-2.363929e-02	3.812476e+00
1.508000e-05	-7.440194e-02	4.022578e+00
1.509000e-05	3.068586e-02	4.276190e+00
1.510000e-05	8.557697e-02	4.581425e+00
1.511000e-05	-1.101818e-01	4.853530e+00
1.512000e-05	1.456258e-01	5.058842e+00
1.513000e-05	-8.583681e-02	5.464636e+00
1.514000e-05	-2.425472e-02	5.716787e+00
1.515000e-05	2.853992e-02	6.002030e+00
1.516000e-05	-4.384047e-02	6.254657e+00
1.517000e-05	6.851633e-02	6.547364e+00
1.518000e-05	-7.315938e-02	6.835556e+00
1.519000e-05	2.085399e-02	7.047137e+00
1.520000e-05	-2.458627e-02	7.360473e+00
1.521000e-05	-6.287756e-03	7.624607e+00
1.522000e-05	-4.318267e-03	7.937864e+00
1.523000e-05	-3.603340e-02	8.202556e+00
1.524000e-05	5.109899e-02	8.422055e+00
1.525000e-05	-2.904447e-02	8.623628e+00
1.526000e-05	-8.065541e-04	8.885659e+00
1.527000e-05	-2.755332e-02	9.147248e+00
1.528000e-05	-3.437749e-02	9.388345e+00
1.529000e-05	2.658415e-02	9.599848e+00
1.530000e-05	-1.396958e-02	9.852581e+00
1.531000e-05	4.683152e-03	1.005516e+01
1.532000e-05	-3.928644e-02	1.026463e+01
1.533000e-05	1.169336e-02	1.051824e+01
1.534000e-05	-1.987379e-02	1.070724e+01
1.535000e-05	-1.821281e-02	1.089717e+01
1.536000e-05	-1.769265e-02	1.113877e+01
1.537000e-05	-1.093057e-02	1.132882e+01
1.538000e-05	1.269143e-02	1.154992e+01
1.539000e-05	-2.394592e-02	1.175195e+01
1.540000e-05	-1.925949e-02	1.198945e+01
1.541000e-05	-2.986030e-02	1.217082e+01
1.542000e-05	3.706890e-03	1.234932e+01
1.543000e-05	-7.539080e-03	1.252727e+01
1.544000e-05	-1.448867e-02	1.267616e+01
1.545000e-05	-2.368070e-02	1.288611e+01
1.546000e-05	-1.622194e-02	1.304208e+01
1.547000e-05	-7.599349e-03	1.319990e+01
1.548000e-05	-2.521447e-02	1.332935e+01
1.549000e-05	-2.372464e-02	1.349571e+01
1.550000e-05	-1.661390e-02	1.364511e+01
1.551000e-05	-1.915599e-03	1.378093e+01
1.552000e-05	-1.487960e-02	1.390983e+01
1.553000e-05	-3.110343e-02	1.403519e+01
1.554000e-05	-2.838937e-02	1.426340e+01
1.555000e-05	-1.765686e-02	1.433837e+01
1.556000e-05	-1.123639e-02	1.446418e+01
1.557000e-05	-2.524720e-02	1.458032e+01
1.558000e-05	-2.732390e-02	1.468769e+01
1.559000e-05	-2.095560e-02	1.474942e+01
1.560000e-05	-1.564274e-02	1.485411e+01
1.561000e-05	-2.623825e-02	1.491887e+01
1.562000e-05	-3.373075e-02	1.501195e+01
1.563000e-05	-2.694067e-02	1.510716e+01
1.564000e-05	-1.972954e-02	1.515982e+01
1.565000e-05	-2.193806e-02	1.527298e+01
1.566000e-05	-3.815903e-02	1.526724e+01
1.567000e-05	-3.778056e-02	1.537832e+01
1.568000e-05	-3.167245e-02	1.541002e+01
1.569000e-05	-2.440347e-02	1.543313e+01
1.570000e-05	-3.588327e-02	1.548718e+01
1.571000e-05	-3.972563e-02	1.552771e+01
1.572000e-05	-3.599513e-02	1.552586e+01
1.573000e-05	-3.650848e-02	1.557939e+01
1.574000e-05	-3.991321e-02	1.558042e+01
1.575000e-05	-5.495680e-02	1.561102e+01
1.576000e-05	-4.905788e-02	1.555997e+01
1.577000e-05	-4.575425e-02	1.555995e+01
1.578000e-05	-4.871776e-02	1.557152e+01
1.579000e-05	-6.442831e-02	1.556047e+01
1.580000e-05	-7.705801e-02	1.556787e+01
1.581000e-05	-7.845887e-02	1.552584e+01
1.582000e-05	-9.008458e-02	1.549673e+01
1.583000e-05	-1.102313e-01	1.551366e+01
1.584000e-05	-1.487713e-01	1.544208e+01
1.585000e-05	-1.959340e-01	1.538893e+01
1.586000e-05	-2.406399e-01	1.536771e+01
1.587000e-05	-2.500000e-01	1.528606e+01
1.588000e-05	-2.500000e-01	1.522200e+01
1.589000e-05	-2.500000e-01	1.516944e+01
1.590000e-05	-2.455954e-01	1.509726e+01
1.591000e-05	-1.988162e-01	1.500000e+01
1.592000e-05	-1.344956e-01	1.486771e+01
1.593000e-05	-1.002931e-01	1.482997e+01
1.594000e-05	-7.173741e-02	1.467824e+01
1.595000e-05	-5.267611e-02	1.461016e+01
1.596000e-05	-4.464952e-02	1.454727e+01
1.597000e-05	-4.478210e-02	1.443105e+01
1.598000e-05	-3.947997e-02	1.427676e+01
1.599000e-05	-2.899315e-02	1.416900e+01
1.600000e-05	-2.567416e-02	1.407123e+01
1.601000e-05	-2.944718e-02	1.389316e+01
1.602000e-05	-3.063912e-02	1.375729e+01
1.603000e-05	-2.394879e-02	1.364005e+01
1.604000e-05	-2.005183e-02	1.341158e+01
1.605000e-05	-2.233351e-02	1.331479e+01
1.606000e-05	-2.590699e-02	1.316736e+01
1.607000e-05	-2.341155e-02	1.299950e+01
1.608000e-05	-1.726137e-02	1.286310e+01
1.609000e-05	-1.852959e-02	1.264213e+01
1.610000e-05	-2.091594e-02	1.251376e+01
1.611000e-05	-2.222013e-02	1.231429e+01
1.612000e-05	-1.646517e-02	1.218779e+01
1.613000e-05	-1.470290e-02	1.193736e+01
1.614000e-05	-1.869188e-02	1.176784e+01
1.615000e-05	-2.123488e-02	1.154836e+01
1.616000e-05	-1.875846e-02	1.132631e+01
1.617000e-05	-1.261701e-02	1.114469e+01
1.618000e-05	-1.382028e-02	1.089483e+01
1.619000e-05	-1.669998e-02	1.069531e+01
1.620000e-05	-1.559026e-02	1.049274e+01
1.621000e-05	-1.015845e-02	1.026263e+01
1.622000e-05	-1.079425e-02	1.003166e+01
1.623000e-05	-1.520490e-02	9.830576e+00
1.624000e-05	-1.773405e-02	9.588466e+00
1.625000e-05	-1.358257e-02	9.358392e+00
1.626000e-05	-1.092137e-02	9.144384e+00
1.627000e-05	-1.254670e-02	8.903233e+00
1.628000e-05	-1.417137e-02	8.641076e+00
1.629000e-05	-1.199665e-02	8.440074e+00
1.630000e-05	-8.064135e-03	8.157890e+00
1.631000e-05	-9.469614e-03	7.884789e+00
1.632000e-05	-1.252197e-02	7.682157e+00
1.633000e-05	-1.418439e-02	7.376317e+00
1.634000e-05	-1.022051e-02	7.133313e+00
1.635000e-05	-9.106308e-03	6.881180e+00
1.636000e-05	-1.044621e-02	6.617471e+00
1.637000e-05	-1.232511e-02	6.315312e+00
1.638000e-05	-9.702859e-03	6.060154e+00
1.639000e-05	-7.283730e-03	5.756024e+00
1.640000e-05	-8.255280e-03	5.553312e+00
1.641000e-05	-1.167799e-02	5.258581e+00
1.642000e-05	-1.164683e-02	4.902136e+00
1.643000e-05	-8.268104e-03	4.619551e+00
1.644000e-05	-7.299604e-03	4.375491e+00
1.645000e-05	-9.454103e-03	4.012158e+00
1.646000e-05	-1.085007e-02	3.786316e+00
1.647000e-05	-6.485920e-03	3.524263e+00
1.648000e-05	-5.648208e-03	3.199074e+00
1.649000e-05	-7.358270e-03	2.924834e+00
1.650000e-05	-9.830014e-03	2.681735e+00
1.651000e-05	-9.247559e-03	2.374341e+00
1.652000e-05	-5.890032e-03	2.091680e+00
1.653000e-05	-5.743311e-03	1.818575e+00
1.654000e-05	-7.984070e-03	1.511758e+00
1.655000e-05	-7.707850e-03	1.195997e+00
1.656000e-05	-6.074405e-03	8.591774e-01
1.657000e-05	-3.682211e-03	5.664718e-01
1.658000e-05	-6.084414e-03	3.032864e-01
1.659000e-05	-4.206538e-03	-1.098050e-02
1.660000e-05	2.594787e-03	-2.560883e-01
1.661000e-05	8.603107e-03	-5.367165e-01
1.662000e-05	-2.102645e-03	-8.130556e-01
1.663000e-05	2.185076e-03	-1.096163e+00
1.664000e-05	-2.967958e-03	-1.372402e+00
1.665000e-05	3.210323e-03	-1.654153e+00
1.666000e-05	1.249579e-02	-1.894714e+00
1.667000e-05	6.239911e-02	-2.097787e+00
1.668000e-05	9.890282e-02	-2.446636e+00
1.669000e-05	-6.735889e-02	-2.837135e+00
1.670000e-05	-1.369611e-02	-3.263981e+00
1.671000e-05	-4.207309e-02	-3.506690e+00
1.672000e-05	-2.584715e-02	-3.697739e+00
1.673000e-05	-8.175187e-02	-3.948328e+00
1.674000e-05	1.407606e-01	-4.117715e+00
1.675000e-05	-2.730035e-02	-4.380401e+00
1.676000e-05	-2.350683e-02	-4.677765e+00
1.677000e-05	1.417537e-01	-4.879665e+00
1.678000e-05	-1.747210e-01	-5.286740e+00
1.679000e-05	1.473460e-01	-5.613450e+00
1.680000e-05	-1.142850e-01	-5.803062e+00
1.681000e-05	4.171196e-02	-6.149316e+00
1.682000e-05	8.355076e-02	-6.379951e+00
1.683000e-05	-9.485413e-02	-6.636168e+00
1.684000e-05	1.274231e-01	-6.970243e+00
1.685000e-05	-1.210448e-01	-7.203509e+00
1.686000e-05	8.311091e-02	-7.456739e+00
1.687000e-05	-2.709998e-02	-7.772394e+00
1.688000e-05	3.152715e-03	-8.045059e+00
1.689000e-05	8.854583e-02	-8.226161e+00
1.690000e-05	-8.693086e-02	-8.541272e+00
1.691000e-05	1.137190e-01	-8.802031e+00
1.692000e-05	-9.727961e-02	-9.004081e+00
1.693000e-05	5.515530e-02	-9.266159e+00
1.694000e-05	-1.491886e-02	-9.506164e+00
1.695000e-05	3.300651e-02	-9.750769e+00
1.696000e-05	4.585380e-02	-9.927267e+00
1.697000e-05	-3.741752e-02	-1.015990e+01
1.698000e-05	5.752158e-02	-1.038393e+01
1.699000e-05	-5.986058e-02	-1.063506e+01
1.700000e-05	6.942075e-02	-1.081148e+01
1.701000e-05	-4.008882e-02	-1.103643e+01
1.702000e-05	5.656382e-02	-1.120505e+01
1.703000e-05	-8.985554e-03	-1.146761e+01
1.704000e-05	2.824893e-02	-1.167824e+01
1.705000e-05	1.127914e-03	-1.190709e+01
1.706000e-05	-6.849634e-04	-1.206819e+01
1.707000e-05	2.104703e-02	-1.224509e+01
1.708000e-05	9.535037e-03	-1.242719e+01
1.709000e-05	3.908334e-02	-1.265248e+01
1.710000e-05	-6.100847e-03	-1.278458e+01
1.711000e-05	2.062921e-02	-1.294892e+01
1.712000e-05	-6.091718e-03	-1.310832e+01
1.713000e-05	2.572504e-02	-1.329719e+01
1.714000e-05	3.485520e-03	-1.346506e+01
1.715000e-05	2.698067e-02	-1.361200e+01
1.716000e-05	1.514851e-02	-1.371927e+01
1.717000e-05	2.527526e-02	-1.391562e+01
1.718000e-05	7.847079e-03	-1.402403e+01
1.719000e-05	9.298253e-03	-1.414132e+01
1.720000e-05	9.048084e-03	-1.428519e+01
1.721000e-05	2.177765e-02	-1.438353e+01
1.722000e-05	2.308503e-02	-1.454769e+01
1.723000e-05	2.009183e-02	-1.467313e+01
1.724000e-05	1.722871e-02	-1.473837e+01
1.725000e-05	1.550908e-02	-1.480498e+01
1.726000e-05	2.263451e-02	-1.494727e+01
1.727000e-05	1.654835e-02	-1.499305e+01
1.728000e-05	2.329892e-02	-1.507721e+01
1.729000e-05	2.016970e-02	-1.513884e+01
1.730000e-05	2.980122e-02	-1.522306e+01
1.731000e-05	1.989651e-02	-1.525569e+01
1.732000e-05	2.135290e-02	-1.534082e+01
1.733000e-05	1.928588e-02	-1.536993e+01
1.734000e-05	2.992207e-02	-1.546308e+01
1.735000e-05	3.183408e-02	-1.551726e+01
1.736000e-05	3.021402e-02	-1.554674e+01
1.737000e-05	2.959279e-02	-1.556042e+01
1.738000e-05	2.969578e-02	-1.560290e+01
1.739000e-05	3.485229e-02	-1.561252e+01
1.740000e-05	3.367339e-02	-1.562250e+01
1.741000e-05	3.706347e-02	-1.561258e+01
1.742000e-05	4.152007e-02	-1.562409e+01
1.743000e-05	4.955479e-02	-1.560410e+01
1.744000e-05	5.258323e-02	-1.562505e+01
1.745000e-05	5.380951e-02	-1.561206e+01
1.746000e-05	6.053047e-02	-1.559137e+01
1.747000e-05	7.270536e-02	-1.553987e+01
1.748000e-05	8.925369e-02	-1.554826e+01
1.749000e-05	1.100174e-01	-1.550621e+01
1.750000e-05	1.438791e-01	-1.545108e+01
1.751000e-05	2.012552e-01	-1.540248e+01
1.752000e-05	2.438769e-01	-1.533734e+01
1.753000e-05	2.500000e-01	-1.526419e+01
1.754000e-05	2.500000e-01	-1.522145e+01
1.755000e-05	2.500000e-01	-1.514884e+01
1.756000e-05	2.417767e-01	-1.507464e+01
1.757000e-05	1.851128e-01	-1.498152e+01
1.758000e-05	1.177440e-01	-1.492569e+01
1.759000e-05	8.079528e-02	-1.481308e+01
1.760000e-05	6.060084e-02	-1.473839e+01
1.761000e-05	4.791732e-02	-1.459158e+01
1.762000e-05	3.700032e-02	-1.451731e+01
1.763000e-05	2.986065e-02	-1.438245e+01
1.764000e-05	2.532484e-02	-1.433423e+01
1.765000e-05	2.341012e-02	-1.412797e+01
1.766000e-05	1.938470e-02	-1.401056e+01
1.767000e-05	1.684398e-02	-1.388319e+01
1.768000e-05	1.492744e-02	-1.374682e+01
1.769000e-05	1.689398e-02	-1.359045e+01
1.770000e-05	1.529223e-02	-1.346158e+01
1.771000e-05	1.390149e-02	-1.332724e+01
1.772000e-05	1.046418e-02	-1.310692e+01
1.773000e-05	1.020068e-02	-1.295895e+01
1.774000e-05	1.056764e-02	-1.285266e+01
1.775000e-05	1.154119e-02	-1.268213e+01
1.776000e-05	8.091276e-03	-1.247369e+01
1.777000e-05	8.374271e-03	-1.231628e+01
1.778000e-05	7.121428e-03	-1.215784e+01
1.779000e-05	7.548760e-03	-1.195838e+01
1.780000e-05	4.991706e-03	-1.174634e+01
1.781000e-05	4.138092e-03	-1.151584e+01
1.782000e-05	4.463192e-03	-1.129213e+01
1.783000e-05	5.406494e-03	-1.105368e+01
1.784000e-05	5.147848e-03	-1.085168e+01
1.785000e-05	3.497829e-03	-1.062361e+01
1.786000e-05	2.807404e-03	-1.044368e+01
1.787000e-05	3.432681e-03	-1.025098e+01
1.788000e-05	2.511300e-03	-9.989522e+00
1.789000e-05	1.427135e-03	-9.757469e+00
1.790000e-05	1.811616e-03	-9.538496e+00
1.791000e-05	1.115013e-03	-9.356269e+00
1.792000e-05	1.448929e-03	-9.054210e+00
1.793000e-05	7.989978e-05	-8.852688e+00
1.794000e-05	-6.350403e-04	-8.662575e+00
1.795000e-05	-5.490406e-04	-8.357844e+00
1.796000e-05	6.950794e-04	-8.106389e+00
1.797000e-05	-1.057983e-04	-7.884308e+00
1.798000e-05	-2.657298e-03	-7.599972e+00
1.799000e-05	-2.857918e-03	-7.346437e+00
1.800000e-05	-2.357014e-03	-7.072778e+00
1.801000e-05	-2.236630e-03	-6.798001e+00
1.802000e-05	-2.417284e-03	-6.546313e+00
1.803000e-05	-3.004796e-03	-6.291807e+00
1.804000e-05	-2.754049e-03	-5.949022e+00
1.805000e-05	-4.202620e-03	-5.706914e+00
1.806000e-05	-3.933968e-03	-5.441030e+00
1.807000e-05	-5.861740e-03	-5.117363e+00
1.808000e-05	-7.561345e-03	-4.840202e+00
1.809000e-05	-3.212818e-03	-4.506389e+00
1.810000e-05	-5.412460e-03	-4.295788e+00
1.811000e-05	-1.673712e-03	-4.031706e+00
1.812000e-05	-5.698138e-03	-3.765344e+00
1.813000e-05	-4.799700e-03	-3.470707e+00
1.814000e-05	-6.202064e-03	-3.208478e+00
1.815000e-05	-7.878868e-03	-2.883184e+00
1.816000e-05	-9.298549e-03	-2.610505e+00
1.817000e-05	-8.620898e-03	-2.364896e+00
1.818000e-05	-5.806251e-03	-1.981104e+00
1.819000e-05	-4.846559e-03	-1.736971e+00
1.820000e-05	-6.242463e-03	-1.472153e+00
1.821000e-05	-6.323616e-03	-1.125337e+00
1.822000e-05	-7.514208e-03	-8.611326e-01
1.823000e-05	-8.268091e-03	-5.664156e-01
1.824000e-05	-9.575735e-03	-2.816862e-01
1.825000e-05	-6.614359e-03	-2.702456e-02
1.826000e-05	3.999824e-03	2.962173e-01
1.827000e-05	-3.144213e-03	5.488714e-01
1.828000e-05	1.552277e-03	7.936028e-01
1.829000e-05	-2.227683e-03	1.117796e+00
1.830000e-05	-6.988207e-04	1.389974e+00
1.831000e-05	-2.131006e-03	1.717796e+00
1.832000e-05	6.598698e-03	1.927849e+00
1.833000e-05	3.360089e-02	2.182399e+00
1.834000e-05	8.684782e-02	2.506610e+00
1.835000e-05	-2.982460e-02	2.865131e+00
1.836000e-05	-5.988656e-02	3.126768e+00
1.837000e-05	-3.684993e-02	3.413182e+00
1.838000e-05	-2.687548e-02	3.717212e+00
1.839000e-05	-5.352547e-02	3.937345e+00
1.840000e-05	-3.597068e-02	4.140843e+00
1.841000e-05	1.018045e-01	4.444527e+00
1.842000e-05	-4.146395e-02	4.747844e+00
1.843000e-05	7.139287e-03	5.001872e+00
1.844000e-05	8.592204e-02	5.328217e+00
1.845000e-05	-1.379118e-01	5.571948e+00
1.846000e-05	6.831275e-02	5.845560e+00
1.847000e-05	-5.371639e-02	6.148793e+00
1.848000e-05	4.145984e-02	6.370846e+00
1.849000e-05	-1.985501e-03	6.666190e+00
1.850000e-05	-5.111772e-02	6.960795e+00
1.851000e-05	3.481274e-02	7.231507e+00
1.852000e-05	-5.635518e-02	7.517716e+00
1.853000e-05	3.678859e-02	7.771426e+00
1.854000e-05	-6.075901e-02	8.106114e+00
1.855000e-05	3.641158e-02	8.306290e+00
1.856000e-05	7.776531e-03	8.549294e+00
1.857000e-05	-2.758902e-02	8.769870e+00
1.858000e-05	6.726685e-03	9.023877e+00
1.859000e-05	-5.943494e-02	9.242584e+00
1.860000e-05	2.239955e-02	9.466185e+00
1.861000e-05	-1.253283e-02	9.710216e+00
1.862000e-05	1.611491e-02	9.938874e+00
1.863000e-05	-3.503656e-02	1.020140e+01
1.864000e-05	-5.164354e-03	1.036243e+01
1.865000e-05	-4.663746e-03	1.060243e+01
1.866000e-05	-2.332885e-02	1.078208e+01
1.867000e-05	-1.218441e-02	1.102350e+01
1.868000e-05	-2.388485e-02	1.126656e+01
1.869000e-05	1.392196e-02	1.145563e+01
1.870000e-05	-1.538953e-02	1.169516e+01
1.871000e-05	-1.302281e-02	1.188464e+01
1.872000e-05	-3.714650e-02	1.207706e+01
1.873000e-05	-3.337641e-03	1.228518e+01
1.874000e-05	-7.013221e-03	1.241253e+01
1.875000e-05	-6.057995e-03	1.259200e+01
1.876000e-05	-2.401072e-02	1.277095e+01
1.877000e-05	-2.049297e-02	1.295927e+01
1.878000e-05	-9.258349e-03	1.310624e+01
1.879000e-05	-1.867561e-02	1.322661e+01
1.880000e-05	-2.173808e-02	1.346055e+01
1.881000e-05	-2.678810e-02	1.360138e+01
1.882000e-05	-2.289077e-03	1.371776e+01
1.883000e-05	-1.228845e-02	1.387456e+01
1.884000e-05	-1.861718e-02	1.400151e+01
1.885000e-05	-3.618160e-02	1.414087e+01
1.886000e-05	-2.054178e-02	1.431621e+01
1.887000e-05	-1.353341e-02	1.440295e+01
1.888000e-05	-1.631015e-02	1.450623e+01
1.889000e-05	-2.613130e-02	1.463303e+01
1.890000e-05	-2.737459e-02	1.473874e+01
1.891000e-05	-1.555035e-02	1.479255e+01
1.892000e-05	-2.377229e-02	1.490771e+01
1.893000e-05	-2.887782e-02	1.498887e+01
1.894000e-05	-3.416609e-02	1.505360e+01
1.895000e-05	-2.070760e-02	1.517874e+01
1.896000e-05	-2.071498e-02	1.519387e+01
1.897000e-05	-2.805660e-02	1.524461e+01
1.898000e-05	-3.988854e-02	1.531871e+01
1.899000e-05	-3.606766e-02	1.539895e+01
1.900000e-05	-2.624897e-02	1.542405e+01
1.901000e-05	-3.010909e-02	1.546466e+01
1.902000e-05	-3.675907e-02	1.551768e+01
1.903000e-05	-4.109502e-02	1.552781e+01
1.904000e-05	-3.334568e-02	1.555734e+01
1.905000e-05	-3.789062e-02	1.554039e+01
1.906000e-05	-4.778586e-02	1.560097e+01
1.907000e-05	-5.427751e-02	1.561253e+01
1.908000e-05	-4.852697e-02	1.558247e+01
1.909000e-05	-4.555182e-02	1.558050e+01
1.910000e-05	-5.740624e-02	1.557992e+01
1.911000e-05	-6.997583e-02	1.557092e+01
1.912000e-05	-7.778961e-02	1.554879e+01
1.913000e-05	-8.056797e-02	1.550678e+01
1.914000e-05	-9.857677e-02	1.546323e+01
1.915000e-05	-1.307844e-01	1.548268e+01
1.916000e-05	-1.727778e-01	1.542952e+01
1.917000e-05	-2.238976e-01	1.537992e+01
1.918000e-05	-2.499960e-01	1.531721e+01
1.919000e-05	-2.500000e-01	1.524505e+01
1.920000e-05	-2.500000e-01	1.518985e+01
1.921000e-05	-2.498900e-01	1.511876e+01
1.922000e-05	-2.238706e-01	1.503363e+01
1.923000e-05	-1.626275e-01	1.492734e+01
1.924000e-05	-1.145865e-01	1.481416e+01
1.925000e-05	-8.576017e-02	1.475729e+01
1.926000e-05	-6.039731e-02	1.466318e+01
1.927000e-05	-4.713253e-02	1.457887e+01
1.928000e-05	-4.438922e-02	1.445323e+01
1.929000e-05	-4.120169e-02	1.434642e+01
1.930000e-05	-3.348751e-02	1.426308e+01
1.931000e-05	-2.590946e-02	1.408469e+01
1.932000e-05	-2.801999e-02	1.396641e+01
1.933000e-05	-3.009680e-02	1.383950e+01
1.934000e-05	-2.761940e-02	1.368318e+01
1.935000e-05	-2.129101e-02	1.355626e+01
1.936000e-05	-2.011980e-02	1.338945e+01
1.937000e-05	-2.453810e-02	1.321010e+01
1.938000e-05	-2.433667e-02	1.304158e+01
1.939000e-05	-1.952388e-02	1.289666e+01
1.940000e-05	-1.681024e-02	1.272634e+01
1.941000e-05	-2.069133e-02	1.261749e+01
1.942000e-05	-2.262628e-02	1.240007e+01
1.943000e-05	-1.952815e-02	1.223055e+01
1.944000e-05	-1.399176e-02	1.203305e+01
1.945000e-05	-1.560057e-02	1.181153e+01
1.946000e-05	-2.026881e-02	1.161160e+01
1.947000e-05	-1.952810e-02	1.142113e+01
1.948000e-05	-1.468287e-02	1.119053e+01
1.949000e-05	-1.241948e-02	1.099848e+01
1.950000e-05	-1.641653e-02	1.081009e+01
1.951000e-05	-1.867453e-02	1.061892e+01
1.952000e-05	-1.427996e-02	1.037789e+01
1.953000e-05	-1.114297e-02	1.014694e+01
1.954000e-05	-1.325366e-02	9.955737e+00
1.955000e-05	-1.681169e-02	9.653282e+00
1.956000e-05	-1.472173e-02	9.440630e+00
1.957000e-05	-1.063311e-02	9.251574e+00
1.958000e-05	-1.055636e-02	9.020472e+00
1.959000e-05	-1.472100e-02	8.765942e+00
1.960000e-05	-1.509956e-02	8.535817e+00
1.961000e-05	-1.139554e-02	8.293207e+00
1.962000e-05	-8.804931e-03	8.009128e+00
1.963000e-05	-1.207166e-02	7.757447e+00
1.964000e-05	-1.327884e-02	7.483814e+00
1.965000e-05	-1.103887e-02	7.200047e+00
1.966000e-05	-8.228228e-03	6.986871e+00
1.967000e-05	-9.274168e-03	6.734338e+00
1.968000e-05	-1.292166e-02	6.411031e+00
1.969000e-05	-1.183843e-02	6.187520e+00
1.970000e-05	-8.999534e-03	5.967889e+00
1.971000e-05	-7.695950e-03	5.680175e+00
1.972000e-05	-1.004981e-02	5.408470e+00
1.973000e-05	-1.148774e-02	5.029731e+00
1.974000e-05	-8.701631e-03	4.733337e+00
1.975000e-05	-7.042653e-03	4.472731e+00
1.976000e-05	-8.100032e-03	4.200023e+00
1.977000e-05	-9.851203e-03	3.903734e+00
1.978000e-05	-9.371063e-03	3.611131e+00
1.979000e-05	-6.221526e-03	3.415341e+00
1.980000e-05	-6.773597e-03	3.099683e+00
1.981000e-05	-9.482388e-03	2.808047e+00
1.982000e-05	-9.547118e-03	2.542406e+00
1.983000e-05	-6.700987e-03	2.228021e+00
1.984000e-05	-4.782757e-03	1.934867e+00
1.985000e-05	-6.468097e-03	1.660229e+00
1.986000e-05	-8.510354e-03	1.375838e+00
1.987000e-05	-6.392526e-03	1.039092e+00
1.988000e-05	-4.626215e-03	7.232328e-01
1.989000e-05	-4.358347e-03	4.486535e-01
1.990000e-05	-5.562347e-03	1.449352e-01
1.991000e-05	-1.596995e-03	-1.177489e-01
1.992000e-05	1.022389e-02	-4.104055e-01
1.993000e-05	-8.490280e-04	-7.051673e-01
1.994000e-05	3.249927e-03	-9.498227e-01
1.995000e-05	-3.552005e-03	-1.216006e+00
1.996000e-05	2.507781e-03	-1.540198e+00
1.997000e-05	3.538021e-03	-1.748426e+00
1.998000e-05	3.443016e-02	-2.030928e+00
1.999000e-05	1.001769e-01	-2.287144e+00
2.000000e-05	1.224005e-02	-2.654610e+00
2.001000e-05	-6.028851e-02	-3.066591e+00
2.002000e-05	-1.262916e-02	-3.368900e+00
2.003000e-05	-3.973264e-02	-3.561400e+00
2.004000e-05	-5.428667e-02	-3.843587e+00
2.005000e-05	3.448285e-03	-4.024656e+00
2.006000e-05	1.451586e-01	-4.192055e+00
2.007000e-05	-1.591245e-01	-4.521879e+00
2.008000e-05	1.757718e-01	-4.842928e+00
2.009000e-05	-6.701072e-02	-5.098794e+00
2.010000e-05	-1.792068e-02	-5.473617e+00
2.011000e-05	7.145953e-02	-5.697664e+00
2.012000e-05	-1.386206e-01	-6.021501e+00
2.013000e-05	1.788887e-01	-6.285056e+00
2.014000e-05	-9.306440e-02	-6.540369e+00
2.015000e-05	6.434248e-02	-6.774053e+00
2.016000e-05	1.281621e-03	-7.096565e+00
2.017000e-05	-5.923441e-02	-7.372927e+00
2.018000e-05	9.751704e-02	-7.623881e+00
2.019000e-05	-9.966243e-02	-7.899269e+00
2.020000e-05	1.305397e-01	-8.201399e+00
2.021000e-05	-5.967903e-02	-8.401501e+00
2.022000e-05	4.220609e-02	-8.694610e+00
2.023000e-05	1.806465e-02	-8.960118e+00
2.024000e-05	-6.485192e-02	-9.129873e+00
2.025000e-05	7.643280e-02	-9.340923e+00
2.026000e-05	-5.589344e-02	-9.603476e+00
2.027000e-05	1.096669e-01	-9.834133e+00
2.028000e-05	-5.691490e-02	-1.008761e+01
2.029000e-05	5.723183e-02	-1.030779e+01
2.030000e-05	-3.273695e-02	-1.051924e+01
2.031000e-05	2.056894e-02	-1.070924e+01
2.032000e-05	1.668752e-02	-1.091977e+01
2.033000e-05	-6.725078e-03	-1.114783e+01
2.034000e-05	4.862539e-02	-1.134190e+01
2.035000e-05	-1.777457e-02	-1.159148e+01
2.036000e-05	4.598546e-02	-1.177153e+01
2.037000e-05	-3.196731e-02	-1.199248e+01
2.038000e-05	3.611754e-02	-1.219145e+01
2.039000e-05	-6.761390e-03	-1.236085e+01
2.040000e-05	4.476721e-02	-1.254880e+01
2.041000e-05	3.123922e-03	-1.273726e+01
2.042000e-05	1.322168e-02	-1.286677e+01
2.043000e-05	2.361985e-03	-1.303411e+01
2.044000e-05	1.241121e-02	-1.319458e+01
2.045000e-05	1.588308e-02	-1.336085e+01
2.046000e-05	1.143416e-02	-1.351974e+01
2.047000e-05	2.522686e-02	-1.367398e+01
2.048000e-05	1.608389e-02	-1.379451e+01
2.049000e-05	2.290422e-02	-1.399085e+01
2.050000e-05	2.467718e-03	-1.409716e+01
2.051000e-05	1.286047e-02	-1.419458e+01
2.052000e-05	1.163951e-02	-1.432990e+01
2.053000e-05	2.819548e-02	-1.445816e+01
2.054000e-05	1.837241e-02	-1.456087e+01
2.055000e-05	2.160179e-02	-1.467671e+01
2.056000e-05	1.316546e-02	-1.478190e+01
2.057000e-05	2.260567e-02	-1.485821e+01
2.058000e-05	1.822522e-02	-1.497980e+01
2.059000e-05	2.083095e-02	-1.504515e+01
2.060000e-05	1.950817e-02	-1.513674e+01
2.061000e-05	2.521853e-02	-1.519240e+01
2.062000e-05	2.540943e-02	-1.523409e+01
2.063000e-05	1.970902e-02	-1.529776e+01
2.064000e-05	2.089248e-02	-1.536147e+01
2.065000e-05	2.367258e-02	-1.542503e+01
2.066000e-05	3.359807e-02	-1.549673e+01
2.067000e-05	3.131766e-02	-1.548779e+01
2.068000e-05	3.037945e-02	-1.554884e+01
2.069000e-05	2.840042e-02	-1.559980e+01
2.070000e-05	3.287673e-02	-1.560392e+01
2.071000e-05	3.385497e-02	-1.563302e+01
2.072000e-05	3.488874e-02	-1.562253e+01
2.073000e-05	3.801464e-02	-1.564565e+01
2.074000e-05	4.695506e-02	-1.566356e+01
2.075000e-05	5.127863e-02	-1.563458e+01
2.076000e-05	5.399326e-02	-1.561300e+01
2.077000e-05	5.516461e-02	-1.558055e+01
2.078000e-05	6.766961e-02	-1.559047e+01
2.079000e-05	8.102930e-02	-1.555030e+01
2.080000e-05	9.954539e-02	-1.549734e+01
2.081000e-05	1.260133e-01	-1.546414e+01
2.082000e-05	1.688290e-01	-1.541205e+01
2.083000e-05	2.276514e-01	-1.534990e+01
2.084000e-05	2.499980e-01	-1.532734e+01
2.085000e-05	2.500000e-01	-1.522516e+01
2.086000e-05	2.500000e-01	-1.518043e+01
2.087000e-05	2.495131e-01	-1.509634e+01
2.088000e-05	2.160492e-01	-1.503156e+01
2.089000e-05	1.475648e-01	-1.497732e+01
2.090000e-05	9.564334e-02	-1.487416e+01
2.091000e-05	6.888206e-02	-1.480043e+01
2.092000e-05	5.095949e-02	-1.469571e+01
2.093000e-05	4.133106e-02	-1.459945e+01
2.094000e-05	3.059854e-02	-1.448471e+01
2.095000e-05	2.794408e-02	-1.433786e+01
2.096000e-05	2.462467e-02	-1.421146e+01
2.097000e-05	2.258806e-02	-1.410522e+01
2.098000e-05	1.907856e-02	-1.393942e+01
2.099000e-05	1.554630e-02	-1.381158e+01
2.100000e-05	1.597643e-02	-1.365516e+01
2.101000e-05	1.501103e-02	-1.353484e+01
2.102000e-05	1.347474e-02	-1.336992e+01
2.103000e-05	9.757528e-03	-1.322208e+01
2.104000e-05	1.044591e-02	-1.306214e+01
2.105000e-05	1.125837e-02	-1.288429e+01
2.106000e-05	1.190187e-02	-1.275837e+01
2.107000e-05	1.080956e-02	-1.257842e+01
2.108000e-05	9.293701e-03	-1.240005e+01
2.109000e-05	8.054520e-03	-1.220095e+01
2.110000e-05	8.045950e-03	-1.204161e+01
2.111000e-05	5.229602e-03	-1.183361e+01
2.112000e-05	3.256007e-03	-1.164003e+01
2.113000e-05	4.450598e-03	-1.138900e+01
2.114000e-05	5.411168e-03	-1.120986e+01
2.115000e-05	5.718063e-03	-1.097734e+01
2.116000e-05	4.359640e-03	-1.078834e+01
2.117000e-05	3.662537e-03	-1.054842e+01
2.118000e-05	3.631653e-03	-1.031684e+01
2.119000e-05	3.077171e-03	-1.015379e+01
2.120000e-05	1.344705e-03	-9.853660e+00
2.121000e-05	9.174295e-04	-9.663659e+00
2.122000e-05	2.784754e-04	-9.423026e+00
2.123000e-05	1.611545e-03	-9.220023e+00
2.124000e-05	4.634726e-04	-8.998892e+00
2.125000e-05	-4.527262e-04	-8.766416e+00
2.126000e-05	-1.469208e-03	-8.523711e+00
2.127000e-05	1.460132e-03	-8.241579e+00
2.128000e-05	7.640546e-04	-8.019103e+00
2.129000e-05	-2.188399e-04	-7.757917e+00
2.130000e-05	-3.067105e-03	-7.482658e+00
2.131000e-05	-3.060712e-03	-7.220928e+00
2.132000e-05	-3.421580e-03	-6.934310e+00
2.133000e-05	-2.449321e-03	-6.673633e+00
2.134000e-05	-4.541529e-03	-6.412029e+00
2.135000e-05	-2.326092e-03	-6.155289e+00
2.136000e-05	-1.977739e-03	-5.881706e+00
2.137000e-05	-2.454433e-03	-5.570072e+00
2.138000e-05	-4.384180e-03	-5.291259e+00
2.139000e-05	-5.356363e-03	-4.989017e+00
2.140000e-05	-5.337703e-03	-4.639630e+00
2.141000e-05	-4.600998e-03	-4.420102e+00
2.142000e-05	-5.387950e-03	-4.175968e+00
2.143000e-05	-5.638699e-03	-3.892284e+00
2.144000e-05	-6.209814e-03	-3.580571e+00
2.145000e-05	-6.020304e-03	-3.324847e+00
2.146000e-05	-7.073161e-03	-3.021181e+00
2.147000e-05	-5.953883e-03	-2.745940e+00
2.148000e-05	-6.129325e-03	-2.483609e+00
2.149000e-05	-5.784457e-03	-2.178994e+00
2.150000e-05	-6.960808e-03	-1.903238e+00
2.151000e-05	-8.839324e-03	-1.619154e+00
2.152000e-05	-8.842384e-03	-1.292908e+00
2.153000e-05	-9.024670e-03	-1.007922e+00
2.154000e-05	-7.496053e-03	-7.128354e-01
2.155000e-05	-8.809552e-03	-3.679958e-01
2.156000e-05	-6.016891e-03	-1.253417e-01
2.157000e-05	6.158015e-04	1.598491e-01
2.158000e-05	5.764778e-03	4.540559e-01
2.159000e-05	-5.471612e-03	7.061948e-01
2.160000e-05	8.876424e-04	9.607441e-01
2.161000e-05	-6.141314e-03	1.265161e+00
2.162000e-05	-9.706854e-04	1.550452e+00
2.163000e-05	-2.733663e-03	1.873660e+00
2.164000e-05	1.937947e-02	2.065186e+00
2.165000e-05	6.658109e-02	2.328744e+00
2.166000e-05	5.293944e-02	2.666241e+00
2.167000e-05	-7.969925e-02	2.980974e+00
2.168000e-05	-3.282231e-02	3.315657e+00
2.169000e-05	-4.088459e-02	3.571455e+00
2.170000e-05	-2.575747e-02	3.842554e+00
2.171000e-05	-7.296350e-02	4.023456e+00
2.172000e-05	3.826148e-02	4.287210e+00
2.173000e-05	7.589432e-02	4.601449e+00
2.174000e-05	-1.044921e-01	4.824652e+00
2.175000e-05	1.481341e-01	5.138825e+00
2.176000e-05	-9.783051e-02	5.454659e+00
2.177000e-05	-1.259563e-02	5.729786e+00
2.178000e-05	1.962428e-02	6.005107e+00
2.179000e-05	-3.709901e-02	6.254708e+00
2.180000e-05	6.434797e-02	6.570345e+00
2.181000e-05	-7.488450e-02	6.823532e+00
2.182000e-05	2.532418e-02	7.086189e+00
2.183000e-05	-3.038565e-02	7.359870e+00
2.184000e-05	4.659569e-04	7.635636e+00
2.185000e-05	-1.070703e-02	7.969321e+00
2.186000e-05	-2.889928e-02	8.181953e+00
2.187000e-05	4.802169e-02	8.423632e+00
2.188000e-05	-2.990009e-02	8.654585e+00
2.189000e-05	1.522696e-03	8.907681e+00
2.190000e-05	-3.056702e-02	9.128295e+00
2.191000e-05	-2.830707e-02	9.401894e+00
2.192000e-05	2.303213e-02	9.603475e+00
2.193000e-05	-1.113024e-02	9.813581e+00
2.194000e-05	1.471579e-03	1.002666e+01
2.195000e-05	-3.652085e-02	1.029616e+01
2.196000e-05	1.051734e-02	1.048774e+01
2.197000e-05	-2.054117e-02	1.073777e+01
2.198000e-05	-1.663080e-02	1.093974e+01
2.199000e-05	-1.726625e-02	1.116982e+01
2.200000e-05	-8.579967e-03	1.136980e+01
2.201000e-05	1.069000e-02	1.156042e+01
2.202000e-05	-2.261362e-02	1.178137e+01
2.203000e-05	-2.091543e-02	1.199045e+01
2.204000e-05	-2.748012e-02	1.217180e+01
2.205000e-05	2.065430e-03	1.236844e+01
2.206000e-05	-7.521190e-03	1.252934e+01
2.207000e-05	-1.566267e-02	1.272621e+01
2.208000e-05	-2.352451e-02	1.285661e+01
2.209000e-05	-1.560213e-02	1.305406e+01
2.210000e-05	-8.611728e-03	1.318143e+01
2.211000e-05	-2.450495e-02	1.335032e+01
2.212000e-05	-2.387919e-02	1.350719e+01
2.213000e-05	-1.655237e-02	1.362555e+01
2.214000e-05	-3.177154e-03	1.376035e+01
2.215000e-05	-1.620424e-02	1.391884e+01
2.216000e-05	-3.098688e-02	1.405666e+01
2.217000e-05	-2.873281e-02	1.428458e+01
2.218000e-05	-1.738932e-02	1.433880e+01
2.219000e-05	-1.032074e-02	1.449413e+01
2.220000e-05	-2.502916e-02	1.451905e+01
2.221000e-05	-2.718550e-02	1.467666e+01
2.222000e-05	-2.142350e-02	1.480100e+01
2.223000e-05	-1.738980e-02	1.484416e+01
2.224000e-05	-2.636111e-02	1.492827e+01
2.225000e-05	-3.467616e-02	1.502510e+01
2.226000e-05	-2.660350e-02	1.513719e+01
2.227000e-05	-2.063573e-02	1.514087e+01
2.228000e-05	-2.063609e-02	1.521550e+01
2.229000e-05	-3.769506e-02	1.535626e+01
2.230000e-05	-3.763698e-02	1.540732e+01
2.231000e-05	-3.140241e-02	1.540997e+01
2.232000e-05	-2.558964e-02	1.546205e+01
2.233000e-05	-3.542661e-02	1.551469e+01
2.234000e-05	-4.088621e-02	1.552626e+01
2.235000e-05	-3.590283e-02	1.557682e+01
2.236000e-05	-3.469540e-02	1.556787e+01
2.237000e-05	-4.120640e-02	1.557040e+01
2.238000e-05	-5.305721e-02	1.557200e+01
2.239000e-05	-5.125729e-02	1.562153e+01
2.240000e-05	-4.725280e-02	1.558152e+01
2.241000e-05	-4.979081e-02	1.555995e+01
2.242000e-05	-6.514090e-02	1.555042e+01
2.243000e-05	-7.568523e-02	1.557036e+01
2.244000e-05	-7.846925e-02	1.552632e+01
2.245000e-05	-8.816370e-02	1.550526e+01
2.246000e-05	-1.123506e-01	1.548368e+01
2.247000e-05	-1.526158e-01	1.545166e+01
2.248000e-05	-1.995838e-01	1.541892e+01
2.249000e-05	-2.420814e-01	1.536674e+01
2.250000e-05	-2.500000e-01	1.529558e+01
2.251000e-05	-2.500000e-01	1.522200e+01
2.252000e-05	-2.500000e-01	1.519087e+01
2.253000e-05	-2.446828e-01	1.509518e+01
2.254000e-05	-1.950791e-01	1.498940e+01
2.255000e-05	-1.335479e-01	1.487376e+01
2.256000e-05	-9.993983e-02	1.481295e+01
2.257000e-05	-7.108351e-02	1.472579e+01
2.258000e-05	-5.214578e-02	1.460018e+01
2.259000e-05	-4.331579e-02	1.451524e+01
2.260000e-05	-4.393418e-02	1.441252e+01
2.261000e-05	-3.723193e-02	1.430481e+01
2.262000e-05	-2.956542e-02	1.414637e+01
2.263000e-05	-2.518145e-02	1.399905e+01
2.264000e-05	-3.012290e-02	1.389423e+01
2.265000e-05	-3.056944e-02	1.372684e+01
2.266000e-05	-2.379914e-02	1.363092e+01
2.267000e-05	-1.914771e-02	1.342006e+01
2.268000e-05	-2.213626e-02	1.330574e+01
2.269000e-05	-2.588993e-02	1.315786e+01
2.270000e-05	-2.328370e-02	1.297739e+01
2.271000e-05	-1.944382e-02	1.281950e+01
2.272000e-05	-1.747517e-02	1.267053e+01
2.273000e-05	-2.252390e-02	1.251476e+01
2.274000e-05	-1.994466e-02	1.231534e+01
2.275000e-05	-1.578630e-02	1.208629e+01
2.276000e-05	-1.372901e-02	1.189644e+01
2.277000e-05	-1.862144e-02	1.175586e+01
2.278000e-05	-2.245336e-02	1.151486e+01
2.279000e-05	-1.860916e-02	1.132374e+01
2.280000e-05	-1.376594e-02	1.108371e+01
2.281000e-05	-1.240927e-02	1.091473e+01
2.282000e-05	-1.627920e-02	1.067380e+01
2.283000e-05	-1.493387e-02	1.048476e+01
2.284000e-05	-1.117874e-02	1.027265e+01
2.285000e-05	-1.189989e-02	1.001062e+01
2.286000e-05	-1.649241e-02	9.777896e+00
2.287000e-05	-1.948661e-02	9.556970e+00
2.288000e-05	-1.297057e-02	9.355340e+00
2.289000e-05	-9.664511e-03	9.083837e+00
2.290000e-05	-1.103635e-02	8.890154e+00
2.291000e-05	-1.476598e-02	8.630525e+00
2.292000e-05	-1.314337e-02	8.401044e+00
2.293000e-05	-9.237630e-03	8.175338e+00
2.294000e-05	-9.699153e-03	7.893133e+00
2.295000e-05	-1.360537e-02	7.670657e+00
2.296000e-05	-1.443865e-02	7.346838e+00
2.297000e-05	-9.859515e-03	7.073733e+00
2.298000e-05	-8.334865e-03	6.860626e+00
2.299000e-05	-1.067094e-02	6.567368e+00
2.300000e-05	-1.362107e-02	6.292761e+00
2.301000e-05	-1.010221e-02	6.032106e+00
2.302000e-05	-6.968882e-03	5.778418e+00
2.303000e-05	-8.337322e-03	5.502759e+00
2.304000e-05	-1.148893e-02	5.258571e+00
2.305000e-05	-1.133288e-02	4.881651e+00
2.306000e-05	-8.397893e-03	4.568050e+00
2.307000e-05	-7.469352e-03	4.365488e+00
2.308000e-05	-1.030056e-02	4.091075e+00
2.309000e-05	-9.838536e-03	3.747465e+00
2.310000e-05	-7.284979e-03	3.533782e+00
2.311000e-05	-5.320494e-03	3.187021e+00
2.312000e-05	-7.915896e-03	2.914860e+00
2.313000e-05	-1.001061e-02	2.690702e+00
2.314000e-05	-8.090209e-03	2.324913e+00
2.315000e-05	-4.772678e-03	2.091680e+00
2.316000e-05	-4.903454e-03	1.797577e+00
2.317000e-05	-7.898189e-03	1.502281e+00
2.318000e-05	-8.306766e-03	1.175967e+00
2.319000e-05	-5.483169e-03	8.410248e-01
2.320000e-05	-3.900438e-03	5.763654e-01
2.321000e-05	-5.050575e-03	3.132639e-01
2.322000e-05	-4.462027e-03	7.519234e-03
2.323000e-05	4.322712e-03	-2.746372e-01
2.324000e-05	8.483937e-03	-5.082902e-01
2.325000e-05	-1.395795e-03	-8.236821e-01
2.326000e-05	1.135218e-03	-1.086190e+00
2.327000e-05	-2.798852e-03	-1.411533e+00
2.328000e-05	3.657973e-03	-1.674156e+00
2.329000e-05	1.412180e-02	-1.876762e+00
2.330000e-05	6.699882e-02	-2.136794e+00
2.331000e-05	9.355374e-02	-2.445565e+00
2.332000e-05	-7.000289e-02	-2.847735e+00
2.333000e-05	-1.143919e-02	-3.277161e+00
2.334000e-05	-4.366350e-02	-3.474689e+00
2.335000e-05	-2.813654e-02	-3.700741e+00
2.336000e-05	-7.868327e-02	-3.939749e+00
2.337000e-05	1.477331e-01	-4.117745e+00
2.338000e-05	-4.572740e-02	-4.382925e+00
2.339000e-05	-6.104482e-04	-4.698840e+00
2.340000e-05	1.227610e-01	-4.950772e+00
2.341000e-05	-1.673673e-01	-5.309720e+00
2.342000e-05	1.507040e-01	-5.562498e+00
2.343000e-05	-1.249280e-01	-5.836137e+00
2.344000e-05	6.085923e-02	-6.140794e+00
2.345000e-05	6.571710e-02	-6.350897e+00
2.346000e-05	-8.244771e-02	-6.705295e+00
2.347000e-05	1.195650e-01	-6.962269e+00
2.348000e-05	-1.223567e-01	-7.225661e+00
2.349000e-05	9.048819e-02	-7.498195e+00
2.350000e-05	-3.941867e-02	-7.752370e+00
2.351000e-05	1.780169e-02	-8.046561e+00
2.352000e-05	7.476668e-02	-8.246688e+00
2.353000e-05	-7.779035e-02	-8.550899e+00
2.354000e-05	1.101173e-01	-8.833002e+00
2.355000e-05	-9.854426e-02	-9.033632e+00
2.356000e-05	6.137794e-02	-9.297666e+00
2.357000e-05	-2.297978e-02	-9.517186e+00
2.358000e-05	4.108000e-02	-9.769799e+00
2.359000e-05	3.369417e-02	-9.919318e+00
2.360000e-05	-2.956386e-02	-1.018342e+01
2.361000e-05	5.104763e-02	-1.038295e+01
2.362000e-05	-5.324210e-02	-1.063358e+01
2.363000e-05	6.825864e-02	-1.081503e+01
2.364000e-05	-3.820894e-02	-1.104506e+01
2.365000e-05	5.716933e-02	-1.121611e+01
2.366000e-05	-1.265789e-02	-1.147464e+01
2.367000e-05	3.007646e-02	-1.172867e+01
2.368000e-05	-4.002754e-03	-1.189966e+01
2.369000e-05	3.479650e-03	-1.210922e+01
2.370000e-05	1.966320e-02	-1.230619e+01
2.371000e-05	1.412186e-02	-1.248824e+01
2.372000e-05	3.629388e-02	-1.261400e+01
2.373000e-05	-4.742141e-03	-1.278353e+01
2.374000e-05	1.895929e-02	-1.296057e+01
2.375000e-05	-5.294382e-03	-1.316780e+01
2.376000e-05	2.395457e-02	-1.330766e+01
2.377000e-05	3.365375e-03	-1.344448e+01
2.378000e-05	2.786424e-02	-1.359142e+01
2.379000e-05	1.549999e-02	-1.372837e+01
2.380000e-05	2.690947e-02	-1.391574e+01
2.381000e-05	7.272104e-03	-1.402550e+01
2.382000e-05	1.099552e-02	-1.419988e+01
2.383000e-05	8.976708e-03	-1.430621e+01
2.384000e-05	2.319099e-02	-1.441353e+01
2.385000e-05	2.159378e-02	-1.454979e+01
2.386000e-05	1.972025e-02	-1.465153e+01
2.387000e-05	1.731136e-02	-1.471874e+01
2.388000e-05	1.657630e-02	-1.483558e+01
2.389000e-05	2.339124e-02	-1.494927e+01
2.390000e-05	1.700942e-02	-1.500150e+01
2.391000e-05	2.361683e-02	-1.506666e+01
2.392000e-05	2.038478e-02	-1.518094e+01
2.393000e-05	3.005682e-02	-1.521263e+01
2.394000e-05	1.951543e-02	-1.524709e+01
2.395000e-05	2.121316e-02	-1.535944e+01
2.396000e-05	1.958822e-02	-1.540410e+01
2.397000e-05	2.950952e-02	-1.544366e+01
2.398000e-05	3.300041e-02	-1.549622e+01
2.399000e-05	3.033852e-02	-1.554931e+01
2.400000e-05	3.005914e-02	-1.554240e+01
2.401000e-05	2.971671e-02	-1.560245e+01
2.402000e-05	3.512873e-02	-1.564243e+01
2.403000e-05	3.336534e-02	-1.561258e+01
2.404000e-05	3.712703e-02	-1.565350e+01
2.405000e-05	4.203388e-02	-1.564310e+01
2.406000e-05	4.964025e-02	-1.564403e+01
2.407000e-05	5.327216e-02	-1.562203e+01
2.408000e-05	5.316849e-02	-1.556198e+01
2.409000e-05	6.070250e-02	-1.557352e+01
2.410000e-05	7.341287e-02	-1.556932e+01
2.411000e-05	9.091767e-02	-1.552031e+01
2.412000e-05	1.107012e-01	-1.546724e+01
2.413000e-05	1.458090e-01	-1.544406e+01
2.414000e-05	2.048379e-01	-1.540995e+01
2.415000e-05	2.453979e-01	-1.531689e+01
2.416000e-05	2.500000e-01	-1.527418e+01
2.417000e-05	2.500000e-01	-1.523155e+01
2.418000e-05	2.500000e-01	-1.512984e+01
2.419000e-05	2.392459e-01	-1.507411e+01
2.420000e-05	1.823144e-01	-1.503000e+01
2.421000e-05	1.157454e-01	-1.488624e+01
2.422000e-05	7.978311e-02	-1.483450e+01
2.423000e-05	6.085528e-02	-1.472736e+01
2.424000e-05	4.740960e-02	-1.464210e+01
2.425000e-05	3.597222e-02	-1.451684e+01
2.426000e-05	2.731373e-02	-1.436150e+01
2.427000e-05	2.494590e-02	-1.433621e+01
2.428000e-05	2.291529e-02	-1.415877e+01
2.429000e-05	2.092299e-02	-1.399256e+01
2.430000e-05	1.617370e-02	-1.388574e+01
2.431000e-05	1.588230e-02	-1.375824e+01
2.432000e-05	1.632059e-02	-1.358147e+01
2.433000e-05	1.633474e-02	-1.343210e+01
2.434000e-05	1.187981e-02	-1.330716e+01
2.435000e-05	9.874795e-03	-1.311689e+01
2.436000e-05	1.058147e-02	-1.299050e+01
2.437000e-05	1.187316e-02	-1.280255e+01
2.438000e-05	1.074186e-02	-1.268106e+01
2.439000e-05	8.009386e-03	-1.246568e+01
2.440000e-05	8.304662e-03	-1.229529e+01
2.441000e-05	9.834508e-03	-1.214639e+01
2.442000e-05	6.466577e-03	-1.192533e+01
2.443000e-05	4.946276e-03	-1.175731e+01
2.444000e-05	3.879737e-03	-1.151586e+01
2.445000e-05	6.173196e-03	-1.125063e+01
2.446000e-05	5.683062e-03	-1.104310e+01
2.447000e-05	4.282041e-03	-1.085170e+01
2.448000e-05	2.722122e-03	-1.068161e+01
2.449000e-05	4.047555e-03	-1.047370e+01
2.450000e-05	4.403295e-03	-1.021995e+01
2.451000e-05	3.202513e-03	-9.979469e+00
2.452000e-05	8.479814e-04	-9.806995e+00
2.453000e-05	1.325202e-03	-9.587416e+00
2.454000e-05	1.994109e-03	-9.305264e+00
2.455000e-05	1.407850e-03	-9.075684e+00
2.456000e-05	-8.267485e-04	-8.811257e+00
2.457000e-05	-1.418762e-03	-8.631451e+00
2.458000e-05	7.870030e-04	-8.378415e+00
2.459000e-05	7.871477e-04	-8.125864e+00
2.460000e-05	-2.162992e-04	-7.874209e+00
2.461000e-05	-2.241686e-03	-7.549996e+00
2.462000e-05	-1.452126e-03	-7.314339e+00
2.463000e-05	-1.211075e-03	-7.071206e+00
2.464000e-05	-2.970994e-03	-6.778521e+00
2.465000e-05	-3.905036e-03	-6.475387e+00
2.466000e-05	-3.400719e-03	-6.243231e+00
2.467000e-05	-2.348775e-03	-5.979524e+00
2.468000e-05	-3.787834e-03	-5.666313e+00
2.469000e-05	-3.422610e-03	-5.492127e+00
2.470000e-05	-5.569708e-03	-5.116467e+00
2.471000e-05	-4.202403e-03	-4.779622e+00
2.472000e-05	-3.520300e-03	-4.494814e+00
2.473000e-05	-5.497915e-03	-4.284763e+00
2.474000e-05	-6.009117e-03	-3.991152e+00
2.475000e-05	-7.143894e-03	-3.726339e+00
2.476000e-05	-5.018510e-03	-3.481233e+00
2.477000e-05	-7.719264e-03	-3.206547e+00
2.478000e-05	-6.621369e-03	-2.851661e+00
2.479000e-05	-7.666171e-03	-2.608023e+00
2.480000e-05	-4.197068e-03	-2.385465e+00
2.481000e-05	-5.901130e-03	-1.990100e+00
2.482000e-05	-6.524439e-03	-1.737388e+00
2.483000e-05	-1.014341e-02	-1.471282e+00
2.484000e-05	-8.296328e-03	-1.093814e+00
2.485000e-05	-8.708140e-03	-8.091788e-01
2.486000e-05	-7.750222e-03	-5.048642e-01
2.487000e-05	-8.649809e-03	-2.826602e-01
2.488000e-05	-4.783562e-03	2.307807e-02
2.489000e-05	6.589175e-03	3.082423e-01
2.490000e-05	-2.539474e-03	5.418238e-01
2.491000e-05	7.542721e-04	8.225043e-01
2.492000e-05	-4.563703e-03	1.137348e+00
2.493000e-05	-1.831994e-03	1.432055e+00
2.494000e-05	-3.926270e-03	1.747821e+00
2.495000e-05	7.644971e-03	1.949299e+00
2.496000e-05	3.656688e-02	2.161475e+00
2.497000e-05	8.709826e-02	2.526811e+00
2.498000e-05	-3.559672e-02	2.867136e+00
2.499000e-05	-5.663952e-02	3.139849e+00
2.500000e-05	-3.802827e-02	3.434610e+00
2.501000e-05	-2.584063e-02	3.736267e+00
2.502000e-05	-5.742096e-02	3.919367e+00
2.503000e-05	-3.203849e-02	4.170891e+00
2.504000e-05	1.025215e-01	4.454583e+00
2.505000e-05	-5.244156e-02	4.727772e+00
2.506000e-05	2.312830e-02	5.002923e+00
2.507000e-05	7.027312e-02	5.349845e+00
2.508000e-05	-1.300496e-01	5.621477e+00
2.509000e-05	7.005205e-02	5.885666e+00
2.510000e-05	-5.507361e-02	6.168823e+00
2.511000e-05	4.782842e-02	6.391403e+00
2.512000e-05	-1.116893e-02	6.686244e+00
2.513000e-05	-4.682176e-02	6.979371e+00
2.514000e-05	2.935818e-02	7.225008e+00
2.515000e-05	-5.374087e-02	7.507190e+00
2.516000e-05	3.496017e-02	7.811949e+00
2.517000e-05	-6.049950e-02	8.125640e+00
2.518000e-05	4.002816e-02	8.346743e+00
2.519000e-05	4.860754e-03	8.578319e+00
2.520000e-05	-2.430671e-02	8.830876e+00
2.521000e-05	3.670321e-03	9.063058e+00
2.522000e-05	-6.040815e-02	9.284662e+00
2.523000e-05	2.383875e-02	9.485188e+00
2.524000e-05	-1.383582e-02	9.729768e+00
2.525000e-05	1.600557e-02	9.979422e+00
2.526000e-05	-3.709232e-02	1.023195e+01
2.527000e-05	-2.124511e-03	1.037147e+01
2.528000e-05	-5.591182e-03	1.060150e+01
2.529000e-05	-2.236429e-02	1.080511e+01
2.530000e-05	-1.272908e-02	1.104418e+01
2.531000e-05	-2.287241e-02	1.129506e+01
2.532000e-05	1.517794e-02	1.148764e+01
2.533000e-05	-1.653638e-02	1.165554e+01
2.534000e-05	-1.300681e-02	1.187466e+01
2.535000e-05	-3.784058e-02	1.208666e+01
2.536000e-05	-2.824072e-03	1.225618e+01
2.537000e-05	-7.423332e-03	1.245511e+01
2.538000e-05	-6.047915e-03	1.261208e+01
2.539000e-05	-2.339131e-02	1.281240e+01
2.540000e-05	-2.217717e-02	1.294989e+01
2.541000e-05	-7.317776e-03	1.311827e+01
2.542000e-05	-2.125039e-02	1.326409e+01
2.543000e-05	-1.957055e-02	1.340398e+01
2.544000e-05	-2.532728e-02	1.357997e+01
2.545000e-05	-5.043334e-04	1.373921e+01
2.546000e-05	-1.229536e-02	1.387720e+01
2.547000e-05	-2.255349e-02	1.398245e+01
2.548000e-05	-3.845613e-02	1.420187e+01
2.549000e-05	-2.273659e-02	1.432581e+01
2.550000e-05	-1.273810e-02	1.444200e+01
2.551000e-05	-1.572352e-02	1.450776e+01
2.552000e-05	-2.485314e-02	1.461349e+01
2.553000e-05	-2.575488e-02	1.474987e+01
2.554000e-05	-1.472499e-02	1.482100e+01
2.555000e-05	-2.509391e-02	1.490731e+01
2.556000e-05	-3.059740e-02	1.499147e+01
2.557000e-05	-3.617196e-02	1.506501e+01
2.558000e-05	-2.068037e-02	1.515727e+01
2.559000e-05	-1.941416e-02	1.519238e+01
2.560000e-05	-2.892395e-02	1.523470e+01
2.561000e-05	-3.988666e-02	1.534731e+01
2.562000e-05	-3.554642e-02	1.542042e+01
2.563000e-05	-2.423233e-02	1.542208e+01
2.564000e-05	-3.072798e-02	1.551465e+01
2.565000e-05	-3.837316e-02	1.552526e+01
2.566000e-05	-4.203848e-02	1.552731e+01
2.567000e-05	-3.369197e-02	1.557794e+01
2.568000e-05	-3.832212e-02	1.559945e+01
2.569000e-05	-4.831115e-02	1.557092e+01
2.570000e-05	-5.351898e-02	1.556048e+01
2.571000e-05	-4.843195e-02	1.562040e+01
2.572000e-05	-4.444831e-02	1.559990e+01
2.573000e-05	-5.728503e-02	1.558190e+01
2.574000e-05	-7.129351e-02	1.557139e+01
2.575000e-05	-7.954249e-02	1.552692e+01
2.576000e-05	-8.200627e-02	1.556581e+01
2.577000e-05	-9.972990e-02	1.549476e+01
2.578000e-05	-1.319070e-01	1.548218e+01
2.579000e-05	-1.758257e-01	1.543102e+01
2.580000e-05	-2.259824e-01	1.534887e+01
2.581000e-05	-2.499955e-01	1.529664e+01
2.582000e-05	-2.500000e-01	1.526311e+01
2.583000e-05	-2.500000e-01	1.521145e+01
2.584000e-05	-2.498499e-01	1.512774e+01
2.585000e-05	-2.218197e-01	1.505155e+01
2.586000e-05	-1.588311e-01	1.494734e+01
2.587000e-05	-1.147392e-01	1.486356e+01
2.588000e-05	-8.472119e-02	1.477687e+01
2.589000e-05	-5.968476e-02	1.467216e+01
2.590000e-05	-4.598658e-02	1.457905e+01
2.591000e-05	-4.393480e-02	1.447513e+01
2.592000e-05	-4.094265e-02	1.438639e+01
2.593000e-05	-3.333204e-02	1.419002e+01
2.594000e-05	-2.587127e-02	1.411423e+01
2.595000e-05	-2.820126e-02	1.398689e+01
2.596000e-05	-3.043411e-02	1.384202e+01
2.597000e-05	-2.794081e-02	1.369258e+01
2.598000e-05	-2.081425e-02	1.351628e+01
2.599000e-05	-1.992945e-02	1.338890e+01
2.600000e-05	-2.487736e-02	1.320258e+01
2.601000e-05	-2.500881e-02	1.305018e+01
2.602000e-05	-2.046522e-02	1.290431e+01
2.603000e-05	-1.643597e-02	1.273626e+01
2.604000e-05	-2.029632e-02	1.259642e+01
2.605000e-05	-2.244259e-02	1.237007e+01
2.606000e-05	-1.958661e-02	1.224058e+01
2.607000e-05	-1.453071e-02	1.204063e+01
2.608000e-05	-1.604100e-02	1.184008e+01
2.609000e-05	-2.101089e-02	1.162217e+01
2.610000e-05	-1.938470e-02	1.143905e+01
2.611000e-05	-1.443887e-02	1.119850e+01
2.612000e-05	-1.203505e-02	1.100947e+01
2.613000e-05	-1.687914e-02	1.079007e+01
2.614000e-05	-1.869935e-02	1.063799e+01
2.615000e-05	-1.412607e-02	1.036789e+01
2.616000e-05	-1.136445e-02	1.015639e+01
2.617000e-05	-1.302736e-02	9.954333e+00
2.618000e-05	-1.708264e-02	9.692202e+00
2.619000e-05	-1.457606e-02	9.421532e+00
2.620000e-05	-1.052936e-02	9.229050e+00
2.621000e-05	-1.048930e-02	8.998918e+00
2.622000e-05	-1.510418e-02	8.765864e+00
2.623000e-05	-1.515555e-02	8.495786e+00
2.624000e-05	-1.035091e-02	8.303233e+00
2.625000e-05	-8.531370e-03	8.010998e+00
2.626000e-05	-1.115610e-02	7.735892e+00
2.627000e-05	-1.383235e-02	7.502279e+00
2.628000e-05	-1.236702e-02	7.200075e+00
2.629000e-05	-8.325590e-03	6.916920e+00
2.630000e-05	-9.572230e-03	6.724860e+00
2.631000e-05	-1.256203e-02	6.429672e+00
2.632000e-05	-1.181946e-02	6.146989e+00
2.633000e-05	-7.912060e-03	5.936385e+00
2.634000e-05	-6.383478e-03	5.630022e+00
2.635000e-05	-1.012799e-02	5.377993e+00
2.636000e-05	-1.187973e-02	5.090078e+00
2.637000e-05	-9.157522e-03	4.744839e+00
2.638000e-05	-6.608331e-03	4.451683e+00
2.639000e-05	-7.504529e-03	4.205968e+00
2.640000e-05	-1.020076e-02	3.903681e+00
2.641000e-05	-9.135594e-03	3.599550e+00
2.642000e-05	-6.011229e-03	3.374337e+00
2.643000e-05	-5.915900e-03	3.061128e+00
2.644000e-05	-8.512395e-03	2.806500e+00
2.645000e-05	-8.684723e-03	2.462702e+00
2.646000e-05	-6.886767e-03	2.218544e+00
2.647000e-05	-4.843883e-03	1.933840e+00
2.648000e-05	-6.675058e-03	1.629050e+00
2.649000e-05	-8.503682e-03	1.334365e+00
2.650000e-05	-6.742058e-03	1.051620e+00
2.651000e-05	-4.007478e-03	7.123364e-01
2.652000e-05	-3.675799e-03	4.591272e-01
2.653000e-05	-4.444189e-03	9.533155e-02
2.654000e-05	-6.057050e-04	-1.478503e-01
2.655000e-05	1.049447e-02	-3.824794e-01
2.656000e-05	-3.285392e-04	-7.056912e-01
2.657000e-05	3.505832e-03	-9.393478e-01
2.658000e-05	-4.599312e-03	-1.245107e+00
2.659000e-05	2.863339e-03	-1.539398e+00
2.660000e-05	4.199951e-03	-1.741002e+00
2.661000e-05	3.765957e-02	-1.971554e+00
2.662000e-05	1.021605e-01	-2.248720e+00
2.663000e-05	3.892955e-03	-2.667091e+00
2.664000e-05	-5.465705e-02	-3.077175e+00
2.665000e-05	-1.467897e-02	-3.392452e+00
2.666000e-05	-3.742020e-02	-3.571953e+00
2.667000e-05	-5.963246e-02	-3.853079e+00
2.668000e-05	1.724476e-02	-4.065556e+00
2.669000e-05	1.298709e-01	-4.236081e+00
2.670000e-05	-1.539541e-01	-4.530378e+00
2.671000e-05	1.825698e-01	-4.834032e+00
2.672000e-05	-8.258399e-02	-5.108718e+00
2.673000e-05	1.595107e-03	-5.465246e+00
2.674000e-05	5.192977e-02	-5.707690e+00
2.675000e-05	-1.233953e-01	-5.992961e+00
2.676000e-05	1.760852e-01	-6.244608e+00
2.677000e-05	-1.000030e-01	-6.548773e+00
2.678000e-05	7.475798e-02	-6.844508e+00
2.679000e-05	-1.435191e-02	-7.086691e+00
2.680000e-05	-4.407034e-02	-7.431924e+00
2.681000e-05	8.698551e-02	-7.646532e+00
2.682000e-05	-9.401944e-02	-7.908696e+00
2.683000e-05	1.311578e-01	-8.210947e+00
2.684000e-05	-6.660272e-02	-8.422427e+00
2.685000e-05	5.347965e-02	-8.705718e+00
2.686000e-05	4.012835e-03	-8.930743e+00
2.687000e-05	-5.357249e-02	-9.180374e+00
2.688000e-05	6.826303e-02	-9.382949e+00
2.689000e-05	-4.924732e-02	-9.593157e+00
2.690000e-05	1.055079e-01	-9.794131e+00
2.691000e-05	-5.852331e-02	-1.005564e+01
2.692000e-05	6.039808e-02	-1.033777e+01
2.693000e-05	-3.792549e-02	-1.053779e+01
2.694000e-05	2.753832e-02	-1.070077e+01
2.695000e-05	9.223418e-03	-1.092975e+01
2.696000e-05	-7.547940e-04	-1.114092e+01
2.697000e-05	4.291595e-02	-1.135190e+01
2.698000e-05	-1.442605e-02	-1.163508e+01
2.699000e-05	4.217180e-02	-1.180093e+01
2.700000e-05	-3.032556e-02	-1.199451e+01
2.701000e-05	3.578175e-02	-1.220310e+01
2.702000e-05	-5.937741e-03	-1.236235e+01
2.703000e-05	4.552445e-02	-1.256932e+01
2.704000e-05	9.997081e-04	-1.272782e+01
2.705000e-05	1.581517e-02	-1.289714e+01
2.706000e-05	1.506508e-03	-1.305411e+01
2.707000e-05	1.392231e-02	-1.322305e+01
2.708000e-05	1.382895e-02	-1.337087e+01
2.709000e-05	1.294600e-02	-1.352774e+01
2.710000e-05	2.481452e-02	-1.364616e+01
2.711000e-05	1.699737e-02	-1.381550e+01
2.712000e-05	2.142747e-02	-1.395937e+01
2.713000e-05	3.200463e-03	-1.410624e+01
2.714000e-05	1.293034e-02	-1.423246e+01
2.715000e-05	1.323918e-02	-1.434032e+01
2.716000e-05	2.809612e-02	-1.448716e+01
2.717000e-05	1.851550e-02	-1.461040e+01
2.718000e-05	2.163373e-02	-1.468666e+01
2.719000e-05	1.308867e-02	-1.476940e+01
2.720000e-05	2.249179e-02	-1.488771e+01
2.721000e-05	1.727844e-02	-1.493882e+01
2.722000e-05	2.009075e-02	-1.506461e+01
2.723000e-05	2.061413e-02	-1.513671e+01
2.724000e-05	2.714013e-02	-1.518250e+01
2.725000e-05	2.577258e-02	-1.526463e+01
2.726000e-05	1.932806e-02	-1.529919e+01
2.727000e-05	1.976622e-02	-1.538045e+01
2.728000e-05	2.403208e-02	-1.544308e+01
2.729000e-05	3.298464e-02	-1.549374e+01
2.730000e-05	3.000561e-02	-1.552679e+01
2.731000e-05	3.045921e-02	-1.555832e+01
2.732000e-05	2.845710e-02	-1.559142e+01
2.733000e-05	3.373002e-02	-1.564453e+01
2.734000e-05	3.349476e-02	-1.563298e+01
2.735000e-05	3.488929e-02	-1.562308e+01
2.736000e-05	3.911232e-02	-1.563253e+01
2.737000e-05	4.693549e-02	-1.564298e+01
2.738000e-05	5.174233e-02	-1.563403e+01
2.739000e-05	5.211780e-02	-1.564195e+01
2.740000e-05	5.540440e-02	-1.558192e+01
2.741000e-05	6.643759e-02	-1.557042e+01
2.742000e-05	8.148175e-02	-1.554031e+01
2.743000e-05	1.011258e-01	-1.550629e+01
2.744000e-05	1.258776e-01	-1.546514e+01
2.745000e-05	1.736444e-01	-1.542110e+01
2.746000e-05	2.300967e-01	-1.531900e+01
2.747000e-05	2.499985e-01	-1.531532e+01
2.748000e-05	2.500000e-01	-1.525361e+01
2.749000e-05	2.500000e-01	-1.517095e+01
2.750000e-05	2.490823e-01	-1.511674e+01
2.751000e-05	2.129879e-01	-1.506211e+01
2.752000e-05	1.429176e-01	-1.496840e+01
2.753000e-05	9.396946e-02	-1.487564e+01
2.754000e-05	6.824928e-02	-1.481892e+01
2.755000e-05	5.284260e-02	-1.468531e+01
2.756000e-05	4.145394e-02	-1.459995e+01
2.757000e-05	3.110045e-02	-1.446373e+01
2.758000e-05	2.637075e-02	-1.431742e+01
2.759000e-05	2.407196e-02	-1.420210e+01
2.760000e-05	2.107599e-02	-1.408467e+01
2.761000e-05	1.702180e-02	-1.389834e+01
2.762000e-05	1.453032e-02	-1.383010e+01
2.763000e-05	1.590837e-02	-1.367376e+01
2.764000e-05	1.696637e-02	-1.354716e+01
2.765000e-05	1.451503e-02	-1.338837e+01
2.766000e-05	1.092233e-02	-1.321255e+01
2.767000e-05	1.025668e-02	-1.306366e+01
2.768000e-05	1.102761e-02	-1.291629e+01
2.769000e-05	1.134405e-02	-1.272729e+01
2.770000e-05	8.970490e-03	-1.257837e+01
2.771000e-05	7.570388e-03	-1.237950e+01
2.772000e-05	9.517346e-03	-1.222100e+01
2.773000e-05	9.144054e-03	-1.198960e+01
2.774000e-05	5.630414e-03	-1.182106e+01
2.775000e-05	3.970525e-03	-1.160150e+01
2.776000e-05	4.742556e-03	-1.134799e+01
2.777000e-05	6.089572e-03	-1.114836e+01
2.778000e-05	5.346940e-03	-1.090732e+01
2.779000e-05	2.841204e-03	-1.073739e+01
2.780000e-05	2.134252e-03	-1.052687e+01
2.781000e-05	2.832644e-03	-1.035481e+01
2.782000e-05	3.738875e-03	-1.006426e+01
2.783000e-05	2.681953e-03	-9.863180e+00
2.784000e-05	1.526826e-03	-9.664681e+00
2.785000e-05	1.972698e-03	-9.428550e+00
2.786000e-05	2.810786e-03	-9.149491e+00
2.787000e-05	6.990262e-04	-8.925419e+00
2.788000e-05	-1.335198e-03	-8.767414e+00
2.789000e-05	-1.751720e-03	-8.483636e+00
2.790000e-05	7.382826e-04	-8.250575e+00
2.791000e-05	4.894888e-04	-8.009100e+00
2.792000e-05	-6.949796e-04	-7.737337e+00
2.793000e-05	-3.570141e-03	-7.459130e+00
2.794000e-05	-2.508173e-03	-7.190026e+00
2.795000e-05	-2.636875e-03	-6.883184e+00
2.796000e-05	-2.041460e-03	-6.641131e+00
2.797000e-05	-4.140601e-03	-6.419023e+00
2.798000e-05	-2.233068e-03	-6.085688e+00
2.799000e-05	-4.178288e-03	-5.881109e+00
2.800000e-05	-3.293396e-03	-5.578071e+00
2.801000e-05	-6.591989e-03	-5.272729e+00
2.802000e-05	-5.362430e-03	-4.969020e+00
2.803000e-05	-4.507894e-03	-4.690602e+00
2.804000e-05	-2.978752e-03	-4.379526e+00
2.805000e-05	-5.180012e-03	-4.156841e+00
2.806000e-05	-5.818057e-03	-3.873310e+00
2.807000e-05	-6.562061e-03	-3.568521e+00
2.808000e-05	-6.117519e-03	-3.346364e+00
2.809000e-05	-7.969491e-03	-3.070098e+00
2.810000e-05	-7.738504e-03	-2.755915e+00
2.811000e-05	-6.337347e-03	-2.450634e+00
2.812000e-05	-5.854918e-03	-2.146449e+00
2.813000e-05	-5.864350e-03	-1.912635e+00
2.814000e-05	-8.611673e-03	-1.600046e+00
2.815000e-05	-8.959920e-03	-1.239732e+00
2.816000e-05	-8.920896e-03	-9.579679e-01
2.817000e-05	-7.579536e-03	-6.837386e-01
2.818000e-05	-9.211867e-03	-3.769458e-01
2.819000e-05	-6.691137e-03	-1.137379e-01
2.820000e-05	-2.124309e-04	1.383516e-01
2.821000e-05	4.938166e-03	4.541071e-01
2.822000e-05	-5.185723e-03	7.052136e-01
2.823000e-05	8.692986e-04	9.413292e-01
2.824000e-05	-5.715722e-03	1.294635e+00
2.825000e-05	-4.780705e-04	1.590843e+00
2.826000e-05	-1.292179e-03	1.873632e+00
2.827000e-05	2.026260e-02	2.105183e+00
2.828000e-05	6.870661e-02	2.317869e+00
2.829000e-05	4.455060e-02	2.655719e+00
2.830000e-05	-7.857936e-02	3.041476e+00
2.831000e-05	-3.262765e-02	3.318190e+00
2.832000e-05	-3.889082e-02	3.599477e+00
2.833000e-05	-2.769392e-02	3.843206e+00
2.834000e-05	-7.105643e-02	4.074127e+00
2.835000e-05	4.670639e-02	4.286640e+00
2.836000e-05	6.641104e-02	4.622952e+00
2.837000e-05	-9.895692e-02	4.856634e+00
2.838000e-05	1.477246e-01	5.149422e+00
2.839000e-05	-1.075023e-01	5.465664e+00
2.840000e-05	-8.383906e-04	5.760269e+00
2.841000e-05	1.100255e-02	6.043535e+00
2.842000e-05	-2.861660e-02	6.255217e+00
2.843000e-05	6.059365e-02	6.570720e+00
2.844000e-05	-7.426851e-02	6.844061e+00
2.845000e-05	2.904573e-02	7.095789e+00
2.846000e-05	-3.471044e-02	7.424023e+00
2.847000e-05	6.396021e-03	7.634615e+00
2.848000e-05	-1.668455e-02	7.939870e+00
2.849000e-05	-2.276527e-02	8.173077e+00
2.850000e-05	4.494816e-02	8.423059e+00
2.851000e-05	-3.086529e-02	8.674610e+00
2.852000e-05	3.401320e-03	8.876189e+00
2.853000e-05	-3.456242e-02	9.138841e+00
2.854000e-05	-2.235567e-02	9.421394e+00
2.855000e-05	1.912564e-02	9.611532e+00
2.856000e-05	-7.654609e-03	9.854106e+00
2.857000e-05	-1.903856e-03	1.011568e+01
2.858000e-05	-3.336888e-02	1.030709e+01
2.859000e-05	9.155408e-03	1.053027e+01
2.860000e-05	-2.148631e-02	1.071972e+01
2.861000e-05	-1.707281e-02	1.096089e+01
2.862000e-05	-1.879168e-02	1.115022e+01
2.863000e-05	-6.736015e-03	1.134177e+01
2.864000e-05	8.117651e-03	1.159992e+01
2.865000e-05	-2.077471e-02	1.179350e+01
2.866000e-05	-2.154141e-02	1.197198e+01
2.867000e-05	-2.449332e-02	1.218197e+01
2.868000e-05	1.447177e-03	1.236035e+01
2.869000e-05	-7.689277e-03	1.255939e+01
2.870000e-05	-1.722081e-02	1.271619e+01
2.871000e-05	-2.345073e-02	1.288614e+01
2.872000e-05	-1.596425e-02	1.303366e+01
2.873000e-05	-1.020797e-02	1.318243e+01
2.874000e-05	-2.485322e-02	1.331932e+01
2.875000e-05	-2.369294e-02	1.350667e+01
2.876000e-05	-1.399250e-02	1.366508e+01
2.877000e-05	-3.220571e-03	1.376245e+01
2.878000e-05	-1.608917e-02	1.394834e+01
2.879000e-05	-3.224521e-02	1.404616e+01
2.880000e-05	-2.780765e-02	1.420453e+01
2.881000e-05	-1.707676e-02	1.438782e+01
2.882000e-05	-1.242508e-02	1.449706e+01
2.883000e-05	-2.592475e-02	1.454842e+01
2.884000e-05	-2.681172e-02	1.466769e+01
2.885000e-05	-2.013331e-02	1.478102e+01
2.886000e-05	-1.689913e-02	1.486663e+01
2.887000e-05	-2.634554e-02	1.495727e+01
2.888000e-05	-3.428877e-02	1.501210e+01
2.889000e-05	-2.537194e-02	1.511621e+01
2.890000e-05	-2.078115e-02	1.516132e+01
2.891000e-05	-2.270791e-02	1.522305e+01
2.892000e-05	-3.892549e-02	1.528721e+01
2.893000e-05	-3.753542e-02	1.538788e+01
2.894000e-05	-3.000620e-02	1.540303e+01
2.895000e-05	-2.547469e-02	1.543308e+01
2.896000e-05	-3.460844e-02	1.548581e+01
2.897000e-05	-4.040201e-02	1.553627e+01
2.898000e-05	-3.571855e-02	1.555936e+01
2.899000e-05	-3.482988e-02	1.558886e+01
2.900000e-05	-4.233526e-02	1.558045e+01
2.901000e-05	-5.436398e-02	1.559193e+01
2.902000e-05	-5.123723e-02	1.561943e+01
2.903000e-05	-4.651998e-02	1.559098e+01
2.904000e-05	-5.037675e-02	1.558095e+01
2.905000e-05	-6.538536e-02	1.558990e+01
2.906000e-05	-7.519335e-02	1.555942e+01
2.907000e-05	-7.706358e-02	1.557586e+01
2.908000e-05	-8.906386e-02	1.552676e+01
2.909000e-05	-1.145459e-01	1.549419e+01
2.910000e-05	-1.556222e-01	1.546310e+01
2.911000e-05	-2.039203e-01	1.538947e+01
2.912000e-05	-2.430021e-01	1.533676e+01
2.913000e-05	-2.500000e-01	1.525619e+01
2.914000e-05	-2.500000e-01	1.521204e+01
2.915000e-05	-2.500000e-01	1.518836e+01
2.916000e-05	-2.430440e-01	1.510571e+01
2.917000e-05	-1.914711e-01	1.501097e+01
2.918000e-05	-1.318461e-01	1.490521e+01
2.919000e-05	-9.894062e-02	1.479045e+01
2.920000e-05	-6.977105e-02	1.473626e+01
2.921000e-05	-5.164152e-02	1.466056e+01
2.922000e-05	-4.343778e-02	1.451718e+01
2.923000e-05	-4.409204e-02	1.440052e+01
2.924000e-05	-3.731411e-02	1.428466e+01
2.925000e-05	-2.881744e-02	1.415697e+01
2.926000e-05	-2.622509e-02	1.401157e+01
2.927000e-05	-2.973905e-02	1.389328e+01
2.928000e-05	-3.023111e-02	1.376681e+01
2.929000e-05	-2.399125e-02	1.358145e+01
2.930000e-05	-2.038400e-02	1.346158e+01
2.931000e-05	-2.268761e-02	1.326531e+01
2.932000e-05	-2.656071e-02	1.315684e+01
2.933000e-05	-2.276409e-02	1.300787e+01
2.934000e-05	-1.798652e-02	1.281000e+01
2.935000e-05	-1.832462e-02	1.263165e+01
2.936000e-05	-2.197872e-02	1.248423e+01
2.937000e-05	-2.133972e-02	1.228331e+01
2.938000e-05	-1.576562e-02	1.210624e+01
2.939000e-05	-1.506861e-02	1.192386e+01
2.940000e-05	-1.963846e-02	1.173581e+01
2.941000e-05	-2.154844e-02	1.151531e+01
2.942000e-05	-1.758618e-02	1.129481e+01
2.943000e-05	-1.333424e-02	1.110371e+01
2.944000e-05	-1.437856e-02	1.089369e+01
2.945000e-05	-1.765289e-02	1.067428e+01
2.946000e-05	-1.857144e-02	1.048310e+01
2.947000e-05	-1.090219e-02	1.022398e+01
2.948000e-05	-1.303961e-02	1.002008e+01
2.949000e-05	-1.371968e-02	9.786922e+00
2.950000e-05	-1.591206e-02	9.556438e+00
2.951000e-05	-1.209054e-02	9.334813e+00
2.952000e-05	-1.019278e-02	9.113736e+00
2.953000e-05	-1.640653e-02	8.861625e+00
2.954000e-05	-1.659634e-02	8.648550e+00
2.955000e-05	-1.535395e-02	8.387496e+00
2.956000e-05	-6.845713e-03	8.137287e+00
2.957000e-05	-8.927669e-03	7.883681e+00
2.958000e-05	-1.064506e-02	7.660572e+00
2.959000e-05	-1.194669e-02	7.335838e+00
2.960000e-05	-1.011069e-02	7.072231e+00
2.961000e-05	-1.007331e-02	6.840544e+00
2.962000e-05	-1.505276e-02	6.625339e+00
2.963000e-05	-1.370519e-02	6.304209e+00
2.964000e-05	-1.087771e-02	6.051080e+00
2.965000e-05	-5.252076e-03	5.757868e+00
2.966000e-05	-7.422072e-03	5.474336e+00
2.967000e-05	-9.784650e-03	5.185569e+00
2.968000e-05	-1.002685e-02	4.851731e+00
2.969000e-05	-7.365146e-03	4.538518e+00
2.970000e-05	-8.082206e-03	4.363363e+00
2.971000e-05	-1.125298e-02	4.049997e+00
2.972000e-05	-1.057943e-02	3.736367e+00
2.973000e-05	-8.054188e-03	3.482760e+00
2.974000e-05	-4.594524e-03	3.177469e+00
2.975000e-05	-7.710511e-03	2.884312e+00
2.976000e-05	-8.589255e-03	2.631131e+00
2.977000e-05	-7.989523e-03	2.344339e+00
2.978000e-05	-5.304407e-03	2.091654e+00
2.979000e-05	-6.695959e-03	1.786942e+00
2.980000e-05	-8.775196e-03	1.472156e+00
2.981000e-05	-7.389798e-03	1.176967e+00
2.982000e-05	-5.168055e-03	8.495733e-01
2.983000e-05	-3.291267e-03	5.463891e-01
2.984000e-05	-5.363538e-03	3.007573e-01
2.985000e-05	-3.471119e-03	-3.207937e-02
2.986000e-05	5.621215e-03	-2.852412e-01
2.987000e-05	6.856162e-03	-5.807679e-01
2.988000e-05	-7.069230e-04	-8.541120e-01
2.989000e-05	1.116075e-03	-1.118145e+00
2.990000e-05	-1.369799e-03	-1.423487e+00
2.991000e-05	3.185466e-03	-1.675137e+00
2.992000e-05	1.560049e-02	-1.907765e+00
2.993000e-05	7.005593e-02	-2.139874e+00
2.994000e-05	8.563615e-02	-2.507640e+00
2.995000e-05	-7.157382e-02	-2.898615e+00
2.996000e-05	-1.050343e-02	-3.237212e+00
2.997000e-05	-4.313266e-02	-3.486265e+00
2.998000e-05	-2.808977e-02	-3.747766e+00
2.999000e-05	-7.360534e-02	-3.980453e+00
3.000000e-05	1.532355e-01	-4.148770e+00
3.001000e-05	-6.234279e-02	-4.332978e+00
3.002000e-05	1.981108e-02	-4.738314e+00
3.003000e-05	1.040039e-01	-4.950797e+00
3.004000e-05	-1.559797e-01	-5.307294e+00
3.005000e-05	1.503376e-01	-5.632925e+00
3.006000e-05	-1.336813e-01	-5.865611e+00
3.007000e-05	7.707868e-02	-6.169320e+00
3.008000e-05	4.797829e-02	-6.401401e+00
3.009000e-05	-6.783659e-02	-6.706220e+00
3.010000e-05	1.115628e-01	-7.013399e+00
3.011000e-05	-1.202107e-01	-7.265640e+00
3.012000e-05	9.533379e-02	-7.569740e+00
3.013000e-05	-5.125567e-02	-7.812876e+00
3.014000e-05	3.160415e-02	-8.065636e+00
3.015000e-05	6.042486e-02	-8.287669e+00
3.016000e-05	-6.533054e-02	-8.571452e+00
3.017000e-05	1.043010e-01	-8.805555e+00
3.018000e-05	-9.962359e-02	-9.044588e+00
3.019000e-05	6.731525e-02	-9.318715e+00
3.020000e-05	-3.034199e-02	-9.497242e+00
3.021000e-05	5.197020e-02	-9.758822e+00
3.022000e-05	2.142493e-02	-9.929273e+00
3.023000e-05	-1.872560e-02	-1.022503e+01
3.024000e-05	4.213380e-02	-1.043451e+01
3.025000e-05	-4.680849e-02	-1.059506e+01
3.026000e-05	6.421999e-02	-1.084408e+01
3.027000e-05	-3.805057e-02	-1.108358e+01
3.028000e-05	6.054695e-02	-1.127464e+01
3.029000e-05	-1.452006e-02	-1.150669e+01
3.030000e-05	3.495079e-02	-1.174927e+01
3.031000e-05	-9.046352e-03	-1.188914e+01
3.032000e-05	8.569359e-03	-1.214912e+01
3.033000e-05	1.508819e-02	-1.229616e+01
3.034000e-05	1.775783e-02	-1.249721e+01
3.035000e-05	3.140928e-02	-1.264595e+01
3.036000e-05	-2.482231e-03	-1.281253e+01
3.037000e-05	1.858815e-02	-1.298300e+01
3.038000e-05	-3.457561e-03	-1.316989e+01
3.039000e-05	2.484548e-02	-1.331768e+01
3.040000e-05	4.611976e-03	-1.346503e+01
3.041000e-05	2.850549e-02	-1.357243e+01
3.042000e-05	1.488044e-02	-1.373035e+01
3.043000e-05	2.528783e-02	-1.392926e+01
3.044000e-05	5.859972e-03	-1.404356e+01
3.045000e-05	1.133104e-02	-1.417795e+01
3.046000e-05	9.580036e-03	-1.428716e+01
3.047000e-05	2.533511e-02	-1.441353e+01
3.048000e-05	2.143035e-02	-1.453884e+01
3.049000e-05	2.138263e-02	-1.465411e+01
3.050000e-05	1.594526e-02	-1.475829e+01
3.051000e-05	1.748279e-02	-1.484406e+01
3.052000e-05	2.166837e-02	-1.491730e+01
3.053000e-05	1.739858e-02	-1.502303e+01
3.054000e-05	2.337650e-02	-1.510566e+01
3.055000e-05	2.203895e-02	-1.517044e+01
3.056000e-05	2.925485e-02	-1.523355e+01
3.057000e-05	1.915146e-02	-1.526667e+01
3.058000e-05	2.099774e-02	-1.536937e+01
3.059000e-05	2.008314e-02	-1.542153e+01
3.060000e-05	3.140340e-02	-1.542411e+01
3.061000e-05	3.149189e-02	-1.552772e+01
3.062000e-05	3.031521e-02	-1.553040e+01
3.063000e-05	2.903697e-02	-1.557082e+01
3.064000e-05	3.003922e-02	-1.557350e+01
3.065000e-05	3.422942e-02	-1.562358e+01
3.066000e-05	3.402705e-02	-1.563310e+01
3.067000e-05	3.742920e-02	-1.568303e+01
3.068000e-05	4.273844e-02	-1.563398e+01
3.069000e-05	5.017710e-02	-1.562303e+01
3.070000e-05	5.191125e-02	-1.564355e+01
3.071000e-05	5.306306e-02	-1.556193e+01
3.072000e-05	6.052985e-02	-1.557040e+01
3.073000e-05	7.374977e-02	-1.554790e+01
3.074000e-05	9.182068e-02	-1.551974e+01
3.075000e-05	1.125117e-01	-1.547874e+01
3.076000e-05	1.477451e-01	-1.544413e+01
3.077000e-05	2.077645e-01	-1.540940e+01
3.078000e-05	2.463340e-01	-1.533632e+01
3.079000e-05	2.500000e-01	-1.529473e+01
3.080000e-05	2.500000e-01	-1.522293e+01
3.081000e-05	2.499800e-01	-1.515932e+01
3.082000e-05	2.360703e-01	-1.507168e+01
3.083000e-05	1.778567e-01	-1.499990e+01
3.084000e-05	1.128975e-01	-1.489521e+01
3.085000e-05	7.815713e-02	-1.480348e+01
3.086000e-05	5.962448e-02	-1.472787e+01
3.087000e-05	4.705617e-02	-1.462153e+01
3.088000e-05	3.532462e-02	-1.448582e+01
3.089000e-05	2.756238e-02	-1.441005e+01
3.090000e-05	2.463682e-02	-1.427319e+01
3.091000e-05	2.254004e-02	-1.414729e+01
3.092000e-05	1.947175e-02	-1.402302e+01
3.093000e-05	1.533265e-02	-1.384463e+01
3.094000e-05	1.572959e-02	-1.372737e+01
3.095000e-05	1.656605e-02	-1.355042e+01
3.096000e-05	1.632978e-02	-1.342160e+01
3.097000e-05	1.202104e-02	-1.331561e+01
3.098000e-05	9.848511e-03	-1.314636e+01
3.099000e-05	1.087616e-02	-1.296939e+01
3.100000e-05	1.162818e-02	-1.279212e+01
3.101000e-05	1.026918e-02	-1.264111e+01
3.102000e-05	7.438752e-03	-1.245426e+01
3.103000e-05	8.887249e-03	-1.228481e+01
3.104000e-05	8.993358e-03	-1.213336e+01
3.105000e-05	7.207998e-03	-1.193629e+01
3.106000e-05	3.801015e-03	-1.167416e+01
3.107000e-05	4.334243e-03	-1.151370e+01
3.108000e-05	6.402592e-03	-1.122165e+01
3.109000e-05	6.873221e-03	-1.102205e+01
3.110000e-05	4.273181e-03	-1.084253e+01
3.111000e-05	3.000784e-03	-1.065301e+01
3.112000e-05	3.033619e-03	-1.046050e+01
3.113000e-05	3.023949e-03	-1.024147e+01
3.114000e-05	2.362838e-03	-9.958396e+00
3.115000e-05	1.462573e-03	-9.766896e+00
3.116000e-05	2.226161e-03	-9.537793e+00
3.117000e-05	2.444040e-03	-9.273262e+00
3.118000e-05	2.126356e-03	-9.074685e+00
3.119000e-05	-9.786846e-04	-8.872104e+00
3.120000e-05	-2.071275e-03	-8.607974e+00
3.121000e-05	-9.197723e-04	-8.345315e+00
3.122000e-05	6.499072e-04	-8.086787e+00
3.123000e-05	-6.953939e-04	-7.872251e+00
3.124000e-05	-1.911837e-03	-7.538942e+00
3.125000e-05	-3.269994e-03	-7.271887e+00
3.126000e-05	-1.900942e-03	-7.041604e+00
3.127000e-05	-2.842881e-03	-6.778493e+00
3.128000e-05	-3.322205e-03	-6.494308e+00
3.129000e-05	-4.024537e-03	-6.303107e+00
3.130000e-05	-2.662250e-03	-5.978518e+00
3.131000e-05	-3.823930e-03	-5.714813e+00
3.132000e-05	-4.274311e-03	-5.429551e+00
3.133000e-05	-6.774694e-03	-5.104863e+00
3.134000e-05	-5.430748e-03	-4.799000e+00
3.135000e-05	-4.410888e-03	-4.525839e+00
3.136000e-05	-4.978921e-03	-4.264234e+00
3.137000e-05	-4.850391e-03	-4.050501e+00
3.138000e-05	-7.221063e-03	-3.686839e+00
3.139000e-05	-6.105372e-03	-3.452083e+00
3.140000e-05	-8.229978e-03	-3.187971e+00
3.141000e-05	-6.679072e-03	-2.870605e+00
3.142000e-05	-7.742635e-03	-2.589452e+00
3.143000e-05	-5.432252e-03	-2.365289e+00
3.144000e-05	-6.935732e-03	-1.998072e+00
3.145000e-05	-6.966652e-03	-1.747466e+00
3.146000e-05	-1.033158e-02	-1.460126e+00
3.147000e-05	-9.400005e-03	-1.104285e+00
3.148000e-05	-9.401682e-03	-7.995025e-01
3.149000e-05	-7.646928e-03	-5.338152e-01
3.150000e-05	-6.975013e-03	-2.701250e-01
3.151000e-05	-3.886733e-03	3.358076e-02
3.152000e-05	5.979771e-03	3.483187e-01
3.153000e-05	-7.105977e-03	5.904741e-01
3.154000e-05	1.795609e-03	7.835345e-01
3.155000e-05	-6.502764e-03	1.149850e+00
3.156000e-05	1.239238e-03	1.423485e+00
3.157000e-05	-3.052348e-03	1.718876e+00
3.158000e-05	9.183566e-03	1.968949e+00
3.159000e-05	4.016989e-02	2.200531e+00
3.160000e-05	8.347502e-02	2.557293e+00
3.161000e-05	-4.308621e-02	2.885211e+00
3.162000e-05	-5.541338e-02	3.159327e+00
3.163000e-05	-3.723723e-02	3.454031e+00
3.164000e-05	-2.270186e-02	3.737264e+00
3.165000e-05	-5.803868e-02	3.929844e+00
3.166000e-05	-2.367680e-02	4.179449e+00
3.167000e-05	1.036212e-01	4.426589e+00
3.168000e-05	-6.254690e-02	4.738324e+00
3.169000e-05	3.928976e-02	5.012428e+00
3.170000e-05	5.181233e-02	5.368877e+00
3.171000e-05	-1.191181e-01	5.623553e+00
3.172000e-05	6.772397e-02	5.857142e+00
3.173000e-05	-5.713440e-02	6.189425e+00
3.174000e-05	5.233957e-02	6.431930e+00
3.175000e-05	-1.907003e-02	6.737197e+00
3.176000e-05	-3.783807e-02	6.990945e+00
3.177000e-05	2.599775e-02	7.237060e+00
3.178000e-05	-4.911381e-02	7.529817e+00
3.179000e-05	3.327596e-02	7.851902e+00
3.180000e-05	-5.969900e-02	8.140223e+00
3.181000e-05	4.277034e-02	8.348869e+00
3.182000e-05	-7.203693e-04	8.600871e+00
3.183000e-05	-2.301449e-02	8.819924e+00
3.184000e-05	2.360035e-04	9.053578e+00
3.185000e-05	-5.825406e-02	9.265136e+00
3.186000e-05	2.604804e-02	9.467165e+00
3.187000e-05	-1.353313e-02	9.729819e+00
3.188000e-05	1.556402e-02	9.950979e+00
3.189000e-05	-3.654704e-02	1.019395e+01
3.190000e-05	5.261236e-04	1.042355e+01
3.191000e-05	-7.418692e-03	1.062416e+01
3.192000e-05	-2.261814e-02	1.084403e+01
3.193000e-05	-1.483786e-02	1.104408e+01
3.194000e-05	-2.268092e-02	1.123619e+01
3.195000e-05	1.481472e-02	1.150761e+01
3.196000e-05	-1.813101e-02	1.169614e+01
3.197000e-05	-1.352241e-02	1.188566e+01
3.198000e-05	-3.577131e-02	1.207516e+01
3.199000e-05	-1.141453e-03	1.227569e+01
3.200000e-05	-7.119543e-03	1.243411e+01
3.201000e-05	-8.207392e-03	1.264303e+01
3.202000e-05	-2.470696e-02	1.278343e+01
3.203000e-05	-2.007742e-02	1.296089e+01
3.204000e-05	-9.460193e-03	1.313829e+01
3.205000e-05	-2.120244e-02	1.327563e+01
3.206000e-05	-2.264485e-02	1.341200e+01
3.207000e-05	-2.522165e-02	1.359050e+01
3.208000e-05	-5.553927e-04	1.375832e+01
3.209000e-05	-1.304602e-02	1.383413e+01
3.210000e-05	-2.098604e-02	1.402098e+01
3.211000e-05	-3.528843e-02	1.413280e+01
3.212000e-05	-1.982977e-02	1.436669e+01
3.213000e-05	-1.368145e-02	1.444153e+01
3.214000e-05	-1.937549e-02	1.452939e+01
3.215000e-05	-2.804968e-02	1.461409e+01
3.216000e-05	-2.691480e-02	1.474739e+01
3.217000e-05	-1.511976e-02	1.484205e+01
3.218000e-05	-2.519985e-02	1.490574e+01
3.219000e-05	-2.813672e-02	1.499345e+01
3.220000e-05	-3.244591e-02	1.505371e+01
3.221000e-05	-1.844225e-02	1.517927e+01
3.222000e-05	-1.996367e-02	1.520247e+01
3.223000e-05	-3.176579e-02	1.528513e+01
3.224000e-05	-4.096606e-02	1.531882e+01
3.225000e-05	-3.650637e-02	1.542043e+01
3.226000e-05	-2.581669e-02	1.544208e+01
3.227000e-05	-3.136640e-02	1.551363e+01
3.228000e-05	-3.678118e-02	1.551581e+01
3.229000e-05	-3.960434e-02	1.555684e+01
3.230000e-05	-3.088783e-02	1.554829e+01
3.231000e-05	-3.692512e-02	1.558947e+01
3.232000e-05	-4.899013e-02	1.562250e+01
3.233000e-05	-5.483427e-02	1.556002e+01
3.234000e-05	-5.032209e-02	1.561947e+01
3.235000e-05	-4.605529e-02	1.559100e+01
3.236000e-05	-5.892611e-02	1.559145e+01
3.237000e-05	-6.968233e-02	1.556792e+01
3.238000e-05	-7.695687e-02	1.553792e+01
3.239000e-05	-7.987091e-02	1.553579e+01
3.240000e-05	-9.962022e-02	1.550276e+01
3.241000e-05	-1.339192e-01	1.546365e+01
3.242000e-05	-1.786335e-01	1.543000e+01
3.243000e-05	-2.279501e-01	1.533839e+01
3.244000e-05	-2.499975e-01	1.531576e+01
3.245000e-05	-2.500000e-01	1.525360e+01
3.246000e-05	-2.500000e-01	1.521145e+01
3.247000e-05	-2.498439e-01	1.509676e+01
3.248000e-05	-2.182481e-01	1.503203e+01
3.249000e-05	-1.566909e-01	1.494784e+01
3.250000e-05	-1.129353e-01	1.483263e+01
3.251000e-05	-8.414255e-02	1.476734e+01
3.252000e-05	-5.953520e-02	1.468220e+01
3.253000e-05	-4.659184e-02	1.457694e+01
3.254000e-05	-4.423963e-02	1.448308e+01
3.255000e-05	-4.083966e-02	1.433692e+01
3.256000e-05	-3.173452e-02	1.423063e+01
3.257000e-05	-2.513159e-02	1.407474e+01
3.258000e-05	-2.692337e-02	1.396674e+01
3.259000e-05	-3.081234e-02	1.381997e+01
3.260000e-05	-2.708237e-02	1.365213e+01
3.261000e-05	-2.140329e-02	1.348578e+01
3.262000e-05	-2.082558e-02	1.336747e+01
3.263000e-05	-2.579216e-02	1.325155e+01
3.264000e-05	-2.502875e-02	1.307155e+01
3.265000e-05	-2.042702e-02	1.290624e+01
3.266000e-05	-1.633034e-02	1.269674e+01
3.267000e-05	-2.083586e-02	1.256842e+01
3.268000e-05	-2.319270e-02	1.238902e+01
3.269000e-05	-1.969706e-02	1.221950e+01
3.270000e-05	-1.449278e-02	1.200155e+01
3.271000e-05	-1.654529e-02	1.181102e+01
3.272000e-05	-2.075887e-02	1.163017e+01
3.273000e-05	-2.023332e-02	1.140008e+01
3.274000e-05	-1.477090e-02	1.120944e+01
3.275000e-05	-1.353582e-02	1.098695e+01
3.276000e-05	-1.696127e-02	1.079799e+01
3.277000e-05	-1.830888e-02	1.058900e+01
3.278000e-05	-1.420100e-02	1.033784e+01
3.279000e-05	-1.114398e-02	1.016431e+01
3.280000e-05	-1.335938e-02	9.894212e+00
3.281000e-05	-1.751918e-02	9.683707e+00
3.282000e-05	-1.499993e-02	9.421200e+00
3.283000e-05	-1.175095e-02	9.231625e+00
3.284000e-05	-1.092130e-02	8.975795e+00
3.285000e-05	-1.436668e-02	8.744783e+00
3.286000e-05	-1.437590e-02	8.524334e+00
3.287000e-05	-1.036602e-02	8.313231e+00
3.288000e-05	-8.636523e-03	7.989998e+00
3.289000e-05	-1.089397e-02	7.766914e+00
3.290000e-05	-1.455518e-02	7.513282e+00
3.291000e-05	-1.126006e-02	7.219572e+00
3.292000e-05	-9.567519e-03	6.946417e+00
3.293000e-05	-8.873616e-03	6.713358e+00
3.294000e-05	-1.221633e-02	6.390048e+00
3.295000e-05	-1.136755e-02	6.166896e+00
3.296000e-05	-7.784398e-03	5.905262e+00
3.297000e-05	-6.772494e-03	5.628527e+00
3.298000e-05	-1.081520e-02	5.355913e+00
3.299000e-05	-1.201056e-02	4.980045e+00
3.300000e-05	-8.906546e-03	4.713765e+00
3.301000e-05	-6.050778e-03	4.470655e+00
3.302000e-05	-7.641196e-03	4.206044e+00
3.303000e-05	-1.023300e-02	3.872281e+00
3.304000e-05	-8.387299e-03	3.627052e+00
3.305000e-05	-5.704424e-03	3.335262e+00
3.306000e-05	-6.565610e-03	3.041128e+00
3.307000e-05	-9.066753e-03	2.775019e+00
3.308000e-05	-9.670454e-03	2.481701e+00
3.309000e-05	-6.396771e-03	2.156968e+00
3.310000e-05	-4.678113e-03	1.924364e+00
3.311000e-05	-5.738834e-03	1.659122e+00
3.312000e-05	-7.213464e-03	1.314860e+00
3.313000e-05	-6.611984e-03	9.885493e-01
3.314000e-05	-4.335238e-03	7.028801e-01
3.315000e-05	-4.915621e-03	4.095246e-01
3.316000e-05	-5.368980e-03	1.438367e-01
3.317000e-05	-9.534589e-04	-1.893464e-01
3.318000e-05	1.083864e-02	-4.341043e-01
3.319000e-05	-7.139060e-04	-6.888163e-01
3.320000e-05	3.905008e-03	-9.694729e-01
3.321000e-05	-4.079761e-03	-1.265161e+00
3.322000e-05	2.817401e-03	-1.599450e+00
3.323000e-05	4.187092e-03	-1.791428e+00
3.324000e-05	3.894358e-02	-2.075079e+00
3.325000e-05	1.024411e-01	-2.298294e+00
3.326000e-05	-6.595560e-03	-2.687169e+00
3.327000e-05	-5.043685e-02	-3.096644e+00
3.328000e-05	-1.845918e-02	-3.401429e+00
3.329000e-05	-3.579404e-02	-3.602906e+00
3.330000e-05	-6.340396e-02	-3.823634e+00
3.331000e-05	3.309021e-02	-4.074078e+00
3.332000e-05	1.137197e-01	-4.275587e+00
3.333000e-05	-1.433892e-01	-4.582394e+00
3.334000e-05	1.846335e-01	-4.824532e+00
3.335000e-05	-9.644667e-02	-5.150248e+00
3.336000e-05	2.054844e-02	-5.476670e+00
3.337000e-05	3.357615e-02	-5.709319e+00
3.338000e-05	-1.065983e-01	-6.042581e+00
3.339000e-05	1.713950e-01	-6.285084e+00
3.340000e-05	-1.037886e-01	-6.561272e+00
3.341000e-05	8.567484e-02	-6.855105e+00
3.342000e-05	-2.885228e-02	-7.058696e+00
3.343000e-05	-2.963861e-02	-7.414032e+00
3.344000e-05	7.434226e-02	-7.636030e+00
3.345000e-05	-8.587925e-02	-7.928402e+00
3.346000e-05	1.300255e-01	-8.200948e+00
3.347000e-05	-7.330767e-02	-8.454029e+00
3.348000e-05	6.282482e-02	-8.706242e+00
3.349000e-05	-8.191610e-03	-8.899268e+00
3.350000e-05	-4.001892e-02	-9.220822e+00
3.351000e-05	5.967335e-02	-9.391973e+00
3.352000e-05	-4.201432e-02	-9.603611e+00
3.353000e-05	1.002992e-01	-9.845158e+00
3.354000e-05	-5.833007e-02	-1.012611e+01
3.355000e-05	6.251721e-02	-1.034727e+01
3.356000e-05	-4.305472e-02	-1.054829e+01
3.357000e-05	3.348022e-02	-1.074930e+01
3.358000e-05	3.267256e-03	-1.092882e+01
3.359000e-05	7.588866e-03	-1.114130e+01
3.360000e-05	3.648577e-02	-1.137139e+01
3.361000e-05	-9.941536e-03	-1.160300e+01
3.362000e-05	3.748779e-02	-1.179345e+01
3.363000e-05	-2.707618e-02	-1.205351e+01
3.364000e-05	3.499778e-02	-1.220305e+01
3.365000e-05	-4.567677e-03	-1.241245e+01
3.366000e-05	4.426988e-02	-1.256982e+01
3.367000e-05	2.053566e-04	-1.272982e+01
3.368000e-05	1.702704e-02	-1.291869e+01
3.369000e-05	4.681268e-04	-1.306613e+01
3.370000e-05	1.543270e-02	-1.321292e+01
3.371000e-05	1.312354e-02	-1.337092e+01
3.372000e-05	1.496633e-02	-1.350684e+01
3.373000e-05	2.408630e-02	-1.366411e+01
3.374000e-05	1.788106e-02	-1.382450e+01
3.375000e-05	1.921602e-02	-1.395040e+01
3.376000e-05	4.347276e-03	-1.409724e+01
3.377000e-05	1.316798e-02	-1.424456e+01
3.378000e-05	1.398709e-02	-1.433985e+01
3.379000e-05	2.769074e-02	-1.448769e+01
3.380000e-05	1.833574e-02	-1.460040e+01
3.381000e-05	2.149531e-02	-1.465619e+01
3.382000e-05	1.360263e-02	-1.479185e+01
3.383000e-05	2.246809e-02	-1.487666e+01
3.384000e-05	1.658686e-02	-1.500037e+01
3.385000e-05	2.104304e-02	-1.505466e+01
3.386000e-05	1.985231e-02	-1.513726e+01
3.387000e-05	2.736558e-02	-1.517048e+01
3.388000e-05	2.423840e-02	-1.523461e+01
3.389000e-05	1.949882e-02	-1.531727e+01
3.390000e-05	1.988238e-02	-1.539145e+01
3.391000e-05	2.465232e-02	-1.543300e+01
3.392000e-05	3.237948e-02	-1.547564e+01
3.393000e-05	2.995732e-02	-1.552722e+01
3.394000e-05	3.057809e-02	-1.559030e+01
3.395000e-05	2.864337e-02	-1.561092e+01
3.396000e-05	3.280725e-02	-1.561345e+01
3.397000e-05	3.323639e-02	-1.563348e+01
3.398000e-05	3.462632e-02	-1.566253e+01
3.399000e-05	3.906381e-02	-1.560505e+01
3.400000e-05	4.645067e-02	-1.565313e+01
3.401000e-05	5.221432e-02	-1.563400e+01
3.402000e-05	5.369549e-02	-1.562151e+01
3.403000e-05	5.628828e-02	-1.561197e+01
3.404000e-05	6.704952e-02	-1.558932e+01
3.405000e-05	8.233372e-02	-1.555979e+01
3.406000e-05	1.008493e-01	-1.554626e+01
3.407000e-05	1.281215e-01	-1.546566e+01
3.408000e-05	1.768930e-01	-1.544103e+01
3.409000e-05	2.319960e-01	-1.532837e+01
3.410000e-05	2.499995e-01	-1.533636e+01
3.411000e-05	2.500000e-01	-1.522608e+01
3.412000e-05	2.500000e-01	-1.517039e+01
3.413000e-05	2.489917e-01	-1.511571e+01
3.414000e-05	2.091094e-01	-1.502106e+01
3.415000e-05	1.400735e-01	-1.496889e+01
3.416000e-05	9.218516e-02	-1.485618e+01
3.417000e-05	6.816467e-02	-1.475932e+01
3.418000e-05	5.201923e-02	-1.468518e+01
3.419000e-05	4.098924e-02	-1.456847e+01
3.420000e-05	3.167056e-02	-1.444413e+01
3.421000e-05	2.641693e-02	-1.431722e+01
3.422000e-05	2.450613e-02	-1.422003e+01
3.423000e-05	2.103581e-02	-1.412661e+01
3.424000e-05	1.689674e-02	-1.392932e+01
3.425000e-05	1.475105e-02	-1.380950e+01
3.426000e-05	1.595016e-02	-1.366368e+01
3.427000e-05	1.702575e-02	-1.353571e+01
3.428000e-05	1.376598e-02	-1.338740e+01
3.429000e-05	1.068465e-02	-1.320053e+01
3.430000e-05	1.079201e-02	-1.306058e+01
3.431000e-05	1.100765e-02	-1.288479e+01
3.432000e-05	1.085657e-02	-1.272738e+01
3.433000e-05	9.415930e-03	-1.253789e+01
3.434000e-05	8.652682e-03	-1.238047e+01
3.435000e-05	9.196490e-03	-1.220095e+01
3.436000e-05	7.921931e-03	-1.198943e+01
3.437000e-05	5.873397e-03	-1.180095e+01
3.438000e-05	3.914229e-03	-1.158997e+01
3.439000e-05	4.846506e-03	-1.138742e+01
3.440000e-05	6.505964e-03	-1.114579e+01
3.441000e-05	4.961618e-03	-1.092629e+01
3.442000e-05	3.431867e-03	-1.072686e+01
3.443000e-05	3.280725e-03	-1.054584e+01
3.444000e-05	4.143044e-03	-1.030573e+01
3.445000e-05	2.773452e-03	-1.006368e+01
3.446000e-05	1.489229e-03	-9.841659e+00
3.447000e-05	7.623912e-04	-9.652129e+00
3.448000e-05	1.169386e-03	-9.399054e+00
3.449000e-05	1.610887e-03	-9.188946e+00
3.450000e-05	9.584721e-05	-8.946939e+00
3.451000e-05	-2.997549e-04	-8.756411e+00
3.452000e-05	-9.303344e-04	-8.480131e+00
3.453000e-05	1.104195e-03	-8.221049e+00
3.454000e-05	-8.053375e-04	-7.998545e+00
3.455000e-05	-1.784450e-03	-7.704739e+00
3.456000e-05	-3.527506e-03	-7.439130e+00
3.457000e-05	-1.794605e-03	-7.176395e+00
3.458000e-05	-3.114668e-03	-6.893684e+00
3.459000e-05	-2.062170e-03	-6.652128e+00
3.460000e-05	-4.371214e-03	-6.399520e+00
3.461000e-05	-2.697601e-03	-6.134811e+00
3.462000e-05	-4.400550e-03	-5.860603e+00
3.463000e-05	-3.145604e-03	-5.588288e+00
3.464000e-05	-6.154297e-03	-5.302656e+00
3.465000e-05	-3.968447e-03	-4.965466e+00
3.466000e-05	-4.956119e-03	-4.640555e+00
3.467000e-05	-3.896250e-03	-4.407498e+00
3.468000e-05	-6.092583e-03	-4.135872e+00
3.469000e-05	-6.054694e-03	-3.882656e+00
3.470000e-05	-6.540568e-03	-3.598943e+00
3.471000e-05	-6.056235e-03	-3.304313e+00
3.472000e-05	-8.040779e-03	-3.039098e+00
3.473000e-05	-7.053969e-03	-2.724363e+00
3.474000e-05	-6.158585e-03	-2.442179e+00
3.475000e-05	-7.617916e-03	-2.177364e+00
3.476000e-05	-5.321599e-03	-1.852658e+00
3.477000e-05	-9.824984e-03	-1.578972e+00
3.478000e-05	-5.485291e-03	-1.259678e+00
3.479000e-05	-8.276150e-03	-9.659152e-01
3.480000e-05	-7.335360e-03	-6.927349e-01
3.481000e-05	-8.317373e-03	-3.764194e-01
3.482000e-05	-8.306586e-03	-1.142590e-01
3.483000e-05	-8.750502e-04	1.504429e-01
3.484000e-05	2.309305e-03	4.645622e-01
3.485000e-05	-3.341490e-03	7.062386e-01
3.486000e-05	2.931509e-03	9.414253e-01
3.487000e-05	-3.560624e-03	1.265213e+00
3.488000e-05	1.030157e-04	1.600455e+00
3.489000e-05	-1.408620e-03	1.864182e+00
3.490000e-05	2.239173e-02	2.114711e+00
3.491000e-05	6.986917e-02	2.359797e+00
3.492000e-05	3.634816e-02	2.708747e+00
3.493000e-05	-7.755125e-02	3.002977e+00
3.494000e-05	-3.129629e-02	3.328815e+00
3.495000e-05	-3.696394e-02	3.602954e+00
3.496000e-05	-2.997428e-02	3.823083e+00
3.497000e-05	-6.805769e-02	4.065507e+00
3.498000e-05	5.323996e-02	4.329319e+00
3.499000e-05	5.650599e-02	4.614131e+00
3.500000e-05	-9.102520e-02	4.868211e+00
3.501000e-05	1.452740e-01	5.180904e+00
3.502000e-05	-1.159250e-01	5.507716e+00
3.503000e-05	1.095604e-02	5.780918e+00
3.504000e-05	5.097391e-03	6.083657e+00
3.505000e-05	-2.079816e-02	6.298665e+00
3.506000e-05	5.429900e-02	6.591368e+00
3.507000e-05	-7.377933e-02	6.915136e+00
3.508000e-05	3.278529e-02	7.079295e+00
3.509000e-05	-3.977178e-02	7.402428e+00
3.510000e-05	1.037388e-02	7.668060e+00
3.511000e-05	-2.408147e-02	7.990874e+00
3.512000e-05	-1.426983e-02	8.234560e+00
3.513000e-05	4.145205e-02	8.424659e+00
3.514000e-05	-3.094516e-02	8.665163e+00
3.515000e-05	2.499684e-03	8.909269e+00
3.516000e-05	-3.899100e-02	9.118849e+00
3.517000e-05	-1.700292e-02	9.401499e+00
3.518000e-05	1.619750e-02	9.634034e+00
3.519000e-05	-5.480174e-03	9.885156e+00
3.520000e-05	-5.710751e-03	1.005769e+01
3.521000e-05	-2.911155e-02	1.029724e+01
3.522000e-05	7.882720e-03	1.054877e+01
3.523000e-05	-2.310368e-02	1.073889e+01
3.524000e-05	-1.726794e-02	1.095137e+01
3.525000e-05	-1.956703e-02	1.114085e+01
3.526000e-05	-3.052985e-03	1.135103e+01
3.527000e-05	5.210644e-03	1.161295e+01
3.528000e-05	-2.056500e-02	1.180240e+01
3.529000e-05	-2.499098e-02	1.199187e+01
3.530000e-05	-2.199367e-02	1.219135e+01
3.531000e-05	-2.797769e-04	1.236942e+01
3.532000e-05	-6.780287e-03	1.253092e+01
3.533000e-05	-1.831997e-02	1.272809e+01
3.534000e-05	-2.258420e-02	1.289626e+01
3.535000e-05	-1.567056e-02	1.303453e+01
3.536000e-05	-1.076950e-02	1.320295e+01
3.537000e-05	-2.441250e-02	1.338982e+01
3.538000e-05	-2.403693e-02	1.350684e+01
3.539000e-05	-1.248732e-02	1.367501e+01
3.540000e-05	-5.270753e-03	1.383155e+01
3.541000e-05	-1.749422e-02	1.396822e+01
3.542000e-05	-3.431783e-02	1.409864e+01
3.543000e-05	-2.706969e-02	1.424413e+01
3.544000e-05	-1.679790e-02	1.438033e+01
3.545000e-05	-1.191657e-02	1.445413e+01
3.546000e-05	-2.506349e-02	1.459160e+01
3.547000e-05	-2.726791e-02	1.466721e+01
3.548000e-05	-1.990767e-02	1.479999e+01
3.549000e-05	-1.956730e-02	1.484513e+01
3.550000e-05	-2.754453e-02	1.493940e+01
3.551000e-05	-3.382445e-02	1.502305e+01
3.552000e-05	-2.336548e-02	1.511821e+01
3.553000e-05	-2.089806e-02	1.519048e+01
3.554000e-05	-2.336821e-02	1.524260e+01
3.555000e-05	-3.981690e-02	1.526624e+01
3.556000e-05	-3.661663e-02	1.536940e+01
3.557000e-05	-2.982026e-02	1.543193e+01
3.558000e-05	-2.644962e-02	1.545163e+01
3.559000e-05	-3.540693e-02	1.548321e+01
3.560000e-05	-4.005634e-02	1.550734e+01
3.561000e-05	-3.514596e-02	1.557037e+01
3.562000e-05	-3.577666e-02	1.556982e+01
3.563000e-05	-4.304989e-02	1.559990e+01
3.564000e-05	-5.425587e-02	1.558095e+01
3.565000e-05	-4.965334e-02	1.563150e+01
3.566000e-05	-4.649650e-02	1.559107e+01
3.567000e-05	-5.053892e-02	1.558842e+01
3.568000e-05	-6.606682e-02	1.558995e+01
3.569000e-05	-7.528634e-02	1.558039e+01
3.570000e-05	-7.818259e-02	1.552834e+01
3.571000e-05	-9.034092e-02	1.552516e+01
3.572000e-05	-1.150824e-01	1.546318e+01
3.573000e-05	-1.561713e-01	1.545161e+01
3.574000e-05	-2.065381e-01	1.539838e+01
3.575000e-05	-2.443548e-01	1.532671e+01
3.576000e-05	-2.500000e-01	1.531411e+01
3.577000e-05	-2.500000e-01	1.525005e+01
3.578000e-05	-2.500000e-01	1.516037e+01
3.579000e-05	-2.410646e-01	1.508466e+01
3.580000e-05	-1.886368e-01	1.499899e+01
3.581000e-05	-1.294878e-01	1.488519e+01
3.582000e-05	-9.790273e-02	1.480150e+01
3.583000e-05	-6.856104e-02	1.473526e+01
3.584000e-05	-5.200496e-02	1.459047e+01
3.585000e-05	-4.293355e-02	1.455676e+01
3.586000e-05	-4.462597e-02	1.442052e+01
3.587000e-05	-3.651192e-02	1.421268e+01
3.588000e-05	-2.908047e-02	1.419892e+01
3.589000e-05	-2.624848e-02	1.403055e+01
3.590000e-05	-3.089621e-02	1.387459e+01
3.591000e-05	-3.069021e-02	1.371529e+01
3.592000e-05	-2.379776e-02	1.359050e+01
3.593000e-05	-1.998595e-02	1.341203e+01
3.594000e-05	-2.295599e-02	1.329431e+01
3.595000e-05	-2.627422e-02	1.314534e+01
3.596000e-05	-2.271540e-02	1.298742e+01
3.597000e-05	-1.819687e-02	1.281199e+01
3.598000e-05	-1.885464e-02	1.262250e+01
3.599000e-05	-2.227310e-02	1.245574e+01
3.600000e-05	-2.165942e-02	1.233281e+01
3.601000e-05	-1.644998e-02	1.211721e+01
3.602000e-05	-1.505683e-02	1.199576e+01
3.603000e-05	-1.989120e-02	1.175539e+01
3.604000e-05	-2.095754e-02	1.154434e+01
3.605000e-05	-1.728254e-02	1.130361e+01
3.606000e-05	-1.261625e-02	1.109221e+01
3.607000e-05	-1.484045e-02	1.090431e+01
3.608000e-05	-1.802276e-02	1.068173e+01
3.609000e-05	-1.635444e-02	1.048261e+01
3.610000e-05	-1.166276e-02	1.023108e+01
3.611000e-05	-1.241473e-02	1.003910e+01
3.612000e-05	-1.601382e-02	9.778343e+00
3.613000e-05	-1.662825e-02	9.535390e+00
3.614000e-05	-1.261125e-02	9.333839e+00
3.615000e-05	-9.821977e-03	9.102783e+00
3.616000e-05	-1.306266e-02	8.871702e+00
3.617000e-05	-1.543781e-02	8.630049e+00
3.618000e-05	-1.228554e-02	8.387523e+00
3.619000e-05	-8.811628e-03	8.145812e+00
3.620000e-05	-1.031224e-02	7.841156e+00
3.621000e-05	-1.295669e-02	7.651148e+00
3.622000e-05	-1.259729e-02	7.345362e+00
3.623000e-05	-8.960454e-03	7.082156e+00
3.624000e-05	-8.643280e-03	6.819524e+00
3.625000e-05	-1.142447e-02	6.516389e+00
3.626000e-05	-1.249769e-02	6.283206e+00
3.627000e-05	-9.348904e-03	6.071653e+00
3.628000e-05	-6.421842e-03	5.747489e+00
3.629000e-05	-9.059411e-03	5.453806e+00
3.630000e-05	-1.117395e-02	5.187996e+00
3.631000e-05	-1.031508e-02	4.841076e+00
3.632000e-05	-7.283584e-03	4.606917e+00
3.633000e-05	-6.978597e-03	4.354456e+00
3.634000e-05	-9.390956e-03	4.041521e+00
3.635000e-05	-8.976505e-03	3.776336e+00
3.636000e-05	-6.919400e-03	3.462755e+00
3.637000e-05	-5.612483e-03	3.158441e+00
3.638000e-05	-7.514790e-03	2.935333e+00
3.639000e-05	-9.089225e-03	2.638048e+00
3.640000e-05	-8.244712e-03	2.324809e+00
3.641000e-05	-5.172172e-03	2.050551e+00
3.642000e-05	-5.893788e-03	1.787914e+00
3.643000e-05	-7.000773e-03	1.450580e+00
3.644000e-05	-7.647488e-03	1.175413e+00
3.645000e-05	-5.029152e-03	8.295246e-01
3.646000e-05	-4.231016e-03	5.658841e-01
3.647000e-05	-4.554416e-03	2.702310e-01
3.648000e-05	-3.845473e-03	-4.505576e-02
3.649000e-05	5.355347e-03	-2.977185e-01
3.650000e-05	5.595986e-03	-5.403481e-01
3.651000e-05	-4.798661e-04	-8.636595e-01
3.652000e-05	5.507723e-04	-1.086295e+00
3.653000e-05	-1.212736e-03	-1.433036e+00
3.654000e-05	2.579305e-03	-1.676736e+00
3.655000e-05	1.670797e-02	-1.916744e+00
3.656000e-05	7.516360e-02	-2.187923e+00
3.657000e-05	7.896744e-02	-2.478693e+00
3.658000e-05	-7.168118e-02	-2.930244e+00
3.659000e-05	-9.754338e-03	-3.256216e+00
3.660000e-05	-4.331490e-02	-3.496794e+00
3.661000e-05	-3.118060e-02	-3.810269e+00
3.662000e-05	-6.834928e-02	-3.971378e+00
3.663000e-05	1.576242e-01	-4.129873e+00
3.664000e-05	-7.658833e-02	-4.353006e+00
3.665000e-05	3.882359e-02	-4.709398e+00
3.666000e-05	8.259355e-02	-4.921820e+00
3.667000e-05	-1.390085e-01	-5.299298e+00
3.668000e-05	1.476385e-01	-5.612977e+00
3.669000e-05	-1.414697e-01	-5.876191e+00
3.670000e-05	9.158545e-02	-6.190871e+00
3.671000e-05	2.940395e-02	-6.411481e+00
3.672000e-05	-5.492109e-02	-6.667249e+00
3.673000e-05	9.929903e-02	-7.010897e+00
3.674000e-05	-1.168448e-01	-7.226660e+00
3.675000e-05	1.016412e-01	-7.506769e+00
3.676000e-05	-5.900845e-02	-7.824478e+00
3.677000e-05	4.703502e-02	-8.067665e+00
3.678000e-05	4.626894e-02	-8.328691e+00
3.679000e-05	-5.520752e-02	-8.593006e+00
3.680000e-05	9.524377e-02	-8.803007e+00
3.681000e-05	-1.002243e-01	-9.064664e+00
3.682000e-05	7.154446e-02	-9.278765e+00
3.683000e-05	-3.509091e-02	-9.499215e+00
3.684000e-05	6.291185e-02	-9.760874e+00
3.685000e-05	1.208584e-02	-9.941399e+00
3.686000e-05	-8.524640e-03	-1.020453e+01
3.687000e-05	3.303228e-02	-1.040298e+01
3.688000e-05	-3.965163e-02	-1.063516e+01
3.689000e-05	5.906675e-02	-1.085316e+01
3.690000e-05	-3.584872e-02	-1.110571e+01
3.691000e-05	6.039290e-02	-1.127519e+01
3.692000e-05	-1.615125e-02	-1.150769e+01
3.693000e-05	3.859622e-02	-1.170825e+01
3.694000e-05	-1.199141e-02	-1.191774e+01
3.695000e-05	1.307085e-02	-1.213032e+01
3.696000e-05	1.188752e-02	-1.228714e+01
3.697000e-05	2.179068e-02	-1.247614e+01
3.698000e-05	2.874864e-02	-1.266601e+01
3.699000e-05	-6.991017e-04	-1.283551e+01
3.700000e-05	1.611833e-02	-1.299097e+01
3.701000e-05	-6.378578e-04	-1.314880e+01
3.702000e-05	2.501771e-02	-1.334827e+01
3.703000e-05	5.298680e-03	-1.347503e+01
3.704000e-05	2.804431e-02	-1.359255e+01
3.705000e-05	1.449470e-02	-1.374977e+01
3.706000e-05	2.597764e-02	-1.389719e+01
3.707000e-05	4.743041e-03	-1.404553e+01
3.708000e-05	1.082415e-02	-1.416995e+01
3.709000e-05	9.490676e-03	-1.428609e+01
3.710000e-05	2.668216e-02	-1.443198e+01
3.711000e-05	2.182372e-02	-1.453987e+01
3.712000e-05	2.075412e-02	-1.466366e+01
3.713000e-05	1.543804e-02	-1.474072e+01
3.714000e-05	1.725058e-02	-1.484563e+01
3.715000e-05	2.124094e-02	-1.490787e+01
3.716000e-05	1.721704e-02	-1.500250e+01
3.717000e-05	2.245022e-02	-1.511816e+01
3.718000e-05	2.194334e-02	-1.516989e+01
3.719000e-05	2.938947e-02	-1.523265e+01
3.720000e-05	1.953252e-02	-1.528711e+01
3.721000e-05	2.139345e-02	-1.537791e+01
3.722000e-05	1.984283e-02	-1.537203e+01
3.723000e-05	3.112247e-02	-1.550471e+01
3.724000e-05	3.078658e-02	-1.549824e+01
3.725000e-05	3.112853e-02	-1.553879e+01
3.726000e-05	2.821671e-02	-1.556090e+01
3.727000e-05	3.045332e-02	-1.557145e+01
3.728000e-05	3.360894e-02	-1.558348e+01
3.729000e-05	3.350995e-02	-1.562355e+01
3.730000e-05	3.713886e-02	-1.566456e+01
3.731000e-05	4.252867e-02	-1.564410e+01
3.732000e-05	5.050546e-02	-1.565503e+01
3.733000e-05	5.266748e-02	-1.560251e+01
3.734000e-05	5.406378e-02	-1.559242e+01
3.735000e-05	6.095279e-02	-1.556247e+01
3.736000e-05	7.411028e-02	-1.555927e+01
3.737000e-05	9.163581e-02	-1.554871e+01
3.738000e-05	1.139935e-01	-1.549468e+01
3.739000e-05	1.511903e-01	-1.545508e+01
3.740000e-05	2.102990e-01	-1.540050e+01
3.741000e-05	2.467635e-01	-1.534742e+01
3.742000e-05	2.500000e-01	-1.526619e+01
3.743000e-05	2.500000e-01	-1.521298e+01
3.744000e-05	2.499850e-01	-1.513782e+01
3.745000e-05	2.340561e-01	-1.507316e+01
3.746000e-05	1.739871e-01	-1.503045e+01
3.747000e-05	1.124353e-01	-1.492669e+01
3.748000e-05	7.887168e-02	-1.481198e+01
3.749000e-05	5.892640e-02	-1.472781e+01
3.750000e-05	4.621150e-02	-1.462255e+01
3.751000e-05	3.475764e-02	-1.454686e+01
3.752000e-05	2.874319e-02	-1.439847e+01
3.753000e-05	2.501836e-02	-1.427324e+01
3.754000e-05	2.025496e-02	-1.418734e+01
3.755000e-05	2.059427e-02	-1.400005e+01
3.756000e-05	1.498184e-02	-1.383463e+01
3.757000e-05	1.835502e-02	-1.371682e+01
3.758000e-05	1.750870e-02	-1.356940e+01
3.759000e-05	1.617033e-02	-1.342266e+01
3.760000e-05	1.390614e-02	-1.326516e+01
3.761000e-05	8.290097e-03	-1.309519e+01
3.762000e-05	1.082137e-02	-1.298040e+01
3.763000e-05	8.837863e-03	-1.282058e+01
3.764000e-05	1.228511e-02	-1.262260e+01
3.765000e-05	8.572172e-03	-1.241524e+01
3.766000e-05	9.972288e-03	-1.226374e+01
3.767000e-05	8.710714e-03	-1.214384e+01
3.768000e-05	8.277825e-03	-1.192576e+01
3.769000e-05	5.090526e-03	-1.170471e+01
3.770000e-05	2.790240e-03	-1.144423e+01
3.771000e-05	5.089170e-03	-1.125260e+01
3.772000e-05	5.940165e-03	-1.106008e+01
3.773000e-05	5.486518e-03	-1.081113e+01
3.774000e-05	2.902350e-03	-1.062113e+01
3.775000e-05	2.941878e-03	-1.041915e+01
3.776000e-05	2.926282e-03	-1.016692e+01
3.777000e-05	3.334939e-03	-9.946941e+00
3.778000e-05	1.605310e-03	-9.727815e+00
3.779000e-05	6.266685e-04	-9.525366e+00
3.780000e-05	2.216998e-03	-9.285708e+00
3.781000e-05	8.356108e-04	-9.051659e+00
3.782000e-05	-1.390998e-04	-8.841131e+00
3.783000e-05	-2.244511e-03	-8.596948e+00
3.784000e-05	-4.310127e-04	-8.335743e+00
3.785000e-05	1.699162e-04	-8.093183e+00
3.786000e-05	-2.234859e-04	-7.861126e+00
3.787000e-05	-1.595180e-03	-7.547966e+00
3.788000e-05	-2.828776e-03	-7.273765e+00
3.789000e-05	-3.311845e-03	-7.011075e+00
3.790000e-05	-3.338645e-03	-6.776368e+00
3.791000e-05	-4.096844e-03	-6.504813e+00
3.792000e-05	-3.599143e-03	-6.240705e+00
3.793000e-05	-2.988683e-03	-5.957918e+00
3.794000e-05	-3.614235e-03	-5.724313e+00
3.795000e-05	-2.811433e-03	-5.450077e+00
3.796000e-05	-6.547457e-03	-5.124215e+00
3.797000e-05	-5.242157e-03	-4.759392e+00
3.798000e-05	-5.496287e-03	-4.514885e+00
3.799000e-05	-4.907992e-03	-4.282233e+00
3.800000e-05	-5.899975e-03	-3.997974e+00
3.801000e-05	-6.795308e-03	-3.694839e+00
3.802000e-05	-6.308204e-03	-3.461052e+00
3.803000e-05	-7.681066e-03	-3.177473e+00
3.804000e-05	-6.011691e-03	-2.860079e+00
3.805000e-05	-8.485659e-03	-2.576897e+00
3.806000e-05	-5.571884e-03	-2.334358e+00
3.807000e-05	-6.852346e-03	-1.996972e+00
3.808000e-05	-6.506180e-03	-1.733338e+00
3.809000e-05	-9.661455e-03	-1.420103e+00
3.810000e-05	-9.170934e-03	-1.063284e+00
3.811000e-05	-9.015032e-03	-8.094486e-01
3.812000e-05	-7.719129e-03	-5.232802e-01
3.813000e-05	-6.616147e-03	-2.301022e-01
3.814000e-05	-3.969375e-03	5.403332e-02
3.815000e-05	6.561415e-03	3.278687e-01
3.816000e-05	-4.368905e-03	5.809528e-01
3.817000e-05	1.637147e-03	8.235298e-01
3.818000e-05	-5.766173e-03	1.179799e+00
3.819000e-05	-1.706325e-03	1.423455e+00
3.820000e-05	-3.960748e-03	1.758950e+00
3.821000e-05	9.932674e-03	1.990451e+00
3.822000e-05	4.333553e-02	2.232007e+00
3.823000e-05	8.309115e-02	2.550290e+00
3.824000e-05	-4.644572e-02	2.927187e+00
3.825000e-05	-5.027653e-02	3.182401e+00
3.826000e-05	-3.853563e-02	3.455092e+00
3.827000e-05	-2.364843e-02	3.748323e+00
3.828000e-05	-6.211136e-02	3.918896e+00
3.829000e-05	-1.794835e-02	4.190942e+00
3.830000e-05	1.039286e-01	4.486736e+00
3.831000e-05	-6.989545e-02	4.798349e+00
3.832000e-05	5.585646e-02	5.023521e+00
3.833000e-05	3.563619e-02	5.340774e+00
3.834000e-05	-1.080095e-01	5.660537e+00
3.835000e-05	6.357740e-02	5.917124e+00
3.836000e-05	-5.742085e-02	6.201899e+00
3.837000e-05	5.538446e-02	6.433082e+00
3.838000e-05	-2.761714e-02	6.738346e+00
3.839000e-05	-2.930112e-02	7.011974e+00
3.840000e-05	1.981458e-02	7.285636e+00
3.841000e-05	-4.183932e-02	7.549315e+00
3.842000e-05	2.855625e-02	7.835528e+00
3.843000e-05	-5.875740e-02	8.114714e+00
3.844000e-05	4.467165e-02	8.359246e+00
3.845000e-05	-5.650126e-03	8.570921e+00
3.846000e-05	-2.003653e-02	8.800922e+00
3.847000e-05	-2.741404e-03	9.044054e+00
3.848000e-05	-5.425848e-02	9.316191e+00
3.849000e-05	2.768745e-02	9.496719e+00
3.850000e-05	-1.529546e-02	9.738868e+00
3.851000e-05	1.379497e-02	9.951001e+00
3.852000e-05	-3.826625e-02	1.025215e+01
3.853000e-05	2.377740e-03	1.043355e+01
3.854000e-05	-9.470592e-03	1.067260e+01
3.855000e-05	-2.190556e-02	1.084406e+01
3.856000e-05	-1.364907e-02	1.109561e+01
3.857000e-05	-2.071937e-02	1.128511e+01
3.858000e-05	1.537123e-02	1.150583e+01
3.859000e-05	-1.947822e-02	1.169624e+01
3.860000e-05	-1.449190e-02	1.191871e+01
3.861000e-05	-3.544173e-02	1.209829e+01
3.862000e-05	2.867017e-06	1.229726e+01
3.863000e-05	-7.661644e-03	1.247458e+01
3.864000e-05	-8.126019e-03	1.259308e+01
3.865000e-05	-2.398148e-02	1.282253e+01
3.866000e-05	-1.923206e-02	1.293952e+01
3.867000e-05	-9.224729e-03	1.310827e+01
3.868000e-05	-2.257875e-02	1.328621e+01
3.869000e-05	-2.249126e-02	1.342215e+01
3.870000e-05	-2.359298e-02	1.359333e+01
3.871000e-05	-9.169405e-04	1.374824e+01
3.872000e-05	-1.339748e-02	1.385458e+01
3.873000e-05	-2.235906e-02	1.402248e+01
3.874000e-05	-3.462350e-02	1.416997e+01
3.875000e-05	-1.911537e-02	1.431824e+01
3.876000e-05	-1.297098e-02	1.444098e+01
3.877000e-05	-2.021498e-02	1.452889e+01
3.878000e-05	-2.647053e-02	1.462261e+01
3.879000e-05	-2.475396e-02	1.476837e+01
3.880000e-05	-1.384970e-02	1.485208e+01
3.881000e-05	-2.521898e-02	1.490674e+01
3.882000e-05	-3.034307e-02	1.497097e+01
3.883000e-05	-3.237363e-02	1.510266e+01
3.884000e-05	-1.915391e-02	1.513082e+01
3.885000e-05	-2.127091e-02	1.522205e+01
3.886000e-05	-3.111356e-02	1.527518e+01
3.887000e-05	-3.946584e-02	1.535671e+01
3.888000e-05	-3.400994e-02	1.543140e+01
3.889000e-05	-2.447113e-02	1.546163e+01
3.890000e-05	-3.200091e-02	1.549416e+01
3.891000e-05	-3.766801e-02	1.549826e+01
3.892000e-05	-3.875909e-02	1.554784e+01
3.893000e-05	-3.240402e-02	1.555884e+01
3.894000e-05	-3.843255e-02	1.559035e+01
3.895000e-05	-4.966604e-02	1.559200e+01
3.896000e-05	-5.293795e-02	1.558095e+01
3.897000e-05	-4.720716e-02	1.560097e+01
3.898000e-05	-4.529196e-02	1.558192e+01
3.899000e-05	-5.954368e-02	1.561042e+01
3.900000e-05	-7.081403e-02	1.556040e+01
3.901000e-05	-7.740239e-02	1.554731e+01
3.902000e-05	-8.148018e-02	1.551676e+01
3.903000e-05	-1.023486e-01	1.548418e+01
3.904000e-05	-1.360964e-01	1.551263e+01
3.905000e-05	-1.803578e-01	1.543005e+01
3.906000e-05	-2.294266e-01	1.534832e+01
3.907000e-05	-2.499990e-01	1.535471e+01
3.908000e-05	-2.500000e-01	1.524255e+01
3.909000e-05	-2.500000e-01	1.520992e+01
3.910000e-05	-2.498081e-01	1.513466e+01
3.911000e-05	-2.160075e-01	1.503110e+01
3.912000e-05	-1.545847e-01	1.491677e+01
3.913000e-05	-1.122172e-01	1.483460e+01
3.914000e-05	-8.215118e-02	1.472886e+01
3.915000e-05	-5.928981e-02	1.465368e+01
3.916000e-05	-4.609752e-02	1.459791e+01
3.917000e-05	-4.456016e-02	1.445356e+01
3.918000e-05	-4.050764e-02	1.434831e+01
3.919000e-05	-3.261722e-02	1.424055e+01
3.920000e-05	-2.623865e-02	1.405318e+01
3.921000e-05	-2.854668e-02	1.394684e+01
3.922000e-05	-3.026136e-02	1.382950e+01
3.923000e-05	-2.657659e-02	1.362410e+01
3.924000e-05	-2.111522e-02	1.349466e+01
3.925000e-05	-2.059257e-02	1.335889e+01
3.926000e-05	-2.586240e-02	1.320007e+01
3.927000e-05	-2.580154e-02	1.306160e+01
3.928000e-05	-2.021633e-02	1.287423e+01
3.929000e-05	-1.716637e-02	1.272626e+01
3.930000e-05	-2.074687e-02	1.257789e+01
3.931000e-05	-2.202168e-02	1.238852e+01
3.932000e-05	-1.878111e-02	1.220993e+01
3.933000e-05	-1.441571e-02	1.204103e+01
3.934000e-05	-1.715306e-02	1.183053e+01
3.935000e-05	-2.151223e-02	1.166042e+01
3.936000e-05	-1.903412e-02	1.137997e+01
3.937000e-05	-1.506015e-02	1.121642e+01
3.938000e-05	-1.305929e-02	1.097797e+01
3.939000e-05	-1.697283e-02	1.078900e+01
3.940000e-05	-1.758120e-02	1.059587e+01
3.941000e-05	-1.407084e-02	1.033484e+01
3.942000e-05	-1.199040e-02	1.014582e+01
3.943000e-05	-1.438293e-02	9.861756e+00
3.944000e-05	-1.721395e-02	9.621626e+00
3.945000e-05	-1.406543e-02	9.440048e+00
3.946000e-05	-1.002125e-02	9.230043e+00
3.947000e-05	-1.125064e-02	8.945947e+00
3.948000e-05	-1.482329e-02	8.725788e+00
3.949000e-05	-1.421661e-02	8.483736e+00
3.950000e-05	-9.871689e-03	8.251626e+00
3.951000e-05	-8.441720e-03	8.037472e+00
3.952000e-05	-1.158836e-02	7.745411e+00
3.953000e-05	-1.382472e-02	7.472153e+00
3.954000e-05	-1.053917e-02	7.208447e+00
3.955000e-05	-8.497821e-03	6.944364e+00
3.956000e-05	-1.002269e-02	6.692257e+00
3.957000e-05	-1.264028e-02	6.387495e+00
3.958000e-05	-1.185284e-02	6.157388e+00
3.959000e-05	-8.251465e-03	5.902253e+00
3.960000e-05	-7.693875e-03	5.597520e+00
3.961000e-05	-1.074312e-02	5.336966e+00
3.962000e-05	-1.106122e-02	4.967491e+00
3.963000e-05	-7.885304e-03	4.702831e+00
3.964000e-05	-6.101023e-03	4.439602e+00
3.965000e-05	-7.806497e-03	4.154813e+00
3.966000e-05	-1.051057e-02	3.882204e+00
3.967000e-05	-8.787327e-03	3.576976e+00
3.968000e-05	-6.297966e-03	3.303284e+00
3.969000e-05	-7.188902e-03	3.038524e+00
3.970000e-05	-9.894347e-03	2.765997e+00
3.971000e-05	-9.159251e-03	2.460151e+00
3.972000e-05	-5.550992e-03	2.165417e+00
3.973000e-05	-4.841952e-03	1.922836e+00
3.974000e-05	-8.048894e-03	1.608018e+00
3.975000e-05	-8.011109e-03	1.324334e+00
3.976000e-05	-6.186101e-03	1.007468e+00
3.977000e-05	-4.187535e-03	6.616812e-01
3.978000e-05	-5.456402e-03	4.060958e-01
3.979000e-05	-5.658392e-03	7.178378e-02
3.980000e-05	-6.186190e-04	-1.808743e-01
3.981000e-05	1.004437e-02	-4.130285e-01
3.982000e-05	-1.504755e-03	-7.006702e-01
3.983000e-05	3.498984e-03	-9.709030e-01
3.984000e-05	-4.260818e-03	-1.246669e+00
3.985000e-05	2.848690e-03	-1.561450e+00
3.986000e-05	4.643590e-03	-1.772006e+00
3.987000e-05	4.028390e-02	-2.014108e+00
3.988000e-05	1.036492e-01	-2.299277e+00
3.989000e-05	-1.447627e-02	-2.680822e+00
3.990000e-05	-4.439865e-02	-3.118754e+00
3.991000e-05	-2.240139e-02	-3.411553e+00
3.992000e-05	-3.465755e-02	-3.613028e+00
3.993000e-05	-6.814520e-02	-3.835064e+00
3.994000e-05	4.661007e-02	-4.043708e+00
3.995000e-05	9.595380e-02	-4.284608e+00
3.996000e-05	-1.294703e-01	-4.612478e+00
3.997000e-05	1.860071e-01	-4.863632e+00
3.998000e-05	-1.095902e-01	-5.121377e+00
3.999000e-05	3.893647e-02	-5.517739e+00
4.000000e-05	1.295944e-02	-5.719293e+00
4.001000e-05	-8.612258e-02	-6.065610e+00
4.002000e-05	1.619272e-01	-6.287690e+00
4.003000e-05	-1.053116e-01	-6.612999e+00
4.004000e-05	9.258027e-02	-6.846611e+00
4.005000e-05	-4.223959e-02	-7.119197e+00
4.006000e-05	-1.422444e-02	-7.423532e+00
4.007000e-05	6.249533e-02	-7.687634e+00
4.008000e-05	-7.589861e-02	-7.940429e+00
4.009000e-05	1.272917e-01	-8.202499e+00
4.010000e-05	-7.635666e-02	-8.435509e+00
4.011000e-05	7.179423e-02	-8.728820e+00
4.012000e-05	-2.055364e-02	-8.970246e+00
4.013000e-05	-2.791855e-02	-9.200476e+00
4.014000e-05	4.995790e-02	-9.402426e+00
4.015000e-05	-3.189516e-02	-9.654085e+00
4.016000e-05	9.520642e-02	-9.835661e+00
4.017000e-05	-5.660550e-02	-1.011727e+01
4.018000e-05	6.253142e-02	-1.034776e+01
4.019000e-05	-4.650004e-02	-1.057030e+01
4.020000e-05	3.863927e-02	-1.073085e+01
4.021000e-05	-2.580356e-03	-1.095137e+01
4.022000e-05	1.417678e-02	-1.117985e+01
4.023000e-05	3.072679e-02	-1.138247e+01
4.024000e-05	-3.778215e-03	-1.162498e+01
4.025000e-05	3.437692e-02	-1.184463e+01
4.026000e-05	-2.317464e-02	-1.202708e+01
4.027000e-05	3.281285e-02	-1.221350e+01
4.028000e-05	-2.976693e-03	-1.236293e+01
4.029000e-05	4.521938e-02	-1.258135e+01
4.030000e-05	2.012406e-04	-1.276084e+01
4.031000e-05	1.759053e-02	-1.293837e+01
4.032000e-05	-6.397227e-04	-1.304464e+01
4.033000e-05	1.676959e-02	-1.325611e+01
4.034000e-05	1.151072e-02	-1.341088e+01
4.035000e-05	1.646875e-02	-1.351934e+01
4.036000e-05	2.283403e-02	-1.367759e+01
4.037000e-05	1.948999e-02	-1.385416e+01
4.038000e-05	1.843286e-02	-1.396230e+01
4.039000e-05	5.090496e-03	-1.410677e+01
4.040000e-05	1.191123e-02	-1.421406e+01
4.041000e-05	1.530513e-02	-1.435995e+01
4.042000e-05	2.744993e-02	-1.445674e+01
4.043000e-05	1.938234e-02	-1.462047e+01
4.044000e-05	2.117709e-02	-1.470569e+01
4.045000e-05	1.350486e-02	-1.477143e+01
4.046000e-05	2.238092e-02	-1.492524e+01
4.047000e-05	1.602735e-02	-1.495990e+01
4.048000e-05	2.115660e-02	-1.503506e+01
4.049000e-05	1.995491e-02	-1.513729e+01
4.050000e-05	2.709679e-02	-1.518245e+01
4.051000e-05	2.446738e-02	-1.525418e+01
4.052000e-05	2.059576e-02	-1.533832e+01
4.053000e-05	1.996776e-02	-1.539040e+01
4.054000e-05	2.504868e-02	-1.543363e+01
4.055000e-05	3.304780e-02	-1.550766e+01
4.056000e-05	3.021572e-02	-1.552784e+01
4.057000e-05	3.038433e-02	-1.557937e+01
4.058000e-05	2.839771e-02	-1.556232e+01
4.059000e-05	3.367370e-02	-1.563200e+01
4.060000e-05	3.373474e-02	-1.561201e+01
4.061000e-05	3.475342e-02	-1.560266e+01
4.062000e-05	3.961636e-02	-1.563511e+01
4.063000e-05	4.605169e-02	-1.566305e+01
4.064000e-05	5.313224e-02	-1.561350e+01
4.065000e-05	5.229733e-02	-1.560197e+01
4.066000e-05	5.843104e-02	-1.563290e+01
4.067000e-05	6.892196e-02	-1.560034e+01
4.068000e-05	8.249260e-02	-1.555081e+01
4.069000e-05	1.035446e-01	-1.551576e+01
4.070000e-05	1.275292e-01	-1.549616e+01
4.071000e-05	1.794877e-01	-1.540205e+01
4.072000e-05	2.302443e-01	-1.537854e+01
4.073000e-05	2.500000e-01	-1.529622e+01
4.074000e-05	2.500000e-01	-1.524406e+01
4.075000e-05	2.500000e-01	-1.517947e+01
4.076000e-05	2.484299e-01	-1.509673e+01
4.077000e-05	2.058315e-01	-1.502050e+01
4.078000e-05	1.374859e-01	-1.494889e+01
4.079000e-05	8.983937e-02	-1.487261e+01
4.080000e-05	6.456162e-02	-1.478949e+01
4.081000e-05	5.128065e-02	-1.465576e+01
4.082000e-05	4.061183e-02	-1.459998e+01
4.083000e-05	3.323772e-02	-1.447318e+01
4.084000e-05	2.724894e-02	-1.435776e+01
4.085000e-05	2.473479e-02	-1.420000e+01
4.086000e-05	2.106190e-02	-1.407571e+01
4.087000e-05	1.748506e-02	-1.393624e+01
4.088000e-05	1.605092e-02	-1.380092e+01
4.089000e-05	1.527249e-02	-1.362221e+01
4.090000e-05	1.680352e-02	-1.350474e+01
4.091000e-05	1.306876e-02	-1.337839e+01
4.092000e-05	1.134054e-02	-1.319055e+01
4.093000e-05	1.082656e-02	-1.307265e+01
4.094000e-05	1.234284e-02	-1.283526e+01
4.095000e-05	1.180700e-02	-1.272681e+01
4.096000e-05	9.726777e-03	-1.256742e+01
4.097000e-05	8.053492e-03	-1.236839e+01
4.098000e-05	7.030296e-03	-1.221943e+01
4.099000e-05	7.205166e-03	-1.199955e+01
4.100000e-05	5.256627e-03	-1.181952e+01
4.101000e-05	4.615472e-03	-1.157942e+01
4.102000e-05	4.841981e-03	-1.135797e+01
4.103000e-05	6.534698e-03	-1.116626e+01
4.104000e-05	5.691777e-03	-1.090576e+01
4.105000e-05	3.573027e-03	-1.071686e+01
4.106000e-05	2.516018e-03	-1.051542e+01
4.107000e-05	2.573334e-03	-1.030529e+01
4.108000e-05	2.818552e-03	-1.002361e+01
4.109000e-05	1.759969e-03	-9.862554e+00
4.110000e-05	8.616397e-04	-9.662103e+00
4.111000e-05	1.312933e-03	-9.399550e+00
4.112000e-05	8.248323e-04	-9.177317e+00
4.113000e-05	1.074123e-03	-8.928421e+00
4.114000e-05	-1.078988e-03	-8.726261e+00
4.115000e-05	-5.416293e-04	-8.481081e+00
4.116000e-05	1.010656e-04	-8.209976e+00
4.117000e-05	1.433918e-04	-7.997969e+00
4.118000e-05	-2.182781e-03	-7.723655e+00
4.119000e-05	-3.808880e-03	-7.410650e+00
4.120000e-05	-3.006201e-03	-7.168492e+00
4.121000e-05	-3.382166e-03	-6.860604e+00
4.122000e-05	-1.982872e-03	-6.659547e+00
4.123000e-05	-4.307027e-03	-6.377471e+00
4.124000e-05	-2.061328e-03	-6.062708e+00
4.125000e-05	-4.449798e-03	-5.828552e+00
4.126000e-05	-3.891648e-03	-5.566920e+00
4.127000e-05	-6.983831e-03	-5.230158e+00
4.128000e-05	-6.139333e-03	-4.994865e+00
4.129000e-05	-4.967368e-03	-4.619527e+00
4.130000e-05	-4.125988e-03	-4.388425e+00
4.131000e-05	-5.288448e-03	-4.116364e+00
4.132000e-05	-6.005547e-03	-3.881182e+00
4.133000e-05	-7.340822e-03	-3.568421e+00
4.134000e-05	-7.180869e-03	-3.315233e+00
4.135000e-05	-7.394679e-03	-2.989046e+00
4.136000e-05	-6.448667e-03	-2.704310e+00
4.137000e-05	-6.385757e-03	-2.420100e+00
4.138000e-05	-6.207648e-03	-2.114789e+00
4.139000e-05	-7.045004e-03	-1.851733e+00
4.140000e-05	-9.031285e-03	-1.595898e+00
4.141000e-05	-8.918541e-03	-1.190074e+00
4.142000e-05	-8.778461e-03	-9.353954e-01
4.143000e-05	-7.425727e-03	-6.816559e-01
4.144000e-05	-7.825551e-03	-3.453680e-01
4.145000e-05	-6.166025e-03	-7.125878e-02
4.146000e-05	2.251235e-03	2.115004e-01
4.147000e-05	2.277656e-03	4.861333e-01
4.148000e-05	-4.228709e-03	7.272936e-01
4.149000e-05	-6.216691e-04	9.899071e-01
4.150000e-05	-4.234269e-03	1.317215e+00
4.151000e-05	-1.723721e-03	1.613926e+00
4.152000e-05	2.125684e-04	1.885711e+00
4.153000e-05	2.279235e-02	2.086666e+00
4.154000e-05	7.528318e-02	2.351398e+00
4.155000e-05	2.808678e-02	2.720851e+00
4.156000e-05	-7.520896e-02	3.043536e+00
4.157000e-05	-3.347862e-02	3.359290e+00
4.158000e-05	-3.592572e-02	3.633001e+00
4.159000e-05	-3.304909e-02	3.854633e+00
4.160000e-05	-6.591026e-02	4.085132e+00
4.161000e-05	6.035097e-02	4.317297e+00
4.162000e-05	4.412709e-02	4.655033e+00
4.163000e-05	-7.831595e-02	4.865689e+00
4.164000e-05	1.421235e-01	5.172927e+00
4.165000e-05	-1.207241e-01	5.517220e+00
4.166000e-05	1.874453e-02	5.762450e+00
4.167000e-05	-4.161246e-03	6.055137e+00
4.168000e-05	-1.393020e-02	6.307166e+00
4.169000e-05	4.809853e-02	6.591398e+00
4.170000e-05	-7.314267e-02	6.866186e+00
4.171000e-05	3.352009e-02	7.098214e+00
4.172000e-05	-4.253284e-02	7.432949e+00
4.173000e-05	1.484245e-02	7.686164e+00
4.174000e-05	-2.996696e-02	7.961949e+00
4.175000e-05	-8.513586e-03	8.284110e+00
4.176000e-05	3.751171e-02	8.466161e+00
4.177000e-05	-3.085784e-02	8.676665e+00
4.178000e-05	4.450202e-03	8.899814e+00
4.179000e-05	-4.274838e-02	9.160352e+00
4.180000e-05	-1.215605e-02	9.402476e+00
4.181000e-05	1.216597e-02	9.624631e+00
4.182000e-05	-2.674649e-03	9.885635e+00
4.183000e-05	-9.700982e-03	1.009724e+01
4.184000e-05	-2.629179e-02	1.032822e+01
4.185000e-05	6.314840e-03	1.052730e+01
4.186000e-05	-2.248611e-02	1.072987e+01
4.187000e-05	-1.605411e-02	1.095990e+01
4.188000e-05	-2.114912e-02	1.118347e+01
4.189000e-05	-1.388079e-03	1.141138e+01
4.190000e-05	2.605529e-03	1.161240e+01
4.191000e-05	-1.969236e-02	1.181260e+01
4.192000e-05	-2.608247e-02	1.201202e+01
4.193000e-05	-2.023071e-02	1.219245e+01
4.194000e-05	1.594594e-04	1.234042e+01
4.195000e-05	-6.894691e-03	1.253929e+01
4.196000e-05	-1.927402e-02	1.270669e+01
4.197000e-05	-2.277144e-02	1.291766e+01
4.198000e-05	-1.468896e-02	1.309466e+01
4.199000e-05	-1.177340e-02	1.321298e+01
4.200000e-05	-2.391366e-02	1.335992e+01
4.201000e-05	-2.541789e-02	1.353769e+01
4.202000e-05	-1.145706e-02	1.367618e+01
4.203000e-05	-5.379918e-03	1.378205e+01
4.204000e-05	-1.596118e-02	1.392939e+01
4.205000e-05	-3.375235e-02	1.405767e+01
4.206000e-05	-2.534053e-02	1.426464e+01
4.207000e-05	-1.631002e-02	1.438082e+01
4.208000e-05	-1.213047e-02	1.450668e+01
4.209000e-05	-2.607867e-02	1.458143e+01
4.210000e-05	-2.687734e-02	1.470629e+01
4.211000e-05	-1.997380e-02	1.477135e+01
4.212000e-05	-1.876770e-02	1.485613e+01
4.213000e-05	-2.693350e-02	1.493789e+01
4.214000e-05	-3.389542e-02	1.502413e+01
4.215000e-05	-2.424959e-02	1.511728e+01
4.216000e-05	-2.047442e-02	1.520087e+01
4.217000e-05	-2.295668e-02	1.526363e+01
4.218000e-05	-3.929686e-02	1.530679e+01
4.219000e-05	-3.726721e-02	1.537995e+01
4.220000e-05	-2.954136e-02	1.544152e+01
4.221000e-05	-2.605521e-02	1.548311e+01
4.222000e-05	-3.446284e-02	1.549779e+01
4.223000e-05	-4.059207e-02	1.555631e+01
4.224000e-05	-3.478818e-02	1.552792e+01
4.225000e-05	-3.571654e-02	1.557040e+01
4.226000e-05	-4.209767e-02	1.557042e+01
4.227000e-05	-5.413423e-02	1.559205e+01
4.228000e-05	-5.008567e-02	1.559050e+01
4.229000e-05	-4.617958e-02	1.558902e+01
4.230000e-05	-5.114621e-02	1.557997e+01
4.231000e-05	-6.612354e-02	1.557850e+01
4.232000e-05	-7.635172e-02	1.555989e+01
4.233000e-05	-7.900280e-02	1.553577e+01
4.234000e-05	-9.029171e-02	1.551628e+01
4.235000e-05	-1.174905e-01	1.548373e+01
4.236000e-05	-1.582639e-01	1.542105e+01
4.237000e-05	-2.092634e-01	1.542994e+01
4.238000e-05	-2.443611e-01	1.531774e+01
4.239000e-05	-2.500000e-01	1.525408e+01
4.240000e-05	-2.500000e-01	1.521142e+01
4.241000e-05	-2.500000e-01	1.518931e+01
4.242000e-05	-2.390159e-01	1.505461e+01
4.243000e-05	-1.855990e-01	1.498942e+01
4.244000e-05	-1.271431e-01	1.488568e+01
4.245000e-05	-9.602880e-02	1.479950e+01
4.246000e-05	-6.782175e-02	1.469678e+01
4.247000e-05	-5.053272e-02	1.461855e+01
4.248000e-05	-4.398077e-02	1.449534e+01
4.249000e-05	-4.386347e-02	1.439955e+01
4.250000e-05	-3.698935e-02	1.430328e+01
4.251000e-05	-2.849708e-02	1.411744e+01
4.252000e-05	-2.669518e-02	1.400007e+01
4.253000e-05	-3.024879e-02	1.388166e+01
4.254000e-05	-2.977047e-02	1.370626e+01
4.255000e-05	-2.334263e-02	1.354789e+01
4.256000e-05	-2.001886e-02	1.341005e+01
4.257000e-05	-2.313524e-02	1.328368e+01
4.258000e-05	-2.620393e-02	1.311531e+01
4.259000e-05	-2.209317e-02	1.295890e+01
4.260000e-05	-1.811622e-02	1.276902e+01
4.261000e-05	-1.937752e-02	1.260948e+01
4.262000e-05	-2.289974e-02	1.247326e+01
4.263000e-05	-2.216084e-02	1.228271e+01
4.264000e-05	-1.558997e-02	1.208526e+01
4.265000e-05	-1.436834e-02	1.189469e+01
4.266000e-05	-1.950298e-02	1.172426e+01
4.267000e-05	-2.096703e-02	1.150471e+01
4.268000e-05	-1.663131e-02	1.126313e+01
4.269000e-05	-1.186426e-02	1.104258e+01
4.270000e-05	-1.526597e-02	1.085371e+01
4.271000e-05	-1.844950e-02	1.068220e+01
4.272000e-05	-1.637769e-02	1.046313e+01
4.273000e-05	-1.152884e-02	1.022853e+01
4.274000e-05	-1.206533e-02	1.000957e+01
4.275000e-05	-1.561787e-02	9.799342e+00
4.276000e-05	-1.728576e-02	9.524838e+00
4.277000e-05	-1.223042e-02	9.304815e+00
4.278000e-05	-9.684139e-03	9.093729e+00
4.279000e-05	-1.238301e-02	8.870076e+00
4.280000e-05	-1.556711e-02	8.599026e+00
4.281000e-05	-1.251782e-02	8.397446e+00
4.282000e-05	-8.752731e-03	8.135687e+00
4.283000e-05	-1.025991e-02	7.880706e+00
4.284000e-05	-1.277305e-02	7.629047e+00
4.285000e-05	-1.260822e-02	7.322710e+00
4.286000e-05	-8.625653e-03	7.042152e+00
4.287000e-05	-8.623510e-03	6.819098e+00
4.288000e-05	-1.097749e-02	6.525313e+00
4.289000e-05	-1.219455e-02	6.281659e+00
4.290000e-05	-9.811200e-03	6.009054e+00
4.291000e-05	-6.953543e-03	5.702837e+00
4.292000e-05	-9.088019e-03	5.501159e+00
4.293000e-05	-1.171452e-02	5.197543e+00
4.294000e-05	-1.027876e-02	4.790576e+00
4.295000e-05	-7.051145e-03	4.566939e+00
4.296000e-05	-6.556212e-03	4.314836e+00
4.297000e-05	-9.358190e-03	3.987998e+00
4.298000e-05	-1.004769e-02	3.693912e+00
4.299000e-05	-7.330155e-03	3.453102e+00
4.300000e-05	-6.070386e-03	3.155892e+00
4.301000e-05	-7.799006e-03	2.892735e+00
4.302000e-05	-9.802555e-03	2.638473e+00
4.303000e-05	-7.568816e-03	2.292756e+00
4.304000e-05	-5.795457e-03	2.039103e+00
4.305000e-05	-5.931503e-03	1.784968e+00
4.306000e-05	-7.810354e-03	1.450127e+00
4.307000e-05	-8.214032e-03	1.162314e+00
4.308000e-05	-5.312054e-03	8.195744e-01
4.309000e-05	-3.904652e-03	4.943640e-01
4.310000e-05	-5.360383e-03	2.711545e-01
4.311000e-05	-4.056054e-03	-8.513457e-02
4.312000e-05	5.465451e-03	-2.978172e-01
4.313000e-05	3.659492e-03	-5.809568e-01
4.314000e-05	2.176158e-04	-8.961884e-01
4.315000e-05	1.788222e-04	-1.099266e+00
4.316000e-05	7.978945e-05	-1.444160e+00
4.317000e-05	2.808571e-03	-1.707214e+00
4.318000e-05	1.864508e-02	-1.907219e+00
4.319000e-05	7.791437e-02	-2.151423e+00
4.320000e-05	7.047281e-02	-2.540297e+00
4.321000e-05	-7.156654e-02	-2.889794e+00
4.322000e-05	-1.046192e-02	-3.276710e+00
4.323000e-05	-4.311967e-02	-3.488769e+00
4.324000e-05	-3.448813e-02	-3.751871e+00
4.325000e-05	-6.064160e-02	-4.001400e+00
4.326000e-05	1.589641e-01	-4.147819e+00
4.327000e-05	-8.830586e-02	-4.415057e+00
4.328000e-05	5.501172e-02	-4.779295e+00
4.329000e-05	6.469776e-02	-4.983471e+00
4.330000e-05	-1.264953e-01	-5.381427e+00
4.331000e-05	1.405624e-01	-5.633004e+00
4.332000e-05	-1.485742e-01	-5.869138e+00
4.333000e-05	1.033426e-01	-6.171475e+00
4.334000e-05	1.423450e-02	-6.434483e+00
4.335000e-05	-3.816376e-02	-6.740247e+00
4.336000e-05	9.057978e-02	-6.953498e+00
4.337000e-05	-1.111624e-01	-7.276614e+00
4.338000e-05	1.021834e-01	-7.560342e+00
4.339000e-05	-6.734585e-02	-7.803980e+00
4.340000e-05	5.871080e-02	-8.117694e+00
4.341000e-05	3.087951e-02	-8.306789e+00
4.342000e-05	-4.301488e-02	-8.622953e+00
4.343000e-05	8.676235e-02	-8.815083e+00
4.344000e-05	-9.532055e-02	-9.075187e+00
4.345000e-05	7.363128e-02	-9.309685e+00
4.346000e-05	-3.918036e-02	-9.537843e+00
4.347000e-05	6.936967e-02	-9.791347e+00
4.348000e-05	2.691786e-03	-9.981348e+00
4.349000e-05	-1.128240e-04	-1.021445e+01
4.350000e-05	2.350818e-02	-1.043366e+01
4.351000e-05	-3.276703e-02	-1.066511e+01
4.352000e-05	5.446044e-02	-1.087710e+01
4.353000e-05	-3.155202e-02	-1.107566e+01
4.354000e-05	5.916997e-02	-1.128529e+01
4.355000e-05	-1.774096e-02	-1.149867e+01
4.356000e-05	3.925117e-02	-1.173829e+01
4.357000e-05	-1.517571e-02	-1.195932e+01
4.358000e-05	1.610530e-02	-1.210829e+01
4.359000e-05	9.267772e-03	-1.231562e+01
4.360000e-05	2.449366e-02	-1.247924e+01
4.361000e-05	2.558078e-02	-1.266566e+01
4.362000e-05	1.325632e-03	-1.281418e+01
4.363000e-05	1.461679e-02	-1.300095e+01
4.364000e-05	-5.214152e-04	-1.315039e+01
4.365000e-05	2.347848e-02	-1.332727e+01
4.366000e-05	5.547473e-03	-1.349504e+01
4.367000e-05	2.821675e-02	-1.364106e+01
4.368000e-05	1.515730e-02	-1.375885e+01
4.369000e-05	2.622225e-02	-1.392822e+01
4.370000e-05	5.340563e-03	-1.402463e+01
4.371000e-05	1.190298e-02	-1.419138e+01
4.372000e-05	8.502101e-03	-1.429621e+01
4.373000e-05	2.493058e-02	-1.443451e+01
4.374000e-05	2.060944e-02	-1.451134e+01
4.375000e-05	2.216621e-02	-1.467461e+01
4.376000e-05	1.553081e-02	-1.476979e+01
4.377000e-05	1.873139e-02	-1.482510e+01
4.378000e-05	2.012904e-02	-1.494629e+01
4.379000e-05	1.801879e-02	-1.501248e+01
4.380000e-05	2.209537e-02	-1.512571e+01
4.381000e-05	2.132079e-02	-1.518097e+01
4.382000e-05	2.780993e-02	-1.525306e+01
4.383000e-05	1.899038e-02	-1.528521e+01
4.384000e-05	2.046887e-02	-1.536142e+01
4.385000e-05	2.075464e-02	-1.541056e+01
4.386000e-05	3.125120e-02	-1.545463e+01
4.387000e-05	3.173853e-02	-1.549684e+01
4.388000e-05	3.088240e-02	-1.551977e+01
4.389000e-05	2.901928e-02	-1.556090e+01
4.390000e-05	3.110345e-02	-1.559093e+01
4.391000e-05	3.397701e-02	-1.561353e+01
4.392000e-05	3.330545e-02	-1.566355e+01
4.393000e-05	3.734376e-02	-1.564358e+01
4.394000e-05	4.298478e-02	-1.565413e+01
4.395000e-05	4.986605e-02	-1.568303e+01
4.396000e-05	5.337136e-02	-1.559305e+01
4.397000e-05	5.424163e-02	-1.559240e+01
4.398000e-05	6.211076e-02	-1.558995e+01
4.399000e-05	7.515888e-02	-1.554935e+01
4.400000e-05	9.295439e-02	-1.552731e+01
4.401000e-05	1.149944e-01	-1.546516e+01
4.402000e-05	1.531629e-01	-1.542308e+01
4.403000e-05	2.124120e-01	-1.537098e+01
4.404000e-05	2.467800e-01	-1.532779e+01
4.405000e-05	2.500000e-01	-1.527574e+01
4.406000e-05	2.500000e-01	-1.521298e+01
4.407000e-05	2.499650e-01	-1.512629e+01
4.408000e-05	2.314108e-01	-1.505218e+01
4.409000e-05	1.705287e-01	-1.499945e+01
4.410000e-05	1.098348e-01	-1.488571e+01
4.411000e-05	7.670005e-02	-1.484153e+01
4.412000e-05	5.864675e-02	-1.472824e+01
4.413000e-05	4.607945e-02	-1.464258e+01
4.414000e-05	3.552467e-02	-1.450634e+01
4.415000e-05	2.817929e-02	-1.437052e+01
4.416000e-05	2.477071e-02	-1.430266e+01
4.417000e-05	2.284717e-02	-1.414782e+01
4.418000e-05	1.874604e-02	-1.403107e+01
4.419000e-05	1.665482e-02	-1.383466e+01
4.420000e-05	1.636513e-02	-1.372629e+01
4.421000e-05	1.670846e-02	-1.353805e+01
4.422000e-05	1.562032e-02	-1.346300e+01
4.423000e-05	1.157166e-02	-1.324364e+01
4.424000e-05	9.916886e-03	-1.310579e+01
4.425000e-05	1.082719e-02	-1.296944e+01
4.426000e-05	1.152644e-02	-1.279155e+01
4.427000e-05	1.049856e-02	-1.266161e+01
4.428000e-05	8.705405e-03	-1.248414e+01
4.429000e-05	8.840684e-03	-1.226316e+01
4.430000e-05	9.199036e-03	-1.209679e+01
4.431000e-05	6.610856e-03	-1.191331e+01
4.432000e-05	4.699645e-03	-1.170371e+01
4.433000e-05	3.812014e-03	-1.147308e+01
4.434000e-05	5.264802e-03	-1.125208e+01
4.435000e-05	5.485155e-03	-1.102062e+01
4.436000e-05	4.559416e-03	-1.081157e+01
4.437000e-05	2.517500e-03	-1.062060e+01
4.438000e-05	3.157085e-03	-1.040905e+01
4.439000e-05	3.561196e-03	-1.022987e+01
4.440000e-05	3.112959e-03	-9.915919e+00
4.441000e-05	1.167511e-03	-9.746342e+00
4.442000e-05	9.617184e-04	-9.506366e+00
4.443000e-05	1.570026e-03	-9.252733e+00
4.444000e-05	6.303242e-04	-9.072602e+00
4.445000e-05	-1.268090e-03	-8.841124e+00
4.446000e-05	-1.587031e-03	-8.556949e+00
4.447000e-05	2.600726e-05	-8.306317e+00
4.448000e-05	4.079165e-04	-8.095688e+00
4.449000e-05	-1.290864e-03	-7.860577e+00
4.450000e-05	-2.767697e-03	-7.505316e+00
4.451000e-05	-2.210271e-03	-7.294737e+00
4.452000e-05	-2.716674e-03	-7.018599e+00
4.453000e-05	-3.453096e-03	-6.726342e+00
4.454000e-05	-4.421632e-03	-6.504334e+00
4.455000e-05	-3.753905e-03	-6.220574e+00
4.456000e-05	-3.650675e-03	-5.957390e+00
4.457000e-05	-3.413422e-03	-5.684260e+00
4.458000e-05	-4.565600e-03	-5.429543e+00
4.459000e-05	-6.304486e-03	-5.082309e+00
4.460000e-05	-4.891391e-03	-4.737941e+00
4.461000e-05	-4.102514e-03	-4.493710e+00
4.462000e-05	-6.109901e-03	-4.251183e+00
4.463000e-05	-6.094719e-03	-4.008026e+00
4.464000e-05	-7.033316e-03	-3.683714e+00
4.465000e-05	-5.638699e-03	-3.430054e+00
4.466000e-05	-8.920487e-03	-3.144914e+00
4.467000e-05	-6.042085e-03	-2.819604e+00
4.468000e-05	-7.834619e-03	-2.607417e+00
4.469000e-05	-4.517400e-03	-2.323681e+00
4.470000e-05	-6.651279e-03	-1.976872e+00
4.471000e-05	-7.476618e-03	-1.702835e+00
4.472000e-05	-9.268821e-03	-1.460123e+00
4.473000e-05	-7.990344e-03	-1.052231e+00
4.474000e-05	-8.921826e-03	-8.196497e-01
4.475000e-05	-9.355563e-03	-5.137089e-01
4.476000e-05	-7.766578e-03	-2.489997e-01
4.477000e-05	-2.878088e-03	4.553457e-02
4.478000e-05	7.140666e-03	3.409514e-01
4.479000e-05	-4.319421e-03	5.814306e-01
4.480000e-05	1.750752e-03	8.456808e-01
4.481000e-05	-5.010401e-03	1.180429e+00
4.482000e-05	-2.449239e-04	1.436033e+00
4.483000e-05	-4.758849e-03	1.739374e+00
4.484000e-05	1.038535e-02	1.992477e+00
4.485000e-05	4.623951e-02	2.263556e+00
4.486000e-05	8.059987e-02	2.590316e+00
4.487000e-05	-5.126184e-02	2.906716e+00
4.488000e-05	-4.848224e-02	3.171928e+00
4.489000e-05	-3.903456e-02	3.466663e+00
4.490000e-05	-2.325220e-02	3.778848e+00
4.491000e-05	-6.344022e-02	3.930426e+00
4.492000e-05	-1.124883e-02	4.201454e+00
4.493000e-05	1.010165e-01	4.526715e+00
4.494000e-05	-7.761653e-02	4.789977e+00
4.495000e-05	6.889076e-02	5.053532e+00
4.496000e-05	1.758766e-02	5.381326e+00
4.497000e-05	-9.762375e-02	5.624535e+00
4.498000e-05	5.978405e-02	5.919249e+00
4.499000e-05	-5.510770e-02	6.219977e+00
4.500000e-05	5.945798e-02	6.422980e+00
4.501000e-05	-3.641728e-02	6.758323e+00
4.502000e-05	-2.278755e-02	7.000949e+00
4.503000e-05	1.090943e-02	7.286686e+00
4.504000e-05	-3.799241e-02	7.569869e+00
4.505000e-05	2.339792e-02	7.864580e+00
4.506000e-05	-5.423749e-02	8.095896e+00
4.507000e-05	4.654473e-02	8.330447e+00
4.508000e-05	-8.236334e-03	8.630523e+00
4.509000e-05	-1.830627e-02	8.812973e+00
4.510000e-05	-7.260395e-03	9.044560e+00
4.511000e-05	-5.326473e-02	9.275815e+00
4.512000e-05	2.613379e-02	9.508773e+00
4.513000e-05	-1.455407e-02	9.751424e+00
4.514000e-05	1.367272e-02	9.983402e+00
4.515000e-05	-3.804924e-02	1.022297e+01
4.516000e-05	2.458120e-03	1.043453e+01
4.517000e-05	-1.105988e-02	1.061463e+01
4.518000e-05	-2.198336e-02	1.087561e+01
4.519000e-05	-1.455712e-02	1.107558e+01
4.520000e-05	-2.050632e-02	1.132734e+01
4.521000e-05	1.424564e-02	1.149817e+01
4.522000e-05	-1.941445e-02	1.171777e+01
4.523000e-05	-1.516219e-02	1.192777e+01
4.524000e-05	-3.545555e-02	1.210724e+01
4.525000e-05	-1.416476e-05	1.230731e+01
4.526000e-05	-8.043728e-03	1.248611e+01
4.527000e-05	-9.948272e-03	1.263413e+01
4.528000e-05	-2.544610e-02	1.278401e+01
4.529000e-05	-1.953054e-02	1.296147e+01
4.530000e-05	-8.504085e-03	1.312987e+01
4.531000e-05	-2.102953e-02	1.329671e+01
4.532000e-05	-2.245937e-02	1.342308e+01
4.533000e-05	-2.335229e-02	1.361195e+01
4.534000e-05	-1.003497e-03	1.378837e+01
4.535000e-05	-1.351002e-02	1.387563e+01
4.536000e-05	-2.442838e-02	1.400308e+01
4.537000e-05	-3.453437e-02	1.417147e+01
4.538000e-05	-1.977588e-02	1.433727e+01
4.539000e-05	-1.233799e-02	1.444358e+01
4.540000e-05	-1.869079e-02	1.454784e+01
4.541000e-05	-2.644213e-02	1.461406e+01
4.542000e-05	-2.511680e-02	1.475880e+01
4.543000e-05	-1.565601e-02	1.483156e+01
4.544000e-05	-2.467607e-02	1.493724e+01
4.545000e-05	-3.006264e-02	1.496992e+01
4.546000e-05	-3.156932e-02	1.508413e+01
4.547000e-05	-1.953073e-02	1.513929e+01
4.548000e-05	-2.042991e-02	1.521293e+01
4.549000e-05	-3.106077e-02	1.525708e+01
4.550000e-05	-3.933398e-02	1.536877e+01
4.551000e-05	-3.436899e-02	1.538950e+01
4.552000e-05	-2.541052e-02	1.545213e+01
4.553000e-05	-3.145302e-02	1.546466e+01
4.554000e-05	-3.771882e-02	1.552634e+01
4.555000e-05	-3.897226e-02	1.552892e+01
4.556000e-05	-3.330850e-02	1.555839e+01
4.557000e-05	-3.947664e-02	1.559939e+01
4.558000e-05	-4.997695e-02	1.558992e+01
4.559000e-05	-5.185714e-02	1.560147e+01
4.560000e-05	-4.832524e-02	1.558150e+01
4.561000e-05	-4.557026e-02	1.556145e+01
4.562000e-05	-5.967999e-02	1.554898e+01
4.563000e-05	-7.068522e-02	1.558989e+01
4.564000e-05	-7.839067e-02	1.553942e+01
4.565000e-05	-8.282043e-02	1.550529e+01
4.566000e-05	-1.034429e-01	1.547271e+01
4.567000e-05	-1.380131e-01	1.544310e+01
4.568000e-05	-1.832857e-01	1.543900e+01
4.569000e-05	-2.312002e-01	1.534837e+01
4.570000e-05	-2.499985e-01	1.529616e+01
4.571000e-05	-2.500000e-01	1.525208e+01
4.572000e-05	-2.500000e-01	1.521987e+01
4.573000e-05	-2.494620e-01	1.509678e+01
4.574000e-05	-2.138366e-01	1.501156e+01
4.575000e-05	-1.527713e-01	1.495682e+01
4.576000e-05	-1.114044e-01	1.483261e+01
4.577000e-05	-8.161322e-02	1.476637e+01
4.578000e-05	-5.766504e-02	1.469266e+01
4.579000e-05	-4.516851e-02	1.454834e+01
4.580000e-05	-4.322688e-02	1.445206e+01
4.581000e-05	-3.969709e-02	1.435689e+01
4.582000e-05	-3.268419e-02	1.417005e+01
4.583000e-05	-2.646697e-02	1.407413e+01
4.584000e-05	-2.866579e-02	1.392524e+01
4.585000e-05	-3.123157e-02	1.377840e+01
4.586000e-05	-2.627977e-02	1.365205e+01
4.587000e-05	-2.112128e-02	1.349516e+01
4.588000e-05	-2.066639e-02	1.334639e+01
4.589000e-05	-2.605387e-02	1.316997e+01
4.590000e-05	-2.397250e-02	1.303910e+01
4.591000e-05	-1.991558e-02	1.288461e+01
4.592000e-05	-1.628015e-02	1.267381e+01
4.593000e-05	-2.106192e-02	1.256686e+01
4.594000e-05	-2.249965e-02	1.237750e+01
4.595000e-05	-1.936636e-02	1.219842e+01
4.596000e-05	-1.521176e-02	1.199797e+01
4.597000e-05	-1.758023e-02	1.179955e+01
4.598000e-05	-2.061837e-02	1.159057e+01
4.599000e-05	-1.913149e-02	1.141590e+01
4.600000e-05	-1.286895e-02	1.114692e+01
4.601000e-05	-1.262009e-02	1.098739e+01
4.602000e-05	-1.752612e-02	1.078797e+01
4.603000e-05	-1.752798e-02	1.052484e+01
4.604000e-05	-1.347362e-02	1.035586e+01
4.605000e-05	-1.115997e-02	1.008631e+01
4.606000e-05	-1.466090e-02	9.883733e+00
4.607000e-05	-1.684290e-02	9.632604e+00
4.608000e-05	-1.315861e-02	9.409072e+00
4.609000e-05	-1.008580e-02	9.179597e+00
4.610000e-05	-1.164291e-02	8.935846e+00
4.611000e-05	-1.488130e-02	8.716787e+00
4.612000e-05	-1.326944e-02	8.473214e+00
4.613000e-05	-1.001969e-02	8.261601e+00
4.614000e-05	-9.399434e-03	7.976416e+00
4.615000e-05	-1.198900e-02	7.735789e+00
4.616000e-05	-1.309945e-02	7.471601e+00
4.617000e-05	-1.033209e-02	7.148916e+00
4.618000e-05	-8.992831e-03	6.935790e+00
4.619000e-05	-9.433748e-03	6.672731e+00
4.620000e-05	-1.328035e-02	6.328968e+00
4.621000e-05	-1.069409e-02	6.133788e+00
4.622000e-05	-7.599269e-03	5.874756e+00
4.623000e-05	-7.879279e-03	5.589468e+00
4.624000e-05	-1.038586e-02	5.323810e+00
4.625000e-05	-1.126382e-02	4.966398e+00
4.626000e-05	-8.935525e-03	4.692708e+00
4.627000e-05	-7.407419e-03	4.398629e+00
4.628000e-05	-8.601881e-03	4.123287e+00
4.629000e-05	-9.940875e-03	3.880152e+00
4.630000e-05	-8.291313e-03	3.577947e+00
4.631000e-05	-5.568542e-03	3.303158e+00
4.632000e-05	-7.264862e-03	3.029121e+00
4.633000e-05	-9.362360e-03	2.794420e+00
4.634000e-05	-8.986833e-03	2.409627e+00
4.635000e-05	-5.790592e-03	2.135890e+00
4.636000e-05	-6.299573e-03	1.872756e+00
4.637000e-05	-7.452188e-03	1.586974e+00
4.638000e-05	-8.603075e-03	1.280283e+00
4.639000e-05	-6.075235e-03	9.364866e-01
4.640000e-05	-4.364590e-03	6.801810e-01
4.641000e-05	-4.950870e-03	3.860466e-01
4.642000e-05	-5.246100e-03	6.127503e-02
4.643000e-05	1.177002e-04	-1.728807e-01
4.644000e-05	1.013228e-02	-4.345797e-01
4.645000e-05	-2.936277e-03	-7.388003e-01
4.646000e-05	2.778411e-03	-1.021954e+00
4.647000e-05	-3.944188e-03	-1.277714e+00
4.648000e-05	2.803208e-03	-1.611953e+00
4.649000e-05	5.985772e-03	-1.803006e+00
4.650000e-05	4.467046e-02	-2.044580e+00
4.651000e-05	1.030073e-01	-2.328302e+00
4.652000e-05	-2.204567e-02	-2.690248e+00
4.653000e-05	-4.048419e-02	-3.128375e+00
4.654000e-05	-2.389661e-02	-3.413506e+00
4.655000e-05	-3.306471e-02	-3.633505e+00
4.656000e-05	-7.048767e-02	-3.855192e+00
4.657000e-05	5.911040e-02	-4.066157e+00
4.658000e-05	7.726298e-02	-4.266686e+00
4.659000e-05	-1.135696e-01	-4.613010e+00
4.660000e-05	1.860678e-01	-4.875107e+00
4.661000e-05	-1.207539e-01	-5.212926e+00
4.662000e-05	5.496168e-02	-5.508796e+00
4.663000e-05	-5.481572e-03	-5.730222e+00
4.664000e-05	-6.677784e-02	-6.085136e+00
4.665000e-05	1.495837e-01	-6.296714e+00
4.666000e-05	-1.064768e-01	-6.632478e+00
4.667000e-05	9.883525e-02	-6.857185e+00
4.668000e-05	-5.401423e-02	-7.131250e+00
4.669000e-05	4.137276e-04	-7.424108e+00
4.670000e-05	4.906808e-02	-7.708162e+00
4.671000e-05	-6.392461e-02	-7.970379e+00
4.672000e-05	1.223757e-01	-8.193075e+00
4.673000e-05	-7.804361e-02	-8.467057e+00
4.674000e-05	7.774498e-02	-8.748847e+00
4.675000e-05	-3.299653e-02	-8.971319e+00
4.676000e-05	-1.592990e-02	-9.212878e+00
4.677000e-05	4.008610e-02	-9.423453e+00
4.678000e-05	-2.267457e-02	-9.654588e+00
4.679000e-05	8.781910e-02	-9.885166e+00
4.680000e-05	-5.250176e-02	-1.009772e+01
4.681000e-05	6.334422e-02	-1.033982e+01
4.682000e-05	-4.758126e-02	-1.056190e+01
4.683000e-05	4.301649e-02	-1.078093e+01
4.684000e-05	-8.158419e-03	-1.096040e+01
4.685000e-05	2.011153e-02	-1.116140e+01
4.686000e-05	2.456581e-02	-1.140248e+01
4.687000e-05	3.090351e-04	-1.165598e+01
4.688000e-05	2.841680e-02	-1.181451e+01
4.689000e-05	-1.987526e-02	-1.203409e+01
4.690000e-05	3.088919e-02	-1.219253e+01
4.691000e-05	-1.216569e-03	-1.238250e+01
4.692000e-05	4.336891e-02	-1.259993e+01
4.693000e-05	-7.574786e-04	-1.273990e+01
4.694000e-05	1.809702e-02	-1.293882e+01
4.695000e-05	-1.530427e-03	-1.306514e+01
4.696000e-05	1.691466e-02	-1.325661e+01
4.697000e-05	9.781662e-03	-1.339288e+01
4.698000e-05	1.878959e-02	-1.352987e+01
4.699000e-05	2.119527e-02	-1.367712e+01
4.700000e-05	2.095698e-02	-1.381401e+01
4.701000e-05	1.675000e-02	-1.395135e+01
4.702000e-05	5.677927e-03	-1.413827e+01
4.703000e-05	1.083428e-02	-1.427658e+01
4.704000e-05	1.508557e-02	-1.434092e+01
4.705000e-05	2.601324e-02	-1.449621e+01
4.706000e-05	1.876566e-02	-1.459205e+01
4.707000e-05	1.995111e-02	-1.470669e+01
4.708000e-05	1.292280e-02	-1.478200e+01
4.709000e-05	2.266229e-02	-1.488621e+01
4.710000e-05	1.780113e-02	-1.498145e+01
4.711000e-05	2.313821e-02	-1.505416e+01
4.712000e-05	2.080970e-02	-1.514931e+01
4.713000e-05	2.772682e-02	-1.523245e+01
4.714000e-05	2.306556e-02	-1.525466e+01
4.715000e-05	1.995982e-02	-1.532835e+01
4.716000e-05	1.850930e-02	-1.537138e+01
4.717000e-05	2.489805e-02	-1.544253e+01
4.718000e-05	3.274573e-02	-1.551476e+01
4.719000e-05	3.165498e-02	-1.551735e+01
4.720000e-05	3.012103e-02	-1.556184e+01
4.721000e-05	2.901368e-02	-1.557147e+01
4.722000e-05	3.299198e-02	-1.562195e+01
4.723000e-05	3.293285e-02	-1.562352e+01
4.724000e-05	3.532240e-02	-1.566405e+01
4.725000e-05	3.885027e-02	-1.562398e+01
4.726000e-05	4.734235e-02	-1.564458e+01
4.727000e-05	5.222798e-02	-1.560510e+01
4.728000e-05	5.370354e-02	-1.562048e+01
4.729000e-05	5.791983e-02	-1.562142e+01
4.730000e-05	6.898302e-02	-1.560197e+01
4.731000e-05	8.357108e-02	-1.554829e+01
4.732000e-05	1.029992e-01	-1.551576e+01
4.733000e-05	1.311935e-01	-1.544213e+01
4.734000e-05	1.832369e-01	-1.542353e+01
4.735000e-05	2.344935e-01	-1.535835e+01
4.736000e-05	2.500000e-01	-1.529477e+01
4.737000e-05	2.500000e-01	-1.525366e+01
4.738000e-05	2.500000e-01	-1.519042e+01
4.739000e-05	2.476880e-01	-1.510524e+01
4.740000e-05	2.029989e-01	-1.502048e+01
4.741000e-05	1.349291e-01	-1.493829e+01
4.742000e-05	9.050513e-02	-1.487408e+01
4.743000e-05	6.626207e-02	-1.478731e+01
4.744000e-05	5.117021e-02	-1.469316e+01
4.745000e-05	3.974509e-02	-1.456695e+01
4.746000e-05	3.042439e-02	-1.447453e+01
4.747000e-05	2.624894e-02	-1.431589e+01
4.748000e-05	2.410192e-02	-1.423998e+01
4.749000e-05	2.096502e-02	-1.408474e+01
4.750000e-05	1.716366e-02	-1.393571e+01
4.751000e-05	1.566373e-02	-1.379847e+01
4.752000e-05	1.603917e-02	-1.365308e+01
4.753000e-05	1.652823e-02	-1.348571e+01
4.754000e-05	1.385261e-02	-1.333785e+01
4.755000e-05	1.130691e-02	-1.318052e+01
4.756000e-05	1.102323e-02	-1.302063e+01
4.757000e-05	1.091785e-02	-1.289476e+01
4.758000e-05	1.099068e-02	-1.272479e+01
4.759000e-05	8.804928e-03	-1.250682e+01
4.760000e-05	8.509661e-03	-1.233679e+01
4.761000e-05	8.742035e-03	-1.218842e+01
4.762000e-05	7.386892e-03	-1.202954e+01
4.763000e-05	5.814749e-03	-1.180947e+01
4.764000e-05	4.128137e-03	-1.158747e+01
4.765000e-05	5.056257e-03	-1.135634e+01
4.766000e-05	5.941176e-03	-1.110624e+01
4.767000e-05	4.389758e-03	-1.089671e+01
4.768000e-05	3.111903e-03	-1.073534e+01
4.769000e-05	2.651782e-03	-1.053581e+01
4.770000e-05	3.572647e-03	-1.030273e+01
4.771000e-05	2.611761e-03	-1.003208e+01
4.772000e-05	1.093504e-03	-9.841578e+00
4.773000e-05	9.003107e-04	-9.621629e+00
4.774000e-05	1.211441e-03	-9.387901e+00
4.775000e-05	2.261217e-03	-9.145369e+00
4.776000e-05	2.914167e-05	-8.945817e+00
4.777000e-05	-1.484234e-03	-8.703287e+00
4.778000e-05	-2.063369e-03	-8.411056e+00
4.779000e-05	-3.144105e-04	-8.198472e+00
4.780000e-05	-7.333465e-04	-8.007441e+00
4.781000e-05	-1.578466e-03	-7.673156e+00
4.782000e-05	-3.090736e-03	-7.408546e+00
4.783000e-05	-1.796051e-03	-7.176416e+00
4.784000e-05	-2.794867e-03	-6.871606e+00
4.785000e-05	-2.306879e-03	-6.639075e+00
4.786000e-05	-4.662524e-03	-6.335894e+00
4.787000e-05	-2.867874e-03	-6.084204e+00
4.788000e-05	-4.316781e-03	-5.820001e+00
4.789000e-05	-3.000851e-03	-5.566996e+00
4.790000e-05	-5.106579e-03	-5.239575e+00
4.791000e-05	-4.017372e-03	-4.965335e+00
4.792000e-05	-4.937065e-03	-4.598020e+00
4.793000e-05	-3.707808e-03	-4.377970e+00
4.794000e-05	-6.119726e-03	-4.104263e+00
4.795000e-05	-5.898796e-03	-3.852080e+00
4.796000e-05	-6.933700e-03	-3.526843e+00
4.797000e-05	-6.742389e-03	-3.284783e+00
4.798000e-05	-7.902322e-03	-2.977541e+00
4.799000e-05	-6.710237e-03	-2.742788e+00
4.800000e-05	-7.111781e-03	-2.439051e+00
4.801000e-05	-5.754765e-03	-2.114783e+00
4.802000e-05	-6.045642e-03	-1.831631e+00
4.803000e-05	-8.115486e-03	-1.556893e+00
4.804000e-05	-8.038969e-03	-1.229047e+00
4.805000e-05	-8.857317e-03	-9.258904e-01
4.806000e-05	-7.709717e-03	-6.421335e-01
4.807000e-05	-9.399550e-03	-3.058893e-01
4.808000e-05	-6.338492e-03	-6.276008e-02
4.809000e-05	2.740287e-03	2.115044e-01
4.810000e-05	2.369244e-03	4.961863e-01
4.811000e-05	-2.819594e-03	7.192687e-01
4.812000e-05	-4.565119e-04	1.032032e+00
4.813000e-05	-3.894627e-03	1.326689e+00
4.814000e-05	-1.375323e-03	1.623009e+00
4.815000e-05	4.694179e-04	1.865182e+00
4.816000e-05	2.462745e-02	2.087237e+00
4.817000e-05	7.752365e-02	2.392479e+00
4.818000e-05	2.004820e-02	2.709296e+00
4.819000e-05	-7.341730e-02	3.054633e+00
4.820000e-05	-3.379021e-02	3.369742e+00
4.821000e-05	-3.500938e-02	3.623606e+00
4.822000e-05	-3.598266e-02	3.874186e+00
4.823000e-05	-6.175292e-02	4.045184e+00
4.824000e-05	6.777987e-02	4.351372e+00
4.825000e-05	3.119507e-02	4.623611e+00
4.826000e-05	-6.769181e-02	4.897190e+00
4.827000e-05	1.350323e-01	5.222007e+00
4.828000e-05	-1.252018e-01	5.518790e+00
4.829000e-05	2.587385e-02	5.801472e+00
4.830000e-05	-1.261197e-02	6.095611e+00
4.831000e-05	-5.299283e-03	6.336192e+00
4.832000e-05	4.083844e-02	6.612002e+00
4.833000e-05	-6.976071e-02	6.905712e+00
4.834000e-05	3.462935e-02	7.119321e+00
4.835000e-05	-4.519556e-02	7.443026e+00
4.836000e-05	1.820465e-02	7.696140e+00
4.837000e-05	-3.499831e-02	8.013453e+00
4.838000e-05	-2.347780e-03	8.254632e+00
4.839000e-05	3.221252e-02	8.446690e+00
4.840000e-05	-3.032434e-02	8.705213e+00
4.841000e-05	5.077809e-03	8.929868e+00
4.842000e-05	-4.429496e-02	9.211422e+00
4.843000e-05	-7.130158e-03	9.432503e+00
4.844000e-05	8.507948e-03	9.664955e+00
4.845000e-05	2.981461e-04	9.897737e+00
4.846000e-05	-1.405681e-02	1.009772e+01
4.847000e-05	-2.335056e-02	1.029832e+01
4.848000e-05	4.565339e-03	1.050987e+01
4.849000e-05	-2.249963e-02	1.075085e+01
4.850000e-05	-1.509350e-02	1.097097e+01
4.851000e-05	-2.123486e-02	1.118147e+01
4.852000e-05	6.062253e-04	1.140338e+01
4.853000e-05	7.149052e-04	1.163196e+01
4.854000e-05	-1.840363e-02	1.180055e+01
4.855000e-05	-2.681274e-02	1.202353e+01
4.856000e-05	-1.668683e-02	1.222248e+01
4.857000e-05	-1.515360e-03	1.237097e+01
4.858000e-05	-7.419143e-03	1.252935e+01
4.859000e-05	-2.140139e-02	1.274832e+01
4.860000e-05	-2.237026e-02	1.290774e+01
4.861000e-05	-1.337552e-02	1.307511e+01
4.862000e-05	-1.171111e-02	1.321301e+01
4.863000e-05	-2.380382e-02	1.340145e+01
4.864000e-05	-2.365243e-02	1.352877e+01
4.865000e-05	-1.036081e-02	1.367621e+01
4.866000e-05	-6.555736e-03	1.384258e+01
4.867000e-05	-1.720461e-02	1.395992e+01
4.868000e-05	-3.470135e-02	1.413967e+01
4.869000e-05	-2.504862e-02	1.428556e+01
4.870000e-05	-1.574418e-02	1.434142e+01
4.871000e-05	-1.288290e-02	1.448628e+01
4.872000e-05	-2.611498e-02	1.459398e+01
4.873000e-05	-2.600416e-02	1.470529e+01
4.874000e-05	-1.774326e-02	1.477940e+01
4.875000e-05	-1.883279e-02	1.487516e+01
4.876000e-05	-2.664843e-02	1.496040e+01
4.877000e-05	-3.454575e-02	1.505305e+01
4.878000e-05	-2.380344e-02	1.513724e+01
4.879000e-05	-2.087665e-02	1.519135e+01
4.880000e-05	-2.492612e-02	1.523311e+01
4.881000e-05	-3.936199e-02	1.534619e+01
4.882000e-05	-3.666109e-02	1.534139e+01
4.883000e-05	-2.760270e-02	1.541148e+01
4.884000e-05	-2.643036e-02	1.546460e+01
4.885000e-05	-3.442876e-02	1.552771e+01
4.886000e-05	-4.104810e-02	1.550784e+01
4.887000e-05	-3.425060e-02	1.559884e+01
4.888000e-05	-3.651536e-02	1.554947e+01
4.889000e-05	-4.436766e-02	1.555242e+01
4.890000e-05	-5.449316e-02	1.561102e+01
4.891000e-05	-5.004726e-02	1.559199e+01
4.892000e-05	-4.549819e-02	1.558997e+01
4.893000e-05	-5.112876e-02	1.558092e+01
4.894000e-05	-6.634943e-02	1.558839e+01
4.895000e-05	-7.612253e-02	1.555942e+01
4.896000e-05	-7.835309e-02	1.552679e+01
4.897000e-05	-9.225282e-02	1.550423e+01
4.898000e-05	-1.195116e-01	1.551373e+01
4.899000e-05	-1.608758e-01	1.544955e+01
4.900000e-05	-2.113155e-01	1.540897e+01
4.901000e-05	-2.456046e-01	1.532681e+01
4.902000e-05	-2.500000e-01	1.524411e+01
4.903000e-05	-2.500000e-01	1.520195e+01
4.904000e-05	-2.499950e-01	1.511834e+01
4.905000e-05	-2.365493e-01	1.507316e+01
4.906000e-05	-1.824406e-01	1.495855e+01
4.907000e-05	-1.256258e-01	1.488324e+01
4.908000e-05	-9.471593e-02	1.479147e+01
4.909000e-05	-6.769315e-02	1.471374e+01
4.910000e-05	-5.099704e-02	1.457005e+01
4.911000e-05	-4.455089e-02	1.452619e+01
4.912000e-05	-4.388667e-02	1.440955e+01
4.913000e-05	-3.567164e-02	1.427271e+01
4.914000e-05	-2.662649e-02	1.415692e+01
4.915000e-05	-2.631824e-02	1.399002e+01
4.916000e-05	-3.061973e-02	1.385263e+01
4.917000e-05	-3.089833e-02	1.372631e+01
4.918000e-05	-2.341541e-02	1.351744e+01
4.919000e-05	-2.089334e-02	1.341005e+01
4.920000e-05	-2.303849e-02	1.327221e+01
4.921000e-05	-2.583146e-02	1.312481e+01
4.922000e-05	-2.075071e-02	1.293732e+01
4.923000e-05	-1.732566e-02	1.279850e+01
4.924000e-05	-1.938703e-02	1.264003e+01
4.925000e-05	-2.222206e-02	1.246318e+01
4.926000e-05	-2.115278e-02	1.227370e+01
4.927000e-05	-1.636334e-02	1.207371e+01
4.928000e-05	-1.590126e-02	1.189374e+01
4.929000e-05	-1.928550e-02	1.170328e+01
4.930000e-05	-2.070155e-02	1.151521e+01
4.931000e-05	-1.598645e-02	1.128315e+01
4.932000e-05	-1.252168e-02	1.102113e+01
4.933000e-05	-1.427683e-02	1.088318e+01
4.934000e-05	-1.688650e-02	1.065158e+01
4.935000e-05	-1.482146e-02	1.043063e+01
4.936000e-05	-1.145840e-02	1.024147e+01
4.937000e-05	-1.262107e-02	9.988493e+00
4.938000e-05	-1.579831e-02	9.788346e+00
4.939000e-05	-1.634210e-02	9.544264e+00
4.940000e-05	-1.298368e-02	9.336234e+00
4.941000e-05	-1.060942e-02	9.071205e+00
4.942000e-05	-1.195268e-02	8.792050e+00
4.943000e-05	-1.402942e-02	8.598046e+00
4.944000e-05	-1.113879e-02	8.378970e+00
4.945000e-05	-7.378612e-03	8.133238e+00
4.946000e-05	-9.713829e-03	7.841104e+00
4.947000e-05	-1.346062e-02	7.610072e+00
4.948000e-05	-1.425950e-02	7.282686e+00
4.949000e-05	-1.063623e-02	7.061655e+00
4.950000e-05	-9.118120e-03	6.818022e+00
4.951000e-05	-1.102329e-02	6.524215e+00
4.952000e-05	-1.101905e-02	6.251655e+00
4.953000e-05	-9.740649e-03	6.019048e+00
4.954000e-05	-6.675627e-03	5.754840e+00
4.955000e-05	-8.766464e-03	5.451209e+00
4.956000e-05	-1.095606e-02	5.184986e+00
4.957000e-05	-1.114791e-02	4.798021e+00
4.958000e-05	-7.535501e-03	4.556915e+00
4.959000e-05	-7.587085e-03	4.292834e+00
4.960000e-05	-9.381551e-03	3.967948e+00
4.961000e-05	-1.044221e-02	3.685235e+00
4.962000e-05	-7.155144e-03	3.479727e+00
4.963000e-05	-5.365558e-03	3.155362e+00
4.964000e-05	-7.139920e-03	2.881759e+00
4.965000e-05	-8.962502e-03	2.618044e+00
4.966000e-05	-7.691379e-03	2.313156e+00
4.967000e-05	-5.531930e-03	2.009577e+00
4.968000e-05	-6.613264e-03	1.745036e+00
4.969000e-05	-8.901342e-03	1.429600e+00
4.970000e-05	-8.556692e-03	1.122765e+00
4.971000e-05	-5.429197e-03	7.989456e-01
4.972000e-05	-3.441266e-03	5.337591e-01
4.973000e-05	-4.768658e-03	2.500996e-01
4.974000e-05	-3.109719e-03	-7.463470e-02
4.975000e-05	6.634550e-03	-2.967387e-01
4.976000e-05	4.097386e-03	-5.923795e-01
4.977000e-05	-5.144449e-05	-8.961622e-01
4.978000e-05	-1.516657e-03	-1.128822e+00
4.979000e-05	-1.022056e-03	-1.434612e+00
4.980000e-05	2.348108e-03	-1.697187e+00
4.981000e-05	2.066944e-02	-1.917818e+00
4.982000e-05	8.261370e-02	-2.182372e+00
4.983000e-05	6.212427e-02	-2.560373e+00
4.984000e-05	-6.982245e-02	-2.940897e+00
4.985000e-05	-1.049293e-02	-3.266734e+00
4.986000e-05	-4.208535e-02	-3.527243e+00
4.987000e-05	-3.845271e-02	-3.760369e+00
4.988000e-05	-5.228856e-02	-3.980475e+00
4.989000e-05	1.599906e-01	-4.190819e+00
4.990000e-05	-9.808898e-02	-4.417058e+00
4.991000e-05	6.949205e-02	-4.761878e+00
4.992000e-05	4.575036e-02	-4.981951e+00
4.993000e-05	-1.106459e-01	-5.351529e+00
4.994000e-05	1.322029e-01	-5.614058e+00
4.995000e-05	-1.491014e-01	-5.856718e+00
4.996000e-05	1.152250e-01	-6.193023e+00
4.997000e-05	-1.974134e-03	-6.375532e+00
4.998000e-05	-2.409706e-02	-6.729826e+00
4.999000e-05	7.645183e-02	-7.023430e+00
