# 260528_14:57:13.274681
t	CH1	CH2
0.000000e+00	-3.630219e-03	4.751544e-01
1.000000e-08	-4.570184e-03	1.368976e-01
2.000000e-08	-2.642837e-03	-9.526429e-02
3.000000e-08	8.849596e-03	-3.684459e-01
4.000000e-08	-5.685130e-04	-6.326377e-01
5.000000e-08	2.407531e-03	-9.167945e-01
6.000000e-08	-3.822774e-03	-1.218525e+00
7.000000e-08	1.648292e-03	-1.535742e+00
8.000000e-08	2.118723e-03	-1.718270e+00
9.000000e-08	2.838212e-02	-1.988499e+00
1.000000e-07	1.015963e-01	-2.272710e+00
1.100000e-07	2.661107e-02	-2.631534e+00
1.200000e-07	-6.671354e-02	-3.033708e+00
1.300000e-07	-1.103735e-02	-3.389021e+00
1.400000e-07	-4.068630e-02	-3.569445e+00
1.500000e-07	-5.633022e-02	-3.832109e+00
1.600000e-07	-1.364379e-02	-4.050130e+00
1.700000e-07	1.613415e-01	-4.221503e+00
1.800000e-07	-1.589228e-01	-4.538339e+00
1.900000e-07	1.674520e-01	-4.791525e+00
2.000000e-07	-4.256253e-02	-5.033563e+00
2.100000e-07	-3.623804e-02	-5.454266e+00
2.200000e-07	9.256584e-02	-5.705237e+00
2.300000e-07	-1.586811e-01	-6.008025e+00
2.400000e-07	1.787948e-01	-6.225130e+00
2.500000e-07	-8.552596e-02	-6.498192e+00
2.600000e-07	4.833913e-02	-6.820529e+00
2.700000e-07	1.900353e-02	-7.095285e+00
2.800000e-07	-7.988917e-02	-7.379500e+00
2.900000e-07	1.151257e-01	-7.622599e+00
3.000000e-07	-1.070485e-01	-7.917816e+00
3.100000e-07	1.277006e-01	-8.161019e+00
3.200000e-07	-5.053775e-02	-8.369949e+00
3.300000e-07	2.391951e-02	-8.665264e+00
3.400000e-07	3.339260e-02	-8.897341e+00
3.500000e-07	-8.090868e-02	-9.138345e+00
3.600000e-07	8.709551e-02	-9.358523e+00
3.700000e-07	-6.432165e-02	-9.582003e+00
3.800000e-07	1.133028e-01	-9.813657e+00
3.900000e-07	-5.469211e-02	-1.004023e+01
4.000000e-07	5.247507e-02	-1.033521e+01
4.100000e-07	-2.912324e-02	-1.051582e+01
4.200000e-07	9.516182e-03	-1.074732e+01
4.300000e-07	2.247743e-02	-1.088582e+01
4.400000e-07	-1.667037e-02	-1.114742e+01
4.500000e-07	5.184923e-02	-1.133845e+01
4.600000e-07	-2.346818e-02	-1.156100e+01
4.700000e-07	5.070103e-02	-1.181100e+01
4.800000e-07	-3.428249e-02	-1.198256e+01
4.900000e-07	3.693877e-02	-1.218095e+01
5.000000e-07	-9.162127e-03	-1.236838e+01
5.100000e-07	4.376132e-02	-1.251942e+01
5.200000e-07	4.620619e-04	-1.273875e+01
5.300000e-07	1.182859e-02	-1.290629e+01
5.400000e-07	-1.781043e-04	-1.304356e+01
5.500000e-07	9.138106e-03	-1.320521e+01
5.600000e-07	1.665752e-02	-1.337092e+01
5.700000e-07	9.798550e-03	-1.351582e+01
5.800000e-07	2.706753e-02	-1.365519e+01
5.900000e-07	1.426933e-02	-1.384416e+01
6.000000e-07	2.289550e-02	-1.396690e+01
6.100000e-07	-1.116476e-03	-1.409932e+01
6.200000e-07	1.096677e-02	-1.422361e+01
6.300000e-07	7.200545e-03	-1.434940e+01
6.400000e-07	2.715412e-02	-1.445622e+01
6.500000e-07	1.638972e-02	-1.457106e+01
6.600000e-07	2.233253e-02	-1.467540e+01
6.700000e-07	1.126453e-02	-1.481901e+01
6.800000e-07	2.177391e-02	-1.486782e+01
6.900000e-07	1.530072e-02	-1.494097e+01
7.000000e-07	1.724457e-02	-1.504411e+01
7.100000e-07	1.814237e-02	-1.515937e+01
7.200000e-07	2.280107e-02	-1.518253e+01
7.300000e-07	2.326000e-02	-1.528676e+01
7.400000e-07	1.726753e-02	-1.535937e+01
7.500000e-07	1.636809e-02	-1.537153e+01
7.600000e-07	2.229803e-02	-1.541364e+01
7.700000e-07	2.871651e-02	-1.551637e+01
7.800000e-07	2.996291e-02	-1.552795e+01
7.900000e-07	2.844619e-02	-1.557995e+01
8.000000e-07	2.694580e-02	-1.558308e+01
8.100000e-07	3.185730e-02	-1.565314e+01
8.200000e-07	2.787559e-02	-1.563313e+01
8.300000e-07	2.943374e-02	-1.567474e+01
8.400000e-07	3.067170e-02	-1.566671e+01
8.500000e-07	4.265157e-02	-1.567526e+01
8.600000e-07	4.804598e-02	-1.562466e+01
8.700000e-07	5.052755e-02	-1.565264e+01
8.800000e-07	5.170586e-02	-1.562163e+01
8.900000e-07	5.998680e-02	-1.558260e+01
9.000000e-07	7.172033e-02	-1.556040e+01
9.100000e-07	8.581483e-02	-1.551993e+01
9.200000e-07	1.067451e-01	-1.551739e+01
9.300000e-07	1.443912e-01	-1.545468e+01
9.400000e-07	2.045619e-01	-1.537156e+01
9.500000e-07	2.452816e-01	-1.532889e+01
9.600000e-07	2.500000e-01	-1.529621e+01
9.700000e-07	2.500000e-01	-1.520463e+01
9.800000e-07	2.499900e-01	-1.512790e+01
9.900000e-07	2.229205e-01	-1.509524e+01
1.000000e-06	1.489284e-01	-1.500098e+01
1.010000e-06	9.807800e-02	-1.491579e+01
1.020000e-06	6.940734e-02	-1.481363e+01
1.030000e-06	5.362198e-02	-1.470680e+01
1.040000e-06	4.086429e-02	-1.463110e+01
1.050000e-06	3.098220e-02	-1.452680e+01
1.060000e-06	2.440794e-02	-1.435053e+01
1.070000e-06	2.170543e-02	-1.426463e+01
1.080000e-06	1.941569e-02	-1.416842e+01
1.090000e-06	1.489761e-02	-1.398256e+01
1.100000e-06	1.216948e-02	-1.382316e+01
1.110000e-06	1.350707e-02	-1.370730e+01
1.120000e-06	1.412464e-02	-1.356985e+01
1.130000e-06	1.269665e-02	-1.344158e+01
1.140000e-06	8.178141e-03	-1.323519e+01
1.150000e-06	5.835136e-03	-1.309687e+01
1.160000e-06	7.121146e-03	-1.296897e+01
1.170000e-06	8.328118e-03	-1.279050e+01
1.180000e-06	6.325000e-03	-1.263158e+01
1.190000e-06	5.741298e-03	-1.242421e+01
1.200000e-06	6.078568e-03	-1.223369e+01
1.210000e-06	7.067447e-03	-1.210671e+01
1.220000e-06	3.910919e-03	-1.189474e+01
1.230000e-06	1.785499e-03	-1.166369e+01
1.240000e-06	9.393597e-04	-1.142253e+01
1.250000e-06	4.101629e-03	-1.114951e+01
1.260000e-06	4.130239e-03	-1.098250e+01
1.270000e-06	3.309989e-03	-1.079200e+01
1.280000e-06	1.222077e-03	-1.056158e+01
1.290000e-06	3.036299e-03	-1.037945e+01
1.300000e-06	2.597716e-03	-1.011887e+01
1.310000e-06	6.222758e-04	-9.898369e+00
1.320000e-06	-1.372674e-03	-9.686364e+00
1.330000e-06	-4.270001e-04	-9.464364e+00
1.340000e-06	9.251893e-04	-9.224105e+00
1.350000e-06	-1.573392e-04	-9.031527e+00
1.360000e-06	-3.317759e-03	-8.769999e+00
1.370000e-06	-2.597559e-03	-8.538367e+00
1.380000e-06	-5.109990e-04	-8.267264e+00
1.390000e-06	3.564888e-04	-8.013261e+00
1.400000e-06	-1.508552e-03	-7.770522e+00
1.410000e-06	-4.013352e-03	-7.495213e+00
1.420000e-06	-2.393858e-03	-7.212656e+00
1.430000e-06	-3.388043e-03	-6.968999e+00
1.440000e-06	-3.755915e-03	-6.664313e+00
1.450000e-06	-5.560455e-03	-6.442733e+00
1.460000e-06	-3.286370e-03	-6.159970e+00
1.470000e-06	-3.775682e-03	-5.894316e+00
1.480000e-06	-3.287157e-03	-5.634660e+00
1.490000e-06	-6.502820e-03	-5.316371e+00
1.500000e-06	-6.102766e-03	-5.053153e+00
1.510000e-06	-4.843889e-03	-4.696716e+00
1.520000e-06	-4.160404e-03	-4.452130e+00
1.530000e-06	-5.561273e-03	-4.202080e+00
1.540000e-06	-6.967575e-03	-3.975790e+00
1.550000e-06	-7.044330e-03	-3.665603e+00
1.560000e-06	-6.328443e-03	-3.378924e+00
1.570000e-06	-8.574731e-03	-3.113140e+00
1.580000e-06	-7.045751e-03	-2.788949e+00
1.590000e-06	-6.634334e-03	-2.525842e+00
1.600000e-06	-4.357992e-03	-2.229999e+00
1.610000e-06	-5.955691e-03	-1.926842e+00
1.620000e-06	-8.190637e-03	-1.673134e+00
1.630000e-06	-9.360280e-03	-1.336818e+00
1.640000e-06	-8.978694e-03	-1.011126e+00
1.650000e-06	-8.239514e-03	-7.269411e-01
1.660000e-06	-9.370945e-03	-4.210803e-01
1.670000e-06	-7.653810e-03	-1.388686e-01
1.680000e-06	-1.408339e-03	1.162394e-01
1.690000e-06	6.215674e-03	4.610288e-01
1.700000e-06	-4.304379e-03	6.841079e-01
1.710000e-06	1.632093e-03	9.262631e-01
1.720000e-06	-6.310145e-03	1.223580e+00
1.730000e-06	4.698676e-04	1.507288e+00
1.740000e-06	-3.258250e-03	1.841000e+00
1.750000e-06	1.537653e-02	2.032131e+00
1.760000e-06	6.117917e-02	2.306287e+00
1.770000e-06	6.389927e-02	2.642654e+00
1.780000e-06	-7.807751e-02	3.007923e+00
1.790000e-06	-3.305957e-02	3.262105e+00
1.800000e-06	-4.101106e-02	3.547398e+00
1.810000e-06	-2.204914e-02	3.829998e+00
1.820000e-06	-7.662566e-02	4.051524e+00
1.830000e-06	3.158829e-02	4.253157e+00
1.840000e-06	8.665623e-02	4.588450e+00
1.850000e-06	-1.123562e-01	4.829581e+00
1.860000e-06	1.468373e-01	5.117815e+00
1.870000e-06	-8.074964e-02	5.422558e+00
1.880000e-06	-2.773146e-02	5.737242e+00
1.890000e-06	2.973823e-02	6.001030e+00
1.900000e-06	-4.263850e-02	6.263684e+00
1.910000e-06	6.994425e-02	6.518868e+00
1.920000e-06	-7.173562e-02	6.793105e+00
1.930000e-06	2.130001e-02	7.055134e+00
1.940000e-06	-2.508778e-02	7.328921e+00
1.950000e-06	-6.464369e-03	7.612583e+00
1.960000e-06	-1.837259e-04	7.935867e+00
1.970000e-06	-3.746962e-02	8.181002e+00
1.980000e-06	5.166172e-02	8.412003e+00
1.990000e-06	-2.808498e-02	8.634609e+00
2.000000e-06	6.167685e-04	8.845216e+00
2.010000e-06	-2.667914e-02	9.125321e+00
2.020000e-06	-3.302619e-02	9.378949e+00
2.030000e-06	2.636333e-02	9.567978e+00
2.040000e-06	-1.124211e-02	9.845533e+00
2.050000e-06	7.899110e-03	1.007419e+01
2.060000e-06	-3.821323e-02	1.025377e+01
2.070000e-06	1.131150e-02	1.048626e+01
2.080000e-06	-1.956308e-02	1.070582e+01
2.090000e-06	-1.546033e-02	1.091687e+01
2.100000e-06	-1.695184e-02	1.116732e+01
2.110000e-06	-9.270275e-03	1.131792e+01
2.120000e-06	1.199272e-02	1.154052e+01
2.130000e-06	-1.928237e-02	1.174993e+01
2.140000e-06	-1.760524e-02	1.198048e+01
2.150000e-06	-2.833095e-02	1.217152e+01
2.160000e-06	2.197967e-03	1.234972e+01
2.170000e-06	-5.781374e-03	1.254687e+01
2.180000e-06	-1.366762e-02	1.269574e+01
2.190000e-06	-2.261671e-02	1.287526e+01
2.200000e-06	-1.593879e-02	1.303363e+01
2.210000e-06	-6.671057e-03	1.318256e+01
2.220000e-06	-2.189427e-02	1.332040e+01
2.230000e-06	-2.161521e-02	1.346524e+01
2.240000e-06	-1.497609e-02	1.365419e+01
2.250000e-06	-7.056775e-04	1.379353e+01
2.260000e-06	-1.368276e-02	1.391837e+01
2.270000e-06	-2.939419e-02	1.409729e+01
2.280000e-06	-2.796217e-02	1.421361e+01
2.290000e-06	-1.763323e-02	1.436045e+01
2.300000e-06	-8.951369e-03	1.449584e+01
2.310000e-06	-2.136666e-02	1.457257e+01
2.320000e-06	-2.438211e-02	1.468624e+01
2.330000e-06	-2.017539e-02	1.479105e+01
2.340000e-06	-1.454429e-02	1.486424e+01
2.350000e-06	-2.385585e-02	1.494892e+01
2.360000e-06	-3.267255e-02	1.501313e+01
2.370000e-06	-2.549892e-02	1.512732e+01
2.380000e-06	-1.897712e-02	1.513208e+01
2.390000e-06	-1.848731e-02	1.523411e+01
2.400000e-06	-3.460925e-02	1.529732e+01
2.410000e-06	-3.589371e-02	1.537895e+01
2.420000e-06	-2.861248e-02	1.545401e+01
2.430000e-06	-2.293394e-02	1.544568e+01
2.440000e-06	-3.102425e-02	1.552772e+01
2.450000e-06	-3.804946e-02	1.553832e+01
2.460000e-06	-3.385136e-02	1.556042e+01
2.470000e-06	-3.190504e-02	1.557152e+01
2.480000e-06	-3.731243e-02	1.556256e+01
2.490000e-06	-4.972476e-02	1.560158e+01
2.500000e-06	-4.690371e-02	1.559361e+01
2.510000e-06	-4.289188e-02	1.561263e+01
2.520000e-06	-4.189797e-02	1.559105e+01
2.530000e-06	-5.828885e-02	1.558203e+01
2.540000e-06	-6.796888e-02	1.557098e+01
2.550000e-06	-7.080686e-02	1.553940e+01
2.560000e-06	-7.959238e-02	1.553782e+01
2.570000e-06	-9.911758e-02	1.550669e+01
2.580000e-06	-1.342343e-01	1.546519e+01
2.590000e-06	-1.710368e-01	1.541308e+01
2.600000e-06	-2.250849e-01	1.537842e+01
2.610000e-06	-2.493997e-01	1.529574e+01
2.620000e-06	-2.500000e-01	1.524416e+01
2.630000e-06	-2.500000e-01	1.513995e+01
2.640000e-06	-2.462983e-01	1.509740e+01
2.650000e-06	-1.991557e-01	1.502311e+01
2.660000e-06	-1.362268e-01	1.493744e+01
2.670000e-06	-1.014268e-01	1.481476e+01
2.680000e-06	-7.258047e-02	1.473784e+01
2.690000e-06	-5.217503e-02	1.467366e+01
2.700000e-06	-4.249658e-02	1.451034e+01
2.710000e-06	-4.172342e-02	1.444314e+01
2.720000e-06	-3.544041e-02	1.434630e+01
2.730000e-06	-2.728613e-02	1.419150e+01
2.740000e-06	-2.375075e-02	1.408413e+01
2.750000e-06	-2.831320e-02	1.390687e+01
2.760000e-06	-2.828416e-02	1.377895e+01
2.770000e-06	-2.272844e-02	1.361411e+01
2.780000e-06	-1.712453e-02	1.346524e+01
2.790000e-06	-1.864648e-02	1.330789e+01
2.800000e-06	-2.141038e-02	1.316053e+01
2.810000e-06	-1.981555e-02	1.300261e+01
2.820000e-06	-1.483480e-02	1.284471e+01
2.830000e-06	-1.613486e-02	1.266477e+01
2.840000e-06	-1.967426e-02	1.252779e+01
2.850000e-06	-2.069695e-02	1.234785e+01
2.860000e-06	-1.523029e-02	1.212892e+01
2.870000e-06	-1.181544e-02	1.195837e+01
2.880000e-06	-1.457981e-02	1.179900e+01
2.890000e-06	-1.795109e-02	1.158950e+01
2.900000e-06	-1.486763e-02	1.134784e+01
2.910000e-06	-1.129982e-02	1.112784e+01
2.920000e-06	-1.228094e-02	1.089789e+01
2.930000e-06	-1.515290e-02	1.077729e+01
2.940000e-06	-1.656232e-02	1.048522e+01
2.950000e-06	-1.057103e-02	1.029319e+01
2.960000e-06	-1.101621e-02	1.008529e+01
2.970000e-06	-1.235728e-02	9.844686e+00
2.980000e-06	-1.582335e-02	9.549655e+00
2.990000e-06	-1.185446e-02	9.379398e+00
3.000000e-06	-9.688025e-03	9.158916e+00
3.010000e-06	-1.135682e-02	8.886294e+00
3.020000e-06	-1.403702e-02	8.675210e+00
3.030000e-06	-1.206015e-02	8.423640e+00
3.040000e-06	-8.730539e-03	8.230078e+00
3.050000e-06	-9.056515e-03	7.906816e+00
3.060000e-06	-1.167789e-02	7.674210e+00
3.070000e-06	-1.275371e-02	7.399529e+00
3.080000e-06	-9.548120e-03	7.147365e+00
3.090000e-06	-7.860442e-03	6.883737e+00
3.100000e-06	-1.059355e-02	6.631553e+00
3.110000e-06	-1.165051e-02	6.327394e+00
3.120000e-06	-1.016843e-02	6.063662e+00
3.130000e-06	-6.591592e-03	5.790600e+00
3.140000e-06	-7.576304e-03	5.537896e+00
3.150000e-06	-1.130993e-02	5.272133e+00
3.160000e-06	-1.064906e-02	4.936842e+00
3.170000e-06	-7.568931e-03	4.622079e+00
3.180000e-06	-7.166670e-03	4.398946e+00
3.190000e-06	-8.767775e-03	4.094208e+00
3.200000e-06	-9.645611e-03	3.819998e+00
3.210000e-06	-7.186423e-03	3.537265e+00
3.220000e-06	-5.607215e-03	3.241098e+00
3.230000e-06	-6.811529e-03	2.947392e+00
3.240000e-06	-9.400502e-03	2.684686e+00
3.250000e-06	-8.155822e-03	2.389920e+00
3.260000e-06	-5.704696e-03	2.087186e+00
3.270000e-06	-5.671225e-03	1.841080e+00
3.280000e-06	-7.924662e-03	1.505285e+00
3.290000e-06	-7.435519e-03	1.231576e+00
3.300000e-06	-4.973283e-03	8.736807e-01
3.310000e-06	-4.181600e-03	5.899001e-01
3.320000e-06	-4.777554e-03	3.363873e-01
3.330000e-06	-4.774291e-03	2.520053e-05
3.340000e-06	3.373158e-03	-2.426579e-01
3.350000e-06	7.873552e-03	-5.372131e-01
3.360000e-06	-2.164933e-03	-8.199789e-01
3.370000e-06	1.999827e-03	-1.053610e+00
3.380000e-06	-2.900490e-03	-1.359898e+00
3.390000e-06	1.932022e-03	-1.624108e+00
3.400000e-06	1.019448e-02	-1.876285e+00
3.410000e-06	6.003510e-02	-2.096642e+00
3.420000e-06	1.044510e-01	-2.463057e+00
3.430000e-06	-6.659173e-02	-2.823559e+00
3.440000e-06	-1.462158e-02	-3.243578e+00
3.450000e-06	-4.132018e-02	-3.465261e+00
3.460000e-06	-2.454648e-02	-3.694631e+00
3.470000e-06	-8.916846e-02	-3.947446e+00
3.480000e-06	1.466296e-01	-4.124766e+00
3.490000e-06	-3.072470e-02	-4.366896e+00
3.500000e-06	-2.608759e-02	-4.704838e+00
3.510000e-06	1.459382e-01	-4.897744e+00
3.520000e-06	-1.768995e-01	-5.272742e+00
3.530000e-06	1.472606e-01	-5.569479e+00
3.540000e-06	-1.199304e-01	-5.811529e+00
3.550000e-06	3.388600e-02	-6.147395e+00
3.560000e-06	8.259532e-02	-6.360323e+00
3.570000e-06	-1.002706e-01	-6.713712e+00
3.580000e-06	1.277682e-01	-6.898394e+00
3.590000e-06	-1.231961e-01	-7.192153e+00
3.600000e-06	8.417434e-02	-7.494791e+00
3.610000e-06	-2.352029e-02	-7.770875e+00
3.620000e-06	-2.769909e-03	-8.063233e+00
3.630000e-06	9.164044e-02	-8.255686e+00
3.640000e-06	-9.223604e-02	-8.476390e+00
3.650000e-06	1.156796e-01	-8.769981e+00
3.660000e-06	-1.024500e-01	-9.014507e+00
3.670000e-06	5.557023e-02	-9.274290e+00
3.680000e-06	-1.753364e-02	-9.486733e+00
3.690000e-06	3.252843e-02	-9.728845e+00
3.700000e-06	4.579665e-02	-9.967296e+00
3.710000e-06	-3.949027e-02	-1.017903e+01
3.720000e-06	5.832885e-02	-1.037196e+01
3.730000e-06	-6.303406e-02	-1.061363e+01
3.740000e-06	7.039150e-02	-1.084166e+01
3.750000e-06	-4.298310e-02	-1.103263e+01
3.760000e-06	5.720296e-02	-1.125314e+01
3.770000e-06	-1.271818e-02	-1.143571e+01
3.780000e-06	3.111825e-02	-1.170877e+01
3.790000e-06	-1.723150e-03	-1.188671e+01
3.800000e-06	-8.997773e-04	-1.210727e+01
3.810000e-06	1.793212e-02	-1.228426e+01
3.820000e-06	8.242848e-03	-1.243586e+01
3.830000e-06	3.764164e-02	-1.265366e+01
3.840000e-06	-7.267162e-03	-1.282306e+01
3.850000e-06	2.060861e-02	-1.297000e+01
3.860000e-06	-9.213909e-03	-1.311780e+01
3.870000e-06	2.643651e-02	-1.326826e+01
3.880000e-06	-1.969900e-04	-1.348411e+01
3.890000e-06	2.748124e-02	-1.359151e+01
3.900000e-06	1.185953e-02	-1.372792e+01
3.910000e-06	2.590669e-02	-1.387587e+01
3.920000e-06	5.126045e-03	-1.400261e+01
3.930000e-06	9.055083e-03	-1.419148e+01
3.940000e-06	5.811000e-03	-1.427514e+01
3.950000e-06	2.058927e-02	-1.441266e+01
3.960000e-06	2.157645e-02	-1.452935e+01
3.970000e-06	1.838358e-02	-1.461564e+01
3.980000e-06	1.641907e-02	-1.472735e+01
3.990000e-06	1.265193e-02	-1.485173e+01
4.000000e-06	2.071154e-02	-1.492782e+01
4.010000e-06	1.391637e-02	-1.503106e+01
4.020000e-06	2.086040e-02	-1.510627e+01
4.030000e-06	1.845054e-02	-1.517045e+01
4.040000e-06	2.810588e-02	-1.525459e+01
4.050000e-06	1.822294e-02	-1.528927e+01
4.060000e-06	1.888290e-02	-1.537040e+01
4.070000e-06	1.590701e-02	-1.543261e+01
4.080000e-06	2.634365e-02	-1.541579e+01
4.090000e-06	2.888222e-02	-1.551784e+01
4.100000e-06	2.773240e-02	-1.556853e+01
4.110000e-06	2.670152e-02	-1.558996e+01
4.120000e-06	2.775487e-02	-1.561208e+01
4.130000e-06	3.221767e-02	-1.561463e+01
4.140000e-06	2.996331e-02	-1.565571e+01
4.150000e-06	3.332626e-02	-1.563411e+01
4.160000e-06	3.748024e-02	-1.565566e+01
4.170000e-06	4.573422e-02	-1.562414e+01
4.180000e-06	4.786145e-02	-1.562461e+01
4.190000e-06	4.848643e-02	-1.561366e+01
4.200000e-06	5.276575e-02	-1.557206e+01
4.210000e-06	6.498413e-02	-1.557106e+01
4.220000e-06	8.072831e-02	-1.554992e+01
4.230000e-06	9.818842e-02	-1.547782e+01
4.240000e-06	1.262171e-01	-1.549472e+01
4.250000e-06	1.741980e-01	-1.543366e+01
4.260000e-06	2.303883e-01	-1.532147e+01
4.270000e-06	2.500000e-01	-1.528772e+01
4.280000e-06	2.500000e-01	-1.523618e+01
4.290000e-06	2.500000e-01	-1.515198e+01
4.300000e-06	2.430363e-01	-1.508624e+01
4.310000e-06	1.855987e-01	-1.504263e+01
4.320000e-06	1.196698e-01	-1.493037e+01
4.330000e-06	8.139754e-02	-1.488521e+01
4.340000e-06	6.037802e-02	-1.475048e+01
4.350000e-06	4.700492e-02	-1.466276e+01
4.360000e-06	3.526695e-02	-1.454940e+01
4.370000e-06	2.628155e-02	-1.444516e+01
4.380000e-06	2.303801e-02	-1.428677e+01
4.390000e-06	2.055737e-02	-1.419148e+01
4.400000e-06	1.788481e-02	-1.405611e+01
4.410000e-06	1.349588e-02	-1.392837e+01
4.420000e-06	1.314716e-02	-1.378103e+01
4.430000e-06	1.358754e-02	-1.361266e+01
4.440000e-06	1.400485e-02	-1.347679e+01
4.450000e-06	9.613632e-03	-1.333832e+01
4.460000e-06	7.803205e-03	-1.318095e+01
4.470000e-06	7.419734e-03	-1.304311e+01
4.480000e-06	8.442218e-03	-1.285319e+01
4.490000e-06	7.399270e-03	-1.268577e+01
4.500000e-06	5.057903e-03	-1.251739e+01
4.510000e-06	6.148625e-03	-1.230737e+01
4.520000e-06	6.856179e-03	-1.214894e+01
4.530000e-06	5.841677e-03	-1.197987e+01
4.540000e-06	2.636337e-03	-1.174100e+01
4.550000e-06	2.800098e-03	-1.152845e+01
4.560000e-06	3.774131e-03	-1.128729e+01
4.570000e-06	4.316678e-03	-1.106579e+01
4.580000e-06	3.276358e-03	-1.090469e+01
4.590000e-06	1.463831e-03	-1.067479e+01
4.600000e-06	1.625332e-03	-1.048584e+01
4.610000e-06	2.365080e-03	-1.026421e+01
4.620000e-06	1.182524e-03	-1.001416e+01
4.630000e-06	-6.373287e-04	-9.800082e+00
4.640000e-06	3.094516e-04	-9.592025e+00
4.650000e-06	1.477353e-03	-9.288923e+00
4.660000e-06	6.002751e-04	-9.107818e+00
4.670000e-06	-1.406834e-03	-8.895312e+00
4.680000e-06	-2.222021e-03	-8.673205e+00
4.690000e-06	-2.077827e-03	-8.392104e+00
4.700000e-06	-1.405655e-03	-8.128475e+00
4.710000e-06	-1.469946e-03	-7.936788e+00
4.720000e-06	-2.348893e-03	-7.643686e+00
4.730000e-06	-2.692681e-03	-7.368950e+00
4.740000e-06	-2.976140e-03	-7.105789e+00
4.750000e-06	-3.015507e-03	-6.812054e+00
4.760000e-06	-4.123566e-03	-6.598445e+00
4.770000e-06	-4.442114e-03	-6.304742e+00
4.780000e-06	-3.766365e-03	-6.022579e+00
4.790000e-06	-4.613540e-03	-5.801346e+00
4.800000e-06	-4.401671e-03	-5.454290e+00
4.810000e-06	-6.004036e-03	-5.210574e+00
4.820000e-06	-4.963019e-03	-4.892658e+00
4.830000e-06	-4.629344e-03	-4.538873e+00
4.840000e-06	-5.244151e-03	-4.325391e+00
4.850000e-06	-5.295682e-03	-4.105111e+00
4.860000e-06	-6.558109e-03	-3.777999e+00
4.870000e-06	-6.348614e-03	-3.494190e+00
4.880000e-06	-8.270240e-03	-3.232652e+00
4.890000e-06	-6.994334e-03	-2.895238e+00
4.900000e-06	-8.475865e-03	-2.652627e+00
4.910000e-06	-5.606173e-03	-2.378025e+00
4.920000e-06	-6.423717e-03	-2.033132e+00
4.930000e-06	-5.535546e-03	-1.797899e+00
4.940000e-06	-8.971234e-03	-1.494862e+00
4.950000e-06	-7.876440e-03	-1.137446e+00
4.960000e-06	-9.343508e-03	-9.027818e-01
4.970000e-06	-8.221471e-03	-5.604738e-01
4.980000e-06	-8.534923e-03	-2.842622e-01
4.990000e-06	-5.629861e-03	-1.160388e-02
5.000000e-06	6.078384e-03	3.133171e-01
5.010000e-06	-2.090075e-03	5.482645e-01
5.020000e-06	1.016386e-03	8.094764e-01
5.030000e-06	-3.869359e-03	1.124289e+00
5.040000e-06	-1.430018e-03	1.357970e+00
5.050000e-06	-4.192317e-03	1.725317e+00
5.060000e-06	6.523248e-03	1.947317e+00
5.070000e-06	3.196519e-02	2.178396e+00
5.080000e-06	9.400335e-02	2.453185e+00
5.090000e-06	-2.664568e-02	2.833105e+00
5.100000e-06	-6.084200e-02	3.116342e+00
5.110000e-06	-3.706199e-02	3.381054e+00
5.120000e-06	-2.453312e-02	3.695212e+00
5.130000e-06	-5.471994e-02	3.916318e+00
5.140000e-06	-4.232953e-02	4.148291e+00
5.150000e-06	1.083249e-01	4.431074e+00
5.160000e-06	-4.606365e-02	4.707816e+00
5.170000e-06	1.004054e-02	4.948450e+00
5.180000e-06	8.745898e-02	5.336292e+00
5.190000e-06	-1.357347e-01	5.598928e+00
5.200000e-06	6.829048e-02	5.844183e+00
5.210000e-06	-5.123406e-02	6.146370e+00
5.220000e-06	4.264461e-02	6.400400e+00
5.230000e-06	-2.124708e-03	6.696137e+00
5.240000e-06	-5.092176e-02	6.936894e+00
5.250000e-06	3.491970e-02	7.220479e+00
5.260000e-06	-5.795691e-02	7.515691e+00
5.270000e-06	3.933265e-02	7.769373e+00
5.280000e-06	-5.844886e-02	8.075713e+00
5.290000e-06	3.507754e-02	8.317344e+00
5.300000e-06	1.084588e-02	8.556344e+00
5.310000e-06	-2.644871e-02	8.738919e+00
5.320000e-06	7.873668e-03	9.023426e+00
5.330000e-06	-6.122781e-02	9.224684e+00
5.340000e-06	2.279963e-02	9.485634e+00
5.350000e-06	-1.138907e-02	9.706840e+00
5.360000e-06	1.742061e-02	9.940849e+00
5.370000e-06	-3.272485e-02	1.017992e+01
5.380000e-06	-3.915782e-03	1.038143e+01
5.390000e-06	-2.741642e-03	1.061255e+01
5.400000e-06	-2.354942e-02	1.083263e+01
5.410000e-06	-1.106136e-02	1.099155e+01
5.420000e-06	-2.417579e-02	1.123416e+01
5.430000e-06	1.502005e-02	1.147363e+01
5.440000e-06	-1.363894e-02	1.166669e+01
5.450000e-06	-1.034350e-02	1.185464e+01
5.460000e-06	-3.493953e-02	1.206524e+01
5.470000e-06	-2.959193e-03	1.229611e+01
5.480000e-06	-5.436062e-03	1.245414e+01
5.490000e-06	-4.860479e-03	1.261205e+01
5.500000e-06	-2.251992e-02	1.278145e+01
5.510000e-06	-1.969454e-02	1.292994e+01
5.520000e-06	-8.290483e-03	1.312682e+01
5.530000e-06	-1.788656e-02	1.326619e+01
5.540000e-06	-2.000690e-02	1.340213e+01
5.550000e-06	-2.523163e-02	1.356800e+01
5.560000e-06	7.691228e-05	1.374832e+01
5.570000e-06	-1.089885e-02	1.387414e+01
5.580000e-06	-1.755743e-02	1.398261e+01
5.590000e-06	-3.510012e-02	1.412187e+01
5.600000e-06	-1.907657e-02	1.430784e+01
5.610000e-06	-1.278408e-02	1.445353e+01
5.620000e-06	-1.554373e-02	1.453079e+01
5.630000e-06	-2.456786e-02	1.460411e+01
5.640000e-06	-2.450235e-02	1.475738e+01
5.650000e-06	-1.190572e-02	1.484418e+01
5.660000e-06	-2.186587e-02	1.490729e+01
5.670000e-06	-2.613448e-02	1.500950e+01
5.680000e-06	-3.217544e-02	1.504327e+01
5.690000e-06	-1.946678e-02	1.514940e+01
5.700000e-06	-2.001566e-02	1.520263e+01
5.710000e-06	-2.719972e-02	1.530524e+01
5.720000e-06	-3.682553e-02	1.531937e+01
5.730000e-06	-3.370141e-02	1.537360e+01
5.740000e-06	-2.288011e-02	1.543518e+01
5.750000e-06	-2.793683e-02	1.550641e+01
5.760000e-06	-3.312063e-02	1.553890e+01
5.770000e-06	-3.813923e-02	1.554797e+01
5.780000e-06	-3.053105e-02	1.561145e+01
5.790000e-06	-3.516422e-02	1.560350e+01
5.800000e-06	-4.478635e-02	1.558305e+01
5.810000e-06	-4.997761e-02	1.562950e+01
5.820000e-06	-4.502085e-02	1.562208e+01
5.830000e-06	-4.068131e-02	1.560403e+01
5.840000e-06	-5.141300e-02	1.558203e+01
5.850000e-06	-6.335033e-02	1.558110e+01
5.860000e-06	-7.099646e-02	1.558895e+01
5.870000e-06	-7.273898e-02	1.553787e+01
5.880000e-06	-8.861271e-02	1.550729e+01
5.890000e-06	-1.162256e-01	1.549514e+01
5.900000e-06	-1.527996e-01	1.543460e+01
5.910000e-06	-2.016538e-01	1.538000e+01
5.920000e-06	-2.436803e-01	1.532734e+01
5.930000e-06	-2.500000e-01	1.527516e+01
5.940000e-06	-2.500000e-01	1.523260e+01
5.950000e-06	-2.500000e-01	1.512042e+01
5.960000e-06	-2.279172e-01	1.504572e+01
5.970000e-06	-1.619216e-01	1.498098e+01
5.980000e-06	-1.161944e-01	1.485616e+01
5.990000e-06	-8.576409e-02	1.477102e+01
6.000000e-06	-6.077147e-02	1.466624e+01
6.010000e-06	-4.579579e-02	1.459305e+01
6.020000e-06	-4.193866e-02	1.447631e+01
6.030000e-06	-3.903835e-02	1.439150e+01
6.040000e-06	-3.174359e-02	1.421369e+01
6.050000e-06	-2.398280e-02	1.409832e+01
6.060000e-06	-2.547473e-02	1.398048e+01
6.070000e-06	-2.766245e-02	1.388363e+01
6.080000e-06	-2.604941e-02	1.368636e+01
6.090000e-06	-1.905072e-02	1.352902e+01
6.100000e-06	-1.820943e-02	1.336115e+01
6.110000e-06	-2.198574e-02	1.328464e+01
6.120000e-06	-2.219045e-02	1.309568e+01
6.130000e-06	-1.757655e-02	1.294932e+01
6.140000e-06	-1.324291e-02	1.275093e+01
6.150000e-06	-1.735937e-02	1.258100e+01
6.160000e-06	-1.940096e-02	1.243101e+01
6.170000e-06	-1.830336e-02	1.222364e+01
6.180000e-06	-1.287008e-02	1.207464e+01
6.190000e-06	-1.407096e-02	1.188263e+01
6.200000e-06	-1.918376e-02	1.165461e+01
6.210000e-06	-1.761341e-02	1.145468e+01
6.220000e-06	-1.283649e-02	1.121308e+01
6.230000e-06	-1.022099e-02	1.101303e+01
6.240000e-06	-1.419517e-02	1.082311e+01
6.250000e-06	-1.603174e-02	1.064198e+01
6.260000e-06	-1.267238e-02	1.040355e+01
6.270000e-06	-1.015132e-02	1.015002e+01
6.280000e-06	-1.189749e-02	9.978394e+00
6.290000e-06	-1.587131e-02	9.706415e+00
6.300000e-06	-1.375606e-02	9.476639e+00
6.310000e-06	-1.028189e-02	9.254182e+00
6.320000e-06	-9.930440e-03	8.991582e+00
6.330000e-06	-1.332934e-02	8.788422e+00
6.340000e-06	-1.225212e-02	8.577867e+00
6.350000e-06	-9.597987e-03	8.287787e+00
6.360000e-06	-7.709752e-03	8.034232e+00
6.370000e-06	-1.044924e-02	7.850527e+00
6.380000e-06	-1.284679e-02	7.547416e+00
6.390000e-06	-1.122577e-02	7.262706e+00
6.400000e-06	-8.878070e-03	6.982049e+00
6.410000e-06	-9.646357e-03	6.766818e+00
6.420000e-06	-1.156044e-02	6.453205e+00
6.430000e-06	-9.729989e-03	6.240502e+00
6.440000e-06	-7.256910e-03	5.967864e+00
6.450000e-06	-6.163106e-03	5.654208e+00
6.460000e-06	-9.883938e-03	5.409525e+00
6.470000e-06	-1.079263e-02	5.084815e+00
6.480000e-06	-8.337265e-03	4.757369e+00
6.490000e-06	-6.398524e-03	4.485293e+00
6.500000e-06	-7.865388e-03	4.181629e+00
6.510000e-06	-8.837080e-03	3.925340e+00
6.520000e-06	-8.588989e-03	3.643158e+00
6.530000e-06	-6.110011e-03	3.389451e+00
6.540000e-06	-6.405785e-03	3.104836e+00
6.550000e-06	-7.752454e-03	2.800100e+00
6.560000e-06	-8.880868e-03	2.524865e+00
6.570000e-06	-6.268580e-03	2.209579e+00
6.580000e-06	-5.778454e-03	1.949419e+00
6.590000e-06	-6.403511e-03	1.623701e+00
6.600000e-06	-8.102010e-03	1.397469e+00
6.610000e-06	-7.010807e-03	1.013053e+00
6.620000e-06	-4.631105e-03	7.067184e-01
6.630000e-06	-4.608806e-03	4.621840e-01
6.640000e-06	-4.662782e-03	1.383461e-01
6.650000e-06	-1.594409e-03	-1.258155e-01
6.660000e-06	1.084978e-02	-3.689484e-01
6.670000e-06	-6.119317e-04	-6.542117e-01
6.680000e-06	3.312770e-03	-9.178156e-01
6.690000e-06	-4.862730e-03	-1.189947e+00
6.700000e-06	2.002351e-03	-1.547440e+00
6.710000e-06	2.031098e-03	-1.749371e+00
6.720000e-06	3.130344e-02	-2.010449e+00
6.730000e-06	1.053230e-01	-2.284662e+00
6.740000e-06	1.523341e-02	-2.661580e+00
6.750000e-06	-6.108476e-02	-3.055164e+00
6.760000e-06	-1.480344e-02	-3.379420e+00
6.770000e-06	-3.793548e-02	-3.547924e+00
6.780000e-06	-6.134075e-02	-3.822107e+00
6.790000e-06	4.125681e-03	-4.040110e+00
6.800000e-06	1.482142e-01	-4.203528e+00
6.810000e-06	-1.602854e-01	-4.536348e+00
6.820000e-06	1.822168e-01	-4.811580e+00
6.830000e-06	-6.820167e-02	-5.094661e+00
6.840000e-06	-1.491870e-02	-5.446636e+00
6.850000e-06	7.166321e-02	-5.694666e+00
6.860000e-06	-1.429018e-01	-6.009553e+00
6.870000e-06	1.838274e-01	-6.264584e+00
6.880000e-06	-9.836780e-02	-6.516272e+00
6.890000e-06	6.494819e-02	-6.841653e+00
6.900000e-06	-2.106818e-03	-7.087233e+00
6.910000e-06	-6.300160e-02	-7.380451e+00
6.920000e-06	1.038600e-01	-7.630630e+00
6.930000e-06	-1.043331e-01	-7.897814e+00
6.940000e-06	1.346009e-01	-8.169399e+00
6.950000e-06	-6.330790e-02	-8.379476e+00
6.960000e-06	4.064756e-02	-8.667140e+00
6.970000e-06	1.608202e-02	-8.877269e+00
6.980000e-06	-6.877858e-02	-9.187974e+00
6.990000e-06	8.065010e-02	-9.351453e+00
7.000000e-06	-5.943681e-02	-9.623072e+00
7.010000e-06	1.131638e-01	-9.802556e+00
7.020000e-06	-6.158998e-02	-1.009371e+01
7.030000e-06	5.901694e-02	-1.032732e+01
7.040000e-06	-3.780877e-02	-1.054677e+01
7.050000e-06	2.029964e-02	-1.075937e+01
7.060000e-06	1.401805e-02	-1.089787e+01
7.070000e-06	-7.618995e-03	-1.114942e+01
7.080000e-06	4.740719e-02	-1.135883e+01
7.090000e-06	-2.078554e-02	-1.159158e+01
7.100000e-06	4.726623e-02	-1.181048e+01
7.110000e-06	-3.739525e-02	-1.198211e+01
7.120000e-06	3.788845e-02	-1.218295e+01
7.130000e-06	-1.181250e-02	-1.235793e+01
7.140000e-06	4.797768e-02	-1.255092e+01
7.150000e-06	6.321477e-04	-1.271729e+01
7.160000e-06	1.519742e-02	-1.289879e+01
7.170000e-06	6.357612e-05	-1.306464e+01
7.180000e-06	1.001157e-02	-1.325313e+01
7.190000e-06	1.312870e-02	-1.336198e+01
7.200000e-06	7.845347e-03	-1.348775e+01
7.210000e-06	2.420838e-02	-1.364567e+01
7.220000e-06	1.571017e-02	-1.381363e+01
7.230000e-06	2.320853e-02	-1.397095e+01
7.240000e-06	1.358039e-03	-1.406829e+01
7.250000e-06	1.159901e-02	-1.427501e+01
7.260000e-06	9.335886e-03	-1.435147e+01
7.270000e-06	2.712252e-02	-1.449622e+01
7.280000e-06	1.457924e-02	-1.459993e+01
7.290000e-06	2.033062e-02	-1.467629e+01
7.300000e-06	1.055639e-02	-1.476053e+01
7.310000e-06	2.156570e-02	-1.487682e+01
7.320000e-06	1.506641e-02	-1.497040e+01
7.330000e-06	1.813806e-02	-1.506466e+01
7.340000e-06	1.789690e-02	-1.514685e+01
7.350000e-06	2.338148e-02	-1.519358e+01
7.360000e-06	2.346440e-02	-1.528674e+01
7.370000e-06	1.705979e-02	-1.531992e+01
7.380000e-06	1.720002e-02	-1.537093e+01
7.390000e-06	2.041132e-02	-1.544521e+01
7.400000e-06	2.966047e-02	-1.546525e+01
7.410000e-06	2.759436e-02	-1.552847e+01
7.420000e-06	2.706612e-02	-1.554951e+01
7.430000e-06	2.532385e-02	-1.561258e+01
7.440000e-06	2.989590e-02	-1.563358e+01
7.450000e-06	3.071164e-02	-1.563516e+01
7.460000e-06	3.119891e-02	-1.569474e+01
7.470000e-06	3.467084e-02	-1.563571e+01
7.480000e-06	4.284626e-02	-1.565573e+01
7.490000e-06	4.713495e-02	-1.563516e+01
7.500000e-06	4.849525e-02	-1.564313e+01
7.510000e-06	4.780973e-02	-1.560261e+01
7.520000e-06	5.846897e-02	-1.559163e+01
7.530000e-06	7.160086e-02	-1.556993e+01
7.540000e-06	8.948474e-02	-1.551942e+01
7.550000e-06	1.101421e-01	-1.547479e+01
7.560000e-06	1.487174e-01	-1.541319e+01
7.570000e-06	2.074536e-01	-1.540268e+01
7.580000e-06	2.465183e-01	-1.531935e+01
7.590000e-06	2.500000e-01	-1.529572e+01
7.600000e-06	2.500000e-01	-1.519208e+01
7.610000e-06	2.496895e-01	-1.510090e+01
7.620000e-06	2.185085e-01	-1.508476e+01
7.630000e-06	1.486033e-01	-1.499195e+01
7.640000e-06	9.586695e-02	-1.491521e+01
7.650000e-06	6.956737e-02	-1.479253e+01
7.660000e-06	5.227880e-02	-1.470789e+01
7.670000e-06	4.072626e-02	-1.458053e+01
7.680000e-06	2.922200e-02	-1.446631e+01
7.690000e-06	2.429273e-02	-1.438042e+01
7.700000e-06	2.178511e-02	-1.424416e+01
7.710000e-06	1.999773e-02	-1.412792e+01
7.720000e-06	1.477216e-02	-1.400261e+01
7.730000e-06	1.292437e-02	-1.383313e+01
7.740000e-06	1.240322e-02	-1.370729e+01
7.750000e-06	1.427750e-02	-1.351992e+01
7.760000e-06	1.204435e-02	-1.334945e+01
7.770000e-06	8.396323e-03	-1.322418e+01
7.780000e-06	6.972645e-03	-1.308591e+01
7.790000e-06	8.279591e-03	-1.294742e+01
7.800000e-06	8.090373e-03	-1.275953e+01
7.810000e-06	7.096075e-03	-1.259153e+01
7.820000e-06	5.017717e-03	-1.243368e+01
7.830000e-06	5.979421e-03	-1.221319e+01
7.840000e-06	6.088965e-03	-1.204571e+01
7.850000e-06	3.873986e-03	-1.187514e+01
7.860000e-06	2.006727e-03	-1.166374e+01
7.870000e-06	2.811561e-03	-1.143256e+01
7.880000e-06	4.701577e-03	-1.117013e+01
7.890000e-06	3.494508e-03	-1.096149e+01
7.900000e-06	2.086734e-03	-1.075952e+01
7.910000e-06	-5.385795e-05	-1.053050e+01
7.920000e-06	3.209725e-03	-1.035940e+01
7.930000e-06	2.029738e-03	-1.014984e+01
7.940000e-06	1.042942e-03	-9.885864e+00
7.950000e-06	-7.473819e-04	-9.685764e+00
7.960000e-06	1.937973e-04	-9.445212e+00
7.970000e-06	8.924269e-04	-9.241633e+00
7.980000e-06	-4.825648e-04	-9.021555e+00
7.990000e-06	-2.850078e-03	-8.760520e+00
8.000000e-06	-2.990995e-03	-8.527794e+00
8.010000e-06	-7.161122e-04	-8.262715e+00
8.020000e-06	-5.328364e-04	-8.047032e+00
8.030000e-06	-1.613955e-03	-7.717926e+00
8.040000e-06	-3.097053e-03	-7.464188e+00
8.050000e-06	-3.032165e-03	-7.191056e+00
8.060000e-06	-2.869782e-03	-6.928845e+00
8.070000e-06	-3.400596e-03	-6.664832e+00
8.080000e-06	-5.957774e-03	-6.443154e+00
8.090000e-06	-3.561401e-03	-6.128395e+00
8.100000e-06	-3.911517e-03	-5.884311e+00
8.110000e-06	-2.899403e-03	-5.622579e+00
8.120000e-06	-5.673198e-03	-5.326812e+00
8.130000e-06	-5.874271e-03	-5.022495e+00
8.140000e-06	-5.322384e-03	-4.725218e+00
8.150000e-06	-4.328142e-03	-4.431103e+00
8.160000e-06	-6.206775e-03	-4.199527e+00
8.170000e-06	-6.345054e-03	-3.945239e+00
8.180000e-06	-7.057334e-03	-3.621525e+00
8.190000e-06	-6.326692e-03	-3.366422e+00
8.200000e-06	-7.480459e-03	-3.093286e+00
8.210000e-06	-8.162596e-03	-2.758397e+00
8.220000e-06	-7.222635e-03	-2.474738e+00
8.230000e-06	-5.263449e-03	-2.250949e+00
8.240000e-06	-6.235779e-03	-1.905317e+00
8.250000e-06	-7.699295e-03	-1.642074e+00
8.260000e-06	-9.467458e-03	-1.256314e+00
8.270000e-06	-9.049031e-03	-9.899740e-01
8.280000e-06	-7.779242e-03	-7.277685e-01
8.290000e-06	-9.131816e-03	-3.795000e-01
8.300000e-06	-7.770158e-03	-1.568647e-01
8.310000e-06	-3.962756e-04	1.493634e-01
8.320000e-06	5.873201e-03	4.425540e-01
8.330000e-06	-4.874587e-03	6.757107e-01
8.340000e-06	1.746343e-03	9.653194e-01
8.350000e-06	-5.376397e-03	1.283107e+00
8.360000e-06	4.918637e-04	1.547870e+00
8.370000e-06	-3.034082e-03	1.842633e+00
8.380000e-06	1.748846e-02	2.032084e+00
8.390000e-06	6.684413e-02	2.295796e+00
8.400000e-06	5.704631e-02	2.673735e+00
8.410000e-06	-7.896933e-02	2.969451e+00
8.420000e-06	-3.225977e-02	3.254357e+00
8.430000e-06	-3.996291e-02	3.599001e+00
8.440000e-06	-2.472368e-02	3.830080e+00
8.450000e-06	-7.695043e-02	4.032000e+00
8.460000e-06	4.125642e-02	4.284762e+00
8.470000e-06	7.693398e-02	4.590997e+00
8.480000e-06	-1.065678e-01	4.842132e+00
8.490000e-06	1.532112e-01	5.147792e+00
8.500000e-06	-9.613558e-02	5.455263e+00
8.510000e-06	-1.291235e-02	5.725266e+00
8.520000e-06	2.014258e-02	6.011083e+00
8.530000e-06	-3.573712e-02	6.243611e+00
8.540000e-06	6.705625e-02	6.555821e+00
8.550000e-06	-7.479897e-02	6.832157e+00
8.560000e-06	2.837259e-02	7.073189e+00
8.570000e-06	-3.108139e-02	7.369904e+00
8.580000e-06	1.918517e-03	7.612687e+00
8.590000e-06	-9.259845e-03	7.937840e+00
8.600000e-06	-3.036415e-02	8.191004e+00
8.610000e-06	4.986418e-02	8.411533e+00
8.620000e-06	-2.962696e-02	8.634609e+00
8.630000e-06	4.277587e-03	8.885266e+00
8.640000e-06	-3.255715e-02	9.158294e+00
8.650000e-06	-2.680505e-02	9.359875e+00
8.660000e-06	2.248499e-02	9.588952e+00
8.670000e-06	-8.153521e-03	9.853981e+00
8.680000e-06	2.961360e-03	1.009424e+01
8.690000e-06	-3.496189e-02	1.028574e+01
8.700000e-06	1.124639e-02	1.048882e+01
8.710000e-06	-2.104764e-02	1.071879e+01
8.720000e-06	-1.533775e-02	1.093737e+01
8.730000e-06	-1.821878e-02	1.115837e+01
8.740000e-06	-6.293847e-03	1.129900e+01
8.750000e-06	1.175167e-02	1.158093e+01
8.760000e-06	-1.748815e-02	1.177050e+01
8.770000e-06	-1.989799e-02	1.193803e+01
8.780000e-06	-2.636723e-02	1.216207e+01
8.790000e-06	1.319152e-03	1.238137e+01
8.800000e-06	-6.662851e-03	1.251887e+01
8.810000e-06	-1.554560e-02	1.266632e+01
8.820000e-06	-2.267686e-02	1.289621e+01
8.830000e-06	-1.318348e-02	1.302313e+01
8.840000e-06	-6.727341e-03	1.319253e+01
8.850000e-06	-2.019810e-02	1.338040e+01
8.860000e-06	-2.286458e-02	1.349574e+01
8.870000e-06	-1.401818e-02	1.363421e+01
8.880000e-06	-3.740307e-03	1.376250e+01
8.890000e-06	-1.363682e-02	1.393942e+01
8.900000e-06	-3.135858e-02	1.409729e+01
8.910000e-06	-2.686893e-02	1.421366e+01
8.920000e-06	-1.567234e-02	1.435050e+01
8.930000e-06	-7.917764e-03	1.445664e+01
8.940000e-06	-2.212158e-02	1.459250e+01
8.950000e-06	-2.487118e-02	1.470582e+01
8.960000e-06	-1.920743e-02	1.481010e+01
8.970000e-06	-1.545910e-02	1.487469e+01
8.980000e-06	-2.477301e-02	1.493937e+01
8.990000e-06	-3.329294e-02	1.502205e+01
9.000000e-06	-2.423961e-02	1.507582e+01
9.010000e-06	-1.790175e-02	1.516955e+01
9.020000e-06	-1.823734e-02	1.524518e+01
9.030000e-06	-3.523589e-02	1.528579e+01
9.040000e-06	-3.573360e-02	1.535045e+01
9.050000e-06	-2.837859e-02	1.541511e+01
9.060000e-06	-2.231227e-02	1.546521e+01
9.070000e-06	-3.180288e-02	1.550632e+01
9.080000e-06	-3.861227e-02	1.554939e+01
9.090000e-06	-3.341568e-02	1.557050e+01
9.100000e-06	-3.150070e-02	1.557203e+01
9.110000e-06	-3.725848e-02	1.560050e+01
9.120000e-06	-5.025336e-02	1.559256e+01
9.130000e-06	-4.693832e-02	1.561161e+01
9.140000e-06	-4.266908e-02	1.561111e+01
9.150000e-06	-4.366673e-02	1.563100e+01
9.160000e-06	-6.022346e-02	1.555153e+01
9.170000e-06	-6.948118e-02	1.558155e+01
9.180000e-06	-7.107235e-02	1.554840e+01
9.190000e-06	-7.875255e-02	1.549682e+01
9.200000e-06	-1.007624e-01	1.548574e+01
9.210000e-06	-1.354439e-01	1.543567e+01
9.220000e-06	-1.752609e-01	1.543258e+01
9.230000e-06	-2.276872e-01	1.536095e+01
9.240000e-06	-2.497000e-01	1.530524e+01
9.250000e-06	-2.500000e-01	1.523566e+01
9.260000e-06	-2.500000e-01	1.517993e+01
9.270000e-06	-2.448562e-01	1.507989e+01
9.280000e-06	-1.949866e-01	1.502218e+01
9.290000e-06	-1.349292e-01	1.495935e+01
9.300000e-06	-1.006317e-01	1.485418e+01
9.310000e-06	-7.093752e-02	1.475678e+01
9.320000e-06	-5.125642e-02	1.464618e+01
9.330000e-06	-4.202176e-02	1.453884e+01
9.340000e-06	-4.218430e-02	1.438323e+01
9.350000e-06	-3.561343e-02	1.429934e+01
9.360000e-06	-2.757446e-02	1.419098e+01
9.370000e-06	-2.373817e-02	1.403516e+01
9.380000e-06	-2.798176e-02	1.392779e+01
9.390000e-06	-2.768314e-02	1.376900e+01
9.400000e-06	-2.102744e-02	1.360258e+01
9.410000e-06	-1.553363e-02	1.345624e+01
9.420000e-06	-1.976878e-02	1.333884e+01
9.430000e-06	-2.362378e-02	1.315147e+01
9.440000e-06	-2.130649e-02	1.302155e+01
9.450000e-06	-1.469233e-02	1.282511e+01
9.460000e-06	-1.456812e-02	1.269319e+01
9.470000e-06	-1.925235e-02	1.250634e+01
9.480000e-06	-1.980881e-02	1.233884e+01
9.490000e-06	-1.401454e-02	1.217937e+01
9.500000e-06	-1.250130e-02	1.195000e+01
9.510000e-06	-1.684318e-02	1.175947e+01
9.520000e-06	-1.963227e-02	1.154837e+01
9.530000e-06	-1.509889e-02	1.136689e+01
9.540000e-06	-1.050577e-02	1.112785e+01
9.550000e-06	-1.232165e-02	1.091735e+01
9.560000e-06	-1.617210e-02	1.070837e+01
9.570000e-06	-1.516771e-02	1.051577e+01
9.580000e-06	-1.116022e-02	1.028381e+01
9.590000e-06	-1.074055e-02	1.003521e+01
9.600000e-06	-1.479380e-02	9.830049e+00
9.610000e-06	-1.568224e-02	9.571977e+00
9.620000e-06	-1.216015e-02	9.357998e+00
9.630000e-06	-8.721628e-03	9.176339e+00
9.640000e-06	-1.172937e-02	8.896765e+00
9.650000e-06	-1.461822e-02	8.654155e+00
9.660000e-06	-1.233610e-02	8.452079e+00
9.670000e-06	-7.928833e-03	8.139899e+00
9.680000e-06	-8.432238e-03	7.916844e+00
9.690000e-06	-1.210286e-02	7.653208e+00
9.700000e-06	-1.350200e-02	7.343500e+00
9.710000e-06	-9.568414e-03	7.155865e+00
9.720000e-06	-7.373735e-03	6.863706e+00
9.730000e-06	-1.023657e-02	6.540577e+00
9.740000e-06	-1.181410e-02	6.287414e+00
9.750000e-06	-9.888710e-03	6.043686e+00
9.760000e-06	-6.432047e-03	5.820450e+00
9.770000e-06	-8.014004e-03	5.517368e+00
9.780000e-06	-1.124029e-02	5.271653e+00
9.790000e-06	-1.070630e-02	4.896711e+00
9.800000e-06	-6.862406e-03	4.611998e+00
9.810000e-06	-6.011552e-03	4.358419e+00
9.820000e-06	-9.072771e-03	4.074586e+00
9.830000e-06	-1.020489e-02	3.757425e+00
9.840000e-06	-7.695468e-03	3.566921e+00
9.850000e-06	-6.483992e-03	3.211050e+00
9.860000e-06	-6.592365e-03	2.927392e+00
9.870000e-06	-9.272598e-03	2.705281e+00
9.880000e-06	-7.609733e-03	2.347868e+00
9.890000e-06	-5.545186e-03	2.094183e+00
9.900000e-06	-5.464172e-03	1.809953e+00
9.910000e-06	-7.958636e-03	1.513391e+00
9.920000e-06	-8.039739e-03	1.199000e+00
9.930000e-06	-5.800325e-03	9.135768e-01
9.940000e-06	-3.693713e-03	5.679675e-01
9.950000e-06	-5.443109e-03	3.357872e-01
9.960000e-06	-4.625512e-03	-1.050242e-02
9.970000e-06	4.109556e-03	-2.537091e-01
9.980000e-06	8.156152e-03	-5.042195e-01
9.990000e-06	-1.150130e-03	-8.320777e-01
1.000000e-05	1.153167e-03	-1.074137e+00
1.001000e-05	-2.961516e-03	-1.380949e+00
1.002000e-05	1.696420e-03	-1.654212e+00
1.003000e-05	1.259870e-02	-1.884236e+00
1.004000e-05	6.478446e-02	-2.136393e+00
1.005000e-05	9.803312e-02	-2.463585e+00
1.006000e-05	-7.195568e-02	-2.843587e+00
1.007000e-05	-1.070530e-02	-3.274083e+00
1.008000e-05	-4.281114e-02	-3.483714e+00
1.009000e-05	-2.541824e-02	-3.694686e+00
1.010000e-05	-8.661859e-02	-3.988422e+00
1.011000e-05	1.584948e-01	-4.126791e+00
1.012000e-05	-5.544612e-02	-4.349448e+00
1.013000e-05	-2.969493e-03	-4.677272e+00
1.014000e-05	1.218895e-01	-4.958295e+00
1.015000e-05	-1.735135e-01	-5.308317e+00
1.016000e-05	1.549697e-01	-5.570026e+00
1.017000e-05	-1.334886e-01	-5.822609e+00
1.018000e-05	5.954312e-02	-6.166920e+00
1.019000e-05	6.359470e-02	-6.380453e+00
1.020000e-05	-8.548011e-02	-6.696714e+00
1.021000e-05	1.218105e-01	-6.949900e+00
1.022000e-05	-1.280952e-01	-7.243584e+00
1.023000e-05	9.535899e-02	-7.496770e+00
1.024000e-05	-4.101878e-02	-7.779996e+00
1.025000e-05	1.680907e-02	-8.055837e+00
1.026000e-05	7.645909e-02	-8.235607e+00
1.027000e-05	-8.465417e-02	-8.540973e+00
1.028000e-05	1.141258e-01	-8.810558e+00
1.029000e-05	-1.064642e-01	-9.034582e+00
1.030000e-05	6.717399e-02	-9.254315e+00
1.031000e-05	-2.849355e-02	-9.475742e+00
1.032000e-05	4.587164e-02	-9.767450e+00
1.033000e-05	3.205576e-02	-9.907869e+00
1.034000e-05	-2.879101e-02	-1.019053e+01
1.035000e-05	4.980512e-02	-1.039198e+01
1.036000e-05	-5.757321e-02	-1.063364e+01
1.037000e-05	6.971865e-02	-1.082363e+01
1.038000e-05	-4.325290e-02	-1.105466e+01
1.039000e-05	6.076492e-02	-1.122516e+01
1.040000e-05	-1.775205e-02	-1.145469e+01
1.041000e-05	3.632701e-02	-1.167837e+01
1.042000e-05	-7.651290e-03	-1.194572e+01
1.043000e-05	4.934078e-03	-1.211834e+01
1.044000e-05	1.358817e-02	-1.226468e+01
1.045000e-05	1.323289e-02	-1.246579e+01
1.046000e-05	3.405679e-02	-1.262411e+01
1.047000e-05	-5.643822e-03	-1.279563e+01
1.048000e-05	1.878157e-02	-1.299150e+01
1.049000e-05	-7.591360e-03	-1.315789e+01
1.050000e-05	2.662523e-02	-1.331722e+01
1.051000e-05	2.907893e-04	-1.348471e+01
1.052000e-05	2.816417e-02	-1.358360e+01
1.053000e-05	1.055470e-02	-1.372855e+01
1.054000e-05	2.672660e-02	-1.388644e+01
1.055000e-05	3.572696e-03	-1.403359e+01
1.056000e-05	9.771009e-03	-1.418195e+01
1.057000e-05	6.023484e-03	-1.429721e+01
1.058000e-05	2.284010e-02	-1.440361e+01
1.059000e-05	2.093580e-02	-1.453040e+01
1.060000e-05	1.910741e-02	-1.461421e+01
1.061000e-05	1.534161e-02	-1.474942e+01
1.062000e-05	1.371599e-02	-1.480426e+01
1.063000e-05	2.044024e-02	-1.491842e+01
1.064000e-05	1.403681e-02	-1.498263e+01
1.065000e-05	2.087664e-02	-1.511777e+01
1.066000e-05	1.846323e-02	-1.516150e+01
1.067000e-05	2.782451e-02	-1.522514e+01
1.068000e-05	1.784059e-02	-1.530670e+01
1.069000e-05	1.883481e-02	-1.539090e+01
1.070000e-05	1.654762e-02	-1.540263e+01
1.071000e-05	2.694066e-02	-1.548377e+01
1.072000e-05	2.933571e-02	-1.550779e+01
1.073000e-05	2.806823e-02	-1.554940e+01
1.074000e-05	2.674436e-02	-1.556196e+01
1.075000e-05	2.796065e-02	-1.562456e+01
1.076000e-05	3.127911e-02	-1.563316e+01
1.077000e-05	3.018865e-02	-1.561409e+01
1.078000e-05	3.373603e-02	-1.566568e+01
1.079000e-05	3.852075e-02	-1.562469e+01
1.080000e-05	4.570172e-02	-1.563614e+01
1.081000e-05	4.729747e-02	-1.564471e+01
1.082000e-05	4.913750e-02	-1.565469e+01
1.083000e-05	5.372623e-02	-1.558203e+01
1.084000e-05	6.571667e-02	-1.554050e+01
1.085000e-05	8.124816e-02	-1.556097e+01
1.086000e-05	9.951388e-02	-1.548889e+01
1.087000e-05	1.277596e-01	-1.544529e+01
1.088000e-05	1.783111e-01	-1.542266e+01
1.089000e-05	2.336045e-01	-1.535945e+01
1.090000e-05	2.500000e-01	-1.531782e+01
1.091000e-05	2.500000e-01	-1.526211e+01
1.092000e-05	2.500000e-01	-1.519998e+01
1.093000e-05	2.408352e-01	-1.509577e+01
1.094000e-05	1.806298e-01	-1.501413e+01
1.095000e-05	1.157681e-01	-1.492842e+01
1.096000e-05	7.963446e-02	-1.486469e+01
1.097000e-05	5.930133e-02	-1.472092e+01
1.098000e-05	4.672877e-02	-1.467429e+01
1.099000e-05	3.541989e-02	-1.455892e+01
1.100000e-05	2.673609e-02	-1.442319e+01
1.101000e-05	2.250152e-02	-1.430785e+01
1.102000e-05	2.042731e-02	-1.421098e+01
1.103000e-05	1.759575e-02	-1.404468e+01
1.104000e-05	1.258790e-02	-1.388540e+01
1.105000e-05	1.284229e-02	-1.378090e+01
1.106000e-05	1.397978e-02	-1.361405e+01
1.107000e-05	1.430906e-02	-1.348574e+01
1.108000e-05	9.511347e-03	-1.331744e+01
1.109000e-05	7.957643e-03	-1.315095e+01
1.110000e-05	7.049272e-03	-1.302253e+01
1.111000e-05	9.729906e-03	-1.282416e+01
1.112000e-05	7.338872e-03	-1.268519e+01
1.113000e-05	5.737557e-03	-1.250879e+01
1.114000e-05	4.769032e-03	-1.228742e+01
1.115000e-05	7.225249e-03	-1.214784e+01
1.116000e-05	4.827315e-03	-1.198945e+01
1.117000e-05	3.021405e-03	-1.173977e+01
1.118000e-05	2.134585e-03	-1.148934e+01
1.119000e-05	4.023721e-03	-1.127579e+01
1.120000e-05	4.284310e-03	-1.106524e+01
1.121000e-05	3.686321e-03	-1.085271e+01
1.122000e-05	5.622189e-04	-1.069571e+01
1.123000e-05	1.595616e-03	-1.045468e+01
1.124000e-05	1.924336e-03	-1.023266e+01
1.125000e-05	1.778341e-03	-1.003360e+01
1.126000e-05	-5.368893e-04	-9.822048e+00
1.127000e-05	-3.208095e-04	-9.589975e+00
1.128000e-05	1.099850e-03	-9.317921e+00
1.129000e-05	9.002598e-04	-9.098867e+00
1.130000e-05	-2.278927e-03	-8.905236e+00
1.131000e-05	-2.605779e-03	-8.663134e+00
1.132000e-05	-2.063389e-03	-8.391026e+00
1.133000e-05	-4.647125e-05	-8.157922e+00
1.134000e-05	-1.555226e-03	-7.864811e+00
1.135000e-05	-3.362933e-03	-7.582453e+00
1.136000e-05	-3.033125e-03	-7.348169e+00
1.137000e-05	-2.583822e-03	-7.064285e+00
1.138000e-05	-2.864742e-03	-6.771974e+00
1.139000e-05	-4.836368e-03	-6.587969e+00
1.140000e-05	-4.306579e-03	-6.293690e+00
1.141000e-05	-3.482773e-03	-6.021523e+00
1.142000e-05	-4.141019e-03	-5.716347e+00
1.143000e-05	-4.410855e-03	-5.504234e+00
1.144000e-05	-6.991397e-03	-5.178970e+00
1.145000e-05	-4.459410e-03	-4.843162e+00
1.146000e-05	-4.277255e-03	-4.557371e+00
1.147000e-05	-4.833368e-03	-4.314292e+00
1.148000e-05	-6.193325e-03	-4.013081e+00
1.149000e-05	-7.249819e-03	-3.778415e+00
1.150000e-05	-6.233462e-03	-3.474762e+00
1.151000e-05	-7.771499e-03	-3.209949e+00
1.152000e-05	-7.334732e-03	-2.874713e+00
1.153000e-05	-8.505037e-03	-2.601552e+00
1.154000e-05	-5.412838e-03	-2.357369e+00
1.155000e-05	-5.944990e-03	-2.012100e+00
1.156000e-05	-6.916870e-03	-1.699445e+00
1.157000e-05	-9.178868e-03	-1.483236e+00
1.158000e-05	-8.322375e-03	-1.157270e+00
1.159000e-05	-8.175006e-03	-8.616615e-01
1.160000e-05	-8.565473e-03	-5.078198e-01
1.161000e-05	-8.007822e-03	-2.840843e-01
1.162000e-05	-5.438853e-03	-4.038102e-04
1.163000e-05	7.409762e-03	2.958393e-01
1.164000e-05	-3.203376e-03	5.763986e-01
1.165000e-05	4.898758e-04	8.124013e-01
1.166000e-05	-4.584367e-03	1.115894e+00
1.167000e-05	-7.898894e-04	1.409901e+00
1.168000e-05	-3.430973e-03	1.725245e+00
1.169000e-05	7.251778e-03	1.926842e+00
1.170000e-05	3.408957e-02	2.179923e+00
1.171000e-05	9.363620e-02	2.494641e+00
1.172000e-05	-3.471312e-02	2.833638e+00
1.173000e-05	-5.606598e-02	3.116891e+00
1.174000e-05	-3.861277e-02	3.441109e+00
1.175000e-05	-2.233207e-02	3.696239e+00
1.176000e-05	-5.831696e-02	3.958766e+00
1.177000e-05	-3.550174e-02	4.147424e+00
1.178000e-05	1.107678e-01	4.454634e+00
1.179000e-05	-6.095307e-02	4.725317e+00
1.180000e-05	3.139453e-02	4.930947e+00
1.181000e-05	7.051684e-02	5.329318e+00
1.182000e-05	-1.292366e-01	5.601580e+00
1.183000e-05	6.823393e-02	5.924789e+00
1.184000e-05	-5.587530e-02	6.169873e+00
1.185000e-05	4.916397e-02	6.379954e+00
1.186000e-05	-1.291754e-02	6.684638e+00
1.187000e-05	-4.269339e-02	6.959373e+00
1.188000e-05	3.083159e-02	7.201735e+00
1.189000e-05	-5.181135e-02	7.508191e+00
1.190000e-05	3.889199e-02	7.838854e+00
1.191000e-05	-6.082939e-02	8.096792e+00
1.192000e-05	3.967769e-02	8.327817e+00
1.193000e-05	5.258659e-03	8.537349e+00
1.194000e-05	-2.412745e-02	8.799425e+00
1.195000e-05	5.122010e-03	9.021504e+00
1.196000e-05	-6.142847e-02	9.224641e+00
1.197000e-05	2.792519e-02	9.455690e+00
1.198000e-05	-1.226712e-02	9.719448e+00
1.199000e-05	1.785836e-02	9.960449e+00
1.200000e-05	-3.706367e-02	1.018242e+01
1.201000e-05	-2.050939e-03	1.042203e+01
1.202000e-05	-4.794234e-03	1.064418e+01
1.203000e-05	-2.232227e-02	1.083358e+01
1.204000e-05	-1.107579e-02	1.103367e+01
1.205000e-05	-2.350579e-02	1.122509e+01
1.206000e-05	1.721540e-02	1.149514e+01
1.207000e-05	-1.603340e-02	1.166419e+01
1.208000e-05	-1.062827e-02	1.189621e+01
1.209000e-05	-3.759543e-02	1.208626e+01
1.210000e-05	-9.721504e-04	1.227574e+01
1.211000e-05	-4.756636e-03	1.248319e+01
1.212000e-05	-5.543295e-03	1.259255e+01
1.213000e-05	-2.307109e-02	1.278205e+01
1.214000e-05	-2.040651e-02	1.293040e+01
1.215000e-05	-6.976705e-03	1.312787e+01
1.216000e-05	-1.892078e-02	1.328574e+01
1.217000e-05	-1.946329e-02	1.342311e+01
1.218000e-05	-2.509451e-02	1.355200e+01
1.219000e-05	1.168004e-03	1.374890e+01
1.220000e-05	-1.094284e-02	1.385476e+01
1.221000e-05	-1.943677e-02	1.397303e+01
1.222000e-05	-3.540100e-02	1.420053e+01
1.223000e-05	-1.955015e-02	1.426827e+01
1.224000e-05	-1.154106e-02	1.442299e+01
1.225000e-05	-1.573188e-02	1.453190e+01
1.226000e-05	-2.533663e-02	1.466469e+01
1.227000e-05	-2.489130e-02	1.472790e+01
1.228000e-05	-1.192266e-02	1.482416e+01
1.229000e-05	-2.120891e-02	1.490837e+01
1.230000e-05	-2.721808e-02	1.498158e+01
1.231000e-05	-3.262845e-02	1.508529e+01
1.232000e-05	-1.771617e-02	1.513690e+01
1.233000e-05	-1.772304e-02	1.518158e+01
1.234000e-05	-2.784496e-02	1.527669e+01
1.235000e-05	-3.825913e-02	1.534040e+01
1.236000e-05	-3.309511e-02	1.544108e+01
1.237000e-05	-2.106839e-02	1.543453e+01
1.238000e-05	-2.733335e-02	1.547577e+01
1.239000e-05	-3.473728e-02	1.550832e+01
1.240000e-05	-3.918639e-02	1.554035e+01
1.241000e-05	-2.959885e-02	1.555245e+01
1.242000e-05	-3.357467e-02	1.559150e+01
1.243000e-05	-4.518794e-02	1.562303e+01
1.244000e-05	-5.025935e-02	1.559261e+01
1.245000e-05	-4.567395e-02	1.560353e+01
1.246000e-05	-3.971762e-02	1.560355e+01
1.247000e-05	-5.268957e-02	1.559305e+01
1.248000e-05	-6.497226e-02	1.558203e+01
1.249000e-05	-7.147961e-02	1.556050e+01
1.250000e-05	-7.240433e-02	1.553790e+01
1.251000e-05	-8.893742e-02	1.552686e+01
1.252000e-05	-1.183526e-01	1.548666e+01
1.253000e-05	-1.549229e-01	1.541468e+01
1.254000e-05	-2.041867e-01	1.538250e+01
1.255000e-05	-2.445324e-01	1.531877e+01
1.256000e-05	-2.500000e-01	1.523671e+01
1.257000e-05	-2.500000e-01	1.519300e+01
1.258000e-05	-2.500000e-01	1.507840e+01
1.259000e-05	-2.255577e-01	1.506516e+01
1.260000e-05	-1.593776e-01	1.493993e+01
1.261000e-05	-1.144349e-01	1.487474e+01
1.262000e-05	-8.428298e-02	1.475240e+01
1.263000e-05	-5.842410e-02	1.472673e+01
1.264000e-05	-4.432992e-02	1.457000e+01
1.265000e-05	-4.213069e-02	1.448571e+01
1.266000e-05	-3.933725e-02	1.442200e+01
1.267000e-05	-3.084152e-02	1.423466e+01
1.268000e-05	-2.324624e-02	1.411779e+01
1.269000e-05	-2.653859e-02	1.395845e+01
1.270000e-05	-2.919466e-02	1.383558e+01
1.271000e-05	-2.545707e-02	1.370476e+01
1.272000e-05	-1.829962e-02	1.351792e+01
1.273000e-05	-1.754643e-02	1.337048e+01
1.274000e-05	-2.297888e-02	1.324368e+01
1.275000e-05	-2.241110e-02	1.312524e+01
1.276000e-05	-1.655772e-02	1.292887e+01
1.277000e-05	-1.343229e-02	1.271892e+01
1.278000e-05	-1.803765e-02	1.260095e+01
1.279000e-05	-2.103048e-02	1.244011e+01
1.280000e-05	-1.676257e-02	1.223359e+01
1.281000e-05	-1.251433e-02	1.202471e+01
1.282000e-05	-1.375878e-02	1.182318e+01
1.283000e-05	-2.000889e-02	1.163513e+01
1.284000e-05	-1.847405e-02	1.138514e+01
1.285000e-05	-1.219032e-02	1.120263e+01
1.286000e-05	-1.081000e-02	1.100355e+01
1.287000e-05	-1.450538e-02	1.083265e+01
1.288000e-05	-1.602279e-02	1.059151e+01
1.289000e-05	-1.224181e-02	1.035102e+01
1.290000e-05	-9.667962e-03	1.015790e+01
1.291000e-05	-1.209914e-02	9.979390e+00
1.292000e-05	-1.618631e-02	9.686839e+00
1.293000e-05	-1.408835e-02	9.434163e+00
1.294000e-05	-1.019368e-02	9.252582e+00
1.295000e-05	-9.546732e-03	9.002059e+00
1.296000e-05	-1.402759e-02	8.749847e+00
1.297000e-05	-1.276449e-02	8.526393e+00
1.298000e-05	-9.173876e-03	8.274291e+00
1.299000e-05	-7.099425e-03	8.012107e+00
1.300000e-05	-1.051060e-02	7.799950e+00
1.301000e-05	-1.287841e-02	7.507012e+00
1.302000e-05	-1.152264e-02	7.202653e+00
1.303000e-05	-8.387450e-03	6.969953e+00
1.304000e-05	-1.012933e-02	6.735769e+00
1.305000e-05	-1.119851e-02	6.445084e+00
1.306000e-05	-1.073794e-02	6.179975e+00
1.307000e-05	-6.694040e-03	5.957496e+00
1.308000e-05	-6.025841e-03	5.623132e+00
1.309000e-05	-9.238894e-03	5.380022e+00
1.310000e-05	-1.196521e-02	5.064208e+00
1.311000e-05	-8.625804e-03	4.726294e+00
1.312000e-05	-6.824821e-03	4.466136e+00
1.313000e-05	-8.103833e-03	4.160579e+00
1.314000e-05	-1.021074e-02	3.915237e+00
1.315000e-05	-7.815544e-03	3.632581e+00
1.316000e-05	-6.505212e-03	3.337448e+00
1.317000e-05	-6.171409e-03	3.062706e+00
1.318000e-05	-8.145939e-03	2.790001e+00
1.319000e-05	-7.842405e-03	2.485687e+00
1.320000e-05	-5.531555e-03	2.271501e+00
1.321000e-05	-4.567676e-03	1.947467e+00
1.322000e-05	-7.656058e-03	1.683256e+00
1.323000e-05	-7.929582e-03	1.366791e+00
1.324000e-05	-6.162039e-03	1.041048e+00
1.325000e-05	-5.090899e-03	6.747881e-01
1.326000e-05	-4.095503e-03	4.510778e-01
1.327000e-05	-4.528521e-03	1.658959e-01
1.328000e-05	-4.783176e-04	-1.177934e-01
1.329000e-05	1.069664e-02	-4.099476e-01
1.330000e-05	-1.468480e-03	-6.947618e-01
1.331000e-05	2.939788e-03	-9.478460e-01
1.332000e-05	-3.899350e-03	-1.212103e+00
1.333000e-05	3.108272e-03	-1.545816e+00
1.334000e-05	2.080901e-03	-1.780421e+00
1.335000e-05	3.180222e-02	-2.010499e+00
1.336000e-05	1.078369e-01	-2.255687e+00
1.337000e-05	3.205775e-03	-2.673683e+00
1.338000e-05	-5.515349e-02	-3.104786e+00
1.339000e-05	-1.713463e-02	-3.409498e+00
1.340000e-05	-3.526667e-02	-3.589023e+00
1.341000e-05	-6.694473e-02	-3.811460e+00
1.342000e-05	2.088760e-02	-4.042659e+00
1.343000e-05	1.301720e-01	-4.232005e+00
1.344000e-05	-1.570042e-01	-4.556875e+00
1.345000e-05	1.937188e-01	-4.842083e+00
1.346000e-05	-9.198582e-02	-5.084768e+00
1.347000e-05	7.408199e-03	-5.485792e+00
1.348000e-05	4.797192e-02	-5.665763e+00
1.349000e-05	-1.254289e-01	-5.979557e+00
1.350000e-05	1.801975e-01	-6.255141e+00
1.351000e-05	-1.086849e-01	-6.537324e+00
1.352000e-05	8.019529e-02	-6.843109e+00
1.353000e-05	-1.965766e-02	-7.084667e+00
1.354000e-05	-4.511917e-02	-7.389927e+00
1.355000e-05	9.288184e-02	-7.633127e+00
1.356000e-05	-1.000236e-01	-7.898871e+00
1.357000e-05	1.362573e-01	-8.190451e+00
1.358000e-05	-7.571326e-02	-8.389080e+00
1.359000e-05	5.613537e-02	-8.716126e+00
1.360000e-05	1.298679e-04	-8.928795e+00
1.361000e-05	-5.315549e-02	-9.168975e+00
1.362000e-05	7.110515e-02	-9.361474e+00
1.363000e-05	-5.313730e-02	-9.604186e+00
1.364000e-05	1.112686e-01	-9.823638e+00
1.365000e-05	-6.589923e-02	-1.005474e+01
1.366000e-05	6.366549e-02	-1.028527e+01
1.367000e-05	-4.708214e-02	-1.051930e+01
1.368000e-05	3.068242e-02	-1.074987e+01
1.369000e-05	4.312986e-03	-1.092792e+01
1.370000e-05	2.025704e-03	-1.113886e+01
1.371000e-05	4.060716e-02	-1.138895e+01
1.372000e-05	-1.367322e-02	-1.162303e+01
1.373000e-05	4.358827e-02	-1.180351e+01
1.374000e-05	-3.395975e-02	-1.200511e+01
1.375000e-05	3.480494e-02	-1.219308e+01
1.376000e-05	-1.269349e-02	-1.237005e+01
1.377000e-05	4.734436e-02	-1.260042e+01
1.378000e-05	-2.871245e-03	-1.272880e+01
1.379000e-05	1.875262e-02	-1.289779e+01
1.380000e-05	-2.356134e-03	-1.306571e+01
1.381000e-05	1.560014e-02	-1.322316e+01
1.382000e-05	1.179198e-02	-1.336198e+01
1.383000e-05	1.167808e-02	-1.356034e+01
1.384000e-05	2.151619e-02	-1.369577e+01
1.385000e-05	1.546489e-02	-1.380369e+01
1.386000e-05	2.072507e-02	-1.397000e+01
1.387000e-05	1.379055e-03	-1.413887e+01
1.388000e-05	1.228737e-02	-1.424308e+01
1.389000e-05	1.023371e-02	-1.436193e+01
1.390000e-05	2.759775e-02	-1.447686e+01
1.391000e-05	1.544378e-02	-1.456355e+01
1.392000e-05	2.010340e-02	-1.467677e+01
1.393000e-05	9.534045e-03	-1.479058e+01
1.394000e-05	2.130630e-02	-1.486877e+01
1.395000e-05	1.528093e-02	-1.499140e+01
1.396000e-05	2.017113e-02	-1.506611e+01
1.397000e-05	1.782669e-02	-1.514835e+01
1.398000e-05	2.459786e-02	-1.519358e+01
1.399000e-05	2.218244e-02	-1.526619e+01
1.400000e-05	1.695974e-02	-1.532977e+01
1.401000e-05	1.742848e-02	-1.540110e+01
1.402000e-05	2.103913e-02	-1.542429e+01
1.403000e-05	3.006383e-02	-1.551787e+01
1.404000e-05	2.825242e-02	-1.555900e+01
1.405000e-05	2.770098e-02	-1.558953e+01
1.406000e-05	2.521836e-02	-1.557103e+01
1.407000e-05	3.047198e-02	-1.561064e+01
1.408000e-05	2.975501e-02	-1.563418e+01
1.409000e-05	3.154277e-02	-1.562564e+01
1.410000e-05	3.396239e-02	-1.567616e+01
1.411000e-05	4.206083e-02	-1.567461e+01
1.412000e-05	4.754996e-02	-1.563366e+01
1.413000e-05	4.814791e-02	-1.567523e+01
1.414000e-05	5.028408e-02	-1.563206e+01
1.415000e-05	6.030888e-02	-1.556210e+01
1.416000e-05	7.354636e-02	-1.555093e+01
1.417000e-05	8.977011e-02	-1.548949e+01
1.418000e-05	1.105945e-01	-1.545687e+01
1.419000e-05	1.512448e-01	-1.544418e+01
1.420000e-05	2.104379e-01	-1.540153e+01
1.421000e-05	2.474554e-01	-1.532832e+01
1.422000e-05	2.500000e-01	-1.526577e+01
1.423000e-05	2.500000e-01	-1.522306e+01
1.424000e-05	2.491890e-01	-1.513040e+01
1.425000e-05	2.158295e-01	-1.507466e+01
1.426000e-05	1.438501e-01	-1.496050e+01
1.427000e-05	9.485375e-02	-1.487576e+01
1.428000e-05	6.821409e-02	-1.479210e+01
1.429000e-05	5.295939e-02	-1.470836e+01
1.430000e-05	3.982434e-02	-1.460298e+01
1.431000e-05	2.888556e-02	-1.451771e+01
1.432000e-05	2.333067e-02	-1.437142e+01
1.433000e-05	2.197891e-02	-1.423516e+01
1.434000e-05	2.039323e-02	-1.410784e+01
1.435000e-05	1.597678e-02	-1.396243e+01
1.436000e-05	1.283081e-02	-1.380516e+01
1.437000e-05	1.262127e-02	-1.366576e+01
1.438000e-05	1.368848e-02	-1.354936e+01
1.439000e-05	1.135173e-02	-1.343253e+01
1.440000e-05	7.839911e-03	-1.325361e+01
1.441000e-05	6.896553e-03	-1.307519e+01
1.442000e-05	8.323703e-03	-1.292987e+01
1.443000e-05	8.602465e-03	-1.275947e+01
1.444000e-05	6.807903e-03	-1.261005e+01
1.445000e-05	4.542394e-03	-1.243211e+01
1.446000e-05	6.096525e-03	-1.222271e+01
1.447000e-05	6.521604e-03	-1.207421e+01
1.448000e-05	4.098431e-03	-1.187458e+01
1.449000e-05	1.596020e-03	-1.163416e+01
1.450000e-05	2.294473e-03	-1.141055e+01
1.451000e-05	4.080564e-03	-1.115937e+01
1.452000e-05	3.643773e-03	-1.095087e+01
1.453000e-05	2.685893e-03	-1.079988e+01
1.454000e-05	1.340558e-03	-1.056994e+01
1.455000e-05	1.538198e-03	-1.036039e+01
1.456000e-05	2.137332e-03	-1.009682e+01
1.457000e-05	1.341991e-03	-9.886687e+00
1.458000e-05	-1.863252e-04	-9.696260e+00
1.459000e-05	-5.177945e-04	-9.465211e+00
1.460000e-05	8.824835e-04	-9.233582e+00
1.461000e-05	-8.153239e-04	-8.970428e+00
1.462000e-05	-2.029375e-03	-8.790472e+00
1.463000e-05	-2.222491e-03	-8.487342e+00
1.464000e-05	-7.308864e-04	-8.264680e+00
1.465000e-05	-6.050211e-04	-8.052455e+00
1.466000e-05	-1.888944e-03	-7.697468e+00
1.467000e-05	-4.011706e-03	-7.442734e+00
1.468000e-05	-3.388369e-03	-7.211979e+00
1.469000e-05	-3.752633e-03	-6.957343e+00
1.470000e-05	-3.791170e-03	-6.657608e+00
1.471000e-05	-5.670903e-03	-6.411653e+00
1.472000e-05	-3.309970e-03	-6.137869e+00
1.473000e-05	-4.482501e-03	-5.863712e+00
1.474000e-05	-3.372673e-03	-5.599524e+00
1.475000e-05	-5.690000e-03	-5.275762e+00
1.476000e-05	-5.969551e-03	-5.001074e+00
1.477000e-05	-5.800649e-03	-4.633712e+00
1.478000e-05	-4.923753e-03	-4.461577e+00
1.479000e-05	-6.413710e-03	-4.199395e+00
1.480000e-05	-6.680861e-03	-3.914285e+00
1.481000e-05	-7.774289e-03	-3.600500e+00
1.482000e-05	-6.495025e-03	-3.356844e+00
1.483000e-05	-8.138199e-03	-3.064632e+00
1.484000e-05	-7.646447e-03	-2.756392e+00
1.485000e-05	-6.748479e-03	-2.444108e+00
1.486000e-05	-5.968663e-03	-2.189893e+00
1.487000e-05	-6.115762e-03	-1.885762e+00
1.488000e-05	-8.198254e-03	-1.631099e+00
1.489000e-05	-9.147889e-03	-1.265708e+00
1.490000e-05	-8.748442e-03	-9.809698e-01
1.491000e-05	-7.493959e-03	-7.048609e-01
1.492000e-05	-8.429079e-03	-3.625448e-01
1.493000e-05	-6.630954e-03	-1.368108e-01
1.494000e-05	1.019829e-03	1.468449e-01
1.495000e-05	3.894642e-03	4.421304e-01
1.496000e-05	-3.600446e-03	6.932378e-01
1.497000e-05	-1.175604e-03	9.669235e-01
1.498000e-05	-5.945487e-03	1.234638e+00
1.499000e-05	-9.592950e-04	1.548974e+00
1.500000e-05	-5.781449e-04	1.853083e+00
1.501000e-05	1.941068e-02	2.062662e+00
1.502000e-05	7.277639e-02	2.358862e+00
1.503000e-05	4.820272e-02	2.654190e+00
1.504000e-05	-7.913493e-02	2.991555e+00
1.505000e-05	-3.454521e-02	3.294630e+00
1.506000e-05	-4.103117e-02	3.580526e+00
1.507000e-05	-2.788295e-02	3.842104e+00
1.508000e-05	-7.414765e-02	4.041035e+00
1.509000e-05	5.236876e-02	4.316317e+00
1.510000e-05	6.612740e-02	4.621080e+00
1.511000e-05	-9.900223e-02	4.804685e+00
1.512000e-05	1.549437e-01	5.149820e+00
1.513000e-05	-1.104183e-01	5.473662e+00
1.514000e-05	-3.378893e-04	5.737320e+00
1.515000e-05	9.258091e-03	6.042580e+00
1.516000e-05	-2.683107e-02	6.286166e+00
1.517000e-05	6.213551e-02	6.527844e+00
1.518000e-05	-7.714959e-02	6.832711e+00
1.519000e-05	3.365516e-02	7.095687e+00
1.520000e-05	-3.710193e-02	7.381950e+00
1.521000e-05	1.122633e-02	7.675708e+00
1.522000e-05	-1.589024e-02	7.929849e+00
1.523000e-05	-2.271663e-02	8.203082e+00
1.524000e-05	4.526209e-02	8.443635e+00
1.525000e-05	-3.191860e-02	8.664708e+00
1.526000e-05	5.373273e-03	8.893816e+00
1.527000e-05	-3.773992e-02	9.139400e+00
1.528000e-05	-1.924347e-02	9.380425e+00
1.529000e-05	2.019279e-02	9.621053e+00
1.530000e-05	-4.241315e-03	9.864583e+00
1.531000e-05	-1.367667e-03	1.010624e+01
1.532000e-05	-3.288872e-02	1.027564e+01
1.533000e-05	9.873686e-03	1.051890e+01
1.534000e-05	-2.123648e-02	1.073890e+01
1.535000e-05	-1.509618e-02	1.094945e+01
1.536000e-05	-2.004531e-02	1.114637e+01
1.537000e-05	-4.187958e-03	1.137101e+01
1.538000e-05	7.721788e-03	1.158151e+01
1.539000e-05	-1.793821e-02	1.177998e+01
1.540000e-05	-2.210612e-02	1.197000e+01
1.541000e-05	-2.354609e-02	1.217110e+01
1.542000e-05	2.671518e-03	1.234037e+01
1.543000e-05	-3.919812e-03	1.253885e+01
1.544000e-05	-1.735606e-02	1.273579e+01
1.545000e-05	-2.373891e-02	1.289574e+01
1.546000e-05	-1.540078e-02	1.301563e+01
1.547000e-05	-8.408004e-03	1.320261e+01
1.548000e-05	-2.087970e-02	1.336040e+01
1.549000e-05	-2.280929e-02	1.349727e+01
1.550000e-05	-1.113410e-02	1.363631e+01
1.551000e-05	-2.636771e-03	1.378156e+01
1.552000e-05	-1.320272e-02	1.393782e+01
1.553000e-05	-3.333433e-02	1.408677e+01
1.554000e-05	-2.721957e-02	1.421364e+01
1.555000e-05	-1.686886e-02	1.441043e+01
1.556000e-05	-8.654411e-03	1.450826e+01
1.557000e-05	-2.254197e-02	1.457155e+01
1.558000e-05	-2.511115e-02	1.467582e+01
1.559000e-05	-1.775257e-02	1.479103e+01
1.560000e-05	-1.513878e-02	1.486421e+01
1.561000e-05	-2.351593e-02	1.494043e+01
1.562000e-05	-3.364568e-02	1.504358e+01
1.563000e-05	-2.367867e-02	1.510784e+01
1.564000e-05	-1.922747e-02	1.517958e+01
1.565000e-05	-1.928871e-02	1.524416e+01
1.566000e-05	-3.636257e-02	1.531592e+01
1.567000e-05	-3.585769e-02	1.534092e+01
1.568000e-05	-2.711755e-02	1.543306e+01
1.569000e-05	-2.224547e-02	1.545416e+01
1.570000e-05	-3.045907e-02	1.552827e+01
1.571000e-05	-3.916351e-02	1.551940e+01
1.572000e-05	-3.283120e-02	1.556943e+01
1.573000e-05	-3.226185e-02	1.555103e+01
1.574000e-05	-3.778594e-02	1.558985e+01
1.575000e-05	-5.108817e-02	1.562360e+01
1.576000e-05	-4.699809e-02	1.560363e+01
1.577000e-05	-4.159495e-02	1.564250e+01
1.578000e-05	-4.391328e-02	1.561048e+01
1.579000e-05	-6.016990e-02	1.559200e+01
1.580000e-05	-7.045120e-02	1.560050e+01
1.581000e-05	-7.203636e-02	1.556835e+01
1.582000e-05	-8.014778e-02	1.554827e+01
1.583000e-05	-1.028071e-01	1.550674e+01
1.584000e-05	-1.374602e-01	1.544461e+01
1.585000e-05	-1.774131e-01	1.539403e+01
1.586000e-05	-2.296377e-01	1.534987e+01
1.587000e-05	-2.498000e-01	1.525674e+01
1.588000e-05	-2.500000e-01	1.523466e+01
1.589000e-05	-2.500000e-01	1.514003e+01
1.590000e-05	-2.436622e-01	1.505734e+01
1.591000e-05	-1.907294e-01	1.498166e+01
1.592000e-05	-1.322492e-01	1.492937e+01
1.593000e-05	-9.925208e-02	1.484346e+01
1.594000e-05	-6.972889e-02	1.474830e+01
1.595000e-05	-5.063659e-02	1.464416e+01
1.596000e-05	-4.145672e-02	1.447784e+01
1.597000e-05	-4.134540e-02	1.443371e+01
1.598000e-05	-3.455420e-02	1.432739e+01
1.599000e-05	-2.614470e-02	1.417198e+01
1.600000e-05	-2.358203e-02	1.402408e+01
1.601000e-05	-2.806394e-02	1.388669e+01
1.602000e-05	-2.880465e-02	1.375840e+01
1.603000e-05	-2.146211e-02	1.363311e+01
1.604000e-05	-1.731459e-02	1.345369e+01
1.605000e-05	-2.000051e-02	1.329782e+01
1.606000e-05	-2.268512e-02	1.311987e+01
1.607000e-05	-1.990469e-02	1.295948e+01
1.608000e-05	-1.421156e-02	1.282268e+01
1.609000e-05	-1.618107e-02	1.264373e+01
1.610000e-05	-2.014766e-02	1.249684e+01
1.611000e-05	-2.014730e-02	1.232634e+01
1.612000e-05	-1.390212e-02	1.213989e+01
1.613000e-05	-1.234289e-02	1.196895e+01
1.614000e-05	-1.644460e-02	1.175985e+01
1.615000e-05	-1.921907e-02	1.153785e+01
1.616000e-05	-1.542725e-02	1.134687e+01
1.617000e-05	-1.021081e-02	1.110682e+01
1.618000e-05	-1.272781e-02	1.088642e+01
1.619000e-05	-1.612017e-02	1.071624e+01
1.620000e-05	-1.520224e-02	1.048524e+01
1.621000e-05	-1.045940e-02	1.026416e+01
1.622000e-05	-1.070047e-02	1.002363e+01
1.623000e-05	-1.418978e-02	9.760554e+00
1.624000e-05	-1.516087e-02	9.539919e+00
1.625000e-05	-1.094951e-02	9.357400e+00
1.626000e-05	-8.827656e-03	9.136319e+00
1.627000e-05	-1.197078e-02	8.875262e+00
1.628000e-05	-1.343110e-02	8.635554e+00
1.629000e-05	-1.235451e-02	8.391582e+00
1.630000e-05	-7.615719e-03	8.168446e+00
1.631000e-05	-8.816950e-03	7.933690e+00
1.632000e-05	-1.167827e-02	7.653187e+00
1.633000e-05	-1.212555e-02	7.357973e+00
1.634000e-05	-8.666780e-03	7.094269e+00
1.635000e-05	-7.582580e-03	6.822707e+00
1.636000e-05	-1.024141e-02	6.570501e+00
1.637000e-05	-1.201881e-02	6.275294e+00
1.638000e-05	-9.988062e-03	6.032657e+00
1.639000e-05	-6.007290e-03	5.819105e+00
1.640000e-05	-7.754586e-03	5.506323e+00
1.641000e-05	-1.013101e-02	5.230108e+00
1.642000e-05	-1.111334e-02	4.833732e+00
1.643000e-05	-7.255768e-03	4.591020e+00
1.644000e-05	-7.034761e-03	4.346821e+00
1.645000e-05	-8.962266e-03	4.033057e+00
1.646000e-05	-9.269660e-03	3.729896e+00
1.647000e-05	-6.959512e-03	3.494816e+00
1.648000e-05	-5.191911e-03	3.200955e+00
1.649000e-05	-7.079346e-03	2.915768e+00
1.650000e-05	-9.969125e-03	2.653330e+00
1.651000e-05	-8.591763e-03	2.347840e+00
1.652000e-05	-6.389135e-03	2.032161e+00
1.653000e-05	-5.251157e-03	1.787974e+00
1.654000e-05	-7.860670e-03	1.493788e+00
1.655000e-05	-6.779411e-03	1.198466e+00
1.656000e-05	-5.598309e-03	8.540840e-01
1.657000e-05	-4.230927e-03	5.688937e-01
1.658000e-05	-4.556594e-03	2.637856e-01
1.659000e-05	-3.905547e-03	-3.297519e-02
1.660000e-05	4.752159e-03	-2.747617e-01
1.661000e-05	7.133600e-03	-5.672947e-01
1.662000e-05	-3.012687e-04	-8.321052e-01
1.663000e-05	6.429481e-04	-1.086159e+00
1.664000e-05	-5.896340e-04	-1.388583e+00
1.665000e-05	-9.395741e-04	-1.662580e+00
1.666000e-05	1.536196e-02	-1.895763e+00
1.667000e-05	6.774068e-02	-2.118920e+00
1.668000e-05	9.457095e-02	-2.475764e+00
1.669000e-05	-7.359924e-02	-2.884285e+00
1.670000e-05	-1.055350e-02	-3.274229e+00
1.671000e-05	-4.457128e-02	-3.487738e+00
1.672000e-05	-2.988052e-02	-3.726317e+00
1.673000e-05	-8.196299e-02	-3.959449e+00
1.674000e-05	1.639869e-01	-4.128742e+00
1.675000e-05	-7.771256e-02	-4.409999e+00
1.676000e-05	2.155498e-02	-4.715815e+00
1.677000e-05	1.011575e-01	-4.948869e+00
1.678000e-05	-1.629265e-01	-5.321200e+00
1.679000e-05	1.573767e-01	-5.630503e+00
1.680000e-05	-1.472130e-01	-5.865108e+00
1.681000e-05	8.318363e-02	-6.148872e+00
1.682000e-05	4.072871e-02	-6.380875e+00
1.683000e-05	-7.053350e-02	-6.696766e+00
1.684000e-05	1.154568e-01	-6.939453e+00
1.685000e-05	-1.269148e-01	-7.235188e+00
1.686000e-05	1.068501e-01	-7.557317e+00
1.687000e-05	-5.618171e-02	-7.770504e+00
1.688000e-05	3.417200e-02	-8.047342e+00
1.689000e-05	5.882761e-02	-8.286265e+00
1.690000e-05	-7.231401e-02	-8.630979e+00
1.691000e-05	1.074483e-01	-8.822581e+00
1.692000e-05	-1.101515e-01	-9.024186e+00
1.693000e-05	7.614132e-02	-9.294285e+00
1.694000e-05	-3.715527e-02	-9.527667e+00
1.695000e-05	5.942586e-02	-9.738420e+00
1.696000e-05	1.820693e-02	-9.946421e+00
1.697000e-05	-1.726920e-02	-1.022200e+01
1.698000e-05	4.023832e-02	-1.042398e+01
1.699000e-05	-5.088104e-02	-1.068356e+01
1.700000e-05	6.543358e-02	-1.085364e+01
1.701000e-05	-4.425075e-02	-1.102614e+01
1.702000e-05	6.445838e-02	-1.126482e+01
1.703000e-05	-2.122265e-02	-1.148579e+01
1.704000e-05	4.191516e-02	-1.170727e+01
1.705000e-05	-1.481552e-02	-1.194830e+01
1.706000e-05	1.170426e-02	-1.213785e+01
1.707000e-05	9.133712e-03	-1.230521e+01
1.708000e-05	1.805356e-02	-1.249734e+01
1.709000e-05	2.912757e-02	-1.265508e+01
1.710000e-05	-3.779986e-03	-1.279613e+01
1.711000e-05	1.744392e-02	-1.297291e+01
1.712000e-05	-5.517687e-03	-1.318908e+01
1.713000e-05	2.581637e-02	-1.331682e+01
1.714000e-05	2.158752e-04	-1.347569e+01
1.715000e-05	2.894543e-02	-1.357256e+01
1.716000e-05	1.003320e-02	-1.376043e+01
1.717000e-05	2.672750e-02	-1.394727e+01
1.718000e-05	2.353964e-03	-1.403664e+01
1.719000e-05	1.052932e-02	-1.420245e+01
1.720000e-05	5.067022e-03	-1.428879e+01
1.721000e-05	2.332432e-02	-1.439358e+01
1.722000e-05	2.011656e-02	-1.452150e+01
1.723000e-05	2.038963e-02	-1.466479e+01
1.724000e-05	1.426636e-02	-1.472000e+01
1.725000e-05	1.486956e-02	-1.485511e+01
1.726000e-05	1.988954e-02	-1.494135e+01
1.727000e-05	1.381330e-02	-1.502410e+01
1.728000e-05	1.984353e-02	-1.512574e+01
1.729000e-05	1.860053e-02	-1.518957e+01
1.730000e-05	2.784091e-02	-1.525314e+01
1.731000e-05	1.796181e-02	-1.528932e+01
1.732000e-05	1.929316e-02	-1.534040e+01
1.733000e-05	1.662321e-02	-1.543203e+01
1.734000e-05	2.704023e-02	-1.543724e+01
1.735000e-05	2.901925e-02	-1.551635e+01
1.736000e-05	2.736316e-02	-1.553899e+01
1.737000e-05	2.614936e-02	-1.556111e+01
1.738000e-05	2.742240e-02	-1.564411e+01
1.739000e-05	3.196787e-02	-1.561311e+01
1.740000e-05	3.012457e-02	-1.564366e+01
1.741000e-05	3.374790e-02	-1.562561e+01
1.742000e-05	3.739887e-02	-1.566423e+01
1.743000e-05	4.574807e-02	-1.566566e+01
1.744000e-05	4.775253e-02	-1.567363e+01
1.745000e-05	4.869184e-02	-1.564263e+01
1.746000e-05	5.449259e-02	-1.559256e+01
1.747000e-05	6.642134e-02	-1.555100e+01
1.748000e-05	8.189497e-02	-1.554897e+01
1.749000e-05	9.985794e-02	-1.551932e+01
1.750000e-05	1.301527e-01	-1.546376e+01
1.751000e-05	1.810796e-01	-1.541261e+01
1.752000e-05	2.355506e-01	-1.537042e+01
1.753000e-05	2.500000e-01	-1.527774e+01
1.754000e-05	2.500000e-01	-1.521366e+01
1.755000e-05	2.500000e-01	-1.515040e+01
1.756000e-05	2.391503e-01	-1.509626e+01
1.757000e-05	1.765580e-01	-1.500408e+01
1.758000e-05	1.139184e-01	-1.495830e+01
1.759000e-05	7.832092e-02	-1.483464e+01
1.760000e-05	5.851224e-02	-1.469997e+01
1.761000e-05	4.629724e-02	-1.462369e+01
1.762000e-05	3.398622e-02	-1.455835e+01
1.763000e-05	2.586022e-02	-1.441466e+01
1.764000e-05	2.263597e-02	-1.429779e+01
1.765000e-05	2.137373e-02	-1.418300e+01
1.766000e-05	1.759128e-02	-1.403666e+01
1.767000e-05	1.234761e-02	-1.388795e+01
1.768000e-05	1.220900e-02	-1.376985e+01
1.769000e-05	1.378358e-02	-1.362308e+01
1.770000e-05	1.432088e-02	-1.344379e+01
1.771000e-05	1.013283e-02	-1.332884e+01
1.772000e-05	7.442088e-03	-1.315000e+01
1.773000e-05	7.721922e-03	-1.301003e+01
1.774000e-05	9.064626e-03	-1.284418e+01
1.775000e-05	6.913707e-03	-1.267474e+01
1.776000e-05	5.257803e-03	-1.252534e+01
1.777000e-05	5.123306e-03	-1.229789e+01
1.778000e-05	6.207147e-03	-1.213990e+01
1.779000e-05	5.546878e-03	-1.197945e+01
1.780000e-05	3.445896e-03	-1.170092e+01
1.781000e-05	2.085946e-03	-1.148779e+01
1.782000e-05	3.188410e-03	-1.121571e+01
1.783000e-05	3.936488e-03	-1.105324e+01
1.784000e-05	2.911930e-03	-1.086319e+01
1.785000e-05	1.262545e-03	-1.066374e+01
1.786000e-05	1.422396e-03	-1.045468e+01
1.787000e-05	1.974944e-03	-1.023360e+01
1.788000e-05	1.764041e-03	-1.000100e+01
1.789000e-05	5.889621e-04	-9.790504e+00
1.790000e-05	-3.767926e-04	-9.559972e+00
1.791000e-05	1.515239e-03	-9.318313e+00
1.792000e-05	1.745641e-04	-9.086712e+00
1.793000e-05	-1.533290e-03	-8.844236e+00
1.794000e-05	-3.016370e-03	-8.572057e+00
1.795000e-05	-2.108612e-03	-8.352073e+00
1.796000e-05	-4.866650e-04	-8.157397e+00
1.797000e-05	-1.464248e-03	-7.895660e+00
1.798000e-05	-2.903399e-03	-7.562128e+00
1.799000e-05	-3.399899e-03	-7.316395e+00
1.800000e-05	-3.174368e-03	-7.053662e+00
1.801000e-05	-3.528137e-03	-6.800474e+00
1.802000e-05	-5.185883e-03	-6.546819e+00
1.803000e-05	-5.029013e-03	-6.296666e+00
1.804000e-05	-3.579216e-03	-5.980077e+00
1.805000e-05	-4.290323e-03	-5.736797e+00
1.806000e-05	-4.710091e-03	-5.481758e+00
1.807000e-05	-7.161606e-03	-5.125869e+00
1.808000e-05	-5.714192e-03	-4.820583e+00
1.809000e-05	-4.386869e-03	-4.486165e+00
1.810000e-05	-4.817408e-03	-4.284736e+00
1.811000e-05	-6.218940e-03	-4.012606e+00
1.812000e-05	-7.968129e-03	-3.749894e+00
1.813000e-05	-6.420248e-03	-3.455232e+00
1.814000e-05	-7.429812e-03	-3.210600e+00
1.815000e-05	-7.019169e-03	-2.855163e+00
1.816000e-05	-7.907510e-03	-2.580977e+00
1.817000e-05	-5.996979e-03	-2.325420e+00
1.818000e-05	-6.091074e-03	-2.032105e+00
1.819000e-05	-6.944779e-03	-1.728871e+00
1.820000e-05	-9.704792e-03	-1.443179e+00
1.821000e-05	-8.976331e-03	-1.117812e+00
1.822000e-05	-8.032396e-03	-8.331316e-01
1.823000e-05	-7.473272e-03	-5.273906e-01
1.824000e-05	-7.977912e-03	-2.610843e-01
1.825000e-05	-4.809022e-03	3.100376e-02
1.826000e-05	6.518707e-03	3.462658e-01
1.827000e-05	-3.779019e-03	5.688999e-01
1.828000e-05	2.432273e-03	8.710263e-01
1.829000e-05	-5.511888e-03	1.166317e+00
1.830000e-05	2.110157e-04	1.439401e+00
1.831000e-05	-3.334849e-03	1.736817e+00
1.832000e-05	9.231783e-03	1.937997e+00
1.833000e-05	3.705648e-02	2.219972e+00
1.834000e-05	9.143980e-02	2.547792e+00
1.835000e-05	-4.369816e-02	2.853634e+00
1.836000e-05	-5.122178e-02	3.119368e+00
1.837000e-05	-3.988907e-02	3.443057e+00
1.838000e-05	-2.100579e-02	3.715691e+00
1.839000e-05	-6.199390e-02	3.987791e+00
1.840000e-05	-2.601545e-02	4.186495e+00
1.841000e-05	1.127699e-01	4.463183e+00
1.842000e-05	-7.266911e-02	4.748344e+00
1.843000e-05	5.025805e-02	4.991553e+00
1.844000e-05	4.914369e-02	5.348797e+00
1.845000e-05	-1.189541e-01	5.642551e+00
1.846000e-05	6.711596e-02	5.905712e+00
1.847000e-05	-5.755969e-02	6.197973e+00
1.848000e-05	5.595035e-02	6.418450e+00
1.849000e-05	-2.224551e-02	6.716243e+00
1.850000e-05	-3.342691e-02	6.938369e+00
1.851000e-05	2.486345e-02	7.282581e+00
1.852000e-05	-4.844073e-02	7.516822e+00
1.853000e-05	3.560361e-02	7.851480e+00
1.854000e-05	-6.088786e-02	8.115816e+00
1.855000e-05	4.352867e-02	8.377369e+00
1.856000e-05	-6.661496e-04	8.559820e+00
1.857000e-05	-2.098195e-02	8.768504e+00
1.858000e-05	2.394610e-03	9.054002e+00
1.859000e-05	-5.916229e-02	9.234265e+00
1.860000e-05	2.975310e-02	9.497687e+00
1.861000e-05	-1.459257e-02	9.749445e+00
1.862000e-05	1.877267e-02	9.950423e+00
1.863000e-05	-3.861005e-02	1.018050e+01
1.864000e-05	1.066594e-03	1.040051e+01
1.865000e-05	-7.636043e-03	1.064413e+01
1.866000e-05	-2.218603e-02	1.083263e+01
1.867000e-05	-1.130793e-02	1.104466e+01
1.868000e-05	-2.240278e-02	1.129517e+01
1.869000e-05	1.813248e-02	1.151679e+01
1.870000e-05	-1.867099e-02	1.168727e+01
1.871000e-05	-9.805532e-03	1.185677e+01
1.872000e-05	-3.666120e-02	1.206572e+01
1.873000e-05	1.877423e-04	1.227567e+01
1.874000e-05	-6.236233e-03	1.245511e+01
1.875000e-05	-6.528472e-03	1.262261e+01
1.876000e-05	-2.319374e-02	1.279053e+01
1.877000e-05	-1.974263e-02	1.294145e+01
1.878000e-05	-6.826661e-03	1.313832e+01
1.879000e-05	-1.940964e-02	1.331826e+01
1.880000e-05	-1.898169e-02	1.341424e+01
1.881000e-05	-2.375346e-02	1.358065e+01
1.882000e-05	1.320035e-03	1.375033e+01
1.883000e-05	-1.218955e-02	1.391674e+01
1.884000e-05	-2.022038e-02	1.402454e+01
1.885000e-05	-3.510416e-02	1.415950e+01
1.886000e-05	-1.849492e-02	1.426842e+01
1.887000e-05	-1.132971e-02	1.443453e+01
1.888000e-05	-1.650487e-02	1.455787e+01
1.889000e-05	-2.414963e-02	1.466564e+01
1.890000e-05	-2.340006e-02	1.474835e+01
1.891000e-05	-1.281311e-02	1.481316e+01
1.892000e-05	-2.238210e-02	1.492684e+01
1.893000e-05	-2.747201e-02	1.498198e+01
1.894000e-05	-3.136870e-02	1.505469e+01
1.895000e-05	-1.750874e-02	1.515943e+01
1.896000e-05	-1.857239e-02	1.523358e+01
1.897000e-05	-2.823494e-02	1.530624e+01
1.898000e-05	-3.785825e-02	1.534042e+01
1.899000e-05	-3.208303e-02	1.538298e+01
1.900000e-05	-2.204698e-02	1.544568e+01
1.901000e-05	-3.040760e-02	1.548632e+01
1.902000e-05	-3.330993e-02	1.554837e+01
1.903000e-05	-3.858637e-02	1.554845e+01
1.904000e-05	-2.728875e-02	1.557957e+01
1.905000e-05	-3.276394e-02	1.561206e+01
1.906000e-05	-4.577453e-02	1.558246e+01
1.907000e-05	-4.915531e-02	1.558156e+01
1.908000e-05	-4.749119e-02	1.559258e+01
1.909000e-05	-4.262626e-02	1.563310e+01
1.910000e-05	-5.551823e-02	1.561205e+01
1.911000e-05	-6.322581e-02	1.555903e+01
1.912000e-05	-6.913119e-02	1.555942e+01
1.913000e-05	-7.187028e-02	1.552890e+01
1.914000e-05	-9.023128e-02	1.548722e+01
1.915000e-05	-1.207898e-01	1.547566e+01
1.916000e-05	-1.583294e-01	1.543460e+01
1.917000e-05	-2.090301e-01	1.537147e+01
1.918000e-05	-2.454553e-01	1.530729e+01
1.919000e-05	-2.500000e-01	1.527519e+01
1.920000e-05	-2.500000e-01	1.518258e+01
1.921000e-05	-2.500000e-01	1.512939e+01
1.922000e-05	-2.218673e-01	1.503311e+01
1.923000e-05	-1.553232e-01	1.493048e+01
1.924000e-05	-1.122575e-01	1.488623e+01
1.925000e-05	-8.326599e-02	1.477053e+01
1.926000e-05	-5.928479e-02	1.467577e+01
1.927000e-05	-4.623489e-02	1.458995e+01
1.928000e-05	-4.256117e-02	1.442522e+01
1.929000e-05	-3.909526e-02	1.438145e+01
1.930000e-05	-3.090943e-02	1.420259e+01
1.931000e-05	-2.382560e-02	1.408672e+01
1.932000e-05	-2.540971e-02	1.395002e+01
1.933000e-05	-2.780103e-02	1.382210e+01
1.934000e-05	-2.452655e-02	1.367579e+01
1.935000e-05	-1.951420e-02	1.351689e+01
1.936000e-05	-1.764640e-02	1.339895e+01
1.937000e-05	-2.249604e-02	1.322163e+01
1.938000e-05	-2.174041e-02	1.306466e+01
1.939000e-05	-1.783277e-02	1.287827e+01
1.940000e-05	-1.439744e-02	1.271985e+01
1.941000e-05	-1.841473e-02	1.258950e+01
1.942000e-05	-1.981024e-02	1.241200e+01
1.943000e-05	-1.649819e-02	1.221260e+01
1.944000e-05	-1.212104e-02	1.204371e+01
1.945000e-05	-1.386300e-02	1.185305e+01
1.946000e-05	-1.794439e-02	1.164268e+01
1.947000e-05	-1.790230e-02	1.141366e+01
1.948000e-05	-1.339061e-02	1.120260e+01
1.949000e-05	-1.193074e-02	1.102098e+01
1.950000e-05	-1.451042e-02	1.078948e+01
1.951000e-05	-1.510515e-02	1.061158e+01
1.952000e-05	-1.180349e-02	1.035097e+01
1.953000e-05	-1.052555e-02	1.013890e+01
1.954000e-05	-1.150961e-02	9.929343e+00
1.955000e-05	-1.487797e-02	9.695682e+00
1.956000e-05	-1.264128e-02	9.453583e+00
1.957000e-05	-1.057591e-02	9.211632e+00
1.958000e-05	-1.060016e-02	8.999505e+00
1.959000e-05	-1.395385e-02	8.738797e+00
1.960000e-05	-1.234725e-02	8.496290e+00
1.961000e-05	-9.598829e-03	8.283686e+00
1.962000e-05	-7.518884e-03	8.012055e+00
1.963000e-05	-1.036611e-02	7.787921e+00
1.964000e-05	-1.242748e-02	7.515736e+00
1.965000e-05	-1.078082e-02	7.211606e+00
1.966000e-05	-8.975750e-03	6.998923e+00
1.967000e-05	-9.657522e-03	6.736292e+00
1.968000e-05	-1.156584e-02	6.402683e+00
1.969000e-05	-9.511169e-03	6.169424e+00
1.970000e-05	-6.275049e-03	5.935895e+00
1.971000e-05	-7.182588e-03	5.643504e+00
1.972000e-05	-1.022393e-02	5.368471e+00
1.973000e-05	-1.104819e-02	5.001983e+00
1.974000e-05	-8.250041e-03	4.726316e+00
1.975000e-05	-7.516770e-03	4.482206e+00
1.976000e-05	-8.285089e-03	4.149477e+00
1.977000e-05	-1.049523e-02	3.874290e+00
1.978000e-05	-7.903420e-03	3.662581e+00
1.979000e-05	-5.799964e-03	3.368318e+00
1.980000e-05	-6.336183e-03	3.051179e+00
1.981000e-05	-8.330579e-03	2.789970e+00
1.982000e-05	-8.196561e-03	2.514110e+00
1.983000e-05	-6.796547e-03	2.160027e+00
1.984000e-05	-5.579423e-03	1.926366e+00
1.985000e-05	-7.331339e-03	1.621053e+00
1.986000e-05	-8.231506e-03	1.327288e+00
1.987000e-05	-6.404049e-03	1.008497e+00
1.988000e-05	-3.846685e-03	6.847382e-01
1.989000e-05	-4.435521e-03	4.695738e-01
1.990000e-05	-4.634205e-03	1.566871e-01
1.991000e-05	-1.242598e-03	-1.578959e-01
1.992000e-05	1.102194e-02	-3.794526e-01
1.993000e-05	-2.384166e-03	-6.873081e-01
1.994000e-05	3.693487e-03	-9.579486e-01
1.995000e-05	-4.173699e-03	-1.260637e+00
1.996000e-05	2.918568e-03	-1.536395e+00
1.997000e-05	3.831142e-03	-1.761528e+00
1.998000e-05	3.562859e-02	-2.011577e+00
1.999000e-05	1.102713e-01	-2.337317e+00
2.000000e-05	-9.477214e-03	-2.685214e+00
2.001000e-05	-4.919362e-02	-3.125768e+00
2.002000e-05	-2.138826e-02	-3.389578e+00
2.003000e-05	-3.226511e-02	-3.650026e+00
2.004000e-05	-7.282783e-02	-3.854130e+00
2.005000e-05	3.975033e-02	-4.052659e+00
2.006000e-05	1.118237e-01	-4.272082e+00
2.007000e-05	-1.465149e-01	-4.560000e+00
2.008000e-05	1.980789e-01	-4.871679e+00
2.009000e-05	-1.123544e-01	-5.137319e+00
2.010000e-05	2.983832e-02	-5.537867e+00
2.011000e-05	2.699106e-02	-5.736292e+00
2.012000e-05	-1.073729e-01	-6.041578e+00
2.013000e-05	1.749843e-01	-6.326207e+00
2.014000e-05	-1.148967e-01	-6.577426e+00
2.015000e-05	9.432615e-02	-6.872634e+00
2.016000e-05	-3.763937e-02	-7.119196e+00
2.017000e-05	-2.787684e-02	-7.392579e+00
2.018000e-05	7.978024e-02	-7.610162e+00
2.019000e-05	-9.251844e-02	-7.959869e+00
2.020000e-05	1.375791e-01	-8.219902e+00
2.021000e-05	-8.404212e-02	-8.461585e+00
2.022000e-05	7.021043e-02	-8.736696e+00
2.023000e-05	-1.547759e-02	-8.928845e+00
2.024000e-05	-3.801023e-02	-9.139503e+00
2.025000e-05	6.036741e-02	-9.401978e+00
2.026000e-05	-4.549992e-02	-9.644733e+00
2.027000e-05	1.056313e-01	-9.855161e+00
2.028000e-05	-6.686379e-02	-1.006626e+01
2.029000e-05	6.858128e-02	-1.027737e+01
2.030000e-05	-5.172397e-02	-1.055037e+01
2.031000e-05	3.930369e-02	-1.075785e+01
2.032000e-05	-3.833066e-03	-1.090885e+01
2.033000e-05	1.070903e-02	-1.118150e+01
2.034000e-05	3.192252e-02	-1.139198e+01
2.035000e-05	-8.321921e-03	-1.161216e+01
2.036000e-05	3.777439e-02	-1.181353e+01
2.037000e-05	-2.958593e-02	-1.203416e+01
2.038000e-05	3.469571e-02	-1.222303e+01
2.039000e-05	-1.015775e-02	-1.240208e+01
2.040000e-05	4.706621e-02	-1.260150e+01
2.041000e-05	-5.312807e-03	-1.274038e+01
2.042000e-05	1.904320e-02	-1.290695e+01
2.043000e-05	-3.956654e-03	-1.306523e+01
2.044000e-05	1.770819e-02	-1.322116e+01
2.045000e-05	1.007641e-02	-1.340248e+01
2.046000e-05	1.540925e-02	-1.352040e+01
2.047000e-05	2.036617e-02	-1.362527e+01
2.048000e-05	1.681035e-02	-1.384621e+01
2.049000e-05	1.772355e-02	-1.397955e+01
2.050000e-05	1.760766e-03	-1.410784e+01
2.051000e-05	1.094770e-02	-1.422406e+01
2.052000e-05	1.138016e-02	-1.435995e+01
2.053000e-05	2.704087e-02	-1.449835e+01
2.054000e-05	1.645987e-02	-1.460308e+01
2.055000e-05	2.020421e-02	-1.469730e+01
2.056000e-05	1.009663e-02	-1.479306e+01
2.057000e-05	2.110934e-02	-1.488787e+01
2.058000e-05	1.448360e-02	-1.498100e+01
2.059000e-05	1.915973e-02	-1.506729e+01
2.060000e-05	1.663868e-02	-1.515940e+01
2.061000e-05	2.480855e-02	-1.518161e+01
2.062000e-05	2.157663e-02	-1.528829e+01
2.063000e-05	1.899417e-02	-1.531732e+01
2.064000e-05	1.733651e-02	-1.534248e+01
2.065000e-05	2.175360e-02	-1.541369e+01
2.066000e-05	2.957767e-02	-1.549587e+01
2.067000e-05	2.786817e-02	-1.555787e+01
2.068000e-05	2.721653e-02	-1.553108e+01
2.069000e-05	2.577283e-02	-1.557211e+01
2.070000e-05	2.980737e-02	-1.558461e+01
2.071000e-05	3.051690e-02	-1.565311e+01
2.072000e-05	3.159709e-02	-1.565474e+01
2.073000e-05	3.565982e-02	-1.563519e+01
2.074000e-05	4.293693e-02	-1.562674e+01
2.075000e-05	4.752774e-02	-1.563569e+01
2.076000e-05	4.858373e-02	-1.561521e+01
2.077000e-05	5.007771e-02	-1.559368e+01
2.078000e-05	5.978327e-02	-1.558353e+01
2.079000e-05	7.366614e-02	-1.553045e+01
2.080000e-05	9.119042e-02	-1.552790e+01
2.081000e-05	1.138302e-01	-1.547482e+01
2.082000e-05	1.543693e-01	-1.544274e+01
2.083000e-05	2.130852e-01	-1.539305e+01
2.084000e-05	2.477622e-01	-1.528832e+01
2.085000e-05	2.500000e-01	-1.522674e+01
2.086000e-05	2.500000e-01	-1.519256e+01
2.087000e-05	2.481640e-01	-1.509732e+01
2.088000e-05	2.108525e-01	-1.505421e+01
2.089000e-05	1.396341e-01	-1.496995e+01
2.090000e-05	9.277180e-02	-1.489569e+01
2.091000e-05	6.649668e-02	-1.479260e+01
2.092000e-05	5.132996e-02	-1.467837e+01
2.093000e-05	3.960870e-02	-1.458208e+01
2.094000e-05	3.049905e-02	-1.448722e+01
2.095000e-05	2.507468e-02	-1.434900e+01
2.096000e-05	2.105794e-02	-1.419613e+01
2.097000e-05	1.927288e-02	-1.409571e+01
2.098000e-05	1.463624e-02	-1.396263e+01
2.099000e-05	1.288928e-02	-1.383211e+01
2.100000e-05	1.193508e-02	-1.373517e+01
2.101000e-05	1.324022e-02	-1.352834e+01
2.102000e-05	1.141441e-02	-1.340903e+01
2.103000e-05	8.879042e-03	-1.323308e+01
2.104000e-05	7.198428e-03	-1.305526e+01
2.105000e-05	8.561390e-03	-1.294684e+01
2.106000e-05	8.223162e-03	-1.271890e+01
2.107000e-05	6.588636e-03	-1.259053e+01
2.108000e-05	4.836854e-03	-1.240306e+01
2.109000e-05	5.338275e-03	-1.220461e+01
2.110000e-05	5.543633e-03	-1.200561e+01
2.111000e-05	3.722419e-03	-1.183359e+01
2.112000e-05	2.593218e-03	-1.160261e+01
2.113000e-05	2.835612e-03	-1.139043e+01
2.114000e-05	3.794049e-03	-1.111990e+01
2.115000e-05	3.680171e-03	-1.093940e+01
2.116000e-05	2.156503e-03	-1.076894e+01
2.117000e-05	1.025146e-03	-1.056840e+01
2.118000e-05	1.885248e-03	-1.033785e+01
2.119000e-05	1.627005e-03	-1.010677e+01
2.120000e-05	1.104986e-03	-9.865785e+00
2.121000e-05	-5.843047e-04	-9.644734e+00
2.122000e-05	-2.722840e-04	-9.384237e+00
2.123000e-05	1.100876e-03	-9.180078e+00
2.124000e-05	-7.739035e-04	-8.959578e+00
2.125000e-05	-1.489466e-03	-8.710844e+00
2.126000e-05	-1.804516e-03	-8.495715e+00
2.127000e-05	-1.338872e-03	-8.242558e+00
2.128000e-05	-8.739577e-04	-8.022098e+00
2.129000e-05	-2.847830e-03	-7.737317e+00
2.130000e-05	-5.819328e-03	-7.453603e+00
2.131000e-05	-2.437166e-03	-7.202503e+00
2.132000e-05	-3.494996e-03	-6.947265e+00
2.133000e-05	-1.965904e-03	-6.653184e+00
2.134000e-05	-2.833586e-03	-6.362022e+00
2.135000e-05	-4.069445e-03	-6.085369e+00
2.136000e-05	-3.525354e-03	-5.852583e+00
2.137000e-05	-6.207772e-03	-5.540047e+00
2.138000e-05	-7.136277e-03	-5.296236e+00
2.139000e-05	-7.179233e-03	-4.977995e+00
2.140000e-05	-3.563194e-03	-4.625056e+00
2.141000e-05	-2.468811e-03	-4.400500e+00
2.142000e-05	-4.261126e-03	-4.169399e+00
2.143000e-05	-5.828789e-03	-3.874367e+00
2.144000e-05	-7.638045e-03	-3.579951e+00
2.145000e-05	-7.633119e-03	-3.346320e+00
2.146000e-05	-9.863702e-03	-3.041480e+00
2.147000e-05	-8.067644e-03	-2.734743e+00
2.148000e-05	-6.808363e-03	-2.475158e+00
2.149000e-05	-4.977042e-03	-2.149498e+00
2.150000e-05	-5.896242e-03	-1.863708e+00
2.151000e-05	-7.906101e-03	-1.581529e+00
2.152000e-05	-8.464295e-03	-1.235656e+00
2.153000e-05	-8.658329e-03	-9.883711e-01
2.154000e-05	-8.091954e-03	-6.727355e-01
2.155000e-05	-8.822730e-03	-3.874973e-01
2.156000e-05	-7.447555e-03	-8.478941e-02
2.157000e-05	1.383323e-03	1.794457e-01
2.158000e-05	4.057346e-03	4.526606e-01
2.159000e-05	-3.139134e-03	7.147659e-01
2.160000e-05	3.844674e-04	9.890696e-01
2.161000e-05	-4.520097e-03	1.244735e+00
2.162000e-05	-5.505628e-04	1.588978e+00
2.163000e-05	-1.015243e-03	1.873737e+00
2.164000e-05	1.924042e-02	2.074158e+00
2.165000e-05	7.480927e-02	2.339345e+00
2.166000e-05	3.832561e-02	2.717236e+00
2.167000e-05	-7.805410e-02	3.012581e+00
2.168000e-05	-3.160658e-02	3.284187e+00
2.169000e-05	-3.744256e-02	3.600575e+00
2.170000e-05	-2.974530e-02	3.801629e+00
2.171000e-05	-7.286651e-02	4.081135e+00
2.172000e-05	6.000634e-02	4.315765e+00
2.173000e-05	5.134086e-02	4.613606e+00
2.174000e-05	-9.049328e-02	4.853158e+00
2.175000e-05	1.554802e-01	5.169371e+00
2.176000e-05	-1.214007e-01	5.488264e+00
2.177000e-05	1.572320e-02	5.727831e+00
2.178000e-05	-1.435823e-04	6.054662e+00
2.179000e-05	-1.859330e-02	6.295263e+00
2.180000e-05	5.446698e-02	6.538924e+00
2.181000e-05	-7.811457e-02	6.874662e+00
2.182000e-05	3.762049e-02	7.156815e+00
2.183000e-05	-4.382983e-02	7.382978e+00
2.184000e-05	1.701961e-02	7.654186e+00
2.185000e-05	-2.388054e-02	7.950476e+00
2.186000e-05	-1.343042e-02	8.222557e+00
2.187000e-05	4.291789e-02	8.423762e+00
2.188000e-05	-3.240772e-02	8.697287e+00
2.189000e-05	7.521230e-03	8.895869e+00
2.190000e-05	-4.323658e-02	9.189399e+00
2.191000e-05	-1.339326e-02	9.380450e+00
2.192000e-05	1.456727e-02	9.620113e+00
2.193000e-05	-8.474296e-04	9.875688e+00
2.194000e-05	-5.603893e-03	1.010529e+01
2.195000e-05	-2.860044e-02	1.028574e+01
2.196000e-05	8.492608e-03	1.051832e+01
2.197000e-05	-2.189052e-02	1.075985e+01
2.198000e-05	-1.386098e-02	1.094932e+01
2.199000e-05	-2.115418e-02	1.116835e+01
2.200000e-05	-9.731257e-04	1.138160e+01
2.201000e-05	4.640654e-03	1.160258e+01
2.202000e-05	-1.727770e-02	1.179208e+01
2.203000e-05	-2.504092e-02	1.204105e+01
2.204000e-05	-2.000937e-02	1.219303e+01
2.205000e-05	1.577251e-03	1.239147e+01
2.206000e-05	-4.551152e-03	1.256990e+01
2.207000e-05	-1.706409e-02	1.270677e+01
2.208000e-05	-2.225284e-02	1.288874e+01
2.209000e-05	-1.328540e-02	1.304521e+01
2.210000e-05	-1.004694e-02	1.323207e+01
2.211000e-05	-2.143802e-02	1.337000e+01
2.212000e-05	-2.429670e-02	1.351527e+01
2.213000e-05	-8.771843e-03	1.367473e+01
2.214000e-05	-3.691886e-03	1.379211e+01
2.215000e-05	-1.341777e-02	1.396995e+01
2.216000e-05	-3.344064e-02	1.409677e+01
2.217000e-05	-2.480726e-02	1.425474e+01
2.218000e-05	-1.569910e-02	1.438198e+01
2.219000e-05	-9.275184e-03	1.450626e+01
2.220000e-05	-2.429411e-02	1.460048e+01
2.221000e-05	-2.550558e-02	1.468780e+01
2.222000e-05	-1.702639e-02	1.482006e+01
2.223000e-05	-1.622304e-02	1.487566e+01
2.224000e-05	-2.440027e-02	1.492040e+01
2.225000e-05	-3.365136e-02	1.503263e+01
2.226000e-05	-2.173964e-02	1.516577e+01
2.227000e-05	-1.823860e-02	1.517253e+01
2.228000e-05	-2.082176e-02	1.526569e+01
2.229000e-05	-3.683223e-02	1.529687e+01
2.230000e-05	-3.545823e-02	1.538097e+01
2.231000e-05	-2.637040e-02	1.543418e+01
2.232000e-05	-2.333474e-02	1.548464e+01
2.233000e-05	-3.198199e-02	1.551827e+01
2.234000e-05	-3.915400e-02	1.552932e+01
2.235000e-05	-3.131131e-02	1.555052e+01
2.236000e-05	-3.219145e-02	1.558100e+01
2.237000e-05	-3.897603e-02	1.560010e+01
2.238000e-05	-5.069670e-02	1.559161e+01
2.239000e-05	-4.637867e-02	1.560058e+01
2.240000e-05	-4.209352e-02	1.564214e+01
2.241000e-05	-4.638767e-02	1.561398e+01
2.242000e-05	-6.086348e-02	1.560160e+01
2.243000e-05	-6.986426e-02	1.559100e+01
2.244000e-05	-7.069027e-02	1.556835e+01
2.245000e-05	-8.121881e-02	1.546780e+01
2.246000e-05	-1.038710e-01	1.547574e+01
2.247000e-05	-1.398551e-01	1.547518e+01
2.248000e-05	-1.805015e-01	1.537458e+01
2.249000e-05	-2.317698e-01	1.533882e+01
2.250000e-05	-2.500000e-01	1.528624e+01
2.251000e-05	-2.500000e-01	1.523461e+01
2.252000e-05	-2.500000e-01	1.517102e+01
2.253000e-05	-2.416838e-01	1.506577e+01
2.254000e-05	-1.868199e-01	1.501268e+01
2.255000e-05	-1.299987e-01	1.490737e+01
2.256000e-05	-9.750836e-02	1.480260e+01
2.257000e-05	-6.781917e-02	1.470732e+01
2.258000e-05	-5.055502e-02	1.463468e+01
2.259000e-05	-4.260285e-02	1.453882e+01
2.260000e-05	-4.289842e-02	1.442258e+01
2.261000e-05	-3.480137e-02	1.430634e+01
2.262000e-05	-2.561762e-02	1.415989e+01
2.263000e-05	-2.364441e-02	1.403308e+01
2.264000e-05	-2.837343e-02	1.388571e+01
2.265000e-05	-2.813455e-02	1.372992e+01
2.266000e-05	-1.976003e-02	1.358111e+01
2.267000e-05	-1.609959e-02	1.345419e+01
2.268000e-05	-2.091503e-02	1.331739e+01
2.269000e-05	-2.370759e-02	1.313943e+01
2.270000e-05	-2.059924e-02	1.294188e+01
2.271000e-05	-1.476971e-02	1.283410e+01
2.272000e-05	-1.726002e-02	1.265409e+01
2.273000e-05	-2.039450e-02	1.251679e+01
2.274000e-05	-1.917355e-02	1.229732e+01
2.275000e-05	-1.270784e-02	1.211784e+01
2.276000e-05	-1.180944e-02	1.191795e+01
2.277000e-05	-1.618636e-02	1.173990e+01
2.278000e-05	-1.938153e-02	1.152787e+01
2.279000e-05	-1.482073e-02	1.127634e+01
2.280000e-05	-1.075869e-02	1.108619e+01
2.281000e-05	-1.352806e-02	1.088584e+01
2.282000e-05	-1.641323e-02	1.067589e+01
2.283000e-05	-1.557197e-02	1.048624e+01
2.284000e-05	-9.105041e-03	1.021366e+01
2.285000e-05	-1.034266e-02	1.007265e+01
2.286000e-05	-1.362976e-02	9.770477e+00
2.287000e-05	-1.454125e-02	9.530498e+00
2.288000e-05	-1.032758e-02	9.328915e+00
2.289000e-05	-9.560263e-03	9.145788e+00
2.290000e-05	-1.262896e-02	8.864734e+00
2.291000e-05	-1.440900e-02	8.643130e+00
2.292000e-05	-1.139021e-02	8.399928e+00
2.293000e-05	-7.150260e-03	8.129898e+00
2.294000e-05	-8.153111e-03	7.904740e+00
2.295000e-05	-1.202545e-02	7.621202e+00
2.296000e-05	-1.113497e-02	7.298368e+00
2.297000e-05	-9.427747e-03	7.073662e+00
2.298000e-05	-7.578472e-03	6.811054e+00
2.299000e-05	-1.146214e-02	6.557395e+00
2.300000e-05	-1.210472e-02	6.255735e+00
2.301000e-05	-9.473554e-03	6.031556e+00
2.302000e-05	-6.486553e-03	5.779919e+00
2.303000e-05	-8.610976e-03	5.524313e+00
2.304000e-05	-1.108286e-02	5.200627e+00
2.305000e-05	-8.969167e-03	4.883207e+00
2.306000e-05	-6.296514e-03	4.580424e+00
2.307000e-05	-6.710318e-03	4.303840e+00
2.308000e-05	-1.071040e-02	4.001508e+00
2.309000e-05	-1.101867e-02	3.747400e+00
2.310000e-05	-7.150840e-03	3.484735e+00
2.311000e-05	-5.339187e-03	3.169950e+00
2.312000e-05	-6.985465e-03	2.895811e+00
2.313000e-05	-9.690172e-03	2.641604e+00
2.314000e-05	-6.669902e-03	2.314311e+00
2.315000e-05	-4.847911e-03	2.052655e+00
2.316000e-05	-6.059045e-03	1.748446e+00
2.317000e-05	-8.984198e-03	1.502658e+00
2.318000e-05	-9.273380e-03	1.168497e+00
2.319000e-05	-5.317327e-03	8.010262e-01
2.320000e-05	-4.104249e-03	5.447923e-01
2.321000e-05	-5.182899e-03	2.637315e-01
2.322000e-05	-4.607534e-03	-4.352643e-02
2.323000e-05	6.615847e-03	-2.942632e-01
2.324000e-05	6.195118e-03	-5.878509e-01
2.325000e-05	3.101841e-04	-8.451078e-01
2.326000e-05	-9.170003e-04	-1.126292e+00
2.327000e-05	-2.441512e-03	-1.383554e+00
2.328000e-05	1.053593e-03	-1.675734e+00
2.329000e-05	1.565638e-02	-1.906817e+00
2.330000e-05	7.446782e-02	-2.135423e+00
2.331000e-05	8.342617e-02	-2.485289e+00
2.332000e-05	-7.499928e-02	-2.897844e+00
2.333000e-05	-7.259263e-03	-3.325213e+00
2.334000e-05	-4.605348e-02	-3.536240e+00
2.335000e-05	-3.139318e-02	-3.746318e+00
2.336000e-05	-7.572057e-02	-3.989524e+00
2.337000e-05	1.708935e-01	-4.166794e+00
2.338000e-05	-9.733945e-02	-4.430009e+00
2.339000e-05	4.661793e-02	-4.727867e+00
2.340000e-05	7.900130e-02	-4.969869e+00
2.341000e-05	-1.473112e-01	-5.368466e+00
2.342000e-05	1.559390e-01	-5.610528e+00
2.343000e-05	-1.545087e-01	-5.846208e+00
2.344000e-05	1.048961e-01	-6.170503e+00
2.345000e-05	2.067273e-02	-6.370480e+00
2.346000e-05	-5.207243e-02	-6.736894e+00
2.347000e-05	1.039866e-01	-6.950474e+00
2.348000e-05	-1.253598e-01	-7.284685e+00
2.349000e-05	1.116415e-01	-7.577842e+00
2.350000e-05	-6.743437e-02	-7.803504e+00
2.351000e-05	5.034627e-02	-8.116288e+00
2.352000e-05	4.108588e-02	-8.297213e+00
2.353000e-05	-5.992743e-02	-8.562022e+00
2.354000e-05	1.018103e-01	-8.824133e+00
2.355000e-05	-1.089623e-01	-9.065233e+00
2.356000e-05	8.310024e-02	-9.286342e+00
2.357000e-05	-4.605742e-02	-9.509266e+00
2.358000e-05	7.062696e-02	-9.769428e+00
2.359000e-05	5.224413e-03	-9.978926e+00
2.360000e-05	-6.748026e-03	-1.020356e+01
2.361000e-05	2.916473e-02	-1.040363e+01
2.362000e-05	-4.291217e-02	-1.072476e+01
2.363000e-05	6.255087e-02	-1.086416e+01
2.364000e-05	-4.064199e-02	-1.107624e+01
2.365000e-05	6.385369e-02	-1.126674e+01
2.366000e-05	-2.491046e-02	-1.148627e+01
2.367000e-05	4.437462e-02	-1.171842e+01
2.368000e-05	-1.808309e-02	-1.190884e+01
2.369000e-05	1.503583e-02	-1.212837e+01
2.370000e-05	6.028460e-03	-1.231676e+01
2.371000e-05	2.266248e-02	-1.251832e+01
2.372000e-05	2.575432e-02	-1.271466e+01
2.373000e-05	-2.149235e-03	-1.284479e+01
2.374000e-05	1.451336e-02	-1.300302e+01
2.375000e-05	-3.626724e-03	-1.321050e+01
2.376000e-05	2.532997e-02	-1.331834e+01
2.377000e-05	1.950555e-03	-1.349719e+01
2.378000e-05	2.826804e-02	-1.358460e+01
2.379000e-05	1.045377e-02	-1.376898e+01
2.380000e-05	2.647328e-02	-1.391634e+01
2.381000e-05	1.906956e-03	-1.404616e+01
2.382000e-05	1.040962e-02	-1.417304e+01
2.383000e-05	4.780427e-03	-1.431837e+01
2.384000e-05	2.530090e-02	-1.443471e+01
2.385000e-05	2.047166e-02	-1.456095e+01
2.386000e-05	2.047588e-02	-1.462569e+01
2.387000e-05	1.323985e-02	-1.479102e+01
2.388000e-05	1.481370e-02	-1.484466e+01
2.389000e-05	1.926296e-02	-1.494092e+01
2.390000e-05	1.557590e-02	-1.501358e+01
2.391000e-05	2.042246e-02	-1.512674e+01
2.392000e-05	1.886961e-02	-1.515155e+01
2.393000e-05	2.660399e-02	-1.529463e+01
2.394000e-05	1.833991e-02	-1.532627e+01
2.395000e-05	1.874820e-02	-1.538045e+01
2.396000e-05	1.667876e-02	-1.541368e+01
2.397000e-05	2.717071e-02	-1.546621e+01
2.398000e-05	2.869217e-02	-1.551890e+01
2.399000e-05	2.786190e-02	-1.556047e+01
2.400000e-05	2.617908e-02	-1.556158e+01
2.401000e-05	2.759535e-02	-1.560353e+01
2.402000e-05	3.066968e-02	-1.559411e+01
2.403000e-05	3.130468e-02	-1.562416e+01
2.404000e-05	3.334410e-02	-1.563571e+01
2.405000e-05	3.822076e-02	-1.566479e+01
2.406000e-05	4.567109e-02	-1.561466e+01
2.407000e-05	4.882659e-02	-1.563611e+01
2.408000e-05	4.878515e-02	-1.559308e+01
2.409000e-05	5.496133e-02	-1.556151e+01
2.410000e-05	6.618210e-02	-1.559206e+01
2.411000e-05	8.331998e-02	-1.554045e+01
2.412000e-05	1.020651e-01	-1.546779e+01
2.413000e-05	1.319530e-01	-1.545476e+01
2.414000e-05	1.842821e-01	-1.540256e+01
2.415000e-05	2.369319e-01	-1.537990e+01
2.416000e-05	2.500000e-01	-1.527834e+01
2.417000e-05	2.500000e-01	-1.523614e+01
2.418000e-05	2.500000e-01	-1.513960e+01
2.419000e-05	2.365246e-01	-1.509666e+01
2.420000e-05	1.730796e-01	-1.501205e+01
2.421000e-05	1.119553e-01	-1.490779e+01
2.422000e-05	7.635090e-02	-1.483418e+01
2.423000e-05	5.660415e-02	-1.473250e+01
2.424000e-05	4.537847e-02	-1.463566e+01
2.425000e-05	3.457116e-02	-1.452880e+01
2.426000e-05	2.645915e-02	-1.442408e+01
2.427000e-05	2.239795e-02	-1.430831e+01
2.428000e-05	2.069280e-02	-1.415245e+01
2.429000e-05	1.703153e-02	-1.406419e+01
2.430000e-05	1.320509e-02	-1.384530e+01
2.431000e-05	1.202025e-02	-1.370890e+01
2.432000e-05	1.361365e-02	-1.357300e+01
2.433000e-05	1.324112e-02	-1.340471e+01
2.434000e-05	1.023216e-02	-1.328677e+01
2.435000e-05	7.339849e-03	-1.312895e+01
2.436000e-05	7.532454e-03	-1.300251e+01
2.437000e-05	8.337802e-03	-1.284261e+01
2.438000e-05	7.616574e-03	-1.267661e+01
2.439000e-05	5.834619e-03	-1.246529e+01
2.440000e-05	5.082608e-03	-1.229732e+01
2.441000e-05	5.499938e-03	-1.211832e+01
2.442000e-05	4.447829e-03	-1.193937e+01
2.443000e-05	3.001299e-03	-1.171894e+01
2.444000e-05	2.025745e-03	-1.151844e+01
2.445000e-05	3.496171e-03	-1.129426e+01
2.446000e-05	4.191223e-03	-1.101517e+01
2.447000e-05	3.616372e-03	-1.085166e+01
2.448000e-05	9.563978e-04	-1.067316e+01
2.449000e-05	1.078094e-03	-1.044266e+01
2.450000e-05	1.836730e-03	-1.023308e+01
2.451000e-05	1.518859e-03	-9.972025e+00
2.452000e-05	8.917080e-05	-9.768472e+00
2.453000e-05	-5.411533e-04	-9.519468e+00
2.454000e-05	8.281831e-05	-9.286317e+00
2.455000e-05	8.023753e-05	-9.054712e+00
2.456000e-05	-1.300728e-03	-8.872187e+00
2.457000e-05	-2.551861e-03	-8.622082e+00
2.458000e-05	-1.930708e-03	-8.340399e+00
2.459000e-05	-5.103282e-04	-8.085339e+00
2.460000e-05	-1.697975e-03	-7.844613e+00
2.461000e-05	-3.100074e-03	-7.571873e+00
2.462000e-05	-3.871691e-03	-7.305471e+00
2.463000e-05	-3.758212e-03	-7.045633e+00
2.464000e-05	-3.466457e-03	-6.788922e+00
2.465000e-05	-4.757883e-03	-6.516293e+00
2.466000e-05	-3.219755e-03	-6.254232e+00
2.467000e-05	-3.502399e-03	-5.988975e+00
2.468000e-05	-4.399750e-03	-5.685817e+00
2.469000e-05	-5.056079e-03	-5.471632e+00
2.470000e-05	-5.542852e-03	-5.156345e+00
2.471000e-05	-5.682406e-03	-4.802575e+00
2.472000e-05	-4.603600e-03	-4.525341e+00
2.473000e-05	-5.247344e-03	-4.265261e+00
2.474000e-05	-5.624463e-03	-4.022102e+00
2.475000e-05	-6.768836e-03	-3.747866e+00
2.476000e-05	-6.704724e-03	-3.412633e+00
2.477000e-05	-7.964660e-03	-3.239496e+00
2.478000e-05	-6.396057e-03	-2.844129e+00
2.479000e-05	-7.590243e-03	-2.621478e+00
2.480000e-05	-5.199684e-03	-2.336311e+00
2.481000e-05	-7.202053e-03	-2.000576e+00
2.482000e-05	-6.344838e-03	-1.738366e+00
2.483000e-05	-8.968896e-03	-1.482680e+00
2.484000e-05	-8.417555e-03	-1.086262e+00
2.485000e-05	-9.603405e-03	-8.405527e-01
2.486000e-05	-7.820991e-03	-5.457408e-01
2.487000e-05	-6.790103e-03	-2.941078e-01
2.488000e-05	-4.196482e-03	5.213264e-02
2.489000e-05	7.161778e-03	3.382946e-01
2.490000e-05	-4.580603e-03	6.084712e-01
2.491000e-05	2.353342e-03	8.210315e-01
2.492000e-05	-6.272017e-03	1.157847e+00
2.493000e-05	-1.223212e-03	1.431479e+00
2.494000e-05	-3.850160e-03	1.768944e+00
2.495000e-05	1.032650e-02	1.988525e+00
2.496000e-05	4.138808e-02	2.220953e+00
2.497000e-05	8.951002e-02	2.496771e+00
2.498000e-05	-5.090110e-02	2.913662e+00
2.499000e-05	-4.903348e-02	3.157897e+00
2.500000e-05	-3.976097e-02	3.464138e+00
2.501000e-05	-2.050018e-02	3.727245e+00
2.502000e-05	-6.538338e-02	3.927922e+00
2.503000e-05	-1.952708e-02	4.198925e+00
2.504000e-05	1.130944e-01	4.504187e+00
2.505000e-05	-8.416134e-02	4.738393e+00
2.506000e-05	6.768161e-02	4.990980e+00
2.507000e-05	2.849959e-02	5.356928e+00
2.508000e-05	-1.064461e-01	5.620607e+00
2.509000e-05	6.590912e-02	5.927798e+00
2.510000e-05	-5.918749e-02	6.198505e+00
2.511000e-05	5.918736e-02	6.442031e+00
2.512000e-05	-3.301567e-02	6.757845e+00
2.513000e-05	-2.472709e-02	6.971953e+00
2.514000e-05	1.771802e-02	7.245711e+00
2.515000e-05	-4.358104e-02	7.578775e+00
2.516000e-05	3.193863e-02	7.831062e+00
2.517000e-05	-5.872790e-02	8.158245e+00
2.518000e-05	4.725291e-02	8.347796e+00
2.519000e-05	-6.006972e-03	8.580374e+00
2.520000e-05	-1.968339e-02	8.819929e+00
2.521000e-05	-1.815776e-03	9.064561e+00
2.522000e-05	-5.610487e-02	9.255192e+00
2.523000e-05	3.192501e-02	9.547319e+00
2.524000e-05	-1.618739e-02	9.750966e+00
2.525000e-05	1.760092e-02	1.000050e+01
2.526000e-05	-4.022415e-02	1.021151e+01
2.527000e-05	4.306702e-03	1.042306e+01
2.528000e-05	-9.547371e-03	1.065455e+01
2.529000e-05	-2.114773e-02	1.083514e+01
2.530000e-05	-1.206570e-02	1.104469e+01
2.531000e-05	-2.092719e-02	1.131471e+01
2.532000e-05	1.768976e-02	1.151767e+01
2.533000e-05	-1.972081e-02	1.170876e+01
2.534000e-05	-1.101746e-02	1.190627e+01
2.535000e-05	-3.621795e-02	1.210684e+01
2.536000e-05	2.220812e-03	1.232573e+01
2.537000e-05	-5.301958e-03	1.247524e+01
2.538000e-05	-7.237210e-03	1.264318e+01
2.539000e-05	-2.325875e-02	1.280956e+01
2.540000e-05	-1.932190e-02	1.298053e+01
2.541000e-05	-6.690159e-03	1.313738e+01
2.542000e-05	-2.039271e-02	1.328824e+01
2.543000e-05	-1.980761e-02	1.344213e+01
2.544000e-05	-2.261603e-02	1.359206e+01
2.545000e-05	1.473113e-03	1.371845e+01
2.546000e-05	-1.189982e-02	1.388524e+01
2.547000e-05	-2.162989e-02	1.401213e+01
2.548000e-05	-3.404540e-02	1.418095e+01
2.549000e-05	-1.799449e-02	1.430927e+01
2.550000e-05	-1.011763e-02	1.446253e+01
2.551000e-05	-1.735462e-02	1.452030e+01
2.552000e-05	-2.486858e-02	1.464417e+01
2.553000e-05	-2.424710e-02	1.472845e+01
2.554000e-05	-1.196613e-02	1.484521e+01
2.555000e-05	-2.248426e-02	1.489882e+01
2.556000e-05	-2.765916e-02	1.499411e+01
2.557000e-05	-3.076369e-02	1.508679e+01
2.558000e-05	-1.788391e-02	1.516002e+01
2.559000e-05	-1.780338e-02	1.523256e+01
2.560000e-05	-2.998477e-02	1.527832e+01
2.561000e-05	-3.756041e-02	1.532987e+01
2.562000e-05	-3.219673e-02	1.542200e+01
2.563000e-05	-2.164422e-02	1.547516e+01
2.564000e-05	-2.829358e-02	1.548727e+01
2.565000e-05	-3.493654e-02	1.552834e+01
2.566000e-05	-3.739995e-02	1.555992e+01
2.567000e-05	-3.041386e-02	1.553998e+01
2.568000e-05	-3.477695e-02	1.557200e+01
2.569000e-05	-4.596403e-02	1.561258e+01
2.570000e-05	-4.908201e-02	1.563205e+01
2.571000e-05	-4.488910e-02	1.561361e+01
2.572000e-05	-4.142157e-02	1.558051e+01
2.573000e-05	-5.427948e-02	1.558455e+01
2.574000e-05	-6.637517e-02	1.559003e+01
2.575000e-05	-7.123760e-02	1.553892e+01
2.576000e-05	-7.355481e-02	1.551892e+01
2.577000e-05	-9.135414e-02	1.552569e+01
2.578000e-05	-1.225913e-01	1.544514e+01
2.579000e-05	-1.591177e-01	1.544406e+01
2.580000e-05	-2.102182e-01	1.533095e+01
2.581000e-05	-2.459062e-01	1.527784e+01
2.582000e-05	-2.500000e-01	1.525623e+01
2.583000e-05	-2.500000e-01	1.521303e+01
2.584000e-05	-2.495992e-01	1.513940e+01
2.585000e-05	-2.189693e-01	1.502619e+01
2.586000e-05	-1.525133e-01	1.494990e+01
2.587000e-05	-1.114334e-01	1.485416e+01
2.588000e-05	-8.124776e-02	1.477097e+01
2.589000e-05	-5.714321e-02	1.468564e+01
2.590000e-05	-4.348085e-02	1.458138e+01
2.591000e-05	-4.277700e-02	1.446518e+01
2.592000e-05	-3.817171e-02	1.437092e+01
2.593000e-05	-3.083696e-02	1.418363e+01
2.594000e-05	-2.419278e-02	1.408524e+01
2.595000e-05	-2.696424e-02	1.389840e+01
2.596000e-05	-2.806524e-02	1.382208e+01
2.597000e-05	-2.651819e-02	1.366473e+01
2.598000e-05	-1.688189e-02	1.352832e+01
2.599000e-05	-1.809570e-02	1.336088e+01
2.600000e-05	-1.951581e-02	1.321258e+01
2.601000e-05	-2.048952e-02	1.303521e+01
2.602000e-05	-1.728946e-02	1.289776e+01
2.603000e-05	-1.315387e-02	1.275842e+01
2.604000e-05	-2.090959e-02	1.257892e+01
2.605000e-05	-2.272097e-02	1.239160e+01
2.606000e-05	-1.931560e-02	1.220405e+01
2.607000e-05	-1.148092e-02	1.202356e+01
2.608000e-05	-9.982213e-03	1.185361e+01
2.609000e-05	-1.585436e-02	1.164508e+01
2.610000e-05	-1.551163e-02	1.139415e+01
2.611000e-05	-1.256142e-02	1.115055e+01
2.612000e-05	-1.123429e-02	1.098998e+01
2.613000e-05	-1.726719e-02	1.080044e+01
2.614000e-05	-1.911086e-02	1.055042e+01
2.615000e-05	-1.319387e-02	1.031845e+01
2.616000e-05	-8.566715e-03	1.013885e+01
2.617000e-05	-9.631241e-03	9.906892e+00
2.618000e-05	-1.366272e-02	9.674714e+00
2.619000e-05	-1.255469e-02	9.452603e+00
2.620000e-05	-8.760869e-03	9.231555e+00
2.621000e-05	-9.882485e-03	8.968053e+00
2.622000e-05	-1.425345e-02	8.735871e+00
2.623000e-05	-1.524878e-02	8.496839e+00
2.624000e-05	-9.955020e-03	8.293133e+00
2.625000e-05	-8.088330e-03	8.010951e+00
2.626000e-05	-9.834206e-03	7.767898e+00
2.627000e-05	-1.166127e-02	7.514733e+00
2.628000e-05	-9.398229e-03	7.211052e+00
2.629000e-05	-7.090266e-03	6.947444e+00
2.630000e-05	-7.947371e-03	6.714765e+00
2.631000e-05	-1.231019e-02	6.410653e+00
2.632000e-05	-1.211708e-02	6.168895e+00
2.633000e-05	-8.572407e-03	5.884815e+00
2.634000e-05	-6.436597e-03	5.632081e+00
2.635000e-05	-8.984226e-03	5.356371e+00
2.636000e-05	-1.086867e-02	5.022482e+00
2.637000e-05	-7.896522e-03	4.736270e+00
2.638000e-05	-6.104129e-03	4.433631e+00
2.639000e-05	-7.438403e-03	4.149368e+00
2.640000e-05	-1.048981e-02	3.894732e+00
2.641000e-05	-9.222726e-03	3.611450e+00
2.642000e-05	-6.113340e-03	3.366741e+00
2.643000e-05	-6.284395e-03	3.081103e+00
2.644000e-05	-9.505977e-03	2.768970e+00
2.645000e-05	-9.487831e-03	2.453134e+00
2.646000e-05	-6.331223e-03	2.198524e+00
2.647000e-05	-4.370312e-03	1.956838e+00
2.648000e-05	-5.300671e-03	1.611475e+00
2.649000e-05	-8.498882e-03	1.263813e+00
2.650000e-05	-6.659065e-03	9.893461e-01
2.651000e-05	-4.989724e-03	6.741842e-01
2.652000e-05	-5.416556e-03	4.000041e-01
2.653000e-05	-6.414179e-03	8.516199e-02
2.654000e-05	-1.750194e-03	-1.604249e-01
2.655000e-05	1.049917e-02	-4.205265e-01
2.656000e-05	-1.078452e-03	-7.363432e-01
2.657000e-05	4.614385e-03	-9.589761e-01
2.658000e-05	-4.036210e-03	-1.285112e+00
2.659000e-05	2.336602e-03	-1.558921e+00
2.660000e-05	3.098911e-03	-1.800055e+00
2.661000e-05	3.853976e-02	-2.000980e+00
2.662000e-05	1.098145e-01	-2.356820e+00
2.663000e-05	-2.092721e-02	-2.715941e+00
2.664000e-05	-4.337367e-02	-3.097370e+00
2.665000e-05	-2.317452e-02	-3.381604e+00
2.666000e-05	-2.978995e-02	-3.590554e+00
2.667000e-05	-7.756557e-02	-3.866289e+00
2.668000e-05	5.562664e-02	-4.033208e+00
2.669000e-05	9.143975e-02	-4.273659e+00
2.670000e-05	-1.316838e-01	-4.590050e+00
2.671000e-05	1.971559e-01	-4.862609e+00
2.672000e-05	-1.302810e-01	-5.167426e+00
2.673000e-05	5.304322e-02	-5.516868e+00
2.674000e-05	5.817038e-03	-5.728317e+00
2.675000e-05	-8.610121e-02	-6.061684e+00
2.676000e-05	1.651437e-01	-6.276192e+00
2.677000e-05	-1.185194e-01	-6.570021e+00
2.678000e-05	1.053247e-01	-6.872160e+00
2.679000e-05	-5.448998e-02	-7.157326e+00
2.680000e-05	-1.079008e-02	-7.433657e+00
2.681000e-05	6.452558e-02	-7.674214e+00
2.682000e-05	-8.152041e-02	-7.990399e+00
2.683000e-05	1.358007e-01	-8.172429e+00
2.684000e-05	-9.034321e-02	-8.430684e+00
2.685000e-05	8.028338e-02	-8.727276e+00
2.686000e-05	-3.099889e-02	-8.928899e+00
2.687000e-05	-2.336165e-02	-9.219607e+00
2.688000e-05	5.019775e-02	-9.414523e+00
2.689000e-05	-3.582918e-02	-9.665813e+00
2.690000e-05	1.008350e-01	-9.875611e+00
2.691000e-05	-6.658074e-02	-1.008587e+01
2.692000e-05	7.067810e-02	-1.031984e+01
2.693000e-05	-5.766837e-02	-1.057190e+01
2.694000e-05	4.581473e-02	-1.074842e+01
2.695000e-05	-1.149234e-02	-1.095897e+01
2.696000e-05	1.874162e-02	-1.122245e+01
2.697000e-05	2.660914e-02	-1.137908e+01
2.698000e-05	-3.290217e-03	-1.161324e+01
2.699000e-05	3.241398e-02	-1.183454e+01
2.700000e-05	-2.629321e-02	-1.203516e+01
2.701000e-05	3.409032e-02	-1.222263e+01
2.702000e-05	-8.990607e-03	-1.241261e+01
2.703000e-05	4.693624e-02	-1.260158e+01
2.704000e-05	-7.376907e-03	-1.277037e+01
2.705000e-05	2.106723e-02	-1.294792e+01
2.706000e-05	-5.648125e-03	-1.308569e+01
2.707000e-05	1.991005e-02	-1.323474e+01
2.708000e-05	7.545748e-03	-1.341156e+01
2.709000e-05	1.728801e-02	-1.355938e+01
2.710000e-05	1.923924e-02	-1.369624e+01
2.711000e-05	1.819232e-02	-1.383419e+01
2.712000e-05	1.546543e-02	-1.400098e+01
2.713000e-05	2.875791e-03	-1.412832e+01
2.714000e-05	9.554857e-03	-1.426616e+01
2.715000e-05	1.326599e-02	-1.439150e+01
2.716000e-05	2.611650e-02	-1.448680e+01
2.717000e-05	1.716715e-02	-1.460300e+01
2.718000e-05	2.001135e-02	-1.469684e+01
2.719000e-05	1.060587e-02	-1.480206e+01
2.720000e-05	2.059161e-02	-1.487927e+01
2.721000e-05	1.332140e-02	-1.499201e+01
2.722000e-05	1.899426e-02	-1.508669e+01
2.723000e-05	1.731035e-02	-1.513838e+01
2.724000e-05	2.579154e-02	-1.519453e+01
2.725000e-05	2.250948e-02	-1.527772e+01
2.726000e-05	1.851915e-02	-1.533888e+01
2.727000e-05	1.661262e-02	-1.539256e+01
2.728000e-05	2.195657e-02	-1.543471e+01
2.729000e-05	3.083522e-02	-1.548744e+01
2.730000e-05	2.607859e-02	-1.551890e+01
2.731000e-05	2.704829e-02	-1.556055e+01
2.732000e-05	2.531288e-02	-1.561253e+01
2.733000e-05	3.173726e-02	-1.561216e+01
2.734000e-05	3.186817e-02	-1.565573e+01
2.735000e-05	3.220282e-02	-1.562571e+01
2.736000e-05	3.704579e-02	-1.567521e+01
2.737000e-05	4.253753e-02	-1.564576e+01
2.738000e-05	4.595209e-02	-1.566374e+01
2.739000e-05	4.457281e-02	-1.562353e+01
2.740000e-05	5.144209e-02	-1.560511e+01
2.741000e-05	6.222567e-02	-1.555103e+01
2.742000e-05	7.753357e-02	-1.554948e+01
2.743000e-05	9.375470e-02	-1.545947e+01
2.744000e-05	1.167935e-01	-1.546529e+01
2.745000e-05	1.567069e-01	-1.545476e+01
2.746000e-05	2.143701e-01	-1.539152e+01
2.747000e-05	2.479728e-01	-1.532787e+01
2.748000e-05	2.500000e-01	-1.529619e+01
2.749000e-05	2.500000e-01	-1.519253e+01
2.750000e-05	2.475662e-01	-1.510877e+01
2.751000e-05	2.088313e-01	-1.503458e+01
2.752000e-05	1.372931e-01	-1.496090e+01
2.753000e-05	9.105452e-02	-1.487476e+01
2.754000e-05	6.458284e-02	-1.477057e+01
2.755000e-05	5.003491e-02	-1.467787e+01
2.756000e-05	3.817697e-02	-1.459095e+01
2.757000e-05	2.850176e-02	-1.446576e+01
2.758000e-05	2.365867e-02	-1.434993e+01
2.759000e-05	2.216292e-02	-1.425266e+01
2.760000e-05	1.975610e-02	-1.408677e+01
2.761000e-05	1.506513e-02	-1.398152e+01
2.762000e-05	1.230165e-02	-1.376305e+01
2.763000e-05	1.281986e-02	-1.371369e+01
2.764000e-05	1.360688e-02	-1.353882e+01
2.765000e-05	1.060238e-02	-1.340245e+01
2.766000e-05	7.178680e-03	-1.320414e+01
2.767000e-05	7.350285e-03	-1.304369e+01
2.768000e-05	9.693596e-03	-1.289677e+01
2.769000e-05	7.849781e-03	-1.274990e+01
2.770000e-05	5.809488e-03	-1.255198e+01
2.771000e-05	5.049269e-03	-1.239093e+01
2.772000e-05	6.746488e-03	-1.222353e+01
2.773000e-05	5.775486e-03	-1.204413e+01
2.774000e-05	2.693421e-03	-1.185260e+01
2.775000e-05	1.919093e-03	-1.160313e+01
2.776000e-05	3.135868e-03	-1.136202e+01
2.777000e-05	4.905833e-03	-1.110844e+01
2.778000e-05	3.683171e-03	-1.090692e+01
2.779000e-05	2.880066e-03	-1.075939e+01
2.780000e-05	1.157573e-03	-1.052894e+01
2.781000e-05	2.270738e-03	-1.034029e+01
2.782000e-05	1.490797e-03	-1.009722e+01
2.783000e-05	-6.999913e-04	-9.863736e+00
2.784000e-05	-1.419929e-03	-9.653083e+00
2.785000e-05	2.802017e-04	-9.462557e+00
2.786000e-05	1.002675e-03	-9.161948e+00
2.787000e-05	-9.348664e-04	-8.959997e+00
2.788000e-05	-2.000605e-03	-8.776918e+00
2.789000e-05	-2.116325e-03	-8.474770e+00
2.790000e-05	-3.605519e-04	-8.222157e+00
2.791000e-05	-1.067910e-03	-7.990501e+00
2.792000e-05	-3.234345e-03	-7.718385e+00
2.793000e-05	-4.673817e-03	-7.422104e+00
2.794000e-05	-3.719887e-03	-7.158899e+00
2.795000e-05	-3.500291e-03	-6.905858e+00
2.796000e-05	-3.643983e-03	-6.624156e+00
2.797000e-05	-5.168245e-03	-6.411901e+00
2.798000e-05	-2.811236e-03	-6.126788e+00
2.799000e-05	-4.022289e-03	-5.863681e+00
2.800000e-05	-3.938158e-03	-5.561896e+00
2.801000e-05	-6.503129e-03	-5.243685e+00
2.802000e-05	-6.090963e-03	-4.988523e+00
2.803000e-05	-5.107627e-03	-4.632629e+00
2.804000e-05	-4.264772e-03	-4.408998e+00
2.805000e-05	-6.254410e-03	-4.117946e+00
2.806000e-05	-6.851579e-03	-3.842784e+00
2.807000e-05	-6.276054e-03	-3.589446e+00
2.808000e-05	-5.932752e-03	-3.307820e+00
2.809000e-05	-7.000465e-03	-3.022977e+00
2.810000e-05	-7.650104e-03	-2.705838e+00
2.811000e-05	-6.934885e-03	-2.423104e+00
2.812000e-05	-6.004169e-03	-2.145417e+00
2.813000e-05	-6.680967e-03	-1.883184e+00
2.814000e-05	-9.204577e-03	-1.587471e+00
2.815000e-05	-8.929395e-03	-1.242081e+00
2.816000e-05	-8.703354e-03	-9.353447e-01
2.817000e-05	-6.724701e-03	-6.816317e-01
2.818000e-05	-8.598068e-03	-3.889449e-01
2.819000e-05	-6.011635e-03	-8.418810e-02
2.820000e-05	2.385373e-03	1.780524e-01
2.821000e-05	3.422061e-03	4.826329e-01
2.822000e-05	-3.828224e-03	7.053405e-01
2.823000e-05	-1.030199e-03	9.984250e-01
2.824000e-05	-5.001122e-03	1.284712e+00
2.825000e-05	-8.911671e-04	1.583051e+00
2.826000e-05	2.863778e-04	1.844692e+00
2.827000e-05	2.111923e-02	2.103687e+00
2.828000e-05	7.910280e-02	2.367799e+00
2.829000e-05	2.929168e-02	2.687291e+00
2.830000e-05	-7.619987e-02	3.042683e+00
2.831000e-05	-3.225175e-02	3.325842e+00
2.832000e-05	-3.549308e-02	3.610629e+00
2.833000e-05	-3.350070e-02	3.843183e+00
2.834000e-05	-6.976997e-02	4.042680e+00
2.835000e-05	6.885836e-02	4.358892e+00
2.836000e-05	3.697653e-02	4.624635e+00
2.837000e-05	-7.904695e-02	4.845818e+00
2.838000e-05	1.512626e-01	5.192500e+00
2.839000e-05	-1.281619e-01	5.536816e+00
2.840000e-05	2.743672e-02	5.770955e+00
2.841000e-05	-9.779644e-03	6.054238e+00
2.842000e-05	-8.628182e-03	6.265738e+00
2.843000e-05	4.715074e-02	6.551954e+00
2.844000e-05	-7.729095e-02	6.873711e+00
2.845000e-05	3.855632e-02	7.096822e+00
2.846000e-05	-4.756755e-02	7.422978e+00
2.847000e-05	2.287086e-02	7.686213e+00
2.848000e-05	-3.027362e-02	7.991999e+00
2.849000e-05	-5.892369e-03	8.244061e+00
2.850000e-05	3.796291e-02	8.453208e+00
2.851000e-05	-3.256951e-02	8.665714e+00
2.852000e-05	8.362547e-03	8.897816e+00
2.853000e-05	-4.744568e-02	9.209952e+00
2.854000e-05	-7.702301e-03	9.400974e+00
2.855000e-05	1.033147e-02	9.624661e+00
2.856000e-05	2.028296e-03	9.916216e+00
2.857000e-05	-1.099512e-02	1.011680e+01
2.858000e-05	-2.593511e-02	1.032679e+01
2.859000e-05	8.372187e-03	1.055895e+01
2.860000e-05	-2.209434e-02	1.078993e+01
2.861000e-05	-1.229180e-02	1.094795e+01
2.862000e-05	-2.192764e-02	1.117953e+01
2.863000e-05	1.568190e-03	1.140163e+01
2.864000e-05	1.373495e-03	1.160145e+01
2.865000e-05	-1.553785e-02	1.179253e+01
2.866000e-05	-2.726382e-02	1.205113e+01
2.867000e-05	-1.737405e-02	1.220305e+01
2.868000e-05	1.327995e-03	1.238208e+01
2.869000e-05	-2.525948e-03	1.253942e+01
2.870000e-05	-1.767587e-02	1.273787e+01
2.871000e-05	-2.318983e-02	1.286781e+01
2.872000e-05	-1.337909e-02	1.306516e+01
2.873000e-05	-1.190357e-02	1.321553e+01
2.874000e-05	-2.086637e-02	1.338150e+01
2.875000e-05	-2.474206e-02	1.353885e+01
2.876000e-05	-7.946542e-03	1.365774e+01
2.877000e-05	-4.382879e-03	1.380361e+01
2.878000e-05	-1.304236e-02	1.395987e+01
2.879000e-05	-3.371477e-02	1.407824e+01
2.880000e-05	-2.495762e-02	1.425376e+01
2.881000e-05	-1.515478e-02	1.438896e+01
2.882000e-05	-9.962832e-03	1.447774e+01
2.883000e-05	-2.388140e-02	1.462308e+01
2.884000e-05	-2.672996e-02	1.468679e+01
2.885000e-05	-1.684058e-02	1.479058e+01
2.886000e-05	-1.705840e-02	1.491569e+01
2.887000e-05	-2.288057e-02	1.494193e+01
2.888000e-05	-3.345646e-02	1.501406e+01
2.889000e-05	-2.121552e-02	1.509687e+01
2.890000e-05	-1.787446e-02	1.520051e+01
2.891000e-05	-2.075749e-02	1.525566e+01
2.892000e-05	-3.680398e-02	1.531782e+01
2.893000e-05	-3.600722e-02	1.538055e+01
2.894000e-05	-2.638182e-02	1.542306e+01
2.895000e-05	-2.436882e-02	1.547566e+01
2.896000e-05	-3.087108e-02	1.551825e+01
2.897000e-05	-3.846087e-02	1.554797e+01
2.898000e-05	-3.074452e-02	1.556995e+01
2.899000e-05	-3.299560e-02	1.557100e+01
2.900000e-05	-3.895532e-02	1.557203e+01
2.901000e-05	-5.096390e-02	1.563060e+01
2.902000e-05	-4.636829e-02	1.560258e+01
2.903000e-05	-4.216545e-02	1.560303e+01
2.904000e-05	-4.679707e-02	1.557456e+01
2.905000e-05	-6.054859e-02	1.559198e+01
2.906000e-05	-7.091377e-02	1.559158e+01
2.907000e-05	-7.144575e-02	1.553040e+01
2.908000e-05	-8.268232e-02	1.554832e+01
2.909000e-05	-1.063572e-01	1.547474e+01
2.910000e-05	-1.416930e-01	1.546513e+01
2.911000e-05	-1.831355e-01	1.538250e+01
2.912000e-05	-2.336766e-01	1.529985e+01
2.913000e-05	-2.500000e-01	1.527628e+01
2.914000e-05	-2.500000e-01	1.521313e+01
2.915000e-05	-2.500000e-01	1.514890e+01
2.916000e-05	-2.397736e-01	1.505792e+01
2.917000e-05	-1.827035e-01	1.499153e+01
2.918000e-05	-1.268812e-01	1.489677e+01
2.919000e-05	-9.469165e-02	1.479258e+01
2.920000e-05	-6.656091e-02	1.470877e+01
2.921000e-05	-5.025994e-02	1.460513e+01
2.922000e-05	-4.180724e-02	1.453732e+01
2.923000e-05	-4.225468e-02	1.435208e+01
2.924000e-05	-3.464395e-02	1.427671e+01
2.925000e-05	-2.639517e-02	1.416787e+01
2.926000e-05	-2.436286e-02	1.403211e+01
2.927000e-05	-2.829361e-02	1.388671e+01
2.928000e-05	-2.673306e-02	1.374739e+01
2.929000e-05	-1.991588e-02	1.359203e+01
2.930000e-05	-1.665180e-02	1.341313e+01
2.931000e-05	-2.021804e-02	1.328681e+01
2.932000e-05	-2.334062e-02	1.313789e+01
2.933000e-05	-2.016668e-02	1.295998e+01
2.934000e-05	-1.450147e-02	1.276211e+01
2.935000e-05	-1.712052e-02	1.264306e+01
2.936000e-05	-2.018392e-02	1.247473e+01
2.937000e-05	-1.896998e-02	1.231682e+01
2.938000e-05	-1.355235e-02	1.215825e+01
2.939000e-05	-1.191731e-02	1.191732e+01
2.940000e-05	-1.725307e-02	1.170784e+01
2.941000e-05	-1.947832e-02	1.148539e+01
2.942000e-05	-1.522412e-02	1.129627e+01
2.943000e-05	-1.051011e-02	1.107471e+01
2.944000e-05	-1.321844e-02	1.087578e+01
2.945000e-05	-1.717877e-02	1.072671e+01
2.946000e-05	-1.511398e-02	1.049474e+01
2.947000e-05	-1.009951e-02	1.025313e+01
2.948000e-05	-1.013995e-02	1.001046e+01
2.949000e-05	-1.413431e-02	9.749504e+00
2.950000e-05	-1.447301e-02	9.518848e+00
2.951000e-05	-1.167756e-02	9.307898e+00
2.952000e-05	-8.326469e-03	9.125766e+00
2.953000e-05	-1.224592e-02	8.824657e+00
2.954000e-05	-1.426109e-02	8.631582e+00
2.955000e-05	-1.246734e-02	8.390003e+00
2.956000e-05	-7.671698e-03	8.120269e+00
2.957000e-05	-8.532599e-03	7.864711e+00
2.958000e-05	-1.170425e-02	7.632602e+00
2.959000e-05	-1.171175e-02	7.318344e+00
2.960000e-05	-8.743305e-03	7.093636e+00
2.961000e-05	-6.979918e-03	6.802026e+00
2.962000e-05	-1.090226e-02	6.596366e+00
2.963000e-05	-1.208217e-02	6.314214e+00
2.964000e-05	-1.006338e-02	6.022632e+00
2.965000e-05	-7.315049e-03	5.758322e+00
2.966000e-05	-8.386257e-03	5.464286e+00
2.967000e-05	-1.114890e-02	5.219375e+00
2.968000e-05	-9.992958e-03	4.863586e+00
2.969000e-05	-6.352580e-03	4.570366e+00
2.970000e-05	-6.114308e-03	4.315765e+00
2.971000e-05	-9.329813e-03	4.010053e+00
2.972000e-05	-9.986384e-03	3.727867e+00
2.973000e-05	-7.872332e-03	3.503835e+00
2.974000e-05	-6.057445e-03	3.159844e+00
2.975000e-05	-8.247461e-03	2.884240e+00
2.976000e-05	-9.662297e-03	2.671499e+00
2.977000e-05	-8.278755e-03	2.306192e+00
2.978000e-05	-4.983394e-03	2.062102e+00
2.979000e-05	-4.973940e-03	1.768948e+00
2.980000e-05	-7.488637e-03	1.472062e+00
2.981000e-05	-7.019107e-03	1.127416e+00
2.982000e-05	-4.758145e-03	7.915513e-01
2.983000e-05	-3.898812e-03	5.353184e-01
2.984000e-05	-5.543235e-03	2.636580e-01
2.985000e-05	-5.084796e-03	-6.310776e-02
2.986000e-05	5.999158e-03	-3.047645e-01
2.987000e-05	4.562434e-03	-5.769225e-01
2.988000e-05	9.329895e-04	-8.336379e-01
2.989000e-05	-6.103949e-04	-1.097267e+00
2.990000e-05	-5.167266e-04	-1.432635e+00
2.991000e-05	1.425267e-03	-1.684616e+00
2.992000e-05	1.779566e-02	-1.947342e+00
2.993000e-05	7.916958e-02	-2.199904e+00
2.994000e-05	7.292845e-02	-2.546296e+00
2.995000e-05	-7.649594e-02	-2.948293e+00
2.996000e-05	-7.277900e-03	-3.306742e+00
2.997000e-05	-4.537805e-02	-3.505792e+00
2.998000e-05	-3.340590e-02	-3.788346e+00
2.999000e-05	-6.573373e-02	-4.009497e+00
3.000000e-05	1.758910e-01	-4.139418e+00
3.001000e-05	-1.136685e-01	-4.422054e+00
3.002000e-05	6.955785e-02	-4.749369e+00
3.003000e-05	5.993762e-02	-4.959905e+00
3.004000e-05	-1.285064e-01	-5.371500e+00
3.005000e-05	1.485689e-01	-5.611580e+00
3.006000e-05	-1.599646e-01	-5.896740e+00
3.007000e-05	1.245424e-01	-6.181973e+00
3.008000e-05	2.389720e-03	-6.392207e+00
3.009000e-05	-3.408376e-02	-6.726947e+00
3.010000e-05	9.092631e-02	-7.001999e+00
3.011000e-05	-1.210164e-01	-7.274865e+00
3.012000e-05	1.158733e-01	-7.559300e+00
3.013000e-05	-7.785113e-02	-7.814978e+00
3.014000e-05	6.598431e-02	-8.114795e+00
3.015000e-05	2.453785e-02	-8.297269e+00
3.016000e-05	-4.645073e-02	-8.582504e+00
3.017000e-05	9.122870e-02	-8.834564e+00
3.018000e-05	-1.070021e-01	-9.066191e+00
3.019000e-05	8.600928e-02	-9.305864e+00
3.020000e-05	-5.105852e-02	-9.547791e+00
3.021000e-05	8.043622e-02	-9.790452e+00
3.022000e-05	-7.103881e-03	-1.000160e+01
3.023000e-05	3.794984e-03	-1.023213e+01
3.024000e-05	1.918186e-02	-1.042411e+01
3.025000e-05	-3.466835e-02	-1.067514e+01
3.026000e-05	5.584330e-02	-1.088431e+01
3.027000e-05	-3.798316e-02	-1.112722e+01
3.028000e-05	6.479670e-02	-1.130677e+01
3.029000e-05	-2.455106e-02	-1.154690e+01
3.030000e-05	4.695794e-02	-1.171887e+01
3.031000e-05	-2.261292e-02	-1.195082e+01
3.032000e-05	2.047115e-02	-1.215840e+01
3.033000e-05	2.106171e-03	-1.228632e+01
3.034000e-05	2.528328e-02	-1.249682e+01
3.035000e-05	2.100125e-02	-1.270611e+01
3.036000e-05	9.658873e-04	-1.284667e+01
3.037000e-05	1.278075e-02	-1.301353e+01
3.038000e-05	-1.820529e-03	-1.313948e+01
3.039000e-05	2.385833e-02	-1.331032e+01
3.040000e-05	2.468618e-03	-1.344422e+01
3.041000e-05	2.823236e-02	-1.360401e+01
3.042000e-05	1.083461e-02	-1.381306e+01
3.043000e-05	2.582284e-02	-1.389638e+01
3.044000e-05	6.631636e-04	-1.406619e+01
3.045000e-05	1.087629e-02	-1.421311e+01
3.046000e-05	4.361041e-03	-1.430837e+01
3.047000e-05	2.494023e-02	-1.445468e+01
3.048000e-05	1.872176e-02	-1.458992e+01
3.049000e-05	2.125905e-02	-1.464574e+01
3.050000e-05	1.328715e-02	-1.474940e+01
3.051000e-05	1.706641e-02	-1.484679e+01
3.052000e-05	1.929009e-02	-1.499890e+01
3.053000e-05	1.530297e-02	-1.506411e+01
3.054000e-05	1.983534e-02	-1.511687e+01
3.055000e-05	1.958076e-02	-1.517153e+01
3.056000e-05	2.609349e-02	-1.524371e+01
3.057000e-05	1.752050e-02	-1.528785e+01
3.058000e-05	1.834690e-02	-1.535200e+01
3.059000e-05	1.797562e-02	-1.540263e+01
3.060000e-05	2.924213e-02	-1.546524e+01
3.061000e-05	2.895644e-02	-1.552850e+01
3.062000e-05	2.843839e-02	-1.553788e+01
3.063000e-05	2.585439e-02	-1.557055e+01
3.064000e-05	2.750301e-02	-1.561361e+01
3.065000e-05	2.985773e-02	-1.561368e+01
3.066000e-05	2.994840e-02	-1.566521e+01
3.067000e-05	3.327702e-02	-1.563466e+01
3.068000e-05	3.952715e-02	-1.562569e+01
3.069000e-05	4.624119e-02	-1.563563e+01
3.070000e-05	4.872482e-02	-1.566469e+01
3.071000e-05	4.887667e-02	-1.561311e+01
3.072000e-05	5.637353e-02	-1.559411e+01
3.073000e-05	6.768318e-02	-1.555048e+01
3.074000e-05	8.378082e-02	-1.553095e+01
3.075000e-05	1.022819e-01	-1.549842e+01
3.076000e-05	1.343593e-01	-1.545529e+01
3.077000e-05	1.881179e-01	-1.539261e+01
3.078000e-05	2.385762e-01	-1.538940e+01
3.079000e-05	2.500000e-01	-1.530684e+01
3.080000e-05	2.500000e-01	-1.523466e+01
3.081000e-05	2.500000e-01	-1.515142e+01
3.082000e-05	2.347415e-01	-1.507576e+01
3.083000e-05	1.689473e-01	-1.500210e+01
3.084000e-05	1.085144e-01	-1.487984e+01
3.085000e-05	7.466320e-02	-1.483311e+01
3.086000e-05	5.582515e-02	-1.472097e+01
3.087000e-05	4.402064e-02	-1.462261e+01
3.088000e-05	3.326553e-02	-1.454892e+01
3.089000e-05	2.654715e-02	-1.442411e+01
3.090000e-05	2.304881e-02	-1.430624e+01
3.091000e-05	2.130049e-02	-1.417997e+01
3.092000e-05	1.689618e-02	-1.402211e+01
3.093000e-05	1.209933e-02	-1.388716e+01
3.094000e-05	1.191230e-02	-1.374932e+01
3.095000e-05	1.289047e-02	-1.357003e+01
3.096000e-05	1.282384e-02	-1.345266e+01
3.097000e-05	8.624090e-03	-1.332521e+01
3.098000e-05	7.251304e-03	-1.310992e+01
3.099000e-05	7.358146e-03	-1.297098e+01
3.100000e-05	9.447093e-03	-1.282111e+01
3.101000e-05	7.945167e-03	-1.262516e+01
3.102000e-05	5.236428e-03	-1.247521e+01
3.103000e-05	5.162170e-03	-1.229619e+01
3.104000e-05	5.397806e-03	-1.211884e+01
3.105000e-05	4.101676e-03	-1.192834e+01
3.106000e-05	1.827387e-03	-1.171579e+01
3.107000e-05	1.508699e-03	-1.147484e+01
3.108000e-05	3.811037e-03	-1.126566e+01
3.109000e-05	4.416966e-03	-1.107416e+01
3.110000e-05	3.942493e-03	-1.083463e+01
3.111000e-05	1.951891e-03	-1.063413e+01
3.112000e-05	1.469196e-03	-1.045163e+01
3.113000e-05	1.731473e-03	-1.021245e+01
3.114000e-05	8.140676e-04	-9.940025e+00
3.115000e-05	-8.246546e-04	-9.770475e+00
3.116000e-05	-1.414118e-03	-9.568898e+00
3.117000e-05	1.059252e-03	-9.276339e+00
3.118000e-05	-2.090148e-04	-9.084660e+00
3.119000e-05	-1.684199e-03	-8.883137e+00
3.120000e-05	-2.843993e-03	-8.571598e+00
3.121000e-05	-1.134523e-03	-8.366473e+00
3.122000e-05	-3.252020e-04	-8.105743e+00
3.123000e-05	-7.762204e-04	-7.853236e+00
3.124000e-05	-3.719061e-03	-7.585874e+00
3.125000e-05	-3.474600e-03	-7.321215e+00
3.126000e-05	-3.422194e-03	-7.022181e+00
3.127000e-05	-3.430329e-03	-6.738396e+00
3.128000e-05	-5.432079e-03	-6.517841e+00
3.129000e-05	-3.724639e-03	-6.252709e+00
3.130000e-05	-3.635389e-03	-5.970020e+00
3.131000e-05	-3.222947e-03	-5.704292e+00
3.132000e-05	-4.767965e-03	-5.431599e+00
3.133000e-05	-6.027145e-03	-5.114839e+00
3.134000e-05	-5.745239e-03	-4.799999e+00
3.135000e-05	-4.605321e-03	-4.516362e+00
3.136000e-05	-5.486864e-03	-4.273735e+00
3.137000e-05	-6.529013e-03	-4.000606e+00
3.138000e-05	-7.683819e-03	-3.725235e+00
3.139000e-05	-6.613712e-03	-3.432582e+00
3.140000e-05	-7.464964e-03	-3.185948e+00
3.141000e-05	-5.737845e-03	-2.842104e+00
3.142000e-05	-8.487737e-03	-2.580418e+00
3.143000e-05	-4.712606e-03	-2.284387e+00
3.144000e-05	-6.845336e-03	-1.998421e+00
3.145000e-05	-5.850933e-03	-1.726395e+00
3.146000e-05	-1.004269e-02	-1.421124e+00
3.147000e-05	-8.086802e-03	-1.093239e+00
3.148000e-05	-9.587135e-03	-8.310563e-01
3.149000e-05	-7.791766e-03	-4.862368e-01
3.150000e-05	-8.989417e-03	-2.516064e-01
3.151000e-05	-5.197239e-03	5.205652e-02
3.152000e-05	6.242682e-03	3.283999e-01
3.153000e-05	-3.232164e-03	5.905001e-01
3.154000e-05	3.299638e-03	8.606343e-01
3.155000e-05	-4.688755e-03	1.168889e+00
3.156000e-05	-1.690611e-05	1.411560e+00
3.157000e-05	-4.926420e-03	1.748904e+00
3.158000e-05	1.103364e-02	1.988850e+00
3.159000e-05	4.219575e-02	2.212105e+00
3.160000e-05	8.574474e-02	2.548396e+00
3.161000e-05	-5.759861e-02	2.934263e+00
3.162000e-05	-4.381453e-02	3.179923e+00
3.163000e-05	-4.040020e-02	3.475233e+00
3.164000e-05	-1.944257e-02	3.756818e+00
3.165000e-05	-6.777878e-02	3.988475e+00
3.166000e-05	-1.043841e-02	4.211921e+00
3.167000e-05	1.105141e-01	4.486167e+00
3.168000e-05	-9.413569e-02	4.788973e+00
3.169000e-05	8.410710e-02	5.063607e+00
3.170000e-05	8.404512e-03	5.359529e+00
3.171000e-05	-9.348107e-02	5.630088e+00
3.172000e-05	6.080487e-02	5.928295e+00
3.173000e-05	-5.768276e-02	6.182478e+00
3.174000e-05	6.416685e-02	6.472152e+00
3.175000e-05	-4.110604e-02	6.759400e+00
3.176000e-05	-1.698459e-02	7.002954e+00
3.177000e-05	9.625100e-03	7.293865e+00
3.178000e-05	-3.860490e-02	7.547899e+00
3.179000e-05	2.738767e-02	7.824555e+00
3.180000e-05	-5.618355e-02	8.108871e+00
3.181000e-05	4.903269e-02	8.349420e+00
3.182000e-05	-9.826884e-03	8.578927e+00
3.183000e-05	-1.457955e-02	8.820456e+00
3.184000e-05	-4.844172e-03	9.064633e+00
3.185000e-05	-5.405327e-02	9.325816e+00
3.186000e-05	3.066038e-02	9.537318e+00
3.187000e-05	-1.553226e-02	9.739023e+00
3.188000e-05	1.738604e-02	1.001093e+01
3.189000e-05	-4.082184e-02	1.021198e+01
3.190000e-05	4.787959e-03	1.045473e+01
3.191000e-05	-1.124347e-02	1.063366e+01
3.192000e-05	-1.967619e-02	1.084522e+01
3.193000e-05	-1.154126e-02	1.106621e+01
3.194000e-05	-1.905234e-02	1.127772e+01
3.195000e-05	1.805969e-02	1.152782e+01
3.196000e-05	-1.997830e-02	1.170827e+01
3.197000e-05	-1.214493e-02	1.192729e+01
3.198000e-05	-3.633211e-02	1.208732e+01
3.199000e-05	1.403324e-03	1.228622e+01
3.200000e-05	-5.628582e-03	1.246524e+01
3.201000e-05	-6.833272e-03	1.269364e+01
3.202000e-05	-2.296896e-02	1.282356e+01
3.203000e-05	-1.820059e-02	1.295142e+01
3.204000e-05	-6.167400e-03	1.315833e+01
3.205000e-05	-2.053032e-02	1.331837e+01
3.206000e-05	-1.991512e-02	1.345571e+01
3.207000e-05	-2.207508e-02	1.361259e+01
3.208000e-05	1.030982e-03	1.375948e+01
3.209000e-05	-1.159222e-02	1.389571e+01
3.210000e-05	-2.245167e-02	1.405314e+01
3.211000e-05	-3.165399e-02	1.416203e+01
3.212000e-05	-2.025819e-02	1.431887e+01
3.213000e-05	-7.420508e-03	1.443361e+01
3.214000e-05	-1.914900e-02	1.453289e+01
3.215000e-05	-2.178880e-02	1.466564e+01
3.216000e-05	-2.297006e-02	1.477043e+01
3.217000e-05	-1.499523e-02	1.485308e+01
3.218000e-05	-2.310101e-02	1.492780e+01
3.219000e-05	-3.124054e-02	1.499256e+01
3.220000e-05	-2.887151e-02	1.503519e+01
3.221000e-05	-1.837478e-02	1.520997e+01
3.222000e-05	-1.409491e-02	1.522216e+01
3.223000e-05	-2.793419e-02	1.525619e+01
3.224000e-05	-3.537713e-02	1.535992e+01
3.225000e-05	-3.495109e-02	1.543298e+01
3.226000e-05	-2.562606e-02	1.543461e+01
3.227000e-05	-3.040043e-02	1.547619e+01
3.228000e-05	-3.550739e-02	1.551939e+01
3.229000e-05	-3.463087e-02	1.554942e+01
3.230000e-05	-2.799155e-02	1.555945e+01
3.231000e-05	-3.264251e-02	1.560150e+01
3.232000e-05	-4.694835e-02	1.558203e+01
3.233000e-05	-5.183086e-02	1.561198e+01
3.234000e-05	-4.776403e-02	1.562263e+01
3.235000e-05	-4.324117e-02	1.563253e+01
3.236000e-05	-5.373150e-02	1.559307e+01
3.237000e-05	-6.357838e-02	1.556301e+01
3.238000e-05	-6.841960e-02	1.554090e+01
3.239000e-05	-7.470473e-02	1.555882e+01
3.240000e-05	-9.379314e-02	1.552629e+01
3.241000e-05	-1.270307e-01	1.546616e+01
3.242000e-05	-1.641212e-01	1.543411e+01
3.243000e-05	-2.139378e-01	1.537990e+01
3.244000e-05	-2.465376e-01	1.530782e+01
3.245000e-05	-2.500000e-01	1.527426e+01
3.246000e-05	-2.500000e-01	1.521155e+01
3.247000e-05	-2.491985e-01	1.511842e+01
3.248000e-05	-2.167196e-01	1.503211e+01
3.249000e-05	-1.497070e-01	1.491793e+01
3.250000e-05	-1.098299e-01	1.485619e+01
3.251000e-05	-7.720008e-02	1.477945e+01
3.252000e-05	-5.542733e-02	1.470576e+01
3.253000e-05	-4.186651e-02	1.458134e+01
3.254000e-05	-4.291951e-02	1.446519e+01
3.255000e-05	-3.922585e-02	1.433990e+01
3.256000e-05	-3.139881e-02	1.425061e+01
3.257000e-05	-2.426608e-02	1.407721e+01
3.258000e-05	-2.561603e-02	1.392084e+01
3.259000e-05	-2.836496e-02	1.382203e+01
3.260000e-05	-2.370053e-02	1.366474e+01
3.261000e-05	-1.703932e-02	1.351779e+01
3.262000e-05	-1.633493e-02	1.336842e+01
3.263000e-05	-2.244498e-02	1.321151e+01
3.264000e-05	-2.209513e-02	1.304561e+01
3.265000e-05	-1.747070e-02	1.288634e+01
3.266000e-05	-1.379585e-02	1.271944e+01
3.267000e-05	-1.961950e-02	1.256895e+01
3.268000e-05	-2.122324e-02	1.238100e+01
3.269000e-05	-1.690655e-02	1.218098e+01
3.270000e-05	-1.088853e-02	1.199160e+01
3.271000e-05	-1.324949e-02	1.183098e+01
3.272000e-05	-1.746971e-02	1.163148e+01
3.273000e-05	-1.665619e-02	1.136208e+01
3.274000e-05	-1.207757e-02	1.114053e+01
3.275000e-05	-1.186486e-02	1.099148e+01
3.276000e-05	-1.612758e-02	1.079100e+01
3.277000e-05	-1.709671e-02	1.055940e+01
3.278000e-05	-1.229409e-02	1.030785e+01
3.279000e-05	-9.380698e-03	1.011832e+01
3.280000e-05	-1.118948e-02	9.897311e+00
3.281000e-05	-1.529113e-02	9.654662e+00
3.282000e-05	-1.334544e-02	9.411081e+00
3.283000e-05	-9.973153e-03	9.190477e+00
3.284000e-05	-1.101506e-02	8.979400e+00
3.285000e-05	-1.371565e-02	8.717341e+00
3.286000e-05	-1.339386e-02	8.505216e+00
3.287000e-05	-8.325578e-03	8.273235e+00
3.288000e-05	-7.359406e-03	8.031047e+00
3.289000e-05	-1.013029e-02	7.718342e+00
3.290000e-05	-1.356528e-02	7.454691e+00
3.291000e-05	-1.071998e-02	7.179949e+00
3.292000e-05	-8.020743e-03	6.948875e+00
3.293000e-05	-8.351024e-03	6.713738e+00
3.294000e-05	-1.152125e-02	6.389477e+00
3.295000e-05	-9.792994e-03	6.138848e+00
3.296000e-05	-7.571658e-03	5.923762e+00
3.297000e-05	-7.415587e-03	5.652477e+00
3.298000e-05	-1.150876e-02	5.328793e+00
3.299000e-05	-1.164784e-02	5.050953e+00
3.300000e-05	-8.583968e-03	4.734758e+00
3.301000e-05	-6.101614e-03	4.433577e+00
3.302000e-05	-7.305768e-03	4.158323e+00
3.303000e-05	-1.020110e-02	3.863631e+00
3.304000e-05	-8.215741e-03	3.611474e+00
3.305000e-05	-5.793697e-03	3.305762e+00
3.306000e-05	-6.424994e-03	3.030630e+00
3.307000e-05	-9.671254e-03	2.738945e+00
3.308000e-05	-9.442889e-03	2.464030e+00
3.309000e-05	-6.363475e-03	2.170395e+00
3.310000e-05	-5.163534e-03	1.882863e+00
3.311000e-05	-6.532130e-03	1.589976e+00
3.312000e-05	-7.831930e-03	1.295110e+00
3.313000e-05	-5.370731e-03	9.783225e-01
3.314000e-05	-3.829324e-03	6.631829e-01
3.315000e-05	-4.046772e-03	3.799988e-01
3.316000e-05	-5.767056e-03	1.247354e-01
3.317000e-05	-1.277803e-03	-1.594762e-01
3.318000e-05	9.463453e-03	-4.725805e-01
3.319000e-05	-2.501719e-03	-7.564673e-01
3.320000e-05	3.048993e-03	-9.729263e-01
3.321000e-05	-3.929687e-03	-1.275181e+00
3.322000e-05	3.235457e-03	-1.580947e+00
3.323000e-05	5.952357e-03	-1.800555e+00
3.324000e-05	4.317112e-02	-2.052108e+00
3.325000e-05	1.107692e-01	-2.328872e+00
3.326000e-05	-2.985465e-02	-2.729796e+00
3.327000e-05	-3.813749e-02	-3.168570e+00
3.328000e-05	-2.772180e-02	-3.431075e+00
3.329000e-05	-2.910833e-02	-3.641458e+00
3.330000e-05	-8.143850e-02	-3.846212e+00
3.331000e-05	7.324034e-02	-4.063183e+00
3.332000e-05	7.027337e-02	-4.294637e+00
3.333000e-05	-1.148502e-01	-4.652083e+00
3.334000e-05	1.936079e-01	-4.854184e+00
3.335000e-05	-1.425349e-01	-5.179974e+00
3.336000e-05	7.462183e-02	-5.517421e+00
3.337000e-05	-1.714051e-02	-5.756345e+00
3.338000e-05	-6.580471e-02	-6.071713e+00
3.339000e-05	1.522564e-01	-6.306640e+00
3.340000e-05	-1.194768e-01	-6.551454e+00
3.341000e-05	1.124712e-01	-6.853340e+00
3.342000e-05	-6.889129e-02	-7.148419e+00
3.343000e-05	7.649899e-03	-7.423583e+00
3.344000e-05	5.070427e-02	-7.664088e+00
3.345000e-05	-6.868985e-02	-7.972579e+00
3.346000e-05	1.318682e-01	-8.210005e+00
3.347000e-05	-9.473022e-02	-8.445213e+00
3.348000e-05	8.878110e-02	-8.726424e+00
3.349000e-05	-4.664306e-02	-8.949897e+00
3.350000e-05	-8.830653e-03	-9.191130e+00
3.351000e-05	3.808910e-02	-9.421603e+00
3.352000e-05	-2.436792e-02	-9.665165e+00
3.353000e-05	9.392644e-02	-9.893687e+00
3.354000e-05	-6.200491e-02	-1.006735e+01
3.355000e-05	7.066362e-02	-1.035940e+01
3.356000e-05	-6.118918e-02	-1.055053e+01
3.357000e-05	5.065028e-02	-1.077103e+01
3.358000e-05	-1.810202e-02	-1.094992e+01
3.359000e-05	2.524616e-02	-1.122255e+01
3.360000e-05	1.853001e-02	-1.141251e+01
3.361000e-05	2.885309e-03	-1.165666e+01
3.362000e-05	2.762265e-02	-1.185411e+01
3.363000e-05	-2.233225e-02	-1.207374e+01
3.364000e-05	3.235707e-02	-1.222356e+01
3.365000e-05	-6.183964e-03	-1.243064e+01
3.366000e-05	4.640164e-02	-1.258200e+01
3.367000e-05	-7.693548e-03	-1.279200e+01
3.368000e-05	1.948958e-02	-1.292847e+01
3.369000e-05	-7.671864e-03	-1.313769e+01
3.370000e-05	2.017432e-02	-1.325424e+01
3.371000e-05	6.661882e-03	-1.340358e+01
3.372000e-05	1.997475e-02	-1.357947e+01
3.373000e-05	1.852355e-02	-1.369772e+01
3.374000e-05	2.023681e-02	-1.383476e+01
3.375000e-05	1.478608e-02	-1.396055e+01
3.376000e-05	3.257355e-03	-1.412039e+01
3.377000e-05	8.076267e-03	-1.428562e+01
3.378000e-05	1.317612e-02	-1.436253e+01
3.379000e-05	2.537989e-02	-1.450729e+01
3.380000e-05	1.725542e-02	-1.464356e+01
3.381000e-05	1.990508e-02	-1.474689e+01
3.382000e-05	1.107382e-02	-1.482211e+01
3.383000e-05	2.258206e-02	-1.490682e+01
3.384000e-05	1.417053e-02	-1.499053e+01
3.385000e-05	2.047723e-02	-1.509716e+01
3.386000e-05	1.711720e-02	-1.512845e+01
3.387000e-05	2.669777e-02	-1.523303e+01
3.388000e-05	2.050890e-02	-1.527674e+01
3.389000e-05	1.800318e-02	-1.529745e+01
3.390000e-05	1.614897e-02	-1.538201e+01
3.391000e-05	2.333440e-02	-1.547476e+01
3.392000e-05	3.036218e-02	-1.547682e+01
3.393000e-05	2.904154e-02	-1.551890e+01
3.394000e-05	2.824678e-02	-1.557045e+01
3.395000e-05	2.659637e-02	-1.560205e+01
3.396000e-05	3.029440e-02	-1.562406e+01
3.397000e-05	2.943359e-02	-1.564564e+01
3.398000e-05	3.189009e-02	-1.568574e+01
3.399000e-05	3.571854e-02	-1.559471e+01
3.400000e-05	4.402146e-02	-1.565259e+01
3.401000e-05	4.885635e-02	-1.563416e+01
3.402000e-05	4.958225e-02	-1.560315e+01
3.403000e-05	5.212506e-02	-1.561471e+01
3.404000e-05	6.211160e-02	-1.556158e+01
3.405000e-05	7.591886e-02	-1.557052e+01
3.406000e-05	9.261643e-02	-1.553832e+01
3.407000e-05	1.173186e-01	-1.549674e+01
3.408000e-05	1.598378e-01	-1.543411e+01
3.409000e-05	2.183551e-01	-1.536150e+01
3.410000e-05	2.481847e-01	-1.536077e+01
3.411000e-05	2.500000e-01	-1.527666e+01
3.412000e-05	2.500000e-01	-1.518258e+01
3.413000e-05	2.465302e-01	-1.511790e+01
3.414000e-05	2.042796e-01	-1.499313e+01
3.415000e-05	1.341539e-01	-1.498840e+01
3.416000e-05	8.889856e-02	-1.485419e+01
3.417000e-05	6.496127e-02	-1.480150e+01
3.418000e-05	4.955344e-02	-1.465632e+01
3.419000e-05	3.754113e-02	-1.457953e+01
3.420000e-05	2.829869e-02	-1.449468e+01
3.421000e-05	2.381364e-02	-1.432845e+01
3.422000e-05	2.219709e-02	-1.422556e+01
3.423000e-05	1.946932e-02	-1.407829e+01
3.424000e-05	1.497361e-02	-1.393190e+01
3.425000e-05	1.278426e-02	-1.380053e+01
3.426000e-05	1.342968e-02	-1.365721e+01
3.427000e-05	1.391394e-02	-1.346627e+01
3.428000e-05	1.027371e-02	-1.334940e+01
3.429000e-05	6.762811e-03	-1.321258e+01
3.430000e-05	6.527727e-03	-1.302419e+01
3.431000e-05	8.517341e-03	-1.285627e+01
3.432000e-05	8.675347e-03	-1.271882e+01
3.433000e-05	5.864056e-03	-1.253885e+01
3.434000e-05	5.640087e-03	-1.234147e+01
3.435000e-05	7.098186e-03	-1.222108e+01
3.436000e-05	5.998187e-03	-1.198260e+01
3.437000e-05	3.378997e-03	-1.180253e+01
3.438000e-05	9.762231e-04	-1.160253e+01
3.439000e-05	2.448054e-03	-1.135942e+01
3.440000e-05	3.647640e-03	-1.113885e+01
3.441000e-05	3.890047e-03	-1.090882e+01
3.442000e-05	2.308907e-03	-1.072884e+01
3.443000e-05	1.792056e-03	-1.054792e+01
3.444000e-05	2.588547e-03	-1.031777e+01
3.445000e-05	2.862724e-03	-1.010574e+01
3.446000e-05	4.194257e-04	-9.843159e+00
3.447000e-05	-1.131431e-03	-9.632610e+00
3.448000e-05	3.132658e-05	-9.412551e+00
3.449000e-05	4.098035e-04	-9.168946e+00
3.450000e-05	-2.114931e-03	-8.937474e+00
3.451000e-05	-2.960420e-03	-8.765816e+00
3.452000e-05	-2.366204e-03	-8.474207e+00
3.453000e-05	3.777971e-04	-8.202649e+00
3.454000e-05	-1.660354e-04	-7.989495e+00
3.455000e-05	-1.568892e-03	-7.685733e+00
3.456000e-05	-4.001275e-03	-7.393106e+00
3.457000e-05	-3.520817e-03	-7.170922e+00
3.458000e-05	-4.146946e-03	-6.846208e+00
3.459000e-05	-4.092310e-03	-6.591078e+00
3.460000e-05	-5.485655e-03	-6.399949e+00
3.461000e-05	-2.691531e-03	-6.086239e+00
3.462000e-05	-4.203671e-03	-5.832574e+00
3.463000e-05	-3.288743e-03	-5.567370e+00
3.464000e-05	-5.936097e-03	-5.223631e+00
3.465000e-05	-4.873617e-03	-4.905393e+00
3.466000e-05	-4.951006e-03	-4.613008e+00
3.467000e-05	-4.192152e-03	-4.380000e+00
3.468000e-05	-5.896878e-03	-4.116369e+00
3.469000e-05	-7.349778e-03	-3.863578e+00
3.470000e-05	-7.135774e-03	-3.517423e+00
3.471000e-05	-7.396723e-03	-3.324764e+00
3.472000e-05	-7.481352e-03	-2.990450e+00
3.473000e-05	-7.626762e-03	-2.705263e+00
3.474000e-05	-6.130392e-03	-2.453075e+00
3.475000e-05	-5.027618e-03	-2.156316e+00
3.476000e-05	-6.318266e-03	-1.792655e+00
3.477000e-05	-8.662082e-03	-1.560498e+00
3.478000e-05	-9.361362e-03	-1.242451e+00
3.479000e-05	-9.713433e-03	-9.172409e-01
3.480000e-05	-8.864766e-03	-6.616569e-01
3.481000e-05	-8.307070e-03	-3.764186e-01
3.482000e-05	-6.127207e-03	-5.418421e-02
3.483000e-05	3.784831e-03	1.721239e-01
3.484000e-05	2.605549e-03	4.657868e-01
3.485000e-05	-1.914043e-03	7.174171e-01
3.486000e-05	-1.282419e-03	1.021651e+00
3.487000e-05	-4.624987e-03	1.325766e+00
3.488000e-05	-2.074395e-03	1.660536e+00
3.489000e-05	7.244216e-04	1.885266e+00
3.490000e-05	2.266622e-02	2.086213e+00
3.491000e-05	8.179144e-02	2.379447e+00
3.492000e-05	1.906312e-02	2.768421e+00
3.493000e-05	-7.393651e-02	3.074638e+00
3.494000e-05	-3.258864e-02	3.317873e+00
3.495000e-05	-3.333680e-02	3.661605e+00
3.496000e-05	-3.642037e-02	3.864661e+00
3.497000e-05	-6.632640e-02	4.103683e+00
3.498000e-05	7.639544e-02	4.387823e+00
3.499000e-05	2.217786e-02	4.664658e+00
3.500000e-05	-6.587150e-02	4.894716e+00
3.501000e-05	1.429523e-01	5.181033e+00
3.502000e-05	-1.339626e-01	5.517415e+00
3.503000e-05	3.726478e-02	5.781951e+00
3.504000e-05	-1.793011e-02	6.094765e+00
3.505000e-05	5.128335e-04	6.297265e+00
3.506000e-05	3.945287e-02	6.573603e+00
3.507000e-05	-7.383977e-02	6.895316e+00
3.508000e-05	3.978998e-02	7.179395e+00
3.509000e-05	-5.127354e-02	7.432108e+00
3.510000e-05	2.680626e-02	7.696316e+00
3.511000e-05	-3.651982e-02	8.001003e+00
3.512000e-05	1.213498e-03	8.246237e+00
3.513000e-05	3.352003e-02	8.475739e+00
3.514000e-05	-3.218395e-02	8.725239e+00
3.515000e-05	1.009055e-02	8.908375e+00
3.516000e-05	-4.982246e-02	9.201007e+00
3.517000e-05	-6.281696e-04	9.404033e+00
3.518000e-05	6.353342e-03	9.643166e+00
3.519000e-05	4.782754e-03	9.906814e+00
3.520000e-05	-1.525428e-02	1.012637e+01
3.521000e-05	-2.270911e-02	1.032737e+01
3.522000e-05	5.309011e-03	1.055837e+01
3.523000e-05	-2.236964e-02	1.077090e+01
3.524000e-05	-1.124164e-02	1.097050e+01
3.525000e-05	-2.138045e-02	1.120003e+01
3.526000e-05	5.764783e-03	1.138158e+01
3.527000e-05	-7.171703e-04	1.160315e+01
3.528000e-05	-1.429957e-02	1.183153e+01
3.529000e-05	-2.888161e-02	1.205358e+01
3.530000e-05	-1.678296e-02	1.217253e+01
3.531000e-05	-6.627538e-04	1.243050e+01
3.532000e-05	-4.661344e-03	1.257048e+01
3.533000e-05	-1.769623e-02	1.274827e+01
3.534000e-05	-2.142298e-02	1.289777e+01
3.535000e-05	-1.126604e-02	1.305426e+01
3.536000e-05	-1.151502e-02	1.324511e+01
3.537000e-05	-2.020364e-02	1.336140e+01
3.538000e-05	-2.420062e-02	1.349790e+01
3.539000e-05	-6.889484e-03	1.367934e+01
3.540000e-05	-6.576214e-03	1.382464e+01
3.541000e-05	-1.472662e-02	1.396993e+01
3.542000e-05	-3.378179e-02	1.411787e+01
3.543000e-05	-2.368116e-02	1.425627e+01
3.544000e-05	-1.486190e-02	1.437100e+01
3.545000e-05	-9.663826e-03	1.449826e+01
3.546000e-05	-2.345519e-02	1.460053e+01
3.547000e-05	-2.449745e-02	1.471772e+01
3.548000e-05	-1.607500e-02	1.479058e+01
3.549000e-05	-1.889644e-02	1.490427e+01
3.550000e-05	-2.456513e-02	1.495992e+01
3.551000e-05	-3.367307e-02	1.505216e+01
3.552000e-05	-2.152157e-02	1.509738e+01
3.553000e-05	-1.830322e-02	1.520108e+01
3.554000e-05	-2.145722e-02	1.521466e+01
3.555000e-05	-3.603470e-02	1.531782e+01
3.556000e-05	-3.518253e-02	1.535198e+01
3.557000e-05	-2.499270e-02	1.541358e+01
3.558000e-05	-2.495844e-02	1.544419e+01
3.559000e-05	-3.251768e-02	1.552844e+01
3.560000e-05	-3.940356e-02	1.554887e+01
3.561000e-05	-3.197753e-02	1.558042e+01
3.562000e-05	-3.333792e-02	1.557990e+01
3.563000e-05	-3.985387e-02	1.558148e+01
3.564000e-05	-5.006869e-02	1.561303e+01
3.565000e-05	-4.544602e-02	1.561500e+01
3.566000e-05	-4.122650e-02	1.563256e+01
3.567000e-05	-4.749436e-02	1.560203e+01
3.568000e-05	-6.121959e-02	1.558198e+01
3.569000e-05	-7.055024e-02	1.558295e+01
3.570000e-05	-7.224969e-02	1.550992e+01
3.571000e-05	-8.412369e-02	1.549879e+01
3.572000e-05	-1.077560e-01	1.547521e+01
3.573000e-05	-1.434352e-01	1.545464e+01
3.574000e-05	-1.866139e-01	1.536165e+01
3.575000e-05	-2.356725e-01	1.533834e+01
3.576000e-05	-2.500000e-01	1.525471e+01
3.577000e-05	-2.500000e-01	1.521208e+01
3.578000e-05	-2.500000e-01	1.515042e+01
3.579000e-05	-2.384157e-01	1.512476e+01
3.580000e-05	-1.794409e-01	1.499301e+01
3.581000e-05	-1.250126e-01	1.489679e+01
3.582000e-05	-9.371238e-02	1.481308e+01
3.583000e-05	-6.481977e-02	1.471727e+01
3.584000e-05	-4.865428e-02	1.461205e+01
3.585000e-05	-4.152122e-02	1.449629e+01
3.586000e-05	-4.104300e-02	1.442103e+01
3.587000e-05	-3.286093e-02	1.428517e+01
3.588000e-05	-2.502690e-02	1.414890e+01
3.589000e-05	-2.430533e-02	1.401158e+01
3.590000e-05	-2.786585e-02	1.384516e+01
3.591000e-05	-2.734521e-02	1.371839e+01
3.592000e-05	-2.050764e-02	1.358150e+01
3.593000e-05	-1.745678e-02	1.342111e+01
3.594000e-05	-2.002415e-02	1.326477e+01
3.595000e-05	-2.172269e-02	1.311732e+01
3.596000e-05	-1.856969e-02	1.299043e+01
3.597000e-05	-1.316953e-02	1.278305e+01
3.598000e-05	-1.600596e-02	1.266313e+01
3.599000e-05	-1.989248e-02	1.248529e+01
3.600000e-05	-1.940994e-02	1.228572e+01
3.601000e-05	-1.376168e-02	1.210737e+01
3.602000e-05	-1.302088e-02	1.190684e+01
3.603000e-05	-1.694447e-02	1.172779e+01
3.604000e-05	-1.810661e-02	1.148729e+01
3.605000e-05	-1.322673e-02	1.124673e+01
3.606000e-05	-1.003617e-02	1.107414e+01
3.607000e-05	-1.222766e-02	1.084726e+01
3.608000e-05	-1.538499e-02	1.070329e+01
3.609000e-05	-1.460552e-02	1.043379e+01
3.610000e-05	-1.083079e-02	1.020106e+01
3.611000e-05	-1.161648e-02	9.980003e+00
3.612000e-05	-1.502136e-02	9.758977e+00
3.613000e-05	-1.440509e-02	9.496793e+00
3.614000e-05	-1.004168e-02	9.296214e+00
3.615000e-05	-8.832091e-03	9.106116e+00
3.616000e-05	-1.201157e-02	8.823106e+00
3.617000e-05	-1.406375e-02	8.602057e+00
3.618000e-05	-1.117253e-02	8.398898e+00
3.619000e-05	-7.772727e-03	8.097320e+00
3.620000e-05	-1.005825e-02	7.863658e+00
3.621000e-05	-1.249054e-02	7.603024e+00
3.622000e-05	-1.197953e-02	7.326216e+00
3.623000e-05	-8.631989e-03	7.044188e+00
3.624000e-05	-8.594880e-03	6.801073e+00
3.625000e-05	-1.073912e-02	6.578817e+00
3.626000e-05	-1.190331e-02	6.263681e+00
3.627000e-05	-8.246147e-03	6.031102e+00
3.628000e-05	-6.339828e-03	5.725876e+00
3.629000e-05	-9.611533e-03	5.443636e+00
3.630000e-05	-1.110872e-02	5.149899e+00
3.631000e-05	-1.096286e-02	4.873025e+00
3.632000e-05	-6.506266e-03	4.556394e+00
3.633000e-05	-7.329312e-03	4.314865e+00
3.634000e-05	-9.277599e-03	3.958475e+00
3.635000e-05	-8.634031e-03	3.726341e+00
3.636000e-05	-5.872006e-03	3.475159e+00
3.637000e-05	-5.403310e-03	3.157945e+00
3.638000e-05	-7.575141e-03	2.886184e+00
3.639000e-05	-9.652734e-03	2.600000e+00
3.640000e-05	-7.758841e-03	2.295759e+00
3.641000e-05	-5.467944e-03	2.032103e+00
3.642000e-05	-5.783040e-03	1.767467e+00
3.643000e-05	-8.420188e-03	1.383578e+00
3.644000e-05	-7.082429e-03	1.116915e+00
3.645000e-05	-4.750774e-03	7.699701e-01
3.646000e-05	-3.520274e-03	4.957906e-01
3.647000e-05	-4.670859e-03	2.116054e-01
3.648000e-05	-3.306166e-03	-3.175539e-02
3.649000e-05	7.390853e-03	-3.563647e-01
3.650000e-05	3.681093e-03	-6.025038e-01
3.651000e-05	5.214093e-04	-9.137078e-01
3.652000e-05	-1.306276e-03	-1.157368e+00
3.653000e-05	1.024315e-04	-1.444687e+00
3.654000e-05	1.440980e-03	-1.695337e+00
3.655000e-05	2.053041e-02	-1.947867e+00
3.656000e-05	8.388019e-02	-2.186951e+00
3.657000e-05	6.417267e-02	-2.537868e+00
3.658000e-05	-7.488111e-02	-2.970450e+00
3.659000e-05	-7.658395e-03	-3.317238e+00
3.660000e-05	-4.314042e-02	-3.528772e+00
3.661000e-05	-3.865735e-02	-3.729422e+00
3.662000e-05	-5.589734e-02	-4.011580e+00
3.663000e-05	1.748800e-01	-4.189393e+00
3.664000e-05	-1.256599e-01	-4.422634e+00
3.665000e-05	9.258482e-02	-4.748496e+00
3.666000e-05	3.778229e-02	-5.001975e+00
3.667000e-05	-1.095648e-01	-5.371501e+00
3.668000e-05	1.387189e-01	-5.631455e+00
3.669000e-05	-1.627671e-01	-5.918341e+00
3.670000e-05	1.376313e-01	-6.193895e+00
3.671000e-05	-1.798671e-02	-6.453158e+00
3.672000e-05	-1.678991e-02	-6.739399e+00
3.673000e-05	7.602697e-02	-7.022576e+00
3.674000e-05	-1.141210e-01	-7.296745e+00
3.675000e-05	1.160980e-01	-7.579425e+00
3.676000e-05	-8.624890e-02	-7.834559e+00
3.677000e-05	8.194761e-02	-8.138273e+00
3.678000e-05	9.228263e-03	-8.327292e+00
3.679000e-05	-3.006762e-02	-8.574083e+00
3.680000e-05	7.932245e-02	-8.854691e+00
3.681000e-05	-1.032519e-01	-9.086317e+00
3.682000e-05	8.640326e-02	-9.306870e+00
3.683000e-05	-5.718873e-02	-9.539873e+00
3.684000e-05	8.719417e-02	-9.801452e+00
3.685000e-05	-2.000195e-02	-9.999130e+00
3.686000e-05	1.602510e-02	-1.025621e+01
3.687000e-05	9.364327e-03	-1.042519e+01
3.688000e-05	-2.282163e-02	-1.072727e+01
3.689000e-05	5.064550e-02	-1.086572e+01
3.690000e-05	-3.414441e-02	-1.110732e+01
3.691000e-05	6.320987e-02	-1.133524e+01
3.692000e-05	-2.875940e-02	-1.154683e+01
3.693000e-05	4.592367e-02	-1.173885e+01
3.694000e-05	-2.864758e-02	-1.196940e+01
3.695000e-05	2.317147e-02	-1.213047e+01
3.696000e-05	1.711614e-03	-1.227887e+01
3.697000e-05	3.162625e-02	-1.251985e+01
3.698000e-05	1.924499e-02	-1.268624e+01
3.699000e-05	3.963090e-03	-1.287677e+01
3.700000e-05	1.018192e-02	-1.302355e+01
3.701000e-05	-2.663116e-03	-1.321055e+01
3.702000e-05	1.938486e-02	-1.331740e+01
3.703000e-05	2.364120e-03	-1.348634e+01
3.704000e-05	2.866108e-02	-1.363356e+01
3.705000e-05	1.193265e-02	-1.379048e+01
3.706000e-05	2.666914e-02	-1.395833e+01
3.707000e-05	1.709350e-03	-1.404471e+01
3.708000e-05	1.241158e-02	-1.420204e+01
3.709000e-05	5.568948e-03	-1.429930e+01
3.710000e-05	2.463733e-02	-1.443514e+01
3.711000e-05	1.688263e-02	-1.459090e+01
3.712000e-05	2.008556e-02	-1.470629e+01
3.713000e-05	1.159107e-02	-1.475997e+01
3.714000e-05	1.687169e-02	-1.487726e+01
3.715000e-05	1.928715e-02	-1.498142e+01
3.716000e-05	1.769918e-02	-1.504408e+01
3.717000e-05	2.069953e-02	-1.512834e+01
3.718000e-05	2.081257e-02	-1.519353e+01
3.719000e-05	2.566546e-02	-1.523669e+01
3.720000e-05	1.580340e-02	-1.533029e+01
3.721000e-05	1.750704e-02	-1.536948e+01
3.722000e-05	1.739770e-02	-1.546425e+01
3.723000e-05	2.947582e-02	-1.546779e+01
3.724000e-05	2.861480e-02	-1.550787e+01
3.725000e-05	2.882052e-02	-1.554148e+01
3.726000e-05	2.647660e-02	-1.560005e+01
3.727000e-05	2.902454e-02	-1.560058e+01
3.728000e-05	3.067499e-02	-1.563468e+01
3.729000e-05	3.056913e-02	-1.565371e+01
3.730000e-05	3.452754e-02	-1.565517e+01
3.731000e-05	3.978176e-02	-1.568371e+01
3.732000e-05	4.583510e-02	-1.567518e+01
3.733000e-05	4.751265e-02	-1.564269e+01
3.734000e-05	4.793909e-02	-1.559261e+01
3.735000e-05	5.659377e-02	-1.561261e+01
3.736000e-05	6.889842e-02	-1.553950e+01
3.737000e-05	8.608742e-02	-1.552940e+01
3.738000e-05	1.042007e-01	-1.551729e+01
3.739000e-05	1.379932e-01	-1.546116e+01
3.740000e-05	1.913276e-01	-1.542160e+01
3.741000e-05	2.403448e-01	-1.535945e+01
3.742000e-05	2.500000e-01	-1.532632e+01
3.743000e-05	2.500000e-01	-1.522461e+01
3.744000e-05	2.500000e-01	-1.515142e+01
3.745000e-05	2.327592e-01	-1.507666e+01
3.746000e-05	1.652705e-01	-1.498050e+01
3.747000e-05	1.071875e-01	-1.490692e+01
3.748000e-05	7.528792e-02	-1.486213e+01
3.749000e-05	5.540602e-02	-1.471992e+01
3.750000e-05	4.319723e-02	-1.463219e+01
3.751000e-05	3.201695e-02	-1.454835e+01
3.752000e-05	2.484790e-02	-1.438353e+01
3.753000e-05	2.238154e-02	-1.430717e+01
3.754000e-05	1.913426e-02	-1.418847e+01
3.755000e-05	1.686815e-02	-1.399203e+01
3.756000e-05	1.285177e-02	-1.384384e+01
3.757000e-05	1.362479e-02	-1.366840e+01
3.758000e-05	1.308864e-02	-1.357293e+01
3.759000e-05	1.250489e-02	-1.343421e+01
3.760000e-05	9.607582e-03	-1.330629e+01
3.761000e-05	6.815929e-03	-1.314890e+01
3.762000e-05	7.459034e-03	-1.297150e+01
3.763000e-05	7.556214e-03	-1.281195e+01
3.764000e-05	7.149792e-03	-1.264453e+01
3.765000e-05	5.477424e-03	-1.248376e+01
3.766000e-05	5.908208e-03	-1.227517e+01
3.767000e-05	5.732201e-03	-1.214776e+01
3.768000e-05	5.413127e-03	-1.189737e+01
3.769000e-05	2.828028e-03	-1.168834e+01
3.770000e-05	2.607077e-03	-1.144221e+01
3.771000e-05	3.677253e-03	-1.122468e+01
3.772000e-05	3.598938e-03	-1.100263e+01
3.773000e-05	2.568777e-03	-1.084063e+01
3.774000e-05	1.084178e-03	-1.063353e+01
3.775000e-05	2.442707e-03	-1.043208e+01
3.776000e-05	1.925893e-03	-1.017952e+01
3.777000e-05	1.433544e-03	-9.945971e+00
3.778000e-05	2.377812e-04	-9.728869e+00
3.779000e-05	5.220742e-04	-9.567369e+00
3.780000e-05	5.150715e-04	-9.265787e+00
3.781000e-05	-4.462510e-04	-9.042681e+00
3.782000e-05	-2.498891e-03	-8.842210e+00
3.783000e-05	-2.119918e-03	-8.570553e+00
3.784000e-05	-1.497367e-03	-8.296420e+00
3.785000e-05	-7.649013e-04	-8.095266e+00
3.786000e-05	-1.487546e-03	-7.881687e+00
3.787000e-05	-2.842705e-03	-7.519996e+00
3.788000e-05	-2.124752e-03	-7.275737e+00
3.789000e-05	-2.984423e-03	-7.062578e+00
3.790000e-05	-2.993706e-03	-6.746820e+00
3.791000e-05	-5.227957e-03	-6.485790e+00
3.792000e-05	-3.876625e-03	-6.253132e+00
3.793000e-05	-4.053692e-03	-5.937347e+00
3.794000e-05	-4.804014e-03	-5.675237e+00
3.795000e-05	-4.754436e-03	-5.419503e+00
3.796000e-05	-5.615163e-03	-5.093737e+00
3.797000e-05	-4.793192e-03	-4.748973e+00
3.798000e-05	-4.917335e-03	-4.464788e+00
3.799000e-05	-5.408475e-03	-4.275656e+00
3.800000e-05	-5.555144e-03	-3.969025e+00
3.801000e-05	-6.629583e-03	-3.695288e+00
3.802000e-05	-6.696984e-03	-3.461573e+00
3.803000e-05	-8.275860e-03	-3.156916e+00
3.804000e-05	-6.835846e-03	-2.821579e+00
3.805000e-05	-7.669445e-03	-2.558445e+00
3.806000e-05	-5.457606e-03	-2.255786e+00
3.807000e-05	-6.850888e-03	-1.959371e+00
3.808000e-05	-6.587135e-03	-1.706235e+00
3.809000e-05	-8.234461e-03	-1.410478e+00
3.810000e-05	-7.753265e-03	-1.054657e+00
3.811000e-05	-9.403761e-03	-7.594963e-01
3.812000e-05	-7.942812e-03	-4.737842e-01
3.813000e-05	-7.946438e-03	-1.800490e-01
3.814000e-05	-3.288239e-03	6.303527e-02
3.815000e-05	6.672193e-03	3.779173e-01
3.816000e-05	-5.623950e-03	6.299799e-01
3.817000e-05	2.350252e-03	8.840853e-01
3.818000e-05	-5.374151e-03	1.209929e+00
3.819000e-05	1.799361e-04	1.432612e+00
3.820000e-05	-4.203466e-03	1.789004e+00
3.821000e-05	1.234893e-02	1.979478e+00
3.822000e-05	4.781465e-02	2.262160e+00
3.823000e-05	8.245317e-02	2.518425e+00
3.824000e-05	-6.298230e-02	2.915715e+00
3.825000e-05	-4.285442e-02	3.241596e+00
3.826000e-05	-4.095956e-02	3.464867e+00
3.827000e-05	-2.000422e-02	3.760326e+00
3.828000e-05	-6.983472e-02	3.968497e+00
3.829000e-05	-2.623169e-03	4.190958e+00
3.830000e-05	1.059246e-01	4.516839e+00
3.831000e-05	-9.746990e-02	4.799972e+00
3.832000e-05	9.991250e-02	5.056111e+00
3.833000e-05	-1.032913e-02	5.412450e+00
3.834000e-05	-7.977625e-02	5.643634e+00
3.835000e-05	5.559959e-02	5.938373e+00
3.836000e-05	-5.556786e-02	6.200554e+00
3.837000e-05	6.459170e-02	6.452579e+00
3.838000e-05	-5.008939e-02	6.739876e+00
3.839000e-05	-8.410335e-03	7.001030e+00
3.840000e-05	4.899085e-03	7.315267e+00
3.841000e-05	-2.937634e-02	7.579955e+00
3.842000e-05	2.215925e-02	7.894736e+00
3.843000e-05	-5.294671e-02	8.157871e+00
3.844000e-05	4.905601e-02	8.408949e+00
3.845000e-05	-1.493362e-02	8.590101e+00
3.846000e-05	-1.363197e-02	8.820155e+00
3.847000e-05	-1.017695e-02	9.043240e+00
3.848000e-05	-4.849552e-02	9.294841e+00
3.849000e-05	3.333777e-02	9.568295e+00
3.850000e-05	-1.497106e-02	9.779448e+00
3.851000e-05	1.525106e-02	9.982528e+00
3.852000e-05	-4.063233e-02	1.023358e+01
3.853000e-05	6.450679e-03	1.046509e+01
3.854000e-05	-1.416293e-02	1.068519e+01
3.855000e-05	-2.058616e-02	1.085671e+01
3.856000e-05	-1.289608e-02	1.107526e+01
3.857000e-05	-1.648199e-02	1.133782e+01
3.858000e-05	1.893480e-02	1.153027e+01
3.859000e-05	-1.980106e-02	1.174785e+01
3.860000e-05	-1.237733e-02	1.192825e+01
3.861000e-05	-3.448499e-02	1.212784e+01
3.862000e-05	2.427846e-03	1.230729e+01
3.863000e-05	-6.487750e-03	1.249571e+01
3.864000e-05	-1.005145e-02	1.267313e+01
3.865000e-05	-2.368748e-02	1.281473e+01
3.866000e-05	-1.796377e-02	1.299295e+01
3.867000e-05	-5.002315e-03	1.315843e+01
3.868000e-05	-2.065499e-02	1.329925e+01
3.869000e-05	-2.034802e-02	1.347468e+01
3.870000e-05	-2.031943e-02	1.362266e+01
3.871000e-05	1.292696e-03	1.375993e+01
3.872000e-05	-1.283970e-02	1.393726e+01
3.873000e-05	-2.530459e-02	1.405569e+01
3.874000e-05	-3.254359e-02	1.420301e+01
3.875000e-05	-1.779368e-02	1.432934e+01
3.876000e-05	-8.723194e-03	1.443416e+01
3.877000e-05	-1.896082e-02	1.454840e+01
3.878000e-05	-2.448494e-02	1.466677e+01
3.879000e-05	-2.195398e-02	1.477845e+01
3.880000e-05	-1.235109e-02	1.483471e+01
3.881000e-05	-2.321304e-02	1.490787e+01
3.882000e-05	-3.088067e-02	1.501261e+01
3.883000e-05	-2.987198e-02	1.504536e+01
3.884000e-05	-1.827470e-02	1.518795e+01
3.885000e-05	-1.932058e-02	1.524461e+01
3.886000e-05	-3.160123e-02	1.528636e+01
3.887000e-05	-3.666492e-02	1.533000e+01
3.888000e-05	-3.012785e-02	1.544210e+01
3.889000e-05	-2.115985e-02	1.546361e+01
3.890000e-05	-2.916852e-02	1.549777e+01
3.891000e-05	-3.742037e-02	1.550829e+01
3.892000e-05	-3.654801e-02	1.555995e+01
3.893000e-05	-3.119416e-02	1.553145e+01
3.894000e-05	-3.612634e-02	1.555145e+01
3.895000e-05	-4.809043e-02	1.560258e+01
3.896000e-05	-4.750624e-02	1.560353e+01
3.897000e-05	-4.329817e-02	1.560458e+01
3.898000e-05	-4.066852e-02	1.559351e+01
3.899000e-05	-5.631906e-02	1.558163e+01
3.900000e-05	-6.751884e-02	1.557148e+01
3.901000e-05	-7.183876e-02	1.554937e+01
3.902000e-05	-7.642430e-02	1.553777e+01
3.903000e-05	-9.466411e-02	1.549676e+01
3.904000e-05	-1.268793e-01	1.551417e+01
3.905000e-05	-1.632761e-01	1.539311e+01
3.906000e-05	-2.146500e-01	1.536090e+01
3.907000e-05	-2.473444e-01	1.529776e+01
3.908000e-05	-2.500000e-01	1.526468e+01
3.909000e-05	-2.500000e-01	1.522058e+01
3.910000e-05	-2.475825e-01	1.508787e+01
3.911000e-05	-2.112501e-01	1.502169e+01
3.912000e-05	-1.469639e-01	1.493992e+01
3.913000e-05	-1.077160e-01	1.486471e+01
3.914000e-05	-7.851751e-02	1.474992e+01
3.915000e-05	-5.535008e-02	1.466464e+01
3.916000e-05	-4.335149e-02	1.456847e+01
3.917000e-05	-4.288646e-02	1.443566e+01
3.918000e-05	-3.694583e-02	1.435845e+01
3.919000e-05	-2.897650e-02	1.422245e+01
3.920000e-05	-2.323457e-02	1.406424e+01
3.921000e-05	-2.687711e-02	1.391792e+01
3.922000e-05	-2.798137e-02	1.379403e+01
3.923000e-05	-2.365393e-02	1.364379e+01
3.924000e-05	-1.748496e-02	1.351724e+01
3.925000e-05	-1.820623e-02	1.337888e+01
3.926000e-05	-2.294008e-02	1.319150e+01
3.927000e-05	-2.090467e-02	1.305416e+01
3.928000e-05	-1.629356e-02	1.286574e+01
3.929000e-05	-1.432559e-02	1.271740e+01
3.930000e-05	-1.800275e-02	1.255892e+01
3.931000e-05	-2.010823e-02	1.236893e+01
3.932000e-05	-1.515974e-02	1.217155e+01
3.933000e-05	-1.349695e-02	1.196258e+01
3.934000e-05	-1.523584e-02	1.180103e+01
3.935000e-05	-1.995737e-02	1.160208e+01
3.936000e-05	-1.591253e-02	1.137048e+01
3.937000e-05	-1.178036e-02	1.115048e+01
3.938000e-05	-1.077912e-02	1.094887e+01
3.939000e-05	-1.516712e-02	1.075940e+01
3.940000e-05	-1.557194e-02	1.053792e+01
3.941000e-05	-1.116403e-02	1.032734e+01
3.942000e-05	-1.058463e-02	1.009627e+01
3.943000e-05	-1.281610e-02	9.875213e+00
3.944000e-05	-1.582287e-02	9.663606e+00
3.945000e-05	-1.219531e-02	9.451632e+00
3.946000e-05	-9.662011e-03	9.191976e+00
3.947000e-05	-1.041628e-02	8.938394e+00
3.948000e-05	-1.399271e-02	8.704742e+00
3.949000e-05	-1.264733e-02	8.504735e+00
3.950000e-05	-9.081531e-03	8.262132e+00
3.951000e-05	-8.113763e-03	8.001475e+00
3.952000e-05	-1.135773e-02	7.725814e+00
3.953000e-05	-1.301763e-02	7.462136e+00
3.954000e-05	-1.008379e-02	7.178973e+00
3.955000e-05	-8.298713e-03	6.897891e+00
3.956000e-05	-1.027294e-02	6.693709e+00
3.957000e-05	-1.218826e-02	6.378998e+00
3.958000e-05	-1.061346e-02	6.125920e+00
3.959000e-05	-6.297767e-03	5.893685e+00
3.960000e-05	-6.560354e-03	5.590950e+00
3.961000e-05	-1.018676e-02	5.307287e+00
3.962000e-05	-1.095162e-02	4.960400e+00
3.963000e-05	-7.928217e-03	4.674186e+00
3.964000e-05	-6.871987e-03	4.421528e+00
3.965000e-05	-8.458949e-03	4.097790e+00
3.966000e-05	-9.995099e-03	3.872153e+00
3.967000e-05	-7.951690e-03	3.589024e+00
3.968000e-05	-5.618624e-03	3.255633e+00
3.969000e-05	-6.880550e-03	3.000526e+00
3.970000e-05	-8.532845e-03	2.725946e+00
3.971000e-05	-8.615779e-03	2.410001e+00
3.972000e-05	-6.035249e-03	2.167417e+00
3.973000e-05	-5.735658e-03	1.853258e+00
3.974000e-05	-7.117357e-03	1.558371e+00
3.975000e-05	-8.743178e-03	1.283713e+00
3.976000e-05	-6.199562e-03	9.478647e-01
3.977000e-05	-4.484051e-03	6.816591e-01
3.978000e-05	-4.621782e-03	3.679699e-01
3.979000e-05	-3.931070e-03	3.168421e-02
3.980000e-05	4.836492e-04	-1.999801e-01
3.981000e-05	1.077032e-02	-4.436092e-01
3.982000e-05	-2.317570e-03	-7.684247e-01
3.983000e-05	3.698731e-03	-1.011579e+00
3.984000e-05	-4.399247e-03	-1.376790e+00
3.985000e-05	2.945142e-03	-1.590001e+00
3.986000e-05	5.922999e-03	-1.821656e+00
3.987000e-05	4.645511e-02	-2.062087e+00
3.988000e-05	1.096256e-01	-2.360953e+00
3.989000e-05	-3.770250e-02	-2.747921e+00
3.990000e-05	-3.266531e-02	-3.168475e+00
3.991000e-05	-3.048698e-02	-3.442580e+00
3.992000e-05	-2.737539e-02	-3.621608e+00
3.993000e-05	-8.296399e-02	-3.877790e+00
3.994000e-05	8.947088e-02	-4.094687e+00
3.995000e-05	4.829904e-02	-4.286213e+00
3.996000e-05	-9.753748e-02	-4.623631e+00
3.997000e-05	1.857532e-01	-4.875712e+00
3.998000e-05	-1.516352e-01	-5.219079e+00
3.999000e-05	9.282444e-02	-5.529447e+00
4.000000e-05	-3.987656e-02	-5.750899e+00
4.001000e-05	-4.401068e-02	-6.094813e+00
4.002000e-05	1.390194e-01	-6.328270e+00
4.003000e-05	-1.166747e-01	-6.602557e+00
4.004000e-05	1.175866e-01	-6.887816e+00
4.005000e-05	-8.248758e-02	-7.170395e+00
4.006000e-05	2.529658e-02	-7.434162e+00
4.007000e-05	3.371522e-02	-7.685761e+00
4.008000e-05	-5.602202e-02	-8.001129e+00
4.009000e-05	1.231846e-01	-8.222133e+00
4.010000e-05	-9.476366e-02	-8.484741e+00
4.011000e-05	9.715294e-02	-8.750428e+00
4.012000e-05	-5.756996e-02	-8.991503e+00
4.013000e-05	5.790215e-03	-9.231587e+00
4.014000e-05	2.582670e-02	-9.423581e+00
4.015000e-05	-1.346154e-02	-9.678241e+00
4.016000e-05	8.267080e-02	-9.905712e+00
4.017000e-05	-5.947744e-02	-1.012090e+01
4.018000e-05	6.826222e-02	-1.036985e+01
4.019000e-05	-6.089920e-02	-1.057203e+01
4.020000e-05	5.661315e-02	-1.079110e+01
4.021000e-05	-2.295488e-02	-1.099105e+01
4.022000e-05	3.314978e-02	-1.120106e+01
4.023000e-05	1.183382e-02	-1.144263e+01
4.024000e-05	7.634531e-03	-1.164626e+01
4.025000e-05	2.058835e-02	-1.186621e+01
4.026000e-05	-1.823436e-02	-1.206674e+01
4.027000e-05	2.917250e-02	-1.223264e+01
4.028000e-05	-2.514374e-03	-1.244218e+01
4.029000e-05	4.413454e-02	-1.262156e+01
4.030000e-05	-8.308067e-03	-1.279155e+01
4.031000e-05	2.068741e-02	-1.298892e+01
4.032000e-05	-7.041667e-03	-1.312675e+01
4.033000e-05	2.251027e-02	-1.325586e+01
4.034000e-05	5.289524e-03	-1.342256e+01
4.035000e-05	2.129870e-02	-1.357200e+01
4.036000e-05	1.587316e-02	-1.371942e+01
4.037000e-05	2.095435e-02	-1.387482e+01
4.038000e-05	1.155573e-02	-1.403195e+01
4.039000e-05	4.896578e-03	-1.416042e+01
4.040000e-05	8.779351e-03	-1.427611e+01
4.041000e-05	1.667224e-02	-1.438256e+01
4.042000e-05	2.510403e-02	-1.449927e+01
4.043000e-05	1.823973e-02	-1.463308e+01
4.044000e-05	1.780586e-02	-1.477835e+01
4.045000e-05	1.094940e-02	-1.484316e+01
4.046000e-05	2.021288e-02	-1.491934e+01
4.047000e-05	1.334902e-02	-1.504203e+01
4.048000e-05	2.021124e-02	-1.507721e+01
4.049000e-05	1.720407e-02	-1.516098e+01
4.050000e-05	2.668039e-02	-1.522566e+01
4.051000e-05	2.035525e-02	-1.530729e+01
4.052000e-05	1.905953e-02	-1.536048e+01
4.053000e-05	1.691533e-02	-1.540210e+01
4.054000e-05	2.399198e-02	-1.545526e+01
4.055000e-05	2.946790e-02	-1.547839e+01
4.056000e-05	2.846634e-02	-1.553897e+01
4.057000e-05	2.721162e-02	-1.558153e+01
4.058000e-05	2.569923e-02	-1.559245e+01
4.059000e-05	2.972917e-02	-1.559406e+01
4.060000e-05	2.997709e-02	-1.564473e+01
4.061000e-05	3.330665e-02	-1.566569e+01
4.062000e-05	3.697771e-02	-1.562566e+01
4.063000e-05	4.415716e-02	-1.564373e+01
4.064000e-05	4.816183e-02	-1.566364e+01
4.065000e-05	4.802547e-02	-1.562561e+01
4.066000e-05	5.229968e-02	-1.559371e+01
4.067000e-05	6.131253e-02	-1.559110e+01
4.068000e-05	7.684503e-02	-1.554098e+01
4.069000e-05	9.463851e-02	-1.548792e+01
4.070000e-05	1.192949e-01	-1.548527e+01
4.071000e-05	1.635004e-01	-1.542321e+01
4.072000e-05	2.211729e-01	-1.541150e+01
4.073000e-05	2.486890e-01	-1.531882e+01
4.074000e-05	2.500000e-01	-1.527571e+01
4.075000e-05	2.500000e-01	-1.519308e+01
4.076000e-05	2.450076e-01	-1.508682e+01
4.077000e-05	1.989790e-01	-1.506418e+01
4.078000e-05	1.306116e-01	-1.492990e+01
4.079000e-05	8.697481e-02	-1.486476e+01
4.080000e-05	6.278934e-02	-1.479206e+01
4.081000e-05	4.967494e-02	-1.467629e+01
4.082000e-05	3.841154e-02	-1.458995e+01
4.083000e-05	2.946684e-02	-1.446574e+01
4.084000e-05	2.394661e-02	-1.434043e+01
4.085000e-05	2.075208e-02	-1.422401e+01
4.086000e-05	1.803729e-02	-1.407529e+01
4.087000e-05	1.339618e-02	-1.393242e+01
4.088000e-05	1.243122e-02	-1.383056e+01
4.089000e-05	1.371277e-02	-1.364618e+01
4.090000e-05	1.377066e-02	-1.352877e+01
4.091000e-05	1.130370e-02	-1.335990e+01
4.092000e-05	7.965762e-03	-1.318313e+01
4.093000e-05	7.250796e-03	-1.301266e+01
4.094000e-05	8.047268e-03	-1.292734e+01
4.095000e-05	7.611494e-03	-1.272884e+01
4.096000e-05	5.212932e-03	-1.257982e+01
4.097000e-05	5.823003e-03	-1.234250e+01
4.098000e-05	6.045901e-03	-1.221158e+01
4.099000e-05	5.066721e-03	-1.202303e+01
4.100000e-05	2.678845e-03	-1.179113e+01
4.101000e-05	2.693288e-03	-1.156293e+01
4.102000e-05	3.136883e-03	-1.134992e+01
4.103000e-05	4.612146e-03	-1.112787e+01
4.104000e-05	3.279346e-03	-1.092680e+01
4.105000e-05	1.493583e-03	-1.072832e+01
4.106000e-05	1.448810e-03	-1.051734e+01
4.107000e-05	2.085264e-03	-1.032529e+01
4.108000e-05	5.972365e-04	-1.007468e+01
4.109000e-05	3.257700e-04	-9.883636e+00
4.110000e-05	4.183576e-04	-9.632606e+00
4.111000e-05	1.254782e-03	-9.391527e+00
4.112000e-05	1.837622e-03	-9.180973e+00
4.113000e-05	-1.728612e-03	-8.949392e+00
4.114000e-05	-2.939798e-03	-8.725740e+00
4.115000e-05	-2.186720e-03	-8.454684e+00
4.116000e-05	-4.253946e-04	-8.212004e+00
4.117000e-05	-1.638593e-03	-7.999419e+00
4.118000e-05	-2.551609e-03	-7.713187e+00
4.119000e-05	-3.434747e-03	-7.401528e+00
4.120000e-05	-2.777826e-03	-7.197991e+00
4.121000e-05	-3.687369e-03	-6.862659e+00
4.122000e-05	-4.484196e-03	-6.611126e+00
4.123000e-05	-4.527883e-03	-6.386945e+00
4.124000e-05	-2.173427e-03	-6.075788e+00
4.125000e-05	-4.426337e-03	-5.822504e+00
4.126000e-05	-4.280235e-03	-5.589371e+00
4.127000e-05	-7.499576e-03	-5.221977e+00
4.128000e-05	-5.461633e-03	-4.918866e+00
4.129000e-05	-8.071883e-03	-4.631528e+00
4.130000e-05	-3.314536e-03	-4.370923e+00
4.131000e-05	-8.605282e-03	-4.104891e+00
4.132000e-05	-2.922903e-03	-3.873207e+00
4.133000e-05	-6.852284e-03	-3.557394e+00
4.134000e-05	-4.739667e-03	-3.313213e+00
4.135000e-05	-6.837466e-03	-3.017921e+00
4.136000e-05	-8.218479e-03	-2.704783e+00
4.137000e-05	-6.909260e-03	-2.441526e+00
4.138000e-05	-9.803779e-03	-2.126838e+00
4.139000e-05	-7.330599e-03	-1.883082e+00
4.140000e-05	-1.005070e-02	-1.528422e+00
4.141000e-05	-8.160814e-03	-1.170978e+00
4.142000e-05	-8.067315e-03	-9.262620e-01
4.143000e-05	-5.879016e-03	-6.425542e-01
4.144000e-05	-7.176479e-03	-3.062658e-01
4.145000e-05	-5.689063e-03	-9.260797e-02
4.146000e-05	2.992148e-03	2.111813e-01
4.147000e-05	-5.525215e-04	5.158107e-01
4.148000e-05	-4.257899e-03	7.578159e-01
4.149000e-05	-3.593246e-03	9.936289e-01
4.150000e-05	-5.112083e-03	1.305763e+00
4.151000e-05	-1.034302e-03	1.642654e+00
4.152000e-05	3.474335e-03	1.884711e+00
4.153000e-05	2.635431e-02	2.115864e+00
4.154000e-05	8.616648e-02	2.440000e+00
4.155000e-05	8.864055e-03	2.788425e+00
4.156000e-05	-7.296972e-02	3.044687e+00
4.157000e-05	-3.630095e-02	3.369446e+00
4.158000e-05	-3.350375e-02	3.622656e+00
4.159000e-05	-4.096758e-02	3.863237e+00
4.160000e-05	-6.092268e-02	4.074162e+00
4.161000e-05	8.546516e-02	4.367898e+00
4.162000e-05	8.700353e-03	4.633686e+00
4.163000e-05	-4.902977e-02	4.904241e+00
4.164000e-05	1.338710e-01	5.231578e+00
4.165000e-05	-1.362307e-01	5.536944e+00
4.166000e-05	4.326355e-02	5.790946e+00
4.167000e-05	-2.728162e-02	6.076265e+00
4.168000e-05	8.555338e-03	6.307271e+00
4.169000e-05	3.070266e-02	6.613532e+00
4.170000e-05	-6.952024e-02	6.916891e+00
4.171000e-05	4.155246e-02	7.107850e+00
4.172000e-05	-5.370451e-02	7.504161e+00
4.173000e-05	3.220719e-02	7.725847e+00
4.174000e-05	-4.393079e-02	8.002536e+00
4.175000e-05	1.139494e-02	8.255212e+00
4.176000e-05	2.918977e-02	8.475289e+00
4.177000e-05	-3.185364e-02	8.686811e+00
4.178000e-05	9.381549e-03	8.950423e+00
4.179000e-05	-5.604077e-02	9.191958e+00
4.180000e-05	4.598653e-03	9.434579e+00
4.181000e-05	9.484875e-04	9.664190e+00
4.182000e-05	7.368178e-03	9.916794e+00
4.183000e-05	-1.566021e-02	1.012647e+01
4.184000e-05	-1.543985e-02	1.034843e+01
4.185000e-05	6.218995e-03	1.057897e+01
4.186000e-05	-2.271883e-02	1.079142e+01
4.187000e-05	-1.480600e-02	1.097155e+01
4.188000e-05	-2.449843e-02	1.121008e+01
4.189000e-05	5.021016e-03	1.144318e+01
4.190000e-05	-3.332225e-03	1.161156e+01
4.191000e-05	-1.251491e-02	1.184303e+01
4.192000e-05	-2.788366e-02	1.204468e+01
4.193000e-05	-1.095544e-02	1.220356e+01
4.194000e-05	-1.043971e-04	1.239363e+01
4.195000e-05	-5.055820e-03	1.257045e+01
4.196000e-05	-2.123925e-02	1.275887e+01
4.197000e-05	-2.263389e-02	1.289884e+01
4.198000e-05	-1.167313e-02	1.307466e+01
4.199000e-05	-1.336671e-02	1.323316e+01
4.200000e-05	-2.002820e-02	1.342253e+01
4.201000e-05	-2.342418e-02	1.352730e+01
4.202000e-05	-3.664569e-03	1.366576e+01
4.203000e-05	-6.460080e-03	1.385313e+01
4.204000e-05	-1.496080e-02	1.397090e+01
4.205000e-05	-3.507414e-02	1.414732e+01
4.206000e-05	-2.381487e-02	1.426674e+01
4.207000e-05	-1.577434e-02	1.440161e+01
4.208000e-05	-1.170136e-02	1.451729e+01
4.209000e-05	-2.439200e-02	1.458201e+01
4.210000e-05	-2.392236e-02	1.473789e+01
4.211000e-05	-1.433564e-02	1.482255e+01
4.212000e-05	-1.914884e-02	1.488667e+01
4.213000e-05	-2.495776e-02	1.494895e+01
4.214000e-05	-3.423861e-02	1.505506e+01
4.215000e-05	-2.075426e-02	1.509890e+01
4.216000e-05	-1.896036e-02	1.520201e+01
4.217000e-05	-2.254403e-02	1.524521e+01
4.218000e-05	-3.829015e-02	1.532832e+01
4.219000e-05	-3.477576e-02	1.534902e+01
4.220000e-05	-2.501265e-02	1.543408e+01
4.221000e-05	-2.495733e-02	1.547666e+01
4.222000e-05	-3.125439e-02	1.553734e+01
4.223000e-05	-3.853949e-02	1.553887e+01
4.224000e-05	-3.061213e-02	1.558995e+01
4.225000e-05	-3.345740e-02	1.557152e+01
4.226000e-05	-4.142058e-02	1.560256e+01
4.227000e-05	-5.138271e-02	1.562213e+01
4.228000e-05	-4.585865e-02	1.563155e+01
4.229000e-05	-4.154266e-02	1.560305e+01
4.230000e-05	-4.771083e-02	1.561203e+01
4.231000e-05	-6.131496e-02	1.556003e+01
4.232000e-05	-7.043499e-02	1.557987e+01
4.233000e-05	-7.192572e-02	1.554795e+01
4.234000e-05	-8.461268e-02	1.550884e+01
4.235000e-05	-1.094152e-01	1.549679e+01
4.236000e-05	-1.454454e-01	1.549461e+01
4.237000e-05	-1.902365e-01	1.541045e+01
4.238000e-05	-2.371393e-01	1.534729e+01
4.239000e-05	-2.500000e-01	1.525576e+01
4.240000e-05	-2.500000e-01	1.523308e+01
4.241000e-05	-2.500000e-01	1.516932e+01
4.242000e-05	-2.358193e-01	1.506676e+01
4.243000e-05	-1.749259e-01	1.498155e+01
4.244000e-05	-1.226298e-01	1.489724e+01
4.245000e-05	-9.190614e-02	1.479108e+01
4.246000e-05	-6.434675e-02	1.471832e+01
4.247000e-05	-4.800417e-02	1.463108e+01
4.248000e-05	-4.271167e-02	1.452679e+01
4.249000e-05	-4.102241e-02	1.440158e+01
4.250000e-05	-3.352410e-02	1.426521e+01
4.251000e-05	-2.484013e-02	1.416940e+01
4.252000e-05	-2.402424e-02	1.402253e+01
4.253000e-05	-2.790593e-02	1.385363e+01
4.254000e-05	-2.681853e-02	1.374889e+01
4.255000e-05	-1.937793e-02	1.357093e+01
4.256000e-05	-1.682337e-02	1.342113e+01
4.257000e-05	-2.091533e-02	1.328631e+01
4.258000e-05	-2.354891e-02	1.312679e+01
4.259000e-05	-1.906946e-02	1.295840e+01
4.260000e-05	-1.360430e-02	1.278255e+01
4.261000e-05	-1.680058e-02	1.261253e+01
4.262000e-05	-1.990952e-02	1.251366e+01
4.263000e-05	-1.822873e-02	1.232419e+01
4.264000e-05	-1.287527e-02	1.209779e+01
4.265000e-05	-1.252100e-02	1.190682e+01
4.266000e-05	-1.756167e-02	1.171682e+01
4.267000e-05	-1.861363e-02	1.153479e+01
4.268000e-05	-1.427697e-02	1.128778e+01
4.269000e-05	-1.086931e-02	1.107416e+01
4.270000e-05	-1.326667e-02	1.086423e+01
4.271000e-05	-1.678665e-02	1.069421e+01
4.272000e-05	-1.411364e-02	1.041263e+01
4.273000e-05	-9.813484e-03	1.022106e+01
4.274000e-05	-1.133758e-02	1.000048e+01
4.275000e-05	-1.434388e-02	9.758345e+00
4.276000e-05	-1.380095e-02	9.495293e+00
4.277000e-05	-1.103704e-02	9.296761e+00
4.278000e-05	-9.901514e-03	9.082635e+00
4.279000e-05	-1.329433e-02	8.790577e+00
4.280000e-05	-1.482690e-02	8.598923e+00
4.281000e-05	-1.170164e-02	8.347446e+00
4.282000e-05	-7.194207e-03	8.116763e+00
4.283000e-05	-8.969757e-03	7.852661e+00
4.284000e-05	-1.235044e-02	7.592047e+00
4.285000e-05	-1.069363e-02	7.275240e+00
4.286000e-05	-8.509285e-03	7.022602e+00
4.287000e-05	-8.170783e-03	6.780023e+00
4.288000e-05	-1.207767e-02	6.495710e+00
4.289000e-05	-1.224479e-02	6.262104e+00
4.290000e-05	-9.045563e-03	6.000600e+00
4.291000e-05	-6.926275e-03	5.746787e+00
4.292000e-05	-8.937537e-03	5.444179e+00
4.293000e-05	-1.107811e-02	5.118445e+00
4.294000e-05	-9.576082e-03	4.821550e+00
4.295000e-05	-6.231060e-03	4.507371e+00
4.296000e-05	-7.322127e-03	4.293808e+00
4.297000e-05	-9.968234e-03	3.977399e+00
4.298000e-05	-8.842399e-03	3.685769e+00
4.299000e-05	-6.125375e-03	3.421704e+00
4.300000e-05	-5.369431e-03	3.115821e+00
4.301000e-05	-8.804336e-03	2.883662e+00
4.302000e-05	-1.015159e-02	2.590044e+00
4.303000e-05	-7.517369e-03	2.273183e+00
4.304000e-05	-5.557593e-03	2.029076e+00
4.305000e-05	-5.311509e-03	1.735833e+00
4.306000e-05	-7.617739e-03	1.431001e+00
4.307000e-05	-7.453944e-03	1.065337e+00
4.308000e-05	-5.345402e-03	7.693949e-01
4.309000e-05	-5.408524e-03	4.947121e-01
4.310000e-05	-4.856902e-03	2.094474e-01
4.311000e-05	-4.075442e-03	-4.471170e-02
4.312000e-05	8.794128e-03	-3.247672e-01
4.313000e-05	2.277690e-03	-6.220512e-01
4.314000e-05	2.390931e-03	-9.146643e-01
4.315000e-05	-8.313056e-04	-1.159347e+00
4.316000e-05	-5.553409e-04	-1.484239e+00
4.317000e-05	8.458116e-04	-1.706293e+00
4.318000e-05	2.136466e-02	-1.948372e+00
4.319000e-05	8.889741e-02	-2.211003e+00
4.320000e-05	5.317611e-02	-2.559423e+00
4.321000e-05	-7.279329e-02	-2.988475e+00
4.322000e-05	-9.940225e-03	-3.317343e+00
4.323000e-05	-4.240191e-02	-3.548368e+00
4.324000e-05	-4.369887e-02	-3.758970e+00
4.325000e-05	-4.386692e-02	-4.020528e+00
4.326000e-05	1.705064e-01	-4.179350e+00
4.327000e-05	-1.324438e-01	-4.464184e+00
4.328000e-05	1.138086e-01	-4.799475e+00
4.329000e-05	1.461586e-02	-5.010530e+00
4.330000e-05	-9.161803e-02	-5.414159e+00
4.331000e-05	1.239603e-01	-5.646108e+00
4.332000e-05	-1.593378e-01	-5.956844e+00
4.333000e-05	1.480187e-01	-6.222054e+00
4.334000e-05	-3.600784e-02	-6.442133e+00
4.335000e-05	5.395684e-04	-6.748453e+00
4.336000e-05	5.988960e-02	-7.054582e+00
4.337000e-05	-1.031096e-01	-7.336872e+00
4.338000e-05	1.142385e-01	-7.560003e+00
4.339000e-05	-9.139735e-02	-7.845157e+00
4.340000e-05	9.211716e-02	-8.127846e+00
4.341000e-05	-6.870210e-03	-8.387369e+00
4.342000e-05	-1.679982e-02	-8.635631e+00
4.343000e-05	6.655146e-02	-8.855241e+00
4.344000e-05	-9.641637e-02	-9.126844e+00
4.345000e-05	8.761375e-02	-9.319399e+00
4.346000e-05	-5.693953e-02	-9.571353e+00
4.347000e-05	9.362091e-02	-9.801474e+00
4.348000e-05	-2.942829e-02	-1.000913e+01
4.349000e-05	2.423250e-02	-1.026564e+01
4.350000e-05	-7.183450e-04	-1.048474e+01
4.351000e-05	-1.597671e-02	-1.072634e+01
4.352000e-05	4.076751e-02	-1.087429e+01
4.353000e-05	-2.871100e-02	-1.112832e+01
4.354000e-05	6.006624e-02	-1.129737e+01
4.355000e-05	-2.451569e-02	-1.156887e+01
4.356000e-05	4.748172e-02	-1.177990e+01
4.357000e-05	-2.828374e-02	-1.195045e+01
4.358000e-05	2.689036e-02	-1.213942e+01
4.359000e-05	-2.865226e-03	-1.231835e+01
4.360000e-05	3.299418e-02	-1.255737e+01
4.361000e-05	1.219458e-02	-1.269671e+01
4.362000e-05	5.185769e-03	-1.285474e+01
4.363000e-05	8.017868e-03	-1.299408e+01
4.364000e-05	3.469482e-03	-1.316206e+01
4.365000e-05	2.084556e-02	-1.331990e+01
4.366000e-05	4.564712e-03	-1.351774e+01
4.367000e-05	2.745611e-02	-1.362656e+01
4.368000e-05	1.171475e-02	-1.380100e+01
4.369000e-05	2.489562e-02	-1.392945e+01
4.370000e-05	-9.285262e-04	-1.406879e+01
4.371000e-05	1.188609e-02	-1.424398e+01
4.372000e-05	6.553910e-03	-1.433938e+01
4.373000e-05	2.639001e-02	-1.444564e+01
4.374000e-05	1.732866e-02	-1.454153e+01
4.375000e-05	2.058168e-02	-1.468479e+01
4.376000e-05	1.238418e-02	-1.478948e+01
4.377000e-05	1.861718e-02	-1.485534e+01
4.378000e-05	1.713166e-02	-1.493140e+01
4.379000e-05	1.615815e-02	-1.505564e+01
4.380000e-05	1.881519e-02	-1.511829e+01
4.381000e-05	2.195394e-02	-1.517303e+01
4.382000e-05	2.505932e-02	-1.522574e+01
4.383000e-05	1.652981e-02	-1.530035e+01
4.384000e-05	1.772314e-02	-1.536155e+01
4.385000e-05	1.892052e-02	-1.541366e+01
4.386000e-05	2.986321e-02	-1.548780e+01
4.387000e-05	2.838942e-02	-1.555787e+01
4.388000e-05	2.816310e-02	-1.550995e+01
4.389000e-05	2.594350e-02	-1.555261e+01
4.390000e-05	2.867559e-02	-1.561158e+01
4.391000e-05	2.981022e-02	-1.565421e+01
4.392000e-05	3.020323e-02	-1.560624e+01
4.393000e-05	3.418415e-02	-1.566614e+01
4.394000e-05	4.108068e-02	-1.566516e+01
4.395000e-05	4.712567e-02	-1.568617e+01
4.396000e-05	4.958406e-02	-1.561366e+01
4.397000e-05	4.878982e-02	-1.562521e+01
4.398000e-05	5.685913e-02	-1.560203e+01
4.399000e-05	6.896434e-02	-1.558308e+01
4.400000e-05	8.564915e-02	-1.553945e+01
4.401000e-05	1.055920e-01	-1.546789e+01
4.402000e-05	1.399362e-01	-1.547371e+01
4.403000e-05	1.955864e-01	-1.540208e+01
4.404000e-05	2.411699e-01	-1.535092e+01
4.405000e-05	2.500000e-01	-1.525674e+01
4.406000e-05	2.500000e-01	-1.520361e+01
4.407000e-05	2.500000e-01	-1.516992e+01
4.408000e-05	2.289175e-01	-1.507576e+01
4.409000e-05	1.605864e-01	-1.501352e+01
4.410000e-05	1.044132e-01	-1.487882e+01
4.411000e-05	7.234404e-02	-1.481316e+01
4.412000e-05	5.455783e-02	-1.473832e+01
4.413000e-05	4.271662e-02	-1.463163e+01
4.414000e-05	3.181780e-02	-1.450780e+01
4.415000e-05	2.572597e-02	-1.439248e+01
4.416000e-05	2.229205e-02	-1.429579e+01
4.417000e-05	2.150976e-02	-1.417039e+01
4.418000e-05	1.630252e-02	-1.403366e+01
4.419000e-05	1.332230e-02	-1.387523e+01
4.420000e-05	1.173338e-02	-1.375880e+01
4.421000e-05	1.368547e-02	-1.358193e+01
4.422000e-05	1.179984e-02	-1.344213e+01
4.423000e-05	9.316267e-03	-1.325522e+01
4.424000e-05	7.041894e-03	-1.312937e+01
4.425000e-05	8.280618e-03	-1.294948e+01
4.426000e-05	8.627208e-03	-1.281203e+01
4.427000e-05	8.160592e-03	-1.267460e+01
4.428000e-05	5.546854e-03	-1.249571e+01
4.429000e-05	5.877746e-03	-1.227677e+01
4.430000e-05	5.799626e-03	-1.215679e+01
4.431000e-05	4.110539e-03	-1.190777e+01
4.432000e-05	1.910036e-03	-1.171666e+01
4.433000e-05	2.406642e-03	-1.146616e+01
4.434000e-05	3.985203e-03	-1.123365e+01
4.435000e-05	4.783638e-03	-1.100353e+01
4.436000e-05	3.106128e-03	-1.080356e+01
4.437000e-05	1.451742e-03	-1.066356e+01
4.438000e-05	1.534838e-03	-1.042203e+01
4.439000e-05	2.245753e-03	-1.016000e+01
4.440000e-05	9.480454e-04	-9.928395e+00
4.441000e-05	-2.324941e-04	-9.738866e+00
4.442000e-05	-7.703676e-04	-9.506818e+00
4.443000e-05	7.451209e-04	-9.275236e+00
4.444000e-05	-1.313539e-04	-9.053557e+00
4.445000e-05	-1.586603e-03	-8.812029e+00
4.446000e-05	-1.651745e-03	-8.548872e+00
4.447000e-05	-7.372315e-04	-8.305891e+00
4.448000e-05	-6.083720e-06	-8.085212e+00
4.449000e-05	-1.106138e-03	-7.821507e+00
4.450000e-05	-3.706195e-03	-7.546819e+00
4.451000e-05	-3.678059e-03	-7.304162e+00
4.452000e-05	-4.544610e-03	-7.030002e+00
4.453000e-05	-2.843491e-03	-6.755319e+00
4.454000e-05	-4.783259e-03	-6.495261e+00
4.455000e-05	-5.584591e-03	-6.213078e+00
4.456000e-05	-2.743930e-03	-5.945872e+00
4.457000e-05	-2.909523e-03	-5.695204e+00
4.458000e-05	-2.305076e-03	-5.379427e+00
4.459000e-05	-3.970664e-03	-5.055762e+00
4.460000e-05	-5.957499e-03	-4.757790e+00
4.461000e-05	-4.390959e-03	-4.455237e+00
4.462000e-05	-8.693646e-03	-4.252156e+00
4.463000e-05	-7.650260e-03	-3.968974e+00
4.464000e-05	-9.569058e-03	-3.674233e+00
4.465000e-05	-5.126212e-03	-3.422005e+00
4.466000e-05	-5.356857e-03	-3.126367e+00
4.467000e-05	-3.967484e-03	-2.831529e+00
4.468000e-05	-5.883259e-03	-2.545320e+00
4.469000e-05	-5.078457e-03	-2.273208e+00
4.470000e-05	-7.404992e-03	-1.957895e+00
4.471000e-05	-1.016796e-02	-1.695731e+00
4.472000e-05	-1.047222e-02	-1.420946e+00
4.473000e-05	-9.946943e-03	-1.052655e+00
4.474000e-05	-7.601689e-03	-7.789724e-01
4.475000e-05	-8.180674e-03	-4.536091e-01
4.476000e-05	-5.103148e-03	-1.999976e-01
4.477000e-05	-1.204080e-03	6.461171e-02
4.478000e-05	7.173369e-03	3.794487e-01
4.479000e-05	-5.632986e-03	6.415028e-01
4.480000e-05	6.034063e-04	8.846355e-01
4.481000e-05	-6.298353e-03	1.229479e+00
4.482000e-05	-2.105134e-03	1.513589e+00
4.483000e-05	-5.125322e-03	1.780026e+00
4.484000e-05	1.350820e-02	2.010978e+00
4.485000e-05	5.423694e-02	2.234230e+00
4.486000e-05	7.807827e-02	2.571450e+00
4.487000e-05	-6.573822e-02	2.926841e+00
4.488000e-05	-3.974445e-02	3.200951e+00
4.489000e-05	-4.183347e-02	3.526342e+00
4.490000e-05	-2.214828e-02	3.769924e+00
4.491000e-05	-7.400816e-02	3.987949e+00
4.492000e-05	6.414439e-03	4.213555e+00
4.493000e-05	1.004143e-01	4.538298e+00
4.494000e-05	-1.002977e-01	4.819952e+00
4.495000e-05	1.131615e-01	5.076161e+00
4.496000e-05	-2.900721e-02	5.401579e+00
4.497000e-05	-6.495389e-02	5.662733e+00
4.498000e-05	4.778035e-02	5.970923e+00
4.499000e-05	-5.184891e-02	6.231482e+00
4.500000e-05	6.575326e-02	6.462741e+00
4.501000e-05	-5.583452e-02	6.799975e+00
4.502000e-05	-7.260887e-04	7.000581e+00
4.503000e-05	-3.699285e-03	7.314791e+00
4.504000e-05	-2.411276e-02	7.611480e+00
4.505000e-05	1.541667e-02	7.873114e+00
4.506000e-05	-4.790093e-02	8.168978e+00
4.507000e-05	5.005683e-02	8.399929e+00
4.508000e-05	-1.701440e-02	8.600604e+00
4.509000e-05	-8.565917e-03	8.804085e+00
4.510000e-05	-1.547433e-02	9.095263e+00
4.511000e-05	-4.546001e-02	9.287895e+00
4.512000e-05	2.948295e-02	9.576872e+00
4.513000e-05	-1.455505e-02	9.770979e+00
4.514000e-05	1.342668e-02	1.004456e+01
4.515000e-05	-3.907120e-02	1.025459e+01
4.516000e-05	9.607863e-03	1.046419e+01
4.517000e-05	-1.508673e-02	1.068771e+01
4.518000e-05	-1.873369e-02	1.091669e+01
4.519000e-05	-1.552954e-02	1.107782e+01
4.520000e-05	-1.572052e-02	1.125837e+01
4.521000e-05	1.555612e-02	1.156875e+01
4.522000e-05	-1.999386e-02	1.171990e+01
4.523000e-05	-1.442264e-02	1.190740e+01
4.524000e-05	-3.190347e-02	1.212837e+01
4.525000e-05	2.856892e-03	1.235027e+01
4.526000e-05	-5.903841e-03	1.247687e+01
4.527000e-05	-1.083206e-02	1.268419e+01
4.528000e-05	-2.343503e-02	1.282564e+01
4.529000e-05	-1.743232e-02	1.300206e+01
4.530000e-05	-6.859212e-03	1.316948e+01
4.531000e-05	-2.177509e-02	1.331880e+01
4.532000e-05	-2.145439e-02	1.347564e+01
4.533000e-05	-1.881403e-02	1.361411e+01
4.534000e-05	7.954576e-04	1.375105e+01
4.535000e-05	-1.181745e-02	1.392722e+01
4.536000e-05	-2.524424e-02	1.403424e+01
4.537000e-05	-3.140717e-02	1.418203e+01
4.538000e-05	-1.750931e-02	1.433892e+01
4.539000e-05	-9.815236e-03	1.446671e+01
4.540000e-05	-2.027207e-02	1.459043e+01
4.541000e-05	-2.484766e-02	1.466619e+01
4.542000e-05	-2.159215e-02	1.477998e+01
4.543000e-05	-1.303341e-02	1.486518e+01
4.544000e-05	-2.398403e-02	1.492790e+01
4.545000e-05	-3.113227e-02	1.501261e+01
4.546000e-05	-2.798746e-02	1.509537e+01
4.547000e-05	-1.756196e-02	1.519050e+01
4.548000e-05	-1.763762e-02	1.522316e+01
4.549000e-05	-3.254459e-02	1.528734e+01
4.550000e-05	-3.631135e-02	1.536097e+01
4.551000e-05	-3.075848e-02	1.541450e+01
4.552000e-05	-2.260342e-02	1.545514e+01
4.553000e-05	-3.082637e-02	1.550672e+01
4.554000e-05	-3.741553e-02	1.553680e+01
4.555000e-05	-3.530172e-02	1.558047e+01
4.556000e-05	-3.057563e-02	1.556050e+01
4.557000e-05	-3.611451e-02	1.559010e+01
4.558000e-05	-4.842297e-02	1.560252e+01
4.559000e-05	-4.847706e-02	1.558258e+01
4.560000e-05	-4.364529e-02	1.564306e+01
4.561000e-05	-4.164366e-02	1.558310e+01
4.562000e-05	-5.712964e-02	1.560200e+01
4.563000e-05	-6.834022e-02	1.558048e+01
4.564000e-05	-7.154928e-02	1.557988e+01
4.565000e-05	-7.753572e-02	1.553882e+01
4.566000e-05	-9.566969e-02	1.552576e+01
4.567000e-05	-1.290310e-01	1.545619e+01
4.568000e-05	-1.653802e-01	1.542306e+01
4.569000e-05	-2.164315e-01	1.535042e+01
4.570000e-05	-2.474451e-01	1.532634e+01
4.571000e-05	-2.500000e-01	1.525368e+01
4.572000e-05	-2.500000e-01	1.517103e+01
4.573000e-05	-2.465612e-01	1.511685e+01
4.574000e-05	-2.078784e-01	1.500266e+01
4.575000e-05	-1.443827e-01	1.493892e+01
4.576000e-05	-1.063175e-01	1.484466e+01
4.577000e-05	-7.607732e-02	1.472085e+01
4.578000e-05	-5.390453e-02	1.465416e+01
4.579000e-05	-4.192888e-02	1.456937e+01
4.580000e-05	-4.290209e-02	1.441424e+01
4.581000e-05	-3.702697e-02	1.432727e+01
4.582000e-05	-2.960074e-02	1.420160e+01
4.583000e-05	-2.336999e-02	1.403419e+01
4.584000e-05	-2.765114e-02	1.394732e+01
4.585000e-05	-2.839675e-02	1.376203e+01
4.586000e-05	-2.320281e-02	1.364466e+01
4.587000e-05	-1.726825e-02	1.350574e+01
4.588000e-05	-1.863517e-02	1.331995e+01
4.589000e-05	-2.277115e-02	1.319150e+01
4.590000e-05	-2.124467e-02	1.304358e+01
4.591000e-05	-1.521918e-02	1.287524e+01
4.592000e-05	-1.509989e-02	1.265532e+01
4.593000e-05	-1.938658e-02	1.251837e+01
4.594000e-05	-2.062625e-02	1.236897e+01
4.595000e-05	-1.579251e-02	1.216952e+01
4.596000e-05	-1.203040e-02	1.198248e+01
4.597000e-05	-1.507081e-02	1.179053e+01
4.598000e-05	-1.855065e-02	1.159202e+01
4.599000e-05	-1.598144e-02	1.134950e+01
4.600000e-05	-1.043712e-02	1.114839e+01
4.601000e-05	-1.132676e-02	1.095987e+01
4.602000e-05	-1.564185e-02	1.076837e+01
4.603000e-05	-1.729205e-02	1.052740e+01
4.604000e-05	-1.190242e-02	1.030780e+01
4.605000e-05	-1.091924e-02	1.006481e+01
4.606000e-05	-1.254576e-02	9.905085e+00
4.607000e-05	-1.509480e-02	9.612658e+00
4.608000e-05	-1.144041e-02	9.410529e+00
4.609000e-05	-8.647165e-03	9.220399e+00
4.610000e-05	-1.059633e-02	8.937445e+00
4.611000e-05	-1.462874e-02	8.686767e+00
4.612000e-05	-1.321334e-02	8.465161e+00
4.613000e-05	-8.903332e-03	8.201106e+00
4.614000e-05	-8.407943e-03	7.938900e+00
4.615000e-05	-1.219237e-02	7.706342e+00
4.616000e-05	-1.254372e-02	7.412633e+00
4.617000e-05	-1.001166e-02	7.157870e+00
4.618000e-05	-6.994489e-03	6.896263e+00
4.619000e-05	-9.894168e-03	6.672657e+00
4.620000e-05	-1.118436e-02	6.366873e+00
4.621000e-05	-1.047595e-02	6.084791e+00
4.622000e-05	-7.036619e-03	5.831760e+00
4.623000e-05	-8.368629e-03	5.559446e+00
4.624000e-05	-1.046578e-02	5.305786e+00
4.625000e-05	-1.115209e-02	4.989348e+00
4.626000e-05	-7.199717e-03	4.652707e+00
4.627000e-05	-5.610714e-03	4.408503e+00
4.628000e-05	-8.173187e-03	4.065267e+00
4.629000e-05	-9.481116e-03	3.802075e+00
4.630000e-05	-7.588025e-03	3.547448e+00
4.631000e-05	-5.462431e-03	3.254184e+00
4.632000e-05	-6.835351e-03	2.958523e+00
4.633000e-05	-9.945618e-03	2.756820e+00
4.634000e-05	-9.011853e-03	2.360402e+00
4.635000e-05	-6.120174e-03	2.144840e+00
4.636000e-05	-5.114148e-03	1.833756e+00
4.637000e-05	-5.939045e-03	1.525872e+00
4.638000e-05	-7.021949e-03	1.273159e+00
4.639000e-05	-4.810173e-03	9.156895e-01
4.640000e-05	-4.340209e-03	6.426016e-01
4.641000e-05	-5.151569e-03	3.479222e-01
4.642000e-05	-6.250883e-03	7.262521e-02
4.643000e-05	7.313847e-04	-2.115039e-01
4.644000e-05	9.714207e-03	-4.947103e-01
4.645000e-05	-1.297311e-03	-7.499711e-01
4.646000e-05	4.229205e-03	-1.001555e+00
4.647000e-05	-3.258668e-03	-1.315272e+00
4.648000e-05	2.821606e-03	-1.612055e+00
4.649000e-05	7.369485e-03	-1.822130e+00
4.650000e-05	5.006841e-02	-2.083142e+00
4.651000e-05	1.067326e-01	-2.390005e+00
4.652000e-05	-4.679690e-02	-2.770575e+00
4.653000e-05	-2.824022e-02	-3.201056e+00
4.654000e-05	-3.298514e-02	-3.433158e+00
4.655000e-05	-2.699704e-02	-3.663231e+00
4.656000e-05	-8.424327e-02	-3.907369e+00
4.657000e-05	1.060827e-01	-4.094263e+00
4.658000e-05	2.752754e-02	-4.337265e+00
4.659000e-05	-8.085803e-02	-4.652183e+00
4.660000e-05	1.753205e-01	-4.867137e+00
4.661000e-05	-1.591691e-01	-5.241659e+00
4.662000e-05	1.071954e-01	-5.550024e+00
4.663000e-05	-6.234626e-02	-5.769400e+00
4.664000e-05	-2.247583e-02	-6.084793e+00
4.665000e-05	1.229199e-01	-6.327819e+00
4.666000e-05	-1.105873e-01	-6.612682e+00
4.667000e-05	1.202462e-01	-6.906819e+00
4.668000e-05	-9.206098e-02	-7.190978e+00
4.669000e-05	4.045304e-02	-7.465762e+00
4.670000e-05	1.744526e-02	-7.728320e+00
4.671000e-05	-4.105705e-02	-8.023058e+00
4.672000e-05	1.124381e-01	-8.233603e+00
4.673000e-05	-9.365772e-02	-8.506368e+00
4.674000e-05	1.006095e-01	-8.770425e+00
4.675000e-05	-6.896611e-02	-8.991477e+00
4.676000e-05	1.883869e-02	-9.233637e+00
4.677000e-05	1.519234e-02	-9.444658e+00
4.678000e-05	-3.133173e-04	-9.706822e+00
4.679000e-05	7.246065e-02	-9.896316e+00
4.680000e-05	-5.359531e-02	-1.013948e+01
4.681000e-05	6.434610e-02	-1.037188e+01
4.682000e-05	-6.158227e-02	-1.056256e+01
4.683000e-05	5.970221e-02	-1.080003e+01
4.684000e-05	-2.872384e-02	-1.099108e+01
4.685000e-05	3.837243e-02	-1.123214e+01
4.686000e-05	5.070383e-03	-1.141461e+01
4.687000e-05	1.425483e-02	-1.165621e+01
4.688000e-05	1.499272e-02	-1.185569e+01
4.689000e-05	-1.286374e-02	-1.206674e+01
4.690000e-05	2.631492e-02	-1.225364e+01
4.691000e-05	-9.228614e-05	-1.247419e+01
4.692000e-05	4.184678e-02	-1.261261e+01
4.693000e-05	-7.610686e-03	-1.279205e+01
4.694000e-05	2.022711e-02	-1.294143e+01
4.695000e-05	-7.890585e-03	-1.311685e+01
4.696000e-05	2.349076e-02	-1.325627e+01
4.697000e-05	3.739842e-03	-1.337411e+01
4.698000e-05	2.263703e-02	-1.356045e+01
4.699000e-05	1.474865e-02	-1.372932e+01
4.700000e-05	2.148824e-02	-1.388580e+01
4.701000e-05	1.025726e-02	-1.399203e+01
4.702000e-05	5.602525e-03	-1.416937e+01
4.703000e-05	7.598938e-03	-1.426719e+01
4.704000e-05	1.636414e-02	-1.441258e+01
4.705000e-05	2.432969e-02	-1.451887e+01
4.706000e-05	1.743781e-02	-1.462366e+01
4.707000e-05	1.717440e-02	-1.472833e+01
4.708000e-05	1.159624e-02	-1.480316e+01
4.709000e-05	2.149560e-02	-1.489832e+01
4.710000e-05	1.392987e-02	-1.501456e+01
4.711000e-05	2.085750e-02	-1.509579e+01
4.712000e-05	1.736166e-02	-1.519135e+01
4.713000e-05	2.589059e-02	-1.522411e+01
4.714000e-05	1.988678e-02	-1.530774e+01
4.715000e-05	1.864689e-02	-1.534040e+01
4.716000e-05	1.581745e-02	-1.542148e+01
4.717000e-05	2.487071e-02	-1.548631e+01
4.718000e-05	2.974231e-02	-1.547834e+01
4.719000e-05	2.854789e-02	-1.555045e+01
4.720000e-05	2.668017e-02	-1.556955e+01
4.721000e-05	2.624416e-02	-1.558256e+01
4.722000e-05	3.115472e-02	-1.561463e+01
4.723000e-05	2.960909e-02	-1.567661e+01
4.724000e-05	3.244069e-02	-1.565664e+01
4.725000e-05	3.601788e-02	-1.564571e+01
4.726000e-05	4.473466e-02	-1.565471e+01
4.727000e-05	4.732130e-02	-1.564466e+01
4.728000e-05	4.913776e-02	-1.565516e+01
4.729000e-05	5.215806e-02	-1.558206e+01
4.730000e-05	6.333758e-02	-1.558103e+01
4.731000e-05	7.783485e-02	-1.555150e+01
4.732000e-05	9.521533e-02	-1.551882e+01
4.733000e-05	1.202036e-01	-1.546569e+01
4.734000e-05	1.660524e-01	-1.542363e+01
4.735000e-05	2.231356e-01	-1.534048e+01
4.736000e-05	2.488993e-01	-1.530677e+01
4.737000e-05	2.500000e-01	-1.526666e+01
4.738000e-05	2.500000e-01	-1.519248e+01
4.739000e-05	2.431203e-01	-1.511787e+01
4.740000e-05	1.951702e-01	-1.504208e+01
4.741000e-05	1.277686e-01	-1.495890e+01
4.742000e-05	8.573641e-02	-1.486621e+01
4.743000e-05	6.216788e-02	-1.479098e+01
4.744000e-05	4.808088e-02	-1.468673e+01
4.745000e-05	3.677666e-02	-1.458095e+01
4.746000e-05	2.759594e-02	-1.444319e+01
4.747000e-05	2.269854e-02	-1.435994e+01
4.748000e-05	2.136645e-02	-1.426205e+01
4.749000e-05	1.869051e-02	-1.405516e+01
4.750000e-05	1.467691e-02	-1.396140e+01
4.751000e-05	1.292518e-02	-1.377198e+01
4.752000e-05	1.349136e-02	-1.365268e+01
4.753000e-05	1.371352e-02	-1.348729e+01
4.754000e-05	1.013935e-02	-1.337745e+01
4.755000e-05	7.361430e-03	-1.319208e+01
4.756000e-05	6.765397e-03	-1.302308e+01
4.757000e-05	8.120320e-03	-1.287681e+01
4.758000e-05	7.459434e-03	-1.272787e+01
4.759000e-05	5.220893e-03	-1.255843e+01
4.760000e-05	5.850344e-03	-1.237050e+01
4.761000e-05	7.527501e-03	-1.217998e+01
4.762000e-05	5.580909e-03	-1.202245e+01
4.763000e-05	2.569891e-03	-1.180095e+01
4.764000e-05	1.897151e-03	-1.156000e+01
4.765000e-05	2.654868e-03	-1.131785e+01
4.766000e-05	3.802242e-03	-1.110784e+01
4.767000e-05	3.072617e-03	-1.094581e+01
4.768000e-05	2.146356e-03	-1.072684e+01
4.769000e-05	2.338481e-03	-1.053681e+01
4.770000e-05	2.398275e-03	-1.027526e+01
4.771000e-05	2.088311e-03	-1.003418e+01
4.772000e-05	2.976314e-04	-9.832580e+00
4.773000e-05	-1.329833e-03	-9.642584e+00
4.774000e-05	-5.304824e-05	-9.390551e+00
4.775000e-05	2.578010e-04	-9.158395e+00
4.776000e-05	-9.576485e-04	-8.946314e+00
4.777000e-05	-2.532035e-03	-8.696767e+00
4.778000e-05	-1.978454e-03	-8.433531e+00
4.779000e-05	-1.036532e-03	-8.200973e+00
4.780000e-05	-1.172397e-03	-7.949420e+00
4.781000e-05	-2.049023e-03	-7.653158e+00
4.782000e-05	-3.174528e-03	-7.411051e+00
4.783000e-05	-3.135892e-03	-7.119344e+00
4.784000e-05	-4.056485e-03	-6.825709e+00
4.785000e-05	-4.978266e-03	-6.589999e+00
4.786000e-05	-4.826609e-03	-6.347919e+00
4.787000e-05	-3.964346e-03	-6.085608e+00
4.788000e-05	-3.921706e-03	-5.811023e+00
4.789000e-05	-3.822085e-03	-5.587241e+00
4.790000e-05	-5.533285e-03	-5.190503e+00
4.791000e-05	-4.558958e-03	-4.905841e+00
4.792000e-05	-4.956922e-03	-4.570949e+00
4.793000e-05	-4.503841e-03	-4.387872e+00
4.794000e-05	-6.772225e-03	-4.156285e+00
4.795000e-05	-7.721636e-03	-3.821083e+00
4.796000e-05	-7.651608e-03	-3.536846e+00
4.797000e-05	-7.574272e-03	-3.284183e+00
4.798000e-05	-7.580446e-03	-2.968396e+00
4.799000e-05	-6.731951e-03	-2.684707e+00
4.800000e-05	-5.310601e-03	-2.441028e+00
4.801000e-05	-5.108965e-03	-2.115188e+00
4.802000e-05	-6.639025e-03	-1.831526e+00
4.803000e-05	-8.411121e-03	-1.527369e+00
4.804000e-05	-1.034648e-02	-1.179421e+00
4.805000e-05	-1.065118e-02	-9.257870e-01
4.806000e-05	-9.390832e-03	-6.204712e-01
4.807000e-05	-7.909904e-03	-3.042886e-01
4.808000e-05	-5.791093e-03	-7.313139e-02
4.809000e-05	5.943041e-03	2.541615e-01
4.810000e-05	1.041400e-03	5.053905e-01
4.811000e-05	-2.247883e-04	7.279697e-01
4.812000e-05	-3.322666e-03	1.002180e+00
4.813000e-05	-3.500055e-03	1.326340e+00
4.814000e-05	-3.460629e-03	1.663657e+00
4.815000e-05	2.725107e-03	1.926790e+00
4.816000e-05	2.740823e-02	2.155841e+00
4.817000e-05	8.722978e-02	2.421032e+00
4.818000e-05	5.900896e-04	2.800504e+00
4.819000e-05	-6.819223e-02	3.044211e+00
4.820000e-05	-3.328087e-02	3.379920e+00
4.821000e-05	-3.010548e-02	3.633633e+00
4.822000e-05	-4.404756e-02	3.886264e+00
4.823000e-05	-5.716154e-02	4.064241e+00
4.824000e-05	9.081706e-02	4.388504e+00
4.825000e-05	-6.591151e-03	4.706763e+00
4.826000e-05	-3.217959e-02	4.937345e+00
4.827000e-05	1.212597e-01	5.274661e+00
4.828000e-05	-1.351439e-01	5.516870e+00
4.829000e-05	5.049878e-02	5.802528e+00
4.830000e-05	-3.296624e-02	6.085765e+00
4.831000e-05	1.792447e-02	6.338796e+00
4.832000e-05	2.094732e-02	6.663509e+00
4.833000e-05	-6.328198e-02	6.936292e+00
4.834000e-05	3.962474e-02	7.219949e+00
4.835000e-05	-5.167395e-02	7.483613e+00
4.836000e-05	3.233315e-02	7.746895e+00
4.837000e-05	-4.686500e-02	8.053536e+00
4.838000e-05	1.554817e-02	8.286767e+00
4.839000e-05	2.317401e-02	8.486840e+00
4.840000e-05	-3.000403e-02	8.725821e+00
4.841000e-05	8.783641e-03	8.952022e+00
4.842000e-05	-5.391048e-02	9.232609e+00
4.843000e-05	1.147124e-02	9.442734e+00
4.844000e-05	-1.890221e-04	9.673289e+00
4.845000e-05	9.494184e-03	9.906198e+00
4.846000e-05	-2.424399e-02	1.015737e+01
4.847000e-05	-1.455849e-02	1.033800e+01
4.848000e-05	2.406319e-03	1.056247e+01
4.849000e-05	-2.261742e-02	1.081150e+01
4.850000e-05	-1.171704e-02	1.098155e+01
4.851000e-05	-2.261806e-02	1.121161e+01
4.852000e-05	1.063618e-02	1.145308e+01
4.853000e-05	-5.486159e-03	1.163399e+01
4.854000e-05	-1.252211e-02	1.184319e+01
4.855000e-05	-3.319968e-02	1.206417e+01
4.856000e-05	-9.479676e-03	1.224411e+01
4.857000e-05	-2.671513e-03	1.240211e+01
4.858000e-05	-4.713728e-03	1.257245e+01
4.859000e-05	-2.153484e-02	1.275803e+01
4.860000e-05	-2.068363e-02	1.291932e+01
4.861000e-05	-9.245513e-03	1.308529e+01
4.862000e-05	-1.301397e-02	1.324456e+01
4.863000e-05	-2.064878e-02	1.336295e+01
4.864000e-05	-2.608587e-02	1.356045e+01
4.865000e-05	-3.649992e-03	1.369672e+01
4.866000e-05	-8.132095e-03	1.387559e+01
4.867000e-05	-1.628085e-02	1.400108e+01
4.868000e-05	-3.544901e-02	1.413892e+01
4.869000e-05	-2.111956e-02	1.425771e+01
4.870000e-05	-1.240452e-02	1.442300e+01
4.871000e-05	-1.261582e-02	1.451980e+01
4.872000e-05	-2.472207e-02	1.464304e+01
4.873000e-05	-2.531556e-02	1.473745e+01
4.874000e-05	-1.394795e-02	1.481251e+01
4.875000e-05	-1.935399e-02	1.491576e+01
4.876000e-05	-2.637883e-02	1.497090e+01
4.877000e-05	-3.337914e-02	1.506519e+01
4.878000e-05	-1.921291e-02	1.510990e+01
4.879000e-05	-1.863640e-02	1.521351e+01
4.880000e-05	-2.341689e-02	1.526366e+01
4.881000e-05	-3.821089e-02	1.531887e+01
4.882000e-05	-3.404570e-02	1.537248e+01
4.883000e-05	-2.337026e-02	1.545363e+01
4.884000e-05	-2.618492e-02	1.547579e+01
4.885000e-05	-3.319228e-02	1.549884e+01
4.886000e-05	-3.935963e-02	1.554891e+01
4.887000e-05	-3.055015e-02	1.554897e+01
4.888000e-05	-3.352251e-02	1.557098e+01
4.889000e-05	-4.236704e-02	1.557246e+01
4.890000e-05	-5.041585e-02	1.560350e+01
4.891000e-05	-4.496846e-02	1.564356e+01
4.892000e-05	-4.007165e-02	1.560250e+01
4.893000e-05	-4.899360e-02	1.560163e+01
4.894000e-05	-6.357179e-02	1.557048e+01
4.895000e-05	-7.134092e-02	1.558100e+01
4.896000e-05	-7.208719e-02	1.556040e+01
4.897000e-05	-8.487320e-02	1.551779e+01
4.898000e-05	-1.114202e-01	1.550369e+01
4.899000e-05	-1.479897e-01	1.546458e+01
4.900000e-05	-1.930690e-01	1.539201e+01
4.901000e-05	-2.386249e-01	1.531991e+01
4.902000e-05	-2.500000e-01	1.527523e+01
4.903000e-05	-2.500000e-01	1.521358e+01
4.904000e-05	-2.500000e-01	1.513102e+01
4.905000e-05	-2.332718e-01	1.504624e+01
4.906000e-05	-1.717606e-01	1.500100e+01
4.907000e-05	-1.221217e-01	1.489729e+01
4.908000e-05	-9.115162e-02	1.480098e+01
4.909000e-05	-6.293863e-02	1.472784e+01
4.910000e-05	-4.694465e-02	1.461403e+01
4.911000e-05	-4.191356e-02	1.450529e+01
4.912000e-05	-3.980677e-02	1.441210e+01
4.913000e-05	-3.221125e-02	1.428581e+01
4.914000e-05	-2.322050e-02	1.413982e+01
4.915000e-05	-2.553958e-02	1.398998e+01
4.916000e-05	-2.855023e-02	1.384506e+01
4.917000e-05	-2.725448e-02	1.374679e+01
4.918000e-05	-1.897138e-02	1.355195e+01
4.919000e-05	-1.734433e-02	1.340253e+01
4.920000e-05	-2.083357e-02	1.327576e+01
4.921000e-05	-2.327680e-02	1.313731e+01
4.922000e-05	-1.874231e-02	1.294742e+01
4.923000e-05	-1.369461e-02	1.274100e+01
4.924000e-05	-1.670725e-02	1.264113e+01
4.925000e-05	-2.084903e-02	1.244318e+01
4.926000e-05	-1.885869e-02	1.225624e+01
4.927000e-05	-1.261560e-02	1.206532e+01
4.928000e-05	-1.304076e-02	1.188476e+01
4.929000e-05	-1.880040e-02	1.169566e+01
4.930000e-05	-1.893114e-02	1.148571e+01
4.931000e-05	-1.369256e-02	1.123468e+01
4.932000e-05	-9.518495e-03	1.103314e+01
4.933000e-05	-1.398692e-02	1.084218e+01
4.934000e-05	-1.657857e-02	1.065311e+01
4.935000e-05	-1.428972e-02	1.041353e+01
4.936000e-05	-1.046402e-02	1.019110e+01
4.937000e-05	-1.165692e-02	9.980027e+00
4.938000e-05	-1.605234e-02	9.686844e+00
4.939000e-05	-1.453091e-02	9.485189e+00
4.940000e-05	-1.023720e-02	9.265236e+00
4.941000e-05	-8.244874e-03	9.083684e+00
4.942000e-05	-1.255602e-02	8.811579e+00
4.943000e-05	-1.402225e-02	8.599949e+00
4.944000e-05	-1.108373e-02	8.348794e+00
4.945000e-05	-7.157041e-03	8.115286e+00
4.946000e-05	-9.962945e-03	7.861029e+00
4.947000e-05	-1.333935e-02	7.568498e+00
4.948000e-05	-1.196837e-02	7.295310e+00
4.949000e-05	-8.245999e-03	7.052556e+00
4.950000e-05	-7.220016e-03	6.790023e+00
4.951000e-05	-1.128916e-02	6.475737e+00
4.952000e-05	-1.095159e-02	6.212601e+00
4.953000e-05	-8.520218e-03	5.969549e+00
4.954000e-05	-6.069262e-03	5.685288e+00
4.955000e-05	-9.171404e-03	5.462104e+00
4.956000e-05	-1.174845e-02	5.146815e+00
4.957000e-05	-9.978082e-03	4.772029e+00
4.958000e-05	-6.095289e-03	4.547341e+00
4.959000e-05	-7.886345e-03	4.293632e+00
4.960000e-05	-9.679507e-03	3.955919e+00
4.961000e-05	-8.992041e-03	3.644236e+00
4.962000e-05	-5.820326e-03	3.422028e+00
4.963000e-05	-5.404765e-03	3.145365e+00
4.964000e-05	-7.505817e-03	2.853130e+00
4.965000e-05	-9.663516e-03	2.528318e+00
4.966000e-05	-7.702157e-03	2.252709e+00
4.967000e-05	-5.387384e-03	2.000525e+00
4.968000e-05	-5.999497e-03	1.695187e+00
4.969000e-05	-7.909396e-03	1.369476e+00
4.970000e-05	-7.388988e-03	1.094729e+00
4.971000e-05	-4.561688e-03	7.674186e-01
4.972000e-05	-3.645463e-03	4.542093e-01
4.973000e-05	-5.123897e-03	1.899788e-01
4.974000e-05	-3.628341e-03	-8.523947e-02
4.975000e-05	8.490425e-03	-3.469435e-01
4.976000e-05	2.145472e-03	-6.415801e-01
4.977000e-05	2.229919e-03	-8.766630e-01
4.978000e-05	-3.656004e-03	-1.197924e+00
4.979000e-05	6.791453e-04	-1.506264e+00
4.980000e-05	1.635269e-03	-1.726295e+00
4.981000e-05	2.484967e-02	-1.979469e+00
4.982000e-05	9.267546e-02	-2.222603e+00
4.983000e-05	4.356998e-02	-2.599976e+00
4.984000e-05	-6.845844e-02	-2.961050e+00
4.985000e-05	-9.429791e-03	-3.317841e+00
4.986000e-05	-4.177153e-02	-3.568420e+00
4.987000e-05	-4.884213e-02	-3.801980e+00
4.988000e-05	-3.035768e-02	-4.021104e+00
4.989000e-05	1.629651e-01	-4.171402e+00
4.990000e-05	-1.388104e-01	-4.484242e+00
4.991000e-05	1.320852e-01	-4.782472e+00
4.992000e-05	-8.848683e-03	-5.031577e+00
4.993000e-05	-7.029250e-02	-5.441634e+00
4.994000e-05	1.101282e-01	-5.613135e+00
4.995000e-05	-1.533679e-01	-5.977345e+00
4.996000e-05	1.562785e-01	-6.240132e+00
4.997000e-05	-5.224371e-02	-6.497238e+00
4.998000e-05	1.853224e-02	-6.780026e+00
4.999000e-05	4.252089e-02	-7.043559e+00
