# 260528_14:57:19.583700
t	CH1	CH2
0.000000e+00	-4.526033e-03	4.236780e-01
1.000000e-08	-5.003677e-03	1.282874e-01
2.000000e-08	-1.459118e-03	-1.537995e-01
3.000000e-08	9.403097e-03	-3.994799e-01
4.000000e-08	1.686467e-03	-7.197126e-01
5.000000e-08	3.153713e-03	-9.849245e-01
6.000000e-08	-4.023227e-03	-1.217038e+00
7.000000e-08	1.271528e-03	-1.565395e+00
8.000000e-08	4.168200e-03	-1.785378e+00
9.000000e-08	3.476554e-02	-2.006531e+00
1.000000e-07	9.475066e-02	-2.320243e+00
1.100000e-07	1.778767e-02	-2.649615e+00
1.200000e-07	-5.871855e-02	-3.079268e+00
1.300000e-07	-1.189900e-02	-3.376452e+00
1.400000e-07	-4.111846e-02	-3.576975e+00
1.500000e-07	-5.695105e-02	-3.829986e+00
1.600000e-07	8.152086e-03	-4.050059e+00
1.700000e-07	1.155020e-01	-4.208531e+00
1.800000e-07	-1.135937e-01	-4.523256e+00
1.900000e-07	1.509761e-01	-4.837509e+00
2.000000e-07	-5.139107e-02	-5.122243e+00
2.100000e-07	-2.594736e-02	-5.482191e+00
2.200000e-07	6.653642e-02	-5.723666e+00
2.300000e-07	-1.117802e-01	-5.997007e+00
2.400000e-07	1.499464e-01	-6.251610e+00
2.500000e-07	-6.855983e-02	-6.533300e+00
2.600000e-07	4.759405e-02	-6.839461e+00
2.700000e-07	6.971465e-03	-7.083642e+00
2.800000e-07	-5.646405e-02	-7.377455e+00
2.900000e-07	8.397712e-02	-7.669014e+00
3.000000e-07	-8.021531e-02	-7.923249e+00
3.100000e-07	1.088484e-01	-8.197426e+00
3.200000e-07	-3.981511e-02	-8.437990e+00
3.300000e-07	2.994075e-02	-8.721673e+00
3.400000e-07	1.905195e-02	-8.963725e+00
3.500000e-07	-6.108411e-02	-9.155930e+00
3.600000e-07	6.624778e-02	-9.407280e+00
3.700000e-07	-4.337975e-02	-9.647460e+00
3.800000e-07	9.432789e-02	-9.879483e+00
3.900000e-07	-4.108470e-02	-1.005054e+01
4.000000e-07	4.394024e-02	-1.028227e+01
4.100000e-07	-2.373404e-02	-1.054272e+01
4.200000e-07	1.145888e-02	-1.075487e+01
4.300000e-07	1.828147e-02	-1.100424e+01
4.400000e-07	-8.053824e-03	-1.117535e+01
4.500000e-07	4.695543e-02	-1.139390e+01
4.600000e-07	-1.358364e-02	-1.158701e+01
4.700000e-07	4.120825e-02	-1.181750e+01
4.800000e-07	-2.699588e-02	-1.203846e+01
4.900000e-07	3.059876e-02	-1.221850e+01
5.000000e-07	-3.392745e-03	-1.237640e+01
5.100000e-07	4.050286e-02	-1.257587e+01
5.200000e-07	6.631649e-03	-1.272420e+01
5.300000e-07	1.209507e-02	-1.293277e+01
5.400000e-07	4.456254e-03	-1.307258e+01
5.500000e-07	1.040495e-02	-1.320946e+01
5.600000e-07	1.621982e-02	-1.336698e+01
5.700000e-07	1.108677e-02	-1.352477e+01
5.800000e-07	2.526554e-02	-1.367159e+01
5.900000e-07	1.671790e-02	-1.386056e+01
6.000000e-07	2.213997e-02	-1.396543e+01
6.100000e-07	2.132616e-03	-1.412315e+01
6.200000e-07	1.170512e-02	-1.424061e+01
6.300000e-07	1.102360e-02	-1.437530e+01
6.400000e-07	2.757073e-02	-1.447169e+01
6.500000e-07	1.848598e-02	-1.460693e+01
6.600000e-07	2.086029e-02	-1.471376e+01
6.700000e-07	1.310224e-02	-1.482746e+01
6.800000e-07	2.076031e-02	-1.488217e+01
6.900000e-07	1.740094e-02	-1.496695e+01
7.000000e-07	1.889557e-02	-1.510264e+01
7.100000e-07	1.997658e-02	-1.515522e+01
7.200000e-07	2.584160e-02	-1.523838e+01
7.300000e-07	2.565280e-02	-1.532109e+01
7.400000e-07	1.812552e-02	-1.535479e+01
7.500000e-07	1.852283e-02	-1.539790e+01
7.600000e-07	2.191253e-02	-1.545153e+01
7.700000e-07	3.231948e-02	-1.550329e+01
7.800000e-07	2.996822e-02	-1.555480e+01
7.900000e-07	2.967621e-02	-1.559630e+01
8.000000e-07	2.783092e-02	-1.559948e+01
8.100000e-07	3.176170e-02	-1.564956e+01
8.200000e-07	3.218895e-02	-1.568148e+01
8.300000e-07	3.313792e-02	-1.567108e+01
8.400000e-07	3.689217e-02	-1.568161e+01
8.500000e-07	4.496243e-02	-1.567061e+01
8.600000e-07	5.072710e-02	-1.564953e+01
8.700000e-07	5.168444e-02	-1.568051e+01
8.800000e-07	5.294035e-02	-1.560848e+01
8.900000e-07	6.333420e-02	-1.557693e+01
9.000000e-07	7.777134e-02	-1.559842e+01
9.100000e-07	9.702077e-02	-1.554574e+01
9.200000e-07	1.212945e-01	-1.551378e+01
9.300000e-07	1.655811e-01	-1.543058e+01
9.400000e-07	2.245879e-01	-1.540948e+01
9.500000e-07	2.499300e-01	-1.534627e+01
9.600000e-07	2.500000e-01	-1.528319e+01
9.700000e-07	2.500000e-01	-1.524785e+01
9.800000e-07	2.481995e-01	-1.515429e+01
9.900000e-07	2.118927e-01	-1.503266e+01
1.000000e-06	1.395368e-01	-1.500790e+01
1.010000e-06	9.132682e-02	-1.491424e+01
1.020000e-06	6.576924e-02	-1.482907e+01
1.030000e-06	5.175891e-02	-1.473531e+01
1.040000e-06	4.089416e-02	-1.461858e+01
1.050000e-06	3.062882e-02	-1.448423e+01
1.060000e-06	2.470939e-02	-1.437734e+01
1.070000e-06	2.309511e-02	-1.424263e+01
1.080000e-06	2.108480e-02	-1.410424e+01
1.090000e-06	1.692901e-02	-1.396887e+01
1.100000e-06	1.454379e-02	-1.385103e+01
1.110000e-06	1.529984e-02	-1.371724e+01
1.120000e-06	1.677141e-02	-1.354609e+01
1.130000e-06	1.429263e-02	-1.336847e+01
1.140000e-06	1.088707e-02	-1.325260e+01
1.150000e-06	1.017837e-02	-1.308366e+01
1.160000e-06	1.129505e-02	-1.289689e+01
1.170000e-06	1.198064e-02	-1.276939e+01
1.180000e-06	9.708266e-03	-1.258992e+01
1.190000e-06	7.746435e-03	-1.244155e+01
1.200000e-06	8.762945e-03	-1.225263e+01
1.210000e-06	8.358021e-03	-1.208558e+01
1.220000e-06	6.364898e-03	-1.183366e+01
1.230000e-06	3.627431e-03	-1.167163e+01
1.240000e-06	4.432334e-03	-1.138152e+01
1.250000e-06	6.016970e-03	-1.121887e+01
1.260000e-06	5.476181e-03	-1.100794e+01
1.270000e-06	4.100668e-03	-1.075899e+01
1.280000e-06	2.510839e-03	-1.058095e+01
1.290000e-06	3.846118e-03	-1.035872e+01
1.300000e-06	3.667083e-03	-1.012589e+01
1.310000e-06	2.298370e-03	-9.935810e+00
1.320000e-06	1.720115e-04	-9.714707e+00
1.330000e-06	1.406700e-03	-9.422627e+00
1.340000e-06	2.216725e-03	-9.212003e+00
1.350000e-06	1.059314e-03	-8.980524e+00
1.360000e-06	-1.062114e-03	-8.729894e+00
1.370000e-06	-1.142804e-03	-8.494911e+00
1.380000e-06	5.352386e-04	-8.293207e+00
1.390000e-06	1.483712e-03	-8.052649e+00
1.400000e-06	-1.766507e-03	-7.768339e+00
1.410000e-06	-3.320875e-03	-7.484205e+00
1.420000e-06	-3.331300e-03	-7.230995e+00
1.430000e-06	-1.978648e-03	-6.968338e+00
1.440000e-06	-3.499656e-03	-6.625180e+00
1.450000e-06	-5.220003e-03	-6.402078e+00
1.460000e-06	-3.453079e-03	-6.178365e+00
1.470000e-06	-2.741473e-03	-5.835206e+00
1.480000e-06	-2.529449e-03	-5.611527e+00
1.490000e-06	-4.033689e-03	-5.324785e+00
1.500000e-06	-4.769688e-03	-5.022545e+00
1.510000e-06	-4.069231e-03	-4.704776e+00
1.520000e-06	-4.102624e-03	-4.452652e+00
1.530000e-06	-6.635684e-03	-4.182046e+00
1.540000e-06	-7.918516e-03	-3.906887e+00
1.550000e-06	-7.951700e-03	-3.592593e+00
1.560000e-06	-6.347072e-03	-3.348890e+00
1.570000e-06	-7.852423e-03	-3.063749e+00
1.580000e-06	-6.515135e-03	-2.779940e+00
1.590000e-06	-6.381812e-03	-2.475758e+00
1.600000e-06	-4.634760e-03	-2.201491e+00
1.610000e-06	-5.974153e-03	-1.897785e+00
1.620000e-06	-8.404086e-03	-1.615127e+00
1.630000e-06	-9.628905e-03	-1.287780e+00
1.640000e-06	-9.271413e-03	-9.405441e-01
1.650000e-06	-8.841340e-03	-6.693559e-01
1.660000e-06	-9.505956e-03	-4.029718e-01
1.670000e-06	-7.317512e-03	-1.187849e-01
1.680000e-06	1.061704e-03	1.951955e-01
1.690000e-06	6.478545e-03	4.520612e-01
1.700000e-06	-2.786552e-03	6.941928e-01
1.710000e-06	6.265901e-04	9.537757e-01
1.720000e-06	-5.825780e-03	1.260610e+00
1.730000e-06	-2.070541e-03	1.543326e+00
1.740000e-06	-3.169992e-03	1.838584e+00
1.750000e-06	1.831090e-02	2.062112e+00
1.760000e-06	6.632852e-02	2.302794e+00
1.770000e-06	4.902518e-02	2.670619e+00
1.780000e-06	-7.160305e-02	2.986482e+00
1.790000e-06	-3.473808e-02	3.261093e+00
1.800000e-06	-3.832868e-02	3.596506e+00
1.810000e-06	-3.147124e-02	3.809434e+00
1.820000e-06	-7.060512e-02	4.027508e+00
1.830000e-06	4.139159e-02	4.321764e+00
1.840000e-06	6.023219e-02	4.609455e+00
1.850000e-06	-7.693918e-02	4.840005e+00
1.860000e-06	1.190597e-01	5.132272e+00
1.870000e-06	-7.246130e-02	5.470637e+00
1.880000e-06	-2.260010e-02	5.733272e+00
1.890000e-06	2.073542e-02	6.019483e+00
1.900000e-06	-2.940242e-02	6.271139e+00
1.910000e-06	5.278450e-02	6.513776e+00
1.920000e-06	-6.153774e-02	6.877985e+00
1.930000e-06	1.330586e-02	7.112062e+00
1.940000e-06	-2.176877e-02	7.447854e+00
1.950000e-06	-5.738359e-03	7.671060e+00
1.960000e-06	-5.384553e-03	7.924272e+00
1.970000e-06	-2.904367e-02	8.219005e+00
1.980000e-06	4.580960e-02	8.440109e+00
1.990000e-06	-2.592437e-02	8.641083e+00
2.000000e-06	-1.985805e-03	8.902120e+00
2.010000e-06	-3.132380e-02	9.144874e+00
2.020000e-06	-2.749312e-02	9.344329e+00
2.030000e-06	2.276427e-02	9.558008e+00
2.040000e-06	-8.603510e-03	9.841033e+00
2.050000e-06	2.160140e-03	1.013219e+01
2.060000e-06	-3.488611e-02	1.026264e+01
2.070000e-06	7.799190e-03	1.052280e+01
2.080000e-06	-2.067390e-02	1.072272e+01
2.090000e-06	-1.596173e-02	1.093279e+01
2.100000e-06	-1.853401e-02	1.116425e+01
2.110000e-06	-6.595087e-03	1.135532e+01
2.120000e-06	9.267718e-03	1.157732e+01
2.130000e-06	-2.029262e-02	1.181835e+01
2.140000e-06	-2.105156e-02	1.193393e+01
2.150000e-06	-2.841850e-02	1.215542e+01
2.160000e-06	2.515368e-03	1.240590e+01
2.170000e-06	-7.429530e-03	1.253330e+01
2.180000e-06	-1.395262e-02	1.269162e+01
2.190000e-06	-2.400042e-02	1.291064e+01
2.200000e-06	-1.573427e-02	1.304103e+01
2.210000e-06	-1.020535e-02	1.319846e+01
2.220000e-06	-2.422095e-02	1.338527e+01
2.230000e-06	-2.394511e-02	1.354222e+01
2.240000e-06	-1.550640e-02	1.366104e+01
2.250000e-06	-1.444028e-03	1.381848e+01
2.260000e-06	-1.556919e-02	1.393619e+01
2.270000e-06	-2.869490e-02	1.413269e+01
2.280000e-06	-3.039252e-02	1.425901e+01
2.290000e-06	-1.635194e-02	1.438637e+01
2.300000e-06	-1.278749e-02	1.450158e+01
2.310000e-06	-2.322403e-02	1.457642e+01
2.320000e-06	-2.643534e-02	1.469377e+01
2.330000e-06	-2.054798e-02	1.484740e+01
2.340000e-06	-1.608996e-02	1.491111e+01
2.350000e-06	-2.619981e-02	1.494532e+01
2.360000e-06	-3.362824e-02	1.505951e+01
2.370000e-06	-2.657786e-02	1.513369e+01
2.380000e-06	-1.869114e-02	1.517490e+01
2.390000e-06	-2.165158e-02	1.530058e+01
2.400000e-06	-3.679873e-02	1.532371e+01
2.410000e-06	-3.790873e-02	1.537792e+01
2.420000e-06	-3.007171e-02	1.539896e+01
2.430000e-06	-2.396591e-02	1.548911e+01
2.440000e-06	-3.379632e-02	1.553469e+01
2.450000e-06	-3.899146e-02	1.554422e+01
2.460000e-06	-3.538727e-02	1.557677e+01
2.470000e-06	-3.225000e-02	1.560829e+01
2.480000e-06	-4.075127e-02	1.561652e+01
2.490000e-06	-5.236906e-02	1.561890e+01
2.500000e-06	-5.048902e-02	1.564793e+01
2.510000e-06	-4.418341e-02	1.562795e+01
2.520000e-06	-4.664626e-02	1.562743e+01
2.530000e-06	-6.265097e-02	1.563902e+01
2.540000e-06	-7.304408e-02	1.560835e+01
2.550000e-06	-7.549353e-02	1.557579e+01
2.560000e-06	-8.502073e-02	1.548524e+01
2.570000e-06	-1.090476e-01	1.549418e+01
2.580000e-06	-1.479942e-01	1.545258e+01
2.590000e-06	-1.940189e-01	1.539948e+01
2.600000e-06	-2.409979e-01	1.535539e+01
2.610000e-06	-2.500000e-01	1.532209e+01
2.620000e-06	-2.500000e-01	1.523998e+01
2.630000e-06	-2.500000e-01	1.517737e+01
2.640000e-06	-2.419589e-01	1.510416e+01
2.650000e-06	-1.868092e-01	1.499998e+01
2.660000e-06	-1.275447e-01	1.491482e+01
2.670000e-06	-9.452409e-02	1.486045e+01
2.680000e-06	-6.972537e-02	1.473479e+01
2.690000e-06	-5.072949e-02	1.460208e+01
2.700000e-06	-4.270809e-02	1.456572e+01
2.710000e-06	-4.289067e-02	1.446060e+01
2.720000e-06	-3.572457e-02	1.429621e+01
2.730000e-06	-2.808684e-02	1.417742e+01
2.740000e-06	-2.450722e-02	1.410263e+01
2.750000e-06	-2.972937e-02	1.387321e+01
2.760000e-06	-2.922293e-02	1.376734e+01
2.770000e-06	-2.424253e-02	1.359003e+01
2.780000e-06	-1.918655e-02	1.347313e+01
2.790000e-06	-2.215229e-02	1.332426e+01
2.800000e-06	-2.517784e-02	1.316829e+01
2.810000e-06	-2.304923e-02	1.300007e+01
2.820000e-06	-1.830769e-02	1.287052e+01
2.830000e-06	-1.767442e-02	1.262316e+01
2.840000e-06	-2.190021e-02	1.252626e+01
2.850000e-06	-2.173173e-02	1.231669e+01
2.860000e-06	-1.677685e-02	1.217894e+01
2.870000e-06	-1.410541e-02	1.196789e+01
2.880000e-06	-1.864728e-02	1.176897e+01
2.890000e-06	-2.104824e-02	1.153629e+01
2.900000e-06	-1.772567e-02	1.132931e+01
2.910000e-06	-1.257894e-02	1.112628e+01
2.920000e-06	-1.386363e-02	1.092633e+01
2.930000e-06	-1.777873e-02	1.071671e+01
2.940000e-06	-1.549201e-02	1.050473e+01
2.950000e-06	-1.232090e-02	1.026360e+01
2.960000e-06	-1.167913e-02	1.008315e+01
2.970000e-06	-1.527508e-02	9.812497e+00
2.980000e-06	-1.604658e-02	9.559990e+00
2.990000e-06	-1.307075e-02	9.388368e+00
3.000000e-06	-1.000798e-02	9.117808e+00
3.010000e-06	-1.186985e-02	8.904733e+00
3.020000e-06	-1.492868e-02	8.671601e+00
3.030000e-06	-1.281067e-02	8.413074e+00
3.040000e-06	-9.378374e-03	8.159944e+00
3.050000e-06	-9.191169e-03	7.926732e+00
3.060000e-06	-1.208034e-02	7.623677e+00
3.070000e-06	-1.246319e-02	7.346942e+00
3.080000e-06	-1.029046e-02	7.086730e+00
3.090000e-06	-8.943707e-03	6.845154e+00
3.100000e-06	-1.103041e-02	6.600091e+00
3.110000e-06	-1.202956e-02	6.277311e+00
3.120000e-06	-1.017229e-02	6.045707e+00
3.130000e-06	-6.603091e-03	5.780997e+00
3.140000e-06	-8.530061e-03	5.508256e+00
3.150000e-06	-1.035521e-02	5.233524e+00
3.160000e-06	-1.015878e-02	4.865200e+00
3.170000e-06	-6.579866e-03	4.611520e+00
3.180000e-06	-7.222986e-03	4.348839e+00
3.190000e-06	-8.300629e-03	4.074577e+00
3.200000e-06	-9.931215e-03	3.759441e+00
3.210000e-06	-6.605400e-03	3.498756e+00
3.220000e-06	-6.293251e-03	3.200972e+00
3.230000e-06	-7.288245e-03	2.947810e+00
3.240000e-06	-9.800981e-03	2.654224e+00
3.250000e-06	-7.843979e-03	2.360386e+00
3.260000e-06	-5.793622e-03	2.055179e+00
3.270000e-06	-5.573187e-03	1.812568e+00
3.280000e-06	-7.034720e-03	1.506804e+00
3.290000e-06	-7.091628e-03	1.220968e+00
3.300000e-06	-4.767411e-03	8.031243e-01
3.310000e-06	-4.173739e-03	5.699402e-01
3.320000e-06	-5.242658e-03	2.888334e-01
3.330000e-06	-4.274028e-03	-3.850868e-02
3.340000e-06	3.844221e-03	-2.625903e-01
3.350000e-06	7.592614e-03	-5.443970e-01
3.360000e-06	-1.306749e-03	-8.400113e-01
3.370000e-06	2.276340e-03	-1.092240e+00
3.380000e-06	-1.973220e-03	-1.347537e+00
3.390000e-06	2.854599e-03	-1.652159e+00
3.400000e-06	1.312167e-02	-1.892739e+00
3.410000e-06	6.950387e-02	-2.114198e+00
3.420000e-06	8.399337e-02	-2.441188e+00
3.430000e-06	-6.050071e-02	-2.900120e+00
3.440000e-06	-1.987005e-02	-3.251665e+00
3.450000e-06	-3.642340e-02	-3.492689e+00
3.460000e-06	-3.446247e-02	-3.734193e+00
3.470000e-06	-6.019460e-02	-3.974400e+00
3.480000e-06	1.277570e-01	-4.123739e+00
3.490000e-06	-3.434635e-02	-4.384930e+00
3.500000e-06	-1.810313e-02	-4.724297e+00
3.510000e-06	1.025137e-01	-4.964249e+00
3.520000e-06	-1.350161e-01	-5.311695e+00
3.530000e-06	1.145924e-01	-5.618050e+00
3.540000e-06	-1.007025e-01	-5.839534e+00
3.550000e-06	4.476037e-02	-6.165746e+00
3.560000e-06	6.565056e-02	-6.343406e+00
3.570000e-06	-7.236941e-02	-6.702718e+00
3.580000e-06	9.853885e-02	-6.985252e+00
3.590000e-06	-9.845919e-02	-7.218115e+00
3.600000e-06	7.080050e-02	-7.522719e+00
3.610000e-06	-2.329860e-02	-7.836405e+00
3.620000e-06	9.230230e-03	-8.052241e+00
3.630000e-06	7.045996e-02	-8.291613e+00
3.640000e-06	-6.632926e-02	-8.594801e+00
3.650000e-06	9.147024e-02	-8.798480e+00
3.660000e-06	-8.280351e-02	-9.040009e+00
3.670000e-06	4.684478e-02	-9.280268e+00
3.680000e-06	-1.019258e-02	-9.491694e+00
3.690000e-06	3.457352e-02	-9.794350e+00
3.700000e-06	3.761319e-02	-9.954852e+00
3.710000e-06	-2.711750e-02	-1.021703e+01
3.720000e-06	4.617894e-02	-1.041951e+01
3.730000e-06	-4.762705e-02	-1.067006e+01
3.740000e-06	5.741759e-02	-1.082951e+01
3.750000e-06	-3.086695e-02	-1.108951e+01
3.760000e-06	4.936885e-02	-1.131067e+01
3.770000e-06	-5.260119e-03	-1.149152e+01
3.780000e-06	2.772453e-02	-1.172322e+01
3.790000e-06	9.869602e-04	-1.193315e+01
3.800000e-06	9.777873e-04	-1.209370e+01
3.810000e-06	1.874732e-02	-1.229364e+01
3.820000e-06	1.202745e-02	-1.244269e+01
3.830000e-06	3.424684e-02	-1.264954e+01
3.840000e-06	-3.469687e-03	-1.280859e+01
3.850000e-06	1.876556e-02	-1.301690e+01
3.860000e-06	-4.120453e-03	-1.313280e+01
3.870000e-06	2.256779e-02	-1.334317e+01
3.880000e-06	4.447026e-03	-1.342961e+01
3.890000e-06	2.662680e-02	-1.359753e+01
3.900000e-06	1.568343e-02	-1.372688e+01
3.910000e-06	2.459955e-02	-1.391224e+01
3.920000e-06	7.308100e-03	-1.402796e+01
3.930000e-06	8.801649e-03	-1.418690e+01
3.940000e-06	9.379531e-03	-1.434116e+01
3.950000e-06	2.106361e-02	-1.443850e+01
3.960000e-06	2.239456e-02	-1.457580e+01
3.970000e-06	2.070124e-02	-1.465064e+01
3.980000e-06	1.902869e-02	-1.476389e+01
3.990000e-06	1.574394e-02	-1.488959e+01
4.000000e-06	2.056499e-02	-1.496432e+01
4.010000e-06	1.523892e-02	-1.501956e+01
4.020000e-06	2.273949e-02	-1.507067e+01
4.030000e-06	2.076162e-02	-1.520625e+01
4.040000e-06	2.784641e-02	-1.526158e+01
4.050000e-06	1.875437e-02	-1.533372e+01
4.060000e-06	2.017993e-02	-1.536545e+01
4.070000e-06	1.987419e-02	-1.543051e+01
4.080000e-06	2.894322e-02	-1.548361e+01
4.090000e-06	3.020534e-02	-1.551486e+01
4.100000e-06	2.927066e-02	-1.559632e+01
4.110000e-06	2.896097e-02	-1.559690e+01
4.120000e-06	2.951538e-02	-1.561838e+01
4.130000e-06	3.257080e-02	-1.564163e+01
4.140000e-06	3.094941e-02	-1.565996e+01
4.150000e-06	3.403082e-02	-1.566064e+01
4.160000e-06	4.149581e-02	-1.570006e+01
4.170000e-06	4.851647e-02	-1.566211e+01
4.180000e-06	5.090066e-02	-1.564891e+01
4.190000e-06	5.198029e-02	-1.568153e+01
4.200000e-06	5.839642e-02	-1.561843e+01
4.210000e-06	7.036195e-02	-1.557740e+01
4.220000e-06	8.621462e-02	-1.554830e+01
4.230000e-06	1.067168e-01	-1.553321e+01
4.240000e-06	1.422790e-01	-1.546421e+01
4.250000e-06	1.978888e-01	-1.543002e+01
4.260000e-06	2.440847e-01	-1.533682e+01
4.270000e-06	2.500000e-01	-1.531623e+01
4.280000e-06	2.500000e-01	-1.529308e+01
4.290000e-06	2.500000e-01	-1.515985e+01
4.300000e-06	2.362630e-01	-1.510418e+01
4.310000e-06	1.729111e-01	-1.499200e+01
4.320000e-06	1.107982e-01	-1.492574e+01
4.330000e-06	7.691728e-02	-1.488203e+01
4.340000e-06	5.719920e-02	-1.478835e+01
4.350000e-06	4.461900e-02	-1.465313e+01
4.360000e-06	3.415470e-02	-1.453727e+01
4.370000e-06	2.782615e-02	-1.445148e+01
4.380000e-06	2.515744e-02	-1.429272e+01
4.390000e-06	2.294124e-02	-1.417795e+01
4.400000e-06	1.750992e-02	-1.406168e+01
4.410000e-06	1.547865e-02	-1.391513e+01
4.420000e-06	1.526179e-02	-1.373795e+01
4.430000e-06	1.698319e-02	-1.363143e+01
4.440000e-06	1.571056e-02	-1.346161e+01
4.450000e-06	1.261440e-02	-1.329634e+01
4.460000e-06	1.060349e-02	-1.317885e+01
4.470000e-06	1.103350e-02	-1.300897e+01
4.480000e-06	1.057692e-02	-1.287460e+01
4.490000e-06	9.444411e-03	-1.266416e+01
4.500000e-06	7.709805e-03	-1.252579e+01
4.510000e-06	8.719458e-03	-1.230882e+01
4.520000e-06	8.825485e-03	-1.212889e+01
4.530000e-06	6.868496e-03	-1.199884e+01
4.540000e-06	4.429858e-03	-1.176687e+01
4.550000e-06	3.682600e-03	-1.153584e+01
4.560000e-06	5.461347e-03	-1.128611e+01
4.570000e-06	5.713169e-03	-1.109410e+01
4.580000e-06	5.064760e-03	-1.088365e+01
4.590000e-06	3.054030e-03	-1.064411e+01
4.600000e-06	3.036428e-03	-1.048473e+01
4.610000e-06	3.178417e-03	-1.025108e+01
4.620000e-06	2.338798e-03	-1.000205e+01
4.630000e-06	1.262557e-03	-9.780422e+00
4.640000e-06	1.934272e-03	-9.569922e+00
4.650000e-06	1.966323e-03	-9.326835e+00
4.660000e-06	1.060840e-03	-9.115734e+00
4.670000e-06	-1.027285e-03	-8.853710e+00
4.680000e-06	-2.285931e-03	-8.633577e+00
4.690000e-06	-5.971458e-04	-8.390520e+00
4.700000e-06	2.716227e-04	-8.138894e+00
4.710000e-06	-2.845638e-04	-7.927186e+00
4.720000e-06	-9.921932e-04	-7.612445e+00
4.730000e-06	-2.998150e-03	-7.349367e+00
4.740000e-06	-2.017320e-03	-7.055660e+00
4.750000e-06	-3.636254e-03	-6.779895e+00
4.760000e-06	-3.204623e-03	-6.529339e+00
4.770000e-06	-4.401012e-03	-6.277203e+00
4.780000e-06	-2.607976e-03	-6.001599e+00
4.790000e-06	-4.463887e-03	-5.776935e+00
4.800000e-06	-3.484453e-03	-5.474750e+00
4.810000e-06	-6.901710e-03	-5.139465e+00
4.820000e-06	-4.616195e-03	-4.846049e+00
4.830000e-06	-4.815448e-03	-4.518366e+00
4.840000e-06	-4.925642e-03	-4.298261e+00
4.850000e-06	-5.494467e-03	-4.042628e+00
4.860000e-06	-6.170185e-03	-3.749364e+00
4.870000e-06	-6.373730e-03	-3.486757e+00
4.880000e-06	-8.154445e-03	-3.183047e+00
4.890000e-06	-6.831081e-03	-2.904811e+00
4.900000e-06	-7.468596e-03	-2.622999e+00
4.910000e-06	-4.556696e-03	-2.309913e+00
4.920000e-06	-6.019024e-03	-2.062576e+00
4.930000e-06	-7.019084e-03	-1.760989e+00
4.940000e-06	-9.413744e-03	-1.477774e+00
4.950000e-06	-8.700221e-03	-1.118335e+00
4.960000e-06	-9.342088e-03	-8.445794e-01
4.970000e-06	-7.719812e-03	-5.509112e-01
4.980000e-06	-8.004713e-03	-2.672545e-01
4.990000e-06	-3.704746e-03	1.892598e-02
5.000000e-06	3.914649e-03	2.822690e-01
5.010000e-06	-2.079370e-03	5.768969e-01
5.020000e-06	-6.038930e-04	7.885524e-01
5.030000e-06	-3.988290e-03	1.144794e+00
5.040000e-06	-6.526010e-04	1.438000e+00
5.050000e-06	-2.422023e-03	1.703318e+00
5.060000e-06	6.783260e-03	1.935344e+00
5.070000e-06	3.956682e-02	2.186903e+00
5.080000e-06	8.141695e-02	2.523716e+00
5.090000e-06	-2.750539e-02	2.831138e+00
5.100000e-06	-5.886585e-02	3.134348e+00
5.110000e-06	-3.530245e-02	3.428986e+00
5.120000e-06	-2.748806e-02	3.723713e+00
5.130000e-06	-5.278545e-02	3.964271e+00
5.140000e-06	-2.726274e-02	4.166301e+00
5.150000e-06	9.004847e-02	4.430063e+00
5.160000e-06	-3.966315e-02	4.753746e+00
5.170000e-06	1.930534e-02	4.954950e+00
5.180000e-06	6.368251e-02	5.333348e+00
5.190000e-06	-1.151962e-01	5.607481e+00
5.200000e-06	5.306857e-02	5.920688e+00
5.210000e-06	-4.087069e-02	6.175301e+00
5.220000e-06	3.751877e-02	6.386430e+00
5.230000e-06	-8.897336e-03	6.711764e+00
5.240000e-06	-4.211251e-02	6.956903e+00
5.250000e-06	2.361158e-02	7.217508e+00
5.260000e-06	-4.303535e-02	7.533794e+00
5.270000e-06	2.577391e-02	7.827425e+00
5.280000e-06	-4.943285e-02	8.102641e+00
5.290000e-06	3.030833e-02	8.333771e+00
5.300000e-06	6.326539e-03	8.604323e+00
5.310000e-06	-2.293116e-02	8.775896e+00
5.320000e-06	-1.479732e-03	9.049939e+00
5.330000e-06	-5.200888e-02	9.271039e+00
5.340000e-06	1.846531e-02	9.483266e+00
5.350000e-06	-5.746301e-03	9.774796e+00
5.360000e-06	9.175160e-03	9.976349e+00
5.370000e-06	-3.097468e-02	1.025640e+01
5.380000e-06	-5.928460e-03	1.038691e+01
5.390000e-06	-5.145348e-03	1.064096e+01
5.400000e-06	-2.193443e-02	1.084856e+01
5.410000e-06	-1.487101e-02	1.106958e+01
5.420000e-06	-1.962016e-02	1.128952e+01
5.430000e-06	1.107716e-02	1.148319e+01
5.440000e-06	-1.280350e-02	1.164231e+01
5.450000e-06	-1.662226e-02	1.188264e+01
5.460000e-06	-3.372500e-02	1.210081e+01
5.470000e-06	-4.907157e-03	1.225064e+01
5.480000e-06	-3.965935e-03	1.246011e+01
5.490000e-06	-8.864071e-03	1.265043e+01
5.500000e-06	-2.405892e-02	1.280795e+01
5.510000e-06	-2.012503e-02	1.297535e+01
5.520000e-06	-9.914057e-03	1.312322e+01
5.530000e-06	-1.824061e-02	1.330364e+01
5.540000e-06	-2.353436e-02	1.345801e+01
5.550000e-06	-2.338894e-02	1.361685e+01
5.560000e-06	-2.340138e-03	1.374475e+01
5.570000e-06	-9.508421e-03	1.387161e+01
5.580000e-06	-2.061421e-02	1.405748e+01
5.590000e-06	-3.484573e-02	1.417689e+01
5.600000e-06	-2.067016e-02	1.431366e+01
5.610000e-06	-1.410500e-02	1.441751e+01
5.620000e-06	-1.776919e-02	1.455574e+01
5.630000e-06	-2.778271e-02	1.463106e+01
5.640000e-06	-2.486486e-02	1.477682e+01
5.650000e-06	-1.427911e-02	1.484848e+01
5.660000e-06	-2.128977e-02	1.493424e+01
5.670000e-06	-2.834645e-02	1.502843e+01
5.680000e-06	-3.301061e-02	1.507264e+01
5.690000e-06	-2.003159e-02	1.515475e+01
5.700000e-06	-2.097881e-02	1.525006e+01
5.710000e-06	-3.000079e-02	1.532314e+01
5.720000e-06	-3.965909e-02	1.537484e+01
5.730000e-06	-3.409532e-02	1.535898e+01
5.740000e-06	-2.384511e-02	1.543808e+01
5.750000e-06	-2.846547e-02	1.546366e+01
5.760000e-06	-3.542583e-02	1.553469e+01
5.770000e-06	-3.885932e-02	1.556730e+01
5.780000e-06	-3.186188e-02	1.555839e+01
5.790000e-06	-3.725604e-02	1.556785e+01
5.800000e-06	-4.739618e-02	1.561895e+01
5.810000e-06	-5.312354e-02	1.559935e+01
5.820000e-06	-4.619330e-02	1.561092e+01
5.830000e-06	-4.345560e-02	1.562086e+01
5.840000e-06	-5.443791e-02	1.561783e+01
5.850000e-06	-6.755942e-02	1.559792e+01
5.860000e-06	-7.442294e-02	1.556632e+01
5.870000e-06	-7.887337e-02	1.556426e+01
5.880000e-06	-9.737561e-02	1.551318e+01
5.890000e-06	-1.288614e-01	1.547318e+01
5.900000e-06	-1.713357e-01	1.538050e+01
5.910000e-06	-2.216013e-01	1.537747e+01
5.920000e-06	-2.497600e-01	1.534422e+01
5.930000e-06	-2.500000e-01	1.524113e+01
5.940000e-06	-2.500000e-01	1.520747e+01
5.950000e-06	-2.488000e-01	1.516679e+01
5.960000e-06	-2.186188e-01	1.503316e+01
5.970000e-06	-1.526585e-01	1.495692e+01
5.980000e-06	-1.104881e-01	1.490261e+01
5.990000e-06	-8.186839e-02	1.478934e+01
6.000000e-06	-5.665064e-02	1.468413e+01
6.010000e-06	-4.460378e-02	1.457002e+01
6.020000e-06	-4.212381e-02	1.446276e+01
6.030000e-06	-4.027370e-02	1.438690e+01
6.040000e-06	-3.179598e-02	1.423255e+01
6.050000e-06	-2.527696e-02	1.409576e+01
6.060000e-06	-2.794486e-02	1.394837e+01
6.070000e-06	-3.018296e-02	1.382103e+01
6.080000e-06	-2.690968e-02	1.367466e+01
6.090000e-06	-1.996994e-02	1.347624e+01
6.100000e-06	-1.977691e-02	1.339950e+01
6.110000e-06	-2.550494e-02	1.325198e+01
6.120000e-06	-2.474701e-02	1.304365e+01
6.130000e-06	-1.995124e-02	1.293526e+01
6.140000e-06	-1.692480e-02	1.273789e+01
6.150000e-06	-2.127498e-02	1.259102e+01
6.160000e-06	-2.301324e-02	1.241152e+01
6.170000e-06	-1.922862e-02	1.222213e+01
6.180000e-06	-1.469089e-02	1.207275e+01
6.190000e-06	-1.655197e-02	1.186310e+01
6.200000e-06	-2.071149e-02	1.164365e+01
6.210000e-06	-1.912756e-02	1.143262e+01
6.220000e-06	-1.380548e-02	1.121102e+01
6.230000e-06	-1.200364e-02	1.099058e+01
6.240000e-06	-1.686641e-02	1.080252e+01
6.250000e-06	-1.848367e-02	1.059952e+01
6.260000e-06	-1.405681e-02	1.035947e+01
6.270000e-06	-1.138197e-02	1.015847e+01
6.280000e-06	-1.300112e-02	9.947737e+00
6.290000e-06	-1.615595e-02	9.676731e+00
6.300000e-06	-1.340464e-02	9.445627e+00
6.310000e-06	-1.026109e-02	9.222676e+00
6.320000e-06	-1.127373e-02	9.020049e+00
6.330000e-06	-1.509628e-02	8.759891e+00
6.340000e-06	-1.535964e-02	8.518364e+00
6.350000e-06	-1.065762e-02	8.275707e+00
6.360000e-06	-8.194714e-03	8.043149e+00
6.370000e-06	-1.071944e-02	7.790393e+00
6.380000e-06	-1.299269e-02	7.546260e+00
6.390000e-06	-9.233810e-03	7.222549e+00
6.400000e-06	-9.823569e-03	6.990020e+00
6.410000e-06	-1.071931e-02	6.698314e+00
6.420000e-06	-1.391005e-02	6.473525e+00
6.430000e-06	-1.083617e-02	6.209419e+00
6.440000e-06	-6.825809e-03	5.919411e+00
6.450000e-06	-5.729246e-03	5.644076e+00
6.460000e-06	-8.862411e-03	5.382519e+00
6.470000e-06	-1.083454e-02	5.034598e+00
6.480000e-06	-1.064379e-02	4.729841e+00
6.490000e-06	-9.259831e-03	4.453681e+00
6.500000e-06	-8.291657e-03	4.211591e+00
6.510000e-06	-1.021818e-02	3.935856e+00
6.520000e-06	-7.267910e-03	3.625152e+00
6.530000e-06	-5.700144e-03	3.372389e+00
6.540000e-06	-4.257138e-03	3.045129e+00
6.550000e-06	-7.956669e-03	2.792569e+00
6.560000e-06	-8.990305e-03	2.517758e+00
6.570000e-06	-6.988056e-03	2.202039e+00
6.580000e-06	-6.029757e-03	1.948891e+00
6.590000e-06	-8.904030e-03	1.634699e+00
6.600000e-06	-9.939050e-03	1.297334e+00
6.610000e-06	-7.087649e-03	1.012495e+00
6.620000e-06	-2.779400e-03	7.078094e-01
6.630000e-06	-2.059806e-03	4.230743e-01
6.640000e-06	-3.378530e-03	1.308846e-01
6.650000e-06	4.448803e-04	-1.443195e-01
6.660000e-06	8.670582e-03	-4.280274e-01
6.670000e-06	-1.328048e-03	-6.717417e-01
6.680000e-06	-3.905107e-04	-9.863531e-01
6.690000e-06	-4.941547e-03	-1.251059e+00
6.700000e-06	7.639561e-04	-1.553498e+00
6.710000e-06	6.451255e-03	-1.796926e+00
6.720000e-06	3.898297e-02	-2.027504e+00
6.730000e-06	9.767357e-02	-2.321194e+00
6.740000e-06	9.855156e-03	-2.689595e+00
6.750000e-06	-5.679457e-02	-3.080225e+00
6.760000e-06	-1.540335e-02	-3.366506e+00
6.770000e-06	-4.156299e-02	-3.588480e+00
6.780000e-06	-6.009256e-02	-3.779584e+00
6.790000e-06	1.800085e-02	-4.061084e+00
6.800000e-06	1.053230e-01	-4.258034e+00
6.810000e-06	-1.123519e-01	-4.605328e+00
6.820000e-06	1.566268e-01	-4.831609e+00
6.830000e-06	-6.586409e-02	-5.121700e+00
6.840000e-06	-7.230645e-03	-5.502817e+00
6.850000e-06	5.373598e-02	-5.774222e+00
6.860000e-06	-1.032350e-01	-6.000018e+00
6.870000e-06	1.482396e-01	-6.282188e+00
6.880000e-06	-7.718574e-02	-6.554302e+00
6.890000e-06	5.779954e-02	-6.851613e+00
6.900000e-06	-5.941010e-03	-7.081667e+00
6.910000e-06	-4.409218e-02	-7.398485e+00
6.920000e-06	7.735887e-02	-7.620063e+00
6.930000e-06	-7.604729e-02	-7.933376e+00
6.940000e-06	1.123060e-01	-8.187406e+00
6.950000e-06	-4.885439e-02	-8.427464e+00
6.960000e-06	3.915302e-02	-8.704321e+00
6.970000e-06	7.265644e-03	-8.953324e+00
6.980000e-06	-5.153728e-02	-9.164982e+00
6.990000e-06	6.128848e-02	-9.395355e+00
7.000000e-06	-3.842183e-02	-9.627963e+00
7.010000e-06	9.427117e-02	-9.860140e+00
7.020000e-06	-4.353801e-02	-1.014012e+01
7.030000e-06	4.785741e-02	-1.030479e+01
7.040000e-06	-2.895033e-02	-1.056373e+01
7.050000e-06	1.815414e-02	-1.076477e+01
7.060000e-06	1.279242e-02	-1.096375e+01
7.070000e-06	-2.113264e-03	-1.117625e+01
7.080000e-06	4.155274e-02	-1.134737e+01
7.090000e-06	-1.078584e-02	-1.160793e+01
7.100000e-06	3.929998e-02	-1.182698e+01
7.110000e-06	-2.488393e-02	-1.199844e+01
7.120000e-06	3.071017e-02	-1.219893e+01
7.130000e-06	-3.604533e-03	-1.234691e+01
7.140000e-06	4.143418e-02	-1.257482e+01
7.150000e-06	4.178676e-03	-1.274332e+01
7.160000e-06	1.386293e-02	-1.291374e+01
7.170000e-06	2.096043e-03	-1.306096e+01
7.180000e-06	1.181964e-02	-1.327049e+01
7.190000e-06	1.514847e-02	-1.340595e+01
7.200000e-06	1.294247e-02	-1.350378e+01
7.210000e-06	2.457663e-02	-1.372211e+01
7.220000e-06	1.690410e-02	-1.384858e+01
7.230000e-06	2.079678e-02	-1.402540e+01
7.240000e-06	2.572931e-03	-1.412220e+01
7.250000e-06	1.145712e-02	-1.425006e+01
7.260000e-06	1.122753e-02	-1.439490e+01
7.270000e-06	2.740657e-02	-1.450221e+01
7.280000e-06	1.811503e-02	-1.459846e+01
7.290000e-06	2.110143e-02	-1.473274e+01
7.300000e-06	1.269165e-02	-1.483748e+01
7.310000e-06	2.149487e-02	-1.492322e+01
7.320000e-06	1.711400e-02	-1.500645e+01
7.330000e-06	1.997727e-02	-1.506261e+01
7.340000e-06	2.046621e-02	-1.513322e+01
7.350000e-06	2.555117e-02	-1.522946e+01
7.360000e-06	2.462345e-02	-1.527311e+01
7.370000e-06	1.896867e-02	-1.533482e+01
7.380000e-06	1.760621e-02	-1.538845e+01
7.390000e-06	2.219899e-02	-1.545009e+01
7.400000e-06	3.153671e-02	-1.550172e+01
7.410000e-06	3.032730e-02	-1.556625e+01
7.420000e-06	2.947130e-02	-1.558585e+01
7.430000e-06	2.765205e-02	-1.566688e+01
7.440000e-06	3.152954e-02	-1.564758e+01
7.450000e-06	3.149209e-02	-1.569906e+01
7.460000e-06	3.328100e-02	-1.565213e+01
7.470000e-06	3.703127e-02	-1.568108e+01
7.480000e-06	4.397659e-02	-1.569009e+01
7.490000e-06	5.063638e-02	-1.564054e+01
7.500000e-06	5.232371e-02	-1.564051e+01
7.510000e-06	5.361763e-02	-1.563948e+01
7.520000e-06	6.388273e-02	-1.562690e+01
7.530000e-06	7.939575e-02	-1.556698e+01
7.540000e-06	9.793866e-02	-1.555584e+01
7.550000e-06	1.240707e-01	-1.549369e+01
7.560000e-06	1.685060e-01	-1.545003e+01
7.570000e-06	2.256471e-01	-1.537940e+01
7.580000e-06	2.499500e-01	-1.533481e+01
7.590000e-06	2.500000e-01	-1.529324e+01
7.600000e-06	2.500000e-01	-1.522995e+01
7.610000e-06	2.474887e-01	-1.514374e+01
7.620000e-06	2.077055e-01	-1.507313e+01
7.630000e-06	1.380075e-01	-1.497935e+01
7.640000e-06	9.067360e-02	-1.491163e+01
7.650000e-06	6.487791e-02	-1.481000e+01
7.660000e-06	4.973541e-02	-1.470434e+01
7.670000e-06	3.894442e-02	-1.461897e+01
7.680000e-06	3.062250e-02	-1.450466e+01
7.690000e-06	2.539813e-02	-1.435587e+01
7.700000e-06	2.361393e-02	-1.422053e+01
7.710000e-06	2.162806e-02	-1.414681e+01
7.720000e-06	1.776727e-02	-1.399894e+01
7.730000e-06	1.470623e-02	-1.385165e+01
7.740000e-06	1.549363e-02	-1.367572e+01
7.750000e-06	1.586203e-02	-1.352580e+01
7.760000e-06	1.363161e-02	-1.338948e+01
7.770000e-06	1.092618e-02	-1.320910e+01
7.780000e-06	1.079226e-02	-1.307268e+01
7.790000e-06	1.074030e-02	-1.290574e+01
7.800000e-06	1.091729e-02	-1.272734e+01
7.810000e-06	9.165164e-03	-1.258850e+01
7.820000e-06	7.922382e-03	-1.243105e+01
7.830000e-06	8.679708e-03	-1.220208e+01
7.840000e-06	8.392207e-03	-1.204463e+01
7.850000e-06	6.208319e-03	-1.186151e+01
7.860000e-06	4.008380e-03	-1.163207e+01
7.870000e-06	4.503709e-03	-1.141250e+01
7.880000e-06	5.221524e-03	-1.117649e+01
7.890000e-06	4.956056e-03	-1.095974e+01
7.900000e-06	3.277061e-03	-1.072844e+01
7.910000e-06	2.712528e-03	-1.059849e+01
7.920000e-06	3.592680e-03	-1.033832e+01
7.930000e-06	3.581962e-03	-1.012528e+01
7.940000e-06	2.820179e-03	-9.915233e+00
7.950000e-06	4.510976e-04	-9.705231e+00
7.960000e-06	1.179318e-03	-9.464027e+00
7.970000e-06	1.010976e-03	-9.191498e+00
7.980000e-06	-4.159687e-05	-9.010544e+00
7.990000e-06	-1.431969e-03	-8.739419e+00
8.000000e-06	-1.370384e-03	-8.496785e+00
8.010000e-06	-1.943240e-04	-8.253681e+00
8.020000e-06	-2.878693e-04	-8.052548e+00
8.030000e-06	-1.666763e-03	-7.737312e+00
8.040000e-06	-2.413525e-03	-7.452128e+00
8.050000e-06	-2.084527e-03	-7.190449e+00
8.060000e-06	-3.042521e-03	-6.917864e+00
8.070000e-06	-3.432386e-03	-6.643254e+00
8.080000e-06	-5.348601e-03	-6.382077e+00
8.090000e-06	-2.977064e-03	-6.128813e+00
8.100000e-06	-2.900196e-03	-5.904128e+00
8.110000e-06	-3.477998e-03	-5.561977e+00
8.120000e-06	-4.745147e-03	-5.283783e+00
8.130000e-06	-5.472575e-03	-5.011471e+00
8.140000e-06	-4.645769e-03	-4.672207e+00
8.150000e-06	-4.867416e-03	-4.402574e+00
8.160000e-06	-6.243478e-03	-4.169917e+00
8.170000e-06	-6.380672e-03	-3.858334e+00
8.180000e-06	-6.371555e-03	-3.591999e+00
8.190000e-06	-6.790941e-03	-3.328336e+00
8.200000e-06	-8.096565e-03	-3.063196e+00
8.210000e-06	-7.438644e-03	-2.758414e+00
8.220000e-06	-7.408369e-03	-2.465258e+00
8.230000e-06	-5.717082e-03	-2.200489e+00
8.240000e-06	-6.700670e-03	-1.877231e+00
8.250000e-06	-8.064124e-03	-1.573569e+00
8.260000e-06	-9.012132e-03	-1.264707e+00
8.270000e-06	-8.997781e-03	-9.813940e-01
8.280000e-06	-8.339083e-03	-6.777849e-01
8.290000e-06	-8.331978e-03	-3.810201e-01
8.300000e-06	-6.317304e-03	-1.278609e-01
8.310000e-06	5.299595e-04	1.559034e-01
8.320000e-06	4.465107e-03	4.310862e-01
8.330000e-06	-3.580819e-03	6.741903e-01
8.340000e-06	2.395521e-04	9.663045e-01
8.350000e-06	-5.606347e-03	1.301639e+00
8.360000e-06	-1.143593e-03	1.585903e+00
8.370000e-06	-1.280158e-03	1.831088e+00
8.380000e-06	2.136175e-02	2.091636e+00
8.390000e-06	6.923913e-02	2.313293e+00
8.400000e-06	4.233138e-02	2.663263e+00
8.410000e-06	-7.483957e-02	3.017834e+00
8.420000e-06	-3.503012e-02	3.281113e+00
8.430000e-06	-3.641196e-02	3.578931e+00
8.440000e-06	-3.129484e-02	3.819584e+00
8.450000e-06	-6.836647e-02	4.062081e+00
8.460000e-06	4.965051e-02	4.294169e+00
8.470000e-06	5.253355e-02	4.606429e+00
8.480000e-06	-7.385325e-02	4.872633e+00
8.490000e-06	1.199948e-01	5.165903e+00
8.500000e-06	-8.390932e-02	5.532658e+00
8.510000e-06	-1.223653e-02	5.745402e+00
8.520000e-06	1.432248e-02	6.070535e+00
8.530000e-06	-2.342244e-02	6.272113e+00
8.540000e-06	5.069387e-02	6.554876e+00
8.550000e-06	-6.244616e-02	6.820635e+00
8.560000e-06	1.811426e-02	7.114164e+00
8.570000e-06	-2.591020e-02	7.386880e+00
8.580000e-06	-1.081553e-03	7.671134e+00
8.590000e-06	-1.072693e-02	7.925273e+00
8.600000e-06	-2.458803e-02	8.209485e+00
8.610000e-06	4.344196e-02	8.440583e+00
8.620000e-06	-2.707813e-02	8.652157e+00
8.630000e-06	-1.209410e-04	8.883149e+00
8.640000e-06	-3.435609e-02	9.143397e+00
8.650000e-06	-2.222714e-02	9.415850e+00
8.660000e-06	1.944086e-02	9.596534e+00
8.670000e-06	-8.771599e-03	9.889583e+00
8.680000e-06	-1.853107e-03	1.008112e+01
8.690000e-06	-3.163355e-02	1.033167e+01
8.700000e-06	7.933318e-03	1.054267e+01
8.710000e-06	-2.200303e-02	1.073327e+01
8.720000e-06	-1.648496e-02	1.088584e+01
8.730000e-06	-1.929162e-02	1.116635e+01
8.740000e-06	-5.211030e-03	1.139490e+01
8.750000e-06	6.537257e-03	1.160792e+01
8.760000e-06	-2.105274e-02	1.177795e+01
8.770000e-06	-2.242053e-02	1.198643e+01
8.780000e-06	-2.518304e-02	1.220738e+01
8.790000e-06	1.508375e-03	1.235587e+01
8.800000e-06	-8.181537e-03	1.256330e+01
8.810000e-06	-1.601805e-02	1.269269e+01
8.820000e-06	-2.338088e-02	1.289062e+01
8.830000e-06	-1.436723e-02	1.306006e+01
8.840000e-06	-1.093400e-02	1.317640e+01
8.850000e-06	-2.404783e-02	1.337432e+01
8.860000e-06	-2.383579e-02	1.351322e+01
8.870000e-06	-1.371407e-02	1.369256e+01
8.880000e-06	-2.606675e-03	1.377946e+01
8.890000e-06	-1.660334e-02	1.393625e+01
8.900000e-06	-3.135362e-02	1.406324e+01
8.910000e-06	-2.861900e-02	1.425051e+01
8.920000e-06	-1.536652e-02	1.437645e+01
8.930000e-06	-1.210198e-02	1.449316e+01
8.940000e-06	-2.449400e-02	1.461735e+01
8.950000e-06	-2.633690e-02	1.467272e+01
8.960000e-06	-1.918870e-02	1.478850e+01
8.970000e-06	-1.682990e-02	1.489258e+01
8.980000e-06	-2.678836e-02	1.496487e+01
8.990000e-06	-3.291840e-02	1.505898e+01
9.000000e-06	-2.545632e-02	1.513379e+01
9.010000e-06	-1.867296e-02	1.517790e+01
9.020000e-06	-2.260587e-02	1.524051e+01
9.030000e-06	-3.699321e-02	1.535214e+01
9.040000e-06	-3.820291e-02	1.538685e+01
9.050000e-06	-2.852725e-02	1.542900e+01
9.060000e-06	-2.444248e-02	1.544166e+01
9.070000e-06	-3.261532e-02	1.551519e+01
9.080000e-06	-3.916871e-02	1.554629e+01
9.090000e-06	-3.431051e-02	1.554635e+01
9.100000e-06	-3.391564e-02	1.559785e+01
9.110000e-06	-4.188272e-02	1.557687e+01
9.120000e-06	-5.220064e-02	1.557890e+01
9.130000e-06	-4.936113e-02	1.560895e+01
9.140000e-06	-4.480873e-02	1.560900e+01
9.150000e-06	-4.683196e-02	1.560890e+01
9.160000e-06	-6.353319e-02	1.560742e+01
9.170000e-06	-7.150817e-02	1.556839e+01
9.180000e-06	-7.641105e-02	1.555634e+01
9.190000e-06	-8.648809e-02	1.552571e+01
9.200000e-06	-1.115732e-01	1.546416e+01
9.210000e-06	-1.494262e-01	1.547263e+01
9.220000e-06	-1.961218e-01	1.537798e+01
9.230000e-06	-2.417970e-01	1.534627e+01
9.240000e-06	-2.500000e-01	1.530326e+01
9.250000e-06	-2.500000e-01	1.522908e+01
9.260000e-06	-2.500000e-01	1.520682e+01
9.270000e-06	-2.393102e-01	1.513524e+01
9.280000e-06	-1.832454e-01	1.500002e+01
9.290000e-06	-1.260491e-01	1.489514e+01
9.300000e-06	-9.547682e-02	1.484953e+01
9.310000e-06	-6.862455e-02	1.470631e+01
9.320000e-06	-5.079740e-02	1.463007e+01
9.330000e-06	-4.245740e-02	1.455531e+01
9.340000e-06	-4.263313e-02	1.440097e+01
9.350000e-06	-3.764550e-02	1.431324e+01
9.360000e-06	-2.667646e-02	1.415942e+01
9.370000e-06	-2.635964e-02	1.401258e+01
9.380000e-06	-2.712230e-02	1.388324e+01
9.390000e-06	-2.884920e-02	1.373677e+01
9.400000e-06	-2.401638e-02	1.359148e+01
9.410000e-06	-1.873592e-02	1.345218e+01
9.420000e-06	-2.423128e-02	1.331728e+01
9.430000e-06	-2.621351e-02	1.313633e+01
9.440000e-06	-2.489508e-02	1.297940e+01
9.450000e-06	-1.707544e-02	1.283110e+01
9.460000e-06	-1.715836e-02	1.267313e+01
9.470000e-06	-2.047898e-02	1.250576e+01
9.480000e-06	-2.133430e-02	1.233781e+01
9.490000e-06	-1.616015e-02	1.215681e+01
9.500000e-06	-1.418555e-02	1.193892e+01
9.510000e-06	-2.011500e-02	1.174879e+01
9.520000e-06	-2.146100e-02	1.153724e+01
9.530000e-06	-1.762486e-02	1.133683e+01
9.540000e-06	-1.151588e-02	1.108421e+01
9.550000e-06	-1.437981e-02	1.089624e+01
9.560000e-06	-1.716213e-02	1.069436e+01
9.570000e-06	-1.620668e-02	1.045426e+01
9.580000e-06	-1.114334e-02	1.025360e+01
9.590000e-06	-1.131178e-02	1.001420e+01
9.600000e-06	-1.500151e-02	9.808494e+00
9.610000e-06	-1.727665e-02	9.569868e+00
9.620000e-06	-1.307450e-02	9.347313e+00
9.630000e-06	-1.021543e-02	9.108335e+00
9.640000e-06	-1.307153e-02	8.875127e+00
9.650000e-06	-1.413184e-02	8.653576e+00
9.660000e-06	-1.201199e-02	8.402021e+00
9.670000e-06	-7.955863e-03	8.138884e+00
9.680000e-06	-9.198237e-03	7.886778e+00
9.690000e-06	-1.289117e-02	7.623203e+00
9.700000e-06	-1.350316e-02	7.319361e+00
9.710000e-06	-1.069715e-02	7.096682e+00
9.720000e-06	-8.626752e-03	6.853675e+00
9.730000e-06	-1.091933e-02	6.580419e+00
9.740000e-06	-1.136197e-02	6.306308e+00
9.750000e-06	-9.330670e-03	6.035206e+00
9.760000e-06	-6.792386e-03	5.803448e+00
9.770000e-06	-9.070896e-03	5.507858e+00
9.780000e-06	-1.106923e-02	5.192051e+00
9.790000e-06	-1.047667e-02	4.874128e+00
9.800000e-06	-7.019382e-03	4.601023e+00
9.810000e-06	-6.148119e-03	4.318789e+00
9.820000e-06	-8.940192e-03	4.024648e+00
9.830000e-06	-1.058181e-02	3.740889e+00
9.840000e-06	-7.692375e-03	3.497255e+00
9.850000e-06	-5.889430e-03	3.191019e+00
9.860000e-06	-7.059598e-03	2.926883e+00
9.870000e-06	-8.274229e-03	2.653648e+00
9.880000e-06	-6.875612e-03	2.338265e+00
9.890000e-06	-6.208901e-03	2.044124e+00
9.900000e-06	-6.654246e-03	1.769993e+00
9.910000e-06	-8.320798e-03	1.466252e+00
9.920000e-06	-7.597124e-03	1.180945e+00
9.930000e-06	-5.509573e-03	8.130731e-01
9.940000e-06	-3.111978e-03	5.403862e-01
9.950000e-06	-4.098445e-03	2.967531e-01
9.960000e-06	-3.350497e-03	-3.053743e-02
9.970000e-06	4.518655e-03	-3.017404e-01
9.980000e-06	6.519557e-03	-5.657508e-01
9.990000e-06	-1.890180e-03	-8.300861e-01
1.000000e-05	1.601547e-03	-1.123192e+00
1.001000e-05	-2.272975e-03	-1.399333e+00
1.002000e-05	2.735240e-03	-1.681139e+00
1.003000e-05	1.490562e-02	-1.924268e+00
1.004000e-05	7.296295e-02	-2.175776e+00
1.005000e-05	7.895069e-02	-2.501193e+00
1.006000e-05	-6.372398e-02	-2.911152e+00
1.007000e-05	-1.792758e-02	-3.238669e+00
1.008000e-05	-3.805480e-02	-3.512216e+00
1.009000e-05	-3.646325e-02	-3.724273e+00
1.010000e-05	-5.639474e-02	-3.956926e+00
1.011000e-05	1.329660e-01	-4.154824e+00
1.012000e-05	-4.835989e-02	-4.396961e+00
1.013000e-05	2.197090e-03	-4.724248e+00
1.014000e-05	9.275628e-02	-4.996322e+00
1.015000e-05	-1.280241e-01	-5.322349e+00
1.016000e-05	1.176362e-01	-5.618055e+00
1.017000e-05	-1.080565e-01	-5.849639e+00
1.018000e-05	6.212270e-02	-6.167851e+00
1.019000e-05	5.114270e-02	-6.385882e+00
1.020000e-05	-6.213845e-02	-6.742269e+00
1.021000e-05	9.329548e-02	-6.995877e+00
1.022000e-05	-1.003326e-01	-7.268616e+00
1.023000e-05	7.849655e-02	-7.533822e+00
1.024000e-05	-3.202977e-02	-7.788384e+00
1.025000e-05	2.191461e-02	-8.100743e+00
1.026000e-05	5.971176e-02	-8.321763e+00
1.027000e-05	-5.906914e-02	-8.616355e+00
1.028000e-05	8.898891e-02	-8.830555e+00
1.029000e-05	-8.534522e-02	-9.080612e+00
1.030000e-05	5.328956e-02	-9.301247e+00
1.031000e-05	-1.708940e-02	-9.503641e+00
1.032000e-05	4.431076e-02	-9.755851e+00
1.033000e-05	2.876067e-02	-9.965429e+00
1.034000e-05	-1.985742e-02	-1.020846e+01
1.035000e-05	3.902942e-02	-1.044904e+01
1.036000e-05	-4.284955e-02	-1.068114e+01
1.037000e-05	5.596129e-02	-1.082909e+01
1.038000e-05	-3.051670e-02	-1.108059e+01
1.039000e-05	5.156968e-02	-1.127113e+01
1.040000e-05	-7.426937e-03	-1.151067e+01
1.041000e-05	3.060200e-02	-1.173287e+01
1.042000e-05	-3.987701e-03	-1.194477e+01
1.043000e-05	3.696726e-03	-1.210280e+01
1.044000e-05	1.694457e-02	-1.230209e+01
1.045000e-05	1.570199e-02	-1.251169e+01
1.046000e-05	3.292644e-02	-1.264959e+01
1.047000e-05	-2.253610e-03	-1.285911e+01
1.048000e-05	1.704847e-02	-1.298905e+01
1.049000e-05	-3.036397e-03	-1.318493e+01
1.050000e-05	2.334979e-02	-1.335272e+01
1.051000e-05	3.933458e-03	-1.348011e+01
1.052000e-05	2.673860e-02	-1.364748e+01
1.053000e-05	1.543773e-02	-1.376638e+01
1.054000e-05	2.512861e-02	-1.392527e+01
1.055000e-05	7.019686e-03	-1.405003e+01
1.056000e-05	8.778402e-03	-1.416685e+01
1.057000e-05	9.197368e-03	-1.434272e+01
1.058000e-05	2.275393e-02	-1.442106e+01
1.059000e-05	2.228167e-02	-1.456540e+01
1.060000e-05	2.041863e-02	-1.466063e+01
1.061000e-05	1.661306e-02	-1.472640e+01
1.062000e-05	1.600555e-02	-1.487166e+01
1.063000e-05	2.029760e-02	-1.496477e+01
1.064000e-05	1.524672e-02	-1.502858e+01
1.065000e-05	2.171938e-02	-1.509317e+01
1.066000e-05	2.117061e-02	-1.521678e+01
1.067000e-05	2.814981e-02	-1.527111e+01
1.068000e-05	1.918860e-02	-1.531516e+01
1.069000e-05	1.989382e-02	-1.537685e+01
1.070000e-05	1.847153e-02	-1.545950e+01
1.071000e-05	2.868076e-02	-1.546309e+01
1.072000e-05	2.991025e-02	-1.548429e+01
1.073000e-05	2.922125e-02	-1.557542e+01
1.074000e-05	2.873498e-02	-1.563888e+01
1.075000e-05	2.992047e-02	-1.565800e+01
1.076000e-05	3.331525e-02	-1.566001e+01
1.077000e-05	3.168122e-02	-1.565964e+01
1.078000e-05	3.567286e-02	-1.567948e+01
1.079000e-05	4.067564e-02	-1.567161e+01
1.080000e-05	4.800581e-02	-1.570261e+01
1.081000e-05	5.156380e-02	-1.565061e+01
1.082000e-05	5.195721e-02	-1.565998e+01
1.083000e-05	5.644457e-02	-1.566793e+01
1.084000e-05	7.221308e-02	-1.561732e+01
1.085000e-05	8.657151e-02	-1.553582e+01
1.086000e-05	1.109856e-01	-1.552522e+01
1.087000e-05	1.442365e-01	-1.544361e+01
1.088000e-05	2.013786e-01	-1.544853e+01
1.089000e-05	2.444367e-01	-1.539935e+01
1.090000e-05	2.500000e-01	-1.537484e+01
1.091000e-05	2.500000e-01	-1.528162e+01
1.092000e-05	2.500000e-01	-1.515735e+01
1.093000e-05	2.337056e-01	-1.507313e+01
1.094000e-05	1.704858e-01	-1.502995e+01
1.095000e-05	1.108316e-01	-1.492424e+01
1.096000e-05	7.633977e-02	-1.488003e+01
1.097000e-05	5.699715e-02	-1.476734e+01
1.098000e-05	4.493405e-02	-1.469253e+01
1.099000e-05	3.279172e-02	-1.452579e+01
1.100000e-05	2.711115e-02	-1.444258e+01
1.101000e-05	2.468966e-02	-1.430371e+01
1.102000e-05	2.311765e-02	-1.417750e+01
1.103000e-05	1.886390e-02	-1.404048e+01
1.104000e-05	1.532204e-02	-1.392476e+01
1.105000e-05	1.605240e-02	-1.376744e+01
1.106000e-05	1.649708e-02	-1.361097e+01
1.107000e-05	1.650111e-02	-1.345321e+01
1.108000e-05	1.202011e-02	-1.330526e+01
1.109000e-05	1.042490e-02	-1.313879e+01
1.110000e-05	1.011114e-02	-1.302995e+01
1.111000e-05	1.055792e-02	-1.289263e+01
1.112000e-05	8.696958e-03	-1.268316e+01
1.113000e-05	8.912129e-03	-1.252372e+01
1.114000e-05	9.613233e-03	-1.232581e+01
1.115000e-05	8.633585e-03	-1.214877e+01
1.116000e-05	6.986551e-03	-1.190679e+01
1.117000e-05	3.954236e-03	-1.174632e+01
1.118000e-05	1.707733e-03	-1.151626e+01
1.119000e-05	6.958367e-03	-1.124516e+01
1.120000e-05	5.076821e-03	-1.106266e+01
1.121000e-05	6.536462e-03	-1.084318e+01
1.122000e-05	4.851313e-03	-1.069266e+01
1.123000e-05	3.370566e-03	-1.047513e+01
1.124000e-05	4.761382e-03	-1.025308e+01
1.125000e-05	-1.340922e-03	-1.001197e+01
1.126000e-05	-1.486968e-04	-9.759949e+00
1.127000e-05	-1.789123e-03	-9.530419e+00
1.128000e-05	3.674097e-03	-9.314937e+00
1.129000e-05	2.005544e-03	-9.096706e+00
1.130000e-05	1.193731e-03	-8.894157e+00
1.131000e-05	-8.775138e-04	-8.673021e+00
1.132000e-05	-3.741875e-05	-8.379992e+00
1.133000e-05	2.208314e-04	-8.147919e+00
1.134000e-05	-3.637845e-03	-7.845256e+00
1.135000e-05	-4.523853e-03	-7.591545e+00
1.136000e-05	-3.314346e-03	-7.366811e+00
1.137000e-05	-1.078327e-03	-7.024977e+00
1.138000e-05	-2.743332e-03	-6.790450e+00
1.139000e-05	-3.394616e-03	-6.538336e+00
1.140000e-05	-2.947932e-03	-6.226153e+00
1.141000e-05	-1.466567e-03	-5.970919e+00
1.142000e-05	-3.828635e-03	-5.747262e+00
1.143000e-05	-6.054626e-03	-5.414078e+00
1.144000e-05	-7.376892e-03	-5.159891e+00
1.145000e-05	-5.823155e-03	-4.844049e+00
1.146000e-05	-4.240403e-03	-4.496291e+00
1.147000e-05	-4.967192e-03	-4.286787e+00
1.148000e-05	-4.912177e-03	-4.034076e+00
1.149000e-05	-4.753871e-03	-3.749286e+00
1.150000e-05	-4.481538e-03	-3.506204e+00
1.151000e-05	-8.258786e-03	-3.191044e+00
1.152000e-05	-8.020422e-03	-2.866704e+00
1.153000e-05	-8.337737e-03	-2.591647e+00
1.154000e-05	-5.884328e-03	-2.349836e+00
1.155000e-05	-6.216570e-03	-2.024499e+00
1.156000e-05	-7.430628e-03	-1.738939e+00
1.157000e-05	-8.563763e-03	-1.476726e+00
1.158000e-05	-7.334839e-03	-1.087834e+00
1.159000e-05	-8.071073e-03	-8.256791e-01
1.160000e-05	-7.695147e-03	-5.493376e-01
1.161000e-05	-7.539243e-03	-2.651770e-01
1.162000e-05	-4.009444e-03	2.798230e-02
1.163000e-05	5.205088e-03	3.432965e-01
1.164000e-05	-2.649445e-03	6.060033e-01
1.165000e-05	-7.460305e-05	8.299800e-01
1.166000e-05	-3.956637e-03	1.134847e+00
1.167000e-05	-6.161500e-04	1.427356e+00
1.168000e-05	-2.106946e-03	1.724821e+00
1.169000e-05	8.592107e-03	1.955950e+00
1.170000e-05	4.278389e-02	2.188431e+00
1.171000e-05	7.987563e-02	2.513249e+00
1.172000e-05	-3.423486e-02	2.871643e+00
1.173000e-05	-5.752238e-02	3.164843e+00
1.174000e-05	-3.638163e-02	3.469957e+00
1.175000e-05	-2.737445e-02	3.713666e+00
1.176000e-05	-5.546562e-02	3.955693e+00
1.177000e-05	-2.087637e-02	4.135351e+00
1.178000e-05	9.147903e-02	4.460089e+00
1.179000e-05	-4.659109e-02	4.745819e+00
1.180000e-05	3.218933e-02	5.005805e+00
1.181000e-05	5.067548e-02	5.345723e+00
1.182000e-05	-1.097213e-01	5.630583e+00
1.183000e-05	5.284328e-02	5.891713e+00
1.184000e-05	-4.317871e-02	6.186350e+00
1.185000e-05	4.223874e-02	6.378008e+00
1.186000e-05	-1.378123e-02	6.703268e+00
1.187000e-05	-3.602954e-02	6.985325e+00
1.188000e-05	2.081295e-02	7.208034e+00
1.189000e-05	-4.174678e-02	7.533696e+00
1.190000e-05	2.261730e-02	7.817906e+00
1.191000e-05	-4.985226e-02	8.121690e+00
1.192000e-05	3.244462e-02	8.315318e+00
1.193000e-05	3.976663e-03	8.553899e+00
1.194000e-05	-1.968420e-02	8.767432e+00
1.195000e-05	-4.548021e-03	9.038984e+00
1.196000e-05	-4.995948e-02	9.301587e+00
1.197000e-05	1.791740e-02	9.513667e+00
1.198000e-05	-8.897285e-03	9.744700e+00
1.199000e-05	7.434250e-03	9.987426e+00
1.200000e-05	-3.271459e-02	1.018895e+01
1.201000e-05	-4.536117e-04	1.041844e+01
1.202000e-05	-5.662745e-03	1.066994e+01
1.203000e-05	-2.007539e-02	1.084106e+01
1.204000e-05	-1.628951e-02	1.107109e+01
1.205000e-05	-1.991765e-02	1.130967e+01
1.206000e-05	9.182578e-03	1.150214e+01
1.207000e-05	-1.475038e-02	1.173177e+01
1.208000e-05	-1.629992e-02	1.189219e+01
1.209000e-05	-3.241112e-02	1.212217e+01
1.210000e-05	-2.654117e-03	1.231114e+01
1.211000e-05	-4.423965e-03	1.245066e+01
1.212000e-05	-8.768763e-03	1.260898e+01
1.213000e-05	-2.366525e-02	1.277695e+01
1.214000e-05	-1.936940e-02	1.297435e+01
1.215000e-05	-9.944689e-03	1.314329e+01
1.216000e-05	-1.919394e-02	1.329064e+01
1.217000e-05	-2.256415e-02	1.345148e+01
1.218000e-05	-2.288934e-02	1.358393e+01
1.219000e-05	-2.040809e-03	1.375524e+01
1.220000e-05	-1.134643e-02	1.388059e+01
1.221000e-05	-2.176160e-02	1.399988e+01
1.222000e-05	-3.466573e-02	1.420533e+01
1.223000e-05	-1.925459e-02	1.430424e+01
1.224000e-05	-1.379238e-02	1.443946e+01
1.225000e-05	-1.841955e-02	1.454577e+01
1.226000e-05	-2.730211e-02	1.467056e+01
1.227000e-05	-2.394184e-02	1.475732e+01
1.228000e-05	-1.384124e-02	1.484051e+01
1.229000e-05	-2.243402e-02	1.494424e+01
1.230000e-05	-2.951927e-02	1.497745e+01
1.231000e-05	-3.274665e-02	1.507259e+01
1.232000e-05	-1.909164e-02	1.516479e+01
1.233000e-05	-2.128669e-02	1.523796e+01
1.234000e-05	-3.015277e-02	1.529216e+01
1.235000e-05	-3.954115e-02	1.535427e+01
1.236000e-05	-3.321224e-02	1.539993e+01
1.237000e-05	-2.418485e-02	1.544101e+01
1.238000e-05	-2.952672e-02	1.550113e+01
1.239000e-05	-3.760890e-02	1.548526e+01
1.240000e-05	-3.901633e-02	1.557527e+01
1.241000e-05	-3.134231e-02	1.556642e+01
1.242000e-05	-3.676133e-02	1.557695e+01
1.243000e-05	-4.747661e-02	1.565848e+01
1.244000e-05	-5.308322e-02	1.561943e+01
1.245000e-05	-4.689779e-02	1.560145e+01
1.246000e-05	-4.408089e-02	1.567095e+01
1.247000e-05	-5.620790e-02	1.563690e+01
1.248000e-05	-6.875385e-02	1.559942e+01
1.249000e-05	-7.426497e-02	1.555782e+01
1.250000e-05	-7.873681e-02	1.554369e+01
1.251000e-05	-9.828787e-02	1.548421e+01
1.252000e-05	-1.309264e-01	1.544261e+01
1.253000e-05	-1.735215e-01	1.542155e+01
1.254000e-05	-2.233177e-01	1.536784e+01
1.255000e-05	-2.498850e-01	1.532371e+01
1.256000e-05	-2.500000e-01	1.526358e+01
1.257000e-05	-2.500000e-01	1.521988e+01
1.258000e-05	-2.482000e-01	1.514579e+01
1.259000e-05	-2.145603e-01	1.503208e+01
1.260000e-05	-1.497456e-01	1.495642e+01
1.261000e-05	-1.082630e-01	1.487466e+01
1.262000e-05	-8.159156e-02	1.477932e+01
1.263000e-05	-5.725471e-02	1.464366e+01
1.264000e-05	-4.529020e-02	1.458852e+01
1.265000e-05	-4.366838e-02	1.446313e+01
1.266000e-05	-4.025692e-02	1.438687e+01
1.267000e-05	-3.174114e-02	1.423260e+01
1.268000e-05	-2.481662e-02	1.410331e+01
1.269000e-05	-2.766058e-02	1.395826e+01
1.270000e-05	-3.031633e-02	1.378993e+01
1.271000e-05	-2.721478e-02	1.366211e+01
1.272000e-05	-2.104558e-02	1.353636e+01
1.273000e-05	-2.088349e-02	1.337892e+01
1.274000e-05	-2.483473e-02	1.322200e+01
1.275000e-05	-2.446521e-02	1.304463e+01
1.276000e-05	-1.931882e-02	1.291681e+01
1.277000e-05	-1.668525e-02	1.273879e+01
1.278000e-05	-2.040689e-02	1.256845e+01
1.279000e-05	-2.304329e-02	1.242249e+01
1.280000e-05	-1.866678e-02	1.222160e+01
1.281000e-05	-1.482312e-02	1.204153e+01
1.282000e-05	-1.639199e-02	1.184250e+01
1.283000e-05	-2.085663e-02	1.164502e+01
1.284000e-05	-1.941980e-02	1.142157e+01
1.285000e-05	-1.404761e-02	1.120097e+01
1.286000e-05	-1.248683e-02	1.101900e+01
1.287000e-05	-1.634067e-02	1.079097e+01
1.288000e-05	-1.733302e-02	1.060952e+01
1.289000e-05	-1.393846e-02	1.037942e+01
1.290000e-05	-1.083708e-02	1.013784e+01
1.291000e-05	-1.323268e-02	9.926737e+00
1.292000e-05	-1.702360e-02	9.694580e+00
1.293000e-05	-1.385091e-02	9.452600e+00
1.294000e-05	-1.041679e-02	9.201648e+00
1.295000e-05	-1.113120e-02	9.001945e+00
1.296000e-05	-1.433121e-02	8.758364e+00
1.297000e-05	-1.415776e-02	8.558291e+00
1.298000e-05	-1.015158e-02	8.245727e+00
1.299000e-05	-7.808440e-03	8.013947e+00
1.300000e-05	-1.143821e-02	7.750841e+00
1.301000e-05	-1.326427e-02	7.515782e+00
1.302000e-05	-1.162105e-02	7.232517e+00
1.303000e-05	-7.937731e-03	6.959892e+00
1.304000e-05	-9.693993e-03	6.717230e+00
1.305000e-05	-1.224298e-02	6.442522e+00
1.306000e-05	-1.198991e-02	6.160441e+00
1.307000e-05	-7.396810e-03	5.928784e+00
1.308000e-05	-7.228020e-03	5.623023e+00
1.309000e-05	-9.976152e-03	5.351414e+00
1.310000e-05	-1.171994e-02	5.005168e+00
1.311000e-05	-8.652146e-03	4.726735e+00
1.312000e-05	-6.651107e-03	4.444703e+00
1.313000e-05	-7.671833e-03	4.169913e+00
1.314000e-05	-9.780864e-03	3.885730e+00
1.315000e-05	-8.580593e-03	3.632626e+00
1.316000e-05	-6.047173e-03	3.339361e+00
1.317000e-05	-6.218624e-03	3.054625e+00
1.318000e-05	-9.769462e-03	2.761968e+00
1.319000e-05	-8.964586e-03	2.466804e+00
1.320000e-05	-5.829854e-03	2.152468e+00
1.321000e-05	-4.552932e-03	1.918758e+00
1.322000e-05	-7.231664e-03	1.592494e+00
1.323000e-05	-8.920682e-03	1.319386e+00
1.324000e-05	-6.351956e-03	9.914664e-01
1.325000e-05	-3.716705e-03	6.862296e-01
1.326000e-05	-4.827115e-03	4.335741e-01
1.327000e-05	-5.460672e-03	1.088585e-01
1.328000e-05	-6.372523e-04	-1.658732e-01
1.329000e-05	9.957008e-03	-3.975299e-01
1.330000e-05	3.654422e-04	-7.342716e-01
1.331000e-05	2.305292e-03	-1.006376e+00
1.332000e-05	-3.543185e-03	-1.268667e+00
1.333000e-05	1.623484e-03	-1.556031e+00
1.334000e-05	6.157367e-03	-1.786978e+00
1.335000e-05	3.940898e-02	-2.049533e+00
1.336000e-05	9.597000e-02	-2.343294e+00
1.337000e-05	9.719421e-04	-2.709224e+00
1.338000e-05	-5.114178e-02	-3.062851e+00
1.339000e-05	-1.630700e-02	-3.398959e+00
1.340000e-05	-3.875351e-02	-3.600030e+00
1.341000e-05	-6.106311e-02	-3.849090e+00
1.342000e-05	3.141955e-02	-4.039135e+00
1.343000e-05	9.366699e-02	-4.251064e+00
1.344000e-05	-1.086854e-01	-4.576357e+00
1.345000e-05	1.579613e-01	-4.880009e+00
1.346000e-05	-7.847041e-02	-5.123703e+00
1.347000e-05	9.199059e-03	-5.493287e+00
1.348000e-05	3.905575e-02	-5.743198e+00
1.349000e-05	-9.260030e-02	-6.048618e+00
1.350000e-05	1.445282e-01	-6.310638e+00
1.351000e-05	-8.253245e-02	-6.555877e+00
1.352000e-05	6.770799e-02	-6.860664e+00
1.353000e-05	-1.781870e-02	-7.120269e+00
1.354000e-05	-3.212125e-02	-7.428555e+00
1.355000e-05	6.936538e-02	-7.688990e+00
1.356000e-05	-7.199659e-02	-7.962307e+00
1.357000e-05	1.126772e-01	-8.207454e+00
1.358000e-05	-5.529666e-02	-8.477934e+00
1.359000e-05	5.002228e-02	-8.722797e+00
1.360000e-05	-2.396357e-03	-8.934746e+00
1.361000e-05	-4.049375e-02	-9.165408e+00
1.362000e-05	5.484534e-02	-9.375430e+00
1.363000e-05	-3.385603e-02	-9.659041e+00
1.364000e-05	9.083160e-02	-9.840562e+00
1.365000e-05	-4.554624e-02	-1.010869e+01
1.366000e-05	5.013102e-02	-1.036322e+01
1.367000e-05	-3.268341e-02	-1.055485e+01
1.368000e-05	2.527582e-02	-1.073538e+01
1.369000e-05	7.799310e-03	-1.096388e+01
1.370000e-05	3.670877e-03	-1.119637e+01
1.371000e-05	3.765644e-02	-1.139691e+01
1.372000e-05	-8.285000e-03	-1.166744e+01
1.373000e-05	3.654618e-02	-1.183951e+01
1.374000e-05	-2.471312e-02	-1.204893e+01
1.375000e-05	3.104210e-02	-1.221838e+01
1.376000e-05	-3.026329e-03	-1.240603e+01
1.377000e-05	4.151488e-02	-1.259446e+01
1.378000e-05	2.746371e-03	-1.275477e+01
1.379000e-05	1.506931e-02	-1.289385e+01
1.380000e-05	1.311658e-03	-1.306109e+01
1.381000e-05	1.403423e-02	-1.327909e+01
1.382000e-05	1.328028e-02	-1.339695e+01
1.383000e-05	1.365649e-02	-1.354535e+01
1.384000e-05	2.322702e-02	-1.372006e+01
1.385000e-05	1.691082e-02	-1.387159e+01
1.386000e-05	1.983051e-02	-1.397443e+01
1.387000e-05	3.327974e-03	-1.411322e+01
1.388000e-05	1.100160e-02	-1.425953e+01
1.389000e-05	1.208126e-02	-1.436682e+01
1.390000e-05	2.758121e-02	-1.449079e+01
1.391000e-05	1.833260e-02	-1.461898e+01
1.392000e-05	2.044592e-02	-1.476329e+01
1.393000e-05	1.316902e-02	-1.482798e+01
1.394000e-05	2.119822e-02	-1.491427e+01
1.395000e-05	1.643566e-02	-1.503800e+01
1.396000e-05	1.908336e-02	-1.505114e+01
1.397000e-05	1.895421e-02	-1.516525e+01
1.398000e-05	2.490648e-02	-1.523003e+01
1.399000e-05	2.467916e-02	-1.528174e+01
1.400000e-05	1.934871e-02	-1.535430e+01
1.401000e-05	1.838391e-02	-1.541941e+01
1.402000e-05	2.325856e-02	-1.545064e+01
1.403000e-05	3.126727e-02	-1.550322e+01
1.404000e-05	2.945128e-02	-1.554585e+01
1.405000e-05	2.868288e-02	-1.561683e+01
1.406000e-05	2.785247e-02	-1.560793e+01
1.407000e-05	3.182828e-02	-1.563851e+01
1.408000e-05	3.183098e-02	-1.566056e+01
1.409000e-05	3.383998e-02	-1.567003e+01
1.410000e-05	3.738688e-02	-1.569106e+01
1.411000e-05	4.536162e-02	-1.565004e+01
1.412000e-05	5.088031e-02	-1.564853e+01
1.413000e-05	5.196525e-02	-1.568151e+01
1.414000e-05	5.402259e-02	-1.560998e+01
1.415000e-05	6.394691e-02	-1.561593e+01
1.416000e-05	7.892385e-02	-1.559637e+01
1.417000e-05	9.784914e-02	-1.556631e+01
1.418000e-05	1.247982e-01	-1.549318e+01
1.419000e-05	1.727890e-01	-1.542013e+01
1.420000e-05	2.293250e-01	-1.538990e+01
1.421000e-05	2.499500e-01	-1.533521e+01
1.422000e-05	2.500000e-01	-1.525316e+01
1.423000e-05	2.500000e-01	-1.522995e+01
1.424000e-05	2.468782e-01	-1.508571e+01
1.425000e-05	2.043256e-01	-1.505961e+01
1.426000e-05	1.345623e-01	-1.498682e+01
1.427000e-05	8.878098e-02	-1.490371e+01
1.428000e-05	6.446856e-02	-1.482758e+01
1.429000e-05	5.040179e-02	-1.468626e+01
1.430000e-05	3.983131e-02	-1.456898e+01
1.431000e-05	2.988788e-02	-1.449466e+01
1.432000e-05	2.581466e-02	-1.433679e+01
1.433000e-05	2.278538e-02	-1.423308e+01
1.434000e-05	2.085197e-02	-1.408376e+01
1.435000e-05	1.576736e-02	-1.396630e+01
1.436000e-05	1.411629e-02	-1.384058e+01
1.437000e-05	1.503815e-02	-1.372571e+01
1.438000e-05	1.700367e-02	-1.356576e+01
1.439000e-05	1.405810e-02	-1.337795e+01
1.440000e-05	1.099923e-02	-1.325053e+01
1.441000e-05	1.012345e-02	-1.309308e+01
1.442000e-05	1.083684e-02	-1.294584e+01
1.443000e-05	1.091474e-02	-1.278784e+01
1.444000e-05	8.366407e-03	-1.258905e+01
1.445000e-05	7.256832e-03	-1.242100e+01
1.446000e-05	8.529213e-03	-1.221150e+01
1.447000e-05	8.408419e-03	-1.205253e+01
1.448000e-05	5.425671e-03	-1.181261e+01
1.449000e-05	3.733624e-03	-1.160105e+01
1.450000e-05	4.915341e-03	-1.138039e+01
1.451000e-05	5.988910e-03	-1.116794e+01
1.452000e-05	4.855927e-03	-1.097992e+01
1.453000e-05	3.197342e-03	-1.076739e+01
1.454000e-05	2.445857e-03	-1.058730e+01
1.455000e-05	2.953564e-03	-1.034771e+01
1.456000e-05	3.032652e-03	-1.011478e+01
1.457000e-05	8.187241e-04	-9.905600e+00
1.458000e-05	4.652053e-04	-9.674235e+00
1.459000e-05	6.328268e-04	-9.472526e+00
1.460000e-05	1.904473e-03	-9.208922e+00
1.461000e-05	5.135403e-04	-8.969895e+00
1.462000e-05	-1.548924e-03	-8.738816e+00
1.463000e-05	-2.062415e-03	-8.525260e+00
1.464000e-05	2.819731e-04	-8.262702e+00
1.465000e-05	-4.355316e-04	-8.012620e+00
1.466000e-05	-2.159116e-03	-7.735840e+00
1.467000e-05	-3.738338e-03	-7.483578e+00
1.468000e-05	-1.825136e-03	-7.152143e+00
1.469000e-05	-2.058685e-03	-6.933705e+00
1.470000e-05	-3.422102e-03	-6.633153e+00
1.471000e-05	-4.932212e-03	-6.381519e+00
1.472000e-05	-2.810655e-03	-6.166813e+00
1.473000e-05	-3.529989e-03	-5.854179e+00
1.474000e-05	-2.217759e-03	-5.581372e+00
1.475000e-05	-6.163230e-03	-5.313806e+00
1.476000e-05	-5.655926e-03	-4.979523e+00
1.477000e-05	-5.711260e-03	-4.644074e+00
1.478000e-05	-3.803932e-03	-4.401975e+00
1.479000e-05	-5.950985e-03	-4.170434e+00
1.480000e-05	-5.557475e-03	-3.878280e+00
1.481000e-05	-6.872729e-03	-3.611070e+00
1.482000e-05	-5.521545e-03	-3.316335e+00
1.483000e-05	-7.979184e-03	-2.994100e+00
1.484000e-05	-7.401536e-03	-2.719341e+00
1.485000e-05	-7.499059e-03	-2.485104e+00
1.486000e-05	-4.802882e-03	-2.201415e+00
1.487000e-05	-6.745958e-03	-1.905708e+00
1.488000e-05	-7.063131e-03	-1.621972e+00
1.489000e-05	-9.219717e-03	-1.285102e+00
1.490000e-05	-8.649070e-03	-9.594889e-01
1.491000e-05	-8.135857e-03	-6.553497e-01
1.492000e-05	-8.106816e-03	-3.599388e-01
1.493000e-05	-6.732919e-03	-1.082833e-01
1.494000e-05	1.961509e-03	1.469059e-01
1.495000e-05	4.384414e-03	4.606102e-01
1.496000e-05	-3.462867e-03	7.042667e-01
1.497000e-05	-5.969389e-04	9.773548e-01
1.498000e-05	-5.227552e-03	1.302693e+00
1.499000e-05	-1.151106e-03	1.567032e+00
1.500000e-05	2.622699e-04	1.842164e+00
1.501000e-05	2.257577e-02	2.101664e+00
1.502000e-05	7.092323e-02	2.374801e+00
1.503000e-05	3.531100e-02	2.711794e+00
1.504000e-05	-7.444051e-02	3.008981e+00
1.505000e-05	-3.501129e-02	3.314218e+00
1.506000e-05	-3.620456e-02	3.647982e+00
1.507000e-05	-3.278584e-02	3.849510e+00
1.508000e-05	-6.603884e-02	4.051563e+00
1.509000e-05	5.571709e-02	4.323792e+00
1.510000e-05	4.353931e-02	4.628507e+00
1.511000e-05	-6.763505e-02	4.870589e+00
1.512000e-05	1.205157e-01	5.176827e+00
1.513000e-05	-9.073610e-02	5.492714e+00
1.514000e-05	-3.094324e-03	5.735747e+00
1.515000e-05	6.798368e-03	6.040589e+00
1.516000e-05	-1.880936e-02	6.293136e+00
1.517000e-05	4.632655e-02	6.547277e+00
1.518000e-05	-6.318758e-02	6.911114e+00
1.519000e-05	2.107986e-02	7.142741e+00
1.520000e-05	-2.972544e-02	7.409458e+00
1.521000e-05	4.244894e-03	7.692142e+00
1.522000e-05	-1.636532e-02	7.957277e+00
1.523000e-05	-1.866799e-02	8.251110e+00
1.524000e-05	3.997970e-02	8.441087e+00
1.525000e-05	-2.688942e-02	8.672562e+00
1.526000e-05	-1.310763e-04	8.913172e+00
1.527000e-05	-3.706636e-02	9.144953e+00
1.528000e-05	-1.954986e-02	9.366903e+00
1.529000e-05	1.768292e-02	9.596960e+00
1.530000e-05	-5.391664e-03	9.851613e+00
1.531000e-05	-4.336970e-03	1.010322e+01
1.532000e-05	-2.972880e-02	1.029267e+01
1.533000e-05	7.867112e-03	1.056479e+01
1.534000e-05	-2.147569e-02	1.074477e+01
1.535000e-05	-1.625614e-02	1.094337e+01
1.536000e-05	-1.985308e-02	1.117538e+01
1.537000e-05	-4.611355e-03	1.137633e+01
1.538000e-05	5.828559e-03	1.159845e+01
1.539000e-05	-2.091834e-02	1.183890e+01
1.540000e-05	-2.318970e-02	1.198893e+01
1.541000e-05	-2.320604e-02	1.221642e+01
1.542000e-05	2.137805e-03	1.238635e+01
1.543000e-05	-6.781599e-03	1.254540e+01
1.544000e-05	-1.577333e-02	1.272327e+01
1.545000e-05	-2.361408e-02	1.292217e+01
1.546000e-05	-1.443875e-02	1.304158e+01
1.547000e-05	-1.198698e-02	1.319796e+01
1.548000e-05	-2.428933e-02	1.338690e+01
1.549000e-05	-2.449276e-02	1.351424e+01
1.550000e-05	-1.227808e-02	1.370214e+01
1.551000e-05	-2.311981e-03	1.381851e+01
1.552000e-05	-1.559205e-02	1.399664e+01
1.553000e-05	-3.006851e-02	1.410372e+01
1.554000e-05	-2.778744e-02	1.426806e+01
1.555000e-05	-1.513713e-02	1.436737e+01
1.556000e-05	-1.272773e-02	1.448369e+01
1.557000e-05	-2.494392e-02	1.460647e+01
1.558000e-05	-2.647791e-02	1.475374e+01
1.559000e-05	-1.911201e-02	1.478848e+01
1.560000e-05	-1.685480e-02	1.488211e+01
1.561000e-05	-2.676507e-02	1.497732e+01
1.562000e-05	-3.261491e-02	1.503903e+01
1.563000e-05	-2.481331e-02	1.514329e+01
1.564000e-05	-1.859073e-02	1.519643e+01
1.565000e-05	-2.276124e-02	1.525953e+01
1.566000e-05	-3.718047e-02	1.534474e+01
1.567000e-05	-3.761120e-02	1.536640e+01
1.568000e-05	-2.944896e-02	1.540046e+01
1.569000e-05	-2.606932e-02	1.546261e+01
1.570000e-05	-3.366527e-02	1.554364e+01
1.571000e-05	-3.851263e-02	1.555419e+01
1.572000e-05	-3.390252e-02	1.551730e+01
1.573000e-05	-3.416957e-02	1.558785e+01
1.574000e-05	-4.226412e-02	1.560847e+01
1.575000e-05	-5.313593e-02	1.562048e+01
1.576000e-05	-4.915762e-02	1.559940e+01
1.577000e-05	-4.508491e-02	1.559898e+01
1.578000e-05	-4.835511e-02	1.563045e+01
1.579000e-05	-6.456622e-02	1.560945e+01
1.580000e-05	-7.316008e-02	1.555734e+01
1.581000e-05	-7.717737e-02	1.551684e+01
1.582000e-05	-8.769162e-02	1.553469e+01
1.583000e-05	-1.126255e-01	1.547318e+01
1.584000e-05	-1.514255e-01	1.544158e+01
1.585000e-05	-1.986803e-01	1.537852e+01
1.586000e-05	-2.427989e-01	1.535429e+01
1.587000e-05	-2.500000e-01	1.532111e+01
1.588000e-05	-2.500000e-01	1.524008e+01
1.589000e-05	-2.500000e-01	1.518887e+01
1.590000e-05	-2.379089e-01	1.514519e+01
1.591000e-05	-1.803236e-01	1.499992e+01
1.592000e-05	-1.239119e-01	1.495421e+01
1.593000e-05	-9.386199e-02	1.479943e+01
1.594000e-05	-6.674816e-02	1.476471e+01
1.595000e-05	-4.952207e-02	1.460310e+01
1.596000e-05	-4.299034e-02	1.454534e+01
1.597000e-05	-4.364192e-02	1.442100e+01
1.598000e-05	-3.559937e-02	1.433524e+01
1.599000e-05	-2.786302e-02	1.417997e+01
1.600000e-05	-2.548312e-02	1.402457e+01
1.601000e-05	-3.094363e-02	1.386313e+01
1.602000e-05	-2.878245e-02	1.374577e+01
1.603000e-05	-2.297581e-02	1.360100e+01
1.604000e-05	-1.903659e-02	1.343155e+01
1.605000e-05	-2.267021e-02	1.329578e+01
1.606000e-05	-2.613978e-02	1.314727e+01
1.607000e-05	-2.223101e-02	1.298997e+01
1.608000e-05	-1.722746e-02	1.286205e+01
1.609000e-05	-1.859188e-02	1.264265e+01
1.610000e-05	-2.231882e-02	1.247513e+01
1.611000e-05	-2.040258e-02	1.228581e+01
1.612000e-05	-1.530342e-02	1.215573e+01
1.613000e-05	-1.405804e-02	1.194729e+01
1.614000e-05	-1.983760e-02	1.175679e+01
1.615000e-05	-2.069763e-02	1.156726e+01
1.616000e-05	-1.716914e-02	1.132624e+01
1.617000e-05	-1.234009e-02	1.109376e+01
1.618000e-05	-1.440563e-02	1.089669e+01
1.619000e-05	-1.799967e-02	1.070626e+01
1.620000e-05	-1.580512e-02	1.045473e+01
1.621000e-05	-1.116894e-02	1.025265e+01
1.622000e-05	-1.188509e-02	1.003310e+01
1.623000e-05	-1.609808e-02	9.811519e+00
1.624000e-05	-1.668108e-02	9.569315e+00
1.625000e-05	-1.165130e-02	9.367839e+00
1.626000e-05	-1.042741e-02	9.087684e+00
1.627000e-05	-1.293406e-02	8.864652e+00
1.628000e-05	-1.542745e-02	8.621523e+00
1.629000e-05	-1.193308e-02	8.401469e+00
1.630000e-05	-9.282693e-03	8.157790e+00
1.631000e-05	-9.392270e-03	7.895783e+00
1.632000e-05	-1.243938e-02	7.643147e+00
1.633000e-05	-1.168788e-02	7.326338e+00
1.634000e-05	-8.410115e-03	7.066258e+00
1.635000e-05	-1.012616e-02	6.823598e+00
1.636000e-05	-1.092427e-02	6.549414e+00
1.637000e-05	-1.450210e-02	6.306227e+00
1.638000e-05	-1.005717e-02	6.003076e+00
1.639000e-05	-7.674595e-03	5.720489e+00
1.640000e-05	-7.105599e-03	5.466231e+00
1.641000e-05	-9.559767e-03	5.171620e+00
1.642000e-05	-8.936515e-03	4.842727e+00
1.643000e-05	-7.362083e-03	4.591013e+00
1.644000e-05	-7.992084e-03	4.309808e+00
1.645000e-05	-1.108206e-02	4.043166e+00
1.646000e-05	-1.100141e-02	3.726311e+00
1.647000e-05	-7.718399e-03	3.485251e+00
1.648000e-05	-4.964162e-03	3.181489e+00
1.649000e-05	-7.165396e-03	2.896685e+00
1.650000e-05	-8.600268e-03	2.634699e+00
1.651000e-05	-6.951164e-03	2.286811e+00
1.652000e-05	-5.800638e-03	2.033602e+00
1.653000e-05	-6.866214e-03	1.771493e+00
1.654000e-05	-9.681385e-03	1.435154e+00
1.655000e-05	-8.156996e-03	1.119936e+00
1.656000e-05	-5.488094e-03	7.835480e-01
1.657000e-05	-3.644217e-03	5.294362e-01
1.658000e-05	-5.688274e-03	2.657280e-01
1.659000e-05	-4.130753e-03	-1.960999e-02
1.660000e-05	5.895743e-03	-3.217655e-01
1.661000e-05	6.062123e-03	-5.343297e-01
1.662000e-05	-5.290737e-05	-8.611128e-01
1.663000e-05	-2.984800e-04	-1.123269e+00
1.664000e-05	-1.359163e-03	-1.448035e+00
1.665000e-05	2.206464e-03	-1.683069e+00
1.666000e-05	1.591577e-02	-1.894269e+00
1.667000e-05	7.598219e-02	-2.155730e+00
1.668000e-05	7.405623e-02	-2.532725e+00
1.669000e-05	-6.517782e-02	-2.942701e+00
1.670000e-05	-1.592214e-02	-3.279617e+00
1.671000e-05	-3.946183e-02	-3.533792e+00
1.672000e-05	-3.894288e-02	-3.754772e+00
1.673000e-05	-5.103741e-02	-3.966552e+00
1.674000e-05	1.372120e-01	-4.154298e+00
1.675000e-05	-6.000702e-02	-4.408015e+00
1.676000e-05	2.186334e-02	-4.755302e+00
1.677000e-05	8.107339e-02	-4.993296e+00
1.678000e-05	-1.204205e-01	-5.334803e+00
1.679000e-05	1.169193e-01	-5.669008e+00
1.680000e-05	-1.137001e-01	-5.861243e+00
1.681000e-05	7.823918e-02	-6.186326e+00
1.682000e-05	3.901523e-02	-6.399010e+00
1.683000e-05	-4.908255e-02	-6.723348e+00
1.684000e-05	8.646112e-02	-7.004853e+00
1.685000e-05	-1.008955e-01	-7.270169e+00
1.686000e-05	8.221823e-02	-7.534771e+00
1.687000e-05	-3.999962e-02	-7.847881e+00
1.688000e-05	3.505432e-02	-8.101189e+00
1.689000e-05	4.891645e-02	-8.323216e+00
1.690000e-05	-5.061720e-02	-8.625431e+00
1.691000e-05	8.437910e-02	-8.840609e+00
1.692000e-05	-8.559222e-02	-9.081612e+00
1.693000e-05	5.710587e-02	-9.323175e+00
1.694000e-05	-2.237712e-02	-9.523270e+00
1.695000e-05	5.213025e-02	-9.815377e+00
1.696000e-05	2.107587e-02	-9.945331e+00
1.697000e-05	-1.235032e-02	-1.019791e+01
1.698000e-05	3.243150e-02	-1.047853e+01
1.699000e-05	-3.921155e-02	-1.070114e+01
1.700000e-05	5.441501e-02	-1.082961e+01
1.701000e-05	-2.977641e-02	-1.112859e+01
1.702000e-05	5.327643e-02	-1.130109e+01
1.703000e-05	-9.711082e-03	-1.155224e+01
1.704000e-05	3.297856e-02	-1.176477e+01
1.705000e-05	-7.441732e-03	-1.194179e+01
1.706000e-05	6.300724e-03	-1.216380e+01
1.707000e-05	1.294065e-02	-1.230174e+01
1.708000e-05	1.870074e-02	-1.254377e+01
1.709000e-05	3.166684e-02	-1.264968e+01
1.710000e-05	-1.692746e-05	-1.289163e+01
1.711000e-05	1.658426e-02	-1.297848e+01
1.712000e-05	-1.834357e-03	-1.316645e+01
1.713000e-05	2.250082e-02	-1.334375e+01
1.714000e-05	3.710395e-03	-1.350119e+01
1.715000e-05	2.561333e-02	-1.364003e+01
1.716000e-05	1.497028e-02	-1.378538e+01
1.717000e-05	2.550512e-02	-1.391239e+01
1.718000e-05	6.941569e-03	-1.408059e+01
1.719000e-05	9.965055e-03	-1.422648e+01
1.720000e-05	8.961670e-03	-1.430374e+01
1.721000e-05	2.355293e-02	-1.447061e+01
1.722000e-05	2.170060e-02	-1.455380e+01
1.723000e-05	1.983654e-02	-1.466261e+01
1.724000e-05	1.457420e-02	-1.476737e+01
1.725000e-05	1.618151e-02	-1.489956e+01
1.726000e-05	2.069015e-02	-1.494537e+01
1.727000e-05	1.696707e-02	-1.506103e+01
1.728000e-05	2.197848e-02	-1.514414e+01
1.729000e-05	2.139390e-02	-1.517682e+01
1.730000e-05	2.802446e-02	-1.526121e+01
1.731000e-05	1.993019e-02	-1.531382e+01
1.732000e-05	1.905796e-02	-1.541640e+01
1.733000e-05	1.771764e-02	-1.539853e+01
1.734000e-05	2.844131e-02	-1.546160e+01
1.735000e-05	3.068156e-02	-1.554525e+01
1.736000e-05	3.028037e-02	-1.553479e+01
1.737000e-05	2.785586e-02	-1.560837e+01
1.738000e-05	2.991549e-02	-1.565795e+01
1.739000e-05	3.304583e-02	-1.565048e+01
1.740000e-05	3.146782e-02	-1.565008e+01
1.741000e-05	3.526945e-02	-1.565164e+01
1.742000e-05	4.040140e-02	-1.568174e+01
1.743000e-05	4.909574e-02	-1.568201e+01
1.744000e-05	5.166459e-02	-1.570096e+01
1.745000e-05	5.219022e-02	-1.564111e+01
1.746000e-05	5.860930e-02	-1.562748e+01
1.747000e-05	7.210714e-02	-1.559735e+01
1.748000e-05	8.907376e-02	-1.556527e+01
1.749000e-05	1.103473e-01	-1.552429e+01
1.750000e-05	1.455818e-01	-1.542161e+01
1.751000e-05	2.031046e-01	-1.544955e+01
1.752000e-05	2.455370e-01	-1.534684e+01
1.753000e-05	2.500000e-01	-1.528376e+01
1.754000e-05	2.500000e-01	-1.522903e+01
1.755000e-05	2.500000e-01	-1.517690e+01
1.756000e-05	2.315342e-01	-1.509276e+01
1.757000e-05	1.662564e-01	-1.503045e+01
1.758000e-05	1.068792e-01	-1.491379e+01
1.759000e-05	7.390550e-02	-1.486156e+01
1.760000e-05	5.601686e-02	-1.476789e+01
1.761000e-05	4.434626e-02	-1.463158e+01
1.762000e-05	3.400637e-02	-1.454629e+01
1.763000e-05	2.721299e-02	-1.444905e+01
1.764000e-05	2.449677e-02	-1.428466e+01
1.765000e-05	2.220246e-02	-1.415942e+01
1.766000e-05	1.969398e-02	-1.401110e+01
1.767000e-05	1.487968e-02	-1.386374e+01
1.768000e-05	1.454888e-02	-1.373634e+01
1.769000e-05	1.587955e-02	-1.360892e+01
1.770000e-05	1.584461e-02	-1.343168e+01
1.771000e-05	1.202975e-02	-1.334474e+01
1.772000e-05	9.283530e-03	-1.313839e+01
1.773000e-05	1.001355e-02	-1.297902e+01
1.774000e-05	1.135279e-02	-1.285310e+01
1.775000e-05	1.082386e-02	-1.264258e+01
1.776000e-05	7.825518e-03	-1.247383e+01
1.777000e-05	7.485418e-03	-1.232569e+01
1.778000e-05	8.428562e-03	-1.215677e+01
1.779000e-05	6.975203e-03	-1.196766e+01
1.780000e-05	3.834114e-03	-1.172679e+01
1.781000e-05	2.761829e-03	-1.151681e+01
1.782000e-05	5.263832e-03	-1.124265e+01
1.783000e-05	6.129885e-03	-1.107358e+01
1.784000e-05	4.956965e-03	-1.083355e+01
1.785000e-05	1.956574e-03	-1.067213e+01
1.786000e-05	2.148073e-03	-1.047363e+01
1.787000e-05	2.653612e-03	-1.021955e+01
1.788000e-05	2.226003e-03	-9.990448e+00
1.789000e-05	5.427036e-04	-9.749372e+00
1.790000e-05	2.323274e-04	-9.569918e+00
1.791000e-05	2.300257e-03	-9.325387e+00
1.792000e-05	9.785692e-04	-9.084205e+00
1.793000e-05	-4.020046e-04	-8.853754e+00
1.794000e-05	-2.700805e-03	-8.651502e+00
1.795000e-05	-9.808117e-04	-8.356866e+00
1.796000e-05	-9.841361e-05	-8.127786e+00
1.797000e-05	-1.159654e-04	-7.886154e+00
1.798000e-05	-3.145954e-03	-7.599440e+00
1.799000e-05	-3.158359e-03	-7.328735e+00
1.800000e-05	-3.140269e-03	-7.055556e+00
1.801000e-05	-2.732588e-03	-6.760020e+00
1.802000e-05	-4.345684e-03	-6.526266e+00
1.803000e-05	-4.095926e-03	-6.236133e+00
1.804000e-05	-3.080974e-03	-5.980442e+00
1.805000e-05	-4.052402e-03	-5.738285e+00
1.806000e-05	-4.679364e-03	-5.420594e+00
1.807000e-05	-7.234788e-03	-5.147265e+00
1.808000e-05	-5.226899e-03	-4.804045e+00
1.809000e-05	-4.256365e-03	-4.527782e+00
1.810000e-05	-4.249202e-03	-4.315761e+00
1.811000e-05	-5.474233e-03	-4.034125e+00
1.812000e-05	-5.962754e-03	-3.706885e+00
1.813000e-05	-5.993990e-03	-3.414131e+00
1.814000e-05	-6.041269e-03	-3.169549e+00
1.815000e-05	-7.577359e-03	-2.863681e+00
1.816000e-05	-7.970975e-03	-2.610098e+00
1.817000e-05	-6.417954e-03	-2.297909e+00
1.818000e-05	-6.125012e-03	-2.022072e+00
1.819000e-05	-6.931168e-03	-1.739411e+00
1.820000e-05	-8.849251e-03	-1.443069e+00
1.821000e-05	-8.472321e-03	-1.106734e+00
1.822000e-05	-8.284149e-03	-8.226518e-01
1.823000e-05	-7.361813e-03	-5.283109e-01
1.824000e-05	-7.514698e-03	-2.337231e-01
1.825000e-05	-4.287175e-03	5.950881e-02
1.826000e-05	3.996473e-03	3.243468e-01
1.827000e-05	-2.884264e-03	5.774273e-01
1.828000e-05	1.045529e-03	8.720563e-01
1.829000e-05	-4.553654e-03	1.155925e+00
1.830000e-05	-1.976413e-03	1.399488e+00
1.831000e-05	-2.620121e-03	1.755925e+00
1.832000e-05	9.973957e-03	1.956976e+00
1.833000e-05	4.601767e-02	2.247982e+00
1.834000e-05	7.695639e-02	2.532199e+00
1.835000e-05	-4.049201e-02	2.902615e+00
1.836000e-05	-5.373110e-02	3.135351e+00
1.837000e-05	-3.699848e-02	3.463640e+00
1.838000e-05	-2.750960e-02	3.744241e+00
1.839000e-05	-5.850928e-02	3.946896e+00
1.840000e-05	-1.341367e-02	4.216857e+00
1.841000e-05	9.008918e-02	4.490541e+00
1.842000e-05	-5.327905e-02	4.756871e+00
1.843000e-05	4.278575e-02	5.037428e+00
1.844000e-05	3.644066e-02	5.364328e+00
1.845000e-05	-1.022350e-01	5.638959e+00
1.846000e-05	5.225487e-02	5.911195e+00
1.847000e-05	-4.432768e-02	6.175854e+00
1.848000e-05	4.519675e-02	6.416909e+00
1.849000e-05	-2.171002e-02	6.723797e+00
1.850000e-05	-3.035438e-02	7.015907e+00
1.851000e-05	1.625480e-02	7.230140e+00
1.852000e-05	-3.910349e-02	7.554325e+00
1.853000e-05	2.177169e-02	7.828512e+00
1.854000e-05	-4.918017e-02	8.122270e+00
1.855000e-05	3.823160e-02	8.325798e+00
1.856000e-05	-2.469381e-03	8.585876e+00
1.857000e-05	-1.978047e-02	8.797405e+00
1.858000e-05	-7.466312e-03	9.077533e+00
1.859000e-05	-4.869879e-02	9.251668e+00
1.860000e-05	2.199098e-02	9.523697e+00
1.861000e-05	-8.656568e-03	9.804322e+00
1.862000e-05	1.029816e-02	9.977477e+00
1.863000e-05	-3.273127e-02	1.022790e+01
1.864000e-05	-1.287066e-03	1.044851e+01
1.865000e-05	-9.274912e-03	1.064851e+01
1.866000e-05	-2.257693e-02	1.084157e+01
1.867000e-05	-1.568813e-02	1.107008e+01
1.868000e-05	-1.769688e-02	1.133112e+01
1.869000e-05	1.243924e-02	1.151267e+01
1.870000e-05	-1.579064e-02	1.170322e+01
1.871000e-05	-1.645629e-02	1.189274e+01
1.872000e-05	-3.293004e-02	1.214120e+01
1.873000e-05	-2.752809e-03	1.230359e+01
1.874000e-05	-6.264420e-03	1.245059e+01
1.875000e-05	-9.159898e-03	1.263998e+01
1.876000e-05	-2.421428e-02	1.281901e+01
1.877000e-05	-1.785943e-02	1.298537e+01
1.878000e-05	-9.166976e-03	1.312480e+01
1.879000e-05	-1.951220e-02	1.333217e+01
1.880000e-05	-2.276156e-02	1.341096e+01
1.881000e-05	-2.176193e-02	1.362753e+01
1.882000e-05	-1.781539e-03	1.375524e+01
1.883000e-05	-1.176892e-02	1.389112e+01
1.884000e-05	-2.234362e-02	1.403011e+01
1.885000e-05	-3.363187e-02	1.421738e+01
1.886000e-05	-1.883552e-02	1.432419e+01
1.887000e-05	-1.266813e-02	1.445906e+01
1.888000e-05	-1.820293e-02	1.452467e+01
1.889000e-05	-2.662588e-02	1.466054e+01
1.890000e-05	-2.349187e-02	1.477477e+01
1.891000e-05	-1.500699e-02	1.485108e+01
1.892000e-05	-2.344581e-02	1.495422e+01
1.893000e-05	-2.955639e-02	1.497741e+01
1.894000e-05	-3.132166e-02	1.507209e+01
1.895000e-05	-1.815206e-02	1.517477e+01
1.896000e-05	-2.029965e-02	1.527743e+01
1.897000e-05	-3.113197e-02	1.529214e+01
1.898000e-05	-3.977077e-02	1.537427e+01
1.899000e-05	-3.335307e-02	1.537898e+01
1.900000e-05	-2.497942e-02	1.548101e+01
1.901000e-05	-3.018181e-02	1.549319e+01
1.902000e-05	-3.718129e-02	1.555367e+01
1.903000e-05	-3.790043e-02	1.555622e+01
1.904000e-05	-3.091352e-02	1.554682e+01
1.905000e-05	-3.781227e-02	1.560785e+01
1.906000e-05	-4.771711e-02	1.561942e+01
1.907000e-05	-5.155009e-02	1.565055e+01
1.908000e-05	-4.653946e-02	1.564938e+01
1.909000e-05	-4.503625e-02	1.560998e+01
1.910000e-05	-5.812480e-02	1.559840e+01
1.911000e-05	-6.951650e-02	1.561845e+01
1.912000e-05	-7.579215e-02	1.557584e+01
1.913000e-05	-7.935931e-02	1.553569e+01
1.914000e-05	-9.953522e-02	1.546461e+01
1.915000e-05	-1.316886e-01	1.545358e+01
1.916000e-05	-1.755553e-01	1.539048e+01
1.917000e-05	-2.259510e-01	1.539837e+01
1.918000e-05	-2.499200e-01	1.534429e+01
1.919000e-05	-2.500000e-01	1.530109e+01
1.920000e-05	-2.500000e-01	1.519695e+01
1.921000e-05	-2.477995e-01	1.517529e+01
1.922000e-05	-2.114126e-01	1.507258e+01
1.923000e-05	-1.465494e-01	1.494689e+01
1.924000e-05	-1.057306e-01	1.488311e+01
1.925000e-05	-7.920335e-02	1.474584e+01
1.926000e-05	-5.594619e-02	1.466368e+01
1.927000e-05	-4.465064e-02	1.457740e+01
1.928000e-05	-4.378437e-02	1.446458e+01
1.929000e-05	-4.003372e-02	1.432832e+01
1.930000e-05	-3.175013e-02	1.426155e+01
1.931000e-05	-2.418924e-02	1.409374e+01
1.932000e-05	-2.839975e-02	1.392827e+01
1.933000e-05	-2.993602e-02	1.378995e+01
1.934000e-05	-2.638802e-02	1.366364e+01
1.935000e-05	-1.982015e-02	1.352529e+01
1.936000e-05	-2.039588e-02	1.338890e+01
1.937000e-05	-2.476192e-02	1.320195e+01
1.938000e-05	-2.473336e-02	1.303163e+01
1.939000e-05	-1.847764e-02	1.293324e+01
1.940000e-05	-1.620487e-02	1.272679e+01
1.941000e-05	-1.982652e-02	1.254982e+01
1.942000e-05	-2.252551e-02	1.240147e+01
1.943000e-05	-1.856305e-02	1.221092e+01
1.944000e-05	-1.383517e-02	1.206105e+01
1.945000e-05	-1.601132e-02	1.183053e+01
1.946000e-05	-2.137609e-02	1.163202e+01
1.947000e-05	-1.856196e-02	1.142257e+01
1.948000e-05	-1.365732e-02	1.121052e+01
1.949000e-05	-1.238951e-02	1.096952e+01
1.950000e-05	-1.633053e-02	1.080187e+01
1.951000e-05	-1.749049e-02	1.057842e+01
1.952000e-05	-1.359926e-02	1.035784e+01
1.953000e-05	-1.085943e-02	1.013886e+01
1.954000e-05	-1.307321e-02	9.914733e+00
1.955000e-05	-1.623383e-02	9.665625e+00
1.956000e-05	-1.443457e-02	9.412599e+00
1.957000e-05	-1.066228e-02	9.231473e+00
1.958000e-05	-1.112717e-02	9.009441e+00
1.959000e-05	-1.442007e-02	8.718838e+00
1.960000e-05	-1.399119e-02	8.516336e+00
1.961000e-05	-9.910776e-03	8.264132e+00
1.962000e-05	-8.098612e-03	7.982570e+00
1.963000e-05	-1.143315e-02	7.748939e+00
1.964000e-05	-1.357676e-02	7.476279e+00
1.965000e-05	-1.077743e-02	7.200944e+00
1.966000e-05	-8.564543e-03	6.937415e+00
1.967000e-05	-9.483359e-03	6.686756e+00
1.968000e-05	-1.243329e-02	6.420618e+00
1.969000e-05	-1.076858e-02	6.150389e+00
1.970000e-05	-7.990681e-03	5.957782e+00
1.971000e-05	-7.918984e-03	5.603498e+00
1.972000e-05	-1.099611e-02	5.369394e+00
1.973000e-05	-1.175485e-02	4.994620e+00
1.974000e-05	-8.032613e-03	4.666733e+00
1.975000e-05	-6.853053e-03	4.454627e+00
1.976000e-05	-8.000636e-03	4.200467e+00
1.977000e-05	-1.102405e-02	3.874678e+00
1.978000e-05	-9.421252e-03	3.622625e+00
1.979000e-05	-6.430523e-03	3.306809e+00
1.980000e-05	-7.471944e-03	2.993654e+00
1.981000e-05	-9.647761e-03	2.760941e+00
1.982000e-05	-8.942349e-03	2.448128e+00
1.983000e-05	-6.019740e-03	2.160417e+00
1.984000e-05	-5.655145e-03	1.897332e+00
1.985000e-05	-7.361927e-03	1.604575e+00
1.986000e-05	-8.207065e-03	1.316755e+00
1.987000e-05	-5.850518e-03	9.818402e-01
1.988000e-05	-4.524302e-03	6.646556e-01
1.989000e-05	-5.166945e-03	3.730702e-01
1.990000e-05	-5.246938e-03	9.870462e-02
1.991000e-05	6.009504e-05	-1.549772e-01
1.992000e-05	8.477893e-03	-4.081099e-01
1.993000e-05	-9.805600e-04	-7.033455e-01
1.994000e-05	2.998548e-03	-9.964547e-01
1.995000e-05	-3.040097e-03	-1.320119e+00
1.996000e-05	2.155614e-03	-1.603951e+00
1.997000e-05	6.760409e-03	-1.768511e+00
1.998000e-05	4.060323e-02	-2.018561e+00
1.999000e-05	9.753865e-02	-2.342871e+00
2.000000e-05	-9.199007e-03	-2.692197e+00
2.001000e-05	-4.577023e-02	-3.131820e+00
2.002000e-05	-1.858313e-02	-3.378008e+00
2.003000e-05	-3.665285e-02	-3.628008e+00
2.004000e-05	-6.173344e-02	-3.871740e+00
2.005000e-05	4.096568e-02	-4.093113e+00
2.006000e-05	8.317228e-02	-4.241088e+00
2.007000e-05	-1.024890e-01	-4.637576e+00
2.008000e-05	1.574366e-01	-4.858563e+00
2.009000e-05	-8.821443e-02	-5.175881e+00
2.010000e-05	2.558634e-02	-5.472339e+00
2.011000e-05	2.319055e-02	-5.753272e+00
2.012000e-05	-8.241286e-02	-6.030018e+00
2.013000e-05	1.397735e-01	-6.301113e+00
2.014000e-05	-8.928783e-02	-6.607378e+00
2.015000e-05	7.484955e-02	-6.881069e+00
2.016000e-05	-3.036758e-02	-7.131298e+00
2.017000e-05	-1.668808e-02	-7.458534e+00
2.018000e-05	6.234071e-02	-7.677614e+00
2.019000e-05	-6.524846e-02	-7.985376e+00
2.020000e-05	1.127943e-01	-8.227980e+00
2.021000e-05	-6.158046e-02	-8.430014e+00
2.022000e-05	5.612174e-02	-8.692200e+00
2.023000e-05	-1.670700e-02	-9.002351e+00
2.024000e-05	-3.103829e-02	-9.197459e+00
2.025000e-05	5.065588e-02	-9.418458e+00
2.026000e-05	-2.586878e-02	-9.669513e+00
2.027000e-05	8.933859e-02	-9.882665e+00
2.028000e-05	-4.629791e-02	-1.015217e+01
2.029000e-05	5.263656e-02	-1.035584e+01
2.030000e-05	-3.873890e-02	-1.058480e+01
2.031000e-05	2.937869e-02	-1.078482e+01
2.032000e-05	1.750370e-03	-1.099530e+01
2.033000e-05	9.498456e-03	-1.115651e+01
2.034000e-05	3.450783e-02	-1.143798e+01
2.035000e-05	-3.491393e-03	-1.162954e+01
2.036000e-05	3.370905e-02	-1.183058e+01
2.037000e-05	-2.334610e-02	-1.204961e+01
2.038000e-05	3.035088e-02	-1.222906e+01
2.039000e-05	-3.227791e-03	-1.241691e+01
2.040000e-05	4.134418e-02	-1.257595e+01
2.041000e-05	4.784338e-04	-1.274522e+01
2.042000e-05	1.643368e-02	-1.293532e+01
2.043000e-05	1.239702e-03	-1.308217e+01
2.044000e-05	1.622414e-02	-1.329159e+01
2.045000e-05	1.166166e-02	-1.341690e+01
2.046000e-05	1.468320e-02	-1.359488e+01
2.047000e-05	2.253725e-02	-1.367964e+01
2.048000e-05	1.767777e-02	-1.389019e+01
2.049000e-05	1.808446e-02	-1.401693e+01
2.050000e-05	3.354367e-03	-1.414327e+01
2.051000e-05	1.120930e-02	-1.429163e+01
2.052000e-05	1.479025e-02	-1.439795e+01
2.053000e-05	2.590956e-02	-1.456327e+01
2.054000e-05	1.744810e-02	-1.461746e+01
2.055000e-05	2.003577e-02	-1.473427e+01
2.056000e-05	1.330925e-02	-1.483793e+01
2.057000e-05	2.211338e-02	-1.496429e+01
2.058000e-05	1.650431e-02	-1.499598e+01
2.059000e-05	2.061907e-02	-1.510309e+01
2.060000e-05	2.016346e-02	-1.513477e+01
2.061000e-05	2.637048e-02	-1.524795e+01
2.062000e-05	2.218849e-02	-1.528179e+01
2.063000e-05	1.818032e-02	-1.535529e+01
2.064000e-05	1.784960e-02	-1.542941e+01
2.065000e-05	2.545150e-02	-1.550063e+01
2.066000e-05	3.196144e-02	-1.553462e+01
2.067000e-05	3.035314e-02	-1.555577e+01
2.068000e-05	2.958899e-02	-1.557688e+01
2.069000e-05	2.800844e-02	-1.559600e+01
2.070000e-05	3.153456e-02	-1.567848e+01
2.071000e-05	3.109944e-02	-1.566043e+01
2.072000e-05	3.377483e-02	-1.565056e+01
2.073000e-05	3.829278e-02	-1.571303e+01
2.074000e-05	4.710125e-02	-1.567116e+01
2.075000e-05	5.157252e-02	-1.569156e+01
2.076000e-05	5.186510e-02	-1.565996e+01
2.077000e-05	5.529211e-02	-1.561103e+01
2.078000e-05	6.539207e-02	-1.560943e+01
2.079000e-05	8.058594e-02	-1.560592e+01
2.080000e-05	9.890769e-02	-1.554674e+01
2.081000e-05	1.262665e-01	-1.548273e+01
2.082000e-05	1.745797e-01	-1.544101e+01
2.083000e-05	2.310280e-01	-1.539797e+01
2.084000e-05	2.499600e-01	-1.534686e+01
2.085000e-05	2.500000e-01	-1.530314e+01
2.086000e-05	2.500000e-01	-1.520850e+01
2.087000e-05	2.462624e-01	-1.512671e+01
2.088000e-05	2.009831e-01	-1.503110e+01
2.089000e-05	1.312965e-01	-1.494640e+01
2.090000e-05	8.686668e-02	-1.488316e+01
2.091000e-05	6.364117e-02	-1.480852e+01
2.092000e-05	4.918970e-02	-1.471416e+01
2.093000e-05	3.862114e-02	-1.458893e+01
2.094000e-05	2.997078e-02	-1.449416e+01
2.095000e-05	2.688150e-02	-1.435727e+01
2.096000e-05	2.449334e-02	-1.422916e+01
2.097000e-05	1.976120e-02	-1.410434e+01
2.098000e-05	1.557119e-02	-1.398835e+01
2.099000e-05	1.492596e-02	-1.383160e+01
2.100000e-05	1.552866e-02	-1.370318e+01
2.101000e-05	1.622065e-02	-1.349679e+01
2.102000e-05	1.349478e-02	-1.339844e+01
2.103000e-05	1.115056e-02	-1.324153e+01
2.104000e-05	1.091829e-02	-1.304270e+01
2.105000e-05	1.116741e-02	-1.288576e+01
2.106000e-05	1.003744e-02	-1.276734e+01
2.107000e-05	8.191135e-03	-1.256844e+01
2.108000e-05	7.874007e-03	-1.240097e+01
2.109000e-05	9.090392e-03	-1.221905e+01
2.110000e-05	6.919001e-03	-1.203210e+01
2.111000e-05	4.592035e-03	-1.187210e+01
2.112000e-05	3.120139e-03	-1.160054e+01
2.113000e-05	5.011952e-03	-1.137994e+01
2.114000e-05	6.223358e-03	-1.119729e+01
2.115000e-05	4.361256e-03	-1.094689e+01
2.116000e-05	3.192805e-03	-1.076687e+01
2.117000e-05	3.250733e-03	-1.056839e+01
2.118000e-05	2.633052e-03	-1.033676e+01
2.119000e-05	1.543426e-03	-1.007571e+01
2.120000e-05	8.941038e-04	-9.873207e+00
2.121000e-05	3.485900e-04	-9.673178e+00
2.122000e-05	1.569507e-03	-9.460518e+00
2.123000e-05	2.230896e-03	-9.200467e+00
2.124000e-05	-7.305484e-04	-8.977845e+00
2.125000e-05	-1.054524e-03	-8.728313e+00
2.126000e-05	-1.384150e-03	-8.474203e+00
2.127000e-05	1.202645e-03	-8.231578e+00
2.128000e-05	-7.189083e-04	-7.982051e+00
2.129000e-05	-2.376798e-03	-7.758336e+00
2.130000e-05	-3.342096e-03	-7.453150e+00
2.131000e-05	-3.214236e-03	-7.218548e+00
2.132000e-05	-2.431606e-03	-6.886205e+00
2.133000e-05	-2.986422e-03	-6.672653e+00
2.134000e-05	-4.830579e-03	-6.440572e+00
2.135000e-05	-2.521846e-03	-6.105782e+00
2.136000e-05	-3.554775e-03	-5.834124e+00
2.137000e-05	-3.088655e-03	-5.601443e+00
2.138000e-05	-5.683601e-03	-5.225178e+00
2.139000e-05	-5.127262e-03	-4.980340e+00
2.140000e-05	-4.754060e-03	-4.592602e+00
2.141000e-05	-4.019950e-03	-4.402048e+00
2.142000e-05	-5.758992e-03	-4.119363e+00
2.143000e-05	-6.773977e-03	-3.845674e+00
2.144000e-05	-6.196281e-03	-3.611417e+00
2.145000e-05	-6.406077e-03	-3.296936e+00
2.146000e-05	-7.463224e-03	-3.023618e+00
2.147000e-05	-7.077647e-03	-2.718810e+00
2.148000e-05	-6.586497e-03	-2.472178e+00
2.149000e-05	-5.689145e-03	-2.179886e+00
2.150000e-05	-7.216149e-03	-1.864751e+00
2.151000e-05	-8.786476e-03	-1.583075e+00
2.152000e-05	-8.847663e-03	-1.258151e+00
2.153000e-05	-8.493394e-03	-9.584439e-01
2.154000e-05	-7.921060e-03	-6.567071e-01
2.155000e-05	-8.191025e-03	-3.599164e-01
2.156000e-05	-6.337808e-03	-1.068347e-01
2.157000e-05	2.316028e-03	1.969811e-01
2.158000e-05	3.295560e-03	4.811177e-01
2.159000e-05	-3.432238e-03	7.238959e-01
2.160000e-05	-2.471516e-04	1.014882e+00
2.161000e-05	-4.826284e-03	1.303215e+00
2.162000e-05	-1.413706e-03	1.609035e+00
2.163000e-05	-6.732601e-04	1.873189e+00
2.164000e-05	2.358940e-02	2.103715e+00
2.165000e-05	7.362178e-02	2.374877e+00
2.166000e-05	2.878871e-02	2.724820e+00
2.167000e-05	-7.398498e-02	3.019484e+00
2.168000e-05	-3.444622e-02	3.313147e+00
2.169000e-05	-3.569171e-02	3.629107e+00
2.170000e-05	-3.514930e-02	3.851086e+00
2.171000e-05	-6.326992e-02	4.069112e+00
2.172000e-05	6.122964e-02	4.344199e+00
2.173000e-05	3.588638e-02	4.628984e+00
2.174000e-05	-6.184218e-02	4.893040e+00
2.175000e-05	1.186819e-01	5.176505e+00
2.176000e-05	-9.861017e-02	5.493188e+00
2.177000e-05	6.087452e-03	5.795728e+00
2.178000e-05	4.856168e-04	6.102136e+00
2.179000e-05	-1.198007e-02	6.294165e+00
2.180000e-05	4.095937e-02	6.606900e+00
2.181000e-05	-6.368991e-02	6.870643e+00
2.182000e-05	2.248358e-02	7.123771e+00
2.183000e-05	-3.371306e-02	7.397405e+00
2.184000e-05	7.319139e-03	7.712720e+00
2.185000e-05	-2.014064e-02	7.986429e+00
2.186000e-05	-1.198565e-02	8.239055e+00
2.187000e-05	3.643380e-02	8.472637e+00
2.188000e-05	-2.800169e-02	8.691691e+00
2.189000e-05	4.539225e-04	8.953624e+00
2.190000e-05	-3.934029e-02	9.165901e+00
2.191000e-05	-1.414129e-02	9.437879e+00
2.192000e-05	1.464267e-02	9.669489e+00
2.193000e-05	-4.604696e-03	9.871618e+00
2.194000e-05	-6.568422e-03	1.013327e+01
2.195000e-05	-2.841706e-02	1.032324e+01
2.196000e-05	6.346722e-03	1.055482e+01
2.197000e-05	-2.282339e-02	1.075542e+01
2.198000e-05	-1.461608e-02	1.099485e+01
2.199000e-05	-1.932493e-02	1.119635e+01
2.200000e-05	-1.599329e-03	1.139590e+01
2.201000e-05	3.800019e-03	1.160846e+01
2.202000e-05	-2.027240e-02	1.182744e+01
2.203000e-05	-2.430862e-02	1.200898e+01
2.204000e-05	-2.160228e-02	1.223596e+01
2.205000e-05	1.308589e-03	1.236885e+01
2.206000e-05	-6.423803e-03	1.258687e+01
2.207000e-05	-1.725340e-02	1.272425e+01
2.208000e-05	-2.249023e-02	1.293219e+01
2.209000e-05	-1.404264e-02	1.308113e+01
2.210000e-05	-1.223455e-02	1.322851e+01
2.211000e-05	-2.409890e-02	1.340635e+01
2.212000e-05	-2.358370e-02	1.354379e+01
2.213000e-05	-1.104734e-02	1.371106e+01
2.214000e-05	-3.543072e-03	1.380698e+01
2.215000e-05	-1.608471e-02	1.397675e+01
2.216000e-05	-3.173749e-02	1.413322e+01
2.217000e-05	-2.665615e-02	1.429152e+01
2.218000e-05	-1.578644e-02	1.437593e+01
2.219000e-05	-1.241479e-02	1.448264e+01
2.220000e-05	-2.458321e-02	1.458103e+01
2.221000e-05	-2.570994e-02	1.473319e+01
2.222000e-05	-1.846989e-02	1.481993e+01
2.223000e-05	-1.779589e-02	1.488319e+01
2.224000e-05	-2.722222e-02	1.496540e+01
2.225000e-05	-3.352312e-02	1.510203e+01
2.226000e-05	-2.406992e-02	1.514377e+01
2.227000e-05	-1.871453e-02	1.521732e+01
2.228000e-05	-2.272186e-02	1.531006e+01
2.229000e-05	-3.790125e-02	1.532522e+01
2.230000e-05	-3.673949e-02	1.534637e+01
2.231000e-05	-2.804826e-02	1.539948e+01
2.232000e-05	-2.579278e-02	1.544106e+01
2.233000e-05	-3.453218e-02	1.549371e+01
2.234000e-05	-3.972412e-02	1.552522e+01
2.235000e-05	-3.405648e-02	1.553635e+01
2.236000e-05	-3.390797e-02	1.555739e+01
2.237000e-05	-4.212791e-02	1.560790e+01
2.238000e-05	-5.314411e-02	1.563997e+01
2.239000e-05	-4.914572e-02	1.563053e+01
2.240000e-05	-4.505603e-02	1.563043e+01
2.241000e-05	-4.981615e-02	1.559890e+01
2.242000e-05	-6.481792e-02	1.560840e+01
2.243000e-05	-7.370452e-02	1.560724e+01
2.244000e-05	-7.738485e-02	1.552637e+01
2.245000e-05	-8.927387e-02	1.550516e+01
2.246000e-05	-1.150116e-01	1.547363e+01
2.247000e-05	-1.543158e-01	1.543318e+01
2.248000e-05	-2.016754e-01	1.537845e+01
2.249000e-05	-2.436284e-01	1.533484e+01
2.250000e-05	-2.500000e-01	1.531164e+01
2.251000e-05	-2.500000e-01	1.524003e+01
2.252000e-05	-2.500000e-01	1.521740e+01
2.253000e-05	-2.356569e-01	1.510366e+01
2.254000e-05	-1.775816e-01	1.498800e+01
2.255000e-05	-1.229575e-01	1.487521e+01
2.256000e-05	-9.279648e-02	1.485905e+01
2.257000e-05	-6.567024e-02	1.471577e+01
2.258000e-05	-4.891551e-02	1.460353e+01
2.259000e-05	-4.231576e-02	1.450471e+01
2.260000e-05	-4.268355e-02	1.445045e+01
2.261000e-05	-3.463857e-02	1.429621e+01
2.262000e-05	-2.730846e-02	1.412737e+01
2.263000e-05	-2.562908e-02	1.398098e+01
2.264000e-05	-3.045805e-02	1.388468e+01
2.265000e-05	-2.938874e-02	1.373679e+01
2.266000e-05	-2.198285e-02	1.361844e+01
2.267000e-05	-1.895408e-02	1.340115e+01
2.268000e-05	-2.272519e-02	1.331488e+01
2.269000e-05	-2.579858e-02	1.315726e+01
2.270000e-05	-2.167404e-02	1.294787e+01
2.271000e-05	-1.687643e-02	1.279008e+01
2.272000e-05	-1.950338e-02	1.261053e+01
2.273000e-05	-2.247802e-02	1.249528e+01
2.274000e-05	-2.089315e-02	1.230676e+01
2.275000e-05	-1.572602e-02	1.212576e+01
2.276000e-05	-1.458021e-02	1.192879e+01
2.277000e-05	-1.842876e-02	1.171728e+01
2.278000e-05	-2.106719e-02	1.149726e+01
2.279000e-05	-1.618310e-02	1.127470e+01
2.280000e-05	-1.131887e-02	1.107413e+01
2.281000e-05	-1.418535e-02	1.089468e+01
2.282000e-05	-1.758390e-02	1.067605e+01
2.283000e-05	-1.667737e-02	1.049513e+01
2.284000e-05	-1.157484e-02	1.025300e+01
2.285000e-05	-1.199780e-02	1.001250e+01
2.286000e-05	-1.584827e-02	9.757916e+00
2.287000e-05	-1.573211e-02	9.539385e+00
2.288000e-05	-1.141135e-02	9.306789e+00
2.289000e-05	-9.290220e-03	9.076733e+00
2.290000e-05	-1.272690e-02	8.803078e+00
2.291000e-05	-1.531968e-02	8.610499e+00
2.292000e-05	-1.286740e-02	8.420868e+00
2.293000e-05	-8.752600e-03	8.106761e+00
2.294000e-05	-9.983045e-03	7.862655e+00
2.295000e-05	-1.210748e-02	7.613143e+00
2.296000e-05	-1.277291e-02	7.336761e+00
2.297000e-05	-9.190286e-03	7.074654e+00
2.298000e-05	-8.697291e-03	6.812518e+00
2.299000e-05	-1.141877e-02	6.547364e+00
2.300000e-05	-1.242134e-02	6.255210e+00
2.301000e-05	-1.004417e-02	6.042122e+00
2.302000e-05	-7.377635e-03	5.768361e+00
2.303000e-05	-8.746426e-03	5.455178e+00
2.304000e-05	-1.177864e-02	5.171417e+00
2.305000e-05	-1.065758e-02	4.833024e+00
2.306000e-05	-7.957859e-03	4.560991e+00
2.307000e-05	-7.387035e-03	4.309757e+00
2.308000e-05	-1.001115e-02	4.021494e+00
2.309000e-05	-1.077072e-02	3.749310e+00
2.310000e-05	-7.699570e-03	3.475628e+00
2.311000e-05	-6.409878e-03	3.140415e+00
2.312000e-05	-8.317917e-03	2.897210e+00
2.313000e-05	-1.021213e-02	2.614049e+00
2.314000e-05	-7.804180e-03	2.298257e+00
2.315000e-05	-5.453550e-03	2.033602e+00
2.316000e-05	-6.069076e-03	1.751543e+00
2.317000e-05	-7.963785e-03	1.445628e+00
2.318000e-05	-8.135323e-03	1.119336e+00
2.319000e-05	-5.663367e-03	8.204953e-01
2.320000e-05	-4.008766e-03	5.273085e-01
2.321000e-05	-5.011506e-03	2.652779e-01
2.322000e-05	-3.240547e-03	-4.961532e-02
2.323000e-05	4.454237e-03	-2.927430e-01
2.324000e-05	5.678742e-03	-5.658034e-01
2.325000e-05	8.410296e-05	-8.736414e-01
2.326000e-05	7.043512e-04	-1.123798e+00
2.327000e-05	-1.977030e-03	-1.430666e+00
2.328000e-05	3.159452e-03	-1.683114e+00
2.329000e-05	1.843606e-02	-1.935244e+00
2.330000e-05	7.997624e-02	-2.135875e+00
2.331000e-05	6.707470e-02	-2.511300e+00
2.332000e-05	-6.605782e-02	-2.954703e+00
2.333000e-05	-1.478377e-02	-3.343217e+00
2.334000e-05	-3.926997e-02	-3.493768e+00
2.335000e-05	-4.073084e-02	-3.814828e+00
2.336000e-05	-4.566543e-02	-3.994976e+00
2.337000e-05	1.386616e-01	-4.154898e+00
2.338000e-05	-6.854800e-02	-4.458488e+00
2.339000e-05	4.179103e-02	-4.776801e+00
2.340000e-05	6.922070e-02	-5.015432e+00
2.341000e-05	-1.113460e-01	-5.394405e+00
2.342000e-05	1.140790e-01	-5.649960e+00
2.343000e-05	-1.165594e-01	-5.922740e+00
2.344000e-05	9.118456e-02	-6.215880e+00
2.345000e-05	2.434203e-02	-6.417936e+00
2.346000e-05	-3.895419e-02	-6.705897e+00
2.347000e-05	7.930031e-02	-7.045382e+00
2.348000e-05	-9.713457e-02	-7.313219e+00
2.349000e-05	8.576374e-02	-7.563899e+00
2.350000e-05	-4.837334e-02	-7.847409e+00
2.351000e-05	4.603381e-02	-8.131222e+00
2.352000e-05	3.733353e-02	-8.333746e+00
2.353000e-05	-4.180687e-02	-8.617984e+00
2.354000e-05	7.634558e-02	-8.860038e+00
2.355000e-05	-8.488519e-02	-9.072638e+00
2.356000e-05	6.155873e-02	-9.353317e+00
2.357000e-05	-2.559558e-02	-9.543717e+00
2.358000e-05	5.760001e-02	-9.795977e+00
2.359000e-05	1.188330e-02	-9.986357e+00
2.360000e-05	-5.277207e-03	-1.026848e+01
2.361000e-05	2.695261e-02	-1.045904e+01
2.362000e-05	-3.284203e-02	-1.067167e+01
2.363000e-05	4.917268e-02	-1.090064e+01
2.364000e-05	-2.817869e-02	-1.110117e+01
2.365000e-05	5.338647e-02	-1.132222e+01
2.366000e-05	-1.115773e-02	-1.149275e+01
2.367000e-05	3.352909e-02	-1.177330e+01
2.368000e-05	-1.005507e-02	-1.199320e+01
2.369000e-05	1.159300e-02	-1.218435e+01
2.370000e-05	1.126403e-02	-1.232374e+01
2.371000e-05	2.043715e-02	-1.256477e+01
2.372000e-05	2.587759e-02	-1.268009e+01
2.373000e-05	1.157177e-03	-1.287058e+01
2.374000e-05	1.518586e-02	-1.301143e+01
2.375000e-05	1.123578e-04	-1.315590e+01
2.376000e-05	2.109135e-02	-1.335324e+01
2.377000e-05	5.307487e-03	-1.348969e+01
2.378000e-05	2.728475e-02	-1.362841e+01
2.379000e-05	1.599978e-02	-1.376741e+01
2.380000e-05	2.418936e-02	-1.391490e+01
2.381000e-05	5.442072e-03	-1.411009e+01
2.382000e-05	9.910309e-03	-1.419753e+01
2.383000e-05	9.534153e-03	-1.432415e+01
2.384000e-05	2.381987e-02	-1.447069e+01
2.385000e-05	1.987560e-02	-1.459583e+01
2.386000e-05	2.040497e-02	-1.463061e+01
2.387000e-05	1.622724e-02	-1.477487e+01
2.388000e-05	1.752594e-02	-1.491164e+01
2.389000e-05	1.982477e-02	-1.498537e+01
2.390000e-05	1.618842e-02	-1.503008e+01
2.391000e-05	2.233655e-02	-1.513322e+01
2.392000e-05	2.169551e-02	-1.521880e+01
2.393000e-05	2.713639e-02	-1.525258e+01
2.394000e-05	1.830863e-02	-1.534182e+01
2.395000e-05	2.026311e-02	-1.538885e+01
2.396000e-05	1.976433e-02	-1.548208e+01
2.397000e-05	3.019032e-02	-1.547316e+01
2.398000e-05	3.000818e-02	-1.552432e+01
2.399000e-05	3.077031e-02	-1.558630e+01
2.400000e-05	2.918283e-02	-1.564796e+01
2.401000e-05	3.033411e-02	-1.564903e+01
2.402000e-05	3.257456e-02	-1.564856e+01
2.403000e-05	3.130678e-02	-1.565150e+01
2.404000e-05	3.654048e-02	-1.567004e+01
2.405000e-05	4.267759e-02	-1.566208e+01
2.406000e-05	4.880495e-02	-1.568056e+01
2.407000e-05	5.144320e-02	-1.564056e+01
2.408000e-05	5.336969e-02	-1.563950e+01
2.409000e-05	5.804990e-02	-1.567033e+01
2.410000e-05	7.425728e-02	-1.558640e+01
2.411000e-05	8.835336e-02	-1.560629e+01
2.412000e-05	1.140242e-01	-1.554479e+01
2.413000e-05	1.501793e-01	-1.548116e+01
2.414000e-05	2.067580e-01	-1.539900e+01
2.415000e-05	2.459577e-01	-1.533785e+01
2.416000e-05	2.500000e-01	-1.528366e+01
2.417000e-05	2.500000e-01	-1.523108e+01
2.418000e-05	2.500000e-01	-1.519689e+01
2.419000e-05	2.289180e-01	-1.508223e+01
2.420000e-05	1.642871e-01	-1.500003e+01
2.421000e-05	1.069083e-01	-1.492481e+01
2.422000e-05	7.366218e-02	-1.489003e+01
2.423000e-05	5.510561e-02	-1.474729e+01
2.424000e-05	4.219200e-02	-1.464208e+01
2.425000e-05	3.144438e-02	-1.453687e+01
2.426000e-05	2.627451e-02	-1.443005e+01
2.427000e-05	2.491799e-02	-1.432421e+01
2.428000e-05	2.230574e-02	-1.417547e+01
2.429000e-05	1.845970e-02	-1.405113e+01
2.430000e-05	1.547389e-02	-1.391471e+01
2.431000e-05	1.564596e-02	-1.376489e+01
2.432000e-05	1.641183e-02	-1.362949e+01
2.433000e-05	1.469480e-02	-1.344205e+01
2.434000e-05	9.596107e-03	-1.334321e+01
2.435000e-05	9.495894e-03	-1.313782e+01
2.436000e-05	9.629447e-03	-1.300992e+01
2.437000e-05	1.146319e-02	-1.285100e+01
2.438000e-05	8.837193e-03	-1.262113e+01
2.439000e-05	8.187719e-03	-1.251366e+01
2.440000e-05	8.093223e-03	-1.230576e+01
2.441000e-05	8.690155e-03	-1.212786e+01
2.442000e-05	5.331525e-03	-1.190667e+01
2.443000e-05	2.925518e-03	-1.174628e+01
2.444000e-05	3.594744e-03	-1.151726e+01
2.445000e-05	5.463916e-03	-1.121260e+01
2.446000e-05	5.661245e-03	-1.106208e+01
2.447000e-05	3.640824e-03	-1.083405e+01
2.448000e-05	2.442443e-03	-1.063213e+01
2.449000e-05	2.951100e-03	-1.047402e+01
2.450000e-05	4.065892e-03	-1.019905e+01
2.451000e-05	2.050259e-03	-9.989370e+00
2.452000e-05	9.596277e-04	-9.739893e+00
2.453000e-05	5.040429e-04	-9.548315e+00
2.454000e-05	1.882172e-03	-9.305283e+00
2.455000e-05	1.569929e-04	-9.113682e+00
2.456000e-05	-2.534969e-03	-8.825127e+00
2.457000e-05	-2.375238e-03	-8.629022e+00
2.458000e-05	-2.599412e-04	-8.368286e+00
2.459000e-05	1.742954e-03	-8.117286e+00
2.460000e-05	-3.259833e-04	-7.884182e+00
2.461000e-05	-2.833718e-03	-7.599918e+00
2.462000e-05	-3.042510e-03	-7.286785e+00
2.463000e-05	-2.221494e-03	-7.024124e+00
2.464000e-05	-3.419870e-03	-6.770415e+00
2.465000e-05	-4.100712e-03	-6.507736e+00
2.466000e-05	-4.014376e-03	-6.264624e+00
2.467000e-05	-2.975495e-03	-5.990469e+00
2.468000e-05	-3.756688e-03	-5.726261e+00
2.469000e-05	-4.452201e-03	-5.442541e+00
2.470000e-05	-5.394149e-03	-5.129336e+00
2.471000e-05	-4.048055e-03	-4.792439e+00
2.472000e-05	-4.405991e-03	-4.496285e+00
2.473000e-05	-5.958305e-03	-4.295261e+00
2.474000e-05	-6.182328e-03	-4.023044e+00
2.475000e-05	-8.877866e-03	-3.726787e+00
2.476000e-05	-4.370202e-03	-3.424652e+00
2.477000e-05	-8.385273e-03	-3.130940e+00
2.478000e-05	-4.427373e-03	-2.833224e+00
2.479000e-05	-7.323408e-03	-2.560468e+00
2.480000e-05	-3.941359e-03	-2.309306e+00
2.481000e-05	-6.022589e-03	-2.001991e+00
2.482000e-05	-8.488783e-03	-1.747761e+00
2.483000e-05	-1.086821e-02	-1.425642e+00
2.484000e-05	-9.926554e-03	-1.076282e+00
2.485000e-05	-8.162802e-03	-7.835763e-01
2.486000e-05	-7.004425e-03	-4.972836e-01
2.487000e-05	-6.996179e-03	-2.532044e-01
2.488000e-05	-1.671233e-03	6.156145e-02
2.489000e-05	5.783490e-03	3.648457e-01
2.490000e-05	-2.789472e-03	6.364761e-01
2.491000e-05	-9.145587e-04	8.500849e-01
2.492000e-05	-5.274065e-03	1.146952e+00
2.493000e-05	-2.639885e-03	1.441109e+00
2.494000e-05	-2.525389e-03	1.756428e+00
2.495000e-05	1.089942e-02	1.985976e+00
2.496000e-05	4.533756e-02	2.229502e+00
2.497000e-05	7.596521e-02	2.536224e+00
2.498000e-05	-4.593434e-02	2.942716e+00
2.499000e-05	-4.879029e-02	3.196977e+00
2.500000e-05	-3.656531e-02	3.492189e+00
2.501000e-05	-2.681259e-02	3.725344e+00
2.502000e-05	-6.041924e-02	3.987345e+00
2.503000e-05	-8.769799e-03	4.217827e+00
2.504000e-05	8.443062e-02	4.491669e+00
2.505000e-05	-6.083122e-02	4.755446e+00
2.506000e-05	5.456602e-02	5.058456e+00
2.507000e-05	2.546228e-02	5.396906e+00
2.508000e-05	-9.299124e-02	5.629536e+00
2.509000e-05	5.104086e-02	5.913324e+00
2.510000e-05	-4.347218e-02	6.176455e+00
2.511000e-05	4.856838e-02	6.428061e+00
2.512000e-05	-2.937865e-02	6.724872e+00
2.513000e-05	-2.643518e-02	6.987427e+00
2.514000e-05	1.116353e-02	7.300164e+00
2.515000e-05	-3.681729e-02	7.543797e+00
2.516000e-05	2.120330e-02	7.838989e+00
2.517000e-05	-4.799004e-02	8.112796e+00
2.518000e-05	4.056321e-02	8.334850e+00
2.519000e-05	-4.784923e-03	8.566378e+00
2.520000e-05	-1.613426e-02	8.817509e+00
2.521000e-05	-1.059357e-02	9.061163e+00
2.522000e-05	-4.816300e-02	9.293242e+00
2.523000e-05	2.077499e-02	9.503748e+00
2.524000e-05	-8.716472e-03	9.795350e+00
2.525000e-05	1.011139e-02	9.988433e+00
2.526000e-05	-3.384646e-02	1.023898e+01
2.527000e-05	1.509779e-03	1.042949e+01
2.528000e-05	-9.823629e-03	1.063006e+01
2.529000e-05	-2.128572e-02	1.090214e+01
2.530000e-05	-1.658149e-02	1.108356e+01
2.531000e-05	-1.744825e-02	1.130115e+01
2.532000e-05	1.155882e-02	1.155279e+01
2.533000e-05	-1.472756e-02	1.171079e+01
2.534000e-05	-1.613610e-02	1.189324e+01
2.535000e-05	-3.281148e-02	1.213317e+01
2.536000e-05	-2.481428e-03	1.232359e+01
2.537000e-05	-6.466631e-03	1.250214e+01
2.538000e-05	-8.958290e-03	1.264156e+01
2.539000e-05	-2.382617e-02	1.284803e+01
2.540000e-05	-1.754346e-02	1.299788e+01
2.541000e-05	-8.355515e-03	1.316532e+01
2.542000e-05	-1.900784e-02	1.328174e+01
2.543000e-05	-2.341090e-02	1.347951e+01
2.544000e-05	-2.254559e-02	1.359946e+01
2.545000e-05	-2.086667e-03	1.378427e+01
2.546000e-05	-1.190729e-02	1.394410e+01
2.547000e-05	-2.306975e-02	1.404899e+01
2.548000e-05	-3.312259e-02	1.423740e+01
2.549000e-05	-1.873178e-02	1.431625e+01
2.550000e-05	-1.276192e-02	1.444009e+01
2.551000e-05	-1.847037e-02	1.455525e+01
2.552000e-05	-2.706279e-02	1.466971e+01
2.553000e-05	-2.309759e-02	1.479732e+01
2.554000e-05	-1.449988e-02	1.482001e+01
2.555000e-05	-2.387821e-02	1.494627e+01
2.556000e-05	-2.994794e-02	1.502938e+01
2.557000e-05	-3.143918e-02	1.510011e+01
2.558000e-05	-1.760742e-02	1.514534e+01
2.559000e-05	-2.028315e-02	1.524760e+01
2.560000e-05	-3.047904e-02	1.529409e+01
2.561000e-05	-3.973305e-02	1.534629e+01
2.562000e-05	-3.292837e-02	1.540848e+01
2.563000e-05	-2.464649e-02	1.544158e+01
2.564000e-05	-3.055956e-02	1.549308e+01
2.565000e-05	-3.746308e-02	1.550527e+01
2.566000e-05	-3.876965e-02	1.554622e+01
2.567000e-05	-3.183929e-02	1.555879e+01
2.568000e-05	-3.844232e-02	1.558895e+01
2.569000e-05	-4.822290e-02	1.561837e+01
2.570000e-05	-5.237955e-02	1.560950e+01
2.571000e-05	-4.663890e-02	1.560798e+01
2.572000e-05	-4.496606e-02	1.559798e+01
2.573000e-05	-5.770062e-02	1.563805e+01
2.574000e-05	-6.987013e-02	1.562785e+01
2.575000e-05	-7.684969e-02	1.553839e+01
2.576000e-05	-8.012524e-02	1.551626e+01
2.577000e-05	-1.005979e-01	1.549521e+01
2.578000e-05	-1.341391e-01	1.544363e+01
2.579000e-05	-1.785140e-01	1.542048e+01
2.580000e-05	-2.276479e-01	1.537737e+01
2.581000e-05	-2.499100e-01	1.533279e+01
2.582000e-05	-2.500000e-01	1.526211e+01
2.583000e-05	-2.500000e-01	1.522893e+01
2.584000e-05	-2.469985e-01	1.515472e+01
2.585000e-05	-2.083944e-01	1.503103e+01
2.586000e-05	-1.446219e-01	1.494679e+01
2.587000e-05	-1.047847e-01	1.487115e+01
2.588000e-05	-7.842376e-02	1.473734e+01
2.589000e-05	-5.569508e-02	1.464316e+01
2.590000e-05	-4.373149e-02	1.458092e+01
2.591000e-05	-4.269597e-02	1.450258e+01
2.592000e-05	-3.885298e-02	1.432776e+01
2.593000e-05	-3.064069e-02	1.420044e+01
2.594000e-05	-2.542541e-02	1.408463e+01
2.595000e-05	-2.802515e-02	1.393772e+01
2.596000e-05	-3.068226e-02	1.384048e+01
2.597000e-05	-2.681612e-02	1.365163e+01
2.598000e-05	-2.028493e-02	1.352566e+01
2.599000e-05	-2.058906e-02	1.337790e+01
2.600000e-05	-2.354712e-02	1.325150e+01
2.601000e-05	-2.417610e-02	1.300366e+01
2.602000e-05	-1.930432e-02	1.288616e+01
2.603000e-05	-1.671939e-02	1.272526e+01
2.604000e-05	-1.992635e-02	1.252839e+01
2.605000e-05	-2.285176e-02	1.240144e+01
2.606000e-05	-1.973224e-02	1.221150e+01
2.607000e-05	-1.461426e-02	1.201257e+01
2.608000e-05	-1.681990e-02	1.180150e+01
2.609000e-05	-2.021783e-02	1.164348e+01
2.610000e-05	-1.769389e-02	1.138100e+01
2.611000e-05	-1.477731e-02	1.116992e+01
2.612000e-05	-1.070098e-02	1.098944e+01
2.613000e-05	-1.758282e-02	1.080145e+01
2.614000e-05	-1.598691e-02	1.055987e+01
2.615000e-05	-1.452147e-02	1.035786e+01
2.616000e-05	-1.128894e-02	1.012781e+01
2.617000e-05	-1.254721e-02	9.886658e+00
2.618000e-05	-1.765277e-02	9.644028e+00
2.619000e-05	-1.552111e-02	9.430627e+00
2.620000e-05	-1.258729e-02	9.180995e+00
2.621000e-05	-1.178597e-02	8.978368e+00
2.622000e-05	-1.208353e-02	8.717283e+00
2.623000e-05	-1.311094e-02	8.515707e+00
2.624000e-05	-9.018146e-03	8.264649e+00
2.625000e-05	-8.627400e-03	8.019964e+00
2.626000e-05	-1.112198e-02	7.717836e+00
2.627000e-05	-1.464705e-02	7.445573e+00
2.628000e-05	-1.334032e-02	7.201498e+00
2.629000e-05	-1.051179e-02	6.938391e+00
2.630000e-05	-9.444596e-03	6.697203e+00
2.631000e-05	-1.124053e-02	6.393442e+00
2.632000e-05	-1.038926e-02	6.139785e+00
2.633000e-05	-8.241187e-03	5.927706e+00
2.634000e-05	-7.669551e-03	5.600448e+00
2.635000e-05	-1.055974e-02	5.359859e+00
2.636000e-05	-1.159463e-02	5.001548e+00
2.637000e-05	-9.150432e-03	4.696781e+00
2.638000e-05	-8.166620e-03	4.433651e+00
2.639000e-05	-8.090584e-03	4.119358e+00
2.640000e-05	-1.001525e-02	3.873626e+00
2.641000e-05	-8.711867e-03	3.590995e+00
2.642000e-05	-6.224571e-03	3.286732e+00
2.643000e-05	-6.317994e-03	3.022551e+00
2.644000e-05	-8.247893e-03	2.729999e+00
2.645000e-05	-9.694459e-03	2.454046e+00
2.646000e-05	-7.735331e-03	2.170889e+00
2.647000e-05	-6.877663e-03	1.876805e+00
2.648000e-05	-7.501159e-03	1.580993e+00
2.649000e-05	-8.073633e-03	1.287307e+00
2.650000e-05	-6.841163e-03	1.032390e+00
2.651000e-05	-4.149565e-03	6.467282e-01
2.652000e-05	-3.515978e-03	3.825441e-01
2.653000e-05	-4.883784e-03	1.066309e-01
2.654000e-05	-1.140998e-04	-1.570061e-01
2.655000e-05	7.889330e-03	-4.495876e-01
2.656000e-05	-5.707849e-04	-7.138235e-01
2.657000e-05	2.116644e-03	-9.869549e-01
2.658000e-05	-3.986237e-03	-1.302144e+00
2.659000e-05	1.266777e-03	-1.587950e+00
2.660000e-05	5.999021e-03	-1.820035e+00
2.661000e-05	4.719132e-02	-2.031086e+00
2.662000e-05	9.521010e-02	-2.374401e+00
2.663000e-05	-1.414091e-02	-2.741824e+00
2.664000e-05	-4.514088e-02	-3.143502e+00
2.665000e-05	-1.957940e-02	-3.449031e+00
2.666000e-05	-3.640394e-02	-3.639063e+00
2.667000e-05	-6.464904e-02	-3.861588e+00
2.668000e-05	5.489521e-02	-4.111112e+00
2.669000e-05	7.141749e-02	-4.321614e+00
2.670000e-05	-9.508190e-02	-4.607554e+00
2.671000e-05	1.553956e-01	-4.880635e+00
2.672000e-05	-9.767983e-02	-5.174360e+00
2.673000e-05	3.590214e-02	-5.504919e+00
2.674000e-05	4.595440e-03	-5.753793e+00
2.675000e-05	-6.990585e-02	-6.059215e+00
2.676000e-05	1.337040e-01	-6.292164e+00
2.677000e-05	-8.806078e-02	-6.575453e+00
2.678000e-05	8.115947e-02	-6.890167e+00
2.679000e-05	-3.903819e-02	-7.133821e+00
2.680000e-05	-7.406722e-03	-7.438484e+00
2.681000e-05	4.971011e-02	-7.730647e+00
2.682000e-05	-5.838869e-02	-7.973930e+00
2.683000e-05	1.091558e-01	-8.218929e+00
2.684000e-05	-6.205435e-02	-8.448544e+00
2.685000e-05	6.359291e-02	-8.714350e+00
2.686000e-05	-2.374331e-02	-9.014853e+00
2.687000e-05	-2.144974e-02	-9.207486e+00
2.688000e-05	4.126064e-02	-9.458982e+00
2.689000e-05	-2.094636e-02	-9.663144e+00
2.690000e-05	8.215728e-02	-9.882611e+00
2.691000e-05	-4.446618e-02	-1.011272e+01
2.692000e-05	5.396147e-02	-1.035532e+01
2.693000e-05	-3.850984e-02	-1.055585e+01
2.694000e-05	3.476631e-02	-1.081532e+01
2.695000e-05	-3.531636e-03	-1.099490e+01
2.696000e-05	1.290413e-02	-1.121845e+01
2.697000e-05	2.831904e-02	-1.143796e+01
2.698000e-05	-5.210591e-04	-1.170156e+01
2.699000e-05	2.943604e-02	-1.181856e+01
2.700000e-05	-2.051125e-02	-1.209019e+01
2.701000e-05	2.963487e-02	-1.226203e+01
2.702000e-05	-7.548109e-04	-1.244699e+01
2.703000e-05	4.048890e-02	-1.258641e+01
2.704000e-05	-5.838762e-06	-1.275632e+01
2.705000e-05	1.630337e-02	-1.294285e+01
2.706000e-05	1.301560e-04	-1.308217e+01
2.707000e-05	1.644617e-02	-1.326104e+01
2.708000e-05	1.057907e-02	-1.341746e+01
2.709000e-05	1.692008e-02	-1.355485e+01
2.710000e-05	2.229035e-02	-1.372329e+01
2.711000e-05	1.994737e-02	-1.391010e+01
2.712000e-05	1.654943e-02	-1.398746e+01
2.713000e-05	4.009256e-03	-1.412477e+01
2.714000e-05	1.060688e-02	-1.424914e+01
2.715000e-05	1.478352e-02	-1.440648e+01
2.716000e-05	2.592246e-02	-1.454322e+01
2.717000e-05	1.831000e-02	-1.460799e+01
2.718000e-05	2.067449e-02	-1.473326e+01
2.719000e-05	1.377345e-02	-1.478798e+01
2.720000e-05	2.183577e-02	-1.495419e+01
2.721000e-05	1.556870e-02	-1.497648e+01
2.722000e-05	1.981490e-02	-1.509211e+01
2.723000e-05	2.028250e-02	-1.513429e+01
2.724000e-05	2.680251e-02	-1.525001e+01
2.725000e-05	2.345155e-02	-1.529269e+01
2.726000e-05	1.856125e-02	-1.538382e+01
2.727000e-05	1.932445e-02	-1.540893e+01
2.728000e-05	2.464166e-02	-1.546161e+01
2.729000e-05	3.169273e-02	-1.547474e+01
2.730000e-05	3.011211e-02	-1.553580e+01
2.731000e-05	2.918415e-02	-1.556640e+01
2.732000e-05	2.914202e-02	-1.562836e+01
2.733000e-05	3.260034e-02	-1.569053e+01
2.734000e-05	3.189521e-02	-1.565951e+01
2.735000e-05	3.378573e-02	-1.566156e+01
2.736000e-05	3.824627e-02	-1.565056e+01
2.737000e-05	4.670977e-02	-1.565961e+01
2.738000e-05	5.084655e-02	-1.568066e+01
2.739000e-05	5.235597e-02	-1.563903e+01
2.740000e-05	5.608795e-02	-1.563848e+01
2.741000e-05	6.675179e-02	-1.560837e+01
2.742000e-05	8.163504e-02	-1.560629e+01
2.743000e-05	1.005150e-01	-1.552581e+01
2.744000e-05	1.275516e-01	-1.550271e+01
2.745000e-05	1.768877e-01	-1.542208e+01
2.746000e-05	2.319337e-01	-1.537990e+01
2.747000e-05	2.499700e-01	-1.530632e+01
2.748000e-05	2.500000e-01	-1.527213e+01
2.749000e-05	2.500000e-01	-1.521897e+01
2.750000e-05	2.456460e-01	-1.513472e+01
2.751000e-05	1.977573e-01	-1.504210e+01
2.752000e-05	1.283512e-01	-1.496792e+01
2.753000e-05	8.538917e-02	-1.491271e+01
2.754000e-05	6.298554e-02	-1.477849e+01
2.755000e-05	4.885186e-02	-1.470624e+01
2.756000e-05	3.707866e-02	-1.459892e+01
2.757000e-05	3.000892e-02	-1.447463e+01
2.758000e-05	2.541509e-02	-1.434834e+01
2.759000e-05	2.343920e-02	-1.424203e+01
2.760000e-05	1.951978e-02	-1.409331e+01
2.761000e-05	1.643594e-02	-1.396682e+01
2.762000e-05	1.460629e-02	-1.380202e+01
2.763000e-05	1.616731e-02	-1.367517e+01
2.764000e-05	1.532729e-02	-1.354323e+01
2.765000e-05	1.230051e-02	-1.336749e+01
2.766000e-05	1.044657e-02	-1.325105e+01
2.767000e-05	9.133569e-03	-1.307316e+01
2.768000e-05	1.055212e-02	-1.292571e+01
2.769000e-05	1.088101e-02	-1.274584e+01
2.770000e-05	9.409803e-03	-1.256740e+01
2.771000e-05	7.407764e-03	-1.239000e+01
2.772000e-05	8.346908e-03	-1.222007e+01
2.773000e-05	6.881074e-03	-1.199197e+01
2.774000e-05	4.608267e-03	-1.182110e+01
2.775000e-05	3.410498e-03	-1.163002e+01
2.776000e-05	4.851114e-03	-1.135982e+01
2.777000e-05	5.791437e-03	-1.116729e+01
2.778000e-05	4.938791e-03	-1.094639e+01
2.779000e-05	2.824070e-03	-1.074776e+01
2.780000e-05	2.685041e-03	-1.053739e+01
2.781000e-05	2.652880e-03	-1.029623e+01
2.782000e-05	2.777491e-03	-1.008516e+01
2.783000e-05	1.639052e-03	-9.863603e+00
2.784000e-05	5.365219e-04	-9.693621e+00
2.785000e-05	1.453964e-03	-9.371001e+00
2.786000e-05	2.215718e-03	-9.189818e+00
2.787000e-05	-1.947547e-05	-8.908369e+00
2.788000e-05	-2.703949e-03	-8.748285e+00
2.789000e-05	-1.034404e-03	-8.472705e+00
2.790000e-05	7.656525e-04	-8.211495e+00
2.791000e-05	-2.102240e-04	-7.981995e+00
2.792000e-05	-1.899591e-03	-7.746735e+00
2.793000e-05	-3.402823e-03	-7.382602e+00
2.794000e-05	-2.163459e-03	-7.200520e+00
2.795000e-05	-2.737504e-03	-6.863680e+00
2.796000e-05	-2.829191e-03	-6.622624e+00
2.797000e-05	-4.812016e-03	-6.380464e+00
2.798000e-05	-2.661360e-03	-6.113761e+00
2.799000e-05	-3.565761e-03	-5.822173e+00
2.800000e-05	-3.867920e-03	-5.561415e+00
2.801000e-05	-5.839783e-03	-5.254578e+00
2.802000e-05	-5.248589e-03	-4.980409e+00
2.803000e-05	-4.157872e-03	-4.612048e+00
2.804000e-05	-3.575043e-03	-4.390522e+00
2.805000e-05	-5.600245e-03	-4.136816e+00
2.806000e-05	-6.361143e-03	-3.866202e+00
2.807000e-05	-7.241207e-03	-3.570420e+00
2.808000e-05	-6.350386e-03	-3.327286e+00
2.809000e-05	-7.389817e-03	-3.001967e+00
2.810000e-05	-6.770085e-03	-2.718305e+00
2.811000e-05	-6.746937e-03	-2.412676e+00
2.812000e-05	-5.098362e-03	-2.128984e+00
2.813000e-05	-7.286991e-03	-1.852702e+00
2.814000e-05	-8.233460e-03	-1.600919e+00
2.815000e-05	-9.198396e-03	-1.194647e+00
2.816000e-05	-8.417908e-03	-9.593586e-01
2.817000e-05	-7.590706e-03	-6.747720e-01
2.818000e-05	-8.237341e-03	-3.389150e-01
2.819000e-05	-5.822735e-03	-7.475698e-02
2.820000e-05	1.751382e-03	1.670310e-01
2.821000e-05	2.763321e-03	4.821416e-01
2.822000e-05	-3.714452e-03	7.042720e-01
2.823000e-05	-6.140287e-04	1.026584e+00
2.824000e-05	-4.314438e-03	1.292696e+00
2.825000e-05	-1.561410e-03	1.616856e+00
2.826000e-05	1.564296e-04	1.872642e+00
2.827000e-05	2.525201e-02	2.103668e+00
2.828000e-05	7.413206e-02	2.357377e+00
2.829000e-05	2.101202e-02	2.714376e+00
2.830000e-05	-7.358713e-02	3.029515e+00
2.831000e-05	-3.455297e-02	3.363796e+00
2.832000e-05	-3.381635e-02	3.589534e+00
2.833000e-05	-3.787836e-02	3.864113e+00
2.834000e-05	-6.112845e-02	4.082539e+00
2.835000e-05	6.612776e-02	4.332801e+00
2.836000e-05	2.622072e-02	4.659034e+00
2.837000e-05	-5.313826e-02	4.932671e+00
2.838000e-05	1.144914e-01	5.188432e+00
2.839000e-05	-1.040454e-01	5.513271e+00
2.840000e-05	1.323217e-02	5.805381e+00
2.841000e-05	-5.949016e-03	6.070688e+00
2.842000e-05	-6.331933e-03	6.304341e+00
2.843000e-05	3.587293e-02	6.614405e+00
2.844000e-05	-6.137016e-02	6.881221e+00
2.845000e-05	2.491448e-02	7.115772e+00
2.846000e-05	-3.620885e-02	7.480455e+00
2.847000e-05	9.920420e-03	7.692292e+00
2.848000e-05	-2.569108e-02	7.997402e+00
2.849000e-05	-7.305324e-03	8.261540e+00
2.850000e-05	3.296306e-02	8.461166e+00
2.851000e-05	-2.730567e-02	8.692188e+00
2.852000e-05	2.026393e-03	8.923773e+00
2.853000e-05	-4.124836e-02	9.176826e+00
2.854000e-05	-1.111333e-02	9.427878e+00
2.855000e-05	1.251282e-02	9.630640e+00
2.856000e-05	-3.092164e-03	9.882111e+00
2.857000e-05	-1.007713e-02	1.011370e+01
2.858000e-05	-2.537765e-02	1.034182e+01
2.859000e-05	5.108162e-03	1.060532e+01
2.860000e-05	-2.172613e-02	1.079432e+01
2.861000e-05	-1.545611e-02	1.101787e+01
2.862000e-05	-1.983358e-02	1.120438e+01
2.863000e-05	-7.202867e-04	1.143541e+01
2.864000e-05	2.353014e-03	1.159845e+01
2.865000e-05	-1.949412e-02	1.187001e+01
2.866000e-05	-2.482811e-02	1.203958e+01
2.867000e-05	-1.986643e-02	1.223948e+01
2.868000e-05	9.435421e-04	1.240690e+01
2.869000e-05	-7.785539e-03	1.258785e+01
2.870000e-05	-1.841616e-02	1.272380e+01
2.871000e-05	-2.301467e-02	1.292272e+01
2.872000e-05	-1.328490e-02	1.307316e+01
2.873000e-05	-1.215931e-02	1.324851e+01
2.874000e-05	-2.306442e-02	1.338635e+01
2.875000e-05	-2.385879e-02	1.353332e+01
2.876000e-05	-9.850073e-03	1.370160e+01
2.877000e-05	-4.411414e-03	1.384901e+01
2.878000e-05	-1.778339e-02	1.396677e+01
2.879000e-05	-3.290407e-02	1.412320e+01
2.880000e-05	-2.615302e-02	1.429064e+01
2.881000e-05	-1.553520e-02	1.435643e+01
2.882000e-05	-1.250158e-02	1.454116e+01
2.883000e-05	-2.449501e-02	1.456848e+01
2.884000e-05	-2.623432e-02	1.475371e+01
2.885000e-05	-1.866620e-02	1.482038e+01
2.886000e-05	-1.798260e-02	1.493266e+01
2.887000e-05	-2.691083e-02	1.494534e+01
2.888000e-05	-3.377544e-02	1.504206e+01
2.889000e-05	-2.343876e-02	1.512417e+01
2.890000e-05	-1.962296e-02	1.522645e+01
2.891000e-05	-2.415818e-02	1.526103e+01
2.892000e-05	-3.850977e-02	1.534412e+01
2.893000e-05	-3.670841e-02	1.535755e+01
2.894000e-05	-2.812403e-02	1.546060e+01
2.895000e-05	-2.549368e-02	1.546161e+01
2.896000e-05	-3.416873e-02	1.551629e+01
2.897000e-05	-4.004006e-02	1.552539e+01
2.898000e-05	-3.437104e-02	1.558730e+01
2.899000e-05	-3.459762e-02	1.557725e+01
2.900000e-05	-4.270508e-02	1.560892e+01
2.901000e-05	-5.327962e-02	1.563850e+01
2.902000e-05	-4.874467e-02	1.558850e+01
2.903000e-05	-4.439952e-02	1.561953e+01
2.904000e-05	-4.953500e-02	1.561890e+01
2.905000e-05	-6.570711e-02	1.559800e+01
2.906000e-05	-7.386702e-02	1.558834e+01
2.907000e-05	-7.727164e-02	1.551724e+01
2.908000e-05	-8.927717e-02	1.553524e+01
2.909000e-05	-1.169175e-01	1.548371e+01
2.910000e-05	-1.564437e-01	1.546203e+01
2.911000e-05	-2.044062e-01	1.538942e+01
2.912000e-05	-2.440414e-01	1.533526e+01
2.913000e-05	-2.500000e-01	1.532371e+01
2.914000e-05	-2.500000e-01	1.524088e+01
2.915000e-05	-2.500000e-01	1.516729e+01
2.916000e-05	-2.328799e-01	1.511413e+01
2.917000e-05	-1.734216e-01	1.501932e+01
2.918000e-05	-1.209220e-01	1.490429e+01
2.919000e-05	-9.081222e-02	1.480895e+01
2.920000e-05	-6.542088e-02	1.472519e+01
2.921000e-05	-4.883033e-02	1.461110e+01
2.922000e-05	-4.275557e-02	1.454366e+01
2.923000e-05	-4.184073e-02	1.441043e+01
2.924000e-05	-3.428223e-02	1.429323e+01
2.925000e-05	-2.634880e-02	1.413937e+01
2.926000e-05	-2.650185e-02	1.403143e+01
2.927000e-05	-2.878098e-02	1.386561e+01
2.928000e-05	-2.862223e-02	1.373621e+01
2.929000e-05	-2.182499e-02	1.362890e+01
2.930000e-05	-1.968007e-02	1.343155e+01
2.931000e-05	-2.175223e-02	1.330616e+01
2.932000e-05	-2.521419e-02	1.313679e+01
2.933000e-05	-2.128174e-02	1.295737e+01
2.934000e-05	-1.773033e-02	1.279992e+01
2.935000e-05	-1.849231e-02	1.263308e+01
2.936000e-05	-2.157447e-02	1.248468e+01
2.937000e-05	-2.079442e-02	1.226613e+01
2.938000e-05	-1.531232e-02	1.212473e+01
2.939000e-05	-1.537225e-02	1.187729e+01
2.940000e-05	-1.876927e-02	1.171626e+01
2.941000e-05	-2.096876e-02	1.150621e+01
2.942000e-05	-1.572353e-02	1.129613e+01
2.943000e-05	-1.268477e-02	1.107420e+01
2.944000e-05	-1.357110e-02	1.087376e+01
2.945000e-05	-1.705772e-02	1.068558e+01
2.946000e-05	-1.542886e-02	1.046208e+01
2.947000e-05	-1.204385e-02	1.027955e+01
2.948000e-05	-1.279226e-02	1.000155e+01
2.949000e-05	-1.639353e-02	9.738443e+00
2.950000e-05	-1.624123e-02	9.528759e+00
2.951000e-05	-1.181070e-02	9.296260e+00
2.952000e-05	-9.855674e-03	9.074728e+00
2.953000e-05	-1.213050e-02	8.832496e+00
2.954000e-05	-1.392673e-02	8.570995e+00
2.955000e-05	-1.307901e-02	8.349917e+00
2.956000e-05	-8.914259e-03	8.145737e+00
2.957000e-05	-1.055337e-02	7.873628e+00
2.958000e-05	-1.290111e-02	7.611444e+00
2.959000e-05	-1.293374e-02	7.316757e+00
2.960000e-05	-1.021384e-02	7.044625e+00
2.961000e-05	-9.466219e-03	6.810872e+00
2.962000e-05	-1.105512e-02	6.506787e+00
2.963000e-05	-1.210387e-02	6.284178e+00
2.964000e-05	-9.554098e-03	6.021603e+00
2.965000e-05	-7.041510e-03	5.757361e+00
2.966000e-05	-8.441431e-03	5.486729e+00
2.967000e-05	-1.169300e-02	5.111386e+00
2.968000e-05	-1.053709e-02	4.834627e+00
2.969000e-05	-7.302923e-03	4.570362e+00
2.970000e-05	-7.644118e-03	4.267262e+00
2.971000e-05	-9.059629e-03	3.999948e+00
2.972000e-05	-9.588547e-03	3.727332e+00
2.973000e-05	-7.083761e-03	3.455206e+00
2.974000e-05	-5.890480e-03	3.149389e+00
2.975000e-05	-8.210205e-03	2.886232e+00
2.976000e-05	-9.785097e-03	2.622617e+00
2.977000e-05	-7.790462e-03	2.286783e+00
2.978000e-05	-6.088137e-03	2.033074e+00
2.979000e-05	-5.919181e-03	1.738841e+00
2.980000e-05	-7.503919e-03	1.443120e+00
2.981000e-05	-7.795946e-03	1.139332e+00
2.982000e-05	-5.361088e-03	7.914665e-01
2.983000e-05	-3.825343e-03	5.277821e-01
2.984000e-05	-5.270763e-03	2.151455e-01
2.985000e-05	-3.422375e-03	-4.158733e-02
2.986000e-05	6.424285e-03	-3.048230e-01
2.987000e-05	5.123224e-03	-6.153584e-01
2.988000e-05	-1.384617e-04	-8.822404e-01
2.989000e-05	3.215048e-04	-1.162896e+00
2.990000e-05	-1.395985e-03	-1.469738e+00
2.991000e-05	3.709312e-03	-1.702742e+00
2.992000e-05	2.000980e-02	-1.955298e+00
2.993000e-05	8.311861e-02	-2.197482e+00
2.994000e-05	6.072301e-02	-2.552802e+00
2.995000e-05	-6.547641e-02	-2.972307e+00
2.996000e-05	-1.406851e-02	-3.344242e+00
2.997000e-05	-4.065315e-02	-3.525294e+00
2.998000e-05	-4.379528e-02	-3.755323e+00
2.999000e-05	-3.810679e-02	-4.009050e+00
3.000000e-05	1.367103e-01	-4.175399e+00
3.001000e-05	-7.685575e-02	-4.459566e+00
3.002000e-05	6.222153e-02	-4.766279e+00
3.003000e-05	5.407854e-02	-5.015929e+00
3.004000e-05	-9.959433e-02	-5.345877e+00
3.005000e-05	1.087518e-01	-5.658508e+00
3.006000e-05	-1.196256e-01	-5.912222e+00
3.007000e-05	1.015735e-01	-6.186405e+00
3.008000e-05	1.156586e-02	-6.428013e+00
3.009000e-05	-2.673172e-02	-6.724402e+00
3.010000e-05	6.925588e-02	-7.067980e+00
3.011000e-05	-9.421464e-02	-7.312799e+00
3.012000e-05	8.667579e-02	-7.594803e+00
3.013000e-05	-5.311325e-02	-7.857512e+00
3.014000e-05	5.608300e-02	-8.112721e+00
3.015000e-05	2.649718e-02	-8.353372e+00
3.016000e-05	-3.261065e-02	-8.629030e+00
3.017000e-05	6.802029e-02	-8.911090e+00
3.018000e-05	-8.247169e-02	-9.091767e+00
3.019000e-05	6.230502e-02	-9.374297e+00
3.020000e-05	-2.883975e-02	-9.544843e+00
3.021000e-05	6.340402e-02	-9.776430e+00
3.022000e-05	4.498560e-03	-9.985459e+00
3.023000e-05	1.488109e-03	-1.030053e+01
3.024000e-05	1.867591e-02	-1.049019e+01
3.025000e-05	-2.816984e-02	-1.070119e+01
3.026000e-05	4.639984e-02	-1.088157e+01
3.027000e-05	-2.501134e-02	-1.107162e+01
3.028000e-05	5.293904e-02	-1.129272e+01
3.029000e-05	-1.240110e-02	-1.153375e+01
3.030000e-05	3.501581e-02	-1.178530e+01
3.031000e-05	-1.292703e-02	-1.198285e+01
3.032000e-05	1.338717e-02	-1.218237e+01
3.033000e-05	9.763824e-03	-1.232319e+01
3.034000e-05	2.315657e-02	-1.254420e+01
3.035000e-05	2.418566e-02	-1.271904e+01
3.036000e-05	2.355387e-03	-1.285062e+01
3.037000e-05	1.376305e-02	-1.305998e+01
3.038000e-05	8.487915e-04	-1.319786e+01
3.039000e-05	2.090965e-02	-1.335365e+01
3.040000e-05	6.239507e-03	-1.350062e+01
3.041000e-05	2.610973e-02	-1.364858e+01
3.042000e-05	1.560880e-02	-1.380691e+01
3.043000e-05	2.375663e-02	-1.398524e+01
3.044000e-05	5.199434e-03	-1.407114e+01
3.045000e-05	1.062088e-02	-1.415895e+01
3.046000e-05	9.600707e-03	-1.434322e+01
3.047000e-05	2.470220e-02	-1.447061e+01
3.048000e-05	2.060701e-02	-1.457685e+01
3.049000e-05	2.165267e-02	-1.468219e+01
3.050000e-05	1.490510e-02	-1.476582e+01
3.051000e-05	1.765572e-02	-1.488114e+01
3.052000e-05	1.936745e-02	-1.494592e+01
3.053000e-05	1.797154e-02	-1.506061e+01
3.054000e-05	2.152994e-02	-1.511324e+01
3.055000e-05	2.277895e-02	-1.520880e+01
3.056000e-05	2.709689e-02	-1.527106e+01
3.057000e-05	1.902911e-02	-1.533335e+01
3.058000e-05	1.995472e-02	-1.538740e+01
3.059000e-05	1.966287e-02	-1.543063e+01
3.060000e-05	3.006801e-02	-1.548216e+01
3.061000e-05	2.983785e-02	-1.555431e+01
3.062000e-05	3.030420e-02	-1.560793e+01
3.063000e-05	2.873946e-02	-1.561646e+01
3.064000e-05	3.078437e-02	-1.567001e+01
3.065000e-05	3.258830e-02	-1.567155e+01
3.066000e-05	3.254092e-02	-1.566196e+01
3.067000e-05	3.658393e-02	-1.566061e+01
3.068000e-05	4.276870e-02	-1.567959e+01
3.069000e-05	4.954201e-02	-1.566061e+01
3.070000e-05	5.222491e-02	-1.567101e+01
3.071000e-05	5.326107e-02	-1.563853e+01
3.072000e-05	6.059696e-02	-1.560800e+01
3.073000e-05	7.299541e-02	-1.555793e+01
3.074000e-05	9.041352e-02	-1.559485e+01
3.075000e-05	1.122344e-01	-1.557473e+01
3.076000e-05	1.509023e-01	-1.548258e+01
3.077000e-05	2.092903e-01	-1.538798e+01
3.078000e-05	2.466792e-01	-1.532637e+01
3.079000e-05	2.500000e-01	-1.529469e+01
3.080000e-05	2.500000e-01	-1.525855e+01
3.081000e-05	2.496000e-01	-1.518632e+01
3.082000e-05	2.254059e-01	-1.503366e+01
3.083000e-05	1.591330e-01	-1.499800e+01
3.084000e-05	1.019502e-01	-1.490429e+01
3.085000e-05	7.114261e-02	-1.486958e+01
3.086000e-05	5.448965e-02	-1.475737e+01
3.087000e-05	4.312339e-02	-1.463065e+01
3.088000e-05	3.449231e-02	-1.451631e+01
3.089000e-05	2.724755e-02	-1.440103e+01
3.090000e-05	2.473648e-02	-1.426371e+01
3.091000e-05	2.080071e-02	-1.414585e+01
3.092000e-05	1.743496e-02	-1.406045e+01
3.093000e-05	1.465297e-02	-1.389266e+01
3.094000e-05	1.459177e-02	-1.374745e+01
3.095000e-05	1.532106e-02	-1.360842e+01
3.096000e-05	1.459558e-02	-1.343203e+01
3.097000e-05	1.242071e-02	-1.331221e+01
3.098000e-05	1.097021e-02	-1.312729e+01
3.099000e-05	1.152327e-02	-1.298789e+01
3.100000e-05	1.056359e-02	-1.284245e+01
3.101000e-05	9.383548e-03	-1.262210e+01
3.102000e-05	6.775029e-03	-1.248519e+01
3.103000e-05	7.744977e-03	-1.229621e+01
3.104000e-05	7.867147e-03	-1.206729e+01
3.105000e-05	6.159945e-03	-1.192578e+01
3.106000e-05	4.020299e-03	-1.168329e+01
3.107000e-05	4.684856e-03	-1.147408e+01
3.108000e-05	6.051839e-03	-1.123305e+01
3.109000e-05	5.464424e-03	-1.104092e+01
3.110000e-05	3.463624e-03	-1.085055e+01
3.111000e-05	2.015676e-03	-1.066013e+01
3.112000e-05	2.672387e-03	-1.041000e+01
3.113000e-05	2.478970e-03	-1.022944e+01
3.114000e-05	1.256752e-03	-9.967917e+00
3.115000e-05	1.251463e-03	-9.737917e+00
3.116000e-05	2.523225e-03	-9.555859e+00
3.117000e-05	2.880795e-03	-9.265231e+00
3.118000e-05	5.271218e-04	-9.093706e+00
3.119000e-05	-1.573690e-03	-8.842075e+00
3.120000e-05	-1.425500e-03	-8.559473e+00
3.121000e-05	-3.954444e-04	-8.306291e+00
3.122000e-05	-1.001857e-03	-8.135735e+00
3.123000e-05	-1.907877e-03	-7.845024e+00
3.124000e-05	-2.236744e-03	-7.578836e+00
3.125000e-05	-1.399886e-03	-7.237735e+00
3.126000e-05	-2.018841e-03	-7.032073e+00
3.127000e-05	-2.857615e-03	-6.769865e+00
3.128000e-05	-4.444093e-03	-6.486155e+00
3.129000e-05	-2.490738e-03	-6.262147e+00
3.130000e-05	-3.245005e-03	-5.970368e+00
3.131000e-05	-4.478605e-03	-5.696254e+00
3.132000e-05	-5.486227e-03	-5.391017e+00
3.133000e-05	-5.493876e-03	-5.097261e+00
3.134000e-05	-4.614950e-03	-4.779989e+00
3.135000e-05	-4.217764e-03	-4.516783e+00
3.136000e-05	-5.578425e-03	-4.284679e+00
3.137000e-05	-5.007823e-03	-4.010020e+00
3.138000e-05	-6.421253e-03	-3.736777e+00
3.139000e-05	-6.107437e-03	-3.441652e+00
3.140000e-05	-8.599547e-03	-3.159415e+00
3.141000e-05	-7.581442e-03	-2.812101e+00
3.142000e-05	-6.852691e-03	-2.589040e+00
3.143000e-05	-4.645036e-03	-2.305781e+00
3.144000e-05	-6.714635e-03	-1.961443e+00
3.145000e-05	-7.333033e-03	-1.749311e+00
3.146000e-05	-8.631631e-03	-1.402518e+00
3.147000e-05	-8.000099e-03	-1.085704e+00
3.148000e-05	-1.003364e-02	-7.900490e-01
3.149000e-05	-8.938552e-03	-4.763046e-01
3.150000e-05	-7.500258e-03	-2.024990e-01
3.151000e-05	-1.734648e-03	7.161520e-02
3.152000e-05	5.595412e-03	3.663743e-01
3.153000e-05	-4.119536e-03	6.094811e-01
3.154000e-05	-8.781741e-05	8.706903e-01
3.155000e-05	-4.055281e-03	1.197002e+00
3.156000e-05	-1.215236e-03	1.469691e+00
3.157000e-05	-3.046962e-03	1.777526e+00
3.158000e-05	1.167131e-02	1.978975e+00
3.159000e-05	5.139777e-02	2.210613e+00
3.160000e-05	7.150031e-02	2.545855e+00
3.161000e-05	-4.972411e-02	2.904217e+00
3.162000e-05	-5.026749e-02	3.186531e+00
3.163000e-05	-3.674463e-02	3.480615e+00
3.164000e-05	-2.803723e-02	3.745279e+00
3.165000e-05	-6.277347e-02	3.996875e+00
3.166000e-05	4.640721e-04	4.188981e+00
3.167000e-05	8.442299e-02	4.531770e+00
3.168000e-05	-6.293802e-02	4.766477e+00
3.169000e-05	6.379512e-02	5.048559e+00
3.170000e-05	1.024644e-02	5.377531e+00
3.171000e-05	-8.636277e-02	5.671064e+00
3.172000e-05	4.647935e-02	5.942847e+00
3.173000e-05	-4.268799e-02	6.188488e+00
3.174000e-05	5.079144e-02	6.438590e+00
3.175000e-05	-3.340052e-02	6.743928e+00
3.176000e-05	-1.876129e-02	7.018904e+00
3.177000e-05	7.955008e-03	7.341193e+00
3.178000e-05	-3.227624e-02	7.596330e+00
3.179000e-05	1.551917e-02	7.838040e+00
3.180000e-05	-4.597986e-02	8.204451e+00
3.181000e-05	4.140666e-02	8.377374e+00
3.182000e-05	-8.407384e-03	8.617404e+00
3.183000e-05	-1.428978e-02	8.798485e+00
3.184000e-05	-1.327993e-02	9.071561e+00
3.185000e-05	-4.508115e-02	9.302717e+00
3.186000e-05	2.296081e-02	9.543300e+00
3.187000e-05	-8.662556e-03	9.796376e+00
3.188000e-05	9.280316e-03	1.001958e+01
3.189000e-05	-3.494079e-02	1.027893e+01
3.190000e-05	2.522473e-03	1.047103e+01
3.191000e-05	-1.237384e-02	1.068311e+01
3.192000e-05	-2.036288e-02	1.088057e+01
3.193000e-05	-1.675711e-02	1.108164e+01
3.194000e-05	-1.561840e-02	1.132375e+01
3.195000e-05	1.229436e-02	1.155224e+01
3.196000e-05	-1.662023e-02	1.172272e+01
3.197000e-05	-1.644818e-02	1.191325e+01
3.198000e-05	-3.142614e-02	1.210322e+01
3.199000e-05	-8.290584e-04	1.231374e+01
3.200000e-05	-6.390861e-03	1.248221e+01
3.201000e-05	-1.014784e-02	1.266061e+01
3.202000e-05	-2.413913e-02	1.286861e+01
3.203000e-05	-1.754843e-02	1.301788e+01
3.204000e-05	-9.203862e-03	1.316581e+01
3.205000e-05	-2.004872e-02	1.331269e+01
3.206000e-05	-2.289705e-02	1.344009e+01
3.207000e-05	-2.043304e-02	1.360998e+01
3.208000e-05	-1.107855e-03	1.376640e+01
3.209000e-05	-1.292049e-02	1.388269e+01
3.210000e-05	-2.372087e-02	1.401961e+01
3.211000e-05	-3.376863e-02	1.425596e+01
3.212000e-05	-1.859533e-02	1.433387e+01
3.213000e-05	-1.362900e-02	1.443053e+01
3.214000e-05	-1.950975e-02	1.458780e+01
3.215000e-05	-2.699367e-02	1.468171e+01
3.216000e-05	-2.229592e-02	1.474787e+01
3.217000e-05	-1.439514e-02	1.484106e+01
3.218000e-05	-2.399695e-02	1.491484e+01
3.219000e-05	-3.073435e-02	1.506903e+01
3.220000e-05	-3.091807e-02	1.507411e+01
3.221000e-05	-1.884490e-02	1.518539e+01
3.222000e-05	-2.127342e-02	1.524945e+01
3.223000e-05	-3.131577e-02	1.530262e+01
3.224000e-05	-3.932107e-02	1.537639e+01
3.225000e-05	-3.212732e-02	1.540852e+01
3.226000e-05	-2.433368e-02	1.544158e+01
3.227000e-05	-3.132796e-02	1.547269e+01
3.228000e-05	-3.762358e-02	1.551624e+01
3.229000e-05	-3.808681e-02	1.553677e+01
3.230000e-05	-3.175665e-02	1.556584e+01
3.231000e-05	-3.850242e-02	1.558935e+01
3.232000e-05	-4.980251e-02	1.564993e+01
3.233000e-05	-5.268545e-02	1.560045e+01
3.234000e-05	-4.644170e-02	1.558945e+01
3.235000e-05	-4.510574e-02	1.561998e+01
3.236000e-05	-5.852210e-02	1.562895e+01
3.237000e-05	-6.964657e-02	1.555842e+01
3.238000e-05	-7.513742e-02	1.555834e+01
3.239000e-05	-8.141819e-02	1.551571e+01
3.240000e-05	-1.024044e-01	1.545511e+01
3.241000e-05	-1.363838e-01	1.547308e+01
3.242000e-05	-1.806696e-01	1.540000e+01
3.243000e-05	-2.290015e-01	1.536782e+01
3.244000e-05	-2.499500e-01	1.531519e+01
3.245000e-05	-2.500000e-01	1.527206e+01
3.246000e-05	-2.500000e-01	1.522890e+01
3.247000e-05	-2.468790e-01	1.513523e+01
3.248000e-05	-2.049610e-01	1.504055e+01
3.249000e-05	-1.418177e-01	1.495677e+01
3.250000e-05	-1.047054e-01	1.485258e+01
3.251000e-05	-7.685102e-02	1.474682e+01
3.252000e-05	-5.470400e-02	1.464408e+01
3.253000e-05	-4.383685e-02	1.453884e+01
3.254000e-05	-4.279251e-02	1.446163e+01
3.255000e-05	-3.879317e-02	1.433831e+01
3.256000e-05	-3.069044e-02	1.421258e+01
3.257000e-05	-2.463185e-02	1.409471e+01
3.258000e-05	-2.846734e-02	1.393476e+01
3.259000e-05	-3.024670e-02	1.379949e+01
3.260000e-05	-2.564742e-02	1.364265e+01
3.261000e-05	-2.006585e-02	1.351566e+01
3.262000e-05	-2.051160e-02	1.334932e+01
3.263000e-05	-2.584309e-02	1.323105e+01
3.264000e-05	-2.457503e-02	1.303103e+01
3.265000e-05	-1.854034e-02	1.292478e+01
3.266000e-05	-1.660688e-02	1.273479e+01
3.267000e-05	-2.071712e-02	1.256839e+01
3.268000e-05	-2.185389e-02	1.238042e+01
3.269000e-05	-1.794126e-02	1.218997e+01
3.270000e-05	-1.385562e-02	1.203102e+01
3.271000e-05	-1.690586e-02	1.182043e+01
3.272000e-05	-2.117733e-02	1.160349e+01
3.273000e-05	-1.866644e-02	1.140152e+01
3.274000e-05	-1.341799e-02	1.118887e+01
3.275000e-05	-1.271641e-02	1.093894e+01
3.276000e-05	-1.722538e-02	1.075984e+01
3.277000e-05	-1.617758e-02	1.057991e+01
3.278000e-05	-1.401996e-02	1.035679e+01
3.279000e-05	-1.087963e-02	1.008629e+01
3.280000e-05	-1.518751e-02	9.884231e+00
3.281000e-05	-1.638363e-02	9.674132e+00
3.282000e-05	-1.399859e-02	9.423997e+00
3.283000e-05	-1.101897e-02	9.232496e+00
3.284000e-05	-1.242592e-02	8.915890e+00
3.285000e-05	-1.533357e-02	8.695659e+00
3.286000e-05	-1.351793e-02	8.486681e+00
3.287000e-05	-9.320400e-03	8.264621e+00
3.288000e-05	-8.730455e-03	7.999968e+00
3.289000e-05	-1.187930e-02	7.738288e+00
3.290000e-05	-1.310363e-02	7.465648e+00
3.291000e-05	-1.120128e-02	7.191445e+00
3.292000e-05	-9.350376e-03	6.928337e+00
3.293000e-05	-1.147231e-02	6.667152e+00
3.294000e-05	-1.232660e-02	6.400967e+00
3.295000e-05	-1.135096e-02	6.137910e+00
3.296000e-05	-7.687951e-03	5.905229e+00
3.297000e-05	-7.449873e-03	5.570538e+00
3.298000e-05	-1.030395e-02	5.318256e+00
3.299000e-05	-1.221113e-02	5.000889e+00
3.300000e-05	-8.130913e-03	4.675306e+00
3.301000e-05	-7.015565e-03	4.413100e+00
3.302000e-05	-8.823915e-03	4.120883e+00
3.303000e-05	-1.066000e-02	3.845620e+00
3.304000e-05	-7.745977e-03	3.541043e+00
3.305000e-05	-6.088477e-03	3.305232e+00
3.306000e-05	-7.312204e-03	3.022569e+00
3.307000e-05	-9.335046e-03	2.700390e+00
3.308000e-05	-9.409069e-03	2.434024e+00
3.309000e-05	-5.935426e-03	2.139364e+00
3.310000e-05	-5.562262e-03	1.887277e+00
3.311000e-05	-6.776668e-03	1.582438e+00
3.312000e-05	-8.269275e-03	1.297203e+00
3.313000e-05	-6.239675e-03	9.709864e-01
3.314000e-05	-4.704759e-03	6.576017e-01
3.315000e-05	-4.312410e-03	3.904926e-01
3.316000e-05	-5.379594e-03	7.673316e-02
3.317000e-05	9.308212e-04	-1.869272e-01
3.318000e-05	8.772885e-03	-4.820852e-01
3.319000e-05	-2.781217e-04	-7.763255e-01
3.320000e-05	2.100158e-03	-9.894574e-01
3.321000e-05	-3.595223e-03	-1.303221e+00
3.322000e-05	2.348020e-03	-1.589006e+00
3.323000e-05	7.741829e-03	-1.828563e+00
3.324000e-05	5.087150e-02	-2.101589e+00
3.325000e-05	9.282258e-02	-2.365876e+00
3.326000e-05	-2.191118e-02	-2.743377e+00
3.327000e-05	-4.073703e-02	-3.132878e+00
3.328000e-05	-2.118369e-02	-3.428586e+00
3.329000e-05	-3.588068e-02	-3.658114e+00
3.330000e-05	-6.407921e-02	-3.872689e+00
3.331000e-05	6.780414e-02	-4.081563e+00
3.332000e-05	6.039487e-02	-4.311743e+00
3.333000e-05	-8.778372e-02	-4.647884e+00
3.334000e-05	1.486708e-01	-4.890639e+00
3.335000e-05	-1.049334e-01	-5.204965e+00
3.336000e-05	4.896877e-02	-5.533392e+00
3.337000e-05	-1.247714e-02	-5.786378e+00
3.338000e-05	-5.596652e-02	-6.051620e+00
3.339000e-05	1.258994e-01	-6.301672e+00
3.340000e-05	-8.777096e-02	-6.625432e+00
3.341000e-05	8.549677e-02	-6.902098e+00
3.342000e-05	-4.904555e-02	-7.173926e+00
3.343000e-05	3.227922e-03	-7.480639e+00
3.344000e-05	3.884508e-02	-7.720595e+00
3.345000e-05	-4.958494e-02	-7.968032e+00
3.346000e-05	1.045098e-01	-8.218953e+00
3.347000e-05	-6.415343e-02	-8.480567e+00
3.348000e-05	6.849637e-02	-8.724826e+00
3.349000e-05	-3.183220e-02	-8.985352e+00
3.350000e-05	-1.237837e-02	-9.216432e+00
3.351000e-05	3.346704e-02	-9.439456e+00
3.352000e-05	-1.428639e-02	-9.672217e+00
3.353000e-05	7.598345e-02	-9.903167e+00
3.354000e-05	-4.260132e-02	-1.012225e+01
3.355000e-05	5.234407e-02	-1.034542e+01
3.356000e-05	-4.109436e-02	-1.056588e+01
3.357000e-05	3.760426e-02	-1.078596e+01
3.358000e-05	-6.654882e-03	-1.097638e+01
3.359000e-05	1.977732e-02	-1.122598e+01
3.360000e-05	2.371544e-02	-1.142789e+01
3.361000e-05	3.169276e-03	-1.166009e+01
3.362000e-05	2.575584e-02	-1.186904e+01
3.363000e-05	-1.752362e-02	-1.207017e+01
3.364000e-05	2.795551e-02	-1.226109e+01
3.365000e-05	6.464608e-04	-1.244901e+01
3.366000e-05	3.939748e-02	-1.259645e+01
3.367000e-05	1.071327e-04	-1.279640e+01
3.368000e-05	1.654077e-02	-1.297385e+01
3.369000e-05	-6.374639e-04	-1.312269e+01
3.370000e-05	1.665391e-02	-1.325849e+01
3.371000e-05	1.047078e-02	-1.341843e+01
3.372000e-05	1.732664e-02	-1.353677e+01
3.373000e-05	2.172588e-02	-1.368229e+01
3.374000e-05	1.962128e-02	-1.389006e+01
3.375000e-05	1.632030e-02	-1.400793e+01
3.376000e-05	4.945509e-03	-1.414477e+01
3.377000e-05	1.135957e-02	-1.429111e+01
3.378000e-05	1.574187e-02	-1.439695e+01
3.379000e-05	2.581481e-02	-1.455372e+01
3.380000e-05	1.871486e-02	-1.460803e+01
3.381000e-05	1.990616e-02	-1.472374e+01
3.382000e-05	1.405265e-02	-1.483701e+01
3.383000e-05	2.136184e-02	-1.493322e+01
3.384000e-05	1.573722e-02	-1.500748e+01
3.385000e-05	2.086084e-02	-1.509313e+01
3.386000e-05	2.104616e-02	-1.514527e+01
3.387000e-05	2.731149e-02	-1.520955e+01
3.388000e-05	2.276797e-02	-1.529221e+01
3.389000e-05	1.997639e-02	-1.534540e+01
3.390000e-05	1.964750e-02	-1.542895e+01
3.391000e-05	2.504644e-02	-1.545998e+01
3.392000e-05	3.158950e-02	-1.551274e+01
3.393000e-05	2.914638e-02	-1.554432e+01
3.394000e-05	2.956168e-02	-1.560595e+01
3.395000e-05	2.886742e-02	-1.561848e+01
3.396000e-05	3.214499e-02	-1.566901e+01
3.397000e-05	3.272784e-02	-1.566961e+01
3.398000e-05	3.452632e-02	-1.565059e+01
3.399000e-05	3.927617e-02	-1.570108e+01
3.400000e-05	4.701333e-02	-1.566253e+01
3.401000e-05	5.028634e-02	-1.568008e+01
3.402000e-05	5.190975e-02	-1.563015e+01
3.403000e-05	5.576561e-02	-1.563945e+01
3.404000e-05	6.499037e-02	-1.558643e+01
3.405000e-05	8.267424e-02	-1.559584e+01
3.406000e-05	1.009857e-01	-1.552516e+01
3.407000e-05	1.324292e-01	-1.551316e+01
3.408000e-05	1.818592e-01	-1.542058e+01
3.409000e-05	2.339194e-01	-1.536748e+01
3.410000e-05	2.499900e-01	-1.532719e+01
3.411000e-05	2.500000e-01	-1.532158e+01
3.412000e-05	2.500000e-01	-1.520787e+01
3.413000e-05	2.438340e-01	-1.511419e+01
3.414000e-05	1.941885e-01	-1.502110e+01
3.415000e-05	1.274707e-01	-1.497784e+01
3.416000e-05	8.570307e-02	-1.492368e+01
3.417000e-05	6.329340e-02	-1.478635e+01
3.418000e-05	4.838456e-02	-1.470366e+01
3.419000e-05	3.778467e-02	-1.456935e+01
3.420000e-05	2.741110e-02	-1.448258e+01
3.421000e-05	2.433859e-02	-1.434434e+01
3.422000e-05	2.212257e-02	-1.420055e+01
3.423000e-05	2.071618e-02	-1.413228e+01
3.424000e-05	1.593485e-02	-1.398640e+01
3.425000e-05	1.502091e-02	-1.379005e+01
3.426000e-05	1.500313e-02	-1.367351e+01
3.427000e-05	1.651496e-02	-1.351429e+01
3.428000e-05	1.331968e-02	-1.334794e+01
3.429000e-05	9.692931e-03	-1.321052e+01
3.430000e-05	9.840154e-03	-1.301160e+01
3.431000e-05	1.015295e-02	-1.289573e+01
3.432000e-05	1.113147e-02	-1.274769e+01
3.433000e-05	8.318597e-03	-1.255789e+01
3.434000e-05	7.053637e-03	-1.240942e+01
3.435000e-05	7.929789e-03	-1.221897e+01
3.436000e-05	8.438622e-03	-1.198860e+01
3.437000e-05	5.467943e-03	-1.181905e+01
3.438000e-05	4.284569e-03	-1.159943e+01
3.439000e-05	4.930113e-03	-1.134839e+01
3.440000e-05	6.119282e-03	-1.111586e+01
3.441000e-05	5.232366e-03	-1.092579e+01
3.442000e-05	2.637340e-03	-1.073724e+01
3.443000e-05	1.614506e-03	-1.051684e+01
3.444000e-05	2.860884e-03	-1.031458e+01
3.445000e-05	3.469033e-03	-1.007360e+01
3.446000e-05	1.784578e-03	-9.833181e+00
3.447000e-05	1.247823e-03	-9.642576e+00
3.448000e-05	1.387728e-03	-9.381072e+00
3.449000e-05	2.217733e-03	-9.178920e+00
3.450000e-05	-8.305615e-05	-8.938787e+00
3.451000e-05	-1.995098e-03	-8.728212e+00
3.452000e-05	-2.606688e-03	-8.402605e+00
3.453000e-05	8.390516e-05	-8.220971e+00
3.454000e-05	-1.067494e-04	-7.970895e+00
3.455000e-05	-1.689008e-03	-7.694776e+00
3.456000e-05	-2.550109e-03	-7.382600e+00
3.457000e-05	-1.892092e-03	-7.127890e+00
3.458000e-05	-2.293353e-03	-6.873676e+00
3.459000e-05	-3.243399e-03	-6.642550e+00
3.460000e-05	-5.424268e-03	-6.390391e+00
3.461000e-05	-3.952013e-03	-6.096208e+00
3.462000e-05	-4.011000e-03	-5.812049e+00
3.463000e-05	-2.912083e-03	-5.565764e+00
3.464000e-05	-5.085946e-03	-5.253123e+00
3.465000e-05	-5.368949e-03	-4.909312e+00
3.466000e-05	-5.122370e-03	-4.611094e+00
3.467000e-05	-3.924989e-03	-4.349969e+00
3.468000e-05	-5.851663e-03	-4.117435e+00
3.469000e-05	-7.093868e-03	-3.853124e+00
3.470000e-05	-6.811359e-03	-3.578867e+00
3.471000e-05	-7.124702e-03	-3.286257e+00
3.472000e-05	-6.815582e-03	-2.981967e+00
3.473000e-05	-7.079374e-03	-2.687260e+00
3.474000e-05	-7.171694e-03	-2.443573e+00
3.475000e-05	-6.358322e-03	-2.147285e+00
3.476000e-05	-6.431977e-03	-1.853151e+00
3.477000e-05	-8.499663e-03	-1.579444e+00
3.478000e-05	-9.705823e-03	-1.193569e+00
3.479000e-05	-9.522986e-03	-9.183047e-01
3.480000e-05	-8.707194e-03	-6.546979e-01
3.481000e-05	-8.347452e-03	-3.283873e-01
3.482000e-05	-6.131708e-03	-8.517935e-02
3.483000e-05	2.498998e-03	2.088571e-01
3.484000e-05	2.186091e-03	4.912442e-01
3.485000e-05	-2.829799e-03	7.247707e-01
3.486000e-05	-1.369826e-03	1.028506e+00
3.487000e-05	-5.212478e-03	1.304266e+00
3.488000e-05	-1.939688e-03	1.609107e+00
3.489000e-05	1.827609e-03	1.883643e+00
3.490000e-05	2.783451e-02	2.094216e+00
3.491000e-05	7.538328e-02	2.395932e+00
3.492000e-05	1.496319e-02	2.774948e+00
3.493000e-05	-7.302485e-02	3.059538e+00
3.494000e-05	-3.392574e-02	3.376306e+00
3.495000e-05	-3.327881e-02	3.659084e+00
3.496000e-05	-3.948558e-02	3.861664e+00
3.497000e-05	-5.715366e-02	4.110142e+00
3.498000e-05	7.079921e-02	4.386380e+00
3.499000e-05	1.611966e-02	4.682609e+00
3.500000e-05	-4.450388e-02	4.964217e+00
3.501000e-05	1.094807e-01	5.218086e+00
3.502000e-05	-1.065003e-01	5.554321e+00
3.503000e-05	2.112084e-02	5.818355e+00
3.504000e-05	-1.205218e-02	6.073141e+00
3.505000e-05	3.685897e-05	6.373297e+00
3.506000e-05	2.997993e-02	6.627352e+00
3.507000e-05	-5.958654e-02	6.902719e+00
3.508000e-05	2.570577e-02	7.185899e+00
3.509000e-05	-3.743548e-02	7.448563e+00
3.510000e-05	1.347767e-02	7.761191e+00
3.511000e-05	-2.762930e-02	8.017481e+00
3.512000e-05	-1.396620e-03	8.291190e+00
3.513000e-05	2.904088e-02	8.493168e+00
3.514000e-05	-2.690320e-02	8.703247e+00
3.515000e-05	1.993675e-03	8.985377e+00
3.516000e-05	-4.182000e-02	9.176984e+00
3.517000e-05	-6.058422e-03	9.429980e+00
3.518000e-05	9.949944e-03	9.680664e+00
3.519000e-05	-1.603468e-03	9.903119e+00
3.520000e-05	-1.221503e-02	1.015372e+01
3.521000e-05	-2.223095e-02	1.034477e+01
3.522000e-05	3.654400e-03	1.057542e+01
3.523000e-05	-2.207358e-02	1.077787e+01
3.524000e-05	-1.535880e-02	1.102735e+01
3.525000e-05	-1.934066e-02	1.121698e+01
3.526000e-05	9.403150e-04	1.142051e+01
3.527000e-05	2.128660e-04	1.165904e+01
3.528000e-05	-1.929990e-02	1.184801e+01
3.529000e-05	-2.581965e-02	1.203743e+01
3.530000e-05	-1.787331e-02	1.222696e+01
3.531000e-05	4.044634e-04	1.238836e+01
3.532000e-05	-7.605743e-03	1.261838e+01
3.533000e-05	-1.839943e-02	1.276182e+01
3.534000e-05	-2.168391e-02	1.292522e+01
3.535000e-05	-1.341118e-02	1.309061e+01
3.536000e-05	-1.338990e-02	1.325904e+01
3.537000e-05	-2.424991e-02	1.339638e+01
3.538000e-05	-2.273853e-02	1.353679e+01
3.539000e-05	-9.746324e-03	1.370014e+01
3.540000e-05	-5.415062e-03	1.383108e+01
3.541000e-05	-1.788434e-02	1.396438e+01
3.542000e-05	-3.235661e-02	1.417272e+01
3.543000e-05	-2.539370e-02	1.428266e+01
3.544000e-05	-1.595794e-02	1.440650e+01
3.545000e-05	-1.433137e-02	1.448268e+01
3.546000e-05	-2.526980e-02	1.463205e+01
3.547000e-05	-2.535819e-02	1.474422e+01
3.548000e-05	-1.815345e-02	1.479987e+01
3.549000e-05	-1.934593e-02	1.490264e+01
3.550000e-05	-2.689051e-02	1.498790e+01
3.551000e-05	-3.248888e-02	1.506106e+01
3.552000e-05	-2.330963e-02	1.516427e+01
3.553000e-05	-1.996121e-02	1.520950e+01
3.554000e-05	-2.536418e-02	1.525203e+01
3.555000e-05	-3.833786e-02	1.532474e+01
3.556000e-05	-3.633254e-02	1.538798e+01
3.557000e-05	-2.840521e-02	1.543858e+01
3.558000e-05	-2.699232e-02	1.543263e+01
3.559000e-05	-3.413856e-02	1.546422e+01
3.560000e-05	-3.912673e-02	1.554674e+01
3.561000e-05	-3.291908e-02	1.560745e+01
3.562000e-05	-3.553318e-02	1.559634e+01
3.563000e-05	-4.299773e-02	1.559800e+01
3.564000e-05	-5.311743e-02	1.561892e+01
3.565000e-05	-4.906687e-02	1.562998e+01
3.566000e-05	-4.592993e-02	1.562143e+01
3.567000e-05	-5.077839e-02	1.556845e+01
3.568000e-05	-6.533632e-02	1.559897e+01
3.569000e-05	-7.372679e-02	1.560784e+01
3.570000e-05	-7.565175e-02	1.556676e+01
3.571000e-05	-9.081843e-02	1.550321e+01
3.572000e-05	-1.156481e-01	1.546363e+01
3.573000e-05	-1.574256e-01	1.543213e+01
3.574000e-05	-2.067624e-01	1.536750e+01
3.575000e-05	-2.450959e-01	1.533429e+01
3.576000e-05	-2.500000e-01	1.528213e+01
3.577000e-05	-2.500000e-01	1.520103e+01
3.578000e-05	-2.500000e-01	1.520732e+01
3.579000e-05	-2.292918e-01	1.509318e+01
3.580000e-05	-1.687355e-01	1.497990e+01
3.581000e-05	-1.157554e-01	1.490373e+01
3.582000e-05	-8.805450e-02	1.482992e+01
3.583000e-05	-6.322068e-02	1.470526e+01
3.584000e-05	-5.009907e-02	1.460948e+01
3.585000e-05	-4.467092e-02	1.453524e+01
3.586000e-05	-4.251939e-02	1.441040e+01
3.587000e-05	-3.423840e-02	1.425363e+01
3.588000e-05	-2.560940e-02	1.417831e+01
3.589000e-05	-2.496968e-02	1.401090e+01
3.590000e-05	-2.792410e-02	1.389170e+01
3.591000e-05	-2.780416e-02	1.370571e+01
3.592000e-05	-2.195513e-02	1.360994e+01
3.593000e-05	-1.971904e-02	1.344067e+01
3.594000e-05	-2.311970e-02	1.328613e+01
3.595000e-05	-2.548448e-02	1.310671e+01
3.596000e-05	-2.230798e-02	1.294845e+01
3.597000e-05	-1.793742e-02	1.283985e+01
3.598000e-05	-1.909287e-02	1.265000e+01
3.599000e-05	-2.146202e-02	1.251470e+01
3.600000e-05	-1.918838e-02	1.225616e+01
3.601000e-05	-1.499951e-02	1.214423e+01
3.602000e-05	-1.513666e-02	1.191523e+01
3.603000e-05	-1.982401e-02	1.170773e+01
3.604000e-05	-2.115067e-02	1.148671e+01
3.605000e-05	-1.765072e-02	1.127215e+01
3.606000e-05	-1.232493e-02	1.104415e+01
3.607000e-05	-1.480892e-02	1.088613e+01
3.608000e-05	-1.645526e-02	1.063462e+01
3.609000e-05	-1.508878e-02	1.045213e+01
3.610000e-05	-1.125517e-02	1.022152e+01
3.611000e-05	-1.229455e-02	9.981994e+00
3.612000e-05	-1.627632e-02	9.766865e+00
3.613000e-05	-1.656499e-02	9.507786e+00
3.614000e-05	-1.222500e-02	9.276782e+00
3.615000e-05	-1.043953e-02	9.055653e+00
3.616000e-05	-1.325324e-02	8.834046e+00
3.617000e-05	-1.475613e-02	8.600970e+00
3.618000e-05	-1.171084e-02	8.350442e+00
3.619000e-05	-8.232558e-03	8.116231e+00
3.620000e-05	-1.024486e-02	7.823123e+00
3.621000e-05	-1.313370e-02	7.622967e+00
3.622000e-05	-1.194583e-02	7.307230e+00
3.623000e-05	-9.209083e-03	7.043124e+00
3.624000e-05	-8.865604e-03	6.790469e+00
3.625000e-05	-1.248931e-02	6.527781e+00
3.626000e-05	-1.195379e-02	6.264123e+00
3.627000e-05	-8.978064e-03	6.033068e+00
3.628000e-05	-6.436846e-03	5.749784e+00
3.629000e-05	-9.188211e-03	5.476128e+00
3.630000e-05	-1.147896e-02	5.159911e+00
3.631000e-05	-1.030157e-02	4.821518e+00
3.632000e-05	-7.671669e-03	4.538335e+00
3.633000e-05	-7.571943e-03	4.289121e+00
3.634000e-05	-9.819122e-03	4.030413e+00
3.635000e-05	-9.530097e-03	3.726727e+00
3.636000e-05	-6.387996e-03	3.455100e+00
3.637000e-05	-6.249664e-03	3.168810e+00
3.638000e-05	-8.295802e-03	2.906656e+00
3.639000e-05	-9.784492e-03	2.560967e+00
3.640000e-05	-6.894229e-03	2.296181e+00
3.641000e-05	-5.443433e-03	2.011018e+00
3.642000e-05	-5.875761e-03	1.758282e+00
3.643000e-05	-8.015453e-03	1.411595e+00
3.644000e-05	-6.949749e-03	1.108253e+00
3.645000e-05	-4.583028e-03	7.904913e-01
3.646000e-05	-4.620325e-03	5.176821e-01
3.647000e-05	-5.088311e-03	2.046203e-01
3.648000e-05	-2.909466e-03	-1.011153e-01
3.649000e-05	7.106942e-03	-3.543694e-01
3.650000e-05	3.919705e-03	-6.069612e-01
3.651000e-05	4.026787e-04	-8.731889e-01
3.652000e-05	-9.845542e-04	-1.125895e+00
3.653000e-05	-2.547280e-04	-1.460716e+00
3.654000e-05	3.586102e-03	-1.734717e+00
3.655000e-05	2.215935e-02	-1.934871e+00
3.656000e-05	8.527186e-02	-2.158455e+00
3.657000e-05	5.334881e-02	-2.573852e+00
3.658000e-05	-6.562362e-02	-3.004880e+00
3.659000e-05	-1.508674e-02	-3.324323e+00
3.660000e-05	-4.029789e-02	-3.535870e+00
3.661000e-05	-4.561195e-02	-3.805377e+00
3.662000e-05	-2.898551e-02	-4.027557e+00
3.663000e-05	1.344835e-01	-4.197451e+00
3.664000e-05	-8.376669e-02	-4.460117e+00
3.665000e-05	8.047179e-02	-4.787953e+00
3.666000e-05	3.787107e-02	-5.036403e+00
3.667000e-05	-8.617084e-02	-5.385964e+00
3.668000e-05	1.007700e-01	-5.659538e+00
3.669000e-05	-1.213937e-01	-5.923827e+00
3.670000e-05	1.117089e-01	-6.217426e+00
3.671000e-05	-1.920981e-03	-6.429610e+00
3.672000e-05	-1.242169e-02	-6.744980e+00
3.673000e-05	5.998054e-02	-7.017929e+00
3.674000e-05	-8.889530e-02	-7.333199e+00
3.675000e-05	8.682473e-02	-7.535376e+00
3.676000e-05	-6.016900e-02	-7.889564e+00
3.677000e-05	6.270025e-02	-8.153299e+00
3.678000e-05	1.337877e-02	-8.373805e+00
3.679000e-05	-2.215034e-02	-8.660110e+00
3.680000e-05	6.287526e-02	-8.860142e+00
3.681000e-05	-7.848552e-02	-9.093277e+00
3.682000e-05	6.288913e-02	-9.375296e+00
3.683000e-05	-2.981818e-02	-9.584297e+00
3.684000e-05	6.823691e-02	-9.817477e+00
3.685000e-05	-4.283251e-03	-1.002799e+01
3.686000e-05	5.507167e-03	-1.029062e+01
3.687000e-05	1.264551e-02	-1.045967e+01
3.688000e-05	-2.103253e-02	-1.070322e+01
3.689000e-05	4.133502e-02	-1.086317e+01
3.690000e-05	-2.297435e-02	-1.111417e+01
3.691000e-05	5.185802e-02	-1.130374e+01
3.692000e-05	-1.102504e-02	-1.155383e+01
3.693000e-05	3.592441e-02	-1.176495e+01
3.694000e-05	-1.582816e-02	-1.195485e+01
3.695000e-05	1.341694e-02	-1.220638e+01
3.696000e-05	7.750301e-03	-1.234277e+01
3.697000e-05	2.581351e-02	-1.252277e+01
3.698000e-05	2.097284e-02	-1.272019e+01
3.699000e-05	4.017964e-03	-1.291014e+01
3.700000e-05	1.236649e-02	-1.301946e+01
3.701000e-05	3.242845e-03	-1.317590e+01
3.702000e-05	2.035407e-02	-1.336540e+01
3.703000e-05	5.973595e-03	-1.350064e+01
3.704000e-05	2.488613e-02	-1.365105e+01
3.705000e-05	1.589398e-02	-1.379541e+01
3.706000e-05	2.355270e-02	-1.394385e+01
3.707000e-05	4.860827e-03	-1.411064e+01
3.708000e-05	1.048306e-02	-1.419905e+01
3.709000e-05	9.813517e-03	-1.432175e+01
3.710000e-05	2.564316e-02	-1.443956e+01
3.711000e-05	2.047447e-02	-1.459735e+01
3.712000e-05	2.108234e-02	-1.467311e+01
3.713000e-05	1.476084e-02	-1.481435e+01
3.714000e-05	1.901161e-02	-1.491254e+01
3.715000e-05	1.881878e-02	-1.495735e+01
3.716000e-05	1.634074e-02	-1.505006e+01
3.717000e-05	2.100429e-02	-1.516319e+01
3.718000e-05	2.286676e-02	-1.519788e+01
3.719000e-05	2.778937e-02	-1.525308e+01
3.720000e-05	1.865042e-02	-1.534227e+01
3.721000e-05	1.986898e-02	-1.535828e+01
3.722000e-05	2.085658e-02	-1.544061e+01
3.723000e-05	3.044947e-02	-1.549416e+01
3.724000e-05	2.973165e-02	-1.556479e+01
3.725000e-05	2.857051e-02	-1.557589e+01
3.726000e-05	2.833420e-02	-1.561790e+01
3.727000e-05	3.106647e-02	-1.562895e+01
3.728000e-05	3.217884e-02	-1.566956e+01
3.729000e-05	3.219887e-02	-1.567108e+01
3.730000e-05	3.677714e-02	-1.569114e+01
3.731000e-05	4.257336e-02	-1.568204e+01
3.732000e-05	5.010914e-02	-1.570058e+01
3.733000e-05	5.134964e-02	-1.565011e+01
3.734000e-05	5.327560e-02	-1.564840e+01
3.735000e-05	6.105581e-02	-1.564935e+01
3.736000e-05	7.420552e-02	-1.558537e+01
3.737000e-05	9.071614e-02	-1.557425e+01
3.738000e-05	1.138700e-01	-1.549369e+01
3.739000e-05	1.538064e-01	-1.550166e+01
3.740000e-05	2.119791e-01	-1.541005e+01
3.741000e-05	2.472700e-01	-1.534837e+01
3.742000e-05	2.500000e-01	-1.532371e+01
3.743000e-05	2.500000e-01	-1.525956e+01
3.744000e-05	2.497000e-01	-1.515632e+01
3.745000e-05	2.231213e-01	-1.506318e+01
3.746000e-05	1.557415e-01	-1.500895e+01
3.747000e-05	1.007062e-01	-1.493381e+01
3.748000e-05	7.143361e-02	-1.483952e+01
3.749000e-05	5.452805e-02	-1.475624e+01
3.750000e-05	4.222994e-02	-1.465105e+01
3.751000e-05	3.315277e-02	-1.453729e+01
3.752000e-05	2.686379e-02	-1.436945e+01
3.753000e-05	2.436715e-02	-1.426471e+01
3.754000e-05	2.109911e-02	-1.414689e+01
3.755000e-05	1.788532e-02	-1.400095e+01
3.756000e-05	1.363683e-02	-1.389268e+01
3.757000e-05	1.510030e-02	-1.373639e+01
3.758000e-05	1.617400e-02	-1.358790e+01
3.759000e-05	1.340655e-02	-1.345313e+01
3.760000e-05	1.212278e-02	-1.330316e+01
3.761000e-05	9.801936e-03	-1.310377e+01
3.762000e-05	1.242740e-02	-1.300799e+01
3.763000e-05	1.275725e-02	-1.281152e+01
3.764000e-05	7.702191e-03	-1.265205e+01
3.765000e-05	9.443431e-03	-1.250470e+01
3.766000e-05	5.445747e-03	-1.227470e+01
3.767000e-05	8.214275e-03	-1.207676e+01
3.768000e-05	3.556491e-03	-1.191524e+01
3.769000e-05	5.810513e-03	-1.169421e+01
3.770000e-05	5.804795e-03	-1.148468e+01
3.771000e-05	7.783391e-03	-1.125205e+01
3.772000e-05	6.803292e-03	-1.100150e+01
3.773000e-05	3.730346e-03	-1.082260e+01
3.774000e-05	2.046991e-03	-1.062257e+01
3.775000e-05	8.375554e-04	-1.038305e+01
3.776000e-05	2.525647e-03	-1.013849e+01
3.777000e-05	2.698775e-03	-9.938816e+00
3.778000e-05	2.106191e-03	-9.756290e+00
3.779000e-05	2.533369e-03	-9.507310e+00
3.780000e-05	2.339950e-03	-9.314150e+00
3.781000e-05	7.122152e-04	-9.033175e+00
3.782000e-05	-7.819949e-04	-8.822622e+00
3.783000e-05	-2.890211e-03	-8.538948e+00
3.784000e-05	-6.202543e-04	-8.314862e+00
3.785000e-05	-6.016773e-04	-8.063655e+00
3.786000e-05	-4.697183e-04	-7.822519e+00
3.787000e-05	-1.903605e-03	-7.559310e+00
3.788000e-05	-2.575525e-03	-7.275306e+00
3.789000e-05	-2.236903e-03	-7.021499e+00
3.790000e-05	-2.772904e-03	-6.727364e+00
3.791000e-05	-3.936879e-03	-6.496257e+00
3.792000e-05	-3.982859e-03	-6.214095e+00
3.793000e-05	-3.773652e-03	-5.958364e+00
3.794000e-05	-4.284689e-03	-5.686258e+00
3.795000e-05	-4.228653e-03	-5.401542e+00
3.796000e-05	-4.949143e-03	-5.084302e+00
3.797000e-05	-4.843136e-03	-4.787843e+00
3.798000e-05	-3.925746e-03	-4.497709e+00
3.799000e-05	-6.159843e-03	-4.244651e+00
3.800000e-05	-5.999495e-03	-3.959472e+00
3.801000e-05	-7.906152e-03	-3.696785e+00
3.802000e-05	-6.164074e-03	-3.421047e+00
3.803000e-05	-7.621313e-03	-3.149457e+00
3.804000e-05	-6.233816e-03	-2.801573e+00
3.805000e-05	-7.713178e-03	-2.537939e+00
3.806000e-05	-5.437676e-03	-2.287149e+00
3.807000e-05	-7.046907e-03	-1.939442e+00
3.808000e-05	-8.123603e-03	-1.666757e+00
3.809000e-05	-9.229093e-03	-1.402068e+00
3.810000e-05	-9.418676e-03	-1.065676e+00
3.811000e-05	-8.300638e-03	-7.889715e-01
3.812000e-05	-8.382565e-03	-4.656044e-01
3.813000e-05	-6.322936e-03	-2.020441e-01
3.814000e-05	-1.387503e-03	8.066632e-02
3.815000e-05	5.228301e-03	3.573746e-01
3.816000e-05	-3.378099e-03	6.190563e-01
3.817000e-05	7.429354e-04	8.705963e-01
3.818000e-05	-5.323458e-03	1.195984e+00
3.819000e-05	-2.126497e-03	1.469095e+00
3.820000e-05	-3.214968e-03	1.779001e+00
3.821000e-05	1.265347e-02	2.009010e+00
3.822000e-05	5.471055e-02	2.240136e+00
3.823000e-05	6.582302e-02	2.605806e+00
3.824000e-05	-5.291428e-02	2.943747e+00
3.825000e-05	-4.753065e-02	3.248028e+00
3.826000e-05	-3.671262e-02	3.501841e+00
3.827000e-05	-2.896865e-02	3.766451e+00
3.828000e-05	-6.422722e-02	3.977922e+00
3.829000e-05	7.032934e-03	4.218830e+00
3.830000e-05	8.057247e-02	4.534720e+00
3.831000e-05	-6.590887e-02	4.766982e+00
3.832000e-05	7.312926e-02	5.070411e+00
3.833000e-05	-3.276327e-03	5.415477e+00
3.834000e-05	-7.618893e-02	5.610739e+00
3.835000e-05	4.354798e-02	5.942478e+00
3.836000e-05	-4.041696e-02	6.237981e+00
3.837000e-05	5.168915e-02	6.461643e+00
3.838000e-05	-3.834272e-02	6.766926e+00
3.839000e-05	-1.402239e-02	7.039479e+00
3.840000e-05	2.291523e-03	7.312720e+00
3.841000e-05	-2.878641e-02	7.586300e+00
3.842000e-05	1.312494e-02	7.910565e+00
3.843000e-05	-4.314805e-02	8.094277e+00
3.844000e-05	4.343290e-02	8.384905e+00
3.845000e-05	-1.100252e-02	8.618404e+00
3.846000e-05	-1.273053e-02	8.818434e+00
3.847000e-05	-1.682809e-02	9.081087e+00
3.848000e-05	-4.316964e-02	9.323820e+00
3.849000e-05	2.174897e-02	9.534376e+00
3.850000e-05	-9.909128e-03	9.777351e+00
3.851000e-05	7.899316e-03	1.002001e+01
3.852000e-05	-3.332491e-02	1.024306e+01
3.853000e-05	3.554803e-03	1.047101e+01
3.854000e-05	-1.341184e-02	1.065206e+01
3.855000e-05	-2.011120e-02	1.088122e+01
3.856000e-05	-1.698144e-02	1.111214e+01
3.857000e-05	-1.438746e-02	1.130219e+01
3.858000e-05	1.142457e-02	1.151667e+01
3.859000e-05	-1.756436e-02	1.172482e+01
3.860000e-05	-1.783803e-02	1.197419e+01
3.861000e-05	-3.083454e-02	1.216577e+01
3.862000e-05	5.733895e-05	1.234519e+01
3.863000e-05	-7.232879e-03	1.249169e+01
3.864000e-05	-1.052038e-02	1.266161e+01
3.865000e-05	-2.362950e-02	1.285051e+01
3.866000e-05	-1.664118e-02	1.299036e+01
3.867000e-05	-1.049457e-02	1.316540e+01
3.868000e-05	-2.157506e-02	1.332422e+01
3.869000e-05	-2.382515e-02	1.344304e+01
3.870000e-05	-1.985961e-02	1.366651e+01
3.871000e-05	-2.338809e-03	1.376485e+01
3.872000e-05	-1.394958e-02	1.389164e+01
3.873000e-05	-2.518118e-02	1.404954e+01
3.874000e-05	-3.246996e-02	1.419946e+01
3.875000e-05	-1.830741e-02	1.436484e+01
3.876000e-05	-1.341955e-02	1.441958e+01
3.877000e-05	-2.029953e-02	1.457782e+01
3.878000e-05	-2.741052e-02	1.465219e+01
3.879000e-05	-2.307923e-02	1.476737e+01
3.880000e-05	-1.499398e-02	1.484158e+01
3.881000e-05	-2.437958e-02	1.493477e+01
3.882000e-05	-3.086128e-02	1.501948e+01
3.883000e-05	-2.947260e-02	1.505317e+01
3.884000e-05	-1.907818e-02	1.521635e+01
3.885000e-05	-2.141807e-02	1.524101e+01
3.886000e-05	-3.227121e-02	1.530367e+01
3.887000e-05	-3.931683e-02	1.533427e+01
3.888000e-05	-3.219881e-02	1.542803e+01
3.889000e-05	-2.542249e-02	1.543253e+01
3.890000e-05	-3.201811e-02	1.548314e+01
3.891000e-05	-3.736024e-02	1.556519e+01
3.892000e-05	-3.718177e-02	1.555682e+01
3.893000e-05	-3.208037e-02	1.557689e+01
3.894000e-05	-3.865098e-02	1.560697e+01
3.895000e-05	-4.932076e-02	1.563996e+01
3.896000e-05	-5.075889e-02	1.561893e+01
3.897000e-05	-4.614312e-02	1.561945e+01
3.898000e-05	-4.583907e-02	1.563843e+01
3.899000e-05	-5.887351e-02	1.560832e+01
3.900000e-05	-7.028046e-02	1.560792e+01
3.901000e-05	-7.604765e-02	1.554627e+01
3.902000e-05	-8.160345e-02	1.553521e+01
3.903000e-05	-1.029723e-01	1.548366e+01
3.904000e-05	-1.379286e-01	1.545263e+01
3.905000e-05	-1.831566e-01	1.540108e+01
3.906000e-05	-2.305317e-01	1.536635e+01
3.907000e-05	-2.499800e-01	1.529428e+01
3.908000e-05	-2.500000e-01	1.525103e+01
3.909000e-05	-2.500000e-01	1.519834e+01
3.910000e-05	-2.461621e-01	1.509324e+01
3.911000e-05	-2.021508e-01	1.502203e+01
3.912000e-05	-1.396937e-01	1.493536e+01
3.913000e-05	-1.023438e-01	1.489203e+01
3.914000e-05	-7.502351e-02	1.477729e+01
3.915000e-05	-5.379611e-02	1.467366e+01
3.916000e-05	-4.395044e-02	1.455829e+01
3.917000e-05	-4.320304e-02	1.447116e+01
3.918000e-05	-3.815268e-02	1.436629e+01
3.919000e-05	-3.034433e-02	1.421095e+01
3.920000e-05	-2.477288e-02	1.406365e+01
3.921000e-05	-2.893357e-02	1.393679e+01
3.922000e-05	-2.922719e-02	1.378992e+01
3.923000e-05	-2.553188e-02	1.368202e+01
3.924000e-05	-2.030433e-02	1.349313e+01
3.925000e-05	-2.185146e-02	1.337787e+01
3.926000e-05	-2.524789e-02	1.320149e+01
3.927000e-05	-2.403077e-02	1.303203e+01
3.928000e-05	-1.832659e-02	1.288463e+01
3.929000e-05	-1.732732e-02	1.272523e+01
3.930000e-05	-2.093731e-02	1.255784e+01
3.931000e-05	-2.243368e-02	1.237044e+01
3.932000e-05	-1.762225e-02	1.219852e+01
3.933000e-05	-1.431418e-02	1.202055e+01
3.934000e-05	-1.706126e-02	1.181052e+01
3.935000e-05	-2.024452e-02	1.160839e+01
3.936000e-05	-1.868242e-02	1.139939e+01
3.937000e-05	-1.320300e-02	1.112847e+01
3.938000e-05	-1.318589e-02	1.095947e+01
3.939000e-05	-1.745661e-02	1.077992e+01
3.940000e-05	-1.762404e-02	1.051734e+01
3.941000e-05	-1.341669e-02	1.029671e+01
3.942000e-05	-1.180792e-02	1.011633e+01
3.943000e-05	-1.365863e-02	9.835127e+00
3.944000e-05	-1.627908e-02	9.632522e+00
3.945000e-05	-1.330868e-02	9.400949e+00
3.946000e-05	-1.042499e-02	9.200867e+00
3.947000e-05	-1.101278e-02	8.918936e+00
3.948000e-05	-1.446579e-02	8.715756e+00
3.949000e-05	-1.433213e-02	8.474706e+00
3.950000e-05	-9.433783e-03	8.232523e+00
3.951000e-05	-8.834399e-03	7.949438e+00
3.952000e-05	-1.176724e-02	7.708211e+00
3.953000e-05	-1.249445e-02	7.443051e+00
3.954000e-05	-1.078332e-02	7.168937e+00
3.955000e-05	-7.956407e-03	6.887280e+00
3.956000e-05	-1.045384e-02	6.645148e+00
3.957000e-05	-1.280551e-02	6.349893e+00
3.958000e-05	-1.105672e-02	6.147761e+00
3.959000e-05	-7.029293e-03	5.845051e+00
3.960000e-05	-7.877490e-03	5.550393e+00
3.961000e-05	-1.086230e-02	5.339327e+00
3.962000e-05	-1.122439e-02	4.949814e+00
3.963000e-05	-7.706072e-03	4.656627e+00
3.964000e-05	-6.020460e-03	4.392049e+00
3.965000e-05	-8.129938e-03	4.096262e+00
3.966000e-05	-1.021149e-02	3.844077e+00
3.967000e-05	-7.746540e-03	3.539520e+00
3.968000e-05	-5.959318e-03	3.265677e+00
3.969000e-05	-7.778034e-03	2.970470e+00
3.970000e-05	-9.886928e-03	2.719931e+00
3.971000e-05	-9.185015e-03	2.403019e+00
3.972000e-05	-5.019831e-03	2.108336e+00
3.973000e-05	-4.839041e-03	1.856723e+00
3.974000e-05	-6.977867e-03	1.560364e+00
3.975000e-05	-8.222177e-03	1.286676e+00
3.976000e-05	-5.722018e-03	9.493611e-01
3.977000e-05	-3.750708e-03	6.336229e-01
3.978000e-05	-5.128033e-03	3.219151e-01
3.979000e-05	-5.167832e-03	3.567554e-02
3.980000e-05	1.627621e-03	-2.174860e-01
3.981000e-05	8.887321e-03	-4.605689e-01
3.982000e-05	-9.509697e-05	-8.134047e-01
3.983000e-05	1.979680e-03	-1.018060e+00
3.984000e-05	-3.216352e-03	-1.333375e+00
3.985000e-05	2.973802e-03	-1.629005e+00
3.986000e-05	8.871797e-03	-1.840110e+00
3.987000e-05	5.367798e-02	-2.082163e+00
3.988000e-05	9.098355e-02	-2.385534e+00
3.989000e-05	-2.752528e-02	-2.816431e+00
3.990000e-05	-3.797300e-02	-3.175082e+00
3.991000e-05	-2.402771e-02	-3.431059e+00
3.992000e-05	-3.715102e-02	-3.660561e+00
3.993000e-05	-6.290400e-02	-3.901271e+00
3.994000e-05	8.020135e-02	-4.074163e+00
3.995000e-05	4.507597e-02	-4.292167e+00
3.996000e-05	-7.940502e-02	-4.649561e+00
3.997000e-05	1.401418e-01	-4.872640e+00
3.998000e-05	-1.118044e-01	-5.227539e+00
3.999000e-05	6.072935e-02	-5.554771e+00
4.000000e-05	-2.881116e-02	-5.785855e+00
4.001000e-05	-4.045155e-02	-6.112193e+00
4.002000e-05	1.145430e-01	-6.353794e+00
4.003000e-05	-8.623174e-02	-6.659986e+00
4.004000e-05	8.760533e-02	-6.932223e+00
4.005000e-05	-5.679169e-02	-7.183927e+00
4.006000e-05	1.551126e-02	-7.470638e+00
4.007000e-05	2.990653e-02	-7.752673e+00
4.008000e-05	-3.997217e-02	-8.008586e+00
4.009000e-05	9.783397e-02	-8.249983e+00
4.010000e-05	-6.513318e-02	-8.510173e+00
4.011000e-05	7.188448e-02	-8.776401e+00
4.012000e-05	-3.907276e-02	-9.004927e+00
4.013000e-05	-2.370959e-03	-9.209514e+00
4.014000e-05	2.715800e-02	-9.448511e+00
4.015000e-05	-5.903223e-03	-9.681691e+00
4.016000e-05	7.012833e-02	-9.913217e+00
4.017000e-05	-4.010991e-02	-1.014530e+01
4.018000e-05	5.062828e-02	-1.035525e+01
4.019000e-05	-4.200069e-02	-1.060593e+01
4.020000e-05	4.078546e-02	-1.081703e+01
4.021000e-05	-9.607109e-03	-1.102743e+01
4.022000e-05	2.353564e-02	-1.119706e+01
4.023000e-05	1.853569e-02	-1.144948e+01
4.024000e-05	6.435696e-03	-1.169954e+01
4.025000e-05	2.153844e-02	-1.189256e+01
4.026000e-05	-1.349286e-02	-1.214166e+01
4.027000e-05	2.625700e-02	-1.226994e+01
4.028000e-05	2.466153e-03	-1.245864e+01
4.029000e-05	3.838749e-02	-1.262695e+01
4.030000e-05	2.481040e-05	-1.281688e+01
4.031000e-05	1.581058e-02	-1.296740e+01
4.032000e-05	-7.944512e-04	-1.309275e+01
4.033000e-05	1.739181e-02	-1.332212e+01
4.034000e-05	1.021437e-02	-1.341751e+01
4.035000e-05	1.937501e-02	-1.358688e+01
4.036000e-05	2.068053e-02	-1.375179e+01
4.037000e-05	1.979972e-02	-1.388319e+01
4.038000e-05	1.465709e-02	-1.404593e+01
4.039000e-05	5.809906e-03	-1.413532e+01
4.040000e-05	1.022461e-02	-1.428114e+01
4.041000e-05	1.610250e-02	-1.439898e+01
4.042000e-05	2.499858e-02	-1.453479e+01
4.043000e-05	1.964669e-02	-1.460948e+01
4.044000e-05	1.954177e-02	-1.471374e+01
4.045000e-05	1.409719e-02	-1.482853e+01
4.046000e-05	2.161844e-02	-1.490472e+01
4.047000e-05	1.654694e-02	-1.499806e+01
4.048000e-05	2.113201e-02	-1.510111e+01
4.049000e-05	1.909821e-02	-1.514577e+01
4.050000e-05	2.593572e-02	-1.524900e+01
4.051000e-05	2.134755e-02	-1.528367e+01
4.052000e-05	1.991517e-02	-1.536637e+01
4.053000e-05	1.935509e-02	-1.540793e+01
4.054000e-05	2.497365e-02	-1.547253e+01
4.055000e-05	3.095597e-02	-1.555322e+01
4.056000e-05	3.031438e-02	-1.555687e+01
4.057000e-05	2.968666e-02	-1.558745e+01
4.058000e-05	2.795418e-02	-1.564646e+01
4.059000e-05	3.147404e-02	-1.564008e+01
4.060000e-05	3.269473e-02	-1.564011e+01
4.061000e-05	3.506837e-02	-1.565314e+01
4.062000e-05	3.832710e-02	-1.570213e+01
4.063000e-05	4.503372e-02	-1.566108e+01
4.064000e-05	5.064481e-02	-1.567001e+01
4.065000e-05	5.194660e-02	-1.563948e+01
4.066000e-05	5.662071e-02	-1.565800e+01
4.067000e-05	6.643923e-02	-1.560683e+01
4.068000e-05	8.185199e-02	-1.561624e+01
4.069000e-05	1.028929e-01	-1.551524e+01
4.070000e-05	1.325832e-01	-1.552321e+01
4.071000e-05	1.837547e-01	-1.544100e+01
4.072000e-05	2.348865e-01	-1.537089e+01
4.073000e-05	2.500000e-01	-1.532436e+01
4.074000e-05	2.500000e-01	-1.528113e+01
4.075000e-05	2.500000e-01	-1.518938e+01
4.076000e-05	2.425972e-01	-1.513468e+01
4.077000e-05	1.906307e-01	-1.501005e+01
4.078000e-05	1.237186e-01	-1.497782e+01
4.079000e-05	8.278731e-02	-1.485213e+01
4.080000e-05	6.123241e-02	-1.478987e+01
4.081000e-05	4.761304e-02	-1.471513e+01
4.082000e-05	3.623648e-02	-1.459950e+01
4.083000e-05	2.875431e-02	-1.446363e+01
4.084000e-05	2.497872e-02	-1.435524e+01
4.085000e-05	2.269575e-02	-1.420005e+01
4.086000e-05	1.923794e-02	-1.411421e+01
4.087000e-05	1.570113e-02	-1.392484e+01
4.088000e-05	1.501829e-02	-1.381847e+01
4.089000e-05	1.544987e-02	-1.364413e+01
4.090000e-05	1.607045e-02	-1.349473e+01
4.091000e-05	1.337517e-02	-1.336784e+01
4.092000e-05	1.081071e-02	-1.321097e+01
4.093000e-05	1.053127e-02	-1.305308e+01
4.094000e-05	1.085683e-02	-1.290528e+01
4.095000e-05	1.013991e-02	-1.273621e+01
4.096000e-05	8.535522e-03	-1.254837e+01
4.097000e-05	7.069832e-03	-1.236789e+01
4.098000e-05	8.605905e-03	-1.218852e+01
4.099000e-05	8.103307e-03	-1.199093e+01
4.100000e-05	5.132528e-03	-1.179049e+01
4.101000e-05	4.309444e-03	-1.158842e+01
4.102000e-05	4.839625e-03	-1.135934e+01
4.103000e-05	6.693950e-03	-1.112528e+01
4.104000e-05	3.835541e-03	-1.091526e+01
4.105000e-05	3.460528e-03	-1.073729e+01
4.106000e-05	2.320361e-03	-1.050834e+01
4.107000e-05	3.466678e-03	-1.030573e+01
4.108000e-05	2.371044e-03	-1.007213e+01
4.109000e-05	1.199372e-03	-9.851074e+00
4.110000e-05	1.232793e-03	-9.642052e+00
4.111000e-05	2.258656e-03	-9.390993e+00
4.112000e-05	4.966447e-04	-9.146340e+00
4.113000e-05	-5.175419e-04	-8.968414e+00
4.114000e-05	-1.579749e-03	-8.725206e+00
4.115000e-05	-8.325849e-04	-8.421602e+00
4.116000e-05	2.131245e-05	-8.199519e+00
4.117000e-05	-1.132164e-03	-7.959388e+00
4.118000e-05	-1.655624e-03	-7.673104e+00
4.119000e-05	-2.177598e-03	-7.412999e+00
4.120000e-05	-2.124016e-03	-7.169839e+00
4.121000e-05	-3.643317e-03	-6.812078e+00
4.122000e-05	-3.657431e-03	-6.590945e+00
4.123000e-05	-4.140529e-03	-6.349413e+00
4.124000e-05	-3.226553e-03	-6.054152e+00
4.125000e-05	-4.995953e-03	-5.771048e+00
4.126000e-05	-3.832960e-03	-5.538410e+00
4.127000e-05	-5.676616e-03	-5.203149e+00
4.128000e-05	-4.786647e-03	-4.897306e+00
4.129000e-05	-5.347356e-03	-4.590548e+00
4.130000e-05	-4.519763e-03	-4.368491e+00
4.131000e-05	-5.768956e-03	-4.127285e+00
4.132000e-05	-6.110941e-03	-3.823644e+00
4.133000e-05	-6.816440e-03	-3.568410e+00
4.134000e-05	-7.617370e-03	-3.304653e+00
4.135000e-05	-7.893580e-03	-2.980913e+00
4.136000e-05	-6.973328e-03	-2.686207e+00
4.137000e-05	-5.715129e-03	-2.401998e+00
4.138000e-05	-6.152964e-03	-2.095781e+00
4.139000e-05	-6.900075e-03	-1.834651e+00
4.140000e-05	-8.625689e-03	-1.517963e+00
4.141000e-05	-8.370819e-03	-1.201471e+00
4.142000e-05	-9.569220e-03	-9.079085e-01
4.143000e-05	-8.514534e-03	-6.331180e-01
4.144000e-05	-8.511006e-03	-3.073600e-01
4.145000e-05	-5.320491e-03	-2.517560e-02
4.146000e-05	3.024702e-03	2.300073e-01
4.147000e-05	1.553124e-03	5.226667e-01
4.148000e-05	-2.574181e-03	7.458719e-01
4.149000e-05	-4.333806e-04	9.981414e-01
4.150000e-05	-4.685377e-03	1.344293e+00
4.151000e-05	-2.474412e-03	1.678512e+00
4.152000e-05	2.251369e-03	1.914217e+00
4.153000e-05	2.984700e-02	2.133323e+00
4.154000e-05	7.566362e-02	2.427954e+00
4.155000e-05	7.735564e-03	2.817027e+00
4.156000e-05	-7.017906e-02	3.070714e+00
4.157000e-05	-3.357240e-02	3.385802e+00
4.158000e-05	-3.251440e-02	3.660013e+00
4.159000e-05	-4.098173e-02	3.892664e+00
4.160000e-05	-5.220508e-02	4.102645e+00
4.161000e-05	7.501945e-02	4.345931e+00
4.162000e-05	6.541790e-03	4.700664e+00
4.163000e-05	-3.431885e-02	4.913773e+00
4.164000e-05	1.024700e-01	5.258538e+00
4.165000e-05	-1.104826e-01	5.544396e+00
4.166000e-05	2.689053e-02	5.849005e+00
4.167000e-05	-1.522492e-02	6.102743e+00
4.168000e-05	7.396043e-03	6.343323e+00
4.169000e-05	2.397052e-02	6.627955e+00
4.170000e-05	-5.685340e-02	6.923721e+00
4.171000e-05	2.440170e-02	7.164281e+00
4.172000e-05	-3.865669e-02	7.458985e+00
4.173000e-05	1.484906e-02	7.723272e+00
4.174000e-05	-3.133914e-02	8.038984e+00
4.175000e-05	3.728284e-03	8.282191e+00
4.176000e-05	2.623416e-02	8.523221e+00
4.177000e-05	-2.515681e-02	8.733297e+00
4.178000e-05	1.004039e-03	8.996277e+00
4.179000e-05	-4.496766e-02	9.207031e+00
4.180000e-05	-3.120920e-03	9.449508e+00
4.181000e-05	7.319455e-03	9.692619e+00
4.182000e-05	5.070276e-04	9.912693e+00
4.183000e-05	-1.601964e-02	1.014480e+01
4.184000e-05	-1.983587e-02	1.036430e+01
4.185000e-05	2.296784e-03	1.054590e+01
4.186000e-05	-2.172216e-02	1.079735e+01
4.187000e-05	-1.508227e-02	1.099798e+01
4.188000e-05	-1.898242e-02	1.126940e+01
4.189000e-05	2.238432e-03	1.142751e+01
4.190000e-05	-1.889426e-03	1.164809e+01
4.191000e-05	-1.984712e-02	1.185206e+01
4.192000e-05	-2.764937e-02	1.204046e+01
4.193000e-05	-1.661420e-02	1.224901e+01
4.194000e-05	-8.108131e-04	1.240848e+01
4.195000e-05	-7.893810e-03	1.258582e+01
4.196000e-05	-1.948043e-02	1.273387e+01
4.197000e-05	-2.142880e-02	1.295327e+01
4.198000e-05	-1.177927e-02	1.309311e+01
4.199000e-05	-1.346802e-02	1.325958e+01
4.200000e-05	-2.427317e-02	1.339846e+01
4.201000e-05	-2.435771e-02	1.355382e+01
4.202000e-05	-9.141248e-03	1.372359e+01
4.203000e-05	-5.598358e-03	1.384103e+01
4.204000e-05	-1.922367e-02	1.398788e+01
4.205000e-05	-3.304691e-02	1.415339e+01
4.206000e-05	-2.481055e-02	1.429274e+01
4.207000e-05	-1.420039e-02	1.441648e+01
4.208000e-05	-1.460930e-02	1.453369e+01
4.209000e-05	-2.557341e-02	1.462856e+01
4.210000e-05	-2.554684e-02	1.472579e+01
4.211000e-05	-1.747592e-02	1.482698e+01
4.212000e-05	-1.935401e-02	1.492264e+01
4.213000e-05	-2.867006e-02	1.495782e+01
4.214000e-05	-3.390837e-02	1.508256e+01
4.215000e-05	-2.299175e-02	1.514567e+01
4.216000e-05	-1.948844e-02	1.521740e+01
4.217000e-05	-2.513353e-02	1.527256e+01
4.218000e-05	-3.793713e-02	1.533577e+01
4.219000e-05	-3.534423e-02	1.539890e+01
4.220000e-05	-2.682716e-02	1.543048e+01
4.221000e-05	-2.710419e-02	1.546216e+01
4.222000e-05	-3.525671e-02	1.555574e+01
4.223000e-05	-3.984138e-02	1.552622e+01
4.224000e-05	-3.376360e-02	1.555830e+01
4.225000e-05	-3.633071e-02	1.560795e+01
4.226000e-05	-4.395336e-02	1.560835e+01
4.227000e-05	-5.268449e-02	1.564097e+01
4.228000e-05	-4.771330e-02	1.561003e+01
4.229000e-05	-4.359147e-02	1.558040e+01
4.230000e-05	-5.092418e-02	1.559940e+01
4.231000e-05	-6.647070e-02	1.556992e+01
4.232000e-05	-7.503429e-02	1.559785e+01
4.233000e-05	-7.805599e-02	1.551531e+01
4.234000e-05	-9.183411e-02	1.552566e+01
4.235000e-05	-1.198105e-01	1.547464e+01
4.236000e-05	-1.612786e-01	1.542106e+01
4.237000e-05	-2.092668e-01	1.539885e+01
4.238000e-05	-2.452220e-01	1.535476e+01
4.239000e-05	-2.500000e-01	1.528163e+01
4.240000e-05	-2.500000e-01	1.522843e+01
4.241000e-05	-2.500000e-01	1.518630e+01
4.242000e-05	-2.283186e-01	1.509226e+01
4.243000e-05	-1.679804e-01	1.498850e+01
4.244000e-05	-1.188617e-01	1.491369e+01
4.245000e-05	-8.857589e-02	1.479002e+01
4.246000e-05	-6.243490e-02	1.473568e+01
4.247000e-05	-4.665436e-02	1.457095e+01
4.248000e-05	-4.161537e-02	1.450673e+01
4.249000e-05	-4.126926e-02	1.439095e+01
4.250000e-05	-3.378696e-02	1.426563e+01
4.251000e-05	-2.594151e-02	1.414884e+01
4.252000e-05	-2.590351e-02	1.400142e+01
4.253000e-05	-3.097577e-02	1.383310e+01
4.254000e-05	-2.940934e-02	1.372521e+01
4.255000e-05	-2.285253e-02	1.355772e+01
4.256000e-05	-2.037723e-02	1.340108e+01
4.257000e-05	-2.270487e-02	1.327365e+01
4.258000e-05	-2.407855e-02	1.310622e+01
4.259000e-05	-1.986345e-02	1.297791e+01
4.260000e-05	-1.632439e-02	1.278047e+01
4.261000e-05	-1.955037e-02	1.258960e+01
4.262000e-05	-2.399473e-02	1.246516e+01
4.263000e-05	-2.321679e-02	1.225415e+01
4.264000e-05	-1.579948e-02	1.210523e+01
4.265000e-05	-1.536680e-02	1.189373e+01
4.266000e-05	-2.005961e-02	1.168523e+01
4.267000e-05	-1.934065e-02	1.149418e+01
4.268000e-05	-1.462619e-02	1.126263e+01
4.269000e-05	-1.128520e-02	1.105158e+01
4.270000e-05	-1.531930e-02	1.087425e+01
4.271000e-05	-1.898993e-02	1.064405e+01
4.272000e-05	-1.555369e-02	1.046255e+01
4.273000e-05	-1.257688e-02	1.017054e+01
4.274000e-05	-1.330660e-02	9.991415e+00
4.275000e-05	-1.635742e-02	9.786835e+00
4.276000e-05	-1.571509e-02	9.496761e+00
4.277000e-05	-1.060844e-02	9.296286e+00
4.278000e-05	-9.682773e-03	9.074573e+00
4.279000e-05	-1.366024e-02	8.801524e+00
4.280000e-05	-1.534224e-02	8.580518e+00
4.281000e-05	-1.235634e-02	8.348911e+00
4.282000e-05	-9.054613e-03	8.113731e+00
4.283000e-05	-1.119814e-02	7.814123e+00
4.284000e-05	-1.346090e-02	7.580943e+00
4.285000e-05	-1.216446e-02	7.254202e+00
4.286000e-05	-8.513061e-03	7.043047e+00
4.287000e-05	-8.470201e-03	6.781965e+00
4.288000e-05	-1.154985e-02	6.506250e+00
4.289000e-05	-1.189102e-02	6.233176e+00
4.290000e-05	-8.223994e-03	5.981073e+00
4.291000e-05	-7.070858e-03	5.656736e+00
4.292000e-05	-9.760365e-03	5.423174e+00
4.293000e-05	-1.229038e-02	5.150853e+00
4.294000e-05	-9.575124e-03	4.811519e+00
4.295000e-05	-7.022896e-03	4.538784e+00
4.296000e-05	-7.124228e-03	4.296726e+00
4.297000e-05	-9.163801e-03	3.959962e+00
4.298000e-05	-8.953789e-03	3.678232e+00
4.299000e-05	-6.603097e-03	3.462045e+00
4.300000e-05	-5.407726e-03	3.117835e+00
4.301000e-05	-7.980116e-03	2.854704e+00
4.302000e-05	-1.005110e-02	2.569466e+00
4.303000e-05	-7.376318e-03	2.255124e+00
4.304000e-05	-5.909145e-03	1.982069e+00
4.305000e-05	-6.630056e-03	1.699357e+00
4.306000e-05	-8.207075e-03	1.402543e+00
4.307000e-05	-6.280637e-03	1.046275e+00
4.308000e-05	-4.241080e-03	7.914874e-01
4.309000e-05	-4.093040e-03	4.872806e-01
4.310000e-05	-5.207647e-03	2.230901e-01
4.311000e-05	-3.121070e-03	-1.026915e-01
4.312000e-05	5.309011e-03	-3.563445e-01
4.313000e-05	3.189841e-03	-6.191365e-01
4.314000e-05	3.523154e-04	-9.237679e-01
4.315000e-05	-4.235561e-04	-1.185328e+00
4.316000e-05	-4.042120e-04	-1.483194e+00
4.317000e-05	4.171422e-03	-1.744276e+00
4.318000e-05	2.490160e-02	-1.944376e+00
4.319000e-05	8.828725e-02	-2.228459e+00
4.320000e-05	4.545623e-02	-2.605931e+00
4.321000e-05	-6.533069e-02	-2.995889e+00
4.322000e-05	-1.523833e-02	-3.334203e+00
4.323000e-05	-4.039338e-02	-3.575375e+00
4.324000e-05	-4.976260e-02	-3.837427e+00
4.325000e-05	-2.083189e-02	-4.028009e+00
4.326000e-05	1.312825e-01	-4.156382e+00
4.327000e-05	-8.611716e-02	-4.501145e+00
4.328000e-05	9.623442e-02	-4.785905e+00
4.329000e-05	1.995521e-02	-5.069410e+00
4.330000e-05	-7.390547e-02	-5.428530e+00
4.331000e-05	9.124689e-02	-5.660086e+00
4.332000e-05	-1.174845e-01	-5.982756e+00
4.333000e-05	1.168513e-01	-6.229505e+00
4.334000e-05	-1.330998e-02	-6.489668e+00
4.335000e-05	-1.275062e-03	-6.804931e+00
4.336000e-05	4.959550e-02	-7.069958e+00
4.337000e-05	-8.124705e-02	-7.332276e+00
4.338000e-05	8.366884e-02	-7.606830e+00
4.339000e-05	-6.091702e-02	-7.879591e+00
4.340000e-05	7.221604e-02	-8.153873e+00
4.341000e-05	5.590239e-03	-8.335780e+00
4.342000e-05	-1.229752e-02	-8.659064e+00
4.343000e-05	5.124684e-02	-8.901664e+00
4.344000e-05	-7.441084e-02	-9.103747e+00
4.345000e-05	6.262543e-02	-9.393700e+00
4.346000e-05	-3.160716e-02	-9.556851e+00
4.347000e-05	7.139344e-02	-9.826928e+00
4.348000e-05	-8.164280e-03	-1.002696e+01
4.349000e-05	1.374350e-02	-1.028909e+01
4.350000e-05	6.163522e-03	-1.047314e+01
4.351000e-05	-1.534050e-02	-1.070224e+01
4.352000e-05	3.720882e-02	-1.094207e+01
4.353000e-05	-1.904042e-02	-1.111324e+01
4.354000e-05	4.939933e-02	-1.130585e+01
4.355000e-05	-1.081919e-02	-1.157340e+01
4.356000e-05	3.502327e-02	-1.176585e+01
4.357000e-05	-1.551417e-02	-1.198633e+01
4.358000e-05	1.810605e-02	-1.216588e+01
4.359000e-05	7.355424e-03	-1.231232e+01
4.360000e-05	2.787314e-02	-1.258479e+01
4.361000e-05	1.961557e-02	-1.271317e+01
4.362000e-05	4.512639e-03	-1.288369e+01
4.363000e-05	1.033582e-02	-1.301908e+01
4.364000e-05	3.571693e-03	-1.320788e+01
4.365000e-05	1.956962e-02	-1.334530e+01
4.366000e-05	8.949449e-03	-1.350074e+01
4.367000e-05	2.633494e-02	-1.362121e+01
4.368000e-05	1.714602e-02	-1.377696e+01
4.369000e-05	2.244506e-02	-1.396437e+01
4.370000e-05	4.811252e-03	-1.409262e+01
4.371000e-05	1.005949e-02	-1.422751e+01
4.372000e-05	1.004201e-02	-1.432424e+01
4.373000e-05	2.461159e-02	-1.449013e+01
4.374000e-05	2.018881e-02	-1.462685e+01
4.375000e-05	2.132409e-02	-1.469214e+01
4.376000e-05	1.461628e-02	-1.479587e+01
4.377000e-05	1.862771e-02	-1.490206e+01
4.378000e-05	1.858078e-02	-1.492585e+01
4.379000e-05	1.837588e-02	-1.504961e+01
4.380000e-05	2.190734e-02	-1.511424e+01
4.381000e-05	2.241580e-02	-1.521935e+01
4.382000e-05	2.619860e-02	-1.526116e+01
4.383000e-05	1.780748e-02	-1.530429e+01
4.384000e-05	1.937746e-02	-1.542843e+01
4.385000e-05	2.109272e-02	-1.541110e+01
4.386000e-05	3.102389e-02	-1.549264e+01
4.387000e-05	3.077049e-02	-1.553687e+01
4.388000e-05	2.964798e-02	-1.559530e+01
4.389000e-05	2.838549e-02	-1.561790e+01
4.390000e-05	3.006899e-02	-1.561851e+01
4.391000e-05	3.154010e-02	-1.567053e+01
4.392000e-05	3.210887e-02	-1.567106e+01
4.393000e-05	3.687521e-02	-1.567158e+01
4.394000e-05	4.369564e-02	-1.568259e+01
4.395000e-05	4.932097e-02	-1.566061e+01
4.396000e-05	5.142719e-02	-1.566098e+01
4.397000e-05	5.283263e-02	-1.564800e+01
4.398000e-05	6.221508e-02	-1.559896e+01
4.399000e-05	7.517759e-02	-1.558693e+01
4.400000e-05	9.308766e-02	-1.554627e+01
4.401000e-05	1.158872e-01	-1.550318e+01
4.402000e-05	1.572589e-01	-1.546158e+01
4.403000e-05	2.142401e-01	-1.541955e+01
4.404000e-05	2.475995e-01	-1.535589e+01
4.405000e-05	2.500000e-01	-1.531474e+01
4.406000e-05	2.500000e-01	-1.525958e+01
4.407000e-05	2.493000e-01	-1.512577e+01
4.408000e-05	2.202159e-01	-1.504361e+01
4.409000e-05	1.525745e-01	-1.498900e+01
4.410000e-05	9.869584e-02	-1.491424e+01
4.411000e-05	7.000093e-02	-1.483053e+01
4.412000e-05	5.293502e-02	-1.476484e+01
4.413000e-05	4.158903e-02	-1.465158e+01
4.414000e-05	3.249340e-02	-1.452679e+01
4.415000e-05	2.758572e-02	-1.441045e+01
4.416000e-05	2.341427e-02	-1.425313e+01
4.417000e-05	2.094340e-02	-1.415642e+01
4.418000e-05	1.692074e-02	-1.402135e+01
4.419000e-05	1.509647e-02	-1.389315e+01
4.420000e-05	1.530259e-02	-1.372574e+01
4.421000e-05	1.616917e-02	-1.356094e+01
4.422000e-05	1.440647e-02	-1.346005e+01
4.423000e-05	1.143324e-02	-1.327273e+01
4.424000e-05	1.033771e-02	-1.311571e+01
4.425000e-05	1.054378e-02	-1.298890e+01
4.426000e-05	1.052876e-02	-1.283095e+01
4.427000e-05	9.971252e-03	-1.263210e+01
4.428000e-05	8.108087e-03	-1.248270e+01
4.429000e-05	8.813681e-03	-1.226323e+01
4.430000e-05	7.980705e-03	-1.213576e+01
4.431000e-05	6.217115e-03	-1.186616e+01
4.432000e-05	3.992896e-03	-1.167414e+01
4.433000e-05	4.240285e-03	-1.146163e+01
4.434000e-05	5.296045e-03	-1.124155e+01
4.435000e-05	5.703101e-03	-1.101248e+01
4.436000e-05	3.188320e-03	-1.083147e+01
4.437000e-05	2.349991e-03	-1.061205e+01
4.438000e-05	3.141702e-03	-1.038097e+01
4.439000e-05	3.223916e-03	-1.019745e+01
4.440000e-05	2.259170e-03	-9.918388e+00
4.441000e-05	1.350226e-03	-9.726841e+00
4.442000e-05	1.234367e-03	-9.527309e+00
4.443000e-05	1.400523e-03	-9.254655e+00
4.444000e-05	6.064829e-04	-9.052049e+00
4.445000e-05	-1.361799e-03	-8.822477e+00
4.446000e-05	-1.740609e-03	-8.538965e+00
4.447000e-05	5.201449e-04	-8.326335e+00
4.448000e-05	1.583303e-04	-8.113754e+00
4.449000e-05	-1.817275e-03	-7.811543e+00
4.450000e-05	-3.353946e-03	-7.506311e+00
4.451000e-05	-2.205410e-03	-7.294732e+00
4.452000e-05	-2.333469e-03	-6.971971e+00
4.453000e-05	-3.061915e-03	-6.726840e+00
4.454000e-05	-4.432637e-03	-6.486683e+00
4.455000e-05	-3.078105e-03	-6.211470e+00
4.456000e-05	-3.013490e-03	-5.947807e+00
4.457000e-05	-4.268436e-03	-5.685203e+00
4.458000e-05	-5.311993e-03	-5.390865e+00
4.459000e-05	-6.089709e-03	-5.046176e+00
4.460000e-05	-3.827825e-03	-4.758815e+00
4.461000e-05	-4.050279e-03	-4.474204e+00
4.462000e-05	-6.198009e-03	-4.223653e+00
4.463000e-05	-5.894385e-03	-3.960514e+00
4.464000e-05	-6.666319e-03	-3.674276e+00
4.465000e-05	-6.773980e-03	-3.401070e+00
4.466000e-05	-8.409741e-03	-3.098284e+00
4.467000e-05	-6.841687e-03	-2.792073e+00
4.468000e-05	-6.692376e-03	-2.548335e+00
4.469000e-05	-4.347990e-03	-2.273627e+00
4.470000e-05	-7.025585e-03	-1.937438e+00
4.471000e-05	-7.532354e-03	-1.656708e+00
4.472000e-05	-9.376403e-03	-1.402465e+00
4.473000e-05	-7.806875e-03	-1.044623e+00
4.474000e-05	-8.436523e-03	-7.929939e-01
4.475000e-05	-9.111254e-03	-4.741771e-01
4.476000e-05	-7.331562e-03	-1.799939e-01
4.477000e-05	-1.561768e-03	1.106915e-01
4.478000e-05	4.813307e-03	4.190285e-01
4.479000e-05	-4.388427e-03	6.286113e-01
4.480000e-05	1.015037e-03	9.136153e-01
4.481000e-05	-4.208013e-03	1.208576e+00
4.482000e-05	-8.984787e-04	1.520669e+00
4.483000e-05	-3.176981e-03	1.787480e+00
4.484000e-05	1.370699e-02	2.049534e+00
4.485000e-05	5.679024e-02	2.271112e+00
4.486000e-05	6.199733e-02	2.606310e+00
4.487000e-05	-5.723671e-02	2.934327e+00
4.488000e-05	-4.564468e-02	3.238560e+00
4.489000e-05	-3.669111e-02	3.533249e+00
4.490000e-05	-2.904392e-02	3.776951e+00
4.491000e-05	-6.480427e-02	4.008527e+00
4.492000e-05	1.502331e-02	4.229085e+00
4.493000e-05	7.433011e-02	4.534302e+00
4.494000e-05	-6.633053e-02	4.799531e+00
4.495000e-05	8.181521e-02	5.070644e+00
4.496000e-05	-1.624677e-02	5.426511e+00
4.497000e-05	-6.647486e-02	5.690695e+00
4.498000e-05	3.768091e-02	5.984981e+00
4.499000e-05	-3.815398e-02	6.199533e+00
4.500000e-05	5.115952e-02	6.459597e+00
4.501000e-05	-4.234547e-02	6.766455e+00
4.502000e-05	-7.751067e-03	7.018981e+00
4.503000e-05	-1.811475e-03	7.333722e+00
4.504000e-05	-2.384814e-02	7.597379e+00
4.505000e-05	7.958335e-03	7.891594e+00
4.506000e-05	-4.074985e-02	8.117920e+00
4.507000e-05	4.289466e-02	8.408930e+00
4.508000e-05	-1.472666e-02	8.610455e+00
4.509000e-05	-1.012529e-02	8.859463e+00
4.510000e-05	-1.920790e-02	9.091192e+00
4.511000e-05	-3.929451e-02	9.316300e+00
4.512000e-05	2.267576e-02	9.575455e+00
4.513000e-05	-9.081439e-03	9.828480e+00
4.514000e-05	5.454389e-03	1.006804e+01
4.515000e-05	-3.498479e-02	1.025943e+01
4.516000e-05	3.162411e-03	1.049061e+01
4.517000e-05	-1.519750e-02	1.069261e+01
4.518000e-05	-1.966717e-02	1.091222e+01
4.519000e-05	-1.714230e-02	1.111169e+01
4.520000e-05	-1.212637e-02	1.134685e+01
4.521000e-05	1.091270e-02	1.156334e+01
4.522000e-05	-1.828906e-02	1.175535e+01
4.523000e-05	-1.924385e-02	1.195532e+01
4.524000e-05	-3.111090e-02	1.214482e+01
4.525000e-05	-2.832948e-04	1.234614e+01
4.526000e-05	-6.874560e-03	1.252224e+01
4.527000e-05	-1.096543e-02	1.268266e+01
4.528000e-05	-2.492201e-02	1.288011e+01
4.529000e-05	-1.661083e-02	1.302940e+01
4.530000e-05	-1.008170e-02	1.319743e+01
4.531000e-05	-2.059051e-02	1.333427e+01
4.532000e-05	-2.318731e-02	1.346159e+01
4.533000e-05	-1.904586e-02	1.363898e+01
4.534000e-05	-2.069940e-03	1.376738e+01
4.535000e-05	-1.420035e-02	1.391269e+01
4.536000e-05	-2.656763e-02	1.406166e+01
4.537000e-05	-3.268743e-02	1.422949e+01
4.538000e-05	-1.751759e-02	1.434530e+01
4.539000e-05	-1.275981e-02	1.447156e+01
4.540000e-05	-1.981581e-02	1.455677e+01
4.541000e-05	-2.684252e-02	1.468118e+01
4.542000e-05	-2.233593e-02	1.477592e+01
4.543000e-05	-1.512025e-02	1.483111e+01
4.544000e-05	-2.552133e-02	1.494484e+01
4.545000e-05	-3.125272e-02	1.499846e+01
4.546000e-05	-2.938643e-02	1.508266e+01
4.547000e-05	-1.861460e-02	1.518590e+01
4.548000e-05	-2.059816e-02	1.525856e+01
4.549000e-05	-3.321528e-02	1.534164e+01
4.550000e-05	-3.867946e-02	1.537540e+01
4.551000e-05	-3.137975e-02	1.539000e+01
4.552000e-05	-2.421041e-02	1.544258e+01
4.553000e-05	-3.106036e-02	1.549321e+01
4.554000e-05	-3.837644e-02	1.552676e+01
4.555000e-05	-3.744513e-02	1.557834e+01
4.556000e-05	-3.216995e-02	1.556782e+01
4.557000e-05	-3.953284e-02	1.558790e+01
4.558000e-05	-4.953891e-02	1.559838e+01
4.559000e-05	-5.114281e-02	1.562945e+01
4.560000e-05	-4.450477e-02	1.562992e+01
4.561000e-05	-4.540524e-02	1.562900e+01
4.562000e-05	-5.959982e-02	1.557950e+01
4.563000e-05	-7.170432e-02	1.559784e+01
4.564000e-05	-7.581338e-02	1.558832e+01
4.565000e-05	-8.240861e-02	1.550579e+01
4.566000e-05	-1.048571e-01	1.545416e+01
4.567000e-05	-1.402617e-01	1.546208e+01
4.568000e-05	-1.857136e-01	1.538005e+01
4.569000e-05	-2.320036e-01	1.536732e+01
4.570000e-05	-2.499700e-01	1.532324e+01
4.571000e-05	-2.500000e-01	1.524163e+01
4.572000e-05	-2.500000e-01	1.519740e+01
4.573000e-05	-2.452404e-01	1.513569e+01
4.574000e-05	-1.987324e-01	1.503110e+01
4.575000e-05	-1.374268e-01	1.493631e+01
4.576000e-05	-1.020872e-01	1.485210e+01
4.577000e-05	-7.426429e-02	1.472734e+01
4.578000e-05	-5.330084e-02	1.465316e+01
4.579000e-05	-4.337020e-02	1.456689e+01
4.580000e-05	-4.253756e-02	1.444110e+01
4.581000e-05	-3.794168e-02	1.433779e+01
4.582000e-05	-2.968386e-02	1.420092e+01
4.583000e-05	-2.533940e-02	1.408260e+01
4.584000e-05	-2.931585e-02	1.390474e+01
4.585000e-05	-3.063128e-02	1.376792e+01
4.586000e-05	-2.559537e-02	1.364100e+01
4.587000e-05	-2.042553e-02	1.350318e+01
4.588000e-05	-2.132776e-02	1.332789e+01
4.589000e-05	-2.507739e-02	1.319945e+01
4.590000e-05	-2.344994e-02	1.298210e+01
4.591000e-05	-1.831165e-02	1.289215e+01
4.592000e-05	-1.760296e-02	1.267628e+01
4.593000e-05	-2.123835e-02	1.253729e+01
4.594000e-05	-2.199305e-02	1.234992e+01
4.595000e-05	-1.732722e-02	1.216849e+01
4.596000e-05	-1.423512e-02	1.195947e+01
4.597000e-05	-1.760458e-02	1.179092e+01
4.598000e-05	-2.036736e-02	1.161132e+01
4.599000e-05	-2.062985e-02	1.131799e+01
4.600000e-05	-1.137895e-02	1.113836e+01
4.601000e-05	-1.440185e-02	1.094789e+01
4.602000e-05	-1.452248e-02	1.075936e+01
4.603000e-05	-1.655959e-02	1.049681e+01
4.604000e-05	-1.347237e-02	1.031728e+01
4.605000e-05	-1.119940e-02	1.012626e+01
4.606000e-05	-1.721806e-02	9.874656e+00
4.607000e-05	-1.685795e-02	9.652074e+00
4.608000e-05	-1.517221e-02	9.381443e+00
4.609000e-05	-9.716069e-03	9.191945e+00
4.610000e-05	-8.858177e-03	8.916912e+00
4.611000e-05	-1.362607e-02	8.735730e+00
4.612000e-05	-1.138872e-02	8.464280e+00
4.613000e-05	-1.039380e-02	8.232023e+00
4.614000e-05	-9.988679e-03	7.928313e+00
4.615000e-05	-1.378000e-02	7.715787e+00
4.616000e-05	-1.398892e-02	7.432024e+00
4.617000e-05	-1.064175e-02	7.178319e+00
4.618000e-05	-7.856613e-03	6.915807e+00
4.619000e-05	-8.674947e-03	6.654623e+00
4.620000e-05	-1.160694e-02	6.379364e+00
4.621000e-05	-9.881759e-03	6.075760e+00
4.622000e-05	-7.985384e-03	5.895127e+00
4.623000e-05	-7.585579e-03	5.589368e+00
4.624000e-05	-1.171714e-02	5.276202e+00
4.625000e-05	-1.127630e-02	4.927963e+00
4.626000e-05	-8.710499e-03	4.654149e+00
4.627000e-05	-6.148376e-03	4.372570e+00
4.628000e-05	-8.037615e-03	4.065734e+00
4.629000e-05	-8.817500e-03	3.803044e+00
4.630000e-05	-7.826258e-03	3.558945e+00
4.631000e-05	-5.370833e-03	3.263153e+00
4.632000e-05	-7.297227e-03	2.982415e+00
4.633000e-05	-9.247196e-03	2.688406e+00
4.634000e-05	-9.736647e-03	2.392542e+00
4.635000e-05	-5.811835e-03	2.117808e+00
4.636000e-05	-5.991446e-03	1.855124e+00
4.637000e-05	-7.043757e-03	1.539485e+00
4.638000e-05	-8.061493e-03	1.205652e+00
4.639000e-05	-5.504688e-03	9.297323e-01
4.640000e-05	-3.291798e-03	6.036203e-01
4.641000e-05	-5.017388e-03	3.209311e-01
4.642000e-05	-4.922004e-03	2.550059e-02
4.643000e-05	2.354003e-03	-2.576137e-01
4.644000e-05	8.645568e-03	-4.915930e-01
4.645000e-05	-7.255336e-04	-7.760061e-01
4.646000e-05	1.568211e-03	-1.039086e+00
4.647000e-05	-2.883748e-03	-1.354281e+00
4.648000e-05	2.064157e-03	-1.639060e+00
4.649000e-05	9.715441e-03	-1.860115e+00
4.650000e-05	5.740916e-02	-2.091592e+00
4.651000e-05	8.814504e-02	-2.366032e+00
4.652000e-05	-3.291340e-02	-2.804958e+00
4.653000e-05	-3.568384e-02	-3.167504e+00
4.654000e-05	-2.593219e-02	-3.470112e+00
4.655000e-05	-3.729412e-02	-3.670094e+00
4.656000e-05	-6.175344e-02	-3.903848e+00
4.657000e-05	8.820797e-02	-4.123139e+00
4.658000e-05	2.925957e-02	-4.333726e+00
4.659000e-05	-6.939156e-02	-4.660192e+00
4.660000e-05	1.313556e-01	-4.902148e+00
4.661000e-05	-1.150779e-01	-5.258519e+00
4.662000e-05	7.123357e-02	-5.575928e+00
4.663000e-05	-4.363143e-02	-5.804430e+00
4.664000e-05	-2.355672e-02	-6.102721e+00
4.665000e-05	1.036733e-01	-6.334273e+00
4.666000e-05	-8.353681e-02	-6.649560e+00
4.667000e-05	8.870493e-02	-6.943697e+00
4.668000e-05	-6.428451e-02	-7.225006e+00
4.669000e-05	2.627456e-02	-7.482166e+00
4.670000e-05	1.936166e-02	-7.763248e+00
4.671000e-05	-3.049215e-02	-8.007584e+00
4.672000e-05	9.151394e-02	-8.261505e+00
4.673000e-05	-6.287218e-02	-8.541146e+00
4.674000e-05	7.489949e-02	-8.776930e+00
4.675000e-05	-4.593054e-02	-9.026381e+00
4.676000e-05	5.401994e-03	-9.257565e+00
4.677000e-05	1.972200e-02	-9.469063e+00
4.678000e-05	2.508703e-03	-9.691747e+00
4.679000e-05	6.238186e-02	-9.903320e+00
4.680000e-05	-3.603515e-02	-1.015431e+01
4.681000e-05	4.888438e-02	-1.039638e+01
4.682000e-05	-3.962507e-02	-1.063791e+01
4.683000e-05	4.232972e-02	-1.081854e+01
4.684000e-05	-1.316836e-02	-1.100794e+01
4.685000e-05	2.623065e-02	-1.122806e+01
4.686000e-05	1.531628e-02	-1.144954e+01
4.687000e-05	1.018071e-02	-1.171967e+01
4.688000e-05	1.833606e-02	-1.189016e+01
4.689000e-05	-1.150514e-02	-1.208172e+01
4.690000e-05	2.578376e-02	-1.225061e+01
4.691000e-05	5.668616e-03	-1.245004e+01
4.692000e-05	3.737819e-02	-1.259853e+01
4.693000e-05	-1.149574e-03	-1.279795e+01
4.694000e-05	1.594045e-02	-1.297637e+01
4.695000e-05	-6.085319e-04	-1.310277e+01
4.696000e-05	1.829317e-02	-1.333214e+01
4.697000e-05	9.633233e-03	-1.345758e+01
4.698000e-05	1.979185e-02	-1.359733e+01
4.699000e-05	1.990547e-02	-1.374234e+01
4.700000e-05	2.113958e-02	-1.388011e+01
4.701000e-05	1.299999e-02	-1.402703e+01
4.702000e-05	5.558531e-03	-1.416538e+01
4.703000e-05	1.068564e-02	-1.433162e+01
4.704000e-05	1.771147e-02	-1.441848e+01
4.705000e-05	2.426480e-02	-1.452429e+01
4.706000e-05	1.931324e-02	-1.464104e+01
4.707000e-05	1.902211e-02	-1.473374e+01
4.708000e-05	1.445605e-02	-1.483998e+01
4.709000e-05	2.124578e-02	-1.492422e+01
4.710000e-05	1.602263e-02	-1.502898e+01
4.711000e-05	2.076412e-02	-1.508317e+01
4.712000e-05	2.019390e-02	-1.518627e+01
4.713000e-05	2.653642e-02	-1.524890e+01
4.714000e-05	2.131118e-02	-1.529319e+01
4.715000e-05	1.919630e-02	-1.536692e+01
4.716000e-05	1.818591e-02	-1.542753e+01
4.717000e-05	2.596098e-02	-1.545068e+01
4.718000e-05	3.091464e-02	-1.549519e+01
4.719000e-05	2.909955e-02	-1.554700e+01
4.720000e-05	2.842052e-02	-1.563685e+01
4.721000e-05	2.827348e-02	-1.562941e+01
4.722000e-05	3.183955e-02	-1.563898e+01
4.723000e-05	3.265707e-02	-1.567048e+01
4.724000e-05	3.444795e-02	-1.568108e+01
4.725000e-05	3.900535e-02	-1.567961e+01
4.726000e-05	4.684706e-02	-1.569151e+01
4.727000e-05	5.055964e-02	-1.570203e+01
4.728000e-05	5.207078e-02	-1.560953e+01
4.729000e-05	5.639655e-02	-1.562845e+01
4.730000e-05	6.766040e-02	-1.563940e+01
4.731000e-05	8.342153e-02	-1.556587e+01
4.732000e-05	1.039845e-01	-1.551524e+01
4.733000e-05	1.338701e-01	-1.544264e+01
4.734000e-05	1.867385e-01	-1.547051e+01
4.735000e-05	2.358708e-01	-1.536690e+01
4.736000e-05	2.500000e-01	-1.529534e+01
4.737000e-05	2.500000e-01	-1.527316e+01
4.738000e-05	2.500000e-01	-1.520838e+01
4.739000e-05	2.397596e-01	-1.510471e+01
4.740000e-05	1.879776e-01	-1.500956e+01
4.741000e-05	1.205812e-01	-1.496585e+01
4.742000e-05	8.210254e-02	-1.488158e+01
4.743000e-05	6.124134e-02	-1.474624e+01
4.744000e-05	4.740418e-02	-1.466323e+01
4.745000e-05	3.690171e-02	-1.453897e+01
4.746000e-05	2.848784e-02	-1.449061e+01
4.747000e-05	2.497884e-02	-1.431774e+01
4.748000e-05	2.203835e-02	-1.419960e+01
4.749000e-05	1.930037e-02	-1.409473e+01
4.750000e-05	1.527311e-02	-1.391422e+01
4.751000e-05	1.527456e-02	-1.376950e+01
4.752000e-05	1.678344e-02	-1.366155e+01
4.753000e-05	1.656467e-02	-1.351418e+01
4.754000e-05	1.305218e-02	-1.335696e+01
4.755000e-05	1.013825e-02	-1.321040e+01
4.756000e-05	1.046458e-02	-1.301253e+01
4.757000e-05	1.035708e-02	-1.289518e+01
4.758000e-05	9.813692e-03	-1.269571e+01
4.759000e-05	8.098562e-03	-1.253636e+01
4.760000e-05	8.193204e-03	-1.233589e+01
4.761000e-05	8.840692e-03	-1.216845e+01
4.762000e-05	7.737837e-03	-1.199087e+01
4.763000e-05	4.294967e-03	-1.178947e+01
4.764000e-05	4.562732e-03	-1.154944e+01
4.765000e-05	5.125146e-03	-1.132672e+01
4.766000e-05	4.823523e-03	-1.112476e+01
4.767000e-05	3.795150e-03	-1.093419e+01
4.768000e-05	2.238065e-03	-1.070678e+01
4.769000e-05	3.035628e-03	-1.051629e+01
4.770000e-05	3.452929e-03	-1.025468e+01
4.771000e-05	2.235226e-03	-1.004160e+01
4.772000e-05	1.870075e-03	-9.831549e+00
4.773000e-05	2.006213e-03	-9.632575e+00
4.774000e-05	2.228827e-03	-9.358016e+00
4.775000e-05	1.224343e-03	-9.107387e+00
4.776000e-05	-1.417167e-03	-8.916336e+00
4.777000e-05	-1.684684e-03	-8.665731e+00
4.778000e-05	-1.267373e-03	-8.421105e+00
4.779000e-05	-2.882106e-04	-8.169443e+00
4.780000e-05	-6.669297e-04	-7.948812e+00
4.781000e-05	-1.569312e-03	-7.663129e+00
4.782000e-05	-1.814722e-03	-7.370919e+00
4.783000e-05	-1.921010e-03	-7.128320e+00
4.784000e-05	-3.897345e-03	-6.832126e+00
4.785000e-05	-4.137573e-03	-6.581493e+00
4.786000e-05	-5.250475e-03	-6.317888e+00
4.787000e-05	-3.357483e-03	-6.084080e+00
4.788000e-05	-4.335621e-03	-5.800018e+00
4.789000e-05	-4.017012e-03	-5.539911e+00
4.790000e-05	-6.131581e-03	-5.191495e+00
4.791000e-05	-4.347431e-03	-4.906705e+00
4.792000e-05	-4.741300e-03	-4.560394e+00
4.793000e-05	-4.156157e-03	-4.359389e+00
4.794000e-05	-6.394518e-03	-4.085261e+00
4.795000e-05	-5.975922e-03	-3.841595e+00
4.796000e-05	-6.673995e-03	-3.536861e+00
4.797000e-05	-6.847777e-03	-3.295653e+00
4.798000e-05	-8.046440e-03	-2.950812e+00
4.799000e-05	-6.204740e-03	-2.655756e+00
4.800000e-05	-6.235613e-03	-2.381019e+00
4.801000e-05	-5.095299e-03	-2.095662e+00
4.802000e-05	-6.912846e-03	-1.832624e+00
4.803000e-05	-8.309707e-03	-1.537862e+00
4.804000e-05	-8.779375e-03	-1.180942e+00
4.805000e-05	-9.146324e-03	-9.178069e-01
4.806000e-05	-8.194338e-03	-6.426693e-01
4.807000e-05	-7.990987e-03	-3.177860e-01
4.808000e-05	-4.769837e-03	-5.520165e-02
4.809000e-05	2.805739e-03	2.300886e-01
4.810000e-05	1.384885e-03	5.237254e-01
4.811000e-05	-2.391876e-03	7.853744e-01
4.812000e-05	-1.130238e-03	1.040636e+00
4.813000e-05	-3.892538e-03	1.333776e+00
4.814000e-05	-1.506460e-03	1.660185e+00
4.815000e-05	3.388356e-03	1.903643e+00
4.816000e-05	3.254900e-02	2.144749e+00
4.817000e-05	7.647302e-02	2.449584e+00
4.818000e-05	9.639220e-04	2.785928e+00
4.819000e-05	-6.834587e-02	3.092661e+00
4.820000e-05	-3.380410e-02	3.394830e+00
4.821000e-05	-3.018767e-02	3.672115e+00
4.822000e-05	-4.365308e-02	3.883716e+00
4.823000e-05	-4.705830e-02	4.103669e+00
4.824000e-05	7.759739e-02	4.427430e+00
4.825000e-05	-2.098563e-03	4.672214e+00
4.826000e-05	-2.383616e-02	4.943798e+00
4.827000e-05	9.464664e-02	5.240144e+00
4.828000e-05	-1.100358e-01	5.575800e+00
4.829000e-05	3.147706e-02	5.829435e+00
4.830000e-05	-2.023938e-02	6.112221e+00
4.831000e-05	1.201434e-02	6.323847e+00
4.832000e-05	1.676868e-02	6.640032e+00
4.833000e-05	-5.321418e-02	6.914243e+00
4.834000e-05	2.458706e-02	7.186410e+00
4.835000e-05	-3.791119e-02	7.460520e+00
4.836000e-05	1.609298e-02	7.722798e+00
4.837000e-05	-3.396619e-02	8.069059e+00
4.838000e-05	9.044403e-03	8.292639e+00
4.839000e-05	2.025030e-02	8.533795e+00
4.840000e-05	-2.448677e-02	8.704248e+00
4.841000e-05	-4.438184e-04	8.997354e+00
4.842000e-05	-4.389914e-02	9.228434e+00
4.843000e-05	1.396847e-03	9.450055e+00
4.844000e-05	6.158964e-03	9.699094e+00
4.845000e-05	-3.707899e-05	9.954744e+00
4.846000e-05	-1.913610e-02	1.015432e+01
4.847000e-05	-1.701112e-02	1.036642e+01
4.848000e-05	1.306770e-03	1.059733e+01
4.849000e-05	-2.199266e-02	1.081690e+01
4.850000e-05	-1.586989e-02	1.101941e+01
4.851000e-05	-1.869709e-02	1.122948e+01
4.852000e-05	4.124507e-03	1.146753e+01
4.853000e-05	-3.701894e-03	1.163914e+01
4.854000e-05	-2.007252e-02	1.181106e+01
4.855000e-05	-2.825470e-02	1.207054e+01
4.856000e-05	-1.373658e-02	1.224958e+01
4.857000e-05	-3.071898e-04	1.241948e+01
4.858000e-05	-8.382857e-03	1.258693e+01
4.859000e-05	-2.202775e-02	1.276635e+01
4.860000e-05	-2.140509e-02	1.295477e+01
4.861000e-05	-1.151047e-02	1.310214e+01
4.862000e-05	-1.422224e-02	1.326011e+01
4.863000e-05	-2.407640e-02	1.342901e+01
4.864000e-05	-2.304849e-02	1.357542e+01
4.865000e-05	-7.216228e-03	1.372412e+01
4.866000e-05	-7.114709e-03	1.385156e+01
4.867000e-05	-2.009214e-02	1.399832e+01
4.868000e-05	-3.402698e-02	1.419335e+01
4.869000e-05	-2.297246e-02	1.431114e+01
4.870000e-05	-1.488358e-02	1.442845e+01
4.871000e-05	-1.365792e-02	1.452569e+01
4.872000e-05	-2.629958e-02	1.467950e+01
4.873000e-05	-2.408316e-02	1.470572e+01
4.874000e-05	-1.686518e-02	1.478798e+01
4.875000e-05	-1.865585e-02	1.490316e+01
4.876000e-05	-2.896861e-02	1.500795e+01
4.877000e-05	-3.291504e-02	1.506103e+01
4.878000e-05	-2.206883e-02	1.514477e+01
4.879000e-05	-1.953289e-02	1.522695e+01
4.880000e-05	-2.652231e-02	1.526216e+01
4.881000e-05	-3.923984e-02	1.532374e+01
4.882000e-05	-3.522182e-02	1.542787e+01
4.883000e-05	-2.605395e-02	1.542955e+01
4.884000e-05	-2.660719e-02	1.549208e+01
4.885000e-05	-3.457512e-02	1.555429e+01
4.886000e-05	-3.896192e-02	1.555679e+01
4.887000e-05	-3.301202e-02	1.557685e+01
4.888000e-05	-3.630717e-02	1.558945e+01
4.889000e-05	-4.535323e-02	1.564837e+01
4.890000e-05	-5.186321e-02	1.562040e+01
4.891000e-05	-4.694525e-02	1.563990e+01
4.892000e-05	-4.396368e-02	1.559945e+01
4.893000e-05	-5.257519e-02	1.561840e+01
4.894000e-05	-6.698859e-02	1.556790e+01
4.895000e-05	-7.445062e-02	1.558837e+01
4.896000e-05	-7.706173e-02	1.553577e+01
4.897000e-05	-9.305634e-02	1.548469e+01
4.898000e-05	-1.222328e-01	1.547463e+01
4.899000e-05	-1.635159e-01	1.539105e+01
4.900000e-05	-2.123108e-01	1.537945e+01
4.901000e-05	-2.460925e-01	1.533622e+01
4.902000e-05	-2.500000e-01	1.528216e+01
4.903000e-05	-2.500000e-01	1.523890e+01
4.904000e-05	-2.499000e-01	1.516690e+01
4.905000e-05	-2.249857e-01	1.506311e+01
4.906000e-05	-1.648119e-01	1.497095e+01
4.907000e-05	-1.165159e-01	1.486473e+01
4.908000e-05	-8.631848e-02	1.482942e+01
4.909000e-05	-6.186297e-02	1.467476e+01
4.910000e-05	-4.794071e-02	1.460095e+01
4.911000e-05	-4.301772e-02	1.452379e+01
4.912000e-05	-4.173328e-02	1.439090e+01
4.913000e-05	-3.343283e-02	1.425416e+01
4.914000e-05	-2.652973e-02	1.413834e+01
4.915000e-05	-2.636486e-02	1.400042e+01
4.916000e-05	-3.039467e-02	1.385258e+01
4.917000e-05	-2.796648e-02	1.372628e+01
4.918000e-05	-2.230809e-02	1.354889e+01
4.919000e-05	-1.986667e-02	1.340105e+01
4.920000e-05	-2.476984e-02	1.324423e+01
4.921000e-05	-2.462912e-02	1.309629e+01
4.922000e-05	-2.101412e-02	1.294644e+01
4.923000e-05	-1.651319e-02	1.276992e+01
4.924000e-05	-1.974068e-02	1.260050e+01
4.925000e-05	-2.244125e-02	1.246365e+01
4.926000e-05	-2.105566e-02	1.227409e+01
4.927000e-05	-1.526675e-02	1.207413e+01
4.928000e-05	-1.602522e-02	1.187473e+01
4.929000e-05	-1.971006e-02	1.166568e+01
4.930000e-05	-2.003100e-02	1.150421e+01
4.931000e-05	-1.572903e-02	1.126305e+01
4.932000e-05	-1.243366e-02	1.102258e+01
4.933000e-05	-1.553665e-02	1.086368e+01
4.934000e-05	-1.772994e-02	1.063160e+01
4.935000e-05	-1.442911e-02	1.041267e+01
4.936000e-05	-1.116808e-02	1.022945e+01
4.937000e-05	-1.242140e-02	9.969864e+00
4.938000e-05	-1.596622e-02	9.766906e+00
4.939000e-05	-1.484196e-02	9.485281e+00
4.940000e-05	-1.167354e-02	9.324685e+00
4.941000e-05	-1.018848e-02	9.024101e+00
4.942000e-05	-1.305363e-02	8.840994e+00
4.943000e-05	-1.458832e-02	8.560918e+00
4.944000e-05	-1.077584e-02	8.379386e+00
4.945000e-05	-7.572231e-03	8.064751e+00
4.946000e-05	-1.227658e-02	7.822069e+00
4.947000e-05	-1.121239e-02	7.601439e+00
4.948000e-05	-1.318995e-02	7.253727e+00
4.949000e-05	-6.724559e-03	7.033094e+00
4.950000e-05	-8.362386e-03	6.760439e+00
4.951000e-05	-1.246581e-02	6.484303e+00
4.952000e-05	-1.038097e-02	6.233098e+00
4.953000e-05	-1.081297e-02	5.980969e+00
4.954000e-05	-7.512532e-03	5.696804e+00
4.955000e-05	-1.132927e-02	5.424171e+00
4.956000e-05	-1.112123e-02	5.099712e+00
4.957000e-05	-6.958152e-03	4.760418e+00
4.958000e-05	-4.710017e-03	4.538308e+00
4.959000e-05	-5.741689e-03	4.256672e+00
4.960000e-05	-9.631018e-03	3.958959e+00
4.961000e-05	-1.084414e-02	3.704707e+00
4.962000e-05	-9.102872e-03	3.394543e+00
4.963000e-05	-7.311162e-03	3.107234e+00
4.964000e-05	-8.798387e-03	2.835179e+00
4.965000e-05	-7.250026e-03	2.560886e+00
4.966000e-05	-5.827576e-03	2.263126e+00
4.967000e-05	-4.638596e-03	1.991541e+00
4.968000e-05	-6.265269e-03	1.700710e+00
4.969000e-05	-8.026835e-03	1.391995e+00
4.970000e-05	-7.133836e-03	1.055301e+00
4.971000e-05	-6.583943e-03	7.789125e-01
4.972000e-05	-4.825320e-03	4.751818e-01
4.973000e-05	-5.373159e-03	2.019927e-01
4.974000e-05	-2.194382e-03	-9.269402e-02
4.975000e-05	6.691002e-03	-3.347747e-01
4.976000e-05	3.947722e-03	-6.475889e-01
4.977000e-05	9.711107e-04	-9.232432e-01
4.978000e-05	-3.331365e-04	-1.176430e+00
4.979000e-05	-4.411098e-04	-1.492244e+00
4.980000e-05	2.962151e-03	-1.743746e+00
4.981000e-05	2.538876e-02	-1.956355e+00
4.982000e-05	8.827386e-02	-2.247438e+00
4.983000e-05	3.848537e-02	-2.607462e+00
4.984000e-05	-6.244892e-02	-3.017940e+00
4.985000e-05	-1.385850e-02	-3.334673e+00
4.986000e-05	-3.970696e-02	-3.544848e+00
4.987000e-05	-5.105418e-02	-3.807379e+00
4.988000e-05	-1.177110e-02	-4.009506e+00
4.989000e-05	1.238118e-01	-4.216381e+00
4.990000e-05	-8.977960e-02	-4.541152e+00
4.991000e-05	1.078410e-01	-4.837556e+00
4.992000e-05	3.007179e-03	-5.039017e+00
4.993000e-05	-6.091892e-02	-5.430585e+00
4.994000e-05	8.405744e-02	-5.681159e+00
4.995000e-05	-1.140271e-01	-5.934353e+00
4.996000e-05	1.224997e-01	-6.260459e+00
4.997000e-05	-2.548266e-02	-6.510645e+00
4.998000e-05	1.005878e-02	-6.796509e+00
4.999000e-05	3.703663e-02	-7.068588e+00
