# 260528_14:57:04.654656
t	CH1	CH2
0.000000e+00	-4.926160e-03	4.411880e-01
1.000000e-08	-4.812458e-03	1.391211e-01
2.000000e-08	-1.998310e-03	-1.571881e-01
3.000000e-08	1.033087e-02	-3.693473e-01
4.000000e-08	-1.525747e-03	-6.845266e-01
5.000000e-08	3.617216e-03	-9.372357e-01
6.000000e-08	-4.009627e-03	-1.222922e+00
7.000000e-08	1.964594e-03	-1.558763e+00
8.000000e-08	1.289051e-03	-1.778817e+00
9.000000e-08	3.171034e-02	-2.020396e+00
1.000000e-07	1.045838e-01	-2.296632e+00
1.100000e-07	9.932125e-03	-2.614345e+00
1.200000e-07	-6.087139e-02	-3.085427e+00
1.300000e-07	-1.323769e-02	-3.380815e+00
1.400000e-07	-3.965620e-02	-3.579894e+00
1.500000e-07	-6.087238e-02	-3.816348e+00
1.600000e-07	8.300876e-03	-4.022076e+00
1.700000e-07	1.357915e-01	-4.220976e+00
1.800000e-07	-1.521546e-01	-4.529638e+00
1.900000e-07	1.861315e-01	-4.812877e+00
2.000000e-07	-7.786717e-02	-5.127531e+00
2.100000e-07	-9.149769e-03	-5.486529e+00
2.200000e-07	7.103049e-02	-5.667159e+00
2.300000e-07	-1.371950e-01	-6.001841e+00
2.400000e-07	1.811234e-01	-6.286053e+00
2.500000e-07	-1.040462e-01	-6.529662e+00
2.600000e-07	6.788250e-02	-6.803899e+00
2.700000e-07	-7.122309e-03	-7.108033e+00
2.800000e-07	-5.991653e-02	-7.371869e+00
2.900000e-07	1.027843e-01	-7.653999e+00
3.000000e-07	-1.104488e-01	-7.929691e+00
3.100000e-07	1.398336e-01	-8.152944e+00
3.200000e-07	-7.213581e-02	-8.383422e+00
3.300000e-07	4.805231e-02	-8.689085e+00
3.400000e-07	1.083104e-02	-8.919713e+00
3.500000e-07	-6.729343e-02	-9.190368e+00
3.600000e-07	7.941115e-02	-9.361369e+00
3.700000e-07	-6.392991e-02	-9.635977e+00
3.800000e-07	1.162989e-01	-9.845053e+00
3.900000e-07	-6.900286e-02	-1.005706e+01
4.000000e-07	6.627543e-02	-1.027974e+01
4.100000e-07	-4.358324e-02	-1.052073e+01
4.200000e-07	2.650335e-02	-1.072982e+01
4.300000e-07	9.132194e-03	-1.092024e+01
4.400000e-07	-7.206676e-03	-1.113132e+01
4.500000e-07	4.587059e-02	-1.134389e+01
4.600000e-07	-2.186484e-02	-1.160595e+01
4.700000e-07	4.935559e-02	-1.181658e+01
4.800000e-07	-3.843282e-02	-1.204693e+01
4.900000e-07	4.133514e-02	-1.223545e+01
5.000000e-07	-1.535928e-02	-1.234342e+01
5.100000e-07	4.775106e-02	-1.257239e+01
5.200000e-07	-6.601634e-03	-1.274237e+01
5.300000e-07	1.655186e-02	-1.289076e+01
5.400000e-07	-2.059319e-03	-1.304821e+01
5.500000e-07	1.449352e-02	-1.322413e+01
5.600000e-07	1.177194e-02	-1.342440e+01
5.700000e-07	9.142544e-03	-1.355282e+01
5.800000e-07	2.379802e-02	-1.365929e+01
5.900000e-07	1.351453e-02	-1.385613e+01
6.000000e-07	2.193779e-02	-1.399540e+01
6.100000e-07	-3.162616e-03	-1.414029e+01
6.200000e-07	1.242983e-02	-1.423713e+01
6.300000e-07	7.558530e-03	-1.437095e+01
6.400000e-07	2.840237e-02	-1.448086e+01
6.500000e-07	1.255650e-02	-1.462608e+01
6.600000e-07	1.973844e-02	-1.468129e+01
6.700000e-07	9.076793e-03	-1.478652e+01
6.800000e-07	2.213996e-02	-1.491981e+01
6.900000e-07	1.303742e-02	-1.500343e+01
7.000000e-07	1.655039e-02	-1.508969e+01
7.100000e-07	1.727051e-02	-1.516385e+01
7.200000e-07	2.360423e-02	-1.521666e+01
7.300000e-07	2.233919e-02	-1.525971e+01
7.400000e-07	1.499054e-02	-1.536290e+01
7.500000e-07	1.671987e-02	-1.541558e+01
7.600000e-07	1.973886e-02	-1.543971e+01
7.700000e-07	2.956197e-02	-1.550384e+01
7.800000e-07	2.508511e-02	-1.555550e+01
7.900000e-07	2.519725e-02	-1.556555e+01
8.000000e-07	2.393527e-02	-1.557813e+01
8.100000e-07	2.946969e-02	-1.561758e+01
8.200000e-07	2.819557e-02	-1.562916e+01
8.300000e-07	2.836337e-02	-1.563876e+01
8.400000e-07	3.230512e-02	-1.569124e+01
8.500000e-07	4.046129e-02	-1.568926e+01
8.600000e-07	4.476971e-02	-1.563876e+01
8.700000e-07	4.457712e-02	-1.564814e+01
8.800000e-07	4.443648e-02	-1.563973e+01
8.900000e-07	5.300408e-02	-1.559610e+01
9.000000e-07	6.547790e-02	-1.555561e+01
9.100000e-07	7.760055e-02	-1.552382e+01
9.200000e-07	9.199475e-02	-1.549077e+01
9.300000e-07	1.189685e-01	-1.547984e+01
9.400000e-07	1.640724e-01	-1.541556e+01
9.500000e-07	2.206338e-01	-1.535347e+01
9.600000e-07	2.488962e-01	-1.524884e+01
9.700000e-07	2.500000e-01	-1.522510e+01
9.800000e-07	2.500000e-01	-1.514397e+01
9.900000e-07	2.443494e-01	-1.502874e+01
1.000000e-06	1.878195e-01	-1.499505e+01
1.010000e-06	1.232294e-01	-1.487987e+01
1.020000e-06	8.693461e-02	-1.481666e+01
1.030000e-06	6.650958e-02	-1.472297e+01
1.040000e-06	5.123630e-02	-1.463563e+01
1.050000e-06	3.658657e-02	-1.448994e+01
1.060000e-06	2.915686e-02	-1.440403e+01
1.070000e-06	2.648183e-02	-1.424921e+01
1.080000e-06	2.279439e-02	-1.414294e+01
1.090000e-06	1.755676e-02	-1.401770e+01
1.100000e-06	1.327345e-02	-1.384827e+01
1.110000e-06	1.349325e-02	-1.367995e+01
1.120000e-06	1.521642e-02	-1.355295e+01
1.130000e-06	1.253943e-02	-1.339463e+01
1.140000e-06	8.839948e-03	-1.321781e+01
1.150000e-06	6.811748e-03	-1.310989e+01
1.160000e-06	8.894995e-03	-1.288100e+01
1.170000e-06	8.006264e-03	-1.281366e+01
1.180000e-06	6.066802e-03	-1.261468e+01
1.190000e-06	4.309563e-03	-1.241771e+01
1.200000e-06	4.876952e-03	-1.225632e+01
1.210000e-06	6.071706e-03	-1.206831e+01
1.220000e-06	3.606203e-03	-1.187782e+01
1.230000e-06	1.503322e-03	-1.166524e+01
1.240000e-06	1.404322e-03	-1.138526e+01
1.250000e-06	4.399766e-03	-1.118376e+01
1.260000e-06	2.987121e-03	-1.096370e+01
1.270000e-06	1.405805e-03	-1.077103e+01
1.280000e-06	-6.896786e-04	-1.059202e+01
1.290000e-06	1.070822e-03	-1.037051e+01
1.300000e-06	2.002872e-03	-1.006905e+01
1.310000e-06	7.812474e-04	-9.911000e+00
1.320000e-06	-1.050124e-03	-9.678818e+00
1.330000e-06	-3.374959e-04	-9.494769e+00
1.340000e-06	2.478660e-04	-9.238264e+00
1.350000e-06	-1.333316e-03	-8.993137e+00
1.360000e-06	-3.927351e-03	-8.762129e+00
1.370000e-06	-3.880321e-03	-8.528947e+00
1.380000e-06	-1.458485e-03	-8.268369e+00
1.390000e-06	-8.994371e-04	-8.024738e+00
1.400000e-06	-1.804450e-03	-7.750951e+00
1.410000e-06	-4.853004e-03	-7.508366e+00
1.420000e-06	-3.753932e-03	-7.214184e+00
1.430000e-06	-3.557193e-03	-6.950576e+00
1.440000e-06	-3.041752e-03	-6.687316e+00
1.450000e-06	-6.779660e-03	-6.434768e+00
1.460000e-06	-4.194751e-03	-6.201027e+00
1.470000e-06	-4.517778e-03	-5.867966e+00
1.480000e-06	-4.081579e-03	-5.623714e+00
1.490000e-06	-6.741368e-03	-5.329425e+00
1.500000e-06	-6.520131e-03	-5.011786e+00
1.510000e-06	-6.098420e-03	-4.707442e+00
1.520000e-06	-4.325815e-03	-4.412738e+00
1.530000e-06	-5.309996e-03	-4.191210e+00
1.540000e-06	-7.021766e-03	-3.906495e+00
1.550000e-06	-7.259866e-03	-3.614738e+00
1.560000e-06	-7.324094e-03	-3.359054e+00
1.570000e-06	-8.488342e-03	-3.083866e+00
1.580000e-06	-7.917515e-03	-2.758625e+00
1.590000e-06	-7.301683e-03	-2.496420e+00
1.600000e-06	-5.886402e-03	-2.199209e+00
1.610000e-06	-6.944166e-03	-1.906420e+00
1.620000e-06	-7.984287e-03	-1.641213e+00
1.630000e-06	-1.016819e-02	-1.327049e+00
1.640000e-06	-9.251794e-03	-1.011630e+00
1.650000e-06	-8.921677e-03	-7.259710e-01
1.660000e-06	-7.711368e-03	-3.801603e-01
1.670000e-06	-6.460234e-03	-1.270472e-01
1.680000e-06	6.177409e-04	1.266844e-01
1.690000e-06	4.632148e-03	4.324263e-01
1.700000e-06	-4.544387e-03	6.635002e-01
1.710000e-06	7.477464e-04	9.356646e-01
1.720000e-06	-5.180135e-03	1.263999e+00
1.730000e-06	-7.738035e-04	1.527162e+00
1.740000e-06	-2.085154e-03	1.823602e+00
1.750000e-06	1.875604e-02	2.062551e+00
1.760000e-06	6.786752e-02	2.287136e+00
1.770000e-06	5.385319e-02	2.643949e+00
1.780000e-06	-8.227773e-02	2.980839e+00
1.790000e-06	-3.028043e-02	3.265580e+00
1.800000e-06	-4.061507e-02	3.580371e+00
1.810000e-06	-2.419875e-02	3.812472e+00
1.820000e-06	-7.471226e-02	4.032950e+00
1.830000e-06	4.682730e-02	4.244959e+00
1.840000e-06	6.885104e-02	4.609840e+00
1.850000e-06	-1.008572e-01	4.834925e+00
1.860000e-06	1.535214e-01	5.167741e+00
1.870000e-06	-1.037959e-01	5.495078e+00
1.880000e-06	-5.277994e-03	5.699158e+00
1.890000e-06	1.755255e-02	6.063972e+00
1.900000e-06	-3.330915e-02	6.266104e+00
1.910000e-06	6.677374e-02	6.520611e+00
1.920000e-06	-7.612040e-02	6.834499e+00
1.930000e-06	2.845723e-02	7.067233e+00
1.940000e-06	-3.226017e-02	7.441266e+00
1.950000e-06	6.305878e-03	7.667102e+00
1.960000e-06	-1.141071e-02	7.950658e+00
1.970000e-06	-2.847965e-02	8.252949e+00
1.980000e-06	5.234126e-02	8.454526e+00
1.990000e-06	-3.223221e-02	8.656503e+00
2.000000e-06	6.099902e-03	8.937983e+00
2.010000e-06	-3.516017e-02	9.150313e+00
2.020000e-06	-2.398799e-02	9.403843e+00
2.030000e-06	2.354055e-02	9.613443e+00
2.040000e-06	-7.655099e-03	9.854974e+00
2.050000e-06	2.850678e-03	1.007813e+01
2.060000e-06	-3.465205e-02	1.031716e+01
2.070000e-06	1.385609e-02	1.050966e+01
2.080000e-06	-2.093498e-02	1.074132e+01
2.090000e-06	-1.331781e-02	1.095071e+01
2.100000e-06	-2.025364e-02	1.112182e+01
2.110000e-06	-6.000829e-03	1.138484e+01
2.120000e-06	1.058011e-02	1.156347e+01
2.130000e-06	-1.874631e-02	1.178392e+01
2.140000e-06	-1.904255e-02	1.200240e+01
2.150000e-06	-2.447790e-02	1.219382e+01
2.160000e-06	4.697462e-03	1.237290e+01
2.170000e-06	-4.716088e-03	1.251036e+01
2.180000e-06	-1.400965e-02	1.269971e+01
2.190000e-06	-2.291613e-02	1.289969e+01
2.200000e-06	-1.331315e-02	1.304652e+01
2.210000e-06	-6.699945e-03	1.318505e+01
2.220000e-06	-2.109801e-02	1.337287e+01
2.230000e-06	-2.183195e-02	1.351979e+01
2.240000e-06	-1.228308e-02	1.365013e+01
2.250000e-06	-2.513240e-04	1.385500e+01
2.260000e-06	-1.290524e-02	1.397187e+01
2.270000e-06	-2.973537e-02	1.410172e+01
2.280000e-06	-2.612665e-02	1.422763e+01
2.290000e-06	-1.496394e-02	1.438442e+01
2.300000e-06	-8.401233e-03	1.446969e+01
2.310000e-06	-2.217592e-02	1.458295e+01
2.320000e-06	-2.446753e-02	1.473137e+01
2.330000e-06	-1.735373e-02	1.479345e+01
2.340000e-06	-1.376151e-02	1.486978e+01
2.350000e-06	-2.336875e-02	1.493282e+01
2.360000e-06	-3.155338e-02	1.502760e+01
2.370000e-06	-2.226907e-02	1.510984e+01
2.380000e-06	-1.696641e-02	1.515597e+01
2.390000e-06	-1.830665e-02	1.524820e+01
2.400000e-06	-3.514165e-02	1.531131e+01
2.410000e-06	-3.387380e-02	1.539395e+01
2.420000e-06	-2.660279e-02	1.544465e+01
2.430000e-06	-2.126407e-02	1.548914e+01
2.440000e-06	-2.950455e-02	1.555077e+01
2.450000e-06	-3.672818e-02	1.556190e+01
2.460000e-06	-3.112971e-02	1.558497e+01
2.470000e-06	-3.002711e-02	1.557520e+01
2.480000e-06	-3.608580e-02	1.564750e+01
2.490000e-06	-4.914289e-02	1.560658e+01
2.500000e-06	-4.481759e-02	1.560570e+01
2.510000e-06	-3.947417e-02	1.561655e+01
2.520000e-06	-4.111912e-02	1.560708e+01
2.530000e-06	-5.585123e-02	1.561715e+01
2.540000e-06	-6.440318e-02	1.559403e+01
2.550000e-06	-6.333947e-02	1.554250e+01
2.560000e-06	-7.093396e-02	1.553137e+01
2.570000e-06	-8.834677e-02	1.547029e+01
2.580000e-06	-1.163741e-01	1.549868e+01
2.590000e-06	-1.403714e-01	1.541608e+01
2.600000e-06	-1.841435e-01	1.539150e+01
2.610000e-06	-2.379691e-01	1.535032e+01
2.620000e-06	-2.499999e-01	1.522771e+01
2.630000e-06	-2.500000e-01	1.516610e+01
2.640000e-06	-2.500000e-01	1.512399e+01
2.650000e-06	-2.328991e-01	1.500828e+01
2.660000e-06	-1.712352e-01	1.494247e+01
2.670000e-06	-1.243073e-01	1.481783e+01
2.680000e-06	-8.571158e-02	1.471295e+01
2.690000e-06	-6.386607e-02	1.464631e+01
2.700000e-06	-5.112669e-02	1.453202e+01
2.710000e-06	-4.885813e-02	1.443826e+01
2.720000e-06	-3.907359e-02	1.433197e+01
2.730000e-06	-3.059311e-02	1.423360e+01
2.740000e-06	-2.611437e-02	1.406779e+01
2.750000e-06	-2.979337e-02	1.392037e+01
2.760000e-06	-2.845718e-02	1.381355e+01
2.770000e-06	-2.153673e-02	1.362563e+01
2.780000e-06	-1.851404e-02	1.347781e+01
2.790000e-06	-2.173775e-02	1.333989e+01
2.800000e-06	-2.340869e-02	1.319390e+01
2.810000e-06	-1.991558e-02	1.303463e+01
2.820000e-06	-1.372426e-02	1.280678e+01
2.830000e-06	-1.563342e-02	1.268984e+01
2.840000e-06	-1.914180e-02	1.253945e+01
2.850000e-06	-1.786927e-02	1.235002e+01
2.860000e-06	-1.221277e-02	1.216053e+01
2.870000e-06	-1.245349e-02	1.194461e+01
2.880000e-06	-1.800815e-02	1.178103e+01
2.890000e-06	-1.891042e-02	1.157355e+01
2.900000e-06	-1.413806e-02	1.134063e+01
2.910000e-06	-9.932711e-03	1.112097e+01
2.920000e-06	-1.303001e-02	1.090945e+01
2.930000e-06	-1.586261e-02	1.075000e+01
2.940000e-06	-1.322514e-02	1.049797e+01
2.950000e-06	-9.325593e-03	1.025639e+01
2.960000e-06	-1.042996e-02	1.006484e+01
2.970000e-06	-1.410657e-02	9.822686e+00
2.980000e-06	-1.420087e-02	9.553084e+00
2.990000e-06	-1.077323e-02	9.371098e+00
3.000000e-06	-9.696864e-03	9.139527e+00
3.010000e-06	-1.198236e-02	8.918371e+00
3.020000e-06	-1.352918e-02	8.646286e+00
3.030000e-06	-1.053637e-02	8.414235e+00
3.040000e-06	-6.116059e-03	8.160626e+00
3.050000e-06	-8.420199e-03	7.870017e+00
3.060000e-06	-1.125248e-02	7.643842e+00
3.070000e-06	-1.156532e-02	7.373130e+00
3.080000e-06	-9.287359e-03	7.149373e+00
3.090000e-06	-9.199143e-03	6.854839e+00
3.100000e-06	-1.127044e-02	6.570153e+00
3.110000e-06	-1.139556e-02	6.327919e+00
3.120000e-06	-8.130115e-03	6.113840e+00
3.130000e-06	-5.876822e-03	5.801633e+00
3.140000e-06	-7.515255e-03	5.518624e+00
3.150000e-06	-1.042021e-02	5.192891e+00
3.160000e-06	-9.781546e-03	4.916397e+00
3.170000e-06	-7.353132e-03	4.630182e+00
3.180000e-06	-6.716023e-03	4.329049e+00
3.190000e-06	-8.566790e-03	4.105233e+00
3.200000e-06	-8.855303e-03	3.801132e+00
3.210000e-06	-7.099109e-03	3.545394e+00
3.220000e-06	-5.445947e-03	3.201759e+00
3.230000e-06	-7.251544e-03	2.938022e+00
3.240000e-06	-8.198914e-03	2.674266e+00
3.250000e-06	-7.561596e-03	2.358096e+00
3.260000e-06	-5.894156e-03	2.104365e+00
3.270000e-06	-5.863337e-03	1.809713e+00
3.280000e-06	-8.143087e-03	1.514466e+00
3.290000e-06	-7.745074e-03	1.149154e+00
3.300000e-06	-5.479638e-03	8.727909e-01
3.310000e-06	-3.656518e-03	5.400776e-01
3.320000e-06	-5.453930e-03	3.454660e-01
3.330000e-06	-4.197661e-03	1.576317e-04
3.340000e-06	3.923355e-03	-2.625778e-01
3.350000e-06	7.294589e-03	-5.166607e-01
3.360000e-06	-2.023842e-03	-8.409763e-01
3.370000e-06	1.397711e-03	-1.047080e+00
3.380000e-06	-2.993819e-03	-1.388346e+00
3.390000e-06	1.663098e-03	-1.684053e+00
3.400000e-06	1.201640e-02	-1.876158e+00
3.410000e-06	6.446343e-02	-2.086157e+00
3.420000e-06	9.776573e-02	-2.475952e+00
3.430000e-06	-7.769499e-02	-2.844449e+00
3.440000e-06	-8.465020e-03	-3.255450e+00
3.450000e-06	-4.638907e-02	-3.486104e+00
3.460000e-06	-2.620457e-02	-3.726081e+00
3.470000e-06	-8.164436e-02	-3.980393e+00
3.480000e-06	1.587481e-01	-4.129211e+00
3.490000e-06	-6.013909e-02	-4.391287e+00
3.500000e-06	3.575636e-03	-4.707113e+00
3.510000e-06	1.211220e-01	-4.947286e+00
3.520000e-06	-1.629905e-01	-5.297532e+00
3.530000e-06	1.579809e-01	-5.602445e+00
3.540000e-06	-1.413123e-01	-5.833872e+00
3.550000e-06	7.098688e-02	-6.128741e+00
3.560000e-06	6.070611e-02	-6.391844e+00
3.570000e-06	-8.411095e-02	-6.736662e+00
3.580000e-06	1.209692e-01	-6.950744e+00
3.590000e-06	-1.329734e-01	-7.264503e+00
3.600000e-06	1.002503e-01	-7.489186e+00
3.610000e-06	-4.848680e-02	-7.752272e+00
3.620000e-06	2.243278e-02	-8.067056e+00
3.630000e-06	7.420081e-02	-8.308160e+00
3.640000e-06	-8.679031e-02	-8.571715e+00
3.650000e-06	1.180237e-01	-8.786474e+00
3.660000e-06	-1.160452e-01	-9.026606e+00
3.670000e-06	7.299906e-02	-9.277682e+00
3.680000e-06	-3.564743e-02	-9.540137e+00
3.690000e-06	5.160919e-02	-9.759768e+00
3.700000e-06	2.785302e-02	-9.950838e+00
3.710000e-06	-2.757505e-02	-1.019385e+01
3.720000e-06	4.972600e-02	-1.043542e+01
3.730000e-06	-6.130729e-02	-1.063708e+01
3.740000e-06	7.300978e-02	-1.078805e+01
3.750000e-06	-5.170461e-02	-1.104848e+01
3.760000e-06	6.631185e-02	-1.126763e+01
3.770000e-06	-2.363981e-02	-1.148753e+01
3.780000e-06	4.081188e-02	-1.172226e+01
3.790000e-06	-1.243646e-02	-1.193019e+01
3.800000e-06	6.965329e-03	-1.212072e+01
3.810000e-06	1.149969e-02	-1.227915e+01
3.820000e-06	1.279869e-02	-1.248066e+01
3.830000e-06	3.232967e-02	-1.266861e+01
3.840000e-06	-8.036601e-03	-1.281656e+01
3.850000e-06	1.973702e-02	-1.300453e+01
3.860000e-06	-9.753711e-03	-1.318287e+01
3.870000e-06	2.770256e-02	-1.332071e+01
3.880000e-06	-3.323383e-03	-1.347813e+01
3.890000e-06	2.893404e-02	-1.357503e+01
3.900000e-06	8.364422e-03	-1.373442e+01
3.910000e-06	2.705645e-02	-1.394129e+01
3.920000e-06	1.212803e-03	-1.402956e+01
3.930000e-06	9.722745e-03	-1.418487e+01
3.940000e-06	4.111175e-03	-1.431174e+01
3.950000e-06	2.256372e-02	-1.446760e+01
3.960000e-06	1.844116e-02	-1.460337e+01
3.970000e-06	1.891906e-02	-1.467918e+01
3.980000e-06	1.413342e-02	-1.475290e+01
3.990000e-06	1.340355e-02	-1.486921e+01
4.000000e-06	1.869821e-02	-1.497392e+01
4.010000e-06	1.165184e-02	-1.503800e+01
4.020000e-06	1.987445e-02	-1.512032e+01
4.030000e-06	1.674210e-02	-1.517448e+01
4.040000e-06	2.724259e-02	-1.526816e+01
4.050000e-06	1.568097e-02	-1.528184e+01
4.060000e-06	1.830923e-02	-1.536393e+01
4.070000e-06	1.529662e-02	-1.542820e+01
4.080000e-06	2.618988e-02	-1.549133e+01
4.090000e-06	2.639371e-02	-1.555342e+01
4.100000e-06	2.673405e-02	-1.555600e+01
4.110000e-06	2.502407e-02	-1.556658e+01
4.120000e-06	2.578162e-02	-1.557610e+01
4.130000e-06	2.986457e-02	-1.565816e+01
4.140000e-06	2.749898e-02	-1.565763e+01
4.150000e-06	3.165972e-02	-1.565981e+01
4.160000e-06	3.549197e-02	-1.567871e+01
4.170000e-06	4.389179e-02	-1.562826e+01
4.180000e-06	4.364878e-02	-1.564916e+01
4.190000e-06	4.399853e-02	-1.563774e+01
4.200000e-06	4.826127e-02	-1.562761e+01
4.210000e-06	5.898116e-02	-1.556560e+01
4.220000e-06	7.085071e-02	-1.554447e+01
4.230000e-06	8.568210e-02	-1.551334e+01
4.240000e-06	1.052389e-01	-1.546084e+01
4.250000e-06	1.416893e-01	-1.542568e+01
4.260000e-06	1.926280e-01	-1.538405e+01
4.270000e-06	2.431050e-01	-1.529940e+01
4.280000e-06	2.500000e-01	-1.524821e+01
4.290000e-06	2.500000e-01	-1.516448e+01
4.300000e-06	2.496650e-01	-1.513180e+01
4.310000e-06	2.224344e-01	-1.503614e+01
4.320000e-06	1.507726e-01	-1.494242e+01
4.330000e-06	1.019682e-01	-1.484774e+01
4.340000e-06	7.482586e-02	-1.476350e+01
4.350000e-06	5.794837e-02	-1.465977e+01
4.360000e-06	4.260633e-02	-1.455105e+01
4.370000e-06	3.271156e-02	-1.441714e+01
4.380000e-06	2.787188e-02	-1.436285e+01
4.390000e-06	2.490792e-02	-1.418665e+01
4.400000e-06	1.965851e-02	-1.402924e+01
4.410000e-06	1.421087e-02	-1.393347e+01
4.420000e-06	1.405066e-02	-1.376250e+01
4.430000e-06	1.455200e-02	-1.359718e+01
4.440000e-06	1.503088e-02	-1.345871e+01
4.450000e-06	1.041236e-02	-1.330947e+01
4.460000e-06	7.538244e-03	-1.315511e+01
4.470000e-06	7.787486e-03	-1.302663e+01
4.480000e-06	8.145715e-03	-1.283734e+01
4.490000e-06	7.188546e-03	-1.266927e+01
4.500000e-06	4.538780e-03	-1.249884e+01
4.510000e-06	5.371542e-03	-1.233398e+01
4.520000e-06	6.711258e-03	-1.216260e+01
4.530000e-06	4.812682e-03	-1.198300e+01
4.540000e-06	1.356796e-03	-1.178105e+01
4.550000e-06	6.583486e-04	-1.152258e+01
4.560000e-06	3.009319e-03	-1.131782e+01
4.570000e-06	4.831621e-03	-1.105839e+01
4.580000e-06	3.349770e-03	-1.086724e+01
4.590000e-06	1.400470e-04	-1.066634e+01
4.600000e-06	-4.512241e-04	-1.046784e+01
4.610000e-06	1.477213e-03	-1.022521e+01
4.620000e-06	8.191852e-04	-1.002524e+01
4.630000e-06	-1.193528e-03	-9.803179e+00
4.640000e-06	-1.439068e-03	-9.623079e+00
4.650000e-06	-1.072916e-04	-9.350531e+00
4.660000e-06	5.117245e-04	-9.118472e+00
4.670000e-06	-1.934241e-03	-8.877342e+00
4.680000e-06	-3.831462e-03	-8.645241e+00
4.690000e-06	-2.702545e-03	-8.433709e+00
4.700000e-06	-6.470571e-04	-8.149554e+00
4.710000e-06	-1.914889e-03	-7.905971e+00
4.720000e-06	-3.795991e-03	-7.612712e+00
4.730000e-06	-4.832662e-03	-7.370577e+00
4.740000e-06	-3.686161e-03	-7.036447e+00
4.750000e-06	-3.403984e-03	-6.812209e+00
4.760000e-06	-5.038610e-03	-6.570551e+00
4.770000e-06	-4.923000e-03	-6.317916e+00
4.780000e-06	-2.880303e-03	-6.024734e+00
4.790000e-06	-4.004832e-03	-5.739526e+00
4.800000e-06	-4.977429e-03	-5.494867e+00
4.810000e-06	-8.125215e-03	-5.138634e+00
4.820000e-06	-6.151963e-03	-4.834313e+00
4.830000e-06	-6.115275e-03	-4.577551e+00
4.840000e-06	-4.880942e-03	-4.347046e+00
4.850000e-06	-7.821967e-03	-4.044338e+00
4.860000e-06	-6.780868e-03	-3.778128e+00
4.870000e-06	-6.087670e-03	-3.485289e+00
4.880000e-06	-5.893343e-03	-3.221710e+00
4.890000e-06	-6.599533e-03	-2.916875e+00
4.900000e-06	-7.315424e-03	-2.651212e+00
4.910000e-06	-5.885371e-03	-2.347576e+00
4.920000e-06	-7.782267e-03	-2.031242e+00
4.930000e-06	-9.554878e-03	-1.778528e+00
4.940000e-06	-1.184267e-02	-1.464445e+00
4.950000e-06	-8.550246e-03	-1.136095e+00
4.960000e-06	-7.119521e-03	-8.427394e-01
4.970000e-06	-6.354034e-03	-5.801250e-01
4.980000e-06	-6.301442e-03	-2.733143e-01
4.990000e-06	-3.536030e-03	1.039480e-02
5.000000e-06	7.475434e-03	2.945754e-01
5.010000e-06	-5.268476e-03	5.457107e-01
5.020000e-06	-1.328124e-03	8.012949e-01
5.030000e-06	-5.952138e-03	1.116710e+00
5.040000e-06	-7.165045e-04	1.402341e+00
5.050000e-06	-2.801075e-03	1.708112e+00
5.060000e-06	9.322129e-03	1.948792e+00
5.070000e-06	3.682740e-02	2.180316e+00
5.080000e-06	9.506221e-02	2.487280e+00
5.090000e-06	-4.025564e-02	2.834495e+00
5.100000e-06	-5.459739e-02	3.129236e+00
5.110000e-06	-3.984281e-02	3.412897e+00
5.120000e-06	-2.314796e-02	3.715662e+00
5.130000e-06	-6.012744e-02	3.908368e+00
5.140000e-06	-2.837624e-02	4.157765e+00
5.150000e-06	1.087652e-01	4.433978e+00
5.160000e-06	-6.185525e-02	4.750236e+00
5.170000e-06	3.941031e-02	4.973186e+00
5.180000e-06	6.196737e-02	5.328211e+00
5.190000e-06	-1.274750e-01	5.611424e+00
5.200000e-06	7.252190e-02	5.907104e+00
5.210000e-06	-5.964801e-02	6.158765e+00
5.220000e-06	5.242355e-02	6.401766e+00
5.230000e-06	-1.354636e-02	6.696083e+00
5.240000e-06	-4.278289e-02	6.972792e+00
5.250000e-06	3.127688e-02	7.223899e+00
5.260000e-06	-5.154133e-02	7.509732e+00
5.270000e-06	4.005947e-02	7.792418e+00
5.280000e-06	-6.353338e-02	8.110236e+00
5.290000e-06	4.474100e-02	8.349365e+00
5.300000e-06	1.819387e-03	8.550318e+00
5.310000e-06	-2.355538e-02	8.853368e+00
5.320000e-06	6.930907e-03	9.026423e+00
5.330000e-06	-6.343316e-02	9.256604e+00
5.340000e-06	3.071452e-02	9.479607e+00
5.350000e-06	-1.487701e-02	9.731211e+00
5.360000e-06	2.203270e-02	9.971845e+00
5.370000e-06	-3.801821e-02	1.019185e+01
5.380000e-06	2.753377e-03	1.041440e+01
5.390000e-06	-5.992231e-03	1.065750e+01
5.400000e-06	-2.113081e-02	1.081645e+01
5.410000e-06	-1.205382e-02	1.108800e+01
5.420000e-06	-2.537639e-02	1.130051e+01
5.430000e-06	1.830139e-02	1.150959e+01
5.440000e-06	-1.625640e-02	1.164884e+01
5.450000e-06	-7.755308e-03	1.187968e+01
5.460000e-06	-3.598181e-02	1.210768e+01
5.470000e-06	1.566927e-03	1.231763e+01
5.480000e-06	-5.917750e-03	1.247716e+01
5.490000e-06	-5.123603e-03	1.265603e+01
5.500000e-06	-2.412718e-02	1.280547e+01
5.510000e-06	-1.958965e-02	1.297336e+01
5.520000e-06	-6.266823e-03	1.313281e+01
5.530000e-06	-1.663979e-02	1.332016e+01
5.540000e-06	-1.816581e-02	1.346508e+01
5.550000e-06	-2.410218e-02	1.357443e+01
5.560000e-06	2.292740e-03	1.376379e+01
5.570000e-06	-1.006573e-02	1.390966e+01
5.580000e-06	-1.771954e-02	1.400553e+01
5.590000e-06	-3.382754e-02	1.420555e+01
5.600000e-06	-1.820261e-02	1.434176e+01
5.610000e-06	-1.145856e-02	1.443800e+01
5.620000e-06	-1.473524e-02	1.457287e+01
5.630000e-06	-2.306509e-02	1.464708e+01
5.640000e-06	-2.326664e-02	1.479249e+01
5.650000e-06	-1.129608e-02	1.482553e+01
5.660000e-06	-2.161820e-02	1.489031e+01
5.670000e-06	-2.511686e-02	1.498508e+01
5.680000e-06	-3.113200e-02	1.507018e+01
5.690000e-06	-1.692244e-02	1.510492e+01
5.700000e-06	-1.789792e-02	1.521756e+01
5.710000e-06	-2.652517e-02	1.528824e+01
5.720000e-06	-3.610508e-02	1.538234e+01
5.730000e-06	-3.184560e-02	1.539703e+01
5.740000e-06	-2.063140e-02	1.546763e+01
5.750000e-06	-2.741842e-02	1.550019e+01
5.760000e-06	-3.274907e-02	1.552235e+01
5.770000e-06	-3.575538e-02	1.556092e+01
5.780000e-06	-2.709318e-02	1.555540e+01
5.790000e-06	-3.339885e-02	1.557510e+01
5.800000e-06	-4.422881e-02	1.561606e+01
5.810000e-06	-4.763222e-02	1.560568e+01
5.820000e-06	-4.165504e-02	1.564621e+01
5.830000e-06	-3.825177e-02	1.560413e+01
5.840000e-06	-5.017388e-02	1.558615e+01
5.850000e-06	-5.969791e-02	1.557512e+01
5.860000e-06	-6.496181e-02	1.561397e+01
5.870000e-06	-6.579160e-02	1.555250e+01
5.880000e-06	-7.949768e-02	1.555084e+01
5.890000e-06	-1.028729e-01	1.546829e+01
5.900000e-06	-1.269192e-01	1.546566e+01
5.910000e-06	-1.609551e-01	1.541650e+01
5.920000e-06	-2.143116e-01	1.534087e+01
5.930000e-06	-2.488861e-01	1.524873e+01
5.940000e-06	-2.500000e-01	1.519708e+01
5.950000e-06	-2.500000e-01	1.514255e+01
5.960000e-06	-2.468030e-01	1.505081e+01
5.970000e-06	-2.004663e-01	1.499558e+01
5.980000e-06	-1.437617e-01	1.485046e+01
5.990000e-06	-1.037077e-01	1.478410e+01
6.000000e-06	-7.286020e-02	1.469129e+01
6.010000e-06	-5.566094e-02	1.463361e+01
6.020000e-06	-4.972005e-02	1.448724e+01
6.030000e-06	-4.352642e-02	1.436510e+01
6.040000e-06	-3.480838e-02	1.424886e+01
6.050000e-06	-2.667518e-02	1.410087e+01
6.060000e-06	-2.868405e-02	1.398365e+01
6.070000e-06	-2.908022e-02	1.382524e+01
6.080000e-06	-2.512809e-02	1.369889e+01
6.090000e-06	-1.891079e-02	1.353350e+01
6.100000e-06	-1.827640e-02	1.340255e+01
6.110000e-06	-2.271319e-02	1.321723e+01
6.120000e-06	-2.187290e-02	1.309927e+01
6.130000e-06	-1.788835e-02	1.293052e+01
6.140000e-06	-1.399928e-02	1.274495e+01
6.150000e-06	-1.730512e-02	1.258456e+01
6.160000e-06	-2.005278e-02	1.241624e+01
6.170000e-06	-1.543427e-02	1.227529e+01
6.180000e-06	-1.254267e-02	1.204826e+01
6.190000e-06	-1.374552e-02	1.187829e+01
6.200000e-06	-1.842972e-02	1.165729e+01
6.210000e-06	-1.590554e-02	1.146669e+01
6.220000e-06	-1.240874e-02	1.122426e+01
6.230000e-06	-1.030448e-02	1.102471e+01
6.240000e-06	-1.389669e-02	1.080579e+01
6.250000e-06	-1.523181e-02	1.062165e+01
6.260000e-06	-1.235974e-02	1.038263e+01
6.270000e-06	-9.033765e-03	1.016108e+01
6.280000e-06	-1.157169e-02	9.951499e+00
6.290000e-06	-1.469579e-02	9.708370e+00
6.300000e-06	-1.296048e-02	9.446314e+00
6.310000e-06	-8.738949e-03	9.266286e+00
6.320000e-06	-9.131761e-03	9.024082e+00
6.330000e-06	-1.234256e-02	8.754097e+00
6.340000e-06	-1.320488e-02	8.509026e+00
6.350000e-06	-8.821181e-03	8.286845e+00
6.360000e-06	-7.330848e-03	8.054836e+00
6.370000e-06	-9.573812e-03	7.782153e+00
6.380000e-06	-1.324744e-02	7.498423e+00
6.390000e-06	-1.052433e-02	7.203765e+00
6.400000e-06	-7.582660e-03	7.001553e+00
6.410000e-06	-7.233255e-03	6.727372e+00
6.420000e-06	-1.109543e-02	6.444317e+00
6.430000e-06	-1.043654e-02	6.191155e+00
6.440000e-06	-7.567010e-03	5.938523e+00
6.450000e-06	-6.007304e-03	5.673693e+00
6.460000e-06	-8.247043e-03	5.372155e+00
6.470000e-06	-1.085767e-02	5.064837e+00
6.480000e-06	-8.158584e-03	4.718521e+00
6.490000e-06	-5.862676e-03	4.475816e+00
6.500000e-06	-7.506276e-03	4.191133e+00
6.510000e-06	-1.018722e-02	3.885442e+00
6.520000e-06	-9.522726e-03	3.654788e+00
6.530000e-06	-5.006363e-03	3.349473e+00
6.540000e-06	-5.063728e-03	3.083736e+00
6.550000e-06	-7.929151e-03	2.801630e+00
6.560000e-06	-9.562430e-03	2.497395e+00
6.570000e-06	-6.829859e-03	2.230706e+00
6.580000e-06	-5.619579e-03	1.956971e+00
6.590000e-06	-7.084942e-03	1.621288e+00
6.600000e-06	-8.167053e-03	1.327972e+00
6.610000e-06	-6.681450e-03	1.021734e+00
6.620000e-06	-3.412319e-03	7.254697e-01
6.630000e-06	-3.916783e-03	4.312630e-01
6.640000e-06	-4.626274e-03	1.270747e-01
6.650000e-06	-2.727942e-03	-1.372120e-01
6.660000e-06	1.012584e-02	-4.118723e-01
6.670000e-06	-2.276937e-03	-7.150792e-01
6.680000e-06	3.529772e-03	-9.477120e-01
6.690000e-06	-5.305700e-03	-1.253525e+00
6.700000e-06	2.598222e-03	-1.559168e+00
6.710000e-06	1.912781e-03	-1.811342e+00
6.720000e-06	3.495703e-02	-2.000474e+00
6.730000e-06	1.070450e-01	-2.325657e+00
6.740000e-06	-1.997320e-03	-2.674925e+00
6.750000e-06	-5.482930e-02	-3.136082e+00
6.760000e-06	-1.684153e-02	-3.411320e+00
6.770000e-06	-3.671978e-02	-3.600869e+00
6.780000e-06	-6.641213e-02	-3.892903e+00
6.790000e-06	2.407272e-02	-4.045072e+00
6.800000e-06	1.236428e-01	-4.243998e+00
6.810000e-06	-1.468235e-01	-4.539290e+00
6.820000e-06	1.933480e-01	-4.853952e+00
6.830000e-06	-1.023337e-01	-5.127582e+00
6.840000e-06	1.602687e-02	-5.518111e+00
6.850000e-06	4.789671e-02	-5.698187e+00
6.860000e-06	-1.251837e-01	-6.021371e+00
6.870000e-06	1.781138e-01	-6.298133e+00
6.880000e-06	-1.153373e-01	-6.518238e+00
6.890000e-06	8.395317e-02	-6.845478e+00
6.900000e-06	-2.518944e-02	-7.058182e+00
6.910000e-06	-4.212276e-02	-7.414974e+00
6.920000e-06	9.294846e-02	-7.676025e+00
6.930000e-06	-1.044396e-01	-7.938759e+00
6.940000e-06	1.444316e-01	-8.213395e+00
6.950000e-06	-8.426402e-02	-8.403448e+00
6.960000e-06	6.245276e-02	-8.710212e+00
6.970000e-06	-6.624288e-03	-8.959766e+00
6.980000e-06	-5.277228e-02	-9.172346e+00
6.990000e-06	7.198222e-02	-9.393845e+00
7.000000e-06	-5.711819e-02	-9.644532e+00
7.010000e-06	1.156918e-01	-9.847078e+00
7.020000e-06	-7.306402e-02	-1.009701e+01
7.030000e-06	7.180489e-02	-1.033077e+01
7.040000e-06	-5.306219e-02	-1.055132e+01
7.050000e-06	3.599836e-02	-1.077092e+01
7.060000e-06	-8.098947e-04	-1.093929e+01
7.070000e-06	2.273523e-03	-1.115185e+01
7.080000e-06	3.888843e-02	-1.138342e+01
7.090000e-06	-1.701057e-02	-1.157600e+01
7.100000e-06	4.462120e-02	-1.185642e+01
7.110000e-06	-3.549920e-02	-1.202655e+01
7.120000e-06	4.064776e-02	-1.219305e+01
7.130000e-06	-1.571968e-02	-1.239540e+01
7.140000e-06	4.880446e-02	-1.258387e+01
7.150000e-06	-9.752568e-03	-1.275282e+01
7.160000e-06	1.850106e-02	-1.294131e+01
7.170000e-06	-5.500062e-03	-1.305863e+01
7.180000e-06	1.662864e-02	-1.319658e+01
7.190000e-06	9.940034e-03	-1.340397e+01
7.200000e-06	1.356964e-02	-1.353184e+01
7.210000e-06	2.130497e-02	-1.362773e+01
7.220000e-06	1.359179e-02	-1.384965e+01
7.230000e-06	1.793132e-02	-1.397692e+01
7.240000e-06	-3.010529e-03	-1.414184e+01
7.250000e-06	1.098863e-02	-1.424768e+01
7.260000e-06	8.703628e-03	-1.434234e+01
7.270000e-06	2.831546e-02	-1.446924e+01
7.280000e-06	1.405938e-02	-1.460503e+01
7.290000e-06	2.063897e-02	-1.470235e+01
7.300000e-06	7.822253e-03	-1.477563e+01
7.310000e-06	2.017675e-02	-1.489029e+01
7.320000e-06	1.231888e-02	-1.501540e+01
7.330000e-06	1.787543e-02	-1.510966e+01
7.340000e-06	1.614283e-02	-1.512397e+01
7.350000e-06	2.301911e-02	-1.524705e+01
7.360000e-06	2.149025e-02	-1.525934e+01
7.370000e-06	1.669318e-02	-1.532292e+01
7.380000e-06	1.608101e-02	-1.543600e+01
7.390000e-06	2.054176e-02	-1.546854e+01
7.400000e-06	2.882889e-02	-1.551034e+01
7.410000e-06	2.588527e-02	-1.555397e+01
7.420000e-06	2.604450e-02	-1.554597e+01
7.430000e-06	2.353997e-02	-1.557758e+01
7.440000e-06	2.825046e-02	-1.563558e+01
7.450000e-06	2.746753e-02	-1.565874e+01
7.460000e-06	2.925705e-02	-1.565976e+01
7.470000e-06	3.244863e-02	-1.564721e+01
7.480000e-06	4.152610e-02	-1.565919e+01
7.490000e-06	4.398504e-02	-1.563771e+01
7.500000e-06	4.350230e-02	-1.563814e+01
7.510000e-06	4.562099e-02	-1.560715e+01
7.520000e-06	5.418644e-02	-1.560861e+01
7.530000e-06	6.528057e-02	-1.556493e+01
7.540000e-06	7.835693e-02	-1.551347e+01
7.550000e-06	9.345041e-02	-1.551287e+01
7.560000e-06	1.222414e-01	-1.543974e+01
7.570000e-06	1.665214e-01	-1.540463e+01
7.580000e-06	2.228961e-01	-1.532150e+01
7.590000e-06	2.491927e-01	-1.524992e+01
7.600000e-06	2.500000e-01	-1.522718e+01
7.610000e-06	2.500000e-01	-1.514440e+01
7.620000e-06	2.429934e-01	-1.506919e+01
7.630000e-06	1.827847e-01	-1.499503e+01
7.640000e-06	1.214165e-01	-1.490982e+01
7.650000e-06	8.628307e-02	-1.478613e+01
7.660000e-06	6.514787e-02	-1.471039e+01
7.670000e-06	5.013807e-02	-1.461513e+01
7.680000e-06	3.682257e-02	-1.446992e+01
7.690000e-06	2.947950e-02	-1.442458e+01
7.700000e-06	2.602588e-02	-1.426729e+01
7.710000e-06	2.209790e-02	-1.414085e+01
7.720000e-06	1.631708e-02	-1.400560e+01
7.730000e-06	1.389384e-02	-1.384876e+01
7.740000e-06	1.397808e-02	-1.370039e+01
7.750000e-06	1.509483e-02	-1.354190e+01
7.760000e-06	1.171310e-02	-1.341466e+01
7.770000e-06	8.471683e-03	-1.322724e+01
7.780000e-06	8.131044e-03	-1.308792e+01
7.790000e-06	8.465322e-03	-1.295053e+01
7.800000e-06	6.707373e-03	-1.274355e+01
7.810000e-06	4.865693e-03	-1.259206e+01
7.820000e-06	5.495863e-03	-1.245568e+01
7.830000e-06	5.434336e-03	-1.222576e+01
7.840000e-06	4.950033e-03	-1.207521e+01
7.850000e-06	2.878741e-03	-1.187724e+01
7.860000e-06	2.153464e-03	-1.165781e+01
7.870000e-06	3.053971e-03	-1.139566e+01
7.880000e-06	4.126058e-03	-1.120355e+01
7.890000e-06	2.560252e-03	-1.099158e+01
7.900000e-06	1.468538e-03	-1.079165e+01
7.910000e-06	8.606407e-04	-1.057205e+01
7.920000e-06	1.523854e-03	-1.034052e+01
7.930000e-06	1.136898e-03	-1.012957e+01
7.940000e-06	-8.092440e-04	-9.917418e+00
7.950000e-06	-1.100435e-03	-9.688343e+00
7.960000e-06	1.972111e-04	-9.475691e+00
7.970000e-06	4.179141e-04	-9.224210e+00
7.980000e-06	-2.536901e-03	-9.021100e+00
7.990000e-06	-3.151500e-03	-8.752128e+00
8.000000e-06	-2.058285e-03	-8.510524e+00
8.010000e-06	-6.016615e-04	-8.246893e+00
8.020000e-06	-2.494841e-03	-7.993737e+00
8.030000e-06	-3.200011e-03	-7.729053e+00
8.040000e-06	-3.931105e-03	-7.425864e+00
8.050000e-06	-3.069853e-03	-7.221286e+00
8.060000e-06	-4.543324e-03	-6.948976e+00
8.070000e-06	-4.553957e-03	-6.666839e+00
8.080000e-06	-5.367896e-03	-6.433634e+00
8.090000e-06	-2.596199e-03	-6.149055e+00
8.100000e-06	-4.708057e-03	-5.865343e+00
8.110000e-06	-4.304959e-03	-5.592704e+00
8.120000e-06	-7.459525e-03	-5.336975e+00
8.130000e-06	-6.301303e-03	-4.992133e+00
8.140000e-06	-5.898015e-03	-4.635422e+00
8.150000e-06	-4.690055e-03	-4.442763e+00
8.160000e-06	-6.545230e-03	-4.170055e+00
8.170000e-06	-6.413878e-03	-3.896491e+00
8.180000e-06	-5.894009e-03	-3.590629e+00
8.190000e-06	-6.945406e-03	-3.338000e+00
8.200000e-06	-8.583984e-03	-3.034339e+00
8.210000e-06	-8.573120e-03	-2.747599e+00
8.220000e-06	-6.434586e-03	-2.494817e+00
8.230000e-06	-5.687205e-03	-2.200158e+00
8.240000e-06	-6.877364e-03	-1.895367e+00
8.250000e-06	-8.873487e-03	-1.641192e+00
8.260000e-06	-8.695911e-03	-1.274995e+00
8.270000e-06	-9.394403e-03	-9.381300e-01
8.280000e-06	-8.217284e-03	-6.758432e-01
8.290000e-06	-8.435285e-03	-3.691788e-01
8.300000e-06	-6.598577e-03	-1.358970e-01
8.310000e-06	1.183607e-03	1.477132e-01
8.320000e-06	5.080890e-03	4.724765e-01
8.330000e-06	-4.461900e-03	6.736267e-01
8.340000e-06	3.797122e-04	9.393097e-01
8.350000e-06	-5.825725e-03	1.244578e+00
8.360000e-06	-5.911310e-04	1.538235e+00
8.370000e-06	-1.416677e-03	1.832652e+00
8.380000e-06	2.006647e-02	2.074529e+00
8.390000e-06	7.272290e-02	2.338112e+00
8.400000e-06	4.616963e-02	2.668029e+00
8.410000e-06	-8.108295e-02	3.031921e+00
8.420000e-06	-3.030005e-02	3.266077e+00
8.430000e-06	-3.982813e-02	3.621418e+00
8.440000e-06	-2.693079e-02	3.842946e+00
8.450000e-06	-7.338957e-02	4.032026e+00
8.460000e-06	5.623894e-02	4.296558e+00
8.470000e-06	5.809872e-02	4.592371e+00
8.480000e-06	-9.549463e-02	4.885102e+00
8.490000e-06	1.565503e-01	5.121764e+00
8.500000e-06	-1.170116e-01	5.486580e+00
8.510000e-06	1.042233e-02	5.748716e+00
8.520000e-06	5.750263e-03	6.044029e+00
8.530000e-06	-2.541810e-02	6.275607e+00
8.540000e-06	6.181239e-02	6.541766e+00
8.550000e-06	-7.723288e-02	6.835028e+00
8.560000e-06	3.390730e-02	7.109060e+00
8.570000e-06	-3.880298e-02	7.402818e+00
8.580000e-06	1.365051e-02	7.647054e+00
8.590000e-06	-1.823324e-02	7.949687e+00
8.600000e-06	-1.994063e-02	8.224901e+00
8.610000e-06	4.851528e-02	8.465106e+00
8.620000e-06	-3.392635e-02	8.686108e+00
8.630000e-06	8.472730e-03	8.919112e+00
8.640000e-06	-3.928599e-02	9.151818e+00
8.650000e-06	-1.783328e-02	9.403342e+00
8.660000e-06	1.972422e-02	9.616998e+00
8.670000e-06	-4.001792e-03	9.864103e+00
8.680000e-06	-9.411360e-04	1.009813e+01
8.690000e-06	-3.237443e-02	1.031873e+01
8.700000e-06	1.284583e-02	1.053127e+01
8.710000e-06	-2.194249e-02	1.073129e+01
8.720000e-06	-1.252147e-02	1.094131e+01
8.730000e-06	-2.098461e-02	1.111129e+01
8.740000e-06	-2.170784e-03	1.141339e+01
8.750000e-06	7.233859e-03	1.156440e+01
8.760000e-06	-1.715352e-02	1.180445e+01
8.770000e-06	-2.229569e-02	1.196545e+01
8.780000e-06	-2.128406e-02	1.220392e+01
8.790000e-06	3.595619e-03	1.237332e+01
8.800000e-06	-4.534152e-03	1.255179e+01
8.810000e-06	-1.584316e-02	1.271974e+01
8.820000e-06	-2.197719e-02	1.287971e+01
8.830000e-06	-1.364831e-02	1.304811e+01
8.840000e-06	-7.711724e-03	1.320650e+01
8.850000e-06	-2.079779e-02	1.338237e+01
8.860000e-06	-2.288129e-02	1.353424e+01
8.870000e-06	-1.007411e-02	1.367915e+01
8.880000e-06	-1.749207e-03	1.385548e+01
8.890000e-06	-1.310622e-02	1.395429e+01
8.900000e-06	-3.149504e-02	1.406221e+01
8.910000e-06	-2.501508e-02	1.428710e+01
8.920000e-06	-1.512130e-02	1.440540e+01
8.930000e-06	-7.332906e-03	1.448929e+01
8.940000e-06	-2.256851e-02	1.460550e+01
8.950000e-06	-2.359033e-02	1.470136e+01
8.960000e-06	-1.684084e-02	1.482551e+01
8.970000e-06	-1.555490e-02	1.488921e+01
8.980000e-06	-2.388282e-02	1.502287e+01
8.990000e-06	-3.220060e-02	1.504563e+01
9.000000e-06	-2.084680e-02	1.510284e+01
9.010000e-06	-1.679432e-02	1.514693e+01
9.020000e-06	-1.783871e-02	1.527916e+01
9.030000e-06	-3.410417e-02	1.532929e+01
9.040000e-06	-3.399542e-02	1.538545e+01
9.050000e-06	-2.530665e-02	1.545713e+01
9.060000e-06	-2.272921e-02	1.547866e+01
9.070000e-06	-3.129376e-02	1.554124e+01
9.080000e-06	-3.836269e-02	1.555387e+01
9.090000e-06	-3.113551e-02	1.556343e+01
9.100000e-06	-3.182906e-02	1.557500e+01
9.110000e-06	-3.580165e-02	1.560513e+01
9.120000e-06	-4.784510e-02	1.557563e+01
9.130000e-06	-4.252250e-02	1.562553e+01
9.140000e-06	-3.931625e-02	1.559708e+01
9.150000e-06	-4.241924e-02	1.563616e+01
9.160000e-06	-5.767055e-02	1.559463e+01
9.170000e-06	-6.591321e-02	1.557453e+01
9.180000e-06	-6.496599e-02	1.555298e+01
9.190000e-06	-7.180206e-02	1.555237e+01
9.200000e-06	-8.832171e-02	1.546879e+01
9.210000e-06	-1.143440e-01	1.544862e+01
9.220000e-06	-1.403982e-01	1.543466e+01
9.230000e-06	-1.877104e-01	1.536295e+01
9.240000e-06	-2.408654e-01	1.530976e+01
9.250000e-06	-2.499999e-01	1.522721e+01
9.260000e-06	-2.500000e-01	1.516502e+01
9.270000e-06	-2.499950e-01	1.508136e+01
9.280000e-06	-2.299907e-01	1.499663e+01
9.290000e-06	-1.668457e-01	1.491048e+01
9.300000e-06	-1.209937e-01	1.480718e+01
9.310000e-06	-8.403819e-02	1.470197e+01
9.320000e-06	-6.286577e-02	1.465723e+01
9.330000e-06	-5.023933e-02	1.454293e+01
9.340000e-06	-4.940629e-02	1.441661e+01
9.350000e-06	-3.834449e-02	1.431192e+01
9.360000e-06	-3.111281e-02	1.413508e+01
9.370000e-06	-2.657307e-02	1.407881e+01
9.380000e-06	-3.066901e-02	1.392982e+01
9.390000e-06	-2.723835e-02	1.380303e+01
9.400000e-06	-2.071098e-02	1.359663e+01
9.410000e-06	-1.568974e-02	1.348834e+01
9.420000e-06	-2.133964e-02	1.330902e+01
9.430000e-06	-2.312665e-02	1.315301e+01
9.440000e-06	-2.131146e-02	1.297403e+01
9.450000e-06	-1.540167e-02	1.283771e+01
9.460000e-06	-1.777507e-02	1.267734e+01
9.470000e-06	-1.957454e-02	1.251944e+01
9.480000e-06	-1.780730e-02	1.229998e+01
9.490000e-06	-1.209909e-02	1.215045e+01
9.500000e-06	-1.218908e-02	1.194305e+01
9.510000e-06	-1.591775e-02	1.173208e+01
9.520000e-06	-1.770891e-02	1.151098e+01
9.530000e-06	-1.381908e-02	1.134002e+01
9.540000e-06	-1.131965e-02	1.109095e+01
9.550000e-06	-1.383080e-02	1.086945e+01
9.560000e-06	-1.518769e-02	1.071085e+01
9.570000e-06	-1.349396e-02	1.045845e+01
9.580000e-06	-9.519806e-03	1.025829e+01
9.590000e-06	-9.891128e-03	1.004476e+01
9.600000e-06	-1.238958e-02	9.794107e+00
9.610000e-06	-1.280545e-02	9.582632e+00
9.620000e-06	-1.042907e-02	9.340474e+00
9.630000e-06	-1.002503e-02	9.119475e+00
9.640000e-06	-1.266115e-02	8.858892e+00
9.650000e-06	-1.407840e-02	8.633790e+00
9.660000e-06	-1.132199e-02	8.414683e+00
9.670000e-06	-6.804471e-03	8.150104e+00
9.680000e-06	-8.150308e-03	7.886971e+00
9.690000e-06	-1.049355e-02	7.655362e+00
9.700000e-06	-1.065308e-02	7.332053e+00
9.710000e-06	-8.795425e-03	7.096967e+00
9.720000e-06	-8.991265e-03	6.855265e+00
9.730000e-06	-1.122751e-02	6.590130e+00
9.740000e-06	-1.092777e-02	6.295440e+00
9.750000e-06	-8.322406e-03	6.025863e+00
9.760000e-06	-6.686183e-03	5.822104e+00
9.770000e-06	-8.602440e-03	5.536944e+00
9.780000e-06	-1.041823e-02	5.244236e+00
9.790000e-06	-8.784585e-03	4.917390e+00
9.800000e-06	-6.171690e-03	4.610605e+00
9.810000e-06	-7.756215e-03	4.359570e+00
9.820000e-06	-8.998701e-03	4.023365e+00
9.830000e-06	-8.831955e-03	3.759101e+00
9.840000e-06	-6.252918e-03	3.504917e+00
9.850000e-06	-6.787509e-03	3.159203e+00
9.860000e-06	-8.400201e-03	2.927972e+00
9.870000e-06	-8.942374e-03	2.642863e+00
9.880000e-06	-6.613548e-03	2.338447e+00
9.890000e-06	-5.275547e-03	2.052838e+00
9.900000e-06	-6.601734e-03	1.808187e+00
9.910000e-06	-7.407418e-03	1.504843e+00
9.920000e-06	-6.978899e-03	1.148154e+00
9.930000e-06	-5.454262e-03	8.022582e-01
9.940000e-06	-4.733070e-03	5.580750e-01
9.950000e-06	-6.029326e-03	2.743884e-01
9.960000e-06	-4.031892e-03	-5.237218e-02
9.970000e-06	5.026636e-03	-2.845091e-01
9.980000e-06	5.645558e-03	-5.557133e-01
9.990000e-06	-1.635749e-03	-8.434977e-01
1.000000e-05	1.212646e-03	-1.085132e+00
1.001000e-05	-1.524285e-03	-1.443340e+00
1.002000e-05	1.365760e-03	-1.626130e+00
1.003000e-05	1.340783e-02	-1.916211e+00
1.004000e-05	6.845171e-02	-2.099158e+00
1.005000e-05	9.185644e-02	-2.485603e+00
1.006000e-05	-8.039017e-02	-2.897549e+00
1.007000e-05	-6.186857e-03	-3.274501e+00
1.008000e-05	-4.915201e-02	-3.506659e+00
1.009000e-05	-2.810286e-02	-3.698188e+00
1.010000e-05	-7.748839e-02	-3.970446e+00
1.011000e-05	1.674540e-01	-4.138736e+00
1.012000e-05	-8.078995e-02	-4.411341e+00
1.013000e-05	2.894391e-02	-4.759213e+00
1.014000e-05	1.061400e-01	-4.950716e+00
1.015000e-05	-1.555494e-01	-5.317536e+00
1.016000e-05	1.595973e-01	-5.612029e+00
1.017000e-05	-1.556083e-01	-5.865533e+00
1.018000e-05	9.502791e-02	-6.162238e+00
1.019000e-05	3.966882e-02	-6.392275e+00
1.020000e-05	-6.948491e-02	-6.707662e+00
1.021000e-05	1.138672e-01	-6.990817e+00
1.022000e-05	-1.337078e-01	-7.236159e+00
1.023000e-05	1.111480e-01	-7.551265e+00
1.024000e-05	-6.300699e-02	-7.794196e+00
1.025000e-05	4.006723e-02	-8.107633e+00
1.026000e-05	5.664229e-02	-8.266682e+00
1.027000e-05	-7.512103e-02	-8.574338e+00
1.028000e-05	1.131140e-01	-8.885925e+00
1.029000e-05	-1.197492e-01	-9.085082e+00
1.030000e-05	8.246629e-02	-9.287610e+00
1.031000e-05	-4.524771e-02	-9.499639e+00
1.032000e-05	6.620772e-02	-9.761867e+00
1.033000e-05	1.351698e-02	-9.950242e+00
1.034000e-05	-1.733262e-02	-1.020637e+01
1.035000e-05	4.006361e-02	-1.045755e+01
1.036000e-05	-5.329271e-02	-1.066613e+01
1.037000e-05	6.979786e-02	-1.083558e+01
1.038000e-05	-5.123620e-02	-1.107658e+01
1.039000e-05	6.699587e-02	-1.128918e+01
1.040000e-05	-2.735881e-02	-1.147015e+01
1.041000e-05	4.485849e-02	-1.172219e+01
1.042000e-05	-1.845509e-02	-1.191077e+01
1.043000e-05	1.288027e-02	-1.215174e+01
1.044000e-05	7.603715e-03	-1.227971e+01
1.045000e-05	1.858336e-02	-1.244971e+01
1.046000e-05	2.904408e-02	-1.266708e+01
1.047000e-05	-5.862631e-03	-1.283663e+01
1.048000e-05	1.728575e-02	-1.302342e+01
1.049000e-05	-7.674303e-03	-1.315492e+01
1.050000e-05	2.609716e-02	-1.331122e+01
1.051000e-05	-2.382403e-03	-1.349073e+01
1.052000e-05	2.888747e-02	-1.362548e+01
1.053000e-05	8.375415e-03	-1.377490e+01
1.054000e-05	2.786723e-02	-1.391289e+01
1.055000e-05	4.125281e-04	-1.403756e+01
1.056000e-05	1.020304e-02	-1.419450e+01
1.057000e-05	2.498172e-03	-1.430126e+01
1.058000e-05	2.315340e-02	-1.443814e+01
1.059000e-05	1.790178e-02	-1.457292e+01
1.060000e-05	1.846196e-02	-1.466824e+01
1.061000e-05	1.302724e-02	-1.475195e+01
1.062000e-05	1.441667e-02	-1.486963e+01
1.063000e-05	2.003354e-02	-1.493439e+01
1.064000e-05	1.288639e-02	-1.505816e+01
1.065000e-05	1.948209e-02	-1.511129e+01
1.066000e-05	1.659148e-02	-1.518442e+01
1.067000e-05	2.711331e-02	-1.525813e+01
1.068000e-05	1.502631e-02	-1.529189e+01
1.069000e-05	1.801346e-02	-1.540445e+01
1.070000e-05	1.467397e-02	-1.543816e+01
1.071000e-05	2.710167e-02	-1.549321e+01
1.072000e-05	2.741366e-02	-1.549294e+01
1.073000e-05	2.716839e-02	-1.554400e+01
1.074000e-05	2.432962e-02	-1.557758e+01
1.075000e-05	2.605223e-02	-1.559758e+01
1.076000e-05	2.923983e-02	-1.563729e+01
1.077000e-05	2.846298e-02	-1.565016e+01
1.078000e-05	3.095879e-02	-1.561779e+01
1.079000e-05	3.633415e-02	-1.570016e+01
1.080000e-05	4.379283e-02	-1.564874e+01
1.081000e-05	4.513008e-02	-1.566919e+01
1.082000e-05	4.405753e-02	-1.558814e+01
1.083000e-05	4.882394e-02	-1.561765e+01
1.084000e-05	6.015273e-02	-1.555611e+01
1.085000e-05	7.213590e-02	-1.554337e+01
1.086000e-05	8.532361e-02	-1.552190e+01
1.087000e-05	1.064581e-01	-1.550076e+01
1.088000e-05	1.430506e-01	-1.540716e+01
1.089000e-05	1.967939e-01	-1.539363e+01
1.090000e-05	2.444449e-01	-1.529248e+01
1.091000e-05	2.500000e-01	-1.524926e+01
1.092000e-05	2.500000e-01	-1.516568e+01
1.093000e-05	2.496600e-01	-1.509132e+01
1.094000e-05	2.191468e-01	-1.503461e+01
1.095000e-05	1.475614e-01	-1.494045e+01
1.096000e-05	1.005270e-01	-1.482724e+01
1.097000e-05	7.297127e-02	-1.476500e+01
1.098000e-05	5.702761e-02	-1.466829e+01
1.099000e-05	4.204492e-02	-1.456200e+01
1.100000e-05	3.226976e-02	-1.440616e+01
1.101000e-05	2.726651e-02	-1.431892e+01
1.102000e-05	2.497508e-02	-1.421258e+01
1.103000e-05	1.988638e-02	-1.403721e+01
1.104000e-05	1.474402e-02	-1.391939e+01
1.105000e-05	1.279348e-02	-1.374503e+01
1.106000e-05	1.489659e-02	-1.363716e+01
1.107000e-05	1.358941e-02	-1.343929e+01
1.108000e-05	1.007947e-02	-1.334895e+01
1.109000e-05	7.493134e-03	-1.315405e+01
1.110000e-05	8.301832e-03	-1.297366e+01
1.111000e-05	8.779528e-03	-1.282779e+01
1.112000e-05	6.889493e-03	-1.269834e+01
1.113000e-05	4.883756e-03	-1.249890e+01
1.114000e-05	4.775166e-03	-1.230203e+01
1.115000e-05	5.679269e-03	-1.213211e+01
1.116000e-05	3.915667e-03	-1.196248e+01
1.117000e-05	2.009590e-03	-1.172203e+01
1.118000e-05	5.596075e-04	-1.153042e+01
1.119000e-05	2.971727e-03	-1.124729e+01
1.120000e-05	5.297772e-03	-1.103689e+01
1.121000e-05	2.333168e-03	-1.086728e+01
1.122000e-05	-5.488188e-04	-1.065332e+01
1.123000e-05	5.536012e-04	-1.046592e+01
1.124000e-05	1.873645e-03	-1.026576e+01
1.125000e-05	5.095532e-05	-1.003621e+01
1.126000e-05	-1.702893e-03	-9.782683e+00
1.127000e-05	-1.777402e-03	-9.563207e+00
1.128000e-05	1.085685e-03	-9.350050e+00
1.129000e-05	7.165069e-05	-9.078347e+00
1.130000e-05	-1.747810e-03	-8.876892e+00
1.131000e-05	-3.674919e-03	-8.643732e+00
1.132000e-05	-2.372343e-03	-8.394134e+00
1.133000e-05	-4.783165e-05	-8.130100e+00
1.134000e-05	-2.175132e-03	-7.915418e+00
1.135000e-05	-5.201627e-03	-7.593585e+00
1.136000e-05	-3.909291e-03	-7.328447e+00
1.137000e-05	-3.707610e-03	-7.075396e+00
1.138000e-05	-3.481521e-03	-6.791754e+00
1.139000e-05	-5.565079e-03	-6.539525e+00
1.140000e-05	-4.634643e-03	-6.267340e+00
1.141000e-05	-3.897711e-03	-6.001629e+00
1.142000e-05	-3.946363e-03	-5.739475e+00
1.143000e-05	-4.749563e-03	-5.493287e+00
1.144000e-05	-7.432029e-03	-5.199050e+00
1.145000e-05	-5.653862e-03	-4.814762e+00
1.146000e-05	-4.341884e-03	-4.557421e+00
1.147000e-05	-6.180582e-03	-4.296467e+00
1.148000e-05	-7.125452e-03	-4.023792e+00
1.149000e-05	-7.500386e-03	-3.738504e+00
1.150000e-05	-5.537100e-03	-3.484313e+00
1.151000e-05	-7.689319e-03	-3.190638e+00
1.152000e-05	-6.779613e-03	-2.903297e+00
1.153000e-05	-7.976763e-03	-2.601706e+00
1.154000e-05	-5.095155e-03	-2.306950e+00
1.155000e-05	-6.783503e-03	-2.020784e+00
1.156000e-05	-7.262053e-03	-1.756955e+00
1.157000e-05	-9.753908e-03	-1.403862e+00
1.158000e-05	-9.197910e-03	-1.106076e+00
1.159000e-05	-8.546931e-03	-8.532393e-01
1.160000e-05	-7.528850e-03	-5.660522e-01
1.161000e-05	-7.592719e-03	-2.717631e-01
1.162000e-05	-4.930696e-03	7.081499e-02
1.163000e-05	7.963218e-03	3.282368e-01
1.164000e-05	-3.295613e-03	6.002386e-01
1.165000e-05	1.288320e-03	8.529475e-01
1.166000e-05	-5.358617e-03	1.119163e+00
1.167000e-05	-1.845510e-03	1.451821e+00
1.168000e-05	-4.121502e-03	1.728118e+00
1.169000e-05	9.665918e-03	1.979768e+00
1.170000e-05	3.865593e-02	2.213892e+00
1.171000e-05	9.270855e-02	2.508629e+00
1.172000e-05	-4.779060e-02	2.894551e+00
1.173000e-05	-4.878711e-02	3.168265e+00
1.174000e-05	-4.007668e-02	3.455875e+00
1.175000e-05	-2.196880e-02	3.737163e+00
1.176000e-05	-6.442235e-02	3.980296e+00
1.177000e-05	-2.159049e-02	4.168787e+00
1.178000e-05	1.088617e-01	4.445527e+00
1.179000e-05	-7.534345e-02	4.759738e+00
1.180000e-05	5.692733e-02	4.991361e+00
1.181000e-05	4.274323e-02	5.338285e+00
1.182000e-05	-1.161307e-01	5.611874e+00
1.183000e-05	7.132201e-02	5.919133e+00
1.184000e-05	-6.194641e-02	6.180865e+00
1.185000e-05	5.834165e-02	6.424551e+00
1.186000e-05	-2.274134e-02	6.728211e+00
1.187000e-05	-3.481847e-02	6.990720e+00
1.188000e-05	2.440648e-02	7.253004e+00
1.189000e-05	-4.822878e-02	7.539693e+00
1.190000e-05	3.797520e-02	7.804815e+00
1.191000e-05	-6.335893e-02	8.158614e+00
1.192000e-05	4.966941e-02	8.339336e+00
1.193000e-05	-3.547050e-03	8.580793e+00
1.194000e-05	-2.159335e-02	8.772914e+00
1.195000e-05	3.724785e-03	9.046400e+00
1.196000e-05	-6.386333e-02	9.276629e+00
1.197000e-05	3.501721e-02	9.528610e+00
1.198000e-05	-1.868646e-02	9.751809e+00
1.199000e-05	2.533487e-02	9.973395e+00
1.200000e-05	-4.003658e-02	1.022442e+01
1.201000e-05	4.310350e-03	1.043595e+01
1.202000e-05	-7.889808e-03	1.063503e+01
1.203000e-05	-2.337602e-02	1.086553e+01
1.204000e-05	-1.245754e-02	1.103701e+01
1.205000e-05	-2.698222e-02	1.129813e+01
1.206000e-05	2.089321e-02	1.150119e+01
1.207000e-05	-1.563076e-02	1.172968e+01
1.208000e-05	-5.391599e-03	1.188916e+01
1.209000e-05	-3.554875e-02	1.212119e+01
1.210000e-05	2.698924e-03	1.226711e+01
1.211000e-05	-7.776854e-03	1.245571e+01
1.212000e-05	-7.189354e-03	1.265653e+01
1.213000e-05	-2.438140e-02	1.284450e+01
1.214000e-05	-1.940643e-02	1.299390e+01
1.215000e-05	-4.255449e-03	1.313382e+01
1.216000e-05	-1.753092e-02	1.331019e+01
1.217000e-05	-1.716181e-02	1.342803e+01
1.218000e-05	-2.234546e-02	1.359393e+01
1.219000e-05	2.310086e-03	1.378137e+01
1.220000e-05	-1.143539e-02	1.388976e+01
1.221000e-05	-2.008410e-02	1.402760e+01
1.222000e-05	-3.425658e-02	1.421652e+01
1.223000e-05	-1.849592e-02	1.435334e+01
1.224000e-05	-9.052394e-03	1.444909e+01
1.225000e-05	-1.640001e-02	1.455340e+01
1.226000e-05	-2.279833e-02	1.467768e+01
1.227000e-05	-2.277697e-02	1.474345e+01
1.228000e-05	-1.050969e-02	1.481718e+01
1.229000e-05	-2.240318e-02	1.490136e+01
1.230000e-05	-2.658206e-02	1.500553e+01
1.231000e-05	-3.088785e-02	1.509776e+01
1.232000e-05	-1.610119e-02	1.514487e+01
1.233000e-05	-1.719937e-02	1.523753e+01
1.234000e-05	-2.668744e-02	1.525979e+01
1.235000e-05	-3.610262e-02	1.536172e+01
1.236000e-05	-3.137224e-02	1.543603e+01
1.237000e-05	-2.014620e-02	1.546813e+01
1.238000e-05	-2.768158e-02	1.547022e+01
1.239000e-05	-3.401117e-02	1.555382e+01
1.240000e-05	-3.647218e-02	1.557340e+01
1.241000e-05	-2.830048e-02	1.555553e+01
1.242000e-05	-3.274978e-02	1.559495e+01
1.243000e-05	-4.333822e-02	1.561553e+01
1.244000e-05	-4.707610e-02	1.560813e+01
1.245000e-05	-4.262410e-02	1.561655e+01
1.246000e-05	-3.791497e-02	1.566511e+01
1.247000e-05	-5.037616e-02	1.556663e+01
1.248000e-05	-6.070304e-02	1.559505e+01
1.249000e-05	-6.629977e-02	1.557438e+01
1.250000e-05	-6.635119e-02	1.552183e+01
1.251000e-05	-8.014972e-02	1.549132e+01
1.252000e-05	-1.039932e-01	1.546871e+01
1.253000e-05	-1.285321e-01	1.541711e+01
1.254000e-05	-1.630401e-01	1.541400e+01
1.255000e-05	-2.155841e-01	1.533094e+01
1.256000e-05	-2.489941e-01	1.526669e+01
1.257000e-05	-2.500000e-01	1.517556e+01
1.258000e-05	-2.500000e-01	1.510298e+01
1.259000e-05	-2.458320e-01	1.502974e+01
1.260000e-05	-1.969028e-01	1.497508e+01
1.261000e-05	-1.413148e-01	1.488881e+01
1.262000e-05	-1.009962e-01	1.477450e+01
1.263000e-05	-7.095223e-02	1.465979e+01
1.264000e-05	-5.438140e-02	1.455257e+01
1.265000e-05	-4.904422e-02	1.449826e+01
1.266000e-05	-4.302307e-02	1.434408e+01
1.267000e-05	-3.529125e-02	1.423818e+01
1.268000e-05	-2.736400e-02	1.407990e+01
1.269000e-05	-2.997143e-02	1.396653e+01
1.270000e-05	-3.018981e-02	1.383468e+01
1.271000e-05	-2.514541e-02	1.369884e+01
1.272000e-05	-1.773569e-02	1.349302e+01
1.273000e-05	-1.676130e-02	1.337250e+01
1.274000e-05	-2.189524e-02	1.325578e+01
1.275000e-05	-2.109513e-02	1.302779e+01
1.276000e-05	-1.771988e-02	1.290045e+01
1.277000e-05	-1.511926e-02	1.275155e+01
1.278000e-05	-1.812752e-02	1.256108e+01
1.279000e-05	-2.062243e-02	1.237461e+01
1.280000e-05	-1.586509e-02	1.223473e+01
1.281000e-05	-1.119638e-02	1.206679e+01
1.282000e-05	-1.286741e-02	1.181631e+01
1.283000e-05	-1.795433e-02	1.161524e+01
1.284000e-05	-1.568975e-02	1.143466e+01
1.285000e-05	-1.126187e-02	1.120368e+01
1.286000e-05	-1.121066e-02	1.102216e+01
1.287000e-05	-1.501234e-02	1.083571e+01
1.288000e-05	-1.586540e-02	1.061303e+01
1.289000e-05	-1.139257e-02	1.037508e+01
1.290000e-05	-9.794525e-03	1.014202e+01
1.291000e-05	-1.162193e-02	9.901499e+00
1.292000e-05	-1.422311e-02	9.657894e+00
1.293000e-05	-1.132493e-02	9.464766e+00
1.294000e-05	-8.230673e-03	9.223808e+00
1.295000e-05	-9.143304e-03	8.981610e+00
1.296000e-05	-1.310475e-02	8.812003e+00
1.297000e-05	-1.302544e-02	8.549374e+00
1.298000e-05	-8.631223e-03	8.284792e+00
1.299000e-05	-7.679689e-03	8.015184e+00
1.300000e-05	-1.092849e-02	7.760576e+00
1.301000e-05	-1.162559e-02	7.506400e+00
1.302000e-05	-9.278085e-03	7.214235e+00
1.303000e-05	-6.740327e-03	6.961977e+00
1.304000e-05	-8.939328e-03	6.727975e+00
1.305000e-05	-1.266270e-02	6.394242e+00
1.306000e-05	-1.010626e-02	6.161129e+00
1.307000e-05	-6.840385e-03	5.926499e+00
1.308000e-05	-6.946084e-03	5.634212e+00
1.309000e-05	-9.739672e-03	5.399578e+00
1.310000e-05	-1.082712e-02	5.042286e+00
1.311000e-05	-6.573324e-03	4.727015e+00
1.312000e-05	-5.902354e-03	4.464817e+00
1.313000e-05	-6.816847e-03	4.169133e+00
1.314000e-05	-9.681667e-03	3.904416e+00
1.315000e-05	-7.603042e-03	3.621834e+00
1.316000e-05	-5.774509e-03	3.366977e+00
1.317000e-05	-6.803554e-03	3.023319e+00
1.318000e-05	-9.948016e-03	2.751028e+00
1.319000e-05	-8.397118e-03	2.485920e+00
1.320000e-05	-5.826869e-03	2.169605e+00
1.321000e-05	-5.172460e-03	1.926920e+00
1.322000e-05	-7.119515e-03	1.613258e+00
1.323000e-05	-7.444875e-03	1.326420e+00
1.324000e-05	-5.606624e-03	1.010838e+00
1.325000e-05	-4.291575e-03	6.758157e-01
1.326000e-05	-5.595543e-03	3.901565e-01
1.327000e-05	-5.881104e-03	1.360222e-01
1.328000e-05	-8.862794e-04	-1.587168e-01
1.329000e-05	1.064303e-02	-3.804475e-01
1.330000e-05	-2.937824e-03	-7.585593e-01
1.331000e-05	2.816282e-03	-9.693159e-01
1.332000e-05	-4.661897e-03	-1.304525e+00
1.333000e-05	3.723176e-03	-1.619192e+00
1.334000e-05	3.789336e-03	-1.790397e+00
1.335000e-05	3.631279e-02	-2.011950e+00
1.336000e-05	1.088527e-01	-2.316658e+00
1.337000e-05	-1.448449e-02	-2.697029e+00
1.338000e-05	-4.802495e-02	-3.088084e+00
1.339000e-05	-2.106768e-02	-3.392449e+00
1.340000e-05	-3.388309e-02	-3.620820e+00
1.341000e-05	-7.098448e-02	-3.916428e+00
1.342000e-05	4.340093e-02	-4.075030e+00
1.343000e-05	1.083313e-01	-4.245027e+00
1.344000e-05	-1.399256e-01	-4.570742e+00
1.345000e-05	1.936134e-01	-4.875504e+00
1.346000e-05	-1.244190e-01	-5.159113e+00
1.347000e-05	3.937373e-02	-5.527637e+00
1.348000e-05	2.502316e-02	-5.696713e+00
1.349000e-05	-1.108355e-01	-6.054449e+00
1.350000e-05	1.746874e-01	-6.296136e+00
1.351000e-05	-1.215207e-01	-6.570691e+00
1.352000e-05	9.784516e-02	-6.864554e+00
1.353000e-05	-4.435519e-02	-7.139637e+00
1.354000e-05	-2.458264e-02	-7.423425e+00
1.355000e-05	8.041834e-02	-7.657028e+00
1.356000e-05	-9.774352e-02	-7.941790e+00
1.357000e-05	1.450998e-01	-8.202925e+00
1.358000e-05	-9.561177e-02	-8.425522e+00
1.359000e-05	7.825076e-02	-8.738786e+00
1.360000e-05	-2.289466e-02	-8.959790e+00
1.361000e-05	-3.851950e-02	-9.153470e+00
1.362000e-05	6.054759e-02	-9.404245e+00
1.363000e-05	-4.915596e-02	-9.686578e+00
1.364000e-05	1.120919e-01	-9.878059e+00
1.365000e-05	-7.508088e-02	-1.009914e+01
1.366000e-05	7.511187e-02	-1.032087e+01
1.367000e-05	-6.108862e-02	-1.056184e+01
1.368000e-05	4.541234e-02	-1.078187e+01
1.369000e-05	-9.780852e-03	-1.093279e+01
1.370000e-05	8.331613e-03	-1.118395e+01
1.371000e-05	3.163427e-02	-1.139297e+01
1.372000e-05	-1.047870e-02	-1.164803e+01
1.373000e-05	4.211452e-02	-1.181598e+01
1.374000e-05	-3.281478e-02	-1.204753e+01
1.375000e-05	3.789450e-02	-1.224503e+01
1.376000e-05	-1.391757e-02	-1.241645e+01
1.377000e-05	4.636519e-02	-1.261295e+01
1.378000e-05	-1.254505e-02	-1.276385e+01
1.379000e-05	1.737624e-02	-1.295229e+01
1.380000e-05	-7.015925e-03	-1.308874e+01
1.381000e-05	1.956090e-02	-1.323910e+01
1.382000e-05	9.737668e-03	-1.340450e+01
1.383000e-05	1.615184e-02	-1.357432e+01
1.384000e-05	1.941564e-02	-1.369019e+01
1.385000e-05	1.640457e-02	-1.388008e+01
1.386000e-05	1.601986e-02	-1.398455e+01
1.387000e-05	-1.932837e-03	-1.415125e+01
1.388000e-05	8.796925e-03	-1.427864e+01
1.389000e-05	1.001194e-02	-1.439452e+01
1.390000e-05	2.786537e-02	-1.448924e+01
1.391000e-05	1.447826e-02	-1.463451e+01
1.392000e-05	2.047303e-02	-1.474077e+01
1.393000e-05	9.247624e-03	-1.481645e+01
1.394000e-05	2.201332e-02	-1.491132e+01
1.395000e-05	1.122293e-02	-1.501695e+01
1.396000e-05	1.710239e-02	-1.511972e+01
1.397000e-05	1.393241e-02	-1.516287e+01
1.398000e-05	2.327286e-02	-1.526756e+01
1.399000e-05	2.050966e-02	-1.526874e+01
1.400000e-05	1.729372e-02	-1.536447e+01
1.401000e-05	1.701713e-02	-1.543653e+01
1.402000e-05	2.214789e-02	-1.543916e+01
1.403000e-05	2.994056e-02	-1.552227e+01
1.404000e-05	2.583773e-02	-1.552350e+01
1.405000e-05	2.483271e-02	-1.556610e+01
1.406000e-05	2.268855e-02	-1.559558e+01
1.407000e-05	2.895736e-02	-1.564763e+01
1.408000e-05	2.764284e-02	-1.567876e+01
1.409000e-05	3.010669e-02	-1.566026e+01
1.410000e-05	3.274043e-02	-1.566776e+01
1.411000e-05	4.186169e-02	-1.565969e+01
1.412000e-05	4.516000e-02	-1.563926e+01
1.413000e-05	4.507138e-02	-1.563819e+01
1.414000e-05	4.520675e-02	-1.561763e+01
1.415000e-05	5.447661e-02	-1.558708e+01
1.416000e-05	6.631096e-02	-1.553546e+01
1.417000e-05	7.884908e-02	-1.554147e+01
1.418000e-05	9.399676e-02	-1.550024e+01
1.419000e-05	1.225961e-01	-1.547873e+01
1.420000e-05	1.698486e-01	-1.539408e+01
1.421000e-05	2.264855e-01	-1.536207e+01
1.422000e-05	2.492980e-01	-1.527678e+01
1.423000e-05	2.500000e-01	-1.517763e+01
1.424000e-05	2.500000e-01	-1.514290e+01
1.425000e-05	2.412498e-01	-1.503824e+01
1.426000e-05	1.793054e-01	-1.498253e+01
1.427000e-05	1.178923e-01	-1.486929e+01
1.428000e-05	8.426698e-02	-1.479511e+01
1.429000e-05	6.489041e-02	-1.468120e+01
1.430000e-05	4.981057e-02	-1.463565e+01
1.431000e-05	3.667306e-02	-1.447892e+01
1.432000e-05	2.911605e-02	-1.438260e+01
1.433000e-05	2.560287e-02	-1.425766e+01
1.434000e-05	2.200090e-02	-1.410135e+01
1.435000e-05	1.595475e-02	-1.396558e+01
1.436000e-05	1.325140e-02	-1.382666e+01
1.437000e-05	1.405240e-02	-1.367752e+01
1.438000e-05	1.552360e-02	-1.355092e+01
1.439000e-05	1.197784e-02	-1.339310e+01
1.440000e-05	7.319391e-03	-1.318576e+01
1.441000e-05	6.657593e-03	-1.306787e+01
1.442000e-05	8.910265e-03	-1.289045e+01
1.443000e-05	8.142407e-03	-1.276298e+01
1.444000e-05	4.490764e-03	-1.262361e+01
1.445000e-05	4.509814e-03	-1.241468e+01
1.446000e-05	5.934107e-03	-1.222584e+01
1.447000e-05	6.581209e-03	-1.204474e+01
1.448000e-05	2.076458e-03	-1.184724e+01
1.449000e-05	5.948913e-04	-1.162766e+01
1.450000e-05	1.986009e-03	-1.138368e+01
1.451000e-05	4.580422e-03	-1.116210e+01
1.452000e-05	3.973239e-03	-1.095258e+01
1.453000e-05	7.959399e-04	-1.075150e+01
1.454000e-05	-9.555036e-05	-1.055053e+01
1.455000e-05	1.234559e-03	-1.035953e+01
1.456000e-05	1.745687e-03	-1.012045e+01
1.457000e-05	-4.280010e-04	-9.896395e+00
1.458000e-05	-1.895689e-03	-9.686944e+00
1.459000e-05	-7.553971e-04	-9.425893e+00
1.460000e-05	1.596866e-03	-9.185185e+00
1.461000e-05	-1.234180e-03	-9.001127e+00
1.462000e-05	-4.028578e-03	-8.690050e+00
1.463000e-05	-3.564409e-03	-8.486925e+00
1.464000e-05	-7.457473e-04	-8.234865e+00
1.465000e-05	-8.971895e-04	-7.992682e+00
1.466000e-05	-3.316542e-03	-7.749027e+00
1.467000e-05	-4.859603e-03	-7.414789e+00
1.468000e-05	-3.052923e-03	-7.190761e+00
1.469000e-05	-2.866621e-03	-6.948525e+00
1.470000e-05	-5.095147e-03	-6.664338e+00
1.471000e-05	-5.961183e-03	-6.392285e+00
1.472000e-05	-2.960437e-03	-6.169400e+00
1.473000e-05	-5.976754e-03	-5.844811e+00
1.474000e-05	-1.739048e-03	-5.564155e+00
1.475000e-05	-8.559276e-03	-5.295796e+00
1.476000e-05	-3.984778e-03	-4.990630e+00
1.477000e-05	-3.909419e-03	-4.656291e+00
1.478000e-05	-6.426531e-03	-4.383161e+00
1.479000e-05	-3.644484e-03	-4.199028e+00
1.480000e-05	-1.109686e-02	-3.855440e+00
1.481000e-05	-3.964867e-03	-3.571657e+00
1.482000e-05	-8.499303e-03	-3.307547e+00
1.483000e-05	-7.684171e-03	-3.033763e+00
1.484000e-05	-6.565537e-03	-2.718850e+00
1.485000e-05	-7.630741e-03	-2.465863e+00
1.486000e-05	-5.328423e-03	-2.160628e+00
1.487000e-05	-7.290739e-03	-1.864341e+00
1.488000e-05	-9.148973e-03	-1.599660e+00
1.489000e-05	-7.937621e-03	-1.252867e+00
1.490000e-05	-1.013224e-02	-9.380788e-01
1.491000e-05	-7.192288e-03	-6.928695e-01
1.492000e-05	-9.215543e-03	-3.780776e-01
1.493000e-05	-6.874536e-03	-1.269221e-01
1.494000e-05	1.088379e-03	2.087434e-01
1.495000e-05	4.241805e-03	4.840278e-01
1.496000e-05	-2.006791e-03	7.355830e-01
1.497000e-05	9.795426e-04	9.483672e-01
1.498000e-05	-5.035706e-03	1.284104e+00
1.499000e-05	-1.670393e-03	1.588890e+00
1.500000e-05	-1.988447e-03	1.884101e+00
1.501000e-05	2.131685e-02	2.054529e+00
1.502000e-05	7.506525e-02	2.348286e+00
1.503000e-05	3.732650e-02	2.706131e+00
1.504000e-05	-8.037814e-02	3.012446e+00
1.505000e-05	-2.916989e-02	3.296133e+00
1.506000e-05	-3.759362e-02	3.611421e+00
1.507000e-05	-2.976010e-02	3.843003e+00
1.508000e-05	-7.130610e-02	4.052953e+00
1.509000e-05	6.343977e-02	4.307164e+00
1.510000e-05	4.636078e-02	4.632894e+00
1.511000e-05	-8.828411e-02	4.863583e+00
1.512000e-05	1.555282e-01	5.191317e+00
1.513000e-05	-1.290186e-01	5.529084e+00
1.514000e-05	2.451335e-02	5.749788e+00
1.515000e-05	-3.898445e-03	6.046052e+00
1.516000e-05	-1.655359e-02	6.287207e+00
1.517000e-05	5.711516e-02	6.561345e+00
1.518000e-05	-7.867938e-02	6.836079e+00
1.519000e-05	3.717981e-02	7.087707e+00
1.520000e-05	-4.601032e-02	7.403794e+00
1.521000e-05	1.984735e-02	7.696582e+00
1.522000e-05	-2.604914e-02	7.962792e+00
1.523000e-05	-1.042889e-02	8.265102e+00
1.524000e-05	4.513966e-02	8.465080e+00
1.525000e-05	-3.465885e-02	8.657612e+00
1.526000e-05	1.069309e-02	8.910658e+00
1.527000e-05	-4.436884e-02	9.191367e+00
1.528000e-05	-1.213752e-02	9.425368e+00
1.529000e-05	1.287524e-02	9.634003e+00
1.530000e-05	-1.691419e-03	9.865681e+00
1.531000e-05	-5.554667e-03	1.011721e+01
1.532000e-05	-2.729795e-02	1.032969e+01
1.533000e-05	1.098334e-02	1.055031e+01
1.534000e-05	-2.259331e-02	1.075037e+01
1.535000e-05	-1.099950e-02	1.096180e+01
1.536000e-05	-2.136047e-02	1.115132e+01
1.537000e-05	-6.409186e-04	1.139587e+01
1.538000e-05	3.608190e-03	1.158487e+01
1.539000e-05	-1.678607e-02	1.182347e+01
1.540000e-05	-2.303702e-02	1.203447e+01
1.541000e-05	-1.783523e-02	1.220485e+01
1.542000e-05	1.700319e-03	1.240342e+01
1.543000e-05	-4.167299e-03	1.256279e+01
1.544000e-05	-1.666014e-02	1.275221e+01
1.545000e-05	-2.180891e-02	1.293966e+01
1.546000e-05	-1.305552e-02	1.306708e+01
1.547000e-05	-9.050231e-03	1.319756e+01
1.548000e-05	-1.991515e-02	1.340447e+01
1.549000e-05	-2.341331e-02	1.352077e+01
1.550000e-05	-8.374061e-03	1.366858e+01
1.551000e-05	-4.320714e-03	1.388605e+01
1.552000e-05	-1.194158e-02	1.396225e+01
1.553000e-05	-3.187384e-02	1.417227e+01
1.554000e-05	-2.321668e-02	1.430708e+01
1.555000e-05	-1.470925e-02	1.437400e+01
1.556000e-05	-8.810343e-03	1.454924e+01
1.557000e-05	-2.301226e-02	1.460550e+01
1.558000e-05	-2.436223e-02	1.475077e+01
1.559000e-05	-1.687468e-02	1.477560e+01
1.560000e-05	-1.593960e-02	1.486974e+01
1.561000e-05	-2.198685e-02	1.496340e+01
1.562000e-05	-3.143049e-02	1.506619e+01
1.563000e-05	-2.124676e-02	1.512436e+01
1.564000e-05	-1.858843e-02	1.516597e+01
1.565000e-05	-1.911708e-02	1.524866e+01
1.566000e-05	-3.555334e-02	1.534239e+01
1.567000e-05	-3.414907e-02	1.537350e+01
1.568000e-05	-2.571040e-02	1.544756e+01
1.569000e-05	-2.247237e-02	1.552014e+01
1.570000e-05	-3.135857e-02	1.552227e+01
1.571000e-05	-3.692465e-02	1.555182e+01
1.572000e-05	-3.058049e-02	1.556442e+01
1.573000e-05	-3.122599e-02	1.558403e+01
1.574000e-05	-3.707762e-02	1.560598e+01
1.575000e-05	-4.866973e-02	1.557505e+01
1.576000e-05	-4.397859e-02	1.563663e+01
1.577000e-05	-3.996171e-02	1.563511e+01
1.578000e-05	-4.331037e-02	1.561708e+01
1.579000e-05	-5.722472e-02	1.559308e+01
1.580000e-05	-6.552244e-02	1.559500e+01
1.581000e-05	-6.461777e-02	1.555390e+01
1.582000e-05	-7.314879e-02	1.553982e+01
1.583000e-05	-9.132243e-02	1.547974e+01
1.584000e-05	-1.183433e-01	1.545718e+01
1.585000e-05	-1.438593e-01	1.541451e+01
1.586000e-05	-1.900406e-01	1.538145e+01
1.587000e-05	-2.415497e-01	1.530881e+01
1.588000e-05	-2.500000e-01	1.519706e+01
1.589000e-05	-2.500000e-01	1.515358e+01
1.590000e-05	-2.499700e-01	1.508139e+01
1.591000e-05	-2.278253e-01	1.503903e+01
1.592000e-05	-1.642187e-01	1.492293e+01
1.593000e-05	-1.190626e-01	1.482668e+01
1.594000e-05	-8.278879e-02	1.471140e+01
1.595000e-05	-6.254686e-02	1.464673e+01
1.596000e-05	-5.085411e-02	1.456144e+01
1.597000e-05	-4.757282e-02	1.441719e+01
1.598000e-05	-3.848514e-02	1.427037e+01
1.599000e-05	-2.983025e-02	1.419150e+01
1.600000e-05	-2.744447e-02	1.399678e+01
1.601000e-05	-2.966224e-02	1.387829e+01
1.602000e-05	-2.852432e-02	1.375197e+01
1.603000e-05	-2.108391e-02	1.358563e+01
1.604000e-05	-1.808610e-02	1.346921e+01
1.605000e-05	-2.044939e-02	1.331997e+01
1.606000e-05	-2.210443e-02	1.313253e+01
1.607000e-05	-1.913694e-02	1.298308e+01
1.608000e-05	-1.483278e-02	1.282626e+01
1.609000e-05	-1.641266e-02	1.261579e+01
1.610000e-05	-1.979861e-02	1.246792e+01
1.611000e-05	-1.852451e-02	1.233985e+01
1.612000e-05	-1.321083e-02	1.215949e+01
1.613000e-05	-1.217003e-02	1.188200e+01
1.614000e-05	-1.577483e-02	1.173950e+01
1.615000e-05	-1.697787e-02	1.152137e+01
1.616000e-05	-1.339820e-02	1.130950e+01
1.617000e-05	-1.073227e-02	1.111890e+01
1.618000e-05	-1.242347e-02	1.089797e+01
1.619000e-05	-1.453819e-02	1.072845e+01
1.620000e-05	-1.428410e-02	1.046832e+01
1.621000e-05	-1.000959e-02	1.024426e+01
1.622000e-05	-1.063875e-02	1.003379e+01
1.623000e-05	-1.357625e-02	9.804106e+00
1.624000e-05	-1.357426e-02	9.583028e+00
1.625000e-05	-1.030648e-02	9.328970e+00
1.626000e-05	-8.637046e-03	9.086874e+00
1.627000e-05	-1.151838e-02	8.876769e+00
1.628000e-05	-1.363768e-02	8.623188e+00
1.629000e-05	-1.105128e-02	8.383708e+00
1.630000e-05	-7.532148e-03	8.141602e+00
1.631000e-05	-9.019559e-03	7.877418e+00
1.632000e-05	-1.156120e-02	7.654686e+00
1.633000e-05	-1.060301e-02	7.379052e+00
1.634000e-05	-7.654480e-03	7.064387e+00
1.635000e-05	-7.862277e-03	6.844336e+00
1.636000e-05	-1.140277e-02	6.560475e+00
1.637000e-05	-1.102403e-02	6.286316e+00
1.638000e-05	-8.283341e-03	6.034262e+00
1.639000e-05	-6.591404e-03	5.780530e+00
1.640000e-05	-8.567406e-03	5.507519e+00
1.641000e-05	-1.079840e-02	5.191104e+00
1.642000e-05	-9.321572e-03	4.856313e+00
1.643000e-05	-6.101929e-03	4.580156e+00
1.644000e-05	-7.362104e-03	4.296998e+00
1.645000e-05	-9.319841e-03	4.013233e+00
1.646000e-05	-9.005086e-03	3.738003e+00
1.647000e-05	-5.697438e-03	3.513866e+00
1.648000e-05	-5.232240e-03	3.179627e+00
1.649000e-05	-8.451381e-03	2.905416e+00
1.650000e-05	-9.129697e-03	2.643712e+00
1.651000e-05	-6.678264e-03	2.307991e+00
1.652000e-05	-5.144203e-03	2.052262e+00
1.653000e-05	-6.225182e-03	1.759104e+00
1.654000e-05	-8.430473e-03	1.474288e+00
1.655000e-05	-6.644793e-03	1.128104e+00
1.656000e-05	-4.248234e-03	7.902078e-01
1.657000e-05	-4.436482e-03	5.390250e-01
1.658000e-05	-6.058406e-03	2.838132e-01
1.659000e-05	-4.543364e-03	-3.952243e-02
1.660000e-05	6.082858e-03	-3.256317e-01
1.661000e-05	5.293645e-03	-5.388147e-01
1.662000e-05	-1.311233e-03	-8.531028e-01
1.663000e-05	-1.540198e-04	-1.114158e+00
1.664000e-05	-1.679003e-03	-1.463496e+00
1.665000e-05	1.560202e-03	-1.705634e+00
1.666000e-05	1.650697e-02	-1.925162e+00
1.667000e-05	7.452246e-02	-2.178167e+00
1.668000e-05	8.285309e-02	-2.506554e+00
1.669000e-05	-8.155606e-02	-2.908584e+00
1.670000e-05	-4.341524e-03	-3.305183e+00
1.671000e-05	-4.835015e-02	-3.498691e+00
1.672000e-05	-3.136929e-02	-3.749190e+00
1.673000e-05	-7.107808e-02	-3.979924e+00
1.674000e-05	1.730848e-01	-4.149313e+00
1.675000e-05	-1.007388e-01	-4.402370e+00
1.676000e-05	5.481074e-02	-4.769764e+00
1.677000e-05	8.618658e-02	-4.972269e+00
1.678000e-05	-1.453861e-01	-5.380666e+00
1.679000e-05	1.579187e-01	-5.641475e+00
1.680000e-05	-1.638068e-01	-5.877555e+00
1.681000e-05	1.172759e-01	-6.162317e+00
1.682000e-05	1.893490e-02	-6.374541e+00
1.683000e-05	-5.352171e-02	-6.759740e+00
1.684000e-05	1.044326e-01	-6.964824e+00
1.685000e-05	-1.336779e-01	-7.258483e+00
1.686000e-05	1.178960e-01	-7.529840e+00
1.687000e-05	-7.611597e-02	-7.834749e+00
1.688000e-05	5.949794e-02	-8.106109e+00
1.689000e-05	4.031544e-02	-8.298237e+00
1.690000e-05	-6.246052e-02	-8.604845e+00
1.691000e-05	1.044932e-01	-8.855554e+00
1.692000e-05	-1.214897e-01	-9.057632e+00
1.693000e-05	8.877075e-02	-9.310711e+00
1.694000e-05	-5.452628e-02	-9.520239e+00
1.695000e-05	7.739999e-02	-9.781890e+00
1.696000e-05	1.902802e-04	-9.982291e+00
1.697000e-05	-4.128111e-03	-1.023655e+01
1.698000e-05	3.009817e-02	-1.040810e+01
1.699000e-05	-4.667560e-02	-1.068821e+01
1.700000e-05	6.347580e-02	-1.086753e+01
1.701000e-05	-4.923690e-02	-1.111813e+01
1.702000e-05	6.925898e-02	-1.131126e+01
1.703000e-05	-3.060871e-02	-1.149121e+01
1.704000e-05	4.917850e-02	-1.174332e+01
1.705000e-05	-2.340118e-02	-1.193184e+01
1.706000e-05	1.860308e-02	-1.218134e+01
1.707000e-05	2.129179e-03	-1.229024e+01
1.708000e-05	2.199867e-02	-1.248921e+01
1.709000e-05	2.288458e-02	-1.265811e+01
1.710000e-05	-3.131827e-03	-1.282908e+01
1.711000e-05	1.442763e-02	-1.300605e+01
1.712000e-05	-5.922278e-03	-1.317440e+01
1.713000e-05	2.545821e-02	-1.331184e+01
1.714000e-05	-1.333251e-03	-1.350963e+01
1.715000e-05	3.001303e-02	-1.362611e+01
1.716000e-05	6.964771e-03	-1.376290e+01
1.717000e-05	2.709428e-02	-1.390189e+01
1.718000e-05	-2.201832e-03	-1.408913e+01
1.719000e-05	1.135913e-02	-1.422498e+01
1.720000e-05	2.771824e-03	-1.435127e+01
1.721000e-05	2.435953e-02	-1.443858e+01
1.722000e-05	1.679787e-02	-1.458342e+01
1.723000e-05	1.944103e-02	-1.467974e+01
1.724000e-05	1.180401e-02	-1.474497e+01
1.725000e-05	1.512027e-02	-1.486869e+01
1.726000e-05	1.785147e-02	-1.494187e+01
1.727000e-05	1.264676e-02	-1.505808e+01
1.728000e-05	1.913180e-02	-1.515132e+01
1.729000e-05	1.717284e-02	-1.518548e+01
1.730000e-05	2.617001e-02	-1.522726e+01
1.731000e-05	1.505666e-02	-1.533139e+01
1.732000e-05	1.816933e-02	-1.540493e+01
1.733000e-05	1.509658e-02	-1.543759e+01
1.734000e-05	2.786823e-02	-1.548979e+01
1.735000e-05	2.678860e-02	-1.553490e+01
1.736000e-05	2.700103e-02	-1.552300e+01
1.737000e-05	2.457255e-02	-1.559655e+01
1.738000e-05	2.602181e-02	-1.558861e+01
1.739000e-05	2.958443e-02	-1.566819e+01
1.740000e-05	2.762715e-02	-1.562861e+01
1.741000e-05	3.137114e-02	-1.560021e+01
1.742000e-05	3.642617e-02	-1.567924e+01
1.743000e-05	4.359794e-02	-1.559868e+01
1.744000e-05	4.431427e-02	-1.567869e+01
1.745000e-05	4.385098e-02	-1.560768e+01
1.746000e-05	4.921041e-02	-1.559753e+01
1.747000e-05	6.006730e-02	-1.558558e+01
1.748000e-05	7.322316e-02	-1.553700e+01
1.749000e-05	8.723325e-02	-1.551187e+01
1.750000e-05	1.076506e-01	-1.544986e+01
1.751000e-05	1.458009e-01	-1.542811e+01
1.752000e-05	1.989264e-01	-1.535503e+01
1.753000e-05	2.448966e-01	-1.530895e+01
1.754000e-05	2.500000e-01	-1.523681e+01
1.755000e-05	2.500000e-01	-1.518503e+01
1.756000e-05	2.493450e-01	-1.508082e+01
1.757000e-05	2.145673e-01	-1.505613e+01
1.758000e-05	1.437567e-01	-1.495190e+01
1.759000e-05	9.728567e-02	-1.486768e+01
1.760000e-05	7.142621e-02	-1.473450e+01
1.761000e-05	5.630208e-02	-1.464976e+01
1.762000e-05	4.116849e-02	-1.455098e+01
1.763000e-05	3.160962e-02	-1.441618e+01
1.764000e-05	2.632924e-02	-1.433087e+01
1.765000e-05	2.435272e-02	-1.419355e+01
1.766000e-05	1.938243e-02	-1.401574e+01
1.767000e-05	1.406987e-02	-1.391140e+01
1.768000e-05	1.271088e-02	-1.375060e+01
1.769000e-05	1.451101e-02	-1.361616e+01
1.770000e-05	1.459147e-02	-1.346981e+01
1.771000e-05	9.559216e-03	-1.331799e+01
1.772000e-05	6.142799e-03	-1.315448e+01
1.773000e-05	7.341284e-03	-1.299263e+01
1.774000e-05	8.726256e-03	-1.282679e+01
1.775000e-05	6.950630e-03	-1.266830e+01
1.776000e-05	4.086655e-03	-1.252840e+01
1.777000e-05	4.773241e-03	-1.233947e+01
1.778000e-05	5.512859e-03	-1.215005e+01
1.779000e-05	4.417881e-03	-1.197000e+01
1.780000e-05	1.296365e-03	-1.174050e+01
1.781000e-05	8.727972e-04	-1.150997e+01
1.782000e-05	3.146470e-03	-1.128879e+01
1.783000e-05	3.946299e-03	-1.100781e+01
1.784000e-05	3.210617e-03	-1.083779e+01
1.785000e-05	1.444385e-04	-1.067631e+01
1.786000e-05	8.361846e-04	-1.049584e+01
1.787000e-05	1.263326e-03	-1.022266e+01
1.788000e-05	1.244138e-03	-9.984109e+00
1.789000e-05	-2.021567e-03	-9.782553e+00
1.790000e-05	-1.526769e-03	-9.581150e+00
1.791000e-05	-8.115894e-05	-9.358976e+00
1.792000e-05	-7.840990e-05	-9.056842e+00
1.793000e-05	-2.939574e-03	-8.845812e+00
1.794000e-05	-4.371433e-03	-8.612161e+00
1.795000e-05	-2.721945e-03	-8.361056e+00
1.796000e-05	-1.582464e-04	-8.139398e+00
1.797000e-05	-1.293078e-03	-7.885818e+00
1.798000e-05	-3.973240e-03	-7.583159e+00
1.799000e-05	-4.471552e-03	-7.308924e+00
1.800000e-05	-3.794346e-03	-7.004838e+00
1.801000e-05	-3.183597e-03	-6.781076e+00
1.802000e-05	-5.370779e-03	-6.548900e+00
1.803000e-05	-4.763329e-03	-6.286267e+00
1.804000e-05	-3.614248e-03	-5.962185e+00
1.805000e-05	-3.945325e-03	-5.738874e+00
1.806000e-05	-4.736382e-03	-5.422813e+00
1.807000e-05	-7.337799e-03	-5.126996e+00
1.808000e-05	-5.924757e-03	-4.832736e+00
1.809000e-05	-4.849150e-03	-4.526944e+00
1.810000e-05	-4.961937e-03	-4.284291e+00
1.811000e-05	-5.931724e-03	-4.021782e+00
1.812000e-05	-8.269406e-03	-3.736999e+00
1.813000e-05	-4.927037e-03	-3.462762e+00
1.814000e-05	-1.041977e-02	-3.210583e+00
1.815000e-05	-5.371971e-03	-2.833318e+00
1.816000e-05	-9.940397e-03	-2.590654e+00
1.817000e-05	-1.875754e-03	-2.294420e+00
1.818000e-05	-6.178743e-03	-1.981186e+00
1.819000e-05	-5.811605e-03	-1.727521e+00
1.820000e-05	-9.617682e-03	-1.442165e+00
1.821000e-05	-1.133760e-02	-1.126392e+00
1.822000e-05	-9.172364e-03	-8.107093e-01
1.823000e-05	-1.045500e-02	-5.164259e-01
1.824000e-05	-7.564840e-03	-2.517080e-01
1.825000e-05	-2.024995e-03	5.090125e-02
1.826000e-05	9.257429e-03	3.377082e-01
1.827000e-05	-2.624682e-03	5.988187e-01
1.828000e-05	2.006089e-03	8.554977e-01
1.829000e-05	-6.023851e-03	1.166634e+00
1.830000e-05	-1.735817e-03	1.465403e+00
1.831000e-05	-5.962698e-03	1.777687e+00
1.832000e-05	1.096619e-02	1.969342e+00
1.833000e-05	4.159915e-02	2.231846e+00
1.834000e-05	9.311677e-02	2.496631e+00
1.835000e-05	-5.647348e-02	2.886623e+00
1.836000e-05	-4.468721e-02	3.160743e+00
1.837000e-05	-4.116201e-02	3.495900e+00
1.838000e-05	-2.009530e-02	3.756735e+00
1.839000e-05	-6.811942e-02	4.018315e+00
1.840000e-05	-1.386841e-02	4.202292e+00
1.841000e-05	1.083590e-01	4.485128e+00
1.842000e-05	-8.668486e-02	4.728789e+00
1.843000e-05	7.527748e-02	5.032845e+00
1.844000e-05	2.336620e-02	5.357761e+00
1.845000e-05	-1.040978e-01	5.646376e+00
1.846000e-05	6.967210e-02	5.917187e+00
1.847000e-05	-6.240998e-02	6.201318e+00
1.848000e-05	6.351248e-02	6.441402e+00
1.849000e-05	-3.378659e-02	6.759709e+00
1.850000e-05	-2.623427e-02	7.011823e+00
1.851000e-05	1.879444e-02	7.275052e+00
1.852000e-05	-4.264105e-02	7.589741e+00
1.853000e-05	3.355091e-02	7.832899e+00
1.854000e-05	-6.354726e-02	8.139716e+00
1.855000e-05	5.332889e-02	8.360343e+00
1.856000e-05	-8.463907e-03	8.612819e+00
1.857000e-05	-1.738834e-02	8.802824e+00
1.858000e-05	-1.097958e-04	9.067050e+00
1.859000e-05	-5.799381e-02	9.307658e+00
1.860000e-05	3.571977e-02	9.508711e+00
1.861000e-05	-1.919594e-02	9.730786e+00
1.862000e-05	2.042182e-02	1.000391e+01
1.863000e-05	-4.221630e-02	1.019398e+01
1.864000e-05	9.185785e-03	1.050695e+01
1.865000e-05	-8.655722e-03	1.066658e+01
1.866000e-05	-1.952652e-02	1.088696e+01
1.867000e-05	-1.219038e-02	1.106701e+01
1.868000e-05	-2.198746e-02	1.129063e+01
1.869000e-05	1.922809e-02	1.153016e+01
1.870000e-05	-2.035097e-02	1.173824e+01
1.871000e-05	-8.464162e-03	1.191871e+01
1.872000e-05	-3.565190e-02	1.212124e+01
1.873000e-05	5.066176e-03	1.230973e+01
1.874000e-05	-5.919398e-03	1.245819e+01
1.875000e-05	-7.360067e-03	1.268460e+01
1.876000e-05	-2.393567e-02	1.283350e+01
1.877000e-05	-1.823471e-02	1.301340e+01
1.878000e-05	-4.034851e-03	1.313279e+01
1.879000e-05	-1.973169e-02	1.328971e+01
1.880000e-05	-1.834899e-02	1.344608e+01
1.881000e-05	-2.297066e-02	1.358540e+01
1.882000e-05	2.540792e-03	1.375279e+01
1.883000e-05	-1.157462e-02	1.393071e+01
1.884000e-05	-2.008072e-02	1.400893e+01
1.885000e-05	-3.285315e-02	1.421495e+01
1.886000e-05	-1.734097e-02	1.434326e+01
1.887000e-05	-9.531002e-03	1.445613e+01
1.888000e-05	-1.774066e-02	1.456144e+01
1.889000e-05	-2.419990e-02	1.470811e+01
1.890000e-05	-2.290430e-02	1.477297e+01
1.891000e-05	-1.045850e-02	1.485753e+01
1.892000e-05	-2.128753e-02	1.490182e+01
1.893000e-05	-2.715587e-02	1.501605e+01
1.894000e-05	-2.974636e-02	1.507969e+01
1.895000e-05	-1.744493e-02	1.516440e+01
1.896000e-05	-1.728262e-02	1.522810e+01
1.897000e-05	-2.888905e-02	1.529924e+01
1.898000e-05	-3.612062e-02	1.536237e+01
1.899000e-05	-3.110280e-02	1.541646e+01
1.900000e-05	-1.969146e-02	1.547019e+01
1.901000e-05	-2.839098e-02	1.549066e+01
1.902000e-05	-3.442645e-02	1.553090e+01
1.903000e-05	-3.598000e-02	1.555442e+01
1.904000e-05	-2.914519e-02	1.557600e+01
1.905000e-05	-3.390338e-02	1.559550e+01
1.906000e-05	-4.454824e-02	1.559556e+01
1.907000e-05	-4.702022e-02	1.560508e+01
1.908000e-05	-4.275347e-02	1.560558e+01
1.909000e-05	-3.751175e-02	1.560598e+01
1.910000e-05	-5.198518e-02	1.557558e+01
1.911000e-05	-6.120945e-02	1.556440e+01
1.912000e-05	-6.638135e-02	1.553398e+01
1.913000e-05	-6.618232e-02	1.553342e+01
1.914000e-05	-8.114881e-02	1.548982e+01
1.915000e-05	-1.059198e-01	1.545919e+01
1.916000e-05	-1.307679e-01	1.542668e+01
1.917000e-05	-1.658162e-01	1.542342e+01
1.918000e-05	-2.188811e-01	1.533241e+01
1.919000e-05	-2.491940e-01	1.523763e+01
1.920000e-05	-2.500000e-01	1.521605e+01
1.921000e-05	-2.500000e-01	1.512440e+01
1.922000e-05	-2.445900e-01	1.505828e+01
1.923000e-05	-1.930750e-01	1.498500e+01
1.924000e-05	-1.401260e-01	1.482776e+01
1.925000e-05	-9.972711e-02	1.476560e+01
1.926000e-05	-7.013508e-02	1.467929e+01
1.927000e-05	-5.357268e-02	1.458353e+01
1.928000e-05	-4.936122e-02	1.446979e+01
1.929000e-05	-4.358225e-02	1.436353e+01
1.930000e-05	-3.431832e-02	1.425768e+01
1.931000e-05	-2.573382e-02	1.406889e+01
1.932000e-05	-2.918701e-02	1.397291e+01
1.933000e-05	-3.030995e-02	1.386514e+01
1.934000e-05	-2.516863e-02	1.363872e+01
1.935000e-05	-1.741325e-02	1.354295e+01
1.936000e-05	-1.785203e-02	1.337311e+01
1.937000e-05	-2.284151e-02	1.323529e+01
1.938000e-05	-2.172743e-02	1.309824e+01
1.939000e-05	-1.660044e-02	1.292887e+01
1.940000e-05	-1.426021e-02	1.270353e+01
1.941000e-05	-1.811936e-02	1.256203e+01
1.942000e-05	-1.956506e-02	1.238256e+01
1.943000e-05	-1.495773e-02	1.222506e+01
1.944000e-05	-1.114698e-02	1.201674e+01
1.945000e-05	-1.442137e-02	1.182619e+01
1.946000e-05	-1.988659e-02	1.162636e+01
1.947000e-05	-1.708773e-02	1.143466e+01
1.948000e-05	-1.120644e-02	1.121528e+01
1.949000e-05	-8.900544e-03	1.098155e+01
1.950000e-05	-1.372939e-02	1.078219e+01
1.951000e-05	-1.495633e-02	1.060155e+01
1.952000e-05	-1.091649e-02	1.034155e+01
1.953000e-05	-1.017867e-02	1.015100e+01
1.954000e-05	-1.353876e-02	9.897846e+00
1.955000e-05	-1.610724e-02	9.668365e+00
1.956000e-05	-1.195373e-02	9.414715e+00
1.957000e-05	-7.709675e-03	9.213689e+00
1.958000e-05	-8.717383e-03	8.931053e+00
1.959000e-05	-1.288329e-02	8.751000e+00
1.960000e-05	-1.248169e-02	8.508896e+00
1.961000e-05	-8.462718e-03	8.284341e+00
1.962000e-05	-8.141989e-03	8.034680e+00
1.963000e-05	-1.067652e-02	7.769475e+00
1.964000e-05	-1.352078e-02	7.477342e+00
1.965000e-05	-9.569046e-03	7.185708e+00
1.966000e-05	-8.583215e-03	6.958551e+00
1.967000e-05	-8.496588e-03	6.705818e+00
1.968000e-05	-1.172497e-02	6.413584e+00
1.969000e-05	-8.485406e-03	6.150054e+00
1.970000e-05	-6.081498e-03	5.907471e+00
1.971000e-05	-6.316597e-03	5.593238e+00
1.972000e-05	-1.079837e-02	5.349553e+00
1.973000e-05	-1.246632e-02	5.032835e+00
1.974000e-05	-9.004566e-03	4.686841e+00
1.975000e-05	-6.921129e-03	4.462292e+00
1.976000e-05	-7.035957e-03	4.178102e+00
1.977000e-05	-9.054198e-03	3.863788e+00
1.978000e-05	-6.262625e-03	3.610685e+00
1.979000e-05	-5.168051e-03	3.317500e+00
1.980000e-05	-6.000817e-03	3.052262e+00
1.981000e-05	-9.997210e-03	2.750080e+00
1.982000e-05	-9.932098e-03	2.484319e+00
1.983000e-05	-7.078370e-03	2.140103e+00
1.984000e-05	-4.968911e-03	1.884947e+00
1.985000e-05	-6.476244e-03	1.610710e+00
1.986000e-05	-7.710810e-03	1.354365e+00
1.987000e-05	-5.570124e-03	9.706264e-01
1.988000e-05	-4.296166e-03	6.648657e-01
1.989000e-05	-4.732605e-03	4.391804e-01
1.990000e-05	-4.969654e-03	1.153760e-01
1.991000e-05	-7.030737e-04	-1.577897e-01
1.992000e-05	1.023699e-02	-4.213963e-01
1.993000e-05	-3.190420e-03	-7.181116e-01
1.994000e-05	3.739029e-03	-9.803199e-01
1.995000e-05	-5.265720e-03	-1.285459e+00
1.996000e-05	3.434230e-03	-1.558846e+00
1.997000e-05	3.694847e-03	-1.821422e+00
1.998000e-05	4.144148e-02	-2.033450e+00
1.999000e-05	1.119416e-01	-2.318682e+00
2.000000e-05	-2.541462e-02	-2.747029e+00
2.001000e-05	-4.216987e-02	-3.148083e+00
2.002000e-05	-2.505618e-02	-3.394999e+00
2.003000e-05	-3.173675e-02	-3.622073e+00
2.004000e-05	-7.588129e-02	-3.848137e+00
2.005000e-05	5.913585e-02	-4.074608e+00
2.006000e-05	9.203243e-02	-4.265556e+00
2.007000e-05	-1.314955e-01	-4.591390e+00
2.008000e-05	1.919249e-01	-4.815555e+00
2.009000e-05	-1.447347e-01	-5.160239e+00
2.010000e-05	6.084660e-02	-5.500165e+00
2.011000e-05	2.588716e-03	-5.718735e+00
2.012000e-05	-9.270196e-02	-6.056475e+00
2.013000e-05	1.678839e-01	-6.307185e+00
2.014000e-05	-1.279516e-01	-6.593320e+00
2.015000e-05	1.099426e-01	-6.846105e+00
2.016000e-05	-6.112767e-02	-7.170736e+00
2.017000e-05	-6.098083e-03	-7.446077e+00
2.018000e-05	6.560329e-02	-7.677028e+00
2.019000e-05	-8.749865e-02	-7.982896e+00
2.020000e-05	1.451544e-01	-8.212924e+00
2.021000e-05	-1.018284e-01	-8.455028e+00
2.022000e-05	8.999777e-02	-8.721170e+00
2.023000e-05	-4.091692e-02	-9.002320e+00
2.024000e-05	-2.247356e-02	-9.212924e+00
2.025000e-05	4.964841e-02	-9.425499e+00
2.026000e-05	-3.960816e-02	-9.637558e+00
2.027000e-05	1.059736e-01	-9.857158e+00
2.028000e-05	-7.378790e-02	-1.007118e+01
2.029000e-05	7.967980e-02	-1.032077e+01
2.030000e-05	-6.549685e-02	-1.056187e+01
2.031000e-05	5.237181e-02	-1.076195e+01
2.032000e-05	-1.950108e-02	-1.098237e+01
2.033000e-05	1.895047e-02	-1.117545e+01
2.034000e-05	2.390198e-02	-1.137402e+01
2.035000e-05	-4.460539e-03	-1.164706e+01
2.036000e-05	3.407945e-02	-1.186706e+01
2.037000e-05	-2.981949e-02	-1.204661e+01
2.038000e-05	3.723250e-02	-1.222555e+01
2.039000e-05	-1.339364e-02	-1.239498e+01
2.040000e-05	4.851394e-02	-1.258450e+01
2.041000e-05	-1.293846e-02	-1.277330e+01
2.042000e-05	2.291883e-02	-1.294347e+01
2.043000e-05	-8.651042e-03	-1.308819e+01
2.044000e-05	2.076417e-02	-1.327858e+01
2.045000e-05	4.488987e-03	-1.340593e+01
2.046000e-05	1.797105e-02	-1.354350e+01
2.047000e-05	1.799482e-02	-1.370164e+01
2.048000e-05	1.687721e-02	-1.388966e+01
2.049000e-05	1.422149e-02	-1.400760e+01
2.050000e-05	8.490296e-04	-1.413334e+01
2.051000e-05	1.018526e-02	-1.430011e+01
2.052000e-05	1.064430e-02	-1.436502e+01
2.053000e-05	2.524931e-02	-1.449077e+01
2.054000e-05	1.361353e-02	-1.464605e+01
2.055000e-05	2.023899e-02	-1.472334e+01
2.056000e-05	9.630482e-03	-1.482708e+01
2.057000e-05	2.147686e-02	-1.489034e+01
2.058000e-05	1.157004e-02	-1.502598e+01
2.059000e-05	1.938497e-02	-1.512071e+01
2.060000e-05	1.579631e-02	-1.514334e+01
2.061000e-05	2.414518e-02	-1.522613e+01
2.062000e-05	1.924778e-02	-1.529084e+01
2.063000e-05	1.767515e-02	-1.535092e+01
2.064000e-05	1.676070e-02	-1.542660e+01
2.065000e-05	2.246143e-02	-1.550006e+01
2.066000e-05	2.810225e-02	-1.549334e+01
2.067000e-05	2.499444e-02	-1.554442e+01
2.068000e-05	2.648950e-02	-1.556745e+01
2.069000e-05	2.467532e-02	-1.561715e+01
2.070000e-05	2.951633e-02	-1.560858e+01
2.071000e-05	2.761656e-02	-1.568916e+01
2.072000e-05	2.981156e-02	-1.566818e+01
2.073000e-05	3.367938e-02	-1.566979e+01
2.074000e-05	4.109130e-02	-1.566824e+01
2.075000e-05	4.368491e-02	-1.562816e+01
2.076000e-05	4.459431e-02	-1.563876e+01
2.077000e-05	4.662022e-02	-1.559808e+01
2.078000e-05	5.543094e-02	-1.558611e+01
2.079000e-05	6.653452e-02	-1.554605e+01
2.080000e-05	7.927042e-02	-1.552440e+01
2.081000e-05	9.644728e-02	-1.549079e+01
2.082000e-05	1.263062e-01	-1.544771e+01
2.083000e-05	1.728635e-01	-1.541568e+01
2.084000e-05	2.282341e-01	-1.534997e+01
2.085000e-05	2.493988e-01	-1.526032e+01
2.086000e-05	2.500000e-01	-1.523556e+01
2.087000e-05	2.500000e-01	-1.515202e+01
2.088000e-05	2.398508e-01	-1.505921e+01
2.089000e-05	1.750970e-01	-1.495200e+01
2.090000e-05	1.168271e-01	-1.485031e+01
2.091000e-05	8.379786e-02	-1.481661e+01
2.092000e-05	6.308013e-02	-1.471234e+01
2.093000e-05	4.693095e-02	-1.461468e+01
2.094000e-05	3.504378e-02	-1.448892e+01
2.095000e-05	2.921922e-02	-1.437493e+01
2.096000e-05	2.526173e-02	-1.420721e+01
2.097000e-05	2.123953e-02	-1.412087e+01
2.098000e-05	1.625869e-02	-1.397510e+01
2.099000e-05	1.379040e-02	-1.382819e+01
2.100000e-05	1.453448e-02	-1.365640e+01
2.101000e-05	1.380061e-02	-1.355095e+01
2.102000e-05	1.105269e-02	-1.339463e+01
2.103000e-05	7.952051e-03	-1.321619e+01
2.104000e-05	7.863674e-03	-1.304980e+01
2.105000e-05	8.072933e-03	-1.293995e+01
2.106000e-05	7.067550e-03	-1.273140e+01
2.107000e-05	4.985920e-03	-1.260263e+01
2.108000e-05	5.650831e-03	-1.239368e+01
2.109000e-05	6.064149e-03	-1.219466e+01
2.110000e-05	4.865350e-03	-1.202578e+01
2.111000e-05	2.304205e-03	-1.184464e+01
2.112000e-05	2.019771e-03	-1.160618e+01
2.113000e-05	2.649802e-03	-1.140211e+01
2.114000e-05	3.338504e-03	-1.116195e+01
2.115000e-05	2.315409e-03	-1.093000e+01
2.116000e-05	3.084480e-04	-1.075950e+01
2.117000e-05	5.042423e-04	-1.055102e+01
2.118000e-05	1.766034e-03	-1.034942e+01
2.119000e-05	9.366697e-04	-1.009837e+01
2.120000e-05	-4.367331e-04	-9.907391e+00
2.121000e-05	-8.156110e-04	-9.683865e+00
2.122000e-05	-4.990684e-04	-9.443641e+00
2.123000e-05	7.133680e-04	-9.204688e+00
2.124000e-05	-2.038631e-03	-9.003080e+00
2.125000e-05	-3.433376e-03	-8.721049e+00
2.126000e-05	-2.058655e-03	-8.497025e+00
2.127000e-05	-1.050259e-03	-8.264263e+00
2.128000e-05	-1.517876e-03	-7.983157e+00
2.129000e-05	-3.042596e-03	-7.709447e+00
2.130000e-05	-3.197555e-03	-7.484336e+00
2.131000e-05	-3.327358e-03	-7.179204e+00
2.132000e-05	-3.594450e-03	-6.858027e+00
2.133000e-05	-4.223728e-03	-6.652283e+00
2.134000e-05	-5.065651e-03	-6.372132e+00
2.135000e-05	-3.335521e-03	-6.147474e+00
2.136000e-05	-4.652773e-03	-5.844261e+00
2.137000e-05	-3.386985e-03	-5.561104e+00
2.138000e-05	-6.830028e-03	-5.275319e+00
2.139000e-05	-7.072972e-03	-4.951079e+00
2.140000e-05	-4.147096e-03	-4.614793e+00
2.141000e-05	-4.576582e-03	-4.391633e+00
2.142000e-05	-4.607527e-03	-4.178028e+00
2.143000e-05	-5.084490e-03	-3.852838e+00
2.144000e-05	-6.595393e-03	-3.600054e+00
2.145000e-05	-6.295295e-03	-3.326449e+00
2.146000e-05	-1.073446e-02	-3.022212e+00
2.147000e-05	-9.389868e-03	-2.716472e+00
2.148000e-05	-8.523148e-03	-2.453783e+00
2.149000e-05	-4.402518e-03	-2.188001e+00
2.150000e-05	-5.847146e-03	-1.895341e+00
2.151000e-05	-7.431033e-03	-1.558656e+00
2.152000e-05	-7.509910e-03	-1.232291e+00
2.153000e-05	-9.040419e-03	-9.475474e-01
2.154000e-05	-7.995287e-03	-6.933918e-01
2.155000e-05	-1.055036e-02	-3.680537e-01
2.156000e-05	-7.117837e-03	-1.033682e-01
2.157000e-05	1.747956e-03	1.787659e-01
2.158000e-05	3.369063e-03	4.740792e-01
2.159000e-05	-2.353443e-03	7.251380e-01
2.160000e-05	1.555887e-03	9.597688e-01
2.161000e-05	-4.566386e-03	1.286131e+00
2.162000e-05	-1.043580e-03	1.609841e+00
2.163000e-05	9.955188e-05	1.874154e+00
2.164000e-05	2.111005e-02	2.097104e+00
2.165000e-05	7.869648e-02	2.378787e+00
2.166000e-05	2.555196e-02	2.709160e+00
2.167000e-05	-7.880330e-02	3.023846e+00
2.168000e-05	-2.857651e-02	3.316638e+00
2.169000e-05	-3.476027e-02	3.622397e+00
2.170000e-05	-3.232127e-02	3.874499e+00
2.171000e-05	-6.811828e-02	4.083574e+00
2.172000e-05	7.330286e-02	4.308687e+00
2.173000e-05	3.322578e-02	4.653973e+00
2.174000e-05	-7.805561e-02	4.896054e+00
2.175000e-05	1.508131e-01	5.182217e+00
2.176000e-05	-1.363880e-01	5.526113e+00
2.177000e-05	3.645795e-02	5.802892e+00
2.178000e-05	-1.351212e-02	6.055654e+00
2.179000e-05	-9.051032e-03	6.358111e+00
2.180000e-05	4.996767e-02	6.591320e+00
2.181000e-05	-7.767587e-02	6.856553e+00
2.182000e-05	4.123348e-02	7.148711e+00
2.183000e-05	-5.072823e-02	7.425398e+00
2.184000e-05	2.669812e-02	7.707156e+00
2.185000e-05	-3.308542e-02	7.972846e+00
2.186000e-05	-2.721913e-03	8.244580e+00
2.187000e-05	3.928685e-02	8.466557e+00
2.188000e-05	-3.597492e-02	8.648635e+00
2.189000e-05	1.264728e-02	8.922742e+00
2.190000e-05	-4.751611e-02	9.172947e+00
2.191000e-05	-4.538396e-03	9.412522e+00
2.192000e-05	9.874341e-03	9.637599e+00
2.193000e-05	3.078416e-03	9.887635e+00
2.194000e-05	-1.043483e-02	1.017821e+01
2.195000e-05	-2.465634e-02	1.036919e+01
2.196000e-05	8.849430e-03	1.055072e+01
2.197000e-05	-2.251069e-02	1.079034e+01
2.198000e-05	-1.018554e-02	1.099137e+01
2.199000e-05	-2.168334e-02	1.119332e+01
2.200000e-05	3.103767e-03	1.137442e+01
2.201000e-05	1.208793e-03	1.161603e+01
2.202000e-05	-1.504237e-02	1.181453e+01
2.203000e-05	-2.641863e-02	1.200558e+01
2.204000e-05	-1.489446e-02	1.224492e+01
2.205000e-05	1.255178e-03	1.238395e+01
2.206000e-05	-4.070481e-03	1.255289e+01
2.207000e-05	-1.787687e-02	1.273127e+01
2.208000e-05	-2.153882e-02	1.292111e+01
2.209000e-05	-1.167504e-02	1.307866e+01
2.210000e-05	-9.884419e-03	1.322606e+01
2.211000e-05	-1.930358e-02	1.338490e+01
2.212000e-05	-2.303984e-02	1.355425e+01
2.213000e-05	-6.074853e-03	1.369963e+01
2.214000e-05	-5.439900e-03	1.380610e+01
2.215000e-05	-1.311333e-02	1.397437e+01
2.216000e-05	-3.271482e-02	1.410375e+01
2.217000e-05	-2.297749e-02	1.430911e+01
2.218000e-05	-1.541267e-02	1.438598e+01
2.219000e-05	-9.513079e-03	1.452026e+01
2.220000e-05	-2.276635e-02	1.461448e+01
2.221000e-05	-2.384239e-02	1.474287e+01
2.222000e-05	-1.511675e-02	1.481703e+01
2.223000e-05	-1.762231e-02	1.487768e+01
2.224000e-05	-2.285326e-02	1.496487e+01
2.225000e-05	-3.247273e-02	1.505661e+01
2.226000e-05	-2.040469e-02	1.511974e+01
2.227000e-05	-1.891850e-02	1.514555e+01
2.228000e-05	-1.943819e-02	1.524916e+01
2.229000e-05	-3.584684e-02	1.537031e+01
2.230000e-05	-3.370216e-02	1.541400e+01
2.231000e-05	-2.518987e-02	1.542763e+01
2.232000e-05	-2.374651e-02	1.548026e+01
2.233000e-05	-3.040218e-02	1.554027e+01
2.234000e-05	-3.749346e-02	1.556385e+01
2.235000e-05	-2.998172e-02	1.557390e+01
2.236000e-05	-3.190504e-02	1.559293e+01
2.237000e-05	-3.857040e-02	1.560405e+01
2.238000e-05	-4.849131e-02	1.559811e+01
2.239000e-05	-4.340015e-02	1.564710e+01
2.240000e-05	-3.933617e-02	1.560508e+01
2.241000e-05	-4.433441e-02	1.561613e+01
2.242000e-05	-5.747114e-02	1.560608e+01
2.243000e-05	-6.529762e-02	1.558345e+01
2.244000e-05	-6.495555e-02	1.557397e+01
2.245000e-05	-7.427110e-02	1.552092e+01
2.246000e-05	-9.256704e-02	1.549919e+01
2.247000e-05	-1.185585e-01	1.546871e+01
2.248000e-05	-1.467132e-01	1.542710e+01
2.249000e-05	-1.930753e-01	1.539195e+01
2.250000e-05	-2.437987e-01	1.529019e+01
2.251000e-05	-2.500000e-01	1.525713e+01
2.252000e-05	-2.500000e-01	1.518400e+01
2.253000e-05	-2.499450e-01	1.509984e+01
2.254000e-05	-2.248134e-01	1.497611e+01
2.255000e-05	-1.614759e-01	1.491104e+01
2.256000e-05	-1.169245e-01	1.481666e+01
2.257000e-05	-8.198677e-02	1.472095e+01
2.258000e-05	-6.197010e-02	1.461721e+01
2.259000e-05	-5.043223e-02	1.455032e+01
2.260000e-05	-4.711376e-02	1.439516e+01
2.261000e-05	-3.681571e-02	1.431990e+01
2.262000e-05	-2.975882e-02	1.414203e+01
2.263000e-05	-2.669047e-02	1.402824e+01
2.264000e-05	-2.938270e-02	1.390977e+01
2.265000e-05	-2.695876e-02	1.374150e+01
2.266000e-05	-2.204086e-02	1.357468e+01
2.267000e-05	-1.864404e-02	1.343776e+01
2.268000e-05	-2.097133e-02	1.329737e+01
2.269000e-05	-2.214890e-02	1.317143e+01
2.270000e-05	-1.901311e-02	1.301358e+01
2.271000e-05	-1.418687e-02	1.284516e+01
2.272000e-05	-1.661501e-02	1.263726e+01
2.273000e-05	-1.866261e-02	1.247784e+01
2.274000e-05	-1.791341e-02	1.229789e+01
2.275000e-05	-1.293981e-02	1.213995e+01
2.276000e-05	-1.299545e-02	1.193247e+01
2.277000e-05	-1.618676e-02	1.174958e+01
2.278000e-05	-1.730173e-02	1.152837e+01
2.279000e-05	-1.371868e-02	1.129847e+01
2.280000e-05	-1.030411e-02	1.109737e+01
2.281000e-05	-1.272051e-02	1.087889e+01
2.282000e-05	-1.441493e-02	1.066684e+01
2.283000e-05	-1.344290e-02	1.046731e+01
2.284000e-05	-9.766583e-03	1.019476e+01
2.285000e-05	-1.114202e-02	1.001368e+01
2.286000e-05	-1.352656e-02	9.810576e+00
2.287000e-05	-1.403198e-02	9.529549e+00
2.288000e-05	-1.050765e-02	9.359372e+00
2.289000e-05	-9.375648e-03	9.127318e+00
2.290000e-05	-1.199825e-02	8.847766e+00
2.291000e-05	-1.216292e-02	8.622733e+00
2.292000e-05	-1.062281e-02	8.372178e+00
2.293000e-05	-7.077998e-03	8.168020e+00
2.294000e-05	-9.210855e-03	7.885918e+00
2.295000e-05	-1.117614e-02	7.593705e+00
2.296000e-05	-1.123948e-02	7.358426e+00
2.297000e-05	-9.127041e-03	7.063340e+00
2.298000e-05	-8.324450e-03	6.813737e+00
2.299000e-05	-1.085957e-02	6.570471e+00
2.300000e-05	-1.055368e-02	6.264366e+00
2.301000e-05	-7.887684e-03	6.032834e+00
2.302000e-05	-6.610159e-03	5.808501e+00
2.303000e-05	-7.308967e-03	5.484888e+00
2.304000e-05	-1.084058e-02	5.211208e+00
2.305000e-05	-8.660507e-03	4.822790e+00
2.306000e-05	-7.426854e-03	4.559553e+00
2.307000e-05	-6.956089e-03	4.285997e+00
2.308000e-05	-9.521870e-03	4.011679e+00
2.309000e-05	-8.957723e-03	3.707025e+00
2.310000e-05	-6.647679e-03	3.463865e+00
2.311000e-05	-5.667676e-03	3.227950e+00
2.312000e-05	-7.193280e-03	2.914946e+00
2.313000e-05	-8.837440e-03	2.624260e+00
2.314000e-05	-7.239970e-03	2.305895e+00
2.315000e-05	-5.569156e-03	2.052235e+00
2.316000e-05	-6.673652e-03	1.747654e+00
2.317000e-05	-7.208944e-03	1.471212e+00
2.318000e-05	-6.893760e-03	1.116555e+00
2.319000e-05	-5.037871e-03	7.896042e-01
2.320000e-05	-4.385531e-03	5.464961e-01
2.321000e-05	-5.064230e-03	2.692419e-01
2.322000e-05	-3.010890e-03	7.047616e-03
2.323000e-05	6.542718e-03	-3.161832e-01
2.324000e-05	3.710783e-03	-5.697409e-01
2.325000e-05	7.444521e-04	-8.640805e-01
2.326000e-05	4.365605e-05	-1.108162e+00
2.327000e-05	-3.125439e-04	-1.393976e+00
2.328000e-05	3.866209e-04	-1.715682e+00
2.329000e-05	1.766362e-02	-1.948686e+00
2.330000e-05	7.957953e-02	-2.158739e+00
2.331000e-05	7.427718e-02	-2.508232e+00
2.332000e-05	-8.129952e-02	-2.980157e+00
2.333000e-05	-4.309701e-03	-3.286133e+00
2.334000e-05	-4.594540e-02	-3.507292e+00
2.335000e-05	-3.255123e-02	-3.738160e+00
2.336000e-05	-6.469109e-02	-3.940949e+00
2.337000e-05	1.773982e-01	-4.169816e+00
2.338000e-05	-1.212063e-01	-4.443399e+00
2.339000e-05	8.249336e-02	-4.780266e+00
2.340000e-05	6.583808e-02	-4.952842e+00
2.341000e-05	-1.338086e-01	-5.334267e+00
2.342000e-05	1.544218e-01	-5.644601e+00
2.343000e-05	-1.677070e-01	-5.917133e+00
2.344000e-05	1.386798e-01	-6.192866e+00
2.345000e-05	-2.090503e-03	-6.395023e+00
2.346000e-05	-3.564167e-02	-6.751691e+00
2.347000e-05	9.075194e-02	-7.055922e+00
2.348000e-05	-1.305420e-01	-7.307109e+00
2.349000e-05	1.226915e-01	-7.540812e+00
2.350000e-05	-8.968678e-02	-7.824980e+00
2.351000e-05	7.671965e-02	-8.080713e+00
2.352000e-05	2.315292e-02	-8.317711e+00
2.353000e-05	-4.711188e-02	-8.615300e+00
2.354000e-05	9.748404e-02	-8.834159e+00
2.355000e-05	-1.201040e-01	-9.108134e+00
2.356000e-05	9.364599e-02	-9.339136e+00
2.357000e-05	-6.238081e-02	-9.562317e+00
2.358000e-05	8.773038e-02	-9.802873e+00
2.359000e-05	-1.414896e-02	-9.991350e+00
2.360000e-05	6.722552e-03	-1.027700e+01
2.361000e-05	1.911117e-02	-1.044560e+01
2.362000e-05	-3.681539e-02	-1.066869e+01
2.363000e-05	5.991665e-02	-1.081863e+01
2.364000e-05	-4.555367e-02	-1.107971e+01
2.365000e-05	6.926780e-02	-1.128966e+01
2.366000e-05	-3.337533e-02	-1.153071e+01
2.367000e-05	5.082752e-02	-1.175284e+01
2.368000e-05	-2.958341e-02	-1.197432e+01
2.369000e-05	2.323743e-02	-1.217284e+01
2.370000e-05	-2.352188e-03	-1.229024e+01
2.371000e-05	2.742423e-02	-1.251114e+01
2.372000e-05	1.891996e-02	-1.268661e+01
2.373000e-05	2.789411e-04	-1.284771e+01
2.374000e-05	1.255533e-02	-1.303548e+01
2.375000e-05	-3.644985e-03	-1.317488e+01
2.376000e-05	2.319226e-02	-1.332327e+01
2.377000e-05	-1.282752e-03	-1.348924e+01
2.378000e-05	2.921120e-02	-1.358751e+01
2.379000e-05	6.938751e-03	-1.379497e+01
2.380000e-05	2.714895e-02	-1.393390e+01
2.381000e-05	-2.410104e-03	-1.408861e+01
2.382000e-05	1.238542e-02	-1.419753e+01
2.383000e-05	3.777423e-03	-1.433274e+01
2.384000e-05	2.622245e-02	-1.444924e+01
2.385000e-05	1.666003e-02	-1.454187e+01
2.386000e-05	2.004466e-02	-1.468924e+01
2.387000e-05	1.034319e-02	-1.475495e+01
2.388000e-05	1.575644e-02	-1.485023e+01
2.389000e-05	1.760756e-02	-1.496287e+01
2.390000e-05	1.360874e-02	-1.508054e+01
2.391000e-05	1.893774e-02	-1.512174e+01
2.392000e-05	1.824394e-02	-1.518543e+01
2.393000e-05	2.649146e-02	-1.521871e+01
2.394000e-05	1.556532e-02	-1.532179e+01
2.395000e-05	1.764805e-02	-1.538545e+01
2.396000e-05	1.474181e-02	-1.543711e+01
2.397000e-05	2.840037e-02	-1.550181e+01
2.398000e-05	2.620568e-02	-1.551187e+01
2.399000e-05	2.687563e-02	-1.556700e+01
2.400000e-05	2.411445e-02	-1.556551e+01
2.401000e-05	2.697850e-02	-1.562671e+01
2.402000e-05	3.048742e-02	-1.562866e+01
2.403000e-05	2.878433e-02	-1.561914e+01
2.404000e-05	3.055599e-02	-1.564867e+01
2.405000e-05	3.627913e-02	-1.567018e+01
2.406000e-05	4.398717e-02	-1.563874e+01
2.407000e-05	4.380493e-02	-1.564771e+01
2.408000e-05	4.393079e-02	-1.564758e+01
2.409000e-05	5.010927e-02	-1.559711e+01
2.410000e-05	6.092561e-02	-1.558558e+01
2.411000e-05	7.425086e-02	-1.553642e+01
2.412000e-05	8.766013e-02	-1.554337e+01
2.413000e-05	1.094598e-01	-1.545129e+01
2.414000e-05	1.481359e-01	-1.544504e+01
2.415000e-05	2.030148e-01	-1.536253e+01
2.416000e-05	2.460059e-01	-1.532194e+01
2.417000e-05	2.500000e-01	-1.523821e+01
2.418000e-05	2.500000e-01	-1.517550e+01
2.419000e-05	2.490100e-01	-1.510880e+01
2.420000e-05	2.106581e-01	-1.500558e+01
2.421000e-05	1.402169e-01	-1.492155e+01
2.422000e-05	9.584633e-02	-1.484768e+01
2.423000e-05	7.156340e-02	-1.475405e+01
2.424000e-05	5.479113e-02	-1.465824e+01
2.425000e-05	4.059621e-02	-1.457198e+01
2.426000e-05	3.054305e-02	-1.441613e+01
2.427000e-05	2.650840e-02	-1.429840e+01
2.428000e-05	2.363584e-02	-1.419307e+01
2.429000e-05	1.941829e-02	-1.400719e+01
2.430000e-05	1.379431e-02	-1.390989e+01
2.431000e-05	1.419414e-02	-1.374153e+01
2.432000e-05	1.472776e-02	-1.360616e+01
2.433000e-05	1.358628e-02	-1.346626e+01
2.434000e-05	8.966551e-03	-1.331843e+01
2.435000e-05	6.753886e-03	-1.315303e+01
2.436000e-05	7.657702e-03	-1.297403e+01
2.437000e-05	8.713596e-03	-1.284524e+01
2.438000e-05	7.025444e-03	-1.269682e+01
2.439000e-05	4.012817e-03	-1.251882e+01
2.440000e-05	5.031427e-03	-1.233035e+01
2.441000e-05	5.482197e-03	-1.209895e+01
2.442000e-05	3.813477e-03	-1.196955e+01
2.443000e-05	1.789448e-03	-1.173240e+01
2.444000e-05	1.982807e-03	-1.148097e+01
2.445000e-05	3.207774e-03	-1.123624e+01
2.446000e-05	3.520478e-03	-1.103681e+01
2.447000e-05	2.917874e-03	-1.087326e+01
2.448000e-05	5.509169e-04	-1.069564e+01
2.449000e-05	3.893706e-04	-1.041582e+01
2.450000e-05	1.354257e-03	-1.021211e+01
2.451000e-05	6.430003e-04	-9.983208e+00
2.452000e-05	-1.277163e-03	-9.792104e+00
2.453000e-05	-1.442862e-03	-9.542000e+00
2.454000e-05	1.390664e-04	-9.318970e+00
2.455000e-05	3.593430e-04	-9.067213e+00
2.456000e-05	-2.095902e-03	-8.823291e+00
2.457000e-05	-3.488870e-03	-8.602159e+00
2.458000e-05	-2.179951e-03	-8.371008e+00
2.459000e-05	-9.914935e-04	-8.078425e+00
2.460000e-05	-1.628938e-03	-7.843713e+00
2.461000e-05	-3.725388e-03	-7.582109e+00
2.462000e-05	-3.972509e-03	-7.296772e+00
2.463000e-05	-3.475455e-03	-7.043311e+00
2.464000e-05	-3.364968e-03	-6.760105e+00
2.465000e-05	-4.741279e-03	-6.518500e+00
2.466000e-05	-4.611869e-03	-6.174288e+00
2.467000e-05	-3.975238e-03	-5.990155e+00
2.468000e-05	-4.155775e-03	-5.727976e+00
2.469000e-05	-4.791415e-03	-5.370134e+00
2.470000e-05	-6.864301e-03	-5.128951e+00
2.471000e-05	-6.388737e-03	-4.791659e+00
2.472000e-05	-4.883516e-03	-4.515392e+00
2.473000e-05	-4.372863e-03	-4.264341e+00
2.474000e-05	-5.695503e-03	-3.960714e+00
2.475000e-05	-7.428928e-03	-3.664897e+00
2.476000e-05	-6.205780e-03	-3.413712e+00
2.477000e-05	-7.798861e-03	-3.129509e+00
2.478000e-05	-6.954586e-03	-2.832765e+00
2.479000e-05	-8.592019e-03	-2.549054e+00
2.480000e-05	-5.568593e-03	-2.314795e+00
2.481000e-05	-6.443594e-03	-1.988607e+00
2.482000e-05	-6.210996e-03	-1.716922e+00
2.483000e-05	-9.630459e-03	-1.452211e+00
2.484000e-05	-9.559408e-03	-1.084741e+00
2.485000e-05	-9.145964e-03	-7.912092e-01
2.486000e-05	-7.384711e-03	-5.054196e-01
2.487000e-05	-6.216712e-03	-2.422392e-01
2.488000e-05	-3.408210e-03	4.350657e-02
2.489000e-05	7.313075e-03	3.667359e-01
2.490000e-05	-5.292862e-03	6.313413e-01
2.491000e-05	2.345259e-03	8.339749e-01
2.492000e-05	-6.940449e-03	1.139364e+00
2.493000e-05	8.299951e-05	1.410496e+00
2.494000e-05	-5.371147e-03	1.770267e+00
2.495000e-05	1.187841e-02	2.010870e+00
2.496000e-05	4.571022e-02	2.243947e+00
2.497000e-05	8.952032e-02	2.537712e+00
2.498000e-05	-6.278165e-02	2.886079e+00
2.499000e-05	-4.090175e-02	3.190291e+00
2.500000e-05	-4.183739e-02	3.506458e+00
2.501000e-05	-1.974654e-02	3.728313e+00
2.502000e-05	-7.296319e-02	3.969395e+00
2.503000e-05	-6.737915e-03	4.163370e+00
2.504000e-05	1.080793e-01	4.506579e+00
2.505000e-05	-9.341087e-02	4.769265e+00
2.506000e-05	9.400257e-02	5.084419e+00
2.507000e-05	2.368337e-03	5.363266e+00
2.508000e-05	-9.053575e-02	5.666028e+00
2.509000e-05	6.455146e-02	5.928187e+00
2.510000e-05	-6.300472e-02	6.221345e+00
2.511000e-05	6.656987e-02	6.444872e+00
2.512000e-05	-4.207444e-02	6.789762e+00
2.513000e-05	-1.656036e-02	6.991923e+00
2.514000e-05	1.269285e-02	7.287078e+00
2.515000e-05	-3.645998e-02	7.519320e+00
2.516000e-05	2.997139e-02	7.855499e+00
2.517000e-05	-5.959614e-02	8.159762e+00
2.518000e-05	5.610212e-02	8.360842e+00
2.519000e-05	-1.374868e-02	8.623393e+00
2.520000e-05	-1.572256e-02	8.813972e+00
2.521000e-05	-4.208347e-03	9.058552e+00
2.522000e-05	-5.632864e-02	9.327133e+00
2.523000e-05	3.747978e-02	9.518685e+00
2.524000e-05	-1.866398e-02	9.792344e+00
2.525000e-05	2.262241e-02	9.994546e+00
2.526000e-05	-4.249817e-02	1.023395e+01
2.527000e-05	1.048547e-02	1.042655e+01
2.528000e-05	-1.368796e-02	1.070559e+01
2.529000e-05	-1.946561e-02	1.090658e+01
2.530000e-05	-1.132535e-02	1.106713e+01
2.531000e-05	-1.932376e-02	1.131883e+01
2.532000e-05	2.046367e-02	1.154119e+01
2.533000e-05	-2.009656e-02	1.174271e+01
2.534000e-05	-9.242451e-03	1.191114e+01
2.535000e-05	-3.589944e-02	1.213121e+01
2.536000e-05	4.825560e-03	1.229166e+01
2.537000e-05	-7.763808e-03	1.247876e+01
2.538000e-05	-6.464654e-03	1.264708e+01
2.539000e-05	-2.262482e-02	1.278655e+01
2.540000e-05	-1.668608e-02	1.301597e+01
2.541000e-05	-4.836566e-03	1.316187e+01
2.542000e-05	-2.028292e-02	1.330979e+01
2.543000e-05	-1.926818e-02	1.346708e+01
2.544000e-05	-2.185021e-02	1.359753e+01
2.545000e-05	2.546396e-03	1.377392e+01
2.546000e-05	-1.192711e-02	1.392123e+01
2.547000e-05	-2.118760e-02	1.402756e+01
2.548000e-05	-3.101506e-02	1.418495e+01
2.549000e-05	-1.624714e-02	1.437384e+01
2.550000e-05	-1.043295e-02	1.448764e+01
2.551000e-05	-1.941160e-02	1.455285e+01
2.552000e-05	-2.402169e-02	1.465913e+01
2.553000e-05	-2.231373e-02	1.474337e+01
2.554000e-05	-1.060881e-02	1.482861e+01
2.555000e-05	-2.213218e-02	1.495182e+01
2.556000e-05	-2.668922e-02	1.502555e+01
2.557000e-05	-2.802848e-02	1.509071e+01
2.558000e-05	-1.677222e-02	1.513492e+01
2.559000e-05	-1.885347e-02	1.521808e+01
2.560000e-05	-3.090821e-02	1.529016e+01
2.561000e-05	-3.660984e-02	1.533140e+01
2.562000e-05	-3.073941e-02	1.541663e+01
2.563000e-05	-2.088448e-02	1.550064e+01
2.564000e-05	-2.772269e-02	1.550069e+01
2.565000e-05	-3.315679e-02	1.553385e+01
2.566000e-05	-3.417165e-02	1.556445e+01
2.567000e-05	-2.879983e-02	1.557456e+01
2.568000e-05	-3.527018e-02	1.556498e+01
2.569000e-05	-4.620684e-02	1.559611e+01
2.570000e-05	-4.727651e-02	1.560655e+01
2.571000e-05	-4.232068e-02	1.563563e+01
2.572000e-05	-3.895911e-02	1.556613e+01
2.573000e-05	-5.145542e-02	1.561555e+01
2.574000e-05	-6.066030e-02	1.561500e+01
2.575000e-05	-6.478558e-02	1.555338e+01
2.576000e-05	-6.720872e-02	1.555237e+01
2.577000e-05	-8.235105e-02	1.549187e+01
2.578000e-05	-1.066408e-01	1.547074e+01
2.579000e-05	-1.318286e-01	1.543713e+01
2.580000e-05	-1.695975e-01	1.541355e+01
2.581000e-05	-2.224553e-01	1.534129e+01
2.582000e-05	-2.493870e-01	1.526926e+01
2.583000e-05	-2.500000e-01	1.520510e+01
2.584000e-05	-2.500000e-01	1.511195e+01
2.585000e-05	-2.429847e-01	1.504869e+01
2.586000e-05	-1.897748e-01	1.497302e+01
2.587000e-05	-1.349414e-01	1.485981e+01
2.588000e-05	-9.683480e-02	1.478253e+01
2.589000e-05	-6.955174e-02	1.465731e+01
2.590000e-05	-5.465329e-02	1.460260e+01
2.591000e-05	-4.920169e-02	1.447874e+01
2.592000e-05	-4.146018e-02	1.438450e+01
2.593000e-05	-3.308472e-02	1.423571e+01
2.594000e-05	-2.603308e-02	1.409887e+01
2.595000e-05	-2.946021e-02	1.398253e+01
2.596000e-05	-2.918030e-02	1.377563e+01
2.597000e-05	-2.497143e-02	1.364874e+01
2.598000e-05	-1.856563e-02	1.350948e+01
2.599000e-05	-1.961043e-02	1.338250e+01
2.600000e-05	-2.162276e-02	1.322659e+01
2.601000e-05	-2.111157e-02	1.304679e+01
2.602000e-05	-1.560492e-02	1.284929e+01
2.603000e-05	-1.515504e-02	1.271050e+01
2.604000e-05	-1.847952e-02	1.255155e+01
2.605000e-05	-1.979512e-02	1.238318e+01
2.606000e-05	-1.429235e-02	1.220416e+01
2.607000e-05	-1.223590e-02	1.202566e+01
2.608000e-05	-1.454885e-02	1.181521e+01
2.609000e-05	-1.783688e-02	1.161463e+01
2.610000e-05	-1.577846e-02	1.144364e+01
2.611000e-05	-1.141184e-02	1.116411e+01
2.612000e-05	-1.180929e-02	1.097256e+01
2.613000e-05	-1.419499e-02	1.076212e+01
2.614000e-05	-1.413900e-02	1.054255e+01
2.615000e-05	-1.120705e-02	1.036197e+01
2.616000e-05	-1.085850e-02	1.010997e+01
2.617000e-05	-1.236826e-02	9.876817e+00
2.618000e-05	-1.424800e-02	9.666817e+00
2.619000e-05	-1.196556e-02	9.403635e+00
2.620000e-05	-9.054179e-03	9.183233e+00
2.621000e-05	-1.103765e-02	8.972051e+00
2.622000e-05	-1.420767e-02	8.738516e+00
2.623000e-05	-1.313599e-02	8.507896e+00
2.624000e-05	-8.731009e-03	8.265266e+00
2.625000e-05	-7.372564e-03	8.003188e+00
2.626000e-05	-1.000379e-02	7.748125e+00
2.627000e-05	-1.087924e-02	7.525292e+00
2.628000e-05	-9.772072e-03	7.191681e+00
2.629000e-05	-8.365472e-03	6.948503e+00
2.630000e-05	-1.000686e-02	6.685296e+00
2.631000e-05	-1.233851e-02	6.400133e+00
2.632000e-05	-1.042187e-02	6.169026e+00
2.633000e-05	-6.738727e-03	5.936815e+00
2.634000e-05	-6.966357e-03	5.591233e+00
2.635000e-05	-8.372490e-03	5.327499e+00
2.636000e-05	-9.792166e-03	4.989158e+00
2.637000e-05	-7.110023e-03	4.706390e+00
2.638000e-05	-7.201349e-03	4.422782e+00
2.639000e-05	-8.127630e-03	4.167553e+00
2.640000e-05	-1.046976e-02	3.843939e+00
2.641000e-05	-8.246014e-03	3.609183e+00
2.642000e-05	-5.970476e-03	3.325646e+00
2.643000e-05	-5.915048e-03	3.021634e+00
2.644000e-05	-7.447220e-03	2.758551e+00
2.645000e-05	-7.372920e-03	2.430288e+00
2.646000e-05	-5.471851e-03	2.158031e+00
2.647000e-05	-5.312357e-03	1.924417e+00
2.648000e-05	-7.676838e-03	1.570107e+00
2.649000e-05	-7.485734e-03	1.313391e+00
2.650000e-05	-6.002561e-03	9.480487e-01
2.651000e-05	-4.156011e-03	6.527369e-01
2.652000e-05	-5.155831e-03	3.996314e-01
2.653000e-05	-3.808636e-03	8.249928e-02
2.654000e-05	8.292381e-04	-2.313197e-01
2.655000e-05	1.134383e-02	-4.514739e-01
2.656000e-05	-3.015982e-03	-7.387871e-01
2.657000e-05	4.272257e-03	-9.903686e-01
2.658000e-05	-4.246623e-03	-1.285003e+00
2.659000e-05	2.744855e-03	-1.590246e+00
2.660000e-05	4.224302e-03	-1.832950e+00
2.661000e-05	4.301794e-02	-2.033503e+00
2.662000e-05	1.137857e-01	-2.391193e+00
2.663000e-05	-3.608735e-02	-2.750540e+00
2.664000e-05	-3.607801e-02	-3.162186e+00
2.665000e-05	-2.901287e-02	-3.402502e+00
2.666000e-05	-2.877168e-02	-3.622024e+00
2.667000e-05	-7.863459e-02	-3.906509e+00
2.668000e-05	7.642472e-02	-4.065532e+00
2.669000e-05	6.968581e-02	-4.256555e+00
2.670000e-05	-1.214024e-01	-4.583324e+00
2.671000e-05	1.881150e-01	-4.866055e+00
2.672000e-05	-1.579546e-01	-5.202787e+00
2.673000e-05	8.242278e-02	-5.529718e+00
2.674000e-05	-2.125813e-02	-5.749241e+00
2.675000e-05	-7.086246e-02	-6.047054e+00
2.676000e-05	1.612431e-01	-6.308712e+00
2.677000e-05	-1.297903e-01	-6.623769e+00
2.678000e-05	1.189572e-01	-6.918511e+00
2.679000e-05	-7.672420e-02	-7.130317e+00
2.680000e-05	1.265436e-02	-7.426505e+00
2.681000e-05	4.927889e-02	-7.698657e+00
2.682000e-05	-7.665480e-02	-8.002844e+00
2.683000e-05	1.397454e-01	-8.213451e+00
2.684000e-05	-1.072664e-01	-8.448007e+00
2.685000e-05	1.011625e-01	-8.771344e+00
2.686000e-05	-5.495013e-02	-9.002445e+00
2.687000e-05	-6.036187e-03	-9.233453e+00
2.688000e-05	3.901813e-02	-9.446451e+00
2.689000e-05	-2.832319e-02	-9.708060e+00
2.690000e-05	9.766727e-02	-9.897632e+00
2.691000e-05	-7.336001e-02	-1.012171e+01
2.692000e-05	7.886076e-02	-1.038230e+01
2.693000e-05	-6.934027e-02	-1.057434e+01
2.694000e-05	6.080307e-02	-1.076243e+01
2.695000e-05	-2.638346e-02	-1.096337e+01
2.696000e-05	2.883367e-02	-1.115390e+01
2.697000e-05	1.590774e-02	-1.140347e+01
2.698000e-05	1.739575e-03	-1.169858e+01
2.699000e-05	2.748303e-02	-1.186711e+01
2.700000e-05	-2.631697e-02	-1.204858e+01
2.701000e-05	3.521768e-02	-1.227645e+01
2.702000e-05	-1.099453e-02	-1.242796e+01
2.703000e-05	4.852361e-02	-1.261492e+01
2.704000e-05	-1.479979e-02	-1.276388e+01
2.705000e-05	2.312440e-02	-1.298234e+01
2.706000e-05	-8.935991e-03	-1.311022e+01
2.707000e-05	2.414546e-02	-1.324971e+01
2.708000e-05	2.300234e-03	-1.342588e+01
2.709000e-05	1.964777e-02	-1.356337e+01
2.710000e-05	1.659632e-02	-1.372026e+01
2.711000e-05	1.938466e-02	-1.390164e+01
2.712000e-05	1.209134e-02	-1.403805e+01
2.713000e-05	2.104724e-03	-1.416392e+01
2.714000e-05	1.000775e-02	-1.422873e+01
2.715000e-05	1.404620e-02	-1.441545e+01
2.716000e-05	2.476139e-02	-1.454129e+01
2.717000e-05	1.400696e-02	-1.461601e+01
2.718000e-05	1.940333e-02	-1.472284e+01
2.719000e-05	9.855069e-03	-1.475658e+01
2.720000e-05	2.073174e-02	-1.490132e+01
2.721000e-05	1.136212e-02	-1.505605e+01
2.722000e-05	1.939037e-02	-1.509976e+01
2.723000e-05	1.606998e-02	-1.518442e+01
2.724000e-05	2.530727e-02	-1.521761e+01
2.725000e-05	1.904430e-02	-1.531031e+01
2.726000e-05	1.713464e-02	-1.536247e+01
2.727000e-05	1.611488e-02	-1.542558e+01
2.728000e-05	2.218384e-02	-1.545021e+01
2.729000e-05	2.813658e-02	-1.549137e+01
2.730000e-05	2.517006e-02	-1.554488e+01
2.731000e-05	2.653144e-02	-1.556595e+01
2.732000e-05	2.550081e-02	-1.562656e+01
2.733000e-05	2.939120e-02	-1.562811e+01
2.734000e-05	2.755958e-02	-1.564869e+01
2.735000e-05	2.954830e-02	-1.563821e+01
2.736000e-05	3.363649e-02	-1.561976e+01
2.737000e-05	4.131076e-02	-1.569919e+01
2.738000e-05	4.367672e-02	-1.563818e+01
2.739000e-05	4.361602e-02	-1.562814e+01
2.740000e-05	4.693458e-02	-1.565718e+01
2.741000e-05	5.668876e-02	-1.557700e+01
2.742000e-05	6.764487e-02	-1.558600e+01
2.743000e-05	8.038654e-02	-1.552442e+01
2.744000e-05	9.725911e-02	-1.548274e+01
2.745000e-05	1.282826e-01	-1.545021e+01
2.746000e-05	1.748885e-01	-1.539466e+01
2.747000e-05	2.315711e-01	-1.532200e+01
2.748000e-05	2.497990e-01	-1.526782e+01
2.749000e-05	2.500000e-01	-1.520611e+01
2.750000e-05	2.500000e-01	-1.514145e+01
2.751000e-05	2.351419e-01	-1.504974e+01
2.752000e-05	1.728991e-01	-1.498353e+01
2.753000e-05	1.121023e-01	-1.487882e+01
2.754000e-05	8.364930e-02	-1.478510e+01
2.755000e-05	6.316417e-02	-1.471047e+01
2.756000e-05	4.606168e-02	-1.458511e+01
2.757000e-05	3.716950e-02	-1.446887e+01
2.758000e-05	2.521100e-02	-1.437206e+01
2.759000e-05	2.509868e-02	-1.423666e+01
2.760000e-05	1.714053e-02	-1.408089e+01
2.761000e-05	1.681034e-02	-1.401457e+01
2.762000e-05	1.495047e-02	-1.378921e+01
2.763000e-05	1.588744e-02	-1.368844e+01
2.764000e-05	1.544448e-02	-1.354140e+01
2.765000e-05	1.178707e-02	-1.338410e+01
2.766000e-05	6.150823e-03	-1.319673e+01
2.767000e-05	5.706937e-03	-1.307890e+01
2.768000e-05	5.509619e-03	-1.286890e+01
2.769000e-05	7.436266e-03	-1.272093e+01
2.770000e-05	6.834082e-03	-1.257255e+01
2.771000e-05	5.599621e-03	-1.239566e+01
2.772000e-05	7.081929e-03	-1.223316e+01
2.773000e-05	4.851732e-03	-1.204676e+01
2.774000e-05	2.975514e-03	-1.181466e+01
2.775000e-05	2.469639e-04	-1.157581e+01
2.776000e-05	9.747747e-04	-1.140990e+01
2.777000e-05	2.889650e-03	-1.114263e+01
2.778000e-05	3.392534e-03	-1.091898e+01
2.779000e-05	2.455472e-03	-1.071045e+01
2.780000e-05	7.190715e-04	-1.051003e+01
2.781000e-05	1.466359e-03	-1.032099e+01
2.782000e-05	1.149495e-03	-1.009737e+01
2.783000e-05	-3.119698e-04	-9.866842e+00
2.784000e-05	-1.459413e-03	-9.615816e+00
2.785000e-05	-7.914318e-04	-9.452658e+00
2.786000e-05	6.485232e-04	-9.161558e+00
2.787000e-05	-1.987319e-03	-8.990120e+00
2.788000e-05	-2.540094e-03	-8.719475e+00
2.789000e-05	-2.779380e-03	-8.457169e+00
2.790000e-05	-2.468418e-03	-8.223684e+00
2.791000e-05	-5.034901e-04	-8.001633e+00
2.792000e-05	-3.311019e-03	-7.677940e+00
2.793000e-05	-2.848669e-03	-7.414238e+00
2.794000e-05	-2.183809e-03	-7.170075e+00
2.795000e-05	-4.372952e-03	-6.887871e+00
2.796000e-05	-2.186696e-03	-6.623233e+00
2.797000e-05	-8.231393e-03	-6.371180e+00
2.798000e-05	-4.267689e-03	-6.105845e+00
2.799000e-05	-7.114720e-03	-5.822731e+00
2.800000e-05	-3.551724e-03	-5.560131e+00
2.801000e-05	-4.373377e-03	-5.234369e+00
2.802000e-05	-4.065678e-03	-4.978625e+00
2.803000e-05	-4.437311e-03	-4.619762e+00
2.804000e-05	-5.196803e-03	-4.400080e+00
2.805000e-05	-6.680191e-03	-4.137475e+00
2.806000e-05	-9.725652e-03	-3.863363e+00
2.807000e-05	-8.222942e-03	-3.540151e+00
2.808000e-05	-7.986651e-03	-3.295920e+00
2.809000e-05	-5.545232e-03	-3.001209e+00
2.810000e-05	-7.107738e-03	-2.707869e+00
2.811000e-05	-5.848186e-03	-2.480791e+00
2.812000e-05	-5.953544e-03	-2.099552e+00
2.813000e-05	-6.377055e-03	-1.852789e+00
2.814000e-05	-9.149042e-03	-1.558152e+00
2.815000e-05	-1.072260e-02	-1.201262e+00
2.816000e-05	-1.058228e-02	-8.979710e-01
2.817000e-05	-8.091387e-03	-6.738368e-01
2.818000e-05	-7.117626e-03	-3.475471e-01
2.819000e-05	-6.332389e-03	-8.381686e-02
2.820000e-05	4.272513e-03	2.083409e-01
2.821000e-05	2.545899e-03	5.146542e-01
2.822000e-05	-1.339491e-03	7.366856e-01
2.823000e-05	-1.471664e-03	1.011890e+00
2.824000e-05	-5.255494e-03	1.327654e+00
2.825000e-05	-2.870629e-03	1.601321e+00
2.826000e-05	5.679085e-04	1.905156e+00
2.827000e-05	2.448140e-02	2.115734e+00
2.828000e-05	8.375232e-02	2.430842e+00
2.829000e-05	1.818762e-02	2.757692e+00
2.830000e-05	-7.601377e-02	3.064003e+00
2.831000e-05	-3.032753e-02	3.357162e+00
2.832000e-05	-3.490919e-02	3.643499e+00
2.833000e-05	-3.654374e-02	3.854583e+00
2.834000e-05	-6.419173e-02	4.035628e+00
2.835000e-05	8.047851e-02	4.378790e+00
2.836000e-05	2.043170e-02	4.654424e+00
2.837000e-05	-6.366035e-02	4.877634e+00
2.838000e-05	1.471535e-01	5.231849e+00
2.839000e-05	-1.434930e-01	5.517764e+00
2.840000e-05	4.651572e-02	5.774365e+00
2.841000e-05	-2.306833e-02	6.076080e+00
2.842000e-05	1.254353e-03	6.318186e+00
2.843000e-05	4.241223e-02	6.592420e+00
2.844000e-05	-7.632978e-02	6.915130e+00
2.845000e-05	4.362121e-02	7.148839e+00
2.846000e-05	-5.407323e-02	7.445322e+00
2.847000e-05	3.253257e-02	7.718633e+00
2.848000e-05	-3.974954e-02	8.024445e+00
2.849000e-05	6.183134e-03	8.277061e+00
2.850000e-05	3.466169e-02	8.476635e+00
2.851000e-05	-3.569346e-02	8.707286e+00
2.852000e-05	1.342215e-02	8.972740e+00
2.853000e-05	-5.304231e-02	9.185400e+00
2.854000e-05	1.855348e-03	9.413950e+00
2.855000e-05	5.719345e-03	9.665581e+00
2.856000e-05	7.271788e-03	9.908640e+00
2.857000e-05	-1.455494e-02	1.013964e+01
2.858000e-05	-1.990337e-02	1.036029e+01
2.859000e-05	8.129658e-03	1.057282e+01
2.860000e-05	-2.322233e-02	1.073438e+01
2.861000e-05	-1.027968e-02	1.100242e+01
2.862000e-05	-2.284419e-02	1.117295e+01
2.863000e-05	5.967935e-03	1.142500e+01
2.864000e-05	-1.367912e-03	1.164603e+01
2.865000e-05	-1.240201e-02	1.182603e+01
2.866000e-05	-2.833900e-02	1.202595e+01
2.867000e-05	-1.281259e-02	1.220547e+01
2.868000e-05	-7.951992e-04	1.241401e+01
2.869000e-05	-3.732030e-03	1.259145e+01
2.870000e-05	-1.846414e-02	1.278295e+01
2.871000e-05	-2.098143e-02	1.292126e+01
2.872000e-05	-1.019355e-02	1.309016e+01
2.873000e-05	-1.088854e-02	1.323700e+01
2.874000e-05	-2.006251e-02	1.341390e+01
2.875000e-05	-2.458919e-02	1.354130e+01
2.876000e-05	-4.711250e-03	1.370173e+01
2.877000e-05	-4.292424e-03	1.387856e+01
2.878000e-05	-1.252973e-02	1.400443e+01
2.879000e-05	-3.423490e-02	1.413332e+01
2.880000e-05	-2.233911e-02	1.428916e+01
2.881000e-05	-1.418830e-02	1.441438e+01
2.882000e-05	-1.011948e-02	1.451979e+01
2.883000e-05	-2.387942e-02	1.459911e+01
2.884000e-05	-2.483958e-02	1.473219e+01
2.885000e-05	-1.352867e-02	1.483558e+01
2.886000e-05	-1.758484e-02	1.488872e+01
2.887000e-05	-2.369181e-02	1.497190e+01
2.888000e-05	-3.386936e-02	1.508961e+01
2.889000e-05	-1.937229e-02	1.512189e+01
2.890000e-05	-1.710652e-02	1.519548e+01
2.891000e-05	-2.092961e-02	1.527819e+01
2.892000e-05	-3.681589e-02	1.533177e+01
2.893000e-05	-3.402761e-02	1.542395e+01
2.894000e-05	-2.563133e-02	1.544808e+01
2.895000e-05	-2.316457e-02	1.545776e+01
2.896000e-05	-3.185630e-02	1.554184e+01
2.897000e-05	-3.638676e-02	1.554342e+01
2.898000e-05	-2.794895e-02	1.556500e+01
2.899000e-05	-3.130031e-02	1.557395e+01
2.900000e-05	-3.723405e-02	1.560515e+01
2.901000e-05	-5.095109e-02	1.560621e+01
2.902000e-05	-4.472188e-02	1.564708e+01
2.903000e-05	-4.074553e-02	1.560711e+01
2.904000e-05	-4.450005e-02	1.559458e+01
2.905000e-05	-5.634946e-02	1.558463e+01
2.906000e-05	-6.545218e-02	1.559545e+01
2.907000e-05	-6.357495e-02	1.555245e+01
2.908000e-05	-7.404136e-02	1.553385e+01
2.909000e-05	-9.309828e-02	1.548029e+01
2.910000e-05	-1.212362e-01	1.544723e+01
2.911000e-05	-1.491077e-01	1.540303e+01
2.912000e-05	-1.959806e-01	1.537143e+01
2.913000e-05	-2.445677e-01	1.532927e+01
2.914000e-05	-2.500000e-01	1.523616e+01
2.915000e-05	-2.500000e-01	1.513557e+01
2.916000e-05	-2.497400e-01	1.510132e+01
2.917000e-05	-2.194439e-01	1.500765e+01
2.918000e-05	-1.580330e-01	1.490994e+01
2.919000e-05	-1.161662e-01	1.482661e+01
2.920000e-05	-8.016405e-02	1.472035e+01
2.921000e-05	-5.956879e-02	1.466766e+01
2.922000e-05	-4.912766e-02	1.456090e+01
2.923000e-05	-4.854982e-02	1.440613e+01
2.924000e-05	-3.723397e-02	1.429042e+01
2.925000e-05	-2.795710e-02	1.416405e+01
2.926000e-05	-2.579413e-02	1.400516e+01
2.927000e-05	-3.064194e-02	1.390774e+01
2.928000e-05	-2.925216e-02	1.376093e+01
2.929000e-05	-2.091455e-02	1.362415e+01
2.930000e-05	-1.746820e-02	1.343871e+01
2.931000e-05	-2.074983e-02	1.327985e+01
2.932000e-05	-2.203191e-02	1.311052e+01
2.933000e-05	-1.859255e-02	1.297105e+01
2.934000e-05	-1.367505e-02	1.278566e+01
2.935000e-05	-1.723435e-02	1.267419e+01
2.936000e-05	-2.156385e-02	1.250831e+01
2.937000e-05	-1.933777e-02	1.232832e+01
2.938000e-05	-1.285504e-02	1.212947e+01
2.939000e-05	-1.093010e-02	1.189887e+01
2.940000e-05	-1.625171e-02	1.170790e+01
2.941000e-05	-1.756200e-02	1.150894e+01
2.942000e-05	-1.337885e-02	1.130836e+01
2.943000e-05	-1.006905e-02	1.106539e+01
2.944000e-05	-1.398207e-02	1.086739e+01
2.945000e-05	-1.706541e-02	1.068630e+01
2.946000e-05	-1.415485e-02	1.041781e+01
2.947000e-05	-9.619633e-03	1.023524e+01
2.948000e-05	-1.043985e-02	1.001321e+01
2.949000e-05	-1.363177e-02	9.761578e+00
2.950000e-05	-1.326887e-02	9.501044e+00
2.951000e-05	-9.985643e-03	9.278998e+00
2.952000e-05	-8.606136e-03	9.104870e+00
2.953000e-05	-1.295913e-02	8.826266e+00
2.954000e-05	-1.447727e-02	8.581186e+00
2.955000e-05	-1.112391e-02	8.361080e+00
2.956000e-05	-6.547749e-03	8.089472e+00
2.957000e-05	-8.374448e-03	7.897386e+00
2.958000e-05	-1.125204e-02	7.631107e+00
2.959000e-05	-1.088829e-02	7.317950e+00
2.960000e-05	-8.904332e-03	7.074338e+00
2.961000e-05	-8.123419e-03	6.822209e+00
2.962000e-05	-1.127735e-02	6.548551e+00
2.963000e-05	-1.155620e-02	6.254837e+00
2.964000e-05	-7.854121e-03	6.023232e+00
2.965000e-05	-5.404267e-03	5.730002e+00
2.966000e-05	-8.140474e-03	5.505287e+00
2.967000e-05	-1.109562e-02	5.189626e+00
2.968000e-05	-1.029300e-02	4.815362e+00
2.969000e-05	-6.320488e-03	4.558001e+00
2.970000e-05	-6.664560e-03	4.285392e+00
2.971000e-05	-8.457679e-03	3.960131e+00
2.972000e-05	-9.189833e-03	3.708421e+00
2.973000e-05	-5.866896e-03	3.451811e+00
2.974000e-05	-5.844073e-03	3.128046e+00
2.975000e-05	-7.138457e-03	2.913817e+00
2.976000e-05	-1.020886e-02	2.561661e+00
2.977000e-05	-7.503116e-03	2.312394e+00
2.978000e-05	-5.304943e-03	2.032710e+00
2.979000e-05	-5.051184e-03	1.758075e+00
2.980000e-05	-7.633677e-03	1.430762e+00
2.981000e-05	-6.418417e-03	1.106479e+00
2.982000e-05	-4.363658e-03	7.787289e-01
2.983000e-05	-3.872530e-03	5.073946e-01
2.984000e-05	-5.568668e-03	2.527330e-01
2.985000e-05	-4.101332e-03	-7.345150e-02
2.986000e-05	7.001573e-03	-3.176907e-01
2.987000e-05	3.502534e-03	-6.117672e-01
2.988000e-05	1.940106e-03	-8.945780e-01
2.989000e-05	-5.314313e-04	-1.166713e+00
2.990000e-05	5.837629e-04	-1.475575e+00
2.991000e-05	2.248435e-03	-1.726164e+00
2.992000e-05	1.955000e-02	-1.958242e+00
2.993000e-05	8.251872e-02	-2.179344e+00
2.994000e-05	6.512826e-02	-2.559135e+00
2.995000e-05	-8.100213e-02	-3.000733e+00
2.996000e-05	-2.281761e-03	-3.318136e+00
2.997000e-05	-4.828052e-02	-3.518290e+00
2.998000e-05	-3.659228e-02	-3.752843e+00
2.999000e-05	-5.601362e-02	-4.010999e+00
3.000000e-05	1.765341e-01	-4.150265e+00
3.001000e-05	-1.347092e-01	-4.444998e+00
3.002000e-05	1.093878e-01	-4.798820e+00
3.003000e-05	4.365323e-02	-5.032821e+00
3.004000e-05	-1.183345e-01	-5.403399e+00
3.005000e-05	1.459695e-01	-5.615079e+00
3.006000e-05	-1.710092e-01	-5.918613e+00
3.007000e-05	1.531761e-01	-6.212475e+00
3.008000e-05	-2.286298e-02	-6.444027e+00
3.009000e-05	-1.729873e-02	-6.781322e+00
3.010000e-05	7.865009e-02	-7.022348e+00
3.011000e-05	-1.225631e-01	-7.359165e+00
3.012000e-05	1.256893e-01	-7.602317e+00
3.013000e-05	-9.843865e-02	-7.876849e+00
3.014000e-05	9.150316e-02	-8.159734e+00
3.015000e-05	3.640442e-03	-8.370286e+00
3.016000e-05	-3.320517e-02	-8.654476e+00
3.017000e-05	8.508039e-02	-8.886079e+00
3.018000e-05	-1.160485e-01	-9.118711e+00
3.019000e-05	9.811397e-02	-9.310707e+00
3.020000e-05	-6.716820e-02	-9.553774e+00
3.021000e-05	9.861179e-02	-9.804450e+00
3.022000e-05	-2.724114e-02	-1.000335e+01
3.023000e-05	1.790009e-02	-1.023658e+01
3.024000e-05	7.476765e-03	-1.043658e+01
3.025000e-05	-2.738177e-02	-1.071914e+01
3.026000e-05	5.193682e-02	-1.084816e+01
3.027000e-05	-4.264572e-02	-1.112766e+01
3.028000e-05	6.878711e-02	-1.133076e+01
3.029000e-05	-3.246114e-02	-1.155224e+01
3.030000e-05	5.448067e-02	-1.175379e+01
3.031000e-05	-3.296358e-02	-1.196142e+01
3.032000e-05	2.761668e-02	-1.216334e+01
3.033000e-05	-5.726842e-03	-1.234284e+01
3.034000e-05	3.190998e-02	-1.255076e+01
3.035000e-05	1.313325e-02	-1.269858e+01
3.036000e-05	3.095006e-03	-1.290866e+01
3.037000e-05	1.030705e-02	-1.302698e+01
3.038000e-05	3.947706e-04	-1.320600e+01
3.039000e-05	2.233187e-02	-1.335289e+01
3.040000e-05	-8.604270e-05	-1.351069e+01
3.041000e-05	2.870457e-02	-1.367751e+01
3.042000e-05	8.114622e-03	-1.380652e+01
3.043000e-05	2.731619e-02	-1.394344e+01
3.044000e-05	-2.227971e-03	-1.408911e+01
3.045000e-05	1.173607e-02	-1.420655e+01
3.046000e-05	2.911875e-03	-1.436130e+01
3.047000e-05	2.669664e-02	-1.448021e+01
3.048000e-05	1.642717e-02	-1.461345e+01
3.049000e-05	2.111507e-02	-1.471181e+01
3.050000e-05	1.163415e-02	-1.474592e+01
3.051000e-05	1.796460e-02	-1.488866e+01
3.052000e-05	1.712486e-02	-1.497290e+01
3.053000e-05	1.319033e-02	-1.505116e+01
3.054000e-05	1.765828e-02	-1.508179e+01
3.055000e-05	1.888936e-02	-1.520503e+01
3.056000e-05	2.617783e-02	-1.523724e+01
3.057000e-05	1.607089e-02	-1.531290e+01
3.058000e-05	1.792026e-02	-1.537245e+01
3.059000e-05	1.658065e-02	-1.547876e+01
3.060000e-05	2.829238e-02	-1.549026e+01
3.061000e-05	2.629860e-02	-1.554442e+01
3.062000e-05	2.607715e-02	-1.557652e+01
3.063000e-05	2.441192e-02	-1.556710e+01
3.064000e-05	2.734538e-02	-1.559808e+01
3.065000e-05	2.888782e-02	-1.558816e+01
3.066000e-05	2.852558e-02	-1.563876e+01
3.067000e-05	3.169142e-02	-1.570969e+01
3.068000e-05	3.732830e-02	-1.563876e+01
3.069000e-05	4.373773e-02	-1.565914e+01
3.070000e-05	4.476725e-02	-1.566964e+01
3.071000e-05	4.448495e-02	-1.563716e+01
3.072000e-05	4.997461e-02	-1.559561e+01
3.073000e-05	6.092621e-02	-1.559756e+01
3.074000e-05	7.392420e-02	-1.554297e+01
3.075000e-05	8.794584e-02	-1.551279e+01
3.076000e-05	1.112148e-01	-1.549829e+01
3.077000e-05	1.505362e-01	-1.541418e+01
3.078000e-05	2.063124e-01	-1.541353e+01
3.079000e-05	2.465246e-01	-1.529040e+01
3.080000e-05	2.500000e-01	-1.525731e+01
3.081000e-05	2.500000e-01	-1.514505e+01
3.082000e-05	2.477750e-01	-1.509784e+01
3.083000e-05	2.060296e-01	-1.499465e+01
3.084000e-05	1.376165e-01	-1.491027e+01
3.085000e-05	9.408896e-02	-1.481613e+01
3.086000e-05	7.058242e-02	-1.474343e+01
3.087000e-05	5.442447e-02	-1.464771e+01
3.088000e-05	3.942180e-02	-1.455397e+01
3.089000e-05	3.031128e-02	-1.441663e+01
3.090000e-05	2.603890e-02	-1.426780e+01
3.091000e-05	2.355817e-02	-1.418503e+01
3.092000e-05	1.902109e-02	-1.402321e+01
3.093000e-05	1.378742e-02	-1.390137e+01
3.094000e-05	1.267791e-02	-1.372052e+01
3.095000e-05	1.443602e-02	-1.360613e+01
3.096000e-05	1.382171e-02	-1.343573e+01
3.097000e-05	9.010563e-03	-1.331839e+01
3.098000e-05	6.547097e-03	-1.314247e+01
3.099000e-05	8.328907e-03	-1.299310e+01
3.100000e-05	8.933066e-03	-1.283464e+01
3.101000e-05	6.209479e-03	-1.264569e+01
3.102000e-05	3.726128e-03	-1.246984e+01
3.103000e-05	5.065875e-03	-1.231037e+01
3.104000e-05	5.294191e-03	-1.207992e+01
3.105000e-05	4.752140e-03	-1.190842e+01
3.106000e-05	2.029619e-03	-1.166005e+01
3.107000e-05	1.398171e-03	-1.146887e+01
3.108000e-05	4.052406e-03	-1.125621e+01
3.109000e-05	3.871694e-03	-1.102624e+01
3.110000e-05	2.761376e-03	-1.084371e+01
3.111000e-05	8.300361e-04	-1.064524e+01
3.112000e-05	1.100581e-03	-1.044481e+01
3.113000e-05	1.579729e-03	-1.016361e+01
3.114000e-05	2.767106e-04	-1.001353e+01
3.115000e-05	-1.586330e-03	-9.740000e+00
3.116000e-05	-1.439595e-03	-9.572429e+00
3.117000e-05	1.427371e-04	-9.296870e+00
3.118000e-05	-5.899107e-05	-9.075870e+00
3.119000e-05	-1.692252e-03	-8.815787e+00
3.120000e-05	-3.534914e-03	-8.551530e+00
3.121000e-05	-1.345928e-03	-8.329550e+00
3.122000e-05	-1.027634e-03	-8.117399e+00
3.123000e-05	-2.173763e-03	-7.853339e+00
3.124000e-05	-4.718775e-03	-7.552052e+00
3.125000e-05	-3.146060e-03	-7.286416e+00
3.126000e-05	-4.506971e-03	-7.022283e+00
3.127000e-05	-4.762796e-03	-6.739449e+00
3.128000e-05	-5.111510e-03	-6.517872e+00
3.129000e-05	-3.522220e-03	-6.211815e+00
3.130000e-05	-3.141143e-03	-5.921100e+00
3.131000e-05	-2.990060e-03	-5.727421e+00
3.132000e-05	-5.390948e-03	-5.412678e+00
3.133000e-05	-7.252269e-03	-5.094442e+00
3.134000e-05	-8.240215e-03	-4.751301e+00
3.135000e-05	-6.523420e-03	-4.495943e+00
3.136000e-05	-6.342464e-03	-4.284815e+00
3.137000e-05	-4.090078e-03	-4.020678e+00
3.138000e-05	-5.759750e-03	-3.695793e+00
3.139000e-05	-5.485879e-03	-3.412212e+00
3.140000e-05	-7.297798e-03	-3.167424e+00
3.141000e-05	-7.861551e-03	-2.842337e+00
3.142000e-05	-9.776096e-03	-2.559049e+00
3.143000e-05	-7.945416e-03	-2.303390e+00
3.144000e-05	-7.387976e-03	-1.978129e+00
3.145000e-05	-7.112034e-03	-1.694898e+00
3.146000e-05	-8.577769e-03	-1.441183e+00
3.147000e-05	-8.797236e-03	-1.065336e+00
3.148000e-05	-8.352518e-03	-7.471065e-01
3.149000e-05	-8.257945e-03	-4.334432e-01
3.150000e-05	-6.371326e-03	-2.012065e-01
3.151000e-05	-2.883846e-03	7.549896e-02
3.152000e-05	6.350074e-03	3.997121e-01
3.153000e-05	-6.222245e-03	6.518713e-01
3.154000e-05	2.099836e-03	8.524976e-01
3.155000e-05	-6.194881e-03	1.190516e+00
3.156000e-05	-1.617822e-04	1.473425e+00
3.157000e-05	-4.769776e-03	1.779868e+00
3.158000e-05	1.429542e-02	2.019344e+00
3.159000e-05	4.956854e-02	2.263024e+00
3.160000e-05	8.530473e-02	2.508762e+00
3.161000e-05	-7.051601e-02	2.927734e+00
3.162000e-05	-3.964310e-02	3.203822e+00
3.163000e-05	-4.319035e-02	3.547183e+00
3.164000e-05	-1.941880e-02	3.739840e+00
3.165000e-05	-7.311097e-02	3.979842e+00
3.166000e-05	3.631740e-03	4.203823e+00
3.167000e-05	1.063447e-01	4.507608e+00
3.168000e-05	-1.014504e-01	4.781843e+00
3.169000e-05	1.091729e-01	5.063477e+00
3.170000e-05	-1.921721e-02	5.413817e+00
3.171000e-05	-7.791332e-02	5.654551e+00
3.172000e-05	5.906444e-02	5.979241e+00
3.173000e-05	-5.983497e-02	6.222372e+00
3.174000e-05	7.129296e-02	6.495075e+00
3.175000e-05	-4.930111e-02	6.792391e+00
3.176000e-05	-7.367898e-03	7.015424e+00
3.177000e-05	4.427975e-03	7.307128e+00
3.178000e-05	-3.111128e-02	7.592299e+00
3.179000e-05	2.330630e-02	7.846977e+00
3.180000e-05	-5.799107e-02	8.242792e+00
3.181000e-05	5.739005e-02	8.370845e+00
3.182000e-05	-1.697495e-02	8.590372e+00
3.183000e-05	-1.028953e-02	8.865427e+00
3.184000e-05	-7.964964e-03	9.098082e+00
3.185000e-05	-5.300677e-02	9.318185e+00
3.186000e-05	3.568590e-02	9.540745e+00
3.187000e-05	-1.877611e-02	9.812395e+00
3.188000e-05	2.028708e-02	1.002398e+01
3.189000e-05	-4.362864e-02	1.025705e+01
3.190000e-05	1.221054e-02	1.046513e+01
3.191000e-05	-1.423335e-02	1.064705e+01
3.192000e-05	-1.745843e-02	1.090769e+01
3.193000e-05	-1.354260e-02	1.107916e+01
3.194000e-05	-1.829572e-02	1.134016e+01
3.195000e-05	2.031689e-02	1.155927e+01
3.196000e-05	-2.022997e-02	1.175177e+01
3.197000e-05	-1.011693e-02	1.194074e+01
3.198000e-05	-3.452277e-02	1.216174e+01
3.199000e-05	5.521548e-03	1.231926e+01
3.200000e-05	-7.088582e-03	1.249821e+01
3.201000e-05	-8.120931e-03	1.267766e+01
3.202000e-05	-2.343728e-02	1.283653e+01
3.203000e-05	-1.684508e-02	1.299545e+01
3.204000e-05	-4.130235e-03	1.317287e+01
3.205000e-05	-1.989497e-02	1.332082e+01
3.206000e-05	-1.934283e-02	1.348661e+01
3.207000e-05	-2.085846e-02	1.362550e+01
3.208000e-05	2.304187e-03	1.377292e+01
3.209000e-05	-1.266910e-02	1.390126e+01
3.210000e-05	-2.282492e-02	1.411113e+01
3.211000e-05	-3.156534e-02	1.418803e+01
3.212000e-05	-1.660015e-02	1.435282e+01
3.213000e-05	-8.672460e-03	1.448913e+01
3.214000e-05	-1.859697e-02	1.454348e+01
3.215000e-05	-2.414521e-02	1.463966e+01
3.216000e-05	-2.152477e-02	1.482345e+01
3.217000e-05	-1.109788e-02	1.483761e+01
3.218000e-05	-2.216723e-02	1.491089e+01
3.219000e-05	-2.888389e-02	1.505650e+01
3.220000e-05	-2.827214e-02	1.510026e+01
3.221000e-05	-1.725174e-02	1.518595e+01
3.222000e-05	-1.651792e-02	1.519758e+01
3.223000e-05	-3.081618e-02	1.533976e+01
3.224000e-05	-3.560682e-02	1.535182e+01
3.225000e-05	-3.000930e-02	1.543503e+01
3.226000e-05	-2.009737e-02	1.548019e+01
3.227000e-05	-2.894812e-02	1.551124e+01
3.228000e-05	-3.531242e-02	1.554282e+01
3.229000e-05	-3.502662e-02	1.557493e+01
3.230000e-05	-2.761615e-02	1.555548e+01
3.231000e-05	-3.397863e-02	1.558503e+01
3.232000e-05	-4.623780e-02	1.560520e+01
3.233000e-05	-4.665305e-02	1.561711e+01
3.234000e-05	-4.119160e-02	1.561855e+01
3.235000e-05	-3.815522e-02	1.563613e+01
3.236000e-05	-5.299041e-02	1.562513e+01
3.237000e-05	-6.311088e-02	1.558595e+01
3.238000e-05	-6.596451e-02	1.557360e+01
3.239000e-05	-6.674924e-02	1.553230e+01
3.240000e-05	-8.261666e-02	1.552077e+01
3.241000e-05	-1.090928e-01	1.546756e+01
3.242000e-05	-1.331707e-01	1.544660e+01
3.243000e-05	-1.711041e-01	1.539500e+01
3.244000e-05	-2.243762e-01	1.533192e+01
3.245000e-05	-2.496978e-01	1.527771e+01
3.246000e-05	-2.500000e-01	1.517708e+01
3.247000e-05	-2.500000e-01	1.515295e+01
3.248000e-05	-2.416184e-01	1.505718e+01
3.249000e-05	-1.858702e-01	1.496455e+01
3.250000e-05	-1.340553e-01	1.487776e+01
3.251000e-05	-9.519449e-02	1.477248e+01
3.252000e-05	-6.726343e-02	1.462774e+01
3.253000e-05	-5.281647e-02	1.458107e+01
3.254000e-05	-4.936949e-02	1.448821e+01
3.255000e-05	-4.260665e-02	1.436457e+01
3.256000e-05	-3.359861e-02	1.423571e+01
3.257000e-05	-2.506182e-02	1.408989e+01
3.258000e-05	-2.837981e-02	1.397243e+01
3.259000e-05	-3.005943e-02	1.382256e+01
3.260000e-05	-2.529525e-02	1.364776e+01
3.261000e-05	-1.804877e-02	1.352040e+01
3.262000e-05	-1.848700e-02	1.332100e+01
3.263000e-05	-2.233287e-02	1.318566e+01
3.264000e-05	-2.212943e-02	1.305626e+01
3.265000e-05	-1.597370e-02	1.288837e+01
3.266000e-05	-1.478025e-02	1.273098e+01
3.267000e-05	-1.868628e-02	1.259995e+01
3.268000e-05	-2.065048e-02	1.240153e+01
3.269000e-05	-1.458889e-02	1.220353e+01
3.270000e-05	-1.178590e-02	1.201521e+01
3.271000e-05	-1.388493e-02	1.182516e+01
3.272000e-05	-1.902093e-02	1.158411e+01
3.273000e-05	-1.592715e-02	1.142361e+01
3.274000e-05	-1.116807e-02	1.119300e+01
3.275000e-05	-1.071563e-02	1.097205e+01
3.276000e-05	-1.483038e-02	1.078263e+01
3.277000e-05	-1.572385e-02	1.057108e+01
3.278000e-05	-1.183828e-02	1.036240e+01
3.279000e-05	-1.032837e-02	1.010892e+01
3.280000e-05	-1.182498e-02	9.887920e+00
3.281000e-05	-1.483273e-02	9.685865e+00
3.282000e-05	-1.174979e-02	9.413154e+00
3.283000e-05	-8.582362e-03	9.182582e+00
3.284000e-05	-9.988032e-03	8.959975e+00
3.285000e-05	-1.348338e-02	8.737445e+00
3.286000e-05	-1.329533e-02	8.487342e+00
3.287000e-05	-8.773374e-03	8.233786e+00
3.288000e-05	-7.429386e-03	8.000085e+00
3.289000e-05	-1.039513e-02	7.739995e+00
3.290000e-05	-1.163212e-02	7.444267e+00
3.291000e-05	-9.939314e-03	7.161654e+00
3.292000e-05	-7.889388e-03	6.907476e+00
3.293000e-05	-8.671749e-03	6.673813e+00
3.294000e-05	-1.198450e-02	6.400126e+00
3.295000e-05	-1.030020e-02	6.138472e+00
3.296000e-05	-6.386851e-03	5.916392e+00
3.297000e-05	-6.857065e-03	5.611632e+00
3.298000e-05	-9.174085e-03	5.319450e+00
3.299000e-05	-1.141348e-02	4.982633e+00
3.300000e-05	-7.636948e-03	4.713815e+00
3.301000e-05	-5.647468e-03	4.411661e+00
3.302000e-05	-6.744902e-03	4.157423e+00
3.303000e-05	-9.899335e-03	3.843338e+00
3.304000e-05	-8.071799e-03	3.588633e+00
3.305000e-05	-5.379204e-03	3.275318e+00
3.306000e-05	-6.079632e-03	3.012136e+00
3.307000e-05	-9.460990e-03	2.758024e+00
3.308000e-05	-8.690137e-03	2.409284e+00
3.309000e-05	-5.842920e-03	2.146954e+00
3.310000e-05	-4.968250e-03	1.882918e+00
3.311000e-05	-5.756811e-03	1.589579e+00
3.312000e-05	-7.901980e-03	1.312367e+00
3.313000e-05	-6.073367e-03	9.579525e-01
3.314000e-05	-3.610530e-03	6.512630e-01
3.315000e-05	-4.064008e-03	3.875552e-01
3.316000e-05	-5.456007e-03	5.276967e-02
3.317000e-05	-1.215034e-04	-2.018975e-01
3.318000e-05	1.095288e-02	-4.725788e-01
3.319000e-05	-2.214832e-03	-7.801384e-01
3.320000e-05	3.814889e-03	-1.022972e+00
3.321000e-05	-4.586369e-03	-1.285204e+00
3.322000e-05	2.934082e-03	-1.591321e+00
3.323000e-05	6.391372e-03	-1.842973e+00
3.324000e-05	4.718313e-02	-2.054075e+00
3.325000e-05	1.134923e-01	-2.390796e+00
3.326000e-05	-4.696443e-02	-2.761187e+00
3.327000e-05	-3.029817e-02	-3.190170e+00
3.328000e-05	-3.185003e-02	-3.442977e+00
3.329000e-05	-2.748073e-02	-3.632980e+00
3.330000e-05	-8.315537e-02	-3.887662e+00
3.331000e-05	9.357413e-02	-4.087109e+00
3.332000e-05	4.973694e-02	-4.307561e+00
3.333000e-05	-1.085889e-01	-4.634971e+00
3.334000e-05	1.834708e-01	-4.856578e+00
3.335000e-05	-1.672619e-01	-5.193344e+00
3.336000e-05	1.046571e-01	-5.577792e+00
3.337000e-05	-4.586029e-02	-5.750344e+00
3.338000e-05	-4.806272e-02	-6.075607e+00
3.339000e-05	1.483713e-01	-6.310313e+00
3.340000e-05	-1.291956e-01	-6.604896e+00
3.341000e-05	1.269959e-01	-6.888706e+00
3.342000e-05	-9.088893e-02	-7.160339e+00
3.343000e-05	3.015806e-02	-7.477578e+00
3.344000e-05	3.369269e-02	-7.719562e+00
3.345000e-05	-6.251687e-02	-8.012949e+00
3.346000e-05	1.336679e-01	-8.224528e+00
3.347000e-05	-1.109735e-01	-8.469106e+00
3.348000e-05	1.087338e-01	-8.762820e+00
3.349000e-05	-6.961411e-02	-8.993396e+00
3.350000e-05	1.037631e-02	-9.235929e+00
3.351000e-05	2.557245e-02	-9.465481e+00
3.352000e-05	-1.700269e-02	-9.648159e+00
3.353000e-05	8.805270e-02	-9.908661e+00
3.354000e-05	-6.862341e-02	-1.010118e+01
3.355000e-05	7.811371e-02	-1.036384e+01
3.356000e-05	-7.259469e-02	-1.060485e+01
3.357000e-05	6.545062e-02	-1.078495e+01
3.358000e-05	-3.251255e-02	-1.099633e+01
3.359000e-05	3.686979e-02	-1.121605e+01
3.360000e-05	6.597714e-03	-1.138600e+01
3.361000e-05	7.828676e-03	-1.166161e+01
3.362000e-05	2.154953e-02	-1.187809e+01
3.363000e-05	-1.980909e-02	-1.206863e+01
3.364000e-05	3.289366e-02	-1.222663e+01
3.365000e-05	-8.357483e-03	-1.245805e+01
3.366000e-05	4.679433e-02	-1.264551e+01
3.367000e-05	-1.401222e-02	-1.279445e+01
3.368000e-05	2.376893e-02	-1.297382e+01
3.369000e-05	-1.181125e-02	-1.311274e+01
3.370000e-05	2.478410e-02	-1.326018e+01
3.371000e-05	2.865455e-03	-1.344660e+01
3.372000e-05	2.302998e-02	-1.360284e+01
3.373000e-05	1.434019e-02	-1.370234e+01
3.374000e-05	2.041993e-02	-1.390221e+01
3.375000e-05	1.016417e-02	-1.402700e+01
3.376000e-05	3.999902e-03	-1.413435e+01
3.377000e-05	8.109415e-03	-1.429969e+01
3.378000e-05	1.448982e-02	-1.443503e+01
3.379000e-05	2.374619e-02	-1.452234e+01
3.380000e-05	1.547180e-02	-1.464866e+01
3.381000e-05	1.946248e-02	-1.474337e+01
3.382000e-05	1.006891e-02	-1.481761e+01
3.383000e-05	2.145246e-02	-1.491137e+01
3.384000e-05	1.198206e-02	-1.501760e+01
3.385000e-05	2.020132e-02	-1.512974e+01
3.386000e-05	1.456578e-02	-1.515342e+01
3.387000e-05	2.547016e-02	-1.523803e+01
3.388000e-05	1.769710e-02	-1.528237e+01
3.389000e-05	1.842041e-02	-1.538542e+01
3.390000e-05	1.550133e-02	-1.542456e+01
3.391000e-05	2.392834e-02	-1.546823e+01
3.392000e-05	2.741200e-02	-1.551239e+01
3.393000e-05	2.616400e-02	-1.555445e+01
3.394000e-05	2.600247e-02	-1.559603e+01
3.395000e-05	2.449079e-02	-1.562505e+01
3.396000e-05	2.931093e-02	-1.561968e+01
3.397000e-05	2.715914e-02	-1.565922e+01
3.398000e-05	3.105899e-02	-1.564921e+01
3.399000e-05	3.400408e-02	-1.569824e+01
3.400000e-05	4.193456e-02	-1.567721e+01
3.401000e-05	4.411370e-02	-1.565923e+01
3.402000e-05	4.499743e-02	-1.570819e+01
3.403000e-05	4.695027e-02	-1.559714e+01
3.404000e-05	5.651855e-02	-1.559658e+01
3.405000e-05	6.701398e-02	-1.557592e+01
3.406000e-05	8.096462e-02	-1.552352e+01
3.407000e-05	9.873870e-02	-1.548182e+01
3.408000e-05	1.303269e-01	-1.543921e+01
3.409000e-05	1.781704e-01	-1.537363e+01
3.410000e-05	2.331257e-01	-1.529102e+01
3.411000e-05	2.499988e-01	-1.527981e+01
3.412000e-05	2.500000e-01	-1.523510e+01
3.413000e-05	2.500000e-01	-1.516090e+01
3.414000e-05	2.350627e-01	-1.504664e+01
3.415000e-05	1.674775e-01	-1.498200e+01
3.416000e-05	1.122523e-01	-1.488781e+01
3.417000e-05	7.971052e-02	-1.478555e+01
3.418000e-05	6.076209e-02	-1.471037e+01
3.419000e-05	4.566788e-02	-1.463360e+01
3.420000e-05	3.447683e-02	-1.444889e+01
3.421000e-05	2.854967e-02	-1.433150e+01
3.422000e-05	2.518451e-02	-1.425516e+01
3.423000e-05	2.146664e-02	-1.412987e+01
3.424000e-05	1.574861e-02	-1.394455e+01
3.425000e-05	1.366968e-02	-1.381618e+01
3.426000e-05	1.380836e-02	-1.368684e+01
3.427000e-05	1.398923e-02	-1.353082e+01
3.428000e-05	1.103552e-02	-1.338355e+01
3.429000e-05	8.841819e-03	-1.320669e+01
3.430000e-05	7.553208e-03	-1.306679e+01
3.431000e-05	7.735060e-03	-1.286842e+01
3.432000e-05	7.599710e-03	-1.273040e+01
3.433000e-05	5.440782e-03	-1.259105e+01
3.434000e-05	5.273373e-03	-1.234521e+01
3.435000e-05	5.106563e-03	-1.221418e+01
3.436000e-05	4.893040e-03	-1.201571e+01
3.437000e-05	3.213556e-03	-1.181413e+01
3.438000e-05	2.243376e-03	-1.161266e+01
3.439000e-05	1.605879e-03	-1.135960e+01
3.440000e-05	3.584635e-03	-1.108092e+01
3.441000e-05	3.244668e-03	-1.089100e+01
3.442000e-05	2.405854e-03	-1.072787e+01
3.443000e-05	1.210052e-03	-1.049902e+01
3.444000e-05	1.025220e-03	-1.033044e+01
3.445000e-05	8.682361e-04	-1.004941e+01
3.446000e-05	1.293600e-04	-9.836340e+00
3.447000e-05	-2.186740e-04	-9.644787e+00
3.448000e-05	-2.576357e-04	-9.394109e+00
3.449000e-05	-4.485973e-04	-9.152605e+00
3.450000e-05	-1.866701e-03	-8.969503e+00
3.451000e-05	-3.180734e-03	-8.698421e+00
3.452000e-05	-3.195698e-03	-8.466794e+00
3.453000e-05	-1.384348e-03	-8.182257e+00
3.454000e-05	-1.307275e-03	-7.972101e+00
3.455000e-05	-1.909680e-03	-7.696841e+00
3.456000e-05	-3.601572e-03	-7.363287e+00
3.457000e-05	-4.230065e-03	-7.171057e+00
3.458000e-05	-4.463965e-03	-6.885921e+00
3.459000e-05	-3.649527e-03	-6.612137e+00
3.460000e-05	-4.679261e-03	-6.381104e+00
3.461000e-05	-4.430886e-03	-6.116396e+00
3.462000e-05	-5.326045e-03	-5.802207e+00
3.463000e-05	-3.257946e-03	-5.550079e+00
3.464000e-05	-5.694385e-03	-5.244313e+00
3.465000e-05	-5.191984e-03	-4.980001e+00
3.466000e-05	-6.714217e-03	-4.611213e+00
3.467000e-05	-5.739651e-03	-4.359528e+00
3.468000e-05	-5.751257e-03	-4.126894e+00
3.469000e-05	-7.166762e-03	-3.835313e+00
3.470000e-05	-8.140981e-03	-3.558999e+00
3.471000e-05	-8.272340e-03	-3.284841e+00
3.472000e-05	-6.667376e-03	-2.991131e+00
3.473000e-05	-7.071605e-03	-2.706341e+00
3.474000e-05	-6.128867e-03	-2.371709e+00
3.475000e-05	-7.548987e-03	-2.107522e+00
3.476000e-05	-6.124351e-03	-1.843659e+00
3.477000e-05	-8.525617e-03	-1.507574e+00
3.478000e-05	-8.106852e-03	-1.221289e+00
3.479000e-05	-1.066443e-02	-9.379921e-01
3.480000e-05	-8.921866e-03	-6.917639e-01
3.481000e-05	-7.470197e-03	-3.579962e-01
3.482000e-05	-5.093805e-03	-5.026803e-02
3.483000e-05	4.312253e-03	2.209214e-01
3.484000e-05	-2.706037e-04	5.151293e-01
3.485000e-05	-1.014039e-03	7.892394e-01
3.486000e-05	-6.894914e-04	1.050374e+00
3.487000e-05	-4.286051e-03	1.347711e+00
3.488000e-05	-3.183858e-03	1.674399e+00
3.489000e-05	8.417714e-04	1.887058e+00
3.490000e-05	2.687720e-02	2.096677e+00
3.491000e-05	8.782273e-02	2.431371e+00
3.492000e-05	6.557332e-03	2.791240e+00
3.493000e-05	-7.438973e-02	3.064050e+00
3.494000e-05	-3.147794e-02	3.378708e+00
3.495000e-05	-3.066969e-02	3.644079e+00
3.496000e-05	-3.935673e-02	3.886083e+00
3.497000e-05	-6.009137e-02	4.084177e+00
3.498000e-05	8.646515e-02	4.370291e+00
3.499000e-05	6.366795e-03	4.704104e+00
3.500000e-05	-4.858566e-02	4.898635e+00
3.501000e-05	1.370535e-01	5.244927e+00
3.502000e-05	-1.479022e-01	5.547792e+00
3.503000e-05	5.652196e-02	5.823870e+00
3.504000e-05	-3.033030e-02	6.067157e+00
3.505000e-05	1.159503e-02	6.317788e+00
3.506000e-05	3.243601e-02	6.604427e+00
3.507000e-05	-7.259441e-02	6.937710e+00
3.508000e-05	4.585368e-02	7.170293e+00
3.509000e-05	-5.587063e-02	7.466499e+00
3.510000e-05	3.512031e-02	7.740186e+00
3.511000e-05	-4.678915e-02	8.053924e+00
3.512000e-05	1.448990e-02	8.306679e+00
3.513000e-05	3.027337e-02	8.507560e+00
3.514000e-05	-3.582314e-02	8.721738e+00
3.515000e-05	1.295657e-02	8.972862e+00
3.516000e-05	-5.512338e-02	9.224521e+00
3.517000e-05	9.739618e-03	9.415574e+00
3.518000e-05	2.150093e-03	9.676107e+00
3.519000e-05	9.519505e-03	9.899687e+00
3.520000e-05	-2.027141e-02	1.014226e+01
3.521000e-05	-1.566300e-02	1.034172e+01
3.522000e-05	6.197663e-03	1.059295e+01
3.523000e-05	-2.389113e-02	1.078332e+01
3.524000e-05	-1.070572e-02	1.100752e+01
3.525000e-05	-2.339722e-02	1.118397e+01
3.526000e-05	1.072953e-02	1.148750e+01
3.527000e-05	-3.977686e-03	1.167706e+01
3.528000e-05	-1.268127e-02	1.184808e+01
3.529000e-05	-3.053274e-02	1.205595e+01
3.530000e-05	-9.378602e-03	1.222545e+01
3.531000e-05	-1.555919e-03	1.241400e+01
3.532000e-05	-4.531754e-03	1.261400e+01
3.533000e-05	-2.025893e-02	1.273587e+01
3.534000e-05	-1.994082e-02	1.293181e+01
3.535000e-05	-8.675301e-03	1.309866e+01
3.536000e-05	-1.221583e-02	1.324721e+01
3.537000e-05	-2.128534e-02	1.341600e+01
3.538000e-05	-2.459065e-02	1.352429e+01
3.539000e-05	-2.665029e-03	1.372024e+01
3.540000e-05	-6.414903e-03	1.384705e+01
3.541000e-05	-1.479709e-02	1.397450e+01
3.542000e-05	-3.427253e-02	1.415241e+01
3.543000e-05	-2.023248e-02	1.426921e+01
3.544000e-05	-1.365684e-02	1.438703e+01
3.545000e-05	-1.088151e-02	1.454179e+01
3.546000e-05	-2.406668e-02	1.460765e+01
3.547000e-05	-2.388214e-02	1.473226e+01
3.548000e-05	-1.238210e-02	1.484401e+01
3.549000e-05	-1.897465e-02	1.487071e+01
3.550000e-05	-2.506582e-02	1.498500e+01
3.551000e-05	-3.370692e-02	1.507963e+01
3.552000e-05	-1.716026e-02	1.514337e+01
3.553000e-05	-1.789498e-02	1.521703e+01
3.554000e-05	-2.096708e-02	1.525916e+01
3.555000e-05	-3.714501e-02	1.537297e+01
3.556000e-05	-3.251119e-02	1.540392e+01
3.557000e-05	-2.241809e-02	1.544861e+01
3.558000e-05	-2.436693e-02	1.547921e+01
3.559000e-05	-3.197048e-02	1.554285e+01
3.560000e-05	-3.843408e-02	1.556237e+01
3.561000e-05	-2.823935e-02	1.560605e+01
3.562000e-05	-3.213032e-02	1.562458e+01
3.563000e-05	-3.975767e-02	1.557655e+01
3.564000e-05	-4.885317e-02	1.561560e+01
3.565000e-05	-4.300639e-02	1.558811e+01
3.566000e-05	-3.739807e-02	1.561461e+01
3.567000e-05	-4.513949e-02	1.560555e+01
3.568000e-05	-5.926190e-02	1.558505e+01
3.569000e-05	-6.617878e-02	1.560498e+01
3.570000e-05	-6.470605e-02	1.553490e+01
3.571000e-05	-7.500447e-02	1.555037e+01
3.572000e-05	-9.528296e-02	1.550069e+01
3.573000e-05	-1.214698e-01	1.543866e+01
3.574000e-05	-1.497619e-01	1.541358e+01
3.575000e-05	-1.990369e-01	1.535084e+01
3.576000e-05	-2.456859e-01	1.529869e+01
3.577000e-05	-2.500000e-01	1.526611e+01
3.578000e-05	-2.500000e-01	1.517447e+01
3.579000e-05	-2.493150e-01	1.509082e+01
3.580000e-05	-2.169861e-01	1.500676e+01
3.581000e-05	-1.564494e-01	1.488986e+01
3.582000e-05	-1.132951e-01	1.479715e+01
3.583000e-05	-7.871826e-02	1.469040e+01
3.584000e-05	-5.884234e-02	1.461408e+01
3.585000e-05	-4.976412e-02	1.454099e+01
3.586000e-05	-4.726150e-02	1.440603e+01
3.587000e-05	-3.634761e-02	1.428886e+01
3.588000e-05	-2.868426e-02	1.415395e+01
3.589000e-05	-2.746261e-02	1.403473e+01
3.590000e-05	-3.069880e-02	1.385679e+01
3.591000e-05	-2.792263e-02	1.371992e+01
3.592000e-05	-1.992504e-02	1.360513e+01
3.593000e-05	-1.776494e-02	1.338616e+01
3.594000e-05	-2.110741e-02	1.328736e+01
3.595000e-05	-2.313620e-02	1.311042e+01
3.596000e-05	-1.896415e-02	1.297250e+01
3.597000e-05	-1.390426e-02	1.282563e+01
3.598000e-05	-1.713016e-02	1.262571e+01
3.599000e-05	-2.079950e-02	1.241889e+01
3.600000e-05	-1.859285e-02	1.231732e+01
3.601000e-05	-1.229686e-02	1.209744e+01
3.602000e-05	-1.261625e-02	1.194094e+01
3.603000e-05	-1.764742e-02	1.172885e+01
3.604000e-05	-1.828184e-02	1.151692e+01
3.605000e-05	-1.338353e-02	1.127740e+01
3.606000e-05	-9.780724e-03	1.104739e+01
3.607000e-05	-1.304536e-02	1.089781e+01
3.608000e-05	-1.597018e-02	1.069516e+01
3.609000e-05	-1.337885e-02	1.043629e+01
3.610000e-05	-9.016033e-03	1.021218e+01
3.611000e-05	-1.144116e-02	9.973583e+00
3.612000e-05	-1.452434e-02	9.741025e+00
3.613000e-05	-1.394502e-02	9.507974e+00
3.614000e-05	-9.131906e-03	9.276920e+00
3.615000e-05	-8.806043e-03	9.103316e+00
3.616000e-05	-1.248797e-02	8.826262e+00
3.617000e-05	-1.327350e-02	8.580058e+00
3.618000e-05	-9.456749e-03	8.351102e+00
3.619000e-05	-6.970225e-03	8.087445e+00
3.620000e-05	-8.950052e-03	7.844733e+00
3.621000e-05	-1.268051e-02	7.580055e+00
3.622000e-05	-1.116424e-02	7.278371e+00
3.623000e-05	-8.067408e-03	7.074736e+00
3.624000e-05	-9.130402e-03	6.782655e+00
3.625000e-05	-1.205265e-02	6.538472e+00
3.626000e-05	-1.064430e-02	6.234212e+00
3.627000e-05	-7.348889e-03	6.020110e+00
3.628000e-05	-4.891726e-03	5.708476e+00
3.629000e-05	-8.629753e-03	5.445712e+00
3.630000e-05	-1.062740e-02	5.158050e+00
3.631000e-05	-8.185298e-03	4.812654e+00
3.632000e-05	-6.556219e-03	4.547499e+00
3.633000e-05	-7.036744e-03	4.274341e+00
3.634000e-05	-1.040763e-02	3.968582e+00
3.635000e-05	-8.203254e-03	3.725492e+00
3.636000e-05	-6.622756e-03	3.431811e+00
3.637000e-05	-5.289586e-03	3.119417e+00
3.638000e-05	-8.480138e-03	2.903338e+00
3.639000e-05	-9.365894e-03	2.559081e+00
3.640000e-05	-5.568823e-03	2.303818e+00
3.641000e-05	-4.359035e-03	2.031157e+00
3.642000e-05	-6.159091e-03	1.685929e+00
3.643000e-05	-8.455510e-03	1.420706e+00
3.644000e-05	-7.034831e-03	1.106469e+00
3.645000e-05	-5.431930e-03	7.980801e-01
3.646000e-05	-3.910204e-03	4.948921e-01
3.647000e-05	-5.137270e-03	2.202065e-01
3.648000e-05	-3.032336e-03	-7.508289e-02
3.649000e-05	9.013391e-03	-3.467145e-01
3.650000e-05	2.384790e-03	-6.034176e-01
3.651000e-05	1.118812e-03	-8.751317e-01
3.652000e-05	-3.222891e-03	-1.138242e+00
3.653000e-05	6.367896e-04	-1.434458e+00
3.654000e-05	7.520884e-04	-1.719209e+00
3.655000e-05	2.184037e-02	-2.000240e+00
3.656000e-05	8.726424e-02	-2.203825e+00
3.657000e-05	5.628318e-02	-2.560791e+00
3.658000e-05	-7.783368e-02	-2.991744e+00
3.659000e-05	-3.309500e-03	-3.357738e+00
3.660000e-05	-4.818500e-02	-3.547740e+00
3.661000e-05	-4.103508e-02	-3.802320e+00
3.662000e-05	-4.518117e-02	-4.032003e+00
3.663000e-05	1.731352e-01	-4.161820e+00
3.664000e-05	-1.457731e-01	-4.466052e+00
3.665000e-05	1.349897e-01	-4.790770e+00
3.666000e-05	1.744577e-02	-5.023899e+00
3.667000e-05	-9.877494e-02	-5.402876e+00
3.668000e-05	1.354937e-01	-5.654553e+00
3.669000e-05	-1.695843e-01	-5.928665e+00
3.670000e-05	1.667392e-01	-6.242874e+00
3.671000e-05	-4.248643e-02	-6.446507e+00
3.672000e-05	1.348434e-03	-6.762920e+00
3.673000e-05	6.235351e-02	-6.965952e+00
3.674000e-05	-1.138890e-01	-7.341285e+00
3.675000e-05	1.267059e-01	-7.572345e+00
3.676000e-05	-1.062285e-01	-7.867004e+00
3.677000e-05	1.055738e-01	-8.161218e+00
3.678000e-05	-1.391156e-02	-8.350336e+00
3.679000e-05	-1.623884e-02	-8.665056e+00
3.680000e-05	7.331083e-02	-8.907058e+00
3.681000e-05	-1.091990e-01	-9.089263e+00
3.682000e-05	9.783287e-02	-9.321811e+00
3.683000e-05	-7.041006e-02	-9.563895e+00
3.684000e-05	1.049811e-01	-9.825425e+00
3.685000e-05	-3.776723e-02	-1.004588e+01
3.686000e-05	2.973437e-02	-1.029860e+01
3.687000e-05	-3.111890e-03	-1.047063e+01
3.688000e-05	-1.542369e-02	-1.072924e+01
3.689000e-05	4.547734e-02	-1.091016e+01
3.690000e-05	-3.628755e-02	-1.111129e+01
3.691000e-05	6.472052e-02	-1.133974e+01
3.692000e-05	-3.325443e-02	-1.156339e+01
3.693000e-05	5.468353e-02	-1.177292e+01
3.694000e-05	-3.588700e-02	-1.196490e+01
3.695000e-05	3.163227e-02	-1.218142e+01
3.696000e-05	-7.784659e-03	-1.234982e+01
3.697000e-05	3.679726e-02	-1.255229e+01
3.698000e-05	9.477106e-03	-1.270019e+01
3.699000e-05	5.311291e-03	-1.290018e+01
3.700000e-05	6.349424e-03	-1.305608e+01
3.701000e-05	2.671909e-03	-1.320752e+01
3.702000e-05	2.131129e-02	-1.331287e+01
3.703000e-05	2.518825e-03	-1.351279e+01
3.704000e-05	2.796189e-02	-1.364863e+01
3.705000e-05	9.078989e-03	-1.377457e+01
3.706000e-05	2.688925e-02	-1.399239e+01
3.707000e-05	-2.851067e-03	-1.410916e+01
3.708000e-05	1.193768e-02	-1.423758e+01
3.709000e-05	4.326181e-03	-1.436240e+01
3.710000e-05	2.832630e-02	-1.448016e+01
3.711000e-05	1.562275e-02	-1.458248e+01
3.712000e-05	1.976790e-02	-1.470072e+01
3.713000e-05	9.451234e-03	-1.479552e+01
3.714000e-05	1.797649e-02	-1.485921e+01
3.715000e-05	1.710817e-02	-1.495339e+01
3.716000e-05	1.415186e-02	-1.507956e+01
3.717000e-05	1.898283e-02	-1.513224e+01
3.718000e-05	2.036567e-02	-1.520503e+01
3.719000e-05	2.581128e-02	-1.525826e+01
3.720000e-05	1.491329e-02	-1.531242e+01
3.721000e-05	1.714041e-02	-1.541603e+01
3.722000e-05	1.625721e-02	-1.546008e+01
3.723000e-05	2.884326e-02	-1.550081e+01
3.724000e-05	2.584354e-02	-1.550542e+01
3.725000e-05	2.543702e-02	-1.554345e+01
3.726000e-05	2.349717e-02	-1.558702e+01
3.727000e-05	2.778612e-02	-1.562818e+01
3.728000e-05	2.957909e-02	-1.563871e+01
3.729000e-05	2.857110e-02	-1.568929e+01
3.730000e-05	3.130536e-02	-1.567964e+01
3.731000e-05	3.742474e-02	-1.568021e+01
3.732000e-05	4.387310e-02	-1.564916e+01
3.733000e-05	4.464706e-02	-1.566918e+01
3.734000e-05	4.334013e-02	-1.561771e+01
3.735000e-05	5.099294e-02	-1.561716e+01
3.736000e-05	6.314466e-02	-1.557542e+01
3.737000e-05	7.585494e-02	-1.554500e+01
3.738000e-05	8.893812e-02	-1.553292e+01
3.739000e-05	1.121230e-01	-1.549034e+01
3.740000e-05	1.535674e-01	-1.543661e+01
3.741000e-05	2.092922e-01	-1.536355e+01
3.742000e-05	2.464355e-01	-1.532990e+01
3.743000e-05	2.500000e-01	-1.523821e+01
3.744000e-05	2.500000e-01	-1.512455e+01
3.745000e-05	2.472192e-01	-1.508074e+01
3.746000e-05	2.026336e-01	-1.503408e+01
3.747000e-05	1.341243e-01	-1.493044e+01
3.748000e-05	9.253896e-02	-1.485764e+01
3.749000e-05	6.850901e-02	-1.474295e+01
3.750000e-05	5.362393e-02	-1.464726e+01
3.751000e-05	3.931300e-02	-1.452145e+01
3.752000e-05	3.056752e-02	-1.439571e+01
3.753000e-05	2.616146e-02	-1.429874e+01
3.754000e-05	2.245555e-02	-1.416258e+01
3.755000e-05	1.853076e-02	-1.400773e+01
3.756000e-05	1.384675e-02	-1.388941e+01
3.757000e-05	1.482516e-02	-1.370002e+01
3.758000e-05	1.536303e-02	-1.356410e+01
3.759000e-05	1.381853e-02	-1.344619e+01
3.760000e-05	8.680493e-03	-1.325837e+01
3.761000e-05	6.605186e-03	-1.314240e+01
3.762000e-05	8.055712e-03	-1.296310e+01
3.763000e-05	8.556737e-03	-1.283573e+01
3.764000e-05	5.529405e-03	-1.265721e+01
3.765000e-05	3.984052e-03	-1.242674e+01
3.766000e-05	6.147093e-03	-1.228985e+01
3.767000e-05	6.662926e-03	-1.209997e+01
3.768000e-05	3.822799e-03	-1.191892e+01
3.769000e-05	1.517306e-03	-1.167839e+01
3.770000e-05	1.570521e-03	-1.148934e+01
3.771000e-05	4.217514e-03	-1.124571e+01
3.772000e-05	4.358533e-03	-1.099471e+01
3.773000e-05	1.428842e-03	-1.080429e+01
3.774000e-05	-8.372093e-04	-1.064628e+01
3.775000e-05	5.296095e-04	-1.039575e+01
3.776000e-05	2.473901e-03	-1.017203e+01
3.777000e-05	6.148573e-04	-9.951031e+00
3.778000e-05	-1.207967e-03	-9.769520e+00
3.779000e-05	-2.200190e-03	-9.529946e+00
3.780000e-05	7.650908e-04	-9.276821e+00
3.781000e-05	-9.167118e-04	-9.063715e+00
3.782000e-05	-3.111736e-03	-8.814283e+00
3.783000e-05	-3.840934e-03	-8.582080e+00
3.784000e-05	-1.703054e-03	-8.338998e+00
3.785000e-05	1.181520e-04	-8.115372e+00
3.786000e-05	-2.242946e-03	-7.843256e+00
3.787000e-05	-5.457899e-03	-7.550476e+00
3.788000e-05	-3.717797e-03	-7.276841e+00
3.789000e-05	-3.688162e-03	-7.013311e+00
3.790000e-05	-3.152433e-03	-6.758025e+00
3.791000e-05	-5.727234e-03	-6.486890e+00
3.792000e-05	-5.432932e-03	-6.201740e+00
3.793000e-05	-4.144708e-03	-5.938573e+00
3.794000e-05	-3.915029e-03	-5.656392e+00
3.795000e-05	-5.765941e-03	-5.401112e+00
3.796000e-05	-7.766042e-03	-5.117393e+00
3.797000e-05	-6.189493e-03	-4.771480e+00
3.798000e-05	-3.911331e-03	-4.485342e+00
3.799000e-05	-5.122976e-03	-4.254312e+00
3.800000e-05	-7.015426e-03	-3.989557e+00
3.801000e-05	-8.389225e-03	-3.716968e+00
3.802000e-05	-5.666162e-03	-3.410713e+00
3.803000e-05	-7.109727e-03	-3.147474e+00
3.804000e-05	-8.192923e-03	-2.792710e+00
3.805000e-05	-9.510435e-03	-2.538555e+00
3.806000e-05	-5.458956e-03	-2.264365e+00
3.807000e-05	-5.865077e-03	-1.969025e+00
3.808000e-05	-7.745200e-03	-1.704392e+00
3.809000e-05	-9.797727e-03	-1.359630e+00
3.810000e-05	-1.034262e-02	-1.044792e+00
3.811000e-05	-8.455583e-03	-7.791290e-01
3.812000e-05	-8.017223e-03	-4.728668e-01
3.813000e-05	-7.303147e-03	-1.986290e-01
3.814000e-05	-2.095349e-03	4.595532e-02
3.815000e-05	8.742197e-03	3.897660e-01
3.816000e-05	-4.823759e-03	6.404275e-01
3.817000e-05	2.150221e-03	8.650266e-01
3.818000e-05	-9.334302e-03	1.191421e+00
3.819000e-05	-1.457557e-03	1.475505e+00
3.820000e-05	-5.408819e-03	1.812470e+00
3.821000e-05	1.630498e-02	2.012399e+00
3.822000e-05	5.268311e-02	2.254953e+00
3.823000e-05	8.157755e-02	2.610814e+00
3.824000e-05	-7.237878e-02	2.937182e+00
3.825000e-05	-3.519499e-02	3.231996e+00
3.826000e-05	-4.391838e-02	3.528683e+00
3.827000e-05	-2.128617e-02	3.794791e+00
3.828000e-05	-7.620556e-02	4.010891e+00
3.829000e-05	1.167344e-02	4.225945e+00
3.830000e-05	1.030256e-01	4.528683e+00
3.831000e-05	-1.063973e-01	4.792893e+00
3.832000e-05	1.243698e-01	5.087452e+00
3.833000e-05	-3.695591e-02	5.412396e+00
3.834000e-05	-6.244412e-02	5.715007e+00
3.835000e-05	5.118515e-02	5.971214e+00
3.836000e-05	-5.919682e-02	6.203925e+00
3.837000e-05	7.335330e-02	6.467080e+00
3.838000e-05	-5.686546e-02	6.800870e+00
3.839000e-05	1.443580e-03	7.024424e+00
3.840000e-05	-3.746481e-03	7.329111e+00
3.841000e-05	-2.304363e-02	7.593947e+00
3.842000e-05	1.864018e-02	7.915978e+00
3.843000e-05	-5.268510e-02	8.152266e+00
3.844000e-05	5.852402e-02	8.382345e+00
3.845000e-05	-2.244422e-02	8.623949e+00
3.846000e-05	-6.228079e-03	8.856955e+00
3.847000e-05	-1.312409e-02	9.079607e+00
3.848000e-05	-4.708375e-02	9.349715e+00
3.849000e-05	3.368326e-02	9.571269e+00
3.850000e-05	-1.695565e-02	9.843845e+00
3.851000e-05	1.912898e-02	1.002500e+01
3.852000e-05	-4.092972e-02	1.023698e+01
3.853000e-05	1.313036e-02	1.046861e+01
3.854000e-05	-1.738942e-02	1.068821e+01
3.855000e-05	-1.821534e-02	1.090768e+01
3.856000e-05	-1.460362e-02	1.108119e+01
3.857000e-05	-1.654055e-02	1.131013e+01
3.858000e-05	1.874812e-02	1.154282e+01
3.859000e-05	-2.049532e-02	1.178184e+01
3.860000e-05	-1.056275e-02	1.197122e+01
3.861000e-05	-3.290112e-02	1.216124e+01
3.862000e-05	5.452500e-03	1.234074e+01
3.863000e-05	-7.314774e-03	1.250976e+01
3.864000e-05	-9.256708e-03	1.266808e+01
3.865000e-05	-2.344609e-02	1.285715e+01
3.866000e-05	-1.765886e-02	1.304538e+01
3.867000e-05	-4.670707e-03	1.317497e+01
3.868000e-05	-2.008869e-02	1.329976e+01
3.869000e-05	-1.799437e-02	1.345921e+01
3.870000e-05	-1.873165e-02	1.361710e+01
3.871000e-05	1.596004e-03	1.378487e+01
3.872000e-05	-1.235637e-02	1.397177e+01
3.873000e-05	-2.433596e-02	1.401968e+01
3.874000e-05	-3.044272e-02	1.423602e+01
3.875000e-05	-1.786327e-02	1.434387e+01
3.876000e-05	-9.501465e-03	1.447913e+01
3.877000e-05	-1.944814e-02	1.457390e+01
3.878000e-05	-2.217028e-02	1.468871e+01
3.879000e-05	-2.078923e-02	1.480392e+01
3.880000e-05	-1.164014e-02	1.484711e+01
3.881000e-05	-2.289936e-02	1.494239e+01
3.882000e-05	-2.847742e-02	1.505748e+01
3.883000e-05	-2.716574e-02	1.510039e+01
3.884000e-05	-1.795714e-02	1.517440e+01
3.885000e-05	-1.757311e-02	1.524763e+01
3.886000e-05	-3.076929e-02	1.532971e+01
3.887000e-05	-3.434105e-02	1.537432e+01
3.888000e-05	-2.863847e-02	1.539658e+01
3.889000e-05	-2.000317e-02	1.550768e+01
3.890000e-05	-2.827443e-02	1.550129e+01
3.891000e-05	-3.489593e-02	1.555182e+01
3.892000e-05	-3.360031e-02	1.557290e+01
3.893000e-05	-2.916857e-02	1.557603e+01
3.894000e-05	-3.478228e-02	1.554460e+01
3.895000e-05	-4.631285e-02	1.561498e+01
3.896000e-05	-4.565871e-02	1.563616e+01
3.897000e-05	-4.171700e-02	1.562550e+01
3.898000e-05	-3.909049e-02	1.560613e+01
3.899000e-05	-5.342804e-02	1.561505e+01
3.900000e-05	-6.180293e-02	1.558395e+01
3.901000e-05	-6.457924e-02	1.554442e+01
3.902000e-05	-6.878817e-02	1.553237e+01
3.903000e-05	-8.405512e-02	1.551981e+01
3.904000e-05	-1.102174e-01	1.547964e+01
3.905000e-05	-1.341819e-01	1.544661e+01
3.906000e-05	-1.740094e-01	1.535395e+01
3.907000e-05	-2.281372e-01	1.530124e+01
3.908000e-05	-2.498988e-01	1.525766e+01
3.909000e-05	-2.500000e-01	1.515608e+01
3.910000e-05	-2.500000e-01	1.513237e+01
3.911000e-05	-2.404992e-01	1.501923e+01
3.912000e-05	-1.821238e-01	1.495248e+01
3.913000e-05	-1.317363e-01	1.485829e+01
3.914000e-05	-9.317444e-02	1.476453e+01
3.915000e-05	-6.764429e-02	1.467776e+01
3.916000e-05	-5.338809e-02	1.456200e+01
3.917000e-05	-4.964074e-02	1.444766e+01
3.918000e-05	-4.019048e-02	1.436392e+01
3.919000e-05	-3.200557e-02	1.423613e+01
3.920000e-05	-2.617637e-02	1.405682e+01
3.921000e-05	-3.010243e-02	1.394250e+01
3.922000e-05	-2.886064e-02	1.385361e+01
3.923000e-05	-2.373764e-02	1.366724e+01
3.924000e-05	-1.897176e-02	1.349794e+01
3.925000e-05	-2.068678e-02	1.331248e+01
3.926000e-05	-2.320780e-02	1.320361e+01
3.927000e-05	-1.986456e-02	1.304619e+01
3.928000e-05	-1.564689e-02	1.290884e+01
3.929000e-05	-1.589527e-02	1.272195e+01
3.930000e-05	-1.972669e-02	1.255000e+01
3.931000e-05	-1.958395e-02	1.236405e+01
3.932000e-05	-1.382968e-02	1.219311e+01
3.933000e-05	-1.218455e-02	1.200421e+01
3.934000e-05	-1.590411e-02	1.175313e+01
3.935000e-05	-1.887109e-02	1.161451e+01
3.936000e-05	-1.488076e-02	1.137268e+01
3.937000e-05	-1.100379e-02	1.118103e+01
3.938000e-05	-1.215113e-02	1.093103e+01
3.939000e-05	-1.519055e-02	1.079067e+01
3.940000e-05	-1.408763e-02	1.054900e+01
3.941000e-05	-1.032328e-02	1.030945e+01
3.942000e-05	-1.079955e-02	1.008692e+01
3.943000e-05	-1.404517e-02	9.886890e+00
3.944000e-05	-1.456267e-02	9.614686e+00
3.945000e-05	-1.115604e-02	9.381706e+00
3.946000e-05	-8.473810e-03	9.171203e+00
3.947000e-05	-1.123034e-02	8.979501e+00
3.948000e-05	-1.289939e-02	8.677441e+00
3.949000e-05	-1.132127e-02	8.487739e+00
3.950000e-05	-7.392515e-03	8.213684e+00
3.951000e-05	-8.670211e-03	7.951604e+00
3.952000e-05	-1.135205e-02	7.708521e+00
3.953000e-05	-1.196680e-02	7.462663e+00
3.954000e-05	-8.649672e-03	7.159075e+00
3.955000e-05	-7.765537e-03	6.927418e+00
3.956000e-05	-1.026230e-02	6.654763e+00
3.957000e-05	-1.169622e-02	6.350524e+00
3.958000e-05	-8.764065e-03	6.126922e+00
3.959000e-05	-6.821234e-03	5.832866e+00
3.960000e-05	-7.627897e-03	5.570076e+00
3.961000e-05	-1.014003e-02	5.294945e+00
3.962000e-05	-9.756822e-03	4.939603e+00
3.963000e-05	-7.365653e-03	4.674337e+00
3.964000e-05	-7.302844e-03	4.411683e+00
3.965000e-05	-8.688819e-03	4.086471e+00
3.966000e-05	-9.663679e-03	3.812164e+00
3.967000e-05	-7.392127e-03	3.580024e+00
3.968000e-05	-4.879778e-03	3.291818e+00
3.969000e-05	-6.817940e-03	2.998530e+00
3.970000e-05	-9.114913e-03	2.728470e+00
3.971000e-05	-7.707335e-03	2.389559e+00
3.972000e-05	-5.771014e-03	2.134997e+00
3.973000e-05	-5.868737e-03	1.863317e+00
3.974000e-05	-8.381521e-03	1.557577e+00
3.975000e-05	-7.820937e-03	1.254293e+00
3.976000e-05	-5.497451e-03	9.149972e-01
3.977000e-05	-4.055157e-03	6.213092e-01
3.978000e-05	-5.651662e-03	3.779512e-01
3.979000e-05	-5.182384e-03	2.128170e-02
3.980000e-05	1.641815e-03	-2.114226e-01
3.981000e-05	1.078114e-02	-5.046064e-01
3.982000e-05	-3.050497e-03	-7.688684e-01
3.983000e-05	3.249218e-03	-1.032326e+00
3.984000e-05	-4.502272e-03	-1.297688e+00
3.985000e-05	3.038983e-03	-1.601949e+00
3.986000e-05	5.987378e-03	-1.843001e+00
3.987000e-05	5.014173e-02	-2.095129e+00
3.988000e-05	1.121515e-01	-2.402371e+00
3.989000e-05	-5.509251e-02	-2.801340e+00
3.990000e-05	-2.443490e-02	-3.210767e+00
3.991000e-05	-3.670632e-02	-3.443983e+00
3.992000e-05	-2.622813e-02	-3.644474e+00
3.993000e-05	-8.531601e-02	-3.959840e+00
3.994000e-05	1.109576e-01	-4.106107e+00
3.995000e-05	2.857472e-02	-4.328109e+00
3.996000e-05	-9.227102e-02	-4.646474e+00
3.997000e-05	1.759467e-01	-4.916161e+00
3.998000e-05	-1.711847e-01	-5.265397e+00
3.999000e-05	1.231988e-01	-5.581868e+00
4.000000e-05	-7.080404e-02	-5.772869e+00
4.001000e-05	-2.414881e-02	-6.118133e+00
4.002000e-05	1.353483e-01	-6.318212e+00
4.003000e-05	-1.256970e-01	-6.674974e+00
4.004000e-05	1.292639e-01	-6.887710e+00
4.005000e-05	-1.056960e-01	-7.194345e+00
4.006000e-05	4.789280e-02	-7.426129e+00
4.007000e-05	1.733286e-02	-7.709581e+00
4.008000e-05	-4.683691e-02	-8.045424e+00
4.009000e-05	1.253139e-01	-8.247575e+00
4.010000e-05	-1.102513e-01	-8.519558e+00
4.011000e-05	1.157942e-01	-8.773398e+00
4.012000e-05	-8.335418e-02	-9.013874e+00
4.013000e-05	2.430765e-02	-9.246033e+00
4.014000e-05	1.255215e-02	-9.446604e+00
4.015000e-05	-2.314991e-03	-9.729110e+00
4.016000e-05	7.923227e-02	-9.917661e+00
4.017000e-05	-6.401932e-02	-1.015382e+01
4.018000e-05	7.471665e-02	-1.038440e+01
4.019000e-05	-7.342842e-02	-1.061600e+01
4.020000e-05	7.034440e-02	-1.081197e+01
4.021000e-05	-3.935321e-02	-1.100642e+01
4.022000e-05	4.530858e-02	-1.127655e+01
4.023000e-05	8.532569e-04	-1.144545e+01
4.024000e-05	1.583329e-02	-1.170958e+01
4.025000e-05	1.466912e-02	-1.190866e+01
4.026000e-05	-1.633715e-02	-1.212021e+01
4.027000e-05	2.881314e-02	-1.225814e+01
4.028000e-05	-4.460278e-03	-1.242711e+01
4.029000e-05	4.573807e-02	-1.263652e+01
4.030000e-05	-1.319799e-02	-1.280645e+01
4.031000e-05	2.432073e-02	-1.300390e+01
4.032000e-05	-1.163458e-02	-1.312124e+01
4.033000e-05	2.588955e-02	-1.328071e+01
4.034000e-05	-1.906099e-04	-1.341748e+01
4.035000e-05	2.413609e-02	-1.356553e+01
4.036000e-05	1.242731e-02	-1.371346e+01
4.037000e-05	2.247060e-02	-1.391379e+01
4.038000e-05	8.970155e-03	-1.402707e+01
4.039000e-05	5.480827e-03	-1.417343e+01
4.040000e-05	5.802345e-03	-1.428169e+01
4.041000e-05	1.557444e-02	-1.440653e+01
4.042000e-05	2.418999e-02	-1.454189e+01
4.043000e-05	1.761928e-02	-1.464663e+01
4.044000e-05	1.797956e-02	-1.473389e+01
4.045000e-05	9.177044e-03	-1.485910e+01
4.046000e-05	2.120698e-02	-1.492129e+01
4.047000e-05	1.181541e-02	-1.504703e+01
4.048000e-05	1.989567e-02	-1.512173e+01
4.049000e-05	1.536780e-02	-1.516493e+01
4.050000e-05	2.627188e-02	-1.523723e+01
4.051000e-05	1.931599e-02	-1.530139e+01
4.052000e-05	1.889674e-02	-1.539498e+01
4.053000e-05	1.423981e-02	-1.543561e+01
4.054000e-05	2.269624e-02	-1.548029e+01
4.055000e-05	2.852435e-02	-1.553084e+01
4.056000e-05	2.663083e-02	-1.553502e+01
4.057000e-05	2.546153e-02	-1.558748e+01
4.058000e-05	2.438634e-02	-1.558663e+01
4.059000e-05	2.963103e-02	-1.567910e+01
4.060000e-05	2.891243e-02	-1.563931e+01
4.061000e-05	3.074545e-02	-1.563876e+01
4.062000e-05	3.409133e-02	-1.566821e+01
4.063000e-05	4.235464e-02	-1.569924e+01
4.064000e-05	4.484378e-02	-1.563923e+01
4.065000e-05	4.482018e-02	-1.563926e+01
4.066000e-05	4.595994e-02	-1.561763e+01
4.067000e-05	5.582817e-02	-1.558758e+01
4.068000e-05	6.915770e-02	-1.553550e+01
4.069000e-05	8.299124e-02	-1.553282e+01
4.070000e-05	1.010145e-01	-1.550129e+01
4.071000e-05	1.318846e-01	-1.544666e+01
4.072000e-05	1.818524e-01	-1.540653e+01
4.073000e-05	2.362217e-01	-1.535045e+01
4.074000e-05	2.499996e-01	-1.529836e+01
4.075000e-05	2.500000e-01	-1.519705e+01
4.076000e-05	2.499850e-01	-1.511184e+01
4.077000e-05	2.332104e-01	-1.505519e+01
4.078000e-05	1.649999e-01	-1.498195e+01
4.079000e-05	1.090904e-01	-1.486979e+01
4.080000e-05	7.849285e-02	-1.476613e+01
4.081000e-05	6.056030e-02	-1.468932e+01
4.082000e-05	4.628591e-02	-1.456355e+01
4.083000e-05	3.412097e-02	-1.446839e+01
4.084000e-05	2.796938e-02	-1.434453e+01
4.085000e-05	2.425012e-02	-1.421319e+01
4.086000e-05	2.145133e-02	-1.406939e+01
4.087000e-05	1.566031e-02	-1.396355e+01
4.088000e-05	1.335161e-02	-1.380563e+01
4.089000e-05	1.421310e-02	-1.364929e+01
4.090000e-05	1.537089e-02	-1.350152e+01
4.091000e-05	1.217073e-02	-1.336197e+01
4.092000e-05	7.659482e-03	-1.320521e+01
4.093000e-05	7.556897e-03	-1.306624e+01
4.094000e-05	7.327230e-03	-1.287894e+01
4.095000e-05	8.112287e-03	-1.273097e+01
4.096000e-05	5.138956e-03	-1.259102e+01
4.097000e-05	4.625756e-03	-1.239508e+01
4.098000e-05	4.996416e-03	-1.218211e+01
4.099000e-05	5.343455e-03	-1.200414e+01
4.100000e-05	2.467197e-03	-1.181521e+01
4.101000e-05	1.542638e-03	-1.155315e+01
4.102000e-05	2.625231e-03	-1.134147e+01
4.103000e-05	4.526499e-03	-1.112100e+01
4.104000e-05	3.159944e-03	-1.091937e+01
4.105000e-05	1.179720e-03	-1.069990e+01
4.106000e-05	9.042787e-04	-1.051952e+01
4.107000e-05	-2.266661e-05	-1.027887e+01
4.108000e-05	1.087368e-03	-1.004624e+01
4.109000e-05	-1.172048e-05	-9.844713e+00
4.110000e-05	-1.191285e-03	-9.604340e+00
4.111000e-05	-8.172301e-04	-9.401709e+00
4.112000e-05	-1.685331e-04	-9.172075e+00
4.113000e-05	-1.064366e-03	-8.950475e+00
4.114000e-05	-3.282103e-03	-8.719894e+00
4.115000e-05	-3.346352e-03	-8.445340e+00
4.116000e-05	-2.198811e-03	-8.193183e+00
4.117000e-05	-1.767636e-03	-7.941528e+00
4.118000e-05	-2.787962e-03	-7.677839e+00
4.119000e-05	-4.631439e-03	-7.403608e+00
4.120000e-05	-4.349034e-03	-7.158556e+00
4.121000e-05	-3.921559e-03	-6.855370e+00
4.122000e-05	-3.278676e-03	-6.601734e+00
4.123000e-05	-4.660407e-03	-6.360101e+00
4.124000e-05	-4.900435e-03	-6.064869e+00
4.125000e-05	-5.523088e-03	-5.802159e+00
4.126000e-05	-4.103696e-03	-5.559996e+00
4.127000e-05	-6.656559e-03	-5.252162e+00
4.128000e-05	-5.693879e-03	-4.936397e+00
4.129000e-05	-5.762583e-03	-4.570659e+00
4.130000e-05	-5.619585e-03	-4.389003e+00
4.131000e-05	-5.199825e-03	-4.144917e+00
4.132000e-05	-7.093555e-03	-3.842763e+00
4.133000e-05	-7.146814e-03	-3.539001e+00
4.134000e-05	-8.249629e-03	-3.264892e+00
4.135000e-05	-7.568485e-03	-2.969631e+00
4.136000e-05	-7.811189e-03	-2.693788e+00
4.137000e-05	-6.955007e-03	-2.371134e+00
4.138000e-05	-7.019294e-03	-2.094946e+00
4.139000e-05	-6.450141e-03	-1.832185e+00
4.140000e-05	-8.280796e-03	-1.558554e+00
4.141000e-05	-8.477118e-03	-1.149734e+00
4.142000e-05	-9.824093e-03	-9.253434e-01
4.143000e-05	-8.307693e-03	-6.407116e-01
4.144000e-05	-9.306061e-03	-3.249722e-01
4.145000e-05	-6.144565e-03	-6.226420e-02
4.146000e-05	3.347984e-03	2.323451e-01
4.147000e-05	-4.008974e-04	5.166582e-01
4.148000e-05	-8.186505e-04	7.772395e-01
4.149000e-05	-1.842578e-03	1.001376e+00
4.150000e-05	-3.150499e-03	1.358134e+00
4.151000e-05	-3.227925e-03	1.623925e+00
4.152000e-05	3.234581e-03	1.926712e+00
4.153000e-05	2.793811e-02	2.127137e+00
4.154000e-05	8.971454e-02	2.402395e+00
4.155000e-05	-2.631332e-03	2.783242e+00
4.156000e-05	-7.009185e-02	3.066005e+00
4.157000e-05	-3.411652e-02	3.320266e+00
4.158000e-05	-3.038241e-02	3.644052e+00
4.159000e-05	-4.393868e-02	3.897133e+00
4.160000e-05	-5.342747e-02	4.106607e+00
4.161000e-05	9.360931e-02	4.412267e+00
4.162000e-05	-8.125756e-03	4.685632e+00
4.163000e-05	-3.466039e-02	4.949737e+00
4.164000e-05	1.267497e-01	5.246878e+00
4.165000e-05	-1.500094e-01	5.569788e+00
4.166000e-05	6.398473e-02	5.814349e+00
4.167000e-05	-3.849955e-02	6.127710e+00
4.168000e-05	2.169541e-02	6.328737e+00
4.169000e-05	2.365763e-02	6.646004e+00
4.170000e-05	-6.909910e-02	6.929686e+00
4.171000e-05	4.398187e-02	7.160788e+00
4.172000e-05	-5.774718e-02	7.477604e+00
4.173000e-05	4.039392e-02	7.789133e+00
4.174000e-05	-5.240180e-02	8.067474e+00
4.175000e-05	2.220240e-02	8.286107e+00
4.176000e-05	2.348758e-02	8.499209e+00
4.177000e-05	-3.421978e-02	8.740791e+00
4.178000e-05	1.173795e-02	8.962770e+00
4.179000e-05	-5.888058e-02	9.224473e+00
4.180000e-05	1.494498e-02	9.446052e+00
4.181000e-05	-2.020531e-03	9.699606e+00
4.182000e-05	1.386456e-02	9.940264e+00
4.183000e-05	-2.504219e-02	1.014987e+01
4.184000e-05	-1.284756e-02	1.039224e+01
4.185000e-05	3.610960e-03	1.058382e+01
4.186000e-05	-2.304800e-02	1.078495e+01
4.187000e-05	-9.880734e-03	1.097445e+01
4.188000e-05	-2.397836e-02	1.120395e+01
4.189000e-05	1.082373e-02	1.142706e+01
4.190000e-05	-7.090657e-03	1.161703e+01
4.191000e-05	-1.200867e-02	1.186561e+01
4.192000e-05	-3.186777e-02	1.205700e+01
4.193000e-05	-5.844713e-03	1.225608e+01
4.194000e-05	-1.564227e-03	1.241453e+01
4.195000e-05	-2.962968e-03	1.263292e+01
4.196000e-05	-2.200177e-02	1.277485e+01
4.197000e-05	-2.146245e-02	1.298229e+01
4.198000e-05	-9.479304e-03	1.308926e+01
4.199000e-05	-1.332254e-02	1.324821e+01
4.200000e-05	-1.945985e-02	1.342543e+01
4.201000e-05	-2.308303e-02	1.357334e+01
4.202000e-05	-8.553607e-04	1.365227e+01
4.203000e-05	-7.397641e-03	1.390913e+01
4.204000e-05	-1.503146e-02	1.399655e+01
4.205000e-05	-3.539261e-02	1.411442e+01
4.206000e-05	-2.019331e-02	1.431029e+01
4.207000e-05	-1.352155e-02	1.443755e+01
4.208000e-05	-1.120899e-02	1.455231e+01
4.209000e-05	-2.291146e-02	1.463558e+01
4.210000e-05	-2.406642e-02	1.473185e+01
4.211000e-05	-1.196761e-02	1.480458e+01
4.212000e-05	-1.895531e-02	1.488026e+01
4.213000e-05	-2.371133e-02	1.499450e+01
4.214000e-05	-3.346947e-02	1.505909e+01
4.215000e-05	-1.778849e-02	1.514289e+01
4.216000e-05	-1.819417e-02	1.521615e+01
4.217000e-05	-2.206114e-02	1.525911e+01
4.218000e-05	-3.677130e-02	1.536184e+01
4.219000e-05	-3.356834e-02	1.537343e+01
4.220000e-05	-2.176458e-02	1.543811e+01
4.221000e-05	-2.444186e-02	1.548866e+01
4.222000e-05	-3.097634e-02	1.555190e+01
4.223000e-05	-3.792404e-02	1.557332e+01
4.224000e-05	-2.822994e-02	1.557603e+01
4.225000e-05	-3.150155e-02	1.557500e+01
4.226000e-05	-3.953746e-02	1.560605e+01
4.227000e-05	-4.926488e-02	1.561510e+01
4.228000e-05	-4.346323e-02	1.563608e+01
4.229000e-05	-3.821305e-02	1.560568e+01
4.230000e-05	-4.588665e-02	1.560560e+01
4.231000e-05	-5.807626e-02	1.559505e+01
4.232000e-05	-6.562753e-02	1.558502e+01
4.233000e-05	-6.383048e-02	1.554390e+01
4.234000e-05	-7.533447e-02	1.549079e+01
4.235000e-05	-9.663352e-02	1.548872e+01
4.236000e-05	-1.230237e-01	1.547821e+01
4.237000e-05	-1.532755e-01	1.541508e+01
4.238000e-05	-2.028460e-01	1.538287e+01
4.239000e-05	-2.466031e-01	1.529869e+01
4.240000e-05	-2.500000e-01	1.523713e+01
4.241000e-05	-2.500000e-01	1.512398e+01
4.242000e-05	-2.480800e-01	1.507231e+01
4.243000e-05	-2.133987e-01	1.502660e+01
4.244000e-05	-1.528595e-01	1.488947e+01
4.245000e-05	-1.117632e-01	1.480403e+01
4.246000e-05	-7.722911e-02	1.470939e+01
4.247000e-05	-5.801639e-02	1.460413e+01
4.248000e-05	-5.007504e-02	1.451990e+01
4.249000e-05	-4.658133e-02	1.438515e+01
4.250000e-05	-3.711370e-02	1.428936e+01
4.251000e-05	-2.680722e-02	1.413297e+01
4.252000e-05	-2.698261e-02	1.401573e+01
4.253000e-05	-2.966926e-02	1.383877e+01
4.254000e-05	-2.664980e-02	1.372047e+01
4.255000e-05	-2.026643e-02	1.357355e+01
4.256000e-05	-1.830150e-02	1.341413e+01
4.257000e-05	-2.253288e-02	1.324879e+01
4.258000e-05	-2.287542e-02	1.312937e+01
4.259000e-05	-1.853093e-02	1.301200e+01
4.260000e-05	-1.335058e-02	1.277305e+01
4.261000e-05	-1.658553e-02	1.262316e+01
4.262000e-05	-2.030429e-02	1.244679e+01
4.263000e-05	-1.745814e-02	1.227734e+01
4.264000e-05	-1.341670e-02	1.209779e+01
4.265000e-05	-1.327181e-02	1.188829e+01
4.266000e-05	-1.844021e-02	1.168749e+01
4.267000e-05	-1.800102e-02	1.146789e+01
4.268000e-05	-1.351553e-02	1.128834e+01
4.269000e-05	-8.793367e-03	1.108676e+01
4.270000e-05	-1.298368e-02	1.085587e+01
4.271000e-05	-1.466452e-02	1.065571e+01
4.272000e-05	-1.323778e-02	1.042524e+01
4.273000e-05	-9.588247e-03	1.022258e+01
4.274000e-05	-1.086479e-02	9.992630e+00
4.275000e-05	-1.378521e-02	9.730499e+00
4.276000e-05	-1.376427e-02	9.497395e+00
4.277000e-05	-1.039604e-02	9.275891e+00
4.278000e-05	-8.756822e-03	9.072290e+00
4.279000e-05	-1.231468e-02	8.792233e+00
4.280000e-05	-1.277015e-02	8.581631e+00
4.281000e-05	-1.060037e-02	8.368571e+00
4.282000e-05	-7.149999e-03	8.065867e+00
4.283000e-05	-9.561664e-03	7.822787e+00
4.284000e-05	-1.119750e-02	7.571556e+00
4.285000e-05	-1.144494e-02	7.297842e+00
4.286000e-05	-8.568292e-03	7.063212e+00
4.287000e-05	-7.601714e-03	6.772551e+00
4.288000e-05	-1.188289e-02	6.498370e+00
4.289000e-05	-1.164677e-02	6.243211e+00
4.290000e-05	-7.991344e-03	5.981080e+00
4.291000e-05	-4.890419e-03	5.686971e+00
4.292000e-05	-8.516328e-03	5.402736e+00
4.293000e-05	-1.125256e-02	5.147874e+00
4.294000e-05	-8.445865e-03	4.769682e+00
4.295000e-05	-5.204599e-03	4.518445e+00
4.296000e-05	-7.025831e-03	4.272390e+00
4.297000e-05	-1.056232e-02	3.947550e+00
4.298000e-05	-9.240912e-03	3.695890e+00
4.299000e-05	-6.027407e-03	3.431208e+00
4.300000e-05	-4.880236e-03	3.116846e+00
4.301000e-05	-8.043971e-03	2.853287e+00
4.302000e-05	-9.924140e-03	2.529079e+00
4.303000e-05	-6.834733e-03	2.232312e+00
4.304000e-05	-3.934743e-03	1.978502e+00
4.305000e-05	-5.593815e-03	1.684970e+00
4.306000e-05	-9.103571e-03	1.368132e+00
4.307000e-05	-7.573110e-03	1.073392e+00
4.308000e-05	-5.048570e-03	7.565250e-01
4.309000e-05	-3.725092e-03	5.033182e-01
4.310000e-05	-5.562961e-03	1.986050e-01
4.311000e-05	-4.044324e-03	-8.560802e-02
4.312000e-05	8.474185e-03	-3.392897e-01
4.313000e-05	2.051896e-03	-6.334027e-01
4.314000e-05	2.748544e-03	-8.976594e-01
4.315000e-05	-3.663896e-03	-1.180816e+00
4.316000e-05	1.516969e-04	-1.478108e+00
4.317000e-05	6.696101e-04	-1.737238e+00
4.318000e-05	2.442526e-02	-1.990842e+00
4.319000e-05	9.127291e-02	-2.214450e+00
4.320000e-05	4.331742e-02	-2.611366e+00
4.321000e-05	-7.468967e-02	-3.014348e+00
4.322000e-05	-4.066759e-03	-3.359715e+00
4.323000e-05	-4.549796e-02	-3.519791e+00
4.324000e-05	-4.609064e-02	-3.792967e+00
4.325000e-05	-3.391165e-02	-4.042503e+00
4.326000e-05	1.682981e-01	-4.181371e+00
4.327000e-05	-1.516227e-01	-4.476577e+00
4.328000e-05	1.556907e-01	-4.802974e+00
4.329000e-05	-1.058610e-02	-5.054324e+00
4.330000e-05	-7.785831e-02	-5.446503e+00
4.331000e-05	1.230086e-01	-5.654655e+00
4.332000e-05	-1.663013e-01	-5.960262e+00
4.333000e-05	1.749468e-01	-6.253004e+00
4.334000e-05	-6.073211e-02	-6.487531e+00
4.335000e-05	2.022278e-02	-6.802846e+00
4.336000e-05	4.521446e-02	-7.057504e+00
4.337000e-05	-1.042633e-01	-7.390288e+00
4.338000e-05	1.218098e-01	-7.601469e+00
4.339000e-05	-1.111662e-01	-7.897608e+00
4.340000e-05	1.178330e-01	-8.181340e+00
4.341000e-05	-2.975624e-02	-8.361264e+00
4.342000e-05	1.547571e-03	-8.678677e+00
4.343000e-05	5.995045e-02	-8.917707e+00
4.344000e-05	-1.005029e-01	-9.120287e+00
4.345000e-05	9.522567e-02	-9.391320e+00
4.346000e-05	-7.267920e-02	-9.593818e+00
4.347000e-05	1.098736e-01	-9.824425e+00
4.348000e-05	-4.854231e-02	-1.005645e+01
4.349000e-05	4.151650e-02	-1.029816e+01
4.350000e-05	-1.465256e-02	-1.047866e+01
4.351000e-05	-5.098960e-03	-1.071172e+01
4.352000e-05	3.643359e-02	-1.092123e+01
4.353000e-05	-2.962714e-02	-1.109182e+01
4.354000e-05	6.231509e-02	-1.137089e+01
4.355000e-05	-3.167077e-02	-1.155377e+01
4.356000e-05	5.339797e-02	-1.184390e+01
4.357000e-05	-3.685177e-02	-1.199488e+01
4.358000e-05	3.427593e-02	-1.219290e+01
4.359000e-05	-1.155745e-02	-1.236174e+01
4.360000e-05	3.914080e-02	-1.254182e+01
4.361000e-05	4.911745e-03	-1.272229e+01
4.362000e-05	9.188230e-03	-1.292174e+01
4.363000e-05	4.871781e-03	-1.305713e+01
4.364000e-05	4.362246e-03	-1.320605e+01
4.365000e-05	1.872645e-02	-1.337387e+01
4.366000e-05	4.302491e-03	-1.354127e+01
4.367000e-05	2.687699e-02	-1.365761e+01
4.368000e-05	9.253860e-03	-1.382561e+01
4.369000e-05	2.503544e-02	-1.395387e+01
4.370000e-05	-1.913083e-03	-1.413129e+01
4.371000e-05	1.067410e-02	-1.421705e+01
4.372000e-05	5.682610e-03	-1.432387e+01
4.373000e-05	2.517803e-02	-1.447973e+01
4.374000e-05	1.763846e-02	-1.456397e+01
4.375000e-05	2.144886e-02	-1.470071e+01
4.376000e-05	9.538480e-03	-1.481695e+01
4.377000e-05	1.918313e-02	-1.491981e+01
4.378000e-05	1.312092e-02	-1.500495e+01
4.379000e-05	1.445785e-02	-1.509874e+01
4.380000e-05	1.478910e-02	-1.514337e+01
4.381000e-05	2.020276e-02	-1.521513e+01
4.382000e-05	2.613064e-02	-1.526971e+01
4.383000e-05	1.760036e-02	-1.534198e+01
4.384000e-05	1.976118e-02	-1.541560e+01
4.385000e-05	1.731847e-02	-1.545711e+01
4.386000e-05	2.837775e-02	-1.552177e+01
4.387000e-05	2.404288e-02	-1.551390e+01
4.388000e-05	2.493939e-02	-1.555505e+01
4.389000e-05	2.362210e-02	-1.562658e+01
4.390000e-05	2.993615e-02	-1.563816e+01
4.391000e-05	2.961760e-02	-1.564918e+01
4.392000e-05	2.967799e-02	-1.564811e+01
4.393000e-05	3.151563e-02	-1.568019e+01
4.394000e-05	3.792553e-02	-1.567866e+01
4.395000e-05	4.347413e-02	-1.565929e+01
4.396000e-05	4.423678e-02	-1.565016e+01
4.397000e-05	4.499605e-02	-1.559768e+01
4.398000e-05	5.215901e-02	-1.560758e+01
4.399000e-05	6.317882e-02	-1.555658e+01
4.400000e-05	7.515083e-02	-1.556345e+01
4.401000e-05	9.060087e-02	-1.551334e+01
4.402000e-05	1.155080e-01	-1.549979e+01
4.403000e-05	1.571507e-01	-1.542516e+01
4.404000e-05	2.114282e-01	-1.538405e+01
4.405000e-05	2.480473e-01	-1.527995e+01
4.406000e-05	2.500000e-01	-1.521676e+01
4.407000e-05	2.500000e-01	-1.520400e+01
4.408000e-05	2.460830e-01	-1.506879e+01
4.409000e-05	1.991198e-01	-1.501405e+01
4.410000e-05	1.326602e-01	-1.491090e+01
4.411000e-05	9.155504e-02	-1.481623e+01
4.412000e-05	6.795987e-02	-1.472342e+01
4.413000e-05	5.235572e-02	-1.465811e+01
4.414000e-05	3.878392e-02	-1.453194e+01
4.415000e-05	3.029169e-02	-1.439521e+01
4.416000e-05	2.730669e-02	-1.426986e+01
4.417000e-05	2.371343e-02	-1.418305e+01
4.418000e-05	1.860194e-02	-1.398526e+01
4.419000e-05	1.328091e-02	-1.388132e+01
4.420000e-05	1.219424e-02	-1.373000e+01
4.421000e-05	1.439635e-02	-1.357655e+01
4.422000e-05	1.297589e-02	-1.342721e+01
4.423000e-05	1.021569e-02	-1.330042e+01
4.424000e-05	8.077691e-03	-1.311095e+01
4.425000e-05	8.508995e-03	-1.296100e+01
4.426000e-05	8.746330e-03	-1.279471e+01
4.427000e-05	6.342143e-03	-1.264571e+01
4.428000e-05	4.333419e-03	-1.246684e+01
4.429000e-05	5.139048e-03	-1.226886e+01
4.430000e-05	5.503243e-03	-1.209734e+01
4.431000e-05	3.730919e-03	-1.192749e+01
4.432000e-05	1.996183e-03	-1.164884e+01
4.433000e-05	2.259189e-03	-1.145881e+01
4.434000e-05	4.178911e-03	-1.120621e+01
4.435000e-05	4.290384e-03	-1.101521e+01
4.436000e-05	2.005563e-03	-1.081371e+01
4.437000e-05	1.031066e-03	-1.060416e+01
4.438000e-05	-5.947472e-05	-1.042463e+01
4.439000e-05	1.374420e-03	-1.017058e+01
4.440000e-05	-8.567897e-04	-9.950977e+00
4.441000e-05	-5.717492e-04	-9.750074e+00
4.442000e-05	-1.445357e-03	-9.520948e+00
4.443000e-05	1.610736e-03	-9.287317e+00
4.444000e-05	-8.096770e-04	-9.034735e+00
4.445000e-05	-1.631910e-03	-8.803133e+00
4.446000e-05	-3.763807e-03	-8.570601e+00
4.447000e-05	-1.184935e-03	-8.357919e+00
4.448000e-05	-1.231701e-03	-8.075871e+00
4.449000e-05	-2.912593e-03	-7.831681e+00
4.450000e-05	-4.438530e-03	-7.517971e+00
4.451000e-05	-3.724923e-03	-7.274935e+00
4.452000e-05	-4.064742e-03	-7.011781e+00
4.453000e-05	-3.279322e-03	-6.736946e+00
4.454000e-05	-5.267487e-03	-6.455415e+00
4.455000e-05	-4.295843e-03	-6.200610e+00
4.456000e-05	-3.935491e-03	-5.898522e+00
4.457000e-05	-3.690122e-03	-5.643812e+00
4.458000e-05	-5.407650e-03	-5.400659e+00
4.459000e-05	-7.327015e-03	-5.054913e+00
4.460000e-05	-5.919115e-03	-4.739603e+00
4.461000e-05	-5.411394e-03	-4.484887e+00
4.462000e-05	-5.962041e-03	-4.274261e+00
4.463000e-05	-5.589798e-03	-3.928605e+00
4.464000e-05	-7.388403e-03	-3.682393e+00
4.465000e-05	-6.611245e-03	-3.410683e+00
4.466000e-05	-8.819824e-03	-3.145496e+00
4.467000e-05	-6.948909e-03	-2.771759e+00
4.468000e-05	-7.409737e-03	-2.517997e+00
4.469000e-05	-5.949645e-03	-2.244390e+00
4.470000e-05	-7.481382e-03	-1.937472e+00
4.471000e-05	-7.737415e-03	-1.693362e+00
4.472000e-05	-9.198144e-03	-1.309733e+00
4.473000e-05	-8.666578e-03	-1.062812e+00
4.474000e-05	-8.433905e-03	-7.481263e-01
4.475000e-05	-7.777100e-03	-4.207592e-01
4.476000e-05	-5.653666e-03	-1.781777e-01
4.477000e-05	-1.655786e-03	9.507663e-02
4.478000e-05	6.521004e-03	4.122673e-01
4.479000e-05	-6.162577e-03	6.425240e-01
4.480000e-05	2.215000e-03	8.755305e-01
4.481000e-05	-7.248247e-03	1.231798e+00
4.482000e-05	9.203305e-04	1.516553e+00
4.483000e-05	-6.685658e-03	1.841941e+00
4.484000e-05	1.792695e-02	2.030971e+00
4.485000e-05	5.510472e-02	2.306532e+00
4.486000e-05	7.816789e-02	2.602845e+00
4.487000e-05	-7.822319e-02	2.969187e+00
4.488000e-05	-3.376058e-02	3.233421e+00
4.489000e-05	-4.246618e-02	3.537688e+00
4.490000e-05	-2.108565e-02	3.772820e+00
4.491000e-05	-7.769971e-02	4.020915e+00
4.492000e-05	1.776022e-02	4.255075e+00
4.493000e-05	9.681986e-02	4.549768e+00
4.494000e-05	-1.073698e-01	4.832391e+00
4.495000e-05	1.379942e-01	5.067082e+00
4.496000e-05	-5.641838e-02	5.423873e+00
4.497000e-05	-4.662800e-02	5.677556e+00
4.498000e-05	4.373596e-02	6.002345e+00
4.499000e-05	-5.498084e-02	6.234978e+00
4.500000e-05	7.073164e-02	6.468006e+00
4.501000e-05	-6.465700e-02	6.813296e+00
4.502000e-05	8.637433e-03	7.055529e+00
4.503000e-05	-1.083828e-02	7.311156e+00
4.504000e-05	-1.501070e-02	7.622848e+00
4.505000e-05	1.183022e-02	7.960610e+00
4.506000e-05	-4.627256e-02	8.171868e+00
4.507000e-05	5.743236e-02	8.412974e+00
4.508000e-05	-2.507009e-02	8.633975e+00
4.509000e-05	-3.920740e-03	8.857478e+00
4.510000e-05	-1.901419e-02	9.127688e+00
4.511000e-05	-4.439540e-02	9.360242e+00
4.512000e-05	3.230257e-02	9.531867e+00
4.513000e-05	-1.703675e-02	9.834372e+00
4.514000e-05	1.599063e-02	1.004456e+01
4.515000e-05	-4.003538e-02	1.025653e+01
4.516000e-05	1.474316e-02	1.047011e+01
4.517000e-05	-1.787463e-02	1.070756e+01
4.518000e-05	-1.668208e-02	1.090974e+01
4.519000e-05	-1.595234e-02	1.111819e+01
4.520000e-05	-1.565909e-02	1.136419e+01
4.521000e-05	1.599414e-02	1.157335e+01
4.522000e-05	-2.163077e-02	1.177139e+01
4.523000e-05	-1.206746e-02	1.195131e+01
4.524000e-05	-3.067712e-02	1.218324e+01
4.525000e-05	7.235112e-03	1.235182e+01
4.526000e-05	-5.580321e-03	1.251967e+01
4.527000e-05	-1.075367e-02	1.268966e+01
4.528000e-05	-2.329926e-02	1.281961e+01
4.529000e-05	-1.692490e-02	1.300453e+01
4.530000e-05	-6.237635e-03	1.317502e+01
4.531000e-05	-2.246345e-02	1.336284e+01
4.532000e-05	-1.992677e-02	1.349161e+01
4.533000e-05	-1.696729e-02	1.365800e+01
4.534000e-05	1.430400e-03	1.377488e+01
4.535000e-05	-1.186276e-02	1.393122e+01
4.536000e-05	-2.515248e-02	1.408124e+01
4.537000e-05	-2.841306e-02	1.425955e+01
4.538000e-05	-1.692864e-02	1.438384e+01
4.539000e-05	-9.144760e-03	1.451911e+01
4.540000e-05	-2.061142e-02	1.461490e+01
4.541000e-05	-2.344546e-02	1.471081e+01
4.542000e-05	-2.029310e-02	1.478447e+01
4.543000e-05	-1.211775e-02	1.486711e+01
4.544000e-05	-2.190500e-02	1.498397e+01
4.545000e-05	-2.970414e-02	1.503861e+01
4.546000e-05	-2.529508e-02	1.513126e+01
4.547000e-05	-1.755764e-02	1.514550e+01
4.548000e-05	-1.666757e-02	1.523663e+01
4.549000e-05	-3.282374e-02	1.534026e+01
4.550000e-05	-3.489570e-02	1.536237e+01
4.551000e-05	-2.882436e-02	1.541608e+01
4.552000e-05	-2.043740e-02	1.548816e+01
4.553000e-05	-2.949656e-02	1.552222e+01
4.554000e-05	-3.518635e-02	1.555287e+01
4.555000e-05	-3.250555e-02	1.557545e+01
4.556000e-05	-2.887336e-02	1.557305e+01
4.557000e-05	-3.405290e-02	1.556603e+01
4.558000e-05	-4.699044e-02	1.562713e+01
4.559000e-05	-4.546232e-02	1.561565e+01
4.560000e-05	-4.205895e-02	1.561658e+01
4.561000e-05	-4.010018e-02	1.559665e+01
4.562000e-05	-5.504600e-02	1.560566e+01
4.563000e-05	-6.357902e-02	1.555448e+01
4.564000e-05	-6.482673e-02	1.556492e+01
4.565000e-05	-6.847513e-02	1.552237e+01
4.566000e-05	-8.442716e-02	1.550077e+01
4.567000e-05	-1.112052e-01	1.549827e+01
4.568000e-05	-1.361702e-01	1.544659e+01
4.569000e-05	-1.774691e-01	1.541295e+01
4.570000e-05	-2.306391e-01	1.530936e+01
4.571000e-05	-2.499990e-01	1.524666e+01
4.572000e-05	-2.500000e-01	1.518711e+01
4.573000e-05	-2.500000e-01	1.511239e+01
4.574000e-05	-2.384034e-01	1.506916e+01
4.575000e-05	-1.790637e-01	1.496253e+01
4.576000e-05	-1.290032e-01	1.482668e+01
4.577000e-05	-9.093055e-02	1.474300e+01
4.578000e-05	-6.621597e-02	1.466686e+01
4.579000e-05	-5.216480e-02	1.457345e+01
4.580000e-05	-4.977130e-02	1.443871e+01
4.581000e-05	-4.119367e-02	1.433300e+01
4.582000e-05	-3.188724e-02	1.420518e+01
4.583000e-05	-2.738557e-02	1.407926e+01
4.584000e-05	-2.907670e-02	1.393185e+01
4.585000e-05	-2.901499e-02	1.383515e+01
4.586000e-05	-2.152288e-02	1.361819e+01
4.587000e-05	-1.711789e-02	1.349979e+01
4.588000e-05	-1.952397e-02	1.330105e+01
4.589000e-05	-2.226120e-02	1.317510e+01
4.590000e-05	-2.233829e-02	1.302364e+01
4.591000e-05	-1.708243e-02	1.285676e+01
4.592000e-05	-1.770658e-02	1.272040e+01
4.593000e-05	-1.989021e-02	1.253045e+01
4.594000e-05	-1.720959e-02	1.235303e+01
4.595000e-05	-1.256931e-02	1.222255e+01
4.596000e-05	-9.596535e-03	1.197418e+01
4.597000e-05	-1.515219e-02	1.178213e+01
4.598000e-05	-1.862528e-02	1.158358e+01
4.599000e-05	-1.704042e-02	1.137153e+01
4.600000e-05	-1.301942e-02	1.114202e+01
4.601000e-05	-1.236196e-02	1.094950e+01
4.602000e-05	-1.440922e-02	1.074307e+01
4.603000e-05	-1.282287e-02	1.055000e+01
4.604000e-05	-8.660221e-03	1.033144e+01
4.605000e-05	-9.571791e-03	1.007636e+01
4.606000e-05	-1.244878e-02	9.867192e+00
4.607000e-05	-1.565748e-02	9.614732e+00
4.608000e-05	-1.179459e-02	9.360629e+00
4.609000e-05	-1.065940e-02	9.151051e+00
4.610000e-05	-1.086269e-02	8.939048e+00
4.611000e-05	-1.257786e-02	8.656891e+00
4.612000e-05	-1.077678e-02	8.445261e+00
4.613000e-05	-6.594040e-03	8.212686e+00
4.614000e-05	-7.294676e-03	7.940602e+00
4.615000e-05	-1.044658e-02	7.685419e+00
4.616000e-05	-1.213511e-02	7.433756e+00
4.617000e-05	-1.038035e-02	7.139074e+00
4.618000e-05	-9.386846e-03	6.895395e+00
4.619000e-05	-1.061129e-02	6.602162e+00
4.620000e-05	-1.125249e-02	6.330073e+00
4.621000e-05	-8.665468e-03	6.094916e+00
4.622000e-05	-4.689794e-03	5.832787e+00
4.623000e-05	-7.402307e-03	5.550028e+00
4.624000e-05	-9.443739e-03	5.294841e+00
4.625000e-05	-1.019043e-02	4.949503e+00
4.626000e-05	-7.225034e-03	4.652761e+00
4.627000e-05	-7.545823e-03	4.399555e+00
4.628000e-05	-9.419761e-03	4.087920e+00
4.629000e-05	-9.579783e-03	3.820658e+00
4.630000e-05	-7.969740e-03	3.549524e+00
4.631000e-05	-4.235122e-03	3.243263e+00
4.632000e-05	-6.310971e-03	2.980551e+00
4.633000e-05	-7.630370e-03	2.735967e+00
4.634000e-05	-8.549900e-03	2.368554e+00
4.635000e-05	-5.936054e-03	2.126942e+00
4.636000e-05	-6.973208e-03	1.862691e+00
4.637000e-05	-8.187227e-03	1.535942e+00
4.638000e-05	-7.913838e-03	1.261838e+00
4.639000e-05	-5.241300e-03	8.839960e-01
4.640000e-05	-2.985440e-03	5.991829e-01
4.641000e-05	-3.868305e-03	3.560721e-01
4.642000e-05	-4.346474e-03	1.207885e-03
4.643000e-05	1.162387e-03	-2.223975e-01
4.644000e-05	9.112149e-03	-5.251806e-01
4.645000e-05	-3.695667e-03	-8.113222e-01
4.646000e-05	2.605865e-03	-1.062976e+00
4.647000e-05	-3.812232e-03	-1.358733e+00
4.648000e-05	2.921861e-03	-1.622498e+00
4.649000e-05	8.679128e-03	-1.873575e+00
4.650000e-05	5.451049e-02	-2.085604e+00
4.651000e-05	1.106933e-01	-2.433320e+00
4.652000e-05	-6.459211e-02	-2.831819e+00
4.653000e-05	-2.063877e-02	-3.223344e+00
4.654000e-05	-4.077662e-02	-3.455074e+00
4.655000e-05	-2.508198e-02	-3.665978e+00
4.656000e-05	-8.637911e-02	-3.939291e+00
4.657000e-05	1.269446e-01	-4.066161e+00
4.658000e-05	7.654466e-03	-4.369712e+00
4.659000e-05	-7.217608e-02	-4.677056e+00
4.660000e-05	1.657362e-01	-4.928185e+00
4.661000e-05	-1.712139e-01	-5.274950e+00
4.662000e-05	1.369209e-01	-5.602370e+00
4.663000e-05	-9.624491e-02	-5.783420e+00
4.664000e-05	-8.838032e-04	-6.129163e+00
4.665000e-05	1.181500e-01	-6.340344e+00
4.666000e-05	-1.180948e-01	-6.656503e+00
4.667000e-05	1.330314e-01	-6.939686e+00
4.668000e-05	-1.151548e-01	-7.214370e+00
4.669000e-05	6.355871e-02	-7.467108e+00
4.670000e-05	-9.445240e-04	-7.752165e+00
4.671000e-05	-3.055405e-02	-8.045450e+00
4.672000e-05	1.142328e-01	-8.227555e+00
4.673000e-05	-1.080070e-01	-8.512710e+00
4.674000e-05	1.188318e-01	-8.802896e+00
4.675000e-05	-9.319577e-02	-9.024926e+00
4.676000e-05	3.899151e-02	-9.258529e+00
4.677000e-05	1.021967e-03	-9.497582e+00
4.678000e-05	1.082704e-02	-9.700235e+00
4.679000e-05	6.647646e-02	-9.909212e+00
4.680000e-05	-5.638215e-02	-1.019439e+01
4.681000e-05	7.059710e-02	-1.035443e+01
4.682000e-05	-7.269585e-02	-1.063600e+01
4.683000e-05	7.282513e-02	-1.084550e+01
4.684000e-05	-4.391404e-02	-1.103555e+01
4.685000e-05	5.137956e-02	-1.125708e+01
4.686000e-05	-6.254933e-03	-1.148696e+01
4.687000e-05	2.168239e-02	-1.173113e+01
4.688000e-05	8.192236e-03	-1.187971e+01
4.689000e-05	-9.853714e-03	-1.209916e+01
4.690000e-05	2.545244e-02	-1.225806e+01
4.691000e-05	-6.159384e-04	-1.248708e+01
4.692000e-05	4.202453e-02	-1.262552e+01
4.693000e-05	-1.345119e-02	-1.280650e+01
4.694000e-05	2.282393e-02	-1.299395e+01
4.695000e-05	-1.204859e-02	-1.313227e+01
4.696000e-05	2.686701e-02	-1.328019e+01
4.697000e-05	-9.518351e-04	-1.348810e+01
4.698000e-05	2.665155e-02	-1.358398e+01
4.699000e-05	1.131102e-02	-1.374287e+01
4.700000e-05	2.292220e-02	-1.388279e+01
4.701000e-05	5.514522e-03	-1.405851e+01
4.702000e-05	5.421506e-03	-1.418540e+01
4.703000e-05	5.751338e-03	-1.427869e+01
4.704000e-05	1.816650e-02	-1.441703e+01
4.705000e-05	2.172776e-02	-1.452184e+01
4.706000e-05	1.706627e-02	-1.467963e+01
4.707000e-05	1.672878e-02	-1.473437e+01
4.708000e-05	1.181340e-02	-1.484813e+01
4.709000e-05	2.094421e-02	-1.496339e+01
4.710000e-05	1.132732e-02	-1.506903e+01
4.711000e-05	2.000696e-02	-1.509076e+01
4.712000e-05	1.492972e-02	-1.517400e+01
4.713000e-05	2.613459e-02	-1.520763e+01
4.714000e-05	1.683623e-02	-1.534239e+01
4.715000e-05	1.806354e-02	-1.537248e+01
4.716000e-05	1.518880e-02	-1.544808e+01
4.717000e-05	2.511991e-02	-1.547866e+01
4.718000e-05	2.764358e-02	-1.552542e+01
4.719000e-05	2.666427e-02	-1.555397e+01
4.720000e-05	2.496172e-02	-1.555700e+01
4.721000e-05	2.473097e-02	-1.560763e+01
4.722000e-05	2.917820e-02	-1.558916e+01
4.723000e-05	2.720501e-02	-1.567719e+01
4.724000e-05	2.972235e-02	-1.563821e+01
4.725000e-05	3.456452e-02	-1.567876e+01
4.726000e-05	4.315308e-02	-1.573771e+01
4.727000e-05	4.510397e-02	-1.568961e+01
4.728000e-05	4.474016e-02	-1.564871e+01
4.729000e-05	4.797754e-02	-1.562764e+01
4.730000e-05	5.800636e-02	-1.561758e+01
4.731000e-05	6.945492e-02	-1.555652e+01
4.732000e-05	8.230720e-02	-1.552197e+01
4.733000e-05	1.008811e-01	-1.549184e+01
4.734000e-05	1.340227e-01	-1.545918e+01
4.735000e-05	1.849477e-01	-1.539503e+01
4.736000e-05	2.374445e-01	-1.535150e+01
4.737000e-05	2.499999e-01	-1.525883e+01
4.738000e-05	2.500000e-01	-1.521663e+01
4.739000e-05	2.499650e-01	-1.513234e+01
4.740000e-05	2.297521e-01	-1.504623e+01
4.741000e-05	1.603892e-01	-1.493198e+01
4.742000e-05	1.068389e-01	-1.486921e+01
4.743000e-05	7.759146e-02	-1.478355e+01
4.744000e-05	5.907477e-02	-1.466979e+01
4.745000e-05	4.493075e-02	-1.458453e+01
4.746000e-05	3.406394e-02	-1.444876e+01
4.747000e-05	2.796861e-02	-1.432292e+01
4.748000e-05	2.567048e-02	-1.421463e+01
4.749000e-05	2.117440e-02	-1.409887e+01
4.750000e-05	1.579696e-02	-1.393242e+01
4.751000e-05	1.307081e-02	-1.382455e+01
4.752000e-05	1.350814e-02	-1.362726e+01
4.753000e-05	1.390301e-02	-1.352937e+01
4.754000e-05	1.076887e-02	-1.336158e+01
4.755000e-05	8.774527e-03	-1.317516e+01
4.756000e-05	7.750802e-03	-1.303821e+01
4.757000e-05	8.922319e-03	-1.288784e+01
4.758000e-05	7.741035e-03	-1.272997e+01
4.759000e-05	5.266995e-03	-1.255252e+01
4.760000e-05	4.982664e-03	-1.236153e+01
4.761000e-05	4.940254e-03	-1.217208e+01
4.762000e-05	5.022966e-03	-1.200363e+01
4.763000e-05	2.761878e-03	-1.177263e+01
4.764000e-05	5.868972e-04	-1.154298e+01
4.765000e-05	2.641807e-03	-1.134055e+01
4.766000e-05	4.366792e-03	-1.110943e+01
4.767000e-05	3.239834e-03	-1.089997e+01
4.768000e-05	1.258522e-03	-1.071895e+01
4.769000e-05	1.317038e-03	-1.050842e+01
4.770000e-05	1.884238e-03	-1.029689e+01
4.771000e-05	1.477493e-03	-1.004534e+01
4.772000e-05	-1.102575e-03	-9.813656e+00
4.773000e-05	-2.061920e-03	-9.614208e+00
4.774000e-05	-4.137168e-04	-9.412075e+00
4.775000e-05	-3.106823e-04	-9.149050e+00
4.776000e-05	-2.113587e-03	-8.918920e+00
4.777000e-05	-2.897195e-03	-8.696990e+00
4.778000e-05	-4.646162e-03	-8.446284e+00
4.779000e-05	1.473647e-03	-8.190130e+00
4.780000e-05	-3.368156e-03	-7.958399e+00
4.781000e-05	-1.053384e-03	-7.675366e+00
4.782000e-05	-4.122268e-03	-7.380128e+00
4.783000e-05	-1.707089e-03	-7.118574e+00
4.784000e-05	-1.697539e-03	-6.844812e+00
4.785000e-05	-5.830068e-03	-6.612104e+00
4.786000e-05	-7.862668e-03	-6.358574e+00
4.787000e-05	-7.193419e-03	-6.053793e+00
4.788000e-05	-6.955153e-03	-5.791133e+00
4.789000e-05	-3.459549e-03	-5.516542e+00
4.790000e-05	-5.378115e-03	-5.249134e+00
4.791000e-05	-1.369221e-03	-4.845867e+00
4.792000e-05	-2.918123e-03	-4.579078e+00
4.793000e-05	-4.321084e-03	-4.337048e+00
4.794000e-05	-8.787330e-03	-4.105392e+00
4.795000e-05	-1.180415e-02	-3.841708e+00
4.796000e-05	-9.262379e-03	-3.496943e+00
4.797000e-05	-8.015994e-03	-3.252866e+00
4.798000e-05	-5.309713e-03	-2.958079e+00
4.799000e-05	-5.769704e-03	-2.632764e+00
4.800000e-05	-3.177218e-03	-2.398100e+00
4.801000e-05	-4.576489e-03	-2.063939e+00
4.802000e-05	-7.333322e-03	-1.800232e+00
4.803000e-05	-1.096714e-02	-1.556496e+00
4.804000e-05	-1.106791e-02	-1.176026e+00
4.805000e-05	-1.055685e-02	-8.843409e-01
4.806000e-05	-8.409776e-03	-5.892590e-01
4.807000e-05	-7.390008e-03	-2.844421e-01
4.808000e-05	-4.377032e-03	-4.078552e-02
4.809000e-05	7.226355e-03	2.640064e-01
4.810000e-05	2.258655e-04	5.487331e-01
4.811000e-05	3.108296e-04	7.882459e-01
4.812000e-05	-3.494343e-03	1.074954e+00
4.813000e-05	-3.308324e-03	1.348241e+00
4.814000e-05	-4.478429e-03	1.655080e+00
4.815000e-05	3.389933e-03	1.945688e+00
4.816000e-05	2.922076e-02	2.157236e+00
4.817000e-05	9.234704e-02	2.473895e+00
4.818000e-05	-1.109509e-02	2.803370e+00
4.819000e-05	-6.394839e-02	3.108679e+00
4.820000e-05	-3.357731e-02	3.391339e+00
4.821000e-05	-2.772104e-02	3.685054e+00
4.822000e-05	-4.830443e-02	3.937736e+00
4.823000e-05	-4.871644e-02	4.140631e+00
4.824000e-05	9.760183e-02	4.424920e+00
4.825000e-05	-2.423821e-02	4.697158e+00
4.826000e-05	-1.588085e-02	4.961261e+00
4.827000e-05	1.138763e-01	5.297078e+00
4.828000e-05	-1.468263e-01	5.571366e+00
4.829000e-05	6.841294e-02	5.855000e+00
4.830000e-05	-4.571734e-02	6.138713e+00
4.831000e-05	3.057426e-02	6.360766e+00
4.832000e-05	1.586362e-02	6.675554e+00
4.833000e-05	-6.416740e-02	6.930235e+00
4.834000e-05	4.063107e-02	7.173322e+00
4.835000e-05	-5.834277e-02	7.457604e+00
4.836000e-05	4.018003e-02	7.750415e+00
4.837000e-05	-5.703765e-02	8.096053e+00
4.838000e-05	2.960568e-02	8.317183e+00
4.839000e-05	2.034689e-02	8.519237e+00
4.840000e-05	-3.237521e-02	8.728765e+00
4.841000e-05	1.173783e-02	9.013498e+00
4.842000e-05	-6.183272e-02	9.256482e+00
4.843000e-05	2.014778e-02	9.438556e+00
4.844000e-05	-6.952866e-03	9.709636e+00
4.845000e-05	1.604986e-02	9.939716e+00
4.846000e-05	-2.929216e-02	1.018189e+01
4.847000e-05	-6.553877e-03	1.038237e+01
4.848000e-05	2.127294e-03	1.061485e+01
4.849000e-05	-2.284245e-02	1.079497e+01
4.850000e-05	-1.008189e-02	1.100195e+01
4.851000e-05	-2.427486e-02	1.124648e+01
4.852000e-05	1.365313e-02	1.147806e+01
4.853000e-05	-1.086641e-02	1.169758e+01
4.854000e-05	-1.106649e-02	1.188813e+01
4.855000e-05	-3.401799e-02	1.206803e+01
4.856000e-05	-3.700654e-03	1.226810e+01
4.857000e-05	-2.912126e-03	1.243653e+01
4.858000e-05	-3.729546e-03	1.263592e+01
4.859000e-05	-2.150391e-02	1.282337e+01
4.860000e-05	-1.874219e-02	1.294274e+01
4.861000e-05	-8.304806e-03	1.311019e+01
4.862000e-05	-1.549932e-02	1.326866e+01
4.863000e-05	-2.004247e-02	1.344453e+01
4.864000e-05	-2.508390e-02	1.352400e+01
4.865000e-05	-1.040441e-04	1.375129e+01
4.866000e-05	-8.172836e-03	1.388006e+01
4.867000e-05	-1.488050e-02	1.401695e+01
4.868000e-05	-3.451992e-02	1.411495e+01
4.869000e-05	-1.851108e-02	1.433126e+01
4.870000e-05	-1.176934e-02	1.446605e+01
4.871000e-05	-1.241602e-02	1.451132e+01
4.872000e-05	-2.383277e-02	1.462851e+01
4.873000e-05	-2.431405e-02	1.476190e+01
4.874000e-05	-1.194231e-02	1.483606e+01
4.875000e-05	-1.996157e-02	1.489921e+01
4.876000e-05	-2.382376e-02	1.500445e+01
4.877000e-05	-3.300008e-02	1.509866e+01
4.878000e-05	-1.663762e-02	1.513437e+01
4.879000e-05	-1.767523e-02	1.522708e+01
4.880000e-05	-2.289478e-02	1.528916e+01
4.881000e-05	-3.679736e-02	1.535287e+01
4.882000e-05	-3.323176e-02	1.542603e+01
4.883000e-05	-2.187573e-02	1.544956e+01
4.884000e-05	-2.540662e-02	1.548169e+01
4.885000e-05	-3.177445e-02	1.553084e+01
4.886000e-05	-3.818064e-02	1.556185e+01
4.887000e-05	-2.762589e-02	1.558603e+01
4.888000e-05	-3.213338e-02	1.558505e+01
4.889000e-05	-4.044914e-02	1.558621e+01
4.890000e-05	-4.887088e-02	1.562608e+01
4.891000e-05	-4.293105e-02	1.563665e+01
4.892000e-05	-3.789170e-02	1.562611e+01
4.893000e-05	-4.692635e-02	1.562553e+01
4.894000e-05	-5.939117e-02	1.559453e+01
4.895000e-05	-6.684661e-02	1.558403e+01
4.896000e-05	-6.481606e-02	1.555292e+01
4.897000e-05	-7.692526e-02	1.553384e+01
4.898000e-05	-9.838508e-02	1.550024e+01
4.899000e-05	-1.238366e-01	1.545868e+01
4.900000e-05	-1.541141e-01	1.541495e+01
4.901000e-05	-2.050284e-01	1.534142e+01
4.902000e-05	-2.474247e-01	1.530879e+01
4.903000e-05	-2.500000e-01	1.521711e+01
4.904000e-05	-2.500000e-01	1.515402e+01
4.905000e-05	-2.479495e-01	1.507026e+01
4.906000e-05	-2.104527e-01	1.499566e+01
4.907000e-05	-1.502904e-01	1.490897e+01
4.908000e-05	-1.087408e-01	1.480513e+01
4.909000e-05	-7.539252e-02	1.471132e+01
4.910000e-05	-5.701024e-02	1.458558e+01
4.911000e-05	-4.974614e-02	1.449979e+01
4.912000e-05	-4.599380e-02	1.439403e+01
4.913000e-05	-3.618942e-02	1.430041e+01
4.914000e-05	-2.785286e-02	1.412000e+01
4.915000e-05	-2.841803e-02	1.403466e+01
4.916000e-05	-3.076197e-02	1.386719e+01
4.917000e-05	-2.690069e-02	1.371942e+01
4.918000e-05	-1.937249e-02	1.354458e+01
4.919000e-05	-1.791499e-02	1.341513e+01
4.920000e-05	-2.247477e-02	1.328829e+01
4.921000e-05	-2.142224e-02	1.311885e+01
4.922000e-05	-1.821642e-02	1.295095e+01
4.923000e-05	-1.441053e-02	1.278510e+01
4.924000e-05	-1.797529e-02	1.262566e+01
4.925000e-05	-2.040081e-02	1.242576e+01
4.926000e-05	-1.681827e-02	1.225776e+01
4.927000e-05	-1.231890e-02	1.204779e+01
4.928000e-05	-1.302232e-02	1.189626e+01
4.929000e-05	-1.782689e-02	1.165882e+01
4.930000e-05	-1.574689e-02	1.149729e+01
4.931000e-05	-1.212971e-02	1.122726e+01
4.932000e-05	-1.089125e-02	1.102373e+01
4.933000e-05	-1.414978e-02	1.085881e+01
4.934000e-05	-1.448869e-02	1.066329e+01
4.935000e-05	-1.233670e-02	1.040366e+01
4.936000e-05	-1.068192e-02	1.017113e+01
4.937000e-05	-1.135578e-02	9.941028e+00
4.938000e-05	-1.447020e-02	9.739474e+00
4.939000e-05	-1.132700e-02	9.487396e+00
4.940000e-05	-9.471390e-03	9.286288e+00
4.941000e-05	-9.227123e-03	9.034262e+00
4.942000e-05	-1.294185e-02	8.813208e+00
4.943000e-05	-1.266835e-02	8.551077e+00
4.944000e-05	-9.609649e-03	8.368994e+00
4.945000e-05	-8.043402e-03	8.075797e+00
4.946000e-05	-9.785957e-03	7.802684e+00
4.947000e-05	-1.141249e-02	7.559478e+00
4.948000e-05	-9.404311e-03	7.247345e+00
4.949000e-05	-7.867011e-03	7.012683e+00
4.950000e-05	-8.920514e-03	6.741628e+00
4.951000e-05	-1.197500e-02	6.475344e+00
4.952000e-05	-1.012763e-02	6.260682e+00
4.953000e-05	-7.286842e-03	5.979504e+00
4.954000e-05	-7.186612e-03	5.647271e+00
4.955000e-05	-8.852337e-03	5.432760e+00
4.956000e-05	-1.006099e-02	5.137501e+00
4.957000e-05	-8.118035e-03	4.749653e+00
4.958000e-05	-6.702828e-03	4.537420e+00
4.959000e-05	-7.645518e-03	4.213262e+00
4.960000e-05	-1.003230e-02	3.908895e+00
4.961000e-05	-8.377111e-03	3.663915e+00
4.962000e-05	-5.897808e-03	3.420581e+00
4.963000e-05	-5.879024e-03	3.076941e+00
4.964000e-05	-9.527704e-03	2.840684e+00
4.965000e-05	-9.491830e-03	2.548075e+00
4.966000e-05	-6.608812e-03	2.223239e+00
4.967000e-05	-4.963511e-03	1.968603e+00
4.968000e-05	-6.603591e-03	1.663917e+00
4.969000e-05	-8.528261e-03	1.388656e+00
4.970000e-05	-6.322391e-03	1.060841e+00
4.971000e-05	-4.913308e-03	7.469724e-01
4.972000e-05	-4.930140e-03	4.318356e-01
4.973000e-05	-5.986932e-03	2.097027e-01
4.974000e-05	-2.748542e-03	-9.515933e-02
4.975000e-05	9.805088e-03	-3.792672e-01
4.976000e-05	-4.291489e-04	-6.864015e-01
4.977000e-05	1.841744e-03	-9.157145e-01
4.978000e-05	-3.820076e-03	-1.219793e+00
4.979000e-05	1.920560e-03	-1.537684e+00
4.980000e-05	1.679465e-03	-1.738715e+00
4.981000e-05	2.724652e-02	-2.010841e+00
4.982000e-05	9.570380e-02	-2.245002e+00
4.983000e-05	3.281222e-02	-2.613347e+00
4.984000e-05	-7.073947e-02	-3.024894e+00
4.985000e-05	-7.405573e-03	-3.361766e+00
4.986000e-05	-4.508870e-02	-3.579867e+00
4.987000e-05	-5.105515e-02	-3.823944e+00
4.988000e-05	-2.014426e-02	-4.023003e+00
4.989000e-05	1.607759e-01	-4.222371e+00
4.990000e-05	-1.534894e-01	-4.477182e+00
4.991000e-05	1.742525e-01	-4.802851e+00
4.992000e-05	-3.567248e-02	-5.036527e+00
4.993000e-05	-5.396321e-02	-5.476955e+00
4.994000e-05	1.066484e-01	-5.697158e+00
4.995000e-05	-1.618778e-01	-5.982715e+00
4.996000e-05	1.770073e-01	-6.265022e+00
4.997000e-05	-7.917200e-02	-6.486133e+00
4.998000e-05	3.754596e-02	-6.813998e+00
4.999000e-05	2.773058e-02	-7.067512e+00
