# 260528_14:54:37.178946
t	CH1	CH2
0.000000e+00	-5.816494e-03	4.411026e-01
1.000000e-08	-6.252630e-03	1.248193e-01
2.000000e-08	-4.145732e-03	-1.383159e-01
3.000000e-08	1.148303e-02	-3.994738e-01
4.000000e-08	-2.808093e-03	-7.350345e-01
5.000000e-08	4.708907e-03	-9.583960e-01
6.000000e-08	-5.255107e-03	-1.242103e+00
7.000000e-08	3.300221e-03	-1.558893e+00
8.000000e-08	2.262212e-04	-1.798946e+00
9.000000e-08	2.931710e-02	-2.019653e+00
1.000000e-07	1.153350e-01	-2.305812e+00
1.100000e-07	-4.773025e-03	-2.664734e+00
1.200000e-07	-5.629490e-02	-3.116241e+00
1.300000e-07	-1.941556e-02	-3.392030e+00
1.400000e-07	-3.352633e-02	-3.590947e+00
1.500000e-07	-7.704628e-02	-3.905659e+00
1.600000e-07	3.981672e-02	-4.033162e+00
1.700000e-07	1.227413e-01	-4.223657e+00
1.800000e-07	-1.712465e-01	-4.590521e+00
1.900000e-07	2.175634e-01	-4.862204e+00
2.000000e-07	-1.341734e-01	-5.166842e+00
2.100000e-07	5.206872e-02	-5.548395e+00
2.200000e-07	2.016359e-02	-5.725866e+00
2.300000e-07	-1.215173e-01	-6.062607e+00
2.400000e-07	1.954209e-01	-6.293712e+00
2.500000e-07	-1.379374e-01	-6.601496e+00
2.600000e-07	1.143619e-01	-6.831161e+00
2.700000e-07	-5.373344e-02	-7.104841e+00
2.800000e-07	-3.153947e-02	-7.421105e+00
2.900000e-07	9.241836e-02	-7.662761e+00
3.000000e-07	-1.134263e-01	-7.989429e+00
3.100000e-07	1.605133e-01	-8.210549e+00
3.200000e-07	-1.112328e-01	-8.401107e+00
3.300000e-07	8.939390e-02	-8.737943e+00
3.400000e-07	-2.584865e-02	-8.927924e+00
3.500000e-07	-4.088705e-02	-9.260607e+00
3.600000e-07	6.559121e-02	-9.391182e+00
3.700000e-07	-6.003520e-02	-9.671690e+00
3.800000e-07	1.262067e-01	-9.863289e+00
3.900000e-07	-8.719988e-02	-1.011737e+01
4.000000e-07	8.560504e-02	-1.036748e+01
4.100000e-07	-7.234148e-02	-1.055047e+01
4.200000e-07	5.181154e-02	-1.082860e+01
4.300000e-07	-1.420524e-02	-1.100853e+01
4.400000e-07	1.249350e-02	-1.119008e+01
4.500000e-07	2.725834e-02	-1.137963e+01
4.600000e-07	-1.102842e-02	-1.165166e+01
4.700000e-07	4.315536e-02	-1.186373e+01
4.800000e-07	-3.674014e-02	-1.207379e+01
4.900000e-07	4.233952e-02	-1.223066e+01
5.000000e-07	-2.086667e-02	-1.242126e+01
5.100000e-07	5.554313e-02	-1.260016e+01
5.200000e-07	-1.878349e-02	-1.276853e+01
5.300000e-07	2.141270e-02	-1.297852e+01
5.400000e-07	-1.516841e-02	-1.314490e+01
5.500000e-07	2.340532e-02	-1.329379e+01
5.600000e-07	6.244540e-03	-1.343163e+01
5.700000e-07	1.855191e-02	-1.358169e+01
5.800000e-07	1.663841e-02	-1.375750e+01
5.900000e-07	1.640468e-02	-1.390539e+01
6.000000e-07	1.526114e-02	-1.403128e+01
6.100000e-07	-4.212469e-03	-1.416005e+01
6.200000e-07	4.856535e-03	-1.427537e+01
6.300000e-07	6.541939e-03	-1.440126e+01
6.400000e-07	2.841939e-02	-1.452793e+01
6.500000e-07	1.492719e-02	-1.467276e+01
6.600000e-07	2.094817e-02	-1.473693e+01
6.700000e-07	6.291292e-03	-1.488329e+01
6.800000e-07	2.068649e-02	-1.497797e+01
6.900000e-07	9.932609e-03	-1.504271e+01
7.000000e-07	1.675564e-02	-1.513495e+01
7.100000e-07	1.129265e-02	-1.520051e+01
7.200000e-07	2.312921e-02	-1.524387e+01
7.300000e-07	1.974567e-02	-1.534653e+01
7.400000e-07	1.655923e-02	-1.543963e+01
7.500000e-07	1.292439e-02	-1.550281e+01
7.600000e-07	1.818308e-02	-1.551592e+01
7.700000e-07	2.796425e-02	-1.559795e+01
7.800000e-07	2.571491e-02	-1.561021e+01
7.900000e-07	2.479637e-02	-1.566074e+01
8.000000e-07	2.090529e-02	-1.567231e+01
8.100000e-07	2.596799e-02	-1.566484e+01
8.200000e-07	2.650593e-02	-1.568337e+01
8.300000e-07	2.794612e-02	-1.573592e+01
8.400000e-07	3.091216e-02	-1.573752e+01
8.500000e-07	3.962085e-02	-1.568747e+01
8.600000e-07	4.458318e-02	-1.568502e+01
8.700000e-07	4.468969e-02	-1.571600e+01
8.800000e-07	4.318314e-02	-1.567391e+01
8.900000e-07	5.246576e-02	-1.566177e+01
9.000000e-07	6.567931e-02	-1.563126e+01
9.100000e-07	8.043960e-02	-1.561766e+01
9.200000e-07	9.620994e-02	-1.557856e+01
9.300000e-07	1.256508e-01	-1.554497e+01
9.400000e-07	1.753677e-01	-1.549239e+01
9.500000e-07	2.365097e-01	-1.542923e+01
9.600000e-07	2.500000e-01	-1.533658e+01
9.700000e-07	2.500000e-01	-1.525492e+01
9.800000e-07	2.500000e-01	-1.521161e+01
9.900000e-07	2.326019e-01	-1.514542e+01
1.000000e-06	1.594533e-01	-1.503278e+01
1.010000e-06	1.015349e-01	-1.495655e+01
1.020000e-06	7.069580e-02	-1.487327e+01
1.030000e-06	5.512131e-02	-1.482806e+01
1.040000e-06	4.341169e-02	-1.467337e+01
1.050000e-06	3.203883e-02	-1.454850e+01
1.060000e-06	2.453401e-02	-1.446171e+01
1.070000e-06	2.197983e-02	-1.433630e+01
1.080000e-06	1.956300e-02	-1.416755e+01
1.090000e-06	1.410228e-02	-1.407236e+01
1.100000e-06	9.927883e-03	-1.395592e+01
1.110000e-06	1.077922e-02	-1.376863e+01
1.120000e-06	1.335647e-02	-1.364013e+01
1.130000e-06	1.093389e-02	-1.347282e+01
1.140000e-06	7.000033e-03	-1.332342e+01
1.150000e-06	5.352195e-03	-1.316652e+01
1.160000e-06	7.081571e-03	-1.299016e+01
1.170000e-06	7.528108e-03	-1.283169e+01
1.180000e-06	4.781697e-03	-1.264221e+01
1.190000e-06	2.837358e-03	-1.251349e+01
1.200000e-06	3.000096e-03	-1.234482e+01
1.210000e-06	4.674991e-03	-1.209598e+01
1.220000e-06	2.360368e-03	-1.195548e+01
1.230000e-06	-7.095478e-05	-1.169442e+01
1.240000e-06	8.744983e-04	-1.148181e+01
1.250000e-06	4.248602e-03	-1.127274e+01
1.260000e-06	3.962488e-03	-1.103269e+01
1.270000e-06	3.825072e-04	-1.084121e+01
1.280000e-06	-1.052552e-03	-1.063116e+01
1.290000e-06	-4.091505e-04	-1.043114e+01
1.300000e-06	5.709910e-04	-1.021008e+01
1.310000e-06	-2.158032e-03	-1.000898e+01
1.320000e-06	-3.103357e-03	-9.797920e+00
1.330000e-06	-1.033936e-03	-9.545874e+00
1.340000e-06	4.095443e-04	-9.332817e+00
1.350000e-06	-1.805025e-03	-9.052786e+00
1.360000e-06	-3.622882e-03	-8.810636e+00
1.370000e-06	-3.600270e-03	-8.638975e+00
1.380000e-06	-1.589544e-03	-8.363947e+00
1.390000e-06	-1.995631e-03	-8.094318e+00
1.400000e-06	-3.982884e-03	-7.800653e+00
1.410000e-06	-5.338827e-03	-7.595893e+00
1.420000e-06	-3.974356e-03	-7.273261e+00
1.430000e-06	-4.079502e-03	-6.998134e+00
1.440000e-06	-5.316932e-03	-6.744944e+00
1.450000e-06	-5.770110e-03	-6.513311e+00
1.460000e-06	-3.945548e-03	-6.218151e+00
1.470000e-06	-4.450590e-03	-5.936396e+00
1.480000e-06	-4.293973e-03	-5.693312e+00
1.490000e-06	-6.677482e-03	-5.386072e+00
1.500000e-06	-6.720993e-03	-5.072766e+00
1.510000e-06	-5.996941e-03	-4.754948e+00
1.520000e-06	-5.413723e-03	-4.483684e+00
1.530000e-06	-6.961527e-03	-4.251111e+00
1.540000e-06	-7.398500e-03	-3.987969e+00
1.550000e-06	-6.747154e-03	-3.661739e+00
1.560000e-06	-7.086019e-03	-3.370054e+00
1.570000e-06	-6.552892e-03	-3.127343e+00
1.580000e-06	-9.162579e-03	-2.820977e+00
1.590000e-06	-6.015703e-03	-2.516368e+00
1.600000e-06	-6.325930e-03	-2.261132e+00
1.610000e-06	-6.798840e-03	-1.947822e+00
1.620000e-06	-9.849513e-03	-1.732711e+00
1.630000e-06	-9.461086e-03	-1.377395e+00
1.640000e-06	-8.863799e-03	-1.062130e+00
1.650000e-06	-7.473612e-03	-7.983724e-01
1.660000e-06	-8.211911e-03	-4.321275e-01
1.670000e-06	-6.590970e-03	-1.664747e-01
1.680000e-06	2.855140e-04	1.037406e-01
1.690000e-06	6.018671e-03	3.989738e-01
1.700000e-06	-4.439217e-03	6.320567e-01
1.710000e-06	6.607640e-04	8.664295e-01
1.720000e-06	-6.065980e-03	1.230054e+00
1.730000e-06	1.784838e-03	1.503786e+00
1.740000e-06	-3.785561e-03	1.820500e+00
1.750000e-06	1.830775e-02	2.031003e+00
1.760000e-06	7.153286e-02	2.274787e+00
1.770000e-06	5.562465e-02	2.653178e+00
1.780000e-06	-8.380365e-02	2.967445e+00
1.790000e-06	-2.906843e-02	3.242053e+00
1.800000e-06	-4.093090e-02	3.598920e+00
1.810000e-06	-2.487911e-02	3.819424e+00
1.820000e-06	-7.933050e-02	3.959502e+00
1.830000e-06	6.336160e-02	4.243663e+00
1.840000e-06	5.526096e-02	4.588422e+00
1.850000e-06	-1.074452e-01	4.800128e+00
1.860000e-06	1.806235e-01	5.116341e+00
1.870000e-06	-1.400436e-01	5.463208e+00
1.880000e-06	3.024309e-02	5.713740e+00
1.890000e-06	-9.892190e-03	5.961130e+00
1.900000e-06	-1.627630e-02	6.213130e+00
1.910000e-06	6.453884e-02	6.496367e+00
1.920000e-06	-8.422396e-02	6.851109e+00
1.930000e-06	4.583184e-02	7.043186e+00
1.940000e-06	-5.543377e-02	7.336895e+00
1.950000e-06	2.556668e-02	7.642631e+00
1.960000e-06	-2.697385e-02	7.915318e+00
1.970000e-06	-1.272440e-02	8.168553e+00
1.980000e-06	4.676435e-02	8.430656e+00
1.990000e-06	-3.779103e-02	8.624211e+00
2.000000e-06	1.810551e-02	8.863213e+00
2.010000e-06	-4.917972e-02	9.128373e+00
2.020000e-06	-1.264143e-02	9.375895e+00
2.030000e-06	1.174229e-02	9.599604e+00
2.040000e-06	2.561385e-03	9.820109e+00
2.050000e-06	-3.303055e-03	1.006276e+01
2.060000e-06	-2.858010e-02	1.024374e+01
2.070000e-06	1.163577e-02	1.046445e+01
2.080000e-06	-2.296346e-02	1.071537e+01
2.090000e-06	-8.272636e-03	1.093587e+01
2.100000e-06	-2.277206e-02	1.114642e+01
2.110000e-06	4.790007e-04	1.136800e+01
2.120000e-06	2.986221e-03	1.156955e+01
2.130000e-06	-1.269940e-02	1.176063e+01
2.140000e-06	-2.423488e-02	1.197952e+01
2.150000e-06	-1.952259e-02	1.217010e+01
2.160000e-06	6.503018e-04	1.233692e+01
2.170000e-06	-9.232809e-04	1.252544e+01
2.180000e-06	-1.422256e-02	1.272330e+01
2.190000e-06	-2.091426e-02	1.285441e+01
2.200000e-06	-1.376563e-02	1.299916e+01
2.210000e-06	-8.232938e-03	1.320921e+01
2.220000e-06	-1.785901e-02	1.333745e+01
2.230000e-06	-2.350255e-02	1.351439e+01
2.240000e-06	-8.291465e-03	1.364324e+01
2.250000e-06	-3.460072e-03	1.378763e+01
2.260000e-06	-8.334550e-03	1.395640e+01
2.270000e-06	-3.069348e-02	1.408542e+01
2.280000e-06	-2.285885e-02	1.422086e+01
2.290000e-06	-1.574300e-02	1.432803e+01
2.300000e-06	-6.956983e-03	1.448344e+01
2.310000e-06	-2.047026e-02	1.455858e+01
2.320000e-06	-2.389541e-02	1.468540e+01
2.330000e-06	-1.581685e-02	1.480956e+01
2.340000e-06	-1.562064e-02	1.485226e+01
2.350000e-06	-1.955801e-02	1.493705e+01
2.360000e-06	-3.069668e-02	1.503121e+01
2.370000e-06	-1.881272e-02	1.510542e+01
2.380000e-06	-1.666243e-02	1.518668e+01
2.390000e-06	-1.714700e-02	1.525229e+01
2.400000e-06	-3.351415e-02	1.527494e+01
2.410000e-06	-3.277727e-02	1.536861e+01
2.420000e-06	-2.621592e-02	1.541978e+01
2.430000e-06	-2.103911e-02	1.547129e+01
2.440000e-06	-2.734098e-02	1.553630e+01
2.450000e-06	-3.597565e-02	1.552850e+01
2.460000e-06	-2.931695e-02	1.557800e+01
2.470000e-06	-3.051129e-02	1.556966e+01
2.480000e-06	-3.432441e-02	1.562868e+01
2.490000e-06	-4.566123e-02	1.560121e+01
2.500000e-06	-4.275945e-02	1.560874e+01
2.510000e-06	-3.912439e-02	1.559964e+01
2.520000e-06	-4.199403e-02	1.558976e+01
2.530000e-06	-5.411974e-02	1.557908e+01
2.540000e-06	-6.555741e-02	1.557911e+01
2.550000e-06	-6.431776e-02	1.553655e+01
2.560000e-06	-7.365224e-02	1.551297e+01
2.570000e-06	-8.941504e-02	1.549437e+01
2.580000e-06	-1.193553e-01	1.546277e+01
2.590000e-06	-1.494309e-01	1.540916e+01
2.600000e-06	-2.009856e-01	1.533759e+01
2.610000e-06	-2.460904e-01	1.528389e+01
2.620000e-06	-2.500000e-01	1.525229e+01
2.630000e-06	-2.500000e-01	1.519761e+01
2.640000e-06	-2.487974e-01	1.511297e+01
2.650000e-06	-2.097944e-01	1.509176e+01
2.660000e-06	-1.435943e-01	1.490650e+01
2.670000e-06	-1.048552e-01	1.483276e+01
2.680000e-06	-7.510205e-02	1.474842e+01
2.690000e-06	-5.313004e-02	1.464024e+01
2.700000e-06	-4.485576e-02	1.450647e+01
2.710000e-06	-4.066366e-02	1.446081e+01
2.720000e-06	-3.702793e-02	1.431499e+01
2.730000e-06	-2.659264e-02	1.420976e+01
2.740000e-06	-2.471199e-02	1.401224e+01
2.750000e-06	-2.611424e-02	1.389449e+01
2.760000e-06	-2.704686e-02	1.378715e+01
2.770000e-06	-1.932029e-02	1.363019e+01
2.780000e-06	-1.549461e-02	1.349289e+01
2.790000e-06	-1.761942e-02	1.332440e+01
2.800000e-06	-2.138326e-02	1.315803e+01
2.810000e-06	-1.965863e-02	1.302811e+01
2.820000e-06	-1.382304e-02	1.287273e+01
2.830000e-06	-1.506534e-02	1.268139e+01
2.840000e-06	-1.734582e-02	1.254442e+01
2.850000e-06	-1.851068e-02	1.228395e+01
2.860000e-06	-1.275797e-02	1.211608e+01
2.870000e-06	-1.094894e-02	1.197803e+01
2.880000e-06	-1.551647e-02	1.176605e+01
2.890000e-06	-1.590748e-02	1.155900e+01
2.900000e-06	-1.498420e-02	1.135505e+01
2.910000e-06	-7.990066e-03	1.111602e+01
2.920000e-06	-1.035230e-02	1.094484e+01
2.930000e-06	-1.389923e-02	1.069587e+01
2.940000e-06	-1.235217e-02	1.049140e+01
2.950000e-06	-1.143642e-02	1.029382e+01
2.960000e-06	-1.051901e-02	1.007122e+01
2.970000e-06	-1.376370e-02	9.788731e+00
2.980000e-06	-1.169896e-02	9.589029e+00
2.990000e-06	-8.636500e-03	9.377422e+00
3.000000e-06	-6.094782e-03	9.124446e+00
3.010000e-06	-9.545769e-03	8.903343e+00
3.020000e-06	-1.264718e-02	8.631661e+00
3.030000e-06	-1.229437e-02	8.409586e+00
3.040000e-06	-9.499372e-03	8.175601e+00
3.050000e-06	-8.759127e-03	7.894942e+00
3.060000e-06	-9.341810e-03	7.633313e+00
3.070000e-06	-7.969206e-03	7.398046e+00
3.080000e-06	-7.726660e-03	7.115895e+00
3.090000e-06	-6.632677e-03	6.841787e+00
3.100000e-06	-1.070376e-02	6.588030e+00
3.110000e-06	-1.127208e-02	6.323941e+00
3.120000e-06	-9.638161e-03	6.061736e+00
3.130000e-06	-7.269798e-03	5.798624e+00
3.140000e-06	-8.454189e-03	5.512820e+00
3.150000e-06	-9.760978e-03	5.201656e+00
3.160000e-06	-8.581321e-03	4.892739e+00
3.170000e-06	-6.627785e-03	4.608076e+00
3.180000e-06	-5.609676e-03	4.338944e+00
3.190000e-06	-7.400589e-03	4.062062e+00
3.200000e-06	-8.002055e-03	3.767901e+00
3.210000e-06	-6.973018e-03	3.464870e+00
3.220000e-06	-6.448881e-03	3.179004e+00
3.230000e-06	-8.610283e-03	2.925291e+00
3.240000e-06	-9.222260e-03	2.691234e+00
3.250000e-06	-7.358323e-03	2.344868e+00
3.260000e-06	-5.577743e-03	2.083660e+00
3.270000e-06	-4.658335e-03	1.781025e+00
3.280000e-06	-6.206530e-03	1.454783e+00
3.290000e-06	-7.067471e-03	1.219946e+00
3.300000e-06	-5.782077e-03	8.216263e-01
3.310000e-06	-5.099910e-03	5.569708e-01
3.320000e-06	-5.675795e-03	3.342380e-01
3.330000e-06	-4.702292e-03	-4.002509e-02
3.340000e-06	2.989172e-03	-2.962356e-01
3.350000e-06	6.675760e-03	-5.372672e-01
3.360000e-06	-1.496133e-03	-8.221290e-01
3.370000e-06	1.382160e-03	-1.106162e+00
3.380000e-06	-1.896382e-03	-1.393054e+00
3.390000e-06	1.548220e-03	-1.683736e+00
3.400000e-06	1.227153e-02	-1.916264e+00
3.410000e-06	6.530797e-02	-2.097844e+00
3.420000e-06	1.015484e-01	-2.464731e+00
3.430000e-06	-8.692322e-02	-2.895810e+00
3.440000e-06	-3.290695e-03	-3.294687e+00
3.450000e-06	-5.115563e-02	-3.526190e+00
3.460000e-06	-2.456752e-02	-3.755364e+00
3.470000e-06	-9.101853e-02	-3.990449e+00
3.480000e-06	1.970996e-01	-4.137371e+00
3.490000e-06	-1.172317e-01	-4.399553e+00
3.500000e-06	6.715382e-02	-4.746924e+00
3.510000e-06	8.265359e-02	-4.958946e+00
3.520000e-06	-1.578811e-01	-5.318970e+00
3.530000e-06	1.786113e-01	-5.628554e+00
3.540000e-06	-1.878017e-01	-5.896237e+00
3.550000e-06	1.251152e-01	-6.179475e+00
3.560000e-06	1.193344e-02	-6.402128e+00
3.570000e-06	-5.446385e-02	-6.776818e+00
3.580000e-06	1.183386e-01	-6.960650e+00
3.590000e-06	-1.541183e-01	-7.305344e+00
3.600000e-06	1.355833e-01	-7.598371e+00
3.610000e-06	-9.171163e-02	-7.823084e+00
3.620000e-06	6.329820e-02	-8.135342e+00
3.630000e-06	4.005805e-02	-8.316341e+00
3.640000e-06	-6.936183e-02	-8.612081e+00
3.650000e-06	1.226275e-01	-8.843687e+00
3.660000e-06	-1.382645e-01	-9.074791e+00
3.670000e-06	1.038206e-01	-9.314895e+00
3.680000e-06	-7.280715e-02	-9.586973e+00
3.690000e-06	8.946111e-02	-9.799499e+00
3.700000e-06	-6.854986e-03	-9.989025e+00
3.710000e-06	-2.258499e-03	-1.023326e+01
3.720000e-06	2.959099e-02	-1.048339e+01
3.730000e-06	-5.142720e-02	-1.072484e+01
3.740000e-06	7.182414e-02	-1.090331e+01
3.750000e-06	-5.859086e-02	-1.110335e+01
3.760000e-06	7.581568e-02	-1.133647e+01
3.770000e-06	-4.045974e-02	-1.157647e+01
3.780000e-06	5.815546e-02	-1.175903e+01
3.790000e-06	-3.078773e-02	-1.193852e+01
3.800000e-06	2.245579e-02	-1.215945e+01
3.810000e-06	-3.982222e-03	-1.235592e+01
3.820000e-06	2.496710e-02	-1.251695e+01
3.830000e-06	2.138702e-02	-1.267431e+01
3.840000e-06	-4.141913e-03	-1.286339e+01
3.850000e-06	1.327937e-02	-1.303221e+01
3.860000e-06	-7.780443e-03	-1.318010e+01
3.870000e-06	2.533510e-02	-1.337700e+01
3.880000e-06	-2.052578e-03	-1.351542e+01
3.890000e-06	2.863020e-02	-1.366527e+01
3.900000e-06	6.230785e-03	-1.382009e+01
3.910000e-06	3.030814e-02	-1.399865e+01
3.920000e-06	-3.773126e-03	-1.411534e+01
3.930000e-06	1.157300e-02	-1.423279e+01
3.940000e-06	-3.850610e-03	-1.434906e+01
3.950000e-06	2.438715e-02	-1.449429e+01
3.960000e-06	1.273431e-02	-1.461166e+01
3.970000e-06	2.074107e-02	-1.474493e+01
3.980000e-06	9.461598e-03	-1.483966e+01
3.990000e-06	1.565370e-02	-1.491640e+01
4.000000e-06	1.825481e-02	-1.497906e+01
4.010000e-06	1.374603e-02	-1.509430e+01
4.020000e-06	1.679871e-02	-1.513708e+01
4.030000e-06	1.326942e-02	-1.521381e+01
4.040000e-06	2.340729e-02	-1.527749e+01
4.050000e-06	1.357628e-02	-1.540016e+01
4.060000e-06	1.613901e-02	-1.543116e+01
4.070000e-06	1.302931e-02	-1.547334e+01
4.080000e-06	2.754703e-02	-1.557643e+01
4.090000e-06	2.772381e-02	-1.561955e+01
4.100000e-06	2.696168e-02	-1.563118e+01
4.110000e-06	2.208111e-02	-1.564141e+01
4.120000e-06	2.322047e-02	-1.570329e+01
4.130000e-06	2.651240e-02	-1.570437e+01
4.140000e-06	2.630770e-02	-1.572637e+01
4.150000e-06	2.859199e-02	-1.573452e+01
4.160000e-06	3.365046e-02	-1.569652e+01
4.170000e-06	4.317640e-02	-1.574490e+01
4.180000e-06	4.511672e-02	-1.567387e+01
4.190000e-06	4.402165e-02	-1.570482e+01
4.200000e-06	4.802681e-02	-1.570334e+01
4.210000e-06	5.910718e-02	-1.566069e+01
4.220000e-06	7.315598e-02	-1.565018e+01
4.230000e-06	8.779933e-02	-1.562013e+01
4.240000e-06	1.095445e-01	-1.557652e+01
4.250000e-06	1.494798e-01	-1.552389e+01
4.260000e-06	2.080954e-01	-1.546226e+01
4.270000e-06	2.484195e-01	-1.537858e+01
4.280000e-06	2.500000e-01	-1.531699e+01
4.290000e-06	2.500000e-01	-1.524334e+01
4.300000e-06	2.470934e-01	-1.515945e+01
4.310000e-06	1.958153e-01	-1.506337e+01
4.320000e-06	1.258409e-01	-1.498968e+01
4.330000e-06	8.286558e-02	-1.490539e+01
4.340000e-06	6.066296e-02	-1.481076e+01
4.350000e-06	4.801116e-02	-1.473544e+01
4.360000e-06	3.643487e-02	-1.460118e+01
4.370000e-06	2.728757e-02	-1.448597e+01
4.380000e-06	2.260401e-02	-1.437708e+01
4.390000e-06	2.091252e-02	-1.423429e+01
4.400000e-06	1.822495e-02	-1.411440e+01
4.410000e-06	1.303718e-02	-1.399855e+01
4.420000e-06	9.728322e-03	-1.380966e+01
4.430000e-06	1.147595e-02	-1.366382e+01
4.440000e-06	1.118511e-02	-1.353747e+01
4.450000e-06	8.448760e-03	-1.335768e+01
4.460000e-06	5.135716e-03	-1.324171e+01
4.470000e-06	5.848433e-03	-1.305279e+01
4.480000e-06	6.964595e-03	-1.291592e+01
4.490000e-06	7.607944e-03	-1.272790e+01
4.500000e-06	4.433447e-03	-1.256618e+01
4.510000e-06	3.238709e-03	-1.238008e+01
4.520000e-06	2.636343e-03	-1.215916e+01
4.530000e-06	2.633662e-03	-1.196871e+01
4.540000e-06	8.869080e-04	-1.184918e+01
4.550000e-06	-3.957924e-04	-1.156805e+01
4.560000e-06	2.349173e-03	-1.138755e+01
4.570000e-06	3.393182e-03	-1.112500e+01
4.580000e-06	2.604774e-03	-1.091547e+01
4.590000e-06	-5.484428e-04	-1.071747e+01
4.600000e-06	-1.277613e-03	-1.054599e+01
4.610000e-06	-1.674649e-04	-1.029287e+01
4.620000e-06	3.127338e-04	-1.007379e+01
4.630000e-06	-2.189736e-03	-9.832288e+00
4.640000e-06	-2.601716e-03	-9.653236e+00
4.650000e-06	-1.298056e-03	-9.410631e+00
4.660000e-06	-4.256559e-04	-9.158523e+00
4.670000e-06	-2.117431e-03	-8.945420e+00
4.680000e-06	-3.446025e-03	-8.703809e+00
4.690000e-06	-2.747627e-03	-8.470764e+00
4.700000e-06	-1.546713e-03	-8.219556e+00
4.710000e-06	-1.883109e-03	-7.968404e+00
4.720000e-06	-4.761097e-03	-7.673766e+00
4.730000e-06	-5.446544e-03	-7.398003e+00
4.740000e-06	-5.290741e-03	-7.076398e+00
4.750000e-06	-4.038438e-03	-6.862712e+00
4.760000e-06	-5.896237e-03	-6.579025e+00
4.770000e-06	-3.864548e-03	-6.339345e+00
4.780000e-06	-4.863666e-03	-6.073188e+00
4.790000e-06	-3.694323e-03	-5.800051e+00
4.800000e-06	-5.522658e-03	-5.515341e+00
4.810000e-06	-6.688106e-03	-5.180578e+00
4.820000e-06	-6.646273e-03	-4.883890e+00
4.830000e-06	-5.401975e-03	-4.599450e+00
4.840000e-06	-5.331723e-03	-4.328422e+00
4.850000e-06	-7.157568e-03	-4.094237e+00
4.860000e-06	-7.610694e-03	-3.801054e+00
4.870000e-06	-7.380556e-03	-3.536342e+00
4.880000e-06	-7.169915e-03	-3.223280e+00
4.890000e-06	-6.703217e-03	-2.936416e+00
4.900000e-06	-6.976040e-03	-2.662182e+00
4.910000e-06	-5.923955e-03	-2.389524e+00
4.920000e-06	-6.905531e-03	-2.092658e+00
4.930000e-06	-7.376146e-03	-1.830576e+00
4.940000e-06	-9.365935e-03	-1.536872e+00
4.950000e-06	-9.805583e-03	-1.188476e+00
4.960000e-06	-8.517243e-03	-8.842330e-01
4.970000e-06	-7.190094e-03	-6.001001e-01
4.980000e-06	-6.950737e-03	-2.937618e-01
4.990000e-06	-4.413914e-03	-2.100501e-02
5.000000e-06	7.131006e-03	2.945343e-01
5.010000e-06	-4.008819e-03	5.173406e-01
5.020000e-06	1.462524e-03	7.690674e-01
5.030000e-06	-4.851800e-03	1.076685e+00
5.040000e-06	-6.992551e-04	1.377394e+00
5.050000e-06	-4.870334e-03	1.696188e+00
5.060000e-06	9.067327e-03	1.926864e+00
5.070000e-06	3.423912e-02	2.146891e+00
5.080000e-06	1.033062e-01	2.461608e+00
5.090000e-06	-5.308609e-02	2.809534e+00
5.100000e-06	-4.749782e-02	3.166290e+00
5.110000e-06	-4.147780e-02	3.413125e+00
5.120000e-06	-1.568369e-02	3.683688e+00
5.130000e-06	-7.289098e-02	3.886787e+00
5.140000e-06	-2.339964e-02	4.095736e+00
5.150000e-06	1.303040e-01	4.421028e+00
5.160000e-06	-1.096199e-01	4.687240e+00
5.170000e-06	9.135869e-02	4.946442e+00
5.180000e-06	2.325250e-02	5.305841e+00
5.190000e-06	-1.081328e-01	5.567948e+00
5.200000e-06	7.409143e-02	5.865781e+00
5.210000e-06	-7.343674e-02	6.126417e+00
5.220000e-06	7.523604e-02	6.389973e+00
5.230000e-06	-3.736343e-02	6.673813e+00
5.240000e-06	-2.241436e-02	6.937920e+00
5.250000e-06	1.808663e-02	7.210157e+00
5.260000e-06	-4.816146e-02	7.484841e+00
5.270000e-06	4.079492e-02	7.779003e+00
5.280000e-06	-6.807348e-02	8.074236e+00
5.290000e-06	5.543580e-02	8.316417e+00
5.300000e-06	-8.149940e-03	8.535369e+00
5.310000e-06	-1.598369e-02	8.747446e+00
5.320000e-06	7.388809e-03	8.972178e+00
5.330000e-06	-6.717133e-02	9.293260e+00
5.340000e-06	3.987743e-02	9.474240e+00
5.350000e-06	-2.546066e-02	9.745894e+00
5.360000e-06	2.901767e-02	9.958426e+00
5.370000e-06	-4.564267e-02	1.018050e+01
5.380000e-06	1.005982e-02	1.039853e+01
5.390000e-06	-1.008635e-02	1.058103e+01
5.400000e-06	-1.839805e-02	1.089108e+01
5.410000e-06	-8.012816e-03	1.108118e+01
5.420000e-06	-2.546129e-02	1.123319e+01
5.430000e-06	2.272307e-02	1.144429e+01
5.440000e-06	-2.230225e-02	1.169332e+01
5.450000e-06	-3.394718e-03	1.190389e+01
5.460000e-06	-3.839526e-02	1.206534e+01
5.470000e-06	5.611906e-03	1.226221e+01
5.480000e-06	-7.126365e-03	1.247329e+01
5.490000e-06	-2.916341e-03	1.263061e+01
5.500000e-06	-2.171024e-02	1.277908e+01
5.510000e-06	-1.855923e-02	1.295750e+01
5.520000e-06	-4.224082e-03	1.316782e+01
5.530000e-06	-1.971738e-02	1.324284e+01
5.540000e-06	-1.513297e-02	1.346166e+01
5.550000e-06	-2.319585e-02	1.358810e+01
5.560000e-06	4.140848e-03	1.370597e+01
5.570000e-06	-1.141994e-02	1.389426e+01
5.580000e-06	-1.749279e-02	1.403979e+01
5.590000e-06	-3.148876e-02	1.415703e+01
5.600000e-06	-1.640345e-02	1.429394e+01
5.610000e-06	-9.168489e-03	1.445213e+01
5.620000e-06	-1.554085e-02	1.452748e+01
5.630000e-06	-2.116485e-02	1.465174e+01
5.640000e-06	-2.297844e-02	1.475745e+01
5.650000e-06	-1.062159e-02	1.483969e+01
5.660000e-06	-2.031551e-02	1.495644e+01
5.670000e-06	-2.486628e-02	1.501066e+01
5.680000e-06	-2.768799e-02	1.506329e+01
5.690000e-06	-1.682254e-02	1.517700e+01
5.700000e-06	-1.500090e-02	1.520018e+01
5.710000e-06	-2.824442e-02	1.527337e+01
5.720000e-06	-3.241701e-02	1.532555e+01
5.730000e-06	-3.143922e-02	1.540908e+01
5.740000e-06	-1.898875e-02	1.544232e+01
5.750000e-06	-2.705935e-02	1.548581e+01
5.760000e-06	-3.135973e-02	1.551542e+01
5.770000e-06	-3.410334e-02	1.556703e+01
5.780000e-06	-2.764025e-02	1.558868e+01
5.790000e-06	-3.132864e-02	1.558903e+01
5.800000e-06	-4.400394e-02	1.561021e+01
5.810000e-06	-4.493392e-02	1.556979e+01
5.820000e-06	-4.262289e-02	1.562076e+01
5.830000e-06	-3.609499e-02	1.561868e+01
5.840000e-06	-4.951853e-02	1.561064e+01
5.850000e-06	-5.925518e-02	1.557821e+01
5.860000e-06	-6.599196e-02	1.556808e+01
5.870000e-06	-6.782143e-02	1.553850e+01
5.880000e-06	-8.193086e-02	1.548487e+01
5.890000e-06	-1.072180e-01	1.544321e+01
5.900000e-06	-1.340505e-01	1.545126e+01
5.910000e-06	-1.739200e-01	1.538818e+01
5.920000e-06	-2.300215e-01	1.531543e+01
5.930000e-06	-2.500000e-01	1.530184e+01
5.940000e-06	-2.500000e-01	1.518911e+01
5.950000e-06	-2.500000e-01	1.518708e+01
5.960000e-06	-2.377703e-01	1.508134e+01
5.970000e-06	-1.729640e-01	1.497971e+01
5.980000e-06	-1.231705e-01	1.487489e+01
5.990000e-06	-8.810039e-02	1.479968e+01
6.000000e-06	-6.288093e-02	1.469384e+01
6.010000e-06	-4.639573e-02	1.459676e+01
6.020000e-06	-4.258386e-02	1.446384e+01
6.030000e-06	-3.832094e-02	1.436755e+01
6.040000e-06	-2.897345e-02	1.423234e+01
6.050000e-06	-2.523968e-02	1.411547e+01
6.060000e-06	-2.512505e-02	1.398858e+01
6.070000e-06	-3.008417e-02	1.385129e+01
6.080000e-06	-2.253884e-02	1.370284e+01
6.090000e-06	-1.928517e-02	1.354597e+01
6.100000e-06	-1.453120e-02	1.338868e+01
6.110000e-06	-2.040771e-02	1.322226e+01
6.120000e-06	-1.764079e-02	1.309234e+01
6.130000e-06	-1.540715e-02	1.289442e+01
6.140000e-06	-1.211504e-02	1.278812e+01
6.150000e-06	-1.692015e-02	1.263970e+01
6.160000e-06	-2.101647e-02	1.241919e+01
6.170000e-06	-1.596812e-02	1.222018e+01
6.180000e-06	-1.221628e-02	1.202276e+01
6.190000e-06	-1.155504e-02	1.183324e+01
6.200000e-06	-1.642410e-02	1.164224e+01
6.210000e-06	-1.426408e-02	1.144026e+01
6.220000e-06	-1.010902e-02	1.119968e+01
6.230000e-06	-8.087814e-03	1.101965e+01
6.240000e-06	-1.336140e-02	1.081018e+01
6.250000e-06	-1.620147e-02	1.062113e+01
6.260000e-06	-1.218165e-02	1.037805e+01
6.270000e-06	-8.606729e-03	1.014650e+01
6.280000e-06	-1.104257e-02	9.904346e+00
6.290000e-06	-1.435148e-02	9.714467e+00
6.300000e-06	-1.147975e-02	9.484239e+00
6.310000e-06	-6.743373e-03	9.241683e+00
6.320000e-06	-7.435822e-03	8.987652e+00
6.330000e-06	-1.170671e-02	8.757047e+00
6.340000e-06	-1.370623e-02	8.524441e+00
6.350000e-06	-8.690885e-03	8.275765e+00
6.360000e-06	-7.756945e-03	8.090131e+00
6.370000e-06	-9.782811e-03	7.807550e+00
6.380000e-06	-1.363539e-02	7.514339e+00
6.390000e-06	-8.451490e-03	7.211132e+00
6.400000e-06	-6.978593e-03	6.977000e+00
6.410000e-06	-5.216498e-03	6.684893e+00
6.420000e-06	-1.108359e-02	6.472635e+00
6.430000e-06	-9.260212e-03	6.177975e+00
6.440000e-06	-7.087211e-03	5.914897e+00
6.450000e-06	-6.617566e-03	5.660655e+00
6.460000e-06	-1.032205e-02	5.346975e+00
6.470000e-06	-1.232273e-02	5.050162e+00
6.480000e-06	-8.053751e-03	4.736943e+00
6.490000e-06	-6.136098e-03	4.473213e+00
6.500000e-06	-5.927415e-03	4.177076e+00
6.510000e-06	-9.700091e-03	3.891791e+00
6.520000e-06	-7.234512e-03	3.640104e+00
6.530000e-06	-5.213776e-03	3.324796e+00
6.540000e-06	-6.059334e-03	3.031681e+00
6.550000e-06	-9.699002e-03	2.789054e+00
6.560000e-06	-1.053761e-02	2.481741e+00
6.570000e-06	-6.811273e-03	2.197997e+00
6.580000e-06	-5.298247e-03	1.895369e+00
6.590000e-06	-6.956321e-03	1.620630e+00
6.600000e-06	-7.559520e-03	1.305793e+00
6.610000e-06	-5.746339e-03	1.017449e+00
6.620000e-06	-3.362709e-03	7.127356e-01
6.630000e-06	-4.836871e-03	3.905538e-01
6.640000e-06	-5.796827e-03	1.142892e-01
6.650000e-06	-4.765056e-03	-1.793674e-01
6.660000e-06	1.126600e-02	-4.100777e-01
6.670000e-06	-3.542000e-03	-7.358121e-01
6.680000e-06	4.665900e-03	-9.898962e-01
6.690000e-06	-5.485125e-03	-1.282179e+00
6.700000e-06	4.269415e-03	-1.590299e+00
6.710000e-06	1.403628e-03	-1.790500e+00
6.720000e-06	3.305538e-02	-2.020983e+00
6.730000e-06	1.211406e-01	-2.327895e+00
6.740000e-06	-2.217614e-02	-2.725262e+00
6.750000e-06	-4.731676e-02	-3.128312e+00
6.760000e-06	-2.508143e-02	-3.451530e+00
6.770000e-06	-2.988133e-02	-3.630551e+00
6.780000e-06	-8.657588e-02	-3.907733e+00
6.790000e-06	6.722788e-02	-4.043732e+00
6.800000e-06	9.552539e-02	-4.275186e+00
6.810000e-06	-1.509040e-01	-4.623101e+00
6.820000e-06	2.292667e-01	-4.863631e+00
6.830000e-06	-1.606483e-01	-5.158449e+00
6.840000e-06	8.490186e-02	-5.529445e+00
6.850000e-06	-1.673934e-02	-5.757919e+00
6.860000e-06	-9.234393e-02	-6.072232e+00
6.870000e-06	1.856988e-01	-6.306742e+00
6.880000e-06	-1.454335e-01	-6.579449e+00
6.890000e-06	1.336145e-01	-6.903762e+00
6.900000e-06	-8.119825e-02	-7.127999e+00
6.910000e-06	-3.446593e-03	-7.472213e+00
6.920000e-06	7.079241e-02	-7.684262e+00
6.930000e-06	-9.836238e-02	-8.011052e+00
6.940000e-06	1.602341e-01	-8.212134e+00
6.950000e-06	-1.226697e-01	-8.462759e+00
6.960000e-06	1.081614e-01	-8.799499e+00
6.970000e-06	-5.188108e-02	-8.960475e+00
6.980000e-06	-1.704897e-02	-9.241076e+00
6.990000e-06	4.667814e-02	-9.432186e+00
7.000000e-06	-4.588863e-02	-9.694741e+00
7.010000e-06	1.180286e-01	-9.904713e+00
7.020000e-06	-8.666453e-02	-1.014537e+01
7.030000e-06	9.109860e-02	-1.037788e+01
7.040000e-06	-8.115424e-02	-1.058103e+01
7.050000e-06	6.498284e-02	-1.077998e+01
7.060000e-06	-2.744358e-02	-1.104108e+01
7.070000e-06	2.557724e-02	-1.126164e+01
7.080000e-06	1.536811e-02	-1.142218e+01
7.090000e-06	-2.338315e-03	-1.164479e+01
7.100000e-06	3.539831e-02	-1.183378e+01
7.110000e-06	-3.152723e-02	-1.209429e+01
7.120000e-06	3.676599e-02	-1.225323e+01
7.130000e-06	-1.787427e-02	-1.242421e+01
7.140000e-06	5.453030e-02	-1.261166e+01
7.150000e-06	-1.776720e-02	-1.278111e+01
7.160000e-06	2.380128e-02	-1.299853e+01
7.170000e-06	-1.757331e-02	-1.315590e+01
7.180000e-06	2.462921e-02	-1.328632e+01
7.190000e-06	2.181816e-03	-1.342311e+01
7.200000e-06	1.917018e-02	-1.359064e+01
7.210000e-06	1.291035e-02	-1.373745e+01
7.220000e-06	1.886962e-02	-1.390382e+01
7.230000e-06	1.326123e-02	-1.403223e+01
7.240000e-06	1.194028e-03	-1.415861e+01
7.250000e-06	5.357410e-03	-1.428341e+01
7.260000e-06	8.841010e-03	-1.446174e+01
7.270000e-06	2.561531e-02	-1.455907e+01
7.280000e-06	1.397028e-02	-1.471374e+01
7.290000e-06	1.872673e-02	-1.477900e+01
7.300000e-06	4.736320e-03	-1.483174e+01
7.310000e-06	2.220695e-02	-1.496605e+01
7.320000e-06	1.109766e-02	-1.504318e+01
7.330000e-06	1.926102e-02	-1.511487e+01
7.340000e-06	1.148592e-02	-1.516976e+01
7.350000e-06	2.386380e-02	-1.524379e+01
7.360000e-06	1.832421e-02	-1.534952e+01
7.370000e-06	1.664829e-02	-1.538924e+01
7.380000e-06	1.196755e-02	-1.547127e+01
7.390000e-06	1.943269e-02	-1.551539e+01
7.400000e-06	2.822169e-02	-1.554810e+01
7.410000e-06	2.539490e-02	-1.562919e+01
7.420000e-06	2.440661e-02	-1.561221e+01
7.430000e-06	2.117608e-02	-1.567239e+01
7.440000e-06	2.739548e-02	-1.570442e+01
7.450000e-06	2.624194e-02	-1.570495e+01
7.460000e-06	2.951626e-02	-1.569552e+01
7.470000e-06	2.971383e-02	-1.572490e+01
7.480000e-06	4.097195e-02	-1.570547e+01
7.490000e-06	4.401599e-02	-1.569395e+01
7.500000e-06	4.510689e-02	-1.570542e+01
7.510000e-06	4.371655e-02	-1.567289e+01
7.520000e-06	5.200451e-02	-1.565334e+01
7.530000e-06	6.561621e-02	-1.564134e+01
7.540000e-06	8.116714e-02	-1.561059e+01
7.550000e-06	9.965537e-02	-1.555802e+01
7.560000e-06	1.304681e-01	-1.557544e+01
7.570000e-06	1.812335e-01	-1.550377e+01
7.580000e-06	2.386111e-01	-1.538068e+01
7.590000e-06	2.500000e-01	-1.531703e+01
7.600000e-06	2.500000e-01	-1.525480e+01
7.610000e-06	2.500000e-01	-1.520008e+01
7.620000e-06	2.278984e-01	-1.512540e+01
7.630000e-06	1.552110e-01	-1.502228e+01
7.640000e-06	1.008503e-01	-1.492552e+01
7.650000e-06	7.072078e-02	-1.487329e+01
7.660000e-06	5.403258e-02	-1.479953e+01
7.670000e-06	4.139636e-02	-1.466179e+01
7.680000e-06	3.088481e-02	-1.453755e+01
7.690000e-06	2.395138e-02	-1.441119e+01
7.700000e-06	2.070851e-02	-1.428587e+01
7.710000e-06	1.925223e-02	-1.414813e+01
7.720000e-06	1.475301e-02	-1.404171e+01
7.730000e-06	1.164037e-02	-1.388440e+01
7.740000e-06	1.056605e-02	-1.377703e+01
7.750000e-06	1.225842e-02	-1.359008e+01
7.760000e-06	1.020356e-02	-1.344376e+01
7.770000e-06	6.300506e-03	-1.330439e+01
7.780000e-06	4.755118e-03	-1.317753e+01
7.790000e-06	6.058818e-03	-1.298765e+01
7.800000e-06	7.726313e-03	-1.278971e+01
7.810000e-06	5.636022e-03	-1.265219e+01
7.820000e-06	3.483879e-03	-1.248336e+01
7.830000e-06	3.687792e-03	-1.230542e+01
7.840000e-06	3.213564e-03	-1.211547e+01
7.850000e-06	1.518481e-03	-1.187487e+01
7.860000e-06	2.154962e-04	-1.170342e+01
7.870000e-06	5.745912e-04	-1.145084e+01
7.880000e-06	2.789369e-03	-1.121913e+01
7.890000e-06	2.875102e-03	-1.100313e+01
7.900000e-06	3.352400e-04	-1.082061e+01
7.910000e-06	-5.512655e-04	-1.060066e+01
7.920000e-06	1.073061e-04	-1.040821e+01
7.930000e-06	4.477114e-04	-1.020003e+01
7.940000e-06	-1.349744e-03	-9.937424e+00
7.950000e-06	-2.093295e-03	-9.767374e+00
7.960000e-06	-2.002947e-03	-9.483871e+00
7.970000e-06	-6.060931e-04	-9.302742e+00
7.980000e-06	-2.784812e-03	-9.020730e+00
7.990000e-06	-2.889474e-03	-8.859612e+00
8.000000e-06	-3.609719e-03	-8.576050e+00
8.010000e-06	-2.367438e-03	-8.335394e+00
8.020000e-06	-1.457500e-03	-8.093261e+00
8.030000e-06	-2.378191e-03	-7.770600e+00
8.040000e-06	-4.181394e-03	-7.542370e+00
8.050000e-06	-4.530560e-03	-7.283216e+00
8.060000e-06	-4.828473e-03	-6.977973e+00
8.070000e-06	-4.745352e-03	-6.735395e+00
8.080000e-06	-5.974229e-03	-6.452863e+00
8.090000e-06	-4.122476e-03	-6.199075e+00
8.100000e-06	-4.868872e-03	-5.925421e+00
8.110000e-06	-3.044978e-03	-5.642760e+00
8.120000e-06	-6.129481e-03	-5.355524e+00
8.130000e-06	-6.162064e-03	-5.042163e+00
8.140000e-06	-6.828999e-03	-4.754271e+00
8.150000e-06	-5.387573e-03	-4.452659e+00
8.160000e-06	-6.121005e-03	-4.221108e+00
8.170000e-06	-8.030468e-03	-3.935341e+00
8.180000e-06	-7.840791e-03	-3.632659e+00
8.190000e-06	-7.578896e-03	-3.348501e+00
8.200000e-06	-6.823583e-03	-3.065813e+00
8.210000e-06	-7.387857e-03	-2.768029e+00
8.220000e-06	-5.912788e-03	-2.485341e+00
8.230000e-06	-6.260746e-03	-2.240606e+00
8.240000e-06	-6.422704e-03	-1.925820e+00
8.250000e-06	-8.980445e-03	-1.672634e+00
8.260000e-06	-9.814877e-03	-1.325888e+00
8.270000e-06	-9.129443e-03	-1.011556e+00
8.280000e-06	-8.163432e-03	-7.577946e-01
8.290000e-06	-7.128480e-03	-4.311313e-01
8.300000e-06	-7.106146e-03	-1.383450e-01
8.310000e-06	1.001599e-03	1.057633e-01
8.320000e-06	3.820150e-03	4.210765e-01
8.330000e-06	-3.500246e-03	6.442342e-01
8.340000e-06	2.482926e-04	8.953371e-01
8.350000e-06	-6.658515e-03	1.220132e+00
8.360000e-06	1.783936e-04	1.585367e+00
8.370000e-06	-1.998130e-03	1.801528e+00
8.380000e-06	1.963176e-02	2.042128e+00
8.390000e-06	7.849300e-02	2.286840e+00
8.400000e-06	4.048950e-02	2.686185e+00
8.410000e-06	-8.257899e-02	2.968527e+00
8.420000e-06	-2.986030e-02	3.253137e+00
8.430000e-06	-3.788478e-02	3.588898e+00
8.440000e-06	-3.015303e-02	3.810526e+00
8.450000e-06	-7.657233e-02	4.000504e+00
8.460000e-06	7.878235e-02	4.274288e+00
8.470000e-06	3.470127e-02	4.558974e+00
8.480000e-06	-9.045885e-02	4.848654e+00
8.490000e-06	1.757217e-01	5.145945e+00
8.500000e-06	-1.545747e-01	5.474762e+00
8.510000e-06	4.713382e-02	5.707342e+00
8.520000e-06	-2.418543e-02	6.020634e+00
8.530000e-06	-3.130339e-03	6.262188e+00
8.540000e-06	5.350883e-02	6.516396e+00
8.550000e-06	-8.319137e-02	6.831184e+00
8.560000e-06	5.128902e-02	7.094787e+00
8.570000e-06	-6.155652e-02	7.369024e+00
8.580000e-06	3.348032e-02	7.654633e+00
8.590000e-06	-3.947185e-02	7.938974e+00
8.600000e-06	-8.679185e-04	8.230608e+00
8.610000e-06	4.105394e-02	8.442685e+00
8.620000e-06	-3.787491e-02	8.633713e+00
8.630000e-06	2.119160e-02	8.903264e+00
8.640000e-06	-5.570552e-02	9.157975e+00
8.650000e-06	-1.335689e-03	9.388527e+00
8.660000e-06	5.037353e-03	9.600084e+00
8.670000e-06	7.549216e-03	9.792056e+00
8.680000e-06	-1.064883e-02	1.009334e+01
8.690000e-06	-2.370196e-02	1.031332e+01
8.700000e-06	1.024012e-02	1.052640e+01
8.710000e-06	-2.372458e-02	1.068695e+01
8.720000e-06	-7.955223e-03	1.092797e+01
8.730000e-06	-2.473176e-02	1.114702e+01
8.740000e-06	5.559489e-03	1.136908e+01
8.750000e-06	-5.295977e-04	1.158910e+01
8.760000e-06	-9.538099e-03	1.178968e+01
8.770000e-06	-2.795070e-02	1.198965e+01
8.780000e-06	-1.406584e-02	1.217910e+01
8.790000e-06	-1.490632e-03	1.235696e+01
8.800000e-06	-6.362553e-04	1.254655e+01
8.810000e-06	-1.642275e-02	1.272385e+01
8.820000e-06	-2.006130e-02	1.287279e+01
8.830000e-06	-1.072927e-02	1.305163e+01
8.840000e-06	-9.807919e-03	1.320116e+01
8.850000e-06	-1.702866e-02	1.337755e+01
8.860000e-06	-2.427565e-02	1.351592e+01
8.870000e-06	-5.252896e-03	1.366187e+01
8.880000e-06	-5.498242e-03	1.381968e+01
8.890000e-06	-8.821715e-03	1.391848e+01
8.900000e-06	-3.297736e-02	1.408347e+01
8.910000e-06	-2.118390e-02	1.422229e+01
8.920000e-06	-1.457440e-02	1.436860e+01
8.930000e-06	-7.578350e-03	1.449482e+01
8.940000e-06	-2.088022e-02	1.458001e+01
8.950000e-06	-2.384474e-02	1.469547e+01
8.960000e-06	-1.416867e-02	1.484905e+01
8.970000e-06	-1.618397e-02	1.486444e+01
8.980000e-06	-1.959640e-02	1.493753e+01
8.990000e-06	-3.259376e-02	1.505174e+01
9.000000e-06	-1.913407e-02	1.513590e+01
9.010000e-06	-1.753801e-02	1.520015e+01
9.020000e-06	-1.877142e-02	1.525074e+01
9.030000e-06	-3.405577e-02	1.527545e+01
9.040000e-06	-3.277843e-02	1.534761e+01
9.050000e-06	-2.288085e-02	1.546219e+01
9.060000e-06	-2.129164e-02	1.548279e+01
9.070000e-06	-2.808180e-02	1.553542e+01
9.080000e-06	-3.767030e-02	1.554647e+01
9.090000e-06	-2.966410e-02	1.553903e+01
9.100000e-06	-3.099854e-02	1.557918e+01
9.110000e-06	-3.594868e-02	1.560161e+01
9.120000e-06	-4.707369e-02	1.556066e+01
9.130000e-06	-4.185916e-02	1.559974e+01
9.140000e-06	-3.790259e-02	1.560028e+01
9.150000e-06	-4.294936e-02	1.560274e+01
9.160000e-06	-5.582266e-02	1.556976e+01
9.170000e-06	-6.631304e-02	1.560873e+01
9.180000e-06	-6.414519e-02	1.553845e+01
9.190000e-06	-7.361229e-02	1.553645e+01
9.200000e-06	-9.235611e-02	1.549390e+01
9.210000e-06	-1.230247e-01	1.547027e+01
9.220000e-06	-1.537163e-01	1.543118e+01
9.230000e-06	-2.039157e-01	1.535703e+01
9.240000e-06	-2.469100e-01	1.528387e+01
9.250000e-06	-2.500000e-01	1.524231e+01
9.260000e-06	-2.500000e-01	1.519808e+01
9.270000e-06	-2.477930e-01	1.513489e+01
9.280000e-06	-2.051553e-01	1.503029e+01
9.290000e-06	-1.413735e-01	1.495605e+01
9.300000e-06	-1.036705e-01	1.486036e+01
9.310000e-06	-7.281329e-02	1.471743e+01
9.320000e-06	-5.139078e-02	1.464876e+01
9.330000e-06	-4.440098e-02	1.455648e+01
9.340000e-06	-4.003750e-02	1.443978e+01
9.350000e-06	-3.566529e-02	1.430552e+01
9.360000e-06	-2.528310e-02	1.420711e+01
9.370000e-06	-2.518740e-02	1.403126e+01
9.380000e-06	-2.651662e-02	1.389387e+01
9.390000e-06	-2.669888e-02	1.373710e+01
9.400000e-06	-1.948266e-02	1.361071e+01
9.410000e-06	-1.565466e-02	1.346229e+01
9.420000e-06	-1.858639e-02	1.328692e+01
9.430000e-06	-2.114301e-02	1.314707e+01
9.440000e-06	-1.936311e-02	1.294815e+01
9.450000e-06	-1.290080e-02	1.284976e+01
9.460000e-06	-1.449884e-02	1.267129e+01
9.470000e-06	-1.721335e-02	1.251442e+01
9.480000e-06	-1.810802e-02	1.228492e+01
9.490000e-06	-1.112942e-02	1.214562e+01
9.500000e-06	-1.141069e-02	1.197540e+01
9.510000e-06	-1.498407e-02	1.174755e+01
9.520000e-06	-1.633332e-02	1.152690e+01
9.530000e-06	-1.220961e-02	1.131344e+01
9.540000e-06	-8.869883e-03	1.110287e+01
9.550000e-06	-1.141193e-02	1.087487e+01
9.560000e-06	-1.357003e-02	1.068392e+01
9.570000e-06	-1.251725e-02	1.048382e+01
9.580000e-06	-9.012811e-03	1.027186e+01
9.590000e-06	-9.961944e-03	1.003219e+01
9.600000e-06	-1.268954e-02	9.808105e+00
9.610000e-06	-1.321591e-02	9.567027e+00
9.620000e-06	-9.156428e-03	9.345972e+00
9.630000e-06	-7.820602e-03	9.105369e+00
9.640000e-06	-1.105265e-02	8.883338e+00
9.650000e-06	-1.207755e-02	8.621608e+00
9.660000e-06	-1.038261e-02	8.401084e+00
9.670000e-06	-6.885067e-03	8.156500e+00
9.680000e-06	-7.819988e-03	7.913816e+00
9.690000e-06	-1.156261e-02	7.629207e+00
9.700000e-06	-1.117330e-02	7.366597e+00
9.710000e-06	-8.335314e-03	7.103766e+00
9.720000e-06	-7.073389e-03	6.832659e+00
9.730000e-06	-1.023779e-02	6.567480e+00
9.740000e-06	-1.035555e-02	6.293862e+00
9.750000e-06	-8.297780e-03	6.083185e+00
9.760000e-06	-5.863762e-03	5.766571e+00
9.770000e-06	-8.616684e-03	5.515319e+00
9.780000e-06	-1.027371e-02	5.240105e+00
9.790000e-06	-9.531904e-03	4.831814e+00
9.800000e-06	-6.236080e-03	4.588075e+00
9.810000e-06	-6.611118e-03	4.313471e+00
9.820000e-06	-8.855346e-03	4.020707e+00
9.830000e-06	-9.078118e-03	3.766921e+00
9.840000e-06	-6.853144e-03	3.524966e+00
9.850000e-06	-4.826297e-03	3.159475e+00
9.860000e-06	-7.312382e-03	2.905340e+00
9.870000e-06	-9.432562e-03	2.650134e+00
9.880000e-06	-7.759349e-03	2.334819e+00
9.890000e-06	-5.678475e-03	2.042229e+00
9.900000e-06	-6.054037e-03	1.737975e+00
9.910000e-06	-7.963469e-03	1.471663e+00
9.920000e-06	-6.497661e-03	1.167870e+00
9.930000e-06	-4.982433e-03	8.090565e-01
9.940000e-06	-3.900643e-03	4.953694e-01
9.950000e-06	-5.835879e-03	2.621816e-01
9.960000e-06	-4.702075e-03	-6.257646e-02
9.970000e-06	4.496271e-03	-2.968120e-01
9.980000e-06	5.009090e-03	-5.593188e-01
9.990000e-06	-1.166846e-03	-8.621843e-01
1.000000e-05	5.136548e-05	-1.126840e+00
1.001000e-05	-1.389198e-03	-1.474653e+00
1.002000e-05	7.774222e-04	-1.706664e+00
1.003000e-05	1.501948e-02	-1.947768e+00
1.004000e-05	7.281357e-02	-2.150925e+00
1.005000e-05	9.049848e-02	-2.515365e+00
1.006000e-05	-8.730311e-02	-2.967446e+00
1.007000e-05	-4.237400e-04	-3.315290e+00
1.008000e-05	-5.150688e-02	-3.537817e+00
1.009000e-05	-2.905213e-02	-3.739842e+00
1.010000e-05	-8.136180e-02	-3.988950e+00
1.011000e-05	2.021616e-01	-4.128321e+00
1.012000e-05	-1.441653e-01	-4.422129e+00
1.013000e-05	9.967478e-02	-4.799496e+00
1.014000e-05	4.538093e-02	-4.978424e+00
1.015000e-05	-1.362293e-01	-5.399049e+00
1.016000e-05	1.718921e-01	-5.642686e+00
1.017000e-05	-1.988942e-01	-5.906816e+00
1.018000e-05	1.498409e-01	-6.191128e+00
1.019000e-05	-2.175622e-02	-6.432661e+00
1.020000e-05	-2.737557e-02	-6.756899e+00
1.021000e-05	9.905841e-02	-6.961130e+00
1.022000e-05	-1.465818e-01	-7.315792e+00
1.023000e-05	1.453650e-01	-7.559550e+00
1.024000e-05	-1.090020e-01	-7.863210e+00
1.025000e-05	8.902804e-02	-8.167371e+00
1.026000e-05	1.295040e-02	-8.326391e+00
1.027000e-05	-4.712236e-02	-8.622533e+00
1.028000e-05	1.077094e-01	-8.905311e+00
1.029000e-05	-1.362736e-01	-9.115315e+00
1.030000e-05	1.095081e-01	-9.336920e+00
1.031000e-05	-8.359796e-02	-9.556401e+00
1.032000e-05	1.059538e-01	-9.791600e+00
1.033000e-05	-2.638429e-02	-1.002008e+01
1.034000e-05	1.668947e-02	-1.029423e+01
1.035000e-05	1.238373e-02	-1.049376e+01
1.036000e-05	-3.681577e-02	-1.071477e+01
1.037000e-05	6.203053e-02	-1.089727e+01
1.038000e-05	-5.348342e-02	-1.112640e+01
1.039000e-05	7.530363e-02	-1.132587e+01
1.040000e-05	-4.269630e-02	-1.157698e+01
1.041000e-05	6.105967e-02	-1.179800e+01
1.042000e-05	-3.806489e-02	-1.194803e+01
1.043000e-05	2.874142e-02	-1.218003e+01
1.044000e-05	-1.006453e-02	-1.233735e+01
1.045000e-05	3.248436e-02	-1.252702e+01
1.046000e-05	1.598942e-02	-1.267482e+01
1.047000e-05	1.194133e-03	-1.292489e+01
1.048000e-05	8.240359e-03	-1.303124e+01
1.049000e-05	-4.939198e-03	-1.321014e+01
1.050000e-05	2.374162e-02	-1.339600e+01
1.051000e-05	-2.716572e-03	-1.350697e+01
1.052000e-05	2.883701e-02	-1.366472e+01
1.053000e-05	5.173355e-03	-1.384218e+01
1.054000e-05	2.919652e-02	-1.400953e+01
1.055000e-05	-3.785692e-03	-1.412545e+01
1.056000e-05	9.953165e-03	-1.425479e+01
1.057000e-05	-1.149465e-03	-1.440808e+01
1.058000e-05	2.514431e-02	-1.450589e+01
1.059000e-05	1.503031e-02	-1.457108e+01
1.060000e-05	1.991507e-02	-1.472650e+01
1.061000e-05	8.226018e-03	-1.481063e+01
1.062000e-05	1.576606e-02	-1.488545e+01
1.063000e-05	1.566861e-02	-1.499013e+01
1.064000e-05	1.321069e-02	-1.514579e+01
1.065000e-05	1.591379e-02	-1.516860e+01
1.066000e-05	1.718183e-02	-1.525426e+01
1.067000e-05	2.515616e-02	-1.527793e+01
1.068000e-05	1.451708e-02	-1.539911e+01
1.069000e-05	1.558485e-02	-1.544316e+01
1.070000e-05	1.265062e-02	-1.551294e+01
1.071000e-05	2.639343e-02	-1.552700e+01
1.072000e-05	2.612625e-02	-1.559961e+01
1.073000e-05	2.572784e-02	-1.562176e+01
1.074000e-05	2.231777e-02	-1.568234e+01
1.075000e-05	2.546872e-02	-1.568389e+01
1.076000e-05	2.765376e-02	-1.572284e+01
1.077000e-05	2.734146e-02	-1.571545e+01
1.078000e-05	2.881869e-02	-1.575355e+01
1.079000e-05	3.528646e-02	-1.571495e+01
1.080000e-05	4.207638e-02	-1.572497e+01
1.081000e-05	4.446909e-02	-1.569292e+01
1.082000e-05	4.302140e-02	-1.567489e+01
1.083000e-05	4.886441e-02	-1.568386e+01
1.084000e-05	5.995804e-02	-1.567076e+01
1.085000e-05	7.481853e-02	-1.563914e+01
1.086000e-05	8.881207e-02	-1.557005e+01
1.087000e-05	1.130525e-01	-1.554445e+01
1.088000e-05	1.545686e-01	-1.551389e+01
1.089000e-05	2.131812e-01	-1.544074e+01
1.090000e-05	2.489460e-01	-1.539853e+01
1.091000e-05	2.500000e-01	-1.530547e+01
1.092000e-05	2.500000e-01	-1.524281e+01
1.093000e-05	2.463911e-01	-1.518748e+01
1.094000e-05	1.891640e-01	-1.506229e+01
1.095000e-05	1.220463e-01	-1.495768e+01
1.096000e-05	8.235645e-02	-1.485294e+01
1.097000e-05	6.182985e-02	-1.480123e+01
1.098000e-05	4.566210e-02	-1.474587e+01
1.099000e-05	3.453477e-02	-1.459966e+01
1.100000e-05	2.552615e-02	-1.445495e+01
1.101000e-05	2.356010e-02	-1.438855e+01
1.102000e-05	2.001234e-02	-1.423024e+01
1.103000e-05	1.589711e-02	-1.412245e+01
1.104000e-05	1.107045e-02	-1.397706e+01
1.105000e-05	1.125109e-02	-1.380119e+01
1.106000e-05	1.135173e-02	-1.368232e+01
1.107000e-05	1.193403e-02	-1.354542e+01
1.108000e-05	7.903241e-03	-1.334953e+01
1.109000e-05	5.443906e-03	-1.324819e+01
1.110000e-05	5.492011e-03	-1.305226e+01
1.111000e-05	5.870373e-03	-1.285437e+01
1.112000e-05	4.772274e-03	-1.275502e+01
1.113000e-05	3.544056e-03	-1.255752e+01
1.114000e-05	4.693759e-03	-1.235865e+01
1.115000e-05	4.436628e-03	-1.222958e+01
1.116000e-05	3.103705e-03	-1.199706e+01
1.117000e-05	6.685342e-04	-1.177015e+01
1.118000e-05	-5.058870e-04	-1.158753e+01
1.119000e-05	2.425678e-03	-1.135593e+01
1.120000e-05	2.572399e-03	-1.111500e+01
1.121000e-05	2.005014e-03	-1.091344e+01
1.122000e-05	-4.093686e-05	-1.073394e+01
1.123000e-05	-2.168545e-04	-1.052635e+01
1.124000e-05	-3.717574e-04	-1.025281e+01
1.125000e-05	-5.746323e-04	-1.006276e+01
1.126000e-05	-1.940024e-03	-9.831207e+00
1.127000e-05	-1.231765e-03	-9.609683e+00
1.128000e-05	-1.130636e-04	-9.380077e+00
1.129000e-05	-1.614087e-03	-9.187000e+00
1.130000e-05	-2.764788e-03	-8.924871e+00
1.131000e-05	-3.595200e-03	-8.705286e+00
1.132000e-05	-2.326047e-03	-8.411309e+00
1.133000e-05	-1.938872e-03	-8.188526e+00
1.134000e-05	-2.740824e-03	-7.936346e+00
1.135000e-05	-4.410355e-03	-7.642285e+00
1.136000e-05	-4.036061e-03	-7.348951e+00
1.137000e-05	-3.800447e-03	-7.125866e+00
1.138000e-05	-3.259981e-03	-6.841657e+00
1.139000e-05	-5.498011e-03	-6.568501e+00
1.140000e-05	-4.108125e-03	-6.355921e+00
1.141000e-05	-5.038524e-03	-6.061160e+00
1.142000e-05	-4.466093e-03	-5.767974e+00
1.143000e-05	-6.102787e-03	-5.536316e+00
1.144000e-05	-6.004742e-03	-5.189528e+00
1.145000e-05	-5.904811e-03	-4.853792e+00
1.146000e-05	-3.786411e-03	-4.545475e+00
1.147000e-05	-5.311841e-03	-4.325372e+00
1.148000e-05	-6.381174e-03	-4.093789e+00
1.149000e-05	-7.125205e-03	-3.758026e+00
1.150000e-05	-6.828063e-03	-3.514868e+00
1.151000e-05	-8.350478e-03	-3.262134e+00
1.152000e-05	-7.371365e-03	-2.917313e+00
1.153000e-05	-7.984990e-03	-2.622053e+00
1.154000e-05	-6.225787e-03	-2.397477e+00
1.155000e-05	-5.753645e-03	-2.063631e+00
1.156000e-05	-7.294038e-03	-1.788975e+00
1.157000e-05	-8.403398e-03	-1.504293e+00
1.158000e-05	-9.483144e-03	-1.148374e+00
1.159000e-05	-8.262032e-03	-8.541578e-01
1.160000e-05	-8.626942e-03	-5.780174e-01
1.161000e-05	-8.028100e-03	-2.747604e-01
1.162000e-05	-5.763104e-03	-1.108000e-02
1.163000e-05	8.377695e-03	3.346643e-01
1.164000e-05	-5.236376e-03	5.467949e-01
1.165000e-05	3.028090e-03	7.890012e-01
1.166000e-05	-5.372696e-03	1.105713e+00
1.167000e-05	1.689604e-05	1.369495e+00
1.168000e-05	-5.286533e-03	1.686790e+00
1.169000e-05	1.056428e-02	1.947392e+00
1.170000e-05	3.815475e-02	2.168496e+00
1.171000e-05	1.013607e-01	2.462691e+00
1.172000e-05	-6.440205e-02	2.822183e+00
1.173000e-05	-4.311483e-02	3.116816e+00
1.174000e-05	-4.406204e-02	3.444583e+00
1.175000e-05	-1.415266e-02	3.654811e+00
1.176000e-05	-7.622545e-02	3.909820e+00
1.177000e-05	-1.131023e-02	4.136838e+00
1.178000e-05	1.297702e-01	4.470108e+00
1.179000e-05	-1.251569e-01	4.717342e+00
1.180000e-05	1.171066e-01	4.997949e+00
1.181000e-05	-9.041873e-03	5.327396e+00
1.182000e-05	-8.862938e-02	5.590622e+00
1.183000e-05	6.607099e-02	5.925716e+00
1.184000e-05	-7.211703e-02	6.147376e+00
1.185000e-05	8.207353e-02	6.397548e+00
1.186000e-05	-4.949871e-02	6.676438e+00
1.187000e-05	-8.851002e-03	6.948450e+00
1.188000e-05	7.526801e-03	7.270633e+00
1.189000e-05	-3.880128e-02	7.527318e+00
1.190000e-05	3.387818e-02	7.769577e+00
1.191000e-05	-6.421625e-02	8.116916e+00
1.192000e-05	5.768234e-02	8.347949e+00
1.193000e-05	-1.606187e-02	8.546973e+00
1.194000e-05	-9.877789e-03	8.747978e+00
1.195000e-05	1.607004e-03	8.992225e+00
1.196000e-05	-6.223523e-02	9.292763e+00
1.197000e-05	4.238327e-02	9.484315e+00
1.198000e-05	-2.399742e-02	9.766974e+00
1.199000e-05	2.869046e-02	9.959579e+00
1.200000e-05	-5.041385e-02	1.015903e+01
1.201000e-05	1.108194e-02	1.040961e+01
1.202000e-05	-1.420727e-02	1.061166e+01
1.203000e-05	-1.479962e-02	1.086174e+01
1.204000e-05	-7.884730e-03	1.104171e+01
1.205000e-05	-2.172163e-02	1.125481e+01
1.206000e-05	2.294906e-02	1.147577e+01
1.207000e-05	-2.260829e-02	1.167489e+01
1.208000e-05	-5.537799e-03	1.190541e+01
1.209000e-05	-4.029117e-02	1.209489e+01
1.210000e-05	5.338159e-03	1.228289e+01
1.211000e-05	-5.064173e-03	1.246529e+01
1.212000e-05	-3.484096e-03	1.264216e+01
1.213000e-05	-2.170675e-02	1.281816e+01
1.214000e-05	-1.878182e-02	1.298755e+01
1.215000e-05	-2.847300e-03	1.313594e+01
1.216000e-05	-1.822447e-02	1.324534e+01
1.217000e-05	-1.523172e-02	1.346979e+01
1.218000e-05	-2.249745e-02	1.358161e+01
1.219000e-05	3.131451e-03	1.371710e+01
1.220000e-05	-1.034117e-02	1.385336e+01
1.221000e-05	-2.070699e-02	1.403119e+01
1.222000e-05	-3.122435e-02	1.417910e+01
1.223000e-05	-1.785747e-02	1.428488e+01
1.224000e-05	-6.215354e-03	1.444116e+01
1.225000e-05	-1.616565e-02	1.451645e+01
1.226000e-05	-2.103036e-02	1.468129e+01
1.227000e-05	-2.293215e-02	1.475910e+01
1.228000e-05	-1.048090e-02	1.484219e+01
1.229000e-05	-2.135952e-02	1.490445e+01
1.230000e-05	-2.612464e-02	1.500971e+01
1.231000e-05	-2.794835e-02	1.508337e+01
1.232000e-05	-1.671584e-02	1.514598e+01
1.233000e-05	-1.405899e-02	1.525021e+01
1.234000e-05	-2.888300e-02	1.528449e+01
1.235000e-05	-3.266474e-02	1.536795e+01
1.236000e-05	-3.200357e-02	1.541866e+01
1.237000e-05	-1.787993e-02	1.546219e+01
1.238000e-05	-2.694433e-02	1.550487e+01
1.239000e-05	-3.302794e-02	1.554702e+01
1.240000e-05	-3.469029e-02	1.554858e+01
1.241000e-05	-2.878056e-02	1.554868e+01
1.242000e-05	-3.231599e-02	1.559904e+01
1.243000e-05	-4.444536e-02	1.561126e+01
1.244000e-05	-4.461267e-02	1.559174e+01
1.245000e-05	-4.191947e-02	1.559974e+01
1.246000e-05	-3.640722e-02	1.563016e+01
1.247000e-05	-5.136550e-02	1.558859e+01
1.248000e-05	-6.104581e-02	1.558868e+01
1.249000e-05	-6.617106e-02	1.556856e+01
1.250000e-05	-6.804870e-02	1.555553e+01
1.251000e-05	-8.169504e-02	1.550745e+01
1.252000e-05	-1.090756e-01	1.548426e+01
1.253000e-05	-1.363864e-01	1.543121e+01
1.254000e-05	-1.785801e-01	1.537756e+01
1.255000e-05	-2.332842e-01	1.529439e+01
1.256000e-05	-2.500000e-01	1.525339e+01
1.257000e-05	-2.500000e-01	1.520864e+01
1.258000e-05	-2.500000e-01	1.513605e+01
1.259000e-05	-2.340748e-01	1.504139e+01
1.260000e-05	-1.679526e-01	1.499913e+01
1.261000e-05	-1.208202e-01	1.484437e+01
1.262000e-05	-8.614971e-02	1.478908e+01
1.263000e-05	-6.088488e-02	1.471434e+01
1.264000e-05	-4.588806e-02	1.457716e+01
1.265000e-05	-4.305195e-02	1.448384e+01
1.266000e-05	-3.844677e-02	1.435808e+01
1.267000e-05	-2.910914e-02	1.425136e+01
1.268000e-05	-2.396476e-02	1.412449e+01
1.269000e-05	-2.519620e-02	1.399801e+01
1.270000e-05	-2.815452e-02	1.381971e+01
1.271000e-05	-2.222585e-02	1.369239e+01
1.272000e-05	-1.840312e-02	1.351595e+01
1.273000e-05	-1.621982e-02	1.338868e+01
1.274000e-05	-2.113468e-02	1.320176e+01
1.275000e-05	-1.838113e-02	1.308179e+01
1.276000e-05	-1.440390e-02	1.288387e+01
1.277000e-05	-1.314632e-02	1.276543e+01
1.278000e-05	-1.665037e-02	1.258860e+01
1.279000e-05	-1.924229e-02	1.239906e+01
1.280000e-05	-1.477079e-02	1.223866e+01
1.281000e-05	-1.146433e-02	1.201119e+01
1.282000e-05	-1.271270e-02	1.184981e+01
1.283000e-05	-1.769994e-02	1.159966e+01
1.284000e-05	-1.418199e-02	1.144018e+01
1.285000e-05	-1.084779e-02	1.122063e+01
1.286000e-05	-9.372846e-03	1.097906e+01
1.287000e-05	-1.310315e-02	1.076013e+01
1.288000e-05	-1.429024e-02	1.056865e+01
1.289000e-05	-1.094092e-02	1.035860e+01
1.290000e-05	-9.976955e-03	1.014597e+01
1.291000e-05	-1.166812e-02	9.894347e+00
1.292000e-05	-1.498251e-02	9.683765e+00
1.293000e-05	-1.163517e-02	9.411734e+00
1.294000e-05	-8.022380e-03	9.221083e+00
1.295000e-05	-8.357085e-03	8.978601e+00
1.296000e-05	-1.170669e-02	8.725922e+00
1.297000e-05	-1.217950e-02	8.494890e+00
1.298000e-05	-8.101137e-03	8.242811e+00
1.299000e-05	-7.433755e-03	8.000104e+00
1.300000e-05	-9.958907e-03	7.757004e+00
1.301000e-05	-1.237717e-02	7.492786e+00
1.302000e-05	-9.278406e-03	7.229601e+00
1.303000e-05	-7.564450e-03	6.978021e+00
1.304000e-05	-8.019541e-03	6.692845e+00
1.305000e-05	-1.103330e-02	6.400053e+00
1.306000e-05	-9.853783e-03	6.146475e+00
1.307000e-05	-6.606154e-03	5.904840e+00
1.308000e-05	-6.350827e-03	5.612679e+00
1.309000e-05	-9.338331e-03	5.336996e+00
1.310000e-05	-1.146384e-02	5.028128e+00
1.311000e-05	-8.154657e-03	4.713442e+00
1.312000e-05	-6.200013e-03	4.411685e+00
1.313000e-05	-7.233375e-03	4.146572e+00
1.314000e-05	-1.032187e-02	3.882318e+00
1.315000e-05	-7.929526e-03	3.601577e+00
1.316000e-05	-5.878010e-03	3.325366e+00
1.317000e-05	-5.634064e-03	3.041133e+00
1.318000e-05	-9.009996e-03	2.788450e+00
1.319000e-05	-9.244846e-03	2.403233e+00
1.320000e-05	-6.570773e-03	2.166497e+00
1.321000e-05	-5.254548e-03	1.935747e+00
1.322000e-05	-7.525697e-03	1.619151e+00
1.323000e-05	-8.000041e-03	1.304812e+00
1.324000e-05	-5.810153e-03	9.763483e-01
1.325000e-05	-3.255149e-03	6.631578e-01
1.326000e-05	-4.629666e-03	3.985738e-01
1.327000e-05	-5.127617e-03	6.268271e-02
1.328000e-05	-2.718527e-03	-1.894688e-01
1.329000e-05	1.285288e-02	-4.210765e-01
1.330000e-05	-3.391817e-03	-7.687949e-01
1.331000e-05	5.103308e-03	-9.600001e-01
1.332000e-05	-5.472930e-03	-1.253240e+00
1.333000e-05	3.772847e-03	-1.569427e+00
1.334000e-05	1.797813e-03	-1.802079e+00
1.335000e-05	3.648555e-02	-2.053081e+00
1.336000e-05	1.263494e-01	-2.367886e+00
1.337000e-05	-3.673510e-02	-2.717367e+00
1.338000e-05	-3.735578e-02	-3.139419e+00
1.339000e-05	-3.133820e-02	-3.431607e+00
1.340000e-05	-2.556588e-02	-3.649530e+00
1.341000e-05	-9.529234e-02	-3.937293e+00
1.342000e-05	9.500831e-02	-4.094160e+00
1.343000e-05	6.362384e-02	-4.296286e+00
1.344000e-05	-1.269155e-01	-4.644101e+00
1.345000e-05	2.253199e-01	-4.845658e+00
1.346000e-05	-1.810216e-01	-5.220428e+00
1.347000e-05	1.149583e-01	-5.586547e+00
1.348000e-05	-5.217873e-02	-5.736918e+00
1.349000e-05	-5.952595e-02	-6.114740e+00
1.350000e-05	1.707884e-01	-6.326865e+00
1.351000e-05	-1.463872e-01	-6.613029e+00
1.352000e-05	1.455224e-01	-6.925268e+00
1.353000e-05	-1.064389e-01	-7.147997e+00
1.354000e-05	2.465587e-02	-7.473765e+00
1.355000e-05	4.727702e-02	-7.695312e+00
1.356000e-05	-8.002944e-02	-8.051059e+00
1.357000e-05	1.532787e-01	-8.232583e+00
1.358000e-05	-1.292725e-01	-8.502690e+00
1.359000e-05	1.247212e-01	-8.760478e+00
1.360000e-05	-7.631626e-02	-8.978549e+00
1.361000e-05	7.752109e-03	-9.282583e+00
1.362000e-05	2.695224e-02	-9.422181e+00
1.363000e-05	-2.582933e-02	-9.713315e+00
1.364000e-05	1.046492e-01	-9.896791e+00
1.365000e-05	-8.309372e-02	-1.015552e+01
1.366000e-05	8.882528e-02	-1.037800e+01
1.367000e-05	-8.673492e-02	-1.061205e+01
1.368000e-05	7.610755e-02	-1.082960e+01
1.369000e-05	-3.906143e-02	-1.098960e+01
1.370000e-05	3.804944e-02	-1.125166e+01
1.371000e-05	3.813531e-03	-1.142113e+01
1.372000e-05	8.629116e-03	-1.166481e+01
1.373000e-05	2.374192e-02	-1.185226e+01
1.374000e-05	-2.637759e-02	-1.211735e+01
1.375000e-05	3.260686e-02	-1.227384e+01
1.376000e-05	-1.341258e-02	-1.243271e+01
1.377000e-05	5.390444e-02	-1.262963e+01
1.378000e-05	-1.774471e-02	-1.274114e+01
1.379000e-05	2.527889e-02	-1.298058e+01
1.380000e-05	-1.734417e-02	-1.313595e+01
1.381000e-05	2.762152e-02	-1.331592e+01
1.382000e-05	-1.180760e-03	-1.343071e+01
1.383000e-05	2.161933e-02	-1.363072e+01
1.384000e-05	9.642125e-03	-1.377805e+01
1.385000e-05	2.155318e-02	-1.396342e+01
1.386000e-05	1.078500e-02	-1.403279e+01
1.387000e-05	3.393251e-03	-1.418956e+01
1.388000e-05	4.601138e-03	-1.432379e+01
1.389000e-05	1.237654e-02	-1.444028e+01
1.390000e-05	2.396820e-02	-1.452895e+01
1.391000e-05	1.445422e-02	-1.470379e+01
1.392000e-05	1.655630e-02	-1.476908e+01
1.393000e-05	6.572746e-03	-1.485324e+01
1.394000e-05	2.133496e-02	-1.495808e+01
1.395000e-05	1.147262e-02	-1.505221e+01
1.396000e-05	1.866139e-02	-1.513787e+01
1.397000e-05	1.150033e-02	-1.521971e+01
1.398000e-05	2.420969e-02	-1.527492e+01
1.399000e-05	1.824427e-02	-1.536753e+01
1.400000e-05	1.765280e-02	-1.541961e+01
1.401000e-05	1.268518e-02	-1.550177e+01
1.402000e-05	2.065671e-02	-1.552637e+01
1.403000e-05	2.841174e-02	-1.557756e+01
1.404000e-05	2.598096e-02	-1.562116e+01
1.405000e-05	2.388045e-02	-1.568126e+01
1.406000e-05	2.210048e-02	-1.568279e+01
1.407000e-05	2.884200e-02	-1.568440e+01
1.408000e-05	2.780348e-02	-1.567487e+01
1.409000e-05	2.912647e-02	-1.576502e+01
1.410000e-05	3.044800e-02	-1.572700e+01
1.411000e-05	3.972410e-02	-1.568647e+01
1.412000e-05	4.411396e-02	-1.573595e+01
1.413000e-05	4.432376e-02	-1.567442e+01
1.414000e-05	4.464201e-02	-1.569289e+01
1.415000e-05	5.370510e-02	-1.567279e+01
1.416000e-05	6.811037e-02	-1.564018e+01
1.417000e-05	8.318282e-02	-1.561016e+01
1.418000e-05	1.001291e-01	-1.553703e+01
1.419000e-05	1.322417e-01	-1.553595e+01
1.420000e-05	1.841376e-01	-1.552289e+01
1.421000e-05	2.406968e-01	-1.537014e+01
1.422000e-05	2.500000e-01	-1.536945e+01
1.423000e-05	2.500000e-01	-1.529284e+01
1.424000e-05	2.500000e-01	-1.519061e+01
1.425000e-05	2.240030e-01	-1.509699e+01
1.426000e-05	1.505550e-01	-1.500022e+01
1.427000e-05	9.738328e-02	-1.495800e+01
1.428000e-05	6.894704e-02	-1.487324e+01
1.429000e-05	5.288240e-02	-1.477595e+01
1.430000e-05	4.059729e-02	-1.469334e+01
1.431000e-05	2.905425e-02	-1.454743e+01
1.432000e-05	2.237848e-02	-1.446969e+01
1.433000e-05	2.009817e-02	-1.429734e+01
1.434000e-05	1.924337e-02	-1.413800e+01
1.435000e-05	1.363485e-02	-1.405173e+01
1.436000e-05	1.064212e-02	-1.393387e+01
1.437000e-05	1.027970e-02	-1.375545e+01
1.438000e-05	1.267098e-02	-1.360960e+01
1.439000e-05	1.003590e-02	-1.341171e+01
1.440000e-05	6.088640e-03	-1.328590e+01
1.441000e-05	4.171471e-03	-1.315705e+01
1.442000e-05	6.503215e-03	-1.296740e+01
1.443000e-05	6.758181e-03	-1.281022e+01
1.444000e-05	3.983203e-03	-1.267271e+01
1.445000e-05	2.528521e-03	-1.248269e+01
1.446000e-05	3.276060e-03	-1.228579e+01
1.447000e-05	4.784666e-03	-1.213486e+01
1.448000e-05	2.315852e-03	-1.185482e+01
1.449000e-05	1.021723e-05	-1.166371e+01
1.450000e-05	2.525416e-04	-1.144032e+01
1.451000e-05	3.449344e-03	-1.125221e+01
1.452000e-05	2.525284e-03	-1.101868e+01
1.453000e-05	-6.070989e-04	-1.079106e+01
1.454000e-05	-1.070111e-03	-1.060918e+01
1.455000e-05	1.461776e-04	-1.044201e+01
1.456000e-05	1.048357e-03	-1.015700e+01
1.457000e-05	-1.349437e-03	-9.935871e+00
1.458000e-05	-2.510157e-03	-9.714948e+00
1.459000e-05	-1.922910e-03	-9.483290e+00
1.460000e-05	-8.707041e-04	-9.292762e+00
1.461000e-05	-2.926334e-03	-9.041138e+00
1.462000e-05	-3.440204e-03	-8.769658e+00
1.463000e-05	-3.705061e-03	-8.546501e+00
1.464000e-05	-2.352952e-03	-8.263793e+00
1.465000e-05	-1.836260e-03	-8.062737e+00
1.466000e-05	-4.010560e-03	-7.777603e+00
1.467000e-05	-4.338021e-03	-7.513818e+00
1.468000e-05	-4.428132e-03	-7.258712e+00
1.469000e-05	-3.738449e-03	-6.986925e+00
1.470000e-05	-4.366832e-03	-6.734340e+00
1.471000e-05	-5.373772e-03	-6.452633e+00
1.472000e-05	-4.791616e-03	-6.167551e+00
1.473000e-05	-5.801595e-03	-5.883315e+00
1.474000e-05	-3.933041e-03	-5.632158e+00
1.475000e-05	-7.219887e-03	-5.367447e+00
1.476000e-05	-5.831796e-03	-5.041658e+00
1.477000e-05	-5.681375e-03	-4.702742e+00
1.478000e-05	-4.941368e-03	-4.451130e+00
1.479000e-05	-6.564718e-03	-4.169501e+00
1.480000e-05	-6.919510e-03	-3.925895e+00
1.481000e-05	-6.949575e-03	-3.631059e+00
1.482000e-05	-8.090067e-03	-3.367446e+00
1.483000e-05	-7.231426e-03	-3.063633e+00
1.484000e-05	-8.260829e-03	-2.726925e+00
1.485000e-05	-6.996270e-03	-2.515288e+00
1.486000e-05	-6.838830e-03	-2.220103e+00
1.487000e-05	-6.730406e-03	-1.924768e+00
1.488000e-05	-8.178384e-03	-1.660157e+00
1.489000e-05	-8.424203e-03	-1.324315e+00
1.490000e-05	-8.203227e-03	-9.994061e-01
1.491000e-05	-8.226554e-03	-6.978394e-01
1.492000e-05	-7.966548e-03	-4.301001e-01
1.493000e-05	-7.928979e-03	-1.667958e-01
1.494000e-05	7.936769e-04	1.174156e-01
1.495000e-05	1.844994e-03	4.215527e-01
1.496000e-05	-2.902050e-03	6.651631e-01
1.497000e-05	3.449986e-04	9.043898e-01
1.498000e-05	-4.101949e-03	1.251178e+00
1.499000e-05	-2.516913e-04	1.549393e+00
1.500000e-05	-6.399109e-05	1.851057e+00
1.501000e-05	2.107924e-02	2.012209e+00
1.502000e-05	8.494469e-02	2.356844e+00
1.503000e-05	2.551016e-02	2.717236e+00
1.504000e-05	-8.060480e-02	2.981078e+00
1.505000e-05	-3.170736e-02	3.275710e+00
1.506000e-05	-3.561123e-02	3.569003e+00
1.507000e-05	-3.656979e-02	3.831078e+00
1.508000e-05	-7.132284e-02	3.990128e+00
1.509000e-05	9.314347e-02	4.316368e+00
1.510000e-05	1.147399e-02	4.630577e+00
1.511000e-05	-6.788868e-02	4.832653e+00
1.512000e-05	1.640099e-01	5.198949e+00
1.513000e-05	-1.624658e-01	5.464915e+00
1.514000e-05	6.107152e-02	5.737972e+00
1.515000e-05	-3.875555e-02	6.042661e+00
1.516000e-05	1.222788e-02	6.263287e+00
1.517000e-05	4.250241e-02	6.568598e+00
1.518000e-05	-7.913435e-02	6.852710e+00
1.519000e-05	5.354960e-02	7.104270e+00
1.520000e-05	-6.661732e-02	7.378576e+00
1.521000e-05	4.263613e-02	7.674738e+00
1.522000e-05	-4.933020e-02	7.948502e+00
1.523000e-05	9.905960e-03	8.232686e+00
1.524000e-05	3.365083e-02	8.462632e+00
1.525000e-05	-3.862095e-02	8.663660e+00
1.526000e-05	2.342334e-02	8.885365e+00
1.527000e-05	-6.148842e-02	9.169003e+00
1.528000e-05	9.544648e-03	9.379007e+00
1.529000e-05	-8.186030e-04	9.621675e+00
1.530000e-05	1.589146e-02	9.884384e+00
1.531000e-05	-1.844028e-02	1.009587e+01
1.532000e-05	-1.856600e-02	1.029582e+01
1.533000e-05	6.099716e-03	1.055595e+01
1.534000e-05	-2.328549e-02	1.072790e+01
1.535000e-05	-6.309944e-03	1.094697e+01
1.536000e-05	-2.665614e-02	1.114905e+01
1.537000e-05	1.042105e-02	1.138898e+01
1.538000e-05	-4.438391e-03	1.159921e+01
1.539000e-05	-6.479802e-03	1.182106e+01
1.540000e-05	-3.163391e-02	1.201013e+01
1.541000e-05	-1.014736e-02	1.221858e+01
1.542000e-05	-2.828572e-03	1.235958e+01
1.543000e-05	1.081078e-03	1.259753e+01
1.544000e-05	-1.762425e-02	1.271595e+01
1.545000e-05	-2.038897e-02	1.289439e+01
1.546000e-05	-9.266750e-03	1.305024e+01
1.547000e-05	-1.064724e-02	1.322071e+01
1.548000e-05	-1.567872e-02	1.337902e+01
1.549000e-05	-2.584719e-02	1.353587e+01
1.550000e-05	-2.924330e-03	1.367384e+01
1.551000e-05	-6.575129e-03	1.380973e+01
1.552000e-05	-8.722610e-03	1.396610e+01
1.553000e-05	-3.486551e-02	1.410597e+01
1.554000e-05	-2.057774e-02	1.425229e+01
1.555000e-05	-1.442016e-02	1.437953e+01
1.556000e-05	-8.210190e-03	1.448437e+01
1.557000e-05	-2.105845e-02	1.456969e+01
1.558000e-05	-2.392376e-02	1.473350e+01
1.559000e-05	-1.257566e-02	1.478065e+01
1.560000e-05	-1.691689e-02	1.486392e+01
1.561000e-05	-2.016820e-02	1.496905e+01
1.562000e-05	-3.357533e-02	1.505319e+01
1.563000e-05	-1.902813e-02	1.514642e+01
1.564000e-05	-1.761694e-02	1.520918e+01
1.565000e-05	-1.959444e-02	1.523231e+01
1.566000e-05	-3.359538e-02	1.528455e+01
1.567000e-05	-3.398021e-02	1.539965e+01
1.568000e-05	-2.320729e-02	1.539076e+01
1.569000e-05	-2.246187e-02	1.546282e+01
1.570000e-05	-2.838448e-02	1.553492e+01
1.571000e-05	-3.746890e-02	1.553597e+01
1.572000e-05	-2.808587e-02	1.554913e+01
1.573000e-05	-3.061633e-02	1.556069e+01
1.574000e-05	-3.652734e-02	1.559963e+01
1.575000e-05	-4.721171e-02	1.562021e+01
1.576000e-05	-4.405821e-02	1.561121e+01
1.577000e-05	-3.728347e-02	1.557124e+01
1.578000e-05	-4.391953e-02	1.560068e+01
1.579000e-05	-5.484566e-02	1.560116e+01
1.580000e-05	-6.602282e-02	1.556916e+01
1.581000e-05	-6.386944e-02	1.555002e+01
1.582000e-05	-7.638715e-02	1.547648e+01
1.583000e-05	-9.471116e-02	1.548284e+01
1.584000e-05	-1.246765e-01	1.544319e+01
1.585000e-05	-1.559944e-01	1.539763e+01
1.586000e-05	-2.081068e-01	1.532658e+01
1.587000e-05	-2.484179e-01	1.523340e+01
1.588000e-05	-2.500000e-01	1.524121e+01
1.589000e-05	-2.500000e-01	1.517703e+01
1.590000e-05	-2.471924e-01	1.510337e+01
1.591000e-05	-1.999062e-01	1.502076e+01
1.592000e-05	-1.373022e-01	1.493544e+01
1.593000e-05	-1.012815e-01	1.483074e+01
1.594000e-05	-7.063903e-02	1.472548e+01
1.595000e-05	-5.112000e-02	1.464016e+01
1.596000e-05	-4.504417e-02	1.453348e+01
1.597000e-05	-4.107731e-02	1.440019e+01
1.598000e-05	-3.411187e-02	1.430342e+01
1.599000e-05	-2.374879e-02	1.415766e+01
1.600000e-05	-2.480810e-02	1.405126e+01
1.601000e-05	-2.726128e-02	1.389339e+01
1.602000e-05	-2.660162e-02	1.375755e+01
1.603000e-05	-1.899819e-02	1.361826e+01
1.604000e-05	-1.594574e-02	1.347182e+01
1.605000e-05	-1.913842e-02	1.331447e+01
1.606000e-05	-2.070284e-02	1.313700e+01
1.607000e-05	-1.853075e-02	1.296813e+01
1.608000e-05	-1.200268e-02	1.283128e+01
1.609000e-05	-1.562337e-02	1.265069e+01
1.610000e-05	-1.756391e-02	1.248350e+01
1.611000e-05	-1.779934e-02	1.231443e+01
1.612000e-05	-1.094974e-02	1.210554e+01
1.613000e-05	-1.195226e-02	1.196395e+01
1.614000e-05	-1.575243e-02	1.171852e+01
1.615000e-05	-1.710433e-02	1.148492e+01
1.616000e-05	-1.244835e-02	1.132489e+01
1.617000e-05	-8.734461e-03	1.106182e+01
1.618000e-05	-1.289420e-02	1.089384e+01
1.619000e-05	-1.445422e-02	1.069484e+01
1.620000e-05	-1.345796e-02	1.042084e+01
1.621000e-05	-8.823413e-03	1.026226e+01
1.622000e-05	-1.021906e-02	1.002969e+01
1.623000e-05	-1.353068e-02	9.769555e+00
1.624000e-05	-1.346547e-02	9.556525e+00
1.625000e-05	-1.038103e-02	9.346394e+00
1.626000e-05	-8.361076e-03	9.102788e+00
1.627000e-05	-1.164630e-02	8.831312e+00
1.628000e-05	-1.231676e-02	8.629607e+00
1.629000e-05	-1.060588e-02	8.359000e+00
1.630000e-05	-7.337928e-03	8.124995e+00
1.631000e-05	-9.103833e-03	7.864264e+00
1.632000e-05	-1.138277e-02	7.650158e+00
1.633000e-05	-1.152720e-02	7.353950e+00
1.634000e-05	-9.019215e-03	7.051265e+00
1.635000e-05	-8.148070e-03	6.811109e+00
1.636000e-05	-1.112551e-02	6.548970e+00
1.637000e-05	-1.020008e-02	6.302342e+00
1.638000e-05	-8.697807e-03	5.992130e+00
1.639000e-05	-6.294037e-03	5.756022e+00
1.640000e-05	-7.808023e-03	5.464763e+00
1.641000e-05	-1.043388e-02	5.188525e+00
1.642000e-05	-9.528956e-03	4.862782e+00
1.643000e-05	-6.836882e-03	4.566996e+00
1.644000e-05	-7.305536e-03	4.306395e+00
1.645000e-05	-9.960832e-03	4.008604e+00
1.646000e-05	-9.113138e-03	3.713919e+00
1.647000e-05	-6.612582e-03	3.462688e+00
1.648000e-05	-5.873879e-03	3.127949e+00
1.649000e-05	-7.289936e-03	2.894233e+00
1.650000e-05	-9.042174e-03	2.629529e+00
1.651000e-05	-6.837705e-03	2.303762e+00
1.652000e-05	-5.174716e-03	2.040104e+00
1.653000e-05	-5.884220e-03	1.716872e+00
1.654000e-05	-8.083762e-03	1.482104e+00
1.655000e-05	-7.043558e-03	1.116918e+00
1.656000e-05	-5.063096e-03	7.965998e-01
1.657000e-05	-4.476460e-03	4.953907e-01
1.658000e-05	-5.576653e-03	2.431065e-01
1.659000e-05	-4.079618e-03	-7.318058e-02
1.660000e-05	6.134988e-03	-3.263157e-01
1.661000e-05	4.566630e-03	-5.915228e-01
1.662000e-05	1.250731e-04	-8.956855e-01
1.663000e-05	-9.209373e-04	-1.166791e+00
1.664000e-05	-4.031220e-04	-1.475159e+00
1.665000e-05	-1.248451e-04	-1.697790e+00
1.666000e-05	1.814897e-02	-1.949392e+00
1.667000e-05	8.123734e-02	-2.174948e+00
1.668000e-05	7.594390e-02	-2.517844e+00
1.669000e-05	-8.581616e-02	-2.979422e+00
1.670000e-05	2.998733e-04	-3.308266e+00
1.671000e-05	-4.942287e-02	-3.558392e+00
1.672000e-05	-3.536583e-02	-3.777474e+00
1.673000e-05	-6.674165e-02	-4.010528e+00
1.674000e-05	2.021900e-01	-4.188395e+00
1.675000e-05	-1.693754e-01	-4.473205e+00
1.676000e-05	1.294293e-01	-4.770400e+00
1.677000e-05	5.401653e-03	-4.980552e+00
1.678000e-05	-1.075384e-01	-5.431127e+00
1.679000e-05	1.580077e-01	-5.672129e+00
1.680000e-05	-2.003630e-01	-5.916849e+00
1.681000e-05	1.750335e-01	-6.200627e+00
1.682000e-05	-5.216999e-02	-6.443610e+00
1.683000e-05	5.586130e-04	-6.799498e+00
1.684000e-05	7.461625e-02	-6.982480e+00
1.685000e-05	-1.342630e-01	-7.327841e+00
1.686000e-05	1.473992e-01	-7.610102e+00
1.687000e-05	-1.223511e-01	-7.853666e+00
1.688000e-05	1.115428e-01	-8.127919e+00
1.689000e-05	-1.580023e-02	-8.367345e+00
1.690000e-05	-2.279390e-02	-8.664682e+00
1.691000e-05	8.952701e-02	-8.914765e+00
1.692000e-05	-1.271053e-01	-9.156895e+00
1.693000e-05	1.121929e-01	-9.358420e+00
1.694000e-05	-9.065530e-02	-9.589595e+00
1.695000e-05	1.199023e-01	-9.782034e+00
1.696000e-05	-4.570938e-02	-1.005053e+01
1.697000e-05	3.338106e-02	-1.026584e+01
1.698000e-05	-5.144850e-03	-1.048529e+01
1.699000e-05	-2.022159e-02	-1.074697e+01
1.700000e-05	5.034030e-02	-1.090387e+01
1.701000e-05	-4.616191e-02	-1.115842e+01
1.702000e-05	7.020407e-02	-1.132795e+01
1.703000e-05	-4.230449e-02	-1.159002e+01
1.704000e-05	6.459202e-02	-1.178806e+01
1.705000e-05	-4.085610e-02	-1.201108e+01
1.706000e-05	3.540238e-02	-1.219105e+01
1.707000e-05	-1.540614e-02	-1.235850e+01
1.708000e-05	3.902158e-02	-1.258790e+01
1.709000e-05	7.694319e-03	-1.272529e+01
1.710000e-05	4.858788e-03	-1.288637e+01
1.711000e-05	3.107954e-03	-1.307479e+01
1.712000e-05	7.045628e-04	-1.321226e+01
1.713000e-05	2.378941e-02	-1.334705e+01
1.714000e-05	1.073761e-03	-1.352945e+01
1.715000e-05	2.724548e-02	-1.368697e+01
1.716000e-05	5.001752e-03	-1.385118e+01
1.717000e-05	2.723943e-02	-1.395055e+01
1.718000e-05	-4.393596e-03	-1.414547e+01
1.719000e-05	1.034065e-02	-1.426579e+01
1.720000e-05	-6.176389e-04	-1.435956e+01
1.721000e-05	2.745391e-02	-1.451494e+01
1.722000e-05	1.549794e-02	-1.464010e+01
1.723000e-05	2.162212e-02	-1.470793e+01
1.724000e-05	7.131242e-03	-1.481160e+01
1.725000e-05	1.687578e-02	-1.492547e+01
1.726000e-05	1.440754e-02	-1.499063e+01
1.727000e-05	1.406885e-02	-1.508434e+01
1.728000e-05	1.458444e-02	-1.514806e+01
1.729000e-05	1.706681e-02	-1.527376e+01
1.730000e-05	2.478962e-02	-1.529800e+01
1.731000e-05	1.698961e-02	-1.537061e+01
1.732000e-05	1.676188e-02	-1.544169e+01
1.733000e-05	1.440681e-02	-1.551534e+01
1.734000e-05	2.698818e-02	-1.557792e+01
1.735000e-05	2.587531e-02	-1.562163e+01
1.736000e-05	2.537475e-02	-1.564971e+01
1.737000e-05	2.078110e-02	-1.565224e+01
1.738000e-05	2.509105e-02	-1.568334e+01
1.739000e-05	2.897756e-02	-1.569485e+01
1.740000e-05	2.908192e-02	-1.570595e+01
1.741000e-05	3.018244e-02	-1.571532e+01
1.742000e-05	3.513473e-02	-1.572747e+01
1.743000e-05	4.274321e-02	-1.572657e+01
1.744000e-05	4.398560e-02	-1.571493e+01
1.745000e-05	4.319916e-02	-1.570437e+01
1.746000e-05	4.900218e-02	-1.567184e+01
1.747000e-05	6.137946e-02	-1.565076e+01
1.748000e-05	7.712895e-02	-1.565071e+01
1.749000e-05	9.058923e-02	-1.553808e+01
1.750000e-05	1.144547e-01	-1.555746e+01
1.751000e-05	1.572037e-01	-1.551334e+01
1.752000e-05	2.181910e-01	-1.542076e+01
1.753000e-05	2.491572e-01	-1.538905e+01
1.754000e-05	2.500000e-01	-1.532640e+01
1.755000e-05	2.500000e-01	-1.522076e+01
1.756000e-05	2.449527e-01	-1.514693e+01
1.757000e-05	1.841705e-01	-1.508232e+01
1.758000e-05	1.174544e-01	-1.498945e+01
1.759000e-05	7.929865e-02	-1.489487e+01
1.760000e-05	5.952402e-02	-1.480866e+01
1.761000e-05	4.694809e-02	-1.472485e+01
1.762000e-05	3.460768e-02	-1.464020e+01
1.763000e-05	2.518078e-02	-1.447632e+01
1.764000e-05	2.152381e-02	-1.437758e+01
1.765000e-05	1.999309e-02	-1.424021e+01
1.766000e-05	1.503863e-02	-1.406389e+01
1.767000e-05	1.126719e-02	-1.397703e+01
1.768000e-05	9.492353e-03	-1.381173e+01
1.769000e-05	1.247532e-02	-1.364121e+01
1.770000e-05	1.247558e-02	-1.353387e+01
1.771000e-05	8.149304e-03	-1.336802e+01
1.772000e-05	4.430032e-03	-1.320221e+01
1.773000e-05	5.887874e-03	-1.307374e+01
1.774000e-05	6.821164e-03	-1.285229e+01
1.775000e-05	4.953239e-03	-1.270488e+01
1.776000e-05	2.568223e-03	-1.257695e+01
1.777000e-05	3.111623e-03	-1.234803e+01
1.778000e-05	5.247139e-03	-1.222910e+01
1.779000e-05	3.454914e-03	-1.198905e+01
1.780000e-05	1.918469e-03	-1.177868e+01
1.781000e-05	-7.093170e-04	-1.161653e+01
1.782000e-05	2.165117e-03	-1.129537e+01
1.783000e-05	3.232349e-03	-1.112492e+01
1.784000e-05	1.456042e-03	-1.086386e+01
1.785000e-05	-1.169709e-03	-1.072379e+01
1.786000e-05	5.865392e-05	-1.050542e+01
1.787000e-05	6.358655e-04	-1.026229e+01
1.788000e-05	3.877266e-04	-1.005019e+01
1.789000e-05	-2.690240e-03	-9.850054e+00
1.790000e-05	-2.680840e-03	-9.621103e+00
1.791000e-05	-4.299783e-04	-9.367526e+00
1.792000e-05	-4.583271e-04	-9.095447e+00
1.793000e-05	-2.303614e-03	-8.913396e+00
1.794000e-05	-4.131315e-03	-8.682715e+00
1.795000e-05	-2.829621e-03	-8.429659e+00
1.796000e-05	-9.523314e-04	-8.177999e+00
1.797000e-05	-2.575787e-03	-7.877245e+00
1.798000e-05	-5.623284e-03	-7.589628e+00
1.799000e-05	-4.705833e-03	-7.357521e+00
1.800000e-05	-3.963228e-03	-7.113340e+00
1.801000e-05	-2.127129e-03	-6.809608e+00
1.802000e-05	-4.870726e-03	-6.565996e+00
1.803000e-05	-4.937418e-03	-6.295293e+00
1.804000e-05	-5.114449e-03	-6.012656e+00
1.805000e-05	-3.406421e-03	-5.765473e+00
1.806000e-05	-6.611136e-03	-5.505287e+00
1.807000e-05	-6.526659e-03	-5.160050e+00
1.808000e-05	-7.402638e-03	-4.841639e+00
1.809000e-05	-4.223028e-03	-4.564946e+00
1.810000e-05	-5.408870e-03	-4.334290e+00
1.811000e-05	-6.368903e-03	-4.072112e+00
1.812000e-05	-7.381515e-03	-3.758999e+00
1.813000e-05	-6.552907e-03	-3.503685e+00
1.814000e-05	-7.995958e-03	-3.211605e+00
1.815000e-05	-7.995760e-03	-2.904891e+00
1.816000e-05	-9.171267e-03	-2.641104e+00
1.817000e-05	-7.782806e-03	-2.368349e+00
1.818000e-05	-6.532967e-03	-2.041158e+00
1.819000e-05	-8.130686e-03	-1.756925e+00
1.820000e-05	-9.091214e-03	-1.472239e+00
1.821000e-05	-1.034553e-02	-1.115820e+00
1.822000e-05	-7.012316e-03	-8.631566e-01
1.823000e-05	-7.750538e-03	-5.564746e-01
1.824000e-05	-7.669464e-03	-2.947092e-01
1.825000e-05	-5.710669e-03	-1.955107e-02
1.826000e-05	7.415856e-03	3.067132e-01
1.827000e-05	-6.054215e-03	5.688698e-01
1.828000e-05	1.764434e-03	8.096065e-01
1.829000e-05	-7.779812e-03	1.126265e+00
1.830000e-05	7.198038e-04	1.379973e+00
1.831000e-05	-4.651031e-03	1.745820e+00
1.832000e-05	1.371330e-02	1.988396e+00
1.833000e-05	4.377314e-02	2.209475e+00
1.834000e-05	9.722021e-02	2.474210e+00
1.835000e-05	-7.334539e-02	2.864758e+00
1.836000e-05	-3.910674e-02	3.148392e+00
1.837000e-05	-4.569627e-02	3.443679e+00
1.838000e-05	-1.517381e-02	3.725263e+00
1.839000e-05	-7.978223e-02	3.939888e+00
1.840000e-05	1.961036e-03	4.157944e+00
1.841000e-05	1.257087e-01	4.473312e+00
1.842000e-05	-1.353893e-01	4.736945e+00
1.843000e-05	1.415346e-01	5.000023e+00
1.844000e-05	-4.091123e-02	5.328371e+00
1.845000e-05	-6.646548e-02	5.589580e+00
1.846000e-05	5.549254e-02	5.866416e+00
1.847000e-05	-6.837324e-02	6.168926e+00
1.848000e-05	8.476644e-02	6.389057e+00
1.849000e-05	-6.118217e-02	6.735895e+00
1.850000e-05	4.605482e-03	6.979030e+00
1.851000e-05	-6.114746e-03	7.261636e+00
1.852000e-05	-2.669560e-02	7.506446e+00
1.853000e-05	2.616570e-02	7.799633e+00
1.854000e-05	-5.722787e-02	8.113890e+00
1.855000e-05	5.984300e-02	8.338998e+00
1.856000e-05	-2.309162e-02	8.556475e+00
1.857000e-05	-4.734793e-03	8.789531e+00
1.858000e-05	-6.909127e-03	9.023664e+00
1.859000e-05	-5.610141e-02	9.304790e+00
1.860000e-05	3.964323e-02	9.505891e+00
1.861000e-05	-2.148714e-02	9.746900e+00
1.862000e-05	2.655886e-02	1.001056e+01
1.863000e-05	-4.605540e-02	1.021961e+01
1.864000e-05	1.416938e-02	1.043256e+01
1.865000e-05	-1.656071e-02	1.063224e+01
1.866000e-05	-1.496867e-02	1.085122e+01
1.867000e-05	-1.101133e-02	1.104219e+01
1.868000e-05	-1.961896e-02	1.128382e+01
1.869000e-05	2.073693e-02	1.151482e+01
1.870000e-05	-2.118614e-02	1.169490e+01
1.871000e-05	-5.643791e-03	1.189484e+01
1.872000e-05	-3.485751e-02	1.210595e+01
1.873000e-05	6.420282e-03	1.226234e+01
1.874000e-05	-5.619207e-03	1.242529e+01
1.875000e-05	-6.603226e-03	1.265164e+01
1.876000e-05	-2.212852e-02	1.282006e+01
1.877000e-05	-1.882514e-02	1.300963e+01
1.878000e-05	-4.733677e-03	1.316645e+01
1.879000e-05	-1.984579e-02	1.332242e+01
1.880000e-05	-1.541189e-02	1.347174e+01
1.881000e-05	-1.866396e-02	1.362966e+01
1.882000e-05	2.385456e-03	1.369760e+01
1.883000e-05	-1.007455e-02	1.386334e+01
1.884000e-05	-2.243564e-02	1.403384e+01
1.885000e-05	-2.915009e-02	1.417816e+01
1.886000e-05	-1.869349e-02	1.431652e+01
1.887000e-05	-7.000402e-03	1.443218e+01
1.888000e-05	-1.754725e-02	1.452600e+01
1.889000e-05	-2.096195e-02	1.470432e+01
1.890000e-05	-2.191395e-02	1.472810e+01
1.891000e-05	-1.120613e-02	1.481024e+01
1.892000e-05	-2.069556e-02	1.489452e+01
1.893000e-05	-2.693058e-02	1.503973e+01
1.894000e-05	-2.576729e-02	1.505482e+01
1.895000e-05	-1.826838e-02	1.512808e+01
1.896000e-05	-1.509453e-02	1.524971e+01
1.897000e-05	-3.096515e-02	1.528250e+01
1.898000e-05	-3.239334e-02	1.532716e+01
1.899000e-05	-3.181774e-02	1.538166e+01
1.900000e-05	-1.867045e-02	1.545234e+01
1.901000e-05	-2.635765e-02	1.549285e+01
1.902000e-05	-3.246603e-02	1.552643e+01
1.903000e-05	-3.309473e-02	1.556745e+01
1.904000e-05	-2.921854e-02	1.556808e+01
1.905000e-05	-3.194997e-02	1.558024e+01
1.906000e-05	-4.668157e-02	1.560869e+01
1.907000e-05	-4.429891e-02	1.563161e+01
1.908000e-05	-4.230989e-02	1.561271e+01
1.909000e-05	-3.690921e-02	1.559116e+01
1.910000e-05	-5.117232e-02	1.559116e+01
1.911000e-05	-6.066866e-02	1.557859e+01
1.912000e-05	-6.585792e-02	1.556716e+01
1.913000e-05	-6.888827e-02	1.553700e+01
1.914000e-05	-8.384313e-02	1.548397e+01
1.915000e-05	-1.104706e-01	1.543184e+01
1.916000e-05	-1.376206e-01	1.539973e+01
1.917000e-05	-1.823884e-01	1.533858e+01
1.918000e-05	-2.360928e-01	1.532542e+01
1.919000e-05	-2.500000e-01	1.523384e+01
1.920000e-05	-2.500000e-01	1.522014e+01
1.921000e-05	-2.500000e-01	1.512450e+01
1.922000e-05	-2.298319e-01	1.508279e+01
1.923000e-05	-1.620997e-01	1.496565e+01
1.924000e-05	-1.178975e-01	1.486342e+01
1.925000e-05	-8.384146e-02	1.478701e+01
1.926000e-05	-5.958111e-02	1.465391e+01
1.927000e-05	-4.569181e-02	1.454855e+01
1.928000e-05	-4.192504e-02	1.449429e+01
1.929000e-05	-3.817668e-02	1.438703e+01
1.930000e-05	-2.794234e-02	1.426024e+01
1.931000e-05	-2.437757e-02	1.411340e+01
1.932000e-05	-2.424139e-02	1.399553e+01
1.933000e-05	-2.829355e-02	1.378866e+01
1.934000e-05	-2.035436e-02	1.366384e+01
1.935000e-05	-1.719381e-02	1.353493e+01
1.936000e-05	-1.482129e-02	1.333860e+01
1.937000e-05	-2.185957e-02	1.317926e+01
1.938000e-05	-1.962495e-02	1.305026e+01
1.939000e-05	-1.584774e-02	1.287387e+01
1.940000e-05	-1.260228e-02	1.270605e+01
1.941000e-05	-1.633921e-02	1.253003e+01
1.942000e-05	-1.831666e-02	1.237918e+01
1.943000e-05	-1.324370e-02	1.220016e+01
1.944000e-05	-1.139906e-02	1.202019e+01
1.945000e-05	-1.246305e-02	1.185119e+01
1.946000e-05	-1.827122e-02	1.162966e+01
1.947000e-05	-1.474244e-02	1.138868e+01
1.948000e-05	-1.133162e-02	1.117811e+01
1.949000e-05	-9.715488e-03	1.098905e+01
1.950000e-05	-1.331265e-02	1.077000e+01
1.951000e-05	-1.405929e-02	1.053763e+01
1.952000e-05	-1.028528e-02	1.031597e+01
1.953000e-05	-9.385505e-03	1.012749e+01
1.954000e-05	-1.170282e-02	9.885343e+00
1.955000e-05	-1.464548e-02	9.671870e+00
1.956000e-05	-1.156945e-02	9.420682e+00
1.957000e-05	-9.126372e-03	9.199529e+00
1.958000e-05	-9.819703e-03	8.937072e+00
1.959000e-05	-1.214150e-02	8.684495e+00
1.960000e-05	-1.254469e-02	8.484389e+00
1.961000e-05	-7.774746e-03	8.253212e+00
1.962000e-05	-7.786742e-03	7.999054e+00
1.963000e-05	-9.516881e-03	7.695476e+00
1.964000e-05	-1.232819e-02	7.470762e+00
1.965000e-05	-9.477148e-03	7.199528e+00
1.966000e-05	-8.029899e-03	6.947472e+00
1.967000e-05	-9.302239e-03	6.683793e+00
1.968000e-05	-1.139956e-02	6.388079e+00
1.969000e-05	-9.944018e-03	6.135996e+00
1.970000e-05	-6.805397e-03	5.891792e+00
1.971000e-05	-6.924605e-03	5.589208e+00
1.972000e-05	-9.101483e-03	5.303424e+00
1.973000e-05	-1.062525e-02	5.006576e+00
1.974000e-05	-7.238241e-03	4.673942e+00
1.975000e-05	-5.916073e-03	4.410158e+00
1.976000e-05	-7.163769e-03	4.124496e+00
1.977000e-05	-9.484779e-03	3.851162e+00
1.978000e-05	-8.674198e-03	3.570104e+00
1.979000e-05	-5.959508e-03	3.285819e+00
1.980000e-05	-6.299177e-03	2.990630e+00
1.981000e-05	-7.626191e-03	2.707499e+00
1.982000e-05	-8.114352e-03	2.442558e+00
1.983000e-05	-5.573648e-03	2.146924e+00
1.984000e-05	-5.271774e-03	1.895339e+00
1.985000e-05	-6.547713e-03	1.557975e+00
1.986000e-05	-8.095250e-03	1.273762e+00
1.987000e-05	-5.865959e-03	9.448997e-01
1.988000e-05	-4.302061e-03	6.336315e-01
1.989000e-05	-4.951119e-03	4.293985e-01
1.990000e-05	-5.277522e-03	6.366271e-02
1.991000e-05	-1.156290e-03	-2.105476e-01
1.992000e-05	1.314472e-02	-4.136303e-01
1.993000e-05	-3.480817e-03	-7.689200e-01
1.994000e-05	5.155479e-03	-1.030548e+00
1.995000e-05	-5.236305e-03	-1.297256e+00
1.996000e-05	3.511883e-03	-1.589527e+00
1.997000e-05	2.622646e-03	-1.851607e+00
1.998000e-05	4.053085e-02	-2.062653e+00
1.999000e-05	1.279963e-01	-2.349824e+00
2.000000e-05	-5.151062e-02	-2.787397e+00
2.001000e-05	-2.797658e-02	-3.169000e+00
2.002000e-05	-3.762695e-02	-3.433634e+00
2.003000e-05	-2.283011e-02	-3.629599e+00
2.004000e-05	-1.013515e-01	-3.896843e+00
2.005000e-05	1.200423e-01	-4.093236e+00
2.006000e-05	2.576196e-02	-4.296916e+00
2.007000e-05	-9.387021e-02	-4.685133e+00
2.008000e-05	2.146807e-01	-4.865212e+00
2.009000e-05	-1.980614e-01	-5.222678e+00
2.010000e-05	1.397254e-01	-5.559925e+00
2.011000e-05	-8.368149e-02	-5.778399e+00
2.012000e-05	-2.290752e-02	-6.123816e+00
2.013000e-05	1.503840e-01	-6.306392e+00
2.014000e-05	-1.416809e-01	-6.634182e+00
2.015000e-05	1.546301e-01	-6.954867e+00
2.016000e-05	-1.275021e-01	-7.166955e+00
2.017000e-05	5.206071e-02	-7.484267e+00
2.018000e-05	1.919618e-02	-7.724791e+00
2.019000e-05	-5.877552e-02	-8.021657e+00
2.020000e-05	1.421435e-01	-8.274235e+00
2.021000e-05	-1.301032e-01	-8.525865e+00
2.022000e-05	1.372384e-01	-8.810502e+00
2.023000e-05	-9.727050e-02	-9.000629e+00
2.024000e-05	3.067553e-02	-9.284187e+00
2.025000e-05	4.839237e-03	-9.444231e+00
2.026000e-05	-5.554166e-03	-9.716919e+00
2.027000e-05	8.786181e-02	-9.935843e+00
2.028000e-05	-7.402595e-02	-1.015901e+01
2.029000e-05	8.549773e-02	-1.035055e+01
2.030000e-05	-8.798729e-02	-1.062111e+01
2.031000e-05	8.176563e-02	-1.082026e+01
2.032000e-05	-5.045440e-02	-1.104108e+01
2.033000e-05	5.059750e-02	-1.127121e+01
2.034000e-05	-6.742509e-03	-1.147324e+01
2.035000e-05	2.048316e-02	-1.168585e+01
2.036000e-05	1.378978e-02	-1.188491e+01
2.037000e-05	-1.794564e-02	-1.213840e+01
2.038000e-05	2.642217e-02	-1.228327e+01
2.039000e-05	-8.644978e-03	-1.243474e+01
2.040000e-05	4.986593e-02	-1.262316e+01
2.041000e-05	-1.696566e-02	-1.284118e+01
2.042000e-05	2.598462e-02	-1.302010e+01
2.043000e-05	-1.752271e-02	-1.315845e+01
2.044000e-05	2.948855e-02	-1.330594e+01
2.045000e-05	-3.708270e-03	-1.346374e+01
2.046000e-05	2.429232e-02	-1.365171e+01
2.047000e-05	7.286976e-03	-1.378853e+01
2.048000e-05	2.450124e-02	-1.391747e+01
2.049000e-05	7.044293e-03	-1.407416e+01
2.050000e-05	4.572125e-03	-1.417013e+01
2.051000e-05	2.462407e-03	-1.427582e+01
2.052000e-05	1.491784e-02	-1.446476e+01
2.053000e-05	2.349675e-02	-1.458908e+01
2.054000e-05	1.648488e-02	-1.470385e+01
2.055000e-05	1.554891e-02	-1.479962e+01
2.056000e-05	7.848105e-03	-1.488484e+01
2.057000e-05	2.124948e-02	-1.493908e+01
2.058000e-05	1.078697e-02	-1.509319e+01
2.059000e-05	1.855270e-02	-1.510804e+01
2.060000e-05	1.207526e-02	-1.522214e+01
2.061000e-05	2.649779e-02	-1.529689e+01
2.062000e-05	1.781972e-02	-1.536905e+01
2.063000e-05	1.778168e-02	-1.543173e+01
2.064000e-05	1.173229e-02	-1.547290e+01
2.065000e-05	2.212367e-02	-1.552597e+01
2.066000e-05	2.754891e-02	-1.556951e+01
2.067000e-05	2.568518e-02	-1.561126e+01
2.068000e-05	2.425358e-02	-1.564182e+01
2.069000e-05	2.264430e-02	-1.568279e+01
2.070000e-05	2.830484e-02	-1.569237e+01
2.071000e-05	2.703938e-02	-1.571547e+01
2.072000e-05	2.822262e-02	-1.572352e+01
2.073000e-05	3.159141e-02	-1.568502e+01
2.074000e-05	4.071107e-02	-1.571500e+01
2.075000e-05	4.451477e-02	-1.572642e+01
2.076000e-05	4.327731e-02	-1.569537e+01
2.077000e-05	4.483195e-02	-1.571494e+01
2.078000e-05	5.424715e-02	-1.566177e+01
2.079000e-05	6.855746e-02	-1.564021e+01
2.080000e-05	8.314858e-02	-1.557963e+01
2.081000e-05	1.015643e-01	-1.557908e+01
2.082000e-05	1.358129e-01	-1.554440e+01
2.083000e-05	1.895013e-01	-1.549234e+01
2.084000e-05	2.419733e-01	-1.538065e+01
2.085000e-05	2.500000e-01	-1.532740e+01
2.086000e-05	2.500000e-01	-1.527389e+01
2.087000e-05	2.499995e-01	-1.516953e+01
2.088000e-05	2.190588e-01	-1.510539e+01
2.089000e-05	1.449906e-01	-1.505364e+01
2.090000e-05	9.362540e-02	-1.493692e+01
2.091000e-05	6.679129e-02	-1.486129e+01
2.092000e-05	5.267477e-02	-1.476758e+01
2.093000e-05	4.025270e-02	-1.466223e+01
2.094000e-05	2.885046e-02	-1.454653e+01
2.095000e-05	2.293879e-02	-1.444223e+01
2.096000e-05	2.045764e-02	-1.427437e+01
2.097000e-05	1.883616e-02	-1.413600e+01
2.098000e-05	1.247239e-02	-1.404074e+01
2.099000e-05	1.002258e-02	-1.391286e+01
2.100000e-05	1.058312e-02	-1.374700e+01
2.101000e-05	1.266310e-02	-1.353903e+01
2.102000e-05	1.029136e-02	-1.345164e+01
2.103000e-05	6.174559e-03	-1.331284e+01
2.104000e-05	4.524132e-03	-1.312602e+01
2.105000e-05	6.432437e-03	-1.298858e+01
2.106000e-05	6.096385e-03	-1.278013e+01
2.107000e-05	4.399754e-03	-1.260123e+01
2.108000e-05	3.066344e-03	-1.249181e+01
2.109000e-05	4.096276e-03	-1.224281e+01
2.110000e-05	4.340580e-03	-1.211532e+01
2.111000e-05	2.520862e-03	-1.190326e+01
2.112000e-05	-3.744575e-04	-1.167329e+01
2.113000e-05	1.170384e-03	-1.139023e+01
2.114000e-05	3.324198e-03	-1.119921e+01
2.115000e-05	2.887109e-03	-1.101900e+01
2.116000e-05	-8.029849e-05	-1.075048e+01
2.117000e-05	-4.496324e-04	-1.057866e+01
2.118000e-05	4.262876e-06	-1.036745e+01
2.119000e-05	9.116780e-04	-1.019792e+01
2.120000e-05	-1.663123e-03	-9.945970e+00
2.121000e-05	-1.821721e-03	-9.705420e+00
2.122000e-05	-6.679314e-04	-9.473262e+00
2.123000e-05	4.310445e-04	-9.282233e+00
2.124000e-05	-1.928748e-03	-9.008533e+00
2.125000e-05	-3.194736e-03	-8.760029e+00
2.126000e-05	-3.795064e-03	-8.526898e+00
2.127000e-05	-1.305471e-03	-8.312790e+00
2.128000e-05	-2.085709e-03	-8.031659e+00
2.129000e-05	-3.705885e-03	-7.757601e+00
2.130000e-05	-4.032622e-03	-7.473770e+00
2.131000e-05	-3.830714e-03	-7.222131e+00
2.132000e-05	-4.192934e-03	-6.937474e+00
2.133000e-05	-5.440385e-03	-6.705216e+00
2.134000e-05	-5.163709e-03	-6.432208e+00
2.135000e-05	-4.147032e-03	-6.147471e+00
2.136000e-05	-3.757787e-03	-5.852764e+00
2.137000e-05	-4.395788e-03	-5.630151e+00
2.138000e-05	-7.354308e-03	-5.313918e+00
2.139000e-05	-7.031927e-03	-5.011532e+00
2.140000e-05	-5.300024e-03	-4.683766e+00
2.141000e-05	-4.677906e-03	-4.422080e+00
2.142000e-05	-6.875392e-03	-4.169551e+00
2.143000e-05	-8.079455e-03	-3.896770e+00
2.144000e-05	-6.024012e-03	-3.602080e+00
2.145000e-05	-1.042614e-02	-3.348344e+00
2.146000e-05	-5.233079e-03	-3.041833e+00
2.147000e-05	-1.022490e-02	-2.768396e+00
2.148000e-05	-3.804392e-03	-2.453709e+00
2.149000e-05	-6.032818e-03	-2.199598e+00
2.150000e-05	-5.696730e-03	-1.902716e+00
2.151000e-05	-9.457087e-03	-1.632029e+00
2.152000e-05	-1.176259e-02	-1.293215e+00
2.153000e-05	-9.867156e-03	-1.007394e+00
2.154000e-05	-1.001324e-02	-6.853130e-01
2.155000e-05	-7.228398e-03	-3.694499e-01
2.156000e-05	-5.446530e-03	-1.166908e-01
2.157000e-05	4.000404e-03	1.803461e-01
2.158000e-05	1.971743e-03	4.711316e-01
2.159000e-05	-2.276848e-03	7.147606e-01
2.160000e-05	-2.098136e-03	9.273411e-01
2.161000e-05	-5.692153e-03	1.285736e+00
2.162000e-05	-1.746546e-03	1.618027e+00
2.163000e-05	3.982724e-04	1.812632e+00
2.164000e-05	2.324983e-02	2.083213e+00
2.165000e-05	9.079425e-02	2.347940e+00
2.166000e-05	1.110464e-02	2.717846e+00
2.167000e-05	-7.462582e-02	3.031603e+00
2.168000e-05	-3.206002e-02	3.303359e+00
2.169000e-05	-3.155087e-02	3.589032e+00
2.170000e-05	-4.333076e-02	3.842683e+00
2.171000e-05	-6.640663e-02	4.040109e+00
2.172000e-05	1.041849e-01	4.317872e+00
2.173000e-05	-1.331300e-02	4.642082e+00
2.174000e-05	-4.315360e-02	4.850209e+00
2.175000e-05	1.488257e-01	5.210098e+00
2.176000e-05	-1.627705e-01	5.495790e+00
2.177000e-05	7.428615e-02	5.776471e+00
2.178000e-05	-5.019238e-02	6.064186e+00
2.179000e-05	2.723785e-02	6.285785e+00
2.180000e-05	2.863693e-02	6.579001e+00
2.181000e-05	-7.373729e-02	6.863707e+00
2.182000e-05	5.106378e-02	7.225990e+00
2.183000e-05	-6.878434e-02	7.392103e+00
2.184000e-05	4.845376e-02	7.684342e+00
2.185000e-05	-5.726756e-02	7.968028e+00
2.186000e-05	2.305775e-02	8.262712e+00
2.187000e-05	2.661874e-02	8.483765e+00
2.188000e-05	-3.546793e-02	8.693213e+00
2.189000e-05	2.361515e-02	8.955847e+00
2.190000e-05	-6.726623e-02	9.188553e+00
2.191000e-05	1.859077e-02	9.389602e+00
2.192000e-05	-8.729857e-03	9.642162e+00
2.193000e-05	2.027877e-02	9.852284e+00
2.194000e-05	-2.554723e-02	1.015647e+01
2.195000e-05	-1.041440e-02	1.032485e+01
2.196000e-05	4.584020e-03	1.052898e+01
2.197000e-05	-2.259100e-02	1.078602e+01
2.198000e-05	-5.605438e-03	1.096852e+01
2.199000e-05	-2.839574e-02	1.115658e+01
2.200000e-05	1.391835e-02	1.141956e+01
2.201000e-05	-9.682444e-03	1.162159e+01
2.202000e-05	-5.284370e-03	1.182166e+01
2.203000e-05	-3.512164e-02	1.200116e+01
2.204000e-05	-4.873118e-03	1.219053e+01
2.205000e-05	-4.236337e-03	1.237013e+01
2.206000e-05	8.276528e-04	1.259903e+01
2.207000e-05	-1.933495e-02	1.277842e+01
2.208000e-05	-1.982957e-02	1.289243e+01
2.209000e-05	-9.191414e-03	1.307274e+01
2.210000e-05	-1.363415e-02	1.324334e+01
2.211000e-05	-1.512659e-02	1.339861e+01
2.212000e-05	-2.541763e-02	1.351603e+01
2.213000e-05	-9.638548e-04	1.365536e+01
2.214000e-05	-7.550640e-03	1.382076e+01
2.215000e-05	-9.604409e-03	1.394653e+01
2.216000e-05	-3.426787e-02	1.412692e+01
2.217000e-05	-2.043868e-02	1.429137e+01
2.218000e-05	-1.277506e-02	1.442001e+01
2.219000e-05	-1.038363e-02	1.448542e+01
2.220000e-05	-2.070771e-02	1.459968e+01
2.221000e-05	-2.526791e-02	1.475642e+01
2.222000e-05	-1.185245e-02	1.478868e+01
2.223000e-05	-1.914730e-02	1.487334e+01
2.224000e-05	-1.960194e-02	1.495910e+01
2.225000e-05	-3.234367e-02	1.508376e+01
2.226000e-05	-1.674586e-02	1.512540e+01
2.227000e-05	-1.686909e-02	1.522013e+01
2.228000e-05	-2.111196e-02	1.522234e+01
2.229000e-05	-3.382126e-02	1.531647e+01
2.230000e-05	-3.463563e-02	1.537768e+01
2.231000e-05	-2.179914e-02	1.543074e+01
2.232000e-05	-2.366241e-02	1.546382e+01
2.233000e-05	-2.813054e-02	1.548497e+01
2.234000e-05	-3.716697e-02	1.556750e+01
2.235000e-05	-2.832393e-02	1.556853e+01
2.236000e-05	-3.046801e-02	1.560868e+01
2.237000e-05	-3.774393e-02	1.557961e+01
2.238000e-05	-4.669674e-02	1.560168e+01
2.239000e-05	-4.381502e-02	1.559016e+01
2.240000e-05	-3.718843e-02	1.562121e+01
2.241000e-05	-4.486557e-02	1.562116e+01
2.242000e-05	-5.635218e-02	1.560918e+01
2.243000e-05	-6.674587e-02	1.558006e+01
2.244000e-05	-6.408693e-02	1.556705e+01
2.245000e-05	-7.503022e-02	1.552345e+01
2.246000e-05	-9.512408e-02	1.549384e+01
2.247000e-05	-1.254681e-01	1.546274e+01
2.248000e-05	-1.596998e-01	1.544055e+01
2.249000e-05	-2.126316e-01	1.534557e+01
2.250000e-05	-2.486450e-01	1.526437e+01
2.251000e-05	-2.500000e-01	1.525029e+01
2.252000e-05	-2.500000e-01	1.519953e+01
2.253000e-05	-2.464906e-01	1.512186e+01
2.254000e-05	-1.931535e-01	1.500923e+01
2.255000e-05	-1.335667e-01	1.492495e+01
2.256000e-05	-9.782972e-02	1.481161e+01
2.257000e-05	-7.002947e-02	1.469602e+01
2.258000e-05	-4.998817e-02	1.461066e+01
2.259000e-05	-4.496671e-02	1.449444e+01
2.260000e-05	-3.980512e-02	1.441921e+01
2.261000e-05	-3.408765e-02	1.428487e+01
2.262000e-05	-2.394029e-02	1.414707e+01
2.263000e-05	-2.450428e-02	1.401219e+01
2.264000e-05	-2.638468e-02	1.387294e+01
2.265000e-05	-2.525673e-02	1.375457e+01
2.266000e-05	-1.907233e-02	1.359821e+01
2.267000e-05	-1.554356e-02	1.345279e+01
2.268000e-05	-2.023668e-02	1.325342e+01
2.269000e-05	-2.089914e-02	1.311555e+01
2.270000e-05	-1.859284e-02	1.298710e+01
2.271000e-05	-1.258677e-02	1.283873e+01
2.272000e-05	-1.631772e-02	1.264131e+01
2.273000e-05	-1.776364e-02	1.245279e+01
2.274000e-05	-1.721667e-02	1.229237e+01
2.275000e-05	-1.123469e-02	1.213489e+01
2.276000e-05	-1.192943e-02	1.193544e+01
2.277000e-05	-1.638066e-02	1.173643e+01
2.278000e-05	-1.692647e-02	1.150629e+01
2.279000e-05	-1.361740e-02	1.129434e+01
2.280000e-05	-9.474046e-03	1.106179e+01
2.281000e-05	-1.268600e-02	1.086389e+01
2.282000e-05	-1.437096e-02	1.066332e+01
2.283000e-05	-1.289247e-02	1.048129e+01
2.284000e-05	-9.222681e-03	1.022018e+01
2.285000e-05	-1.041276e-02	9.999562e+00
2.286000e-05	-1.361180e-02	9.748553e+00
2.287000e-05	-1.299632e-02	9.495994e+00
2.288000e-05	-1.046078e-02	9.316472e+00
2.289000e-05	-8.279368e-03	9.081217e+00
2.290000e-05	-1.203959e-02	8.852739e+00
2.291000e-05	-1.271261e-02	8.618553e+00
2.292000e-05	-1.134105e-02	8.328426e+00
2.293000e-05	-7.872906e-03	8.114947e+00
2.294000e-05	-8.954927e-03	7.852162e+00
2.295000e-05	-1.062697e-02	7.598129e+00
2.296000e-05	-1.079899e-02	7.294871e+00
2.297000e-05	-8.851074e-03	7.030684e+00
2.298000e-05	-7.938108e-03	6.790558e+00
2.299000e-05	-1.092255e-02	6.523439e+00
2.300000e-05	-1.043538e-02	6.252759e+00
2.301000e-05	-8.675588e-03	6.010133e+00
2.302000e-05	-6.189873e-03	5.723968e+00
2.303000e-05	-7.960488e-03	5.482715e+00
2.304000e-05	-1.016963e-02	5.136976e+00
2.305000e-05	-8.065444e-03	4.780132e+00
2.306000e-05	-6.925290e-03	4.566443e+00
2.307000e-05	-6.866737e-03	4.243768e+00
2.308000e-05	-9.450318e-03	3.976928e+00
2.309000e-05	-8.866057e-03	3.713841e+00
2.310000e-05	-7.035761e-03	3.431187e+00
2.311000e-05	-5.486004e-03	3.155347e+00
2.312000e-05	-7.679954e-03	2.882738e+00
2.313000e-05	-8.482121e-03	2.568104e+00
2.314000e-05	-7.396817e-03	2.283735e+00
2.315000e-05	-4.822443e-03	2.000552e+00
2.316000e-05	-5.608693e-03	1.755395e+00
2.317000e-05	-8.119510e-03	1.389079e+00
2.318000e-05	-6.750875e-03	1.115292e+00
2.319000e-05	-5.167387e-03	7.489473e-01
2.320000e-05	-5.061010e-03	5.037117e-01
2.321000e-05	-6.190217e-03	2.410539e-01
2.322000e-05	-4.175989e-03	-6.418440e-02
2.323000e-05	8.153485e-03	-3.673422e-01
2.324000e-05	4.120486e-03	-6.420252e-01
2.325000e-05	2.820990e-03	-8.936870e-01
2.326000e-05	-1.561506e-03	-1.158319e+00
2.327000e-05	8.601065e-04	-1.516205e+00
2.328000e-05	-9.374302e-04	-1.756738e+00
2.329000e-05	1.929344e-02	-1.958871e+00
2.330000e-05	8.888400e-02	-2.223132e+00
2.331000e-05	5.973074e-02	-2.559918e+00
2.332000e-05	-8.157323e-02	-3.010101e+00
2.333000e-05	-9.176930e-04	-3.378421e+00
2.334000e-05	-4.690643e-02	-3.547394e+00
2.335000e-05	-4.242305e-02	-3.760975e+00
2.336000e-05	-4.803358e-02	-4.022578e+00
2.337000e-05	1.952530e-01	-4.169498e+00
2.338000e-05	-1.877109e-01	-4.503256e+00
2.339000e-05	1.568076e-01	-4.801102e+00
2.340000e-05	-3.143056e-02	-5.053127e+00
2.341000e-05	-7.321932e-02	-5.415703e+00
2.342000e-05	1.361232e-01	-5.683707e+00
2.343000e-05	-1.966690e-01	-5.967420e+00
2.344000e-05	1.925986e-01	-6.211725e+00
2.345000e-05	-7.960386e-02	-6.464691e+00
2.346000e-05	2.923464e-02	-6.811157e+00
2.347000e-05	4.697640e-02	-7.034604e+00
2.348000e-05	-1.189103e-01	-7.348494e+00
2.349000e-05	1.450957e-01	-7.608599e+00
2.350000e-05	-1.308261e-01	-7.875708e+00
2.351000e-05	1.319558e-01	-8.138945e+00
2.352000e-05	-4.193192e-02	-8.397448e+00
2.353000e-05	4.899874e-03	-8.664767e+00
2.354000e-05	6.715300e-02	-8.936266e+00
2.355000e-05	-1.151877e-01	-9.156345e+00
2.356000e-05	1.078860e-01	-9.360475e+00
2.357000e-05	-9.270965e-02	-9.620682e+00
2.358000e-05	1.298869e-01	-9.832183e+00
2.359000e-05	-6.109296e-02	-1.008373e+01
2.360000e-05	5.055318e-02	-1.025634e+01
2.361000e-05	-2.328129e-02	-1.052737e+01
2.362000e-05	-2.702920e-03	-1.073740e+01
2.363000e-05	3.728097e-02	-1.091589e+01
2.364000e-05	-3.632506e-02	-1.114840e+01
2.365000e-05	6.432179e-02	-1.136755e+01
2.366000e-05	-3.880847e-02	-1.160213e+01
2.367000e-05	6.346318e-02	-1.180101e+01
2.368000e-05	-4.442517e-02	-1.204264e+01
2.369000e-05	3.853362e-02	-1.219056e+01
2.370000e-05	-1.863604e-02	-1.239905e+01
2.371000e-05	4.536343e-02	-1.254950e+01
2.372000e-05	1.462749e-03	-1.272790e+01
2.373000e-05	1.043863e-02	-1.293740e+01
2.374000e-05	2.406576e-04	-1.307534e+01
2.375000e-05	5.614449e-03	-1.322264e+01
2.376000e-05	1.894360e-02	-1.335855e+01
2.377000e-05	2.964120e-03	-1.354690e+01
2.378000e-05	2.502851e-02	-1.369534e+01
2.379000e-05	8.312744e-03	-1.383379e+01
2.380000e-05	2.647208e-02	-1.402013e+01
2.381000e-05	-4.195530e-03	-1.412790e+01
2.382000e-05	1.034158e-02	-1.425331e+01
2.383000e-05	1.471239e-03	-1.439911e+01
2.384000e-05	2.869390e-02	-1.448592e+01
2.385000e-05	1.428469e-02	-1.464324e+01
2.386000e-05	2.077011e-02	-1.476838e+01
2.387000e-05	6.416711e-03	-1.486076e+01
2.388000e-05	1.900422e-02	-1.491850e+01
2.389000e-05	1.557788e-02	-1.505111e+01
2.390000e-05	1.623823e-02	-1.509637e+01
2.391000e-05	1.470514e-02	-1.516951e+01
2.392000e-05	1.921511e-02	-1.525278e+01
2.393000e-05	2.364033e-02	-1.530995e+01
2.394000e-05	1.445780e-02	-1.539158e+01
2.395000e-05	1.480167e-02	-1.548119e+01
2.396000e-05	1.482539e-02	-1.551590e+01
2.397000e-05	2.870446e-02	-1.557610e+01
2.398000e-05	2.669346e-02	-1.561206e+01
2.399000e-05	2.548127e-02	-1.564069e+01
2.400000e-05	2.083789e-02	-1.569124e+01
2.401000e-05	2.539990e-02	-1.571379e+01
2.402000e-05	2.731499e-02	-1.568587e+01
2.403000e-05	2.751258e-02	-1.571545e+01
2.404000e-05	2.953584e-02	-1.568550e+01
2.405000e-05	3.673082e-02	-1.573594e+01
2.406000e-05	4.387110e-02	-1.573542e+01
2.407000e-05	4.505454e-02	-1.569552e+01
2.408000e-05	4.243864e-02	-1.568337e+01
2.409000e-05	5.021412e-02	-1.568382e+01
2.410000e-05	6.198310e-02	-1.563276e+01
2.411000e-05	7.698176e-02	-1.562061e+01
2.412000e-05	9.106279e-02	-1.559916e+01
2.413000e-05	1.167503e-01	-1.555597e+01
2.414000e-05	1.617795e-01	-1.549382e+01
2.415000e-05	2.218115e-01	-1.545124e+01
2.416000e-05	2.492780e-01	-1.537905e+01
2.417000e-05	2.500000e-01	-1.527445e+01
2.418000e-05	2.500000e-01	-1.522029e+01
2.419000e-05	2.425998e-01	-1.515803e+01
2.420000e-05	1.784060e-01	-1.506179e+01
2.421000e-05	1.138915e-01	-1.499803e+01
2.422000e-05	7.707514e-02	-1.488387e+01
2.423000e-05	5.880063e-02	-1.478031e+01
2.424000e-05	4.657545e-02	-1.471487e+01
2.425000e-05	3.312707e-02	-1.458806e+01
2.426000e-05	2.506440e-02	-1.450497e+01
2.427000e-05	2.160155e-02	-1.434856e+01
2.428000e-05	1.951078e-02	-1.420016e+01
2.429000e-05	1.599091e-02	-1.408394e+01
2.430000e-05	1.017424e-02	-1.395695e+01
2.431000e-05	1.062237e-02	-1.381118e+01
2.432000e-05	1.200215e-02	-1.365276e+01
2.433000e-05	1.230296e-02	-1.349492e+01
2.434000e-05	6.554867e-03	-1.335557e+01
2.435000e-05	4.268518e-03	-1.323011e+01
2.436000e-05	6.297556e-03	-1.307123e+01
2.437000e-05	5.785629e-03	-1.291389e+01
2.438000e-05	5.407455e-03	-1.273582e+01
2.439000e-05	1.870884e-03	-1.253492e+01
2.440000e-05	5.076012e-03	-1.238745e+01
2.441000e-05	6.704190e-03	-1.213750e+01
2.442000e-05	3.435562e-03	-1.197805e+01
2.443000e-05	3.202447e-03	-1.174603e+01
2.444000e-05	-2.117764e-03	-1.156652e+01
2.445000e-05	1.417133e-03	-1.132437e+01
2.446000e-05	4.855792e-04	-1.110384e+01
2.447000e-05	1.632875e-03	-1.088429e+01
2.448000e-05	2.411309e-05	-1.071379e+01
2.449000e-05	2.526821e-03	-1.046529e+01
2.450000e-05	3.127471e-03	-1.023073e+01
2.451000e-05	1.134378e-03	-1.003168e+01
2.452000e-05	-1.870342e-03	-9.809629e+00
2.453000e-05	-3.506357e-03	-9.610433e+00
2.454000e-05	-2.622820e-03	-9.386523e+00
2.455000e-05	-2.068875e-03	-9.086272e+00
2.456000e-05	-4.345166e-03	-8.863911e+00
2.457000e-05	-3.550043e-03	-8.632137e+00
2.458000e-05	-6.098202e-04	-8.369055e+00
2.459000e-05	8.688784e-04	-8.147896e+00
2.460000e-05	3.203388e-04	-7.893364e+00
2.461000e-05	-4.738140e-03	-7.620451e+00
2.462000e-05	-5.061119e-03	-7.336520e+00
2.463000e-05	-5.761327e-03	-7.093287e+00
2.464000e-05	-8.491723e-03	-6.810128e+00
2.465000e-05	-8.281811e-03	-6.537393e+00
2.466000e-05	-5.829158e-03	-6.292787e+00
2.467000e-05	-1.700711e-03	-6.011151e+00
2.468000e-05	-1.153121e-03	-5.754924e+00
2.469000e-05	-3.676749e-03	-5.463107e+00
2.470000e-05	-5.588779e-03	-5.147993e+00
2.471000e-05	-7.727193e-03	-4.871108e+00
2.472000e-05	-7.267543e-03	-4.515922e+00
2.473000e-05	-9.625148e-03	-4.314315e+00
2.474000e-05	-8.793347e-03	-4.063154e+00
2.475000e-05	-8.273134e-03	-3.767371e+00
2.476000e-05	-5.461923e-03	-3.492259e+00
2.477000e-05	-6.576440e-03	-3.232578e+00
2.478000e-05	-7.170680e-03	-2.851710e+00
2.479000e-05	-6.418997e-03	-2.590074e+00
2.480000e-05	-6.084599e-03	-2.356846e+00
2.481000e-05	-7.660485e-03	-2.010029e+00
2.482000e-05	-1.052000e-02	-1.746422e+00
2.483000e-05	-1.044900e-02	-1.453212e+00
2.484000e-05	-1.060430e-02	-1.095288e+00
2.485000e-05	-8.075382e-03	-8.416051e-01
2.486000e-05	-7.739823e-03	-5.468382e-01
2.487000e-05	-6.446903e-03	-2.626355e-01
2.488000e-05	-3.149294e-03	5.170153e-02
2.489000e-05	8.783415e-03	3.282922e-01
2.490000e-05	-7.023213e-03	5.795949e-01
2.491000e-05	2.020226e-03	7.905003e-01
2.492000e-05	-8.213907e-03	1.167842e+00
2.493000e-05	1.645164e-04	1.341532e+00
2.494000e-05	-5.870755e-03	1.736974e+00
2.495000e-05	1.416277e-02	1.969525e+00
2.496000e-05	4.899658e-02	2.211501e+00
2.497000e-05	9.226076e-02	2.556394e+00
2.498000e-05	-7.865667e-02	2.883711e+00
2.499000e-05	-3.395659e-02	3.159998e+00
2.500000e-05	-4.537483e-02	3.455217e+00
2.501000e-05	-1.385991e-02	3.717837e+00
2.502000e-05	-8.298705e-02	3.949421e+00
2.503000e-05	1.456068e-02	4.200049e+00
2.504000e-05	1.168879e-01	4.465237e+00
2.505000e-05	-1.411237e-01	4.718397e+00
2.506000e-05	1.609944e-01	5.010628e+00
2.507000e-05	-7.100015e-02	5.341475e+00
2.508000e-05	-4.214003e-02	5.659555e+00
2.509000e-05	4.420595e-02	5.955890e+00
2.510000e-05	-6.020627e-02	6.190003e+00
2.511000e-05	8.479769e-02	6.430641e+00
2.512000e-05	-7.166273e-02	6.757467e+00
2.513000e-05	1.585506e-02	6.989528e+00
2.514000e-05	-1.835886e-02	7.261786e+00
2.515000e-05	-1.410647e-02	7.557994e+00
2.516000e-05	1.655545e-02	7.821608e+00
2.517000e-05	-4.910140e-02	8.128870e+00
2.518000e-05	6.018381e-02	8.355897e+00
2.519000e-05	-2.736879e-02	8.570575e+00
2.520000e-05	1.777697e-03	8.810082e+00
2.521000e-05	-1.635135e-02	9.043290e+00
2.522000e-05	-4.906175e-02	9.313341e+00
2.523000e-05	3.506832e-02	9.535946e+00
2.524000e-05	-1.779150e-02	9.758949e+00
2.525000e-05	2.195312e-02	1.000221e+01
2.526000e-05	-4.437779e-02	1.021971e+01
2.527000e-05	1.565423e-02	1.040971e+01
2.528000e-05	-1.743047e-02	1.065324e+01
2.529000e-05	-1.293193e-02	1.086274e+01
2.530000e-05	-1.388131e-02	1.108429e+01
2.531000e-05	-1.604178e-02	1.130345e+01
2.532000e-05	1.823838e-02	1.149742e+01
2.533000e-05	-2.019178e-02	1.173647e+01
2.534000e-05	-1.071003e-02	1.194447e+01
2.535000e-05	-3.263259e-02	1.213650e+01
2.536000e-05	5.467916e-03	1.230497e+01
2.537000e-05	-3.832396e-03	1.246284e+01
2.538000e-05	-8.590243e-03	1.262226e+01
2.539000e-05	-2.155120e-02	1.284921e+01
2.540000e-05	-1.783223e-02	1.299910e+01
2.541000e-05	-3.812558e-03	1.311510e+01
2.542000e-05	-2.030081e-02	1.330390e+01
2.543000e-05	-1.810062e-02	1.345234e+01
2.544000e-05	-1.719209e-02	1.361216e+01
2.545000e-05	1.808810e-03	1.377711e+01
2.546000e-05	-8.980314e-03	1.390642e+01
2.547000e-05	-2.469678e-02	1.408290e+01
2.548000e-05	-2.755734e-02	1.416766e+01
2.549000e-05	-1.765597e-02	1.431547e+01
2.550000e-05	-5.926833e-03	1.442379e+01
2.551000e-05	-1.884983e-02	1.451756e+01
2.552000e-05	-2.218215e-02	1.469389e+01
2.553000e-05	-2.072795e-02	1.479850e+01
2.554000e-05	-1.168391e-02	1.480269e+01
2.555000e-05	-1.943064e-02	1.494701e+01
2.556000e-05	-2.835911e-02	1.505061e+01
2.557000e-05	-2.444258e-02	1.510534e+01
2.558000e-05	-1.752485e-02	1.514608e+01
2.559000e-05	-1.494174e-02	1.522023e+01
2.560000e-05	-3.261702e-02	1.528642e+01
2.561000e-05	-3.311327e-02	1.536710e+01
2.562000e-05	-3.051064e-02	1.540111e+01
2.563000e-05	-1.859678e-02	1.543336e+01
2.564000e-05	-2.676846e-02	1.550527e+01
2.565000e-05	-3.325729e-02	1.552597e+01
2.566000e-05	-3.158354e-02	1.554798e+01
2.567000e-05	-2.912132e-02	1.556866e+01
2.568000e-05	-3.215270e-02	1.558008e+01
2.569000e-05	-4.656303e-02	1.560073e+01
2.570000e-05	-4.418972e-02	1.562082e+01
2.571000e-05	-4.034911e-02	1.560174e+01
2.572000e-05	-3.795366e-02	1.562019e+01
2.573000e-05	-5.132077e-02	1.560064e+01
2.574000e-05	-6.226036e-02	1.557916e+01
2.575000e-05	-6.472958e-02	1.558950e+01
2.576000e-05	-6.937138e-02	1.551592e+01
2.577000e-05	-8.453249e-02	1.550485e+01
2.578000e-05	-1.126843e-01	1.546379e+01
2.579000e-05	-1.396973e-01	1.541121e+01
2.580000e-05	-1.855073e-01	1.535613e+01
2.581000e-05	-2.386005e-01	1.530492e+01
2.582000e-05	-2.500000e-01	1.525336e+01
2.583000e-05	-2.500000e-01	1.519009e+01
2.584000e-05	-2.500000e-01	1.514649e+01
2.585000e-05	-2.261886e-01	1.505389e+01
2.586000e-05	-1.580763e-01	1.495911e+01
2.587000e-05	-1.154634e-01	1.487174e+01
2.588000e-05	-8.157894e-02	1.475657e+01
2.589000e-05	-5.735578e-02	1.467479e+01
2.590000e-05	-4.495256e-02	1.454650e+01
2.591000e-05	-4.139482e-02	1.444326e+01
2.592000e-05	-3.835459e-02	1.430608e+01
2.593000e-05	-2.783756e-02	1.427029e+01
2.594000e-05	-2.537151e-02	1.408382e+01
2.595000e-05	-2.482033e-02	1.391403e+01
2.596000e-05	-2.773406e-02	1.381013e+01
2.597000e-05	-2.015740e-02	1.363176e+01
2.598000e-05	-1.650117e-02	1.350495e+01
2.599000e-05	-1.606075e-02	1.336703e+01
2.600000e-05	-2.232856e-02	1.320968e+01
2.601000e-05	-1.999927e-02	1.303229e+01
2.602000e-05	-1.559323e-02	1.292497e+01
2.603000e-05	-1.416525e-02	1.271392e+01
2.604000e-05	-1.677952e-02	1.255750e+01
2.605000e-05	-1.916315e-02	1.237911e+01
2.606000e-05	-1.359278e-02	1.220116e+01
2.607000e-05	-1.173992e-02	1.203963e+01
2.608000e-05	-1.262643e-02	1.181076e+01
2.609000e-05	-1.821257e-02	1.158811e+01
2.610000e-05	-1.436689e-02	1.138015e+01
2.611000e-05	-1.118878e-02	1.119808e+01
2.612000e-05	-1.086153e-02	1.098858e+01
2.613000e-05	-1.428989e-02	1.076956e+01
2.614000e-05	-1.473142e-02	1.058602e+01
2.615000e-05	-1.159897e-02	1.031550e+01
2.616000e-05	-9.444911e-03	1.012442e+01
2.617000e-05	-1.204022e-02	9.873314e+00
2.618000e-05	-1.370304e-02	9.640737e+00
2.619000e-05	-1.069883e-02	9.418661e+00
2.620000e-05	-7.670740e-03	9.179080e+00
2.621000e-05	-8.876143e-03	8.998996e+00
2.622000e-05	-1.344239e-02	8.684420e+00
2.623000e-05	-1.370250e-02	8.493867e+00
2.624000e-05	-1.085129e-02	8.222286e+00
2.625000e-05	-9.665484e-03	7.997524e+00
2.626000e-05	-8.173958e-03	7.714367e+00
2.627000e-05	-1.122290e-02	7.460735e+00
2.628000e-05	-6.520283e-03	7.167999e+00
2.629000e-05	-6.420922e-03	6.943868e+00
2.630000e-05	-8.754315e-03	6.668712e+00
2.631000e-05	-1.203593e-02	6.398000e+00
2.632000e-05	-1.207641e-02	6.135465e+00
2.633000e-05	-7.975777e-03	5.880768e+00
2.634000e-05	-6.857104e-03	5.558025e+00
2.635000e-05	-8.859420e-03	5.335395e+00
2.636000e-05	-9.720829e-03	4.998021e+00
2.637000e-05	-6.594668e-03	4.702287e+00
2.638000e-05	-5.014739e-03	4.380604e+00
2.639000e-05	-7.348457e-03	4.094365e+00
2.640000e-05	-9.877056e-03	3.810653e+00
2.641000e-05	-8.548081e-03	3.577949e+00
2.642000e-05	-5.658073e-03	3.242764e+00
2.643000e-05	-7.150753e-03	2.978575e+00
2.644000e-05	-9.152316e-03	2.756368e+00
2.645000e-05	-8.637893e-03	2.438629e+00
2.646000e-05	-4.701898e-03	2.124944e+00
2.647000e-05	-4.287361e-03	1.882188e+00
2.648000e-05	-5.627093e-03	1.556423e+00
2.649000e-05	-7.674727e-03	1.263212e+00
2.650000e-05	-5.979988e-03	8.728679e-01
2.651000e-05	-5.204314e-03	6.607053e-01
2.652000e-05	-5.033169e-03	3.688970e-01
2.653000e-05	-5.922404e-03	5.073264e-02
2.654000e-05	-8.375298e-04	-2.415014e-01
2.655000e-05	1.219333e-02	-4.736282e-01
2.656000e-05	-2.747510e-03	-7.789738e-01
2.657000e-05	4.559309e-03	-1.043475e+00
2.658000e-05	-5.277168e-03	-1.318710e+00
2.659000e-05	3.044693e-03	-1.621527e+00
2.660000e-05	4.048116e-03	-1.844108e+00
2.661000e-05	4.408826e-02	-2.074089e+00
2.662000e-05	1.264802e-01	-2.409950e+00
2.663000e-05	-6.460359e-02	-2.792478e+00
2.664000e-05	-2.074654e-02	-3.211577e+00
2.665000e-05	-4.230982e-02	-3.465683e+00
2.666000e-05	-2.074220e-02	-3.634208e+00
2.667000e-05	-1.052746e-01	-3.946371e+00
2.668000e-05	1.414287e-01	-4.075788e+00
2.669000e-05	-1.294640e-02	-4.338842e+00
2.670000e-05	-5.662683e-02	-4.676236e+00
2.671000e-05	1.969703e-01	-4.924811e+00
2.672000e-05	-2.051054e-01	-5.264160e+00
2.673000e-05	1.627918e-01	-5.611377e+00
2.674000e-05	-1.133552e-01	-5.821001e+00
2.675000e-05	1.592554e-02	-6.127867e+00
2.676000e-05	1.244464e-01	-6.318850e+00
2.677000e-05	-1.309484e-01	-6.684703e+00
2.678000e-05	1.560344e-01	-6.945943e+00
2.679000e-05	-1.440853e-01	-7.233106e+00
2.680000e-05	7.759151e-02	-7.506316e+00
2.681000e-05	-8.018027e-03	-7.727868e+00
2.682000e-05	-3.206849e-02	-8.075687e+00
2.683000e-05	1.256820e-01	-8.275210e+00
2.684000e-05	-1.254493e-01	-8.536843e+00
2.685000e-05	1.421985e-01	-8.812555e+00
2.686000e-05	-1.153393e-01	-8.991631e+00
2.687000e-05	5.204065e-02	-9.283686e+00
2.688000e-05	-1.520446e-02	-9.456862e+00
2.689000e-05	1.584682e-02	-9.738421e+00
2.690000e-05	6.955405e-02	-9.937420e+00
2.691000e-05	-6.241717e-02	-1.015055e+01
2.692000e-05	7.864425e-02	-1.038106e+01
2.693000e-05	-8.630500e-02	-1.066264e+01
2.694000e-05	8.552304e-02	-1.087221e+01
2.695000e-05	-5.714808e-02	-1.105076e+01
2.696000e-05	6.006835e-02	-1.130424e+01
2.697000e-05	-1.781982e-02	-1.149522e+01
2.698000e-05	3.138723e-02	-1.172692e+01
2.699000e-05	3.007761e-03	-1.192733e+01
2.700000e-05	-9.060199e-03	-1.215732e+01
2.701000e-05	1.985991e-02	-1.230379e+01
2.702000e-05	-1.566388e-03	-1.253582e+01
2.703000e-05	4.550943e-02	-1.263328e+01
2.704000e-05	-1.518836e-02	-1.282224e+01
2.705000e-05	2.424369e-02	-1.298065e+01
2.706000e-05	-1.762847e-02	-1.319797e+01
2.707000e-05	3.079825e-02	-1.332697e+01
2.708000e-05	-4.956795e-03	-1.346471e+01
2.709000e-05	2.693593e-02	-1.360371e+01
2.710000e-05	5.966899e-03	-1.379003e+01
2.711000e-05	2.704939e-02	-1.395698e+01
2.712000e-05	4.844694e-03	-1.406386e+01
2.713000e-05	7.374324e-03	-1.422163e+01
2.714000e-05	1.103484e-03	-1.433642e+01
2.715000e-05	1.794177e-02	-1.446479e+01
2.716000e-05	2.161875e-02	-1.454955e+01
2.717000e-05	1.734541e-02	-1.466437e+01
2.718000e-05	1.383041e-02	-1.480013e+01
2.719000e-05	9.557172e-03	-1.488387e+01
2.720000e-05	2.094779e-02	-1.491955e+01
2.721000e-05	1.216984e-02	-1.507279e+01
2.722000e-05	1.883871e-02	-1.513693e+01
2.723000e-05	1.277777e-02	-1.522021e+01
2.724000e-05	2.643134e-02	-1.531647e+01
2.725000e-05	1.647199e-02	-1.535858e+01
2.726000e-05	1.700917e-02	-1.546124e+01
2.727000e-05	1.126643e-02	-1.546326e+01
2.728000e-05	2.333408e-02	-1.554697e+01
2.729000e-05	2.730558e-02	-1.556853e+01
2.730000e-05	2.712522e-02	-1.562214e+01
2.731000e-05	2.383775e-02	-1.565279e+01
2.732000e-05	2.268090e-02	-1.568232e+01
2.733000e-05	2.741760e-02	-1.568490e+01
2.734000e-05	2.625337e-02	-1.573685e+01
2.735000e-05	2.854662e-02	-1.571790e+01
2.736000e-05	3.149126e-02	-1.575443e+01
2.737000e-05	4.158206e-02	-1.569648e+01
2.738000e-05	4.479704e-02	-1.570445e+01
2.739000e-05	4.376927e-02	-1.571484e+01
2.740000e-05	4.520348e-02	-1.569442e+01
2.741000e-05	5.584119e-02	-1.569274e+01
2.742000e-05	6.959512e-02	-1.563271e+01
2.743000e-05	8.440205e-02	-1.559864e+01
2.744000e-05	1.032672e-01	-1.556652e+01
2.745000e-05	1.381489e-01	-1.551495e+01
2.746000e-05	1.933152e-01	-1.546424e+01
2.747000e-05	2.435271e-01	-1.544113e+01
2.748000e-05	2.500000e-01	-1.532885e+01
2.749000e-05	2.500000e-01	-1.525389e+01
2.750000e-05	2.491985e-01	-1.517808e+01
2.751000e-05	2.146506e-01	-1.508492e+01
2.752000e-05	1.406847e-01	-1.501166e+01
2.753000e-05	9.181612e-02	-1.492590e+01
2.754000e-05	6.498862e-02	-1.485326e+01
2.755000e-05	5.088753e-02	-1.475743e+01
2.756000e-05	3.850049e-02	-1.467274e+01
2.757000e-05	2.891419e-02	-1.451447e+01
2.758000e-05	2.344821e-02	-1.444009e+01
2.759000e-05	2.115266e-02	-1.424682e+01
2.760000e-05	1.818558e-02	-1.416900e+01
2.761000e-05	1.273345e-02	-1.403166e+01
2.762000e-05	1.071188e-02	-1.385229e+01
2.763000e-05	1.127191e-02	-1.373797e+01
2.764000e-05	1.272457e-02	-1.355903e+01
2.765000e-05	9.179934e-03	-1.345111e+01
2.766000e-05	5.652522e-03	-1.324436e+01
2.767000e-05	4.452322e-03	-1.310582e+01
2.768000e-05	7.117340e-03	-1.293900e+01
2.769000e-05	7.099382e-03	-1.279058e+01
2.770000e-05	4.209835e-03	-1.261168e+01
2.771000e-05	3.988687e-03	-1.245076e+01
2.772000e-05	4.840830e-03	-1.229229e+01
2.773000e-05	4.812580e-03	-1.206437e+01
2.774000e-05	1.378509e-03	-1.190419e+01
2.775000e-05	-7.422907e-04	-1.171279e+01
2.776000e-05	1.368048e-03	-1.144161e+01
2.777000e-05	4.329405e-03	-1.120961e+01
2.778000e-05	3.743387e-03	-1.096860e+01
2.779000e-05	5.945252e-04	-1.082903e+01
2.780000e-05	-7.838141e-04	-1.060953e+01
2.781000e-05	1.130503e-03	-1.031895e+01
2.782000e-05	1.031905e-03	-1.012497e+01
2.783000e-05	-7.871378e-04	-9.875791e+00
2.784000e-05	-2.615552e-03	-9.724366e+00
2.785000e-05	-1.859269e-03	-9.473256e+00
2.786000e-05	-2.455791e-04	-9.222158e+00
2.787000e-05	-1.640714e-03	-8.971079e+00
2.788000e-05	-4.796274e-03	-8.718903e+00
2.789000e-05	-3.148007e-03	-8.534892e+00
2.790000e-05	-1.574065e-03	-8.301709e+00
2.791000e-05	-9.901805e-04	-8.031685e+00
2.792000e-05	-4.605543e-03	-7.734945e+00
2.793000e-05	-5.022306e-03	-7.413786e+00
2.794000e-05	-5.127301e-03	-7.201579e+00
2.795000e-05	-2.688950e-03	-6.925344e+00
2.796000e-05	-5.258169e-03	-6.683787e+00
2.797000e-05	-5.983033e-03	-6.401134e+00
2.798000e-05	-4.523099e-03	-6.125974e+00
2.799000e-05	-4.136587e-03	-5.862260e+00
2.800000e-05	-4.531367e-03	-5.581631e+00
2.801000e-05	-7.827888e-03	-5.293314e+00
2.802000e-05	-7.228383e-03	-4.997948e+00
2.803000e-05	-6.648974e-03	-4.703237e+00
2.804000e-05	-4.967975e-03	-4.419654e+00
2.805000e-05	-6.310513e-03	-4.158951e+00
2.806000e-05	-8.101221e-03	-3.885264e+00
2.807000e-05	-6.821545e-03	-3.599600e+00
2.808000e-05	-7.163296e-03	-3.345390e+00
2.809000e-05	-6.555897e-03	-3.001229e+00
2.810000e-05	-8.732075e-03	-2.726793e+00
2.811000e-05	-7.191079e-03	-2.473232e+00
2.812000e-05	-7.020406e-03	-2.166947e+00
2.813000e-05	-6.910590e-03	-1.873687e+00
2.814000e-05	-9.908808e-03	-1.608928e+00
2.815000e-05	-1.035965e-02	-1.272134e+00
2.816000e-05	-9.367889e-03	-9.379197e-01
2.817000e-05	-8.400226e-03	-6.946904e-01
2.818000e-05	-7.788212e-03	-3.379536e-01
2.819000e-05	-7.353143e-03	-1.037618e-01
2.820000e-05	3.669568e-03	1.793736e-01
2.821000e-05	-1.090478e-03	4.821831e-01
2.822000e-05	-1.492136e-03	7.572407e-01
2.823000e-05	-2.439933e-03	9.375473e-01
2.824000e-05	-3.263670e-03	1.312739e+00
2.825000e-05	-1.310478e-03	1.609972e+00
2.826000e-05	2.037203e-03	1.895731e+00
2.827000e-05	2.408369e-02	2.083257e+00
2.828000e-05	9.587454e-02	2.379501e+00
2.829000e-05	-5.019850e-03	2.756819e+00
2.830000e-05	-6.880901e-02	3.044604e+00
2.831000e-05	-3.491217e-02	3.285842e+00
2.832000e-05	-2.781224e-02	3.610579e+00
2.833000e-05	-5.142021e-02	3.862209e+00
2.834000e-05	-5.851388e-02	4.040707e+00
2.835000e-05	1.157613e-01	4.317394e+00
2.836000e-05	-3.823462e-02	4.652658e+00
2.837000e-05	-1.265825e-02	4.894733e+00
2.838000e-05	1.265360e-01	5.192604e+00
2.839000e-05	-1.590045e-01	5.535291e+00
2.840000e-05	8.002642e-02	5.788971e+00
2.841000e-05	-6.189333e-02	6.085338e+00
2.842000e-05	4.115916e-02	6.295392e+00
2.843000e-05	1.414139e-02	6.581552e+00
2.844000e-05	-6.391048e-02	6.884263e+00
2.845000e-05	4.790941e-02	7.117869e+00
2.846000e-05	-6.944719e-02	7.442729e+00
2.847000e-05	5.160207e-02	7.704842e+00
2.848000e-05	-6.499477e-02	7.990653e+00
2.849000e-05	3.288525e-02	8.244261e+00
2.850000e-05	1.894793e-02	8.494765e+00
2.851000e-05	-3.257721e-02	8.723841e+00
2.852000e-05	2.248711e-02	8.947320e+00
2.853000e-05	-7.093153e-02	9.210608e+00
2.854000e-05	2.651321e-02	9.380632e+00
2.855000e-05	-1.539970e-02	9.652638e+00
2.856000e-05	2.566040e-02	9.894892e+00
2.857000e-05	-3.222436e-02	1.014637e+01
2.858000e-05	-5.285297e-03	1.032697e+01
2.859000e-05	1.219047e-04	1.056705e+01
2.860000e-05	-2.323496e-02	1.073900e+01
2.861000e-05	-6.018004e-03	1.094858e+01
2.862000e-05	-2.915443e-02	1.121158e+01
2.863000e-05	1.761710e-02	1.145065e+01
2.864000e-05	-1.318642e-02	1.161326e+01
2.865000e-05	-3.107594e-03	1.182019e+01
2.866000e-05	-3.714747e-02	1.203013e+01
2.867000e-05	-2.251802e-03	1.223119e+01
2.868000e-05	-5.402277e-03	1.236119e+01
2.869000e-05	-6.229032e-04	1.259810e+01
2.870000e-05	-2.056164e-02	1.276845e+01
2.871000e-05	-2.086096e-02	1.290647e+01
2.872000e-05	-7.446354e-03	1.305327e+01
2.873000e-05	-1.473420e-02	1.322333e+01
2.874000e-05	-1.445120e-02	1.342058e+01
2.875000e-05	-2.695494e-02	1.356648e+01
2.876000e-05	7.168673e-04	1.373443e+01
2.877000e-05	-9.761801e-03	1.383326e+01
2.878000e-05	-1.266544e-02	1.396860e+01
2.879000e-05	-3.502464e-02	1.413553e+01
2.880000e-05	-1.927687e-02	1.425334e+01
2.881000e-05	-1.162885e-02	1.437871e+01
2.882000e-05	-9.955930e-03	1.446502e+01
2.883000e-05	-2.079515e-02	1.458969e+01
2.884000e-05	-2.504073e-02	1.474687e+01
2.885000e-05	-1.103920e-02	1.480873e+01
2.886000e-05	-1.965232e-02	1.486444e+01
2.887000e-05	-2.147586e-02	1.498803e+01
2.888000e-05	-3.278493e-02	1.510231e+01
2.889000e-05	-1.765828e-02	1.514500e+01
2.890000e-05	-1.594956e-02	1.522974e+01
2.891000e-05	-2.281369e-02	1.524284e+01
2.892000e-05	-3.355997e-02	1.529805e+01
2.893000e-05	-3.362189e-02	1.535855e+01
2.894000e-05	-1.998052e-02	1.542023e+01
2.895000e-05	-2.301701e-02	1.549381e+01
2.896000e-05	-2.929989e-02	1.551492e+01
2.897000e-05	-3.707270e-02	1.554658e+01
2.898000e-05	-2.897483e-02	1.554758e+01
2.899000e-05	-3.055554e-02	1.558766e+01
2.900000e-05	-3.927642e-02	1.559168e+01
2.901000e-05	-4.581316e-02	1.558026e+01
2.902000e-05	-4.233196e-02	1.561184e+01
2.903000e-05	-3.487134e-02	1.562166e+01
2.904000e-05	-4.450798e-02	1.564181e+01
2.905000e-05	-5.644600e-02	1.556968e+01
2.906000e-05	-6.808729e-02	1.555861e+01
2.907000e-05	-6.531564e-02	1.551750e+01
2.908000e-05	-7.820192e-02	1.552550e+01
2.909000e-05	-9.803571e-02	1.547335e+01
2.910000e-05	-1.277599e-01	1.540981e+01
2.911000e-05	-1.617632e-01	1.536973e+01
2.912000e-05	-2.142535e-01	1.533555e+01
2.913000e-05	-2.486467e-01	1.525487e+01
2.914000e-05	-2.500000e-01	1.524071e+01
2.915000e-05	-2.500000e-01	1.516801e+01
2.916000e-05	-2.451879e-01	1.506284e+01
2.917000e-05	-1.889846e-01	1.501076e+01
2.918000e-05	-1.315506e-01	1.490437e+01
2.919000e-05	-9.594666e-02	1.478013e+01
2.920000e-05	-6.686119e-02	1.469489e+01
2.921000e-05	-4.760328e-02	1.460919e+01
2.922000e-05	-4.361097e-02	1.451502e+01
2.923000e-05	-4.019747e-02	1.443118e+01
2.924000e-05	-3.358451e-02	1.432384e+01
2.925000e-05	-2.498783e-02	1.416860e+01
2.926000e-05	-2.431956e-02	1.399816e+01
2.927000e-05	-2.790324e-02	1.385339e+01
2.928000e-05	-2.611617e-02	1.371450e+01
2.929000e-05	-1.903392e-02	1.356913e+01
2.930000e-05	-1.390345e-02	1.342168e+01
2.931000e-05	-2.003031e-02	1.330374e+01
2.932000e-05	-2.026930e-02	1.310545e+01
2.933000e-05	-1.880129e-02	1.294655e+01
2.934000e-05	-1.159422e-02	1.282166e+01
2.935000e-05	-1.694985e-02	1.264029e+01
2.936000e-05	-1.851032e-02	1.247179e+01
2.937000e-05	-1.744422e-02	1.230482e+01
2.938000e-05	-1.184319e-02	1.210592e+01
2.939000e-05	-1.115210e-02	1.189437e+01
2.940000e-05	-1.623284e-02	1.166389e+01
2.941000e-05	-1.626157e-02	1.147334e+01
2.942000e-05	-1.323036e-02	1.127332e+01
2.943000e-05	-8.133117e-03	1.104121e+01
2.944000e-05	-1.290204e-02	1.084424e+01
2.945000e-05	-1.499752e-02	1.065977e+01
2.946000e-05	-1.298499e-02	1.043171e+01
2.947000e-05	-9.414598e-03	1.021018e+01
2.948000e-05	-9.647830e-03	1.003953e+01
2.949000e-05	-1.378241e-02	9.765474e+00
2.950000e-05	-1.273959e-02	9.474894e+00
2.951000e-05	-9.369953e-03	9.284368e+00
2.952000e-05	-7.804662e-03	9.021789e+00
2.953000e-05	-1.174791e-02	8.791103e+00
2.954000e-05	-1.268028e-02	8.568079e+00
2.955000e-05	-1.069822e-02	8.337929e+00
2.956000e-05	-6.485306e-03	8.093344e+00
2.957000e-05	-9.151808e-03	7.840709e+00
2.958000e-05	-1.136421e-02	7.587025e+00
2.959000e-05	-1.058685e-02	7.303270e+00
2.960000e-05	-7.854459e-03	7.042183e+00
2.961000e-05	-6.782397e-03	6.797029e+00
2.962000e-05	-1.051013e-02	6.523814e+00
2.963000e-05	-1.039979e-02	6.261208e+00
2.964000e-05	-8.192226e-03	5.970554e+00
2.965000e-05	-6.328189e-03	5.694391e+00
2.966000e-05	-8.139479e-03	5.432782e+00
2.967000e-05	-1.132285e-02	5.117371e+00
2.968000e-05	-7.992709e-03	4.798609e+00
2.969000e-05	-5.961008e-03	4.515418e+00
2.970000e-05	-6.021743e-03	4.282312e+00
2.971000e-05	-8.551983e-03	3.925995e+00
2.972000e-05	-9.003318e-03	3.683313e+00
2.973000e-05	-5.727764e-03	3.401158e+00
2.974000e-05	-5.298897e-03	3.095394e+00
2.975000e-05	-7.193974e-03	2.882734e+00
2.976000e-05	-9.043850e-03	2.556892e+00
2.977000e-05	-6.521429e-03	2.281683e+00
2.978000e-05	-4.288105e-03	1.969552e+00
2.979000e-05	-7.274915e-03	1.703850e+00
2.980000e-05	-6.316491e-03	1.388080e+00
2.981000e-05	-8.931330e-03	1.093187e+00
2.982000e-05	-2.766858e-03	7.164685e-01
2.983000e-05	-3.619549e-03	4.532365e-01
2.984000e-05	-5.442646e-03	1.990762e-01
2.985000e-05	-3.147742e-03	-9.630941e-02
2.986000e-05	7.393438e-03	-3.498462e-01
2.987000e-05	3.003918e-04	-6.720828e-01
2.988000e-05	7.670632e-04	-9.342884e-01
2.989000e-05	-3.392213e-03	-1.200476e+00
2.990000e-05	3.130400e-03	-1.565762e+00
2.991000e-05	4.274016e-04	-1.777317e+00
2.992000e-05	2.486382e-02	-1.947448e+00
2.993000e-05	9.747402e-02	-2.225078e+00
2.994000e-05	4.048261e-02	-2.602499e+00
2.995000e-05	-7.865779e-02	-3.052650e+00
2.996000e-05	-6.592232e-03	-3.358370e+00
2.997000e-05	-4.380217e-02	-3.559374e+00
2.998000e-05	-5.155129e-02	-3.810550e+00
2.999000e-05	-2.599516e-02	-4.050629e+00
3.000000e-05	1.858418e-01	-4.199004e+00
3.001000e-05	-1.948399e-01	-4.486286e+00
3.002000e-05	1.795878e-01	-4.771587e+00
3.003000e-05	-6.662232e-02	-5.083761e+00
3.004000e-05	-3.636636e-02	-5.476689e+00
3.005000e-05	1.080617e-01	-5.724162e+00
3.006000e-05	-1.868148e-01	-5.980449e+00
3.007000e-05	2.015249e-01	-6.214234e+00
3.008000e-05	-1.061248e-01	-6.496841e+00
3.009000e-05	5.840054e-02	-6.861056e+00
3.010000e-05	1.920447e-02	-7.074238e+00
3.011000e-05	-9.481527e-02	-7.380026e+00
3.012000e-05	1.362007e-01	-7.620008e+00
3.013000e-05	-1.344582e-01	-7.917817e+00
3.014000e-05	1.450134e-01	-8.189525e+00
3.015000e-05	-6.860165e-02	-8.369029e+00
3.016000e-05	2.923718e-02	-8.667340e+00
3.017000e-05	4.188046e-02	-8.917794e+00
3.018000e-05	-9.668465e-02	-9.138950e+00
3.019000e-05	1.025091e-01	-9.371024e+00
3.020000e-05	-8.881586e-02	-9.650983e+00
3.021000e-05	1.333474e-01	-9.863237e+00
3.022000e-05	-7.569770e-02	-1.009419e+01
3.023000e-05	6.364747e-02	-1.030439e+01
3.024000e-05	-4.026436e-02	-1.054732e+01
3.025000e-05	1.463719e-02	-1.079800e+01
3.026000e-05	2.306189e-02	-1.096737e+01
3.027000e-05	-2.289829e-02	-1.117963e+01
3.028000e-05	5.561358e-02	-1.136005e+01
3.029000e-05	-3.373634e-02	-1.160076e+01
3.030000e-05	6.019133e-02	-1.182208e+01
3.031000e-05	-4.539338e-02	-1.201266e+01
3.032000e-05	4.257616e-02	-1.221098e+01
3.033000e-05	-2.079612e-02	-1.241906e+01
3.034000e-05	5.004904e-02	-1.259900e+01
3.035000e-05	-5.249630e-03	-1.273957e+01
3.036000e-05	1.445271e-02	-1.291695e+01
3.037000e-05	-5.336219e-03	-1.311479e+01
3.038000e-05	1.036321e-02	-1.328386e+01
3.039000e-05	1.513086e-02	-1.339913e+01
3.040000e-05	7.736094e-03	-1.357958e+01
3.041000e-05	2.393634e-02	-1.372599e+01
3.042000e-05	1.001045e-02	-1.387429e+01
3.043000e-05	2.312886e-02	-1.403063e+01
3.044000e-05	-5.544336e-03	-1.414748e+01
3.045000e-05	1.037053e-02	-1.431382e+01
3.046000e-05	2.687964e-03	-1.441214e+01
3.047000e-05	2.898385e-02	-1.453692e+01
3.048000e-05	1.344857e-02	-1.465171e+01
3.049000e-05	2.098442e-02	-1.474652e+01
3.050000e-05	6.401883e-03	-1.485068e+01
3.051000e-05	1.915620e-02	-1.493700e+01
3.052000e-05	1.254538e-02	-1.503318e+01
3.053000e-05	1.547675e-02	-1.510587e+01
3.054000e-05	1.425746e-02	-1.516010e+01
3.055000e-05	2.085925e-02	-1.528384e+01
3.056000e-05	2.302014e-02	-1.531645e+01
3.057000e-05	1.489170e-02	-1.541113e+01
3.058000e-05	1.409988e-02	-1.545179e+01
3.059000e-05	1.589242e-02	-1.549547e+01
3.060000e-05	2.790220e-02	-1.555655e+01
3.061000e-05	2.531176e-02	-1.563966e+01
3.062000e-05	2.487166e-02	-1.566126e+01
3.063000e-05	2.147498e-02	-1.563333e+01
3.064000e-05	2.596562e-02	-1.569494e+01
3.065000e-05	2.642402e-02	-1.570542e+01
3.066000e-05	2.770374e-02	-1.570495e+01
3.067000e-05	2.934519e-02	-1.572540e+01
3.068000e-05	3.754686e-02	-1.573490e+01
3.069000e-05	4.359199e-02	-1.572600e+01
3.070000e-05	4.339137e-02	-1.570390e+01
3.071000e-05	4.292600e-02	-1.567392e+01
3.072000e-05	5.020254e-02	-1.567387e+01
3.073000e-05	6.269981e-02	-1.565279e+01
3.074000e-05	7.726186e-02	-1.562071e+01
3.075000e-05	9.361978e-02	-1.558710e+01
3.076000e-05	1.197810e-01	-1.555898e+01
3.077000e-05	1.663136e-01	-1.548337e+01
3.078000e-05	2.249022e-01	-1.544071e+01
3.079000e-05	2.495830e-01	-1.535851e+01
3.080000e-05	2.500000e-01	-1.534537e+01
3.081000e-05	2.500000e-01	-1.517064e+01
3.082000e-05	2.397063e-01	-1.511590e+01
3.083000e-05	1.736688e-01	-1.506279e+01
3.084000e-05	1.109995e-01	-1.498755e+01
3.085000e-05	7.651593e-02	-1.488335e+01
3.086000e-05	5.749841e-02	-1.483003e+01
3.087000e-05	4.463611e-02	-1.471444e+01
3.088000e-05	3.269002e-02	-1.462008e+01
3.089000e-05	2.430818e-02	-1.447227e+01
3.090000e-05	2.179131e-02	-1.430653e+01
3.091000e-05	1.912230e-02	-1.424968e+01
3.092000e-05	1.533556e-02	-1.404392e+01
3.093000e-05	1.093159e-02	-1.397750e+01
3.094000e-05	1.186895e-02	-1.382058e+01
3.095000e-05	1.304948e-02	-1.364126e+01
3.096000e-05	1.118502e-02	-1.352482e+01
3.097000e-05	6.908981e-03	-1.336752e+01
3.098000e-05	4.252903e-03	-1.317008e+01
3.099000e-05	4.707218e-03	-1.304223e+01
3.100000e-05	6.747401e-03	-1.286589e+01
3.101000e-05	5.250158e-03	-1.270532e+01
3.102000e-05	4.259158e-03	-1.254599e+01
3.103000e-05	4.885413e-03	-1.238595e+01
3.104000e-05	5.064883e-03	-1.216895e+01
3.105000e-05	3.416894e-03	-1.195750e+01
3.106000e-05	-2.106327e-03	-1.175660e+01
3.107000e-05	4.995964e-04	-1.152649e+01
3.108000e-05	8.116083e-04	-1.129385e+01
3.109000e-05	5.050384e-03	-1.108227e+01
3.110000e-05	2.223906e-03	-1.087319e+01
3.111000e-05	-1.321462e-03	-1.070179e+01
3.112000e-05	1.704447e-03	-1.046274e+01
3.113000e-05	-7.534033e-04	-1.021971e+01
3.114000e-05	1.884484e-04	-9.982180e+00
3.115000e-05	-4.927255e-03	-9.778528e+00
3.116000e-05	-1.887316e-03	-9.578379e+00
3.117000e-05	-2.781094e-04	-9.337496e+00
3.118000e-05	-1.298821e-03	-9.104318e+00
3.119000e-05	-3.492109e-03	-8.913789e+00
3.120000e-05	-3.618727e-03	-8.610185e+00
3.121000e-05	-1.388777e-03	-8.367949e+00
3.122000e-05	-1.573753e-03	-8.126422e+00
3.123000e-05	-3.099333e-03	-7.891268e+00
3.124000e-05	-5.365161e-03	-7.529050e+00
3.125000e-05	-5.007342e-03	-7.325820e+00
3.126000e-05	-5.290838e-03	-7.083236e+00
3.127000e-05	-4.983674e-03	-6.780051e+00
3.128000e-05	-4.942542e-03	-6.535419e+00
3.129000e-05	-3.441118e-03	-6.262741e+00
3.130000e-05	-4.076945e-03	-5.977954e+00
3.131000e-05	-3.598696e-03	-5.755393e+00
3.132000e-05	-7.066754e-03	-5.472654e+00
3.133000e-05	-8.022655e-03	-5.155392e+00
3.134000e-05	-7.777229e-03	-4.809075e+00
3.135000e-05	-6.736386e-03	-4.535870e+00
3.136000e-05	-5.293725e-03	-4.314311e+00
3.137000e-05	-7.071122e-03	-4.031606e+00
3.138000e-05	-5.868421e-03	-3.715346e+00
3.139000e-05	-7.380827e-03	-3.463160e+00
3.140000e-05	-7.378909e-03	-3.199025e+00
3.141000e-05	-9.234189e-03	-2.842684e+00
3.142000e-05	-7.821541e-03	-2.609924e+00
3.143000e-05	-6.886076e-03	-2.316215e+00
3.144000e-05	-7.872300e-03	-1.991055e+00
3.145000e-05	-8.334513e-03	-1.715767e+00
3.146000e-05	-8.958142e-03	-1.432180e+00
3.147000e-05	-9.092058e-03	-1.075261e+00
3.148000e-05	-9.406983e-03	-8.210799e-01
3.149000e-05	-8.373359e-03	-5.031880e-01
3.150000e-05	-7.982062e-03	-2.511316e-01
3.151000e-05	-2.135288e-03	3.167527e-02
3.152000e-05	7.275418e-03	3.483649e-01
3.153000e-05	-6.135557e-03	6.204764e-01
3.154000e-05	2.353150e-03	8.315278e-01
3.155000e-05	-7.361027e-03	1.189874e+00
3.156000e-05	8.126213e-04	1.421175e+00
3.157000e-05	-5.227532e-03	1.790470e+00
3.158000e-05	1.554558e-02	2.000525e+00
3.159000e-05	5.490283e-02	2.262128e+00
3.160000e-05	8.375850e-02	2.559970e+00
3.161000e-05	-8.347684e-02	2.913337e+00
3.162000e-05	-3.235648e-02	3.180020e+00
3.163000e-05	-4.514781e-02	3.516291e+00
3.164000e-05	-1.459317e-02	3.757941e+00
3.165000e-05	-8.276326e-02	3.947370e+00
3.166000e-05	2.897489e-02	4.200521e+00
3.167000e-05	1.045386e-01	4.516288e+00
3.168000e-05	-1.397328e-01	4.798447e+00
3.169000e-05	1.750188e-01	5.010212e+00
3.170000e-05	-9.811479e-02	5.391004e+00
3.171000e-05	-2.082694e-02	5.621107e+00
3.172000e-05	2.952520e-02	5.957901e+00
3.173000e-05	-5.001479e-02	6.189050e+00
3.174000e-05	8.338160e-02	6.472133e+00
3.175000e-05	-7.796045e-02	6.759451e+00
3.176000e-05	2.948918e-02	7.010605e+00
3.177000e-05	-3.094767e-02	7.284838e+00
3.178000e-05	-2.914731e-03	7.569075e+00
3.179000e-05	2.055132e-03	7.851683e+00
3.180000e-05	-4.186101e-02	8.127080e+00
3.181000e-05	5.793406e-02	8.357474e+00
3.182000e-05	-3.162142e-02	8.580558e+00
3.183000e-05	7.603717e-03	8.800134e+00
3.184000e-05	-2.526866e-02	9.086338e+00
3.185000e-05	-3.797675e-02	9.357892e+00
3.186000e-05	3.023634e-02	9.518470e+00
3.187000e-05	-1.413065e-02	9.788480e+00
3.188000e-05	1.420002e-02	9.980656e+00
3.189000e-05	-4.199876e-02	1.020128e+01
3.190000e-05	1.602568e-02	1.046181e+01
3.191000e-05	-1.901634e-02	1.068379e+01
3.192000e-05	-1.198614e-02	1.088332e+01
3.193000e-05	-1.702899e-02	1.106432e+01
3.194000e-05	-1.172480e-02	1.131694e+01
3.195000e-05	1.469749e-02	1.150755e+01
3.196000e-05	-1.965629e-02	1.170647e+01
3.197000e-05	-1.484488e-02	1.193745e+01
3.198000e-05	-2.936285e-02	1.214450e+01
3.199000e-05	3.277569e-03	1.233597e+01
3.200000e-05	-3.298332e-03	1.253539e+01
3.201000e-05	-1.031219e-02	1.268234e+01
3.202000e-05	-2.027120e-02	1.283086e+01
3.203000e-05	-1.585860e-02	1.298913e+01
3.204000e-05	-4.372721e-03	1.311758e+01
3.205000e-05	-2.009008e-02	1.330735e+01
3.206000e-05	-2.112139e-02	1.350432e+01
3.207000e-05	-1.500915e-02	1.363163e+01
3.208000e-05	-8.741249e-04	1.376853e+01
3.209000e-05	-8.655170e-03	1.391445e+01
3.210000e-05	-2.659400e-02	1.406227e+01
3.211000e-05	-2.487072e-02	1.416973e+01
3.212000e-05	-1.696992e-02	1.436750e+01
3.213000e-05	-6.429759e-03	1.445276e+01
3.214000e-05	-2.121211e-02	1.454906e+01
3.215000e-05	-2.346228e-02	1.468482e+01
3.216000e-05	-1.988611e-02	1.478808e+01
3.217000e-05	-1.310149e-02	1.485281e+01
3.218000e-05	-1.951947e-02	1.494753e+01
3.219000e-05	-3.006045e-02	1.501018e+01
3.220000e-05	-2.212159e-02	1.510487e+01
3.221000e-05	-1.678174e-02	1.520903e+01
3.222000e-05	-1.501757e-02	1.524229e+01
3.223000e-05	-3.313486e-02	1.530487e+01
3.224000e-05	-3.326743e-02	1.530510e+01
3.225000e-05	-2.887244e-02	1.541921e+01
3.226000e-05	-1.903584e-02	1.545224e+01
3.227000e-05	-2.677978e-02	1.552440e+01
3.228000e-05	-3.448612e-02	1.552848e+01
3.229000e-05	-3.062080e-02	1.555808e+01
3.230000e-05	-2.916254e-02	1.558860e+01
3.231000e-05	-3.249691e-02	1.556924e+01
3.232000e-05	-4.739357e-02	1.559063e+01
3.233000e-05	-4.343344e-02	1.559066e+01
3.234000e-05	-4.029241e-02	1.560168e+01
3.235000e-05	-3.812762e-02	1.560966e+01
3.236000e-05	-5.213874e-02	1.558061e+01
3.237000e-05	-6.285345e-02	1.559068e+01
3.238000e-05	-6.486390e-02	1.555808e+01
3.239000e-05	-6.995449e-02	1.554593e+01
3.240000e-05	-8.633020e-02	1.549539e+01
3.241000e-05	-1.157198e-01	1.547182e+01
3.242000e-05	-1.424275e-01	1.539916e+01
3.243000e-05	-1.900785e-01	1.534711e+01
3.244000e-05	-2.402948e-01	1.532595e+01
3.245000e-05	-2.500000e-01	1.524186e+01
3.246000e-05	-2.500000e-01	1.518816e+01
3.247000e-05	-2.499992e-01	1.514487e+01
3.248000e-05	-2.216694e-01	1.507331e+01
3.249000e-05	-1.541807e-01	1.497608e+01
3.250000e-05	-1.125572e-01	1.482229e+01
3.251000e-05	-7.948181e-02	1.478910e+01
3.252000e-05	-5.577888e-02	1.464274e+01
3.253000e-05	-4.555798e-02	1.456801e+01
3.254000e-05	-4.236416e-02	1.448229e+01
3.255000e-05	-3.827998e-02	1.434747e+01
3.256000e-05	-2.618103e-02	1.421229e+01
3.257000e-05	-2.523152e-02	1.405435e+01
3.258000e-05	-2.423417e-02	1.391752e+01
3.259000e-05	-2.881864e-02	1.376021e+01
3.260000e-05	-2.031246e-02	1.365134e+01
3.261000e-05	-1.757259e-02	1.350485e+01
3.262000e-05	-1.641055e-02	1.335810e+01
3.263000e-05	-2.298955e-02	1.320904e+01
3.264000e-05	-1.972365e-02	1.303176e+01
3.265000e-05	-1.485088e-02	1.288332e+01
3.266000e-05	-1.280461e-02	1.271437e+01
3.267000e-05	-1.710557e-02	1.254702e+01
3.268000e-05	-1.906990e-02	1.236796e+01
3.269000e-05	-1.309274e-02	1.214703e+01
3.270000e-05	-1.200392e-02	1.198965e+01
3.271000e-05	-1.396012e-02	1.175921e+01
3.272000e-05	-1.933904e-02	1.154998e+01
3.273000e-05	-1.388455e-02	1.138708e+01
3.274000e-05	-1.001979e-02	1.116758e+01
3.275000e-05	-1.012137e-02	1.092755e+01
3.276000e-05	-1.425144e-02	1.074796e+01
3.277000e-05	-1.421151e-02	1.053600e+01
3.278000e-05	-1.032694e-02	1.029390e+01
3.279000e-05	-9.931019e-03	1.010584e+01
3.280000e-05	-1.250492e-02	9.842221e+00
3.281000e-05	-1.402697e-02	9.639206e+00
3.282000e-05	-1.085052e-02	9.399608e+00
3.283000e-05	-7.203019e-03	9.169976e+00
3.284000e-05	-9.974645e-03	8.945948e+00
3.285000e-05	-1.318714e-02	8.674344e+00
3.286000e-05	-1.185625e-02	8.501714e+00
3.287000e-05	-7.480222e-03	8.219634e+00
3.288000e-05	-7.623733e-03	7.956125e+00
3.289000e-05	-1.053421e-02	7.715368e+00
3.290000e-05	-1.150280e-02	7.400683e+00
3.291000e-05	-9.250782e-03	7.156471e+00
3.292000e-05	-7.464731e-03	6.945840e+00
3.293000e-05	-9.963610e-03	6.651183e+00
3.294000e-05	-1.143137e-02	6.387424e+00
3.295000e-05	-8.857005e-03	6.125843e+00
3.296000e-05	-5.415823e-03	5.830212e+00
3.297000e-05	-6.252629e-03	5.558450e+00
3.298000e-05	-9.484881e-03	5.294841e+00
3.299000e-05	-1.049572e-02	4.935518e+00
3.300000e-05	-6.242492e-03	4.653187e+00
3.301000e-05	-6.760876e-03	4.409504e+00
3.302000e-05	-8.258675e-03	4.114316e+00
3.303000e-05	-9.580611e-03	3.809078e+00
3.304000e-05	-6.442961e-03	3.568375e+00
3.305000e-05	-4.449532e-03	3.271705e+00
3.306000e-05	-6.444137e-03	3.008525e+00
3.307000e-05	-9.342604e-03	2.713818e+00
3.308000e-05	-8.185718e-03	2.447521e+00
3.309000e-05	-5.883500e-03	2.094340e+00
3.310000e-05	-4.903330e-03	1.814663e+00
3.311000e-05	-7.477488e-03	1.536343e+00
3.312000e-05	-7.987688e-03	1.221184e+00
3.313000e-05	-5.679705e-03	9.038155e-01
3.314000e-05	-3.915588e-03	5.990788e-01
3.315000e-05	-4.983941e-03	3.573984e-01
3.316000e-05	-5.311142e-03	1.208007e-02
3.317000e-05	9.446682e-04	-2.436303e-01
3.318000e-05	1.040555e-02	-5.157906e-01
3.319000e-05	-3.538313e-03	-8.120777e-01
3.320000e-05	2.190107e-03	-1.065104e+00
3.321000e-05	-4.385634e-03	-1.357821e+00
3.322000e-05	2.752228e-03	-1.622528e+00
3.323000e-05	6.091930e-03	-1.916233e+00
3.324000e-05	4.919364e-02	-2.116789e+00
3.325000e-05	1.232221e-01	-2.422082e+00
3.326000e-05	-7.417652e-02	-2.832102e+00
3.327000e-05	-1.333932e-02	-3.231656e+00
3.328000e-05	-4.643972e-02	-3.475258e+00
3.329000e-05	-2.022045e-02	-3.712238e+00
3.330000e-05	-1.075136e-01	-3.989919e+00
3.331000e-05	1.617719e-01	-4.115787e+00
3.332000e-05	-4.964417e-02	-4.338369e+00
3.333000e-05	-1.322338e-02	-4.665187e+00
3.334000e-05	1.761924e-01	-4.926765e+00
3.335000e-05	-2.036776e-01	-5.296741e+00
3.336000e-05	1.778969e-01	-5.589527e+00
3.337000e-05	-1.410231e-01	-5.842999e+00
3.338000e-05	5.154437e-02	-6.138896e+00
3.339000e-05	9.190862e-02	-6.398449e+00
3.340000e-05	-1.145064e-01	-6.686788e+00
3.341000e-05	1.525458e-01	-6.917895e+00
3.342000e-05	-1.533118e-01	-7.242136e+00
3.343000e-05	1.023116e-01	-7.505820e+00
3.344000e-05	-3.598684e-02	-7.748450e+00
3.345000e-05	-3.590266e-03	-8.074287e+00
3.346000e-05	1.016153e-01	-8.293764e+00
3.347000e-05	-1.162753e-01	-8.568999e+00
3.348000e-05	1.416288e-01	-8.792654e+00
3.349000e-05	-1.284455e-01	-9.032711e+00
3.350000e-05	7.389397e-02	-9.314816e+00
3.351000e-05	-3.276745e-02	-9.506286e+00
3.352000e-05	4.011309e-02	-9.758900e+00
3.353000e-05	4.806869e-02	-9.947473e+00
3.354000e-05	-4.832554e-02	-1.021310e+01
3.355000e-05	6.588192e-02	-1.044113e+01
3.356000e-05	-8.079148e-02	-1.068364e+01
3.357000e-05	8.624553e-02	-1.086321e+01
3.358000e-05	-6.025642e-02	-1.103376e+01
3.359000e-05	6.984208e-02	-1.129482e+01
3.360000e-05	-2.630999e-02	-1.149434e+01
3.361000e-05	4.104394e-02	-1.170548e+01
3.362000e-05	-7.824130e-03	-1.184787e+01
3.363000e-05	7.726020e-04	-1.217692e+01
3.364000e-05	1.217282e-02	-1.230487e+01
3.365000e-05	5.429970e-03	-1.249734e+01
3.366000e-05	3.963968e-02	-1.267376e+01
3.367000e-05	-1.280073e-02	-1.286321e+01
3.368000e-05	2.302138e-02	-1.304013e+01
3.369000e-05	-1.530875e-02	-1.317853e+01
3.370000e-05	3.138756e-02	-1.332698e+01
3.371000e-05	-5.419134e-03	-1.346274e+01
3.372000e-05	2.892570e-02	-1.364071e+01
3.373000e-05	3.952755e-03	-1.378005e+01
3.374000e-05	2.746037e-02	-1.397795e+01
3.375000e-05	1.162730e-03	-1.405482e+01
3.376000e-05	8.344281e-03	-1.422218e+01
3.377000e-05	7.940197e-04	-1.434793e+01
3.378000e-05	2.061412e-02	-1.446277e+01
3.379000e-05	2.054581e-02	-1.461105e+01
3.380000e-05	1.734964e-02	-1.474639e+01
3.381000e-05	1.277191e-02	-1.480106e+01
3.382000e-05	8.990716e-03	-1.490592e+01
3.383000e-05	1.969145e-02	-1.497901e+01
3.384000e-05	1.115283e-02	-1.509476e+01
3.385000e-05	1.907536e-02	-1.516647e+01
3.386000e-05	1.289792e-02	-1.524124e+01
3.387000e-05	2.588835e-02	-1.528592e+01
3.388000e-05	1.504946e-02	-1.534015e+01
3.389000e-05	1.806623e-02	-1.542118e+01
3.390000e-05	1.155596e-02	-1.547392e+01
3.391000e-05	2.413675e-02	-1.556853e+01
3.392000e-05	2.649941e-02	-1.555056e+01
3.393000e-05	2.610000e-02	-1.562971e+01
3.394000e-05	2.234313e-02	-1.565336e+01
3.395000e-05	2.278715e-02	-1.569317e+01
3.396000e-05	2.823531e-02	-1.569637e+01
3.397000e-05	2.768016e-02	-1.574695e+01
3.398000e-05	2.955286e-02	-1.571600e+01
3.399000e-05	3.241173e-02	-1.573655e+01
3.400000e-05	4.131872e-02	-1.568545e+01
3.401000e-05	4.372638e-02	-1.570494e+01
3.402000e-05	4.224323e-02	-1.570439e+01
3.403000e-05	4.631251e-02	-1.571334e+01
3.404000e-05	5.617563e-02	-1.563181e+01
3.405000e-05	7.068306e-02	-1.565127e+01
3.406000e-05	8.566807e-02	-1.560863e+01
3.407000e-05	1.056822e-01	-1.555753e+01
3.408000e-05	1.422077e-01	-1.554445e+01
3.409000e-05	1.981619e-01	-1.547321e+01
3.410000e-05	2.450651e-01	-1.539066e+01
3.411000e-05	2.500000e-01	-1.533700e+01
3.412000e-05	2.500000e-01	-1.526332e+01
3.413000e-05	2.486975e-01	-1.519013e+01
3.414000e-05	2.086618e-01	-1.510289e+01
3.415000e-05	1.360460e-01	-1.497023e+01
3.416000e-05	8.932653e-02	-1.492442e+01
3.417000e-05	6.496933e-02	-1.481214e+01
3.418000e-05	5.094920e-02	-1.476850e+01
3.419000e-05	3.756791e-02	-1.463121e+01
3.420000e-05	2.786684e-02	-1.452827e+01
3.421000e-05	2.304145e-02	-1.438008e+01
3.422000e-05	2.094617e-02	-1.427382e+01
3.423000e-05	1.719775e-02	-1.413651e+01
3.424000e-05	1.251541e-02	-1.403066e+01
3.425000e-05	1.144930e-02	-1.386129e+01
3.426000e-05	1.253327e-02	-1.372592e+01
3.427000e-05	1.254413e-02	-1.352903e+01
3.428000e-05	8.754256e-03	-1.344206e+01
3.429000e-05	5.883233e-03	-1.325229e+01
3.430000e-05	6.072936e-03	-1.311237e+01
3.431000e-05	7.248118e-03	-1.291755e+01
3.432000e-05	6.504557e-03	-1.275800e+01
3.433000e-05	4.181436e-03	-1.261013e+01
3.434000e-05	4.207413e-03	-1.244224e+01
3.435000e-05	3.745112e-03	-1.224166e+01
3.436000e-05	3.629429e-03	-1.206274e+01
3.437000e-05	1.475670e-03	-1.184276e+01
3.438000e-05	-5.088753e-04	-1.166119e+01
3.439000e-05	1.973529e-03	-1.138006e+01
3.440000e-05	3.861385e-03	-1.119913e+01
3.441000e-05	2.790602e-03	-1.097855e+01
3.442000e-05	5.145606e-04	-1.079005e+01
3.443000e-05	-3.828287e-04	-1.055910e+01
3.444000e-05	-6.744598e-04	-1.034640e+01
3.445000e-05	-7.747962e-04	-1.012444e+01
3.446000e-05	-2.867077e-03	-9.884789e+00
3.447000e-05	-1.726120e-03	-9.682366e+00
3.448000e-05	-5.104302e-04	-9.451606e+00
3.449000e-05	3.823218e-04	-9.181708e+00
3.450000e-05	-2.118754e-03	-8.949496e+00
3.451000e-05	-3.599478e-03	-8.788098e+00
3.452000e-05	-3.577410e-03	-8.474342e+00
3.453000e-05	-2.667635e-03	-8.242133e+00
3.454000e-05	-2.513224e-03	-7.990629e+00
3.455000e-05	-4.834818e-03	-7.714923e+00
3.456000e-05	-4.592842e-03	-7.461135e+00
3.457000e-05	-4.356953e-03	-7.150032e+00
3.458000e-05	-3.563050e-03	-6.925290e+00
3.459000e-05	-6.087735e-03	-6.672209e+00
3.460000e-05	-5.376844e-03	-6.411073e+00
3.461000e-05	-5.554024e-03	-6.144820e+00
3.462000e-05	-3.856614e-03	-5.823162e+00
3.463000e-05	-5.756219e-03	-5.598978e+00
3.464000e-05	-7.649084e-03	-5.264139e+00
3.465000e-05	-7.225680e-03	-4.949424e+00
3.466000e-05	-5.659754e-03	-4.621653e+00
3.467000e-05	-5.255344e-03	-4.349979e+00
3.468000e-05	-6.407825e-03	-4.137392e+00
3.469000e-05	-8.086439e-03	-3.892165e+00
3.470000e-05	-6.038334e-03	-3.557951e+00
3.471000e-05	-8.968753e-03	-3.334792e+00
3.472000e-05	-8.263255e-03	-3.019530e+00
3.473000e-05	-9.786053e-03	-2.704791e+00
3.474000e-05	-6.509447e-03	-2.451132e+00
3.475000e-05	-6.427143e-03	-2.105419e+00
3.476000e-05	-6.504722e-03	-1.852679e+00
3.477000e-05	-9.771072e-03	-1.580000e+00
3.478000e-05	-9.236725e-03	-1.221208e+00
3.479000e-05	-8.933896e-03	-9.368959e-01
3.480000e-05	-8.472501e-03	-6.621342e-01
3.481000e-05	-8.549154e-03	-3.673696e-01
3.482000e-05	-6.343022e-03	-7.326309e-02
3.483000e-05	5.812451e-03	2.129478e-01
3.484000e-05	-1.224326e-03	4.547331e-01
3.485000e-05	-2.698204e-04	7.163433e-01
3.486000e-05	-4.291954e-03	1.030950e+00
3.487000e-05	-2.899373e-03	1.277285e+00
3.488000e-05	-1.946795e-03	1.630904e+00
3.489000e-05	5.265438e-03	1.894785e+00
3.490000e-05	2.679166e-02	2.134811e+00
3.491000e-05	1.006392e-01	2.390049e+00
3.492000e-05	-1.995898e-02	2.767995e+00
3.493000e-05	-6.339366e-02	3.052658e+00
3.494000e-05	-3.691613e-02	3.335920e+00
3.495000e-05	-2.427135e-02	3.642184e+00
3.496000e-05	-5.672122e-02	3.864686e+00
3.497000e-05	-4.954434e-02	4.051787e+00
3.498000e-05	1.247510e-01	4.338926e+00
3.499000e-05	-6.279944e-02	4.685237e+00
3.500000e-05	1.782369e-02	4.903238e+00
3.501000e-05	1.004106e-01	5.263187e+00
3.502000e-05	-1.507520e-01	5.507494e+00
3.503000e-05	8.439513e-02	5.792077e+00
3.504000e-05	-6.945696e-02	6.075238e+00
3.505000e-05	5.354977e-02	6.307466e+00
3.506000e-05	-1.858139e-03	6.612582e+00
3.507000e-05	-5.342119e-02	6.913815e+00
3.508000e-05	4.154039e-02	7.170099e+00
3.509000e-05	-6.607586e-02	7.443209e+00
3.510000e-05	5.296216e-02	7.705419e+00
3.511000e-05	-6.973435e-02	7.982132e+00
3.512000e-05	4.147650e-02	8.285241e+00
3.513000e-05	1.010833e-02	8.533316e+00
3.514000e-05	-2.924717e-02	8.727023e+00
3.515000e-05	1.928691e-02	8.969969e+00
3.516000e-05	-7.309290e-02	9.190554e+00
3.517000e-05	3.314042e-02	9.450682e+00
3.518000e-05	-1.909112e-02	9.685814e+00
3.519000e-05	2.909320e-02	9.956318e+00
3.520000e-05	-3.797339e-02	1.014847e+01
3.521000e-05	-4.245778e-04	1.032797e+01
3.522000e-05	-3.224109e-03	1.055858e+01
3.523000e-05	-2.243219e-02	1.075958e+01
3.524000e-05	-6.258415e-03	1.097905e+01
3.525000e-05	-2.921253e-02	1.119061e+01
3.526000e-05	2.065489e-02	1.140971e+01
3.527000e-05	-1.645455e-02	1.167229e+01
3.528000e-05	-1.655010e-03	1.183279e+01
3.529000e-05	-3.869351e-02	1.201371e+01
3.530000e-05	1.394538e-03	1.226228e+01
3.531000e-05	-6.995908e-03	1.246123e+01
3.532000e-05	-8.757325e-04	1.256966e+01
3.533000e-05	-2.189169e-02	1.278695e+01
3.534000e-05	-2.002311e-02	1.293739e+01
3.535000e-05	-5.329534e-03	1.308489e+01
3.536000e-05	-1.545526e-02	1.324324e+01
3.537000e-05	-1.447661e-02	1.338010e+01
3.538000e-05	-2.651156e-02	1.358645e+01
3.539000e-05	1.643771e-03	1.366349e+01
3.540000e-05	-9.656476e-03	1.387183e+01
3.541000e-05	-1.601252e-02	1.396866e+01
3.542000e-05	-3.378284e-02	1.411748e+01
3.543000e-05	-1.967997e-02	1.429337e+01
3.544000e-05	-8.236894e-03	1.442116e+01
3.545000e-05	-1.031225e-02	1.450745e+01
3.546000e-05	-2.062514e-02	1.460071e+01
3.547000e-05	-2.251114e-02	1.476695e+01
3.548000e-05	-1.043019e-02	1.481918e+01
3.549000e-05	-2.173101e-02	1.487485e+01
3.550000e-05	-2.529147e-02	1.498868e+01
3.551000e-05	-3.359754e-02	1.510279e+01
3.552000e-05	-1.458631e-02	1.513645e+01
3.553000e-05	-1.429977e-02	1.520071e+01
3.554000e-05	-2.049740e-02	1.525287e+01
3.555000e-05	-3.191935e-02	1.533693e+01
3.556000e-05	-3.230242e-02	1.538963e+01
3.557000e-05	-2.078260e-02	1.542284e+01
3.558000e-05	-2.707112e-02	1.546284e+01
3.559000e-05	-3.115118e-02	1.552645e+01
3.560000e-05	-3.640341e-02	1.556748e+01
3.561000e-05	-2.605296e-02	1.558813e+01
3.562000e-05	-2.925495e-02	1.555918e+01
3.563000e-05	-3.908503e-02	1.561071e+01
3.564000e-05	-4.552206e-02	1.561024e+01
3.565000e-05	-4.357308e-02	1.564124e+01
3.566000e-05	-3.648319e-02	1.559174e+01
3.567000e-05	-4.753152e-02	1.557116e+01
3.568000e-05	-5.793092e-02	1.558978e+01
3.569000e-05	-6.644548e-02	1.553808e+01
3.570000e-05	-6.460215e-02	1.553745e+01
3.571000e-05	-7.796266e-02	1.552545e+01
3.572000e-05	-1.000904e-01	1.546331e+01
3.573000e-05	-1.302911e-01	1.544084e+01
3.574000e-05	-1.657657e-01	1.539858e+01
3.575000e-05	-2.191973e-01	1.532593e+01
3.576000e-05	-2.491617e-01	1.527389e+01
3.577000e-05	-2.500000e-01	1.520921e+01
3.578000e-05	-2.500000e-01	1.517705e+01
3.579000e-05	-2.426008e-01	1.509284e+01
3.580000e-05	-1.844792e-01	1.496918e+01
3.581000e-05	-1.288950e-01	1.490542e+01
3.582000e-05	-9.399779e-02	1.483819e+01
3.583000e-05	-6.648113e-02	1.471437e+01
3.584000e-05	-4.782757e-02	1.461073e+01
3.585000e-05	-4.396536e-02	1.448542e+01
3.586000e-05	-3.835794e-02	1.437908e+01
3.587000e-05	-3.234813e-02	1.426289e+01
3.588000e-05	-2.318876e-02	1.414600e+01
3.589000e-05	-2.495815e-02	1.399919e+01
3.590000e-05	-2.890748e-02	1.383129e+01
3.591000e-05	-2.572503e-02	1.371505e+01
3.592000e-05	-1.916604e-02	1.355903e+01
3.593000e-05	-1.554103e-02	1.343924e+01
3.594000e-05	-2.006310e-02	1.323437e+01
3.595000e-05	-1.939384e-02	1.310589e+01
3.596000e-05	-1.735079e-02	1.293695e+01
3.597000e-05	-1.218002e-02	1.277863e+01
3.598000e-05	-1.690667e-02	1.260966e+01
3.599000e-05	-1.920787e-02	1.243336e+01
3.600000e-05	-1.686783e-02	1.226282e+01
3.601000e-05	-1.145439e-02	1.210289e+01
3.602000e-05	-1.176411e-02	1.186340e+01
3.603000e-05	-1.690529e-02	1.169484e+01
3.604000e-05	-1.516647e-02	1.147124e+01
3.605000e-05	-1.232306e-02	1.127082e+01
3.606000e-05	-7.937657e-03	1.105074e+01
3.607000e-05	-1.311919e-02	1.086221e+01
3.608000e-05	-1.355287e-02	1.062378e+01
3.609000e-05	-1.264506e-02	1.043021e+01
3.610000e-05	-8.853853e-03	1.022913e+01
3.611000e-05	-1.111772e-02	9.947507e+00
3.612000e-05	-1.359222e-02	9.737421e+00
3.613000e-05	-1.190650e-02	9.544366e+00
3.614000e-05	-9.322436e-03	9.304313e+00
3.615000e-05	-7.639676e-03	9.061659e+00
3.616000e-05	-1.219903e-02	8.799578e+00
3.617000e-05	-1.217580e-02	8.587550e+00
3.618000e-05	-9.058935e-03	8.325375e+00
3.619000e-05	-6.727792e-03	8.091766e+00
3.620000e-05	-9.419364e-03	7.829158e+00
3.621000e-05	-1.097188e-02	7.546472e+00
3.622000e-05	-9.612376e-03	7.252892e+00
3.623000e-05	-7.098459e-03	7.010105e+00
3.624000e-05	-7.723600e-03	6.747551e+00
3.625000e-05	-1.105457e-02	6.484265e+00
3.626000e-05	-9.887990e-03	6.209680e+00
3.627000e-05	-7.553994e-03	5.967479e+00
3.628000e-05	-6.349224e-03	5.667812e+00
3.629000e-05	-8.606065e-03	5.390680e+00
3.630000e-05	-1.041899e-02	5.091337e+00
3.631000e-05	-8.068277e-03	4.777526e+00
3.632000e-05	-6.507012e-03	4.494441e+00
3.633000e-05	-6.710297e-03	4.220191e+00
3.634000e-05	-9.582105e-03	3.907521e+00
3.635000e-05	-8.189302e-03	3.692288e+00
3.636000e-05	-6.118975e-03	3.449532e+00
3.637000e-05	-5.958621e-03	3.084867e+00
3.638000e-05	-7.861261e-03	2.832608e+00
3.639000e-05	-8.394394e-03	2.525466e+00
3.640000e-05	-6.299116e-03	2.230657e+00
3.641000e-05	-5.748945e-03	1.978925e+00
3.642000e-05	-6.015391e-03	1.686785e+00
3.643000e-05	-8.430679e-03	1.367049e+00
3.644000e-05	-6.975303e-03	1.022209e+00
3.645000e-05	-5.440841e-03	7.178945e-01
3.646000e-05	-4.935276e-03	4.616855e-01
3.647000e-05	-5.923158e-03	1.579973e-01
3.648000e-05	-4.550254e-03	-1.382634e-01
3.649000e-05	1.049543e-02	-3.793715e-01
3.650000e-05	-1.065800e-03	-6.961665e-01
3.651000e-05	3.358123e-03	-9.468436e-01
3.652000e-05	-4.578706e-03	-1.221948e+00
3.653000e-05	2.173718e-03	-1.538817e+00
3.654000e-05	-1.206270e-03	-1.789890e+00
3.655000e-05	2.559361e-02	-1.989426e+00
3.656000e-05	1.054212e-01	-2.275113e+00
3.657000e-05	2.251772e-02	-2.622527e+00
3.658000e-05	-6.935369e-02	-3.135635e+00
3.659000e-05	-9.769150e-03	-3.359473e+00
3.660000e-05	-4.010505e-02	-3.577922e+00
3.661000e-05	-6.193864e-02	-3.871605e+00
3.662000e-05	-2.130081e-03	-4.041609e+00
3.663000e-05	1.677174e-01	-4.223077e+00
3.664000e-05	-1.946661e-01	-4.527844e+00
3.665000e-05	1.954146e-01	-4.851979e+00
3.666000e-05	-9.924360e-02	-5.064289e+00
3.667000e-05	2.185917e-04	-5.484792e+00
3.668000e-05	7.543926e-02	-5.684836e+00
3.669000e-05	-1.692552e-01	-6.010979e+00
3.670000e-05	2.068870e-01	-6.274161e+00
3.671000e-05	-1.230158e-01	-6.507366e+00
3.672000e-05	8.509227e-02	-6.822128e+00
3.673000e-05	-1.042670e-02	-7.096711e+00
3.674000e-05	-7.200366e-02	-7.390449e+00
3.675000e-05	1.230888e-01	-7.680657e+00
3.676000e-05	-1.334783e-01	-7.937399e+00
3.677000e-05	1.559724e-01	-8.209475e+00
3.678000e-05	-9.089493e-02	-8.409123e+00
3.679000e-05	5.732485e-02	-8.717267e+00
3.680000e-05	1.610585e-02	-8.957896e+00
3.681000e-05	-7.501483e-02	-9.169527e+00
3.682000e-05	9.161959e-02	-9.408430e+00
3.683000e-05	-8.156219e-02	-9.662161e+00
3.684000e-05	1.358052e-01	-9.872682e+00
3.685000e-05	-8.588256e-02	-1.010422e+01
3.686000e-05	7.592922e-02	-1.032689e+01
3.687000e-05	-5.642965e-02	-1.054795e+01
3.688000e-05	3.260252e-02	-1.078055e+01
3.689000e-05	8.009442e-03	-1.096837e+01
3.690000e-05	-8.422865e-03	-1.117898e+01
3.691000e-05	4.795793e-02	-1.137903e+01
3.692000e-05	-2.531860e-02	-1.164374e+01
3.693000e-05	5.457864e-02	-1.184211e+01
3.694000e-05	-4.546912e-02	-1.206366e+01
3.695000e-05	4.166856e-02	-1.221266e+01
3.696000e-05	-2.232472e-02	-1.245111e+01
3.697000e-05	5.353426e-02	-1.258908e+01
3.698000e-05	-9.113266e-03	-1.275898e+01
3.699000e-05	1.950609e-02	-1.296795e+01
3.700000e-05	-7.541006e-03	-1.311579e+01
3.701000e-05	1.564916e-02	-1.326381e+01
3.702000e-05	1.110647e-02	-1.340213e+01
3.703000e-05	9.283053e-03	-1.359853e+01
3.704000e-05	1.962797e-02	-1.372847e+01
3.705000e-05	1.122119e-02	-1.389479e+01
3.706000e-05	2.053799e-02	-1.404118e+01
3.707000e-05	-2.104783e-03	-1.413803e+01
3.708000e-05	8.510758e-03	-1.430584e+01
3.709000e-05	5.502041e-03	-1.444016e+01
3.710000e-05	2.920826e-02	-1.453840e+01
3.711000e-05	1.407966e-02	-1.465169e+01
3.712000e-05	2.014589e-02	-1.476800e+01
3.713000e-05	4.977584e-03	-1.486229e+01
3.714000e-05	1.956481e-02	-1.493795e+01
3.715000e-05	1.160079e-02	-1.501219e+01
3.716000e-05	1.724469e-02	-1.515535e+01
3.717000e-05	1.263843e-02	-1.518911e+01
3.718000e-05	2.211114e-02	-1.526484e+01
3.719000e-05	2.162690e-02	-1.530955e+01
3.720000e-05	1.626721e-02	-1.538971e+01
3.721000e-05	1.346540e-02	-1.548366e+01
3.722000e-05	1.683131e-02	-1.552642e+01
3.723000e-05	2.757450e-02	-1.558700e+01
3.724000e-05	2.571254e-02	-1.564018e+01
3.725000e-05	2.468601e-02	-1.565221e+01
3.726000e-05	2.067844e-02	-1.568179e+01
3.727000e-05	2.651035e-02	-1.570339e+01
3.728000e-05	2.822164e-02	-1.569540e+01
3.729000e-05	2.904149e-02	-1.570545e+01
3.730000e-05	3.061665e-02	-1.571550e+01
3.731000e-05	3.784394e-02	-1.568493e+01
3.732000e-05	4.329091e-02	-1.569640e+01
3.733000e-05	4.283482e-02	-1.572547e+01
3.734000e-05	4.266043e-02	-1.569234e+01
3.735000e-05	5.085419e-02	-1.567387e+01
3.736000e-05	6.439700e-02	-1.563124e+01
3.737000e-05	8.023833e-02	-1.562028e+01
3.738000e-05	9.498743e-02	-1.558798e+01
3.739000e-05	1.226537e-01	-1.556695e+01
3.740000e-05	1.705713e-01	-1.550329e+01
3.741000e-05	2.297187e-01	-1.540068e+01
3.742000e-05	2.498983e-01	-1.535853e+01
3.743000e-05	2.500000e-01	-1.532590e+01
3.744000e-05	2.500000e-01	-1.519961e+01
3.745000e-05	2.374064e-01	-1.513642e+01
3.746000e-05	1.684056e-01	-1.508224e+01
3.747000e-05	1.082274e-01	-1.497853e+01
3.748000e-05	7.449723e-02	-1.490334e+01
3.749000e-05	5.758943e-02	-1.478961e+01
3.750000e-05	4.486580e-02	-1.468439e+01
3.751000e-05	3.167191e-02	-1.460013e+01
3.752000e-05	2.393492e-02	-1.451271e+01
3.753000e-05	2.140378e-02	-1.433648e+01
3.754000e-05	1.948340e-02	-1.421968e+01
3.755000e-05	1.505902e-02	-1.407382e+01
3.756000e-05	1.127925e-02	-1.391545e+01
3.757000e-05	1.110833e-02	-1.378015e+01
3.758000e-05	1.420515e-02	-1.363159e+01
3.759000e-05	1.248749e-02	-1.351429e+01
3.760000e-05	6.741333e-03	-1.334497e+01
3.761000e-05	5.437528e-03	-1.317813e+01
3.762000e-05	6.134404e-03	-1.300216e+01
3.763000e-05	7.449047e-03	-1.284329e+01
3.764000e-05	4.862972e-03	-1.266482e+01
3.765000e-05	2.618201e-03	-1.252637e+01
3.766000e-05	3.988211e-03	-1.233590e+01
3.767000e-05	5.225887e-03	-1.213803e+01
3.768000e-05	3.368137e-03	-1.196697e+01
3.769000e-05	8.074733e-05	-1.176648e+01
3.770000e-05	2.344147e-04	-1.153639e+01
3.771000e-05	3.374026e-03	-1.127382e+01
3.772000e-05	3.202375e-03	-1.108374e+01
3.773000e-05	2.901514e-04	-1.085223e+01
3.774000e-05	-1.056820e-03	-1.068375e+01
3.775000e-05	2.838995e-04	-1.047414e+01
3.776000e-05	1.538690e-03	-1.023015e+01
3.777000e-05	6.980250e-05	-9.969553e+00
3.778000e-05	-2.291294e-03	-9.799053e+00
3.779000e-05	-2.117606e-03	-9.587904e+00
3.780000e-05	-2.581970e-04	-9.305444e+00
3.781000e-05	-1.278950e-03	-9.064320e+00
3.782000e-05	-3.617915e-03	-8.874637e+00
3.783000e-05	-4.233073e-03	-8.611030e+00
3.784000e-05	-2.465037e-03	-8.357123e+00
3.785000e-05	-1.773393e-03	-8.125397e+00
3.786000e-05	-3.275485e-03	-7.811337e+00
3.787000e-05	-5.326406e-03	-7.566024e+00
3.788000e-05	-5.278084e-03	-7.334888e+00
3.789000e-05	-3.650879e-03	-7.050709e+00
3.790000e-05	-5.257964e-03	-6.747520e+00
3.791000e-05	-5.599250e-03	-6.533365e+00
3.792000e-05	-3.871402e-03	-6.261216e+00
3.793000e-05	-5.337769e-03	-5.976949e+00
3.794000e-05	-4.467159e-03	-5.723315e+00
3.795000e-05	-7.196811e-03	-5.438555e+00
3.796000e-05	-6.128600e-03	-5.116314e+00
3.797000e-05	-7.297501e-03	-4.760529e+00
3.798000e-05	-5.630286e-03	-4.543313e+00
3.799000e-05	-6.079436e-03	-4.274162e+00
3.800000e-05	-7.266323e-03	-4.019503e+00
3.801000e-05	-6.745765e-03	-3.724791e+00
3.802000e-05	-7.399115e-03	-3.452605e+00
3.803000e-05	-7.202576e-03	-3.186921e+00
3.804000e-05	-8.308312e-03	-2.842680e+00
3.805000e-05	-7.297891e-03	-2.557950e+00
3.806000e-05	-7.284793e-03	-2.276214e+00
3.807000e-05	-6.550165e-03	-2.009371e+00
3.808000e-05	-8.068547e-03	-1.704787e+00
3.809000e-05	-8.754199e-03	-1.380073e+00
3.810000e-05	-9.390868e-03	-1.062759e+00
3.811000e-05	-8.433178e-03	-7.793738e-01
3.812000e-05	-7.788436e-03	-4.722594e-01
3.813000e-05	-7.771451e-03	-2.005275e-01
3.814000e-05	-2.065089e-03	4.115646e-02
3.815000e-05	7.101340e-03	3.593974e-01
3.816000e-05	-5.700331e-03	6.011053e-01
3.817000e-05	2.080408e-03	8.731131e-01
3.818000e-05	-6.599145e-03	1.138478e+00
3.819000e-05	6.393613e-04	1.472704e+00
3.820000e-05	-4.300663e-03	1.820550e+00
3.821000e-05	1.735192e-02	2.000999e+00
3.822000e-05	6.245522e-02	2.272632e+00
3.823000e-05	7.364311e-02	2.563495e+00
3.824000e-05	-8.618278e-02	2.895790e+00
3.825000e-05	-2.999452e-02	3.199505e+00
3.826000e-05	-4.421828e-02	3.516316e+00
3.827000e-05	-1.758686e-02	3.718497e+00
3.828000e-05	-8.388309e-02	3.939575e+00
3.829000e-05	4.342846e-02	4.190624e+00
3.830000e-05	8.969153e-02	4.536895e+00
3.831000e-05	-1.340588e-01	4.799475e+00
3.832000e-05	1.844452e-01	5.044287e+00
3.833000e-05	-1.211835e-01	5.422060e+00
3.834000e-05	2.071730e-03	5.622311e+00
3.835000e-05	1.452519e-02	5.929975e+00
3.836000e-05	-3.960604e-02	6.220103e+00
3.837000e-05	7.806345e-02	6.484285e+00
3.838000e-05	-8.375999e-02	6.760101e+00
3.839000e-05	3.877752e-02	7.021732e+00
3.840000e-05	-4.321461e-02	7.326894e+00
3.841000e-05	1.012566e-02	7.590112e+00
3.842000e-05	-1.000324e-02	7.873838e+00
3.843000e-05	-2.977609e-02	8.189452e+00
3.844000e-05	5.343997e-02	8.380607e+00
3.845000e-05	-3.589060e-02	8.592527e+00
3.846000e-05	1.168637e-02	8.842261e+00
3.847000e-05	-3.406669e-02	9.075292e+00
3.848000e-05	-2.935091e-02	9.307371e+00
3.849000e-05	2.297890e-02	9.569945e+00
3.850000e-05	-7.632361e-03	9.790582e+00
3.851000e-05	8.888446e-03	1.002166e+01
3.852000e-05	-3.761732e-02	1.023266e+01
3.853000e-05	1.390720e-02	1.047231e+01
3.854000e-05	-2.169469e-02	1.068434e+01
3.855000e-05	-9.846614e-03	1.091681e+01
3.856000e-05	-1.943756e-02	1.109539e+01
3.857000e-05	-7.920446e-03	1.139655e+01
3.858000e-05	1.047033e-02	1.151803e+01
3.859000e-05	-1.577860e-02	1.175850e+01
3.860000e-05	-1.731815e-02	1.195650e+01
3.861000e-05	-2.614052e-02	1.214800e+01
3.862000e-05	2.285979e-03	1.234600e+01
3.863000e-05	-3.015872e-03	1.245637e+01
3.864000e-05	-1.201757e-02	1.266379e+01
3.865000e-05	-2.195797e-02	1.284327e+01
3.866000e-05	-1.654492e-02	1.300911e+01
3.867000e-05	-5.878768e-03	1.316755e+01
3.868000e-05	-1.846827e-02	1.332747e+01
3.869000e-05	-2.097329e-02	1.348297e+01
3.870000e-05	-1.231369e-02	1.363129e+01
3.871000e-05	-1.751864e-03	1.377953e+01
3.872000e-05	-8.407361e-03	1.392635e+01
3.873000e-05	-2.912851e-02	1.405292e+01
3.874000e-05	-2.538161e-02	1.424064e+01
3.875000e-05	-1.796491e-02	1.438805e+01
3.876000e-05	-5.966918e-03	1.446382e+01
3.877000e-05	-2.025103e-02	1.454966e+01
3.878000e-05	-2.283606e-02	1.467647e+01
3.879000e-05	-1.764643e-02	1.482008e+01
3.880000e-05	-1.338688e-02	1.482184e+01
3.881000e-05	-1.877325e-02	1.493647e+01
3.882000e-05	-3.027435e-02	1.503071e+01
3.883000e-05	-2.160130e-02	1.511332e+01
3.884000e-05	-1.789274e-02	1.517960e+01
3.885000e-05	-1.595653e-02	1.523079e+01
3.886000e-05	-3.291302e-02	1.528550e+01
3.887000e-05	-3.269897e-02	1.532813e+01
3.888000e-05	-2.658443e-02	1.543121e+01
3.889000e-05	-1.949297e-02	1.546329e+01
3.890000e-05	-2.590677e-02	1.551527e+01
3.891000e-05	-3.619732e-02	1.554545e+01
3.892000e-05	-3.055778e-02	1.551913e+01
3.893000e-05	-3.118840e-02	1.554973e+01
3.894000e-05	-3.316927e-02	1.560016e+01
3.895000e-05	-4.730663e-02	1.558021e+01
3.896000e-05	-4.325469e-02	1.562224e+01
3.897000e-05	-4.019808e-02	1.562164e+01
3.898000e-05	-3.979466e-02	1.561078e+01
3.899000e-05	-5.278669e-02	1.557219e+01
3.900000e-05	-6.375928e-02	1.557808e+01
3.901000e-05	-6.388205e-02	1.555748e+01
3.902000e-05	-7.199244e-02	1.551497e+01
3.903000e-05	-8.786035e-02	1.553742e+01
3.904000e-05	-1.177866e-01	1.545434e+01
3.905000e-05	-1.472422e-01	1.540016e+01
3.906000e-05	-1.950118e-01	1.532705e+01
3.907000e-05	-2.428736e-01	1.530540e+01
3.908000e-05	-2.500000e-01	1.524081e+01
3.909000e-05	-2.500000e-01	1.517911e+01
3.910000e-05	-2.494987e-01	1.512452e+01
3.911000e-05	-2.169875e-01	1.503179e+01
3.912000e-05	-1.499385e-01	1.492558e+01
3.913000e-05	-1.108066e-01	1.487177e+01
3.914000e-05	-7.828615e-02	1.473658e+01
3.915000e-05	-5.614884e-02	1.464521e+01
3.916000e-05	-4.408950e-02	1.450705e+01
3.917000e-05	-4.122323e-02	1.444079e+01
3.918000e-05	-3.694368e-02	1.431598e+01
3.919000e-05	-2.703656e-02	1.417016e+01
3.920000e-05	-2.484119e-02	1.405179e+01
3.921000e-05	-2.487343e-02	1.394445e+01
3.922000e-05	-2.818761e-02	1.378868e+01
3.923000e-05	-2.075858e-02	1.369229e+01
3.924000e-05	-1.730590e-02	1.346387e+01
3.925000e-05	-1.685960e-02	1.333697e+01
3.926000e-05	-2.105602e-02	1.315858e+01
3.927000e-05	-1.986319e-02	1.301071e+01
3.928000e-05	-1.378012e-02	1.286282e+01
3.929000e-05	-1.432683e-02	1.266187e+01
3.930000e-05	-1.652413e-02	1.248700e+01
3.931000e-05	-1.869620e-02	1.233701e+01
3.932000e-05	-1.305956e-02	1.215755e+01
3.933000e-05	-1.206522e-02	1.198806e+01
3.934000e-05	-1.414498e-02	1.176760e+01
3.935000e-05	-1.753424e-02	1.158855e+01
3.936000e-05	-1.359265e-02	1.134655e+01
3.937000e-05	-1.000439e-02	1.111592e+01
3.938000e-05	-1.046102e-02	1.097847e+01
3.939000e-05	-1.275467e-02	1.070540e+01
3.940000e-05	-1.440505e-02	1.052639e+01
3.941000e-05	-1.056743e-02	1.028287e+01
3.942000e-05	-9.097679e-03	1.007232e+01
3.943000e-05	-1.114998e-02	9.859209e+00
3.944000e-05	-1.358052e-02	9.611182e+00
3.945000e-05	-1.052424e-02	9.379604e+00
3.946000e-05	-7.320914e-03	9.136029e+00
3.947000e-05	-1.005994e-02	8.904946e+00
3.948000e-05	-1.260900e-02	8.641791e+00
3.949000e-05	-1.170371e-02	8.451240e+00
3.950000e-05	-7.061098e-03	8.168530e+00
3.951000e-05	-7.179495e-03	7.965921e+00
3.952000e-05	-9.796479e-03	7.674314e+00
3.953000e-05	-1.199919e-02	7.417628e+00
3.954000e-05	-9.206292e-03	7.145946e+00
3.955000e-05	-7.168969e-03	6.914415e+00
3.956000e-05	-9.178400e-03	6.619154e+00
3.957000e-05	-1.055887e-02	6.336923e+00
3.958000e-05	-9.261156e-03	6.083292e+00
3.959000e-05	-6.130216e-03	5.850137e+00
3.960000e-05	-7.242347e-03	5.536575e+00
3.961000e-05	-9.469410e-03	5.280792e+00
3.962000e-05	-9.568508e-03	4.885413e+00
3.963000e-05	-6.641813e-03	4.629759e+00
3.964000e-05	-5.665578e-03	4.397975e+00
3.965000e-05	-8.067016e-03	4.053234e+00
3.966000e-05	-9.979798e-03	3.799548e+00
3.967000e-05	-7.703846e-03	3.554324e+00
3.968000e-05	-6.192605e-03	3.231659e+00
3.969000e-05	-6.747094e-03	2.938450e+00
3.970000e-05	-8.101140e-03	2.695693e+00
3.971000e-05	-7.285496e-03	2.376877e+00
3.972000e-05	-5.643022e-03	2.074312e+00
3.973000e-05	-5.369889e-03	1.822704e+00
3.974000e-05	-7.043933e-03	1.515917e+00
3.975000e-05	-7.381631e-03	1.220528e+00
3.976000e-05	-6.182972e-03	8.421815e-01
3.977000e-05	-4.100273e-03	5.890485e-01
3.978000e-05	-5.551705e-03	3.458656e-01
3.979000e-05	-4.942549e-03	-9.476969e-04
3.980000e-05	1.209627e-03	-3.131341e-01
3.981000e-05	9.124622e-03	-5.042072e-01
3.982000e-05	-3.562343e-03	-8.509715e-01
3.983000e-05	2.599751e-03	-1.075158e+00
3.984000e-05	-3.493523e-03	-1.410899e+00
3.985000e-05	1.906854e-03	-1.652607e+00
3.986000e-05	7.922413e-03	-1.916237e+00
3.987000e-05	5.489577e-02	-2.156841e+00
3.988000e-05	1.176500e-01	-2.454082e+00
3.989000e-05	-8.192137e-02	-2.825106e+00
3.990000e-05	-7.477103e-03	-3.233186e+00
3.991000e-05	-5.027544e-02	-3.506261e+00
3.992000e-05	-1.943058e-02	-3.743734e+00
3.993000e-05	-1.054533e-01	-3.948945e+00
3.994000e-05	1.810706e-01	-4.136340e+00
3.995000e-05	-8.125835e-02	-4.388470e+00
3.996000e-05	2.358938e-02	-4.707342e+00
3.997000e-05	1.453401e-01	-4.927864e+00
3.998000e-05	-1.968515e-01	-5.358342e+00
3.999000e-05	1.856285e-01	-5.651023e+00
4.000000e-05	-1.659179e-01	-5.864153e+00
4.001000e-05	8.441395e-02	-6.181369e+00
4.002000e-05	6.022498e-02	-6.400022e+00
4.003000e-05	-9.392272e-02	-6.716363e+00
4.004000e-05	1.445790e-01	-6.958950e+00
4.005000e-05	-1.594841e-01	-7.292712e+00
4.006000e-05	1.197450e-01	-7.585842e+00
4.007000e-05	-6.161836e-02	-7.782024e+00
4.008000e-05	2.280829e-02	-8.145239e+00
4.009000e-05	8.109134e-02	-8.284740e+00
4.010000e-05	-1.009318e-01	-8.550852e+00
4.011000e-05	1.398114e-01	-8.862761e+00
4.012000e-05	-1.384038e-01	-9.083763e+00
4.013000e-05	8.903248e-02	-9.325343e+00
4.014000e-05	-5.227903e-02	-9.518340e+00
4.015000e-05	6.097335e-02	-9.758524e+00
4.016000e-05	2.574494e-02	-9.959023e+00
4.017000e-05	-3.025968e-02	-1.024363e+01
4.018000e-05	5.390441e-02	-1.046274e+01
4.019000e-05	-7.064270e-02	-1.069526e+01
4.020000e-05	8.325909e-02	-1.089377e+01
4.021000e-05	-6.302159e-02	-1.107426e+01
4.022000e-05	7.450186e-02	-1.131629e+01
4.023000e-05	-3.366665e-02	-1.148592e+01
4.024000e-05	4.868776e-02	-1.180753e+01
4.025000e-05	-1.869111e-02	-1.194950e+01
4.026000e-05	8.940522e-03	-1.217092e+01
4.027000e-05	5.346665e-03	-1.234584e+01
4.028000e-05	1.326590e-02	-1.252735e+01
4.029000e-05	3.318551e-02	-1.269476e+01
4.030000e-05	-9.698943e-03	-1.290489e+01
4.031000e-05	1.891353e-02	-1.303313e+01
4.032000e-05	-1.304166e-02	-1.322853e+01
4.033000e-05	3.001521e-02	-1.335553e+01
4.034000e-05	-5.828537e-03	-1.351532e+01
4.035000e-05	2.931930e-02	-1.366184e+01
4.036000e-05	4.180327e-03	-1.378916e+01
4.037000e-05	2.886012e-02	-1.395908e+01
4.038000e-05	-1.130567e-03	-1.409529e+01
4.039000e-05	9.122223e-03	-1.422216e+01
4.040000e-05	-7.875585e-04	-1.431758e+01
4.041000e-05	2.265718e-02	-1.454587e+01
4.042000e-05	1.804249e-02	-1.459018e+01
4.043000e-05	1.806969e-02	-1.472592e+01
4.044000e-05	1.064344e-02	-1.477961e+01
4.045000e-05	1.113666e-02	-1.491344e+01
4.046000e-05	1.852595e-02	-1.498955e+01
4.047000e-05	1.086187e-02	-1.509377e+01
4.048000e-05	1.821706e-02	-1.514895e+01
4.049000e-05	1.389769e-02	-1.523329e+01
4.050000e-05	2.675308e-02	-1.530695e+01
4.051000e-05	1.463008e-02	-1.537161e+01
4.052000e-05	1.621189e-02	-1.547224e+01
4.053000e-05	1.191093e-02	-1.552242e+01
4.054000e-05	2.602211e-02	-1.556703e+01
4.055000e-05	2.722314e-02	-1.559863e+01
4.056000e-05	2.499543e-02	-1.562219e+01
4.057000e-05	2.193311e-02	-1.565177e+01
4.058000e-05	2.369432e-02	-1.569232e+01
4.059000e-05	2.848340e-02	-1.568430e+01
4.060000e-05	2.695788e-02	-1.576592e+01
4.061000e-05	2.844755e-02	-1.571748e+01
4.062000e-05	3.358613e-02	-1.572697e+01
4.063000e-05	4.212353e-02	-1.571645e+01
4.064000e-05	4.422132e-02	-1.570597e+01
4.065000e-05	4.227909e-02	-1.568540e+01
4.066000e-05	4.619567e-02	-1.568642e+01
4.067000e-05	5.812577e-02	-1.565186e+01
4.068000e-05	7.358833e-02	-1.562076e+01
4.069000e-05	8.647572e-02	-1.560811e+01
4.070000e-05	1.071607e-01	-1.555845e+01
4.071000e-05	1.454646e-01	-1.553595e+01
4.072000e-05	2.023815e-01	-1.542228e+01
4.073000e-05	2.465992e-01	-1.535911e+01
4.074000e-05	2.500000e-01	-1.536587e+01
4.075000e-05	2.500000e-01	-1.525426e+01
4.076000e-05	2.479950e-01	-1.515948e+01
4.077000e-05	2.040595e-01	-1.510534e+01
4.078000e-05	1.316357e-01	-1.498961e+01
4.079000e-05	8.683499e-02	-1.490497e+01
4.080000e-05	6.368183e-02	-1.485229e+01
4.081000e-05	5.031579e-02	-1.472702e+01
4.082000e-05	3.820878e-02	-1.463168e+01
4.083000e-05	2.726918e-02	-1.453592e+01
4.084000e-05	2.344242e-02	-1.442051e+01
4.085000e-05	2.083421e-02	-1.427474e+01
4.086000e-05	1.757740e-02	-1.411643e+01
4.087000e-05	1.176752e-02	-1.403016e+01
4.088000e-05	1.036082e-02	-1.384328e+01
4.089000e-05	1.195226e-02	-1.370590e+01
4.090000e-05	1.272793e-02	-1.355795e+01
4.091000e-05	9.250484e-03	-1.338919e+01
4.092000e-05	4.811388e-03	-1.324171e+01
4.093000e-05	5.609220e-03	-1.308537e+01
4.094000e-05	6.991419e-03	-1.294847e+01
4.095000e-05	6.234815e-03	-1.274905e+01
4.096000e-05	3.725664e-03	-1.261005e+01
4.097000e-05	3.112136e-03	-1.245116e+01
4.098000e-05	4.583302e-03	-1.222124e+01
4.099000e-05	4.127563e-03	-1.202119e+01
4.100000e-05	1.391609e-03	-1.181223e+01
4.101000e-05	1.201000e-04	-1.164118e+01
4.102000e-05	2.213133e-03	-1.136753e+01
4.103000e-05	3.586194e-03	-1.118848e+01
4.104000e-05	2.024500e-03	-1.096798e+01
4.105000e-05	-1.655123e-03	-1.076792e+01
4.106000e-05	-3.648778e-04	-1.055695e+01
4.107000e-05	-1.089130e-04	-1.029548e+01
4.108000e-05	8.369238e-04	-1.008482e+01
4.109000e-05	-2.474694e-03	-9.873837e+00
4.110000e-05	-2.008338e-03	-9.673341e+00
4.111000e-05	-1.420112e-03	-9.432684e+00
4.112000e-05	5.886796e-04	-9.219578e+00
4.113000e-05	-3.025612e-03	-8.957548e+00
4.114000e-05	-4.287548e-03	-8.745325e+00
4.115000e-05	-3.860757e-03	-8.472810e+00
4.116000e-05	-1.305396e-03	-8.253156e+00
4.117000e-05	-1.496113e-03	-8.000503e+00
4.118000e-05	-4.858312e-03	-7.694792e+00
4.119000e-05	-5.537831e-03	-7.441558e+00
4.120000e-05	-5.416081e-03	-7.149027e+00
4.121000e-05	-3.046950e-03	-6.904761e+00
4.122000e-05	-6.036006e-03	-6.621187e+00
4.123000e-05	-5.300953e-03	-6.379524e+00
4.124000e-05	-5.020051e-03	-6.103863e+00
4.125000e-05	-3.116652e-03	-5.832130e+00
4.126000e-05	-4.987423e-03	-5.568026e+00
4.127000e-05	-7.278653e-03	-5.232037e+00
4.128000e-05	-7.642123e-03	-4.926396e+00
4.129000e-05	-4.983819e-03	-4.609126e+00
4.130000e-05	-4.767795e-03	-4.400424e+00
4.131000e-05	-6.469049e-03	-4.126396e+00
4.132000e-05	-8.113552e-03	-3.830684e+00
4.133000e-05	-6.935830e-03	-3.556919e+00
4.134000e-05	-7.419338e-03	-3.295287e+00
4.135000e-05	-6.647468e-03	-2.999502e+00
4.136000e-05	-9.356989e-03	-2.684286e+00
4.137000e-05	-6.407677e-03	-2.420531e+00
4.138000e-05	-6.357478e-03	-2.135815e+00
4.139000e-05	-6.456444e-03	-1.851682e+00
4.140000e-05	-9.972971e-03	-1.609422e+00
4.141000e-05	-1.036608e-02	-1.209651e+00
4.142000e-05	-7.835767e-03	-9.343370e-01
4.143000e-05	-7.125243e-03	-6.931579e-01
4.144000e-05	-6.442570e-03	-3.363472e-01
4.145000e-05	-7.251411e-03	-6.318403e-02
4.146000e-05	6.397070e-03	2.230051e-01
4.147000e-05	-2.948972e-03	5.052605e-01
4.148000e-05	9.811502e-04	7.358159e-01
4.149000e-05	-4.651723e-03	1.082128e+00
4.150000e-05	-2.275508e-03	1.346339e+00
4.151000e-05	-3.323032e-03	1.654657e+00
4.152000e-05	6.573516e-03	1.885163e+00
4.153000e-05	2.908671e-02	2.133816e+00
4.154000e-05	1.027726e-01	2.391025e+00
4.155000e-05	-3.432328e-02	2.769501e+00
4.156000e-05	-5.635306e-02	3.084660e+00
4.157000e-05	-3.892551e-02	3.338441e+00
4.158000e-05	-2.153618e-02	3.643133e+00
4.159000e-05	-6.439030e-02	3.884764e+00
4.160000e-05	-4.100261e-02	4.071688e+00
4.161000e-05	1.310026e-01	4.380450e+00
4.162000e-05	-8.482949e-02	4.694812e+00
4.163000e-05	4.892478e-02	4.917314e+00
4.164000e-05	7.147589e-02	5.283815e+00
4.165000e-05	-1.375756e-01	5.555895e+00
4.166000e-05	8.421053e-02	5.801655e+00
4.167000e-05	-7.447377e-02	6.104386e+00
4.168000e-05	6.443377e-02	6.336894e+00
4.169000e-05	-1.668733e-02	6.622258e+00
4.170000e-05	-4.245961e-02	6.907317e+00
4.171000e-05	3.307393e-02	7.145998e+00
4.172000e-05	-6.031936e-02	7.462708e+00
4.173000e-05	4.962133e-02	7.745321e+00
4.174000e-05	-7.124987e-02	8.043209e+00
4.175000e-05	4.921731e-02	8.285767e+00
4.176000e-05	4.305511e-03	8.544941e+00
4.177000e-05	-2.365790e-02	8.737367e+00
4.178000e-05	1.675655e-02	8.979024e+00
4.179000e-05	-7.241447e-02	9.220157e+00
4.180000e-05	3.575676e-02	9.431780e+00
4.181000e-05	-2.577287e-02	9.704339e+00
4.182000e-05	2.891914e-02	9.916921e+00
4.183000e-05	-4.255190e-02	1.014795e+01
4.184000e-05	7.272493e-03	1.037797e+01
4.185000e-05	-3.427173e-03	1.057800e+01
4.186000e-05	-1.964737e-02	1.077156e+01
4.187000e-05	-7.385945e-03	1.100020e+01
4.188000e-05	-2.982821e-02	1.122111e+01
4.189000e-05	2.059438e-02	1.144221e+01
4.190000e-05	-2.160092e-02	1.163184e+01
4.191000e-05	-1.993997e-03	1.186226e+01
4.192000e-05	-3.920564e-02	1.204429e+01
4.193000e-05	5.252307e-03	1.224264e+01
4.194000e-05	-6.052995e-03	1.242166e+01
4.195000e-05	-9.300818e-04	1.259963e+01
4.196000e-05	-2.158399e-02	1.277908e+01
4.197000e-05	-2.035685e-02	1.290700e+01
4.198000e-05	-5.389047e-03	1.307492e+01
4.199000e-05	-1.891166e-02	1.326182e+01
4.200000e-05	-1.503447e-02	1.342161e+01
4.201000e-05	-2.530552e-02	1.354808e+01
4.202000e-05	4.433305e-03	1.372652e+01
4.203000e-05	-1.059405e-02	1.383274e+01
4.204000e-05	-1.415237e-02	1.397059e+01
4.205000e-05	-3.315739e-02	1.418910e+01
4.206000e-05	-1.734793e-02	1.428497e+01
4.207000e-05	-1.022525e-02	1.439118e+01
4.208000e-05	-1.499159e-02	1.449542e+01
4.209000e-05	-2.186992e-02	1.465124e+01
4.210000e-05	-2.435554e-02	1.474797e+01
4.211000e-05	-9.452414e-03	1.484016e+01
4.212000e-05	-1.946375e-02	1.486592e+01
4.213000e-05	-2.245505e-02	1.502850e+01
4.214000e-05	-2.967164e-02	1.509329e+01
4.215000e-05	-1.715130e-02	1.515697e+01
4.216000e-05	-1.513236e-02	1.521026e+01
4.217000e-05	-2.631942e-02	1.523284e+01
4.218000e-05	-3.282415e-02	1.533655e+01
4.219000e-05	-3.308519e-02	1.537956e+01
4.220000e-05	-1.847880e-02	1.545326e+01
4.221000e-05	-2.522619e-02	1.548384e+01
4.222000e-05	-2.940247e-02	1.548642e+01
4.223000e-05	-3.576182e-02	1.553650e+01
4.224000e-05	-2.782474e-02	1.555768e+01
4.225000e-05	-3.050358e-02	1.558911e+01
4.226000e-05	-4.241148e-02	1.562773e+01
4.227000e-05	-4.586129e-02	1.559069e+01
4.228000e-05	-4.424198e-02	1.563071e+01
4.229000e-05	-3.656695e-02	1.558063e+01
4.230000e-05	-4.878949e-02	1.559118e+01
4.231000e-05	-5.802771e-02	1.557766e+01
4.232000e-05	-6.614820e-02	1.557760e+01
4.233000e-05	-6.509789e-02	1.553645e+01
4.234000e-05	-7.967890e-02	1.550640e+01
4.235000e-05	-1.039310e-01	1.545232e+01
4.236000e-05	-1.316498e-01	1.543226e+01
4.237000e-05	-1.698458e-01	1.536758e+01
4.238000e-05	-2.237138e-01	1.532645e+01
4.239000e-05	-2.493825e-01	1.525384e+01
4.240000e-05	-2.500000e-01	1.522921e+01
4.241000e-05	-2.500000e-01	1.519653e+01
4.242000e-05	-2.405366e-01	1.509386e+01
4.243000e-05	-1.793402e-01	1.499771e+01
4.244000e-05	-1.262828e-01	1.491390e+01
4.245000e-05	-9.080134e-02	1.479866e+01
4.246000e-05	-6.450600e-02	1.472537e+01
4.247000e-05	-4.783011e-02	1.460021e+01
4.248000e-05	-4.463185e-02	1.448342e+01
4.249000e-05	-3.944265e-02	1.441913e+01
4.250000e-05	-3.107521e-02	1.427182e+01
4.251000e-05	-2.380098e-02	1.410545e+01
4.252000e-05	-2.385217e-02	1.397865e+01
4.253000e-05	-2.798936e-02	1.383081e+01
4.254000e-05	-2.361245e-02	1.370445e+01
4.255000e-05	-1.901012e-02	1.355705e+01
4.256000e-05	-1.511000e-02	1.342911e+01
4.257000e-05	-2.168480e-02	1.322329e+01
4.258000e-05	-1.950851e-02	1.306437e+01
4.259000e-05	-1.650269e-02	1.295650e+01
4.260000e-05	-1.236860e-02	1.277713e+01
4.261000e-05	-1.663169e-02	1.260913e+01
4.262000e-05	-1.858520e-02	1.244222e+01
4.263000e-05	-1.528439e-02	1.225181e+01
4.264000e-05	-1.155329e-02	1.207337e+01
4.265000e-05	-1.104044e-02	1.188432e+01
4.266000e-05	-1.766339e-02	1.168437e+01
4.267000e-05	-1.464775e-02	1.145026e+01
4.268000e-05	-1.252877e-02	1.125129e+01
4.269000e-05	-8.746310e-03	1.104971e+01
4.270000e-05	-1.374411e-02	1.085126e+01
4.271000e-05	-1.413130e-02	1.063911e+01
4.272000e-05	-1.139417e-02	1.036908e+01
4.273000e-05	-8.385484e-03	1.018908e+01
4.274000e-05	-9.661986e-03	9.996976e+00
4.275000e-05	-1.391468e-02	9.725896e+00
4.276000e-05	-1.188855e-02	9.483240e+00
4.277000e-05	-9.273447e-03	9.262716e+00
4.278000e-05	-8.202408e-03	9.008634e+00
4.279000e-05	-1.171125e-02	8.758578e+00
4.280000e-05	-1.191607e-02	8.585999e+00
4.281000e-05	-9.484746e-03	8.283867e+00
4.282000e-05	-6.462032e-03	8.042787e+00
4.283000e-05	-8.758811e-03	7.829653e+00
4.284000e-05	-1.068643e-02	7.515899e+00
4.285000e-05	-9.500263e-03	7.223763e+00
4.286000e-05	-7.784561e-03	7.009526e+00
4.287000e-05	-8.053660e-03	6.734949e+00
4.288000e-05	-1.099410e-02	6.451839e+00
4.289000e-05	-1.099172e-02	6.179079e+00
4.290000e-05	-8.004287e-03	5.959421e+00
4.291000e-05	-7.030793e-03	5.653287e+00
4.292000e-05	-7.937075e-03	5.379004e+00
4.293000e-05	-9.752877e-03	5.062312e+00
4.294000e-05	-8.103780e-03	4.777971e+00
4.295000e-05	-6.293751e-03	4.514364e+00
4.296000e-05	-7.098207e-03	4.178055e+00
4.297000e-05	-8.815169e-03	3.946366e+00
4.298000e-05	-9.111103e-03	3.652707e+00
4.299000e-05	-6.613350e-03	3.354952e+00
4.300000e-05	-6.102761e-03	3.083238e+00
4.301000e-05	-8.235489e-03	2.840130e+00
4.302000e-05	-8.472340e-03	2.503738e+00
4.303000e-05	-7.360639e-03	2.230555e+00
4.304000e-05	-5.643079e-03	1.976922e+00
4.305000e-05	-6.166021e-03	1.651110e+00
4.306000e-05	-7.441945e-03	1.347492e+00
4.307000e-05	-6.821692e-03	1.020629e+00
4.308000e-05	-4.919421e-03	6.957394e-01
4.309000e-05	-4.939804e-03	4.411312e-01
4.310000e-05	-5.168408e-03	1.272909e-01
4.311000e-05	-3.703799e-03	-1.277908e-01
4.312000e-05	1.081088e-02	-3.905239e-01
4.313000e-05	-2.228646e-03	-7.072344e-01
4.314000e-05	4.881617e-03	-9.679197e-01
4.315000e-05	-4.863892e-03	-1.212031e+00
4.316000e-05	2.364333e-03	-1.587893e+00
4.317000e-05	-1.074575e-03	-1.778920e+00
4.318000e-05	2.792620e-02	-2.020474e+00
4.319000e-05	1.137461e-01	-2.285840e+00
4.320000e-05	4.596346e-03	-2.684106e+00
4.321000e-05	-6.114956e-02	-3.077315e+00
4.322000e-05	-1.599199e-02	-3.418975e+00
4.323000e-05	-3.564084e-02	-3.609524e+00
4.324000e-05	-7.198831e-02	-3.874738e+00
4.325000e-05	2.419486e-02	-4.052554e+00
4.326000e-05	1.449473e-01	-4.242678e+00
4.327000e-05	-1.894622e-01	-4.578473e+00
4.328000e-05	2.118692e-01	-4.851708e+00
4.329000e-05	-1.270920e-01	-5.115336e+00
4.330000e-05	3.704104e-02	-5.506295e+00
4.331000e-05	4.084843e-02	-5.715814e+00
4.332000e-05	-1.444929e-01	-6.061527e+00
4.333000e-05	2.060667e-01	-6.304188e+00
4.334000e-05	-1.399435e-01	-6.557469e+00
4.335000e-05	1.083128e-01	-6.873186e+00
4.336000e-05	-4.093255e-02	-7.115290e+00
4.337000e-05	-4.365612e-02	-7.431631e+00
4.338000e-05	1.061986e-01	-7.653658e+00
4.339000e-05	-1.215778e-01	-7.947952e+00
4.340000e-05	1.633728e-01	-8.202076e+00
4.341000e-05	-1.070694e-01	-8.432606e+00
4.342000e-05	7.842464e-02	-8.788895e+00
4.343000e-05	-1.305797e-02	-8.949445e+00
4.344000e-05	-5.384553e-02	-9.191054e+00
4.345000e-05	7.670199e-02	-9.402656e+00
4.346000e-05	-6.921073e-02	-9.664237e+00
4.347000e-05	1.326095e-01	-9.843237e+00
4.348000e-05	-8.816119e-02	-1.009632e+01
4.349000e-05	8.479985e-02	-1.037702e+01
4.350000e-05	-6.841915e-02	-1.055800e+01
4.351000e-05	4.566760e-02	-1.083888e+01
4.352000e-05	-7.798204e-03	-1.094900e+01
4.353000e-05	4.653141e-03	-1.118106e+01
4.354000e-05	3.397185e-02	-1.138958e+01
4.355000e-05	-1.734219e-02	-1.164318e+01
4.356000e-05	4.730933e-02	-1.182371e+01
4.357000e-05	-3.953648e-02	-1.208484e+01
4.358000e-05	4.203947e-02	-1.222321e+01
4.359000e-05	-2.126149e-02	-1.243068e+01
4.360000e-05	5.410754e-02	-1.259155e+01
4.361000e-05	-1.340606e-02	-1.278008e+01
4.362000e-05	2.065413e-02	-1.295945e+01
4.363000e-05	-1.238223e-02	-1.310742e+01
4.364000e-05	1.899497e-02	-1.327377e+01
4.365000e-05	7.386732e-03	-1.344166e+01
4.366000e-05	1.483047e-02	-1.357011e+01
4.367000e-05	1.737031e-02	-1.371742e+01
4.368000e-05	1.519561e-02	-1.385534e+01
4.369000e-05	1.755381e-02	-1.406116e+01
4.370000e-05	-2.162850e-03	-1.418848e+01
4.371000e-05	7.026527e-03	-1.430529e+01
4.372000e-05	5.636652e-03	-1.442166e+01
4.373000e-05	2.686189e-02	-1.454850e+01
4.374000e-05	1.358846e-02	-1.469314e+01
4.375000e-05	2.062157e-02	-1.477950e+01
4.376000e-05	5.434088e-03	-1.482178e+01
4.377000e-05	2.054035e-02	-1.493900e+01
4.378000e-05	1.121787e-02	-1.503116e+01
4.379000e-05	1.685472e-02	-1.512737e+01
4.380000e-05	1.249020e-02	-1.520963e+01
4.381000e-05	2.259006e-02	-1.526432e+01
4.382000e-05	1.997680e-02	-1.532648e+01
4.383000e-05	1.664054e-02	-1.540203e+01
4.384000e-05	1.322449e-02	-1.549226e+01
4.385000e-05	1.774074e-02	-1.553694e+01
4.386000e-05	2.821010e-02	-1.558753e+01
4.387000e-05	2.629039e-02	-1.559060e+01
4.388000e-05	2.503840e-02	-1.567174e+01
4.389000e-05	2.138914e-02	-1.567285e+01
4.390000e-05	2.677777e-02	-1.568529e+01
4.391000e-05	2.755496e-02	-1.572455e+01
4.392000e-05	2.790354e-02	-1.573692e+01
4.393000e-05	3.030149e-02	-1.571750e+01
4.394000e-05	3.776395e-02	-1.569595e+01
4.395000e-05	4.381369e-02	-1.572547e+01
4.396000e-05	4.442359e-02	-1.568545e+01
4.397000e-05	4.496912e-02	-1.570340e+01
4.398000e-05	5.273214e-02	-1.567539e+01
4.399000e-05	6.525561e-02	-1.563234e+01
4.400000e-05	7.998672e-02	-1.560961e+01
4.401000e-05	9.654940e-02	-1.556853e+01
4.402000e-05	1.246694e-01	-1.553400e+01
4.403000e-05	1.747124e-01	-1.551226e+01
4.404000e-05	2.326604e-01	-1.543061e+01
4.405000e-05	2.499993e-01	-1.536610e+01
4.406000e-05	2.500000e-01	-1.531532e+01
4.407000e-05	2.500000e-01	-1.519974e+01
4.408000e-05	2.337693e-01	-1.512595e+01
4.409000e-05	1.628125e-01	-1.504179e+01
4.410000e-05	1.049950e-01	-1.496755e+01
4.411000e-05	7.311134e-02	-1.487487e+01
4.412000e-05	5.570834e-02	-1.479913e+01
4.413000e-05	4.264081e-02	-1.469434e+01
4.414000e-05	3.196503e-02	-1.458958e+01
4.415000e-05	2.413384e-02	-1.443174e+01
4.416000e-05	2.181149e-02	-1.428797e+01
4.417000e-05	1.989952e-02	-1.419068e+01
4.418000e-05	1.551347e-02	-1.406234e+01
4.419000e-05	1.093842e-02	-1.391492e+01
4.420000e-05	1.090762e-02	-1.376953e+01
4.421000e-05	1.294707e-02	-1.363963e+01
4.422000e-05	1.123720e-02	-1.349374e+01
4.423000e-05	6.750677e-03	-1.331542e+01
4.424000e-05	5.040595e-03	-1.319898e+01
4.425000e-05	5.960219e-03	-1.299066e+01
4.426000e-05	7.478624e-03	-1.283126e+01
4.427000e-05	5.041769e-03	-1.268274e+01
4.428000e-05	3.158106e-03	-1.251397e+01
4.429000e-05	3.333963e-03	-1.233537e+01
4.430000e-05	4.631590e-03	-1.214842e+01
4.431000e-05	3.133642e-03	-1.192738e+01
4.432000e-05	-2.091733e-04	-1.174652e+01
4.433000e-05	-3.386788e-04	-1.150432e+01
4.434000e-05	2.852097e-03	-1.129529e+01
4.435000e-05	2.856790e-03	-1.104284e+01
4.436000e-05	7.363657e-04	-1.084211e+01
4.437000e-05	-1.193222e-03	-1.066168e+01
4.438000e-05	-8.498906e-05	-1.045324e+01
4.439000e-05	9.783709e-04	-1.021010e+01
4.440000e-05	-3.702402e-04	-9.968980e+00
4.441000e-05	-3.145050e-03	-9.758074e+00
4.442000e-05	-2.914300e-03	-9.537399e+00
4.443000e-05	-1.392843e-03	-9.325796e+00
4.444000e-05	-1.239504e-03	-9.072264e+00
4.445000e-05	-3.773960e-03	-8.853682e+00
4.446000e-05	-3.790277e-03	-8.600074e+00
4.447000e-05	-2.085613e-03	-8.366947e+00
4.448000e-05	-2.308148e-03	-8.105792e+00
4.449000e-05	-3.372584e-03	-7.829662e+00
4.450000e-05	-5.261666e-03	-7.537868e+00
4.451000e-05	-5.406584e-03	-7.274286e+00
4.452000e-05	-3.964033e-03	-7.020138e+00
4.453000e-05	-4.211057e-03	-6.747449e+00
4.454000e-05	-4.984299e-03	-6.525316e+00
4.455000e-05	-4.647607e-03	-6.221654e+00
4.456000e-05	-5.247177e-03	-5.977974e+00
4.457000e-05	-3.786865e-03	-5.704341e+00
4.458000e-05	-6.361431e-03	-5.380554e+00
4.459000e-05	-6.830346e-03	-5.064318e+00
4.460000e-05	-5.509572e-03	-4.745549e+00
4.461000e-05	-5.356582e-03	-4.503812e+00
4.462000e-05	-5.725289e-03	-4.262161e+00
4.463000e-05	-8.519049e-03	-3.999424e+00
4.464000e-05	-6.449315e-03	-3.713813e+00
4.465000e-05	-7.954824e-03	-3.410104e+00
4.466000e-05	-6.550436e-03	-3.127371e+00
4.467000e-05	-8.025092e-03	-2.831105e+00
4.468000e-05	-5.540981e-03	-2.526945e+00
4.469000e-05	-6.631017e-03	-2.252186e+00
4.470000e-05	-6.985471e-03	-1.988472e+00
4.471000e-05	-9.782843e-03	-1.683241e+00
4.472000e-05	-9.118135e-03	-1.389448e+00
4.473000e-05	-8.693887e-03	-1.073158e+00
4.474000e-05	-8.355928e-03	-7.974222e-01
4.475000e-05	-8.001652e-03	-4.322118e-01
4.476000e-05	-7.657607e-03	-1.985247e-01
4.477000e-05	3.719885e-04	1.142105e-01
4.478000e-05	6.375512e-03	3.605200e-01
4.479000e-05	-4.797002e-03	6.516266e-01
4.480000e-05	9.796087e-04	8.726856e-01
4.481000e-05	-7.067140e-03	1.200080e+00
4.482000e-05	4.526201e-04	1.442257e+00
4.483000e-05	-4.838814e-03	1.790504e+00
4.484000e-05	1.733573e-02	2.020058e+00
4.485000e-05	6.879481e-02	2.276211e+00
4.486000e-05	6.320934e-02	2.613080e+00
4.487000e-05	-8.544772e-02	2.937495e+00
4.488000e-05	-2.881202e-02	3.210054e+00
4.489000e-05	-4.265669e-02	3.527947e+00
4.490000e-05	-2.179671e-02	3.748473e+00
4.491000e-05	-8.217367e-02	3.967996e+00
4.492000e-05	5.730221e-02	4.262158e+00
4.493000e-05	7.011053e-02	4.539894e+00
4.494000e-05	-1.219433e-01	4.789105e+00
4.495000e-05	1.886926e-01	5.084866e+00
4.496000e-05	-1.409036e-01	5.432184e+00
4.497000e-05	2.291810e-02	5.684763e+00
4.498000e-05	-1.544791e-03	5.981552e+00
4.499000e-05	-2.459441e-02	6.253129e+00
4.500000e-05	6.967128e-02	6.495241e+00
4.501000e-05	-8.661965e-02	6.801127e+00
4.502000e-05	4.472623e-02	7.042658e+00
4.503000e-05	-5.227735e-02	7.296396e+00
4.504000e-05	2.088927e-02	7.591659e+00
4.505000e-05	-2.338258e-02	7.896366e+00
4.506000e-05	-1.812551e-02	8.210051e+00
4.507000e-05	5.085170e-02	8.399604e+00
4.508000e-05	-3.711356e-02	8.631656e+00
4.509000e-05	1.612179e-02	8.883311e+00
4.510000e-05	-4.344152e-02	9.076395e+00
4.511000e-05	-1.900053e-02	9.337420e+00
4.512000e-05	1.742270e-02	9.598527e+00
4.513000e-05	-1.026568e-03	9.770630e+00
4.514000e-05	1.456055e-03	1.011268e+01
4.515000e-05	-3.266159e-02	1.028364e+01
4.516000e-05	1.418830e-02	1.047385e+01
4.517000e-05	-2.292151e-02	1.069294e+01
4.518000e-05	-9.393888e-03	1.093540e+01
4.519000e-05	-2.232267e-02	1.112742e+01
4.520000e-05	-1.945621e-03	1.136745e+01
4.521000e-05	7.381185e-03	1.154853e+01
4.522000e-05	-1.317283e-02	1.175800e+01
4.523000e-05	-2.236662e-02	1.199755e+01
4.524000e-05	-2.070455e-02	1.217650e+01
4.525000e-05	9.289485e-04	1.232802e+01
4.526000e-05	-1.742710e-03	1.251742e+01
4.527000e-05	-1.460247e-02	1.269437e+01
4.528000e-05	-1.991312e-02	1.285431e+01
4.529000e-05	-1.225982e-02	1.300218e+01
4.530000e-05	-6.849794e-03	1.324004e+01
4.531000e-05	-1.870510e-02	1.334697e+01
4.532000e-05	-2.282708e-02	1.347487e+01
4.533000e-05	-9.698953e-03	1.365279e+01
4.534000e-05	-2.730905e-03	1.377910e+01
4.535000e-05	-8.147354e-03	1.395642e+01
4.536000e-05	-3.063278e-02	1.404339e+01
4.537000e-05	-2.270941e-02	1.421221e+01
4.538000e-05	-1.684139e-02	1.436800e+01
4.539000e-05	-6.494205e-03	1.450390e+01
4.540000e-05	-2.140618e-02	1.456911e+01
4.541000e-05	-2.280733e-02	1.469637e+01
4.542000e-05	-1.574981e-02	1.481853e+01
4.543000e-05	-1.406571e-02	1.486287e+01
4.544000e-05	-1.969618e-02	1.493803e+01
4.545000e-05	-3.238970e-02	1.503271e+01
4.546000e-05	-2.010826e-02	1.509387e+01
4.547000e-05	-1.755302e-02	1.517913e+01
4.548000e-05	-1.556726e-02	1.528084e+01
4.549000e-05	-3.361781e-02	1.528492e+01
4.550000e-05	-3.245607e-02	1.537910e+01
4.551000e-05	-2.639032e-02	1.542113e+01
4.552000e-05	-2.116098e-02	1.546281e+01
4.553000e-05	-2.823973e-02	1.549442e+01
4.554000e-05	-3.609480e-02	1.555793e+01
4.555000e-05	-2.931673e-02	1.557853e+01
4.556000e-05	-2.939355e-02	1.560966e+01
4.557000e-05	-3.362897e-02	1.558811e+01
4.558000e-05	-4.787576e-02	1.559011e+01
4.559000e-05	-4.357323e-02	1.560221e+01
4.560000e-05	-3.973625e-02	1.561231e+01
4.561000e-05	-4.032881e-02	1.561116e+01
4.562000e-05	-5.410078e-02	1.557223e+01
4.563000e-05	-6.522028e-02	1.558916e+01
4.564000e-05	-6.497593e-02	1.554700e+01
4.565000e-05	-7.338348e-02	1.551650e+01
4.566000e-05	-8.959290e-02	1.548241e+01
4.567000e-05	-1.197123e-01	1.538084e+01
4.568000e-05	-1.479573e-01	1.538971e+01
4.569000e-05	-1.983938e-01	1.533753e+01
4.570000e-05	-2.443036e-01	1.528494e+01
4.571000e-05	-2.500000e-01	1.524031e+01
4.572000e-05	-2.500000e-01	1.518903e+01
4.573000e-05	-2.486957e-01	1.510394e+01
4.574000e-05	-2.124827e-01	1.501279e+01
4.575000e-05	-1.465057e-01	1.493650e+01
4.576000e-05	-1.077100e-01	1.486169e+01
4.577000e-05	-7.677978e-02	1.471760e+01
4.578000e-05	-5.377718e-02	1.466126e+01
4.579000e-05	-4.473769e-02	1.450801e+01
4.580000e-05	-4.076628e-02	1.446273e+01
4.581000e-05	-3.688144e-02	1.432505e+01
4.582000e-05	-2.512531e-02	1.419009e+01
4.583000e-05	-2.472074e-02	1.403279e+01
4.584000e-05	-2.583969e-02	1.391482e+01
4.585000e-05	-2.799404e-02	1.377863e+01
4.586000e-05	-1.929159e-02	1.365169e+01
4.587000e-05	-1.589552e-02	1.348386e+01
4.588000e-05	-1.678788e-02	1.334490e+01
4.589000e-05	-2.153754e-02	1.314863e+01
4.590000e-05	-1.893750e-02	1.297016e+01
4.591000e-05	-1.244809e-02	1.284181e+01
4.592000e-05	-1.410457e-02	1.267382e+01
4.593000e-05	-1.783488e-02	1.252445e+01
4.594000e-05	-1.966228e-02	1.235608e+01
4.595000e-05	-1.158539e-02	1.214658e+01
4.596000e-05	-1.079464e-02	1.198561e+01
4.597000e-05	-1.429526e-02	1.177853e+01
4.598000e-05	-1.771071e-02	1.156708e+01
4.599000e-05	-1.310896e-02	1.134658e+01
4.600000e-05	-8.548198e-03	1.109395e+01
4.601000e-05	-1.104593e-02	1.092593e+01
4.602000e-05	-1.398365e-02	1.073592e+01
4.603000e-05	-1.403679e-02	1.050344e+01
4.604000e-05	-8.540073e-03	1.028344e+01
4.605000e-05	-8.976121e-03	1.010329e+01
4.606000e-05	-1.259519e-02	9.819184e+00
4.607000e-05	-1.358564e-02	9.577129e+00
4.608000e-05	-1.020983e-02	9.366526e+00
4.609000e-05	-7.049488e-03	9.134970e+00
4.610000e-05	-1.019531e-02	8.893892e+00
4.611000e-05	-1.312134e-02	8.653263e+00
4.612000e-05	-1.213413e-02	8.430684e+00
4.613000e-05	-6.952320e-03	8.195551e+00
4.614000e-05	-8.191697e-03	7.914922e+00
4.615000e-05	-1.142826e-02	7.671818e+00
4.616000e-05	-1.175136e-02	7.357952e+00
4.617000e-05	-8.216771e-03	7.134817e+00
4.618000e-05	-5.931090e-03	6.905214e+00
4.619000e-05	-8.538479e-03	6.579582e+00
4.620000e-05	-1.044467e-02	6.344367e+00
4.621000e-05	-9.182868e-03	6.092286e+00
4.622000e-05	-6.397515e-03	5.797631e+00
4.623000e-05	-8.285661e-03	5.494920e+00
4.624000e-05	-1.018173e-02	5.232211e+00
4.625000e-05	-9.590881e-03	4.904842e+00
4.626000e-05	-5.991566e-03	4.549656e+00
4.627000e-05	-5.708510e-03	4.357500e+00
4.628000e-05	-8.473111e-03	4.063233e+00
4.629000e-05	-9.709457e-03	3.768525e+00
4.630000e-05	-8.127006e-03	3.485295e+00
4.631000e-05	-5.700459e-03	3.230030e+00
4.632000e-05	-7.131157e-03	2.884869e+00
4.633000e-05	-8.396623e-03	2.683216e+00
4.634000e-05	-8.180954e-03	2.346345e+00
4.635000e-05	-6.228374e-03	2.084210e+00
4.636000e-05	-5.748129e-03	1.799030e+00
4.637000e-05	-7.919871e-03	1.485764e+00
4.638000e-05	-7.801220e-03	1.189047e+00
4.639000e-05	-4.917659e-03	8.022076e-01
4.640000e-05	-3.542193e-03	5.884996e-01
4.641000e-05	-4.578007e-03	2.642192e-01
4.642000e-05	-4.846397e-03	-1.205157e-02
4.643000e-05	1.316265e-03	-2.741343e-01
4.644000e-05	7.200003e-03	-5.468123e-01
4.645000e-05	-2.939117e-03	-8.615828e-01
4.646000e-05	2.153744e-03	-1.095259e+00
4.647000e-05	-3.460462e-03	-1.431924e+00
4.648000e-05	1.528877e-03	-1.693683e+00
4.649000e-05	1.173794e-02	-1.907239e+00
4.650000e-05	6.235775e-02	-2.140744e+00
4.651000e-05	1.094841e-01	-2.453683e+00
4.652000e-05	-8.600564e-02	-2.916110e+00
4.653000e-05	-2.513145e-03	-3.295161e+00
4.654000e-05	-5.152023e-02	-3.516312e+00
4.655000e-05	-2.347887e-02	-3.727243e+00
4.656000e-05	-1.016816e-01	-3.989974e+00
4.657000e-05	1.951338e-01	-4.137746e+00
4.658000e-05	-1.102394e-01	-4.409500e+00
4.659000e-05	5.905713e-02	-4.747926e+00
4.660000e-05	1.079118e-01	-4.957899e+00
4.661000e-05	-1.809858e-01	-5.390871e+00
4.662000e-05	1.882749e-01	-5.632033e+00
4.663000e-05	-1.843690e-01	-5.874234e+00
4.664000e-05	1.144201e-01	-6.160398e+00
4.665000e-05	2.719210e-02	-6.382028e+00
4.666000e-05	-6.930905e-02	-6.727398e+00
4.667000e-05	1.312748e-01	-7.000477e+00
4.668000e-05	-1.598503e-01	-7.283788e+00
4.669000e-05	1.346487e-01	-7.566897e+00
4.670000e-05	-8.329383e-02	-7.800553e+00
4.671000e-05	5.140637e-02	-8.125341e+00
4.672000e-05	5.415847e-02	-8.325766e+00
4.673000e-05	-8.343124e-02	-8.591482e+00
4.674000e-05	1.310676e-01	-8.903236e+00
4.675000e-05	-1.416549e-01	-9.105341e+00
4.676000e-05	1.007628e-01	-9.334867e+00
4.677000e-05	-6.926605e-02	-9.546870e+00
4.678000e-05	8.231375e-02	-9.780553e+00
4.679000e-05	5.238621e-03	-9.981097e+00
4.680000e-05	-1.191395e-02	-1.023263e+01
4.681000e-05	3.705238e-02	-1.044469e+01
4.682000e-05	-5.957890e-02	-1.069584e+01
4.683000e-05	7.619502e-02	-1.086281e+01
4.684000e-05	-6.065469e-02	-1.110427e+01
4.685000e-05	7.508809e-02	-1.131737e+01
4.686000e-05	-3.869105e-02	-1.150645e+01
4.687000e-05	5.496637e-02	-1.180945e+01
4.688000e-05	-2.631493e-02	-1.192850e+01
4.689000e-05	1.762804e-02	-1.215803e+01
4.690000e-05	-1.851775e-03	-1.238739e+01
4.691000e-05	2.110509e-02	-1.251642e+01
4.692000e-05	2.617791e-02	-1.268539e+01
4.693000e-05	-4.843183e-03	-1.290432e+01
4.694000e-05	1.423760e-02	-1.304216e+01
4.695000e-05	-1.141383e-02	-1.322861e+01
4.696000e-05	2.771291e-02	-1.335703e+01
4.697000e-05	-3.854633e-03	-1.352634e+01
4.698000e-05	2.919530e-02	-1.366424e+01
4.699000e-05	4.473394e-03	-1.384321e+01
4.700000e-05	2.998649e-02	-1.398850e+01
4.701000e-05	-1.367274e-03	-1.408435e+01
4.702000e-05	9.090773e-03	-1.425316e+01
4.703000e-05	-1.853692e-03	-1.434645e+01
4.704000e-05	2.276370e-02	-1.451589e+01
4.705000e-05	1.720274e-02	-1.460110e+01
4.706000e-05	1.978180e-02	-1.472740e+01
4.707000e-05	9.644611e-03	-1.477908e+01
4.708000e-05	1.340682e-02	-1.492795e+01
4.709000e-05	1.749805e-02	-1.503105e+01
4.710000e-05	1.210860e-02	-1.507379e+01
4.711000e-05	1.702600e-02	-1.513908e+01
4.712000e-05	1.437059e-02	-1.520181e+01
4.713000e-05	2.580989e-02	-1.528640e+01
4.714000e-05	1.599651e-02	-1.539856e+01
4.715000e-05	1.623330e-02	-1.545268e+01
4.716000e-05	1.259135e-02	-1.551429e+01
4.717000e-05	2.539985e-02	-1.555745e+01
4.718000e-05	2.696785e-02	-1.560009e+01
4.719000e-05	2.600872e-02	-1.561221e+01
4.720000e-05	2.308222e-02	-1.565233e+01
4.721000e-05	2.352783e-02	-1.569437e+01
4.722000e-05	2.835362e-02	-1.570387e+01
4.723000e-05	2.632523e-02	-1.570442e+01
4.724000e-05	2.918627e-02	-1.573497e+01
4.725000e-05	3.374448e-02	-1.568742e+01
4.726000e-05	4.255939e-02	-1.571602e+01
4.727000e-05	4.436563e-02	-1.571650e+01
4.728000e-05	4.392550e-02	-1.570339e+01
4.729000e-05	4.833023e-02	-1.566289e+01
4.730000e-05	5.938483e-02	-1.564229e+01
4.731000e-05	7.216008e-02	-1.563081e+01
4.732000e-05	8.836309e-02	-1.559006e+01
4.733000e-05	1.097852e-01	-1.557647e+01
4.734000e-05	1.491995e-01	-1.552481e+01
4.735000e-05	2.074280e-01	-1.544128e+01
4.736000e-05	2.478181e-01	-1.536908e+01
4.737000e-05	2.500000e-01	-1.532602e+01
4.738000e-05	2.500000e-01	-1.525227e+01
4.739000e-05	2.466919e-01	-1.515900e+01
4.740000e-05	2.000667e-01	-1.510382e+01
4.741000e-05	1.288639e-01	-1.498971e+01
4.742000e-05	8.504419e-02	-1.491395e+01
4.743000e-05	6.335489e-02	-1.484179e+01
4.744000e-05	4.538644e-02	-1.473497e+01
4.745000e-05	3.579558e-02	-1.461018e+01
4.746000e-05	2.406121e-02	-1.451492e+01
4.747000e-05	2.487890e-02	-1.440913e+01
4.748000e-05	2.201236e-02	-1.426324e+01
4.749000e-05	1.920382e-02	-1.413697e+01
4.750000e-05	1.251601e-02	-1.398006e+01
4.751000e-05	1.116303e-02	-1.384074e+01
4.752000e-05	1.075657e-02	-1.372342e+01
4.753000e-05	1.094562e-02	-1.352847e+01
4.754000e-05	7.125079e-03	-1.338915e+01
4.755000e-05	4.932469e-03	-1.326219e+01
4.756000e-05	6.819711e-03	-1.307327e+01
4.757000e-05	6.811946e-03	-1.291752e+01
4.758000e-05	6.860983e-03	-1.276600e+01
4.759000e-05	4.238133e-03	-1.256705e+01
4.760000e-05	4.933797e-03	-1.239158e+01
4.761000e-05	4.135760e-03	-1.220118e+01
4.762000e-05	3.090293e-03	-1.203121e+01
4.763000e-05	8.407734e-04	-1.188371e+01
4.764000e-05	-7.589883e-04	-1.163066e+01
4.765000e-05	1.317163e-03	-1.139861e+01
4.766000e-05	2.703579e-03	-1.116598e+01
4.767000e-05	3.459260e-03	-1.093652e+01
4.768000e-05	1.317854e-03	-1.073840e+01
4.769000e-05	3.629826e-04	-1.058750e+01
4.770000e-05	1.422827e-04	-1.033485e+01
4.771000e-05	-3.543930e-04	-1.009389e+01
4.772000e-05	-2.469586e-03	-9.872688e+00
4.773000e-05	-3.235361e-03	-9.633137e+00
4.774000e-05	-1.836601e-03	-9.410203e+00
4.775000e-05	-4.728315e-04	-9.198425e+00
4.776000e-05	-8.173040e-04	-8.956996e+00
4.777000e-05	-3.635967e-03	-8.707341e+00
4.778000e-05	-2.554144e-03	-8.472739e+00
4.779000e-05	-2.054698e-03	-8.228983e+00
4.780000e-05	-1.416675e-03	-7.958427e+00
4.781000e-05	-4.980665e-03	-7.694263e+00
4.782000e-05	-4.055664e-03	-7.391030e+00
4.783000e-05	-5.568996e-03	-7.137974e+00
4.784000e-05	-2.727568e-03	-6.822838e+00
4.785000e-05	-5.433099e-03	-6.620079e+00
4.786000e-05	-4.656649e-03	-6.346350e+00
4.787000e-05	-5.158558e-03	-6.084738e+00
4.788000e-05	-3.669018e-03	-5.801530e+00
4.789000e-05	-4.504406e-03	-5.517896e+00
4.790000e-05	-5.962762e-03	-5.252658e+00
4.791000e-05	-7.174664e-03	-4.934847e+00
4.792000e-05	-4.932758e-03	-4.609603e+00
4.793000e-05	-5.072337e-03	-4.377897e+00
4.794000e-05	-5.885268e-03	-4.123387e+00
4.795000e-05	-7.034858e-03	-3.862077e+00
4.796000e-05	-7.261602e-03	-3.547400e+00
4.797000e-05	-7.951268e-03	-3.283234e+00
4.798000e-05	-6.900926e-03	-2.928443e+00
4.799000e-05	-8.121620e-03	-2.692737e+00
4.800000e-05	-6.529947e-03	-2.400002e+00
4.801000e-05	-6.202355e-03	-2.113633e+00
4.802000e-05	-6.957337e-03	-1.840555e+00
4.803000e-05	-9.093603e-03	-1.536917e+00
4.804000e-05	-8.817708e-03	-1.209524e+00
4.805000e-05	-8.690516e-03	-8.672619e-01
4.806000e-05	-8.505674e-03	-5.790488e-01
4.807000e-05	-7.060398e-03	-2.762657e-01
4.808000e-05	-5.727354e-03	-4.113414e-02
4.809000e-05	7.109329e-03	2.746341e-01
4.810000e-05	-4.547731e-03	5.252407e-01
4.811000e-05	1.457183e-03	7.688446e-01
4.812000e-05	-4.284548e-03	1.084209e+00
4.813000e-05	-1.758113e-03	1.306312e+00
4.814000e-05	-4.628397e-03	1.653135e+00
4.815000e-05	8.487674e-03	1.915790e+00
4.816000e-05	3.321377e-02	2.157390e+00
4.817000e-05	1.035735e-01	2.430605e+00
4.818000e-05	-4.842726e-02	2.810578e+00
4.819000e-05	-5.145880e-02	3.075237e+00
4.820000e-05	-4.176026e-02	3.401125e+00
4.821000e-05	-1.698133e-02	3.663734e+00
4.822000e-05	-7.020996e-02	3.884737e+00
4.823000e-05	-3.012046e-02	4.113813e+00
4.824000e-05	1.342995e-01	4.420029e+00
4.825000e-05	-1.057478e-01	4.695342e+00
4.826000e-05	7.876714e-02	4.944292e+00
4.827000e-05	3.825109e-02	5.295290e+00
4.828000e-05	-1.206194e-01	5.568545e+00
4.829000e-05	8.144945e-02	5.834179e+00
4.830000e-05	-7.666280e-02	6.126371e+00
4.831000e-05	7.275550e-02	6.327945e+00
4.832000e-05	-3.171774e-02	6.664262e+00
4.833000e-05	-2.954179e-02	6.936870e+00
4.834000e-05	2.355963e-02	7.171054e+00
4.835000e-05	-5.307456e-02	7.464766e+00
4.836000e-05	4.528895e-02	7.768004e+00
4.837000e-05	-7.084706e-02	8.075212e+00
4.838000e-05	5.432258e-02	8.306316e+00
4.839000e-05	-5.424483e-03	8.536895e+00
4.840000e-05	-1.991553e-02	8.727419e+00
4.841000e-05	1.101835e-02	8.998053e+00
4.842000e-05	-7.046312e-02	9.271111e+00
4.843000e-05	4.124119e-02	9.432780e+00
4.844000e-05	-2.507707e-02	9.764369e+00
4.845000e-05	3.072631e-02	9.957449e+00
4.846000e-05	-4.619217e-02	1.015800e+01
4.847000e-05	9.447674e-03	1.038955e+01
4.848000e-05	-9.911710e-03	1.061073e+01
4.849000e-05	-1.920680e-02	1.082968e+01
4.850000e-05	-7.451784e-03	1.102165e+01
4.851000e-05	-2.658164e-02	1.124318e+01
4.852000e-05	2.320748e-02	1.144387e+01
4.853000e-05	-2.147197e-02	1.167434e+01
4.854000e-05	-2.884984e-03	1.189234e+01
4.855000e-05	-3.890351e-02	1.208376e+01
4.856000e-05	5.932365e-03	1.224229e+01
4.857000e-05	-7.351082e-03	1.243226e+01
4.858000e-05	-2.766540e-03	1.260016e+01
4.859000e-05	-2.271208e-02	1.279811e+01
4.860000e-05	-1.936309e-02	1.292755e+01
4.861000e-05	-4.168557e-03	1.311534e+01
4.862000e-05	-1.825498e-02	1.328382e+01
4.863000e-05	-1.418189e-02	1.339121e+01
4.864000e-05	-2.383186e-02	1.361965e+01
4.865000e-05	4.109856e-03	1.373795e+01
4.866000e-05	-1.039557e-02	1.385284e+01
4.867000e-05	-1.756774e-02	1.403231e+01
4.868000e-05	-3.272708e-02	1.417855e+01
4.869000e-05	-1.803365e-02	1.434597e+01
4.870000e-05	-7.972091e-03	1.436073e+01
4.871000e-05	-1.527366e-02	1.449545e+01
4.872000e-05	-2.240491e-02	1.465284e+01
4.873000e-05	-2.376636e-02	1.476698e+01
4.874000e-05	-9.983200e-03	1.482216e+01
4.875000e-05	-1.887984e-02	1.488542e+01
4.876000e-05	-2.408882e-02	1.500860e+01
4.877000e-05	-2.876192e-02	1.507232e+01
4.878000e-05	-1.719727e-02	1.512697e+01
4.879000e-05	-1.619742e-02	1.522216e+01
4.880000e-05	-2.924645e-02	1.528340e+01
4.881000e-05	-3.467435e-02	1.537408e+01
4.882000e-05	-3.234043e-02	1.538915e+01
4.883000e-05	-1.741859e-02	1.541126e+01
4.884000e-05	-2.413709e-02	1.551439e+01
4.885000e-05	-3.100813e-02	1.548552e+01
4.886000e-05	-3.603557e-02	1.556745e+01
4.887000e-05	-2.909588e-02	1.556861e+01
4.888000e-05	-3.212507e-02	1.559968e+01
4.889000e-05	-4.376852e-02	1.560119e+01
4.890000e-05	-4.511900e-02	1.562184e+01
4.891000e-05	-4.335121e-02	1.564329e+01
4.892000e-05	-3.580755e-02	1.563171e+01
4.893000e-05	-5.029922e-02	1.558971e+01
4.894000e-05	-5.913469e-02	1.557864e+01
4.895000e-05	-6.681344e-02	1.553648e+01
4.896000e-05	-6.633815e-02	1.552501e+01
4.897000e-05	-8.083638e-02	1.550289e+01
4.898000e-05	-1.059411e-01	1.547327e+01
4.899000e-05	-1.344379e-01	1.544229e+01
4.900000e-05	-1.739293e-01	1.536961e+01
4.901000e-05	-2.276351e-01	1.530545e+01
4.902000e-05	-2.495833e-01	1.526084e+01
4.903000e-05	-2.500000e-01	1.521118e+01
4.904000e-05	-2.500000e-01	1.514650e+01
4.905000e-05	-2.366519e-01	1.508334e+01
4.906000e-05	-1.749461e-01	1.499863e+01
4.907000e-05	-1.247962e-01	1.489442e+01
4.908000e-05	-8.948721e-02	1.479008e+01
4.909000e-05	-6.364538e-02	1.470439e+01
4.910000e-05	-4.573670e-02	1.462813e+01
4.911000e-05	-4.296721e-02	1.448234e+01
4.912000e-05	-3.835857e-02	1.435803e+01
4.913000e-05	-3.080995e-02	1.426227e+01
4.914000e-05	-2.468431e-02	1.414642e+01
4.915000e-05	-2.410182e-02	1.395906e+01
4.916000e-05	-2.911157e-02	1.386126e+01
4.917000e-05	-2.307609e-02	1.367442e+01
4.918000e-05	-1.842951e-02	1.358650e+01
4.919000e-05	-1.381565e-02	1.340866e+01
4.920000e-05	-2.121777e-02	1.322331e+01
4.921000e-05	-1.973599e-02	1.309342e+01
4.922000e-05	-1.732501e-02	1.292457e+01
4.923000e-05	-1.183052e-02	1.277908e+01
4.924000e-05	-1.610168e-02	1.257913e+01
4.925000e-05	-1.853134e-02	1.243166e+01
4.926000e-05	-1.481612e-02	1.227226e+01
4.927000e-05	-1.138159e-02	1.204281e+01
4.928000e-05	-1.184084e-02	1.185236e+01
4.929000e-05	-1.789717e-02	1.167329e+01
4.930000e-05	-1.458818e-02	1.144031e+01
4.931000e-05	-1.167326e-02	1.124128e+01
4.932000e-05	-8.768344e-03	1.101069e+01
4.933000e-05	-1.249844e-02	1.081114e+01
4.934000e-05	-1.468708e-02	1.060960e+01
4.935000e-05	-1.171589e-02	1.040905e+01
4.936000e-05	-9.622832e-03	1.018653e+01
4.937000e-05	-1.047869e-02	9.957946e+00
4.938000e-05	-1.428650e-02	9.694922e+00
4.939000e-05	-1.175497e-02	9.472760e+00
4.940000e-05	-9.235117e-03	9.234212e+00
4.941000e-05	-8.057603e-03	8.999104e+00
4.942000e-05	-1.242209e-02	8.776525e+00
4.943000e-05	-1.237978e-02	8.535395e+00
4.944000e-05	-8.922058e-03	8.304796e+00
4.945000e-05	-6.991107e-03	8.020681e+00
4.946000e-05	-9.078706e-03	7.800506e+00
4.947000e-05	-1.134367e-02	7.514395e+00
4.948000e-05	-1.011448e-02	7.252612e+00
4.949000e-05	-8.779700e-03	6.968979e+00
4.950000e-05	-7.435426e-03	6.706845e+00
4.951000e-05	-1.175835e-02	6.443184e+00
4.952000e-05	-1.008378e-02	6.178578e+00
4.953000e-05	-7.131390e-03	5.957921e+00
4.954000e-05	-4.971362e-03	5.682193e+00
4.955000e-05	-8.646552e-03	5.348580e+00
4.956000e-05	-9.610090e-03	5.042164e+00
4.957000e-05	-8.569658e-03	4.714895e+00
4.958000e-05	-7.251969e-03	4.483262e+00
4.959000e-05	-8.644061e-03	4.210073e+00
4.960000e-05	-1.134763e-02	3.885342e+00
4.961000e-05	-8.844033e-03	3.631630e+00
4.962000e-05	-4.185700e-03	3.336463e+00
4.963000e-05	-4.229374e-03	3.053685e+00
4.964000e-05	-5.988755e-03	2.789576e+00
4.965000e-05	-9.571210e-03	2.464888e+00
4.966000e-05	-7.182923e-03	2.187504e+00
4.967000e-05	-6.279693e-03	1.917368e+00
4.968000e-05	-8.599952e-03	1.630606e+00
4.969000e-05	-8.886562e-03	1.344870e+00
4.970000e-05	-6.766190e-03	9.710289e-01
4.971000e-05	-2.533894e-03	7.147393e-01
4.972000e-05	-3.251703e-03	4.505514e-01
4.973000e-05	-4.461710e-03	1.458917e-01
4.974000e-05	-2.818940e-03	-1.387936e-01
4.975000e-05	1.126883e-02	-4.200239e-01
4.976000e-05	-3.421838e-03	-7.253410e-01
4.977000e-05	3.764165e-03	-9.889451e-01
4.978000e-05	-5.286171e-03	-1.233132e+00
4.979000e-05	3.409692e-03	-1.559446e+00
4.980000e-05	6.626428e-04	-1.780526e+00
4.981000e-05	3.156358e-02	-2.020979e+00
4.982000e-05	1.206316e-01	-2.315337e+00
4.983000e-05	-1.231866e-02	-2.715209e+00
4.984000e-05	-5.112121e-02	-3.125811e+00
4.985000e-05	-2.254645e-02	-3.413075e+00
4.986000e-05	-3.159810e-02	-3.611053e+00
4.987000e-05	-8.197852e-02	-3.874213e+00
4.988000e-05	5.230246e-02	-4.072083e+00
4.989000e-05	1.153737e-01	-4.273707e+00
4.990000e-05	-1.741328e-01	-4.581978e+00
4.991000e-05	2.262237e-01	-4.893656e+00
4.992000e-05	-1.531306e-01	-5.186893e+00
4.993000e-05	7.150873e-02	-5.576895e+00
4.994000e-05	2.457326e-03	-5.716420e+00
4.995000e-05	-1.138164e-01	-6.073208e+00
4.996000e-05	1.991757e-01	-6.284217e+00
4.997000e-05	-1.483051e-01	-6.608448e+00
4.998000e-05	1.276821e-01	-6.894157e+00
4.999000e-05	-6.889540e-02	-7.127323e+00
