# 260528_14:54:37.643290
t	CH1	CH2
0.000000e+00	-4.090825e-03	4.420551e-01
1.000000e-08	-4.212632e-03	1.662410e-01
2.000000e-08	-3.607287e-03	-1.369158e-01
3.000000e-08	1.057415e-02	-3.799737e-01
4.000000e-08	-2.740405e-03	-6.967517e-01
5.000000e-08	5.135446e-03	-9.879198e-01
6.000000e-08	-5.762755e-03	-1.232105e+00
7.000000e-08	3.065011e-03	-1.567945e+00
8.000000e-08	-1.688689e-03	-1.769947e+00
9.000000e-08	3.036586e-02	-2.010983e+00
1.000000e-07	1.137668e-01	-2.265291e+00
1.100000e-07	4.161348e-03	-2.683237e+00
1.200000e-07	-6.271475e-02	-3.085812e+00
1.300000e-07	-1.287078e-02	-3.419602e+00
1.400000e-07	-3.777632e-02	-3.579547e+00
1.500000e-07	-7.005232e-02	-3.845283e+00
1.600000e-07	1.999084e-02	-4.041658e+00
1.700000e-07	1.528371e-01	-4.241183e+00
1.800000e-07	-2.031623e-01	-4.589526e+00
1.900000e-07	2.321782e-01	-4.833110e+00
2.000000e-07	-1.420087e-01	-5.168342e+00
2.100000e-07	3.400344e-02	-5.547420e+00
2.200000e-07	4.980818e-02	-5.696293e+00
2.300000e-07	-1.523759e-01	-6.043130e+00
2.400000e-07	2.204710e-01	-6.254686e+00
2.500000e-07	-1.522969e-01	-6.580075e+00
2.600000e-07	1.135181e-01	-6.851558e+00
2.700000e-07	-4.328667e-02	-7.145242e+00
2.800000e-07	-4.677698e-02	-7.421055e+00
2.900000e-07	1.102209e-01	-7.653138e+00
3.000000e-07	-1.323713e-01	-7.969471e+00
3.100000e-07	1.741257e-01	-8.220528e+00
3.200000e-07	-1.130616e-01	-8.450056e+00
3.300000e-07	8.406970e-02	-8.746897e+00
3.400000e-07	-1.089243e-02	-8.946396e+00
3.500000e-07	-5.954436e-02	-9.193030e+00
3.600000e-07	8.067956e-02	-9.409559e+00
3.700000e-07	-7.900176e-02	-9.653585e+00
3.800000e-07	1.382103e-01	-9.873165e+00
3.900000e-07	-9.466000e-02	-1.013587e+01
4.000000e-07	9.098026e-02	-1.037837e+01
4.100000e-07	-7.141708e-02	-1.057752e+01
4.200000e-07	4.919058e-02	-1.081143e+01
4.300000e-07	-8.110262e-03	-1.097043e+01
4.400000e-07	3.324675e-03	-1.118950e+01
4.500000e-07	3.726292e-02	-1.142898e+01
4.600000e-07	-2.015142e-02	-1.167258e+01
4.700000e-07	5.245777e-02	-1.187319e+01
4.800000e-07	-4.693701e-02	-1.208369e+01
4.900000e-07	4.401698e-02	-1.227153e+01
5.000000e-07	-2.694334e-02	-1.243106e+01
5.100000e-07	5.907716e-02	-1.261001e+01
5.200000e-07	-1.563918e-02	-1.277843e+01
5.300000e-07	2.437064e-02	-1.295893e+01
5.400000e-07	-1.145842e-02	-1.312724e+01
5.500000e-07	2.057027e-02	-1.329469e+01
5.600000e-07	5.712227e-03	-1.343158e+01
5.700000e-07	1.042760e-02	-1.361908e+01
5.800000e-07	1.583192e-02	-1.377788e+01
5.900000e-07	1.282023e-02	-1.392527e+01
6.000000e-07	2.046306e-02	-1.398156e+01
6.100000e-07	-1.810623e-03	-1.417800e+01
6.200000e-07	9.642827e-03	-1.429377e+01
6.300000e-07	5.627097e-03	-1.443006e+01
6.400000e-07	2.772097e-02	-1.450640e+01
6.500000e-07	1.134636e-02	-1.466364e+01
6.600000e-07	1.784741e-02	-1.477685e+01
6.700000e-07	3.514565e-03	-1.487416e+01
6.800000e-07	1.993433e-02	-1.493890e+01
6.900000e-07	1.139663e-02	-1.502214e+01
7.000000e-07	1.743778e-02	-1.515675e+01
7.100000e-07	1.356463e-02	-1.521003e+01
7.200000e-07	2.285646e-02	-1.531219e+01
7.300000e-07	2.098728e-02	-1.534733e+01
7.400000e-07	1.502796e-02	-1.540198e+01
7.500000e-07	1.174622e-02	-1.546514e+01
7.600000e-07	1.600915e-02	-1.550580e+01
7.700000e-07	2.679821e-02	-1.558990e+01
7.800000e-07	2.468575e-02	-1.563051e+01
7.900000e-07	2.433982e-02	-1.568304e+01
8.000000e-07	2.114527e-02	-1.563362e+01
8.100000e-07	2.759840e-02	-1.570324e+01
8.200000e-07	2.712530e-02	-1.571417e+01
8.300000e-07	2.779731e-02	-1.571680e+01
8.400000e-07	2.834561e-02	-1.570688e+01
8.500000e-07	3.648104e-02	-1.574437e+01
8.600000e-07	4.222916e-02	-1.570425e+01
8.700000e-07	4.253449e-02	-1.568580e+01
8.800000e-07	4.185916e-02	-1.568370e+01
8.900000e-07	5.182329e-02	-1.568309e+01
9.000000e-07	6.418397e-02	-1.565156e+01
9.100000e-07	7.852198e-02	-1.564088e+01
9.200000e-07	9.351050e-02	-1.553893e+01
9.300000e-07	1.222825e-01	-1.553725e+01
9.400000e-07	1.712684e-01	-1.546462e+01
9.500000e-07	2.302255e-01	-1.541146e+01
9.600000e-07	2.499000e-01	-1.537683e+01
9.700000e-07	2.500000e-01	-1.529275e+01
9.800000e-07	2.496000e-01	-1.522058e+01
9.900000e-07	2.263301e-01	-1.517727e+01
1.000000e-06	1.529727e-01	-1.504164e+01
1.010000e-06	9.797675e-02	-1.494783e+01
1.020000e-06	6.863479e-02	-1.486366e+01
1.030000e-06	5.375607e-02	-1.482140e+01
1.040000e-06	4.087059e-02	-1.469367e+01
1.050000e-06	2.870194e-02	-1.455743e+01
1.060000e-06	2.162670e-02	-1.443309e+01
1.070000e-06	2.029899e-02	-1.432682e+01
1.080000e-06	1.877815e-02	-1.417838e+01
1.090000e-06	1.430511e-02	-1.406362e+01
1.100000e-06	1.079639e-02	-1.392780e+01
1.110000e-06	1.183896e-02	-1.370843e+01
1.120000e-06	1.326782e-02	-1.365201e+01
1.130000e-06	1.044669e-02	-1.349364e+01
1.140000e-06	5.550002e-03	-1.332617e+01
1.150000e-06	3.967610e-03	-1.317833e+01
1.160000e-06	6.254079e-03	-1.298951e+01
1.170000e-06	6.976406e-03	-1.288158e+01
1.180000e-06	5.139085e-03	-1.267211e+01
1.190000e-06	3.041868e-03	-1.247567e+01
1.200000e-06	3.750005e-03	-1.234724e+01
1.210000e-06	4.333750e-03	-1.212480e+01
1.220000e-06	3.118019e-03	-1.189777e+01
1.230000e-06	-3.547739e-06	-1.173472e+01
1.240000e-06	8.437249e-04	-1.154409e+01
1.250000e-06	3.012430e-03	-1.124364e+01
1.260000e-06	2.998125e-03	-1.102163e+01
1.270000e-06	-2.808747e-04	-1.086206e+01
1.280000e-06	-2.352628e-03	-1.067156e+01
1.290000e-06	7.954247e-05	-1.046156e+01
1.300000e-06	1.428550e-03	-1.016050e+01
1.310000e-06	-3.079015e-04	-9.960449e+00
1.320000e-06	-2.355168e-03	-9.769896e+00
1.330000e-06	-1.851697e-03	-9.557294e+00
1.340000e-06	-1.179523e-03	-9.306641e+00
1.350000e-06	-1.790251e-03	-9.072639e+00
1.360000e-06	-4.181144e-03	-8.860532e+00
1.370000e-06	-3.880014e-03	-8.551949e+00
1.380000e-06	-1.779477e-03	-8.358197e+00
1.390000e-06	-1.699782e-03	-8.114716e+00
1.400000e-06	-3.599144e-03	-7.820033e+00
1.410000e-06	-4.266941e-03	-7.569795e+00
1.420000e-06	-3.798718e-03	-7.273663e+00
1.430000e-06	-3.803975e-03	-7.009907e+00
1.440000e-06	-4.665847e-03	-6.767247e+00
1.450000e-06	-5.788506e-03	-6.515666e+00
1.460000e-06	-4.497278e-03	-6.240908e+00
1.470000e-06	-5.522530e-03	-5.926820e+00
1.480000e-06	-3.514699e-03	-5.684666e+00
1.490000e-06	-7.033874e-03	-5.379304e+00
1.500000e-06	-5.436050e-03	-5.113638e+00
1.510000e-06	-5.599847e-03	-4.737747e+00
1.520000e-06	-4.270686e-03	-4.514184e+00
1.530000e-06	-6.248077e-03	-4.242556e+00
1.540000e-06	-8.269925e-03	-3.989398e+00
1.550000e-06	-7.037358e-03	-3.663087e+00
1.560000e-06	-7.754301e-03	-3.418503e+00
1.570000e-06	-7.427645e-03	-3.166367e+00
1.580000e-06	-8.758129e-03	-2.811049e+00
1.590000e-06	-6.100785e-03	-2.545819e+00
1.600000e-06	-5.916297e-03	-2.313057e+00
1.610000e-06	-5.839942e-03	-1.987391e+00
1.620000e-06	-1.009248e-02	-1.666636e+00
1.630000e-06	-8.873055e-03	-1.358870e+00
1.640000e-06	-9.643190e-03	-1.043107e+00
1.650000e-06	-8.873681e-03	-7.799186e-01
1.660000e-06	-7.310596e-03	-4.316064e-01
1.670000e-06	-8.129549e-03	-1.683237e-01
1.680000e-06	1.314276e-03	6.518703e-02
1.690000e-06	8.800934e-03	3.999487e-01
1.700000e-06	-5.621961e-03	6.416029e-01
1.710000e-06	2.233038e-03	8.833215e-01
1.720000e-06	-9.103299e-03	1.221503e+00
1.730000e-06	2.892419e-04	1.485189e+00
1.740000e-06	-5.489278e-03	1.811025e+00
1.750000e-06	1.951539e-02	2.001550e+00
1.760000e-06	7.037665e-02	2.253739e+00
1.770000e-06	6.568124e-02	2.642659e+00
1.780000e-06	-9.049019e-02	2.968372e+00
1.790000e-06	-2.615342e-02	3.262103e+00
1.800000e-06	-4.574655e-02	3.539946e+00
1.810000e-06	-2.104396e-02	3.760971e+00
1.820000e-06	-8.646653e-02	3.967975e+00
1.830000e-06	5.956808e-02	4.262183e+00
1.840000e-06	7.756305e-02	4.579421e+00
1.850000e-06	-1.316723e-01	4.810007e+00
1.860000e-06	2.025312e-01	5.055817e+00
1.870000e-06	-1.535022e-01	5.453160e+00
1.880000e-06	2.971216e-02	5.675687e+00
1.890000e-06	-2.294610e-03	6.008057e+00
1.900000e-06	-2.941382e-02	6.190657e+00
1.910000e-06	7.612695e-02	6.494818e+00
1.920000e-06	-9.191120e-02	6.822556e+00
1.930000e-06	4.969159e-02	7.052159e+00
1.940000e-06	-5.507169e-02	7.376845e+00
1.950000e-06	2.417833e-02	7.622132e+00
1.960000e-06	-2.304869e-02	7.895766e+00
1.970000e-06	-1.823622e-02	8.188428e+00
1.980000e-06	5.353822e-02	8.381533e+00
1.990000e-06	-3.988955e-02	8.661211e+00
2.000000e-06	1.680528e-02	8.893161e+00
2.010000e-06	-4.325899e-02	9.156419e+00
2.020000e-06	-1.943207e-02	9.328795e+00
2.030000e-06	1.908712e-02	9.589981e+00
2.040000e-06	-1.871931e-03	9.841006e+00
2.050000e-06	3.334848e-03	1.005314e+01
2.060000e-06	-3.282901e-02	1.026219e+01
2.070000e-06	1.448179e-02	1.053322e+01
2.080000e-06	-2.404817e-02	1.074577e+01
2.090000e-06	-9.113632e-03	1.094679e+01
2.100000e-06	-2.113860e-02	1.111732e+01
2.110000e-06	-2.276050e-03	1.134840e+01
2.120000e-06	7.749311e-03	1.157848e+01
2.130000e-06	-1.383497e-02	1.175803e+01
2.140000e-06	-2.081174e-02	1.196898e+01
2.150000e-06	-2.067613e-02	1.213851e+01
2.160000e-06	9.325151e-04	1.234685e+01
2.170000e-06	-1.646164e-03	1.253627e+01
2.180000e-06	-1.331113e-02	1.272617e+01
2.190000e-06	-1.984571e-02	1.287272e+01
2.200000e-06	-1.488828e-02	1.306996e+01
2.210000e-06	-6.511647e-03	1.319046e+01
2.220000e-06	-1.769295e-02	1.337687e+01
2.230000e-06	-2.177513e-02	1.348572e+01
2.240000e-06	-9.614574e-03	1.365216e+01
2.250000e-06	-1.973004e-03	1.379938e+01
2.260000e-06	-7.016728e-03	1.396782e+01
2.270000e-06	-3.003468e-02	1.408427e+01
2.280000e-06	-2.234294e-02	1.425104e+01
2.290000e-06	-1.788715e-02	1.434640e+01
2.300000e-06	-6.647849e-03	1.451417e+01
2.310000e-06	-2.132351e-02	1.461793e+01
2.320000e-06	-2.219477e-02	1.469427e+01
2.330000e-06	-1.369084e-02	1.479048e+01
2.340000e-06	-1.318103e-02	1.489261e+01
2.350000e-06	-1.877790e-02	1.494685e+01
2.360000e-06	-3.153484e-02	1.506156e+01
2.370000e-06	-2.034064e-02	1.514527e+01
2.380000e-06	-1.963312e-02	1.518933e+01
2.390000e-06	-1.555735e-02	1.526261e+01
2.400000e-06	-3.217571e-02	1.532375e+01
2.410000e-06	-3.023886e-02	1.532843e+01
2.420000e-06	-2.511080e-02	1.541099e+01
2.430000e-06	-2.005196e-02	1.547356e+01
2.440000e-06	-2.766705e-02	1.550682e+01
2.450000e-06	-3.549878e-02	1.554643e+01
2.460000e-06	-2.866585e-02	1.557890e+01
2.470000e-06	-2.932557e-02	1.563848e+01
2.480000e-06	-3.191622e-02	1.558143e+01
2.490000e-06	-4.638306e-02	1.562006e+01
2.500000e-06	-4.263798e-02	1.562044e+01
2.510000e-06	-3.915622e-02	1.565998e+01
2.520000e-06	-3.919970e-02	1.562949e+01
2.530000e-06	-5.200599e-02	1.561895e+01
2.540000e-06	-6.177787e-02	1.559896e+01
2.550000e-06	-6.181589e-02	1.557683e+01
2.560000e-06	-7.058261e-02	1.552565e+01
2.570000e-06	-8.807076e-02	1.554472e+01
2.580000e-06	-1.176678e-01	1.547314e+01
2.590000e-06	-1.459716e-01	1.536046e+01
2.600000e-06	-1.944493e-01	1.537688e+01
2.610000e-06	-2.436045e-01	1.528419e+01
2.620000e-06	-2.500000e-01	1.525261e+01
2.630000e-06	-2.500000e-01	1.518988e+01
2.640000e-06	-2.472399e-01	1.508565e+01
2.650000e-06	-2.012897e-01	1.503459e+01
2.660000e-06	-1.372797e-01	1.494533e+01
2.670000e-06	-1.018428e-01	1.485164e+01
2.680000e-06	-7.225511e-02	1.476742e+01
2.690000e-06	-5.145650e-02	1.464201e+01
2.700000e-06	-4.294279e-02	1.453532e+01
2.710000e-06	-3.823319e-02	1.443304e+01
2.720000e-06	-3.425140e-02	1.432575e+01
2.730000e-06	-2.382963e-02	1.422049e+01
2.740000e-06	-2.363560e-02	1.405061e+01
2.750000e-06	-2.440571e-02	1.391472e+01
2.760000e-06	-2.755234e-02	1.375936e+01
2.770000e-06	-1.946602e-02	1.362151e+01
2.780000e-06	-1.647473e-02	1.352464e+01
2.790000e-06	-1.718097e-02	1.333622e+01
2.800000e-06	-2.056916e-02	1.319790e+01
2.810000e-06	-1.828293e-02	1.303141e+01
2.820000e-06	-1.329115e-02	1.286364e+01
2.830000e-06	-1.355327e-02	1.271407e+01
2.840000e-06	-1.586729e-02	1.253722e+01
2.850000e-06	-1.832554e-02	1.231420e+01
2.860000e-06	-1.163790e-02	1.213580e+01
2.870000e-06	-1.174745e-02	1.197890e+01
2.880000e-06	-1.417582e-02	1.175830e+01
2.890000e-06	-1.759538e-02	1.156795e+01
2.900000e-06	-1.304921e-02	1.132775e+01
2.910000e-06	-9.199504e-03	1.112580e+01
2.920000e-06	-1.031762e-02	1.090724e+01
2.930000e-06	-1.239496e-02	1.076479e+01
2.940000e-06	-1.281761e-02	1.049457e+01
2.950000e-06	-8.171821e-03	1.031469e+01
2.960000e-06	-9.725951e-03	1.012356e+01
2.970000e-06	-1.268819e-02	9.849437e+00
2.980000e-06	-1.408495e-02	9.589452e+00
2.990000e-06	-1.003183e-02	9.348871e+00
3.000000e-06	-7.604739e-03	9.136222e+00
3.010000e-06	-1.007729e-02	8.875167e+00
3.020000e-06	-1.183236e-02	8.641583e+00
3.030000e-06	-1.041472e-02	8.410480e+00
3.040000e-06	-6.974969e-03	8.188780e+00
3.050000e-06	-6.837956e-03	7.904747e+00
3.060000e-06	-9.967091e-03	7.671666e+00
3.070000e-06	-1.109846e-02	7.359902e+00
3.080000e-06	-8.486333e-03	7.105795e+00
3.090000e-06	-7.731634e-03	6.862089e+00
3.100000e-06	-9.735189e-03	6.629402e+00
3.110000e-06	-1.056360e-02	6.336197e+00
3.120000e-06	-8.481908e-03	6.043087e+00
3.130000e-06	-5.763490e-03	5.819931e+00
3.140000e-06	-6.722710e-03	5.495641e+00
3.150000e-06	-9.288049e-03	5.230083e+00
3.160000e-06	-9.029066e-03	4.924637e+00
3.170000e-06	-6.831389e-03	4.620404e+00
3.180000e-06	-6.480484e-03	4.376947e+00
3.190000e-06	-7.970030e-03	4.053103e+00
3.200000e-06	-9.100103e-03	3.768395e+00
3.210000e-06	-6.948651e-03	3.553244e+00
3.220000e-06	-5.322444e-03	3.218950e+00
3.230000e-06	-6.830514e-03	2.906265e+00
3.240000e-06	-8.161113e-03	2.674562e+00
3.250000e-06	-7.367916e-03	2.357243e+00
3.260000e-06	-5.878887e-03	2.084183e+00
3.270000e-06	-4.932917e-03	1.789051e+00
3.280000e-06	-7.510327e-03	1.502739e+00
3.290000e-06	-7.753374e-03	1.160997e+00
3.300000e-06	-5.789104e-03	8.110813e-01
3.310000e-06	-3.754996e-03	5.878486e-01
3.320000e-06	-4.783790e-03	2.867119e-01
3.330000e-06	-4.135115e-03	-5.200126e-02
3.340000e-06	3.149459e-03	-2.948118e-01
3.350000e-06	9.133788e-03	-5.668634e-01
3.360000e-06	-3.174807e-03	-8.311065e-01
3.370000e-06	2.369108e-03	-1.115308e+00
3.380000e-06	-3.494819e-03	-1.429653e+00
3.390000e-06	1.477411e-03	-1.654187e+00
3.400000e-06	1.021358e-02	-1.935813e+00
3.410000e-06	6.266540e-02	-2.144892e+00
3.420000e-06	1.125774e-01	-2.493237e+00
3.430000e-06	-9.224616e-02	-2.894790e+00
3.440000e-06	4.354655e-04	-3.304734e+00
3.450000e-06	-5.425778e-02	-3.516310e+00
3.460000e-06	-2.012838e-02	-3.717768e+00
3.470000e-06	-1.049509e-01	-3.989522e+00
3.480000e-06	2.039550e-01	-4.136869e+00
3.490000e-06	-1.199616e-01	-4.409978e+00
3.500000e-06	5.845769e-02	-4.747346e+00
3.510000e-06	1.171327e-01	-4.967947e+00
3.520000e-06	-1.895941e-01	-5.325949e+00
3.530000e-06	2.044306e-01	-5.601428e+00
3.540000e-06	-1.972901e-01	-5.854812e+00
3.550000e-06	1.262558e-01	-6.188974e+00
3.560000e-06	3.119667e-02	-6.400106e+00
3.570000e-06	-7.522320e-02	-6.738841e+00
3.580000e-06	1.372169e-01	-6.988033e+00
3.590000e-06	-1.706059e-01	-7.235267e+00
3.600000e-06	1.413792e-01	-7.529919e+00
3.610000e-06	-8.938559e-02	-7.811154e+00
3.620000e-06	5.506491e-02	-8.076767e+00
3.630000e-06	5.890291e-02	-8.295817e+00
3.640000e-06	-8.916809e-02	-8.640604e+00
3.650000e-06	1.401314e-01	-8.872184e+00
3.660000e-06	-1.510132e-01	-9.073740e+00
3.670000e-06	1.063910e-01	-9.315745e+00
3.680000e-06	-7.214036e-02	-9.509349e+00
3.690000e-06	8.277306e-02	-9.819975e+00
3.700000e-06	5.057251e-03	-9.969451e+00
3.710000e-06	-1.411293e-02	-1.024166e+01
3.720000e-06	4.287955e-02	-1.046417e+01
3.730000e-06	-6.277136e-02	-1.072624e+01
3.740000e-06	8.229121e-02	-1.086517e+01
3.750000e-06	-6.672955e-02	-1.106517e+01
3.760000e-06	7.999079e-02	-1.133682e+01
3.770000e-06	-4.332299e-02	-1.152882e+01
3.780000e-06	5.820778e-02	-1.173795e+01
3.790000e-06	-2.823939e-02	-1.194693e+01
3.800000e-06	1.862279e-02	-1.218797e+01
3.810000e-06	-1.699111e-03	-1.231780e+01
3.820000e-06	2.024836e-02	-1.251585e+01
3.830000e-06	2.666935e-02	-1.272372e+01
3.840000e-06	-7.807096e-03	-1.283317e+01
3.850000e-06	1.696397e-02	-1.307161e+01
3.860000e-06	-1.098902e-02	-1.320901e+01
3.870000e-06	2.886676e-02	-1.336885e+01
3.880000e-06	-7.902629e-03	-1.353577e+01
3.890000e-06	2.953151e-02	-1.368326e+01
3.900000e-06	3.111539e-03	-1.385100e+01
3.910000e-06	3.021541e-02	-1.397993e+01
3.920000e-06	-2.988656e-03	-1.410577e+01
3.930000e-06	1.127865e-02	-1.424164e+01
3.940000e-06	-1.892531e-03	-1.436745e+01
3.950000e-06	2.371936e-02	-1.452472e+01
3.960000e-06	1.583672e-02	-1.461058e+01
3.970000e-06	1.813705e-02	-1.473725e+01
3.980000e-06	9.973080e-03	-1.480198e+01
3.990000e-06	1.268269e-02	-1.491582e+01
4.000000e-06	1.801274e-02	-1.495895e+01
4.010000e-06	1.088730e-02	-1.508471e+01
4.020000e-06	1.693994e-02	-1.519685e+01
4.030000e-06	1.436347e-02	-1.524069e+01
4.040000e-06	2.577037e-02	-1.529387e+01
4.050000e-06	1.417881e-02	-1.539001e+01
4.060000e-06	1.620695e-02	-1.544156e+01
4.070000e-06	1.125147e-02	-1.550367e+01
4.080000e-06	2.487735e-02	-1.557882e+01
4.090000e-06	2.598619e-02	-1.563098e+01
4.100000e-06	2.444808e-02	-1.561156e+01
4.110000e-06	2.190406e-02	-1.566207e+01
4.120000e-06	2.356102e-02	-1.569516e+01
4.130000e-06	2.822562e-02	-1.568522e+01
4.140000e-06	2.651539e-02	-1.569632e+01
4.150000e-06	2.822960e-02	-1.575673e+01
4.160000e-06	3.248252e-02	-1.572483e+01
4.170000e-06	4.055882e-02	-1.571725e+01
4.180000e-06	4.295584e-02	-1.571369e+01
4.190000e-06	4.210109e-02	-1.571524e+01
4.200000e-06	4.620134e-02	-1.570517e+01
4.210000e-06	5.685536e-02	-1.567303e+01
4.220000e-06	7.115780e-02	-1.561251e+01
4.230000e-06	8.558997e-02	-1.562101e+01
4.240000e-06	1.067772e-01	-1.556883e+01
4.250000e-06	1.466740e-01	-1.547619e+01
4.260000e-06	2.034048e-01	-1.544311e+01
4.270000e-06	2.469210e-01	-1.535893e+01
4.280000e-06	2.500000e-01	-1.529585e+01
4.290000e-06	2.500000e-01	-1.529217e+01
4.300000e-06	2.443547e-01	-1.520797e+01
4.310000e-06	1.863908e-01	-1.508317e+01
4.320000e-06	1.196920e-01	-1.496948e+01
4.330000e-06	7.994328e-02	-1.490527e+01
4.340000e-06	5.923315e-02	-1.483054e+01
4.350000e-06	4.650056e-02	-1.474677e+01
4.360000e-06	3.502175e-02	-1.463006e+01
4.370000e-06	2.546438e-02	-1.453430e+01
4.380000e-06	2.143020e-02	-1.437885e+01
4.390000e-06	1.944563e-02	-1.426171e+01
4.400000e-06	1.611125e-02	-1.415572e+01
4.410000e-06	1.125186e-02	-1.397993e+01
4.420000e-06	1.058642e-02	-1.384048e+01
4.430000e-06	1.137380e-02	-1.370319e+01
4.440000e-06	1.255926e-02	-1.353687e+01
4.450000e-06	8.922438e-03	-1.337788e+01
4.460000e-06	5.556786e-03	-1.323209e+01
4.470000e-06	5.392422e-03	-1.310264e+01
4.480000e-06	5.648230e-03	-1.291580e+01
4.490000e-06	5.380397e-03	-1.277640e+01
4.500000e-06	3.021672e-03	-1.253831e+01
4.510000e-06	3.161936e-03	-1.239900e+01
4.520000e-06	4.031817e-03	-1.223796e+01
4.530000e-06	3.731683e-03	-1.203844e+01
4.540000e-06	1.344345e-03	-1.180246e+01
4.550000e-06	3.802104e-04	-1.157840e+01
4.560000e-06	2.317459e-03	-1.138938e+01
4.570000e-06	2.869659e-03	-1.112625e+01
4.580000e-06	1.630239e-03	-1.091577e+01
4.590000e-06	-9.274222e-04	-1.071587e+01
4.600000e-06	-1.063881e-03	-1.055730e+01
4.610000e-06	-3.083732e-04	-1.027464e+01
4.620000e-06	5.156367e-04	-1.012369e+01
4.630000e-06	-1.809487e-03	-9.851615e+00
4.640000e-06	-1.230086e-03	-9.662662e+00
4.650000e-06	-8.649029e-04	-9.410532e+00
4.660000e-06	-9.212828e-04	-9.147926e+00
4.670000e-06	-2.805872e-03	-8.947271e+00
4.680000e-06	-4.372301e-03	-8.715191e+00
4.690000e-06	-3.937381e-03	-8.463539e+00
4.700000e-06	-1.277336e-03	-8.210978e+00
4.710000e-06	-2.394156e-03	-8.008420e+00
4.720000e-06	-4.738055e-03	-7.683688e+00
4.730000e-06	-4.772327e-03	-7.389900e+00
4.740000e-06	-3.864537e-03	-7.173820e+00
4.750000e-06	-3.301922e-03	-6.873136e+00
4.760000e-06	-5.594812e-03	-6.628951e+00
4.770000e-06	-4.793228e-03	-6.366967e+00
4.780000e-06	-5.443183e-03	-6.103659e+00
4.790000e-06	-3.984716e-03	-5.800003e+00
4.800000e-06	-5.676133e-03	-5.505767e+00
4.810000e-06	-6.634406e-03	-5.189029e+00
4.820000e-06	-7.332314e-03	-4.944195e+00
4.830000e-06	-4.270099e-03	-4.609972e+00
4.840000e-06	-5.566586e-03	-4.416421e+00
4.850000e-06	-5.657879e-03	-4.074712e+00
4.860000e-06	-7.780535e-03	-3.800053e+00
4.870000e-06	-6.169028e-03	-3.526817e+00
4.880000e-06	-8.358496e-03	-3.271164e+00
4.890000e-06	-6.835161e-03	-2.936821e+00
4.900000e-06	-9.248802e-03	-2.693109e+00
4.910000e-06	-5.896198e-03	-2.419476e+00
4.920000e-06	-6.345277e-03	-2.094633e+00
4.930000e-06	-6.468808e-03	-1.801529e+00
4.940000e-06	-8.968297e-03	-1.546844e+00
4.950000e-06	-8.690279e-03	-1.199424e+00
4.960000e-06	-8.725862e-03	-8.642117e-01
4.970000e-06	-8.459505e-03	-6.300050e-01
4.980000e-06	-7.647537e-03	-3.346881e-01
4.990000e-06	-6.420696e-03	-6.105025e-02
5.000000e-06	7.156551e-03	2.547267e-01
5.010000e-06	-4.700441e-03	4.858670e-01
5.020000e-06	2.273126e-03	7.884534e-01
5.030000e-06	-4.942590e-03	1.113834e+00
5.040000e-06	-3.496276e-05	1.338870e+00
5.050000e-06	-3.743517e-03	1.634809e+00
5.060000e-06	9.653367e-03	1.936343e+00
5.070000e-06	3.281196e-02	2.167345e+00
5.080000e-06	1.047653e-01	2.423080e+00
5.090000e-06	-5.165431e-02	2.830477e+00
5.100000e-06	-4.937489e-02	3.168315e+00
5.110000e-06	-4.167389e-02	3.390656e+00
5.120000e-06	-1.728419e-02	3.674184e+00
5.130000e-06	-7.114455e-02	3.894339e+00
5.140000e-06	-2.996998e-02	4.104787e+00
5.150000e-06	1.386152e-01	4.421051e+00
5.160000e-06	-1.097810e-01	4.694362e+00
5.170000e-06	8.336794e-02	4.947322e+00
5.180000e-06	4.046263e-02	5.285292e+00
5.190000e-06	-1.271066e-01	5.598397e+00
5.200000e-06	8.890458e-02	5.883289e+00
5.210000e-06	-8.507184e-02	6.136321e+00
5.220000e-06	8.036181e-02	6.349499e+00
5.230000e-06	-3.316817e-02	6.703691e+00
5.240000e-06	-2.952072e-02	6.966896e+00
5.250000e-06	2.550433e-02	7.220508e+00
5.260000e-06	-5.520807e-02	7.524242e+00
5.270000e-06	4.953975e-02	7.758950e+00
5.280000e-06	-7.670368e-02	8.083712e+00
5.290000e-06	5.957179e-02	8.315821e+00
5.300000e-06	-6.207497e-03	8.566769e+00
5.310000e-06	-2.079919e-02	8.767373e+00
5.320000e-06	1.376944e-02	9.018609e+00
5.330000e-06	-7.425857e-02	9.264663e+00
5.340000e-06	4.439387e-02	9.493712e+00
5.350000e-06	-2.767303e-02	9.687295e+00
5.360000e-06	3.455089e-02	9.967921e+00
5.370000e-06	-4.718214e-02	1.018902e+01
5.380000e-06	1.180299e-02	1.035993e+01
5.390000e-06	-9.504318e-03	1.063905e+01
5.400000e-06	-2.021990e-02	1.084455e+01
5.410000e-06	-8.300641e-03	1.106406e+01
5.420000e-06	-2.807307e-02	1.126166e+01
5.430000e-06	2.533615e-02	1.149221e+01
5.440000e-06	-2.171511e-02	1.167467e+01
5.450000e-06	-1.697359e-04	1.189519e+01
5.460000e-06	-4.121977e-02	1.208327e+01
5.470000e-06	7.680596e-03	1.226311e+01
5.480000e-06	-8.256318e-03	1.248366e+01
5.490000e-06	-1.445817e-03	1.261153e+01
5.500000e-06	-2.248551e-02	1.280895e+01
5.510000e-06	-1.872796e-02	1.293788e+01
5.520000e-06	-3.511204e-03	1.312839e+01
5.530000e-06	-1.928587e-02	1.330214e+01
5.540000e-06	-1.405665e-02	1.345308e+01
5.550000e-06	-2.395979e-02	1.359941e+01
5.560000e-06	6.307043e-03	1.371530e+01
5.570000e-06	-1.077100e-02	1.387471e+01
5.580000e-06	-1.587464e-02	1.401199e+01
5.590000e-06	-3.277444e-02	1.418785e+01
5.600000e-06	-1.752017e-02	1.429470e+01
5.610000e-06	-8.458425e-03	1.443261e+01
5.620000e-06	-1.557704e-02	1.455637e+01
5.630000e-06	-2.015824e-02	1.464259e+01
5.640000e-06	-2.264892e-02	1.475787e+01
5.650000e-06	-8.831080e-03	1.481198e+01
5.660000e-06	-2.011578e-02	1.493782e+01
5.670000e-06	-2.344332e-02	1.501053e+01
5.680000e-06	-2.968440e-02	1.505316e+01
5.690000e-06	-1.464113e-02	1.517885e+01
5.700000e-06	-1.585005e-02	1.524001e+01
5.710000e-06	-2.651222e-02	1.530367e+01
5.720000e-06	-3.362085e-02	1.533628e+01
5.730000e-06	-3.057196e-02	1.540045e+01
5.740000e-06	-1.604944e-02	1.544212e+01
5.750000e-06	-2.555297e-02	1.550429e+01
5.760000e-06	-2.806799e-02	1.552577e+01
5.770000e-06	-3.560517e-02	1.557835e+01
5.780000e-06	-2.768201e-02	1.558943e+01
5.790000e-06	-3.266643e-02	1.561945e+01
5.800000e-06	-4.330020e-02	1.564051e+01
5.810000e-06	-4.274670e-02	1.561849e+01
5.820000e-06	-4.043115e-02	1.563104e+01
5.830000e-06	-3.310475e-02	1.566093e+01
5.840000e-06	-4.817593e-02	1.563053e+01
5.850000e-06	-5.776276e-02	1.562891e+01
5.860000e-06	-6.489960e-02	1.557840e+01
5.870000e-06	-6.549107e-02	1.554693e+01
5.880000e-06	-7.919655e-02	1.551424e+01
5.890000e-06	-1.031609e-01	1.546216e+01
5.900000e-06	-1.296025e-01	1.543256e+01
5.910000e-06	-1.685960e-01	1.537941e+01
5.920000e-06	-2.236011e-01	1.528577e+01
5.930000e-06	-2.498000e-01	1.528509e+01
5.940000e-06	-2.500000e-01	1.521946e+01
5.950000e-06	-2.500000e-01	1.514935e+01
5.960000e-06	-2.309885e-01	1.508407e+01
5.970000e-06	-1.639482e-01	1.499899e+01
5.980000e-06	-1.154585e-01	1.491374e+01
5.990000e-06	-8.340502e-02	1.481998e+01
6.000000e-06	-5.904405e-02	1.465469e+01
6.010000e-06	-4.611979e-02	1.456984e+01
6.020000e-06	-4.332920e-02	1.449319e+01
6.030000e-06	-3.771605e-02	1.435838e+01
6.040000e-06	-2.934867e-02	1.423162e+01
6.050000e-06	-2.296199e-02	1.412577e+01
6.060000e-06	-2.255625e-02	1.396943e+01
6.070000e-06	-2.650421e-02	1.381256e+01
6.080000e-06	-2.042694e-02	1.372514e+01
6.090000e-06	-1.766426e-02	1.352730e+01
6.100000e-06	-1.592656e-02	1.341943e+01
6.110000e-06	-2.222039e-02	1.326111e+01
6.120000e-06	-1.988204e-02	1.308462e+01
6.130000e-06	-1.617036e-02	1.291472e+01
6.140000e-06	-1.190575e-02	1.276941e+01
6.150000e-06	-1.524601e-02	1.257199e+01
6.160000e-06	-1.645082e-02	1.246096e+01
6.170000e-06	-1.369841e-02	1.224101e+01
6.180000e-06	-1.161081e-02	1.208114e+01
6.190000e-06	-1.267775e-02	1.184166e+01
6.200000e-06	-1.882121e-02	1.163211e+01
6.210000e-06	-1.491320e-02	1.141201e+01
6.220000e-06	-1.160545e-02	1.126998e+01
6.230000e-06	-9.604391e-03	1.097098e+01
6.240000e-06	-1.326807e-02	1.084051e+01
6.250000e-06	-1.321007e-02	1.059106e+01
6.260000e-06	-1.020908e-02	1.038890e+01
6.270000e-06	-8.630337e-03	1.014733e+01
6.280000e-06	-1.045213e-02	9.925217e+00
6.290000e-06	-1.341757e-02	9.685724e+00
6.300000e-06	-1.117399e-02	9.444212e+00
6.310000e-06	-8.337169e-03	9.272084e+00
6.320000e-06	-9.871791e-03	8.979383e+00
6.330000e-06	-1.268534e-02	8.757853e+00
6.340000e-06	-1.178531e-02	8.546222e+00
6.350000e-06	-8.234545e-03	8.313788e+00
6.360000e-06	-6.487847e-03	8.034507e+00
6.370000e-06	-8.689141e-03	7.780378e+00
6.380000e-06	-1.078177e-02	7.535717e+00
6.390000e-06	-8.522575e-03	7.200557e+00
6.400000e-06	-7.148930e-03	7.008850e+00
6.410000e-06	-8.760825e-03	6.724245e+00
6.420000e-06	-1.205418e-02	6.443632e+00
6.430000e-06	-1.036301e-02	6.188899e+00
6.440000e-06	-7.154361e-03	5.945745e+00
6.450000e-06	-7.130879e-03	5.623033e+00
6.460000e-06	-8.216103e-03	5.397349e+00
6.470000e-06	-1.001614e-02	5.012508e+00
6.480000e-06	-6.602688e-03	4.686847e+00
6.490000e-06	-7.006805e-03	4.453661e+00
6.500000e-06	-7.896371e-03	4.228854e+00
6.510000e-06	-1.028500e-02	3.854590e+00
6.520000e-06	-7.361726e-03	3.622005e+00
6.530000e-06	-5.860689e-03	3.326240e+00
6.540000e-06	-5.902967e-03	3.061584e+00
6.550000e-06	-7.884950e-03	2.799453e+00
6.560000e-06	-7.726881e-03	2.474087e+00
6.570000e-06	-5.440564e-03	2.179900e+00
6.580000e-06	-5.964913e-03	1.934768e+00
6.590000e-06	-6.847816e-03	1.591032e+00
6.600000e-06	-8.577976e-03	1.325290e+00
6.610000e-06	-6.587317e-03	9.908724e-01
6.620000e-06	-4.968136e-03	7.156368e-01
6.630000e-06	-5.841844e-03	4.095277e-01
6.640000e-06	-4.289841e-03	8.571446e-02
6.650000e-06	-2.338253e-03	-1.589684e-01
6.660000e-06	1.256330e-02	-4.105039e-01
6.670000e-06	-4.077100e-03	-7.567906e-01
6.680000e-06	5.533295e-03	-9.994948e-01
6.690000e-06	-5.574256e-03	-1.224109e+00
6.700000e-06	3.613471e-03	-1.559515e+00
6.710000e-06	-9.298187e-04	-1.829525e+00
6.720000e-06	3.245277e-02	-2.041049e+00
6.730000e-06	1.209570e-01	-2.326395e+00
6.740000e-06	-1.460881e-02	-2.696263e+00
6.750000e-06	-5.176584e-02	-3.136416e+00
6.760000e-06	-1.995407e-02	-3.402577e+00
6.770000e-06	-3.139407e-02	-3.631528e+00
6.780000e-06	-8.072880e-02	-3.905387e+00
6.790000e-06	5.136140e-02	-4.052187e+00
6.800000e-06	1.215763e-01	-4.253759e+00
6.810000e-06	-1.835452e-01	-4.561155e+00
6.820000e-06	2.362633e-01	-4.853182e+00
6.830000e-06	-1.714324e-01	-5.157923e+00
6.840000e-06	7.454509e-02	-5.546472e+00
6.850000e-06	9.463035e-03	-5.697896e+00
6.860000e-06	-1.200172e-01	-6.053612e+00
6.870000e-06	2.083849e-01	-6.285337e+00
6.880000e-06	-1.594717e-01	-6.578972e+00
6.890000e-06	1.329807e-01	-6.855188e+00
6.900000e-06	-7.405992e-02	-7.116400e+00
6.910000e-06	-1.617233e-02	-7.453611e+00
6.920000e-06	8.683962e-02	-7.684213e+00
6.930000e-06	-1.170181e-01	-8.020553e+00
6.940000e-06	1.737117e-01	-8.230607e+00
6.950000e-06	-1.279335e-01	-8.483138e+00
6.960000e-06	1.071081e-01	-8.789975e+00
6.970000e-06	-3.999406e-02	-8.958024e+00
6.980000e-06	-3.315245e-02	-9.262054e+00
6.990000e-06	6.133391e-02	-9.441609e+00
7.000000e-06	-6.089443e-02	-9.664737e+00
7.010000e-06	1.298014e-01	-9.935236e+00
7.020000e-06	-9.563323e-02	-1.014727e+01
7.030000e-06	9.565493e-02	-1.039889e+01
7.040000e-06	-8.175772e-02	-1.062905e+01
7.050000e-06	6.304914e-02	-1.078900e+01
7.060000e-06	-2.307218e-02	-1.099205e+01
7.070000e-06	1.757886e-02	-1.122308e+01
7.080000e-06	2.366841e-02	-1.141111e+01
7.090000e-06	-8.116916e-03	-1.167224e+01
7.100000e-06	4.226992e-02	-1.189169e+01
7.110000e-06	-3.757636e-02	-1.208471e+01
7.120000e-06	4.053830e-02	-1.225266e+01
7.130000e-06	-2.169371e-02	-1.244121e+01
7.140000e-06	5.592652e-02	-1.263058e+01
7.150000e-06	-1.878836e-02	-1.278906e+01
7.160000e-06	2.509007e-02	-1.299993e+01
7.170000e-06	-1.507867e-02	-1.312779e+01
7.180000e-06	2.323146e-02	-1.329432e+01
7.190000e-06	2.609091e-03	-1.343116e+01
7.200000e-06	1.615851e-02	-1.362953e+01
7.210000e-06	1.354552e-02	-1.373687e+01
7.220000e-06	1.694348e-02	-1.392519e+01
7.230000e-06	1.566306e-02	-1.401161e+01
7.240000e-06	-6.402986e-04	-1.419793e+01
7.250000e-06	7.167871e-03	-1.430417e+01
7.260000e-06	7.442051e-03	-1.446309e+01
7.270000e-06	2.598077e-02	-1.458795e+01
7.280000e-06	1.269851e-02	-1.466569e+01
7.290000e-06	1.913634e-02	-1.478895e+01
7.300000e-06	5.036816e-03	-1.488159e+01
7.310000e-06	2.171035e-02	-1.492830e+01
7.320000e-06	9.554883e-03	-1.502216e+01
7.330000e-06	1.796305e-02	-1.512574e+01
7.340000e-06	1.097430e-02	-1.519849e+01
7.350000e-06	2.329319e-02	-1.528219e+01
7.360000e-06	1.921621e-02	-1.532748e+01
7.370000e-06	1.663242e-02	-1.542946e+01
7.380000e-06	1.209838e-02	-1.542356e+01
7.390000e-06	1.847164e-02	-1.549577e+01
7.400000e-06	2.721109e-02	-1.558741e+01
7.410000e-06	2.506975e-02	-1.560146e+01
7.420000e-06	2.372033e-02	-1.566061e+01
7.430000e-06	2.055881e-02	-1.565362e+01
7.440000e-06	2.676977e-02	-1.571522e+01
7.450000e-06	2.571210e-02	-1.570525e+01
7.460000e-06	2.787581e-02	-1.571478e+01
7.470000e-06	2.958569e-02	-1.572625e+01
7.480000e-06	3.834860e-02	-1.570527e+01
7.490000e-06	4.300080e-02	-1.573470e+01
7.500000e-06	4.315535e-02	-1.574527e+01
7.510000e-06	4.188583e-02	-1.570365e+01
7.520000e-06	5.160023e-02	-1.568267e+01
7.530000e-06	6.318081e-02	-1.565207e+01
7.540000e-06	7.825836e-02	-1.561053e+01
7.550000e-06	9.518277e-02	-1.557790e+01
7.560000e-06	1.264234e-01	-1.548877e+01
7.570000e-06	1.761617e-01	-1.546519e+01
7.580000e-06	2.338306e-01	-1.544903e+01
7.590000e-06	2.500000e-01	-1.536585e+01
7.600000e-06	2.500000e-01	-1.525274e+01
7.610000e-06	2.492000e-01	-1.523000e+01
7.620000e-06	2.207949e-01	-1.515627e+01
7.630000e-06	1.487606e-01	-1.503111e+01
7.640000e-06	9.614252e-02	-1.494628e+01
7.650000e-06	6.713604e-02	-1.484366e+01
7.660000e-06	5.200163e-02	-1.482998e+01
7.670000e-06	3.996982e-02	-1.469309e+01
7.680000e-06	2.964424e-02	-1.455688e+01
7.690000e-06	2.279757e-02	-1.445056e+01
7.700000e-06	2.043543e-02	-1.433429e+01
7.710000e-06	1.806261e-02	-1.415741e+01
7.720000e-06	1.303765e-02	-1.404209e+01
7.730000e-06	9.582019e-03	-1.391422e+01
7.740000e-06	1.002830e-02	-1.375885e+01
7.750000e-06	1.181292e-02	-1.361950e+01
7.760000e-06	1.041018e-02	-1.346219e+01
7.770000e-06	7.015026e-03	-1.332522e+01
7.780000e-06	5.137756e-03	-1.317888e+01
7.790000e-06	5.302941e-03	-1.294938e+01
7.800000e-06	7.386316e-03	-1.282949e+01
7.810000e-06	4.181801e-03	-1.263261e+01
7.820000e-06	3.474194e-03	-1.250417e+01
7.830000e-06	3.284390e-03	-1.232527e+01
7.840000e-06	3.860678e-03	-1.213577e+01
7.850000e-06	2.075924e-03	-1.193374e+01
7.860000e-06	9.107749e-04	-1.171517e+01
7.870000e-06	-2.712705e-04	-1.146254e+01
7.880000e-06	2.939469e-03	-1.121096e+01
7.890000e-06	2.443755e-03	-1.107016e+01
7.900000e-06	1.616762e-03	-1.083103e+01
7.910000e-06	-1.827563e-03	-1.064003e+01
7.920000e-06	-6.946347e-04	-1.045041e+01
7.930000e-06	7.223856e-04	-1.017000e+01
7.940000e-06	-8.674872e-04	-9.976871e+00
7.950000e-06	-2.704665e-03	-9.758369e+00
7.960000e-06	-2.500147e-03	-9.534194e+00
7.970000e-06	-1.303046e-04	-9.295137e+00
7.980000e-06	-7.392406e-04	-9.041036e+00
7.990000e-06	-2.344474e-03	-8.812981e+00
8.000000e-06	-4.280486e-03	-8.578803e+00
8.010000e-06	-2.418372e-03	-8.306770e+00
8.020000e-06	-1.972875e-03	-8.084663e+00
8.030000e-06	-3.718910e-03	-7.798530e+00
8.040000e-06	-5.409070e-03	-7.527119e+00
8.050000e-06	-4.626528e-03	-7.274161e+00
8.060000e-06	-2.841424e-03	-6.988899e+00
8.070000e-06	-3.237268e-03	-6.726770e+00
8.080000e-06	-5.498712e-03	-6.462643e+00
8.090000e-06	-4.606124e-03	-6.189954e+00
8.100000e-06	-5.843444e-03	-5.926271e+00
8.110000e-06	-3.152249e-03	-5.642138e+00
8.120000e-06	-6.406474e-03	-5.327776e+00
8.130000e-06	-6.708103e-03	-5.072108e+00
8.140000e-06	-6.741450e-03	-4.697714e+00
8.150000e-06	-4.369379e-03	-4.452633e+00
8.160000e-06	-6.006051e-03	-4.211056e+00
8.170000e-06	-7.701524e-03	-3.956767e+00
8.180000e-06	-7.092040e-03	-3.661633e+00
8.190000e-06	-6.878945e-03	-3.367425e+00
8.200000e-06	-6.441179e-03	-3.103291e+00
8.210000e-06	-7.769393e-03	-2.778401e+00
8.220000e-06	-6.795640e-03	-2.514267e+00
8.230000e-06	-7.113037e-03	-2.272030e+00
8.240000e-06	-5.821135e-03	-1.946291e+00
8.250000e-06	-8.849023e-03	-1.663632e+00
8.260000e-06	-8.390744e-03	-1.326294e+00
8.270000e-06	-9.456472e-03	-1.020578e+00
8.280000e-06	-7.208172e-03	-7.378897e-01
8.290000e-06	-8.456424e-03	-4.215566e-01
8.300000e-06	-7.855308e-03	-1.869173e-01
8.310000e-06	1.500799e-04	1.052882e-01
8.320000e-06	5.191008e-03	4.110538e-01
8.330000e-06	-4.875012e-03	6.322117e-01
8.340000e-06	6.124146e-04	9.247669e-01
8.350000e-06	-5.832926e-03	1.251007e+00
8.360000e-06	5.089197e-04	1.509268e+00
8.370000e-06	-3.899907e-03	1.790076e+00
8.380000e-06	2.048159e-02	2.042106e+00
8.390000e-06	7.582465e-02	2.324342e+00
8.400000e-06	5.032448e-02	2.704309e+00
8.410000e-06	-8.922895e-02	2.968426e+00
8.420000e-06	-2.689302e-02	3.252657e+00
8.430000e-06	-4.209424e-02	3.609445e+00
8.440000e-06	-2.400765e-02	3.840526e+00
8.450000e-06	-8.192862e-02	4.010025e+00
8.460000e-06	7.433912e-02	4.273715e+00
8.470000e-06	5.243507e-02	4.607949e+00
8.480000e-06	-1.131229e-01	4.812433e+00
8.490000e-06	1.966861e-01	5.137297e+00
8.500000e-06	-1.670287e-01	5.513738e+00
8.510000e-06	5.035669e-02	5.695367e+00
8.520000e-06	-1.960927e-02	6.031032e+00
8.530000e-06	-1.185652e-02	6.223110e+00
8.540000e-06	6.507544e-02	6.515820e+00
8.550000e-06	-8.995957e-02	6.831559e+00
8.560000e-06	5.396445e-02	7.114739e+00
8.570000e-06	-6.337783e-02	7.358451e+00
8.580000e-06	3.477402e-02	7.652732e+00
8.590000e-06	-3.707359e-02	7.936949e+00
8.600000e-06	-3.943396e-03	8.181530e+00
8.610000e-06	4.705270e-02	8.422135e+00
8.620000e-06	-4.079375e-02	8.651686e+00
8.630000e-06	2.015958e-02	8.875163e+00
8.640000e-06	-5.158528e-02	9.147899e+00
8.650000e-06	-7.966785e-03	9.399427e+00
8.660000e-06	1.015187e-02	9.590005e+00
8.670000e-06	5.077461e-03	9.949603e+00
8.680000e-06	-5.832442e-03	1.011467e+01
8.690000e-06	-2.588510e-02	1.028567e+01
8.700000e-06	1.291201e-02	1.051632e+01
8.710000e-06	-2.398623e-02	1.073435e+01
8.720000e-06	-8.697761e-03	1.095640e+01
8.730000e-06	-2.303659e-02	1.117735e+01
8.740000e-06	3.077974e-03	1.138845e+01
8.750000e-06	2.573520e-03	1.156946e+01
8.760000e-06	-1.197691e-02	1.177948e+01
8.770000e-06	-2.509754e-02	1.200948e+01
8.780000e-06	-1.500329e-02	1.215896e+01
8.790000e-06	-4.745316e-04	1.232785e+01
8.800000e-06	-2.318127e-04	1.252733e+01
8.810000e-06	-1.612114e-02	1.270619e+01
8.820000e-06	-1.910307e-02	1.287364e+01
8.830000e-06	-1.233646e-02	1.304258e+01
8.840000e-06	-8.190396e-03	1.322006e+01
8.850000e-06	-1.815143e-02	1.334888e+01
8.860000e-06	-2.341378e-02	1.354580e+01
8.870000e-06	-5.362645e-03	1.364309e+01
8.880000e-06	-4.174912e-03	1.382098e+01
8.890000e-06	-7.741086e-03	1.394592e+01
8.900000e-06	-3.174887e-02	1.409417e+01
8.910000e-06	-2.005920e-02	1.426111e+01
8.920000e-06	-1.572872e-02	1.435843e+01
8.930000e-06	-6.978918e-03	1.449474e+01
8.940000e-06	-2.234401e-02	1.459900e+01
8.950000e-06	-2.289224e-02	1.469477e+01
8.960000e-06	-1.390843e-02	1.482245e+01
8.970000e-06	-1.590920e-02	1.484322e+01
8.980000e-06	-1.977982e-02	1.498688e+01
8.990000e-06	-3.102969e-02	1.504259e+01
9.000000e-06	-1.715670e-02	1.514680e+01
9.010000e-06	-1.717690e-02	1.518001e+01
9.020000e-06	-1.723857e-02	1.525254e+01
9.030000e-06	-3.340279e-02	1.531377e+01
9.040000e-06	-3.183892e-02	1.532738e+01
9.050000e-06	-2.414404e-02	1.542311e+01
9.060000e-06	-2.086458e-02	1.546414e+01
9.070000e-06	-2.770409e-02	1.549677e+01
9.080000e-06	-3.588352e-02	1.553732e+01
9.090000e-06	-2.718321e-02	1.558695e+01
9.100000e-06	-2.924993e-02	1.556896e+01
9.110000e-06	-3.409744e-02	1.559008e+01
9.120000e-06	-4.665369e-02	1.561803e+01
9.130000e-06	-4.199296e-02	1.567999e+01
9.140000e-06	-3.749513e-02	1.561001e+01
9.150000e-06	-4.144747e-02	1.562014e+01
9.160000e-06	-5.279113e-02	1.559849e+01
9.170000e-06	-6.401565e-02	1.556044e+01
9.180000e-06	-6.100726e-02	1.558692e+01
9.190000e-06	-7.238062e-02	1.550682e+01
9.200000e-06	-8.841781e-02	1.546469e+01
9.210000e-06	-1.191512e-01	1.544351e+01
9.220000e-06	-1.482858e-01	1.538156e+01
9.230000e-06	-1.985958e-01	1.531785e+01
9.240000e-06	-2.453455e-01	1.529419e+01
9.250000e-06	-2.500000e-01	1.522212e+01
9.260000e-06	-2.500000e-01	1.514990e+01
9.270000e-06	-2.461896e-01	1.513674e+01
9.280000e-06	-1.960578e-01	1.503151e+01
9.290000e-06	-1.346687e-01	1.494780e+01
9.300000e-06	-9.948353e-02	1.484302e+01
9.310000e-06	-6.874067e-02	1.477587e+01
9.320000e-06	-4.996954e-02	1.465244e+01
9.330000e-06	-4.282005e-02	1.456782e+01
9.340000e-06	-3.900188e-02	1.443199e+01
9.350000e-06	-3.438327e-02	1.431528e+01
9.360000e-06	-2.326416e-02	1.420036e+01
9.370000e-06	-2.405937e-02	1.405156e+01
9.380000e-06	-2.542583e-02	1.388469e+01
9.390000e-06	-2.643495e-02	1.373686e+01
9.400000e-06	-1.777413e-02	1.363054e+01
9.410000e-06	-1.508273e-02	1.349311e+01
9.420000e-06	-1.752932e-02	1.328435e+01
9.430000e-06	-2.055715e-02	1.317735e+01
9.440000e-06	-1.836816e-02	1.301741e+01
9.450000e-06	-1.274504e-02	1.283249e+01
9.460000e-06	-1.442494e-02	1.268356e+01
9.470000e-06	-1.696067e-02	1.253572e+01
9.480000e-06	-1.760540e-02	1.236425e+01
9.490000e-06	-1.055647e-02	1.211728e+01
9.500000e-06	-1.097053e-02	1.196877e+01
9.510000e-06	-1.334920e-02	1.176738e+01
9.520000e-06	-1.661667e-02	1.154635e+01
9.530000e-06	-1.261048e-02	1.131567e+01
9.540000e-06	-9.243495e-03	1.111514e+01
9.550000e-06	-1.107060e-02	1.093374e+01
9.560000e-06	-1.307850e-02	1.069420e+01
9.570000e-06	-1.362586e-02	1.051419e+01
9.580000e-06	-8.550641e-03	1.026359e+01
9.590000e-06	-1.019810e-02	1.007161e+01
9.600000e-06	-1.203448e-02	9.800405e+00
9.610000e-06	-1.336080e-02	9.578352e+00
9.620000e-06	-9.657822e-03	9.357299e+00
9.630000e-06	-7.891030e-03	9.105268e+00
9.640000e-06	-1.035263e-02	8.884167e+00
9.650000e-06	-1.130388e-02	8.621081e+00
9.660000e-06	-1.061913e-02	8.430055e+00
9.670000e-06	-7.044254e-03	8.157825e+00
9.680000e-06	-8.591000e-03	7.895691e+00
9.690000e-06	-1.087813e-02	7.651460e+00
9.700000e-06	-1.115867e-02	7.338330e+00
9.710000e-06	-7.916766e-03	7.105188e+00
9.720000e-06	-6.853670e-03	6.851633e+00
9.730000e-06	-9.911890e-03	6.568374e+00
9.740000e-06	-1.011778e-02	6.314693e+00
9.750000e-06	-8.514889e-03	6.054159e+00
9.760000e-06	-6.393188e-03	5.758329e+00
9.770000e-06	-8.430835e-03	5.515766e+00
9.780000e-06	-9.813686e-03	5.232005e+00
9.790000e-06	-9.676596e-03	4.881591e+00
9.800000e-06	-5.811804e-03	4.589404e+00
9.810000e-06	-6.430556e-03	4.355674e+00
9.820000e-06	-7.742768e-03	4.031035e+00
9.830000e-06	-8.953906e-03	3.738346e+00
9.840000e-06	-6.742657e-03	3.526248e+00
9.850000e-06	-5.641315e-03	3.177974e+00
9.860000e-06	-7.765619e-03	2.925267e+00
9.870000e-06	-8.671628e-03	2.652507e+00
9.880000e-06	-7.487968e-03	2.326741e+00
9.890000e-06	-5.483924e-03	2.052111e+00
9.900000e-06	-6.102702e-03	1.776899e+00
9.910000e-06	-7.898174e-03	1.473583e+00
9.920000e-06	-7.024883e-03	1.168394e+00
9.930000e-06	-4.849122e-03	7.904528e-01
9.940000e-06	-3.695032e-03	5.547685e-01
9.950000e-06	-5.791794e-03	2.931091e-01
9.960000e-06	-3.635104e-03	-4.312882e-02
9.970000e-06	3.824814e-03	-3.148406e-01
9.980000e-06	7.950455e-03	-5.379660e-01
9.990000e-06	-2.258342e-03	-8.631092e-01
1.000000e-05	6.025683e-04	-1.096342e+00
1.001000e-05	-2.269460e-03	-1.463733e+00
1.002000e-05	2.138871e-03	-1.715333e+00
1.003000e-05	1.365097e-02	-1.917388e+00
1.004000e-05	6.964068e-02	-2.177546e+00
1.005000e-05	9.952493e-02	-2.545768e+00
1.006000e-05	-9.346516e-02	-2.938372e+00
1.007000e-05	2.578813e-03	-3.295765e+00
1.008000e-05	-5.587535e-02	-3.526891e+00
1.009000e-05	-2.415261e-02	-3.746992e+00
1.010000e-05	-9.486809e-02	-4.019448e+00
1.011000e-05	2.134081e-01	-4.146416e+00
1.012000e-05	-1.498083e-01	-4.451107e+00
1.013000e-05	9.738374e-02	-4.729975e+00
1.014000e-05	7.566905e-02	-4.988921e+00
1.015000e-05	-1.648115e-01	-5.419953e+00
1.016000e-05	1.964946e-01	-5.632134e+00
1.017000e-05	-2.098447e-01	-5.885341e+00
1.018000e-05	1.555920e-01	-6.229557e+00
1.019000e-05	-7.187813e-03	-6.421633e+00
1.020000e-05	-4.396878e-02	-6.787845e+00
1.021000e-05	1.166529e-01	-7.008057e+00
1.022000e-05	-1.616291e-01	-7.315790e+00
1.023000e-05	1.507683e-01	-7.547978e+00
1.024000e-05	-1.108501e-01	-7.823161e+00
1.025000e-05	8.275141e-02	-8.118369e+00
1.026000e-05	2.724752e-02	-8.346320e+00
1.027000e-05	-6.435612e-02	-8.631127e+00
1.028000e-05	1.236855e-01	-8.885266e+00
1.029000e-05	-1.482137e-01	-9.125766e+00
1.030000e-05	1.149754e-01	-9.346846e+00
1.031000e-05	-8.347990e-02	-9.567820e+00
1.032000e-05	1.021977e-01	-9.789580e+00
1.033000e-05	-1.951921e-02	-1.002100e+01
1.034000e-05	6.834474e-03	-1.027471e+01
1.035000e-05	2.321919e-02	-1.048469e+01
1.036000e-05	-4.784079e-02	-1.072574e+01
1.037000e-05	7.090153e-02	-1.087486e+01
1.038000e-05	-6.137417e-02	-1.109632e+01
1.039000e-05	8.036518e-02	-1.134629e+01
1.040000e-05	-4.543482e-02	-1.155885e+01
1.041000e-05	6.275299e-02	-1.175990e+01
1.042000e-05	-3.720325e-02	-1.196740e+01
1.043000e-05	2.663707e-02	-1.220900e+01
1.044000e-05	-7.203227e-03	-1.232687e+01
1.045000e-05	2.852422e-02	-1.251635e+01
1.046000e-05	1.829947e-02	-1.271374e+01
1.047000e-05	-2.940293e-03	-1.285624e+01
1.048000e-05	1.211202e-02	-1.306156e+01
1.049000e-05	-6.946960e-03	-1.325051e+01
1.050000e-05	2.718708e-02	-1.335980e+01
1.051000e-05	-4.835829e-03	-1.350535e+01
1.052000e-05	2.964185e-02	-1.366324e+01
1.053000e-05	2.658668e-03	-1.385211e+01
1.054000e-05	2.895983e-02	-1.398048e+01
1.055000e-05	-5.289285e-03	-1.408627e+01
1.056000e-05	1.179766e-02	-1.423274e+01
1.057000e-05	-8.574733e-04	-1.438040e+01
1.058000e-05	2.635722e-02	-1.450529e+01
1.059000e-05	1.485152e-02	-1.463855e+01
1.060000e-05	1.949575e-02	-1.470633e+01
1.061000e-05	7.711301e-03	-1.484053e+01
1.062000e-05	1.458830e-02	-1.491427e+01
1.063000e-05	1.608343e-02	-1.495951e+01
1.064000e-05	1.226054e-02	-1.508729e+01
1.065000e-05	1.669569e-02	-1.516843e+01
1.066000e-05	1.515909e-02	-1.523271e+01
1.067000e-05	2.575781e-02	-1.531390e+01
1.068000e-05	1.372585e-02	-1.541996e+01
1.069000e-05	1.617924e-02	-1.545216e+01
1.070000e-05	1.223253e-02	-1.547565e+01
1.071000e-05	2.581967e-02	-1.554635e+01
1.072000e-05	2.510631e-02	-1.563998e+01
1.073000e-05	2.498639e-02	-1.560109e+01
1.074000e-05	2.131589e-02	-1.566412e+01
1.075000e-05	2.417344e-02	-1.569419e+01
1.076000e-05	2.758269e-02	-1.568614e+01
1.077000e-05	2.616707e-02	-1.568577e+01
1.078000e-05	2.834094e-02	-1.572768e+01
1.079000e-05	3.386432e-02	-1.570575e+01
1.080000e-05	4.120382e-02	-1.571625e+01
1.081000e-05	4.232346e-02	-1.571465e+01
1.082000e-05	4.155107e-02	-1.569374e+01
1.083000e-05	4.484322e-02	-1.567419e+01
1.084000e-05	5.799790e-02	-1.565354e+01
1.085000e-05	7.144093e-02	-1.564196e+01
1.086000e-05	8.724061e-02	-1.560850e+01
1.087000e-05	1.109526e-01	-1.555722e+01
1.088000e-05	1.498284e-01	-1.553569e+01
1.089000e-05	2.086591e-01	-1.547204e+01
1.090000e-05	2.452473e-01	-1.541993e+01
1.091000e-05	2.500000e-01	-1.534527e+01
1.092000e-05	2.500000e-01	-1.524214e+01
1.093000e-05	2.424196e-01	-1.516937e+01
1.094000e-05	1.826582e-01	-1.508311e+01
1.095000e-05	1.187023e-01	-1.495788e+01
1.096000e-05	7.971783e-02	-1.490265e+01
1.097000e-05	5.839149e-02	-1.482006e+01
1.098000e-05	4.378311e-02	-1.473729e+01
1.099000e-05	3.182674e-02	-1.463998e+01
1.100000e-05	2.267631e-02	-1.452275e+01
1.101000e-05	2.087801e-02	-1.439943e+01
1.102000e-05	2.000062e-02	-1.425151e+01
1.103000e-05	1.729486e-02	-1.410612e+01
1.104000e-05	1.085352e-02	-1.398885e+01
1.105000e-05	1.026255e-02	-1.381006e+01
1.106000e-05	1.166759e-02	-1.371412e+01
1.107000e-05	1.219670e-02	-1.351727e+01
1.108000e-05	7.095162e-03	-1.338748e+01
1.109000e-05	3.972195e-03	-1.324241e+01
1.110000e-05	4.874601e-03	-1.305261e+01
1.111000e-05	6.093519e-03	-1.293272e+01
1.112000e-05	5.638614e-03	-1.273775e+01
1.113000e-05	3.277203e-03	-1.253788e+01
1.114000e-05	4.434688e-03	-1.237793e+01
1.115000e-05	5.821832e-03	-1.220148e+01
1.116000e-05	4.455185e-03	-1.203985e+01
1.117000e-05	6.334267e-04	-1.181851e+01
1.118000e-05	-1.225294e-03	-1.159938e+01
1.119000e-05	1.721284e-03	-1.133780e+01
1.120000e-05	2.028620e-03	-1.114575e+01
1.121000e-05	2.300251e-03	-1.093567e+01
1.122000e-05	-1.402047e-03	-1.068670e+01
1.123000e-05	1.891573e-04	-1.055632e+01
1.124000e-05	1.781412e-03	-1.027264e+01
1.125000e-05	7.712684e-04	-1.008314e+01
1.126000e-05	-3.097001e-03	-9.831561e+00
1.127000e-05	-3.661588e-03	-9.640484e+00
1.128000e-05	-7.056532e-04	-9.419004e+00
1.129000e-05	-1.480704e-03	-9.189350e+00
1.130000e-05	-2.838240e-03	-8.916244e+00
1.131000e-05	-4.479760e-03	-8.665265e+00
1.132000e-05	-2.316302e-03	-8.470566e+00
1.133000e-05	1.030564e-04	-8.169426e+00
1.134000e-05	-1.337041e-03	-7.956817e+00
1.135000e-05	-4.720518e-03	-7.642114e+00
1.136000e-05	-4.701803e-03	-7.367448e+00
1.137000e-05	-4.390022e-03	-7.156293e+00
1.138000e-05	-2.762999e-03	-6.882083e+00
1.139000e-05	-6.274901e-03	-6.598425e+00
1.140000e-05	-5.405406e-03	-6.367796e+00
1.141000e-05	-5.351926e-03	-6.053058e+00
1.142000e-05	-3.323305e-03	-5.778399e+00
1.143000e-05	-5.005140e-03	-5.536816e+00
1.144000e-05	-6.500237e-03	-5.209477e+00
1.145000e-05	-6.995241e-03	-4.932690e+00
1.146000e-05	-4.189321e-03	-4.577274e+00
1.147000e-05	-5.865592e-03	-4.336269e+00
1.148000e-05	-6.619059e-03	-4.084690e+00
1.149000e-05	-8.656260e-03	-3.827901e+00
1.150000e-05	-6.541403e-03	-3.505744e+00
1.151000e-05	-7.217524e-03	-3.243107e+00
1.152000e-05	-5.768568e-03	-2.915866e+00
1.153000e-05	-8.299250e-03	-2.661103e+00
1.154000e-05	-5.411290e-03	-2.349874e+00
1.155000e-05	-6.587682e-03	-2.063182e+00
1.156000e-05	-7.564702e-03	-1.789449e+00
1.157000e-05	-9.020170e-03	-1.495215e+00
1.158000e-05	-1.107416e-02	-1.167419e+00
1.159000e-05	-8.113102e-03	-8.727079e-01
1.160000e-05	-8.631347e-03	-5.789009e-01
1.161000e-05	-4.701405e-03	-3.337380e-01
1.162000e-05	-4.688155e-03	-4.055400e-02
1.163000e-05	9.718885e-03	2.667332e-01
1.164000e-05	-4.761819e-03	5.073398e-01
1.165000e-05	2.651405e-03	7.794501e-01
1.166000e-05	-8.568635e-03	1.145286e+00
1.167000e-05	-1.799155e-03	1.388475e+00
1.168000e-05	-6.264327e-03	1.674340e+00
1.169000e-05	1.282821e-02	1.927370e+00
1.170000e-05	3.820774e-02	2.158425e+00
1.171000e-05	1.063680e-01	2.453135e+00
1.172000e-05	-6.322010e-02	2.861109e+00
1.173000e-05	-4.375574e-02	3.125841e+00
1.174000e-05	-4.460310e-02	3.432229e+00
1.175000e-05	-1.570763e-02	3.712741e+00
1.176000e-05	-7.671128e-02	3.895491e+00
1.177000e-05	-1.816551e-02	4.096842e+00
1.178000e-05	1.399885e-01	4.433505e+00
1.179000e-05	-1.284578e-01	4.725867e+00
1.180000e-05	1.149553e-01	4.989898e+00
1.181000e-05	3.147907e-03	5.356370e+00
1.182000e-05	-1.027315e-01	5.599531e+00
1.183000e-05	8.150355e-02	5.866286e+00
1.184000e-05	-8.370585e-02	6.147369e+00
1.185000e-05	8.640368e-02	6.399878e+00
1.186000e-05	-4.877494e-02	6.713822e+00
1.187000e-05	-1.514255e-02	6.967423e+00
1.188000e-05	1.177634e-02	7.223532e+00
1.189000e-05	-4.374007e-02	7.506366e+00
1.190000e-05	4.139391e-02	7.808479e+00
1.191000e-05	-7.041082e-02	8.105846e+00
1.192000e-05	6.308412e-02	8.327398e+00
1.193000e-05	-1.380309e-02	8.527349e+00
1.194000e-05	-1.479389e-02	8.757399e+00
1.195000e-05	6.780351e-03	8.989611e+00
1.196000e-05	-6.921176e-02	9.264638e+00
1.197000e-05	4.471917e-02	9.484216e+00
1.198000e-05	-2.719987e-02	9.728349e+00
1.199000e-05	3.323452e-02	9.977979e+00
1.200000e-05	-4.882069e-02	1.021795e+01
1.201000e-05	1.435410e-02	1.042048e+01
1.202000e-05	-1.331036e-02	1.064058e+01
1.203000e-05	-1.763998e-02	1.079309e+01
1.204000e-05	-7.694237e-03	1.106209e+01
1.205000e-05	-2.488608e-02	1.125274e+01
1.206000e-05	2.494745e-02	1.148379e+01
1.207000e-05	-2.423042e-02	1.170374e+01
1.208000e-05	-2.376890e-03	1.190527e+01
1.209000e-05	-3.991456e-02	1.207474e+01
1.210000e-05	8.766908e-03	1.228414e+01
1.211000e-05	-7.153209e-03	1.245326e+01
1.212000e-05	-2.274205e-03	1.263211e+01
1.213000e-05	-2.178534e-02	1.280091e+01
1.214000e-05	-1.883909e-02	1.298938e+01
1.215000e-05	-3.342365e-03	1.313680e+01
1.216000e-05	-2.061122e-02	1.332227e+01
1.217000e-05	-1.516159e-02	1.343349e+01
1.218000e-05	-2.242487e-02	1.356908e+01
1.219000e-05	5.156573e-03	1.375586e+01
1.220000e-05	-9.817059e-03	1.381267e+01
1.221000e-05	-1.793535e-02	1.398156e+01
1.222000e-05	-3.126122e-02	1.414896e+01
1.223000e-05	-1.679287e-02	1.432424e+01
1.224000e-05	-7.210768e-03	1.442206e+01
1.225000e-05	-1.620828e-02	1.451582e+01
1.226000e-05	-2.065152e-02	1.468406e+01
1.227000e-05	-2.264661e-02	1.476796e+01
1.228000e-05	-8.824046e-03	1.485211e+01
1.229000e-05	-2.066798e-02	1.490522e+01
1.230000e-05	-2.480623e-02	1.504049e+01
1.231000e-05	-2.779742e-02	1.508417e+01
1.232000e-05	-1.573579e-02	1.515730e+01
1.233000e-05	-1.490295e-02	1.523251e+01
1.234000e-05	-2.814415e-02	1.529422e+01
1.235000e-05	-3.223324e-02	1.532840e+01
1.236000e-05	-3.090018e-02	1.539093e+01
1.237000e-05	-1.699400e-02	1.544311e+01
1.238000e-05	-2.684722e-02	1.549524e+01
1.239000e-05	-3.125140e-02	1.554735e+01
1.240000e-05	-3.323452e-02	1.555743e+01
1.241000e-05	-2.703903e-02	1.558743e+01
1.242000e-05	-3.031580e-02	1.560995e+01
1.243000e-05	-4.312227e-02	1.563056e+01
1.244000e-05	-4.313064e-02	1.563959e+01
1.245000e-05	-4.129598e-02	1.562999e+01
1.246000e-05	-3.452036e-02	1.563151e+01
1.247000e-05	-4.956828e-02	1.564943e+01
1.248000e-05	-5.895229e-02	1.558943e+01
1.249000e-05	-6.470855e-02	1.557843e+01
1.250000e-05	-6.420244e-02	1.553778e+01
1.251000e-05	-7.928476e-02	1.551537e+01
1.252000e-05	-1.053538e-01	1.549421e+01
1.253000e-05	-1.324193e-01	1.543156e+01
1.254000e-05	-1.734290e-01	1.538888e+01
1.255000e-05	-2.273642e-01	1.528472e+01
1.256000e-05	-2.500000e-01	1.526267e+01
1.257000e-05	-2.500000e-01	1.521043e+01
1.258000e-05	-2.498000e-01	1.514680e+01
1.259000e-05	-2.275037e-01	1.506207e+01
1.260000e-05	-1.601976e-01	1.496996e+01
1.261000e-05	-1.137410e-01	1.491222e+01
1.262000e-05	-8.250749e-02	1.477945e+01
1.263000e-05	-5.794425e-02	1.466572e+01
1.264000e-05	-4.429441e-02	1.456886e+01
1.265000e-05	-4.125260e-02	1.444419e+01
1.266000e-05	-3.732234e-02	1.440790e+01
1.267000e-05	-2.845546e-02	1.424257e+01
1.268000e-05	-2.379824e-02	1.411622e+01
1.269000e-05	-2.335981e-02	1.398990e+01
1.270000e-05	-2.760773e-02	1.381099e+01
1.271000e-05	-2.141129e-02	1.367462e+01
1.272000e-05	-1.732016e-02	1.355580e+01
1.273000e-05	-1.481099e-02	1.334943e+01
1.274000e-05	-2.145674e-02	1.324009e+01
1.275000e-05	-1.901906e-02	1.304409e+01
1.276000e-05	-1.592020e-02	1.290419e+01
1.277000e-05	-1.215732e-02	1.274827e+01
1.278000e-05	-1.723252e-02	1.257943e+01
1.279000e-05	-1.786212e-02	1.239995e+01
1.280000e-05	-1.433854e-02	1.220193e+01
1.281000e-05	-1.107322e-02	1.205056e+01
1.282000e-05	-1.193564e-02	1.184249e+01
1.283000e-05	-1.778500e-02	1.167998e+01
1.284000e-05	-1.380910e-02	1.140201e+01
1.285000e-05	-1.104239e-02	1.121103e+01
1.286000e-05	-9.668643e-03	1.097895e+01
1.287000e-05	-1.325516e-02	1.079801e+01
1.288000e-05	-1.391451e-02	1.055843e+01
1.289000e-05	-1.074705e-02	1.036793e+01
1.290000e-05	-8.798848e-03	1.015730e+01
1.291000e-05	-1.048341e-02	9.924717e+00
1.292000e-05	-1.374913e-02	9.694189e+00
1.293000e-05	-1.138176e-02	9.420587e+00
1.294000e-05	-8.901119e-03	9.201054e+00
1.295000e-05	-9.117855e-03	8.958930e+00
1.296000e-05	-1.278534e-02	8.726296e+00
1.297000e-05	-1.160898e-02	8.514745e+00
1.298000e-05	-8.105057e-03	8.262141e+00
1.299000e-05	-7.571688e-03	8.030005e+00
1.300000e-05	-9.197946e-03	7.747850e+00
1.301000e-05	-1.171886e-02	7.474639e+00
1.302000e-05	-9.363921e-03	7.221480e+00
1.303000e-05	-7.478223e-03	6.968901e+00
1.304000e-05	-8.300977e-03	6.704642e+00
1.305000e-05	-1.105167e-02	6.430003e+00
1.306000e-05	-9.492690e-03	6.177324e+00
1.307000e-05	-6.530308e-03	5.925242e+00
1.308000e-05	-6.117542e-03	5.620634e+00
1.309000e-05	-9.466917e-03	5.346850e+00
1.310000e-05	-1.087319e-02	5.011407e+00
1.311000e-05	-7.207733e-03	4.685672e+00
1.312000e-05	-6.210001e-03	4.460584e+00
1.313000e-05	-7.361669e-03	4.137329e+00
1.314000e-05	-8.716094e-03	3.864116e+00
1.315000e-05	-7.196477e-03	3.610079e+00
1.316000e-05	-5.693901e-03	3.326268e+00
1.317000e-05	-6.481703e-03	3.042057e+00
1.318000e-05	-9.150500e-03	2.779422e+00
1.319000e-05	-8.862243e-03	2.430162e+00
1.320000e-05	-6.328539e-03	2.168325e+00
1.321000e-05	-5.562728e-03	1.926787e+00
1.322000e-05	-5.776285e-03	1.640958e+00
1.323000e-05	-7.600002e-03	1.285241e+00
1.324000e-05	-6.290508e-03	9.788174e-01
1.325000e-05	-4.062758e-03	6.631579e-01
1.326000e-05	-4.731483e-03	3.899287e-01
1.327000e-05	-4.756381e-03	1.031341e-01
1.328000e-05	-2.235926e-03	-1.694734e-01
1.329000e-05	1.264264e-02	-4.210538e-01
1.330000e-05	-4.569591e-03	-7.384398e-01
1.331000e-05	6.955166e-03	-1.008000e+00
1.332000e-05	-5.673647e-03	-1.262662e+00
1.333000e-05	4.388643e-03	-1.608471e+00
1.334000e-05	6.898907e-04	-1.800104e+00
1.335000e-05	3.622428e-02	-2.042654e+00
1.336000e-05	1.264175e-01	-2.378394e+00
1.337000e-05	-3.263676e-02	-2.705868e+00
1.338000e-05	-4.196779e-02	-3.156971e+00
1.339000e-05	-2.766691e-02	-3.431580e+00
1.340000e-05	-2.657829e-02	-3.642477e+00
1.341000e-05	-9.016462e-02	-3.926865e+00
1.342000e-05	8.185042e-02	-4.054708e+00
1.343000e-05	8.658119e-02	-4.274814e+00
1.344000e-05	-1.566458e-01	-4.642205e+00
1.345000e-05	2.330660e-01	-4.912283e+00
1.346000e-05	-1.921511e-01	-5.181022e+00
1.347000e-05	1.120479e-01	-5.579327e+00
1.348000e-05	-3.210894e-02	-5.766846e+00
1.349000e-05	-8.237630e-02	-6.065737e+00
1.350000e-05	1.901394e-01	-6.306343e+00
1.351000e-05	-1.606194e-01	-6.610651e+00
1.352000e-05	1.495761e-01	-6.876263e+00
1.353000e-05	-1.012219e-01	-7.117400e+00
1.354000e-05	1.543279e-02	-7.493688e+00
1.355000e-05	5.896385e-02	-7.694766e+00
1.356000e-05	-9.640148e-02	-8.002553e+00
1.357000e-05	1.661639e-01	-8.211629e+00
1.358000e-05	-1.353636e-01	-8.445135e+00
1.359000e-05	1.253361e-01	-8.738024e+00
1.360000e-05	-6.711582e-02	-8.998927e+00
1.361000e-05	-5.412395e-03	-9.234129e+00
1.362000e-05	4.004761e-02	-9.441109e+00
1.363000e-05	-4.159147e-02	-9.705666e+00
1.364000e-05	1.151325e-01	-9.914840e+00
1.365000e-05	-9.145469e-02	-1.014778e+01
1.366000e-05	9.584127e-02	-1.034890e+01
1.367000e-05	-8.823675e-02	-1.065060e+01
1.368000e-05	7.470538e-02	-1.079148e+01
1.369000e-05	-3.705307e-02	-1.095948e+01
1.370000e-05	3.340247e-02	-1.122258e+01
1.371000e-05	1.029068e-02	-1.146106e+01
1.372000e-05	2.931456e-03	-1.168324e+01
1.373000e-05	3.008710e-02	-1.189261e+01
1.374000e-05	-3.081888e-02	-1.210587e+01
1.375000e-05	3.623034e-02	-1.227369e+01
1.376000e-05	-1.767063e-02	-1.248164e+01
1.377000e-05	5.439522e-02	-1.261148e+01
1.378000e-05	-1.938724e-02	-1.279706e+01
1.379000e-05	2.636395e-02	-1.299903e+01
1.380000e-05	-1.696721e-02	-1.315680e+01
1.381000e-05	2.698108e-02	-1.331580e+01
1.382000e-05	-1.259038e-03	-1.341154e+01
1.383000e-05	1.958097e-02	-1.361154e+01
1.384000e-05	1.088211e-02	-1.378890e+01
1.385000e-05	2.017766e-02	-1.391817e+01
1.386000e-05	1.253925e-02	-1.406164e+01
1.387000e-05	1.869663e-03	-1.416948e+01
1.388000e-05	5.330057e-03	-1.432619e+01
1.389000e-05	1.031883e-02	-1.442201e+01
1.390000e-05	2.399841e-02	-1.460645e+01
1.391000e-05	1.322271e-02	-1.465519e+01
1.392000e-05	1.752782e-02	-1.478845e+01
1.393000e-05	6.028638e-03	-1.488266e+01
1.394000e-05	2.166675e-02	-1.493790e+01
1.395000e-05	1.037363e-02	-1.503261e+01
1.396000e-05	1.873307e-02	-1.513689e+01
1.397000e-05	1.077502e-02	-1.521099e+01
1.398000e-05	2.391049e-02	-1.530375e+01
1.399000e-05	1.781221e-02	-1.538838e+01
1.400000e-05	1.728264e-02	-1.544098e+01
1.401000e-05	1.263426e-02	-1.548509e+01
1.402000e-05	1.963284e-02	-1.552632e+01
1.403000e-05	2.692059e-02	-1.557888e+01
1.404000e-05	2.519905e-02	-1.563106e+01
1.405000e-05	2.329402e-02	-1.563406e+01
1.406000e-05	2.080503e-02	-1.566414e+01
1.407000e-05	2.744210e-02	-1.568422e+01
1.408000e-05	2.619017e-02	-1.572374e+01
1.409000e-05	2.705632e-02	-1.573825e+01
1.410000e-05	2.962240e-02	-1.571635e+01
1.411000e-05	3.798621e-02	-1.574432e+01
1.412000e-05	4.310570e-02	-1.568680e+01
1.413000e-05	4.241619e-02	-1.569372e+01
1.414000e-05	4.343210e-02	-1.570465e+01
1.415000e-05	5.268526e-02	-1.567364e+01
1.416000e-05	6.460552e-02	-1.570201e+01
1.417000e-05	7.925914e-02	-1.558051e+01
1.418000e-05	9.620646e-02	-1.559685e+01
1.419000e-05	1.289121e-01	-1.554680e+01
1.420000e-05	1.792069e-01	-1.547614e+01
1.421000e-05	2.372348e-01	-1.539851e+01
1.422000e-05	2.500000e-01	-1.536847e+01
1.423000e-05	2.500000e-01	-1.527464e+01
1.424000e-05	2.488000e-01	-1.521953e+01
1.425000e-05	2.161002e-01	-1.509485e+01
1.426000e-05	1.432278e-01	-1.501001e+01
1.427000e-05	9.246917e-02	-1.495790e+01
1.428000e-05	6.634735e-02	-1.480366e+01
1.429000e-05	5.074412e-02	-1.475880e+01
1.430000e-05	3.802987e-02	-1.466467e+01
1.431000e-05	2.685271e-02	-1.456737e+01
1.432000e-05	2.261893e-02	-1.445348e+01
1.433000e-05	2.000491e-02	-1.433487e+01
1.434000e-05	1.816217e-02	-1.413690e+01
1.435000e-05	1.238174e-02	-1.403259e+01
1.436000e-05	1.043211e-02	-1.384669e+01
1.437000e-05	1.021399e-02	-1.373777e+01
1.438000e-05	1.213355e-02	-1.362048e+01
1.439000e-05	8.801795e-03	-1.343059e+01
1.440000e-05	5.204432e-03	-1.332429e+01
1.441000e-05	5.308574e-03	-1.315785e+01
1.442000e-05	6.425161e-03	-1.293837e+01
1.443000e-05	7.137909e-03	-1.280051e+01
1.444000e-05	3.399160e-03	-1.268364e+01
1.445000e-05	3.426426e-03	-1.247413e+01
1.446000e-05	4.263803e-03	-1.231429e+01
1.447000e-05	4.439234e-03	-1.214674e+01
1.448000e-05	1.815793e-03	-1.192274e+01
1.449000e-05	2.005109e-04	-1.169319e+01
1.450000e-05	5.126271e-04	-1.141202e+01
1.451000e-05	3.572467e-03	-1.125261e+01
1.452000e-05	2.026264e-03	-1.102093e+01
1.453000e-05	4.696451e-04	-1.081955e+01
1.454000e-05	-5.535056e-04	-1.059046e+01
1.455000e-05	8.073089e-04	-1.041210e+01
1.456000e-05	1.152418e-03	-1.016785e+01
1.457000e-05	-2.267472e-03	-9.956794e+00
1.458000e-05	-3.025508e-03	-9.725748e+00
1.459000e-05	-1.896146e-03	-9.454165e+00
1.460000e-05	1.564648e-04	-9.264638e+00
1.461000e-05	-1.846317e-03	-8.992057e+00
1.462000e-05	-3.672010e-03	-8.808483e+00
1.463000e-05	-3.585253e-03	-8.567325e+00
1.464000e-05	-1.417648e-03	-8.283190e+00
1.465000e-05	-2.291813e-03	-8.043137e+00
1.466000e-05	-3.300528e-03	-7.748880e+00
1.467000e-05	-4.416901e-03	-7.485691e+00
1.468000e-05	-3.521407e-03	-7.252936e+00
1.469000e-05	-4.486923e-03	-6.999346e+00
1.470000e-05	-3.918342e-03	-6.716717e+00
1.471000e-05	-6.168689e-03	-6.462632e+00
1.472000e-05	-4.639581e-03	-6.188378e+00
1.473000e-05	-5.590080e-03	-5.894166e+00
1.474000e-05	-3.896652e-03	-5.651608e+00
1.475000e-05	-7.060994e-03	-5.318373e+00
1.476000e-05	-5.891590e-03	-5.042083e+00
1.477000e-05	-5.184069e-03	-4.685137e+00
1.478000e-05	-4.847069e-03	-4.452557e+00
1.479000e-05	-5.728236e-03	-4.218475e+00
1.480000e-05	-8.145976e-03	-3.926295e+00
1.481000e-05	-6.747479e-03	-3.651553e+00
1.482000e-05	-8.804504e-03	-3.378372e+00
1.483000e-05	-6.861572e-03	-3.093182e+00
1.484000e-05	-8.813042e-03	-2.796346e+00
1.485000e-05	-5.249814e-03	-2.495765e+00
1.486000e-05	-6.141942e-03	-2.201005e+00
1.487000e-05	-6.236520e-03	-1.906238e+00
1.488000e-05	-9.508920e-03	-1.623008e+00
1.489000e-05	-8.821211e-03	-1.296216e+00
1.490000e-05	-9.910162e-03	-1.019970e+00
1.491000e-05	-8.011328e-03	-7.448920e-01
1.492000e-05	-8.098328e-03	-3.915050e-01
1.493000e-05	-6.796449e-03	-1.383398e-01
1.494000e-05	1.939684e-03	1.158708e-01
1.495000e-05	3.992250e-03	4.610776e-01
1.496000e-05	-3.845103e-03	6.932582e-01
1.497000e-05	1.172499e-04	8.952195e-01
1.498000e-05	-4.805098e-03	1.232559e+00
1.499000e-05	2.874155e-04	1.557470e+00
1.500000e-05	-2.503200e-03	1.872553e+00
1.501000e-05	2.065396e-02	2.020610e+00
1.502000e-05	8.314724e-02	2.327842e+00
1.503000e-05	3.447551e-02	2.685862e+00
1.504000e-05	-8.373024e-02	2.969054e+00
1.505000e-05	-2.808537e-02	3.263786e+00
1.506000e-05	-3.778056e-02	3.608450e+00
1.507000e-05	-3.062849e-02	3.821554e+00
1.508000e-05	-7.606614e-02	4.039506e+00
1.509000e-05	8.805718e-02	4.245819e+00
1.510000e-05	2.657370e-02	4.611529e+00
1.511000e-05	-8.799444e-02	4.821633e+00
1.512000e-05	1.856005e-01	5.139948e+00
1.513000e-05	-1.760233e-01	5.473246e+00
1.514000e-05	6.605358e-02	5.706899e+00
1.515000e-05	-3.543778e-02	6.032133e+00
1.516000e-05	5.911394e-03	6.243165e+00
1.517000e-05	5.152512e-02	6.588430e+00
1.518000e-05	-8.595672e-02	6.822636e+00
1.519000e-05	5.627748e-02	7.085214e+00
1.520000e-05	-6.833087e-02	7.438929e+00
1.521000e-05	4.333181e-02	7.683737e+00
1.522000e-05	-5.006651e-02	7.947425e+00
1.523000e-05	8.595298e-03	8.211634e+00
1.524000e-05	3.978254e-02	8.453132e+00
1.525000e-05	-3.923105e-02	8.673183e+00
1.526000e-05	2.427117e-02	8.924268e+00
1.527000e-05	-5.987442e-02	9.168450e+00
1.528000e-05	4.177233e-03	9.408951e+00
1.529000e-05	1.759070e-03	9.641084e+00
1.530000e-05	1.319457e-02	9.884219e+00
1.531000e-05	-1.582201e-02	1.007479e+01
1.532000e-05	-1.972830e-02	1.029479e+01
1.533000e-05	1.030499e-02	1.054780e+01
1.534000e-05	-2.296428e-02	1.072640e+01
1.535000e-05	-6.815498e-03	1.096735e+01
1.536000e-05	-2.603281e-02	1.116745e+01
1.537000e-05	8.921053e-03	1.138945e+01
1.538000e-05	-2.021920e-03	1.156996e+01
1.539000e-05	-8.423990e-03	1.181105e+01
1.540000e-05	-3.048170e-02	1.202051e+01
1.541000e-05	-1.080737e-02	1.216093e+01
1.542000e-05	-1.741429e-03	1.237798e+01
1.543000e-05	9.540539e-04	1.255988e+01
1.544000e-05	-1.758121e-02	1.273580e+01
1.545000e-05	-1.991945e-02	1.289472e+01
1.546000e-05	-1.066334e-02	1.305251e+01
1.547000e-05	-8.932363e-03	1.323104e+01
1.548000e-05	-1.678394e-02	1.336895e+01
1.549000e-05	-2.499236e-02	1.353679e+01
1.550000e-05	-3.746217e-03	1.368369e+01
1.551000e-05	-5.128757e-03	1.381049e+01
1.552000e-05	-7.836131e-03	1.394831e+01
1.553000e-05	-3.364328e-02	1.412530e+01
1.554000e-05	-2.002889e-02	1.425261e+01
1.555000e-05	-1.422101e-02	1.436898e+01
1.556000e-05	-7.610510e-03	1.450422e+01
1.557000e-05	-2.235292e-02	1.461848e+01
1.558000e-05	-2.419619e-02	1.468668e+01
1.559000e-05	-1.192878e-02	1.480903e+01
1.560000e-05	-1.554585e-02	1.483320e+01
1.561000e-05	-1.830841e-02	1.496845e+01
1.562000e-05	-3.227877e-02	1.505266e+01
1.563000e-05	-1.715141e-02	1.510732e+01
1.564000e-05	-1.698085e-02	1.523046e+01
1.565000e-05	-1.867972e-02	1.525162e+01
1.566000e-05	-3.397977e-02	1.533423e+01
1.567000e-05	-3.239901e-02	1.533998e+01
1.568000e-05	-2.216037e-02	1.540954e+01
1.569000e-05	-2.082309e-02	1.545314e+01
1.570000e-05	-2.731922e-02	1.552675e+01
1.571000e-05	-3.687345e-02	1.551680e+01
1.572000e-05	-2.690429e-02	1.560746e+01
1.573000e-05	-2.953082e-02	1.561803e+01
1.574000e-05	-3.512637e-02	1.559998e+01
1.575000e-05	-4.696059e-02	1.561101e+01
1.576000e-05	-4.210291e-02	1.565056e+01
1.577000e-05	-3.626418e-02	1.560856e+01
1.578000e-05	-4.119598e-02	1.563003e+01
1.579000e-05	-5.384228e-02	1.561006e+01
1.580000e-05	-6.410114e-02	1.558846e+01
1.581000e-05	-6.179347e-02	1.557750e+01
1.582000e-05	-7.301936e-02	1.555382e+01
1.583000e-05	-9.163556e-02	1.551414e+01
1.584000e-05	-1.219338e-01	1.543216e+01
1.585000e-05	-1.507997e-01	1.542988e+01
1.586000e-05	-2.009053e-01	1.534633e+01
1.587000e-05	-2.463209e-01	1.526167e+01
1.588000e-05	-2.500000e-01	1.526206e+01
1.589000e-05	-2.500000e-01	1.516885e+01
1.590000e-05	-2.447596e-01	1.511517e+01
1.591000e-05	-1.912953e-01	1.505104e+01
1.592000e-05	-1.311651e-01	1.493677e+01
1.593000e-05	-9.756408e-02	1.486154e+01
1.594000e-05	-6.743195e-02	1.473627e+01
1.595000e-05	-4.825600e-02	1.462201e+01
1.596000e-05	-4.255221e-02	1.456667e+01
1.597000e-05	-3.895387e-02	1.443001e+01
1.598000e-05	-3.370560e-02	1.430517e+01
1.599000e-05	-2.338744e-02	1.416788e+01
1.600000e-05	-2.424041e-02	1.407256e+01
1.601000e-05	-2.586306e-02	1.386467e+01
1.602000e-05	-2.643008e-02	1.374788e+01
1.603000e-05	-1.814991e-02	1.363091e+01
1.604000e-05	-1.519729e-02	1.345359e+01
1.605000e-05	-1.765692e-02	1.330572e+01
1.606000e-05	-2.053514e-02	1.314685e+01
1.607000e-05	-1.762654e-02	1.296841e+01
1.608000e-05	-1.160013e-02	1.281156e+01
1.609000e-05	-1.498117e-02	1.264253e+01
1.610000e-05	-1.767820e-02	1.250418e+01
1.611000e-05	-1.788997e-02	1.235572e+01
1.612000e-05	-1.054749e-02	1.212528e+01
1.613000e-05	-1.129761e-02	1.196820e+01
1.614000e-05	-1.488762e-02	1.171593e+01
1.615000e-05	-1.715522e-02	1.150425e+01
1.616000e-05	-1.212242e-02	1.131624e+01
1.617000e-05	-8.636723e-03	1.111309e+01
1.618000e-05	-1.164471e-02	1.092469e+01
1.619000e-05	-1.412271e-02	1.066474e+01
1.620000e-05	-1.307290e-02	1.047104e+01
1.621000e-05	-9.641171e-03	1.024311e+01
1.622000e-05	-1.081095e-02	1.003148e+01
1.623000e-05	-1.377653e-02	9.758478e+00
1.624000e-05	-1.317327e-02	9.487827e+00
1.625000e-05	-9.819052e-03	9.357320e+00
1.626000e-05	-8.018054e-03	9.115140e+00
1.627000e-05	-1.128232e-02	8.871566e+00
1.628000e-05	-1.221584e-02	8.601481e+00
1.629000e-05	-1.123029e-02	8.387950e+00
1.630000e-05	-6.566897e-03	8.126250e+00
1.631000e-05	-8.855192e-03	7.893213e+00
1.632000e-05	-1.096914e-02	7.612508e+00
1.633000e-05	-1.057636e-02	7.307698e+00
1.634000e-05	-7.950961e-03	7.062563e+00
1.635000e-05	-7.307404e-03	6.850556e+00
1.636000e-05	-1.075628e-02	6.527449e+00
1.637000e-05	-1.051000e-02	6.295117e+00
1.638000e-05	-8.334891e-03	6.039607e+00
1.639000e-05	-6.014702e-03	5.717801e+00
1.640000e-05	-7.990401e-03	5.473238e+00
1.641000e-05	-1.032169e-02	5.199426e+00
1.642000e-05	-9.276448e-03	4.823139e+00
1.643000e-05	-6.941844e-03	4.588350e+00
1.644000e-05	-6.865277e-03	4.345320e+00
1.645000e-05	-9.098042e-03	4.000430e+00
1.646000e-05	-8.255657e-03	3.745696e+00
1.647000e-05	-5.830629e-03	3.493135e+00
1.648000e-05	-5.093694e-03	3.166397e+00
1.649000e-05	-8.164497e-03	2.884712e+00
1.650000e-05	-9.552109e-03	2.641476e+00
1.651000e-05	-6.841885e-03	2.335188e+00
1.652000e-05	-5.158736e-03	2.042005e+00
1.653000e-05	-5.594211e-03	1.775844e+00
1.654000e-05	-7.404188e-03	1.464105e+00
1.655000e-05	-6.052178e-03	1.145846e+00
1.656000e-05	-4.353155e-03	7.798300e-01
1.657000e-05	-3.923823e-03	5.547695e-01
1.658000e-05	-5.678833e-03	2.621553e-01
1.659000e-05	-4.503981e-03	-4.365903e-02
1.660000e-05	6.206750e-03	-3.063158e-01
1.661000e-05	6.128332e-03	-5.695762e-01
1.662000e-05	-3.937463e-04	-8.947843e-01
1.663000e-05	-1.146047e-03	-1.138340e+00
1.664000e-05	-5.201561e-04	-1.453758e+00
1.665000e-05	1.493758e-03	-1.674890e+00
1.666000e-05	1.690745e-02	-1.977470e+00
1.667000e-05	7.736187e-02	-2.188747e+00
1.668000e-05	8.499720e-02	-2.545892e+00
1.669000e-05	-9.119081e-02	-2.948971e+00
1.670000e-05	3.014994e-03	-3.315413e+00
1.671000e-05	-5.397115e-02	-3.567920e+00
1.672000e-05	-2.926829e-02	-3.788874e+00
1.673000e-05	-7.983709e-02	-4.030526e+00
1.674000e-05	2.149095e-01	-4.159420e+00
1.675000e-05	-1.744688e-01	-4.473660e+00
1.676000e-05	1.325715e-01	-4.808520e+00
1.677000e-05	3.467008e-02	-4.989028e+00
1.678000e-05	-1.316769e-01	-5.431556e+00
1.679000e-05	1.819004e-01	-5.653606e+00
1.680000e-05	-2.156182e-01	-5.925843e+00
1.681000e-05	1.805517e-01	-6.260031e+00
1.682000e-05	-4.070850e-02	-6.442181e+00
1.683000e-05	-1.297207e-02	-6.779975e+00
1.684000e-05	8.933082e-02	-7.039124e+00
1.685000e-05	-1.495132e-01	-7.326392e+00
1.686000e-05	1.525700e-01	-7.570505e+00
1.687000e-05	-1.244176e-01	-7.862683e+00
1.688000e-05	1.089771e-01	-8.146396e+00
1.689000e-05	-3.190012e-03	-8.378367e+00
1.690000e-05	-3.693970e-02	-8.683234e+00
1.691000e-05	1.042764e-01	-8.905738e+00
1.692000e-05	-1.401553e-01	-9.137845e+00
1.693000e-05	1.164096e-01	-9.347921e+00
1.694000e-05	-9.363277e-02	-9.549480e+00
1.695000e-05	1.175951e-01	-9.829102e+00
1.696000e-05	-3.878547e-02	-1.000253e+01
1.697000e-05	2.816906e-02	-1.029329e+01
1.698000e-05	4.542758e-03	-1.050426e+01
1.699000e-05	-3.021108e-02	-1.073735e+01
1.700000e-05	5.731702e-02	-1.089519e+01
1.701000e-05	-5.360810e-02	-1.113792e+01
1.702000e-05	7.551021e-02	-1.135640e+01
1.703000e-05	-4.551523e-02	-1.157950e+01
1.704000e-05	6.582960e-02	-1.180940e+01
1.705000e-05	-4.154281e-02	-1.198055e+01
1.706000e-05	3.407012e-02	-1.218955e+01
1.707000e-05	-1.437031e-02	-1.233793e+01
1.708000e-05	3.545108e-02	-1.257940e+01
1.709000e-05	1.038472e-02	-1.272626e+01
1.710000e-05	3.542940e-03	-1.292432e+01
1.711000e-05	7.155398e-03	-1.306374e+01
1.712000e-05	-1.864772e-03	-1.323061e+01
1.713000e-05	2.408947e-02	-1.338735e+01
1.714000e-05	-1.946312e-03	-1.356647e+01
1.715000e-05	2.786228e-02	-1.369435e+01
1.716000e-05	3.550088e-03	-1.385256e+01
1.717000e-05	2.946197e-02	-1.396753e+01
1.718000e-05	-3.919680e-03	-1.411727e+01
1.719000e-05	1.171703e-02	-1.423329e+01
1.720000e-05	-1.430882e-03	-1.435798e+01
1.721000e-05	2.557270e-02	-1.446575e+01
1.722000e-05	1.347490e-02	-1.460201e+01
1.723000e-05	1.988111e-02	-1.473540e+01
1.724000e-05	8.156562e-03	-1.483058e+01
1.725000e-05	1.614379e-02	-1.493627e+01
1.726000e-05	1.682038e-02	-1.498953e+01
1.727000e-05	1.360344e-02	-1.508422e+01
1.728000e-05	1.612922e-02	-1.515740e+01
1.729000e-05	1.565334e-02	-1.527369e+01
1.730000e-05	2.433948e-02	-1.536490e+01
1.731000e-05	1.484948e-02	-1.539853e+01
1.732000e-05	1.653809e-02	-1.546208e+01
1.733000e-05	1.332034e-02	-1.552577e+01
1.734000e-05	2.674941e-02	-1.553890e+01
1.735000e-05	2.539377e-02	-1.558108e+01
1.736000e-05	2.516874e-02	-1.560249e+01
1.737000e-05	2.073906e-02	-1.565261e+01
1.738000e-05	2.455455e-02	-1.570417e+01
1.739000e-05	2.784888e-02	-1.567474e+01
1.740000e-05	2.725410e-02	-1.571530e+01
1.741000e-05	2.830912e-02	-1.570577e+01
1.742000e-05	3.395674e-02	-1.573637e+01
1.743000e-05	4.103716e-02	-1.571633e+01
1.744000e-05	4.299928e-02	-1.570575e+01
1.745000e-05	4.225996e-02	-1.566522e+01
1.746000e-05	4.765011e-02	-1.568359e+01
1.747000e-05	5.946897e-02	-1.564254e+01
1.748000e-05	7.365645e-02	-1.565254e+01
1.749000e-05	8.782947e-02	-1.557690e+01
1.750000e-05	1.105227e-01	-1.553787e+01
1.751000e-05	1.532602e-01	-1.548567e+01
1.752000e-05	2.119096e-01	-1.544104e+01
1.753000e-05	2.482579e-01	-1.538945e+01
1.754000e-05	2.500000e-01	-1.529632e+01
1.755000e-05	2.500000e-01	-1.526104e+01
1.756000e-05	2.400476e-01	-1.515735e+01
1.757000e-05	1.760085e-01	-1.503412e+01
1.758000e-05	1.127727e-01	-1.498947e+01
1.759000e-05	7.616494e-02	-1.490474e+01
1.760000e-05	5.727620e-02	-1.484043e+01
1.761000e-05	4.464741e-02	-1.469624e+01
1.762000e-05	3.323039e-02	-1.463201e+01
1.763000e-05	2.435904e-02	-1.448382e+01
1.764000e-05	2.017619e-02	-1.438888e+01
1.765000e-05	1.919966e-02	-1.423201e+01
1.766000e-05	1.545193e-02	-1.409319e+01
1.767000e-05	1.116336e-02	-1.396885e+01
1.768000e-05	1.017462e-02	-1.382059e+01
1.769000e-05	1.162377e-02	-1.366206e+01
1.770000e-05	1.182378e-02	-1.348669e+01
1.771000e-05	7.307465e-03	-1.336840e+01
1.772000e-05	4.221502e-03	-1.323011e+01
1.773000e-05	5.794394e-03	-1.307369e+01
1.774000e-05	6.941058e-03	-1.291261e+01
1.775000e-05	5.547662e-03	-1.271524e+01
1.776000e-05	2.828411e-03	-1.253885e+01
1.777000e-05	3.155581e-03	-1.238740e+01
1.778000e-05	3.962357e-03	-1.218146e+01
1.779000e-05	3.372746e-03	-1.197945e+01
1.780000e-05	1.495924e-03	-1.178893e+01
1.781000e-05	-2.354659e-04	-1.155083e+01
1.782000e-05	3.008256e-03	-1.131477e+01
1.783000e-05	2.761618e-03	-1.110625e+01
1.784000e-05	1.672802e-03	-1.094319e+01
1.785000e-05	-1.158485e-03	-1.068619e+01
1.786000e-05	2.932696e-06	-1.050527e+01
1.787000e-05	9.317933e-04	-1.026311e+01
1.788000e-05	4.193863e-04	-1.009251e+01
1.789000e-05	-2.234512e-03	-9.822503e+00
1.790000e-05	-1.934042e-03	-9.661055e+00
1.791000e-05	-1.321499e-03	-9.368376e+00
1.792000e-05	-2.291636e-05	-9.104772e+00
1.793000e-05	-2.215181e-03	-8.915670e+00
1.794000e-05	-4.106566e-03	-8.614136e+00
1.795000e-05	-3.341481e-03	-8.421483e+00
1.796000e-05	-1.747617e-03	-8.158900e+00
1.797000e-05	-1.928789e-03	-7.903862e+00
1.798000e-05	-4.781164e-03	-7.649481e+00
1.799000e-05	-4.435292e-03	-7.357876e+00
1.800000e-05	-3.998162e-03	-7.095667e+00
1.801000e-05	-2.606357e-03	-6.810481e+00
1.802000e-05	-5.843537e-03	-6.558300e+00
1.803000e-05	-5.046871e-03	-6.304765e+00
1.804000e-05	-5.955723e-03	-6.040633e+00
1.805000e-05	-3.770321e-03	-5.768274e+00
1.806000e-05	-4.830557e-03	-5.465264e+00
1.807000e-05	-5.926333e-03	-5.128003e+00
1.808000e-05	-6.770132e-03	-4.842082e+00
1.809000e-05	-4.411152e-03	-4.568247e+00
1.810000e-05	-5.770444e-03	-4.326715e+00
1.811000e-05	-5.818445e-03	-4.073606e+00
1.812000e-05	-7.669076e-03	-3.767950e+00
1.813000e-05	-7.127646e-03	-3.495184e+00
1.814000e-05	-8.099798e-03	-3.230580e+00
1.815000e-05	-6.499788e-03	-2.885245e+00
1.816000e-05	-7.458564e-03	-2.622055e+00
1.817000e-05	-6.389140e-03	-2.368418e+00
1.818000e-05	-6.926649e-03	-2.022058e+00
1.819000e-05	-7.006534e-03	-1.777846e+00
1.820000e-05	-8.654561e-03	-1.523612e+00
1.821000e-05	-9.717277e-03	-1.145791e+00
1.822000e-05	-8.950616e-03	-8.631578e-01
1.823000e-05	-8.687527e-03	-5.078237e-01
1.824000e-05	-6.883473e-03	-2.847355e-01
1.825000e-05	-4.885534e-03	-1.097755e-02
1.826000e-05	8.970793e-03	3.053357e-01
1.827000e-05	-6.002711e-03	5.584435e-01
1.828000e-05	4.288222e-03	8.504803e-01
1.829000e-05	-5.988991e-03	1.136313e+00
1.830000e-05	-6.400980e-05	1.368999e+00
1.831000e-05	-6.832552e-03	1.727291e+00
1.832000e-05	1.248567e-02	1.929420e+00
1.833000e-05	4.228866e-02	2.220474e+00
1.834000e-05	1.014610e-01	2.523711e+00
1.835000e-05	-7.306727e-02	2.893238e+00
1.836000e-05	-3.805534e-02	3.177420e+00
1.837000e-05	-4.488482e-02	3.422184e+00
1.838000e-05	-1.315869e-02	3.716263e+00
1.839000e-05	-8.108911e-02	3.946994e+00
1.840000e-05	-4.601948e-03	4.157897e+00
1.841000e-05	1.353854e-01	4.453666e+00
1.842000e-05	-1.407695e-01	4.726847e+00
1.843000e-05	1.418767e-01	4.980001e+00
1.844000e-05	-3.264556e-02	5.336419e+00
1.845000e-05	-7.782328e-02	5.589479e+00
1.846000e-05	6.897463e-02	5.913321e+00
1.847000e-05	-7.811866e-02	6.168446e+00
1.848000e-05	9.103833e-02	6.399453e+00
1.849000e-05	-5.985911e-02	6.756795e+00
1.850000e-05	2.302743e-04	6.978952e+00
1.851000e-05	-1.305737e-03	7.283082e+00
1.852000e-05	-3.133478e-02	7.565322e+00
1.853000e-05	3.120829e-02	7.799982e+00
1.854000e-05	-6.426140e-02	8.105695e+00
1.855000e-05	6.519215e-02	8.326950e+00
1.856000e-05	-2.095458e-02	8.557824e+00
1.857000e-05	-8.436740e-03	8.789477e+00
1.858000e-05	-1.245456e-03	9.061183e+00
1.859000e-05	-6.220507e-02	9.275240e+00
1.860000e-05	4.408216e-02	9.495295e+00
1.861000e-05	-2.527436e-02	9.737345e+00
1.862000e-05	2.982794e-02	9.990528e+00
1.863000e-05	-4.840277e-02	1.020098e+01
1.864000e-05	1.540847e-02	1.042163e+01
1.865000e-05	-1.662804e-02	1.062161e+01
1.866000e-05	-1.714843e-02	1.086256e+01
1.867000e-05	-9.550567e-03	1.104211e+01
1.868000e-05	-2.158095e-02	1.129419e+01
1.869000e-05	2.453685e-02	1.147574e+01
1.870000e-05	-2.255931e-02	1.171475e+01
1.871000e-05	-4.382190e-03	1.189474e+01
1.872000e-05	-3.724288e-02	1.207530e+01
1.873000e-05	7.521014e-03	1.228312e+01
1.874000e-05	-6.480961e-03	1.246127e+01
1.875000e-05	-4.730161e-03	1.266258e+01
1.876000e-05	-2.170643e-02	1.285100e+01
1.877000e-05	-1.884126e-02	1.302048e+01
1.878000e-05	-3.336684e-03	1.316832e+01
1.879000e-05	-1.999229e-02	1.332612e+01
1.880000e-05	-1.547060e-02	1.345359e+01
1.881000e-05	-1.983320e-02	1.360148e+01
1.882000e-05	4.419273e-03	1.371488e+01
1.883000e-05	-9.903728e-03	1.390317e+01
1.884000e-05	-2.202178e-02	1.401169e+01
1.885000e-05	-3.015751e-02	1.421891e+01
1.886000e-05	-1.713468e-02	1.429583e+01
1.887000e-05	-6.050020e-03	1.446161e+01
1.888000e-05	-1.707736e-02	1.454630e+01
1.889000e-05	-2.024810e-02	1.462522e+01
1.890000e-05	-2.179570e-02	1.476641e+01
1.891000e-05	-1.036031e-02	1.485051e+01
1.892000e-05	-2.073478e-02	1.493473e+01
1.893000e-05	-2.674653e-02	1.501199e+01
1.894000e-05	-2.578837e-02	1.508274e+01
1.895000e-05	-1.611342e-02	1.517640e+01
1.896000e-05	-1.365473e-02	1.522249e+01
1.897000e-05	-2.964826e-02	1.530412e+01
1.898000e-05	-3.201967e-02	1.533636e+01
1.899000e-05	-3.099089e-02	1.539908e+01
1.900000e-05	-1.753352e-02	1.544262e+01
1.901000e-05	-2.611788e-02	1.551464e+01
1.902000e-05	-3.132330e-02	1.550632e+01
1.903000e-05	-3.235474e-02	1.556837e+01
1.904000e-05	-2.746093e-02	1.556840e+01
1.905000e-05	-3.089750e-02	1.562901e+01
1.906000e-05	-4.463408e-02	1.557043e+01
1.907000e-05	-4.321495e-02	1.562158e+01
1.908000e-05	-4.071550e-02	1.561064e+01
1.909000e-05	-3.484546e-02	1.565956e+01
1.910000e-05	-4.975862e-02	1.561956e+01
1.911000e-05	-5.933343e-02	1.561893e+01
1.912000e-05	-6.399290e-02	1.553836e+01
1.913000e-05	-6.594442e-02	1.553685e+01
1.914000e-05	-8.089216e-02	1.547420e+01
1.915000e-05	-1.070235e-01	1.545159e+01
1.916000e-05	-1.341810e-01	1.537999e+01
1.917000e-05	-1.769194e-01	1.535693e+01
1.918000e-05	-2.308046e-01	1.531627e+01
1.919000e-05	-2.500000e-01	1.524169e+01
1.920000e-05	-2.500000e-01	1.518101e+01
1.921000e-05	-2.492000e-01	1.513622e+01
1.922000e-05	-2.221916e-01	1.507414e+01
1.923000e-05	-1.546050e-01	1.495828e+01
1.924000e-05	-1.115949e-01	1.488317e+01
1.925000e-05	-7.989208e-02	1.479935e+01
1.926000e-05	-5.747906e-02	1.468270e+01
1.927000e-05	-4.368459e-02	1.458743e+01
1.928000e-05	-4.199625e-02	1.448471e+01
1.929000e-05	-3.680884e-02	1.435935e+01
1.930000e-05	-2.749712e-02	1.422301e+01
1.931000e-05	-2.301888e-02	1.406567e+01
1.932000e-05	-2.391207e-02	1.394978e+01
1.933000e-05	-2.711468e-02	1.378943e+01
1.934000e-05	-2.081772e-02	1.365319e+01
1.935000e-05	-1.655969e-02	1.352675e+01
1.936000e-05	-1.414107e-02	1.338693e+01
1.937000e-05	-2.109298e-02	1.328896e+01
1.938000e-05	-1.958125e-02	1.301251e+01
1.939000e-05	-1.609239e-02	1.289369e+01
1.940000e-05	-1.313011e-02	1.273530e+01
1.941000e-05	-1.631696e-02	1.257650e+01
1.942000e-05	-1.831583e-02	1.239896e+01
1.943000e-05	-1.226219e-02	1.217001e+01
1.944000e-05	-1.026995e-02	1.205101e+01
1.945000e-05	-1.162315e-02	1.184256e+01
1.946000e-05	-1.821356e-02	1.163148e+01
1.947000e-05	-1.573712e-02	1.139943e+01
1.948000e-05	-1.176658e-02	1.118891e+01
1.949000e-05	-1.018577e-02	1.095945e+01
1.950000e-05	-1.326563e-02	1.081850e+01
1.951000e-05	-1.400296e-02	1.055688e+01
1.952000e-05	-1.001426e-02	1.040580e+01
1.953000e-05	-8.369276e-03	1.012637e+01
1.954000e-05	-1.048514e-02	9.904267e+00
1.955000e-05	-1.393227e-02	9.723594e+00
1.956000e-05	-1.087847e-02	9.441034e+00
1.957000e-05	-8.756319e-03	9.199977e+00
1.958000e-05	-8.790985e-03	8.926854e+00
1.959000e-05	-1.280708e-02	8.764225e+00
1.960000e-05	-1.282723e-02	8.524220e+00
1.961000e-05	-8.288738e-03	8.282661e+00
1.962000e-05	-7.289337e-03	8.009953e+00
1.963000e-05	-8.575844e-03	7.774774e+00
1.964000e-05	-1.141641e-02	7.493538e+00
1.965000e-05	-7.873858e-03	7.249977e+00
1.966000e-05	-7.901495e-03	6.947374e+00
1.967000e-05	-8.565112e-03	6.664190e+00
1.968000e-05	-1.216998e-02	6.409404e+00
1.969000e-05	-1.039720e-02	6.156800e+00
1.970000e-05	-7.140270e-03	5.884590e+00
1.971000e-05	-5.746230e-03	5.599460e+00
1.972000e-05	-8.855075e-03	5.345171e+00
1.973000e-05	-1.033126e-02	5.010329e+00
1.974000e-05	-6.661912e-03	4.703697e+00
1.975000e-05	-5.695804e-03	4.460508e+00
1.976000e-05	-7.158189e-03	4.116225e+00
1.977000e-05	-9.674239e-03	3.872558e+00
1.978000e-05	-8.333710e-03	3.618505e+00
1.979000e-05	-6.197976e-03	3.264291e+00
1.980000e-05	-6.214959e-03	3.049532e+00
1.981000e-05	-8.481310e-03	2.765375e+00
1.982000e-05	-8.905718e-03	2.412128e+00
1.983000e-05	-5.078682e-03	2.157346e+00
1.984000e-05	-4.263589e-03	1.874767e+00
1.985000e-05	-5.627386e-03	1.577899e+00
1.986000e-05	-8.604763e-03	1.303688e+00
1.987000e-05	-6.293298e-03	9.672450e-01
1.988000e-05	-4.315103e-03	6.616816e-01
1.989000e-05	-4.447556e-03	4.014699e-01
1.990000e-05	-5.063876e-03	1.031831e-01
1.991000e-05	-1.257815e-03	-2.105274e-01
1.992000e-05	1.315724e-02	-4.306815e-01
1.993000e-05	-3.274041e-03	-7.584460e-01
1.994000e-05	5.257774e-03	-9.915274e-01
1.995000e-05	-7.161815e-03	-1.274863e+00
1.996000e-05	4.175594e-03	-1.629476e+00
1.997000e-05	1.931132e-03	-1.852580e+00
1.998000e-05	4.022654e-02	-2.043133e+00
1.999000e-05	1.286998e-01	-2.387491e+00
2.000000e-05	-4.997553e-02	-2.759370e+00
2.001000e-05	-3.039883e-02	-3.198450e+00
2.002000e-05	-3.398135e-02	-3.461682e+00
2.003000e-05	-2.244151e-02	-3.611480e+00
2.004000e-05	-9.986758e-02	-3.934842e+00
2.005000e-05	1.100021e-01	-4.074662e+00
2.006000e-05	4.648810e-02	-4.284846e+00
2.007000e-05	-1.216935e-01	-4.684257e+00
2.008000e-05	2.255340e-01	-4.873261e+00
2.009000e-05	-2.073031e-01	-5.221134e+00
2.010000e-05	1.440863e-01	-5.547996e+00
2.011000e-05	-7.248408e-02	-5.748920e+00
2.012000e-05	-4.444538e-02	-6.106191e+00
2.013000e-05	1.660192e-01	-6.345320e+00
2.014000e-05	-1.559841e-01	-6.631709e+00
2.015000e-05	1.580315e-01	-6.927744e+00
2.016000e-05	-1.246751e-01	-7.188348e+00
2.017000e-05	4.410304e-02	-7.494213e+00
2.018000e-05	3.075981e-02	-7.696240e+00
2.019000e-05	-7.063878e-02	-8.041083e+00
2.020000e-05	1.555072e-01	-8.253712e+00
2.021000e-05	-1.380052e-01	-8.526294e+00
2.022000e-05	1.371619e-01	-8.760525e+00
2.023000e-05	-9.166353e-02	-9.020031e+00
2.024000e-05	2.073378e-02	-9.264209e+00
2.025000e-05	1.674196e-02	-9.462212e+00
2.026000e-05	-1.877771e-02	-9.745846e+00
2.027000e-05	9.919309e-02	-9.916792e+00
2.028000e-05	-8.190130e-02	-1.013795e+01
2.029000e-05	9.307489e-02	-1.038753e+01
2.030000e-05	-8.989937e-02	-1.062106e+01
2.031000e-05	8.278829e-02	-1.083101e+01
2.032000e-05	-4.742272e-02	-1.104205e+01
2.033000e-05	4.612988e-02	-1.124356e+01
2.034000e-05	-3.037126e-03	-1.146366e+01
2.035000e-05	1.402416e-02	-1.170429e+01
2.036000e-05	1.808949e-02	-1.189425e+01
2.037000e-05	-2.199728e-02	-1.212692e+01
2.038000e-05	3.032111e-02	-1.228416e+01
2.039000e-05	-1.143225e-02	-1.246174e+01
2.040000e-05	5.219330e-02	-1.261116e+01
2.041000e-05	-1.884828e-02	-1.283206e+01
2.042000e-05	2.579923e-02	-1.297101e+01
2.043000e-05	-1.867614e-02	-1.314792e+01
2.044000e-05	2.857443e-02	-1.329530e+01
2.045000e-05	-2.985413e-03	-1.344319e+01
2.046000e-05	2.341462e-02	-1.366259e+01
2.047000e-05	9.264349e-03	-1.375943e+01
2.048000e-05	2.402506e-02	-1.390587e+01
2.049000e-05	8.952215e-03	-1.405371e+01
2.050000e-05	4.328606e-03	-1.420851e+01
2.051000e-05	2.623120e-03	-1.433379e+01
2.052000e-05	1.274589e-02	-1.444324e+01
2.053000e-05	2.287484e-02	-1.460945e+01
2.054000e-05	1.452424e-02	-1.470519e+01
2.055000e-05	1.667745e-02	-1.477998e+01
2.056000e-05	7.292406e-03	-1.487424e+01
2.057000e-05	2.106248e-02	-1.492695e+01
2.058000e-05	1.003935e-02	-1.506466e+01
2.059000e-05	1.852764e-02	-1.516540e+01
2.060000e-05	1.110376e-02	-1.523111e+01
2.061000e-05	2.572489e-02	-1.529484e+01
2.062000e-05	1.669099e-02	-1.537845e+01
2.063000e-05	1.668908e-02	-1.546159e+01
2.064000e-05	1.218662e-02	-1.545365e+01
2.065000e-05	2.160618e-02	-1.554630e+01
2.066000e-05	2.697745e-02	-1.559848e+01
2.067000e-05	2.568426e-02	-1.562056e+01
2.068000e-05	2.311268e-02	-1.565209e+01
2.069000e-05	2.143222e-02	-1.566414e+01
2.070000e-05	2.711524e-02	-1.565462e+01
2.071000e-05	2.595197e-02	-1.570577e+01
2.072000e-05	2.691113e-02	-1.569618e+01
2.073000e-05	3.057957e-02	-1.576425e+01
2.074000e-05	3.933556e-02	-1.571575e+01
2.075000e-05	4.352574e-02	-1.571632e+01
2.076000e-05	4.216387e-02	-1.568477e+01
2.077000e-05	4.384160e-02	-1.567575e+01
2.078000e-05	5.261236e-02	-1.567309e+01
2.079000e-05	6.582787e-02	-1.566201e+01
2.080000e-05	8.025743e-02	-1.557898e+01
2.081000e-05	9.867822e-02	-1.558895e+01
2.082000e-05	1.315907e-01	-1.549722e+01
2.083000e-05	1.834751e-01	-1.546462e+01
2.084000e-05	2.390987e-01	-1.541903e+01
2.085000e-05	2.500000e-01	-1.532637e+01
2.086000e-05	2.500000e-01	-1.529369e+01
2.087000e-05	2.485000e-01	-1.521848e+01
2.088000e-05	2.104529e-01	-1.510527e+01
2.089000e-05	1.388495e-01	-1.500268e+01
2.090000e-05	8.998127e-02	-1.490685e+01
2.091000e-05	6.413957e-02	-1.485306e+01
2.092000e-05	4.983374e-02	-1.475838e+01
2.093000e-05	3.821264e-02	-1.464311e+01
2.094000e-05	2.814252e-02	-1.453733e+01
2.095000e-05	2.244694e-02	-1.445211e+01
2.096000e-05	2.032288e-02	-1.427372e+01
2.097000e-05	1.754181e-02	-1.416680e+01
2.098000e-05	1.252362e-02	-1.401204e+01
2.099000e-05	1.020113e-02	-1.391564e+01
2.100000e-05	1.012916e-02	-1.373735e+01
2.101000e-05	1.163316e-02	-1.361695e+01
2.102000e-05	9.314569e-03	-1.342258e+01
2.103000e-05	6.208728e-03	-1.326564e+01
2.104000e-05	4.626207e-03	-1.314630e+01
2.105000e-05	6.821622e-03	-1.294943e+01
2.106000e-05	6.204820e-03	-1.282901e+01
2.107000e-05	4.419988e-03	-1.258006e+01
2.108000e-05	3.153317e-03	-1.247459e+01
2.109000e-05	3.704814e-03	-1.228214e+01
2.110000e-05	3.417029e-03	-1.211577e+01
2.111000e-05	2.426043e-03	-1.186516e+01
2.112000e-05	-1.187229e-04	-1.165366e+01
2.113000e-05	8.585192e-04	-1.144951e+01
2.114000e-05	3.166210e-03	-1.119996e+01
2.115000e-05	2.844356e-03	-1.101095e+01
2.116000e-05	5.959851e-04	-1.078752e+01
2.117000e-05	-6.224816e-04	-1.060893e+01
2.118000e-05	-1.997868e-04	-1.040837e+01
2.119000e-05	3.455839e-04	-1.011990e+01
2.120000e-05	-1.183156e-03	-9.947299e+00
2.121000e-05	-1.991086e-03	-9.735271e+00
2.122000e-05	-1.133397e-03	-9.513663e+00
2.123000e-05	-3.784478e-04	-9.234112e+00
2.124000e-05	-2.096437e-03	-9.010427e+00
2.125000e-05	-3.359737e-03	-8.768002e+00
2.126000e-05	-3.789753e-03	-8.526345e+00
2.127000e-05	-1.965274e-03	-8.285640e+00
2.128000e-05	-2.104286e-03	-8.071583e+00
2.129000e-05	-4.285294e-03	-7.727880e+00
2.130000e-05	-4.801631e-03	-7.483689e+00
2.131000e-05	-4.391536e-03	-7.241107e+00
2.132000e-05	-4.009647e-03	-6.976874e+00
2.133000e-05	-4.872019e-03	-6.695261e+00
2.134000e-05	-5.058186e-03	-6.421610e+00
2.135000e-05	-4.207352e-03	-6.147374e+00
2.136000e-05	-4.687889e-03	-5.872638e+00
2.137000e-05	-4.319790e-03	-5.621508e+00
2.138000e-05	-7.167716e-03	-5.375696e+00
2.139000e-05	-6.551597e-03	-5.040577e+00
2.140000e-05	-5.065001e-03	-4.684188e+00
2.141000e-05	-4.933895e-03	-4.431104e+00
2.142000e-05	-5.443770e-03	-4.178478e+00
2.143000e-05	-8.403973e-03	-3.904838e+00
2.144000e-05	-6.401201e-03	-3.640104e+00
2.145000e-05	-8.121307e-03	-3.377417e+00
2.146000e-05	-7.261654e-03	-3.072092e+00
2.147000e-05	-9.111245e-03	-2.758420e+00
2.148000e-05	-5.790220e-03	-2.482686e+00
2.149000e-05	-6.801641e-03	-2.219980e+00
2.150000e-05	-6.284837e-03	-1.895136e+00
2.151000e-05	-9.872855e-03	-1.641601e+00
2.152000e-05	-1.028813e-02	-1.304661e+00
2.153000e-05	-9.093358e-03	-9.903697e-01
2.154000e-05	-8.000662e-03	-6.942657e-01
2.155000e-05	-7.461420e-03	-3.984725e-01
2.156000e-05	-6.972327e-03	-1.358345e-01
2.157000e-05	3.300020e-03	1.290173e-01
2.158000e-05	1.898587e-03	4.235566e-01
2.159000e-05	-2.913843e-03	7.157380e-01
2.160000e-05	-1.304907e-03	9.363671e-01
2.161000e-05	-5.184608e-03	1.244287e+00
2.162000e-05	-2.873273e-04	1.560901e+00
2.163000e-05	-4.800864e-04	1.830632e+00
2.164000e-05	2.186249e-02	2.064161e+00
2.165000e-05	8.953972e-02	2.387397e+00
2.166000e-05	1.745523e-02	2.735892e+00
2.167000e-05	-7.883129e-02	3.021580e+00
2.168000e-05	-3.040300e-02	3.305168e+00
2.169000e-05	-3.367754e-02	3.619452e+00
2.170000e-05	-3.836654e-02	3.832134e+00
2.171000e-05	-7.052033e-02	4.022005e+00
2.172000e-05	1.013092e-01	4.275894e+00
2.173000e-05	3.435026e-05	4.622104e+00
2.174000e-05	-5.975768e-02	4.852511e+00
2.175000e-05	1.673413e-01	5.170505e+00
2.176000e-05	-1.774385e-01	5.504789e+00
2.177000e-05	7.941431e-02	5.748824e+00
2.178000e-05	-4.980962e-02	6.073209e+00
2.179000e-05	2.216189e-02	6.264289e+00
2.180000e-05	3.663185e-02	6.568950e+00
2.181000e-05	-7.818687e-02	6.883185e+00
2.182000e-05	5.595319e-02	7.111300e+00
2.183000e-05	-7.183922e-02	7.379605e+00
2.184000e-05	4.912269e-02	7.684217e+00
2.185000e-05	-5.916338e-02	7.968402e+00
2.186000e-05	2.345289e-02	8.253136e+00
2.187000e-05	3.163094e-02	8.454189e+00
2.188000e-05	-3.867340e-02	8.664661e+00
2.189000e-05	2.428076e-02	8.917792e+00
2.190000e-05	-6.546331e-02	9.179428e+00
2.191000e-05	1.432954e-02	9.409480e+00
2.192000e-05	-6.836493e-03	9.642108e+00
2.193000e-05	1.851394e-02	9.902614e+00
2.194000e-05	-2.247736e-02	1.008782e+01
2.195000e-05	-1.142072e-02	1.032624e+01
2.196000e-05	6.729201e-03	1.051645e+01
2.197000e-05	-2.412955e-02	1.073930e+01
2.198000e-05	-6.380272e-03	1.097843e+01
2.199000e-05	-2.791979e-02	1.120783e+01
2.200000e-05	1.309592e-02	1.139098e+01
2.201000e-05	-7.684122e-03	1.161108e+01
2.202000e-05	-5.664219e-03	1.179108e+01
2.203000e-05	-3.235608e-02	1.199006e+01
2.204000e-05	-5.043656e-03	1.220953e+01
2.205000e-05	-4.311817e-03	1.237851e+01
2.206000e-05	1.413826e-04	1.257995e+01
2.207000e-05	-1.906675e-02	1.270892e+01
2.208000e-05	-1.899148e-02	1.290462e+01
2.209000e-05	-8.859571e-03	1.306364e+01
2.210000e-05	-1.268171e-02	1.322217e+01
2.211000e-05	-1.625633e-02	1.336993e+01
2.212000e-05	-2.537088e-02	1.350580e+01
2.213000e-05	-5.481928e-04	1.372277e+01
2.214000e-05	-7.477532e-03	1.379104e+01
2.215000e-05	-9.280221e-03	1.395733e+01
2.216000e-05	-3.431340e-02	1.409635e+01
2.217000e-05	-1.822193e-02	1.425457e+01
2.218000e-05	-1.363875e-02	1.439100e+01
2.219000e-05	-8.919182e-03	1.448427e+01
2.220000e-05	-2.063539e-02	1.460998e+01
2.221000e-05	-2.356340e-02	1.468782e+01
2.222000e-05	-1.069262e-02	1.479943e+01
2.223000e-05	-1.835737e-02	1.487367e+01
2.224000e-05	-2.058010e-02	1.497796e+01
2.225000e-05	-3.351719e-02	1.505419e+01
2.226000e-05	-1.693729e-02	1.512627e+01
2.227000e-05	-1.684346e-02	1.516101e+01
2.228000e-05	-1.875560e-02	1.526112e+01
2.229000e-05	-3.279106e-02	1.530582e+01
2.230000e-05	-3.243178e-02	1.537888e+01
2.231000e-05	-2.128996e-02	1.543154e+01
2.232000e-05	-2.318312e-02	1.549319e+01
2.233000e-05	-2.830653e-02	1.551425e+01
2.234000e-05	-3.675835e-02	1.557838e+01
2.235000e-05	-2.671620e-02	1.556843e+01
2.236000e-05	-2.972340e-02	1.558043e+01
2.237000e-05	-3.538720e-02	1.563898e+01
2.238000e-05	-4.543484e-02	1.560008e+01
2.239000e-05	-4.159075e-02	1.563951e+01
2.240000e-05	-3.595942e-02	1.555106e+01
2.241000e-05	-4.334328e-02	1.560106e+01
2.242000e-05	-5.501761e-02	1.562046e+01
2.243000e-05	-6.513730e-02	1.557900e+01
2.244000e-05	-6.240435e-02	1.553835e+01
2.245000e-05	-7.455151e-02	1.553617e+01
2.246000e-05	-9.245621e-02	1.548469e+01
2.247000e-05	-1.210734e-01	1.545314e+01
2.248000e-05	-1.531850e-01	1.536203e+01
2.249000e-05	-2.055316e-01	1.534728e+01
2.250000e-05	-2.470322e-01	1.529322e+01
2.251000e-05	-2.500000e-01	1.519251e+01
2.252000e-05	-2.500000e-01	1.519998e+01
2.253000e-05	-2.430245e-01	1.509609e+01
2.254000e-05	-1.855577e-01	1.502046e+01
2.255000e-05	-1.277783e-01	1.492625e+01
2.256000e-05	-9.299149e-02	1.482058e+01
2.257000e-05	-6.590148e-02	1.471480e+01
2.258000e-05	-4.809941e-02	1.460053e+01
2.259000e-05	-4.334834e-02	1.454472e+01
2.260000e-05	-3.989026e-02	1.442096e+01
2.261000e-05	-3.330438e-02	1.428424e+01
2.262000e-05	-2.309702e-02	1.414735e+01
2.263000e-05	-2.302521e-02	1.402061e+01
2.264000e-05	-2.571924e-02	1.388365e+01
2.265000e-05	-2.506284e-02	1.375773e+01
2.266000e-05	-1.825362e-02	1.360991e+01
2.267000e-05	-1.497718e-02	1.347264e+01
2.268000e-05	-1.901183e-02	1.329267e+01
2.269000e-05	-1.984496e-02	1.314578e+01
2.270000e-05	-1.862964e-02	1.296936e+01
2.271000e-05	-1.222934e-02	1.282194e+01
2.272000e-05	-1.521589e-02	1.266207e+01
2.273000e-05	-1.778818e-02	1.249264e+01
2.274000e-05	-1.696083e-02	1.230462e+01
2.275000e-05	-1.146173e-02	1.211674e+01
2.276000e-05	-1.129647e-02	1.192677e+01
2.277000e-05	-1.571903e-02	1.172682e+01
2.278000e-05	-1.714632e-02	1.149531e+01
2.279000e-05	-1.318087e-02	1.129472e+01
2.280000e-05	-9.573703e-03	1.106309e+01
2.281000e-05	-1.123430e-02	1.092319e+01
2.282000e-05	-1.291855e-02	1.066317e+01
2.283000e-05	-1.254462e-02	1.045406e+01
2.284000e-05	-9.561134e-03	1.023101e+01
2.285000e-05	-1.002064e-02	9.979978e+00
2.286000e-05	-1.378059e-02	9.747428e+00
2.287000e-05	-1.284982e-02	9.504800e+00
2.288000e-05	-1.012304e-02	9.305824e+00
2.289000e-05	-8.613969e-03	9.094061e+00
2.290000e-05	-1.150198e-02	8.882637e+00
2.291000e-05	-1.243563e-02	8.590928e+00
2.292000e-05	-1.046705e-02	8.386422e+00
2.293000e-05	-7.093645e-03	8.115747e+00
2.294000e-05	-7.747747e-03	7.902608e+00
2.295000e-05	-1.083135e-02	7.579907e+00
2.296000e-05	-1.123995e-02	7.294744e+00
2.297000e-05	-8.042554e-03	7.051534e+00
2.298000e-05	-7.496906e-03	6.819528e+00
2.299000e-05	-9.546128e-03	6.506172e+00
2.300000e-05	-1.132177e-02	6.262638e+00
2.301000e-05	-8.133780e-03	6.050507e+00
2.302000e-05	-6.509494e-03	5.726198e+00
2.303000e-05	-7.698025e-03	5.464136e+00
2.304000e-05	-1.050848e-02	5.186849e+00
2.305000e-05	-8.703273e-03	4.879007e+00
2.306000e-05	-6.446265e-03	4.528322e+00
2.307000e-05	-6.443337e-03	4.292189e+00
2.308000e-05	-8.472516e-03	4.008846e+00
2.309000e-05	-8.343303e-03	3.695692e+00
2.310000e-05	-6.051788e-03	3.461559e+00
2.311000e-05	-5.574300e-03	3.197767e+00
2.312000e-05	-7.983998e-03	2.854137e+00
2.313000e-05	-8.724106e-03	2.608405e+00
2.314000e-05	-7.269841e-03	2.254187e+00
2.315000e-05	-5.741122e-03	2.000028e+00
2.316000e-05	-5.480435e-03	1.687770e+00
2.317000e-05	-7.505976e-03	1.429454e+00
2.318000e-05	-6.737544e-03	1.095765e+00
2.319000e-05	-5.058369e-03	7.774474e-01
2.320000e-05	-4.253051e-03	4.951856e-01
2.321000e-05	-5.009511e-03	2.220527e-01
2.322000e-05	-4.308800e-03	-6.320922e-02
2.323000e-05	7.007675e-03	-3.283671e-01
2.324000e-05	3.406024e-03	-6.521013e-01
2.325000e-05	1.641050e-03	-8.746844e-01
2.326000e-05	-1.378075e-03	-1.157916e+00
2.327000e-05	1.043005e-03	-1.495810e+00
2.328000e-05	-9.468716e-04	-1.727837e+00
2.329000e-05	1.966467e-02	-1.957944e+00
2.330000e-05	8.614420e-02	-2.241157e+00
2.331000e-05	6.778654e-02	-2.557996e+00
2.332000e-05	-8.737867e-02	-2.990505e+00
2.333000e-05	1.354115e-03	-3.358921e+00
2.334000e-05	-5.184532e-02	-3.557370e+00
2.335000e-05	-3.712115e-02	-3.798049e+00
2.336000e-05	-6.220168e-02	-3.971129e+00
2.337000e-05	2.098627e-01	-4.168475e+00
2.338000e-05	-1.910855e-01	-4.495163e+00
2.339000e-05	1.620404e-01	-4.760055e+00
2.340000e-05	-8.371528e-03	-5.032656e+00
2.341000e-05	-9.676097e-02	-5.460785e+00
2.342000e-05	1.572062e-01	-5.654185e+00
2.343000e-05	-2.136335e-01	-5.968371e+00
2.344000e-05	1.979299e-01	-6.190586e+00
2.345000e-05	-7.278020e-02	-6.473235e+00
2.346000e-05	1.806173e-02	-6.840558e+00
2.347000e-05	6.134882e-02	-7.061730e+00
2.348000e-05	-1.306455e-01	-7.357425e+00
2.349000e-05	1.509548e-01	-7.620430e+00
2.350000e-05	-1.348413e-01	-7.883785e+00
2.351000e-05	1.295978e-01	-8.166947e+00
2.352000e-05	-3.179660e-02	-8.339873e+00
2.353000e-05	-8.855007e-03	-8.683239e+00
2.354000e-05	8.085765e-02	-8.906813e+00
2.355000e-05	-1.267594e-01	-9.167817e+00
2.356000e-05	1.147943e-01	-9.368024e+00
2.357000e-05	-9.603549e-02	-9.611034e+00
2.358000e-05	1.288944e-01	-9.841609e+00
2.359000e-05	-5.675465e-02	-1.006419e+01
2.360000e-05	4.492766e-02	-1.028282e+01
2.361000e-05	-1.476406e-02	-1.046637e+01
2.362000e-05	-1.173515e-02	-1.075687e+01
2.363000e-05	4.306405e-02	-1.091579e+01
2.364000e-05	-4.301625e-02	-1.111742e+01
2.365000e-05	6.931609e-02	-1.139838e+01
2.366000e-05	-4.164042e-02	-1.158011e+01
2.367000e-05	6.597316e-02	-1.179005e+01
2.368000e-05	-4.492126e-02	-1.200213e+01
2.369000e-05	3.842668e-02	-1.219953e+01
2.370000e-05	-1.843180e-02	-1.235995e+01
2.371000e-05	4.246817e-02	-1.254748e+01
2.372000e-05	3.873138e-03	-1.274640e+01
2.373000e-05	8.121932e-03	-1.294687e+01
2.374000e-05	2.512033e-03	-1.307377e+01
2.375000e-05	3.080723e-03	-1.323113e+01
2.376000e-05	1.974718e-02	-1.336793e+01
2.377000e-05	4.820593e-05	-1.355735e+01
2.378000e-05	2.615143e-02	-1.371477e+01
2.379000e-05	6.515637e-03	-1.390169e+01
2.380000e-05	2.752361e-02	-1.398101e+01
2.381000e-05	-5.009777e-03	-1.416640e+01
2.382000e-05	1.121708e-02	-1.428267e+01
2.383000e-05	-8.264381e-04	-1.442996e+01
2.384000e-05	2.663470e-02	-1.452430e+01
2.385000e-05	1.341423e-02	-1.466216e+01
2.386000e-05	2.003851e-02	-1.473842e+01
2.387000e-05	6.620836e-03	-1.482304e+01
2.388000e-05	1.805021e-02	-1.490593e+01
2.389000e-05	1.557889e-02	-1.497256e+01
2.390000e-05	1.541191e-02	-1.505482e+01
2.391000e-05	1.443526e-02	-1.517848e+01
2.392000e-05	1.706076e-02	-1.525264e+01
2.393000e-05	2.348202e-02	-1.537550e+01
2.394000e-05	1.482289e-02	-1.540958e+01
2.395000e-05	1.464008e-02	-1.544406e+01
2.396000e-05	1.374127e-02	-1.549580e+01
2.397000e-05	2.703522e-02	-1.553881e+01
2.398000e-05	2.603467e-02	-1.559060e+01
2.399000e-05	2.567406e-02	-1.562203e+01
2.400000e-05	2.034190e-02	-1.569456e+01
2.401000e-05	2.507000e-02	-1.567569e+01
2.402000e-05	2.706575e-02	-1.571429e+01
2.403000e-05	2.687563e-02	-1.570577e+01
2.404000e-05	2.797679e-02	-1.571428e+01
2.405000e-05	3.403654e-02	-1.572680e+01
2.406000e-05	4.219356e-02	-1.572677e+01
2.407000e-05	4.355273e-02	-1.571478e+01
2.408000e-05	4.172194e-02	-1.567417e+01
2.409000e-05	4.821071e-02	-1.569419e+01
2.410000e-05	5.899916e-02	-1.567164e+01
2.411000e-05	7.364909e-02	-1.562103e+01
2.412000e-05	8.905314e-02	-1.555996e+01
2.413000e-05	1.134375e-01	-1.554780e+01
2.414000e-05	1.565890e-01	-1.547469e+01
2.415000e-05	2.159906e-01	-1.544256e+01
2.416000e-05	2.488639e-01	-1.538895e+01
2.417000e-05	2.500000e-01	-1.533372e+01
2.418000e-05	2.500000e-01	-1.523101e+01
2.419000e-05	2.382300e-01	-1.516790e+01
2.420000e-05	1.713203e-01	-1.505309e+01
2.421000e-05	1.090946e-01	-1.498990e+01
2.422000e-05	7.365376e-02	-1.488419e+01
2.423000e-05	5.584003e-02	-1.482902e+01
2.424000e-05	4.402877e-02	-1.470574e+01
2.425000e-05	3.195635e-02	-1.459940e+01
2.426000e-05	2.365322e-02	-1.447525e+01
2.427000e-05	2.058008e-02	-1.436743e+01
2.428000e-05	1.957554e-02	-1.421001e+01
2.429000e-05	1.559955e-02	-1.408420e+01
2.430000e-05	1.030871e-02	-1.392785e+01
2.431000e-05	9.631119e-03	-1.379056e+01
2.432000e-05	1.140011e-02	-1.369264e+01
2.433000e-05	1.181515e-02	-1.350475e+01
2.434000e-05	7.327744e-03	-1.334778e+01
2.435000e-05	4.013426e-03	-1.321151e+01
2.436000e-05	5.814878e-03	-1.306356e+01
2.437000e-05	7.689282e-03	-1.288569e+01
2.438000e-05	5.270373e-03	-1.272679e+01
2.439000e-05	2.793544e-03	-1.250675e+01
2.440000e-05	4.153801e-03	-1.240937e+01
2.441000e-05	2.635210e-03	-1.217688e+01
2.442000e-05	3.671778e-03	-1.198890e+01
2.443000e-05	-8.398777e-04	-1.173730e+01
2.444000e-05	1.394112e-03	-1.156833e+01
2.445000e-05	3.770857e-03	-1.132622e+01
2.446000e-05	3.324279e-03	-1.105519e+01
2.447000e-05	2.981644e-03	-1.091421e+01
2.448000e-05	-3.098794e-03	-1.069569e+01
2.449000e-05	-1.273659e-03	-1.051326e+01
2.450000e-05	-1.643626e-03	-1.027154e+01
2.451000e-05	2.567189e-04	-1.005158e+01
2.452000e-05	-7.935171e-04	-9.790482e+00
2.453000e-05	-1.875318e-03	-9.600522e+00
2.454000e-05	1.468859e-03	-9.329326e+00
2.455000e-05	-1.003444e-03	-9.124314e+00
2.456000e-05	-2.017258e-03	-8.923196e+00
2.457000e-05	-5.577502e-03	-8.661607e+00
2.458000e-05	-3.930491e-03	-8.388453e+00
2.459000e-05	-2.256556e-03	-8.177395e+00
2.460000e-05	-1.783983e-03	-7.924668e+00
2.461000e-05	-5.036907e-03	-7.601023e+00
2.462000e-05	-3.553056e-03	-7.326826e+00
2.463000e-05	-3.388066e-03	-7.074665e+00
2.464000e-05	-2.424586e-03	-6.830507e+00
2.465000e-05	-6.214091e-03	-6.546870e+00
2.466000e-05	-4.591458e-03	-6.314640e+00
2.467000e-05	-6.785036e-03	-6.000558e+00
2.468000e-05	-4.057656e-03	-5.767746e+00
2.469000e-05	-6.283838e-03	-5.453155e+00
2.470000e-05	-7.179439e-03	-5.147400e+00
2.471000e-05	-6.986360e-03	-4.813555e+00
2.472000e-05	-4.063377e-03	-4.515796e+00
2.473000e-05	-5.481258e-03	-4.275716e+00
2.474000e-05	-6.639668e-03	-4.033158e+00
2.475000e-05	-7.513657e-03	-3.758369e+00
2.476000e-05	-7.773096e-03	-3.484613e+00
2.477000e-05	-7.928822e-03	-3.231629e+00
2.478000e-05	-8.158534e-03	-2.872585e+00
2.479000e-05	-7.920950e-03	-2.609504e+00
2.480000e-05	-6.804230e-03	-2.367842e+00
2.481000e-05	-5.683024e-03	-2.010501e+00
2.482000e-05	-7.226000e-03	-1.747321e+00
2.483000e-05	-9.022450e-03	-1.482661e+00
2.484000e-05	-9.830215e-03	-1.104764e+00
2.485000e-05	-8.103769e-03	-8.420803e-01
2.486000e-05	-8.286991e-03	-5.273419e-01
2.487000e-05	-7.622345e-03	-2.731318e-01
2.488000e-05	-4.957465e-03	2.258508e-02
2.489000e-05	7.939171e-03	3.564146e-01
2.490000e-05	-7.351161e-03	5.989798e-01
2.491000e-05	2.901011e-03	8.395250e-01
2.492000e-05	-6.810696e-03	1.158392e+00
2.493000e-05	1.508226e-03	1.387077e+00
2.494000e-05	-4.793538e-03	1.756849e+00
2.495000e-05	1.440814e-02	1.958476e+00
2.496000e-05	4.684983e-02	2.210575e+00
2.497000e-05	9.501304e-02	2.517820e+00
2.498000e-05	-8.153284e-02	2.884186e+00
2.499000e-05	-3.469783e-02	3.138000e+00
2.500000e-05	-4.646874e-02	3.502761e+00
2.501000e-05	-1.129300e-02	3.715892e+00
2.502000e-05	-8.274936e-02	3.967471e+00
2.503000e-05	1.002803e-02	4.180003e+00
2.504000e-05	1.273444e-01	4.463262e+00
2.505000e-05	-1.474562e-01	4.765920e+00
2.506000e-05	1.629497e-01	4.970532e+00
2.507000e-05	-6.655001e-02	5.387074e+00
2.508000e-05	-5.240700e-02	5.602978e+00
2.509000e-05	5.471030e-02	5.927795e+00
2.510000e-05	-6.971032e-02	6.179500e+00
2.511000e-05	9.243989e-02	6.401532e+00
2.512000e-05	-6.998314e-02	6.747874e+00
2.513000e-05	1.419275e-02	6.989477e+00
2.514000e-05	-1.451794e-02	7.283089e+00
2.515000e-05	-1.890532e-02	7.577900e+00
2.516000e-05	1.912777e-02	7.851080e+00
2.517000e-05	-5.695507e-02	8.126444e+00
2.518000e-05	6.440919e-02	8.377795e+00
2.519000e-05	-2.646844e-02	8.578529e+00
2.520000e-05	-9.111150e-04	8.820504e+00
2.521000e-05	-9.617568e-03	9.062164e+00
2.522000e-05	-5.395309e-02	9.325667e+00
2.523000e-05	3.955342e-02	9.516798e+00
2.524000e-05	-2.148958e-02	9.737948e+00
2.525000e-05	2.519766e-02	1.001011e+01
2.526000e-05	-4.651889e-02	1.023099e+01
2.527000e-05	1.698271e-02	1.048049e+01
2.528000e-05	-1.807152e-02	1.064266e+01
2.529000e-05	-1.414660e-02	1.088314e+01
2.530000e-05	-1.149407e-02	1.109421e+01
2.531000e-05	-1.800209e-02	1.129517e+01
2.532000e-05	2.151192e-02	1.152487e+01
2.533000e-05	-2.130959e-02	1.172682e+01
2.534000e-05	-7.135502e-03	1.194722e+01
2.535000e-05	-3.473163e-02	1.210683e+01
2.536000e-05	7.373396e-03	1.224525e+01
2.537000e-05	-6.291620e-03	1.248314e+01
2.538000e-05	-6.929512e-03	1.267111e+01
2.539000e-05	-2.117756e-02	1.281246e+01
2.540000e-05	-1.769161e-02	1.296996e+01
2.541000e-05	-2.290628e-03	1.316576e+01
2.542000e-05	-1.971504e-02	1.333520e+01
2.543000e-05	-1.630503e-02	1.350262e+01
2.544000e-05	-1.885961e-02	1.361061e+01
2.545000e-05	3.090441e-03	1.376886e+01
2.546000e-05	-1.034902e-02	1.388532e+01
2.547000e-05	-2.333484e-02	1.404414e+01
2.548000e-05	-2.787787e-02	1.420838e+01
2.549000e-05	-1.758280e-02	1.431577e+01
2.550000e-05	-5.396342e-03	1.443119e+01
2.551000e-05	-1.814249e-02	1.455588e+01
2.552000e-05	-2.030911e-02	1.468469e+01
2.553000e-05	-2.013640e-02	1.478993e+01
2.554000e-05	-1.058420e-02	1.484013e+01
2.555000e-05	-2.087153e-02	1.492735e+01
2.556000e-05	-2.861796e-02	1.502253e+01
2.557000e-05	-2.432213e-02	1.510527e+01
2.558000e-05	-1.727624e-02	1.514730e+01
2.559000e-05	-1.354709e-02	1.523101e+01
2.560000e-05	-3.123085e-02	1.528432e+01
2.561000e-05	-3.065566e-02	1.532836e+01
2.562000e-05	-2.912553e-02	1.541006e+01
2.563000e-05	-1.722984e-02	1.546167e+01
2.564000e-05	-2.643842e-02	1.551526e+01
2.565000e-05	-3.346287e-02	1.551630e+01
2.566000e-05	-3.147918e-02	1.558740e+01
2.567000e-05	-2.835607e-02	1.558843e+01
2.568000e-05	-3.110764e-02	1.558900e+01
2.569000e-05	-4.572815e-02	1.563004e+01
2.570000e-05	-4.130949e-02	1.561104e+01
2.571000e-05	-3.891746e-02	1.561009e+01
2.572000e-05	-3.519768e-02	1.560101e+01
2.573000e-05	-5.066604e-02	1.562003e+01
2.574000e-05	-6.131302e-02	1.558896e+01
2.575000e-05	-6.393648e-02	1.555948e+01
2.576000e-05	-6.756857e-02	1.553580e+01
2.577000e-05	-8.232663e-02	1.551524e+01
2.578000e-05	-1.097342e-01	1.544319e+01
2.579000e-05	-1.354849e-01	1.538056e+01
2.580000e-05	-1.798754e-01	1.538781e+01
2.581000e-05	-2.339300e-01	1.530525e+01
2.582000e-05	-2.500000e-01	1.524267e+01
2.583000e-05	-2.500000e-01	1.519950e+01
2.584000e-05	-2.489000e-01	1.513732e+01
2.585000e-05	-2.181094e-01	1.506269e+01
2.586000e-05	-1.522038e-01	1.499796e+01
2.587000e-05	-1.107732e-01	1.484359e+01
2.588000e-05	-7.807895e-02	1.476783e+01
2.589000e-05	-5.496779e-02	1.467374e+01
2.590000e-05	-4.224763e-02	1.458733e+01
2.591000e-05	-4.036974e-02	1.446216e+01
2.592000e-05	-3.551773e-02	1.434530e+01
2.593000e-05	-2.549188e-02	1.425351e+01
2.594000e-05	-2.276858e-02	1.407419e+01
2.595000e-05	-2.464102e-02	1.392570e+01
2.596000e-05	-2.858670e-02	1.380051e+01
2.597000e-05	-2.100787e-02	1.365159e+01
2.598000e-05	-1.822506e-02	1.353525e+01
2.599000e-05	-1.600304e-02	1.335835e+01
2.600000e-05	-2.131643e-02	1.322048e+01
2.601000e-05	-1.749996e-02	1.303161e+01
2.602000e-05	-1.307966e-02	1.288625e+01
2.603000e-05	-1.230826e-02	1.270570e+01
2.604000e-05	-1.783898e-02	1.255788e+01
2.605000e-05	-1.995816e-02	1.236896e+01
2.606000e-05	-1.417964e-02	1.221006e+01
2.607000e-05	-1.278700e-02	1.203198e+01
2.608000e-05	-1.193132e-02	1.179054e+01
2.609000e-05	-1.711063e-02	1.159941e+01
2.610000e-05	-1.221834e-02	1.136901e+01
2.611000e-05	-1.005944e-02	1.119990e+01
2.612000e-05	-1.004308e-02	1.095943e+01
2.613000e-05	-1.411450e-02	1.077848e+01
2.614000e-05	-1.543657e-02	1.056930e+01
2.615000e-05	-1.047995e-02	1.035578e+01
2.616000e-05	-9.672246e-03	1.014622e+01
2.617000e-05	-1.130201e-02	9.883666e+00
2.618000e-05	-1.448515e-02	9.652037e+00
2.619000e-05	-9.734942e-03	9.400933e+00
2.620000e-05	-8.683537e-03	9.208954e+00
2.621000e-05	-8.843807e-03	8.979950e+00
2.622000e-05	-1.217212e-02	8.694221e+00
2.623000e-05	-1.188513e-02	8.484694e+00
2.624000e-05	-8.042565e-03	8.211114e+00
2.625000e-05	-7.783274e-03	7.969876e+00
2.626000e-05	-1.020870e-02	7.725718e+00
2.627000e-05	-1.206115e-02	7.443037e+00
2.628000e-05	-9.126014e-03	7.208400e+00
2.629000e-05	-7.421046e-03	6.917194e+00
2.630000e-05	-7.937716e-03	6.663436e+00
2.631000e-05	-1.090180e-02	6.389900e+00
2.632000e-05	-8.403821e-03	6.106773e+00
2.633000e-05	-6.198789e-03	5.874038e+00
2.634000e-05	-6.542855e-03	5.547901e+00
2.635000e-05	-9.242971e-03	5.336770e+00
2.636000e-05	-1.108604e-02	4.989901e+00
2.637000e-05	-7.529734e-03	4.675114e+00
2.638000e-05	-6.350737e-03	4.409030e+00
2.639000e-05	-7.667423e-03	4.094718e+00
2.640000e-05	-8.993853e-03	3.860533e+00
2.641000e-05	-7.427404e-03	3.588898e+00
2.642000e-05	-4.682904e-03	3.302138e+00
2.643000e-05	-6.557538e-03	2.978929e+00
2.644000e-05	-8.357616e-03	2.717818e+00
2.645000e-05	-8.431895e-03	2.391932e+00
2.646000e-05	-5.935095e-03	2.146247e+00
2.647000e-05	-6.114368e-03	1.894109e+00
2.648000e-05	-6.881355e-03	1.557821e+00
2.649000e-05	-7.683737e-03	1.263161e+00
2.650000e-05	-5.599000e-03	8.736434e-01
2.651000e-05	-3.260216e-03	6.130353e-01
2.652000e-05	-4.851659e-03	3.684449e-01
2.653000e-05	-5.396120e-03	5.253663e-02
2.654000e-05	-1.741877e-03	-2.420751e-01
2.655000e-05	1.260967e-02	-4.436814e-01
2.656000e-05	-4.637376e-03	-7.789487e-01
2.657000e-05	5.727966e-03	-1.002174e+00
2.658000e-05	-5.363859e-03	-1.295936e+00
2.659000e-05	4.552235e-03	-1.581076e+00
2.660000e-05	2.102406e-03	-1.892205e+00
2.661000e-05	4.350441e-02	-2.043704e+00
2.662000e-05	1.282240e-01	-2.410498e+00
2.663000e-05	-6.243018e-02	-2.769624e+00
2.664000e-05	-2.233733e-02	-3.200579e+00
2.665000e-05	-4.041549e-02	-3.443284e+00
2.666000e-05	-2.033711e-02	-3.691710e+00
2.667000e-05	-1.049637e-01	-3.957319e+00
2.668000e-05	1.374714e-01	-4.083790e+00
2.669000e-05	6.152681e-03	-4.346942e+00
2.670000e-05	-8.123134e-02	-4.693812e+00
2.671000e-05	2.106485e-01	-4.896241e+00
2.672000e-05	-2.153553e-01	-5.253208e+00
2.673000e-05	1.671396e-01	-5.630569e+00
2.674000e-05	-1.079678e-01	-5.781050e+00
2.675000e-05	-3.503724e-03	-6.106393e+00
2.676000e-05	1.404223e-01	-6.345943e+00
2.677000e-05	-1.445474e-01	-6.654235e+00
2.678000e-05	1.604017e-01	-6.957297e+00
2.679000e-05	-1.437043e-01	-7.201655e+00
2.680000e-05	7.127958e-02	-7.525316e+00
2.681000e-05	1.199099e-03	-7.716393e+00
2.682000e-05	-4.250343e-02	-8.093784e+00
2.683000e-05	1.391841e-01	-8.253761e+00
2.684000e-05	-1.331725e-01	-8.526842e+00
2.685000e-05	1.450099e-01	-8.810628e+00
2.686000e-05	-1.136670e-01	-9.039582e+00
2.687000e-05	4.280203e-02	-9.274184e+00
2.688000e-05	-6.160223e-03	-9.472843e+00
2.689000e-05	5.892340e-03	-9.736921e+00
2.690000e-05	7.997771e-02	-9.916871e+00
2.691000e-05	-6.822086e-02	-1.019753e+01
2.692000e-05	8.533222e-02	-1.042905e+01
2.693000e-05	-8.891525e-02	-1.066313e+01
2.694000e-05	8.507616e-02	-1.085361e+01
2.695000e-05	-5.725741e-02	-1.103254e+01
2.696000e-05	5.650342e-02	-1.130521e+01
2.697000e-05	-1.349099e-02	-1.149476e+01
2.698000e-05	2.716936e-02	-1.169635e+01
2.699000e-05	8.350388e-03	-1.192637e+01
2.700000e-05	-1.225301e-02	-1.210787e+01
2.701000e-05	2.319300e-02	-1.230519e+01
2.702000e-05	-6.178320e-03	-1.246679e+01
2.703000e-05	4.657547e-02	-1.266166e+01
2.704000e-05	-1.665942e-02	-1.284111e+01
2.705000e-05	2.631219e-02	-1.299903e+01
2.706000e-05	-1.678142e-02	-1.316990e+01
2.707000e-05	2.943991e-02	-1.334635e+01
2.708000e-05	-6.747840e-03	-1.350324e+01
2.709000e-05	2.524680e-02	-1.362019e+01
2.710000e-05	6.598345e-03	-1.378950e+01
2.711000e-05	2.675247e-02	-1.392785e+01
2.712000e-05	6.742235e-03	-1.405319e+01
2.713000e-05	5.768716e-03	-1.419108e+01
2.714000e-05	1.355174e-03	-1.430682e+01
2.715000e-05	1.529709e-02	-1.445324e+01
2.716000e-05	1.998094e-02	-1.458748e+01
2.717000e-05	1.536727e-02	-1.469322e+01
2.718000e-05	1.539152e-02	-1.480001e+01
2.719000e-05	9.277859e-03	-1.491419e+01
2.720000e-05	2.164739e-02	-1.496598e+01
2.721000e-05	9.908492e-03	-1.507364e+01
2.722000e-05	1.754194e-02	-1.512685e+01
2.723000e-05	1.123889e-02	-1.521101e+01
2.724000e-05	2.532157e-02	-1.531582e+01
2.725000e-05	1.692360e-02	-1.538793e+01
2.726000e-05	1.695046e-02	-1.545306e+01
2.727000e-05	1.106332e-02	-1.548316e+01
2.728000e-05	2.166671e-02	-1.551735e+01
2.729000e-05	2.616528e-02	-1.556843e+01
2.730000e-05	2.495626e-02	-1.559111e+01
2.731000e-05	2.299189e-02	-1.561264e+01
2.732000e-05	2.283405e-02	-1.567412e+01
2.733000e-05	2.817088e-02	-1.568425e+01
2.734000e-05	2.621267e-02	-1.574684e+01
2.735000e-05	2.672733e-02	-1.569590e+01
2.736000e-05	2.887456e-02	-1.577772e+01
2.737000e-05	3.977911e-02	-1.571482e+01
2.738000e-05	4.313986e-02	-1.569522e+01
2.739000e-05	4.228847e-02	-1.570574e+01
2.740000e-05	4.456018e-02	-1.569472e+01
2.741000e-05	5.439206e-02	-1.567464e+01
2.742000e-05	6.757976e-02	-1.565164e+01
2.743000e-05	8.102011e-02	-1.560993e+01
2.744000e-05	9.926336e-02	-1.555833e+01
2.745000e-05	1.341074e-01	-1.549575e+01
2.746000e-05	1.881658e-01	-1.547321e+01
2.747000e-05	2.412764e-01	-1.541206e+01
2.748000e-05	2.500000e-01	-1.537644e+01
2.749000e-05	2.500000e-01	-1.529269e+01
2.750000e-05	2.481599e-01	-1.518890e+01
2.751000e-05	2.059325e-01	-1.508425e+01
2.752000e-05	1.345342e-01	-1.500058e+01
2.753000e-05	8.749081e-02	-1.492630e+01
2.754000e-05	6.284943e-02	-1.486266e+01
2.755000e-05	4.924438e-02	-1.477787e+01
2.756000e-05	3.722503e-02	-1.464364e+01
2.757000e-05	2.684571e-02	-1.451572e+01
2.758000e-05	2.097241e-02	-1.443200e+01
2.759000e-05	2.035763e-02	-1.429234e+01
2.760000e-05	1.790928e-02	-1.413845e+01
2.761000e-05	1.233667e-02	-1.404158e+01
2.762000e-05	9.935595e-03	-1.386261e+01
2.763000e-05	1.136360e-02	-1.372690e+01
2.764000e-05	1.273623e-02	-1.360795e+01
2.765000e-05	8.858997e-03	-1.338256e+01
2.766000e-05	5.182626e-03	-1.324222e+01
2.767000e-05	4.922616e-03	-1.313529e+01
2.768000e-05	7.055867e-03	-1.294695e+01
2.769000e-05	6.054969e-03	-1.282953e+01
2.770000e-05	3.410492e-03	-1.259058e+01
2.771000e-05	3.399434e-03	-1.243254e+01
2.772000e-05	4.342042e-03	-1.224461e+01
2.773000e-05	4.740629e-03	-1.209322e+01
2.774000e-05	1.368925e-03	-1.192521e+01
2.775000e-05	-3.371145e-04	-1.167564e+01
2.776000e-05	8.684024e-04	-1.142208e+01
2.777000e-05	3.416470e-03	-1.117048e+01
2.778000e-05	1.687169e-03	-1.095843e+01
2.779000e-05	-8.702738e-04	-1.079145e+01
2.780000e-05	-2.391907e-04	-1.059048e+01
2.781000e-05	8.565252e-04	-1.030595e+01
2.782000e-05	1.451595e-03	-1.011625e+01
2.783000e-05	-1.739357e-03	-9.903790e+00
2.784000e-05	-2.430778e-03	-9.706219e+00
2.785000e-05	-1.592964e-03	-9.433663e+00
2.786000e-05	-2.122790e-04	-9.211108e+00
2.787000e-05	-3.182036e-03	-9.008554e+00
2.788000e-05	-4.039814e-03	-8.805945e+00
2.789000e-05	-3.157400e-03	-8.506745e+00
2.790000e-05	-6.787033e-04	-8.275086e+00
2.791000e-05	-2.249509e-03	-8.061584e+00
2.792000e-05	-4.130277e-03	-7.716747e+00
2.793000e-05	-4.651115e-03	-7.480689e+00
2.794000e-05	-3.656365e-03	-7.220079e+00
2.795000e-05	-4.334448e-03	-6.906267e+00
2.796000e-05	-5.762909e-03	-6.664189e+00
2.797000e-05	-5.899152e-03	-6.440057e+00
2.798000e-05	-6.826155e-03	-6.096299e+00
2.799000e-05	-3.706829e-03	-5.873113e+00
2.800000e-05	-5.726569e-03	-5.619082e+00
2.801000e-05	-4.791394e-03	-5.284666e+00
2.802000e-05	-5.561419e-03	-4.969897e+00
2.803000e-05	-4.532449e-03	-4.665162e+00
2.804000e-05	-3.848399e-03	-4.400983e+00
2.805000e-05	-7.915526e-03	-4.167948e+00
2.806000e-05	-1.030506e-02	-3.904263e+00
2.807000e-05	-8.741078e-03	-3.609980e+00
2.808000e-05	-8.258165e-03	-3.327270e+00
2.809000e-05	-5.327795e-03	-3.000061e+00
2.810000e-05	-7.436604e-03	-2.736340e+00
2.811000e-05	-4.059554e-03	-2.463662e+00
2.812000e-05	-6.451021e-03	-2.168347e+00
2.813000e-05	-6.045530e-03	-1.903684e+00
2.814000e-05	-1.169544e-02	-1.590446e+00
2.815000e-05	-1.131798e-02	-1.293607e+00
2.816000e-05	-9.768395e-03	-9.568960e-01
2.817000e-05	-8.020012e-03	-7.047345e-01
2.818000e-05	-6.589411e-03	-3.468977e-01
2.819000e-05	-6.867657e-03	-1.251881e-01
2.820000e-05	4.683479e-03	1.789687e-01
2.821000e-05	1.645476e-03	4.841092e-01
2.822000e-05	-5.746068e-04	7.078621e-01
2.823000e-05	-2.421997e-03	9.768774e-01
2.824000e-05	-4.463184e-03	1.265637e+00
2.825000e-05	-2.365524e-03	1.560499e+00
2.826000e-05	1.801860e-03	1.824787e+00
2.827000e-05	2.300419e-02	2.104163e+00
2.828000e-05	9.489373e-02	2.368975e+00
2.829000e-05	1.249007e-03	2.737841e+00
2.830000e-05	-7.074045e-02	3.022230e+00
2.831000e-05	-3.194561e-02	3.314292e+00
2.832000e-05	-3.039061e-02	3.610529e+00
2.833000e-05	-4.617101e-02	3.833110e+00
2.834000e-05	-6.282570e-02	4.032035e+00
2.835000e-05	1.137881e-01	4.315870e+00
2.836000e-05	-2.841173e-02	4.652633e+00
2.837000e-05	-2.903291e-02	4.864737e+00
2.838000e-05	1.429268e-01	5.209630e+00
2.839000e-05	-1.720502e-01	5.496765e+00
2.840000e-05	8.840132e-02	5.779449e+00
2.841000e-05	-6.259467e-02	6.064267e+00
2.842000e-05	3.815796e-02	6.334770e+00
2.843000e-05	2.230707e-02	6.599078e+00
2.844000e-05	-7.019553e-02	6.884213e+00
2.845000e-05	5.099547e-02	7.145894e+00
2.846000e-05	-7.167236e-02	7.422137e+00
2.847000e-05	5.338011e-02	7.715242e+00
2.848000e-05	-6.574974e-02	7.979533e+00
2.849000e-05	3.324426e-02	8.242213e+00
2.850000e-05	2.264740e-02	8.474739e+00
2.851000e-05	-3.532886e-02	8.736192e+00
2.852000e-05	2.532436e-02	8.907366e+00
2.853000e-05	-7.074658e-02	9.190530e+00
2.854000e-05	2.262566e-02	9.399032e+00
2.855000e-05	-1.366999e-02	9.642632e+00
2.856000e-05	2.528302e-02	9.874745e+00
2.857000e-05	-3.001122e-02	1.012732e+01
2.858000e-05	-6.164265e-03	1.031635e+01
2.859000e-05	2.806095e-03	1.056835e+01
2.860000e-05	-2.266175e-02	1.073695e+01
2.861000e-05	-5.500900e-03	1.101743e+01
2.862000e-05	-2.885772e-02	1.116058e+01
2.863000e-05	1.658086e-02	1.140253e+01
2.864000e-05	-1.215932e-02	1.163066e+01
2.865000e-05	-3.555380e-03	1.184101e+01
2.866000e-05	-3.625738e-02	1.201151e+01
2.867000e-05	-1.712590e-03	1.221156e+01
2.868000e-05	-6.070114e-03	1.239806e+01
2.869000e-05	9.688549e-04	1.258991e+01
2.870000e-05	-1.952808e-02	1.275842e+01
2.871000e-05	-1.894305e-02	1.291532e+01
2.872000e-05	-7.672318e-03	1.308266e+01
2.873000e-05	-1.403671e-02	1.324117e+01
2.874000e-05	-1.492256e-02	1.339103e+01
2.875000e-05	-2.654775e-02	1.352832e+01
2.876000e-05	1.035843e-03	1.368672e+01
2.877000e-05	-9.188090e-03	1.383166e+01
2.878000e-05	-9.433273e-03	1.398843e+01
2.879000e-05	-3.345123e-02	1.412678e+01
2.880000e-05	-1.786384e-02	1.426267e+01
2.881000e-05	-1.318144e-02	1.439894e+01
2.882000e-05	-9.597797e-03	1.451325e+01
2.883000e-05	-2.133976e-02	1.457948e+01
2.884000e-05	-2.365204e-02	1.475734e+01
2.885000e-05	-9.651961e-03	1.480044e+01
2.886000e-05	-1.858262e-02	1.489322e+01
2.887000e-05	-1.987379e-02	1.497940e+01
2.888000e-05	-3.293925e-02	1.506512e+01
2.889000e-05	-1.558291e-02	1.510725e+01
2.890000e-05	-1.589748e-02	1.518149e+01
2.891000e-05	-2.104069e-02	1.525214e+01
2.892000e-05	-3.277800e-02	1.532490e+01
2.893000e-05	-3.278110e-02	1.539793e+01
2.894000e-05	-1.989903e-02	1.542101e+01
2.895000e-05	-2.325085e-02	1.553469e+01
2.896000e-05	-2.766500e-02	1.549575e+01
2.897000e-05	-3.525364e-02	1.554733e+01
2.898000e-05	-2.604874e-02	1.558738e+01
2.899000e-05	-3.072778e-02	1.557938e+01
2.900000e-05	-3.686382e-02	1.558958e+01
2.901000e-05	-4.789066e-02	1.559901e+01
2.902000e-05	-4.141660e-02	1.561059e+01
2.903000e-05	-3.584357e-02	1.562108e+01
2.904000e-05	-4.232540e-02	1.563209e+01
2.905000e-05	-5.282230e-02	1.559848e+01
2.906000e-05	-6.410437e-02	1.556793e+01
2.907000e-05	-6.006578e-02	1.554588e+01
2.908000e-05	-7.671010e-02	1.553627e+01
2.909000e-05	-9.610179e-02	1.548367e+01
2.910000e-05	-1.269880e-01	1.541049e+01
2.911000e-05	-1.580882e-01	1.537849e+01
2.912000e-05	-2.081127e-01	1.531678e+01
2.913000e-05	-2.463323e-01	1.525274e+01
2.914000e-05	-2.500000e-01	1.522204e+01
2.915000e-05	-2.500000e-01	1.515840e+01
2.916000e-05	-2.407594e-01	1.506314e+01
2.917000e-05	-1.819492e-01	1.501054e+01
2.918000e-05	-1.274775e-01	1.491522e+01
2.919000e-05	-9.289734e-02	1.480901e+01
2.920000e-05	-6.564306e-02	1.473474e+01
2.921000e-05	-4.598017e-02	1.461046e+01
2.922000e-05	-4.248055e-02	1.447575e+01
2.923000e-05	-3.800988e-02	1.439156e+01
2.924000e-05	-3.097923e-02	1.428619e+01
2.925000e-05	-2.224939e-02	1.415843e+01
2.926000e-05	-2.341598e-02	1.401991e+01
2.927000e-05	-2.779516e-02	1.386267e+01
2.928000e-05	-2.560581e-02	1.372573e+01
2.929000e-05	-1.935170e-02	1.355846e+01
2.930000e-05	-1.529517e-02	1.343108e+01
2.931000e-05	-1.920152e-02	1.328519e+01
2.932000e-05	-1.981347e-02	1.308527e+01
2.933000e-05	-1.674007e-02	1.294733e+01
2.934000e-05	-1.077971e-02	1.279108e+01
2.935000e-05	-1.534749e-02	1.262201e+01
2.936000e-05	-1.862552e-02	1.247359e+01
2.937000e-05	-1.747221e-02	1.230524e+01
2.938000e-05	-1.199216e-02	1.208530e+01
2.939000e-05	-1.165761e-02	1.193472e+01
2.940000e-05	-1.631164e-02	1.172319e+01
2.941000e-05	-1.681308e-02	1.149367e+01
2.942000e-05	-1.186152e-02	1.125367e+01
2.943000e-05	-7.006656e-03	1.104206e+01
2.944000e-05	-1.124510e-02	1.087221e+01
2.945000e-05	-1.394988e-02	1.064299e+01
2.946000e-05	-1.294925e-02	1.043159e+01
2.947000e-05	-9.070730e-03	1.018051e+01
2.948000e-05	-1.098239e-02	1.001198e+01
2.949000e-05	-1.438912e-02	9.728274e+00
2.950000e-05	-1.313698e-02	9.493745e+00
2.951000e-05	-9.468498e-03	9.294218e+00
2.952000e-05	-7.390233e-03	9.051089e+00
2.953000e-05	-1.158740e-02	8.839555e+00
2.954000e-05	-1.263401e-02	8.578404e+00
2.955000e-05	-1.013491e-02	8.366897e+00
2.956000e-05	-7.124266e-03	8.104667e+00
2.957000e-05	-9.257591e-03	7.832036e+00
2.958000e-05	-1.236821e-02	7.629351e+00
2.959000e-05	-1.052934e-02	7.295164e+00
2.960000e-05	-7.392723e-03	7.022109e+00
2.961000e-05	-6.939120e-03	6.789852e+00
2.962000e-05	-1.032551e-02	6.516191e+00
2.963000e-05	-1.031999e-02	6.253061e+00
2.964000e-05	-7.209612e-03	6.008528e+00
2.965000e-05	-6.016410e-03	5.714720e+00
2.966000e-05	-8.806974e-03	5.471639e+00
2.967000e-05	-1.146614e-02	5.145869e+00
2.968000e-05	-9.099636e-03	4.769931e+00
2.969000e-05	-6.498051e-03	4.535771e+00
2.970000e-05	-6.301087e-03	4.214116e+00
2.971000e-05	-9.327599e-03	3.936300e+00
2.972000e-05	-7.550166e-03	3.684166e+00
2.973000e-05	-4.986388e-03	3.400058e+00
2.974000e-05	-4.664945e-03	3.124770e+00
2.975000e-05	-7.459699e-03	2.864137e+00
2.976000e-05	-9.352193e-03	2.607845e+00
2.977000e-05	-6.326072e-03	2.284084e+00
2.978000e-05	-5.414405e-03	1.988478e+00
2.979000e-05	-5.463746e-03	1.685193e+00
2.980000e-05	-8.315825e-03	1.389404e+00
2.981000e-05	-6.546567e-03	1.114659e+00
2.982000e-05	-3.438343e-03	7.658234e-01
2.983000e-05	-3.780978e-03	4.926618e-01
2.984000e-05	-5.772132e-03	1.899538e-01
2.985000e-05	-3.757387e-03	-1.348155e-01
2.986000e-05	8.369672e-03	-3.874923e-01
2.987000e-05	1.715020e-03	-6.236042e-01
2.988000e-05	1.838353e-03	-8.967144e-01
2.989000e-05	-3.569611e-03	-1.170024e+00
2.990000e-05	1.056520e-03	-1.498288e+00
2.991000e-05	1.213701e-04	-1.728866e+00
2.992000e-05	2.284319e-02	-1.957372e+00
2.993000e-05	9.477371e-02	-2.271254e+00
2.994000e-05	4.882413e-02	-2.590125e+00
2.995000e-05	-8.073289e-02	-3.052633e+00
2.996000e-05	-2.329612e-03	-3.367919e+00
2.997000e-05	-4.809011e-02	-3.587969e+00
2.998000e-05	-4.707757e-02	-3.830528e+00
2.999000e-05	-4.039976e-02	-4.022532e+00
3.000000e-05	1.999921e-01	-4.189950e+00
3.001000e-05	-2.015420e-01	-4.464314e+00
3.002000e-05	1.859794e-01	-4.798579e+00
3.003000e-05	-5.223112e-02	-5.044188e+00
3.004000e-05	-5.811832e-02	-5.483834e+00
3.005000e-05	1.285031e-01	-5.676208e+00
3.006000e-05	-2.029407e-01	-6.009023e+00
3.007000e-05	2.087763e-01	-6.240712e+00
3.008000e-05	-1.007062e-01	-6.504842e+00
3.009000e-05	4.822003e-02	-6.813053e+00
3.010000e-05	3.066022e-02	-7.073712e+00
3.011000e-05	-1.075408e-01	-7.379001e+00
3.012000e-05	1.427100e-01	-7.661000e+00
3.013000e-05	-1.374229e-01	-7.915891e+00
3.014000e-05	1.468507e-01	-8.189476e+00
3.015000e-05	-5.973009e-02	-8.398452e+00
3.016000e-05	1.886186e-02	-8.703367e+00
3.017000e-05	5.489402e-02	-8.895890e+00
3.018000e-05	-1.087342e-01	-9.136947e+00
3.019000e-05	1.084255e-01	-9.358551e+00
3.020000e-05	-9.434080e-02	-9.602549e+00
3.021000e-05	1.352674e-01	-9.863162e+00
3.022000e-05	-7.108489e-02	-1.009471e+01
3.023000e-05	6.018238e-02	-1.033522e+01
3.024000e-05	-3.361322e-02	-1.053737e+01
3.025000e-05	7.231859e-03	-1.079990e+01
3.026000e-05	2.895310e-02	-1.093837e+01
3.027000e-05	-2.914492e-02	-1.117898e+01
3.028000e-05	6.018068e-02	-1.138800e+01
3.029000e-05	-3.768682e-02	-1.161004e+01
3.030000e-05	6.230957e-02	-1.180110e+01
3.031000e-05	-4.576967e-02	-1.203063e+01
3.032000e-05	4.162881e-02	-1.225055e+01
3.033000e-05	-2.063981e-02	-1.240095e+01
3.034000e-05	4.790245e-02	-1.253995e+01
3.035000e-05	-1.962482e-03	-1.275698e+01
3.036000e-05	1.272264e-02	-1.297585e+01
3.037000e-05	-3.166811e-03	-1.311574e+01
3.038000e-05	8.218161e-03	-1.327419e+01
3.039000e-05	1.605654e-02	-1.341996e+01
3.040000e-05	4.386805e-03	-1.359898e+01
3.041000e-05	2.379682e-02	-1.373630e+01
3.042000e-05	8.600523e-03	-1.386371e+01
3.043000e-05	2.575644e-02	-1.400153e+01
3.044000e-05	-3.977217e-03	-1.415737e+01
3.045000e-05	1.051853e-02	-1.429569e+01
3.046000e-05	9.343982e-04	-1.442061e+01
3.047000e-05	2.754919e-02	-1.451685e+01
3.048000e-05	1.347243e-02	-1.461259e+01
3.049000e-05	2.034922e-02	-1.473733e+01
3.050000e-05	5.320094e-03	-1.486253e+01
3.051000e-05	1.885781e-02	-1.492685e+01
3.052000e-05	1.342727e-02	-1.501166e+01
3.053000e-05	1.537384e-02	-1.511529e+01
3.054000e-05	1.431287e-02	-1.517801e+01
3.055000e-05	1.964296e-02	-1.528419e+01
3.056000e-05	2.305101e-02	-1.533582e+01
3.057000e-05	1.464459e-02	-1.541056e+01
3.058000e-05	1.410499e-02	-1.547259e+01
3.059000e-05	1.419462e-02	-1.548477e+01
3.060000e-05	2.749511e-02	-1.557783e+01
3.061000e-05	2.506559e-02	-1.563198e+01
3.062000e-05	2.534358e-02	-1.565306e+01
3.063000e-05	2.097375e-02	-1.564167e+01
3.064000e-05	2.559828e-02	-1.566475e+01
3.065000e-05	2.692120e-02	-1.566527e+01
3.066000e-05	2.598519e-02	-1.572525e+01
3.067000e-05	2.806726e-02	-1.571627e+01
3.068000e-05	3.547735e-02	-1.573675e+01
3.069000e-05	4.277960e-02	-1.570630e+01
3.070000e-05	4.306957e-02	-1.572520e+01
3.071000e-05	4.154630e-02	-1.571370e+01
3.072000e-05	4.871013e-02	-1.568369e+01
3.073000e-05	6.143499e-02	-1.566264e+01
3.074000e-05	7.546310e-02	-1.560104e+01
3.075000e-05	8.998099e-02	-1.559936e+01
3.076000e-05	1.157891e-01	-1.552795e+01
3.077000e-05	1.613157e-01	-1.546417e+01
3.078000e-05	2.202451e-01	-1.543204e+01
3.079000e-05	2.491792e-01	-1.538793e+01
3.080000e-05	2.500000e-01	-1.531727e+01
3.081000e-05	2.500000e-01	-1.524853e+01
3.082000e-05	2.347853e-01	-1.513580e+01
3.083000e-05	1.655834e-01	-1.507314e+01
3.084000e-05	1.058500e-01	-1.498938e+01
3.085000e-05	7.242580e-02	-1.487417e+01
3.086000e-05	5.637492e-02	-1.481150e+01
3.087000e-05	4.293181e-02	-1.471572e+01
3.088000e-05	3.073450e-02	-1.459100e+01
3.089000e-05	2.241541e-02	-1.449361e+01
3.090000e-05	2.048957e-02	-1.435533e+01
3.091000e-05	1.995612e-02	-1.420248e+01
3.092000e-05	1.536678e-02	-1.409220e+01
3.093000e-05	1.024658e-02	-1.395888e+01
3.094000e-05	1.069345e-02	-1.383103e+01
3.095000e-05	1.235247e-02	-1.368206e+01
3.096000e-05	1.155925e-02	-1.348624e+01
3.097000e-05	7.145449e-03	-1.334838e+01
3.098000e-05	4.212645e-03	-1.318850e+01
3.099000e-05	5.535361e-03	-1.302211e+01
3.100000e-05	7.137370e-03	-1.290329e+01
3.101000e-05	4.862508e-03	-1.266527e+01
3.102000e-05	2.412958e-03	-1.248730e+01
3.103000e-05	3.444271e-03	-1.236930e+01
3.104000e-05	4.753244e-03	-1.216845e+01
3.105000e-05	3.470845e-03	-1.196788e+01
3.106000e-05	-1.053164e-04	-1.176783e+01
3.107000e-05	1.249798e-04	-1.154633e+01
3.108000e-05	2.540581e-03	-1.129469e+01
3.109000e-05	3.052519e-03	-1.107411e+01
3.110000e-05	5.111953e-04	-1.090366e+01
3.111000e-05	-1.266073e-03	-1.064509e+01
3.112000e-05	3.852224e-04	-1.048314e+01
3.113000e-05	1.462330e-03	-1.023099e+01
3.114000e-05	-9.057758e-05	-9.999109e+00
3.115000e-05	-3.046363e-03	-9.798927e+00
3.116000e-05	-2.694366e-03	-9.568919e+00
3.117000e-05	-5.139055e-04	-9.306875e+00
3.118000e-05	-1.564941e-03	-9.105216e+00
3.119000e-05	-3.774606e-03	-8.865690e+00
3.120000e-05	-4.680936e-03	-8.640510e+00
3.121000e-05	-1.769439e-03	-8.388398e+00
3.122000e-05	-1.378688e-03	-8.156321e+00
3.123000e-05	-2.454967e-03	-7.914563e+00
3.124000e-05	-6.068258e-03	-7.596453e+00
3.125000e-05	-4.550367e-03	-7.336291e+00
3.126000e-05	-4.064542e-03	-7.074162e+00
3.127000e-05	-3.549184e-03	-6.799003e+00
3.128000e-05	-6.847127e-03	-6.506771e+00
3.129000e-05	-4.472056e-03	-6.323137e+00
3.130000e-05	-5.503847e-03	-6.018898e+00
3.131000e-05	-3.879935e-03	-5.697770e+00
3.132000e-05	-6.853338e-03	-5.443633e+00
3.133000e-05	-6.801133e-03	-5.127770e+00
3.134000e-05	-6.188862e-03	-4.780454e+00
3.135000e-05	-4.436819e-03	-4.536793e+00
3.136000e-05	-6.164686e-03	-4.295716e+00
3.137000e-05	-7.853556e-03	-4.011580e+00
3.138000e-05	-7.993421e-03	-3.705767e+00
3.139000e-05	-7.069042e-03	-3.443158e+00
3.140000e-05	-7.868946e-03	-3.199951e+00
3.141000e-05	-8.061710e-03	-2.862134e+00
3.142000e-05	-8.091077e-03	-2.600496e+00
3.143000e-05	-6.544304e-03	-2.275811e+00
3.144000e-05	-6.193615e-03	-1.999553e+00
3.145000e-05	-8.216726e-03	-1.735788e+00
3.146000e-05	-9.447907e-03	-1.441609e+00
3.147000e-05	-9.154603e-03	-1.073763e+00
3.148000e-05	-7.670349e-03	-8.610540e-01
3.149000e-05	-8.518668e-03	-4.951594e-01
3.150000e-05	-6.999103e-03	-2.525566e-01
3.151000e-05	-3.806765e-03	3.158376e-02
3.152000e-05	8.763771e-03	3.874183e-01
3.153000e-05	-6.406778e-03	5.810238e-01
3.154000e-05	3.517658e-03	8.215764e-01
3.155000e-05	-7.468052e-03	1.139494e+00
3.156000e-05	1.340631e-03	1.411059e+00
3.157000e-05	-5.761377e-03	1.739524e+00
3.158000e-05	1.597728e-02	1.990026e+00
3.159000e-05	5.244514e-02	2.233106e+00
3.160000e-05	8.768793e-02	2.537999e+00
3.161000e-05	-8.477385e-02	2.915667e+00
3.162000e-05	-3.041783e-02	3.199001e+00
3.163000e-05	-4.605739e-02	3.505815e+00
3.164000e-05	-1.322966e-02	3.777897e+00
3.165000e-05	-8.513817e-02	4.017369e+00
3.166000e-05	2.384875e-02	4.200026e+00
3.167000e-05	1.149269e-01	4.505814e+00
3.168000e-05	-1.490866e-01	4.779923e+00
3.169000e-05	1.794509e-01	5.070511e+00
3.170000e-05	-9.500574e-02	5.389550e+00
3.171000e-05	-2.674135e-02	5.621055e+00
3.172000e-05	3.887626e-02	5.987895e+00
3.173000e-05	-6.030074e-02	6.199453e+00
3.174000e-05	8.996908e-02	6.453607e+00
3.175000e-05	-7.839803e-02	6.747973e+00
3.176000e-05	2.507446e-02	6.990530e+00
3.177000e-05	-2.754738e-02	7.274242e+00
3.178000e-05	-5.745737e-03	7.568454e+00
3.179000e-05	7.202757e-03	7.852584e+00
3.180000e-05	-4.469305e-02	8.146354e+00
3.181000e-05	6.229670e-02	8.367874e+00
3.182000e-05	-3.108107e-02	8.569028e+00
3.183000e-05	5.080186e-03	8.810007e+00
3.184000e-05	-1.946343e-02	9.114317e+00
3.185000e-05	-4.599884e-02	9.287895e+00
3.186000e-05	3.321182e-02	9.545924e+00
3.187000e-05	-1.760653e-02	9.759424e+00
3.188000e-05	1.901000e-02	1.002903e+01
3.189000e-05	-4.229994e-02	1.024006e+01
3.190000e-05	1.810129e-02	1.044309e+01
3.191000e-05	-1.815082e-02	1.065419e+01
3.192000e-05	-1.329931e-02	1.086417e+01
3.193000e-05	-1.565145e-02	1.106322e+01
3.194000e-05	-1.458624e-02	1.130585e+01
3.195000e-05	1.443488e-02	1.152538e+01
3.196000e-05	-1.918282e-02	1.174532e+01
3.197000e-05	-1.234224e-02	1.193687e+01
3.198000e-05	-2.706814e-02	1.215723e+01
3.199000e-05	8.063879e-03	1.233680e+01
3.200000e-05	-3.464917e-03	1.248677e+01
3.201000e-05	-9.115610e-03	1.270412e+01
3.202000e-05	-2.401356e-02	1.283154e+01
3.203000e-05	-1.869293e-02	1.298946e+01
3.204000e-05	-6.618636e-03	1.316588e+01
3.205000e-05	-2.020451e-02	1.327537e+01
3.206000e-05	-1.595607e-02	1.348522e+01
3.207000e-05	-1.245046e-02	1.360158e+01
3.208000e-05	4.056294e-03	1.377843e+01
3.209000e-05	-8.232759e-03	1.389572e+01
3.210000e-05	-2.542970e-02	1.405311e+01
3.211000e-05	-2.844354e-02	1.418849e+01
3.212000e-05	-1.994850e-02	1.433838e+01
3.213000e-05	-7.421488e-03	1.446264e+01
3.214000e-05	-1.936061e-02	1.454745e+01
3.215000e-05	-2.017312e-02	1.469424e+01
3.216000e-05	-1.769431e-02	1.477940e+01
3.217000e-05	-9.855075e-03	1.485264e+01
3.218000e-05	-1.917597e-02	1.494738e+01
3.219000e-05	-2.930302e-02	1.502051e+01
3.220000e-05	-2.330608e-02	1.509524e+01
3.221000e-05	-1.813909e-02	1.518045e+01
3.222000e-05	-1.565088e-02	1.520211e+01
3.223000e-05	-3.235674e-02	1.526524e+01
3.224000e-05	-3.136337e-02	1.531525e+01
3.225000e-05	-2.674362e-02	1.542096e+01
3.226000e-05	-1.665179e-02	1.542261e+01
3.227000e-05	-2.493899e-02	1.553622e+01
3.228000e-05	-3.252431e-02	1.555642e+01
3.229000e-05	-3.013104e-02	1.554790e+01
3.230000e-05	-2.955813e-02	1.558943e+01
3.231000e-05	-3.272485e-02	1.559846e+01
3.232000e-05	-4.706968e-02	1.560953e+01
3.233000e-05	-4.177167e-02	1.559953e+01
3.234000e-05	-3.911462e-02	1.561008e+01
3.235000e-05	-3.510638e-02	1.561048e+01
3.236000e-05	-4.990694e-02	1.560903e+01
3.237000e-05	-6.054267e-02	1.559953e+01
3.238000e-05	-6.304320e-02	1.555790e+01
3.239000e-05	-6.859773e-02	1.552730e+01
3.240000e-05	-8.321651e-02	1.549477e+01
3.241000e-05	-1.123860e-01	1.547359e+01
3.242000e-05	-1.388214e-01	1.539996e+01
3.243000e-05	-1.848039e-01	1.534736e+01
3.244000e-05	-2.366147e-01	1.528630e+01
3.245000e-05	-2.500000e-01	1.527209e+01
3.246000e-05	-2.500000e-01	1.521941e+01
3.247000e-05	-2.489000e-01	1.511724e+01
3.248000e-05	-2.124835e-01	1.503367e+01
3.249000e-05	-1.481090e-01	1.495880e+01
3.250000e-05	-1.087279e-01	1.487111e+01
3.251000e-05	-7.667409e-02	1.474946e+01
3.252000e-05	-5.438895e-02	1.466214e+01
3.253000e-05	-4.227790e-02	1.452840e+01
3.254000e-05	-3.981821e-02	1.448411e+01
3.255000e-05	-3.551400e-02	1.432737e+01
3.256000e-05	-2.480905e-02	1.421061e+01
3.257000e-05	-2.416158e-02	1.410272e+01
3.258000e-05	-2.371171e-02	1.390588e+01
3.259000e-05	-2.814093e-02	1.377801e+01
3.260000e-05	-1.971562e-02	1.369257e+01
3.261000e-05	-1.717863e-02	1.350524e+01
3.262000e-05	-1.602053e-02	1.337791e+01
3.263000e-05	-2.144948e-02	1.316045e+01
3.264000e-05	-1.858618e-02	1.298159e+01
3.265000e-05	-1.454254e-02	1.288417e+01
3.266000e-05	-1.314023e-02	1.271572e+01
3.267000e-05	-1.635528e-02	1.255735e+01
3.268000e-05	-1.845350e-02	1.239840e+01
3.269000e-05	-1.305464e-02	1.217735e+01
3.270000e-05	-1.130020e-02	1.198948e+01
3.271000e-05	-1.339801e-02	1.181796e+01
3.272000e-05	-1.846695e-02	1.163750e+01
3.273000e-05	-1.379423e-02	1.136935e+01
3.274000e-05	-9.500990e-03	1.120838e+01
3.275000e-05	-9.106069e-03	1.096638e+01
3.276000e-05	-1.381257e-02	1.076740e+01
3.277000e-05	-1.401058e-02	1.054680e+01
3.278000e-05	-1.011635e-02	1.035470e+01
3.279000e-05	-9.296551e-03	1.009529e+01
3.280000e-05	-1.162525e-02	9.862111e+00
3.281000e-05	-1.400135e-02	9.651961e+00
3.282000e-05	-1.034253e-02	9.409981e+00
3.283000e-05	-7.560151e-03	9.218499e+00
3.284000e-05	-8.998733e-03	8.947297e+00
3.285000e-05	-1.275936e-02	8.713717e+00
3.286000e-05	-1.169281e-02	8.465086e+00
3.287000e-05	-7.974011e-03	8.220982e+00
3.288000e-05	-7.081187e-03	7.947806e+00
3.289000e-05	-1.052671e-02	7.725768e+00
3.290000e-05	-1.177514e-02	7.430034e+00
3.291000e-05	-9.262539e-03	7.147824e+00
3.292000e-05	-6.773237e-03	6.927292e+00
3.293000e-05	-8.598181e-03	6.602559e+00
3.294000e-05	-1.097157e-02	6.349371e+00
3.295000e-05	-9.042851e-03	6.116292e+00
3.296000e-05	-5.570791e-03	5.821511e+00
3.297000e-05	-7.112632e-03	5.577923e+00
3.298000e-05	-9.374244e-03	5.314742e+00
3.299000e-05	-1.022479e-02	4.966776e+00
3.300000e-05	-6.612125e-03	4.662659e+00
3.301000e-05	-5.938044e-03	4.430475e+00
3.302000e-05	-7.912934e-03	4.065716e+00
3.303000e-05	-9.179031e-03	3.830454e+00
3.304000e-05	-8.222148e-03	3.568419e+00
3.305000e-05	-5.622477e-03	3.253585e+00
3.306000e-05	-6.722207e-03	2.950426e+00
3.307000e-05	-8.367130e-03	2.735691e+00
3.308000e-05	-8.409286e-03	2.422376e+00
3.309000e-05	-5.194175e-03	2.134717e+00
3.310000e-05	-4.945167e-03	1.860733e+00
3.311000e-05	-6.173875e-03	1.526817e+00
3.312000e-05	-8.899385e-03	1.251059e+00
3.313000e-05	-6.883986e-03	9.151908e-01
3.314000e-05	-4.895780e-03	6.099540e-01
3.315000e-05	-5.449197e-03	3.478699e-01
3.316000e-05	-4.365557e-03	6.060400e-02
3.317000e-05	7.472335e-04	-2.521815e-01
3.318000e-05	1.202028e-02	-4.957895e-01
3.319000e-05	-4.076916e-03	-8.206039e-01
3.320000e-05	4.209505e-03	-1.043255e+00
3.321000e-05	-6.219282e-03	-1.377891e+00
3.322000e-05	2.137612e-03	-1.641126e+00
3.323000e-05	3.804597e-03	-1.875812e+00
3.324000e-05	4.825968e-02	-2.055839e+00
3.325000e-05	1.253611e-01	-2.401104e+00
3.326000e-05	-7.290883e-02	-2.761605e+00
3.327000e-05	-1.416697e-02	-3.241583e+00
3.328000e-05	-4.502199e-02	-3.443763e+00
3.329000e-05	-1.871102e-02	-3.695612e+00
3.330000e-05	-1.089757e-01	-3.889496e+00
3.331000e-05	1.596886e-01	-4.095789e+00
3.332000e-05	-3.338221e-02	-4.346919e+00
3.333000e-05	-4.186117e-02	-4.693259e+00
3.334000e-05	1.897096e-01	-4.896338e+00
3.335000e-05	-2.155839e-01	-5.294837e+00
3.336000e-05	1.831948e-01	-5.589476e+00
3.337000e-05	-1.395512e-01	-5.822150e+00
3.338000e-05	3.577722e-02	-6.156945e+00
3.339000e-05	1.089954e-01	-6.379923e+00
3.340000e-05	-1.274253e-01	-6.664339e+00
3.341000e-05	1.584273e-01	-6.925895e+00
3.342000e-05	-1.556656e-01	-7.212107e+00
3.343000e-05	9.561558e-02	-7.495291e+00
3.344000e-05	-2.659934e-02	-7.747422e+00
3.345000e-05	-1.467951e-02	-8.073714e+00
3.346000e-05	1.167808e-01	-8.304688e+00
3.347000e-05	-1.240138e-01	-8.538450e+00
3.348000e-05	1.473814e-01	-8.819633e+00
3.349000e-05	-1.267223e-01	-9.091636e+00
3.350000e-05	6.479470e-02	-9.275741e+00
3.351000e-05	-2.623837e-02	-9.465314e+00
3.352000e-05	2.950565e-02	-9.717945e+00
3.353000e-05	5.760344e-02	-9.937374e+00
3.354000e-05	-5.451628e-02	-1.014066e+01
3.355000e-05	7.409410e-02	-1.042206e+01
3.356000e-05	-8.343958e-02	-1.066418e+01
3.357000e-05	8.661228e-02	-1.083316e+01
3.358000e-05	-6.051282e-02	-1.104169e+01
3.359000e-05	6.559211e-02	-1.127474e+01
3.360000e-05	-2.421550e-02	-1.149472e+01
3.361000e-05	3.565220e-02	-1.170527e+01
3.362000e-05	-4.491206e-03	-1.192239e+01
3.363000e-05	-2.461370e-03	-1.212885e+01
3.364000e-05	1.640864e-02	-1.229524e+01
3.365000e-05	3.371499e-03	-1.252487e+01
3.366000e-05	4.268199e-02	-1.264369e+01
3.367000e-05	-1.434004e-02	-1.281316e+01
3.368000e-05	2.255107e-02	-1.304201e+01
3.369000e-05	-1.726544e-02	-1.319893e+01
3.370000e-05	3.036938e-02	-1.327635e+01
3.371000e-05	-5.670957e-03	-1.346314e+01
3.372000e-05	2.784629e-02	-1.364204e+01
3.373000e-05	5.897638e-03	-1.380900e+01
3.374000e-05	2.787302e-02	-1.393890e+01
3.375000e-05	3.358137e-03	-1.408274e+01
3.376000e-05	7.417214e-03	-1.423111e+01
3.377000e-05	1.239701e-03	-1.433740e+01
3.378000e-05	1.873071e-02	-1.445314e+01
3.379000e-05	2.032729e-02	-1.462055e+01
3.380000e-05	1.636748e-02	-1.470732e+01
3.381000e-05	1.293860e-02	-1.479005e+01
3.382000e-05	9.349536e-03	-1.489530e+01
3.383000e-05	2.058457e-02	-1.492895e+01
3.384000e-05	1.125764e-02	-1.508474e+01
3.385000e-05	1.805377e-02	-1.511832e+01
3.386000e-05	1.234490e-02	-1.522206e+01
3.387000e-05	2.569442e-02	-1.530430e+01
3.388000e-05	1.595247e-02	-1.539701e+01
3.389000e-05	1.670331e-02	-1.542106e+01
3.390000e-05	1.117780e-02	-1.550370e+01
3.391000e-05	2.340684e-02	-1.554843e+01
3.392000e-05	2.722497e-02	-1.556753e+01
3.393000e-05	2.490500e-02	-1.558149e+01
3.394000e-05	2.241716e-02	-1.565267e+01
3.395000e-05	2.263936e-02	-1.567466e+01
3.396000e-05	2.831177e-02	-1.572482e+01
3.397000e-05	2.618401e-02	-1.568735e+01
3.398000e-05	2.757764e-02	-1.567580e+01
3.399000e-05	3.092059e-02	-1.573683e+01
3.400000e-05	4.016594e-02	-1.572427e+01
3.401000e-05	4.368632e-02	-1.571525e+01
3.402000e-05	4.171216e-02	-1.567522e+01
3.403000e-05	4.441563e-02	-1.567567e+01
3.404000e-05	5.530878e-02	-1.565159e+01
3.405000e-05	6.903416e-02	-1.564256e+01
3.406000e-05	8.298341e-02	-1.557043e+01
3.407000e-05	1.019841e-01	-1.555788e+01
3.408000e-05	1.370104e-01	-1.551722e+01
3.409000e-05	1.926081e-01	-1.545366e+01
3.410000e-05	2.432533e-01	-1.538953e+01
3.411000e-05	2.500000e-01	-1.533685e+01
3.412000e-05	2.500000e-01	-1.525317e+01
3.413000e-05	2.475349e-01	-1.521951e+01
3.414000e-05	2.009331e-01	-1.511514e+01
3.415000e-05	1.290023e-01	-1.503851e+01
3.416000e-05	8.406633e-02	-1.492622e+01
3.417000e-05	6.004847e-02	-1.484061e+01
3.418000e-05	4.894746e-02	-1.475843e+01
3.419000e-05	3.897840e-02	-1.467156e+01
3.420000e-05	2.849334e-02	-1.451641e+01
3.421000e-05	2.315207e-02	-1.439900e+01
3.422000e-05	2.014731e-02	-1.429369e+01
3.423000e-05	1.725989e-02	-1.409683e+01
3.424000e-05	1.062577e-02	-1.400153e+01
3.425000e-05	8.172465e-03	-1.388306e+01
3.426000e-05	1.182666e-02	-1.373630e+01
3.427000e-05	1.402721e-02	-1.353645e+01
3.428000e-05	1.083771e-02	-1.342210e+01
3.429000e-05	5.494162e-03	-1.328261e+01
3.430000e-05	3.903647e-03	-1.308562e+01
3.431000e-05	6.062406e-03	-1.292588e+01
3.432000e-05	6.525228e-03	-1.278790e+01
3.433000e-05	4.809072e-03	-1.257051e+01
3.434000e-05	4.103706e-04	-1.243211e+01
3.435000e-05	6.087256e-03	-1.225208e+01
3.436000e-05	3.181472e-03	-1.207314e+01
3.437000e-05	4.573784e-03	-1.186214e+01
3.438000e-05	7.455627e-05	-1.164306e+01
3.439000e-05	2.986765e-04	-1.138900e+01
3.440000e-05	5.993069e-03	-1.119996e+01
3.441000e-05	7.395302e-04	-1.095893e+01
3.442000e-05	-4.742720e-04	-1.075950e+01
3.443000e-05	-5.719142e-03	-1.059796e+01
3.444000e-05	5.662771e-04	-1.034732e+01
3.445000e-05	2.461260e-03	-1.008622e+01
3.446000e-05	2.566462e-04	-9.894240e+00
3.447000e-05	-9.863060e-04	-9.694119e+00
3.448000e-05	-1.525522e-03	-9.462580e+00
3.449000e-05	-5.808839e-04	-9.239085e+00
3.450000e-05	-4.205938e-03	-8.997475e+00
3.451000e-05	-5.679974e-03	-8.779405e+00
3.452000e-05	-6.178871e-03	-8.493718e+00
3.453000e-05	2.666182e-04	-8.202107e+00
3.454000e-05	-3.256612e-04	-8.009531e+00
3.455000e-05	-2.741741e-03	-7.725746e+00
3.456000e-05	-5.529642e-03	-7.433057e+00
3.457000e-05	-4.617848e-03	-7.237502e+00
3.458000e-05	-3.478153e-03	-6.916265e+00
3.459000e-05	-5.704387e-03	-6.683610e+00
3.460000e-05	-7.068842e-03	-6.410554e+00
3.461000e-05	-5.977701e-03	-6.127241e+00
3.462000e-05	-3.692831e-03	-5.851158e+00
3.463000e-05	-4.187811e-03	-5.569949e+00
3.464000e-05	-7.482455e-03	-5.263207e+00
3.465000e-05	-7.861284e-03	-4.957471e+00
3.466000e-05	-4.482988e-03	-4.651083e+00
3.467000e-05	-4.262767e-03	-4.387499e+00
3.468000e-05	-5.720391e-03	-4.166870e+00
3.469000e-05	-8.804322e-03	-3.874608e+00
3.470000e-05	-8.001917e-03	-3.607898e+00
3.471000e-05	-8.348438e-03	-3.286740e+00
3.472000e-05	-6.913163e-03	-3.020977e+00
3.473000e-05	-1.008930e-02	-2.705240e+00
3.474000e-05	-5.625472e-03	-2.462557e+00
3.475000e-05	-5.421357e-03	-2.145271e+00
3.476000e-05	-5.325236e-03	-1.892634e+00
3.477000e-05	-1.028855e-02	-1.599000e+00
3.478000e-05	-1.016184e-02	-1.251060e+00
3.479000e-05	-1.004670e-02	-9.468448e-01
3.480000e-05	-7.723625e-03	-6.631067e-01
3.481000e-05	-7.027458e-03	-3.483685e-01
3.482000e-05	-7.817151e-03	-6.366316e-02
3.483000e-05	4.390623e-03	2.006474e-01
3.484000e-05	1.387838e-04	5.027367e-01
3.485000e-05	4.865090e-04	7.358172e-01
3.486000e-05	-3.414598e-03	1.001548e+00
3.487000e-05	-3.644969e-03	1.333864e+00
3.488000e-05	-2.197340e-03	1.641545e+00
3.489000e-05	3.763272e-03	1.914739e+00
3.490000e-05	2.563958e-02	2.096741e+00
3.491000e-05	9.813196e-02	2.419503e+00
3.492000e-05	-1.509795e-02	2.778400e+00
3.493000e-05	-6.456969e-02	3.072633e+00
3.494000e-05	-3.484581e-02	3.356796e+00
3.495000e-05	-2.651357e-02	3.632109e+00
3.496000e-05	-5.423606e-02	3.873234e+00
3.497000e-05	-5.387722e-02	4.042589e+00
3.498000e-05	1.233376e-01	4.336946e+00
3.499000e-05	-5.443997e-02	4.674262e+00
3.500000e-05	3.691184e-03	4.885162e+00
3.501000e-05	1.157205e-01	5.243159e+00
3.502000e-05	-1.617376e-01	5.545375e+00
3.503000e-05	9.071976e-02	5.759604e+00
3.504000e-05	-7.157285e-02	6.073762e+00
3.505000e-05	5.127749e-02	6.315373e+00
3.506000e-05	6.107093e-03	6.650629e+00
3.507000e-05	-5.887106e-02	6.915691e+00
3.508000e-05	4.577702e-02	7.188505e+00
3.509000e-05	-6.920380e-02	7.432161e+00
3.510000e-05	5.444811e-02	7.705271e+00
3.511000e-05	-7.148672e-02	8.029107e+00
3.512000e-05	4.157383e-02	8.264262e+00
3.513000e-05	1.320542e-02	8.506666e+00
3.514000e-05	-3.236236e-02	8.716351e+00
3.515000e-05	2.276435e-02	8.958499e+00
3.516000e-05	-7.195465e-02	9.199528e+00
3.517000e-05	3.125702e-02	9.402534e+00
3.518000e-05	-1.835456e-02	9.704291e+00
3.519000e-05	2.905466e-02	9.907816e+00
3.520000e-05	-3.649867e-02	1.015742e+01
3.521000e-05	-1.121229e-03	1.041640e+01
3.522000e-05	-2.361206e-03	1.058793e+01
3.523000e-05	-2.272161e-02	1.080798e+01
3.524000e-05	-5.612921e-03	1.098895e+01
3.525000e-05	-2.836063e-02	1.119953e+01
3.526000e-05	2.003275e-02	1.144049e+01
3.527000e-05	-1.562273e-02	1.162361e+01
3.528000e-05	-2.182751e-03	1.187164e+01
3.529000e-05	-3.833468e-02	1.203069e+01
3.530000e-05	1.269727e-03	1.223311e+01
3.531000e-05	-7.049796e-03	1.241306e+01
3.532000e-05	-2.437866e-04	1.258848e+01
3.533000e-05	-2.089459e-02	1.277935e+01
3.534000e-05	-1.930116e-02	1.289687e+01
3.535000e-05	-5.766477e-03	1.307424e+01
3.536000e-05	-1.627276e-02	1.324216e+01
3.537000e-05	-1.432383e-02	1.339901e+01
3.538000e-05	-2.602558e-02	1.357932e+01
3.539000e-05	2.982189e-03	1.369317e+01
3.540000e-05	-9.482824e-03	1.384359e+01
3.541000e-05	-1.180063e-02	1.398843e+01
3.542000e-05	-3.338914e-02	1.415587e+01
3.543000e-05	-1.828400e-02	1.427467e+01
3.544000e-05	-1.111185e-02	1.440106e+01
3.545000e-05	-1.181561e-02	1.451537e+01
3.546000e-05	-2.003126e-02	1.461004e+01
3.547000e-05	-2.342556e-02	1.472835e+01
3.548000e-05	-9.021510e-03	1.482096e+01
3.549000e-05	-2.008655e-02	1.494374e+01
3.550000e-05	-2.156457e-02	1.498943e+01
3.551000e-05	-3.117988e-02	1.505514e+01
3.552000e-05	-1.562932e-02	1.516682e+01
3.553000e-05	-1.461499e-02	1.522004e+01
3.554000e-05	-2.272487e-02	1.524264e+01
3.555000e-05	-3.149597e-02	1.531685e+01
3.556000e-05	-3.281512e-02	1.537948e+01
3.557000e-05	-1.923913e-02	1.543114e+01
3.558000e-05	-2.495356e-02	1.544314e+01
3.559000e-05	-2.835756e-02	1.552632e+01
3.560000e-05	-3.532017e-02	1.553837e+01
3.561000e-05	-2.540265e-02	1.555941e+01
3.562000e-05	-2.946275e-02	1.561796e+01
3.563000e-05	-3.855425e-02	1.562054e+01
3.564000e-05	-4.517611e-02	1.560051e+01
3.565000e-05	-4.217866e-02	1.562206e+01
3.566000e-05	-3.542416e-02	1.560959e+01
3.567000e-05	-4.577658e-02	1.563856e+01
3.568000e-05	-5.529655e-02	1.560949e+01
3.569000e-05	-6.412228e-02	1.557690e+01
3.570000e-05	-6.223011e-02	1.554687e+01
3.571000e-05	-7.639814e-02	1.548627e+01
3.572000e-05	-9.680453e-02	1.548317e+01
3.573000e-05	-1.255146e-01	1.544204e+01
3.574000e-05	-1.610883e-01	1.536993e+01
3.575000e-05	-2.139599e-01	1.530630e+01
3.576000e-05	-2.477581e-01	1.526369e+01
3.577000e-05	-2.500000e-01	1.521046e+01
3.578000e-05	-2.500000e-01	1.512885e+01
3.579000e-05	-2.380300e-01	1.510464e+01
3.580000e-05	-1.765240e-01	1.500846e+01
3.581000e-05	-1.224448e-01	1.489527e+01
3.582000e-05	-8.929989e-02	1.480191e+01
3.583000e-05	-6.442406e-02	1.473572e+01
3.584000e-05	-4.589138e-02	1.459054e+01
3.585000e-05	-4.299827e-02	1.450427e+01
3.586000e-05	-3.761790e-02	1.439895e+01
3.587000e-05	-3.181741e-02	1.427314e+01
3.588000e-05	-2.235944e-02	1.411730e+01
3.589000e-05	-2.374791e-02	1.396996e+01
3.590000e-05	-2.644537e-02	1.388156e+01
3.591000e-05	-2.418625e-02	1.371575e+01
3.592000e-05	-1.855830e-02	1.355795e+01
3.593000e-05	-1.527705e-02	1.341196e+01
3.594000e-05	-2.030316e-02	1.326172e+01
3.595000e-05	-1.976969e-02	1.311529e+01
3.596000e-05	-1.726754e-02	1.291685e+01
3.597000e-05	-1.160900e-02	1.278893e+01
3.598000e-05	-1.644533e-02	1.258048e+01
3.599000e-05	-1.736039e-02	1.248167e+01
3.600000e-05	-1.644339e-02	1.227314e+01
3.601000e-05	-1.127272e-02	1.209514e+01
3.602000e-05	-1.208821e-02	1.190317e+01
3.603000e-05	-1.684527e-02	1.169474e+01
3.604000e-05	-1.595832e-02	1.148356e+01
3.605000e-05	-1.201615e-02	1.125354e+01
3.606000e-05	-8.896883e-03	1.102254e+01
3.607000e-05	-1.215596e-02	1.084311e+01
3.608000e-05	-1.307764e-02	1.059119e+01
3.609000e-05	-1.063225e-02	1.043151e+01
3.610000e-05	-9.042693e-03	1.021146e+01
3.611000e-05	-1.075589e-02	9.977375e+00
3.612000e-05	-1.347961e-02	9.746871e+00
3.613000e-05	-1.199533e-02	9.487219e+00
3.614000e-05	-9.166122e-03	9.295216e+00
3.615000e-05	-7.881984e-03	9.043083e+00
3.616000e-05	-1.210995e-02	8.779979e+00
3.617000e-05	-1.130879e-02	8.569378e+00
3.618000e-05	-9.252947e-03	8.336269e+00
3.619000e-05	-6.436390e-03	8.084588e+00
3.620000e-05	-9.270969e-03	7.781458e+00
3.621000e-05	-1.144859e-02	7.597324e+00
3.622000e-05	-1.008062e-02	7.302645e+00
3.623000e-05	-7.754923e-03	7.040505e+00
3.624000e-05	-7.186180e-03	6.747378e+00
3.625000e-05	-1.105273e-02	6.444213e+00
3.626000e-05	-9.594400e-03	6.230484e+00
3.627000e-05	-6.777700e-03	5.968374e+00
3.628000e-05	-6.317461e-03	5.693391e+00
3.629000e-05	-7.730303e-03	5.469534e+00
3.630000e-05	-1.012095e-02	5.134567e+00
3.631000e-05	-7.803414e-03	4.768876e+00
3.632000e-05	-6.325351e-03	4.504722e+00
3.633000e-05	-7.335515e-03	4.251010e+00
3.634000e-05	-9.479106e-03	3.925376e+00
3.635000e-05	-7.809465e-03	3.674614e+00
3.636000e-05	-5.405949e-03	3.402477e+00
3.637000e-05	-5.497931e-03	3.084243e+00
3.638000e-05	-7.393063e-03	2.831630e+00
3.639000e-05	-8.319720e-03	2.546273e+00
3.640000e-05	-5.714956e-03	2.241533e+00
3.641000e-05	-5.687447e-03	1.998946e+00
3.642000e-05	-6.400770e-03	1.654339e+00
3.643000e-05	-8.821534e-03	1.378352e+00
3.644000e-05	-6.348765e-03	1.091110e+00
3.645000e-05	-4.772042e-03	7.458947e-01
3.646000e-05	-4.246764e-03	4.630843e-01
3.647000e-05	-5.496158e-03	1.378999e-01
3.648000e-05	-3.927513e-03	-1.269132e-01
3.649000e-05	9.724772e-03	-3.589686e-01
3.650000e-05	-1.532900e-04	-6.848083e-01
3.651000e-05	2.767906e-03	-9.573422e-01
3.652000e-05	-4.828935e-03	-1.201097e+00
3.653000e-05	1.508686e-03	-1.536941e+00
3.654000e-05	-7.603135e-04	-1.749495e+00
3.655000e-05	2.457968e-02	-1.999471e+00
3.656000e-05	1.036711e-01	-2.293756e+00
3.657000e-05	3.072589e-02	-2.641126e+00
3.658000e-05	-7.336769e-02	-3.076782e+00
3.659000e-05	-6.888458e-03	-3.397974e+00
3.660000e-05	-4.330525e-02	-3.588896e+00
3.661000e-05	-5.669693e-02	-3.863580e+00
3.662000e-05	-1.600650e-02	-4.032081e+00
3.663000e-05	1.812859e-01	-4.221154e+00
3.664000e-05	-2.046333e-01	-4.526392e+00
3.665000e-05	2.047707e-01	-4.822599e+00
3.666000e-05	-9.016218e-02	-5.083214e+00
3.667000e-05	-1.988907e-02	-5.494240e+00
3.668000e-05	9.637197e-02	-5.674242e+00
3.669000e-05	-1.822628e-01	-6.020549e+00
3.670000e-05	2.152444e-01	-6.273708e+00
3.671000e-05	-1.225508e-01	-6.485368e+00
3.672000e-05	7.545462e-02	-6.851107e+00
3.673000e-05	-3.213351e-04	-7.104836e+00
3.674000e-05	-8.200019e-02	-7.419523e+00
3.675000e-05	1.295544e-01	-7.614033e+00
3.676000e-05	-1.363739e-01	-7.956870e+00
3.677000e-05	1.577986e-01	-8.210474e+00
3.678000e-05	-8.224475e-02	-8.400456e+00
3.679000e-05	4.596624e-02	-8.715864e+00
3.680000e-05	2.870529e-02	-8.927895e+00
3.681000e-05	-8.865075e-02	-9.198476e+00
3.682000e-05	9.608098e-02	-9.380422e+00
3.683000e-05	-8.867811e-02	-9.653108e+00
3.684000e-05	1.371903e-01	-9.873634e+00
3.685000e-05	-8.159413e-02	-1.010521e+01
3.686000e-05	7.389646e-02	-1.037634e+01
3.687000e-05	-4.862148e-02	-1.054740e+01
3.688000e-05	2.583013e-02	-1.078903e+01
3.689000e-05	1.350047e-02	-1.094842e+01
3.690000e-05	-1.562114e-02	-1.119895e+01
3.691000e-05	4.709790e-02	-1.134895e+01
3.692000e-05	-2.956593e-02	-1.159219e+01
3.693000e-05	5.672893e-02	-1.177211e+01
3.694000e-05	-4.217346e-02	-1.204318e+01
3.695000e-05	4.268343e-02	-1.222063e+01
3.696000e-05	-2.261624e-02	-1.240256e+01
3.697000e-05	5.237671e-02	-1.254945e+01
3.698000e-05	-8.855664e-03	-1.276795e+01
3.699000e-05	1.567531e-02	-1.295840e+01
3.700000e-05	-8.877051e-03	-1.309579e+01
3.701000e-05	1.338246e-02	-1.328319e+01
3.702000e-05	1.405532e-02	-1.338011e+01
3.703000e-05	8.964153e-03	-1.360993e+01
3.704000e-05	2.048140e-02	-1.373642e+01
3.705000e-05	1.086106e-02	-1.390474e+01
3.706000e-05	2.272690e-02	-1.401206e+01
3.707000e-05	-2.905239e-03	-1.414690e+01
3.708000e-05	7.525538e-03	-1.429529e+01
3.709000e-05	1.975102e-03	-1.442201e+01
3.710000e-05	2.736041e-02	-1.455692e+01
3.711000e-05	1.230398e-02	-1.466258e+01
3.712000e-05	1.930730e-02	-1.477840e+01
3.713000e-05	4.748879e-03	-1.481311e+01
3.714000e-05	2.137824e-02	-1.492690e+01
3.715000e-05	1.388004e-02	-1.497061e+01
3.716000e-05	1.696224e-02	-1.510777e+01
3.717000e-05	1.153192e-02	-1.518946e+01
3.718000e-05	1.990556e-02	-1.527324e+01
3.719000e-05	2.048135e-02	-1.535548e+01
3.720000e-05	1.461336e-02	-1.539949e+01
3.721000e-05	1.257327e-02	-1.545418e+01
3.722000e-05	1.554157e-02	-1.548632e+01
3.723000e-05	2.817873e-02	-1.557935e+01
3.724000e-05	2.638563e-02	-1.560201e+01
3.725000e-05	2.503430e-02	-1.561261e+01
3.726000e-05	2.063392e-02	-1.565409e+01
3.727000e-05	2.622552e-02	-1.570517e+01
3.728000e-05	2.641108e-02	-1.569477e+01
3.729000e-05	2.605208e-02	-1.574527e+01
3.730000e-05	2.633083e-02	-1.570578e+01
3.731000e-05	3.589220e-02	-1.570425e+01
3.732000e-05	4.346455e-02	-1.572482e+01
3.733000e-05	4.464174e-02	-1.571627e+01
3.734000e-05	4.363302e-02	-1.568462e+01
3.735000e-05	4.944271e-02	-1.568369e+01
3.736000e-05	6.191985e-02	-1.563156e+01
3.737000e-05	7.551192e-02	-1.564101e+01
3.738000e-05	9.014938e-02	-1.558940e+01
3.739000e-05	1.173327e-01	-1.552835e+01
3.740000e-05	1.652286e-01	-1.548516e+01
3.741000e-05	2.252859e-01	-1.539003e+01
3.742000e-05	2.495949e-01	-1.534793e+01
3.743000e-05	2.500000e-01	-1.530629e+01
3.744000e-05	2.500000e-01	-1.525998e+01
3.745000e-05	2.317703e-01	-1.512682e+01
3.746000e-05	1.606203e-01	-1.504411e+01
3.747000e-05	1.021114e-01	-1.490893e+01
3.748000e-05	7.032486e-02	-1.490517e+01
3.749000e-05	5.447947e-02	-1.480948e+01
3.750000e-05	4.344329e-02	-1.471422e+01
3.751000e-05	3.218360e-02	-1.458001e+01
3.752000e-05	2.329675e-02	-1.447564e+01
3.753000e-05	2.047019e-02	-1.436682e+01
3.754000e-05	1.937417e-02	-1.419098e+01
3.755000e-05	1.455295e-02	-1.403369e+01
3.756000e-05	9.363963e-03	-1.394577e+01
3.757000e-05	9.955417e-03	-1.373901e+01
3.758000e-05	1.301026e-02	-1.364158e+01
3.759000e-05	1.312437e-02	-1.345571e+01
3.760000e-05	7.437067e-03	-1.332725e+01
3.761000e-05	3.871877e-03	-1.320891e+01
3.762000e-05	5.906720e-03	-1.300011e+01
3.763000e-05	7.572453e-03	-1.289216e+01
3.764000e-05	5.443149e-03	-1.264324e+01
3.765000e-05	2.030910e-03	-1.249632e+01
3.766000e-05	2.399411e-03	-1.231679e+01
3.767000e-05	5.061294e-03	-1.213690e+01
3.768000e-05	4.368407e-03	-1.197835e+01
3.769000e-05	-1.595963e-03	-1.173832e+01
3.770000e-05	3.117208e-04	-1.152682e+01
3.771000e-05	1.668701e-03	-1.130369e+01
3.772000e-05	5.560119e-03	-1.105419e+01
3.773000e-05	2.714508e-03	-1.085261e+01
3.774000e-05	-2.752841e-03	-1.066419e+01
3.775000e-05	1.014195e-03	-1.046371e+01
3.776000e-05	-1.423065e-03	-1.022151e+01
3.777000e-05	7.034901e-04	-1.000848e+01
3.778000e-05	-6.114565e-03	-9.769953e+00
3.779000e-05	-2.405880e-03	-9.609396e+00
3.780000e-05	8.870902e-04	-9.315272e+00
3.781000e-05	1.636053e-03	-9.103216e+00
3.782000e-05	-1.680896e-03	-8.893732e+00
3.783000e-05	-5.011654e-03	-8.590552e+00
3.784000e-05	-2.623252e-03	-8.367856e+00
3.785000e-05	-3.388670e-03	-8.126270e+00
3.786000e-05	-3.463774e-03	-7.830567e+00
3.787000e-05	-6.766321e-03	-7.568301e+00
3.788000e-05	-4.163904e-03	-7.336745e+00
3.789000e-05	-2.982544e-03	-7.012536e+00
3.790000e-05	-2.062898e-03	-6.767376e+00
3.791000e-05	-5.479963e-03	-6.496668e+00
3.792000e-05	-4.593570e-03	-6.233061e+00
3.793000e-05	-6.166889e-03	-5.998848e+00
3.794000e-05	-3.723358e-03	-5.716166e+00
3.795000e-05	-7.259841e-03	-5.431928e+00
3.796000e-05	-8.006430e-03	-5.125816e+00
3.797000e-05	-7.664875e-03	-4.798026e+00
3.798000e-05	-4.181514e-03	-4.527166e+00
3.799000e-05	-4.403972e-03	-4.283708e+00
3.800000e-05	-7.363316e-03	-4.020975e+00
3.801000e-05	-7.137288e-03	-3.676240e+00
3.802000e-05	-6.669956e-03	-3.432630e+00
3.803000e-05	-5.560129e-03	-3.159346e+00
3.804000e-05	-8.115416e-03	-2.872134e+00
3.805000e-05	-7.964895e-03	-2.567898e+00
3.806000e-05	-7.864240e-03	-2.313811e+00
3.807000e-05	-6.327508e-03	-2.000469e+00
3.808000e-05	-8.603428e-03	-1.715239e+00
3.809000e-05	-8.537710e-03	-1.409004e+00
3.810000e-05	-9.269544e-03	-1.073138e+00
3.811000e-05	-6.021659e-03	-8.189687e-01
3.812000e-05	-6.789422e-03	-4.636130e-01
3.813000e-05	-6.788573e-03	-2.100264e-01
3.814000e-05	-3.903255e-03	5.205782e-02
3.815000e-05	7.355067e-03	3.779699e-01
3.816000e-05	-6.085017e-03	6.100553e-01
3.817000e-05	3.004021e-03	8.536557e-01
3.818000e-05	-8.229958e-03	1.186924e+00
3.819000e-05	1.331968e-03	1.443635e+00
3.820000e-05	-4.815033e-03	1.771028e+00
3.821000e-05	1.846760e-02	1.990050e+00
3.822000e-05	5.932276e-02	2.233632e+00
3.823000e-05	7.758216e-02	2.568175e+00
3.824000e-05	-8.840914e-02	2.924789e+00
3.825000e-05	-2.859973e-02	3.189975e+00
3.826000e-05	-4.591092e-02	3.495816e+00
3.827000e-05	-1.577934e-02	3.745925e+00
3.828000e-05	-8.569416e-02	3.966979e+00
3.829000e-05	3.907143e-02	4.219531e+00
3.830000e-05	1.008846e-01	4.506845e+00
3.831000e-05	-1.424029e-01	4.809974e+00
3.832000e-05	1.889223e-01	5.092214e+00
3.833000e-05	-1.206592e-01	5.381103e+00
3.834000e-05	-2.696415e-03	5.671116e+00
3.835000e-05	2.052626e-02	5.956499e+00
3.836000e-05	-4.778030e-02	6.221005e+00
3.837000e-05	8.410318e-02	6.464214e+00
3.838000e-05	-8.278800e-02	6.768005e+00
3.839000e-05	3.633888e-02	7.021087e+00
3.840000e-05	-3.916073e-02	7.296345e+00
3.841000e-05	6.606283e-03	7.579506e+00
3.842000e-05	-6.300162e-03	7.913692e+00
3.843000e-05	-3.448881e-02	8.159473e+00
3.844000e-05	5.767200e-02	8.439031e+00
3.845000e-05	-3.589453e-02	8.619627e+00
3.846000e-05	9.984319e-03	8.862113e+00
3.847000e-05	-2.880334e-02	9.073765e+00
3.848000e-05	-3.336755e-02	9.335369e+00
3.849000e-05	2.694895e-02	9.538498e+00
3.850000e-05	-1.058162e-02	9.789529e+00
3.851000e-05	1.194442e-02	1.002108e+01
3.852000e-05	-3.868087e-02	1.022163e+01
3.853000e-05	1.649536e-02	1.047362e+01
3.854000e-05	-2.178474e-02	1.066422e+01
3.855000e-05	-1.129233e-02	1.088584e+01
3.856000e-05	-1.777188e-02	1.106477e+01
3.857000e-05	-9.596023e-03	1.135983e+01
3.858000e-05	1.402352e-02	1.155590e+01
3.859000e-05	-1.768893e-02	1.175793e+01
3.860000e-05	-1.456591e-02	1.192783e+01
3.861000e-05	-2.620703e-02	1.214740e+01
3.862000e-05	4.314299e-03	1.230730e+01
3.863000e-05	-1.550794e-03	1.251282e+01
3.864000e-05	-1.220088e-02	1.267319e+01
3.865000e-05	-2.019790e-02	1.285216e+01
3.866000e-05	-1.802725e-02	1.303046e+01
3.867000e-05	-5.293939e-03	1.315838e+01
3.868000e-05	-2.142341e-02	1.332637e+01
3.869000e-05	-2.004867e-02	1.347415e+01
3.870000e-05	-1.091569e-02	1.369156e+01
3.871000e-05	1.212407e-03	1.377898e+01
3.872000e-05	-7.120368e-03	1.394632e+01
3.873000e-05	-2.845643e-02	1.408265e+01
3.874000e-05	-2.566908e-02	1.424203e+01
3.875000e-05	-1.869825e-02	1.431940e+01
3.876000e-05	-7.398346e-03	1.449319e+01
3.877000e-05	-2.121255e-02	1.455748e+01
3.878000e-05	-2.114180e-02	1.471382e+01
3.879000e-05	-1.538232e-02	1.481100e+01
3.880000e-05	-1.076934e-02	1.486109e+01
3.881000e-05	-1.923866e-02	1.496682e+01
3.882000e-05	-3.021372e-02	1.503154e+01
3.883000e-05	-2.178007e-02	1.507567e+01
3.884000e-05	-1.759464e-02	1.518898e+01
3.885000e-05	-1.539783e-02	1.525154e+01
3.886000e-05	-3.274565e-02	1.529428e+01
3.887000e-05	-3.173495e-02	1.534641e+01
3.888000e-05	-2.652922e-02	1.542156e+01
3.889000e-05	-1.787465e-02	1.545316e+01
3.890000e-05	-2.709534e-02	1.549576e+01
3.891000e-05	-3.390987e-02	1.553727e+01
3.892000e-05	-2.862789e-02	1.560596e+01
3.893000e-05	-2.875942e-02	1.560749e+01
3.894000e-05	-3.295846e-02	1.556001e+01
3.895000e-05	-4.746533e-02	1.560901e+01
3.896000e-05	-4.276274e-02	1.564111e+01
3.897000e-05	-3.840991e-02	1.563108e+01
3.898000e-05	-3.738973e-02	1.564054e+01
3.899000e-05	-5.073934e-02	1.563861e+01
3.900000e-05	-6.118797e-02	1.560890e+01
3.901000e-05	-6.159410e-02	1.558787e+01
3.902000e-05	-6.979962e-02	1.556575e+01
3.903000e-05	-8.619302e-02	1.545687e+01
3.904000e-05	-1.142893e-01	1.546272e+01
3.905000e-05	-1.413621e-01	1.542001e+01
3.906000e-05	-1.875506e-01	1.533635e+01
3.907000e-05	-2.396437e-01	1.532527e+01
3.908000e-05	-2.500000e-01	1.523204e+01
3.909000e-05	-2.500000e-01	1.517896e+01
3.910000e-05	-2.481749e-01	1.511623e+01
3.911000e-05	-2.077494e-01	1.502159e+01
3.912000e-05	-1.433969e-01	1.498628e+01
3.913000e-05	-1.059403e-01	1.485359e+01
3.914000e-05	-7.481431e-02	1.473683e+01
3.915000e-05	-5.420744e-02	1.464226e+01
3.916000e-05	-4.320448e-02	1.455535e+01
3.917000e-05	-4.076116e-02	1.445204e+01
3.918000e-05	-3.564719e-02	1.432580e+01
3.919000e-05	-2.445183e-02	1.419851e+01
3.920000e-05	-2.254206e-02	1.412259e+01
3.921000e-05	-2.454367e-02	1.391722e+01
3.922000e-05	-2.770938e-02	1.376943e+01
3.923000e-05	-1.983793e-02	1.364461e+01
3.924000e-05	-1.696530e-02	1.347319e+01
3.925000e-05	-1.714298e-02	1.331685e+01
3.926000e-05	-2.105280e-02	1.317793e+01
3.927000e-05	-1.889316e-02	1.301054e+01
3.928000e-05	-1.298901e-02	1.286314e+01
3.929000e-05	-1.381634e-02	1.269309e+01
3.930000e-05	-1.612621e-02	1.252435e+01
3.931000e-05	-1.843481e-02	1.233685e+01
3.932000e-05	-1.225298e-02	1.216788e+01
3.933000e-05	-1.140326e-02	1.200940e+01
3.934000e-05	-1.320725e-02	1.179838e+01
3.935000e-05	-1.747671e-02	1.158943e+01
3.936000e-05	-1.297963e-02	1.136733e+01
3.937000e-05	-9.700220e-03	1.110580e+01
3.938000e-05	-1.072305e-02	1.093892e+01
3.939000e-05	-1.263773e-02	1.072527e+01
3.940000e-05	-1.362025e-02	1.051632e+01
3.941000e-05	-8.728372e-03	1.029414e+01
3.942000e-05	-9.054884e-03	1.009362e+01
3.943000e-05	-1.195750e-02	9.832961e+00
3.944000e-05	-1.367903e-02	9.610559e+00
3.945000e-05	-1.002621e-02	9.398980e+00
3.946000e-05	-7.866046e-03	9.206801e+00
3.947000e-05	-1.010300e-02	8.905247e+00
3.948000e-05	-1.253045e-02	8.662090e+00
3.949000e-05	-1.168519e-02	8.492562e+00
3.950000e-05	-6.853055e-03	8.188427e+00
3.951000e-05	-7.458975e-03	7.928296e+00
3.952000e-05	-9.989824e-03	7.693716e+00
3.953000e-05	-1.079996e-02	7.390881e+00
3.954000e-05	-8.560315e-03	7.147297e+00
3.955000e-05	-7.058449e-03	6.905721e+00
3.956000e-05	-1.035892e-02	6.600958e+00
3.957000e-05	-1.182794e-02	6.326846e+00
3.958000e-05	-8.863058e-03	6.094165e+00
3.959000e-05	-5.306511e-03	5.832507e+00
3.960000e-05	-6.062117e-03	5.566829e+00
3.961000e-05	-9.273471e-03	5.284040e+00
3.962000e-05	-9.778426e-03	4.894271e+00
3.963000e-05	-6.332091e-03	4.661488e+00
3.964000e-05	-6.183279e-03	4.359899e+00
3.965000e-05	-8.503351e-03	4.082662e+00
3.966000e-05	-8.698990e-03	3.769977e+00
3.967000e-05	-6.985193e-03	3.567716e+00
3.968000e-05	-4.609630e-03	3.241583e+00
3.969000e-05	-8.137355e-03	2.946922e+00
3.970000e-05	-9.605057e-03	2.724785e+00
3.971000e-05	-8.064275e-03	2.368844e+00
3.972000e-05	-5.382151e-03	2.093716e+00
3.973000e-05	-5.468495e-03	1.841135e+00
3.974000e-05	-7.452197e-03	1.505796e+00
3.975000e-05	-7.969082e-03	1.201026e+00
3.976000e-05	-5.809149e-03	8.721091e-01
3.977000e-05	-4.505014e-03	5.994524e-01
3.978000e-05	-5.077585e-03	3.672933e-01
3.979000e-05	-4.547128e-03	9.952615e-03
3.980000e-05	1.560481e-03	-2.556567e-01
3.981000e-05	1.145623e-02	-5.152104e-01
3.982000e-05	-3.978117e-03	-7.925486e-01
3.983000e-05	3.729988e-03	-1.093758e+00
3.984000e-05	-5.174676e-03	-1.390545e+00
3.985000e-05	2.495343e-03	-1.642630e+00
3.986000e-05	6.996121e-03	-1.865812e+00
3.987000e-05	5.394479e-02	-2.147842e+00
3.988000e-05	1.206825e-01	-2.442704e+00
3.989000e-05	-8.089607e-02	-2.851255e+00
3.990000e-05	-7.973855e-03	-3.281659e+00
3.991000e-05	-4.991377e-02	-3.525313e+00
3.992000e-05	-1.877153e-02	-3.727187e+00
3.993000e-05	-1.081727e-01	-3.967447e+00
3.994000e-05	1.802535e-01	-4.106817e+00
3.995000e-05	-6.926292e-02	-4.369424e+00
3.996000e-05	-1.205310e-04	-4.715367e+00
3.997000e-05	1.597670e-01	-4.936393e+00
3.998000e-05	-2.070426e-01	-5.307917e+00
3.999000e-05	1.930814e-01	-5.592551e+00
4.000000e-05	-1.636959e-01	-5.843208e+00
4.001000e-05	7.322070e-02	-6.189069e+00
4.002000e-05	7.641125e-02	-6.370001e+00
4.003000e-05	-1.050961e-01	-6.735818e+00
4.004000e-05	1.498290e-01	-6.947948e+00
4.005000e-05	-1.607742e-01	-7.244636e+00
4.006000e-05	1.140873e-01	-7.549292e+00
4.007000e-05	-5.408092e-02	-7.789101e+00
4.008000e-05	1.374042e-02	-8.107262e+00
4.009000e-05	9.255457e-02	-8.294237e+00
4.010000e-05	-1.094466e-01	-8.537543e+00
4.011000e-05	1.443906e-01	-8.813138e+00
4.012000e-05	-1.354202e-01	-9.094188e+00
4.013000e-05	8.215163e-02	-9.286267e+00
4.014000e-05	-4.601395e-02	-9.515917e+00
4.015000e-05	5.194867e-02	-9.777926e+00
4.016000e-05	3.448725e-02	-9.977951e+00
4.017000e-05	-3.781299e-02	-1.021218e+01
4.018000e-05	5.979522e-02	-1.044314e+01
4.019000e-05	-7.503214e-02	-1.069476e+01
4.020000e-05	8.486296e-02	-1.085469e+01
4.021000e-05	-6.335108e-02	-1.111371e+01
4.022000e-05	7.192510e-02	-1.129581e+01
4.023000e-05	-3.118333e-02	-1.147430e+01
4.024000e-05	4.513439e-02	-1.174038e+01
4.025000e-05	-1.473456e-02	-1.193748e+01
4.026000e-05	5.447026e-03	-1.214855e+01
4.027000e-05	8.267333e-03	-1.230729e+01
4.028000e-05	1.016330e-02	-1.250637e+01
4.029000e-05	3.545928e-02	-1.266474e+01
4.030000e-05	-1.168495e-02	-1.285524e+01
4.031000e-05	2.034568e-02	-1.303166e+01
4.032000e-05	-1.465208e-02	-1.320143e+01
4.033000e-05	3.000076e-02	-1.332778e+01
4.034000e-05	-6.491427e-03	-1.349577e+01
4.035000e-05	2.856597e-02	-1.363309e+01
4.036000e-05	3.909017e-03	-1.375946e+01
4.037000e-05	2.824301e-02	-1.397795e+01
4.038000e-05	4.347169e-05	-1.408476e+01
4.039000e-05	8.556111e-03	-1.423111e+01
4.040000e-05	-4.393780e-04	-1.429588e+01
4.041000e-05	2.083286e-02	-1.448729e+01
4.042000e-05	1.910213e-02	-1.461951e+01
4.043000e-05	1.770349e-02	-1.469630e+01
4.044000e-05	1.173217e-02	-1.481898e+01
4.045000e-05	9.856833e-03	-1.489567e+01
4.046000e-05	1.922630e-02	-1.497948e+01
4.047000e-05	1.044309e-02	-1.506469e+01
4.048000e-05	1.761085e-02	-1.516745e+01
4.049000e-05	1.249489e-02	-1.526166e+01
4.050000e-05	2.553765e-02	-1.529535e+01
4.051000e-05	1.453150e-02	-1.541858e+01
4.052000e-05	1.741060e-02	-1.542361e+01
4.053000e-05	1.149555e-02	-1.550612e+01
4.054000e-05	2.440111e-02	-1.554835e+01
4.055000e-05	2.596116e-02	-1.556993e+01
4.056000e-05	2.504977e-02	-1.562111e+01
4.057000e-05	2.189666e-02	-1.563259e+01
4.058000e-05	2.328472e-02	-1.565462e+01
4.059000e-05	2.732417e-02	-1.571422e+01
4.060000e-05	2.594789e-02	-1.571830e+01
4.061000e-05	2.792238e-02	-1.574587e+01
4.062000e-05	3.217931e-02	-1.570635e+01
4.063000e-05	4.090618e-02	-1.571582e+01
4.064000e-05	4.361107e-02	-1.573530e+01
4.065000e-05	4.251396e-02	-1.568427e+01
4.066000e-05	4.570979e-02	-1.566432e+01
4.067000e-05	5.560629e-02	-1.565259e+01
4.068000e-05	6.907942e-02	-1.562104e+01
4.069000e-05	8.342379e-02	-1.561041e+01
4.070000e-05	1.048580e-01	-1.555792e+01
4.071000e-05	1.398732e-01	-1.549680e+01
4.072000e-05	1.990191e-01	-1.545111e+01
4.073000e-05	2.443300e-01	-1.538796e+01
4.074000e-05	2.500000e-01	-1.531829e+01
4.075000e-05	2.500000e-01	-1.528271e+01
4.076000e-05	2.460998e-01	-1.515797e+01
4.077000e-05	1.957030e-01	-1.505527e+01
4.078000e-05	1.240818e-01	-1.500948e+01
4.079000e-05	8.264175e-02	-1.492525e+01
4.080000e-05	5.838409e-02	-1.483261e+01
4.081000e-05	4.841579e-02	-1.474635e+01
4.082000e-05	3.641044e-02	-1.466158e+01
4.083000e-05	2.856346e-02	-1.450680e+01
4.084000e-05	2.227212e-02	-1.440103e+01
4.085000e-05	2.034171e-02	-1.424374e+01
4.086000e-05	1.617887e-02	-1.414582e+01
4.087000e-05	1.048838e-02	-1.400151e+01
4.088000e-05	8.418041e-03	-1.386216e+01
4.089000e-05	1.059761e-02	-1.371530e+01
4.090000e-05	1.313640e-02	-1.354790e+01
4.091000e-05	1.036252e-02	-1.338946e+01
4.092000e-05	6.340570e-03	-1.324209e+01
4.093000e-05	4.980461e-03	-1.313427e+01
4.094000e-05	7.449571e-03	-1.295742e+01
4.095000e-05	5.511741e-03	-1.277745e+01
4.096000e-05	2.886283e-03	-1.256050e+01
4.097000e-05	2.455607e-03	-1.242256e+01
4.098000e-05	3.929165e-03	-1.222106e+01
4.099000e-05	4.006378e-03	-1.204106e+01
4.100000e-05	1.869581e-03	-1.183061e+01
4.101000e-05	-1.939950e-04	-1.161206e+01
4.102000e-05	2.010657e-03	-1.138838e+01
4.103000e-05	3.779310e-03	-1.115942e+01
4.104000e-05	2.401225e-03	-1.094840e+01
4.105000e-05	-4.827562e-04	-1.075840e+01
4.106000e-05	-1.518244e-03	-1.058785e+01
4.107000e-05	-9.054457e-04	-1.034477e+01
4.108000e-05	-5.815381e-05	-1.007424e+01
4.109000e-05	-1.723735e-03	-9.883692e+00
4.110000e-05	-2.400417e-03	-9.693667e+00
4.111000e-05	-3.710056e-04	-9.441634e+00
4.112000e-05	-4.705661e-04	-9.210979e+00
4.113000e-05	-2.251281e-03	-8.977877e+00
4.114000e-05	-4.514378e-03	-8.767266e+00
4.115000e-05	-3.293038e-03	-8.463641e+00
4.116000e-05	-2.265270e-03	-8.182658e+00
4.117000e-05	-1.774806e-03	-7.990025e+00
4.118000e-05	-4.442916e-03	-7.694740e+00
4.119000e-05	-4.676892e-03	-7.432078e+00
4.120000e-05	-4.970804e-03	-7.167451e+00
4.121000e-05	-3.052348e-03	-6.895238e+00
4.122000e-05	-6.201800e-03	-6.621059e+00
4.123000e-05	-4.565048e-03	-6.368976e+00
4.124000e-05	-5.151003e-03	-6.085193e+00
4.125000e-05	-4.155833e-03	-5.811607e+00
4.126000e-05	-5.249371e-03	-5.578401e+00
4.127000e-05	-7.463933e-03	-5.281602e+00
4.128000e-05	-6.482106e-03	-4.966320e+00
4.129000e-05	-4.949191e-03	-4.650456e+00
4.130000e-05	-5.238390e-03	-4.370021e+00
4.131000e-05	-5.823453e-03	-4.136320e+00
4.132000e-05	-9.105678e-03	-3.851534e+00
4.133000e-05	-6.746792e-03	-3.557846e+00
4.134000e-05	-7.970967e-03	-3.304764e+00
4.135000e-05	-6.232374e-03	-2.989975e+00
4.136000e-05	-9.367850e-03	-2.654214e+00
4.137000e-05	-5.720384e-03	-2.421027e+00
4.138000e-05	-6.817874e-03	-2.116791e+00
4.139000e-05	-7.022822e-03	-1.852584e+00
4.140000e-05	-9.898649e-03	-1.620471e+00
4.141000e-05	-9.918304e-03	-1.180483e+00
4.142000e-05	-8.591789e-03	-9.067169e-01
4.143000e-05	-8.556263e-03	-6.546579e-01
4.144000e-05	-6.822129e-03	-3.368174e-01
4.145000e-05	-6.162571e-03	-7.315920e-02
4.146000e-05	6.819854e-03	2.011503e-01
4.147000e-05	-1.947449e-03	5.152630e-01
4.148000e-05	4.490575e-04	7.367908e-01
4.149000e-05	-4.432586e-03	1.074106e+00
4.150000e-05	-2.613775e-03	1.317317e+00
4.151000e-05	-2.966152e-03	1.682733e+00
4.152000e-05	6.128676e-03	1.914258e+00
4.153000e-05	2.955434e-02	2.136691e+00
4.154000e-05	1.025386e-01	2.399551e+00
4.155000e-05	-2.951617e-02	2.758475e+00
4.156000e-05	-5.931766e-02	3.044233e+00
4.157000e-05	-3.934628e-02	3.346922e+00
4.158000e-05	-2.297681e-02	3.642157e+00
4.159000e-05	-6.061952e-02	3.904238e+00
4.160000e-05	-4.405013e-02	4.043584e+00
4.161000e-05	1.311501e-01	4.399023e+00
4.162000e-05	-7.844148e-02	4.724741e+00
4.163000e-05	3.754624e-02	4.915866e+00
4.164000e-05	8.477380e-02	5.274191e+00
4.165000e-05	-1.474788e-01	5.557795e+00
4.166000e-05	8.991053e-02	5.810083e+00
4.167000e-05	-7.742369e-02	6.115219e+00
4.168000e-05	6.362169e-02	6.346845e+00
4.169000e-05	-1.043437e-02	6.671113e+00
4.170000e-05	-4.802298e-02	6.935366e+00
4.171000e-05	3.675370e-02	7.137300e+00
4.172000e-05	-6.241597e-02	7.483135e+00
4.173000e-05	5.258107e-02	7.737266e+00
4.174000e-05	-7.346250e-02	8.052160e+00
4.175000e-05	4.946087e-02	8.294289e+00
4.176000e-05	6.615276e-03	8.507247e+00
4.177000e-05	-2.728290e-02	8.746869e+00
4.178000e-05	1.903783e-02	8.968951e+00
4.179000e-05	-7.382073e-02	9.241008e+00
4.180000e-05	3.558784e-02	9.431589e+00
4.181000e-05	-2.168865e-02	9.655217e+00
4.182000e-05	3.094596e-02	9.935846e+00
4.183000e-05	-4.142760e-02	1.013740e+01
4.184000e-05	4.963625e-03	1.036890e+01
4.185000e-05	-3.771359e-03	1.057890e+01
4.186000e-05	-2.158237e-02	1.080858e+01
4.187000e-05	-7.269297e-03	1.102001e+01
4.188000e-05	-3.039141e-02	1.123106e+01
4.189000e-05	2.312972e-02	1.141211e+01
4.190000e-05	-1.808005e-02	1.162159e+01
4.191000e-05	-9.996999e-04	1.187311e+01
4.192000e-05	-3.956028e-02	1.202221e+01
4.193000e-05	4.262615e-03	1.224213e+01
4.194000e-05	-7.002650e-03	1.244108e+01
4.195000e-05	-2.465041e-04	1.260998e+01
4.196000e-05	-2.137920e-02	1.276895e+01
4.197000e-05	-1.931784e-02	1.294535e+01
4.198000e-05	-4.369452e-03	1.310375e+01
4.199000e-05	-1.664558e-02	1.325309e+01
4.200000e-05	-1.485172e-02	1.343108e+01
4.201000e-05	-2.616528e-02	1.358740e+01
4.202000e-05	4.621666e-03	1.369633e+01
4.203000e-05	-8.529703e-03	1.385164e+01
4.204000e-05	-1.280762e-02	1.399853e+01
4.205000e-05	-3.335787e-02	1.415946e+01
4.206000e-05	-1.806740e-02	1.427425e+01
4.207000e-05	-9.711263e-03	1.440956e+01
4.208000e-05	-1.314958e-02	1.455477e+01
4.209000e-05	-2.179350e-02	1.466256e+01
4.210000e-05	-2.371778e-02	1.476740e+01
4.211000e-05	-8.572621e-03	1.481201e+01
4.212000e-05	-1.927319e-02	1.494330e+01
4.213000e-05	-2.182275e-02	1.497143e+01
4.214000e-05	-3.078358e-02	1.508466e+01
4.215000e-05	-1.495757e-02	1.513785e+01
4.216000e-05	-1.435662e-02	1.523051e+01
4.217000e-05	-2.361597e-02	1.523164e+01
4.218000e-05	-3.304121e-02	1.532683e+01
4.219000e-05	-3.235426e-02	1.536898e+01
4.220000e-05	-1.762394e-02	1.543266e+01
4.221000e-05	-2.526131e-02	1.550419e+01
4.222000e-05	-2.947012e-02	1.550432e+01
4.223000e-05	-3.568809e-02	1.554683e+01
4.224000e-05	-2.599124e-02	1.557788e+01
4.225000e-05	-2.902518e-02	1.559946e+01
4.226000e-05	-3.952058e-02	1.560139e+01
4.227000e-05	-4.389307e-02	1.559953e+01
4.228000e-05	-4.251210e-02	1.563154e+01
4.229000e-05	-3.402835e-02	1.561903e+01
4.230000e-05	-4.683948e-02	1.559956e+01
4.231000e-05	-5.690139e-02	1.557888e+01
4.232000e-05	-6.600741e-02	1.556888e+01
4.233000e-05	-6.335490e-02	1.553682e+01
4.234000e-05	-7.698395e-02	1.553532e+01
4.235000e-05	-9.929655e-02	1.550262e+01
4.236000e-05	-1.272825e-01	1.542161e+01
4.237000e-05	-1.642923e-01	1.537838e+01
4.238000e-05	-2.168857e-01	1.533632e+01
4.239000e-05	-2.483691e-01	1.528269e+01
4.240000e-05	-2.500000e-01	1.521146e+01
4.241000e-05	-2.500000e-01	1.514983e+01
4.242000e-05	-2.350268e-01	1.505469e+01
4.243000e-05	-1.711670e-01	1.503989e+01
4.244000e-05	-1.197141e-01	1.487570e+01
4.245000e-05	-8.714007e-02	1.479993e+01
4.246000e-05	-6.102530e-02	1.473627e+01
4.247000e-05	-4.519151e-02	1.459001e+01
4.248000e-05	-4.263160e-02	1.448417e+01
4.249000e-05	-3.847213e-02	1.441096e+01
4.250000e-05	-3.055376e-02	1.429359e+01
4.251000e-05	-2.329005e-02	1.411527e+01
4.252000e-05	-2.289261e-02	1.400893e+01
4.253000e-05	-2.749947e-02	1.386154e+01
4.254000e-05	-2.308062e-02	1.367522e+01
4.255000e-05	-1.805051e-02	1.354785e+01
4.256000e-05	-1.365550e-02	1.339146e+01
4.257000e-05	-2.058424e-02	1.328116e+01
4.258000e-05	-1.937543e-02	1.311322e+01
4.259000e-05	-1.672514e-02	1.291783e+01
4.260000e-05	-1.201843e-02	1.280886e+01
4.261000e-05	-1.713159e-02	1.259046e+01
4.262000e-05	-1.872926e-02	1.248211e+01
4.263000e-05	-1.526422e-02	1.223259e+01
4.264000e-05	-9.877665e-03	1.209367e+01
4.265000e-05	-9.952022e-03	1.189422e+01
4.266000e-05	-1.708317e-02	1.171422e+01
4.267000e-05	-1.583239e-02	1.144251e+01
4.268000e-05	-1.232644e-02	1.123256e+01
4.269000e-05	-8.537316e-03	1.103249e+01
4.270000e-05	-1.358721e-02	1.086256e+01
4.271000e-05	-1.420657e-02	1.063196e+01
4.272000e-05	-1.156971e-02	1.042845e+01
4.273000e-05	-7.819274e-03	1.016945e+01
4.274000e-05	-9.783100e-03	9.949849e+00
4.275000e-05	-1.389573e-02	9.726295e+00
4.276000e-05	-1.149443e-02	9.504162e+00
4.277000e-05	-8.363673e-03	9.253136e+00
4.278000e-05	-7.910121e-03	9.050432e+00
4.279000e-05	-1.258556e-02	8.787929e+00
4.280000e-05	-1.359580e-02	8.559300e+00
4.281000e-05	-9.674238e-03	8.314194e+00
4.282000e-05	-5.923102e-03	8.082139e+00
4.283000e-05	-8.837941e-03	7.821483e+00
4.284000e-05	-1.013432e-02	7.545795e+00
4.285000e-05	-8.775013e-03	7.281188e+00
4.286000e-05	-6.789228e-03	6.990476e+00
4.287000e-05	-8.202683e-03	6.756748e+00
4.288000e-05	-1.164971e-02	6.472592e+00
4.289000e-05	-1.094959e-02	6.188954e+00
4.290000e-05	-7.500215e-03	5.977971e+00
4.291000e-05	-6.451540e-03	5.662664e+00
4.292000e-05	-8.396854e-03	5.418950e+00
4.293000e-05	-1.048764e-02	5.073116e+00
4.294000e-05	-8.005189e-03	4.768899e+00
4.295000e-05	-5.814688e-03	4.515718e+00
4.296000e-05	-6.354911e-03	4.168903e+00
4.297000e-05	-9.440759e-03	3.917318e+00
4.298000e-05	-8.755555e-03	3.662635e+00
4.299000e-05	-5.930668e-03	3.387748e+00
4.300000e-05	-6.505138e-03	3.104162e+00
4.301000e-05	-8.411775e-03	2.852006e+00
4.302000e-05	-8.923617e-03	2.515187e+00
4.303000e-05	-6.068032e-03	2.221528e+00
4.304000e-05	-5.182154e-03	1.968846e+00
4.305000e-05	-5.408301e-03	1.662556e+00
4.306000e-05	-8.572098e-03	1.397375e+00
4.307000e-05	-7.041085e-03	1.041031e+00
4.308000e-05	-5.145971e-03	7.147870e-01
4.309000e-05	-5.546990e-03	4.520566e-01
4.310000e-05	-6.658421e-03	1.763645e-01
4.311000e-05	-4.285190e-03	-1.263895e-01
4.312000e-05	1.114054e-02	-3.795262e-01
4.313000e-05	-1.111432e-03	-7.153617e-01
4.314000e-05	4.644081e-03	-9.583960e-01
4.315000e-05	-5.243195e-03	-1.230602e+00
4.316000e-05	3.018217e-03	-1.549395e+00
4.317000e-05	-3.537287e-04	-1.778946e+00
4.318000e-05	2.739631e-02	-1.991024e+00
4.319000e-05	1.098873e-01	-2.314292e+00
4.320000e-05	1.112982e-02	-2.664205e+00
4.321000e-05	-6.465748e-02	-3.093866e+00
4.322000e-05	-1.239960e-02	-3.400949e+00
4.323000e-05	-3.868204e-02	-3.590476e+00
4.324000e-05	-6.649942e-02	-3.823737e+00
4.325000e-05	1.330974e-02	-4.032628e+00
4.326000e-05	1.584474e-01	-4.232134e+00
4.327000e-05	-1.989731e-01	-4.538924e+00
4.328000e-05	2.184935e-01	-4.822585e+00
4.329000e-05	-1.241546e-01	-5.115767e+00
4.330000e-05	2.005205e-02	-5.545315e+00
4.331000e-05	5.994242e-02	-5.705791e+00
4.332000e-05	-1.565246e-01	-6.033076e+00
4.333000e-05	2.138033e-01	-6.255210e+00
4.334000e-05	-1.373972e-01	-6.547873e+00
4.335000e-05	1.001156e-01	-6.853659e+00
4.336000e-05	-3.124663e-02	-7.115765e+00
4.337000e-05	-5.478281e-02	-7.421582e+00
4.338000e-05	1.096099e-01	-7.662683e+00
4.339000e-05	-1.265789e-01	-7.957398e+00
4.340000e-05	1.639686e-01	-8.210104e+00
4.341000e-05	-1.004535e-01	-8.441631e+00
4.342000e-05	7.202123e-02	-8.719445e+00
4.343000e-05	-1.452899e-03	-8.947472e+00
4.344000e-05	-6.349228e-02	-9.209553e+00
4.345000e-05	7.923510e-02	-9.370133e+00
4.346000e-05	-7.716054e-02	-9.653212e+00
4.347000e-05	1.314305e-01	-9.862162e+00
4.348000e-05	-8.580806e-02	-1.013482e+01
4.349000e-05	8.354000e-02	-1.036885e+01
4.350000e-05	-6.132096e-02	-1.057790e+01
4.351000e-05	4.108338e-02	-1.077194e+01
4.352000e-05	-1.789910e-03	-1.096745e+01
4.353000e-05	-8.673430e-04	-1.119905e+01
4.354000e-05	3.629859e-02	-1.139948e+01
4.355000e-05	-2.216711e-02	-1.165216e+01
4.356000e-05	4.936547e-02	-1.183119e+01
4.357000e-05	-3.997682e-02	-1.206424e+01
4.358000e-05	4.250198e-02	-1.225116e+01
4.359000e-05	-2.116308e-02	-1.240153e+01
4.360000e-05	5.320538e-02	-1.258958e+01
4.361000e-05	-1.117030e-02	-1.279900e+01
4.362000e-05	1.943271e-02	-1.295797e+01
4.363000e-05	-1.161911e-02	-1.312537e+01
4.364000e-05	1.634975e-02	-1.327369e+01
4.365000e-05	7.969337e-03	-1.342208e+01
4.366000e-05	1.284152e-02	-1.360851e+01
4.367000e-05	1.756852e-02	-1.375587e+01
4.368000e-05	1.255978e-02	-1.387277e+01
4.369000e-05	1.917769e-02	-1.400306e+01
4.370000e-05	-1.208143e-03	-1.413942e+01
4.371000e-05	8.651327e-03	-1.430526e+01
4.372000e-05	5.681833e-03	-1.443108e+01
4.373000e-05	2.644310e-02	-1.457743e+01
4.374000e-05	1.187942e-02	-1.468466e+01
4.375000e-05	1.853108e-02	-1.474898e+01
4.376000e-05	4.871705e-03	-1.483109e+01
4.377000e-05	2.032702e-02	-1.496695e+01
4.378000e-05	1.226089e-02	-1.502156e+01
4.379000e-05	1.744274e-02	-1.508637e+01
4.380000e-05	1.212451e-02	-1.518048e+01
4.381000e-05	2.102950e-02	-1.528322e+01
4.382000e-05	1.919884e-02	-1.537632e+01
4.383000e-05	1.613203e-02	-1.540010e+01
4.384000e-05	1.326122e-02	-1.547461e+01
4.385000e-05	1.708704e-02	-1.551685e+01
4.386000e-05	2.691051e-02	-1.555938e+01
4.387000e-05	2.481452e-02	-1.561953e+01
4.388000e-05	2.435192e-02	-1.564359e+01
4.389000e-05	2.106946e-02	-1.565364e+01
4.390000e-05	2.683889e-02	-1.569426e+01
4.391000e-05	2.677775e-02	-1.568623e+01
4.392000e-05	2.759518e-02	-1.568685e+01
4.393000e-05	2.831508e-02	-1.574588e+01
4.394000e-05	3.638820e-02	-1.571480e+01
4.395000e-05	4.179069e-02	-1.568627e+01
4.396000e-05	4.322118e-02	-1.570427e+01
4.397000e-05	4.344846e-02	-1.571517e+01
4.398000e-05	5.113661e-02	-1.569377e+01
4.399000e-05	6.336278e-02	-1.564162e+01
4.400000e-05	7.679934e-02	-1.561048e+01
4.401000e-05	9.262747e-02	-1.557843e+01
4.402000e-05	1.203335e-01	-1.549670e+01
4.403000e-05	1.684356e-01	-1.546561e+01
4.404000e-05	2.270330e-01	-1.540153e+01
4.405000e-05	2.498000e-01	-1.531831e+01
4.406000e-05	2.500000e-01	-1.529577e+01
4.407000e-05	2.494000e-01	-1.519999e+01
4.408000e-05	2.274885e-01	-1.514630e+01
4.409000e-05	1.553406e-01	-1.504209e+01
4.410000e-05	1.000498e-01	-1.496838e+01
4.411000e-05	6.955557e-02	-1.488374e+01
4.412000e-05	5.308542e-02	-1.478996e+01
4.413000e-05	4.103204e-02	-1.469472e+01
4.414000e-05	2.979825e-02	-1.456948e+01
4.415000e-05	2.270669e-02	-1.447159e+01
4.416000e-05	2.069058e-02	-1.437440e+01
4.417000e-05	1.959498e-02	-1.415953e+01
4.418000e-05	1.497567e-02	-1.406312e+01
4.419000e-05	1.074692e-02	-1.391575e+01
4.420000e-05	9.745381e-03	-1.375848e+01
4.421000e-05	1.184735e-02	-1.363198e+01
4.422000e-05	1.026186e-02	-1.348469e+01
4.423000e-05	6.037534e-03	-1.330577e+01
4.424000e-05	4.852030e-03	-1.315995e+01
4.425000e-05	6.698011e-03	-1.298953e+01
4.426000e-05	7.973932e-03	-1.289156e+01
4.427000e-05	5.252089e-03	-1.269414e+01
4.428000e-05	2.357905e-03	-1.250570e+01
4.429000e-05	3.666698e-03	-1.231677e+01
4.430000e-05	3.431580e-03	-1.212742e+01
4.431000e-05	8.566821e-04	-1.193637e+01
4.432000e-05	4.895413e-04	-1.171733e+01
4.433000e-05	-3.169340e-04	-1.152522e+01
4.434000e-05	4.842605e-03	-1.124476e+01
4.435000e-05	4.142840e-03	-1.106214e+01
4.436000e-05	-1.163182e-03	-1.084211e+01
4.437000e-05	-4.596611e-04	-1.061308e+01
4.438000e-05	-3.004250e-03	-1.045266e+01
4.439000e-05	2.348919e-03	-1.017051e+01
4.440000e-05	-2.185120e-04	-9.988449e+00
4.441000e-05	-9.572525e-04	-9.787904e+00
4.442000e-05	7.542851e-04	-9.536870e+00
4.443000e-05	-2.169642e-03	-9.286290e+00
4.444000e-05	-2.761975e-03	-9.063613e+00
4.445000e-05	-7.388698e-03	-8.902684e+00
4.446000e-05	-3.489514e-03	-8.560004e+00
4.447000e-05	-1.804281e-03	-8.348348e+00
4.448000e-05	8.459265e-05	-8.155290e+00
4.449000e-05	-2.068629e-03	-7.851483e+00
4.450000e-05	-3.663083e-03	-7.506893e+00
4.451000e-05	-3.970329e-03	-7.303714e+00
4.452000e-05	-6.098202e-03	-6.991007e+00
4.453000e-05	-6.110553e-03	-6.737372e+00
4.454000e-05	-6.949215e-03	-6.506266e+00
4.455000e-05	-2.832380e-03	-6.271083e+00
4.456000e-05	-4.662359e-03	-5.918899e+00
4.457000e-05	-2.489343e-03	-5.705217e+00
4.458000e-05	-6.818072e-03	-5.389028e+00
4.459000e-05	-5.041517e-03	-5.073216e+00
4.460000e-05	-6.575479e-03	-4.747277e+00
4.461000e-05	-5.167829e-03	-4.495191e+00
4.462000e-05	-6.886265e-03	-4.273108e+00
4.463000e-05	-7.325953e-03	-3.989971e+00
4.464000e-05	-6.622466e-03	-3.665691e+00
4.465000e-05	-7.297741e-03	-3.440505e+00
4.466000e-05	-6.727522e-03	-3.176369e+00
4.467000e-05	-8.601255e-03	-2.831555e+00
4.468000e-05	-5.477049e-03	-2.546347e+00
4.469000e-05	-6.331551e-03	-2.282609e+00
4.470000e-05	-5.949274e-03	-1.979424e+00
4.471000e-05	-9.589143e-03	-1.724162e+00
4.472000e-05	-8.955907e-03	-1.379472e+00
4.473000e-05	-1.043469e-02	-1.033658e+00
4.474000e-05	-8.417797e-03	-7.698711e-01
4.475000e-05	-8.800083e-03	-4.716106e-01
4.476000e-05	-7.182881e-03	-1.899262e-01
4.477000e-05	1.859951e-05	5.571053e-02
4.478000e-05	7.818776e-03	4.080260e-01
4.479000e-05	-4.839850e-03	6.225813e-01
4.480000e-05	1.348980e-03	8.636343e-01
4.481000e-05	-6.453357e-03	1.190004e+00
4.482000e-05	3.226310e-04	1.442113e+00
4.483000e-05	-5.741941e-03	1.799525e+00
4.484000e-05	1.676679e-02	2.021003e+00
4.485000e-05	6.643974e-02	2.233811e+00
4.486000e-05	6.716047e-02	2.620654e+00
4.487000e-05	-8.677239e-02	2.966875e+00
4.488000e-05	-2.674060e-02	3.230503e+00
4.489000e-05	-4.553284e-02	3.536397e+00
4.490000e-05	-1.758984e-02	3.767424e+00
4.491000e-05	-8.560869e-02	3.958400e+00
4.492000e-05	5.376511e-02	4.243108e+00
4.493000e-05	7.900553e-02	4.536995e+00
4.494000e-05	-1.312972e-01	4.739455e+00
4.495000e-05	1.943346e-01	5.054243e+00
4.496000e-05	-1.401452e-01	5.431609e+00
4.497000e-05	1.874591e-02	5.664238e+00
4.498000e-05	2.822761e-03	6.009078e+00
4.499000e-05	-3.252972e-02	6.222657e+00
4.500000e-05	7.748357e-02	6.504762e+00
4.501000e-05	-8.613099e-02	6.820056e+00
4.502000e-05	4.383631e-02	7.052133e+00
4.503000e-05	-4.821387e-02	7.364820e+00
4.504000e-05	1.914446e-02	7.619583e+00
4.505000e-05	-2.126913e-02	7.904818e+00
4.506000e-05	-2.350628e-02	8.160503e+00
4.507000e-05	5.264259e-02	8.409981e+00
4.508000e-05	-3.655568e-02	8.661583e+00
4.509000e-05	1.560609e-02	8.844166e+00
4.510000e-05	-3.787208e-02	9.123820e+00
4.511000e-05	-2.395003e-02	9.336871e+00
4.512000e-05	2.167114e-02	9.579927e+00
4.513000e-05	-4.551329e-03	9.808532e+00
4.514000e-05	2.672803e-03	1.002563e+01
4.515000e-05	-3.553308e-02	1.027418e+01
4.516000e-05	1.470942e-02	1.046369e+01
4.517000e-05	-2.074608e-02	1.074465e+01
4.518000e-05	-9.469695e-03	1.089677e+01
4.519000e-05	-1.971613e-02	1.110637e+01
4.520000e-05	-4.597281e-03	1.128837e+01
4.521000e-05	9.169060e-03	1.156743e+01
4.522000e-05	-1.525864e-02	1.177790e+01
4.523000e-05	-2.061833e-02	1.193988e+01
4.524000e-05	-2.233523e-02	1.212883e+01
4.525000e-05	1.846448e-03	1.235640e+01
4.526000e-05	-1.387136e-03	1.246587e+01
4.527000e-05	-1.343012e-02	1.271472e+01
4.528000e-05	-2.019566e-02	1.286272e+01
4.529000e-05	-1.341299e-02	1.302011e+01
4.530000e-05	-4.742490e-03	1.317200e+01
4.531000e-05	-1.883526e-02	1.333735e+01
4.532000e-05	-2.244136e-02	1.350374e+01
4.533000e-05	-1.108495e-02	1.361264e+01
4.534000e-05	-2.036545e-03	1.377896e+01
4.535000e-05	-8.107368e-03	1.390782e+01
4.536000e-05	-2.933164e-02	1.408217e+01
4.537000e-05	-2.233547e-02	1.425061e+01
4.538000e-05	-1.614207e-02	1.439840e+01
4.539000e-05	-4.924710e-03	1.446519e+01
4.540000e-05	-2.077031e-02	1.457846e+01
4.541000e-05	-2.284037e-02	1.464482e+01
4.542000e-05	-1.668749e-02	1.481093e+01
4.543000e-05	-1.350329e-02	1.488314e+01
4.544000e-05	-1.918481e-02	1.494690e+01
4.545000e-05	-3.061949e-02	1.505164e+01
4.546000e-05	-2.040541e-02	1.506469e+01
4.547000e-05	-1.617765e-02	1.516896e+01
4.548000e-05	-1.417836e-02	1.522404e+01
4.549000e-05	-3.238089e-02	1.529425e+01
4.550000e-05	-3.162281e-02	1.533895e+01
4.551000e-05	-2.631952e-02	1.541106e+01
4.552000e-05	-1.995805e-02	1.547314e+01
4.553000e-05	-2.661199e-02	1.551472e+01
4.554000e-05	-3.700474e-02	1.553790e+01
4.555000e-05	-2.886584e-02	1.558893e+01
4.556000e-05	-2.816968e-02	1.559048e+01
4.557000e-05	-3.148145e-02	1.562941e+01
4.558000e-05	-4.619379e-02	1.557951e+01
4.559000e-05	-4.237866e-02	1.564011e+01
4.560000e-05	-3.868681e-02	1.560062e+01
4.561000e-05	-3.871644e-02	1.561056e+01
4.562000e-05	-5.260504e-02	1.559861e+01
4.563000e-05	-6.326102e-02	1.561946e+01
4.564000e-05	-6.314880e-02	1.554735e+01
4.565000e-05	-6.986918e-02	1.552583e+01
4.566000e-05	-8.557965e-02	1.545412e+01
4.567000e-05	-1.152856e-01	1.546904e+01
4.568000e-05	-1.443979e-01	1.539949e+01
4.569000e-05	-1.923197e-01	1.531688e+01
4.570000e-05	-2.418152e-01	1.528425e+01
4.571000e-05	-2.500000e-01	1.523202e+01
4.572000e-05	-2.500000e-01	1.518945e+01
4.573000e-05	-2.474348e-01	1.508520e+01
4.574000e-05	-2.034241e-01	1.503064e+01
4.575000e-05	-1.396253e-01	1.494682e+01
4.576000e-05	-1.032855e-01	1.483308e+01
4.577000e-05	-7.223899e-02	1.473588e+01
4.578000e-05	-5.178886e-02	1.466306e+01
4.579000e-05	-4.213689e-02	1.453540e+01
4.580000e-05	-3.943832e-02	1.444314e+01
4.581000e-05	-3.604407e-02	1.430625e+01
4.582000e-05	-2.565627e-02	1.417950e+01
4.583000e-05	-2.393604e-02	1.406164e+01
4.584000e-05	-2.439199e-02	1.391574e+01
4.585000e-05	-2.629970e-02	1.375893e+01
4.586000e-05	-1.816458e-02	1.362258e+01
4.587000e-05	-1.579478e-02	1.348419e+01
4.588000e-05	-1.663939e-02	1.332724e+01
4.589000e-05	-2.067688e-02	1.320743e+01
4.590000e-05	-1.934688e-02	1.300851e+01
4.591000e-05	-1.242240e-02	1.284209e+01
4.592000e-05	-1.350523e-02	1.268369e+01
4.593000e-05	-1.619174e-02	1.252622e+01
4.594000e-05	-1.888311e-02	1.235780e+01
4.595000e-05	-1.137927e-02	1.213733e+01
4.596000e-05	-1.093973e-02	1.196928e+01
4.597000e-05	-1.271476e-02	1.175893e+01
4.598000e-05	-1.728554e-02	1.157835e+01
4.599000e-05	-1.285545e-02	1.133733e+01
4.600000e-05	-9.127410e-03	1.109470e+01
4.601000e-05	-1.105230e-02	1.093630e+01
4.602000e-05	-1.399918e-02	1.074680e+01
4.603000e-05	-1.400184e-02	1.049517e+01
4.604000e-05	-8.327004e-03	1.026417e+01
4.605000e-05	-9.048806e-03	1.006516e+01
4.606000e-05	-1.142976e-02	9.810959e+00
4.607000e-05	-1.387928e-02	9.548857e+00
4.608000e-05	-9.410492e-03	9.368327e+00
4.609000e-05	-7.352475e-03	9.146749e+00
4.610000e-05	-1.010977e-02	8.894695e+00
4.611000e-05	-1.265607e-02	8.662663e+00
4.612000e-05	-1.160671e-02	8.461535e+00
4.613000e-05	-6.847616e-03	8.169778e+00
4.614000e-05	-8.109585e-03	7.905746e+00
4.615000e-05	-1.077141e-02	7.653591e+00
4.616000e-05	-1.108757e-02	7.367898e+00
4.617000e-05	-7.710839e-03	7.126741e+00
4.618000e-05	-6.396555e-03	6.895261e+00
4.619000e-05	-8.926924e-03	6.598979e+00
4.620000e-05	-1.082223e-02	6.297219e+00
4.621000e-05	-9.259144e-03	6.094614e+00
4.622000e-05	-6.519876e-03	5.819882e+00
4.623000e-05	-7.514283e-03	5.524746e+00
4.624000e-05	-1.040909e-02	5.291611e+00
4.625000e-05	-9.179544e-03	4.895242e+00
4.626000e-05	-5.999578e-03	4.617483e+00
4.627000e-05	-5.385426e-03	4.387875e+00
4.628000e-05	-7.723656e-03	4.063162e+00
4.629000e-05	-8.985473e-03	3.778426e+00
4.630000e-05	-6.806350e-03	3.484265e+00
4.631000e-05	-4.885023e-03	3.171502e+00
4.632000e-05	-7.356558e-03	2.914243e+00
4.633000e-05	-8.919831e-03	2.694161e+00
4.634000e-05	-8.209048e-03	2.377317e+00
4.635000e-05	-5.111419e-03	2.084211e+00
4.636000e-05	-5.487407e-03	1.809952e+00
4.637000e-05	-8.295994e-03	1.474288e+00
4.638000e-05	-7.390061e-03	1.209452e+00
4.639000e-05	-4.845883e-03	8.301104e-01
4.640000e-05	-3.477110e-03	5.594250e-01
4.641000e-05	-5.628901e-03	3.032110e-01
4.642000e-05	-5.342320e-03	-1.060258e-02
4.643000e-05	1.965813e-03	-2.737067e-01
4.644000e-05	9.960001e-03	-5.173406e-01
4.645000e-05	-3.646956e-03	-8.230791e-01
4.646000e-05	1.807687e-03	-1.074763e+00
4.647000e-05	-3.573023e-03	-1.441596e+00
4.648000e-05	2.876444e-03	-1.684684e+00
4.649000e-05	1.078690e-02	-1.915362e+00
4.650000e-05	5.951789e-02	-2.137037e+00
4.651000e-05	1.116742e-01	-2.462684e+00
4.652000e-05	-8.580029e-02	-2.905805e+00
4.653000e-05	-3.425657e-03	-3.294758e+00
4.654000e-05	-5.207601e-02	-3.505816e+00
4.655000e-05	-2.127394e-02	-3.706362e+00
4.656000e-05	-1.032841e-01	-3.989499e+00
4.657000e-05	1.938567e-01	-4.126887e+00
4.658000e-05	-1.020120e-01	-4.400475e+00
4.659000e-05	4.105286e-02	-4.727396e+00
4.660000e-05	1.250956e-01	-4.937895e+00
4.661000e-05	-1.919493e-01	-5.349544e+00
4.662000e-05	1.961137e-01	-5.631602e+00
4.663000e-05	-1.829185e-01	-5.833712e+00
4.664000e-05	1.058210e-01	-6.188020e+00
4.665000e-05	4.145961e-02	-6.399101e+00
4.666000e-05	-7.956546e-02	-6.746370e+00
4.667000e-05	1.362637e-01	-6.940024e+00
4.668000e-05	-1.616925e-01	-7.284190e+00
4.669000e-05	1.295324e-01	-7.528345e+00
4.670000e-05	-7.646469e-02	-7.800028e+00
4.671000e-05	4.327032e-02	-8.116267e+00
4.672000e-05	6.420793e-02	-8.326288e+00
4.673000e-05	-9.117157e-02	-8.549574e+00
4.674000e-05	1.353534e-01	-8.845162e+00
4.675000e-05	-1.403828e-01	-9.105267e+00
4.676000e-05	9.513815e-02	-9.306743e+00
4.677000e-05	-6.196331e-02	-9.517344e+00
4.678000e-05	7.291569e-02	-9.759028e+00
4.679000e-05	1.386193e-02	-9.999055e+00
4.680000e-05	-1.849570e-02	-1.027163e+01
4.681000e-05	4.395262e-02	-1.044223e+01
4.682000e-05	-6.417895e-02	-1.069479e+01
4.683000e-05	7.860975e-02	-1.088314e+01
4.684000e-05	-6.253274e-02	-1.110521e+01
4.685000e-05	7.375441e-02	-1.131587e+01
4.686000e-05	-3.683455e-02	-1.152532e+01
4.687000e-05	5.214832e-02	-1.175047e+01
4.688000e-05	-2.241575e-02	-1.196643e+01
4.689000e-05	1.498140e-02	-1.217790e+01
4.690000e-05	7.074113e-04	-1.230937e+01
4.691000e-05	1.715525e-02	-1.252582e+01
4.692000e-05	2.800890e-02	-1.271427e+01
4.693000e-05	-7.742159e-03	-1.287522e+01
4.694000e-05	1.671188e-02	-1.304211e+01
4.695000e-05	-1.117069e-02	-1.318143e+01
4.696000e-05	2.888565e-02	-1.334785e+01
4.697000e-05	-6.092732e-03	-1.347632e+01
4.698000e-05	2.835977e-02	-1.367321e+01
4.699000e-05	3.923670e-03	-1.384216e+01
4.700000e-05	2.869933e-02	-1.398943e+01
4.701000e-05	-7.683636e-04	-1.408422e+01
4.702000e-05	1.005454e-02	-1.427266e+01
4.703000e-05	-1.392685e-03	-1.434732e+01
4.704000e-05	2.143819e-02	-1.446580e+01
4.705000e-05	1.676014e-02	-1.464006e+01
4.706000e-05	1.778909e-02	-1.470637e+01
4.707000e-05	1.048223e-02	-1.480895e+01
4.708000e-05	1.247034e-02	-1.488640e+01
4.709000e-05	1.887490e-02	-1.499155e+01
4.710000e-05	1.190543e-02	-1.504369e+01
4.711000e-05	1.755130e-02	-1.515695e+01
4.712000e-05	1.281853e-02	-1.524009e+01
4.713000e-05	2.479050e-02	-1.531432e+01
4.714000e-05	1.459983e-02	-1.538993e+01
4.715000e-05	1.661167e-02	-1.544263e+01
4.716000e-05	1.152957e-02	-1.549571e+01
4.717000e-05	2.456999e-02	-1.553787e+01
4.718000e-05	2.594839e-02	-1.560000e+01
4.719000e-05	2.560044e-02	-1.563061e+01
4.720000e-05	2.175411e-02	-1.564262e+01
4.721000e-05	2.247639e-02	-1.568472e+01
4.722000e-05	2.681768e-02	-1.569519e+01
4.723000e-05	2.611626e-02	-1.570522e+01
4.724000e-05	2.815931e-02	-1.568675e+01
4.725000e-05	3.238723e-02	-1.572437e+01
4.726000e-05	4.022797e-02	-1.568580e+01
4.727000e-05	4.311828e-02	-1.574583e+01
4.728000e-05	4.279628e-02	-1.568517e+01
4.729000e-05	4.551651e-02	-1.569314e+01
4.730000e-05	5.686924e-02	-1.564211e+01
4.731000e-05	6.990801e-02	-1.561154e+01
4.732000e-05	8.551816e-02	-1.559950e+01
4.733000e-05	1.055893e-01	-1.553882e+01
4.734000e-05	1.442600e-01	-1.548624e+01
4.735000e-05	2.004714e-01	-1.546206e+01
4.736000e-05	2.456909e-01	-1.537845e+01
4.737000e-05	2.500000e-01	-1.532630e+01
4.738000e-05	2.500000e-01	-1.526261e+01
4.739000e-05	2.443346e-01	-1.516795e+01
4.740000e-05	1.905033e-01	-1.506519e+01
4.741000e-05	1.224432e-01	-1.499949e+01
4.742000e-05	8.095221e-02	-1.486570e+01
4.743000e-05	5.916775e-02	-1.482209e+01
4.744000e-05	4.646932e-02	-1.469675e+01
4.745000e-05	3.508978e-02	-1.461051e+01
4.746000e-05	2.540306e-02	-1.447575e+01
4.747000e-05	2.144395e-02	-1.440046e+01
4.748000e-05	1.990062e-02	-1.426316e+01
4.749000e-05	1.676019e-02	-1.411685e+01
4.750000e-05	1.212580e-02	-1.400900e+01
4.751000e-05	1.025815e-02	-1.382204e+01
4.752000e-05	1.103783e-02	-1.372617e+01
4.753000e-05	1.144728e-02	-1.353642e+01
4.754000e-05	7.956254e-03	-1.342946e+01
4.755000e-05	5.246624e-03	-1.323311e+01
4.756000e-05	4.540986e-03	-1.306366e+01
4.757000e-05	6.540598e-03	-1.293588e+01
4.758000e-05	6.243049e-03	-1.272830e+01
4.759000e-05	3.611907e-03	-1.254835e+01
4.760000e-05	2.746690e-03	-1.243958e+01
4.761000e-05	4.306788e-03	-1.222006e+01
4.762000e-05	3.854515e-03	-1.207156e+01
4.763000e-05	9.420387e-04	-1.183419e+01
4.764000e-05	-1.137949e-03	-1.163153e+01
4.765000e-05	1.465858e-03	-1.137993e+01
4.766000e-05	3.135179e-03	-1.114830e+01
4.767000e-05	2.272963e-03	-1.094683e+01
4.768000e-05	7.658928e-04	-1.075692e+01
4.769000e-05	-1.818509e-04	-1.051938e+01
4.770000e-05	6.071142e-04	-1.029674e+01
4.771000e-05	5.822804e-04	-1.010469e+01
4.772000e-05	-1.923479e-03	-9.863635e+00
4.773000e-05	-2.661768e-03	-9.651657e+00
4.774000e-05	-5.918301e-04	-9.390510e+00
4.775000e-05	-9.236416e-04	-9.199921e+00
4.776000e-05	-1.740865e-03	-8.947850e+00
4.777000e-05	-4.481798e-03	-8.735367e+00
4.778000e-05	-3.327707e-03	-8.473637e+00
4.779000e-05	-2.002735e-03	-8.231449e+00
4.780000e-05	-1.170834e-03	-7.987921e+00
4.781000e-05	-4.149033e-03	-7.704713e+00
4.782000e-05	-3.702783e-03	-7.409552e+00
4.783000e-05	-3.878450e-03	-7.126899e+00
4.784000e-05	-3.936378e-03	-6.881142e+00
4.785000e-05	-6.671655e-03	-6.631004e+00
4.786000e-05	-5.132833e-03	-6.337318e+00
4.787000e-05	-5.357928e-03	-6.104237e+00
4.788000e-05	-3.283451e-03	-5.800077e+00
4.789000e-05	-4.225220e-03	-5.565895e+00
4.790000e-05	-6.698138e-03	-5.282633e+00
4.791000e-05	-6.858733e-03	-4.936742e+00
4.792000e-05	-4.646638e-03	-4.610480e+00
4.793000e-05	-5.853617e-03	-4.398895e+00
4.794000e-05	-6.494264e-03	-4.096169e+00
4.795000e-05	-8.451743e-03	-3.813104e+00
4.796000e-05	-6.463080e-03	-3.537370e+00
4.797000e-05	-7.497564e-03	-3.274162e+00
4.798000e-05	-6.145046e-03	-2.956422e+00
4.799000e-05	-9.206081e-03	-2.694637e+00
4.800000e-05	-5.626497e-03	-2.430000e+00
4.801000e-05	-6.310118e-03	-2.075682e+00
4.802000e-05	-5.247867e-03	-1.832028e+00
4.803000e-05	-9.354681e-03	-1.576846e+00
4.804000e-05	-9.540886e-03	-1.180476e+00
4.805000e-05	-8.934526e-03	-9.333631e-01
4.806000e-05	-8.525284e-03	-6.589525e-01
4.807000e-05	-7.253020e-03	-3.638133e-01
4.808000e-05	-5.786368e-03	-7.205671e-02
4.809000e-05	8.355467e-03	2.537317e-01
4.810000e-05	-2.527387e-03	4.962620e-01
4.811000e-05	1.872859e-03	7.884422e-01
4.812000e-05	-5.614228e-03	1.034210e+00
4.813000e-05	-2.687906e-03	1.305316e+00
4.814000e-05	-4.831420e-03	1.652657e+00
4.815000e-05	8.424384e-03	1.915790e+00
4.816000e-05	3.216069e-02	2.127870e+00
4.817000e-05	1.035787e-01	2.431530e+00
4.818000e-05	-4.392136e-02	2.800529e+00
4.819000e-05	-5.247294e-02	3.083762e+00
4.820000e-05	-4.088801e-02	3.380056e+00
4.821000e-05	-1.924907e-02	3.663187e+00
4.822000e-05	-6.691050e-02	3.884237e+00
4.823000e-05	-3.410602e-02	4.065691e+00
4.824000e-05	1.350150e-01	4.391002e+00
4.825000e-05	-9.998739e-02	4.654767e+00
4.826000e-05	6.933836e-02	4.907215e+00
4.827000e-05	5.011256e-02	5.264765e+00
4.828000e-05	-1.293310e-01	5.588427e+00
4.829000e-05	8.677248e-02	5.841709e+00
4.830000e-05	-7.973314e-02	6.136319e+00
4.831000e-05	7.343778e-02	6.346397e+00
4.832000e-05	-2.588589e-02	6.643213e+00
4.833000e-05	-3.367709e-02	6.946844e+00
4.834000e-05	2.567798e-02	7.208553e+00
4.835000e-05	-5.515373e-02	7.503238e+00
4.836000e-05	4.676445e-02	7.768400e+00
4.837000e-05	-7.264236e-02	8.013761e+00
4.838000e-05	5.551613e-02	8.295316e+00
4.839000e-05	-2.071225e-03	8.516845e+00
4.840000e-05	-2.269578e-02	8.736371e+00
4.841000e-05	1.485092e-02	8.989903e+00
4.842000e-05	-7.082316e-02	9.253556e+00
4.843000e-05	3.966206e-02	9.461639e+00
4.844000e-05	-2.485386e-02	9.688219e+00
4.845000e-05	3.193632e-02	9.947873e+00
4.846000e-05	-4.420961e-02	1.015790e+01
4.847000e-05	8.472384e-03	1.039948e+01
4.848000e-05	-8.095586e-03	1.063054e+01
4.849000e-05	-1.956034e-02	1.082148e+01
4.850000e-05	-6.572589e-03	1.101108e+01
4.851000e-05	-2.672908e-02	1.123216e+01
4.852000e-05	2.306037e-02	1.144219e+01
4.853000e-05	-2.037360e-02	1.163372e+01
4.854000e-05	-1.544249e-03	1.189462e+01
4.855000e-05	-3.984518e-02	1.206419e+01
4.856000e-05	5.496618e-03	1.225211e+01
4.857000e-05	-7.567554e-03	1.246161e+01
4.858000e-05	-1.138327e-03	1.259001e+01
4.859000e-05	-2.123561e-02	1.277991e+01
4.860000e-05	-1.886816e-02	1.294638e+01
4.861000e-05	-3.808428e-03	1.311577e+01
4.862000e-05	-1.811275e-02	1.328419e+01
4.863000e-05	-1.440909e-02	1.342956e+01
4.864000e-05	-2.529159e-02	1.359098e+01
4.865000e-05	4.705493e-03	1.373690e+01
4.866000e-05	-1.031978e-02	1.384264e+01
4.867000e-05	-1.517839e-02	1.398162e+01
4.868000e-05	-3.233636e-02	1.416893e+01
4.869000e-05	-1.790168e-02	1.431730e+01
4.870000e-05	-7.998605e-03	1.440804e+01
4.871000e-05	-1.436368e-02	1.455477e+01
4.872000e-05	-2.002025e-02	1.464264e+01
4.873000e-05	-2.308832e-02	1.473835e+01
4.874000e-05	-8.999160e-03	1.486111e+01
4.875000e-05	-2.024399e-02	1.489427e+01
4.876000e-05	-2.330444e-02	1.501043e+01
4.877000e-05	-2.963810e-02	1.505362e+01
4.878000e-05	-1.605986e-02	1.513635e+01
4.879000e-05	-1.440987e-02	1.520111e+01
4.880000e-05	-2.606232e-02	1.529417e+01
4.881000e-05	-3.093372e-02	1.528870e+01
4.882000e-05	-3.221702e-02	1.541946e+01
4.883000e-05	-1.807093e-02	1.542056e+01
4.884000e-05	-2.570686e-02	1.547572e+01
4.885000e-05	-3.025041e-02	1.553428e+01
4.886000e-05	-3.520178e-02	1.556837e+01
4.887000e-05	-2.725479e-02	1.559843e+01
4.888000e-05	-2.990625e-02	1.557998e+01
4.889000e-05	-4.098843e-02	1.559006e+01
4.890000e-05	-4.415595e-02	1.563109e+01
4.891000e-05	-4.186756e-02	1.566216e+01
4.892000e-05	-3.509038e-02	1.563159e+01
4.893000e-05	-4.811496e-02	1.558949e+01
4.894000e-05	-5.665674e-02	1.558893e+01
4.895000e-05	-6.524067e-02	1.557682e+01
4.896000e-05	-6.441691e-02	1.554625e+01
4.897000e-05	-7.884182e-02	1.554514e+01
4.898000e-05	-1.019971e-01	1.547366e+01
4.899000e-05	-1.296219e-01	1.544211e+01
4.900000e-05	-1.675965e-01	1.539848e+01
4.901000e-05	-2.213818e-01	1.531527e+01
4.902000e-05	-2.491792e-01	1.527304e+01
4.903000e-05	-2.500000e-01	1.522056e+01
4.904000e-05	-2.500000e-01	1.513733e+01
4.905000e-05	-2.321326e-01	1.505417e+01
4.906000e-05	-1.678473e-01	1.502993e+01
4.907000e-05	-1.180398e-01	1.491472e+01
4.908000e-05	-8.567436e-02	1.477950e+01
4.909000e-05	-5.998227e-02	1.467522e+01
4.910000e-05	-4.488684e-02	1.458141e+01
4.911000e-05	-4.214836e-02	1.447412e+01
4.912000e-05	-3.821793e-02	1.440790e+01
4.913000e-05	-2.894050e-02	1.429311e+01
4.914000e-05	-2.373422e-02	1.412732e+01
4.915000e-05	-2.320509e-02	1.396795e+01
4.916000e-05	-2.755558e-02	1.380306e+01
4.917000e-05	-2.205381e-02	1.372372e+01
4.918000e-05	-1.832148e-02	1.355933e+01
4.919000e-05	-1.399078e-02	1.341043e+01
4.920000e-05	-2.136089e-02	1.326117e+01
4.921000e-05	-1.958680e-02	1.307467e+01
4.922000e-05	-1.606625e-02	1.291623e+01
4.923000e-05	-1.119153e-02	1.276895e+01
4.924000e-05	-1.570508e-02	1.258896e+01
4.925000e-05	-1.802657e-02	1.242158e+01
4.926000e-05	-1.494081e-02	1.223361e+01
4.927000e-05	-1.156908e-02	1.207214e+01
4.928000e-05	-1.099204e-02	1.185262e+01
4.929000e-05	-1.699486e-02	1.165366e+01
4.930000e-05	-1.432941e-02	1.140202e+01
4.931000e-05	-1.148366e-02	1.123206e+01
4.932000e-05	-8.038418e-03	1.100053e+01
4.933000e-05	-1.262492e-02	1.085056e+01
4.934000e-05	-1.433435e-02	1.064048e+01
4.935000e-05	-1.148579e-02	1.042045e+01
4.936000e-05	-9.081142e-03	1.016933e+01
4.937000e-05	-1.082394e-02	9.927897e+00
4.938000e-05	-1.391433e-02	9.694746e+00
4.939000e-05	-1.138775e-02	9.443638e+00
4.940000e-05	-8.161756e-03	9.261711e+00
4.941000e-05	-7.602880e-03	9.009955e+00
4.942000e-05	-1.182110e-02	8.758826e+00
4.943000e-05	-1.201899e-02	8.546770e+00
4.944000e-05	-9.346103e-03	8.295240e+00
4.945000e-05	-7.649556e-03	8.081034e+00
4.946000e-05	-9.553936e-03	7.780025e+00
4.947000e-05	-1.216718e-02	7.535720e+00
4.948000e-05	-9.805725e-03	7.242631e+00
4.949000e-05	-7.238985e-03	6.968449e+00
4.950000e-05	-6.971772e-03	6.755342e+00
4.951000e-05	-1.068792e-02	6.482159e+00
4.952000e-05	-1.020419e-02	6.198929e+00
4.953000e-05	-7.156570e-03	5.937896e+00
4.954000e-05	-6.848568e-03	5.664110e+00
4.955000e-05	-8.632328e-03	5.367429e+00
4.956000e-05	-1.068050e-02	5.062108e+00
4.957000e-05	-8.228483e-03	4.705745e+00
4.958000e-05	-5.862599e-03	4.474163e+00
4.959000e-05	-7.332203e-03	4.210504e+00
4.960000e-05	-9.267382e-03	3.904267e+00
4.961000e-05	-7.842202e-03	3.631582e+00
4.962000e-05	-4.909285e-03	3.356823e+00
4.963000e-05	-5.111469e-03	3.072684e+00
4.964000e-05	-7.499438e-03	2.809479e+00
4.965000e-05	-8.778561e-03	2.483244e+00
4.966000e-05	-6.959146e-03	2.189375e+00
4.967000e-05	-5.513985e-03	1.955868e+00
4.968000e-05	-6.629998e-03	1.641530e+00
4.969000e-05	-8.444328e-03	1.337243e+00
4.970000e-05	-5.938310e-03	1.028551e+00
4.971000e-05	-3.726695e-03	7.257370e-01
4.972000e-05	-3.962585e-03	4.325276e-01
4.973000e-05	-5.623086e-03	1.172946e-01
4.974000e-05	-3.240947e-03	-1.869397e-01
4.975000e-05	1.236344e-02	-4.010012e-01
4.976000e-05	-1.471092e-03	-6.962671e-01
4.977000e-05	4.688208e-03	-9.794473e-01
4.978000e-05	-5.764309e-03	-1.241657e+00
4.979000e-05	3.570485e-03	-1.587972e+00
4.980000e-05	6.331322e-04	-1.799026e+00
4.981000e-05	3.177818e-02	-2.021049e+00
4.982000e-05	1.169316e-01	-2.325767e+00
4.983000e-05	-7.415933e-03	-2.675761e+00
4.984000e-05	-5.425606e-02	-3.076291e+00
4.985000e-05	-1.892732e-02	-3.410654e+00
4.986000e-05	-3.357991e-02	-3.630553e+00
4.987000e-05	-7.739893e-02	-3.873711e+00
4.988000e-05	4.131512e-02	-4.033604e+00
4.989000e-05	1.292687e-01	-4.233685e+00
4.990000e-05	-1.841066e-01	-4.579099e+00
4.991000e-05	2.276112e-01	-4.854683e+00
4.992000e-05	-1.491565e-01	-5.149345e+00
4.993000e-05	5.877544e-02	-5.558845e+00
4.994000e-05	2.122287e-02	-5.725821e+00
4.995000e-05	-1.263908e-01	-6.043660e+00
4.996000e-05	2.060588e-01	-6.254211e+00
4.997000e-05	-1.467153e-01	-6.600422e+00
4.998000e-05	1.198841e-01	-6.864708e+00
4.999000e-05	-6.024477e-02	-7.126366e+00
