# 260528_14:57:19.135773
t	CH1	CH2
0.000000e+00	-4.520654e-03	4.735593e-01
1.000000e-08	-6.073544e-03	1.657489e-01
2.000000e-08	-3.182367e-03	-7.598921e-02
3.000000e-08	1.006192e-02	-3.895971e-01
4.000000e-08	1.729328e-03	-5.942512e-01
5.000000e-08	3.074260e-03	-8.984905e-01
6.000000e-08	-2.464546e-03	-1.140750e+00
7.000000e-08	1.430553e-03	-1.507890e+00
8.000000e-08	1.364003e-03	-1.707565e+00
9.000000e-08	2.331085e-02	-1.930623e+00
1.000000e-07	9.501317e-02	-2.204855e+00
1.100000e-07	4.175341e-02	-2.592301e+00
1.200000e-07	-7.237089e-02	-2.985351e+00
1.300000e-07	-5.979988e-03	-3.329045e+00
1.400000e-07	-4.236924e-02	-3.539492e+00
1.500000e-07	-4.702103e-02	-3.799725e+00
1.600000e-07	-3.695824e-02	-4.001176e+00
1.700000e-07	1.820399e-01	-4.170624e+00
1.800000e-07	-1.718743e-01	-4.465117e+00
1.900000e-07	1.595217e-01	-4.750177e+00
2.000000e-07	-1.782141e-02	-5.044859e+00
2.100000e-07	-7.094707e-02	-5.443812e+00
2.200000e-07	1.247283e-01	-5.673314e+00
2.300000e-07	-1.736049e-01	-5.940144e+00
2.400000e-07	1.849272e-01	-6.232203e+00
2.500000e-07	-7.119654e-02	-6.465989e+00
2.600000e-07	2.988086e-02	-6.789223e+00
2.700000e-07	4.542928e-02	-7.072832e+00
2.800000e-07	-1.032809e-01	-7.349096e+00
2.900000e-07	1.295423e-01	-7.580272e+00
3.000000e-07	-1.163062e-01	-7.864983e+00
3.100000e-07	1.229675e-01	-8.148522e+00
3.200000e-07	-3.430220e-02	-8.359794e+00
3.300000e-07	6.814979e-03	-8.633459e+00
3.400000e-07	5.903897e-02	-8.874489e+00
3.500000e-07	-9.768215e-02	-9.118594e+00
3.600000e-07	9.895548e-02	-9.345595e+00
3.700000e-07	-7.359500e-02	-9.549201e+00
3.800000e-07	1.145578e-01	-9.789659e+00
3.900000e-07	-4.969393e-02	-1.001081e+01
4.000000e-07	4.480479e-02	-1.024532e+01
4.100000e-07	-1.468070e-02	-1.045444e+01
4.200000e-07	-2.822310e-03	-1.069747e+01
4.300000e-07	3.762945e-02	-1.088489e+01
4.400000e-07	-2.907648e-02	-1.110707e+01
4.500000e-07	6.310863e-02	-1.127794e+01
4.600000e-07	-3.167272e-02	-1.154012e+01
4.700000e-07	5.816494e-02	-1.175008e+01
4.800000e-07	-3.591754e-02	-1.196917e+01
4.900000e-07	3.797520e-02	-1.217007e+01
5.000000e-07	-9.854897e-03	-1.232802e+01
5.100000e-07	4.005714e-02	-1.251747e+01
5.200000e-07	6.632984e-03	-1.268397e+01
5.300000e-07	9.901406e-03	-1.285534e+01
5.400000e-07	7.125078e-03	-1.305168e+01
5.500000e-07	8.098891e-03	-1.318923e+01
5.600000e-07	2.239648e-02	-1.333952e+01
5.700000e-07	5.735285e-03	-1.349549e+01
5.800000e-07	2.931076e-02	-1.363186e+01
5.900000e-07	1.035796e-02	-1.381118e+01
6.000000e-07	2.679947e-02	-1.390850e+01
6.100000e-07	-1.347678e-03	-1.406289e+01
6.200000e-07	1.410230e-02	-1.421223e+01
6.300000e-07	6.472025e-03	-1.430602e+01
6.400000e-07	2.941466e-02	-1.443381e+01
6.500000e-07	1.771958e-02	-1.453858e+01
6.600000e-07	2.320571e-02	-1.467526e+01
6.700000e-07	1.204482e-02	-1.474912e+01
6.800000e-07	2.120615e-02	-1.484341e+01
6.900000e-07	1.801882e-02	-1.493900e+01
7.000000e-07	1.791144e-02	-1.505281e+01
7.100000e-07	1.953166e-02	-1.510442e+01
7.200000e-07	2.283197e-02	-1.516755e+01
7.300000e-07	2.705597e-02	-1.522178e+01
7.400000e-07	1.851042e-02	-1.529587e+01
7.500000e-07	2.045662e-02	-1.535802e+01
7.600000e-07	2.025065e-02	-1.543066e+01
7.700000e-07	3.238951e-02	-1.546574e+01
7.800000e-07	2.936440e-02	-1.549592e+01
7.900000e-07	2.952423e-02	-1.552592e+01
8.000000e-07	2.661829e-02	-1.558953e+01
8.100000e-07	3.123396e-02	-1.559116e+01
8.200000e-07	3.177891e-02	-1.562963e+01
8.300000e-07	3.275832e-02	-1.562164e+01
8.400000e-07	3.584338e-02	-1.563215e+01
8.500000e-07	4.324853e-02	-1.561213e+01
8.600000e-07	5.054200e-02	-1.559068e+01
8.700000e-07	5.168877e-02	-1.561015e+01
8.800000e-07	5.280693e-02	-1.556958e+01
8.900000e-07	6.068407e-02	-1.553856e+01
9.000000e-07	7.342685e-02	-1.556842e+01
9.100000e-07	9.041532e-02	-1.551490e+01
9.200000e-07	1.118893e-01	-1.547569e+01
9.300000e-07	1.516208e-01	-1.541158e+01
9.400000e-07	2.137579e-01	-1.538953e+01
9.500000e-07	2.485999e-01	-1.532530e+01
9.600000e-07	2.500000e-01	-1.526382e+01
9.700000e-07	2.500000e-01	-1.515703e+01
9.800000e-07	2.499898e-01	-1.508584e+01
9.900000e-07	2.238539e-01	-1.505316e+01
1.000000e-06	1.507361e-01	-1.495790e+01
1.010000e-06	9.853627e-02	-1.488479e+01
1.020000e-06	6.938479e-02	-1.478148e+01
1.030000e-06	5.317816e-02	-1.470627e+01
1.040000e-06	4.188324e-02	-1.457155e+01
1.050000e-06	3.257642e-02	-1.448466e+01
1.060000e-06	2.618770e-02	-1.434688e+01
1.070000e-06	2.390222e-02	-1.425261e+01
1.080000e-06	2.169596e-02	-1.408479e+01
1.090000e-06	1.858027e-02	-1.397743e+01
1.100000e-06	1.487584e-02	-1.382061e+01
1.110000e-06	1.399676e-02	-1.374474e+01
1.120000e-06	1.542809e-02	-1.352180e+01
1.130000e-06	1.385265e-02	-1.336948e+01
1.140000e-06	1.174148e-02	-1.325206e+01
1.150000e-06	9.567416e-03	-1.307317e+01
1.160000e-06	1.190103e-02	-1.293790e+01
1.170000e-06	1.161283e-02	-1.278788e+01
1.180000e-06	1.016532e-02	-1.259843e+01
1.190000e-06	6.928700e-03	-1.243101e+01
1.200000e-06	7.258891e-03	-1.225259e+01
1.210000e-06	7.160406e-03	-1.211156e+01
1.220000e-06	5.297947e-03	-1.187314e+01
1.230000e-06	4.548622e-03	-1.163254e+01
1.240000e-06	4.646681e-03	-1.143040e+01
1.250000e-06	6.339401e-03	-1.117745e+01
1.260000e-06	5.523621e-03	-1.095886e+01
1.270000e-06	4.013350e-03	-1.077985e+01
1.280000e-06	2.216786e-03	-1.061893e+01
1.290000e-06	2.922362e-03	-1.037433e+01
1.300000e-06	3.341666e-03	-1.011778e+01
1.310000e-06	1.967398e-03	-9.916188e+00
1.320000e-06	1.440230e-03	-9.694142e+00
1.330000e-06	1.340030e-04	-9.452536e+00
1.340000e-06	2.334494e-03	-9.240060e+00
1.350000e-06	1.186286e-03	-9.010477e+00
1.360000e-06	7.577302e-04	-8.797877e+00
1.370000e-06	-8.560753e-04	-8.498219e+00
1.380000e-06	7.047712e-04	-8.264138e+00
1.390000e-06	-3.257585e-04	-8.052983e+00
1.400000e-06	-1.330130e-03	-7.766776e+00
1.410000e-06	-4.417503e-03	-7.484092e+00
1.420000e-06	-2.626004e-03	-7.219906e+00
1.430000e-06	-1.572967e-03	-6.966749e+00
1.440000e-06	-1.993117e-03	-6.703594e+00
1.450000e-06	-4.400055e-03	-6.441558e+00
1.460000e-06	-3.061586e-03	-6.167299e+00
1.470000e-06	-2.829457e-03	-5.904111e+00
1.480000e-06	-2.588972e-03	-5.630532e+00
1.490000e-06	-4.673769e-03	-5.295697e+00
1.500000e-06	-5.393752e-03	-5.050908e+00
1.510000e-06	-5.384618e-03	-4.695520e+00
1.520000e-06	-4.052475e-03	-4.453033e+00
1.530000e-06	-6.713673e-03	-4.240927e+00
1.540000e-06	-6.370312e-03	-3.937746e+00
1.550000e-06	-7.033993e-03	-3.651858e+00
1.560000e-06	-4.941440e-03	-3.377798e+00
1.570000e-06	-7.048446e-03	-3.074987e+00
1.580000e-06	-6.302691e-03	-2.798803e+00
1.590000e-06	-7.636235e-03	-2.515167e+00
1.600000e-06	-4.695194e-03	-2.229823e+00
1.610000e-06	-7.483054e-03	-1.955693e+00
1.620000e-06	-8.081709e-03	-1.702536e+00
1.630000e-06	-1.057810e-02	-1.355594e+00
1.640000e-06	-9.428255e-03	-1.010881e+00
1.650000e-06	-8.826797e-03	-7.871174e-01
1.660000e-06	-8.119124e-03	-4.594366e-01
1.670000e-06	-6.350235e-03	-1.756974e-01
1.680000e-06	-7.659247e-04	1.039103e-01
1.690000e-06	7.570902e-03	4.412238e-01
1.700000e-06	-5.731031e-03	6.838565e-01
1.710000e-06	5.318025e-04	8.755130e-01
1.720000e-06	-8.515604e-03	1.212206e+00
1.730000e-06	-1.410827e-03	1.466511e+00
1.740000e-06	-5.399842e-03	1.771674e+00
1.750000e-06	1.421791e-02	2.042249e+00
1.760000e-06	5.657034e-02	2.255886e+00
1.770000e-06	7.850354e-02	2.612375e+00
1.780000e-06	-7.806092e-02	2.929642e+00
1.790000e-06	-3.476148e-02	3.221851e+00
1.800000e-06	-4.457365e-02	3.530115e+00
1.810000e-06	-1.942487e-02	3.788671e+00
1.820000e-06	-8.010234e-02	3.950150e+00
1.830000e-06	1.583176e-02	4.235278e+00
1.840000e-06	1.066438e-01	4.589092e+00
1.850000e-06	-1.267836e-01	4.800102e+00
1.860000e-06	1.491946e-01	5.045436e+00
1.870000e-06	-6.722602e-02	5.412748e+00
1.880000e-06	-4.600201e-02	5.665439e+00
1.890000e-06	4.470839e-02	5.989652e+00
1.900000e-06	-5.804830e-02	6.222780e+00
1.910000e-06	7.769000e-02	6.475511e+00
1.920000e-06	-7.275475e-02	6.759697e+00
1.930000e-06	1.411729e-02	7.041234e+00
1.940000e-06	-1.737543e-02	7.357070e+00
1.950000e-06	-1.476717e-02	7.621204e+00
1.960000e-06	8.308945e-03	7.885437e+00
1.970000e-06	-4.887347e-02	8.180099e+00
1.980000e-06	5.819204e-02	8.402175e+00
1.990000e-06	-2.648739e-02	8.621658e+00
2.000000e-06	-3.716101e-03	8.842406e+00
2.010000e-06	-2.047589e-02	9.097488e+00
2.020000e-06	-4.586229e-02	9.286566e+00
2.030000e-06	3.128538e-02	9.560150e+00
2.040000e-06	-1.807019e-02	9.820655e+00
2.050000e-06	1.320280e-02	1.004378e+01
2.060000e-06	-4.172210e-02	1.025281e+01
2.070000e-06	1.398379e-02	1.045593e+01
2.080000e-06	-1.747793e-02	1.065436e+01
2.090000e-06	-1.923452e-02	1.085589e+01
2.100000e-06	-1.668028e-02	1.108492e+01
2.110000e-06	-1.790174e-02	1.130649e+01
2.120000e-06	1.535435e-02	1.154644e+01
2.130000e-06	-2.385231e-02	1.176700e+01
2.140000e-06	-1.503113e-02	1.187856e+01
2.150000e-06	-3.237001e-02	1.210850e+01
2.160000e-06	4.307353e-03	1.231797e+01
2.170000e-06	-6.590598e-03	1.246591e+01
2.180000e-06	-1.305242e-02	1.263231e+01
2.190000e-06	-2.400838e-02	1.281281e+01
2.200000e-06	-1.868547e-02	1.302060e+01
2.210000e-06	-6.107063e-03	1.316920e+01
2.220000e-06	-2.441891e-02	1.330544e+01
2.230000e-06	-2.290218e-02	1.344431e+01
2.240000e-06	-2.012807e-02	1.362070e+01
2.250000e-06	-8.805683e-04	1.376959e+01
2.260000e-06	-1.338385e-02	1.392387e+01
2.270000e-06	-2.789800e-02	1.405381e+01
2.280000e-06	-2.985035e-02	1.418020e+01
2.290000e-06	-1.903872e-02	1.432746e+01
2.300000e-06	-9.749883e-03	1.443163e+01
2.310000e-06	-2.448054e-02	1.452845e+01
2.320000e-06	-2.670685e-02	1.467531e+01
2.330000e-06	-2.295954e-02	1.474790e+01
2.340000e-06	-1.379912e-02	1.482221e+01
2.350000e-06	-2.399626e-02	1.490639e+01
2.360000e-06	-3.256477e-02	1.499013e+01
2.370000e-06	-2.755717e-02	1.507379e+01
2.380000e-06	-1.982280e-02	1.509797e+01
2.390000e-06	-1.903159e-02	1.521166e+01
2.400000e-06	-3.597459e-02	1.527429e+01
2.410000e-06	-3.817450e-02	1.535839e+01
2.420000e-06	-3.143414e-02	1.537918e+01
2.430000e-06	-2.331811e-02	1.538211e+01
2.440000e-06	-3.192645e-02	1.549379e+01
2.450000e-06	-3.982918e-02	1.548434e+01
2.460000e-06	-3.574545e-02	1.553534e+01
2.470000e-06	-3.299993e-02	1.556584e+01
2.480000e-06	-3.702543e-02	1.553047e+01
2.490000e-06	-5.138118e-02	1.557800e+01
2.500000e-06	-4.978043e-02	1.555850e+01
2.510000e-06	-4.566808e-02	1.555903e+01
2.520000e-06	-4.492513e-02	1.554855e+01
2.530000e-06	-6.101937e-02	1.558048e+01
2.540000e-06	-7.088151e-02	1.556692e+01
2.550000e-06	-7.387055e-02	1.551584e+01
2.560000e-06	-8.041458e-02	1.550471e+01
2.570000e-06	-1.009524e-01	1.548364e+01
2.580000e-06	-1.378831e-01	1.545163e+01
2.590000e-06	-1.803771e-01	1.538950e+01
2.600000e-06	-2.339579e-01	1.530782e+01
2.610000e-06	-2.500000e-01	1.524176e+01
2.620000e-06	-2.500000e-01	1.519953e+01
2.630000e-06	-2.500000e-01	1.514748e+01
2.640000e-06	-2.471770e-01	1.508328e+01
2.650000e-06	-2.001836e-01	1.499951e+01
2.660000e-06	-1.348930e-01	1.489632e+01
2.670000e-06	-1.004816e-01	1.480908e+01
2.680000e-06	-7.250742e-02	1.469585e+01
2.690000e-06	-5.258976e-02	1.464161e+01
2.700000e-06	-4.216172e-02	1.451437e+01
2.710000e-06	-4.381334e-02	1.441203e+01
2.720000e-06	-3.849145e-02	1.432421e+01
2.730000e-06	-2.973684e-02	1.414848e+01
2.740000e-06	-2.414438e-02	1.405254e+01
2.750000e-06	-2.858744e-02	1.386421e+01
2.760000e-06	-3.045865e-02	1.374682e+01
2.770000e-06	-2.485054e-02	1.360050e+01
2.780000e-06	-1.973094e-02	1.346261e+01
2.790000e-06	-2.104586e-02	1.328524e+01
2.800000e-06	-2.555685e-02	1.316587e+01
2.810000e-06	-2.298462e-02	1.300140e+01
2.820000e-06	-1.815369e-02	1.281046e+01
2.830000e-06	-1.748833e-02	1.266313e+01
2.840000e-06	-2.200423e-02	1.252524e+01
2.850000e-06	-2.263465e-02	1.233372e+01
2.860000e-06	-1.753689e-02	1.217882e+01
2.870000e-06	-1.410825e-02	1.195775e+01
2.880000e-06	-1.694565e-02	1.177930e+01
2.890000e-06	-2.096478e-02	1.152577e+01
2.900000e-06	-1.851329e-02	1.138627e+01
2.910000e-06	-1.357883e-02	1.112564e+01
2.920000e-06	-1.327257e-02	1.092667e+01
2.930000e-06	-1.757455e-02	1.073429e+01
2.940000e-06	-1.784010e-02	1.049467e+01
2.950000e-06	-1.241800e-02	1.027206e+01
2.960000e-06	-1.158267e-02	1.006309e+01
2.970000e-06	-1.350167e-02	9.849933e+00
2.980000e-06	-1.693154e-02	9.599803e+00
2.990000e-06	-1.341491e-02	9.367346e+00
3.000000e-06	-1.015951e-02	9.156151e+00
3.010000e-06	-1.139691e-02	8.894663e+00
3.020000e-06	-1.457362e-02	8.632008e+00
3.030000e-06	-1.421343e-02	8.461482e+00
3.040000e-06	-9.567463e-03	8.198872e+00
3.050000e-06	-9.823374e-03	7.934646e+00
3.060000e-06	-1.160686e-02	7.673540e+00
3.070000e-06	-1.326384e-02	7.338829e+00
3.080000e-06	-9.809120e-03	7.134595e+00
3.090000e-06	-8.874143e-03	6.903086e+00
3.100000e-06	-1.060816e-02	6.601823e+00
3.110000e-06	-1.259127e-02	6.346218e+00
3.120000e-06	-1.144588e-02	6.114137e+00
3.130000e-06	-8.061814e-03	5.819931e+00
3.140000e-06	-8.601214e-03	5.565120e+00
3.150000e-06	-1.110425e-02	5.270485e+00
3.160000e-06	-1.117565e-02	4.903991e+00
3.170000e-06	-7.597316e-03	4.630406e+00
3.180000e-06	-6.459719e-03	4.376770e+00
3.190000e-06	-8.012566e-03	4.091540e+00
3.200000e-06	-1.062429e-02	3.788825e+00
3.210000e-06	-8.108001e-03	3.575116e+00
3.220000e-06	-5.865013e-03	3.219431e+00
3.230000e-06	-7.764892e-03	2.956194e+00
3.240000e-06	-1.001961e-02	2.684488e+00
3.250000e-06	-8.879580e-03	2.407725e+00
3.260000e-06	-5.872441e-03	2.103587e+00
3.270000e-06	-5.463734e-03	1.851359e+00
3.280000e-06	-6.694395e-03	1.536089e+00
3.290000e-06	-7.832546e-03	1.219353e+00
3.300000e-06	-5.348226e-03	8.624860e-01
3.310000e-06	-3.474788e-03	5.988040e-01
3.320000e-06	-4.853153e-03	3.766686e-01
3.330000e-06	-5.480554e-03	2.982638e-02
3.340000e-06	8.844186e-04	-2.518062e-01
3.350000e-06	9.852272e-03	-4.879407e-01
3.360000e-06	-2.134980e-03	-8.002248e-01
3.370000e-06	3.526798e-03	-1.044806e+00
3.380000e-06	-3.464401e-03	-1.350741e+00
3.390000e-06	3.091981e-03	-1.643184e+00
3.400000e-06	8.433349e-03	-1.854780e+00
3.410000e-06	5.207732e-02	-2.083963e+00
3.420000e-06	1.138673e-01	-2.423754e+00
3.430000e-06	-6.401418e-02	-2.802401e+00
3.440000e-06	-1.740101e-02	-3.233304e+00
3.450000e-06	-4.046807e-02	-3.453782e+00
3.460000e-06	-2.124938e-02	-3.683858e+00
3.470000e-06	-9.589188e-02	-3.887991e+00
3.480000e-06	1.351408e-01	-4.074784e+00
3.490000e-06	-9.270429e-04	-4.298589e+00
3.500000e-06	-5.806252e-02	-4.685932e+00
3.510000e-06	1.782749e-01	-4.884988e+00
3.520000e-06	-1.863225e-01	-5.233908e+00
3.530000e-06	1.478473e-01	-5.560995e+00
3.540000e-06	-9.805011e-02	-5.790680e+00
3.550000e-06	7.207388e-03	-6.114914e+00
3.560000e-06	1.170113e-01	-6.268120e+00
3.570000e-06	-1.193882e-01	-6.654360e+00
3.580000e-06	1.427769e-01	-6.905044e+00
3.590000e-06	-1.231838e-01	-7.162301e+00
3.600000e-06	7.001001e-02	-7.454388e+00
3.610000e-06	-3.971919e-03	-7.728092e+00
3.620000e-06	-2.739547e-02	-8.044826e+00
3.630000e-06	1.171991e-01	-8.232260e+00
3.640000e-06	-1.065851e-01	-8.496010e+00
3.650000e-06	1.234047e-01	-8.769596e+00
3.660000e-06	-9.607022e-02	-9.000179e+00
3.670000e-06	4.289561e-02	-9.205356e+00
3.680000e-06	-1.851533e-03	-9.433885e+00
3.690000e-06	1.347044e-02	-9.686988e+00
3.700000e-06	6.826375e-02	-9.897043e+00
3.710000e-06	-5.434998e-02	-1.014060e+01
3.720000e-06	7.357873e-02	-1.039015e+01
3.730000e-06	-7.254095e-02	-1.060128e+01
3.740000e-06	7.435178e-02	-1.079021e+01
3.750000e-06	-4.333905e-02	-1.099023e+01
3.760000e-06	5.337690e-02	-1.121331e+01
3.770000e-06	-5.202371e-03	-1.143041e+01
3.780000e-06	2.449056e-02	-1.166438e+01
3.790000e-06	9.739205e-03	-1.186294e+01
3.800000e-06	-8.444252e-03	-1.207396e+01
3.810000e-06	2.694633e-02	-1.227281e+01
3.820000e-06	5.490268e-04	-1.245383e+01
3.830000e-06	4.493672e-02	-1.259073e+01
3.840000e-06	-1.139373e-02	-1.277175e+01
3.850000e-06	2.531118e-02	-1.293803e+01
3.860000e-06	-1.040905e-02	-1.305597e+01
3.870000e-06	2.935570e-02	-1.326339e+01
3.880000e-06	9.405169e-04	-1.339223e+01
3.890000e-06	2.853590e-02	-1.355055e+01
3.900000e-06	1.366866e-02	-1.373752e+01
3.910000e-06	2.599093e-02	-1.384483e+01
3.920000e-06	8.161987e-03	-1.395925e+01
3.930000e-06	8.032980e-03	-1.413798e+01
3.940000e-06	7.590611e-03	-1.422326e+01
3.950000e-06	1.927220e-02	-1.437008e+01
3.960000e-06	2.389122e-02	-1.451592e+01
3.970000e-06	2.002487e-02	-1.461276e+01
3.980000e-06	2.057371e-02	-1.467787e+01
3.990000e-06	1.287875e-02	-1.479179e+01
4.000000e-06	2.329982e-02	-1.488642e+01
4.010000e-06	1.277848e-02	-1.499113e+01
4.020000e-06	2.278975e-02	-1.501334e+01
4.030000e-06	1.723234e-02	-1.512495e+01
4.040000e-06	2.892823e-02	-1.523160e+01
4.050000e-06	1.908729e-02	-1.527441e+01
4.060000e-06	2.159856e-02	-1.530898e+01
4.070000e-06	1.748380e-02	-1.541013e+01
4.080000e-06	2.686444e-02	-1.547219e+01
4.090000e-06	3.010669e-02	-1.549729e+01
4.100000e-06	2.941323e-02	-1.552632e+01
4.110000e-06	2.921932e-02	-1.553797e+01
4.120000e-06	2.830762e-02	-1.556755e+01
4.130000e-06	3.341599e-02	-1.563266e+01
4.140000e-06	3.098811e-02	-1.559923e+01
4.150000e-06	3.461640e-02	-1.561276e+01
4.160000e-06	3.791623e-02	-1.560129e+01
4.170000e-06	4.632936e-02	-1.564224e+01
4.180000e-06	5.001320e-02	-1.557821e+01
4.190000e-06	5.160576e-02	-1.563058e+01
4.200000e-06	5.592841e-02	-1.556860e+01
4.210000e-06	6.723901e-02	-1.554805e+01
4.220000e-06	8.229229e-02	-1.556590e+01
4.230000e-06	1.003367e-01	-1.546429e+01
4.240000e-06	1.295806e-01	-1.548421e+01
4.250000e-06	1.817758e-01	-1.540048e+01
4.260000e-06	2.396933e-01	-1.533645e+01
4.270000e-06	2.500000e-01	-1.532469e+01
4.280000e-06	2.500000e-01	-1.526156e+01
4.290000e-06	2.500000e-01	-1.519693e+01
4.300000e-06	2.432591e-01	-1.508369e+01
4.310000e-06	1.862211e-01	-1.504006e+01
4.320000e-06	1.199629e-01	-1.491481e+01
4.330000e-06	8.034560e-02	-1.484059e+01
4.340000e-06	5.998391e-02	-1.476695e+01
4.350000e-06	4.638000e-02	-1.466259e+01
4.360000e-06	3.709404e-02	-1.454537e+01
4.370000e-06	2.852291e-02	-1.442956e+01
4.380000e-06	2.514879e-02	-1.425432e+01
4.390000e-06	2.282476e-02	-1.415898e+01
4.400000e-06	2.019832e-02	-1.403366e+01
4.410000e-06	1.557301e-02	-1.390270e+01
4.420000e-06	1.523575e-02	-1.375890e+01
4.430000e-06	1.566385e-02	-1.362850e+01
4.440000e-06	1.621112e-02	-1.343214e+01
4.450000e-06	1.228791e-02	-1.332679e+01
4.460000e-06	1.006975e-02	-1.317693e+01
4.470000e-06	1.067000e-02	-1.297943e+01
4.480000e-06	1.153831e-02	-1.289209e+01
4.490000e-06	1.088821e-02	-1.268316e+01
4.500000e-06	8.196093e-03	-1.251575e+01
4.510000e-06	8.389150e-03	-1.237630e+01
4.520000e-06	8.509698e-03	-1.217782e+01
4.530000e-06	7.369920e-03	-1.197680e+01
4.540000e-06	4.597159e-03	-1.173735e+01
4.550000e-06	3.652007e-03	-1.151670e+01
4.560000e-06	5.226942e-03	-1.132219e+01
4.570000e-06	6.263376e-03	-1.108204e+01
4.580000e-06	5.295198e-03	-1.087302e+01
4.590000e-06	3.080598e-03	-1.068211e+01
4.600000e-06	2.728564e-03	-1.049459e+01
4.610000e-06	3.568333e-03	-1.022156e+01
4.620000e-06	2.775955e-03	-1.004098e+01
4.630000e-06	1.251132e-03	-9.808426e+00
4.640000e-06	6.854434e-04	-9.598428e+00
4.650000e-06	1.326468e-03	-9.336695e+00
4.660000e-06	1.216803e-03	-9.114674e+00
4.670000e-06	-5.456979e-04	-8.874191e+00
4.680000e-06	-1.718612e-03	-8.671535e+00
4.690000e-06	5.708387e-05	-8.410404e+00
4.700000e-06	1.432454e-03	-8.177876e+00
4.710000e-06	3.087247e-04	-7.943716e+00
4.720000e-06	-1.843863e-03	-7.648907e+00
4.730000e-06	-1.963008e-03	-7.387348e+00
4.740000e-06	-2.346408e-03	-7.113192e+00
4.750000e-06	-2.725084e-03	-6.797906e+00
4.760000e-06	-4.092462e-03	-6.586776e+00
4.770000e-06	-4.020230e-03	-6.344067e+00
4.780000e-06	-2.159518e-03	-6.031986e+00
4.790000e-06	-3.277741e-03	-5.738700e+00
4.800000e-06	-3.689059e-03	-5.494992e+00
4.810000e-06	-6.034189e-03	-5.189302e+00
4.820000e-06	-4.323891e-03	-4.920988e+00
4.830000e-06	-4.308957e-03	-4.567324e+00
4.840000e-06	-4.512839e-03	-4.365220e+00
4.850000e-06	-5.889341e-03	-4.052566e+00
4.860000e-06	-7.403690e-03	-3.787275e+00
4.870000e-06	-5.474592e-03	-3.535141e+00
4.880000e-06	-7.088892e-03	-3.260935e+00
4.890000e-06	-6.621623e-03	-2.896218e+00
4.900000e-06	-7.371917e-03	-2.659982e+00
4.910000e-06	-5.133916e-03	-2.398251e+00
4.920000e-06	-6.380478e-03	-2.051511e+00
4.930000e-06	-6.381670e-03	-1.819776e+00
4.940000e-06	-8.274876e-03	-1.555483e+00
4.950000e-06	-8.004407e-03	-1.166696e+00
4.960000e-06	-8.841745e-03	-8.915870e-01
4.970000e-06	-8.396242e-03	-6.182239e-01
4.980000e-06	-8.094261e-03	-3.450909e-01
4.990000e-06	-6.094916e-03	-2.148038e-02
5.000000e-06	6.292978e-03	2.453801e-01
5.010000e-06	-1.587394e-03	5.379370e-01
5.020000e-06	-7.786032e-05	7.710470e-01
5.030000e-06	-3.765804e-03	1.095881e+00
5.040000e-06	-3.052019e-03	1.359996e+00
5.050000e-06	-4.440450e-03	1.666360e+00
5.060000e-06	3.665187e-03	1.906888e+00
5.070000e-06	2.733629e-02	2.138068e+00
5.080000e-06	9.433891e-02	2.474312e+00
5.090000e-06	-1.410779e-02	2.822753e+00
5.100000e-06	-6.531694e-02	3.086958e+00
5.110000e-06	-3.604896e-02	3.379722e+00
5.120000e-06	-2.776117e-02	3.674257e+00
5.130000e-06	-4.970891e-02	3.885410e+00
5.140000e-06	-5.525481e-02	4.126012e+00
5.150000e-06	1.069694e-01	4.401250e+00
5.160000e-06	-2.926300e-02	4.674912e+00
5.170000e-06	-1.789317e-02	4.898990e+00
5.180000e-06	1.196502e-01	5.266958e+00
5.190000e-06	-1.559238e-01	5.549621e+00
5.200000e-06	7.337132e-02	5.813760e+00
5.210000e-06	-5.141386e-02	6.106017e+00
5.220000e-06	3.237539e-02	6.328592e+00
5.230000e-06	1.405328e-02	6.635282e+00
5.240000e-06	-6.425016e-02	6.938066e+00
5.250000e-06	4.423162e-02	7.150150e+00
5.260000e-06	-6.470686e-02	7.475883e+00
5.270000e-06	4.347813e-02	7.748495e+00
5.280000e-06	-6.265702e-02	8.052829e+00
5.290000e-06	2.816654e-02	8.275412e+00
5.300000e-06	1.853078e-02	8.486445e+00
5.310000e-06	-3.262311e-02	8.717921e+00
5.320000e-06	1.440535e-02	8.998774e+00
5.330000e-06	-6.617755e-02	9.220777e+00
5.340000e-06	1.930614e-02	9.465308e+00
5.350000e-06	-1.092601e-02	9.695916e+00
5.360000e-06	1.550319e-02	9.926970e+00
5.370000e-06	-3.149366e-02	1.012807e+01
5.380000e-06	-8.569203e-03	1.033822e+01
5.390000e-06	1.093051e-03	1.061912e+01
5.400000e-06	-2.468867e-02	1.077120e+01
5.410000e-06	-1.142013e-02	1.099161e+01
5.420000e-06	-2.840318e-02	1.119031e+01
5.430000e-06	1.354321e-02	1.146379e+01
5.440000e-06	-1.206990e-02	1.164618e+01
5.450000e-06	-1.044518e-02	1.185276e+01
5.460000e-06	-3.649993e-02	1.201626e+01
5.470000e-06	-6.143138e-03	1.221278e+01
5.480000e-06	-5.318707e-03	1.240215e+01
5.490000e-06	-5.281407e-03	1.260862e+01
5.500000e-06	-2.317832e-02	1.275900e+01
5.510000e-06	-2.250052e-02	1.290697e+01
5.520000e-06	-8.281128e-03	1.306431e+01
5.530000e-06	-1.681213e-02	1.327281e+01
5.540000e-06	-2.068720e-02	1.336018e+01
5.550000e-06	-2.777882e-02	1.353707e+01
5.560000e-06	-2.802751e-03	1.369492e+01
5.570000e-06	-1.016841e-02	1.383218e+01
5.580000e-06	-1.628426e-02	1.394962e+01
5.590000e-06	-3.691463e-02	1.413784e+01
5.600000e-06	-2.140319e-02	1.427329e+01
5.610000e-06	-1.409996e-02	1.435010e+01
5.620000e-06	-1.538376e-02	1.451489e+01
5.630000e-06	-2.565415e-02	1.462113e+01
5.640000e-06	-2.729710e-02	1.473634e+01
5.650000e-06	-1.358216e-02	1.476968e+01
5.660000e-06	-2.179542e-02	1.488473e+01
5.670000e-06	-2.692891e-02	1.496853e+01
5.680000e-06	-3.621222e-02	1.505274e+01
5.690000e-06	-2.063178e-02	1.509495e+01
5.700000e-06	-1.957623e-02	1.520115e+01
5.710000e-06	-2.601578e-02	1.526273e+01
5.720000e-06	-3.918177e-02	1.529689e+01
5.730000e-06	-3.590627e-02	1.537955e+01
5.740000e-06	-2.490227e-02	1.536165e+01
5.750000e-06	-2.930938e-02	1.547321e+01
5.760000e-06	-3.451655e-02	1.549382e+01
5.770000e-06	-4.118627e-02	1.554592e+01
5.780000e-06	-3.123750e-02	1.556787e+01
5.790000e-06	-3.512069e-02	1.555697e+01
5.800000e-06	-4.392348e-02	1.557895e+01
5.810000e-06	-5.247072e-02	1.558700e+01
5.820000e-06	-4.786587e-02	1.561845e+01
5.830000e-06	-4.311202e-02	1.561710e+01
5.840000e-06	-5.275819e-02	1.555650e+01
5.850000e-06	-6.518832e-02	1.555845e+01
5.860000e-06	-7.445872e-02	1.552633e+01
5.870000e-06	-7.546742e-02	1.548527e+01
5.880000e-06	-9.151204e-02	1.546367e+01
5.890000e-06	-1.192284e-01	1.546361e+01
5.900000e-06	-1.587131e-01	1.541003e+01
5.910000e-06	-2.100250e-01	1.534937e+01
5.920000e-06	-2.471998e-01	1.528434e+01
5.930000e-06	-2.500000e-01	1.522258e+01
5.940000e-06	-2.500000e-01	1.514948e+01
5.950000e-06	-2.499999e-01	1.513587e+01
5.960000e-06	-2.303762e-01	1.506316e+01
5.970000e-06	-1.631697e-01	1.493838e+01
5.980000e-06	-1.157628e-01	1.485211e+01
5.990000e-06	-8.736768e-02	1.478687e+01
6.000000e-06	-6.101269e-02	1.468269e+01
6.010000e-06	-4.607564e-02	1.460047e+01
6.020000e-06	-4.247616e-02	1.445514e+01
6.030000e-06	-4.147396e-02	1.433790e+01
6.040000e-06	-3.391965e-02	1.425101e+01
6.050000e-06	-2.553914e-02	1.411524e+01
6.060000e-06	-2.689726e-02	1.396732e+01
6.070000e-06	-2.965927e-02	1.382051e+01
6.080000e-06	-2.819360e-02	1.369311e+01
6.090000e-06	-2.139877e-02	1.352472e+01
6.100000e-06	-1.953820e-02	1.338990e+01
6.110000e-06	-2.409875e-02	1.323950e+01
6.120000e-06	-2.494010e-02	1.307306e+01
6.130000e-06	-2.102477e-02	1.290520e+01
6.140000e-06	-1.649596e-02	1.275777e+01
6.150000e-06	-1.949957e-02	1.262037e+01
6.160000e-06	-2.226470e-02	1.243043e+01
6.170000e-06	-2.057232e-02	1.224258e+01
6.180000e-06	-1.581772e-02	1.205504e+01
6.190000e-06	-1.503937e-02	1.186204e+01
6.200000e-06	-2.022972e-02	1.167301e+01
6.210000e-06	-2.055109e-02	1.145248e+01
6.220000e-06	-1.610949e-02	1.122048e+01
6.230000e-06	-1.207270e-02	1.101153e+01
6.240000e-06	-1.532823e-02	1.085038e+01
6.250000e-06	-1.767346e-02	1.059048e+01
6.260000e-06	-1.513629e-02	1.038938e+01
6.270000e-06	-1.163943e-02	1.016930e+01
6.280000e-06	-1.202232e-02	9.954744e+00
6.290000e-06	-1.711903e-02	9.734616e+00
6.300000e-06	-1.609287e-02	9.512535e+00
6.310000e-06	-1.122187e-02	9.253508e+00
6.320000e-06	-9.474504e-03	9.000978e+00
6.330000e-06	-1.392558e-02	8.797825e+00
6.340000e-06	-1.519284e-02	8.567274e+00
6.350000e-06	-1.115244e-02	8.314140e+00
6.360000e-06	-7.894268e-03	8.062980e+00
6.370000e-06	-1.038883e-02	7.807851e+00
6.380000e-06	-1.385381e-02	7.525191e+00
6.390000e-06	-1.267619e-02	7.250983e+00
6.400000e-06	-8.471374e-03	7.000400e+00
6.410000e-06	-8.386112e-03	6.766269e+00
6.420000e-06	-1.220106e-02	6.470506e+00
6.430000e-06	-1.272330e-02	6.188378e+00
6.440000e-06	-8.516171e-03	5.988222e+00
6.450000e-06	-6.584922e-03	5.681515e+00
6.460000e-06	-9.248211e-03	5.450377e+00
6.470000e-06	-1.269071e-02	5.091964e+00
6.480000e-06	-8.875834e-03	4.796824e+00
6.490000e-06	-7.196619e-03	4.473611e+00
6.500000e-06	-7.833138e-03	4.231826e+00
6.510000e-06	-1.036360e-02	3.917116e+00
6.520000e-06	-9.358194e-03	3.703033e+00
6.530000e-06	-6.002869e-03	3.447770e+00
6.540000e-06	-5.142763e-03	3.102583e+00
6.550000e-06	-9.133366e-03	2.851382e+00
6.560000e-06	-9.806084e-03	2.555168e+00
6.570000e-06	-7.761122e-03	2.240780e+00
6.580000e-06	-4.595136e-03	1.977824e+00
6.590000e-06	-6.080592e-03	1.693982e+00
6.600000e-06	-1.078099e-02	1.346673e+00
6.610000e-06	-5.752979e-03	1.049902e+00
6.620000e-06	-5.588005e-03	7.561884e-01
6.630000e-06	-1.196117e-03	4.614857e-01
6.640000e-06	-5.570606e-03	2.176924e-01
6.650000e-06	-3.102395e-03	-8.639047e-02
6.660000e-06	1.141164e-02	-3.605472e-01
6.670000e-06	-5.609541e-04	-6.348338e-01
6.680000e-06	2.189787e-03	-9.270620e-01
6.690000e-06	-6.830939e-03	-1.221174e+00
6.700000e-06	1.279122e-03	-1.469964e+00
6.710000e-06	3.025086e-03	-1.738520e+00
6.720000e-06	2.765927e-02	-1.950072e+00
6.730000e-06	1.014714e-01	-2.223880e+00
6.740000e-06	3.310312e-02	-2.591908e+00
6.750000e-06	-6.789130e-02	-3.004504e+00
6.760000e-06	-8.066951e-03	-3.330120e+00
6.770000e-06	-4.325980e-02	-3.569598e+00
6.780000e-06	-5.385112e-02	-3.791676e+00
6.790000e-06	-2.398288e-02	-4.021679e+00
6.800000e-06	1.764602e-01	-4.160681e+00
6.810000e-06	-1.730385e-01	-4.506567e+00
6.820000e-06	1.765365e-01	-4.832176e+00
6.830000e-06	-3.728183e-02	-5.034008e+00
6.840000e-06	-4.861288e-02	-5.456331e+00
6.850000e-06	1.107195e-01	-5.684434e+00
6.860000e-06	-1.687008e-01	-6.000352e+00
6.870000e-06	1.887917e-01	-6.243759e+00
6.880000e-06	-8.571479e-02	-6.486038e+00
6.890000e-06	4.599070e-02	-6.832255e+00
6.900000e-06	2.717980e-02	-7.033335e+00
6.910000e-06	-9.184348e-02	-7.369696e+00
6.920000e-06	1.251774e-01	-7.601254e+00
6.930000e-06	-1.169456e-01	-7.867515e+00
6.940000e-06	1.361209e-01	-8.148121e+00
6.950000e-06	-4.708784e-02	-8.349273e+00
6.960000e-06	2.106045e-02	-8.686409e+00
6.970000e-06	4.531290e-02	-8.866486e+00
6.980000e-06	-9.274547e-02	-9.099643e+00
6.990000e-06	9.576951e-02	-9.307096e+00
7.000000e-06	-7.643665e-02	-9.559249e+00
7.010000e-06	1.194234e-01	-9.802806e+00
7.020000e-06	-5.676020e-02	-1.000238e+01
7.030000e-06	5.714815e-02	-1.029584e+01
7.040000e-06	-2.300656e-02	-1.047451e+01
7.050000e-06	7.082725e-03	-1.069542e+01
7.060000e-06	2.984837e-02	-1.087494e+01
7.070000e-06	-2.426526e-02	-1.112497e+01
7.080000e-06	5.905468e-02	-1.134742e+01
7.090000e-06	-3.171675e-02	-1.155865e+01
7.100000e-06	5.799964e-02	-1.173965e+01
7.110000e-06	-3.767858e-02	-1.196873e+01
7.120000e-06	4.220329e-02	-1.217863e+01
7.130000e-06	-1.209065e-02	-1.233819e+01
7.140000e-06	4.468354e-02	-1.249644e+01
7.150000e-06	3.573513e-03	-1.266639e+01
7.160000e-06	1.325863e-02	-1.287486e+01
7.170000e-06	3.920863e-03	-1.301921e+01
7.180000e-06	8.392778e-03	-1.320983e+01
7.190000e-06	1.896939e-02	-1.331900e+01
7.200000e-06	6.849420e-03	-1.347551e+01
7.210000e-06	2.753259e-02	-1.364216e+01
7.220000e-06	1.208193e-02	-1.377168e+01
7.230000e-06	2.793548e-02	-1.390797e+01
7.240000e-06	1.458623e-03	-1.404392e+01
7.250000e-06	1.514238e-02	-1.420118e+01
7.260000e-06	6.550682e-03	-1.429807e+01
7.270000e-06	2.813142e-02	-1.444426e+01
7.280000e-06	1.630050e-02	-1.456915e+01
7.290000e-06	2.202855e-02	-1.465484e+01
7.300000e-06	1.183289e-02	-1.474962e+01
7.310000e-06	2.189743e-02	-1.486439e+01
7.320000e-06	1.828004e-02	-1.492902e+01
7.330000e-06	1.954539e-02	-1.505226e+01
7.340000e-06	1.932425e-02	-1.506444e+01
7.350000e-06	2.302343e-02	-1.518913e+01
7.360000e-06	2.646888e-02	-1.526229e+01
7.370000e-06	1.937337e-02	-1.529637e+01
7.380000e-06	2.012425e-02	-1.536908e+01
7.390000e-06	1.997978e-02	-1.540171e+01
7.400000e-06	3.073425e-02	-1.543434e+01
7.410000e-06	2.854595e-02	-1.552502e+01
7.420000e-06	2.942598e-02	-1.551702e+01
7.430000e-06	2.704100e-02	-1.553753e+01
7.440000e-06	3.259068e-02	-1.555161e+01
7.450000e-06	3.384176e-02	-1.558116e+01
7.460000e-06	3.361992e-02	-1.564269e+01
7.470000e-06	3.462531e-02	-1.562163e+01
7.480000e-06	4.153182e-02	-1.560171e+01
7.490000e-06	4.872763e-02	-1.561070e+01
7.500000e-06	5.047411e-02	-1.561016e+01
7.510000e-06	5.235261e-02	-1.558953e+01
7.520000e-06	6.165452e-02	-1.553805e+01
7.530000e-06	7.591497e-02	-1.553955e+01
7.540000e-06	9.277321e-02	-1.551689e+01
7.550000e-06	1.134146e-01	-1.547372e+01
7.560000e-06	1.521198e-01	-1.540064e+01
7.570000e-06	2.149422e-01	-1.538795e+01
7.580000e-06	2.490000e-01	-1.529630e+01
7.590000e-06	2.500000e-01	-1.526471e+01
7.600000e-06	2.500000e-01	-1.519891e+01
7.610000e-06	2.497748e-01	-1.507477e+01
7.620000e-06	2.221092e-01	-1.506258e+01
7.630000e-06	1.481506e-01	-1.498698e+01
7.640000e-06	9.547189e-02	-1.483269e+01
7.650000e-06	6.755817e-02	-1.480000e+01
7.660000e-06	5.270812e-02	-1.468679e+01
7.670000e-06	4.088843e-02	-1.457945e+01
7.680000e-06	3.244994e-02	-1.449322e+01
7.690000e-06	2.596252e-02	-1.431737e+01
7.700000e-06	2.427853e-02	-1.421061e+01
7.710000e-06	2.056117e-02	-1.413624e+01
7.720000e-06	1.734537e-02	-1.397885e+01
7.730000e-06	1.412464e-02	-1.383293e+01
7.740000e-06	1.387266e-02	-1.371434e+01
7.750000e-06	1.524059e-02	-1.351590e+01
7.760000e-06	1.463211e-02	-1.338953e+01
7.770000e-06	1.252354e-02	-1.318209e+01
7.780000e-06	1.184523e-02	-1.305367e+01
7.790000e-06	1.080599e-02	-1.291490e+01
7.800000e-06	1.234573e-02	-1.274680e+01
7.810000e-06	7.303275e-03	-1.256993e+01
7.820000e-06	6.447639e-03	-1.242096e+01
7.830000e-06	5.594142e-03	-1.224154e+01
7.840000e-06	7.844138e-03	-1.209258e+01
7.850000e-06	8.166381e-03	-1.183024e+01
7.860000e-06	6.167595e-03	-1.164149e+01
7.870000e-06	6.074180e-03	-1.144998e+01
7.880000e-06	6.430483e-03	-1.112985e+01
7.890000e-06	5.121119e-03	-1.099488e+01
7.900000e-06	1.541222e-03	-1.076883e+01
7.910000e-06	2.505643e-04	-1.056980e+01
7.920000e-06	1.853593e-03	-1.036632e+01
7.930000e-06	3.639234e-03	-1.010567e+01
7.940000e-06	4.403587e-03	-9.904667e+00
7.950000e-06	3.021951e-03	-9.704616e+00
7.960000e-06	1.586352e-03	-9.480535e+00
7.970000e-06	2.219514e-03	-9.229958e+00
7.980000e-06	-8.319373e-04	-9.010878e+00
7.990000e-06	-2.639374e-03	-8.788375e+00
8.000000e-06	-3.407678e-03	-8.535698e+00
8.010000e-06	1.135199e-04	-8.273613e+00
8.020000e-06	2.426141e-04	-8.050957e+00
8.030000e-06	6.647404e-04	-7.746247e+00
8.040000e-06	-2.270496e-03	-7.442562e+00
8.050000e-06	-1.690543e-03	-7.208982e+00
8.060000e-06	-2.850413e-03	-6.957271e+00
8.070000e-06	-2.647708e-03	-6.665088e+00
8.080000e-06	-4.972018e-03	-6.441534e+00
8.090000e-06	-3.541270e-03	-6.176250e+00
8.100000e-06	-4.003926e-03	-5.882564e+00
8.110000e-06	-3.559958e-03	-5.639533e+00
8.120000e-06	-4.902932e-03	-5.275664e+00
8.130000e-06	-5.451503e-03	-5.029427e+00
8.140000e-06	-4.915379e-03	-4.644138e+00
8.150000e-06	-3.348317e-03	-4.451484e+00
8.160000e-06	-4.869550e-03	-4.198329e+00
8.170000e-06	-5.613440e-03	-3.966671e+00
8.180000e-06	-7.431091e-03	-3.639980e+00
8.190000e-06	-5.818824e-03	-3.366725e+00
8.200000e-06	-7.931299e-03	-3.063911e+00
8.210000e-06	-6.772881e-03	-2.768271e+00
8.220000e-06	-8.167372e-03	-2.505165e+00
8.230000e-06	-6.341645e-03	-2.209778e+00
8.240000e-06	-6.013389e-03	-1.944616e+00
8.250000e-06	-7.282478e-03	-1.671382e+00
8.260000e-06	-8.242635e-03	-1.294146e+00
8.270000e-06	-7.955605e-03	-1.027879e+00
8.280000e-06	-6.781655e-03	-7.556985e-01
8.290000e-06	-8.639562e-03	-4.204028e-01
8.300000e-06	-8.346084e-03	-1.572172e-01
8.310000e-06	-3.400810e-03	1.180680e-01
8.320000e-06	5.302133e-03	4.217238e-01
8.330000e-06	-5.616383e-03	6.838066e-01
8.340000e-06	2.791042e-03	9.260894e-01
8.350000e-06	-6.126940e-03	1.232780e+00
8.360000e-06	1.128137e-03	1.518068e+00
8.370000e-06	-3.603159e-03	1.821750e+00
8.380000e-06	1.523502e-02	2.032726e+00
8.390000e-06	5.878254e-02	2.265860e+00
8.400000e-06	7.062764e-02	2.665260e+00
8.410000e-06	-8.079129e-02	2.956671e+00
8.420000e-06	-3.260241e-02	3.222254e+00
8.430000e-06	-4.223922e-02	3.578618e+00
8.440000e-06	-1.989674e-02	3.791675e+00
8.450000e-06	-7.932932e-02	4.041626e+00
8.460000e-06	2.501017e-02	4.283384e+00
8.470000e-06	1.006710e-01	4.528575e+00
8.480000e-06	-1.270649e-01	4.852654e+00
8.490000e-06	1.578967e-01	5.118066e+00
8.500000e-06	-8.418623e-02	5.453160e+00
8.510000e-06	-3.273055e-02	5.708039e+00
8.520000e-06	3.644948e-02	6.010699e+00
8.530000e-06	-5.244886e-02	6.242255e+00
8.540000e-06	7.787744e-02	6.497516e+00
8.550000e-06	-7.492312e-02	6.812702e+00
8.560000e-06	2.228527e-02	7.083280e+00
8.570000e-06	-2.420392e-02	7.337592e+00
8.580000e-06	-7.631066e-03	7.622675e+00
8.590000e-06	1.461495e-03	7.905460e+00
8.600000e-06	-4.376063e-02	8.189697e+00
8.610000e-06	5.683924e-02	8.411651e+00
8.620000e-06	-2.956263e-02	8.643132e+00
8.630000e-06	-4.188166e-04	8.862985e+00
8.640000e-06	-2.512177e-02	9.067941e+00
8.650000e-06	-4.054280e-02	9.316991e+00
8.660000e-06	2.881722e-02	9.530671e+00
8.670000e-06	-1.543198e-02	9.791653e+00
8.680000e-06	1.093785e-02	1.002231e+01
8.690000e-06	-4.067106e-02	1.023334e+01
8.700000e-06	1.266634e-02	1.045334e+01
8.710000e-06	-2.006068e-02	1.066539e+01
8.720000e-06	-1.769912e-02	1.091687e+01
8.730000e-06	-1.783230e-02	1.112701e+01
8.740000e-06	-1.422060e-02	1.129807e+01
8.750000e-06	1.474513e-02	1.155847e+01
8.760000e-06	-2.105473e-02	1.175905e+01
8.770000e-06	-1.641058e-02	1.192852e+01
8.780000e-06	-3.166080e-02	1.214755e+01
8.790000e-06	2.167503e-03	1.231746e+01
8.800000e-06	-7.630731e-03	1.246594e+01
8.810000e-06	-1.436105e-02	1.265386e+01
8.820000e-06	-2.361759e-02	1.281236e+01
8.830000e-06	-1.734463e-02	1.300113e+01
8.840000e-06	-6.679933e-03	1.312807e+01
8.850000e-06	-2.295655e-02	1.328642e+01
8.860000e-06	-2.271576e-02	1.346432e+01
8.870000e-06	-1.828136e-02	1.365123e+01
8.880000e-06	-2.133505e-03	1.378915e+01
8.890000e-06	-1.406674e-02	1.392492e+01
8.900000e-06	-2.907236e-02	1.406474e+01
8.910000e-06	-2.838001e-02	1.421017e+01
8.920000e-06	-1.933045e-02	1.432899e+01
8.930000e-06	-1.003966e-02	1.446324e+01
8.940000e-06	-2.387992e-02	1.454700e+01
8.950000e-06	-2.673807e-02	1.465437e+01
8.960000e-06	-2.177394e-02	1.477003e+01
8.970000e-06	-1.459800e-02	1.485166e+01
8.980000e-06	-2.376712e-02	1.489747e+01
8.990000e-06	-3.236791e-02	1.497956e+01
9.000000e-06	-2.712646e-02	1.507589e+01
9.010000e-06	-2.145916e-02	1.515794e+01
9.020000e-06	-2.011739e-02	1.521019e+01
9.030000e-06	-3.586413e-02	1.524284e+01
9.040000e-06	-3.605808e-02	1.533697e+01
9.050000e-06	-3.054493e-02	1.538005e+01
9.060000e-06	-2.284966e-02	1.543316e+01
9.070000e-06	-3.230635e-02	1.550374e+01
9.080000e-06	-3.937419e-02	1.552587e+01
9.090000e-06	-3.621025e-02	1.552697e+01
9.100000e-06	-3.231273e-02	1.555690e+01
9.110000e-06	-3.765437e-02	1.553745e+01
9.120000e-06	-5.201279e-02	1.557797e+01
9.130000e-06	-4.922262e-02	1.557903e+01
9.140000e-06	-4.617459e-02	1.558005e+01
9.150000e-06	-4.463910e-02	1.557800e+01
9.160000e-06	-6.066377e-02	1.554845e+01
9.170000e-06	-7.016343e-02	1.556785e+01
9.180000e-06	-7.422095e-02	1.552682e+01
9.190000e-06	-8.176169e-02	1.551427e+01
9.200000e-06	-1.034631e-01	1.548314e+01
9.210000e-06	-1.405235e-01	1.545258e+01
9.220000e-06	-1.824366e-01	1.535952e+01
9.230000e-06	-2.359398e-01	1.532535e+01
9.240000e-06	-2.500000e-01	1.526528e+01
9.250000e-06	-2.500000e-01	1.518161e+01
9.260000e-06	-2.500000e-01	1.513640e+01
9.270000e-06	-2.462041e-01	1.510472e+01
9.280000e-06	-1.969074e-01	1.500043e+01
9.290000e-06	-1.349816e-01	1.490282e+01
9.300000e-06	-1.015362e-01	1.479053e+01
9.310000e-06	-7.249091e-02	1.472624e+01
9.320000e-06	-5.194801e-02	1.460146e+01
9.330000e-06	-4.114792e-02	1.450624e+01
9.340000e-06	-4.266254e-02	1.441948e+01
9.350000e-06	-3.690993e-02	1.426472e+01
9.360000e-06	-2.952914e-02	1.418840e+01
9.370000e-06	-2.519278e-02	1.405150e+01
9.380000e-06	-3.044598e-02	1.386474e+01
9.390000e-06	-3.098406e-02	1.373540e+01
9.400000e-06	-2.432758e-02	1.362953e+01
9.410000e-06	-1.871844e-02	1.344356e+01
9.420000e-06	-2.062558e-02	1.334569e+01
9.430000e-06	-2.627018e-02	1.312667e+01
9.440000e-06	-2.390159e-02	1.298790e+01
9.450000e-06	-1.750877e-02	1.282198e+01
9.460000e-06	-1.716713e-02	1.266266e+01
9.470000e-06	-2.157964e-02	1.251514e+01
9.480000e-06	-2.268588e-02	1.235619e+01
9.490000e-06	-1.720307e-02	1.213629e+01
9.500000e-06	-1.371102e-02	1.197832e+01
9.510000e-06	-1.830007e-02	1.177570e+01
9.520000e-06	-2.121995e-02	1.154485e+01
9.530000e-06	-1.849711e-02	1.133667e+01
9.540000e-06	-1.231751e-02	1.108412e+01
9.550000e-06	-1.359622e-02	1.092477e+01
9.560000e-06	-1.724265e-02	1.068714e+01
9.570000e-06	-1.813363e-02	1.048521e+01
9.580000e-06	-1.286683e-02	1.027206e+01
9.590000e-06	-1.223550e-02	1.008396e+01
9.600000e-06	-1.403019e-02	9.769882e+00
9.610000e-06	-1.753292e-02	9.597353e+00
9.620000e-06	-1.349002e-02	9.346249e+00
9.630000e-06	-1.030851e-02	9.166695e+00
9.640000e-06	-1.143055e-02	8.902541e+00
9.650000e-06	-1.463689e-02	8.671508e+00
9.660000e-06	-1.423973e-02	8.440404e+00
9.670000e-06	-9.117252e-03	8.177670e+00
9.680000e-06	-9.964724e-03	7.935563e+00
9.690000e-06	-1.182340e-02	7.664060e+00
9.700000e-06	-1.406322e-02	7.387227e+00
9.710000e-06	-9.942927e-03	7.133643e+00
9.720000e-06	-8.535025e-03	6.873507e+00
9.730000e-06	-1.038660e-02	6.608376e+00
9.740000e-06	-1.323933e-02	6.326165e+00
9.750000e-06	-1.061340e-02	6.104112e+00
9.760000e-06	-7.847721e-03	5.868954e+00
9.770000e-06	-7.417913e-03	5.557168e+00
9.780000e-06	-1.138454e-02	5.241007e+00
9.790000e-06	-1.153332e-02	4.882562e+00
9.800000e-06	-8.387640e-03	4.620452e+00
9.810000e-06	-6.962366e-03	4.375776e+00
9.820000e-06	-8.803834e-03	4.092956e+00
9.830000e-06	-9.636183e-03	3.817773e+00
9.840000e-06	-7.847501e-03	3.545091e+00
9.850000e-06	-5.788587e-03	3.220375e+00
9.860000e-06	-7.191946e-03	2.937668e+00
9.870000e-06	-9.484573e-03	2.672957e+00
9.880000e-06	-9.512244e-03	2.365295e+00
9.890000e-06	-6.178015e-03	2.082484e+00
9.900000e-06	-5.084920e-03	1.799853e+00
9.910000e-06	-6.415959e-03	1.525037e+00
9.920000e-06	-7.942470e-03	1.218905e+00
9.930000e-06	-6.191449e-03	8.614617e-01
9.940000e-06	-4.239563e-03	6.077237e-01
9.950000e-06	-3.968907e-03	3.350621e-01
9.960000e-06	-5.009941e-03	-1.074869e-02
9.970000e-06	2.373098e-03	-2.348076e-01
9.980000e-06	8.391138e-03	-5.150153e-01
9.990000e-06	-1.803604e-03	-8.017224e-01
1.000000e-05	2.030947e-03	-1.063834e+00
1.001000e-05	-3.459507e-03	-1.386667e+00
1.002000e-05	2.704806e-03	-1.622783e+00
1.003000e-05	1.011245e-02	-1.885361e+00
1.004000e-05	5.725902e-02	-2.115510e+00
1.005000e-05	1.110138e-01	-2.423854e+00
1.006000e-05	-7.047947e-02	-2.823031e+00
1.007000e-05	-1.455159e-02	-3.173375e+00
1.008000e-05	-4.309606e-02	-3.444310e+00
1.009000e-05	-2.126492e-02	-3.685462e+00
1.010000e-05	-9.589468e-02	-3.938517e+00
1.011000e-05	1.493197e-01	-4.096484e+00
1.012000e-05	-1.919768e-02	-4.339220e+00
1.013000e-05	-4.005816e-02	-4.684962e+00
1.014000e-05	1.651256e-01	-4.926438e+00
1.015000e-05	-1.864830e-01	-5.246984e+00
1.016000e-05	1.587247e-01	-5.561100e+00
1.017000e-05	-1.171307e-01	-5.792777e+00
1.018000e-05	2.645389e-02	-6.157017e+00
1.019000e-05	9.885394e-02	-6.317648e+00
1.020000e-05	-1.107690e-01	-6.645384e+00
1.021000e-05	1.419095e-01	-6.917541e+00
1.022000e-05	-1.306516e-01	-7.172326e+00
1.023000e-05	8.193098e-02	-7.476442e+00
1.024000e-05	-1.859537e-02	-7.767673e+00
1.025000e-05	-1.170776e-02	-8.014855e+00
1.026000e-05	1.062352e-01	-8.235263e+00
1.027000e-05	-1.033827e-01	-8.527094e+00
1.028000e-05	1.257781e-01	-8.811104e+00
1.029000e-05	-1.049043e-01	-9.012231e+00
1.030000e-05	5.579120e-02	-9.224936e+00
1.031000e-05	-1.378797e-02	-9.472813e+00
1.032000e-05	2.621513e-02	-9.717016e+00
1.033000e-05	5.721337e-02	-9.908570e+00
1.034000e-05	-4.714841e-02	-1.016915e+01
1.035000e-05	6.858838e-02	-1.038078e+01
1.036000e-05	-7.099090e-02	-1.062271e+01
1.037000e-05	7.722572e-02	-1.078171e+01
1.038000e-05	-4.633400e-02	-1.101183e+01
1.039000e-05	5.939356e-02	-1.122263e+01
1.040000e-05	-1.053874e-02	-1.141343e+01
1.041000e-05	3.003996e-02	-1.165739e+01
1.042000e-05	4.245987e-03	-1.189541e+01
1.043000e-05	-4.065486e-03	-1.205591e+01
1.044000e-05	2.289140e-02	-1.224184e+01
1.045000e-05	4.039716e-03	-1.243381e+01
1.046000e-05	4.252878e-02	-1.259171e+01
1.047000e-05	-9.072198e-03	-1.278223e+01
1.048000e-05	2.496934e-02	-1.298108e+01
1.049000e-05	-8.727942e-03	-1.309852e+01
1.050000e-05	2.899583e-02	-1.325434e+01
1.051000e-05	6.691525e-04	-1.340221e+01
1.052000e-05	2.877202e-02	-1.354958e+01
1.053000e-05	1.275451e-02	-1.372762e+01
1.054000e-05	2.657215e-02	-1.390542e+01
1.055000e-05	8.393724e-03	-1.400066e+01
1.056000e-05	9.568041e-03	-1.413700e+01
1.057000e-05	7.947348e-03	-1.425431e+01
1.058000e-05	2.107856e-02	-1.442113e+01
1.059000e-05	2.363337e-02	-1.450797e+01
1.060000e-05	2.037262e-02	-1.461268e+01
1.061000e-05	1.826125e-02	-1.472802e+01
1.062000e-05	1.411099e-02	-1.483321e+01
1.063000e-05	2.395204e-02	-1.489542e+01
1.064000e-05	1.293437e-02	-1.497163e+01
1.065000e-05	2.238751e-02	-1.506334e+01
1.066000e-05	1.741210e-02	-1.513552e+01
1.067000e-05	3.099619e-02	-1.522210e+01
1.068000e-05	2.177194e-02	-1.530329e+01
1.069000e-05	2.187633e-02	-1.533697e+01
1.070000e-05	1.943062e-02	-1.539008e+01
1.071000e-05	2.561508e-02	-1.546172e+01
1.072000e-05	2.820496e-02	-1.548576e+01
1.073000e-05	2.642500e-02	-1.550842e+01
1.074000e-05	2.869956e-02	-1.557750e+01
1.075000e-05	3.040944e-02	-1.556008e+01
1.076000e-05	3.630488e-02	-1.560013e+01
1.077000e-05	3.362434e-02	-1.559278e+01
1.078000e-05	3.545715e-02	-1.558968e+01
1.079000e-05	3.751281e-02	-1.563219e+01
1.080000e-05	4.611626e-02	-1.565218e+01
1.081000e-05	4.927600e-02	-1.561216e+01
1.082000e-05	5.114410e-02	-1.559963e+01
1.083000e-05	5.689138e-02	-1.555858e+01
1.084000e-05	6.826163e-02	-1.554648e+01
1.085000e-05	8.343011e-02	-1.551640e+01
1.086000e-05	1.017122e-01	-1.550432e+01
1.087000e-05	1.327305e-01	-1.547218e+01
1.088000e-05	1.855722e-01	-1.537053e+01
1.089000e-05	2.407337e-01	-1.538695e+01
1.090000e-05	2.500000e-01	-1.529684e+01
1.091000e-05	2.500000e-01	-1.523248e+01
1.092000e-05	2.500000e-01	-1.514692e+01
1.093000e-05	2.421119e-01	-1.506261e+01
1.094000e-05	1.817159e-01	-1.499906e+01
1.095000e-05	1.186317e-01	-1.488484e+01
1.096000e-05	8.079537e-02	-1.480061e+01
1.097000e-05	5.994301e-02	-1.474685e+01
1.098000e-05	4.668104e-02	-1.465064e+01
1.099000e-05	3.583446e-02	-1.451587e+01
1.100000e-05	2.822308e-02	-1.445155e+01
1.101000e-05	2.379327e-02	-1.427422e+01
1.102000e-05	2.235307e-02	-1.414993e+01
1.103000e-05	1.927805e-02	-1.400958e+01
1.104000e-05	1.644070e-02	-1.389517e+01
1.105000e-05	1.504801e-02	-1.374887e+01
1.106000e-05	1.594165e-02	-1.361943e+01
1.107000e-05	1.602209e-02	-1.346413e+01
1.108000e-05	1.240225e-02	-1.330529e+01
1.109000e-05	1.049795e-02	-1.317580e+01
1.110000e-05	1.022271e-02	-1.299893e+01
1.111000e-05	1.115846e-02	-1.285256e+01
1.112000e-05	9.939160e-03	-1.266314e+01
1.113000e-05	8.242569e-03	-1.247434e+01
1.114000e-05	8.264646e-03	-1.231627e+01
1.115000e-05	8.671698e-03	-1.217535e+01
1.116000e-05	7.731018e-03	-1.193585e+01
1.117000e-05	5.084710e-03	-1.172634e+01
1.118000e-05	4.154667e-03	-1.152517e+01
1.119000e-05	5.167332e-03	-1.130316e+01
1.120000e-05	5.536420e-03	-1.105316e+01
1.121000e-05	4.729240e-03	-1.086351e+01
1.122000e-05	3.026265e-03	-1.065319e+01
1.123000e-05	3.411317e-03	-1.050259e+01
1.124000e-05	3.227641e-03	-1.026153e+01
1.125000e-05	3.181565e-03	-1.003940e+01
1.126000e-05	1.026064e-03	-9.798974e+00
1.127000e-05	2.175308e-04	-9.608373e+00
1.128000e-05	1.481931e-03	-9.298743e+00
1.129000e-05	2.110887e-03	-9.134121e+00
1.130000e-05	-1.253817e-04	-8.883137e+00
1.131000e-05	-1.550275e-03	-8.660408e+00
1.132000e-05	-7.483752e-04	-8.399829e+00
1.133000e-05	4.166271e-04	-8.158372e+00
1.134000e-05	-7.568923e-04	-7.905118e+00
1.135000e-05	-2.477061e-03	-7.630904e+00
1.136000e-05	-2.286920e-03	-7.336219e+00
1.137000e-05	-1.566538e-03	-7.099541e+00
1.138000e-05	-2.866630e-03	-6.809006e+00
1.139000e-05	-3.892312e-03	-6.566725e+00
1.140000e-05	-4.958630e-03	-6.323067e+00
1.141000e-05	-3.331337e-03	-6.018381e+00
1.142000e-05	-4.572701e-03	-5.745245e+00
1.143000e-05	-3.092509e-03	-5.481558e+00
1.144000e-05	-5.537837e-03	-5.197821e+00
1.145000e-05	-4.463097e-03	-4.880985e+00
1.146000e-05	-4.808052e-03	-4.525821e+00
1.147000e-05	-5.343829e-03	-4.335742e+00
1.148000e-05	-6.243533e-03	-4.081509e+00
1.149000e-05	-7.077411e-03	-3.785724e+00
1.150000e-05	-5.630760e-03	-3.524068e+00
1.151000e-05	-7.175710e-03	-3.220879e+00
1.152000e-05	-6.408430e-03	-2.934088e+00
1.153000e-05	-8.754741e-03	-2.632929e+00
1.154000e-05	-5.686561e-03	-2.396726e+00
1.155000e-05	-6.331390e-03	-2.089982e+00
1.156000e-05	-6.612562e-03	-1.778774e+00
1.157000e-05	-9.275258e-03	-1.534512e+00
1.158000e-05	-8.696782e-03	-1.156671e+00
1.159000e-05	-9.421459e-03	-9.135818e-01
1.160000e-05	-7.902937e-03	-5.867527e-01
1.161000e-05	-8.784857e-03	-3.035394e-01
1.162000e-05	-6.188875e-03	-4.035406e-02
1.163000e-05	6.101751e-03	2.659303e-01
1.164000e-05	-2.988894e-03	5.200659e-01
1.165000e-05	5.079391e-04	7.995998e-01
1.166000e-05	-5.132733e-03	1.096934e+00
1.167000e-05	-2.322998e-03	1.347116e+00
1.168000e-05	-4.138922e-03	1.696412e+00
1.169000e-05	5.842139e-03	1.918992e+00
1.170000e-05	2.967779e-02	2.168617e+00
1.171000e-05	9.551258e-02	2.464985e+00
1.172000e-05	-2.269712e-02	2.832851e+00
1.173000e-05	-6.244754e-02	3.096864e+00
1.174000e-05	-3.763263e-02	3.399147e+00
1.175000e-05	-2.548899e-02	3.673310e+00
1.176000e-05	-5.331236e-02	3.913861e+00
1.177000e-05	-4.952745e-02	4.107017e+00
1.178000e-05	1.115805e-01	4.401779e+00
1.179000e-05	-4.182174e-02	4.716387e+00
1.180000e-05	-2.134078e-04	4.916090e+00
1.181000e-05	1.055096e-01	5.314459e+00
1.182000e-05	-1.524265e-01	5.611651e+00
1.183000e-05	7.686557e-02	5.834258e+00
1.184000e-05	-5.757409e-02	6.126990e+00
1.185000e-05	4.077485e-02	6.360155e+00
1.186000e-05	4.375410e-03	6.665362e+00
1.187000e-05	-5.859069e-02	6.906492e+00
1.188000e-05	4.225890e-02	7.160675e+00
1.189000e-05	-6.493562e-02	7.473911e+00
1.190000e-05	4.434604e-02	7.758119e+00
1.191000e-05	-6.504518e-02	8.033805e+00
1.192000e-05	3.489237e-02	8.306365e+00
1.193000e-05	1.353327e-02	8.477968e+00
1.194000e-05	-3.168390e-02	8.748643e+00
1.195000e-05	1.303960e-02	8.979674e+00
1.196000e-05	-6.718955e-02	9.231732e+00
1.197000e-05	2.434794e-02	9.473336e+00
1.198000e-05	-1.394568e-02	9.693991e+00
1.199000e-05	1.868500e-02	9.948516e+00
1.200000e-05	-3.429186e-02	1.017909e+01
1.201000e-05	-5.072230e-03	1.036872e+01
1.202000e-05	-1.254899e-03	1.059878e+01
1.203000e-05	-2.550787e-02	1.082125e+01
1.204000e-05	-1.179023e-02	1.102170e+01
1.205000e-05	-2.835307e-02	1.119338e+01
1.206000e-05	1.565155e-02	1.144276e+01
1.207000e-05	-1.500760e-02	1.163531e+01
1.208000e-05	-9.998385e-03	1.184381e+01
1.209000e-05	-3.822236e-02	1.204331e+01
1.210000e-05	-3.082339e-03	1.222281e+01
1.211000e-05	-6.479302e-03	1.241323e+01
1.212000e-05	-5.375262e-03	1.257963e+01
1.213000e-05	-2.330493e-02	1.273907e+01
1.214000e-05	-2.138793e-02	1.288702e+01
1.215000e-05	-8.893762e-03	1.306586e+01
1.216000e-05	-1.787886e-02	1.321271e+01
1.217000e-05	-2.128303e-02	1.342960e+01
1.218000e-05	-2.778681e-02	1.347854e+01
1.219000e-05	-8.161823e-04	1.370489e+01
1.220000e-05	-1.092867e-02	1.381173e+01
1.221000e-05	-1.723199e-02	1.399758e+01
1.222000e-05	-3.731449e-02	1.410667e+01
1.223000e-05	-2.109177e-02	1.428484e+01
1.224000e-05	-1.384767e-02	1.438918e+01
1.225000e-05	-1.639096e-02	1.451542e+01
1.226000e-05	-2.604223e-02	1.461123e+01
1.227000e-05	-2.683683e-02	1.474632e+01
1.228000e-05	-1.282484e-02	1.481015e+01
1.229000e-05	-2.268037e-02	1.488484e+01
1.230000e-05	-2.638538e-02	1.494908e+01
1.231000e-05	-3.493302e-02	1.505178e+01
1.232000e-05	-1.983272e-02	1.509584e+01
1.233000e-05	-1.973372e-02	1.515913e+01
1.234000e-05	-2.705529e-02	1.524321e+01
1.235000e-05	-3.882288e-02	1.528542e+01
1.236000e-05	-3.624486e-02	1.539852e+01
1.237000e-05	-2.369702e-02	1.542013e+01
1.238000e-05	-2.853439e-02	1.542269e+01
1.239000e-05	-3.417786e-02	1.550529e+01
1.240000e-05	-4.032662e-02	1.550534e+01
1.241000e-05	-3.084611e-02	1.552842e+01
1.242000e-05	-3.522657e-02	1.553899e+01
1.243000e-05	-4.553206e-02	1.556950e+01
1.244000e-05	-5.166440e-02	1.558855e+01
1.245000e-05	-4.795570e-02	1.562907e+01
1.246000e-05	-4.161774e-02	1.561895e+01
1.247000e-05	-5.415789e-02	1.553802e+01
1.248000e-05	-6.507694e-02	1.558845e+01
1.249000e-05	-7.529940e-02	1.555644e+01
1.250000e-05	-7.473618e-02	1.547382e+01
1.251000e-05	-9.175726e-02	1.548414e+01
1.252000e-05	-1.205278e-01	1.545214e+01
1.253000e-05	-1.604291e-01	1.543095e+01
1.254000e-05	-2.123536e-01	1.535689e+01
1.255000e-05	-2.476998e-01	1.527427e+01
1.256000e-05	-2.500000e-01	1.527159e+01
1.257000e-05	-2.500000e-01	1.519755e+01
1.258000e-05	-2.499999e-01	1.511582e+01
1.259000e-05	-2.272066e-01	1.504164e+01
1.260000e-05	-1.589118e-01	1.492840e+01
1.261000e-05	-1.132596e-01	1.489314e+01
1.262000e-05	-8.583116e-02	1.478635e+01
1.263000e-05	-5.909413e-02	1.467319e+01
1.264000e-05	-4.580398e-02	1.457045e+01
1.265000e-05	-4.336758e-02	1.446268e+01
1.266000e-05	-4.113837e-02	1.433737e+01
1.267000e-05	-3.282282e-02	1.425201e+01
1.268000e-05	-2.433243e-02	1.406622e+01
1.269000e-05	-2.721162e-02	1.396530e+01
1.270000e-05	-3.032649e-02	1.379856e+01
1.271000e-05	-2.829566e-02	1.364214e+01
1.272000e-05	-2.091156e-02	1.352727e+01
1.273000e-05	-1.966978e-02	1.337838e+01
1.274000e-05	-2.469462e-02	1.324003e+01
1.275000e-05	-2.530411e-02	1.309254e+01
1.276000e-05	-2.037645e-02	1.293624e+01
1.277000e-05	-1.570493e-02	1.277572e+01
1.278000e-05	-2.013783e-02	1.256892e+01
1.279000e-05	-2.286575e-02	1.244986e+01
1.280000e-05	-1.933559e-02	1.223200e+01
1.281000e-05	-1.446246e-02	1.203056e+01
1.282000e-05	-1.583969e-02	1.185004e+01
1.283000e-05	-2.113250e-02	1.170043e+01
1.284000e-05	-2.039590e-02	1.143146e+01
1.285000e-05	-1.495215e-02	1.121943e+01
1.286000e-05	-1.173661e-02	1.097993e+01
1.287000e-05	-1.681337e-02	1.081943e+01
1.288000e-05	-1.866042e-02	1.059040e+01
1.289000e-05	-1.476912e-02	1.038835e+01
1.290000e-05	-1.074168e-02	1.015677e+01
1.291000e-05	-1.265359e-02	9.934740e+00
1.292000e-05	-1.647207e-02	9.691587e+00
1.293000e-05	-1.501823e-02	9.451990e+00
1.294000e-05	-1.033584e-02	9.232959e+00
1.295000e-05	-1.062401e-02	9.038905e+00
1.296000e-05	-1.462421e-02	8.767274e+00
1.297000e-05	-1.515511e-02	8.565821e+00
1.298000e-05	-1.103160e-02	8.314542e+00
1.299000e-05	-8.168792e-03	8.078935e+00
1.300000e-05	-1.076412e-02	7.816825e+00
1.301000e-05	-1.328539e-02	7.515643e+00
1.302000e-05	-1.242097e-02	7.250334e+00
1.303000e-05	-8.754608e-03	6.997827e+00
1.304000e-05	-9.879852e-03	6.744591e+00
1.305000e-05	-1.285952e-02	6.450431e+00
1.306000e-05	-1.179811e-02	6.208824e+00
1.307000e-05	-7.936202e-03	5.975672e+00
1.308000e-05	-6.560390e-03	5.660459e+00
1.309000e-05	-9.523024e-03	5.428275e+00
1.310000e-05	-1.239876e-02	5.103362e+00
1.311000e-05	-9.042912e-03	4.734694e+00
1.312000e-05	-7.022128e-03	4.494064e+00
1.313000e-05	-7.436661e-03	4.198254e+00
1.314000e-05	-9.617274e-03	3.914592e+00
1.315000e-05	-9.611858e-03	3.652512e+00
1.316000e-05	-6.943465e-03	3.387225e+00
1.317000e-05	-6.372474e-03	3.092508e+00
1.318000e-05	-9.389238e-03	2.839354e+00
1.319000e-05	-9.291712e-03	2.536071e+00
1.320000e-05	-6.597083e-03	2.249354e+00
1.321000e-05	-5.058633e-03	1.975166e+00
1.322000e-05	-6.633278e-03	1.649882e+00
1.323000e-05	-8.413642e-03	1.387720e+00
1.324000e-05	-7.039117e-03	1.029327e+00
1.325000e-05	-4.334090e-03	7.245921e-01
1.326000e-05	-4.542303e-03	4.714815e-01
1.327000e-05	-5.213432e-03	1.771699e-01
1.328000e-05	-2.745044e-03	-1.174643e-01
1.329000e-05	1.114016e-02	-3.505972e-01
1.330000e-05	-6.911565e-04	-6.854314e-01
1.331000e-05	4.105842e-03	-9.275182e-01
1.332000e-05	-4.863698e-03	-1.173349e+00
1.333000e-05	2.469682e-03	-1.520616e+00
1.334000e-05	1.147326e-03	-1.739569e+00
1.335000e-05	2.817958e-02	-1.990651e+00
1.336000e-05	1.033998e-01	-2.265878e+00
1.337000e-05	2.143884e-02	-2.584483e+00
1.338000e-05	-6.483553e-02	-3.057010e+00
1.339000e-05	-1.013998e-02	-3.379171e+00
1.340000e-05	-3.907011e-02	-3.600594e+00
1.341000e-05	-5.726205e-02	-3.781806e+00
1.342000e-05	-9.608951e-03	-3.982704e+00
1.343000e-05	1.673399e-01	-4.221278e+00
1.344000e-05	-1.717077e-01	-4.527139e+00
1.345000e-05	1.892268e-01	-4.800179e+00
1.346000e-05	-5.940822e-02	-5.074063e+00
1.347000e-05	-2.801883e-02	-5.465737e+00
1.348000e-05	9.111487e-02	-5.663963e+00
1.349000e-05	-1.620059e-01	-5.972354e+00
1.350000e-05	1.905648e-01	-6.212755e+00
1.351000e-05	-9.864897e-02	-6.517543e+00
1.352000e-05	6.215977e-02	-6.813281e+00
1.353000e-05	9.626027e-03	-7.005384e+00
1.354000e-05	-7.842497e-02	-7.371100e+00
1.355000e-05	1.173076e-01	-7.579806e+00
1.356000e-05	-1.159318e-01	-7.846139e+00
1.357000e-05	1.395442e-01	-8.149073e+00
1.358000e-05	-5.993312e-02	-8.358677e+00
1.359000e-05	3.444548e-02	-8.655933e+00
1.360000e-05	3.007285e-02	-8.894914e+00
1.361000e-05	-7.987502e-02	-9.108168e+00
1.362000e-05	9.090684e-02	-9.308592e+00
1.363000e-05	-7.112066e-02	-9.580807e+00
1.364000e-05	1.206318e-01	-9.811232e+00
1.365000e-05	-6.292477e-02	-9.973882e+00
1.366000e-05	6.062040e-02	-1.026442e+01
1.367000e-05	-3.366824e-02	-1.049706e+01
1.368000e-05	1.551645e-02	-1.070754e+01
1.369000e-05	2.198619e-02	-1.087754e+01
1.370000e-05	-1.458246e-02	-1.112747e+01
1.371000e-05	5.512881e-02	-1.133818e+01
1.372000e-05	-2.570002e-02	-1.154870e+01
1.373000e-05	5.492360e-02	-1.179015e+01
1.374000e-05	-3.626243e-02	-1.197868e+01
1.375000e-05	4.084206e-02	-1.216763e+01
1.376000e-05	-1.252659e-02	-1.232065e+01
1.377000e-05	4.629750e-02	-1.248910e+01
1.378000e-05	9.274132e-04	-1.269539e+01
1.379000e-05	1.538620e-02	-1.287694e+01
1.380000e-05	2.233156e-03	-1.302171e+01
1.381000e-05	1.068466e-02	-1.318171e+01
1.382000e-05	1.760550e-02	-1.333907e+01
1.383000e-05	9.129697e-03	-1.350694e+01
1.384000e-05	2.654044e-02	-1.360126e+01
1.385000e-05	1.221640e-02	-1.383175e+01
1.386000e-05	2.461014e-02	-1.388850e+01
1.387000e-05	5.594784e-04	-1.406439e+01
1.388000e-05	1.403203e-02	-1.419068e+01
1.389000e-05	7.625124e-03	-1.433649e+01
1.390000e-05	2.962417e-02	-1.441578e+01
1.391000e-05	1.665202e-02	-1.457962e+01
1.392000e-05	2.291832e-02	-1.466574e+01
1.393000e-05	1.138036e-02	-1.475957e+01
1.394000e-05	2.196444e-02	-1.488539e+01
1.395000e-05	1.671313e-02	-1.496000e+01
1.396000e-05	1.966717e-02	-1.502271e+01
1.397000e-05	1.908421e-02	-1.510494e+01
1.398000e-05	2.412962e-02	-1.520062e+01
1.399000e-05	2.558312e-02	-1.523489e+01
1.400000e-05	1.897416e-02	-1.528594e+01
1.401000e-05	1.967819e-02	-1.538812e+01
1.402000e-05	2.117121e-02	-1.541276e+01
1.403000e-05	3.134547e-02	-1.546434e+01
1.404000e-05	2.902549e-02	-1.551695e+01
1.405000e-05	2.965750e-02	-1.553650e+01
1.406000e-05	2.704948e-02	-1.555865e+01
1.407000e-05	3.056557e-02	-1.557013e+01
1.408000e-05	3.261958e-02	-1.561120e+01
1.409000e-05	3.279948e-02	-1.560068e+01
1.410000e-05	3.573746e-02	-1.562119e+01
1.411000e-05	4.323234e-02	-1.560073e+01
1.412000e-05	4.960618e-02	-1.557063e+01
1.413000e-05	5.130502e-02	-1.563018e+01
1.414000e-05	5.245176e-02	-1.559963e+01
1.415000e-05	6.093822e-02	-1.551850e+01
1.416000e-05	7.447685e-02	-1.552745e+01
1.417000e-05	9.298265e-02	-1.552622e+01
1.418000e-05	1.159647e-01	-1.546369e+01
1.419000e-05	1.577794e-01	-1.540261e+01
1.420000e-05	2.185001e-01	-1.539805e+01
1.421000e-05	2.490000e-01	-1.530427e+01
1.422000e-05	2.500000e-01	-1.526321e+01
1.423000e-05	2.500000e-01	-1.519898e+01
1.424000e-05	2.495645e-01	-1.511429e+01
1.425000e-05	2.185115e-01	-1.499213e+01
1.426000e-05	1.452468e-01	-1.493643e+01
1.427000e-05	9.561956e-02	-1.487419e+01
1.428000e-05	6.737109e-02	-1.475150e+01
1.429000e-05	5.203585e-02	-1.472517e+01
1.430000e-05	4.062614e-02	-1.457951e+01
1.431000e-05	3.175758e-02	-1.449319e+01
1.432000e-05	2.629310e-02	-1.433585e+01
1.433000e-05	2.370750e-02	-1.426156e+01
1.434000e-05	2.103935e-02	-1.407526e+01
1.435000e-05	1.734722e-02	-1.392595e+01
1.436000e-05	1.432579e-02	-1.381161e+01
1.437000e-05	1.476298e-02	-1.371414e+01
1.438000e-05	1.607341e-02	-1.351524e+01
1.439000e-05	1.516207e-02	-1.335898e+01
1.440000e-05	1.198449e-02	-1.321051e+01
1.441000e-05	1.046908e-02	-1.306161e+01
1.442000e-05	1.073684e-02	-1.291672e+01
1.443000e-05	1.029485e-02	-1.275685e+01
1.444000e-05	9.328133e-03	-1.258093e+01
1.445000e-05	7.136627e-03	-1.241993e+01
1.446000e-05	8.584250e-03	-1.222998e+01
1.447000e-05	8.168375e-03	-1.205051e+01
1.448000e-05	6.513414e-03	-1.185211e+01
1.449000e-05	4.672477e-03	-1.162098e+01
1.450000e-05	4.306818e-03	-1.140784e+01
1.451000e-05	5.778199e-03	-1.115875e+01
1.452000e-05	5.118528e-03	-1.099840e+01
1.453000e-05	3.946848e-03	-1.074785e+01
1.454000e-05	2.917140e-03	-1.054593e+01
1.455000e-05	3.071286e-03	-1.035422e+01
1.456000e-05	2.653033e-03	-1.009570e+01
1.457000e-05	2.374481e-03	-9.911991e+00
1.458000e-05	1.304106e-03	-9.684687e+00
1.459000e-05	6.565361e-04	-9.450512e+00
1.460000e-05	2.089459e-03	-9.178435e+00
1.461000e-05	2.708062e-04	-8.997905e+00
1.462000e-05	-9.784792e-04	-8.776323e+00
1.463000e-05	-1.248289e-03	-8.505192e+00
1.464000e-05	-3.605393e-04	-8.254037e+00
1.465000e-05	-7.106315e-04	-8.052408e+00
1.466000e-05	-1.182317e-03	-7.716799e+00
1.467000e-05	-2.766747e-03	-7.471561e+00
1.468000e-05	-2.502711e-03	-7.242858e+00
1.469000e-05	-3.173693e-03	-6.874090e+00
1.470000e-05	-2.442029e-03	-6.663065e+00
1.471000e-05	-4.644234e-03	-6.430380e+00
1.472000e-05	-2.213104e-03	-6.136267e+00
1.473000e-05	-4.599771e-03	-5.883587e+00
1.474000e-05	-2.355170e-03	-5.627430e+00
1.475000e-05	-5.264595e-03	-5.276118e+00
1.476000e-05	-5.118521e-03	-4.990455e+00
1.477000e-05	-6.225207e-03	-4.681489e+00
1.478000e-05	-4.078636e-03	-4.439505e+00
1.479000e-05	-5.019699e-03	-4.208677e+00
1.480000e-05	-5.149487e-03	-3.965591e+00
1.481000e-05	-7.454572e-03	-3.621400e+00
1.482000e-05	-6.430888e-03	-3.326697e+00
1.483000e-05	-7.583665e-03	-3.082005e+00
1.484000e-05	-6.030714e-03	-2.786821e+00
1.485000e-05	-7.981185e-03	-2.502086e+00
1.486000e-05	-6.057644e-03	-2.228300e+00
1.487000e-05	-6.919159e-03	-1.914163e+00
1.488000e-05	-7.262610e-03	-1.639432e+00
1.489000e-05	-8.394324e-03	-1.302041e+00
1.490000e-05	-8.981399e-03	-9.897789e-01
1.491000e-05	-8.717140e-03	-7.069934e-01
1.492000e-05	-8.136309e-03	-3.987750e-01
1.493000e-05	-6.658367e-03	-1.656662e-01
1.494000e-05	-7.698206e-04	1.381184e-01
1.495000e-05	5.688271e-03	4.122040e-01
1.496000e-05	-5.257329e-03	6.853340e-01
1.497000e-05	2.061223e-03	9.470947e-01
1.498000e-05	-6.551044e-03	1.253863e+00
1.499000e-05	-1.022116e-03	1.540643e+00
1.500000e-05	-4.754604e-03	1.843280e+00
1.501000e-05	1.751541e-02	2.033281e+00
1.502000e-05	6.446457e-02	2.296019e+00
1.503000e-05	6.422005e-02	2.635882e+00
1.504000e-05	-8.281018e-02	2.979624e+00
1.505000e-05	-3.222572e-02	3.284356e+00
1.506000e-05	-4.209120e-02	3.559647e+00
1.507000e-05	-2.171672e-02	3.790200e+00
1.508000e-05	-8.077670e-02	4.031251e+00
1.509000e-05	3.434169e-02	4.275834e+00
1.510000e-05	9.278608e-02	4.570146e+00
1.511000e-05	-1.247009e-01	4.811780e+00
1.512000e-05	1.643147e-01	5.136541e+00
1.513000e-05	-1.007219e-01	5.454285e+00
1.514000e-05	-1.788647e-02	5.714944e+00
1.515000e-05	2.796737e-02	6.011778e+00
1.516000e-05	-4.618721e-02	6.262712e+00
1.517000e-05	7.453087e-02	6.545537e+00
1.518000e-05	-7.975163e-02	6.822275e+00
1.519000e-05	2.759720e-02	7.054814e+00
1.520000e-05	-3.250872e-02	7.389151e+00
1.521000e-05	-1.102123e-03	7.642832e+00
1.522000e-05	-5.306424e-03	7.945543e+00
1.523000e-05	-3.535989e-02	8.222202e+00
1.524000e-05	5.559408e-02	8.421728e+00
1.525000e-05	-3.178833e-02	8.651234e+00
1.526000e-05	1.378472e-03	8.863433e+00
1.527000e-05	-2.932720e-02	9.099066e+00
1.528000e-05	-3.499720e-02	9.338049e+00
1.529000e-05	2.565840e-02	9.539196e+00
1.530000e-05	-1.383327e-02	9.832255e+00
1.531000e-05	7.260595e-03	1.006439e+01
1.532000e-05	-3.857598e-02	1.025346e+01
1.533000e-05	1.334223e-02	1.049589e+01
1.534000e-05	-2.151377e-02	1.069539e+01
1.535000e-05	-1.712285e-02	1.086749e+01
1.536000e-05	-1.906156e-02	1.110754e+01
1.537000e-05	-1.222708e-02	1.132663e+01
1.538000e-05	1.257117e-02	1.156907e+01
1.539000e-05	-2.236684e-02	1.177800e+01
1.540000e-05	-1.779400e-02	1.197867e+01
1.541000e-05	-2.812068e-02	1.212845e+01
1.542000e-05	2.756101e-03	1.232697e+01
1.543000e-05	-7.631982e-03	1.250792e+01
1.544000e-05	-1.546651e-02	1.266544e+01
1.545000e-05	-2.428152e-02	1.284334e+01
1.546000e-05	-1.677495e-02	1.303166e+01
1.547000e-05	-7.739675e-03	1.315910e+01
1.548000e-05	-2.378653e-02	1.333792e+01
1.549000e-05	-2.385526e-02	1.348486e+01
1.550000e-05	-1.556163e-02	1.364281e+01
1.551000e-05	-2.239613e-03	1.377010e+01
1.552000e-05	-1.384092e-02	1.393287e+01
1.553000e-05	-3.137008e-02	1.407436e+01
1.554000e-05	-2.774885e-02	1.416126e+01
1.555000e-05	-1.874256e-02	1.434747e+01
1.556000e-05	-1.055455e-02	1.447374e+01
1.557000e-05	-2.487843e-02	1.452947e+01
1.558000e-05	-2.555812e-02	1.467479e+01
1.559000e-05	-2.024018e-02	1.476953e+01
1.560000e-05	-1.509598e-02	1.484223e+01
1.561000e-05	-2.530144e-02	1.494639e+01
1.562000e-05	-3.429822e-02	1.498063e+01
1.563000e-05	-2.626614e-02	1.506581e+01
1.564000e-05	-1.981451e-02	1.512852e+01
1.565000e-05	-2.122478e-02	1.519068e+01
1.566000e-05	-3.760930e-02	1.529481e+01
1.567000e-05	-3.622399e-02	1.532792e+01
1.568000e-05	-3.097918e-02	1.540915e+01
1.569000e-05	-2.338637e-02	1.545219e+01
1.570000e-05	-3.330540e-02	1.547279e+01
1.571000e-05	-3.825261e-02	1.548379e+01
1.572000e-05	-3.205028e-02	1.554592e+01
1.573000e-05	-3.339127e-02	1.555692e+01
1.574000e-05	-3.728242e-02	1.556942e+01
1.575000e-05	-5.471861e-02	1.560950e+01
1.576000e-05	-4.915228e-02	1.558805e+01
1.577000e-05	-4.769821e-02	1.557950e+01
1.578000e-05	-4.710221e-02	1.560898e+01
1.579000e-05	-6.132435e-02	1.558892e+01
1.580000e-05	-6.920148e-02	1.554689e+01
1.581000e-05	-7.154725e-02	1.553682e+01
1.582000e-05	-8.183233e-02	1.549374e+01
1.583000e-05	-1.045101e-01	1.546369e+01
1.584000e-05	-1.425101e-01	1.543164e+01
1.585000e-05	-1.856065e-01	1.537045e+01
1.586000e-05	-2.379770e-01	1.528582e+01
1.587000e-05	-2.500000e-01	1.522226e+01
1.588000e-05	-2.500000e-01	1.520158e+01
1.589000e-05	-2.500000e-01	1.517745e+01
1.590000e-05	-2.441787e-01	1.510371e+01
1.591000e-05	-1.924712e-01	1.499841e+01
1.592000e-05	-1.322384e-01	1.488427e+01
1.593000e-05	-9.923974e-02	1.478851e+01
1.594000e-05	-7.096317e-02	1.469427e+01
1.595000e-05	-5.244127e-02	1.466198e+01
1.596000e-05	-4.380680e-02	1.450682e+01
1.597000e-05	-4.483828e-02	1.442001e+01
1.598000e-05	-3.598742e-02	1.430472e+01
1.599000e-05	-2.726041e-02	1.419940e+01
1.600000e-05	-2.366247e-02	1.409145e+01
1.601000e-05	-2.887259e-02	1.386264e+01
1.602000e-05	-2.964897e-02	1.371537e+01
1.603000e-05	-2.351625e-02	1.361991e+01
1.604000e-05	-2.073171e-02	1.343105e+01
1.605000e-05	-2.340423e-02	1.331566e+01
1.606000e-05	-2.679551e-02	1.314532e+01
1.607000e-05	-2.262017e-02	1.299942e+01
1.608000e-05	-1.654921e-02	1.284096e+01
1.609000e-05	-1.783749e-02	1.265306e+01
1.610000e-05	-2.237630e-02	1.250259e+01
1.611000e-05	-2.205149e-02	1.231619e+01
1.612000e-05	-1.606838e-02	1.211467e+01
1.613000e-05	-1.516084e-02	1.194572e+01
1.614000e-05	-1.875197e-02	1.173582e+01
1.615000e-05	-2.195253e-02	1.154519e+01
1.616000e-05	-1.738281e-02	1.132472e+01
1.617000e-05	-1.280182e-02	1.107516e+01
1.618000e-05	-1.411267e-02	1.093371e+01
1.619000e-05	-1.799341e-02	1.072517e+01
1.620000e-05	-1.610244e-02	1.049459e+01
1.621000e-05	-1.137875e-02	1.025306e+01
1.622000e-05	-1.170171e-02	1.006206e+01
1.623000e-05	-1.596162e-02	9.830385e+00
1.624000e-05	-1.762153e-02	9.586299e+00
1.625000e-05	-1.302604e-02	9.356771e+00
1.626000e-05	-1.054824e-02	9.153670e+00
1.627000e-05	-1.268123e-02	8.893036e+00
1.628000e-05	-1.454900e-02	8.630457e+00
1.629000e-05	-1.266150e-02	8.429379e+00
1.630000e-05	-7.653844e-03	8.155802e+00
1.631000e-05	-9.845384e-03	7.915667e+00
1.632000e-05	-1.278754e-02	7.662932e+00
1.633000e-05	-1.375767e-02	7.326749e+00
1.634000e-05	-1.020229e-02	7.125163e+00
1.635000e-05	-8.523093e-03	6.871959e+00
1.636000e-05	-1.048543e-02	6.588274e+00
1.637000e-05	-1.204190e-02	6.324545e+00
1.638000e-05	-9.143460e-03	6.061512e+00
1.639000e-05	-7.491892e-03	5.809777e+00
1.640000e-05	-8.111971e-03	5.524624e+00
1.641000e-05	-1.119533e-02	5.232401e+00
1.642000e-05	-1.073030e-02	4.854537e+00
1.643000e-05	-7.241660e-03	4.620250e+00
1.644000e-05	-7.841670e-03	4.396165e+00
1.645000e-05	-9.641194e-03	4.063311e+00
1.646000e-05	-1.002821e-02	3.726224e+00
1.647000e-05	-6.367972e-03	3.505014e+00
1.648000e-05	-5.283237e-03	3.229773e+00
1.649000e-05	-7.307909e-03	2.933692e+00
1.650000e-05	-1.000536e-02	2.693982e+00
1.651000e-05	-9.023273e-03	2.336221e+00
1.652000e-05	-6.012762e-03	2.072034e+00
1.653000e-05	-5.324269e-03	1.829852e+00
1.654000e-05	-7.627687e-03	1.503088e+00
1.655000e-05	-7.139920e-03	1.198726e+00
1.656000e-05	-5.761884e-03	8.709593e-01
1.657000e-05	-4.884338e-03	5.887239e-01
1.658000e-05	-5.765484e-03	3.145608e-01
1.659000e-05	-4.615052e-03	7.800299e-03
1.660000e-05	3.914847e-03	-2.353090e-01
1.661000e-05	9.242452e-03	-4.865932e-01
1.662000e-05	-1.058148e-03	-8.222551e-01
1.663000e-05	2.030399e-03	-1.065385e+00
1.664000e-05	-3.183255e-03	-1.360697e+00
1.665000e-05	2.129274e-03	-1.661376e+00
1.666000e-05	1.031547e-02	-1.885387e+00
1.667000e-05	5.964371e-02	-2.114591e+00
1.668000e-05	1.071246e-01	-2.454508e+00
1.669000e-05	-7.355634e-02	-2.854012e+00
1.670000e-05	-1.044281e-02	-3.192329e+00
1.671000e-05	-4.523660e-02	-3.475838e+00
1.672000e-05	-2.085766e-02	-3.695439e+00
1.673000e-05	-9.474821e-02	-3.931038e+00
1.674000e-05	1.622408e-01	-4.085961e+00
1.675000e-05	-4.014042e-02	-4.360296e+00
1.676000e-05	-2.073315e-02	-4.706031e+00
1.677000e-05	1.514677e-01	-4.865918e+00
1.678000e-05	-1.844105e-01	-5.296063e+00
1.679000e-05	1.663865e-01	-5.580155e+00
1.680000e-05	-1.360028e-01	-5.824856e+00
1.681000e-05	4.678351e-02	-6.126513e+00
1.682000e-05	8.230463e-02	-6.380196e+00
1.683000e-05	-1.016510e-01	-6.666962e+00
1.684000e-05	1.372222e-01	-6.897049e+00
1.685000e-05	-1.379103e-01	-7.203382e+00
1.686000e-05	9.436454e-02	-7.495415e+00
1.687000e-05	-3.399246e-02	-7.757618e+00
1.688000e-05	5.086343e-03	-8.023780e+00
1.689000e-05	9.432885e-02	-8.264312e+00
1.690000e-05	-9.634398e-02	-8.508617e+00
1.691000e-05	1.255819e-01	-8.812171e+00
1.692000e-05	-1.118443e-01	-9.032234e+00
1.693000e-05	6.411734e-02	-9.263488e+00
1.694000e-05	-2.554243e-02	-9.465388e+00
1.695000e-05	3.860491e-02	-9.707544e+00
1.696000e-05	4.551745e-02	-9.906616e+00
1.697000e-05	-3.700637e-02	-1.015815e+01
1.698000e-05	6.263003e-02	-1.037068e+01
1.699000e-05	-6.623103e-02	-1.062278e+01
1.700000e-05	7.630010e-02	-1.079226e+01
1.701000e-05	-4.952810e-02	-1.097180e+01
1.702000e-05	6.152860e-02	-1.122176e+01
1.703000e-05	-1.622164e-02	-1.144486e+01
1.704000e-05	3.557109e-02	-1.169544e+01
1.705000e-05	-8.346369e-04	-1.183589e+01
1.706000e-05	2.014469e-03	-1.207592e+01
1.707000e-05	1.881296e-02	-1.223484e+01
1.708000e-05	8.014705e-03	-1.247539e+01
1.709000e-05	3.933683e-02	-1.259366e+01
1.710000e-05	-8.338553e-03	-1.283268e+01
1.711000e-05	2.368522e-02	-1.296957e+01
1.712000e-05	-8.687135e-03	-1.312904e+01
1.713000e-05	3.001629e-02	-1.327492e+01
1.714000e-05	2.079029e-04	-1.342373e+01
1.715000e-05	2.826657e-02	-1.360060e+01
1.716000e-05	1.140551e-02	-1.370752e+01
1.717000e-05	2.810231e-02	-1.384789e+01
1.718000e-05	6.831380e-03	-1.401183e+01
1.719000e-05	1.130109e-02	-1.412955e+01
1.720000e-05	7.233402e-03	-1.427484e+01
1.721000e-05	2.105862e-02	-1.441215e+01
1.722000e-05	2.201196e-02	-1.447599e+01
1.723000e-05	2.073085e-02	-1.465224e+01
1.724000e-05	1.548400e-02	-1.474742e+01
1.725000e-05	1.563025e-02	-1.479118e+01
1.726000e-05	2.180295e-02	-1.490745e+01
1.727000e-05	1.734135e-02	-1.502063e+01
1.728000e-05	2.356962e-02	-1.508276e+01
1.729000e-05	1.787796e-02	-1.513644e+01
1.730000e-05	3.048909e-02	-1.522423e+01
1.731000e-05	1.660379e-02	-1.527639e+01
1.732000e-05	2.115918e-02	-1.532800e+01
1.733000e-05	1.435286e-02	-1.537063e+01
1.734000e-05	2.882611e-02	-1.543209e+01
1.735000e-05	3.163121e-02	-1.550492e+01
1.736000e-05	3.160741e-02	-1.549582e+01
1.737000e-05	2.911723e-02	-1.556745e+01
1.738000e-05	2.830980e-02	-1.555908e+01
1.739000e-05	3.291651e-02	-1.560963e+01
1.740000e-05	3.135638e-02	-1.560166e+01
1.741000e-05	3.338893e-02	-1.563273e+01
1.742000e-05	3.802789e-02	-1.563471e+01
1.743000e-05	4.791468e-02	-1.564021e+01
1.744000e-05	5.129176e-02	-1.561911e+01
1.745000e-05	5.180427e-02	-1.562218e+01
1.746000e-05	5.618599e-02	-1.554963e+01
1.747000e-05	6.814278e-02	-1.554695e+01
1.748000e-05	8.347521e-02	-1.550542e+01
1.749000e-05	1.029451e-01	-1.548579e+01
1.750000e-05	1.336350e-01	-1.543216e+01
1.751000e-05	1.880910e-01	-1.539108e+01
1.752000e-05	2.427393e-01	-1.533685e+01
1.753000e-05	2.500000e-01	-1.527529e+01
1.754000e-05	2.500000e-01	-1.518063e+01
1.755000e-05	2.500000e-01	-1.513790e+01
1.756000e-05	2.406835e-01	-1.505519e+01
1.757000e-05	1.791277e-01	-1.500900e+01
1.758000e-05	1.155833e-01	-1.487579e+01
1.759000e-05	7.810987e-02	-1.483113e+01
1.760000e-05	5.833707e-02	-1.475782e+01
1.761000e-05	4.692522e-02	-1.463151e+01
1.762000e-05	3.612733e-02	-1.452585e+01
1.763000e-05	2.825972e-02	-1.438093e+01
1.764000e-05	2.393544e-02	-1.429319e+01
1.765000e-05	2.204914e-02	-1.418843e+01
1.766000e-05	1.987953e-02	-1.402201e+01
1.767000e-05	1.559359e-02	-1.387474e+01
1.768000e-05	1.497753e-02	-1.372682e+01
1.769000e-05	1.559098e-02	-1.357845e+01
1.770000e-05	1.689218e-02	-1.343356e+01
1.771000e-05	1.259501e-02	-1.329479e+01
1.772000e-05	9.670585e-03	-1.316789e+01
1.773000e-05	1.027109e-02	-1.298038e+01
1.774000e-05	1.105573e-02	-1.286198e+01
1.775000e-05	1.047715e-02	-1.265167e+01
1.776000e-05	8.510347e-03	-1.247664e+01
1.777000e-05	7.708363e-03	-1.231374e+01
1.778000e-05	8.571231e-03	-1.213532e+01
1.779000e-05	7.504063e-03	-1.195322e+01
1.780000e-05	4.682271e-03	-1.173570e+01
1.781000e-05	3.236581e-03	-1.153617e+01
1.782000e-05	5.276629e-03	-1.125309e+01
1.783000e-05	6.597693e-03	-1.107159e+01
1.784000e-05	5.139292e-03	-1.087106e+01
1.785000e-05	3.131480e-03	-1.064256e+01
1.786000e-05	2.961455e-03	-1.047251e+01
1.787000e-05	3.072239e-03	-1.019103e+01
1.788000e-05	2.520065e-03	-1.000896e+01
1.789000e-05	8.540715e-04	-9.787429e+00
1.790000e-05	6.465476e-04	-9.598347e+00
1.791000e-05	2.005132e-03	-9.307747e+00
1.792000e-05	1.571384e-03	-9.084092e+00
1.793000e-05	-4.009137e-05	-8.875087e+00
1.794000e-05	-2.016093e-03	-8.630034e+00
1.795000e-05	-1.616232e-03	-8.337325e+00
1.796000e-05	3.172775e-05	-8.155722e+00
1.797000e-05	-3.193081e-04	-7.923088e+00
1.798000e-05	-2.919079e-03	-7.588808e+00
1.799000e-05	-3.167169e-03	-7.374697e+00
1.800000e-05	-2.805371e-03	-7.111112e+00
1.801000e-05	-2.651768e-03	-6.800403e+00
1.802000e-05	-2.913686e-03	-6.525319e+00
1.803000e-05	-3.918521e-03	-6.322663e+00
1.804000e-05	-3.619470e-03	-6.008830e+00
1.805000e-05	-3.048038e-03	-5.765696e+00
1.806000e-05	-3.587275e-03	-5.411887e+00
1.807000e-05	-6.695750e-03	-5.145298e+00
1.808000e-05	-6.537983e-03	-4.880906e+00
1.809000e-05	-5.127294e-03	-4.555642e+00
1.810000e-05	-4.984043e-03	-4.315213e+00
1.811000e-05	-5.484652e-03	-4.082506e+00
1.812000e-05	-7.255079e-03	-3.737699e+00
1.813000e-05	-5.879798e-03	-3.482611e+00
1.814000e-05	-6.825370e-03	-3.190982e+00
1.815000e-05	-5.547169e-03	-2.873614e+00
1.816000e-05	-7.419483e-03	-2.601952e+00
1.817000e-05	-6.359072e-03	-2.358173e+00
1.818000e-05	-6.500243e-03	-2.041435e+00
1.819000e-05	-6.623363e-03	-1.788220e+00
1.820000e-05	-8.985003e-03	-1.461388e+00
1.821000e-05	-9.446418e-03	-1.134671e+00
1.822000e-05	-9.682968e-03	-8.530366e-01
1.823000e-05	-7.236260e-03	-5.662175e-01
1.824000e-05	-6.293963e-03	-2.744619e-01
1.825000e-05	-5.743492e-03	-9.823874e-03
1.826000e-05	5.929459e-03	2.869367e-01
1.827000e-05	-3.685272e-03	5.485447e-01
1.828000e-05	9.105769e-04	8.411261e-01
1.829000e-05	-5.073075e-03	1.118490e+00
1.830000e-05	-1.528268e-03	1.389754e+00
1.831000e-05	-4.402409e-03	1.718491e+00
1.832000e-05	7.479124e-03	1.939520e+00
1.833000e-05	3.235340e-02	2.159645e+00
1.834000e-05	9.712777e-02	2.443984e+00
1.835000e-05	-3.184016e-02	2.852306e+00
1.836000e-05	-5.862199e-02	3.107021e+00
1.837000e-05	-3.796947e-02	3.472804e+00
1.838000e-05	-2.419198e-02	3.684814e+00
1.839000e-05	-5.818547e-02	3.937916e+00
1.840000e-05	-4.427348e-02	4.137144e+00
1.841000e-05	1.157834e-01	4.410828e+00
1.842000e-05	-5.558102e-02	4.737418e+00
1.843000e-05	1.771500e-02	4.948547e+00
1.844000e-05	8.881323e-02	5.286566e+00
1.845000e-05	-1.467006e-01	5.579179e+00
1.846000e-05	7.909734e-02	5.823909e+00
1.847000e-05	-6.255355e-02	6.117068e+00
1.848000e-05	4.793502e-02	6.338172e+00
1.849000e-05	-6.200302e-03	6.675938e+00
1.850000e-05	-5.108753e-02	6.918145e+00
1.851000e-05	3.909605e-02	7.202806e+00
1.852000e-05	-6.206975e-02	7.486507e+00
1.853000e-05	4.343374e-02	7.770244e+00
1.854000e-05	-6.760334e-02	8.045408e+00
1.855000e-05	4.063189e-02	8.315963e+00
1.856000e-05	8.612385e-03	8.517516e+00
1.857000e-05	-2.960943e-02	8.748096e+00
1.858000e-05	1.067377e-02	8.950654e+00
1.859000e-05	-6.797575e-02	9.233358e+00
1.860000e-05	2.781955e-02	9.473935e+00
1.861000e-05	-1.713135e-02	9.686437e+00
1.862000e-05	1.996320e-02	9.949543e+00
1.863000e-05	-3.662544e-02	1.015807e+01
1.864000e-05	-1.741321e-03	1.037022e+01
1.865000e-05	-3.498235e-03	1.057028e+01
1.866000e-05	-2.553856e-02	1.083130e+01
1.867000e-05	-1.176266e-02	1.100166e+01
1.868000e-05	-2.793758e-02	1.122236e+01
1.869000e-05	1.678481e-02	1.145334e+01
1.870000e-05	-1.781283e-02	1.166446e+01
1.871000e-05	-9.125707e-03	1.185481e+01
1.872000e-05	-3.860071e-02	1.202391e+01
1.873000e-05	-1.056185e-03	1.227173e+01
1.874000e-05	-7.288391e-03	1.241183e+01
1.875000e-05	-7.197949e-03	1.259961e+01
1.876000e-05	-2.428550e-02	1.278023e+01
1.877000e-05	-2.118860e-02	1.290744e+01
1.878000e-05	-7.339513e-03	1.309596e+01
1.879000e-05	-2.024394e-02	1.324331e+01
1.880000e-05	-2.123120e-02	1.341928e+01
1.881000e-05	-2.723860e-02	1.355059e+01
1.882000e-05	3.692189e-04	1.370484e+01
1.883000e-05	-1.137830e-02	1.382236e+01
1.884000e-05	-1.887231e-02	1.400218e+01
1.885000e-05	-3.663727e-02	1.414757e+01
1.886000e-05	-2.071041e-02	1.428383e+01
1.887000e-05	-1.336249e-02	1.438121e+01
1.888000e-05	-1.805863e-02	1.449344e+01
1.889000e-05	-2.651762e-02	1.461073e+01
1.890000e-05	-2.583738e-02	1.469545e+01
1.891000e-05	-1.213976e-02	1.482158e+01
1.892000e-05	-2.291619e-02	1.488436e+01
1.893000e-05	-2.712779e-02	1.494812e+01
1.894000e-05	-3.443323e-02	1.504174e+01
1.895000e-05	-1.904116e-02	1.509547e+01
1.896000e-05	-1.999305e-02	1.514856e+01
1.897000e-05	-2.863934e-02	1.524281e+01
1.898000e-05	-3.941541e-02	1.528537e+01
1.899000e-05	-3.506138e-02	1.537956e+01
1.900000e-05	-2.358833e-02	1.542021e+01
1.901000e-05	-2.963618e-02	1.546376e+01
1.902000e-05	-3.562577e-02	1.547334e+01
1.903000e-05	-4.000857e-02	1.552434e+01
1.904000e-05	-3.027039e-02	1.553642e+01
1.905000e-05	-3.624538e-02	1.555700e+01
1.906000e-05	-4.634213e-02	1.558850e+01
1.907000e-05	-5.300168e-02	1.561102e+01
1.908000e-05	-4.678906e-02	1.558758e+01
1.909000e-05	-4.272493e-02	1.559955e+01
1.910000e-05	-5.449599e-02	1.556795e+01
1.911000e-05	-6.632990e-02	1.556897e+01
1.912000e-05	-7.384306e-02	1.551685e+01
1.913000e-05	-7.518619e-02	1.551377e+01
1.914000e-05	-9.270435e-02	1.549221e+01
1.915000e-05	-1.237719e-01	1.547166e+01
1.916000e-05	-1.631059e-01	1.540956e+01
1.917000e-05	-2.150197e-01	1.536747e+01
1.918000e-05	-2.483998e-01	1.528582e+01
1.919000e-05	-2.500000e-01	1.522171e+01
1.920000e-05	-2.500000e-01	1.513900e+01
1.921000e-05	-2.499899e-01	1.510579e+01
1.922000e-05	-2.242524e-01	1.505156e+01
1.923000e-05	-1.569885e-01	1.493784e+01
1.924000e-05	-1.126123e-01	1.486214e+01
1.925000e-05	-8.406695e-02	1.471687e+01
1.926000e-05	-5.892374e-02	1.467356e+01
1.927000e-05	-4.501274e-02	1.454802e+01
1.928000e-05	-4.368743e-02	1.449161e+01
1.929000e-05	-4.067426e-02	1.436635e+01
1.930000e-05	-3.300262e-02	1.423108e+01
1.931000e-05	-2.378474e-02	1.407471e+01
1.932000e-05	-2.799507e-02	1.396535e+01
1.933000e-05	-3.072041e-02	1.379895e+01
1.934000e-05	-2.776037e-02	1.367271e+01
1.935000e-05	-2.040300e-02	1.350577e+01
1.936000e-05	-1.991764e-02	1.337795e+01
1.937000e-05	-2.523842e-02	1.323895e+01
1.938000e-05	-2.466710e-02	1.303258e+01
1.939000e-05	-1.955272e-02	1.286472e+01
1.940000e-05	-1.609730e-02	1.273574e+01
1.941000e-05	-2.053038e-02	1.259640e+01
1.942000e-05	-2.251025e-02	1.242935e+01
1.943000e-05	-1.926107e-02	1.221848e+01
1.944000e-05	-1.470338e-02	1.202096e+01
1.945000e-05	-1.622634e-02	1.181051e+01
1.946000e-05	-2.152171e-02	1.164041e+01
1.947000e-05	-1.923911e-02	1.145143e+01
1.948000e-05	-1.514639e-02	1.121041e+01
1.949000e-05	-1.179022e-02	1.099038e+01
1.950000e-05	-1.661052e-02	1.083743e+01
1.951000e-05	-1.780983e-02	1.056845e+01
1.952000e-05	-1.398511e-02	1.035682e+01
1.953000e-05	-1.118865e-02	1.017725e+01
1.954000e-05	-1.346427e-02	9.894664e+00
1.955000e-05	-1.667667e-02	9.712488e+00
1.956000e-05	-1.469146e-02	9.451982e+00
1.957000e-05	-1.124563e-02	9.229455e+00
1.958000e-05	-1.054337e-02	8.988828e+00
1.959000e-05	-1.440139e-02	8.776746e+00
1.960000e-05	-1.382389e-02	8.526716e+00
1.961000e-05	-1.021551e-02	8.282637e+00
1.962000e-05	-7.972241e-03	8.051404e+00
1.963000e-05	-1.066306e-02	7.778772e+00
1.964000e-05	-1.353518e-02	7.525586e+00
1.965000e-05	-1.154863e-02	7.218882e+00
1.966000e-05	-9.290849e-03	6.948301e+00
1.967000e-05	-9.667166e-03	6.735115e+00
1.968000e-05	-1.266580e-02	6.412355e+00
1.969000e-05	-1.137152e-02	6.207774e+00
1.970000e-05	-7.813613e-03	5.955645e+00
1.971000e-05	-6.379669e-03	5.669958e+00
1.972000e-05	-9.922290e-03	5.387878e+00
1.973000e-05	-1.109694e-02	5.092407e+00
1.974000e-05	-8.652265e-03	4.734666e+00
1.975000e-05	-7.061062e-03	4.492535e+00
1.976000e-05	-8.012709e-03	4.209329e+00
1.977000e-05	-1.048103e-02	3.893559e+00
1.978000e-05	-8.425029e-03	3.652505e+00
1.979000e-05	-6.610464e-03	3.336170e+00
1.980000e-05	-5.438866e-03	3.073087e+00
1.981000e-05	-8.955212e-03	2.818828e+00
1.982000e-05	-8.846972e-03	2.562564e+00
1.983000e-05	-6.394805e-03	2.208348e+00
1.984000e-05	-5.102889e-03	1.946641e+00
1.985000e-05	-7.238530e-03	1.691508e+00
1.986000e-05	-8.141302e-03	1.335091e+00
1.987000e-05	-7.010357e-03	1.036804e+00
1.988000e-05	-4.486042e-03	6.931109e-01
1.989000e-05	-5.338904e-03	4.614041e-01
1.990000e-05	-4.938765e-03	1.740924e-01
1.991000e-05	-2.798098e-03	-9.954329e-02
1.992000e-05	1.155785e-02	-3.621975e-01
1.993000e-05	-1.611199e-03	-6.669094e-01
1.994000e-05	3.970950e-03	-9.290946e-01
1.995000e-05	-4.801940e-03	-1.202370e+00
1.996000e-05	3.112286e-03	-1.479017e+00
1.997000e-05	1.208182e-03	-1.770224e+00
1.998000e-05	3.006458e-02	-1.971229e+00
1.999000e-05	1.067728e-01	-2.257409e+00
2.000000e-05	1.201987e-02	-2.643935e+00
2.001000e-05	-5.940448e-02	-3.036408e+00
2.002000e-05	-1.366258e-02	-3.360151e+00
2.003000e-05	-3.705695e-02	-3.560149e+00
2.004000e-05	-6.266871e-02	-3.834807e+00
2.005000e-05	5.313610e-03	-4.062257e+00
2.006000e-05	1.554456e-01	-4.221758e+00
2.007000e-05	-1.697798e-01	-4.551520e+00
2.008000e-05	1.987328e-01	-4.771250e+00
2.009000e-05	-8.228867e-02	-5.117611e+00
2.010000e-05	-8.273276e-03	-5.446784e+00
2.011000e-05	7.181085e-02	-5.665438e+00
2.012000e-05	-1.522571e-01	-6.000354e+00
2.013000e-05	1.914701e-01	-6.222259e+00
2.014000e-05	-1.097566e-01	-6.547565e+00
2.015000e-05	7.699102e-02	-6.821380e+00
2.016000e-05	-7.351608e-03	-7.025960e+00
2.017000e-05	-6.376156e-02	-7.370674e+00
2.018000e-05	1.088140e-01	-7.552275e+00
2.019000e-05	-1.129692e-01	-7.907517e+00
2.020000e-05	1.458859e-01	-8.159597e+00
2.021000e-05	-7.360907e-02	-8.400278e+00
2.022000e-05	5.043469e-02	-8.643989e+00
2.023000e-05	1.386003e-02	-8.847021e+00
2.024000e-05	-6.676564e-02	-9.149170e+00
2.025000e-05	8.511762e-02	-9.369150e+00
2.026000e-05	-6.537552e-02	-9.590253e+00
2.027000e-05	1.227718e-01	-9.853304e+00
2.028000e-05	-6.995816e-02	-1.004342e+01
2.029000e-05	6.673124e-02	-1.031689e+01
2.030000e-05	-4.477791e-02	-1.049599e+01
2.031000e-05	2.557385e-02	-1.069647e+01
2.032000e-05	1.500741e-02	-1.090607e+01
2.033000e-05	-6.030882e-03	-1.113010e+01
2.034000e-05	5.215659e-02	-1.135962e+01
2.035000e-05	-2.182787e-02	-1.159085e+01
2.036000e-05	5.218097e-02	-1.181163e+01
2.037000e-05	-3.892192e-02	-1.199225e+01
2.038000e-05	3.901750e-02	-1.218110e+01
2.039000e-05	-1.455581e-02	-1.233810e+01
2.040000e-05	4.888360e-02	-1.251900e+01
2.041000e-05	-4.313237e-04	-1.270444e+01
2.042000e-05	1.867355e-02	-1.290649e+01
2.043000e-05	7.940485e-04	-1.304333e+01
2.044000e-05	1.448269e-02	-1.323180e+01
2.045000e-05	1.523314e-02	-1.333808e+01
2.046000e-05	9.663931e-03	-1.349752e+01
2.047000e-05	2.474504e-02	-1.359281e+01
2.048000e-05	1.355530e-02	-1.380376e+01
2.049000e-05	2.368916e-02	-1.393852e+01
2.050000e-05	1.087336e-03	-1.406547e+01
2.051000e-05	1.418608e-02	-1.423269e+01
2.052000e-05	9.805083e-03	-1.435897e+01
2.053000e-05	3.019119e-02	-1.446536e+01
2.054000e-05	1.696200e-02	-1.454916e+01
2.055000e-05	2.271535e-02	-1.468539e+01
2.056000e-05	1.018502e-02	-1.475868e+01
2.057000e-05	2.226751e-02	-1.488586e+01
2.058000e-05	1.608610e-02	-1.491950e+01
2.059000e-05	2.038135e-02	-1.506178e+01
2.060000e-05	1.926915e-02	-1.509537e+01
2.061000e-05	2.540962e-02	-1.515908e+01
2.062000e-05	2.576980e-02	-1.523571e+01
2.063000e-05	1.960630e-02	-1.530587e+01
2.064000e-05	1.899204e-02	-1.538810e+01
2.065000e-05	2.102991e-02	-1.541266e+01
2.066000e-05	3.122874e-02	-1.549234e+01
2.067000e-05	2.906269e-02	-1.551534e+01
2.068000e-05	2.977975e-02	-1.553752e+01
2.069000e-05	2.616870e-02	-1.551998e+01
2.070000e-05	3.269117e-02	-1.556956e+01
2.071000e-05	3.198882e-02	-1.560868e+01
2.072000e-05	3.349657e-02	-1.561116e+01
2.073000e-05	3.585545e-02	-1.566069e+01
2.074000e-05	4.402493e-02	-1.562319e+01
2.075000e-05	4.945038e-02	-1.563123e+01
2.076000e-05	5.130192e-02	-1.559913e+01
2.077000e-05	5.184213e-02	-1.562053e+01
2.078000e-05	6.184133e-02	-1.558853e+01
2.079000e-05	7.571866e-02	-1.551848e+01
2.080000e-05	9.415368e-02	-1.553482e+01
2.081000e-05	1.173305e-01	-1.545469e+01
2.082000e-05	1.595935e-01	-1.542013e+01
2.083000e-05	2.205593e-01	-1.535945e+01
2.084000e-05	2.492000e-01	-1.533724e+01
2.085000e-05	2.500000e-01	-1.526276e+01
2.086000e-05	2.500000e-01	-1.516993e+01
2.087000e-05	2.492483e-01	-1.513419e+01
2.088000e-05	2.156615e-01	-1.502208e+01
2.089000e-05	1.419290e-01	-1.492795e+01
2.090000e-05	9.333355e-02	-1.486321e+01
2.091000e-05	6.682340e-02	-1.477036e+01
2.092000e-05	5.179403e-02	-1.468319e+01
2.093000e-05	4.042267e-02	-1.457860e+01
2.094000e-05	3.141556e-02	-1.448312e+01
2.095000e-05	2.563004e-02	-1.434532e+01
2.096000e-05	2.386683e-02	-1.418311e+01
2.097000e-05	2.122395e-02	-1.408675e+01
2.098000e-05	1.742369e-02	-1.396697e+01
2.099000e-05	1.451916e-02	-1.383193e+01
2.100000e-05	1.457319e-02	-1.366364e+01
2.101000e-05	1.641305e-02	-1.353582e+01
2.102000e-05	1.389551e-02	-1.336888e+01
2.103000e-05	1.101113e-02	-1.323060e+01
2.104000e-05	1.036572e-02	-1.305406e+01
2.105000e-05	1.134827e-02	-1.291527e+01
2.106000e-05	1.074873e-02	-1.274680e+01
2.107000e-05	9.822697e-03	-1.256886e+01
2.108000e-05	7.480139e-03	-1.241941e+01
2.109000e-05	7.807823e-03	-1.218101e+01
2.110000e-05	8.380015e-03	-1.204203e+01
2.111000e-05	5.840688e-03	-1.184205e+01
2.112000e-05	4.402774e-03	-1.161078e+01
2.113000e-05	4.239042e-03	-1.139878e+01
2.114000e-05	6.467150e-03	-1.114580e+01
2.115000e-05	5.225124e-03	-1.093787e+01
2.116000e-05	3.856096e-03	-1.073732e+01
2.117000e-05	3.014650e-03	-1.056782e+01
2.118000e-05	2.661034e-03	-1.033524e+01
2.119000e-05	2.868529e-03	-1.011421e+01
2.120000e-05	1.882075e-03	-9.864136e+00
2.121000e-05	9.717997e-04	-9.663562e+00
2.122000e-05	1.390131e-03	-9.410358e+00
2.123000e-05	2.617921e-03	-9.209330e+00
2.124000e-05	1.389033e-03	-8.956902e+00
2.125000e-05	-1.090474e-03	-8.766246e+00
2.126000e-05	-1.682996e-03	-8.484062e+00
2.127000e-05	5.289653e-05	-8.231557e+00
2.128000e-05	-3.781643e-04	-8.041029e+00
2.129000e-05	-1.535962e-03	-7.766721e+00
2.130000e-05	-2.841917e-03	-7.463007e+00
2.131000e-05	-2.284723e-03	-7.170957e+00
2.132000e-05	-2.632112e-03	-6.924095e+00
2.133000e-05	-3.728448e-03	-6.653058e+00
2.134000e-05	-4.611576e-03	-6.411430e+00
2.135000e-05	-2.436922e-03	-6.115642e+00
2.136000e-05	-3.095488e-03	-5.882487e+00
2.137000e-05	-3.773108e-03	-5.628857e+00
2.138000e-05	-5.672009e-03	-5.303564e+00
2.139000e-05	-6.545245e-03	-5.006801e+00
2.140000e-05	-5.081206e-03	-4.652041e+00
2.141000e-05	-4.398998e-03	-4.440953e+00
2.142000e-05	-5.179846e-03	-4.187249e+00
2.143000e-05	-5.479531e-03	-3.913487e+00
2.144000e-05	-5.925608e-03	-3.628329e+00
2.145000e-05	-6.121533e-03	-3.338721e+00
2.146000e-05	-7.264484e-03	-3.072354e+00
2.147000e-05	-7.552933e-03	-2.776191e+00
2.148000e-05	-7.729942e-03	-2.443565e+00
2.149000e-05	-5.782906e-03	-2.197716e+00
2.150000e-05	-6.322969e-03	-1.895013e+00
2.151000e-05	-7.729511e-03	-1.661503e+00
2.152000e-05	-8.953260e-03	-1.363015e+00
2.153000e-05	-7.867863e-03	-9.688774e-01
2.154000e-05	-8.421189e-03	-7.341409e-01
2.155000e-05	-7.820491e-03	-3.983274e-01
2.156000e-05	-6.756145e-03	-1.366948e-01
2.157000e-05	3.205591e-04	1.396212e-01
2.158000e-05	5.911197e-03	4.223539e-01
2.159000e-05	-4.644762e-03	6.779179e-01
2.160000e-05	1.056969e-03	8.976434e-01
2.161000e-05	-6.525676e-03	1.264305e+00
2.162000e-05	-2.741279e-04	1.580696e+00
2.163000e-05	-3.465202e-03	1.863785e+00
2.164000e-05	1.778805e-02	2.074308e+00
2.165000e-05	6.843545e-02	2.297545e+00
2.166000e-05	5.777415e-02	2.696408e+00
2.167000e-05	-8.369953e-02	2.989676e+00
2.168000e-05	-3.092437e-02	3.262934e+00
2.169000e-05	-4.183425e-02	3.582147e+00
2.170000e-05	-2.298597e-02	3.821725e+00
2.171000e-05	-7.939844e-02	3.982231e+00
2.172000e-05	4.259284e-02	4.283986e+00
2.173000e-05	8.372750e-02	4.579674e+00
2.174000e-05	-1.208436e-01	4.860807e+00
2.175000e-05	1.696372e-01	5.130088e+00
2.176000e-05	-1.142034e-01	5.463767e+00
2.177000e-05	-4.250974e-03	5.714566e+00
2.178000e-05	1.771235e-02	6.042724e+00
2.179000e-05	-3.960138e-02	6.283288e+00
2.180000e-05	7.118735e-02	6.537989e+00
2.181000e-05	-8.179822e-02	6.812854e+00
2.182000e-05	3.367161e-02	7.075414e+00
2.183000e-05	-3.826126e-02	7.348095e+00
2.184000e-05	6.382776e-03	7.654406e+00
2.185000e-05	-1.281274e-02	7.928571e+00
2.186000e-05	-2.971307e-02	8.181102e+00
2.187000e-05	5.267591e-02	8.452729e+00
2.188000e-05	-3.403384e-02	8.633810e+00
2.189000e-05	5.078454e-03	8.872487e+00
2.190000e-05	-3.480581e-02	9.118021e+00
2.191000e-05	-2.882583e-02	9.357575e+00
2.192000e-05	2.285344e-02	9.589780e+00
2.193000e-05	-1.009391e-02	9.832358e+00
2.194000e-05	2.631551e-03	1.006543e+01
2.195000e-05	-3.634109e-02	1.026489e+01
2.196000e-05	1.293444e-02	1.049647e+01
2.197000e-05	-2.246776e-02	1.070842e+01
2.198000e-05	-1.632155e-02	1.089699e+01
2.199000e-05	-2.049861e-02	1.112707e+01
2.200000e-05	-9.986584e-03	1.131807e+01
2.201000e-05	1.000037e-02	1.156912e+01
2.202000e-05	-2.144808e-02	1.174872e+01
2.203000e-05	-2.017235e-02	1.197965e+01
2.204000e-05	-2.604565e-02	1.211910e+01
2.205000e-05	2.171776e-03	1.237702e+01
2.206000e-05	-6.476066e-03	1.253744e+01
2.207000e-05	-1.706789e-02	1.268491e+01
2.208000e-05	-2.380455e-02	1.284384e+01
2.209000e-05	-1.685270e-02	1.302268e+01
2.210000e-05	-8.690967e-03	1.317018e+01
2.211000e-05	-2.397794e-02	1.332700e+01
2.212000e-05	-2.367403e-02	1.347586e+01
2.213000e-05	-1.494678e-02	1.362126e+01
2.214000e-05	-2.861436e-03	1.373960e+01
2.215000e-05	-1.369419e-02	1.393500e+01
2.216000e-05	-3.274976e-02	1.406431e+01
2.217000e-05	-2.712297e-02	1.423031e+01
2.218000e-05	-1.772870e-02	1.431857e+01
2.219000e-05	-1.029569e-02	1.445279e+01
2.220000e-05	-2.566411e-02	1.462055e+01
2.221000e-05	-2.619876e-02	1.466374e+01
2.222000e-05	-1.939780e-02	1.479855e+01
2.223000e-05	-1.591777e-02	1.486381e+01
2.224000e-05	-2.444439e-02	1.490805e+01
2.225000e-05	-3.446228e-02	1.504068e+01
2.226000e-05	-2.539840e-02	1.507539e+01
2.227000e-05	-2.029053e-02	1.514642e+01
2.228000e-05	-2.043721e-02	1.520113e+01
2.229000e-05	-3.802487e-02	1.530439e+01
2.230000e-05	-3.678973e-02	1.532745e+01
2.231000e-05	-2.896508e-02	1.538963e+01
2.232000e-05	-2.385556e-02	1.542118e+01
2.233000e-05	-3.264357e-02	1.547427e+01
2.234000e-05	-4.048244e-02	1.550431e+01
2.235000e-05	-3.312947e-02	1.552694e+01
2.236000e-05	-3.415939e-02	1.554785e+01
2.237000e-05	-3.855818e-02	1.555805e+01
2.238000e-05	-5.288222e-02	1.559945e+01
2.239000e-05	-4.891430e-02	1.561055e+01
2.240000e-05	-4.512062e-02	1.560852e+01
2.241000e-05	-4.632286e-02	1.557797e+01
2.242000e-05	-6.235834e-02	1.556797e+01
2.243000e-05	-7.209029e-02	1.554485e+01
2.244000e-05	-7.369697e-02	1.552732e+01
2.245000e-05	-8.347739e-02	1.550321e+01
2.246000e-05	-1.062328e-01	1.547266e+01
2.247000e-05	-1.443162e-01	1.546368e+01
2.248000e-05	-1.875080e-01	1.536897e+01
2.249000e-05	-2.385676e-01	1.529679e+01
2.250000e-05	-2.500000e-01	1.523271e+01
2.251000e-05	-2.500000e-01	1.520053e+01
2.252000e-05	-2.500000e-01	1.514795e+01
2.253000e-05	-2.431373e-01	1.507314e+01
2.254000e-05	-1.896317e-01	1.495995e+01
2.255000e-05	-1.291494e-01	1.490424e+01
2.256000e-05	-9.792959e-02	1.478098e+01
2.257000e-05	-6.940484e-02	1.471532e+01
2.258000e-05	-5.231021e-02	1.467051e+01
2.259000e-05	-4.231506e-02	1.449417e+01
2.260000e-05	-4.367091e-02	1.440906e+01
2.261000e-05	-3.677140e-02	1.432421e+01
2.262000e-05	-2.816923e-02	1.414730e+01
2.263000e-05	-2.458155e-02	1.401951e+01
2.264000e-05	-2.916088e-02	1.389368e+01
2.265000e-05	-2.977487e-02	1.373580e+01
2.266000e-05	-2.365702e-02	1.356888e+01
2.267000e-05	-1.908156e-02	1.342296e+01
2.268000e-05	-2.250380e-02	1.329764e+01
2.269000e-05	-2.597154e-02	1.314530e+01
2.270000e-05	-2.348078e-02	1.295737e+01
2.271000e-05	-1.752849e-02	1.280150e+01
2.272000e-05	-1.806759e-02	1.261054e+01
2.273000e-05	-2.156043e-02	1.250564e+01
2.274000e-05	-2.186297e-02	1.233524e+01
2.275000e-05	-1.652044e-02	1.211522e+01
2.276000e-05	-1.360414e-02	1.197574e+01
2.277000e-05	-1.857517e-02	1.174569e+01
2.278000e-05	-2.134384e-02	1.154522e+01
2.279000e-05	-1.766208e-02	1.129409e+01
2.280000e-05	-1.237746e-02	1.108262e+01
2.281000e-05	-1.370708e-02	1.089359e+01
2.282000e-05	-1.767790e-02	1.072109e+01
2.283000e-05	-1.754736e-02	1.050266e+01
2.284000e-05	-1.149675e-02	1.025998e+01
2.285000e-05	-1.195597e-02	1.004991e+01
2.286000e-05	-1.496547e-02	9.758324e+00
2.287000e-05	-1.664220e-02	9.587700e+00
2.288000e-05	-1.222700e-02	9.335776e+00
2.289000e-05	-9.804399e-03	9.134666e+00
2.290000e-05	-1.253797e-02	8.861562e+00
2.291000e-05	-1.439364e-02	8.609976e+00
2.292000e-05	-1.334793e-02	8.417351e+00
2.293000e-05	-9.051992e-03	8.135226e+00
2.294000e-05	-9.660898e-03	7.853107e+00
2.295000e-05	-1.214951e-02	7.662853e+00
2.296000e-05	-1.345815e-02	7.335220e+00
2.297000e-05	-9.805711e-03	7.093087e+00
2.298000e-05	-7.945818e-03	6.850357e+00
2.299000e-05	-1.037535e-02	6.547275e+00
2.300000e-05	-1.242671e-02	6.304190e+00
2.301000e-05	-1.088349e-02	6.042431e+00
2.302000e-05	-7.552693e-03	5.767229e+00
2.303000e-05	-8.928514e-03	5.503566e+00
2.304000e-05	-1.157276e-02	5.228330e+00
2.305000e-05	-1.115158e-02	4.860486e+00
2.306000e-05	-7.157172e-03	4.619824e+00
2.307000e-05	-5.740696e-03	4.395146e+00
2.308000e-05	-8.223083e-03	4.029882e+00
2.309000e-05	-9.414415e-03	3.786195e+00
2.310000e-05	-7.991397e-03	3.512565e+00
2.311000e-05	-6.197546e-03	3.208300e+00
2.312000e-05	-8.358333e-03	2.944191e+00
2.313000e-05	-1.024267e-02	2.680982e+00
2.314000e-05	-8.083598e-03	2.365139e+00
2.315000e-05	-5.070998e-03	2.072036e+00
2.316000e-05	-5.381525e-03	1.830853e+00
2.317000e-05	-7.275703e-03	1.512561e+00
2.318000e-05	-6.706448e-03	1.186724e+00
2.319000e-05	-5.267345e-03	8.099067e-01
2.320000e-05	-4.175313e-03	5.461699e-01
2.321000e-05	-6.230121e-03	3.055582e-01
2.322000e-05	-4.810939e-03	7.693553e-03
2.323000e-05	3.084731e-03	-2.548602e-01
2.324000e-05	7.574831e-03	-5.160671e-01
2.325000e-05	-2.317941e-03	-8.728277e-01
2.326000e-05	2.087023e-03	-1.075959e+00
2.327000e-05	-1.540595e-03	-1.413327e+00
2.328000e-05	3.189028e-03	-1.662284e+00
2.329000e-05	1.272110e-02	-1.904883e+00
2.330000e-05	6.352473e-02	-2.117493e+00
2.331000e-05	1.014940e-01	-2.426005e+00
2.332000e-05	-7.715630e-02	-2.894058e+00
2.333000e-05	-7.675485e-03	-3.264330e+00
2.334000e-05	-4.739936e-02	-3.475361e+00
2.335000e-05	-2.261674e-02	-3.696562e+00
2.336000e-05	-9.330851e-02	-3.899521e+00
2.337000e-05	1.732323e-01	-4.097965e+00
2.338000e-05	-6.096001e-02	-4.369749e+00
2.339000e-05	-1.794591e-04	-4.736017e+00
2.340000e-05	1.364140e-01	-4.908646e+00
2.341000e-05	-1.809199e-01	-5.288091e+00
2.342000e-05	1.695802e-01	-5.599201e+00
2.343000e-05	-1.551878e-01	-5.854808e+00
2.344000e-05	6.769113e-02	-6.117593e+00
2.345000e-05	6.284057e-02	-6.358722e+00
2.346000e-05	-8.708373e-02	-6.717937e+00
2.347000e-05	1.340062e-01	-6.907626e+00
2.348000e-05	-1.386914e-01	-7.264385e+00
2.349000e-05	1.052747e-01	-7.477988e+00
2.350000e-05	-4.946681e-02	-7.748173e+00
2.351000e-05	1.867616e-02	-8.024438e+00
2.352000e-05	7.867062e-02	-8.274913e+00
2.353000e-05	-8.813732e-02	-8.559672e+00
2.354000e-05	1.249114e-01	-8.800753e+00
2.355000e-05	-1.137038e-01	-9.052760e+00
2.356000e-05	7.517457e-02	-9.266339e+00
2.357000e-05	-3.391156e-02	-9.474338e+00
2.358000e-05	5.000014e-02	-9.719544e+00
2.359000e-05	3.166600e-02	-9.927147e+00
2.360000e-05	-2.954416e-02	-1.016968e+01
2.361000e-05	5.505226e-02	-1.038078e+01
2.362000e-05	-6.084060e-02	-1.063333e+01
2.363000e-05	7.545352e-02	-1.081278e+01
2.364000e-05	-4.957373e-02	-1.102341e+01
2.365000e-05	6.572937e-02	-1.124431e+01
2.366000e-05	-2.115453e-02	-1.145494e+01
2.367000e-05	4.058185e-02	-1.166594e+01
2.368000e-05	-7.101414e-03	-1.186394e+01
2.369000e-05	7.860033e-03	-1.208699e+01
2.370000e-05	1.528064e-02	-1.227489e+01
2.371000e-05	1.274306e-02	-1.249536e+01
2.372000e-05	3.555180e-02	-1.260178e+01
2.373000e-05	-6.856473e-03	-1.281166e+01
2.374000e-05	2.171723e-02	-1.302857e+01
2.375000e-05	-7.752846e-03	-1.311800e+01
2.376000e-05	2.982698e-02	-1.326488e+01
2.377000e-05	1.497285e-04	-1.339376e+01
2.378000e-05	2.969489e-02	-1.356812e+01
2.379000e-05	9.995598e-03	-1.374812e+01
2.380000e-05	2.778726e-02	-1.389791e+01
2.381000e-05	4.841434e-03	-1.400183e+01
2.382000e-05	1.220616e-02	-1.415060e+01
2.383000e-05	6.683053e-03	-1.428292e+01
2.384000e-05	2.439737e-02	-1.441376e+01
2.385000e-05	2.151206e-02	-1.451652e+01
2.386000e-05	2.009929e-02	-1.461224e+01
2.387000e-05	1.654482e-02	-1.469747e+01
2.388000e-05	1.451888e-02	-1.483275e+01
2.389000e-05	2.249529e-02	-1.490742e+01
2.390000e-05	1.576838e-02	-1.500166e+01
2.391000e-05	2.273094e-02	-1.506432e+01
2.392000e-05	1.791016e-02	-1.517599e+01
2.393000e-05	2.872780e-02	-1.525165e+01
2.394000e-05	1.817250e-02	-1.523639e+01
2.395000e-05	2.126220e-02	-1.537702e+01
2.396000e-05	1.728661e-02	-1.544166e+01
2.397000e-05	2.980642e-02	-1.546326e+01
2.398000e-05	3.016360e-02	-1.548637e+01
2.399000e-05	2.940613e-02	-1.552594e+01
2.400000e-05	2.765654e-02	-1.555913e+01
2.401000e-05	2.868214e-02	-1.558063e+01
2.402000e-05	3.349112e-02	-1.557116e+01
2.403000e-05	3.213556e-02	-1.563009e+01
2.404000e-05	3.480946e-02	-1.560073e+01
2.405000e-05	3.955167e-02	-1.564168e+01
2.406000e-05	4.809887e-02	-1.561113e+01
2.407000e-05	5.086399e-02	-1.561113e+01
2.408000e-05	5.139368e-02	-1.559008e+01
2.409000e-05	5.699798e-02	-1.560650e+01
2.410000e-05	6.914550e-02	-1.552803e+01
2.411000e-05	8.506723e-02	-1.552585e+01
2.412000e-05	1.044842e-01	-1.549572e+01
2.413000e-05	1.355868e-01	-1.542319e+01
2.414000e-05	1.911601e-01	-1.538001e+01
2.415000e-05	2.431544e-01	-1.535695e+01
2.416000e-05	2.500000e-01	-1.527319e+01
2.417000e-05	2.500000e-01	-1.522158e+01
2.418000e-05	2.500000e-01	-1.513787e+01
2.419000e-05	2.383589e-01	-1.504461e+01
2.420000e-05	1.757418e-01	-1.500053e+01
2.421000e-05	1.121651e-01	-1.489624e+01
2.422000e-05	7.724350e-02	-1.480056e+01
2.423000e-05	5.811220e-02	-1.474580e+01
2.424000e-05	4.583987e-02	-1.464159e+01
2.425000e-05	3.488763e-02	-1.453730e+01
2.426000e-05	2.749026e-02	-1.440101e+01
2.427000e-05	2.435980e-02	-1.428421e+01
2.428000e-05	2.211470e-02	-1.410935e+01
2.429000e-05	1.919406e-02	-1.402258e+01
2.430000e-05	1.547773e-02	-1.389418e+01
2.431000e-05	1.491925e-02	-1.369787e+01
2.432000e-05	1.623655e-02	-1.358985e+01
2.433000e-05	1.589602e-02	-1.344091e+01
2.434000e-05	1.192214e-02	-1.326419e+01
2.435000e-05	9.917869e-03	-1.315635e+01
2.436000e-05	1.058893e-02	-1.299845e+01
2.437000e-05	1.126373e-02	-1.282001e+01
2.438000e-05	1.074386e-02	-1.262254e+01
2.439000e-05	7.754369e-03	-1.247319e+01
2.440000e-05	7.864461e-03	-1.231522e+01
2.441000e-05	7.803101e-03	-1.215730e+01
2.442000e-05	6.630490e-03	-1.193332e+01
2.443000e-05	4.510350e-03	-1.172567e+01
2.444000e-05	3.894875e-03	-1.154519e+01
2.445000e-05	5.278314e-03	-1.125204e+01
2.446000e-05	5.224891e-03	-1.104151e+01
2.447000e-05	4.816477e-03	-1.088101e+01
2.448000e-05	2.848855e-03	-1.064261e+01
2.449000e-05	3.022002e-03	-1.048036e+01
2.450000e-05	3.317830e-03	-1.018096e+01
2.451000e-05	3.005175e-03	-9.987400e+00
2.452000e-05	1.192554e-03	-9.797849e+00
2.453000e-05	8.085749e-05	-9.566293e+00
2.454000e-05	1.643432e-03	-9.305665e+00
2.455000e-05	1.139857e-03	-9.073637e+00
2.456000e-05	-6.993831e-04	-8.902538e+00
2.457000e-05	-1.504756e-03	-8.580428e+00
2.458000e-05	-1.198823e-03	-8.365723e+00
2.459000e-05	8.590757e-04	-8.145721e+00
2.460000e-05	-5.196666e-04	-7.883631e+00
2.461000e-05	-2.674366e-03	-7.598354e+00
2.462000e-05	-2.850192e-03	-7.335694e+00
2.463000e-05	-2.429880e-03	-7.082483e+00
2.464000e-05	-2.397405e-03	-6.808299e+00
2.465000e-05	-4.014230e-03	-6.554718e+00
2.466000e-05	-4.287514e-03	-6.292476e+00
2.467000e-05	-3.509900e-03	-6.009379e+00
2.468000e-05	-3.133748e-03	-5.725219e+00
2.469000e-05	-3.044017e-03	-5.450828e+00
2.470000e-05	-5.882978e-03	-5.186716e+00
2.471000e-05	-4.961096e-03	-4.848777e+00
2.472000e-05	-4.119816e-03	-4.525695e+00
2.473000e-05	-5.166104e-03	-4.305215e+00
2.474000e-05	-5.646555e-03	-4.060887e+00
2.475000e-05	-7.557319e-03	-3.735744e+00
2.476000e-05	-5.404036e-03	-3.493036e+00
2.477000e-05	-7.705452e-03	-3.218804e+00
2.478000e-05	-6.547454e-03	-2.864487e+00
2.479000e-05	-8.468162e-03	-2.609349e+00
2.480000e-05	-4.827182e-03	-2.386120e+00
2.481000e-05	-6.451776e-03	-2.039829e+00
2.482000e-05	-5.775663e-03	-1.755221e+00
2.483000e-05	-9.364255e-03	-1.512832e+00
2.484000e-05	-8.531077e-03	-1.125641e+00
2.485000e-05	-9.256035e-03	-8.715253e-01
2.486000e-05	-8.088500e-03	-5.456710e-01
2.487000e-05	-7.923585e-03	-2.640870e-01
2.488000e-05	-5.424656e-03	3.122908e-02
2.489000e-05	7.669802e-03	2.969142e-01
2.490000e-05	-3.789434e-03	5.295223e-01
2.491000e-05	1.708826e-03	8.016978e-01
2.492000e-05	-5.481303e-03	1.139033e+00
2.493000e-05	-7.977020e-04	1.422172e+00
2.494000e-05	-4.507782e-03	1.728566e+00
2.495000e-05	7.988456e-03	1.919518e+00
2.496000e-05	3.275119e-02	2.190049e+00
2.497000e-05	9.730423e-02	2.524488e+00
2.498000e-05	-3.868681e-02	2.854328e+00
2.499000e-05	-5.380584e-02	3.139546e+00
2.500000e-05	-3.930622e-02	3.443780e+00
2.501000e-05	-2.225176e-02	3.706888e+00
2.502000e-05	-6.038475e-02	3.946892e+00
2.503000e-05	-3.739597e-02	4.156542e+00
2.504000e-05	1.186123e-01	4.433379e+00
2.505000e-05	-7.062436e-02	4.708919e+00
2.506000e-05	3.532031e-02	4.969120e+00
2.507000e-05	7.124569e-02	5.338113e+00
2.508000e-05	-1.378247e-01	5.590726e+00
2.509000e-05	7.881711e-02	5.866486e+00
2.510000e-05	-6.544360e-02	6.129095e+00
2.511000e-05	5.536748e-02	6.361221e+00
2.512000e-05	-1.557292e-02	6.697437e+00
2.513000e-05	-4.470350e-02	6.948545e+00
2.514000e-05	3.327062e-02	7.203276e+00
2.515000e-05	-5.834576e-02	7.475941e+00
2.516000e-05	4.206592e-02	7.779774e+00
2.517000e-05	-6.780075e-02	8.055909e+00
2.518000e-05	4.526412e-02	8.296992e+00
2.519000e-05	4.301558e-03	8.527546e+00
2.520000e-05	-2.668521e-02	8.750171e+00
2.521000e-05	1.012853e-02	9.023253e+00
2.522000e-05	-6.725989e-02	9.264830e+00
2.523000e-05	2.949979e-02	9.474963e+00
2.524000e-05	-2.032943e-02	9.706995e+00
2.525000e-05	2.022784e-02	9.968648e+00
2.526000e-05	-3.892926e-02	1.017963e+01
2.527000e-05	2.195581e-03	1.038973e+01
2.528000e-05	-4.472568e-03	1.060126e+01
2.529000e-05	-2.371435e-02	1.084286e+01
2.530000e-05	-1.162987e-02	1.107126e+01
2.531000e-05	-2.896502e-02	1.122298e+01
2.532000e-05	1.717646e-02	1.145586e+01
2.533000e-05	-1.855120e-02	1.161581e+01
2.534000e-05	-8.721964e-03	1.186481e+01
2.535000e-05	-3.822955e-02	1.206341e+01
2.536000e-05	3.714488e-04	1.227174e+01
2.537000e-05	-7.332607e-03	1.244278e+01
2.538000e-05	-7.165794e-03	1.263113e+01
2.539000e-05	-2.452336e-02	1.276062e+01
2.540000e-05	-2.086912e-02	1.295755e+01
2.541000e-05	-7.110284e-03	1.310639e+01
2.542000e-05	-2.015681e-02	1.323486e+01
2.543000e-05	-2.021792e-02	1.339028e+01
2.544000e-05	-2.691185e-02	1.358915e+01
2.545000e-05	2.666630e-04	1.368542e+01
2.546000e-05	-1.214571e-02	1.388191e+01
2.547000e-05	-1.939488e-02	1.397973e+01
2.548000e-05	-3.645176e-02	1.414802e+01
2.549000e-05	-2.063562e-02	1.432492e+01
2.550000e-05	-1.323832e-02	1.440173e+01
2.551000e-05	-1.740731e-02	1.450494e+01
2.552000e-05	-2.525583e-02	1.459419e+01
2.553000e-05	-2.595170e-02	1.474644e+01
2.554000e-05	-1.199760e-02	1.480016e+01
2.555000e-05	-2.356428e-02	1.492534e+01
2.556000e-05	-2.895883e-02	1.498763e+01
2.557000e-05	-3.478357e-02	1.500228e+01
2.558000e-05	-2.014838e-02	1.510689e+01
2.559000e-05	-1.966298e-02	1.515208e+01
2.560000e-05	-2.758080e-02	1.528178e+01
2.561000e-05	-3.666103e-02	1.532589e+01
2.562000e-05	-3.456735e-02	1.536952e+01
2.563000e-05	-2.292981e-02	1.543156e+01
2.564000e-05	-3.119111e-02	1.546164e+01
2.565000e-05	-3.726155e-02	1.550537e+01
2.566000e-05	-4.139287e-02	1.552434e+01
2.567000e-05	-3.078580e-02	1.557585e+01
2.568000e-05	-3.484635e-02	1.557890e+01
2.569000e-05	-4.445791e-02	1.556747e+01
2.570000e-05	-5.159096e-02	1.559005e+01
2.571000e-05	-4.677804e-02	1.555950e+01
2.572000e-05	-4.332124e-02	1.555955e+01
2.573000e-05	-5.601230e-02	1.556105e+01
2.574000e-05	-6.740246e-02	1.555694e+01
2.575000e-05	-7.499374e-02	1.556784e+01
2.576000e-05	-7.650482e-02	1.552522e+01
2.577000e-05	-9.395769e-02	1.550419e+01
2.578000e-05	-1.247823e-01	1.547266e+01
2.579000e-05	-1.642797e-01	1.540951e+01
2.580000e-05	-2.169575e-01	1.534740e+01
2.581000e-05	-2.481999e-01	1.525574e+01
2.582000e-05	-2.500000e-01	1.524213e+01
2.583000e-05	-2.500000e-01	1.517853e+01
2.584000e-05	-2.499698e-01	1.509442e+01
2.585000e-05	-2.218873e-01	1.502051e+01
2.586000e-05	-1.544378e-01	1.493584e+01
2.587000e-05	-1.116938e-01	1.482298e+01
2.588000e-05	-8.247514e-02	1.474685e+01
2.589000e-05	-5.790158e-02	1.466314e+01
2.590000e-05	-4.462966e-02	1.461840e+01
2.591000e-05	-4.391942e-02	1.445166e+01
2.592000e-05	-4.105958e-02	1.435528e+01
2.593000e-05	-3.281379e-02	1.420888e+01
2.594000e-05	-2.450811e-02	1.409259e+01
2.595000e-05	-2.850300e-02	1.395432e+01
2.596000e-05	-3.164518e-02	1.380950e+01
2.597000e-05	-2.632244e-02	1.363269e+01
2.598000e-05	-2.169848e-02	1.351322e+01
2.599000e-05	-1.978115e-02	1.335790e+01
2.600000e-05	-2.494232e-02	1.323000e+01
2.601000e-05	-2.352188e-02	1.307311e+01
2.602000e-05	-1.808639e-02	1.292316e+01
2.603000e-05	-1.638769e-02	1.270524e+01
2.604000e-05	-2.052688e-02	1.256788e+01
2.605000e-05	-2.503512e-02	1.242885e+01
2.606000e-05	-2.064481e-02	1.222998e+01
2.607000e-05	-1.628512e-02	1.205149e+01
2.608000e-05	-1.639789e-02	1.183001e+01
2.609000e-05	-1.835650e-02	1.166950e+01
2.610000e-05	-1.787784e-02	1.141991e+01
2.611000e-05	-1.154611e-02	1.119830e+01
2.612000e-05	-1.201960e-02	1.098880e+01
2.613000e-05	-1.765646e-02	1.082893e+01
2.614000e-05	-1.973816e-02	1.059735e+01
2.615000e-05	-1.642941e-02	1.035717e+01
2.616000e-05	-1.177889e-02	1.015622e+01
2.617000e-05	-1.294416e-02	9.933166e+00
2.618000e-05	-1.505547e-02	9.680562e+00
2.619000e-05	-1.242209e-02	9.412531e+00
2.620000e-05	-9.745779e-03	9.219905e+00
2.621000e-05	-9.719338e-03	8.967351e+00
2.622000e-05	-1.567062e-02	8.745647e+00
2.623000e-05	-1.621881e-02	8.514142e+00
2.624000e-05	-1.236291e-02	8.292986e+00
2.625000e-05	-8.547984e-03	7.999281e+00
2.626000e-05	-1.043966e-02	7.756725e+00
2.627000e-05	-1.294092e-02	7.511466e+00
2.628000e-05	-1.080634e-02	7.229955e+00
2.629000e-05	-8.235870e-03	6.967826e+00
2.630000e-05	-8.891920e-03	6.744066e+00
2.631000e-05	-1.281069e-02	6.468828e+00
2.632000e-05	-1.178525e-02	6.195699e+00
2.633000e-05	-8.823731e-03	5.954121e+00
2.634000e-05	-7.391023e-03	5.608958e+00
2.635000e-05	-9.194841e-03	5.397171e+00
2.636000e-05	-1.189263e-02	5.030954e+00
2.637000e-05	-9.008643e-03	4.735613e+00
2.638000e-05	-7.332394e-03	4.473011e+00
2.639000e-05	-7.811674e-03	4.187153e+00
2.640000e-05	-1.030509e-02	3.872514e+00
2.641000e-05	-8.237339e-03	3.619907e+00
2.642000e-05	-6.491413e-03	3.334645e+00
2.643000e-05	-6.359886e-03	3.051010e+00
2.644000e-05	-8.957862e-03	2.799979e+00
2.645000e-05	-9.889171e-03	2.480913e+00
2.646000e-05	-6.706619e-03	2.217775e+00
2.647000e-05	-5.553257e-03	1.936090e+00
2.648000e-05	-6.023167e-03	1.619852e+00
2.649000e-05	-9.472664e-03	1.346146e+00
2.650000e-05	-6.823247e-03	1.047804e+00
2.651000e-05	-4.991291e-03	7.345632e-01
2.652000e-05	-4.319554e-03	4.508827e-01
2.653000e-05	-5.675680e-03	1.326185e-01
2.654000e-05	-2.281997e-03	-1.401222e-01
2.655000e-05	1.178659e-02	-3.917526e-01
2.656000e-05	-1.415698e-03	-6.764692e-01
2.657000e-05	4.332882e-03	-9.390974e-01
2.658000e-05	-5.724736e-03	-1.242881e+00
2.659000e-05	3.335534e-03	-1.558994e+00
2.660000e-05	-1.958143e-05	-1.800696e+00
2.661000e-05	3.382636e-02	-2.021726e+00
2.662000e-05	1.082019e-01	-2.288011e+00
2.663000e-05	3.181907e-03	-2.636485e+00
2.664000e-05	-5.281751e-02	-3.070038e+00
2.665000e-05	-1.558807e-02	-3.380624e+00
2.666000e-05	-3.407868e-02	-3.581253e+00
2.667000e-05	-7.098066e-02	-3.831758e+00
2.668000e-05	1.990414e-02	-4.022229e+00
2.669000e-05	1.383498e-01	-4.232283e+00
2.670000e-05	-1.656379e-01	-4.551071e+00
2.671000e-05	2.099120e-01	-4.812706e+00
2.672000e-05	-1.055965e-01	-5.087190e+00
2.673000e-05	1.204268e-02	-5.498388e+00
2.674000e-05	5.190878e-02	-5.675867e+00
2.675000e-05	-1.401169e-01	-5.984305e+00
2.676000e-05	1.880800e-01	-6.243284e+00
2.677000e-05	-1.212154e-01	-6.509066e+00
2.678000e-05	9.118927e-02	-6.803334e+00
2.679000e-05	-2.276370e-02	-7.076417e+00
2.680000e-05	-4.613441e-02	-7.369681e+00
2.681000e-05	1.002022e-01	-7.612934e+00
2.682000e-05	-1.077738e-01	-7.878591e+00
2.683000e-05	1.491161e-01	-8.178574e+00
2.684000e-05	-8.308700e-02	-8.370879e+00
2.685000e-05	6.185823e-02	-8.686988e+00
2.686000e-05	-2.866091e-03	-8.897066e+00
2.687000e-05	-5.499486e-02	-9.149725e+00
2.688000e-05	7.521281e-02	-9.379626e+00
2.689000e-05	-5.892721e-02	-9.662880e+00
2.690000e-05	1.211454e-01	-9.852209e+00
2.691000e-05	-7.132356e-02	-1.005444e+01
2.692000e-05	7.522938e-02	-1.030642e+01
2.693000e-05	-5.219669e-02	-1.051702e+01
2.694000e-05	3.332615e-02	-1.070642e+01
2.695000e-05	1.367273e-03	-1.089804e+01
2.696000e-05	8.257219e-05	-1.116907e+01
2.697000e-05	4.438084e-02	-1.135915e+01
2.698000e-05	-1.642120e-02	-1.163120e+01
2.699000e-05	5.072072e-02	-1.177123e+01
2.700000e-05	-3.422499e-02	-1.200378e+01
2.701000e-05	4.269743e-02	-1.224060e+01
2.702000e-05	-1.509622e-02	-1.233970e+01
2.703000e-05	4.777802e-02	-1.252815e+01
2.704000e-05	-6.116777e-03	-1.272639e+01
2.705000e-05	2.006741e-02	-1.285697e+01
2.706000e-05	-1.396879e-03	-1.304331e+01
2.707000e-05	1.692339e-02	-1.322073e+01
2.708000e-05	1.358137e-02	-1.334912e+01
2.709000e-05	1.440163e-02	-1.349699e+01
2.710000e-05	2.380703e-02	-1.366576e+01
2.711000e-05	1.494735e-02	-1.380191e+01
2.712000e-05	2.098852e-02	-1.394910e+01
2.713000e-05	2.185113e-03	-1.409537e+01
2.714000e-05	1.413753e-02	-1.418271e+01
2.715000e-05	9.670468e-03	-1.432955e+01
2.716000e-05	2.844917e-02	-1.446437e+01
2.717000e-05	1.620008e-02	-1.455973e+01
2.718000e-05	2.348975e-02	-1.466529e+01
2.719000e-05	1.146909e-02	-1.475960e+01
2.720000e-05	2.271534e-02	-1.488386e+01
2.721000e-05	1.537408e-02	-1.492955e+01
2.722000e-05	2.029806e-02	-1.504226e+01
2.723000e-05	1.765005e-02	-1.508584e+01
2.724000e-05	2.405017e-02	-1.520012e+01
2.725000e-05	2.303101e-02	-1.525374e+01
2.726000e-05	1.922503e-02	-1.527639e+01
2.727000e-05	2.048889e-02	-1.537853e+01
2.728000e-05	2.283321e-02	-1.543216e+01
2.729000e-05	3.185451e-02	-1.549474e+01
2.730000e-05	2.824223e-02	-1.551592e+01
2.731000e-05	2.968292e-02	-1.552797e+01
2.732000e-05	2.684030e-02	-1.556710e+01
2.733000e-05	3.200682e-02	-1.561063e+01
2.734000e-05	3.190418e-02	-1.559018e+01
2.735000e-05	3.371452e-02	-1.563113e+01
2.736000e-05	3.692527e-02	-1.561119e+01
2.737000e-05	4.419545e-02	-1.559226e+01
2.738000e-05	4.893101e-02	-1.561318e+01
2.739000e-05	5.111931e-02	-1.558066e+01
2.740000e-05	5.375900e-02	-1.556958e+01
2.741000e-05	6.303569e-02	-1.556745e+01
2.742000e-05	7.670082e-02	-1.552587e+01
2.743000e-05	9.429916e-02	-1.551629e+01
2.744000e-05	1.190310e-01	-1.545422e+01
2.745000e-05	1.617542e-01	-1.544161e+01
2.746000e-05	2.246739e-01	-1.539800e+01
2.747000e-05	2.494000e-01	-1.532644e+01
2.748000e-05	2.500000e-01	-1.524266e+01
2.749000e-05	2.500000e-01	-1.517947e+01
2.750000e-05	2.489192e-01	-1.509432e+01
2.751000e-05	2.111466e-01	-1.504201e+01
2.752000e-05	1.390247e-01	-1.495843e+01
2.753000e-05	9.178331e-02	-1.485424e+01
2.754000e-05	6.771080e-02	-1.476988e+01
2.755000e-05	5.103711e-02	-1.472471e+01
2.756000e-05	3.957322e-02	-1.457848e+01
2.757000e-05	3.017840e-02	-1.449259e+01
2.758000e-05	2.630169e-02	-1.436687e+01
2.759000e-05	2.278405e-02	-1.424059e+01
2.760000e-05	2.039549e-02	-1.406627e+01
2.761000e-05	1.671880e-02	-1.393635e+01
2.762000e-05	1.612581e-02	-1.384040e+01
2.763000e-05	1.534624e-02	-1.370349e+01
2.764000e-05	1.654584e-02	-1.346469e+01
2.765000e-05	1.401015e-02	-1.334988e+01
2.766000e-05	1.093149e-02	-1.322098e+01
2.767000e-05	1.067137e-02	-1.306311e+01
2.768000e-05	1.104244e-02	-1.291417e+01
2.769000e-05	9.620214e-03	-1.271679e+01
2.770000e-05	8.196053e-03	-1.254793e+01
2.771000e-05	8.155285e-03	-1.239996e+01
2.772000e-05	6.938159e-03	-1.220138e+01
2.773000e-05	9.621464e-03	-1.203946e+01
2.774000e-05	4.165346e-03	-1.182205e+01
2.775000e-05	6.209955e-03	-1.160040e+01
2.776000e-05	7.022278e-03	-1.139635e+01
2.777000e-05	5.828727e-03	-1.114582e+01
2.778000e-05	6.775807e-03	-1.092788e+01
2.779000e-05	4.813917e-04	-1.075522e+01
2.780000e-05	1.700813e-03	-1.054780e+01
2.781000e-05	-9.424041e-04	-1.032467e+01
2.782000e-05	3.549815e-03	-1.010314e+01
2.783000e-05	2.781029e-03	-9.872061e+00
2.784000e-05	2.730438e-03	-9.672411e+00
2.785000e-05	3.079278e-03	-9.420024e+00
2.786000e-05	2.314351e-03	-9.196354e+00
2.787000e-05	-3.895094e-04	-8.967374e+00
2.788000e-05	-4.078980e-03	-8.765692e+00
2.789000e-05	-2.688087e-03	-8.454088e+00
2.790000e-05	-6.869511e-04	-8.229905e+00
2.791000e-05	-2.044807e-04	-8.039901e+00
2.792000e-05	-1.991827e-03	-7.734691e+00
2.793000e-05	-2.056465e-03	-7.452037e+00
2.794000e-05	-1.269169e-03	-7.210401e+00
2.795000e-05	-7.500786e-04	-6.873591e+00
2.796000e-05	-2.583817e-03	-6.652484e+00
2.797000e-05	-4.240317e-03	-6.409274e+00
2.798000e-05	-3.227205e-03	-6.075220e+00
2.799000e-05	-5.315217e-03	-5.843460e+00
2.800000e-05	-5.358390e-03	-5.628305e+00
2.801000e-05	-6.795658e-03	-5.291562e+00
2.802000e-05	-4.971770e-03	-5.008178e+00
2.803000e-05	-3.157436e-03	-4.640958e+00
2.804000e-05	-1.500851e-03	-4.410429e+00
2.805000e-05	-4.004901e-03	-4.136321e+00
2.806000e-05	-5.222865e-03	-3.924037e+00
2.807000e-05	-6.824140e-03	-3.608401e+00
2.808000e-05	-9.007725e-03	-3.345716e+00
2.809000e-05	-9.796342e-03	-3.039334e+00
2.810000e-05	-7.401694e-03	-2.766091e+00
2.811000e-05	-6.938730e-03	-2.453513e+00
2.812000e-05	-3.967239e-03	-2.179678e+00
2.813000e-05	-5.739808e-03	-1.854034e+00
2.814000e-05	-6.669204e-03	-1.618373e+00
2.815000e-05	-7.967908e-03	-1.292941e+00
2.816000e-05	-8.358144e-03	-9.871723e-01
2.817000e-05	-9.814123e-03	-6.954396e-01
2.818000e-05	-1.074681e-02	-3.783001e-01
2.819000e-05	-8.454689e-03	-9.513960e-02
2.820000e-05	1.027632e-03	1.406197e-01
2.821000e-05	5.266415e-03	4.428316e-01
2.822000e-05	-4.289040e-03	6.854406e-01
2.823000e-05	1.719426e-03	9.316724e-01
2.824000e-05	-4.288763e-03	1.253912e+00
2.825000e-05	7.717993e-04	1.537126e+00
2.826000e-05	-2.871411e-03	1.852833e+00
2.827000e-05	1.704017e-02	2.073360e+00
2.828000e-05	7.064120e-02	2.347546e+00
2.829000e-05	5.024037e-02	2.687516e+00
2.830000e-05	-8.374248e-02	2.990304e+00
2.831000e-05	-3.105938e-02	3.275909e+00
2.832000e-05	-4.032693e-02	3.590675e+00
2.833000e-05	-2.356710e-02	3.882252e+00
2.834000e-05	-7.856886e-02	4.050781e+00
2.835000e-05	5.055523e-02	4.256018e+00
2.836000e-05	7.041437e-02	4.580676e+00
2.837000e-05	-1.147651e-01	4.853410e+00
2.838000e-05	1.718281e-01	5.168645e+00
2.839000e-05	-1.269073e-01	5.465413e+00
2.840000e-05	8.643454e-03	5.707624e+00
2.841000e-05	9.019693e-03	6.013753e+00
2.842000e-05	-3.063867e-02	6.286810e+00
2.843000e-05	6.745849e-02	6.488094e+00
2.844000e-05	-8.340310e-02	6.824410e+00
2.845000e-05	3.828953e-02	7.115439e+00
2.846000e-05	-4.417702e-02	7.409100e+00
2.847000e-05	1.240840e-02	7.645834e+00
2.848000e-05	-2.182159e-02	7.948043e+00
2.849000e-05	-2.410647e-02	8.230804e+00
2.850000e-05	4.926128e-02	8.423306e+00
2.851000e-05	-3.411337e-02	8.643759e+00
2.852000e-05	8.527855e-03	8.875465e+00
2.853000e-05	-3.896717e-02	9.136517e+00
2.854000e-05	-2.226652e-02	9.357550e+00
2.855000e-05	1.825644e-02	9.612800e+00
2.856000e-05	-7.843272e-03	9.842210e+00
2.857000e-05	-3.542540e-03	1.007391e+01
2.858000e-05	-3.355303e-02	1.023641e+01
2.859000e-05	1.216322e-02	1.050646e+01
2.860000e-05	-2.252254e-02	1.068637e+01
2.861000e-05	-1.512216e-02	1.095747e+01
2.862000e-05	-2.067167e-02	1.108754e+01
2.863000e-05	-6.405733e-03	1.130817e+01
2.864000e-05	9.060284e-03	1.156910e+01
2.865000e-05	-2.188241e-02	1.180015e+01
2.866000e-05	-2.256210e-02	1.199165e+01
2.867000e-05	-2.532868e-02	1.218955e+01
2.868000e-05	2.870842e-03	1.233807e+01
2.869000e-05	-5.710775e-03	1.255697e+01
2.870000e-05	-1.832313e-02	1.267592e+01
2.871000e-05	-2.229337e-02	1.285433e+01
2.872000e-05	-1.569798e-02	1.306321e+01
2.873000e-05	-9.186238e-03	1.317017e+01
2.874000e-05	-2.528843e-02	1.332700e+01
2.875000e-05	-2.517580e-02	1.346636e+01
2.876000e-05	-1.100145e-02	1.363196e+01
2.877000e-05	-2.228271e-03	1.378010e+01
2.878000e-05	-1.166783e-02	1.393549e+01
2.879000e-05	-3.408138e-02	1.406394e+01
2.880000e-05	-2.706032e-02	1.421278e+01
2.881000e-05	-1.870397e-02	1.432852e+01
2.882000e-05	-1.203155e-02	1.442329e+01
2.883000e-05	-2.590018e-02	1.456955e+01
2.884000e-05	-2.668633e-02	1.467429e+01
2.885000e-05	-1.732404e-02	1.480757e+01
2.886000e-05	-1.565192e-02	1.485313e+01
2.887000e-05	-2.421665e-02	1.490688e+01
2.888000e-05	-3.550883e-02	1.504118e+01
2.889000e-05	-2.477509e-02	1.508339e+01
2.890000e-05	-2.045910e-02	1.512900e+01
2.891000e-05	-2.116355e-02	1.522068e+01
2.892000e-05	-3.819539e-02	1.528237e+01
2.893000e-05	-3.616812e-02	1.535095e+01
2.894000e-05	-2.848058e-02	1.541208e+01
2.895000e-05	-2.387354e-02	1.543213e+01
2.896000e-05	-3.337447e-02	1.552582e+01
2.897000e-05	-4.080113e-02	1.550784e+01
2.898000e-05	-3.342078e-02	1.554592e+01
2.899000e-05	-3.395229e-02	1.554492e+01
2.900000e-05	-4.010146e-02	1.557840e+01
2.901000e-05	-5.359233e-02	1.556995e+01
2.902000e-05	-4.889330e-02	1.557000e+01
2.903000e-05	-4.399044e-02	1.559052e+01
2.904000e-05	-4.669997e-02	1.557798e+01
2.905000e-05	-6.214221e-02	1.555997e+01
2.906000e-05	-7.134034e-02	1.556687e+01
2.907000e-05	-7.343265e-02	1.554484e+01
2.908000e-05	-8.554333e-02	1.550474e+01
2.909000e-05	-1.083506e-01	1.547416e+01
2.910000e-05	-1.468747e-01	1.544063e+01
2.911000e-05	-1.901234e-01	1.538845e+01
2.912000e-05	-2.408285e-01	1.530524e+01
2.913000e-05	-2.500000e-01	1.527419e+01
2.914000e-05	-2.500000e-01	1.521756e+01
2.915000e-05	-2.500000e-01	1.514580e+01
2.916000e-05	-2.415977e-01	1.508261e+01
2.917000e-05	-1.864316e-01	1.498638e+01
2.918000e-05	-1.284402e-01	1.488572e+01
2.919000e-05	-9.824436e-02	1.477893e+01
2.920000e-05	-6.841753e-02	1.470384e+01
2.921000e-05	-5.060648e-02	1.462198e+01
2.922000e-05	-4.311127e-02	1.447321e+01
2.923000e-05	-4.281456e-02	1.440850e+01
2.924000e-05	-3.564455e-02	1.426469e+01
2.925000e-05	-2.697602e-02	1.418735e+01
2.926000e-05	-2.603701e-02	1.402850e+01
2.927000e-05	-2.961965e-02	1.391213e+01
2.928000e-05	-3.044455e-02	1.372422e+01
2.929000e-05	-2.249978e-02	1.357793e+01
2.930000e-05	-1.960145e-02	1.343105e+01
2.931000e-05	-2.304458e-02	1.332319e+01
2.932000e-05	-2.628371e-02	1.313576e+01
2.933000e-05	-2.163474e-02	1.294735e+01
2.934000e-05	-1.660667e-02	1.279843e+01
2.935000e-05	-1.784614e-02	1.266154e+01
2.936000e-05	-2.148936e-02	1.249356e+01
2.937000e-05	-2.188831e-02	1.232267e+01
2.938000e-05	-1.624641e-02	1.209469e+01
2.939000e-05	-1.544496e-02	1.194579e+01
2.940000e-05	-1.938540e-02	1.172519e+01
2.941000e-05	-2.137516e-02	1.152414e+01
2.942000e-05	-1.647065e-02	1.132256e+01
2.943000e-05	-1.169530e-02	1.108404e+01
2.944000e-05	-1.342196e-02	1.087514e+01
2.945000e-05	-1.715437e-02	1.071161e+01
2.946000e-05	-1.657709e-02	1.044154e+01
2.947000e-05	-1.287703e-02	1.019098e+01
2.948000e-05	-1.184521e-02	1.003091e+01
2.949000e-05	-1.587050e-02	9.768851e+00
2.950000e-05	-1.682461e-02	9.575170e+00
2.951000e-05	-1.221399e-02	9.325193e+00
2.952000e-05	-9.113476e-03	9.094567e+00
2.953000e-05	-1.261002e-02	8.849909e+00
2.954000e-05	-1.453468e-02	8.619902e+00
2.955000e-05	-1.358012e-02	8.398328e+00
2.956000e-05	-8.285168e-03	8.114745e+00
2.957000e-05	-9.067484e-03	7.872559e+00
2.958000e-05	-1.202226e-02	7.628879e+00
2.959000e-05	-1.267487e-02	7.335142e+00
2.960000e-05	-1.027673e-02	7.092506e+00
2.961000e-05	-9.324366e-03	6.817433e+00
2.962000e-05	-1.110231e-02	6.535745e+00
2.963000e-05	-1.207743e-02	6.283566e+00
2.964000e-05	-9.081946e-03	6.032058e+00
2.965000e-05	-6.830204e-03	5.747221e+00
2.966000e-05	-8.828608e-03	5.534587e+00
2.967000e-05	-1.186008e-02	5.227726e+00
2.968000e-05	-1.074177e-02	4.892535e+00
2.969000e-05	-8.058451e-03	4.607248e+00
2.970000e-05	-6.882353e-03	4.345237e+00
2.971000e-05	-9.192581e-03	3.998953e+00
2.972000e-05	-9.770942e-03	3.746643e+00
2.973000e-05	-7.675224e-03	3.504111e+00
2.974000e-05	-5.809591e-03	3.187774e+00
2.975000e-05	-8.204096e-03	2.924643e+00
2.976000e-05	-9.701924e-03	2.652330e+00
2.977000e-05	-7.809237e-03	2.335663e+00
2.978000e-05	-5.762732e-03	2.061484e+00
2.979000e-05	-6.383619e-03	1.776823e+00
2.980000e-05	-8.078371e-03	1.462407e+00
2.981000e-05	-7.918911e-03	1.186648e+00
2.982000e-05	-5.221764e-03	8.293290e-01
2.983000e-05	-4.506849e-03	5.556423e-01
2.984000e-05	-5.415250e-03	3.029106e-01
2.985000e-05	-4.447505e-03	-3.174657e-02
2.986000e-05	4.485701e-03	-2.964604e-01
2.987000e-05	6.464481e-03	-5.071672e-01
2.988000e-05	-7.692334e-04	-8.448077e-01
2.989000e-05	4.300966e-04	-1.057917e+00
2.990000e-05	-1.919704e-03	-1.394753e+00
2.991000e-05	2.186239e-03	-1.654834e+00
2.992000e-05	1.419588e-02	-1.905963e+00
2.993000e-05	6.837208e-02	-2.149646e+00
2.994000e-05	9.646017e-02	-2.456037e+00
2.995000e-05	-7.952811e-02	-2.846138e+00
2.996000e-05	-5.370116e-03	-3.284833e+00
2.997000e-05	-4.706304e-02	-3.505887e+00
2.998000e-05	-2.390555e-02	-3.706466e+00
2.999000e-05	-9.013567e-02	-3.981000e+00
3.000000e-05	1.802052e-01	-4.107970e+00
3.001000e-05	-8.311502e-02	-4.391327e+00
3.002000e-05	2.043068e-02	-4.725570e+00
3.003000e-05	1.175708e-01	-4.918572e+00
3.004000e-05	-1.738867e-01	-5.317546e+00
3.005000e-05	1.710370e-01	-5.570154e+00
3.006000e-05	-1.645128e-01	-5.844435e+00
3.007000e-05	9.147038e-02	-6.128097e+00
3.008000e-05	4.531712e-02	-6.360251e+00
3.009000e-05	-7.463438e-02	-6.688043e+00
3.010000e-05	1.251175e-01	-6.959600e+00
3.011000e-05	-1.402927e-01	-7.255987e+00
3.012000e-05	1.135158e-01	-7.496065e+00
3.013000e-05	-6.226506e-02	-7.750245e+00
3.014000e-05	3.765987e-02	-8.054413e+00
3.015000e-05	6.594360e-02	-8.267438e+00
3.016000e-05	-7.821297e-02	-8.580600e+00
3.017000e-05	1.184057e-01	-8.821803e+00
3.018000e-05	-1.194338e-01	-9.035334e+00
3.019000e-05	8.210037e-02	-9.285939e+00
3.020000e-05	-4.279498e-02	-9.496859e+00
3.021000e-05	6.208033e-02	-9.728592e+00
3.022000e-05	1.997120e-02	-9.909174e+00
3.023000e-05	-1.823783e-02	-1.021063e+01
3.024000e-05	4.751825e-02	-1.040378e+01
3.025000e-05	-5.539675e-02	-1.062381e+01
3.026000e-05	7.199676e-02	-1.083138e+01
3.027000e-05	-5.022682e-02	-1.103231e+01
3.028000e-05	6.878076e-02	-1.125441e+01
3.029000e-05	-2.402196e-02	-1.147494e+01
3.030000e-05	4.431614e-02	-1.170592e+01
3.031000e-05	-1.254056e-02	-1.185701e+01
3.032000e-05	1.174339e-02	-1.204745e+01
3.033000e-05	1.127647e-02	-1.226381e+01
3.034000e-05	1.713142e-02	-1.248391e+01
3.035000e-05	3.171320e-02	-1.258081e+01
3.036000e-05	-4.892275e-03	-1.281234e+01
3.037000e-05	2.126092e-02	-1.299960e+01
3.038000e-05	-7.024172e-03	-1.315712e+01
3.039000e-05	2.819306e-02	-1.327294e+01
3.040000e-05	-1.209865e-03	-1.341231e+01
3.041000e-05	3.019458e-02	-1.357160e+01
3.042000e-05	1.017601e-02	-1.373817e+01
3.043000e-05	2.913257e-02	-1.390487e+01
3.044000e-05	3.988670e-03	-1.402273e+01
3.045000e-05	1.241763e-02	-1.417903e+01
3.046000e-05	6.014136e-03	-1.426432e+01
3.047000e-05	2.404400e-02	-1.441218e+01
3.048000e-05	2.014015e-02	-1.453697e+01
3.049000e-05	2.105333e-02	-1.464373e+01
3.050000e-05	1.610201e-02	-1.471642e+01
3.051000e-05	1.711440e-02	-1.482273e+01
3.052000e-05	2.134892e-02	-1.491850e+01
3.053000e-05	1.543079e-02	-1.501214e+01
3.054000e-05	2.259869e-02	-1.506487e+01
3.055000e-05	1.957895e-02	-1.517597e+01
3.056000e-05	2.993771e-02	-1.522123e+01
3.057000e-05	1.858222e-02	-1.526690e+01
3.058000e-05	2.109443e-02	-1.534800e+01
3.059000e-05	1.725745e-02	-1.541258e+01
3.060000e-05	2.736027e-02	-1.544328e+01
3.061000e-05	2.875691e-02	-1.548629e+01
3.062000e-05	3.008394e-02	-1.555852e+01
3.063000e-05	2.878920e-02	-1.552910e+01
3.064000e-05	2.968743e-02	-1.560011e+01
3.065000e-05	3.376589e-02	-1.563108e+01
3.066000e-05	3.281839e-02	-1.563923e+01
3.067000e-05	3.567857e-02	-1.561224e+01
3.068000e-05	3.937400e-02	-1.559174e+01
3.069000e-05	4.684022e-02	-1.561219e+01
3.070000e-05	5.049818e-02	-1.562018e+01
3.071000e-05	5.122145e-02	-1.557063e+01
3.072000e-05	5.793921e-02	-1.556006e+01
3.073000e-05	6.990813e-02	-1.555853e+01
3.074000e-05	8.627024e-02	-1.549690e+01
3.075000e-05	1.066877e-01	-1.549464e+01
3.076000e-05	1.380455e-01	-1.545166e+01
3.077000e-05	1.938069e-01	-1.535953e+01
3.078000e-05	2.435845e-01	-1.532742e+01
3.079000e-05	2.500000e-01	-1.529372e+01
3.080000e-05	2.500000e-01	-1.517101e+01
3.081000e-05	2.500000e-01	-1.512640e+01
3.082000e-05	2.361180e-01	-1.507319e+01
3.083000e-05	1.726600e-01	-1.496005e+01
3.084000e-05	1.110045e-01	-1.488589e+01
3.085000e-05	7.685213e-02	-1.479156e+01
3.086000e-05	5.779290e-02	-1.474735e+01
3.087000e-05	4.446770e-02	-1.461301e+01
3.088000e-05	3.384612e-02	-1.452629e+01
3.089000e-05	2.695092e-02	-1.442056e+01
3.090000e-05	2.472954e-02	-1.427427e+01
3.091000e-05	2.201423e-02	-1.411692e+01
3.092000e-05	1.869912e-02	-1.400896e+01
3.093000e-05	1.505932e-02	-1.385317e+01
3.094000e-05	1.583547e-02	-1.374890e+01
3.095000e-05	1.642128e-02	-1.356845e+01
3.096000e-05	1.591159e-02	-1.344058e+01
3.097000e-05	1.241417e-02	-1.324414e+01
3.098000e-05	9.404148e-03	-1.314574e+01
3.099000e-05	1.046540e-02	-1.295787e+01
3.100000e-05	1.127180e-02	-1.284898e+01
3.101000e-05	9.670959e-03	-1.264206e+01
3.102000e-05	7.500576e-03	-1.250372e+01
3.103000e-05	8.899532e-03	-1.232411e+01
3.104000e-05	9.342939e-03	-1.214577e+01
3.105000e-05	7.198901e-03	-1.191569e+01
3.106000e-05	4.405980e-03	-1.166574e+01
3.107000e-05	3.697124e-03	-1.148154e+01
3.108000e-05	5.036778e-03	-1.126106e+01
3.109000e-05	5.288469e-03	-1.101849e+01
3.110000e-05	3.272482e-03	-1.081106e+01
3.111000e-05	2.313528e-03	-1.060253e+01
3.112000e-05	3.447730e-03	-1.040006e+01
3.113000e-05	3.579399e-03	-1.018883e+01
3.114000e-05	3.135032e-03	-9.958349e+00
3.115000e-05	1.029254e-03	-9.758329e+00
3.116000e-05	4.644904e-04	-9.517173e+00
3.117000e-05	1.615901e-03	-9.304616e+00
3.118000e-05	5.424356e-04	-9.074111e+00
3.119000e-05	-1.473806e-03	-8.841488e+00
3.120000e-05	-2.509990e-03	-8.589457e+00
3.121000e-05	9.111181e-05	-8.325820e+00
3.122000e-05	-3.713456e-05	-8.114696e+00
3.123000e-05	-1.575339e-04	-7.900488e+00
3.124000e-05	-2.734877e-03	-7.576727e+00
3.125000e-05	-1.997723e-03	-7.354693e+00
3.126000e-05	-2.376812e-03	-7.041458e+00
3.127000e-05	-3.152304e-03	-6.797296e+00
3.128000e-05	-4.881852e-03	-6.523092e+00
3.129000e-05	-3.814751e-03	-6.242936e+00
3.130000e-05	-2.900099e-03	-6.007349e+00
3.131000e-05	-3.572093e-03	-5.725071e+00
3.132000e-05	-3.724528e-03	-5.420333e+00
3.133000e-05	-5.877523e-03	-5.145217e+00
3.134000e-05	-4.298997e-03	-4.799778e+00
3.135000e-05	-4.355283e-03	-4.535668e+00
3.136000e-05	-5.568492e-03	-4.293587e+00
3.137000e-05	-6.156465e-03	-4.000403e+00
3.138000e-05	-6.425058e-03	-3.735542e+00
3.139000e-05	-6.148732e-03	-3.433037e+00
3.140000e-05	-7.990942e-03	-3.188299e+00
3.141000e-05	-7.628843e-03	-2.842010e+00
3.142000e-05	-7.053817e-03	-2.580799e+00
3.143000e-05	-4.900707e-03	-2.315619e+00
3.144000e-05	-6.292698e-03	-2.028850e+00
3.145000e-05	-6.660656e-03	-1.786216e+00
3.146000e-05	-8.632615e-03	-1.450357e+00
3.147000e-05	-8.001974e-03	-1.114086e+00
3.148000e-05	-8.672815e-03	-8.009802e-01
3.149000e-05	-8.771033e-03	-5.260909e-01
3.150000e-05	-8.005161e-03	-2.499801e-01
3.151000e-05	-4.692968e-03	3.230401e-02
3.152000e-05	7.908240e-03	3.274859e-01
3.153000e-05	-4.390713e-03	5.896222e-01
3.154000e-05	2.243652e-03	8.138052e-01
3.155000e-05	-5.105621e-03	1.140042e+00
3.156000e-05	-3.047231e-04	1.393828e+00
3.157000e-05	-4.939244e-03	1.750516e+00
3.158000e-05	7.426178e-03	1.979498e+00
3.159000e-05	3.595535e-02	2.212250e+00
3.160000e-05	9.600606e-02	2.517090e+00
3.161000e-05	-4.648222e-02	2.884333e+00
3.162000e-05	-5.134965e-02	3.130617e+00
3.163000e-05	-4.089260e-02	3.412305e+00
3.164000e-05	-2.074459e-02	3.705571e+00
3.165000e-05	-6.346932e-02	3.937497e+00
3.166000e-05	-3.071855e-02	4.179622e+00
3.167000e-05	1.204598e-01	4.435404e+00
3.168000e-05	-8.276044e-02	4.729546e+00
3.169000e-05	5.390235e-02	4.971173e+00
3.170000e-05	5.292882e-02	5.350618e+00
3.171000e-05	-1.292552e-01	5.621281e+00
3.172000e-05	7.758699e-02	5.856937e+00
3.173000e-05	-6.775966e-02	6.169749e+00
3.174000e-05	6.182874e-02	6.371800e+00
3.175000e-05	-2.401033e-02	6.678566e+00
3.176000e-05	-3.722577e-02	6.978076e+00
3.177000e-05	2.710015e-02	7.223855e+00
3.178000e-05	-5.352481e-02	7.526591e+00
3.179000e-05	4.038346e-02	7.760801e+00
3.180000e-05	-6.959715e-02	8.089013e+00
3.181000e-05	4.813323e-02	8.347471e+00
3.182000e-05	-2.147659e-03	8.548071e+00
3.183000e-05	-2.379563e-02	8.769697e+00
3.184000e-05	6.401367e-03	9.031229e+00
3.185000e-05	-6.562297e-02	9.254335e+00
3.186000e-05	3.321628e-02	9.465988e+00
3.187000e-05	-1.925111e-02	9.727522e+00
3.188000e-05	2.160631e-02	9.991572e+00
3.189000e-05	-4.281579e-02	1.017868e+01
3.190000e-05	2.449452e-03	1.042068e+01
3.191000e-05	-7.476823e-03	1.066223e+01
3.192000e-05	-2.325754e-02	1.081133e+01
3.193000e-05	-1.114224e-02	1.103283e+01
3.194000e-05	-2.636790e-02	1.127499e+01
3.195000e-05	1.988722e-02	1.144484e+01
3.196000e-05	-2.040461e-02	1.165442e+01
3.197000e-05	-8.963678e-03	1.186499e+01
3.198000e-05	-4.052271e-02	1.206446e+01
3.199000e-05	1.418833e-03	1.227489e+01
3.200000e-05	-7.817211e-03	1.244423e+01
3.201000e-05	-6.956691e-03	1.261223e+01
3.202000e-05	-2.478266e-02	1.277215e+01
3.203000e-05	-2.096849e-02	1.295758e+01
3.204000e-05	-6.077231e-03	1.311629e+01
3.205000e-05	-2.097445e-02	1.325389e+01
3.206000e-05	-1.994106e-02	1.340176e+01
3.207000e-05	-2.666086e-02	1.359963e+01
3.208000e-05	1.842901e-03	1.372794e+01
3.209000e-05	-1.240980e-02	1.385384e+01
3.210000e-05	-2.041735e-02	1.399223e+01
3.211000e-05	-3.737265e-02	1.411910e+01
3.212000e-05	-1.990662e-02	1.427744e+01
3.213000e-05	-1.257992e-02	1.441068e+01
3.214000e-05	-1.819490e-02	1.455592e+01
3.215000e-05	-2.587334e-02	1.463418e+01
3.216000e-05	-2.591848e-02	1.475750e+01
3.217000e-05	-1.190284e-02	1.482125e+01
3.218000e-05	-2.393889e-02	1.489687e+01
3.219000e-05	-2.868705e-02	1.498060e+01
3.220000e-05	-3.436145e-02	1.508228e+01
3.221000e-05	-1.889791e-02	1.510787e+01
3.222000e-05	-1.946837e-02	1.518905e+01
3.223000e-05	-3.031535e-02	1.525234e+01
3.224000e-05	-3.842134e-02	1.532789e+01
3.225000e-05	-3.454636e-02	1.537047e+01
3.226000e-05	-2.267358e-02	1.543163e+01
3.227000e-05	-3.055926e-02	1.545371e+01
3.228000e-05	-3.647152e-02	1.552474e+01
3.229000e-05	-3.973611e-02	1.553542e+01
3.230000e-05	-3.113294e-02	1.551687e+01
3.231000e-05	-3.604836e-02	1.558695e+01
3.232000e-05	-4.805007e-02	1.559850e+01
3.233000e-05	-5.170892e-02	1.560900e+01
3.234000e-05	-4.683394e-02	1.558898e+01
3.235000e-05	-4.211474e-02	1.559953e+01
3.236000e-05	-5.644189e-02	1.557895e+01
3.237000e-05	-6.693130e-02	1.556835e+01
3.238000e-05	-7.474836e-02	1.556689e+01
3.239000e-05	-7.636380e-02	1.551424e+01
3.240000e-05	-9.608747e-02	1.550224e+01
3.241000e-05	-1.276759e-01	1.546167e+01
3.242000e-05	-1.673922e-01	1.540007e+01
3.243000e-05	-2.200298e-01	1.535634e+01
3.244000e-05	-2.490000e-01	1.530381e+01
3.245000e-05	-2.500000e-01	1.524113e+01
3.246000e-05	-2.500000e-01	1.517795e+01
3.247000e-05	-2.495793e-01	1.510469e+01
3.248000e-05	-2.192196e-01	1.501108e+01
3.249000e-05	-1.523540e-01	1.493542e+01
3.250000e-05	-1.101071e-01	1.485154e+01
3.251000e-05	-8.102036e-02	1.473630e+01
3.252000e-05	-5.807992e-02	1.468161e+01
3.253000e-05	-4.473686e-02	1.457687e+01
3.254000e-05	-4.385018e-02	1.443256e+01
3.255000e-05	-3.986343e-02	1.436627e+01
3.256000e-05	-3.180868e-02	1.425151e+01
3.257000e-05	-2.463694e-02	1.409411e+01
3.258000e-05	-2.734671e-02	1.389527e+01
3.259000e-05	-3.093392e-02	1.378986e+01
3.260000e-05	-2.694848e-02	1.365309e+01
3.261000e-05	-2.131692e-02	1.351324e+01
3.262000e-05	-2.023194e-02	1.338635e+01
3.263000e-05	-2.486175e-02	1.322098e+01
3.264000e-05	-2.350052e-02	1.302053e+01
3.265000e-05	-1.880677e-02	1.289566e+01
3.266000e-05	-1.613759e-02	1.269572e+01
3.267000e-05	-2.034230e-02	1.256785e+01
3.268000e-05	-2.307777e-02	1.240835e+01
3.269000e-05	-1.882516e-02	1.219938e+01
3.270000e-05	-1.511243e-02	1.202040e+01
3.271000e-05	-1.611718e-02	1.180851e+01
3.272000e-05	-2.154649e-02	1.166986e+01
3.273000e-05	-1.932872e-02	1.143038e+01
3.274000e-05	-1.435970e-02	1.117735e+01
3.275000e-05	-1.232824e-02	1.097885e+01
3.276000e-05	-1.650761e-02	1.079683e+01
3.277000e-05	-1.755165e-02	1.059828e+01
3.278000e-05	-1.439921e-02	1.033575e+01
3.279000e-05	-1.159257e-02	1.012577e+01
3.280000e-05	-1.375017e-02	9.884617e+00
3.281000e-05	-1.767256e-02	9.682633e+00
3.282000e-05	-1.397174e-02	9.479929e+00
3.283000e-05	-1.037932e-02	9.249926e+00
3.284000e-05	-1.051831e-02	8.917799e+00
3.285000e-05	-1.467133e-02	8.713167e+00
3.286000e-05	-1.435852e-02	8.533616e+00
3.287000e-05	-1.040800e-02	8.292412e+00
3.288000e-05	-8.609089e-03	7.999353e+00
3.289000e-05	-1.158594e-02	7.765749e+00
3.290000e-05	-1.407269e-02	7.512963e+00
3.291000e-05	-1.202566e-02	7.228903e+00
3.292000e-05	-9.007519e-03	6.966747e+00
3.293000e-05	-9.446258e-03	6.743039e+00
3.294000e-05	-1.253196e-02	6.419333e+00
3.295000e-05	-1.101916e-02	6.158196e+00
3.296000e-05	-7.759014e-03	5.904588e+00
3.297000e-05	-6.997455e-03	5.610751e+00
3.298000e-05	-1.007891e-02	5.365120e+00
3.299000e-05	-1.222269e-02	5.017783e+00
3.300000e-05	-8.618255e-03	4.706113e+00
3.301000e-05	-6.311305e-03	4.462004e+00
3.302000e-05	-8.478294e-03	4.217649e+00
3.303000e-05	-1.120006e-02	3.912409e+00
3.304000e-05	-8.919532e-03	3.620858e+00
3.305000e-05	-5.769530e-03	3.304642e+00
3.306000e-05	-6.244072e-03	3.051380e+00
3.307000e-05	-8.700922e-03	2.807800e+00
3.308000e-05	-1.018137e-02	2.480486e+00
3.309000e-05	-6.708514e-03	2.187272e+00
3.310000e-05	-5.245246e-03	1.945538e+00
3.311000e-05	-7.533362e-03	1.648754e+00
3.312000e-05	-9.385487e-03	1.344067e+00
3.313000e-05	-6.793491e-03	1.019728e+00
3.314000e-05	-4.095180e-03	7.520343e-01
3.315000e-05	-4.248205e-03	4.098527e-01
3.316000e-05	-5.591870e-03	1.346631e-01
3.317000e-05	-1.383576e-03	-1.385434e-01
3.318000e-05	1.145770e-02	-4.417038e-01
3.319000e-05	-1.562433e-03	-7.265106e-01
3.320000e-05	4.003159e-03	-9.891485e-01
3.321000e-05	-5.904448e-03	-1.264429e+00
3.322000e-05	2.960392e-03	-1.580118e+00
3.323000e-05	2.836575e-03	-1.771251e+00
3.324000e-05	3.542987e-02	-2.031780e+00
3.325000e-05	1.124514e-01	-2.317513e+00
3.326000e-05	-1.022356e-02	-2.667536e+00
3.327000e-05	-4.874052e-02	-3.057566e+00
3.328000e-05	-1.967371e-02	-3.371727e+00
3.329000e-05	-3.161360e-02	-3.562277e+00
3.330000e-05	-7.358409e-02	-3.853784e+00
3.331000e-05	3.608273e-02	-4.031256e+00
3.332000e-05	1.238973e-01	-4.234853e+00
3.333000e-05	-1.616744e-01	-4.557674e+00
3.334000e-05	2.114162e-01	-4.812777e+00
3.335000e-05	-1.286673e-01	-5.099292e+00
3.336000e-05	3.337542e-02	-5.467842e+00
3.337000e-05	3.245725e-02	-5.727566e+00
3.338000e-05	-1.193303e-01	-6.032405e+00
3.339000e-05	1.879871e-01	-6.233436e+00
3.340000e-05	-1.254191e-01	-6.508646e+00
3.341000e-05	1.019354e-01	-6.841957e+00
3.342000e-05	-4.091105e-02	-7.078512e+00
3.343000e-05	-3.144154e-02	-7.412780e+00
3.344000e-05	8.690150e-02	-7.611908e+00
3.345000e-05	-1.016987e-01	-7.960648e+00
3.346000e-05	1.501958e-01	-8.179049e+00
3.347000e-05	-8.906852e-02	-8.411332e+00
3.348000e-05	7.592730e-02	-8.696517e+00
3.349000e-05	-1.464388e-02	-8.907046e+00
3.350000e-05	-4.356739e-02	-9.128647e+00
3.351000e-05	6.534082e-02	-9.389122e+00
3.352000e-05	-5.372777e-02	-9.644332e+00
3.353000e-05	1.156689e-01	-9.863338e+00
3.354000e-05	-7.202630e-02	-1.004496e+01
3.355000e-05	7.688144e-02	-1.030834e+01
3.356000e-05	-5.388717e-02	-1.051755e+01
3.357000e-05	4.208521e-02	-1.071910e+01
3.358000e-05	-3.097630e-03	-1.092752e+01
3.359000e-05	7.546483e-03	-1.111960e+01
3.360000e-05	3.630877e-02	-1.135770e+01
3.361000e-05	-1.261450e-02	-1.160178e+01
3.362000e-05	4.511681e-02	-1.178076e+01
3.363000e-05	-3.247234e-02	-1.200340e+01
3.364000e-05	4.111011e-02	-1.222170e+01
3.365000e-05	-1.307077e-02	-1.238025e+01
3.366000e-05	4.994956e-02	-1.252905e+01
3.367000e-05	-5.857349e-03	-1.272807e+01
3.368000e-05	2.081539e-02	-1.287697e+01
3.369000e-05	-2.749275e-03	-1.305382e+01
3.370000e-05	1.707815e-02	-1.316979e+01
3.371000e-05	1.141563e-02	-1.336863e+01
3.372000e-05	1.453274e-02	-1.353545e+01
3.373000e-05	2.251754e-02	-1.364584e+01
3.374000e-05	1.642557e-02	-1.380121e+01
3.375000e-05	2.040605e-02	-1.395860e+01
3.376000e-05	2.910166e-03	-1.409544e+01
3.377000e-05	1.319141e-02	-1.422215e+01
3.378000e-05	1.083741e-02	-1.433900e+01
3.379000e-05	2.829622e-02	-1.447441e+01
3.380000e-05	1.629711e-02	-1.456060e+01
3.381000e-05	2.212311e-02	-1.467479e+01
3.382000e-05	1.105289e-02	-1.474015e+01
3.383000e-05	2.323687e-02	-1.486436e+01
3.384000e-05	1.474448e-02	-1.494955e+01
3.385000e-05	2.121680e-02	-1.506266e+01
3.386000e-05	1.892310e-02	-1.510544e+01
3.387000e-05	2.622982e-02	-1.519100e+01
3.388000e-05	2.335937e-02	-1.524424e+01
3.389000e-05	1.952768e-02	-1.530802e+01
3.390000e-05	1.895005e-02	-1.537905e+01
3.391000e-05	2.292874e-02	-1.539966e+01
3.392000e-05	3.178988e-02	-1.545479e+01
3.393000e-05	2.892753e-02	-1.548637e+01
3.394000e-05	2.923362e-02	-1.551898e+01
3.395000e-05	2.734848e-02	-1.556953e+01
3.396000e-05	3.289978e-02	-1.558011e+01
3.397000e-05	3.255671e-02	-1.559211e+01
3.398000e-05	3.452629e-02	-1.561179e+01
3.399000e-05	3.752328e-02	-1.562166e+01
3.400000e-05	4.426652e-02	-1.565064e+01
3.401000e-05	4.972671e-02	-1.560168e+01
3.402000e-05	5.019498e-02	-1.560308e+01
3.403000e-05	5.331212e-02	-1.558903e+01
3.404000e-05	6.380729e-02	-1.552850e+01
3.405000e-05	7.748474e-02	-1.551690e+01
3.406000e-05	9.571361e-02	-1.550329e+01
3.407000e-05	1.205836e-01	-1.546323e+01
3.408000e-05	1.651848e-01	-1.541161e+01
3.409000e-05	2.263871e-01	-1.534950e+01
3.410000e-05	2.498000e-01	-1.534386e+01
3.411000e-05	2.500000e-01	-1.523156e+01
3.412000e-05	2.500000e-01	-1.515738e+01
3.413000e-05	2.486801e-01	-1.508382e+01
3.414000e-05	2.077691e-01	-1.502208e+01
3.415000e-05	1.354144e-01	-1.495687e+01
3.416000e-05	9.006133e-02	-1.487364e+01
3.417000e-05	6.586797e-02	-1.472693e+01
3.418000e-05	5.169120e-02	-1.467319e+01
3.419000e-05	3.969342e-02	-1.458695e+01
3.420000e-05	3.022191e-02	-1.445166e+01
3.421000e-05	2.477187e-02	-1.428679e+01
3.422000e-05	2.245131e-02	-1.421095e+01
3.423000e-05	2.032355e-02	-1.404566e+01
3.424000e-05	1.669700e-02	-1.392790e+01
3.425000e-05	1.441825e-02	-1.380095e+01
3.426000e-05	1.606256e-02	-1.367017e+01
3.427000e-05	1.629917e-02	-1.348582e+01
3.428000e-05	1.439358e-02	-1.335887e+01
3.429000e-05	9.858618e-03	-1.321048e+01
3.430000e-05	1.080308e-02	-1.303206e+01
3.431000e-05	1.105900e-02	-1.291467e+01
3.432000e-05	1.062948e-02	-1.275384e+01
3.433000e-05	8.371943e-03	-1.255785e+01
3.434000e-05	7.072736e-03	-1.238837e+01
3.435000e-05	8.595771e-03	-1.217943e+01
3.436000e-05	8.772430e-03	-1.197201e+01
3.437000e-05	5.358854e-03	-1.178095e+01
3.438000e-05	3.691369e-03	-1.158850e+01
3.439000e-05	4.602263e-03	-1.136775e+01
3.440000e-05	6.385628e-03	-1.111727e+01
3.441000e-05	4.647321e-03	-1.091575e+01
3.442000e-05	2.746801e-03	-1.074482e+01
3.443000e-05	2.290127e-03	-1.053677e+01
3.444000e-05	3.217679e-03	-1.029165e+01
3.445000e-05	3.380662e-03	-1.007199e+01
3.446000e-05	1.691559e-03	-9.863610e+00
3.447000e-05	9.564602e-04	-9.651509e+00
3.448000e-05	1.754551e-03	-9.421434e+00
3.449000e-05	2.354658e-03	-9.178403e+00
3.450000e-05	3.388769e-04	-8.975749e+00
3.451000e-05	-1.901964e-03	-8.764241e+00
3.452000e-05	-2.133753e-03	-8.452085e+00
3.453000e-05	-3.218969e-04	-8.219425e+00
3.454000e-05	-1.349875e-04	-8.017901e+00
3.455000e-05	-1.780154e-03	-7.695517e+00
3.456000e-05	-3.002186e-03	-7.452004e+00
3.457000e-05	-1.841840e-03	-7.157800e+00
3.458000e-05	-1.867067e-03	-6.873520e+00
3.459000e-05	-2.867979e-03	-6.651004e+00
3.460000e-05	-4.485354e-03	-6.407821e+00
3.461000e-05	-3.040249e-03	-6.124163e+00
3.462000e-05	-4.219998e-03	-5.840983e+00
3.463000e-05	-4.241666e-03	-5.515276e+00
3.464000e-05	-5.718915e-03	-5.262457e+00
3.465000e-05	-5.378973e-03	-4.986245e+00
3.466000e-05	-4.447396e-03	-4.621880e+00
3.467000e-05	-4.499777e-03	-4.399374e+00
3.468000e-05	-5.033265e-03	-4.148696e+00
3.469000e-05	-5.877353e-03	-3.862483e+00
3.470000e-05	-6.227178e-03	-3.577348e+00
3.471000e-05	-6.494035e-03	-3.325141e+00
3.472000e-05	-8.311633e-03	-3.039349e+00
3.473000e-05	-7.587468e-03	-2.745193e+00
3.474000e-05	-7.433882e-03	-2.471459e+00
3.475000e-05	-5.166439e-03	-2.145695e+00
3.476000e-05	-6.639533e-03	-1.863011e+00
3.477000e-05	-7.993252e-03	-1.588879e+00
3.478000e-05	-8.116454e-03	-1.271383e+00
3.479000e-05	-8.459708e-03	-9.660948e-01
3.480000e-05	-8.143876e-03	-6.939583e-01
3.481000e-05	-8.949029e-03	-3.677462e-01
3.482000e-05	-6.634150e-03	-1.035870e-01
3.483000e-05	1.979951e-03	1.771423e-01
3.484000e-05	3.721829e-03	4.248828e-01
3.485000e-05	-4.595987e-03	6.954130e-01
3.486000e-05	6.034852e-04	9.701247e-01
3.487000e-05	-4.249559e-03	1.285312e+00
3.488000e-05	-7.937480e-04	1.582144e+00
3.489000e-05	-1.447830e-03	1.872856e+00
3.490000e-05	1.869010e-02	2.084314e+00
3.491000e-05	7.566548e-02	2.318642e+00
3.492000e-05	4.126370e-02	2.698963e+00
3.493000e-05	-8.249700e-02	2.990752e+00
3.494000e-05	-3.251478e-02	3.326111e+00
3.495000e-05	-3.957611e-02	3.581679e+00
3.496000e-05	-2.771149e-02	3.833283e+00
3.497000e-05	-7.707323e-02	4.002830e+00
3.498000e-05	5.998407e-02	4.327591e+00
3.499000e-05	6.039320e-02	4.652179e+00
3.500000e-05	-1.060775e-01	4.884338e+00
3.501000e-05	1.716142e-01	5.161721e+00
3.502000e-05	-1.380051e-01	5.486419e+00
3.503000e-05	2.041668e-02	5.767095e+00
3.504000e-05	-1.043699e-03	6.062808e+00
3.505000e-05	-2.326282e-02	6.265937e+00
3.506000e-05	6.159860e-02	6.547047e+00
3.507000e-05	-8.373075e-02	6.854387e+00
3.508000e-05	4.211535e-02	7.117969e+00
3.509000e-05	-4.870963e-02	7.371250e+00
3.510000e-05	1.955339e-02	7.623810e+00
3.511000e-05	-2.858590e-02	7.949624e+00
3.512000e-05	-1.593239e-02	8.223804e+00
3.513000e-05	4.681751e-02	8.463357e+00
3.514000e-05	-3.606399e-02	8.664934e+00
3.515000e-05	9.873497e-03	8.907545e+00
3.516000e-05	-4.440006e-02	9.139670e+00
3.517000e-05	-1.516844e-02	9.399600e+00
3.518000e-05	1.499887e-02	9.613280e+00
3.519000e-05	-4.069350e-03	9.862384e+00
3.520000e-05	-6.300554e-03	1.007449e+01
3.521000e-05	-3.061897e-02	1.029546e+01
3.522000e-05	1.108799e-02	1.050849e+01
3.523000e-05	-2.347149e-02	1.075749e+01
3.524000e-05	-1.517597e-02	1.094705e+01
3.525000e-05	-2.281313e-02	1.113957e+01
3.526000e-05	-3.193705e-03	1.141016e+01
3.527000e-05	6.257318e-03	1.158075e+01
3.528000e-05	-1.799793e-02	1.176015e+01
3.529000e-05	-2.439302e-02	1.194860e+01
3.530000e-05	-2.146622e-02	1.213913e+01
3.531000e-05	8.926791e-05	1.236710e+01
3.532000e-05	-6.114852e-03	1.256752e+01
3.533000e-05	-1.998851e-02	1.263642e+01
3.534000e-05	-2.367825e-02	1.290436e+01
3.535000e-05	-1.422358e-02	1.301226e+01
3.536000e-05	-9.797975e-03	1.318070e+01
3.537000e-05	-2.299826e-02	1.332765e+01
3.538000e-05	-2.477058e-02	1.353584e+01
3.539000e-05	-1.092647e-02	1.360283e+01
3.540000e-05	-4.301245e-03	1.382163e+01
3.541000e-05	-1.368673e-02	1.388757e+01
3.542000e-05	-3.513210e-02	1.405444e+01
3.543000e-05	-2.587392e-02	1.425326e+01
3.544000e-05	-1.715881e-02	1.433000e+01
3.545000e-05	-1.062729e-02	1.445369e+01
3.546000e-05	-2.539593e-02	1.464107e+01
3.547000e-05	-2.716377e-02	1.468437e+01
3.548000e-05	-1.706899e-02	1.479748e+01
3.549000e-05	-1.691864e-02	1.485279e+01
3.550000e-05	-2.381023e-02	1.495797e+01
3.551000e-05	-3.577749e-02	1.502113e+01
3.552000e-05	-2.419260e-02	1.508534e+01
3.553000e-05	-2.122415e-02	1.519005e+01
3.554000e-05	-2.128359e-02	1.524064e+01
3.555000e-05	-3.875718e-02	1.529489e+01
3.556000e-05	-3.665068e-02	1.535950e+01
3.557000e-05	-2.810427e-02	1.537151e+01
3.558000e-05	-2.384632e-02	1.545256e+01
3.559000e-05	-3.277126e-02	1.548436e+01
3.560000e-05	-4.053465e-02	1.553474e+01
3.561000e-05	-3.238160e-02	1.554892e+01
3.562000e-05	-3.466348e-02	1.552682e+01
3.563000e-05	-3.995462e-02	1.555995e+01
3.564000e-05	-5.434854e-02	1.557848e+01
3.565000e-05	-4.933739e-02	1.559958e+01
3.566000e-05	-4.459862e-02	1.562850e+01
3.567000e-05	-4.756765e-02	1.556900e+01
3.568000e-05	-6.272645e-02	1.557937e+01
3.569000e-05	-7.253566e-02	1.555682e+01
3.570000e-05	-7.303489e-02	1.553530e+01
3.571000e-05	-8.636843e-02	1.546424e+01
3.572000e-05	-1.089626e-01	1.547267e+01
3.573000e-05	-1.485123e-01	1.544261e+01
3.574000e-05	-1.932472e-01	1.534993e+01
3.575000e-05	-2.419184e-01	1.528584e+01
3.576000e-05	-2.500000e-01	1.524264e+01
3.577000e-05	-2.500000e-01	1.522060e+01
3.578000e-05	-2.500000e-01	1.514648e+01
3.579000e-05	-2.398350e-01	1.506361e+01
3.580000e-05	-1.827101e-01	1.499798e+01
3.581000e-05	-1.251088e-01	1.487464e+01
3.582000e-05	-9.508988e-02	1.479840e+01
3.583000e-05	-6.841360e-02	1.470521e+01
3.584000e-05	-4.998143e-02	1.458953e+01
3.585000e-05	-4.341838e-02	1.450471e+01
3.586000e-05	-4.238766e-02	1.440793e+01
3.587000e-05	-3.676793e-02	1.427259e+01
3.588000e-05	-2.618789e-02	1.416624e+01
3.589000e-05	-2.539359e-02	1.401798e+01
3.590000e-05	-2.848191e-02	1.383409e+01
3.591000e-05	-3.008326e-02	1.371420e+01
3.592000e-05	-2.310254e-02	1.359883e+01
3.593000e-05	-2.038083e-02	1.341341e+01
3.594000e-05	-2.239406e-02	1.332254e+01
3.595000e-05	-2.568961e-02	1.313424e+01
3.596000e-05	-2.215962e-02	1.296892e+01
3.597000e-05	-1.674844e-02	1.279690e+01
3.598000e-05	-1.785729e-02	1.259998e+01
3.599000e-05	-2.124045e-02	1.249399e+01
3.600000e-05	-2.176764e-02	1.232319e+01
3.601000e-05	-1.599012e-02	1.208462e+01
3.602000e-05	-1.473321e-02	1.190462e+01
3.603000e-05	-1.848027e-02	1.175469e+01
3.604000e-05	-2.101347e-02	1.153419e+01
3.605000e-05	-1.701444e-02	1.124306e+01
3.606000e-05	-1.249866e-02	1.108306e+01
3.607000e-05	-1.417833e-02	1.092261e+01
3.608000e-05	-1.710511e-02	1.069239e+01
3.609000e-05	-1.577552e-02	1.044251e+01
3.610000e-05	-1.110346e-02	1.023045e+01
3.611000e-05	-1.189104e-02	1.003987e+01
3.612000e-05	-1.552636e-02	9.737296e+00
3.613000e-05	-1.729969e-02	9.555719e+00
3.614000e-05	-1.250007e-02	9.335641e+00
3.615000e-05	-1.079068e-02	9.113061e+00
3.616000e-05	-1.306476e-02	8.880912e+00
3.617000e-05	-1.512267e-02	8.619403e+00
3.618000e-05	-1.221682e-02	8.408823e+00
3.619000e-05	-8.651160e-03	8.124620e+00
3.620000e-05	-8.897290e-03	7.862458e+00
3.621000e-05	-1.267409e-02	7.659330e+00
3.622000e-05	-1.291652e-02	7.344601e+00
3.623000e-05	-1.018165e-02	7.062487e+00
3.624000e-05	-9.312063e-03	6.809379e+00
3.625000e-05	-1.178619e-02	6.555621e+00
3.626000e-05	-1.307578e-02	6.282457e+00
3.627000e-05	-9.561282e-03	6.061354e+00
3.628000e-05	-6.736926e-03	5.795671e+00
3.629000e-05	-7.764208e-03	5.522557e+00
3.630000e-05	-1.157914e-02	5.198225e+00
3.631000e-05	-1.003131e-02	4.830356e+00
3.632000e-05	-7.433383e-03	4.566696e+00
3.633000e-05	-7.438846e-03	4.382417e+00
3.634000e-05	-1.038243e-02	4.008250e+00
3.635000e-05	-1.060194e-02	3.734544e+00
3.636000e-05	-7.759921e-03	3.502007e+00
3.637000e-05	-4.993278e-03	3.176191e+00
3.638000e-05	-7.916025e-03	2.933111e+00
3.639000e-05	-9.689826e-03	2.619331e+00
3.640000e-05	-7.884568e-03	2.323617e+00
3.641000e-05	-4.868661e-03	2.020357e+00
3.642000e-05	-5.515224e-03	1.765646e+00
3.643000e-05	-8.309056e-03	1.431908e+00
3.644000e-05	-8.994985e-03	1.165067e+00
3.645000e-05	-5.660559e-03	8.098263e-01
3.646000e-05	-4.406490e-03	5.536411e-01
3.647000e-05	-5.766220e-03	2.924055e-01
3.648000e-05	-4.189327e-03	-2.230520e-02
3.649000e-05	6.138827e-03	-2.873882e-01
3.650000e-05	6.394088e-03	-5.392234e-01
3.651000e-05	5.357148e-05	-8.637788e-01
3.652000e-05	3.089175e-04	-1.117909e+00
3.653000e-05	-1.094559e-03	-1.414310e+00
3.654000e-05	1.722041e-03	-1.694338e+00
3.655000e-05	1.518696e-02	-1.897416e+00
3.656000e-05	7.343702e-02	-2.169096e+00
3.657000e-05	8.897625e-02	-2.477041e+00
3.658000e-05	-8.047240e-02	-2.897593e+00
3.659000e-05	-3.734854e-03	-3.286466e+00
3.660000e-05	-4.795779e-02	-3.517388e+00
3.661000e-05	-2.623904e-02	-3.707537e+00
3.662000e-05	-8.371019e-02	-3.951146e+00
3.663000e-05	1.856692e-01	-4.149018e+00
3.664000e-05	-1.033338e-01	-4.402329e+00
3.665000e-05	4.343579e-02	-4.759068e+00
3.666000e-05	9.342145e-02	-4.928048e+00
3.667000e-05	-1.654168e-01	-5.319271e+00
3.668000e-05	1.714005e-01	-5.590754e+00
3.669000e-05	-1.718738e-01	-5.876539e+00
3.670000e-05	1.121786e-01	-6.148522e+00
3.671000e-05	2.958043e-02	-6.392202e+00
3.672000e-05	-5.843376e-02	-6.699594e+00
3.673000e-05	1.176108e-01	-6.958579e+00
3.674000e-05	-1.439059e-01	-7.263982e+00
3.675000e-05	1.184945e-01	-7.507519e+00
3.676000e-05	-7.737994e-02	-7.791274e+00
3.677000e-05	5.400485e-02	-8.065986e+00
3.678000e-05	5.157536e-02	-8.276088e+00
3.679000e-05	-6.500672e-02	-8.602199e+00
3.680000e-05	1.155052e-01	-8.802829e+00
3.681000e-05	-1.197104e-01	-9.065538e+00
3.682000e-05	8.778251e-02	-9.305912e+00
3.683000e-05	-5.436359e-02	-9.485940e+00
3.684000e-05	7.073824e-02	-9.749545e+00
3.685000e-05	8.335000e-03	-9.959701e+00
3.686000e-05	-7.856630e-03	-1.021231e+01
3.687000e-05	3.891018e-02	-1.039335e+01
3.688000e-05	-4.865057e-02	-1.066444e+01
3.689000e-05	7.070039e-02	-1.086341e+01
3.690000e-05	-4.748698e-02	-1.108331e+01
3.691000e-05	6.916030e-02	-1.127489e+01
3.692000e-05	-2.850080e-02	-1.147656e+01
3.693000e-05	4.648821e-02	-1.169899e+01
3.694000e-05	-1.856315e-02	-1.189704e+01
3.695000e-05	1.633889e-02	-1.212752e+01
3.696000e-05	7.006013e-03	-1.225541e+01
3.697000e-05	2.027010e-02	-1.245541e+01
3.698000e-05	2.945673e-02	-1.260376e+01
3.699000e-05	-1.640726e-03	-1.280286e+01
3.700000e-05	1.932977e-02	-1.298915e+01
3.701000e-05	-5.143099e-03	-1.311807e+01
3.702000e-05	2.708145e-02	-1.330792e+01
3.703000e-05	-5.281099e-04	-1.341281e+01
3.704000e-05	2.972260e-02	-1.362108e+01
3.705000e-05	9.879669e-03	-1.370822e+01
3.706000e-05	2.905395e-02	-1.387697e+01
3.707000e-05	3.216530e-03	-1.401284e+01
3.708000e-05	1.366117e-02	-1.418108e+01
3.709000e-05	6.270323e-03	-1.423492e+01
3.710000e-05	2.486313e-02	-1.439123e+01
3.711000e-05	1.948942e-02	-1.454700e+01
3.712000e-05	2.164684e-02	-1.466218e+01
3.713000e-05	1.521683e-02	-1.468707e+01
3.714000e-05	1.623219e-02	-1.485086e+01
3.715000e-05	2.037558e-02	-1.494694e+01
3.716000e-05	1.481488e-02	-1.500118e+01
3.717000e-05	2.208586e-02	-1.506384e+01
3.718000e-05	1.933516e-02	-1.515757e+01
3.719000e-05	2.978731e-02	-1.526168e+01
3.720000e-05	1.900841e-02	-1.524544e+01
3.721000e-05	2.137956e-02	-1.536555e+01
3.722000e-05	1.713163e-02	-1.541213e+01
3.723000e-05	2.898931e-02	-1.548324e+01
3.724000e-05	2.863305e-02	-1.549582e+01
3.725000e-05	2.941027e-02	-1.551782e+01
3.726000e-05	2.868405e-02	-1.555808e+01
3.727000e-05	2.932930e-02	-1.557908e+01
3.728000e-05	3.357668e-02	-1.559111e+01
3.729000e-05	3.197736e-02	-1.562164e+01
3.730000e-05	3.554273e-02	-1.562273e+01
3.731000e-05	3.946720e-02	-1.564081e+01
3.732000e-05	4.818271e-02	-1.561158e+01
3.733000e-05	5.099275e-02	-1.560218e+01
3.734000e-05	5.151195e-02	-1.556808e+01
3.735000e-05	5.711622e-02	-1.558700e+01
3.736000e-05	7.011039e-02	-1.550747e+01
3.737000e-05	8.632269e-02	-1.548492e+01
3.738000e-05	1.073998e-01	-1.547376e+01
3.739000e-05	1.401281e-01	-1.543311e+01
3.740000e-05	1.975817e-01	-1.540101e+01
3.741000e-05	2.453996e-01	-1.536740e+01
3.742000e-05	2.500000e-01	-1.527419e+01
3.743000e-05	2.500000e-01	-1.519111e+01
3.744000e-05	2.500000e-01	-1.512630e+01
3.745000e-05	2.344255e-01	-1.506369e+01
3.746000e-05	1.688303e-01	-1.497903e+01
3.747000e-05	1.081247e-01	-1.487629e+01
3.748000e-05	7.467222e-02	-1.479048e+01
3.749000e-05	5.656097e-02	-1.472490e+01
3.750000e-05	4.459881e-02	-1.462108e+01
3.751000e-05	3.505528e-02	-1.454574e+01
3.752000e-05	2.727582e-02	-1.438896e+01
3.753000e-05	2.334296e-02	-1.429414e+01
3.754000e-05	2.198217e-02	-1.413780e+01
3.755000e-05	1.970631e-02	-1.401903e+01
3.756000e-05	1.473657e-02	-1.385363e+01
3.757000e-05	1.400600e-02	-1.372782e+01
3.758000e-05	1.547990e-02	-1.355796e+01
3.759000e-05	1.613091e-02	-1.346256e+01
3.760000e-05	1.245560e-02	-1.326316e+01
3.761000e-05	1.003871e-02	-1.307532e+01
3.762000e-05	1.054792e-02	-1.295988e+01
3.763000e-05	1.114497e-02	-1.283048e+01
3.764000e-05	1.004381e-02	-1.264101e+01
3.765000e-05	6.868614e-03	-1.249403e+01
3.766000e-05	6.914929e-03	-1.229406e+01
3.767000e-05	8.285493e-03	-1.213520e+01
3.768000e-05	7.129808e-03	-1.190474e+01
3.769000e-05	4.210261e-03	-1.168421e+01
3.770000e-05	4.095902e-03	-1.149361e+01
3.771000e-05	5.667818e-03	-1.124094e+01
3.772000e-05	6.065832e-03	-1.103001e+01
3.773000e-05	4.606923e-03	-1.085203e+01
3.774000e-05	2.939811e-03	-1.065148e+01
3.775000e-05	2.751107e-03	-1.046093e+01
3.776000e-05	2.512934e-03	-1.016983e+01
3.777000e-05	1.975499e-03	-9.976325e+00
3.778000e-05	1.238158e-04	-9.725794e+00
3.779000e-05	6.673814e-04	-9.546194e+00
3.780000e-05	2.798995e-03	-9.282992e+00
3.781000e-05	2.244302e-03	-9.063490e+00
3.782000e-05	3.601023e-04	-8.852429e+00
3.783000e-05	-1.804210e-03	-8.578950e+00
3.784000e-05	-4.050858e-04	-8.297245e+00
3.785000e-05	-3.354421e-05	-8.073096e+00
3.786000e-05	-1.394365e-03	-7.850387e+00
3.787000e-05	-4.072094e-03	-7.586194e+00
3.788000e-05	-3.510489e-03	-7.306115e+00
3.789000e-05	-2.738055e-03	-7.029984e+00
3.790000e-05	-1.458085e-03	-6.747275e+00
3.791000e-05	-2.737582e-03	-6.525142e+00
3.792000e-05	-1.657185e-03	-6.281907e+00
3.793000e-05	-3.473038e-03	-5.967275e+00
3.794000e-05	-3.693786e-03	-5.725167e+00
3.795000e-05	-4.573066e-03	-5.430829e+00
3.796000e-05	-6.982850e-03	-5.086038e+00
3.797000e-05	-6.862719e-03	-4.756851e+00
3.798000e-05	-4.514911e-03	-4.554189e+00
3.799000e-05	-3.196856e-03	-4.293013e+00
3.800000e-05	-3.989903e-03	-3.989429e+00
3.801000e-05	-6.123039e-03	-3.735690e+00
3.802000e-05	-5.281467e-03	-3.420929e+00
3.803000e-05	-6.426247e-03	-3.189146e+00
3.804000e-05	-6.676313e-03	-2.831459e+00
3.805000e-05	-8.263558e-03	-2.558771e+00
3.806000e-05	-6.753518e-03	-2.342988e+00
3.807000e-05	-6.938126e-03	-1.988830e+00
3.808000e-05	-6.472059e-03	-1.735141e+00
3.809000e-05	-8.581848e-03	-1.441356e+00
3.810000e-05	-8.373506e-03	-1.113513e+00
3.811000e-05	-8.012744e-03	-7.794288e-01
3.812000e-05	-7.651302e-03	-5.120872e-01
3.813000e-05	-6.458712e-03	-2.408817e-01
3.814000e-05	-5.750053e-03	1.332639e-02
3.815000e-05	6.566011e-03	3.474922e-01
3.816000e-05	-5.561978e-03	5.811261e-01
3.817000e-05	2.858707e-03	8.119264e-01
3.818000e-05	-6.469164e-03	1.119671e+00
3.819000e-05	-5.299375e-04	1.381904e+00
3.820000e-05	-4.299351e-03	1.780017e+00
3.821000e-05	1.106935e-02	1.980197e+00
3.822000e-05	4.021101e-02	2.202725e+00
3.823000e-05	9.446025e-02	2.516115e+00
3.824000e-05	-5.428553e-02	2.874936e+00
3.825000e-05	-4.861288e-02	3.160550e+00
3.826000e-05	-4.225247e-02	3.436810e+00
3.827000e-05	-2.137297e-02	3.729018e+00
3.828000e-05	-6.854438e-02	3.958445e+00
3.829000e-05	-2.334132e-02	4.176600e+00
3.830000e-05	1.234493e-01	4.494408e+00
3.831000e-05	-9.217741e-02	4.739644e+00
3.832000e-05	7.258507e-02	5.008225e+00
3.833000e-05	3.247347e-02	5.309545e+00
3.834000e-05	-1.177784e-01	5.614775e+00
3.835000e-05	7.495956e-02	5.849563e+00
3.836000e-05	-7.033920e-02	6.159622e+00
3.837000e-05	6.578291e-02	6.432854e+00
3.838000e-05	-3.285429e-02	6.738518e+00
3.839000e-05	-2.644768e-02	6.989576e+00
3.840000e-05	2.183046e-02	7.254406e+00
3.841000e-05	-4.772808e-02	7.525992e+00
3.842000e-05	3.649875e-02	7.811300e+00
3.843000e-05	-6.696090e-02	8.085538e+00
3.844000e-05	5.065791e-02	8.298096e+00
3.845000e-05	-8.050386e-03	8.568075e+00
3.846000e-05	-2.261069e-02	8.768676e+00
3.847000e-05	3.438241e-03	9.021734e+00
3.848000e-05	-6.339269e-02	9.276389e+00
3.849000e-05	3.497937e-02	9.487514e+00
3.850000e-05	-2.018254e-02	9.747024e+00
3.851000e-05	2.198631e-02	1.000022e+01
3.852000e-05	-4.249821e-02	1.026115e+01
3.853000e-05	5.096050e-03	1.042025e+01
3.854000e-05	-1.023670e-02	1.064121e+01
3.855000e-05	-2.422397e-02	1.082431e+01
3.856000e-05	-1.162877e-02	1.104278e+01
3.857000e-05	-2.574921e-02	1.124386e+01
3.858000e-05	2.049140e-02	1.153334e+01
3.859000e-05	-2.128712e-02	1.169644e+01
3.860000e-05	-8.760673e-03	1.188381e+01
3.861000e-05	-3.869070e-02	1.211541e+01
3.862000e-05	3.146778e-03	1.230384e+01
3.863000e-05	-8.657581e-03	1.243386e+01
3.864000e-05	-8.407572e-03	1.263226e+01
3.865000e-05	-2.459005e-02	1.281025e+01
3.866000e-05	-2.082352e-02	1.300714e+01
3.867000e-05	-5.891389e-03	1.310792e+01
3.868000e-05	-2.150117e-02	1.328439e+01
3.869000e-05	-2.050301e-02	1.346071e+01
3.870000e-05	-2.519221e-02	1.353023e+01
3.871000e-05	1.223826e-03	1.369697e+01
3.872000e-05	-1.299152e-02	1.383278e+01
3.873000e-05	-2.162350e-02	1.399073e+01
3.874000e-05	-3.539925e-02	1.418918e+01
3.875000e-05	-2.014810e-02	1.429685e+01
3.876000e-05	-1.239089e-02	1.439168e+01
3.877000e-05	-1.999057e-02	1.455642e+01
3.878000e-05	-2.621029e-02	1.464373e+01
3.879000e-05	-2.558462e-02	1.474742e+01
3.880000e-05	-1.187956e-02	1.483158e+01
3.881000e-05	-2.359166e-02	1.489536e+01
3.882000e-05	-2.922564e-02	1.498965e+01
3.883000e-05	-3.345204e-02	1.506334e+01
3.884000e-05	-1.956361e-02	1.512695e+01
3.885000e-05	-2.036148e-02	1.522010e+01
3.886000e-05	-3.142414e-02	1.527336e+01
3.887000e-05	-3.833659e-02	1.528547e+01
3.888000e-05	-3.397617e-02	1.536057e+01
3.889000e-05	-2.244975e-02	1.545056e+01
3.890000e-05	-3.036207e-02	1.546281e+01
3.891000e-05	-3.720475e-02	1.550379e+01
3.892000e-05	-3.963544e-02	1.553634e+01
3.893000e-05	-3.160742e-02	1.553787e+01
3.894000e-05	-3.701965e-02	1.553947e+01
3.895000e-05	-4.841523e-02	1.559910e+01
3.896000e-05	-5.117785e-02	1.557853e+01
3.897000e-05	-4.686230e-02	1.558895e+01
3.898000e-05	-4.278139e-02	1.556855e+01
3.899000e-05	-5.747024e-02	1.556640e+01
3.900000e-05	-6.760905e-02	1.555837e+01
3.901000e-05	-7.495292e-02	1.552532e+01
3.902000e-05	-7.806898e-02	1.550427e+01
3.903000e-05	-9.744633e-02	1.547319e+01
3.904000e-05	-1.285720e-01	1.545253e+01
3.905000e-05	-1.691314e-01	1.542153e+01
3.906000e-05	-2.226347e-01	1.532695e+01
3.907000e-05	-2.496000e-01	1.528566e+01
3.908000e-05	-2.500000e-01	1.522063e+01
3.909000e-05	-2.500000e-01	1.516687e+01
3.910000e-05	-2.492425e-01	1.506474e+01
3.911000e-05	-2.170166e-01	1.504058e+01
3.912000e-05	-1.498740e-01	1.490727e+01
3.913000e-05	-1.088767e-01	1.484053e+01
3.914000e-05	-8.047013e-02	1.474587e+01
3.915000e-05	-5.592215e-02	1.467311e+01
3.916000e-05	-4.300882e-02	1.456587e+01
3.917000e-05	-4.206082e-02	1.442311e+01
3.918000e-05	-3.905363e-02	1.432579e+01
3.919000e-05	-3.288660e-02	1.421891e+01
3.920000e-05	-2.545756e-02	1.407309e+01
3.921000e-05	-2.867146e-02	1.393584e+01
3.922000e-05	-3.054381e-02	1.379845e+01
3.923000e-05	-2.663756e-02	1.364041e+01
3.924000e-05	-2.008653e-02	1.346261e+01
3.925000e-05	-1.902911e-02	1.335732e+01
3.926000e-05	-2.495771e-02	1.322988e+01
3.927000e-05	-2.461529e-02	1.304051e+01
3.928000e-05	-2.053182e-02	1.289254e+01
3.929000e-05	-1.654645e-02	1.270464e+01
3.930000e-05	-2.074610e-02	1.255682e+01
3.931000e-05	-2.267348e-02	1.240878e+01
3.932000e-05	-1.844504e-02	1.217043e+01
3.933000e-05	-1.428369e-02	1.201093e+01
3.934000e-05	-1.522520e-02	1.181045e+01
3.935000e-05	-2.089032e-02	1.156778e+01
3.936000e-05	-1.964829e-02	1.138783e+01
3.937000e-05	-1.406002e-02	1.116932e+01
3.938000e-05	-1.171771e-02	1.098937e+01
3.939000e-05	-1.713223e-02	1.079840e+01
3.940000e-05	-1.848072e-02	1.054680e+01
3.941000e-05	-1.433375e-02	1.033415e+01
3.942000e-05	-1.215832e-02	1.012664e+01
3.943000e-05	-1.317250e-02	9.902535e+00
3.944000e-05	-1.758155e-02	9.650437e+00
3.945000e-05	-1.417360e-02	9.418978e+00
3.946000e-05	-1.049975e-02	9.217329e+00
3.947000e-05	-1.025566e-02	8.978719e+00
3.948000e-05	-1.531576e-02	8.715117e+00
3.949000e-05	-1.464261e-02	8.494114e+00
3.950000e-05	-1.067566e-02	8.250462e+00
3.951000e-05	-8.687980e-03	7.988751e+00
3.952000e-05	-1.134473e-02	7.764219e+00
3.953000e-05	-1.388905e-02	7.461011e+00
3.954000e-05	-1.166636e-02	7.178734e+00
3.955000e-05	-9.128129e-03	6.945594e+00
3.956000e-05	-9.076771e-03	6.702957e+00
3.957000e-05	-1.211017e-02	6.397853e+00
3.958000e-05	-1.113445e-02	6.155216e+00
3.959000e-05	-8.585851e-03	5.901011e+00
3.960000e-05	-7.549796e-03	5.607853e+00
3.961000e-05	-1.124600e-02	5.386539e+00
3.962000e-05	-1.248785e-02	4.996273e+00
3.963000e-05	-8.121435e-03	4.732540e+00
3.964000e-05	-6.409202e-03	4.440979e+00
3.965000e-05	-6.598749e-03	4.125244e+00
3.966000e-05	-1.022986e-02	3.881536e+00
3.967000e-05	-8.930804e-03	3.590405e+00
3.968000e-05	-7.186360e-03	3.313542e+00
3.969000e-05	-7.560683e-03	3.009404e+00
3.970000e-05	-9.738545e-03	2.798620e+00
3.971000e-05	-9.700303e-03	2.460387e+00
3.972000e-05	-6.396610e-03	2.166720e+00
3.973000e-05	-4.780821e-03	1.934462e+00
3.974000e-05	-5.557342e-03	1.607270e+00
3.975000e-05	-8.443534e-03	1.333511e+00
3.976000e-05	-6.440359e-03	9.872214e-01
3.977000e-05	-5.014158e-03	6.724580e-01
3.978000e-05	-4.560660e-03	4.383024e-01
3.979000e-05	-5.356644e-03	1.135108e-01
3.980000e-05	-1.447588e-03	-1.497209e-01
3.981000e-05	1.174641e-02	-4.113777e-01
3.982000e-05	-1.901941e-03	-6.680931e-01
3.983000e-05	5.593600e-03	-9.611986e-01
3.984000e-05	-4.327041e-03	-1.267507e+00
3.985000e-05	3.476037e-03	-1.580101e+00
3.986000e-05	3.435930e-03	-1.802204e+00
3.987000e-05	3.755955e-02	-2.043254e+00
3.988000e-05	1.136709e-01	-2.310670e+00
3.989000e-05	-2.050567e-02	-2.728617e+00
3.990000e-05	-4.345994e-02	-3.101641e+00
3.991000e-05	-2.255415e-02	-3.421174e+00
3.992000e-05	-2.902033e-02	-3.611228e+00
3.993000e-05	-7.808000e-02	-3.825410e+00
3.994000e-05	5.202694e-02	-4.083255e+00
3.995000e-05	1.055193e-01	-4.243335e+00
3.996000e-05	-1.521004e-01	-4.591226e+00
3.997000e-05	2.128356e-01	-4.852807e+00
3.998000e-05	-1.460887e-01	-5.150773e+00
3.999000e-05	5.458688e-02	-5.495417e+00
4.000000e-05	1.377686e-02	-5.717095e+00
4.001000e-05	-1.010310e-01	-6.043859e+00
4.002000e-05	1.828594e-01	-6.275884e+00
4.003000e-05	-1.306347e-01	-6.599717e+00
4.004000e-05	1.121066e-01	-6.844458e+00
4.005000e-05	-5.583369e-02	-7.078542e+00
4.006000e-05	-1.377485e-02	-7.412760e+00
4.007000e-05	7.413050e-02	-7.653460e+00
4.008000e-05	-9.344343e-02	-7.971725e+00
4.009000e-05	1.486794e-01	-8.199651e+00
4.010000e-05	-9.666358e-02	-8.403460e+00
4.011000e-05	8.568958e-02	-8.728017e+00
4.012000e-05	-2.945510e-02	-8.898546e+00
4.013000e-05	-2.941920e-02	-9.190276e+00
4.014000e-05	5.716004e-02	-9.370224e+00
4.015000e-05	-4.406446e-02	-9.633809e+00
4.016000e-05	1.105665e-01	-9.864334e+00
4.017000e-05	-7.219821e-02	-1.010601e+01
4.018000e-05	7.856557e-02	-1.030494e+01
4.019000e-05	-6.001386e-02	-1.051860e+01
4.020000e-05	4.770913e-02	-1.074062e+01
4.021000e-05	-1.014217e-02	-1.094865e+01
4.022000e-05	1.471274e-02	-1.114120e+01
4.023000e-05	3.071385e-02	-1.138968e+01
4.024000e-05	-7.286108e-03	-1.159078e+01
4.025000e-05	4.076884e-02	-1.185118e+01
4.026000e-05	-2.985716e-02	-1.203328e+01
4.027000e-05	3.914005e-02	-1.219871e+01
4.028000e-05	-1.267694e-02	-1.237272e+01
4.029000e-05	4.974982e-02	-1.253903e+01
4.030000e-05	-7.503794e-03	-1.273762e+01
4.031000e-05	2.221164e-02	-1.294795e+01
4.032000e-05	-3.889022e-03	-1.305494e+01
4.033000e-05	1.983620e-02	-1.324233e+01
4.034000e-05	1.028740e-02	-1.335013e+01
4.035000e-05	1.750008e-02	-1.353750e+01
4.036000e-05	2.161052e-02	-1.363587e+01
4.037000e-05	1.799435e-02	-1.386381e+01
4.038000e-05	1.914176e-02	-1.391858e+01
4.039000e-05	2.198119e-03	-1.410644e+01
4.040000e-05	1.249224e-02	-1.422274e+01
4.041000e-05	1.204998e-02	-1.437960e+01
4.042000e-05	2.797163e-02	-1.449589e+01
4.043000e-05	1.693373e-02	-1.458965e+01
4.044000e-05	2.283538e-02	-1.467484e+01
4.045000e-05	1.194372e-02	-1.477063e+01
4.046000e-05	2.436882e-02	-1.489442e+01
4.047000e-05	1.493888e-02	-1.496112e+01
4.048000e-05	2.064011e-02	-1.502229e+01
4.049000e-05	1.796408e-02	-1.511544e+01
4.050000e-05	2.671432e-02	-1.518008e+01
4.051000e-05	2.295091e-02	-1.527336e+01
4.052000e-05	2.030328e-02	-1.532742e+01
4.053000e-05	1.910184e-02	-1.535858e+01
4.054000e-05	2.347308e-02	-1.545068e+01
4.055000e-05	3.111936e-02	-1.546437e+01
4.056000e-05	2.828764e-02	-1.553740e+01
4.057000e-05	2.973318e-02	-1.554900e+01
4.058000e-05	2.708351e-02	-1.552913e+01
4.059000e-05	3.348072e-02	-1.560168e+01
4.060000e-05	3.189465e-02	-1.560221e+01
4.061000e-05	3.336739e-02	-1.566271e+01
4.062000e-05	3.654196e-02	-1.564258e+01
4.063000e-05	4.467434e-02	-1.562166e+01
4.064000e-05	5.089615e-02	-1.560014e+01
4.065000e-05	5.093206e-02	-1.558961e+01
4.066000e-05	5.441416e-02	-1.556003e+01
4.067000e-05	6.478460e-02	-1.553655e+01
4.068000e-05	7.903979e-02	-1.552485e+01
4.069000e-05	9.585773e-02	-1.550474e+01
4.070000e-05	1.216639e-01	-1.546419e+01
4.071000e-05	1.670942e-01	-1.542006e+01
4.072000e-05	2.277303e-01	-1.541787e+01
4.073000e-05	2.500000e-01	-1.528729e+01
4.074000e-05	2.500000e-01	-1.522269e+01
4.075000e-05	2.500000e-01	-1.518750e+01
4.076000e-05	2.479433e-01	-1.509369e+01
4.077000e-05	2.046132e-01	-1.500103e+01
4.078000e-05	1.323729e-01	-1.495637e+01
4.079000e-05	8.774613e-02	-1.484259e+01
4.080000e-05	6.464819e-02	-1.479745e+01
4.081000e-05	5.026068e-02	-1.470269e+01
4.082000e-05	3.872947e-02	-1.458997e+01
4.083000e-05	2.908616e-02	-1.447254e+01
4.084000e-05	2.557431e-02	-1.430482e+01
4.085000e-05	2.391501e-02	-1.420103e+01
4.086000e-05	2.075880e-02	-1.408414e+01
4.087000e-05	1.602256e-02	-1.389690e+01
4.088000e-05	1.436578e-02	-1.376945e+01
4.089000e-05	1.499735e-02	-1.368256e+01
4.090000e-05	1.540893e-02	-1.349469e+01
4.091000e-05	1.350339e-02	-1.335687e+01
4.092000e-05	1.021425e-02	-1.321940e+01
4.093000e-05	1.062532e-02	-1.306156e+01
4.094000e-05	1.113668e-02	-1.290561e+01
4.095000e-05	1.079827e-02	-1.272424e+01
4.096000e-05	8.710435e-03	-1.256732e+01
4.097000e-05	7.396628e-03	-1.235785e+01
4.098000e-05	8.118098e-03	-1.217038e+01
4.099000e-05	8.066131e-03	-1.201851e+01
4.100000e-05	4.650554e-03	-1.180985e+01
4.101000e-05	4.188867e-03	-1.156843e+01
4.102000e-05	4.792500e-03	-1.138677e+01
4.103000e-05	5.878996e-03	-1.110570e+01
4.104000e-05	4.710817e-03	-1.090519e+01
4.105000e-05	3.210559e-03	-1.074577e+01
4.106000e-05	2.407215e-03	-1.056670e+01
4.107000e-05	3.333567e-03	-1.031461e+01
4.108000e-05	3.420879e-03	-1.004262e+01
4.109000e-05	1.987445e-03	-9.821482e+00
4.110000e-05	6.558487e-04	-9.641033e+00
4.111000e-05	1.173119e-03	-9.419853e+00
4.112000e-05	1.932894e-03	-9.126800e+00
4.113000e-05	-3.508380e-04	-8.968275e+00
4.114000e-05	-1.594986e-03	-8.704118e+00
4.115000e-05	-6.516984e-04	-8.432037e+00
4.116000e-05	4.262487e-04	-8.190376e+00
4.117000e-05	-6.432755e-04	-7.987753e+00
4.118000e-05	-1.112485e-03	-7.662086e+00
4.119000e-05	-3.551959e-03	-7.459978e+00
4.120000e-05	-2.480328e-03	-7.196777e+00
4.121000e-05	-2.866341e-03	-6.841563e+00
4.122000e-05	-3.148617e-03	-6.618908e+00
4.123000e-05	-4.810579e-03	-6.388253e+00
4.124000e-05	-2.531058e-03	-6.083041e+00
4.125000e-05	-3.919050e-03	-5.820955e+00
4.126000e-05	-2.659204e-03	-5.568198e+00
4.127000e-05	-5.532313e-03	-5.262982e+00
4.128000e-05	-5.732945e-03	-4.946120e+00
4.129000e-05	-4.947120e-03	-4.610954e+00
4.130000e-05	-4.395251e-03	-4.369827e+00
4.131000e-05	-5.379124e-03	-4.145699e+00
4.132000e-05	-6.218807e-03	-3.872884e+00
4.133000e-05	-6.328792e-03	-3.568195e+00
4.134000e-05	-6.347389e-03	-3.293062e+00
4.135000e-05	-7.871598e-03	-3.018251e+00
4.136000e-05	-7.466558e-03	-2.724140e+00
4.137000e-05	-6.302582e-03	-2.439957e+00
4.138000e-05	-5.059273e-03	-2.115620e+00
4.139000e-05	-6.001486e-03	-1.893010e+00
4.140000e-05	-8.513777e-03	-1.559250e+00
4.141000e-05	-9.416367e-03	-1.229410e+00
4.142000e-05	-9.384389e-03	-9.581697e-01
4.143000e-05	-8.290665e-03	-6.623605e-01
4.144000e-05	-8.220113e-03	-3.471997e-01
4.145000e-05	-6.409815e-03	-1.035119e-01
4.146000e-05	2.494047e-03	2.001463e-01
4.147000e-05	3.062476e-03	4.533342e-01
4.148000e-05	-3.483620e-03	7.174382e-01
4.149000e-05	-6.676127e-04	9.628286e-01
4.150000e-05	-5.707545e-03	1.285862e+00
4.151000e-05	-1.488238e-03	1.570249e+00
4.152000e-05	-9.726304e-04	1.884337e+00
4.153000e-05	2.093989e-02	2.066461e+00
4.154000e-05	7.727236e-02	2.359070e+00
4.155000e-05	3.271126e-02	2.740538e+00
4.156000e-05	-8.158122e-02	3.014280e+00
4.157000e-05	-3.144806e-02	3.316041e+00
4.158000e-05	-3.828797e-02	3.600251e+00
4.159000e-05	-2.963460e-02	3.853282e+00
4.160000e-05	-7.410154e-02	4.052905e+00
4.161000e-05	6.838887e-02	4.318618e+00
4.162000e-05	4.683578e-02	4.613280e+00
4.163000e-05	-9.637703e-02	4.875461e+00
4.164000e-05	1.673993e-01	5.170750e+00
4.165000e-05	-1.456520e-01	5.487914e+00
4.166000e-05	3.181057e-02	5.780094e+00
4.167000e-05	-8.498465e-03	6.054855e+00
4.168000e-05	-1.407915e-02	6.266466e+00
4.169000e-05	5.741042e-02	6.559098e+00
4.170000e-05	-8.306805e-02	6.874414e+00
4.171000e-05	4.403395e-02	7.085617e+00
4.172000e-05	-5.513381e-02	7.379705e+00
4.173000e-05	2.298109e-02	7.665434e+00
4.174000e-05	-3.478272e-02	7.979674e+00
4.175000e-05	-7.434318e-03	8.243808e+00
4.176000e-05	4.468309e-02	8.464411e+00
4.177000e-05	-3.513627e-02	8.665938e+00
4.178000e-05	1.208078e-02	8.925538e+00
4.179000e-05	-4.735307e-02	9.140625e+00
4.180000e-05	-1.041840e-02	9.390150e+00
4.181000e-05	1.038909e-02	9.652379e+00
4.182000e-05	-1.859443e-03	9.853860e+00
4.183000e-05	-1.039275e-02	1.009594e+01
4.184000e-05	-2.671742e-02	1.028599e+01
4.185000e-05	7.935669e-03	1.051809e+01
4.186000e-05	-2.244324e-02	1.074699e+01
4.187000e-05	-1.564544e-02	1.095957e+01
4.188000e-05	-1.964846e-02	1.118810e+01
4.189000e-05	7.686307e-04	1.135015e+01
4.190000e-05	2.211489e-03	1.156170e+01
4.191000e-05	-1.694245e-02	1.184115e+01
4.192000e-05	-2.898734e-02	1.200928e+01
4.193000e-05	-2.028407e-02	1.218010e+01
4.194000e-05	-2.216263e-03	1.236962e+01
4.195000e-05	-5.876188e-03	1.251647e+01
4.196000e-05	-1.760854e-02	1.267749e+01
4.197000e-05	-2.057601e-02	1.286541e+01
4.198000e-05	-1.158530e-02	1.306226e+01
4.199000e-05	-1.136038e-02	1.319165e+01
4.200000e-05	-2.346340e-02	1.336910e+01
4.201000e-05	-2.715424e-02	1.347644e+01
4.202000e-05	-1.082495e-02	1.367189e+01
4.203000e-05	-5.967151e-03	1.382055e+01
4.204000e-05	-1.447337e-02	1.395757e+01
4.205000e-05	-3.493813e-02	1.406784e+01
4.206000e-05	-2.421096e-02	1.425479e+01
4.207000e-05	-1.600788e-02	1.432955e+01
4.208000e-05	-1.018606e-02	1.447384e+01
4.209000e-05	-2.546827e-02	1.457112e+01
4.210000e-05	-2.693670e-02	1.471574e+01
4.211000e-05	-1.751841e-02	1.473955e+01
4.212000e-05	-1.908024e-02	1.485274e+01
4.213000e-05	-2.540116e-02	1.495647e+01
4.214000e-05	-3.616733e-02	1.505116e+01
4.215000e-05	-2.183505e-02	1.511334e+01
4.216000e-05	-1.976871e-02	1.514808e+01
4.217000e-05	-2.067061e-02	1.525121e+01
4.218000e-05	-3.874250e-02	1.531539e+01
4.219000e-05	-3.688452e-02	1.537800e+01
4.220000e-05	-2.854317e-02	1.540951e+01
4.221000e-05	-2.608380e-02	1.544319e+01
4.222000e-05	-3.313417e-02	1.551482e+01
4.223000e-05	-4.082756e-02	1.552437e+01
4.224000e-05	-3.327205e-02	1.556599e+01
4.225000e-05	-3.461408e-02	1.555892e+01
4.226000e-05	-4.106719e-02	1.556702e+01
4.227000e-05	-5.368982e-02	1.561948e+01
4.228000e-05	-4.826600e-02	1.560050e+01
4.229000e-05	-4.382932e-02	1.560800e+01
4.230000e-05	-4.848346e-02	1.558790e+01
4.231000e-05	-6.341395e-02	1.559843e+01
4.232000e-05	-7.268577e-02	1.555695e+01
4.233000e-05	-7.511978e-02	1.550629e+01
4.234000e-05	-8.668202e-02	1.551324e+01
4.235000e-05	-1.102099e-01	1.549271e+01
4.236000e-05	-1.495722e-01	1.542116e+01
4.237000e-05	-1.953369e-01	1.537700e+01
4.238000e-05	-2.424395e-01	1.529529e+01
4.239000e-05	-2.500000e-01	1.523261e+01
4.240000e-05	-2.500000e-01	1.516853e+01
4.241000e-05	-2.500000e-01	1.512590e+01
4.242000e-05	-2.383720e-01	1.504521e+01
4.243000e-05	-1.796078e-01	1.496993e+01
4.244000e-05	-1.232344e-01	1.487372e+01
4.245000e-05	-9.351779e-02	1.480040e+01
4.246000e-05	-6.669789e-02	1.471364e+01
4.247000e-05	-4.908723e-02	1.461893e+01
4.248000e-05	-4.230726e-02	1.453469e+01
4.249000e-05	-4.138511e-02	1.441895e+01
4.250000e-05	-3.573910e-02	1.431261e+01
4.251000e-05	-2.683027e-02	1.417682e+01
4.252000e-05	-2.607009e-02	1.402840e+01
4.253000e-05	-2.951533e-02	1.386209e+01
4.254000e-05	-3.018676e-02	1.370424e+01
4.255000e-05	-2.305063e-02	1.355435e+01
4.256000e-05	-1.954457e-02	1.342150e+01
4.257000e-05	-2.209739e-02	1.327309e+01
4.258000e-05	-2.557096e-02	1.312432e+01
4.259000e-05	-2.126899e-02	1.295830e+01
4.260000e-05	-1.648776e-02	1.280937e+01
4.261000e-05	-1.900729e-02	1.259201e+01
4.262000e-05	-2.189462e-02	1.250311e+01
4.263000e-05	-2.233571e-02	1.228303e+01
4.264000e-05	-1.598957e-02	1.210462e+01
4.265000e-05	-1.533600e-02	1.187461e+01
4.266000e-05	-1.919222e-02	1.170466e+01
4.267000e-05	-2.081305e-02	1.148354e+01
4.268000e-05	-1.652374e-02	1.125259e+01
4.269000e-05	-1.170394e-02	1.103151e+01
4.270000e-05	-1.438600e-02	1.088507e+01
4.271000e-05	-1.779864e-02	1.068109e+01
4.272000e-05	-1.707389e-02	1.045096e+01
4.273000e-05	-1.153765e-02	1.021088e+01
4.274000e-05	-1.213197e-02	1.002830e+01
4.275000e-05	-1.514845e-02	9.736694e+00
4.276000e-05	-1.630176e-02	9.535218e+00
4.277000e-05	-1.216877e-02	9.325717e+00
4.278000e-05	-9.655459e-03	9.091457e+00
4.279000e-05	-1.320469e-02	8.830478e+00
4.280000e-05	-1.484478e-02	8.610351e+00
4.281000e-05	-1.312678e-02	8.378223e+00
4.282000e-05	-9.092252e-03	8.074614e+00
4.283000e-05	-9.962727e-03	7.882457e+00
4.284000e-05	-1.321803e-02	7.618849e+00
4.285000e-05	-1.328910e-02	7.284040e+00
4.286000e-05	-1.026122e-02	7.060930e+00
4.287000e-05	-7.404013e-03	6.839303e+00
4.288000e-05	-1.099691e-02	6.524993e+00
4.289000e-05	-1.182035e-02	6.263508e+00
4.290000e-05	-1.047987e-02	6.021455e+00
4.291000e-05	-7.417146e-03	5.734719e+00
4.292000e-05	-9.207292e-03	5.463482e+00
4.293000e-05	-1.180763e-02	5.217050e+00
4.294000e-05	-9.502480e-03	4.830381e+00
4.295000e-05	-6.457920e-03	4.575670e+00
4.296000e-05	-6.484565e-03	4.334513e+00
4.297000e-05	-9.276007e-03	3.999248e+00
4.298000e-05	-1.107578e-02	3.764640e+00
4.299000e-05	-8.061942e-03	3.440906e+00
4.300000e-05	-6.154514e-03	3.156694e+00
4.301000e-05	-7.602318e-03	2.894082e+00
4.302000e-05	-9.021920e-03	2.589327e+00
4.303000e-05	-7.526349e-03	2.302487e+00
4.304000e-05	-6.182887e-03	2.041379e+00
4.305000e-05	-6.601116e-03	1.787145e+00
4.306000e-05	-8.141497e-03	1.450853e+00
4.307000e-05	-7.612732e-03	1.125490e+00
4.308000e-05	-4.821590e-03	8.297486e-01
4.309000e-05	-3.860801e-03	5.456120e-01
4.310000e-05	-4.152947e-03	2.618029e-01
4.311000e-05	-4.421389e-03	-5.382909e-02
4.312000e-05	6.180226e-03	-3.268893e-01
4.313000e-05	3.796817e-03	-5.827298e-01
4.314000e-05	1.046307e-03	-8.753579e-01
4.315000e-05	-4.711236e-04	-1.106568e+00
4.316000e-05	-8.423947e-05	-1.463884e+00
4.317000e-05	1.428430e-03	-1.685513e+00
4.318000e-05	1.603206e-02	-1.887517e+00
4.319000e-05	7.774496e-02	-2.169171e+00
4.320000e-05	8.112464e-02	-2.518613e+00
4.321000e-05	-8.061377e-02	-2.917772e+00
4.322000e-05	-2.766601e-03	-3.284063e+00
4.323000e-05	-4.786750e-02	-3.507495e+00
4.324000e-05	-2.925201e-02	-3.748544e+00
4.325000e-05	-7.863784e-02	-3.960179e+00
4.326000e-05	1.876496e-01	-4.127641e+00
4.327000e-05	-1.223433e-01	-4.422906e+00
4.328000e-05	6.868848e-02	-4.718096e+00
4.329000e-05	7.310415e-02	-4.988201e+00
4.330000e-05	-1.501094e-01	-5.370592e+00
4.331000e-05	1.669378e-01	-5.601728e+00
4.332000e-05	-1.756905e-01	-5.855114e+00
4.333000e-05	1.310257e-01	-6.190099e+00
4.334000e-05	7.800444e-03	-6.393354e+00
4.335000e-05	-4.350125e-02	-6.698620e+00
4.336000e-05	1.039099e-01	-6.999150e+00
4.337000e-05	-1.349408e-01	-7.245512e+00
4.338000e-05	1.253768e-01	-7.536595e+00
4.339000e-05	-8.434043e-02	-7.791828e+00
4.340000e-05	6.832072e-02	-8.077464e+00
4.341000e-05	3.380477e-02	-8.315591e+00
4.342000e-05	-5.395033e-02	-8.581278e+00
4.343000e-05	1.029367e-01	-8.833280e+00
4.344000e-05	-1.182169e-01	-9.074943e+00
4.345000e-05	9.250851e-02	-9.273989e+00
4.346000e-05	-5.614306e-02	-9.537019e+00
4.347000e-05	8.186878e-02	-9.738548e+00
4.348000e-05	-3.285613e-03	-9.939246e+00
4.349000e-05	8.700442e-04	-1.018178e+01
4.350000e-05	2.927044e-02	-1.046286e+01
4.351000e-05	-4.081007e-02	-1.064484e+01
4.352000e-05	6.417629e-02	-1.084144e+01
4.353000e-05	-4.680832e-02	-1.106484e+01
4.354000e-05	6.998647e-02	-1.131694e+01
4.355000e-05	-2.838373e-02	-1.146807e+01
4.356000e-05	5.046541e-02	-1.171707e+01
4.357000e-05	-2.228345e-02	-1.192659e+01
4.358000e-05	2.212108e-02	-1.211750e+01
4.359000e-05	5.108473e-03	-1.224641e+01
4.360000e-05	2.546278e-02	-1.249589e+01
4.361000e-05	2.431148e-02	-1.266331e+01
4.362000e-05	-1.747224e-03	-1.287383e+01
4.363000e-05	1.671648e-02	-1.298161e+01
4.364000e-05	-2.566143e-03	-1.315762e+01
4.365000e-05	2.739247e-02	-1.330599e+01
4.366000e-05	9.889652e-04	-1.341481e+01
4.367000e-05	3.069886e-02	-1.362410e+01
4.368000e-05	1.092030e-02	-1.373912e+01
4.369000e-05	2.890123e-02	-1.388744e+01
4.370000e-05	2.225044e-03	-1.405231e+01
4.371000e-05	1.318978e-02	-1.415013e+01
4.372000e-05	6.840232e-03	-1.428484e+01
4.373000e-05	2.623185e-02	-1.440269e+01
4.374000e-05	1.977625e-02	-1.453702e+01
4.375000e-05	2.048170e-02	-1.464271e+01
4.376000e-05	1.432567e-02	-1.471749e+01
4.377000e-05	1.855409e-02	-1.484129e+01
4.378000e-05	2.161567e-02	-1.491702e+01
4.379000e-05	1.751749e-02	-1.499219e+01
4.380000e-05	2.214688e-02	-1.508487e+01
4.381000e-05	2.031594e-02	-1.518707e+01
4.382000e-05	2.797200e-02	-1.522318e+01
4.383000e-05	1.614962e-02	-1.528579e+01
4.384000e-05	1.954917e-02	-1.536858e+01
4.385000e-05	1.785430e-02	-1.542208e+01
4.386000e-05	3.247770e-02	-1.545279e+01
4.387000e-05	3.140973e-02	-1.553732e+01
4.388000e-05	3.095958e-02	-1.550595e+01
4.389000e-05	2.770975e-02	-1.555805e+01
4.390000e-05	2.937976e-02	-1.557015e+01
4.391000e-05	3.280190e-02	-1.561066e+01
4.392000e-05	3.017742e-02	-1.562113e+01
4.393000e-05	3.550407e-02	-1.563166e+01
4.394000e-05	4.191282e-02	-1.565171e+01
4.395000e-05	5.041936e-02	-1.561226e+01
4.396000e-05	5.054374e-02	-1.561963e+01
4.397000e-05	5.065266e-02	-1.556006e+01
4.398000e-05	5.830149e-02	-1.557910e+01
4.399000e-05	7.155169e-02	-1.553855e+01
4.400000e-05	8.775314e-02	-1.552530e+01
4.401000e-05	1.077445e-01	-1.546369e+01
4.402000e-05	1.431770e-01	-1.543166e+01
4.403000e-05	2.008027e-01	-1.539103e+01
4.404000e-05	2.459897e-01	-1.531785e+01
4.405000e-05	2.500000e-01	-1.529474e+01
4.406000e-05	2.500000e-01	-1.519156e+01
4.407000e-05	2.500000e-01	-1.511530e+01
4.408000e-05	2.323182e-01	-1.507211e+01
4.409000e-05	1.654908e-01	-1.497990e+01
4.410000e-05	1.059167e-01	-1.488474e+01
4.411000e-05	7.401864e-02	-1.481053e+01
4.412000e-05	5.670028e-02	-1.469684e+01
4.413000e-05	4.378059e-02	-1.463161e+01
4.414000e-05	3.386800e-02	-1.453577e+01
4.415000e-05	2.571430e-02	-1.440900e+01
4.416000e-05	2.428530e-02	-1.426254e+01
4.417000e-05	2.286803e-02	-1.412832e+01
4.418000e-05	1.641480e-02	-1.402701e+01
4.419000e-05	1.592944e-02	-1.386306e+01
4.420000e-05	1.405178e-02	-1.371482e+01
4.421000e-05	1.938333e-02	-1.361883e+01
4.422000e-05	1.612934e-02	-1.340098e+01
4.423000e-05	1.066488e-02	-1.325464e+01
4.424000e-05	1.075416e-02	-1.311420e+01
4.425000e-05	8.875506e-03	-1.297790e+01
4.426000e-05	1.057528e-02	-1.281893e+01
4.427000e-05	7.425041e-03	-1.264198e+01
4.428000e-05	8.161733e-03	-1.245406e+01
4.429000e-05	1.027360e-02	-1.226467e+01
4.430000e-05	1.161410e-02	-1.211514e+01
4.431000e-05	8.342305e-03	-1.192317e+01
4.432000e-05	3.857910e-03	-1.168274e+01
4.433000e-05	2.805694e-03	-1.143254e+01
4.434000e-05	3.920904e-03	-1.123093e+01
4.435000e-05	4.062019e-03	-1.104954e+01
4.436000e-05	3.766407e-03	-1.082946e+01
4.437000e-05	2.999824e-03	-1.064098e+01
4.438000e-05	4.834030e-03	-1.041943e+01
4.439000e-05	4.478325e-03	-1.014890e+01
4.440000e-05	3.183403e-03	-9.967750e+00
4.441000e-05	1.004515e-03	-9.736824e+00
4.442000e-05	6.873448e-04	-9.546168e+00
4.443000e-05	2.010456e-03	-9.293089e+00
4.444000e-05	1.296572e-04	-9.040979e+00
4.445000e-05	-1.235981e-03	-8.849535e+00
4.446000e-05	-2.812172e-03	-8.579300e+00
4.447000e-05	4.028978e-04	-8.326690e+00
4.448000e-05	1.166605e-03	-8.075091e+00
4.449000e-05	-3.454929e-04	-7.830860e+00
4.450000e-05	-3.078919e-03	-7.526222e+00
4.451000e-05	-2.108196e-03	-7.294641e+00
4.452000e-05	-2.669377e-03	-7.039408e+00
4.453000e-05	-3.238306e-03	-6.736794e+00
4.454000e-05	-4.652730e-03	-6.533666e+00
4.455000e-05	-3.562103e-03	-6.229404e+00
4.456000e-05	-2.269794e-03	-5.956146e+00
4.457000e-05	-3.368725e-03	-5.704063e+00
4.458000e-05	-4.239860e-03	-5.417302e+00
4.459000e-05	-5.794167e-03	-5.123512e+00
4.460000e-05	-4.556507e-03	-4.776296e+00
4.461000e-05	-5.005588e-03	-4.484088e+00
4.462000e-05	-5.960182e-03	-4.273059e+00
4.463000e-05	-5.887707e-03	-4.010279e+00
4.464000e-05	-7.326370e-03	-3.685516e+00
4.465000e-05	-5.479601e-03	-3.421400e+00
4.466000e-05	-8.194810e-03	-3.165670e+00
4.467000e-05	-6.833734e-03	-2.841456e+00
4.468000e-05	-7.847520e-03	-2.566700e+00
4.469000e-05	-4.959795e-03	-2.272534e+00
4.470000e-05	-6.511697e-03	-1.948750e+00
4.471000e-05	-6.647085e-03	-1.734163e+00
4.472000e-05	-9.528043e-03	-1.449298e+00
4.473000e-05	-8.137487e-03	-1.092458e+00
4.474000e-05	-8.730458e-03	-8.598775e-01
4.475000e-05	-8.225068e-03	-4.835408e-01
4.476000e-05	-8.631234e-03	-1.998774e-01
4.477000e-05	-3.235364e-03	1.382908e-02
4.478000e-05	8.266141e-03	3.805708e-01
4.479000e-05	-5.768544e-03	5.722251e-01
4.480000e-05	2.300735e-03	8.723065e-01
4.481000e-05	-6.160265e-03	1.171516e+00
4.482000e-05	3.042658e-05	1.413386e+00
4.483000e-05	-5.539626e-03	1.749597e+00
4.484000e-05	1.013984e-02	1.990676e+00
4.485000e-05	4.180468e-02	2.222229e+00
4.486000e-05	9.194653e-02	2.526198e+00
4.487000e-05	-5.873405e-02	2.886541e+00
4.488000e-05	-4.489365e-02	3.171199e+00
4.489000e-05	-4.182217e-02	3.464986e+00
4.490000e-05	-1.887838e-02	3.739017e+00
4.491000e-05	-7.008541e-02	3.970547e+00
4.492000e-05	-1.753382e-02	4.181701e+00
4.493000e-05	1.206021e-01	4.486038e+00
4.494000e-05	-1.026106e-01	4.790622e+00
4.495000e-05	8.830421e-02	5.012878e+00
4.496000e-05	1.306472e-02	5.330225e+00
4.497000e-05	-1.054972e-01	5.613905e+00
4.498000e-05	7.161807e-02	5.899616e+00
4.499000e-05	-6.907958e-02	6.190647e+00
4.500000e-05	7.119041e-02	6.391930e+00
4.501000e-05	-4.090940e-02	6.729094e+00
4.502000e-05	-1.902133e-02	6.979626e+00
4.503000e-05	1.377053e-02	7.274432e+00
4.504000e-05	-4.296279e-02	7.547576e+00
4.505000e-05	3.116671e-02	7.831885e+00
4.506000e-05	-6.499685e-02	8.158397e+00
4.507000e-05	5.389325e-02	8.378598e+00
4.508000e-05	-1.053322e-02	8.609098e+00
4.509000e-05	-1.850571e-02	8.789253e+00
4.510000e-05	-1.578824e-04	9.023834e+00
4.511000e-05	-6.189010e-02	9.325991e+00
4.512000e-05	3.551521e-02	9.509090e+00
4.513000e-05	-2.162877e-02	9.769598e+00
4.514000e-05	2.108776e-02	9.960702e+00
4.515000e-05	-4.369577e-02	1.018868e+01
4.516000e-05	7.248213e-03	1.041225e+01
4.517000e-05	-1.195007e-02	1.065223e+01
4.518000e-05	-2.334346e-02	1.084431e+01
4.519000e-05	-1.284604e-02	1.103381e+01
4.520000e-05	-2.452736e-02	1.133694e+01
4.521000e-05	2.025405e-02	1.146686e+01
4.522000e-05	-2.178123e-02	1.170699e+01
4.523000e-05	-8.877017e-03	1.190636e+01
4.524000e-05	-3.821789e-02	1.209641e+01
4.525000e-05	2.334104e-03	1.232284e+01
4.526000e-05	-9.491199e-03	1.244484e+01
4.527000e-05	-9.308673e-03	1.265321e+01
4.528000e-05	-2.444009e-02	1.280228e+01
4.529000e-05	-2.021653e-02	1.298800e+01
4.530000e-05	-5.633915e-03	1.314852e+01
4.531000e-05	-2.181017e-02	1.328539e+01
4.532000e-05	-1.974623e-02	1.343181e+01
4.533000e-05	-2.491715e-02	1.357963e+01
4.534000e-05	6.012020e-04	1.374752e+01
4.535000e-05	-1.400699e-02	1.385382e+01
4.536000e-05	-2.335252e-02	1.403323e+01
4.537000e-05	-3.374851e-02	1.418972e+01
4.538000e-05	-2.035172e-02	1.430594e+01
4.539000e-05	-1.119613e-02	1.443113e+01
4.540000e-05	-2.031627e-02	1.453540e+01
4.541000e-05	-2.485037e-02	1.462368e+01
4.542000e-05	-2.471858e-02	1.471850e+01
4.543000e-05	-1.240504e-02	1.482221e+01
4.544000e-05	-2.442657e-02	1.489682e+01
4.545000e-05	-2.905436e-02	1.496913e+01
4.546000e-05	-3.172856e-02	1.505324e+01
4.547000e-05	-2.029200e-02	1.511792e+01
4.548000e-05	-1.996326e-02	1.517111e+01
4.549000e-05	-3.230561e-02	1.523284e+01
4.550000e-05	-3.758910e-02	1.530792e+01
4.551000e-05	-3.359501e-02	1.540007e+01
4.552000e-05	-2.220824e-02	1.545168e+01
4.553000e-05	-3.120710e-02	1.546426e+01
4.554000e-05	-3.752882e-02	1.553524e+01
4.555000e-05	-3.890261e-02	1.556687e+01
4.556000e-05	-3.139888e-02	1.555634e+01
4.557000e-05	-3.665671e-02	1.555792e+01
4.558000e-05	-4.877825e-02	1.556750e+01
4.559000e-05	-5.085606e-02	1.558898e+01
4.560000e-05	-4.609539e-02	1.559847e+01
4.561000e-05	-4.210476e-02	1.558005e+01
4.562000e-05	-5.799639e-02	1.558997e+01
4.563000e-05	-6.808638e-02	1.555690e+01
4.564000e-05	-7.426761e-02	1.556639e+01
4.565000e-05	-7.817208e-02	1.551577e+01
4.566000e-05	-9.714181e-02	1.548313e+01
4.567000e-05	-1.312346e-01	1.544166e+01
4.568000e-05	-1.702718e-01	1.540100e+01
4.569000e-05	-2.240712e-01	1.534635e+01
4.570000e-05	-2.494000e-01	1.526471e+01
4.571000e-05	-2.500000e-01	1.523256e+01
4.572000e-05	-2.500000e-01	1.514803e+01
4.573000e-05	-2.488072e-01	1.511376e+01
4.574000e-05	-2.126475e-01	1.502203e+01
4.575000e-05	-1.465366e-01	1.492622e+01
4.576000e-05	-1.077445e-01	1.484206e+01
4.577000e-05	-7.928584e-02	1.474672e+01
4.578000e-05	-5.601671e-02	1.466311e+01
4.579000e-05	-4.340391e-02	1.453785e+01
4.580000e-05	-4.275110e-02	1.442203e+01
4.581000e-05	-3.883350e-02	1.435577e+01
4.582000e-05	-2.967710e-02	1.421838e+01
4.583000e-05	-2.478805e-02	1.405206e+01
4.584000e-05	-2.831689e-02	1.389475e+01
4.585000e-05	-3.062559e-02	1.375837e+01
4.586000e-05	-2.590731e-02	1.362008e+01
4.587000e-05	-2.051066e-02	1.346366e+01
4.588000e-05	-2.055513e-02	1.335779e+01
4.589000e-05	-2.554771e-02	1.318893e+01
4.590000e-05	-2.299873e-02	1.304196e+01
4.591000e-05	-1.823299e-02	1.284309e+01
4.592000e-05	-1.605917e-02	1.272564e+01
4.593000e-05	-2.076690e-02	1.254577e+01
4.594000e-05	-2.386104e-02	1.239840e+01
4.595000e-05	-1.854440e-02	1.216983e+01
4.596000e-05	-1.470241e-02	1.198938e+01
4.597000e-05	-1.609151e-02	1.181845e+01
4.598000e-05	-2.134713e-02	1.162640e+01
4.599000e-05	-1.859700e-02	1.135987e+01
4.600000e-05	-1.357907e-02	1.116730e+01
4.601000e-05	-1.203698e-02	1.095785e+01
4.602000e-05	-1.644952e-02	1.078727e+01
4.603000e-05	-1.719176e-02	1.053617e+01
4.604000e-05	-1.344738e-02	1.034564e+01
4.605000e-05	-1.198808e-02	1.012519e+01
4.606000e-05	-1.436109e-02	9.893111e+00
4.607000e-05	-1.715901e-02	9.641482e+00
4.608000e-05	-1.344416e-02	9.428852e+00
4.609000e-05	-1.032137e-02	9.238897e+00
4.610000e-05	-1.116353e-02	8.938242e+00
4.611000e-05	-1.452137e-02	8.714591e+00
4.612000e-05	-1.377434e-02	8.485587e+00
4.613000e-05	-9.876005e-03	8.240458e+00
4.614000e-05	-9.773572e-03	7.966250e+00
4.615000e-05	-1.159996e-02	7.715742e+00
4.616000e-05	-1.377837e-02	7.440482e+00
4.617000e-05	-1.083508e-02	7.166377e+00
4.618000e-05	-9.132253e-03	6.916142e+00
4.619000e-05	-9.498945e-03	6.692462e+00
4.620000e-05	-1.213885e-02	6.387276e+00
4.621000e-05	-1.163517e-02	6.115192e+00
4.622000e-05	-7.707674e-03	5.902537e+00
4.623000e-05	-7.711581e-03	5.587354e+00
4.624000e-05	-1.034278e-02	5.324042e+00
4.625000e-05	-1.152601e-02	4.959249e+00
4.626000e-05	-8.209965e-03	4.682987e+00
4.627000e-05	-6.967520e-03	4.451404e+00
4.628000e-05	-8.752290e-03	4.114672e+00
4.629000e-05	-1.034999e-02	3.860880e+00
4.630000e-05	-8.525152e-03	3.578902e+00
4.631000e-05	-5.416656e-03	3.263061e+00
4.632000e-05	-5.944529e-03	3.048303e+00
4.633000e-05	-8.943910e-03	2.768115e+00
4.634000e-05	-8.732922e-03	2.450832e+00
4.635000e-05	-6.236701e-03	2.156168e+00
4.636000e-05	-5.828921e-03	1.902484e+00
4.637000e-05	-6.875142e-03	1.589696e+00
4.638000e-05	-9.229857e-03	1.313034e+00
4.639000e-05	-6.093750e-03	9.946461e-01
4.640000e-05	-3.835965e-03	6.724054e-01
4.641000e-05	-4.347764e-03	4.186213e-01
4.642000e-05	-4.440084e-03	1.100117e-01
4.643000e-05	-9.199494e-04	-1.522737e-01
4.644000e-05	1.091135e-02	-4.318590e-01
4.645000e-05	-2.510671e-03	-7.201219e-01
4.646000e-05	3.364223e-03	-9.817225e-01
4.647000e-05	-5.674960e-03	-1.285615e+00
4.648000e-05	3.283137e-03	-1.581199e+00
4.649000e-05	4.308812e-03	-1.802299e+00
4.650000e-05	4.018322e-02	-2.031839e+00
4.651000e-05	1.149007e-01	-2.320646e+00
4.652000e-05	-2.826803e-02	-2.699167e+00
4.653000e-05	-3.767680e-02	-3.150072e+00
4.654000e-05	-2.664378e-02	-3.402230e+00
4.655000e-05	-2.788243e-02	-3.601883e+00
4.656000e-05	-8.506873e-02	-3.876962e+00
4.657000e-05	6.815927e-02	-4.062785e+00
4.658000e-05	8.519142e-02	-4.274508e+00
4.659000e-05	-1.378312e-01	-4.603829e+00
4.660000e-05	2.091126e-01	-4.842958e+00
4.661000e-05	-1.575576e-01	-5.170373e+00
4.662000e-05	7.467126e-02	-5.518566e+00
4.663000e-05	-6.628606e-03	-5.688595e+00
4.664000e-05	-8.313443e-02	-6.054410e+00
4.665000e-05	1.714668e-01	-6.285468e+00
4.666000e-05	-1.327361e-01	-6.591200e+00
4.667000e-05	1.220985e-01	-6.873939e+00
4.668000e-05	-6.969021e-02	-7.100118e+00
4.669000e-05	3.491123e-03	-7.443310e+00
4.670000e-05	6.123309e-02	-7.664960e+00
4.671000e-05	-8.184306e-02	-7.951675e+00
4.672000e-05	1.442788e-01	-8.230104e+00
4.673000e-05	-1.034436e-01	-8.422911e+00
4.674000e-05	9.398975e-02	-8.738596e+00
4.675000e-05	-4.261082e-02	-8.927622e+00
4.676000e-05	-1.596012e-02	-9.151298e+00
4.677000e-05	4.644008e-02	-9.381255e+00
4.678000e-05	-3.382595e-02	-9.634938e+00
4.679000e-05	1.056372e-01	-9.866389e+00
4.680000e-05	-7.070300e-02	-1.008612e+01
4.681000e-05	7.768752e-02	-1.032757e+01
4.682000e-05	-6.450129e-02	-1.055810e+01
4.683000e-05	5.459427e-02	-1.077070e+01
4.684000e-05	-1.736725e-02	-1.095872e+01
4.685000e-05	2.261297e-02	-1.116120e+01
4.686000e-05	2.432560e-02	-1.139070e+01
4.687000e-05	-3.857449e-04	-1.159334e+01
4.688000e-05	3.472127e-02	-1.180328e+01
4.689000e-05	-2.610269e-02	-1.203431e+01
4.690000e-05	3.767524e-02	-1.221221e+01
4.691000e-05	-1.062768e-02	-1.240076e+01
4.692000e-05	4.956385e-02	-1.257068e+01
4.693000e-05	-8.991477e-03	-1.275907e+01
4.694000e-05	2.280896e-02	-1.292745e+01
4.695000e-05	-6.170635e-03	-1.305541e+01
4.696000e-05	2.186335e-02	-1.324279e+01
4.697000e-05	8.664655e-03	-1.335165e+01
4.698000e-05	1.983689e-02	-1.354657e+01
4.699000e-05	2.010938e-02	-1.364686e+01
4.700000e-05	1.879151e-02	-1.380228e+01
4.701000e-05	1.599974e-02	-1.394063e+01
4.702000e-05	3.170610e-03	-1.410752e+01
4.703000e-05	1.171277e-02	-1.423239e+01
4.704000e-05	1.422947e-02	-1.436963e+01
4.705000e-05	2.729601e-02	-1.448590e+01
4.706000e-05	1.826481e-02	-1.462073e+01
4.707000e-05	2.244224e-02	-1.467482e+01
4.708000e-05	1.312091e-02	-1.479965e+01
4.709000e-05	2.291561e-02	-1.488439e+01
4.710000e-05	1.445251e-02	-1.497958e+01
4.711000e-05	2.128241e-02	-1.506331e+01
4.712000e-05	1.787802e-02	-1.512549e+01
4.713000e-05	2.672829e-02	-1.517806e+01
4.714000e-05	2.222349e-02	-1.526381e+01
4.715000e-05	2.192604e-02	-1.533845e+01
4.716000e-05	1.971814e-02	-1.535058e+01
4.717000e-05	2.521951e-02	-1.541368e+01
4.718000e-05	3.029277e-02	-1.550379e+01
4.719000e-05	2.799101e-02	-1.553992e+01
4.720000e-05	2.841038e-02	-1.553703e+01
4.721000e-05	2.746967e-02	-1.558813e+01
4.722000e-05	3.279099e-02	-1.557966e+01
4.723000e-05	3.314130e-02	-1.560968e+01
4.724000e-05	3.495893e-02	-1.562168e+01
4.725000e-05	3.810689e-02	-1.559221e+01
4.726000e-05	4.494109e-02	-1.563023e+01
4.727000e-05	4.919272e-02	-1.564068e+01
4.728000e-05	5.141558e-02	-1.559058e+01
4.729000e-05	5.393105e-02	-1.556903e+01
4.730000e-05	6.520792e-02	-1.558798e+01
4.731000e-05	7.843057e-02	-1.551740e+01
4.732000e-05	9.769061e-02	-1.550482e+01
4.733000e-05	1.234016e-01	-1.545276e+01
4.734000e-05	1.707693e-01	-1.541011e+01
4.735000e-05	2.294168e-01	-1.533795e+01
4.736000e-05	2.500000e-01	-1.530682e+01
4.737000e-05	2.500000e-01	-1.526311e+01
4.738000e-05	2.500000e-01	-1.516750e+01
4.739000e-05	2.471927e-01	-1.509421e+01
4.740000e-05	1.995528e-01	-1.499111e+01
4.741000e-05	1.296231e-01	-1.491690e+01
4.742000e-05	8.605065e-02	-1.483168e+01
4.743000e-05	6.482682e-02	-1.472488e+01
4.744000e-05	5.008349e-02	-1.466468e+01
4.745000e-05	3.803410e-02	-1.457940e+01
4.746000e-05	2.975678e-02	-1.441216e+01
4.747000e-05	2.557685e-02	-1.435484e+01
4.748000e-05	2.276704e-02	-1.419198e+01
4.749000e-05	2.000742e-02	-1.409469e+01
4.750000e-05	1.546228e-02	-1.388430e+01
4.751000e-05	1.549127e-02	-1.378990e+01
4.752000e-05	1.566875e-02	-1.363101e+01
4.753000e-05	1.529333e-02	-1.348361e+01
4.754000e-05	1.304358e-02	-1.333927e+01
4.755000e-05	1.076492e-02	-1.320793e+01
4.756000e-05	1.129159e-02	-1.305053e+01
4.757000e-05	1.114150e-02	-1.290361e+01
4.758000e-05	1.027384e-02	-1.271429e+01
4.759000e-05	7.971243e-03	-1.252727e+01
4.760000e-05	7.864066e-03	-1.231787e+01
4.761000e-05	8.813837e-03	-1.216890e+01
4.762000e-05	6.756727e-03	-1.201735e+01
4.763000e-05	5.899347e-03	-1.178940e+01
4.764000e-05	5.254633e-03	-1.158873e+01
4.765000e-05	6.502925e-03	-1.133433e+01
4.766000e-05	6.470454e-03	-1.109524e+01
4.767000e-05	3.902988e-03	-1.088374e+01
4.768000e-05	2.761306e-03	-1.073569e+01
4.769000e-05	2.712563e-03	-1.052579e+01
4.770000e-05	3.058575e-03	-1.029367e+01
4.771000e-05	2.704517e-03	-1.003204e+01
4.772000e-05	1.401499e-03	-9.830983e+00
4.773000e-05	2.124263e-03	-9.651506e+00
4.774000e-05	2.576530e-03	-9.360325e+00
4.775000e-05	2.486863e-03	-9.147750e+00
4.776000e-05	-3.433374e-04	-8.926723e+00
4.777000e-05	-1.693688e-03	-8.714618e+00
4.778000e-05	-1.347466e-03	-8.422083e+00
4.779000e-05	2.357884e-04	-8.188856e+00
4.780000e-05	-1.338592e-03	-7.976250e+00
4.781000e-05	-1.386236e-03	-7.662585e+00
4.782000e-05	-2.294445e-03	-7.418379e+00
4.783000e-05	-4.202024e-04	-7.166398e+00
4.784000e-05	-1.946903e-03	-6.842513e+00
4.785000e-05	-2.751457e-03	-6.629853e+00
4.786000e-05	-5.009493e-03	-6.357751e+00
4.787000e-05	-3.149657e-03	-6.081592e+00
4.788000e-05	-4.712427e-03	-5.800355e+00
4.789000e-05	-4.340233e-03	-5.598218e+00
4.790000e-05	-6.631612e-03	-5.229907e+00
4.791000e-05	-4.948622e-03	-4.934092e+00
4.792000e-05	-4.825991e-03	-4.607873e+00
4.793000e-05	-3.123135e-03	-4.387776e+00
4.794000e-05	-5.890357e-03	-4.105217e+00
4.795000e-05	-5.518440e-03	-3.831904e+00
4.796000e-05	-5.479892e-03	-3.537222e+00
4.797000e-05	-6.955543e-03	-3.313061e+00
4.798000e-05	-8.928789e-03	-3.016249e+00
4.799000e-05	-8.094803e-03	-2.715112e+00
4.800000e-05	-6.712250e-03	-2.420379e+00
4.801000e-05	-5.905976e-03	-2.113243e+00
4.802000e-05	-6.256910e-03	-1.852482e+00
4.803000e-05	-8.194127e-03	-1.557246e+00
4.804000e-05	-7.587492e-03	-1.218832e+00
4.805000e-05	-8.926481e-03	-9.561385e-01
4.806000e-05	-7.886751e-03	-6.533865e-01
4.807000e-05	-9.819731e-03	-3.557198e-01
4.808000e-05	-7.396730e-03	-1.040330e-01
4.809000e-05	2.114785e-03	2.017725e-01
4.810000e-05	1.697702e-03	4.745077e-01
4.811000e-05	-3.837510e-03	7.074882e-01
4.812000e-05	-6.047670e-04	1.012725e+00
4.813000e-05	-3.850749e-03	1.275518e+00
4.814000e-05	-1.292060e-04	1.603705e+00
4.815000e-05	-2.328821e-04	1.872862e+00
4.816000e-05	2.097991e-02	2.094986e+00
4.817000e-05	8.146033e-02	2.391673e+00
4.818000e-05	2.327845e-02	2.718567e+00
4.819000e-05	-7.891735e-02	3.053229e+00
4.820000e-05	-3.208195e-02	3.296588e+00
4.821000e-05	-3.575339e-02	3.642306e+00
4.822000e-05	-3.306156e-02	3.874312e+00
4.823000e-05	-7.116598e-02	4.073380e+00
4.824000e-05	7.594777e-02	4.348593e+00
4.825000e-05	3.402874e-02	4.644283e+00
4.826000e-05	-8.272308e-02	4.875964e+00
4.827000e-05	1.629326e-01	5.202876e+00
4.828000e-05	-1.507162e-01	5.515991e+00
4.829000e-05	4.154113e-02	5.788697e+00
4.830000e-05	-1.878750e-02	6.044411e+00
4.831000e-05	-5.713228e-03	6.276938e+00
4.832000e-05	4.937353e-02	6.600629e+00
4.833000e-05	-8.028358e-02	6.884862e+00
4.834000e-05	4.574120e-02	7.128195e+00
4.835000e-05	-5.622380e-02	7.410400e+00
4.836000e-05	2.985967e-02	7.655962e+00
4.837000e-05	-4.132380e-02	7.981176e+00
4.838000e-05	-1.111949e-03	8.252783e+00
4.839000e-05	3.700599e-02	8.475886e+00
4.840000e-05	-3.573543e-02	8.684961e+00
4.841000e-05	1.312363e-02	8.947073e+00
4.842000e-05	-5.198285e-02	9.168671e+00
4.843000e-05	-4.063070e-03	9.401107e+00
4.844000e-05	7.179274e-03	9.581882e+00
4.845000e-05	3.258419e-03	9.894888e+00
4.846000e-05	-1.472202e-02	1.008646e+01
4.847000e-05	-2.422248e-02	1.032846e+01
4.848000e-05	8.135396e-03	1.054649e+01
4.849000e-05	-2.385325e-02	1.073804e+01
4.850000e-05	-1.339785e-02	1.098810e+01
4.851000e-05	-2.394187e-02	1.118965e+01
4.852000e-05	2.490143e-03	1.135065e+01
4.853000e-05	-3.788262e-05	1.158270e+01
4.854000e-05	-1.545029e-02	1.182115e+01
4.855000e-05	-2.909398e-02	1.201078e+01
4.856000e-05	-1.673157e-02	1.219163e+01
4.857000e-05	-2.143796e-03	1.238958e+01
4.858000e-05	-5.657130e-03	1.253852e+01
4.859000e-05	-2.055505e-02	1.272699e+01
4.860000e-05	-2.210180e-02	1.289541e+01
4.861000e-05	-1.220938e-02	1.304281e+01
4.862000e-05	-1.044484e-02	1.320210e+01
4.863000e-05	-2.152793e-02	1.338016e+01
4.864000e-05	-2.696987e-02	1.350839e+01
4.865000e-05	-8.324558e-03	1.368231e+01
4.866000e-05	-8.294167e-03	1.383110e+01
4.867000e-05	-1.584276e-02	1.396648e+01
4.868000e-05	-3.653960e-02	1.406697e+01
4.869000e-05	-2.344908e-02	1.422284e+01
4.870000e-05	-1.567157e-02	1.436907e+01
4.871000e-05	-1.115833e-02	1.451377e+01
4.872000e-05	-2.599162e-02	1.459005e+01
4.873000e-05	-2.766319e-02	1.471434e+01
4.874000e-05	-1.730367e-02	1.475958e+01
4.875000e-05	-1.911697e-02	1.486319e+01
4.876000e-05	-2.537210e-02	1.495900e+01
4.877000e-05	-3.630086e-02	1.502068e+01
4.878000e-05	-2.137660e-02	1.509539e+01
4.879000e-05	-2.065786e-02	1.513902e+01
4.880000e-05	-2.244626e-02	1.524318e+01
4.881000e-05	-3.879675e-02	1.527487e+01
4.882000e-05	-3.643627e-02	1.535747e+01
4.883000e-05	-2.707889e-02	1.539103e+01
4.884000e-05	-2.614373e-02	1.544169e+01
4.885000e-05	-3.350231e-02	1.548574e+01
4.886000e-05	-4.123841e-02	1.553584e+01
4.887000e-05	-3.224041e-02	1.553690e+01
4.888000e-05	-3.414330e-02	1.558900e+01
4.889000e-05	-4.106447e-02	1.556745e+01
4.890000e-05	-5.326421e-02	1.560803e+01
4.891000e-05	-4.890498e-02	1.559793e+01
4.892000e-05	-4.327361e-02	1.558903e+01
4.893000e-05	-4.950379e-02	1.556797e+01
4.894000e-05	-6.377178e-02	1.555790e+01
4.895000e-05	-7.301229e-02	1.556732e+01
4.896000e-05	-7.323450e-02	1.551532e+01
4.897000e-05	-8.712662e-02	1.549374e+01
4.898000e-05	-1.126561e-01	1.549266e+01
4.899000e-05	-1.523182e-01	1.542106e+01
4.900000e-05	-1.982155e-01	1.538893e+01
4.901000e-05	-2.438493e-01	1.532434e+01
4.902000e-05	-2.500000e-01	1.524313e+01
4.903000e-05	-2.500000e-01	1.517803e+01
4.904000e-05	-2.500000e-01	1.513792e+01
4.905000e-05	-2.357145e-01	1.506214e+01
4.906000e-05	-1.762385e-01	1.501890e+01
4.907000e-05	-1.223182e-01	1.489469e+01
4.908000e-05	-9.236961e-02	1.478841e+01
4.909000e-05	-6.525937e-02	1.469522e+01
4.910000e-05	-4.881424e-02	1.461890e+01
4.911000e-05	-4.235440e-02	1.447571e+01
4.912000e-05	-4.266557e-02	1.441800e+01
4.913000e-05	-3.465663e-02	1.428311e+01
4.914000e-05	-2.659459e-02	1.416680e+01
4.915000e-05	-2.529710e-02	1.400833e+01
4.916000e-05	-2.989343e-02	1.385156e+01
4.917000e-05	-2.932961e-02	1.372562e+01
4.918000e-05	-2.216172e-02	1.357782e+01
4.919000e-05	-1.933344e-02	1.342090e+01
4.920000e-05	-2.339681e-02	1.328459e+01
4.921000e-05	-2.658231e-02	1.312574e+01
4.922000e-05	-2.228242e-02	1.292880e+01
4.923000e-05	-1.626369e-02	1.279840e+01
4.924000e-05	-1.881360e-02	1.260991e+01
4.925000e-05	-2.082500e-02	1.247306e+01
4.926000e-05	-2.311310e-02	1.228171e+01
4.927000e-05	-1.333500e-02	1.208259e+01
4.928000e-05	-1.650446e-02	1.189459e+01
4.929000e-05	-1.820111e-02	1.171364e+01
4.930000e-05	-2.061996e-02	1.148417e+01
4.931000e-05	-1.658053e-02	1.126101e+01
4.932000e-05	-1.067316e-02	1.105156e+01
4.933000e-05	-1.673293e-02	1.087361e+01
4.934000e-05	-1.859871e-02	1.063199e+01
4.935000e-05	-1.858227e-02	1.045340e+01
4.936000e-05	-1.136162e-02	1.018893e+01
4.937000e-05	-1.042805e-02	9.997275e+00
4.938000e-05	-1.532441e-02	9.738125e+00
4.939000e-05	-1.483910e-02	9.505616e+00
4.940000e-05	-1.147089e-02	9.293691e+00
4.941000e-05	-9.769672e-03	9.082010e+00
4.942000e-05	-1.507266e-02	8.819881e+00
4.943000e-05	-1.576639e-02	8.618349e+00
4.944000e-05	-1.351677e-02	8.387723e+00
4.945000e-05	-7.444622e-03	8.095012e+00
4.946000e-05	-9.531514e-03	7.841381e+00
4.947000e-05	-1.224786e-02	7.628771e+00
4.948000e-05	-1.179902e-02	7.274535e+00
4.949000e-05	-8.491176e-03	7.061879e+00
4.950000e-05	-9.247718e-03	6.808776e+00
4.951000e-05	-1.331613e-02	6.486064e+00
4.952000e-05	-1.361934e-02	6.261957e+00
4.953000e-05	-1.025944e-02	6.019378e+00
4.954000e-05	-6.250640e-03	5.736071e+00
4.955000e-05	-8.585413e-03	5.483408e+00
4.956000e-05	-1.042452e-02	5.194244e+00
4.957000e-05	-9.163037e-03	4.808354e+00
4.958000e-05	-6.200346e-03	4.566165e+00
4.959000e-05	-6.833781e-03	4.333432e+00
4.960000e-05	-1.062036e-02	3.979171e+00
4.961000e-05	-1.088281e-02	3.694138e+00
4.962000e-05	-8.057440e-03	3.490856e+00
4.963000e-05	-6.223237e-03	3.144688e+00
4.964000e-05	-7.967740e-03	2.903583e+00
4.965000e-05	-9.000521e-03	2.617725e+00
4.966000e-05	-6.551510e-03	2.262513e+00
4.967000e-05	-4.771911e-03	2.030828e+00
4.968000e-05	-5.305376e-03	1.814196e+00
4.969000e-05	-8.536687e-03	1.439902e+00
4.970000e-05	-8.676710e-03	1.106017e+00
4.971000e-05	-5.678861e-03	7.782499e-01
4.972000e-05	-4.506403e-03	5.036359e-01
4.973000e-05	-5.463170e-03	2.398529e-01
4.974000e-05	-3.887633e-03	-5.388046e-02
4.975000e-05	7.820041e-03	-2.954934e-01
4.976000e-05	4.954432e-03	-5.517772e-01
4.977000e-05	1.422214e-03	-8.648630e-01
4.978000e-05	-6.627313e-04	-1.128591e+00
4.979000e-05	-8.221959e-04	-1.444882e+00
4.980000e-05	1.243012e-03	-1.674909e+00
4.981000e-05	1.777525e-02	-1.927095e+00
4.982000e-05	8.147717e-02	-2.148750e+00
4.983000e-05	7.170737e-02	-2.549246e+00
4.984000e-05	-7.897844e-02	-2.958799e+00
4.985000e-05	-3.170050e-03	-3.293467e+00
4.986000e-05	-4.613924e-02	-3.496962e+00
4.987000e-05	-3.308363e-02	-3.747576e+00
4.988000e-05	-6.942197e-02	-3.990126e+00
4.989000e-05	1.882352e-01	-4.127624e+00
4.990000e-05	-1.375919e-01	-4.423029e+00
4.991000e-05	9.082063e-02	-4.751122e+00
4.992000e-05	5.414359e-02	-4.980330e+00
4.993000e-05	-1.323783e-01	-5.411705e+00
4.994000e-05	1.611486e-01	-5.623180e+00
4.995000e-05	-1.765427e-01	-5.887063e+00
4.996000e-05	1.459941e-01	-6.209175e+00
4.997000e-05	-9.653095e-03	-6.412908e+00
4.998000e-05	-2.682440e-02	-6.730175e+00
4.999000e-05	9.073259e-02	-6.971749e+00
