# 260528_14:57:10.099721
t	CH1	CH2
0.000000e+00	-4.750637e-03	4.542292e-01
1.000000e-08	-5.083222e-03	1.699484e-01
2.000000e-08	-2.710554e-03	-1.152144e-01
3.000000e-08	1.011447e-02	-3.769198e-01
4.000000e-08	6.150827e-04	-6.930805e-01
5.000000e-08	4.161254e-03	-9.147895e-01
6.000000e-08	-4.169643e-03	-1.218924e+00
7.000000e-08	1.701525e-03	-1.523738e+00
8.000000e-08	-4.970820e-04	-1.737814e+00
9.000000e-08	2.685696e-02	-1.957419e+00
1.000000e-07	1.022773e-01	-2.294003e+00
1.100000e-07	2.350376e-02	-2.631525e+00
1.200000e-07	-6.451869e-02	-3.051101e+00
1.300000e-07	-9.604757e-03	-3.336820e+00
1.400000e-07	-3.879418e-02	-3.549416e+00
1.500000e-07	-5.387508e-02	-3.841125e+00
1.600000e-07	-1.217913e-02	-3.981583e+00
1.700000e-07	1.575857e-01	-4.200051e+00
1.800000e-07	-1.585858e-01	-4.514215e+00
1.900000e-07	1.587984e-01	-4.830051e+00
2.000000e-07	-6.861932e-02	-5.062755e+00
2.100000e-07	-2.931456e-02	-5.464229e+00
2.200000e-07	9.443439e-02	-5.652685e+00
2.300000e-07	-1.561446e-01	-5.968574e+00
2.400000e-07	1.789117e-01	-6.252578e+00
2.500000e-07	-9.043019e-02	-6.506362e+00
2.600000e-07	5.342116e-02	-6.850074e+00
2.700000e-07	1.055693e-02	-7.083603e+00
2.800000e-07	-7.887407e-02	-7.378471e+00
2.900000e-07	1.154259e-01	-7.609528e+00
3.000000e-07	-1.162216e-01	-7.894762e+00
3.100000e-07	1.367370e-01	-8.166870e+00
3.200000e-07	-5.930130e-02	-8.388471e+00
3.300000e-07	3.550891e-02	-8.704257e+00
3.400000e-07	3.084309e-02	-8.915339e+00
3.500000e-07	-8.047457e-02	-9.127970e+00
3.600000e-07	8.932223e-02	-9.405919e+00
3.700000e-07	-7.497569e-02	-9.610000e+00
3.800000e-07	1.203036e-01	-9.831058e+00
3.900000e-07	-6.844523e-02	-1.006263e+01
4.000000e-07	6.302955e-02	-1.028632e+01
4.100000e-07	-3.533352e-02	-1.048537e+01
4.200000e-07	1.929674e-02	-1.073702e+01
4.300000e-07	1.983334e-02	-1.091479e+01
4.400000e-07	-1.601187e-02	-1.111644e+01
4.500000e-07	5.224614e-02	-1.137792e+01
4.600000e-07	-2.993632e-02	-1.161102e+01
4.700000e-07	5.431596e-02	-1.178900e+01
4.800000e-07	-4.193959e-02	-1.199910e+01
4.900000e-07	4.336532e-02	-1.221905e+01
5.000000e-07	-1.762803e-02	-1.239752e+01
5.100000e-07	4.940098e-02	-1.253852e+01
5.200000e-07	-4.578166e-03	-1.274626e+01
5.300000e-07	1.743669e-02	-1.289594e+01
5.400000e-07	-2.795071e-03	-1.304121e+01
5.500000e-07	1.130691e-02	-1.325168e+01
5.600000e-07	1.423393e-02	-1.335800e+01
5.700000e-07	8.431877e-03	-1.350789e+01
5.800000e-07	2.443939e-02	-1.362421e+01
5.900000e-07	1.054943e-02	-1.389218e+01
6.000000e-07	2.354371e-02	-1.396802e+01
6.100000e-07	-1.935459e-03	-1.410636e+01
6.200000e-07	1.363389e-02	-1.423171e+01
6.300000e-07	5.505647e-03	-1.435799e+01
6.400000e-07	2.917014e-02	-1.449531e+01
6.500000e-07	1.372852e-02	-1.464113e+01
6.600000e-07	2.231592e-02	-1.473482e+01
6.700000e-07	7.163386e-03	-1.483047e+01
6.800000e-07	2.044768e-02	-1.491536e+01
6.900000e-07	1.403632e-02	-1.501855e+01
7.000000e-07	1.865306e-02	-1.510479e+01
7.100000e-07	1.804578e-02	-1.515547e+01
7.200000e-07	2.292095e-02	-1.525058e+01
7.300000e-07	2.329422e-02	-1.528476e+01
7.400000e-07	1.706499e-02	-1.536742e+01
7.500000e-07	1.641256e-02	-1.541958e+01
7.600000e-07	1.841820e-02	-1.546168e+01
7.700000e-07	2.834941e-02	-1.553832e+01
7.800000e-07	2.657525e-02	-1.559844e+01
7.900000e-07	2.760533e-02	-1.560900e+01
8.000000e-07	2.466536e-02	-1.562162e+01
8.100000e-07	2.881324e-02	-1.564268e+01
8.200000e-07	2.868535e-02	-1.567268e+01
8.300000e-07	3.001392e-02	-1.568516e+01
8.400000e-07	3.286172e-02	-1.568334e+01
8.500000e-07	3.948742e-02	-1.570428e+01
8.600000e-07	4.466784e-02	-1.569276e+01
8.700000e-07	4.688411e-02	-1.564270e+01
8.800000e-07	4.668835e-02	-1.564025e+01
8.900000e-07	5.582167e-02	-1.563210e+01
9.000000e-07	6.686975e-02	-1.565157e+01
9.100000e-07	8.334249e-02	-1.554797e+01
9.200000e-07	1.014803e-01	-1.548737e+01
9.300000e-07	1.334890e-01	-1.547519e+01
9.400000e-07	1.854005e-01	-1.543118e+01
9.500000e-07	2.424416e-01	-1.534997e+01
9.600000e-07	2.499850e-01	-1.528231e+01
9.700000e-07	2.500000e-01	-1.524161e+01
9.800000e-07	2.500000e-01	-1.516895e+01
9.900000e-07	2.261376e-01	-1.509386e+01
1.000000e-06	1.533230e-01	-1.499103e+01
1.010000e-06	9.990627e-02	-1.489479e+01
1.020000e-06	7.127820e-02	-1.483210e+01
1.030000e-06	5.428062e-02	-1.472947e+01
1.040000e-06	4.128081e-02	-1.465219e+01
1.050000e-06	3.170105e-02	-1.450524e+01
1.060000e-06	2.440212e-02	-1.437905e+01
1.070000e-06	2.141908e-02	-1.427484e+01
1.080000e-06	1.974902e-02	-1.413689e+01
1.090000e-06	1.498820e-02	-1.403160e+01
1.100000e-06	1.245522e-02	-1.389431e+01
1.110000e-06	1.248176e-02	-1.370487e+01
1.120000e-06	1.325345e-02	-1.358955e+01
1.130000e-06	1.208526e-02	-1.341315e+01
1.140000e-06	7.969377e-03	-1.331581e+01
1.150000e-06	6.515015e-03	-1.312634e+01
1.160000e-06	7.162412e-03	-1.295900e+01
1.170000e-06	8.278800e-03	-1.278895e+01
1.180000e-06	5.860408e-03	-1.260310e+01
1.190000e-06	4.048729e-03	-1.246371e+01
1.200000e-06	5.026787e-03	-1.226316e+01
1.210000e-06	5.365424e-03	-1.203421e+01
1.220000e-06	3.785165e-03	-1.189331e+01
1.230000e-06	1.975869e-03	-1.164473e+01
1.240000e-06	2.028268e-03	-1.145458e+01
1.250000e-06	3.941264e-03	-1.121255e+01
1.260000e-06	3.412460e-03	-1.105115e+01
1.270000e-06	2.711628e-03	-1.079955e+01
1.280000e-06	6.709928e-04	-1.059108e+01
1.290000e-06	1.413060e-03	-1.038945e+01
1.300000e-06	1.459886e-03	-1.013845e+01
1.310000e-06	1.841834e-04	-9.925918e+00
1.320000e-06	-4.301400e-04	-9.735816e+00
1.330000e-06	3.526276e-04	-9.487865e+00
1.340000e-06	-1.208582e-04	-9.264606e+00
1.350000e-06	-5.948829e-04	-9.052654e+00
1.360000e-06	-2.239621e-03	-8.792553e+00
1.370000e-06	-1.657880e-03	-8.617920e+00
1.380000e-06	-1.693124e-03	-8.315237e+00
1.390000e-06	-1.040411e-03	-8.064134e+00
1.400000e-06	-2.170652e-03	-7.808447e+00
1.410000e-06	-3.546608e-03	-7.536362e+00
1.420000e-06	-2.588940e-03	-7.252636e+00
1.430000e-06	-3.330963e-03	-6.949398e+00
1.440000e-06	-3.537142e-03	-6.746866e+00
1.450000e-06	-4.527182e-03	-6.453660e+00
1.460000e-06	-3.264231e-03	-6.180999e+00
1.470000e-06	-4.001722e-03	-5.898316e+00
1.480000e-06	-3.805771e-03	-5.644179e+00
1.490000e-06	-5.538991e-03	-5.377919e+00
1.500000e-06	-5.197038e-03	-5.021204e+00
1.510000e-06	-5.384660e-03	-4.716366e+00
1.520000e-06	-4.338271e-03	-4.462582e+00
1.530000e-06	-6.168407e-03	-4.202554e+00
1.540000e-06	-5.680047e-03	-3.945916e+00
1.550000e-06	-6.448643e-03	-3.642105e+00
1.560000e-06	-6.517023e-03	-3.398997e+00
1.570000e-06	-7.256959e-03	-3.065742e+00
1.580000e-06	-7.238394e-03	-2.790429e+00
1.590000e-06	-6.554505e-03	-2.475342e+00
1.600000e-06	-5.847909e-03	-2.222555e+00
1.610000e-06	-6.930348e-03	-1.916339e+00
1.620000e-06	-8.165243e-03	-1.642608e+00
1.630000e-06	-8.195086e-03	-1.318842e+00
1.640000e-06	-8.472550e-03	-9.915250e-01
1.650000e-06	-8.811933e-03	-7.258185e-01
1.660000e-06	-8.794197e-03	-4.325800e-01
1.670000e-06	-7.127118e-03	-1.294985e-01
1.680000e-06	-4.571794e-04	1.557632e-01
1.690000e-06	5.616882e-03	4.205538e-01
1.700000e-06	-4.722007e-03	6.841618e-01
1.710000e-06	8.613375e-04	9.551860e-01
1.720000e-06	-5.733867e-03	1.222660e+00
1.730000e-06	6.984423e-05	1.524766e+00
1.740000e-06	-4.588839e-03	1.851102e+00
1.750000e-06	1.685249e-02	2.030583e+00
1.760000e-06	6.231976e-02	2.315240e+00
1.770000e-06	6.765901e-02	2.652502e+00
1.780000e-06	-8.147725e-02	2.997945e+00
1.790000e-06	-3.205957e-02	3.221057e+00
1.800000e-06	-4.322124e-02	3.578970e+00
1.810000e-06	-1.943182e-02	3.819050e+00
1.820000e-06	-7.605223e-02	4.000526e+00
1.830000e-06	3.352782e-02	4.282259e+00
1.840000e-06	8.238124e-02	4.567945e+00
1.850000e-06	-1.080184e-01	4.811754e+00
1.860000e-06	1.502526e-01	5.117191e+00
1.870000e-06	-9.086340e-02	5.462584e+00
1.880000e-06	-1.874905e-02	5.715818e+00
1.890000e-06	2.448990e-02	6.010004e+00
1.900000e-06	-3.901380e-02	6.262653e+00
1.910000e-06	6.928799e-02	6.536268e+00
1.920000e-06	-7.327048e-02	6.861554e+00
1.930000e-06	2.304469e-02	7.093208e+00
1.940000e-06	-2.825320e-02	7.428047e+00
1.950000e-06	1.419832e-03	7.643154e+00
1.960000e-06	-3.818433e-03	7.954888e+00
1.970000e-06	-3.584209e-02	8.250528e+00
1.980000e-06	5.427905e-02	8.411555e+00
1.990000e-06	-2.964023e-02	8.672057e+00
2.000000e-06	4.672374e-03	8.862687e+00
2.010000e-06	-3.090484e-02	9.116391e+00
2.020000e-06	-3.000642e-02	9.348420e+00
2.030000e-06	2.525162e-02	9.630050e+00
2.040000e-06	-9.823917e-03	9.841632e+00
2.050000e-06	6.663043e-03	1.009371e+01
2.060000e-06	-3.733291e-02	1.026518e+01
2.070000e-06	1.461721e-02	1.050539e+01
2.080000e-06	-1.918768e-02	1.070591e+01
2.090000e-06	-1.381668e-02	1.095594e+01
2.100000e-06	-1.895992e-02	1.113639e+01
2.110000e-06	-7.584674e-03	1.137940e+01
2.120000e-06	1.178948e-02	1.160904e+01
2.130000e-06	-1.847320e-02	1.178800e+01
2.140000e-06	-1.881435e-02	1.202952e+01
2.150000e-06	-2.723806e-02	1.219900e+01
2.160000e-06	5.333775e-03	1.239736e+01
2.170000e-06	-4.050791e-03	1.254742e+01
2.180000e-06	-1.238812e-02	1.270382e+01
2.190000e-06	-2.431484e-02	1.290523e+01
2.200000e-06	-1.552654e-02	1.309171e+01
2.210000e-06	-6.525364e-03	1.321105e+01
2.220000e-06	-2.110360e-02	1.332690e+01
2.230000e-06	-2.187875e-02	1.350471e+01
2.240000e-06	-1.254279e-02	1.371431e+01
2.250000e-06	5.194481e-04	1.381052e+01
2.260000e-06	-1.089636e-02	1.392804e+01
2.270000e-06	-2.969495e-02	1.414477e+01
2.280000e-06	-2.867432e-02	1.427125e+01
2.290000e-06	-1.690109e-02	1.439947e+01
2.300000e-06	-8.118097e-03	1.449419e+01
2.310000e-06	-2.084651e-02	1.462055e+01
2.320000e-06	-2.466762e-02	1.472579e+01
2.330000e-06	-1.716057e-02	1.483063e+01
2.340000e-06	-1.336913e-02	1.492376e+01
2.350000e-06	-2.178252e-02	1.496790e+01
2.360000e-06	-3.274717e-02	1.505470e+01
2.370000e-06	-2.472200e-02	1.514732e+01
2.380000e-06	-1.825710e-02	1.520058e+01
2.390000e-06	-1.814267e-02	1.522381e+01
2.400000e-06	-3.463816e-02	1.532739e+01
2.410000e-06	-3.607316e-02	1.540950e+01
2.420000e-06	-2.677865e-02	1.543363e+01
2.430000e-06	-2.006078e-02	1.548424e+01
2.440000e-06	-2.846232e-02	1.552781e+01
2.450000e-06	-3.823070e-02	1.555837e+01
2.460000e-06	-3.222827e-02	1.561052e+01
2.470000e-06	-3.139470e-02	1.562248e+01
2.480000e-06	-3.574086e-02	1.560960e+01
2.490000e-06	-5.010724e-02	1.563105e+01
2.500000e-06	-4.609093e-02	1.565120e+01
2.510000e-06	-4.046715e-02	1.565103e+01
2.520000e-06	-4.087405e-02	1.562356e+01
2.530000e-06	-5.631933e-02	1.561155e+01
2.540000e-06	-6.629709e-02	1.566003e+01
2.550000e-06	-6.737781e-02	1.557997e+01
2.560000e-06	-7.404124e-02	1.554894e+01
2.570000e-06	-9.390010e-02	1.552639e+01
2.580000e-06	-1.267700e-01	1.547579e+01
2.590000e-06	-1.589616e-01	1.542118e+01
2.600000e-06	-2.106271e-01	1.538797e+01
2.610000e-06	-2.493739e-01	1.532524e+01
2.620000e-06	-2.500000e-01	1.527273e+01
2.630000e-06	-2.500000e-01	1.521018e+01
2.640000e-06	-2.489657e-01	1.512794e+01
2.650000e-06	-1.983226e-01	1.509523e+01
2.660000e-06	-1.395663e-01	1.496947e+01
2.670000e-06	-1.042741e-01	1.485316e+01
2.680000e-06	-7.333591e-02	1.474997e+01
2.690000e-06	-5.152091e-02	1.467373e+01
2.700000e-06	-4.177947e-02	1.458835e+01
2.710000e-06	-4.268497e-02	1.448376e+01
2.720000e-06	-3.643564e-02	1.434841e+01
2.730000e-06	-2.691529e-02	1.419205e+01
2.740000e-06	-2.208296e-02	1.408471e+01
2.750000e-06	-2.737005e-02	1.398697e+01
2.760000e-06	-2.848301e-02	1.380005e+01
2.770000e-06	-2.116125e-02	1.365421e+01
2.780000e-06	-1.577257e-02	1.352829e+01
2.790000e-06	-1.884727e-02	1.336892e+01
2.800000e-06	-2.283686e-02	1.318042e+01
2.810000e-06	-1.993211e-02	1.306275e+01
2.820000e-06	-1.281562e-02	1.289623e+01
2.830000e-06	-1.446752e-02	1.272724e+01
2.840000e-06	-1.914628e-02	1.252694e+01
2.850000e-06	-2.017944e-02	1.237939e+01
2.860000e-06	-1.343190e-02	1.219945e+01
2.870000e-06	-1.033763e-02	1.196152e+01
2.880000e-06	-1.542775e-02	1.179900e+01
2.890000e-06	-1.851349e-02	1.158100e+01
2.900000e-06	-1.515739e-02	1.138950e+01
2.910000e-06	-9.007303e-03	1.114992e+01
2.920000e-06	-1.117145e-02	1.095690e+01
2.930000e-06	-1.586335e-02	1.074887e+01
2.940000e-06	-1.524415e-02	1.052737e+01
2.950000e-06	-1.109789e-02	1.031837e+01
2.960000e-06	-1.010097e-02	1.011526e+01
2.970000e-06	-1.393730e-02	9.844662e+00
2.980000e-06	-1.521678e-02	9.643077e+00
2.990000e-06	-1.056368e-02	9.400471e+00
3.000000e-06	-6.890761e-03	9.128500e+00
3.010000e-06	-9.968606e-03	8.935313e+00
3.020000e-06	-1.406714e-02	8.684838e+00
3.030000e-06	-1.325060e-02	8.473082e+00
3.040000e-06	-8.694721e-03	8.221127e+00
3.050000e-06	-9.305303e-03	7.967892e+00
3.060000e-06	-1.117483e-02	7.675709e+00
3.070000e-06	-1.257949e-02	7.441575e+00
3.080000e-06	-8.348114e-03	7.155866e+00
3.090000e-06	-7.171192e-03	6.915787e+00
3.100000e-06	-9.722826e-03	6.641105e+00
3.110000e-06	-1.219710e-02	6.357422e+00
3.120000e-06	-9.763012e-03	6.097387e+00
3.130000e-06	-7.652002e-03	5.872125e+00
3.140000e-06	-8.068006e-03	5.578369e+00
3.150000e-06	-1.176380e-02	5.243659e+00
3.160000e-06	-1.028456e-02	4.899768e+00
3.170000e-06	-7.085067e-03	4.682055e+00
3.180000e-06	-5.536801e-03	4.370899e+00
3.190000e-06	-7.837177e-03	4.075289e+00
3.200000e-06	-9.557811e-03	3.790503e+00
3.210000e-06	-7.690430e-03	3.556970e+00
3.220000e-06	-6.101908e-03	3.243079e+00
3.230000e-06	-7.504281e-03	2.979921e+00
3.240000e-06	-1.027550e-02	2.725789e+00
3.250000e-06	-8.151016e-03	2.408976e+00
3.260000e-06	-5.985876e-03	2.064761e+00
3.270000e-06	-4.782970e-03	1.842134e+00
3.280000e-06	-6.475210e-03	1.556842e+00
3.290000e-06	-7.712733e-03	1.182154e+00
3.300000e-06	-4.986669e-03	8.756855e-01
3.310000e-06	-3.541840e-03	6.009513e-01
3.320000e-06	-4.758764e-03	3.473197e-01
3.330000e-06	-5.244584e-03	7.157894e-02
3.340000e-06	1.603839e-03	-2.326541e-01
3.350000e-06	8.114707e-03	-4.947356e-01
3.360000e-06	-1.071101e-03	-7.985749e-01
3.370000e-06	1.911351e-03	-1.041082e+00
3.380000e-06	-2.734411e-03	-1.358542e+00
3.390000e-06	3.011616e-03	-1.611082e+00
3.400000e-06	1.207645e-02	-1.873234e+00
3.410000e-06	5.721517e-02	-2.075238e+00
3.420000e-06	1.087565e-01	-2.422103e+00
3.430000e-06	-7.372738e-02	-2.849678e+00
3.440000e-06	-1.037095e-02	-3.230952e+00
3.450000e-06	-4.536839e-02	-3.442185e+00
3.460000e-06	-2.233885e-02	-3.641809e+00
3.470000e-06	-9.280909e-02	-3.906969e+00
3.480000e-06	1.500700e-01	-4.075287e+00
3.490000e-06	-4.308618e-02	-4.316792e+00
3.500000e-06	-1.194845e-02	-4.695740e+00
3.510000e-06	1.584100e-01	-4.894265e+00
3.520000e-06	-1.738567e-01	-5.273714e+00
3.530000e-06	1.496741e-01	-5.558525e+00
3.540000e-06	-1.248437e-01	-5.819550e+00
3.550000e-06	5.546194e-02	-6.134846e+00
3.560000e-06	8.188072e-02	-6.357397e+00
3.570000e-06	-9.603543e-02	-6.671658e+00
3.580000e-06	1.324112e-01	-6.945366e+00
3.590000e-06	-1.323545e-01	-7.250605e+00
3.600000e-06	9.165847e-02	-7.485287e+00
3.610000e-06	-3.491841e-02	-7.725920e+00
3.620000e-06	3.025978e-03	-8.004159e+00
3.630000e-06	9.216200e-02	-8.262257e+00
3.640000e-06	-9.697768e-02	-8.545947e+00
3.650000e-06	1.252553e-01	-8.829549e+00
3.660000e-06	-1.148666e-01	-9.040653e+00
3.670000e-06	6.732442e-02	-9.243783e+00
3.680000e-06	-2.894637e-02	-9.482686e+00
3.690000e-06	4.084499e-02	-9.756394e+00
3.700000e-06	4.087197e-02	-9.936841e+00
3.710000e-06	-3.872381e-02	-1.021800e+01
3.720000e-06	6.140917e-02	-1.040100e+01
3.730000e-06	-6.951794e-02	-1.065165e+01
3.740000e-06	7.883135e-02	-1.086063e+01
3.750000e-06	-5.507316e-02	-1.103061e+01
3.760000e-06	6.575282e-02	-1.124418e+01
3.770000e-06	-2.335970e-02	-1.144473e+01
3.780000e-06	3.955722e-02	-1.169734e+01
3.790000e-06	-8.616691e-03	-1.190376e+01
3.800000e-06	3.620649e-03	-1.212594e+01
3.810000e-06	1.498538e-02	-1.228369e+01
3.820000e-06	7.742145e-03	-1.247276e+01
3.830000e-06	3.667648e-02	-1.266166e+01
3.840000e-06	-1.168714e-02	-1.284108e+01
3.850000e-06	2.227798e-02	-1.297909e+01
3.860000e-06	-1.114586e-02	-1.313644e+01
3.870000e-06	2.956311e-02	-1.330684e+01
3.880000e-06	-4.048143e-03	-1.344123e+01
3.890000e-06	2.948146e-02	-1.361898e+01
3.900000e-06	7.273356e-03	-1.378792e+01
3.910000e-06	2.770201e-02	-1.390524e+01
3.920000e-06	1.679352e-03	-1.402118e+01
3.930000e-06	1.029940e-02	-1.415855e+01
3.940000e-06	5.306682e-03	-1.433626e+01
3.950000e-06	2.220703e-02	-1.444123e+01
3.960000e-06	1.923158e-02	-1.452789e+01
3.970000e-06	1.743179e-02	-1.469526e+01
3.980000e-06	1.495053e-02	-1.472949e+01
3.990000e-06	1.325277e-02	-1.489476e+01
4.000000e-06	2.181568e-02	-1.495692e+01
4.010000e-06	1.356830e-02	-1.498210e+01
4.020000e-06	2.032504e-02	-1.506386e+01
4.030000e-06	1.543004e-02	-1.522000e+01
4.040000e-06	2.699520e-02	-1.522371e+01
4.050000e-06	1.651151e-02	-1.531639e+01
4.060000e-06	1.921377e-02	-1.538740e+01
4.070000e-06	1.545227e-02	-1.543259e+01
4.080000e-06	2.633260e-02	-1.549484e+01
4.090000e-06	2.823597e-02	-1.556642e+01
4.100000e-06	2.686160e-02	-1.559752e+01
4.110000e-06	2.504299e-02	-1.563160e+01
4.120000e-06	2.599776e-02	-1.564018e+01
4.130000e-06	2.996595e-02	-1.566268e+01
4.140000e-06	2.994920e-02	-1.566366e+01
4.150000e-06	3.119877e-02	-1.566423e+01
4.160000e-06	3.528780e-02	-1.569379e+01
4.170000e-06	4.308504e-02	-1.566273e+01
4.180000e-06	4.550561e-02	-1.567171e+01
4.190000e-06	4.625089e-02	-1.567268e+01
4.200000e-06	5.121903e-02	-1.563265e+01
4.210000e-06	6.197115e-02	-1.563102e+01
4.220000e-06	7.524959e-02	-1.557800e+01
4.230000e-06	9.194587e-02	-1.552742e+01
4.240000e-06	1.154202e-01	-1.550574e+01
4.250000e-06	1.584503e-01	-1.547268e+01
4.260000e-06	2.205316e-01	-1.543048e+01
4.270000e-06	2.498731e-01	-1.530839e+01
4.280000e-06	2.500000e-01	-1.528323e+01
4.290000e-06	2.500000e-01	-1.519947e+01
4.300000e-06	2.460895e-01	-1.509787e+01
4.310000e-06	1.860683e-01	-1.501223e+01
4.320000e-06	1.210257e-01	-1.497752e+01
4.330000e-06	8.193032e-02	-1.485326e+01
4.340000e-06	6.091696e-02	-1.479047e+01
4.350000e-06	4.739788e-02	-1.470581e+01
4.360000e-06	3.564090e-02	-1.453855e+01
4.370000e-06	2.682880e-02	-1.444476e+01
4.380000e-06	2.287060e-02	-1.431644e+01
4.390000e-06	2.005554e-02	-1.422118e+01
4.400000e-06	1.813125e-02	-1.409331e+01
4.410000e-06	1.302598e-02	-1.394794e+01
4.420000e-06	1.221894e-02	-1.380205e+01
4.430000e-06	1.262733e-02	-1.362168e+01
4.440000e-06	1.311519e-02	-1.349639e+01
4.450000e-06	9.973253e-03	-1.335942e+01
4.460000e-06	5.926867e-03	-1.321953e+01
4.470000e-06	6.844286e-03	-1.305318e+01
4.480000e-06	7.631023e-03	-1.286411e+01
4.490000e-06	7.888066e-03	-1.271787e+01
4.500000e-06	4.840773e-03	-1.250742e+01
4.510000e-06	3.912065e-03	-1.237849e+01
4.520000e-06	5.767670e-03	-1.215945e+01
4.530000e-06	4.707643e-03	-1.194100e+01
4.540000e-06	2.629941e-03	-1.178060e+01
4.550000e-06	1.047623e-03	-1.154692e+01
4.560000e-06	2.292265e-03	-1.133696e+01
4.570000e-06	3.602236e-03	-1.110534e+01
4.580000e-06	3.933297e-03	-1.090571e+01
4.590000e-06	-3.538185e-04	-1.072531e+01
4.600000e-06	1.822387e-03	-1.051426e+01
4.610000e-06	1.689194e-03	-1.026531e+01
4.620000e-06	3.558815e-03	-1.000315e+01
4.630000e-06	6.003713e-04	-9.842529e+00
4.640000e-06	-1.669479e-03	-9.580574e+00
4.650000e-06	1.775742e-03	-9.367499e+00
4.660000e-06	-2.011724e-03	-9.147392e+00
4.670000e-06	-2.183552e-03	-8.905862e+00
4.680000e-06	-6.453393e-03	-8.674259e+00
4.690000e-06	-1.375297e-03	-8.431654e+00
4.700000e-06	1.560998e-03	-8.180974e+00
4.710000e-06	1.448208e-03	-7.915866e+00
4.720000e-06	-1.070419e-03	-7.633604e+00
4.730000e-06	-3.106321e-03	-7.320944e+00
4.740000e-06	-2.993243e-03	-7.107918e+00
4.750000e-06	-5.041432e-03	-6.804655e+00
4.760000e-06	-6.300543e-03	-6.589922e+00
4.770000e-06	-5.057281e-03	-6.327840e+00
4.780000e-06	-3.062364e-03	-6.032132e+00
4.790000e-06	-3.328670e-03	-5.729896e+00
4.800000e-06	-3.484707e-03	-5.485342e+00
4.810000e-06	-5.710445e-03	-5.150500e+00
4.820000e-06	-4.244979e-03	-4.834260e+00
4.830000e-06	-4.547819e-03	-4.569422e+00
4.840000e-06	-5.127340e-03	-4.336917e+00
4.850000e-06	-6.295001e-03	-4.093681e+00
4.860000e-06	-7.464467e-03	-3.749372e+00
4.870000e-06	-6.702977e-03	-3.495338e+00
4.880000e-06	-8.354073e-03	-3.242628e+00
4.890000e-06	-6.954078e-03	-2.907343e+00
4.900000e-06	-7.435927e-03	-2.631606e+00
4.910000e-06	-5.255372e-03	-2.359524e+00
4.920000e-06	-5.297963e-03	-2.025155e+00
4.930000e-06	-6.044241e-03	-1.779924e+00
4.940000e-06	-8.485196e-03	-1.516938e+00
4.950000e-06	-9.652401e-03	-1.168921e+00
4.960000e-06	-9.979133e-03	-8.752342e-01
4.970000e-06	-9.582903e-03	-5.894498e-01
4.980000e-06	-8.683615e-03	-2.752379e-01
4.990000e-06	-5.644236e-03	-1.160019e-02
5.000000e-06	7.298848e-03	3.126844e-01
5.010000e-06	-2.128505e-03	5.468185e-01
5.020000e-06	1.620161e-03	8.084974e-01
5.030000e-06	-4.363628e-03	1.114262e+00
5.040000e-06	-8.649285e-04	1.367994e+00
5.050000e-06	-4.201029e-03	1.714736e+00
5.060000e-06	5.779529e-03	1.957321e+00
5.070000e-06	2.938288e-02	2.188897e+00
5.080000e-06	9.715029e-02	2.443157e+00
5.090000e-06	-3.172732e-02	2.849553e+00
5.100000e-06	-5.619517e-02	3.095788e+00
5.110000e-06	-3.783449e-02	3.429450e+00
5.120000e-06	-2.349107e-02	3.654688e+00
5.130000e-06	-5.782880e-02	3.936318e+00
5.140000e-06	-3.997307e-02	4.134346e+00
5.150000e-06	1.079786e-01	4.450053e+00
5.160000e-06	-5.534195e-02	4.705287e+00
5.170000e-06	2.563055e-02	4.988919e+00
5.180000e-06	7.787285e-02	5.314791e+00
5.190000e-06	-1.297405e-01	5.600495e+00
5.200000e-06	6.860326e-02	5.871158e+00
5.210000e-06	-5.600512e-02	6.146893e+00
5.220000e-06	4.710655e-02	6.387467e+00
5.230000e-06	-3.810495e-03	6.664683e+00
5.240000e-06	-4.909836e-02	6.977545e+00
5.250000e-06	3.403095e-02	7.190604e+00
5.260000e-06	-5.573099e-02	7.524761e+00
5.270000e-06	4.234948e-02	7.769471e+00
5.280000e-06	-6.466465e-02	8.103158e+00
5.290000e-06	3.947619e-02	8.305391e+00
5.300000e-06	9.513906e-03	8.567943e+00
5.310000e-06	-2.636145e-02	8.748498e+00
5.320000e-06	1.093643e-02	9.020951e+00
5.330000e-06	-6.518859e-02	9.262737e+00
5.340000e-06	2.914821e-02	9.483262e+00
5.350000e-06	-1.567388e-02	9.755763e+00
5.360000e-06	2.329438e-02	9.948817e+00
5.370000e-06	-3.712516e-02	1.021855e+01
5.380000e-06	-2.013976e-04	1.043908e+01
5.390000e-06	-2.894076e-03	1.064208e+01
5.400000e-06	-2.207302e-02	1.083165e+01
5.410000e-06	-9.822835e-03	1.103258e+01
5.420000e-06	-2.779352e-02	1.128371e+01
5.430000e-06	1.861282e-02	1.150221e+01
5.440000e-06	-1.422876e-02	1.171424e+01
5.450000e-06	-6.001655e-03	1.186522e+01
5.460000e-06	-3.698923e-02	1.210531e+01
5.470000e-06	-5.219097e-04	1.227431e+01
5.480000e-06	-5.881441e-03	1.245266e+01
5.490000e-06	-4.176318e-03	1.262103e+01
5.500000e-06	-2.229193e-02	1.282960e+01
5.510000e-06	-2.128018e-02	1.297099e+01
5.520000e-06	-5.582730e-03	1.314782e+01
5.530000e-06	-1.585926e-02	1.333368e+01
5.540000e-06	-1.954592e-02	1.343218e+01
5.550000e-06	-2.478373e-02	1.359217e+01
5.560000e-06	-1.213231e-04	1.378792e+01
5.570000e-06	-7.366823e-03	1.390434e+01
5.580000e-06	-1.528687e-02	1.406255e+01
5.590000e-06	-3.466168e-02	1.417900e+01
5.600000e-06	-1.871761e-02	1.433677e+01
5.610000e-06	-1.331147e-02	1.441008e+01
5.620000e-06	-1.541873e-02	1.452742e+01
5.630000e-06	-2.619163e-02	1.468364e+01
5.640000e-06	-2.447855e-02	1.477939e+01
5.650000e-06	-9.879996e-03	1.490361e+01
5.660000e-06	-1.837498e-02	1.494684e+01
5.670000e-06	-2.449659e-02	1.500155e+01
5.680000e-06	-3.225636e-02	1.510524e+01
5.690000e-06	-1.833410e-02	1.518742e+01
5.700000e-06	-1.922934e-02	1.524160e+01
5.710000e-06	-2.694375e-02	1.528529e+01
5.720000e-06	-3.806475e-02	1.541787e+01
5.730000e-06	-3.259793e-02	1.543062e+01
5.740000e-06	-2.036580e-02	1.547271e+01
5.750000e-06	-2.532187e-02	1.550433e+01
5.760000e-06	-3.166604e-02	1.557889e+01
5.770000e-06	-3.727795e-02	1.558944e+01
5.780000e-06	-2.912120e-02	1.560995e+01
5.790000e-06	-3.470347e-02	1.559063e+01
5.800000e-06	-4.399538e-02	1.566253e+01
5.810000e-06	-5.024078e-02	1.566213e+01
5.820000e-06	-4.397600e-02	1.563358e+01
5.830000e-06	-3.803250e-02	1.562211e+01
5.840000e-06	-4.852115e-02	1.565251e+01
5.850000e-06	-6.048875e-02	1.561005e+01
5.860000e-06	-6.877976e-02	1.558894e+01
5.870000e-06	-6.836815e-02	1.558792e+01
5.880000e-06	-8.390871e-02	1.553689e+01
5.890000e-06	-1.105893e-01	1.551479e+01
5.900000e-06	-1.424881e-01	1.545528e+01
5.910000e-06	-1.833468e-01	1.541102e+01
5.920000e-06	-2.379596e-01	1.531890e+01
5.930000e-06	-2.499700e-01	1.529474e+01
5.940000e-06	-2.500000e-01	1.525218e+01
5.950000e-06	-2.500000e-01	1.517842e+01
5.960000e-06	-2.316409e-01	1.512674e+01
5.970000e-06	-1.641112e-01	1.500110e+01
5.980000e-06	-1.182170e-01	1.490586e+01
5.990000e-06	-8.763651e-02	1.483155e+01
6.000000e-06	-6.140140e-02	1.475634e+01
6.010000e-06	-4.582722e-02	1.462202e+01
6.020000e-06	-4.188075e-02	1.451684e+01
6.030000e-06	-3.881034e-02	1.440162e+01
6.040000e-06	-3.112554e-02	1.426476e+01
6.050000e-06	-2.363415e-02	1.417892e+01
6.060000e-06	-2.557971e-02	1.400097e+01
6.070000e-06	-2.852473e-02	1.390434e+01
6.080000e-06	-2.602711e-02	1.374739e+01
6.090000e-06	-1.907779e-02	1.356050e+01
6.100000e-06	-1.708127e-02	1.344320e+01
6.110000e-06	-2.054344e-02	1.325373e+01
6.120000e-06	-2.101385e-02	1.311687e+01
6.130000e-06	-1.740616e-02	1.294744e+01
6.140000e-06	-1.329836e-02	1.280110e+01
6.150000e-06	-1.602314e-02	1.265260e+01
6.160000e-06	-1.998725e-02	1.243158e+01
6.170000e-06	-1.740299e-02	1.225421e+01
6.180000e-06	-1.335967e-02	1.207523e+01
6.190000e-06	-1.396398e-02	1.186871e+01
6.200000e-06	-1.829584e-02	1.166576e+01
6.210000e-06	-1.675467e-02	1.149176e+01
6.220000e-06	-1.184749e-02	1.127368e+01
6.230000e-06	-9.415624e-03	1.107361e+01
6.240000e-06	-1.327845e-02	1.086209e+01
6.250000e-06	-1.579486e-02	1.058266e+01
6.260000e-06	-1.410729e-02	1.045407e+01
6.270000e-06	-1.127497e-02	1.021000e+01
6.280000e-06	-1.211840e-02	9.978900e+00
6.290000e-06	-1.533746e-02	9.765838e+00
6.300000e-06	-1.284757e-02	9.475211e+00
6.310000e-06	-9.753883e-03	9.283212e+00
6.320000e-06	-8.333414e-03	9.044608e+00
6.330000e-06	-1.250101e-02	8.802025e+00
6.340000e-06	-1.318393e-02	8.598497e+00
6.350000e-06	-9.906625e-03	8.366867e+00
6.360000e-06	-7.608607e-03	8.075789e+00
6.370000e-06	-9.858623e-03	7.841026e+00
6.380000e-06	-1.302104e-02	7.557919e+00
6.390000e-06	-1.131716e-02	7.273758e+00
6.400000e-06	-8.214838e-03	7.061499e+00
6.410000e-06	-8.271471e-03	6.767392e+00
6.420000e-06	-1.128410e-02	6.474804e+00
6.430000e-06	-1.026781e-02	6.211575e+00
6.440000e-06	-7.026337e-03	5.980522e+00
6.450000e-06	-6.757415e-03	5.675664e+00
6.460000e-06	-9.743450e-03	5.404573e+00
6.470000e-06	-1.197807e-02	5.107210e+00
6.480000e-06	-8.837356e-03	4.770447e+00
6.490000e-06	-6.541338e-03	4.525764e+00
6.500000e-06	-7.416966e-03	4.251672e+00
6.510000e-06	-9.188697e-03	3.948316e+00
6.520000e-06	-8.136564e-03	3.703208e+00
6.530000e-06	-5.327379e-03	3.400972e+00
6.540000e-06	-6.101361e-03	3.126313e+00
6.550000e-06	-8.016627e-03	2.823103e+00
6.560000e-06	-7.996722e-03	2.556466e+00
6.570000e-06	-6.856754e-03	2.202128e+00
6.580000e-06	-5.367409e-03	2.019446e+00
6.590000e-06	-6.781228e-03	1.685159e+00
6.600000e-06	-8.289980e-03	1.379471e+00
6.610000e-06	-6.970080e-03	1.032659e+00
6.620000e-06	-3.246293e-03	6.974159e-01
6.630000e-06	-4.542313e-03	4.541591e-01
6.640000e-06	-4.662657e-03	1.583721e-01
6.650000e-06	-1.878922e-03	-1.153421e-01
6.660000e-06	8.483867e-03	-3.869725e-01
6.670000e-06	3.288346e-04	-6.541831e-01
6.680000e-06	2.267579e-03	-9.457696e-01
6.690000e-06	-1.524984e-03	-1.209571e+00
6.700000e-06	3.628859e-03	-1.536362e+00
6.710000e-06	1.005374e-03	-1.787969e+00
6.720000e-06	3.042210e-02	-1.978497e+00
6.730000e-06	1.059585e-01	-2.223129e+00
6.740000e-06	8.323544e-03	-2.641023e+00
6.750000e-06	-6.055194e-02	-3.073060e+00
6.760000e-06	-1.411323e-02	-3.359519e+00
6.770000e-06	-3.449228e-02	-3.567945e+00
6.780000e-06	-5.947412e-02	-3.850579e+00
6.790000e-06	8.723602e-03	-4.001128e+00
6.800000e-06	1.450485e-01	-4.211050e+00
6.810000e-06	-1.599409e-01	-4.506341e+00
6.820000e-06	1.689514e-01	-4.829430e+00
6.830000e-06	-9.150541e-02	-5.062707e+00
6.840000e-06	-7.754098e-04	-5.463732e+00
6.850000e-06	6.933060e-02	-5.673161e+00
6.860000e-06	-1.422331e-01	-5.978050e+00
6.870000e-06	1.825688e-01	-6.262085e+00
6.880000e-06	-1.067579e-01	-6.534367e+00
6.890000e-06	7.333424e-02	-6.800656e+00
6.900000e-06	-1.039968e-02	-7.062210e+00
6.910000e-06	-5.854922e-02	-7.390024e+00
6.920000e-06	1.066592e-01	-7.620003e+00
6.930000e-06	-1.132184e-01	-7.916845e+00
6.940000e-06	1.449643e-01	-8.189422e+00
6.950000e-06	-7.752926e-02	-8.349599e+00
6.960000e-06	5.290573e-02	-8.685236e+00
6.970000e-06	8.333044e-03	-8.914818e+00
6.980000e-06	-6.524950e-02	-9.157446e+00
6.990000e-06	8.135059e-02	-9.388549e+00
7.000000e-06	-6.820595e-02	-9.591601e+00
7.010000e-06	1.220187e-01	-9.831655e+00
7.020000e-06	-7.482073e-02	-1.006271e+01
7.030000e-06	7.248801e-02	-1.028526e+01
7.040000e-06	-4.872528e-02	-1.053642e+01
7.050000e-06	3.110374e-02	-1.081532e+01
7.060000e-06	5.821944e-03	-1.095734e+01
7.070000e-06	-4.921749e-03	-1.115895e+01
7.080000e-06	4.396096e-02	-1.136799e+01
7.090000e-06	-2.236035e-02	-1.164057e+01
7.100000e-06	5.003922e-02	-1.179020e+01
7.110000e-06	-3.947635e-02	-1.204055e+01
7.120000e-06	4.369125e-02	-1.219905e+01
7.130000e-06	-1.859348e-02	-1.238005e+01
7.140000e-06	5.156859e-02	-1.256850e+01
7.150000e-06	-8.408722e-03	-1.275594e+01
7.160000e-06	1.937826e-02	-1.299487e+01
7.170000e-06	-5.416924e-03	-1.303274e+01
7.180000e-06	1.558195e-02	-1.326220e+01
7.190000e-06	1.105427e-02	-1.337793e+01
7.200000e-06	1.195372e-02	-1.356734e+01
7.210000e-06	2.260730e-02	-1.368569e+01
7.220000e-06	1.302626e-02	-1.382268e+01
7.230000e-06	2.121458e-02	-1.398792e+01
7.240000e-06	-1.476900e-03	-1.414687e+01
7.250000e-06	1.326080e-02	-1.426066e+01
7.260000e-06	7.313647e-03	-1.437995e+01
7.270000e-06	2.895669e-02	-1.449426e+01
7.280000e-06	1.346235e-02	-1.460063e+01
7.290000e-06	2.115955e-02	-1.470529e+01
7.300000e-06	7.660326e-03	-1.482105e+01
7.310000e-06	2.098990e-02	-1.493682e+01
7.320000e-06	1.377796e-02	-1.500997e+01
7.330000e-06	1.898630e-02	-1.509423e+01
7.340000e-06	1.721481e-02	-1.512692e+01
7.350000e-06	2.358857e-02	-1.521160e+01
7.360000e-06	2.268513e-02	-1.526526e+01
7.370000e-06	1.638289e-02	-1.531792e+01
7.380000e-06	1.611911e-02	-1.541051e+01
7.390000e-06	1.974288e-02	-1.549373e+01
7.400000e-06	2.853920e-02	-1.553534e+01
7.410000e-06	2.698767e-02	-1.556850e+01
7.420000e-06	2.714155e-02	-1.561053e+01
7.430000e-06	2.498426e-02	-1.563160e+01
7.440000e-06	2.962714e-02	-1.565228e+01
7.450000e-06	2.894561e-02	-1.566268e+01
7.460000e-06	2.970945e-02	-1.568368e+01
7.470000e-06	3.283827e-02	-1.568429e+01
7.480000e-06	4.032334e-02	-1.563273e+01
7.490000e-06	4.508998e-02	-1.566321e+01
7.500000e-06	4.510787e-02	-1.563323e+01
7.510000e-06	4.721019e-02	-1.567270e+01
7.520000e-06	5.631827e-02	-1.561115e+01
7.530000e-06	6.870930e-02	-1.561055e+01
7.540000e-06	8.394276e-02	-1.557849e+01
7.550000e-06	1.021031e-01	-1.553726e+01
7.560000e-06	1.363348e-01	-1.546468e+01
7.570000e-06	1.897696e-01	-1.542266e+01
7.580000e-06	2.441997e-01	-1.532755e+01
7.590000e-06	2.499900e-01	-1.529324e+01
7.600000e-06	2.500000e-01	-1.523258e+01
7.610000e-06	2.500000e-01	-1.515797e+01
7.620000e-06	2.215191e-01	-1.502631e+01
7.630000e-06	1.488823e-01	-1.498050e+01
7.640000e-06	9.755283e-02	-1.493629e+01
7.650000e-06	6.962079e-02	-1.483960e+01
7.660000e-06	5.306918e-02	-1.476687e+01
7.670000e-06	4.070235e-02	-1.463313e+01
7.680000e-06	2.900021e-02	-1.447474e+01
7.690000e-06	2.454741e-02	-1.440902e+01
7.700000e-06	2.142706e-02	-1.425466e+01
7.710000e-06	1.950888e-02	-1.411894e+01
7.720000e-06	1.455818e-02	-1.400065e+01
7.730000e-06	1.290305e-02	-1.386471e+01
7.740000e-06	1.272400e-02	-1.370582e+01
7.750000e-06	1.385282e-02	-1.359940e+01
7.760000e-06	1.082442e-02	-1.342218e+01
7.770000e-06	7.946684e-03	-1.329373e+01
7.780000e-06	6.534187e-03	-1.314639e+01
7.790000e-06	6.923391e-03	-1.294899e+01
7.800000e-06	7.294926e-03	-1.278905e+01
7.810000e-06	5.785456e-03	-1.263105e+01
7.820000e-06	4.010560e-03	-1.248213e+01
7.830000e-06	5.837669e-03	-1.226366e+01
7.840000e-06	5.832926e-03	-1.206459e+01
7.850000e-06	4.340179e-03	-1.187381e+01
7.860000e-06	1.674013e-03	-1.167326e+01
7.870000e-06	2.318189e-03	-1.142160e+01
7.880000e-06	3.588438e-03	-1.122003e+01
7.890000e-06	2.948675e-03	-1.099007e+01
7.900000e-06	1.469751e-03	-1.079107e+01
7.910000e-06	8.453387e-04	-1.060058e+01
7.920000e-06	1.480094e-03	-1.038942e+01
7.930000e-06	2.091697e-03	-1.012845e+01
7.940000e-06	8.055700e-04	-9.926867e+00
7.950000e-06	-7.593372e-04	-9.674797e+00
7.960000e-06	-3.782845e-05	-9.474761e+00
7.970000e-06	8.012352e-04	-9.250655e+00
7.980000e-06	-1.480045e-03	-9.031080e+00
7.990000e-06	-2.722546e-03	-8.759921e+00
8.000000e-06	-2.301937e-03	-8.575346e+00
8.010000e-06	-1.895745e-03	-8.304286e+00
8.020000e-06	-6.143666e-04	-8.031657e+00
8.030000e-06	-1.721490e-03	-7.788470e+00
8.040000e-06	-3.191236e-03	-7.465188e+00
8.050000e-06	-2.953131e-03	-7.232678e+00
8.060000e-06	-3.140449e-03	-6.978897e+00
8.070000e-06	-3.682140e-03	-6.704764e+00
8.080000e-06	-5.259203e-03	-6.453635e+00
8.090000e-06	-3.864710e-03	-6.188371e+00
8.100000e-06	-4.660589e-03	-5.905287e+00
8.110000e-06	-4.276645e-03	-5.641730e+00
8.120000e-06	-5.979178e-03	-5.356796e+00
8.130000e-06	-5.298965e-03	-5.012055e+00
8.140000e-06	-5.063954e-03	-4.703311e+00
8.150000e-06	-4.201013e-03	-4.441579e+00
8.160000e-06	-5.221377e-03	-4.181551e+00
8.170000e-06	-6.743014e-03	-3.978344e+00
8.180000e-06	-6.838430e-03	-3.632129e+00
8.190000e-06	-7.460589e-03	-3.358974e+00
8.200000e-06	-8.075254e-03	-3.064313e+00
8.210000e-06	-7.863351e-03	-2.759421e+00
8.220000e-06	-7.133496e-03	-2.465762e+00
8.230000e-06	-5.023693e-03	-2.151028e+00
8.240000e-06	-6.176987e-03	-1.934816e+00
8.250000e-06	-7.288450e-03	-1.612102e+00
8.260000e-06	-9.080095e-03	-1.296316e+00
8.270000e-06	-9.782319e-03	-1.010497e+00
8.280000e-06	-8.156764e-03	-7.072395e-01
8.290000e-06	-9.662681e-03	-4.405037e-01
8.300000e-06	-7.678119e-03	-1.283947e-01
8.310000e-06	-8.388369e-04	1.468209e-01
8.320000e-06	6.817189e-03	4.216276e-01
8.330000e-06	-4.778368e-03	6.932381e-01
8.340000e-06	2.446248e-03	9.342658e-01
8.350000e-06	-6.999851e-03	1.283159e+00
8.360000e-06	6.652905e-04	1.526791e+00
8.370000e-06	-4.541659e-03	1.841660e+00
8.380000e-06	1.750817e-02	2.051605e+00
8.390000e-06	6.657673e-02	2.305336e+00
8.400000e-06	5.838555e-02	2.695184e+00
8.410000e-06	-8.134605e-02	3.009024e+00
8.420000e-06	-3.082650e-02	3.232284e+00
8.430000e-06	-4.074165e-02	3.609021e+00
8.440000e-06	-2.230871e-02	3.832074e+00
8.450000e-06	-7.394004e-02	4.010983e+00
8.460000e-06	4.484118e-02	4.324213e+00
8.470000e-06	7.115033e-02	4.610499e+00
8.480000e-06	-1.035796e-01	4.841205e+00
8.490000e-06	1.548457e-01	5.175765e+00
8.500000e-06	-1.074894e-01	5.484238e+00
8.510000e-06	-3.113687e-03	5.774341e+00
8.520000e-06	1.363111e-02	6.061127e+00
8.530000e-06	-3.029656e-02	6.273208e+00
8.540000e-06	6.710308e-02	6.547344e+00
8.550000e-06	-7.639791e-02	6.872134e+00
8.560000e-06	3.034886e-02	7.103239e+00
8.570000e-06	-3.722931e-02	7.398473e+00
8.580000e-06	1.006756e-02	7.691729e+00
8.590000e-06	-1.283973e-02	7.998394e+00
8.600000e-06	-2.702987e-02	8.221657e+00
8.610000e-06	5.210367e-02	8.411608e+00
8.620000e-06	-3.275800e-02	8.684132e+00
8.630000e-06	8.421846e-03	8.934287e+00
8.640000e-06	-3.736345e-02	9.146866e+00
8.650000e-06	-2.202906e-02	9.399496e+00
8.660000e-06	2.090853e-02	9.600073e+00
8.670000e-06	-4.061089e-03	9.872104e+00
8.680000e-06	2.524644e-03	1.008329e+01
8.690000e-06	-3.555724e-02	1.026523e+01
8.700000e-06	1.202004e-02	1.054686e+01
8.710000e-06	-2.112875e-02	1.072731e+01
8.720000e-06	-1.224646e-02	1.096789e+01
8.730000e-06	-2.011014e-02	1.114797e+01
8.740000e-06	-3.411189e-03	1.137900e+01
8.750000e-06	9.863690e-03	1.159152e+01
8.760000e-06	-1.610923e-02	1.181005e+01
8.770000e-06	-2.129967e-02	1.202050e+01
8.780000e-06	-2.464303e-02	1.221898e+01
8.790000e-06	2.066706e-03	1.236944e+01
8.800000e-06	-3.693984e-03	1.257752e+01
8.810000e-06	-1.384498e-02	1.274827e+01
8.820000e-06	-2.228988e-02	1.289526e+01
8.830000e-06	-1.400658e-02	1.307371e+01
8.840000e-06	-7.105055e-03	1.322055e+01
8.850000e-06	-1.942330e-02	1.340947e+01
8.860000e-06	-2.243356e-02	1.354589e+01
8.870000e-06	-1.168206e-02	1.367374e+01
8.880000e-06	-2.868707e-03	1.384213e+01
8.890000e-06	-1.179112e-02	1.396687e+01
8.900000e-06	-3.104870e-02	1.412876e+01
8.910000e-06	-2.611512e-02	1.427428e+01
8.920000e-06	-1.656254e-02	1.439905e+01
8.930000e-06	-7.770019e-03	1.448471e+01
8.940000e-06	-2.145749e-02	1.457953e+01
8.950000e-06	-2.487600e-02	1.472632e+01
8.960000e-06	-1.786242e-02	1.483905e+01
8.970000e-06	-1.543643e-02	1.490476e+01
8.980000e-06	-2.210981e-02	1.493790e+01
8.990000e-06	-3.249907e-02	1.508323e+01
9.000000e-06	-2.329635e-02	1.514601e+01
9.010000e-06	-1.904647e-02	1.524100e+01
9.020000e-06	-1.841069e-02	1.528321e+01
9.030000e-06	-3.420809e-02	1.535639e+01
9.040000e-06	-3.459026e-02	1.536948e+01
9.050000e-06	-2.689513e-02	1.542218e+01
9.060000e-06	-2.130779e-02	1.551376e+01
9.070000e-06	-2.944992e-02	1.551739e+01
9.080000e-06	-3.759659e-02	1.560792e+01
9.090000e-06	-3.201386e-02	1.558847e+01
9.100000e-06	-3.105250e-02	1.559000e+01
9.110000e-06	-3.579771e-02	1.562205e+01
9.120000e-06	-4.854165e-02	1.564255e+01
9.130000e-06	-4.533786e-02	1.565308e+01
9.140000e-06	-4.091647e-02	1.566268e+01
9.150000e-06	-4.134784e-02	1.562258e+01
9.160000e-06	-5.544577e-02	1.564108e+01
9.170000e-06	-6.617683e-02	1.562098e+01
9.180000e-06	-6.791494e-02	1.556042e+01
9.190000e-06	-7.624188e-02	1.554844e+01
9.200000e-06	-9.515121e-02	1.551592e+01
9.210000e-06	-1.273321e-01	1.545381e+01
9.220000e-06	-1.609263e-01	1.543363e+01
9.230000e-06	-2.134974e-01	1.537892e+01
9.240000e-06	-2.498037e-01	1.532737e+01
9.250000e-06	-2.500000e-01	1.530418e+01
9.260000e-06	-2.500000e-01	1.523010e+01
9.270000e-06	-2.480286e-01	1.512836e+01
9.280000e-06	-1.955298e-01	1.506216e+01
9.290000e-06	-1.358791e-01	1.501840e+01
9.300000e-06	-1.015699e-01	1.485165e+01
9.310000e-06	-7.080488e-02	1.479897e+01
9.320000e-06	-5.186354e-02	1.466584e+01
9.330000e-06	-4.183245e-02	1.454885e+01
9.340000e-06	-4.233498e-02	1.446316e+01
9.350000e-06	-3.491441e-02	1.436732e+01
9.360000e-06	-2.718442e-02	1.422105e+01
9.370000e-06	-2.275267e-02	1.407470e+01
9.380000e-06	-2.678391e-02	1.393742e+01
9.390000e-06	-2.708963e-02	1.379055e+01
9.400000e-06	-2.115191e-02	1.365218e+01
9.410000e-06	-1.679001e-02	1.352574e+01
9.420000e-06	-2.012326e-02	1.337889e+01
9.430000e-06	-2.222135e-02	1.319094e+01
9.440000e-06	-1.951973e-02	1.306253e+01
9.450000e-06	-1.378313e-02	1.286371e+01
9.460000e-06	-1.468281e-02	1.271729e+01
9.470000e-06	-1.873906e-02	1.252589e+01
9.480000e-06	-1.957561e-02	1.233792e+01
9.490000e-06	-1.449410e-02	1.218054e+01
9.500000e-06	-1.217924e-02	1.203057e+01
9.510000e-06	-1.640399e-02	1.182852e+01
9.520000e-06	-1.803613e-02	1.156892e+01
9.530000e-06	-1.543800e-02	1.138790e+01
9.540000e-06	-1.005114e-02	1.114847e+01
9.550000e-06	-1.188027e-02	1.094892e+01
9.560000e-06	-1.536869e-02	1.075739e+01
9.570000e-06	-1.467260e-02	1.052531e+01
9.580000e-06	-1.024420e-02	1.031677e+01
9.590000e-06	-1.221525e-02	1.007526e+01
9.600000e-06	-1.293395e-02	9.861636e+00
9.610000e-06	-1.753394e-02	9.572599e+00
9.620000e-06	-1.036743e-02	9.379448e+00
9.630000e-06	-9.003863e-03	9.149865e+00
9.640000e-06	-1.140220e-02	8.905791e+00
9.650000e-06	-1.158906e-02	8.674761e+00
9.660000e-06	-1.251091e-02	8.472634e+00
9.670000e-06	-8.320098e-03	8.170028e+00
9.680000e-06	-1.050872e-02	7.961346e+00
9.690000e-06	-1.186851e-02	7.654313e+00
9.700000e-06	-1.063551e-02	7.400525e+00
9.710000e-06	-9.223669e-03	7.166315e+00
9.720000e-06	-7.887709e-03	6.884758e+00
9.730000e-06	-1.169016e-02	6.599601e+00
9.740000e-06	-1.138857e-02	6.347311e+00
9.750000e-06	-9.749679e-03	6.106234e+00
9.760000e-06	-6.810825e-03	5.852555e+00
9.770000e-06	-7.545100e-03	5.539441e+00
9.780000e-06	-9.263145e-03	5.284207e+00
9.790000e-06	-9.861266e-03	4.915742e+00
9.800000e-06	-7.188106e-03	4.663079e+00
9.810000e-06	-7.710582e-03	4.368996e+00
9.820000e-06	-8.739705e-03	4.105187e+00
9.830000e-06	-9.361513e-03	3.790497e+00
9.840000e-06	-6.986904e-03	3.538892e+00
9.850000e-06	-5.063683e-03	3.262055e+00
9.860000e-06	-5.623187e-03	2.947370e+00
9.870000e-06	-7.978422e-03	2.705259e+00
9.880000e-06	-7.535175e-03	2.388392e+00
9.890000e-06	-5.808592e-03	2.076188e+00
9.900000e-06	-5.874249e-03	1.810126e+00
9.910000e-06	-7.858262e-03	1.505814e+00
9.920000e-06	-7.202576e-03	1.221627e+00
9.930000e-06	-5.462147e-03	8.542592e-01
9.940000e-06	-4.075312e-03	5.994499e-01
9.950000e-06	-4.438149e-03	3.472909e-01
9.960000e-06	-3.721391e-03	5.097632e-02
9.970000e-06	4.334935e-03	-2.715566e-01
9.980000e-06	7.289585e-03	-5.072856e-01
9.990000e-06	-6.760400e-04	-8.010289e-01
1.000000e-05	1.482453e-03	-1.083584e+00
1.001000e-05	-2.160342e-03	-1.387997e+00
1.002000e-05	1.116423e-03	-1.651605e+00
1.003000e-05	1.238335e-02	-1.904238e+00
1.004000e-05	6.171827e-02	-2.143787e+00
1.005000e-05	1.039592e-01	-2.471037e+00
1.006000e-05	-7.647219e-02	-2.843134e+00
1.007000e-05	-6.243613e-03	-3.252158e+00
1.008000e-05	-4.769979e-02	-3.462713e+00
1.009000e-05	-2.298323e-02	-3.722361e+00
1.010000e-05	-9.122024e-02	-3.946867e+00
1.011000e-05	1.608406e-01	-4.094840e+00
1.012000e-05	-6.925336e-02	-4.378446e+00
1.013000e-05	2.201184e-02	-4.703812e+00
1.014000e-05	1.359451e-01	-4.914315e+00
1.015000e-05	-1.683418e-01	-5.312291e+00
1.016000e-05	1.576620e-01	-5.599049e+00
1.017000e-05	-1.411668e-01	-5.862530e+00
1.018000e-05	8.280153e-02	-6.158343e+00
1.019000e-05	5.598338e-02	-6.368393e+00
1.020000e-05	-8.164957e-02	-6.703712e+00
1.021000e-05	1.230375e-01	-6.957869e+00
1.022000e-05	-1.377974e-01	-7.280708e+00
1.023000e-05	1.050765e-01	-7.525268e+00
1.024000e-05	-5.438660e-02	-7.785451e+00
1.025000e-05	2.588686e-02	-8.084263e+00
1.026000e-05	7.508242e-02	-8.253258e+00
1.027000e-05	-8.378321e-02	-8.556849e+00
1.028000e-05	1.211226e-01	-8.831083e+00
1.029000e-05	-1.218089e-01	-9.051210e+00
1.030000e-05	7.726738e-02	-9.283762e+00
1.031000e-05	-4.350179e-02	-9.484236e+00
1.032000e-05	5.809679e-02	-9.767920e+00
1.033000e-05	2.443025e-02	-9.906917e+00
1.034000e-05	-2.419518e-02	-1.020753e+01
1.035000e-05	5.067315e-02	-1.043213e+01
1.036000e-05	-6.177559e-02	-1.064168e+01
1.037000e-05	7.488002e-02	-1.086158e+01
1.038000e-05	-5.602835e-02	-1.105271e+01
1.039000e-05	6.942338e-02	-1.128221e+01
1.040000e-05	-2.745000e-02	-1.147338e+01
1.041000e-05	4.536027e-02	-1.172637e+01
1.042000e-05	-1.630923e-02	-1.192429e+01
1.043000e-05	1.023467e-02	-1.210584e+01
1.044000e-05	9.686364e-03	-1.230381e+01
1.045000e-05	1.492042e-02	-1.249474e+01
1.046000e-05	3.258603e-02	-1.268218e+01
1.047000e-05	-7.018894e-03	-1.286116e+01
1.048000e-05	2.062230e-02	-1.297950e+01
1.049000e-05	-8.713782e-03	-1.318802e+01
1.050000e-05	2.903785e-02	-1.330534e+01
1.051000e-05	-5.003323e-03	-1.346268e+01
1.052000e-05	3.022736e-02	-1.362108e+01
1.053000e-05	7.756122e-03	-1.377853e+01
1.054000e-05	2.976640e-02	-1.394592e+01
1.055000e-05	6.320263e-04	-1.406170e+01
1.056000e-05	1.239849e-02	-1.417863e+01
1.057000e-05	3.575913e-03	-1.431581e+01
1.058000e-05	2.369844e-02	-1.447251e+01
1.059000e-05	1.870684e-02	-1.456750e+01
1.060000e-05	1.904783e-02	-1.464324e+01
1.061000e-05	1.377453e-02	-1.474652e+01
1.062000e-05	1.505439e-02	-1.487278e+01
1.063000e-05	2.037451e-02	-1.495739e+01
1.064000e-05	1.308581e-02	-1.501321e+01
1.065000e-05	1.972245e-02	-1.511644e+01
1.066000e-05	1.667921e-02	-1.518950e+01
1.067000e-05	2.786085e-02	-1.528215e+01
1.068000e-05	1.656253e-02	-1.528594e+01
1.069000e-05	1.960246e-02	-1.537997e+01
1.070000e-05	1.517010e-02	-1.545263e+01
1.071000e-05	2.711826e-02	-1.551531e+01
1.072000e-05	2.709982e-02	-1.558897e+01
1.073000e-05	2.708313e-02	-1.556944e+01
1.074000e-05	2.436911e-02	-1.559960e+01
1.075000e-05	2.702950e-02	-1.562265e+01
1.076000e-05	2.998121e-02	-1.565174e+01
1.077000e-05	2.918404e-02	-1.569378e+01
1.078000e-05	3.185636e-02	-1.571431e+01
1.079000e-05	3.658993e-02	-1.567221e+01
1.080000e-05	4.446612e-02	-1.569324e+01
1.081000e-05	4.680291e-02	-1.564223e+01
1.082000e-05	4.646462e-02	-1.569168e+01
1.083000e-05	5.059325e-02	-1.563268e+01
1.084000e-05	6.177318e-02	-1.561148e+01
1.085000e-05	7.614270e-02	-1.557904e+01
1.086000e-05	9.223277e-02	-1.549792e+01
1.087000e-05	1.172258e-01	-1.552681e+01
1.088000e-05	1.618728e-01	-1.542268e+01
1.089000e-05	2.245128e-01	-1.538903e+01
1.090000e-05	2.498987e-01	-1.530536e+01
1.091000e-05	2.500000e-01	-1.522323e+01
1.092000e-05	2.500000e-01	-1.519100e+01
1.093000e-05	2.441205e-01	-1.511592e+01
1.094000e-05	1.807462e-01	-1.505215e+01
1.095000e-05	1.167680e-01	-1.495742e+01
1.096000e-05	7.999739e-02	-1.487368e+01
1.097000e-05	5.976518e-02	-1.480952e+01
1.098000e-05	4.792382e-02	-1.469729e+01
1.099000e-05	3.593453e-02	-1.452702e+01
1.100000e-05	2.730018e-02	-1.447308e+01
1.101000e-05	2.225742e-02	-1.430592e+01
1.102000e-05	2.020035e-02	-1.420103e+01
1.103000e-05	1.651576e-02	-1.410313e+01
1.104000e-05	1.197809e-02	-1.392779e+01
1.105000e-05	1.262948e-02	-1.382053e+01
1.106000e-05	1.431301e-02	-1.361263e+01
1.107000e-05	1.525891e-02	-1.351586e+01
1.108000e-05	1.039424e-02	-1.328544e+01
1.109000e-05	6.505476e-03	-1.318100e+01
1.110000e-05	6.923340e-03	-1.305166e+01
1.111000e-05	7.114986e-03	-1.288366e+01
1.112000e-05	6.568087e-03	-1.272478e+01
1.113000e-05	4.636064e-03	-1.254939e+01
1.114000e-05	5.191543e-03	-1.235887e+01
1.115000e-05	6.800636e-03	-1.213797e+01
1.116000e-05	6.048143e-03	-1.195945e+01
1.117000e-05	2.080821e-03	-1.175857e+01
1.118000e-05	1.363392e-03	-1.156792e+01
1.119000e-05	3.133614e-03	-1.131481e+01
1.120000e-05	4.559783e-03	-1.113471e+01
1.121000e-05	2.926915e-03	-1.087311e+01
1.122000e-05	1.272577e-03	-1.066676e+01
1.123000e-05	1.402351e-03	-1.049577e+01
1.124000e-05	1.807693e-03	-1.025363e+01
1.125000e-05	1.449628e-03	-1.007005e+01
1.126000e-05	-2.216049e-04	-9.821029e+00
1.127000e-05	-2.436439e-04	-9.600003e+00
1.128000e-05	4.160788e-04	-9.358395e+00
1.129000e-05	5.658645e-04	-9.125339e+00
1.130000e-05	-2.006127e-03	-8.884363e+00
1.131000e-05	-2.948084e-03	-8.662634e+00
1.132000e-05	-2.074066e-03	-8.392050e+00
1.133000e-05	4.565851e-05	-8.176496e+00
1.134000e-05	-1.538485e-03	-7.864762e+00
1.135000e-05	-3.117409e-03	-7.602103e+00
1.136000e-05	-3.659765e-03	-7.388996e+00
1.137000e-05	-3.351082e-03	-7.076763e+00
1.138000e-05	-2.378370e-03	-6.813049e+00
1.139000e-05	-4.798033e-03	-6.527992e+00
1.140000e-05	-4.347506e-03	-6.306313e+00
1.141000e-05	-3.548437e-03	-6.013104e+00
1.142000e-05	-4.140750e-03	-5.760023e+00
1.143000e-05	-4.285592e-03	-5.464684e+00
1.144000e-05	-6.752135e-03	-5.140523e+00
1.145000e-05	-6.128509e-03	-4.853635e+00
1.146000e-05	-4.671526e-03	-4.546917e+00
1.147000e-05	-4.824115e-03	-4.295793e+00
1.148000e-05	-5.916175e-03	-4.054659e+00
1.149000e-05	-7.610908e-03	-3.779473e+00
1.150000e-05	-6.824426e-03	-3.515209e+00
1.151000e-05	-7.970336e-03	-3.221528e+00
1.152000e-05	-7.451458e-03	-2.937310e+00
1.153000e-05	-8.091093e-03	-2.602078e+00
1.154000e-05	-6.724884e-03	-2.329870e+00
1.155000e-05	-6.940782e-03	-2.042103e+00
1.156000e-05	-6.626113e-03	-1.789499e+00
1.157000e-05	-8.925487e-03	-1.443789e+00
1.158000e-05	-9.234119e-03	-1.148392e+00
1.159000e-05	-8.578889e-03	-8.446606e-01
1.160000e-05	-8.951785e-03	-5.798736e-01
1.161000e-05	-7.720278e-03	-2.347079e-01
1.162000e-05	-6.184514e-03	-5.488158e-04
1.163000e-05	6.315678e-03	3.133145e-01
1.164000e-05	-4.666477e-03	5.279436e-01
1.165000e-05	1.944590e-03	8.195001e-01
1.166000e-05	-4.912513e-03	1.145367e+00
1.167000e-05	-9.659152e-04	1.378024e+00
1.168000e-05	-4.783201e-03	1.725871e+00
1.169000e-05	9.164167e-03	1.967367e+00
1.170000e-05	3.289413e-02	2.147974e+00
1.171000e-05	9.793346e-02	2.525660e+00
1.172000e-05	-4.248222e-02	2.841633e+00
1.173000e-05	-5.296415e-02	3.147820e+00
1.174000e-05	-4.023468e-02	3.442579e+00
1.175000e-05	-2.180401e-02	3.693811e+00
1.176000e-05	-6.240060e-02	3.946390e+00
1.177000e-05	-3.176661e-02	4.199341e+00
1.178000e-05	1.129507e-01	4.431607e+00
1.179000e-05	-7.006844e-02	4.735813e+00
1.180000e-05	4.789693e-02	4.999945e+00
1.181000e-05	5.549958e-02	5.346940e+00
1.182000e-05	-1.204168e-01	5.629972e+00
1.183000e-05	6.907300e-02	5.913262e+00
1.184000e-05	-6.019694e-02	6.188893e+00
1.185000e-05	5.486507e-02	6.401999e+00
1.186000e-05	-1.457779e-02	6.715338e+00
1.187000e-05	-3.996161e-02	7.028394e+00
1.188000e-05	2.785332e-02	7.314098e+00
1.189000e-05	-5.067666e-02	7.536287e+00
1.190000e-05	4.037151e-02	7.790050e+00
1.191000e-05	-6.551529e-02	8.155787e+00
1.192000e-05	4.420389e-02	8.375794e+00
1.193000e-05	3.033588e-03	8.597924e+00
1.194000e-05	-2.374691e-02	8.778119e+00
1.195000e-05	7.809262e-03	9.040607e+00
1.196000e-05	-6.446001e-02	9.314764e+00
1.197000e-05	3.316719e-02	9.483737e+00
1.198000e-05	-1.772851e-02	9.756396e+00
1.199000e-05	2.431870e-02	9.999967e+00
1.200000e-05	-4.066383e-02	1.020805e+01
1.201000e-05	2.627751e-03	1.045112e+01
1.202000e-05	-6.127761e-03	1.064313e+01
1.203000e-05	-2.144372e-02	1.084313e+01
1.204000e-05	-1.028135e-02	1.108208e+01
1.205000e-05	-2.568819e-02	1.128418e+01
1.206000e-05	1.983350e-02	1.148521e+01
1.207000e-05	-1.733934e-02	1.175389e+01
1.208000e-05	-8.032863e-03	1.193476e+01
1.209000e-05	-3.775380e-02	1.212479e+01
1.210000e-05	2.161991e-03	1.231426e+01
1.211000e-05	-5.048046e-03	1.250516e+01
1.212000e-05	-5.618578e-03	1.265161e+01
1.213000e-05	-2.322927e-02	1.285053e+01
1.214000e-05	-2.068859e-02	1.299850e+01
1.215000e-05	-5.111609e-03	1.315832e+01
1.216000e-05	-1.860008e-02	1.328524e+01
1.217000e-05	-1.819334e-02	1.344310e+01
1.218000e-05	-2.430073e-02	1.362000e+01
1.219000e-05	2.447343e-03	1.375749e+01
1.220000e-05	-1.011980e-02	1.391481e+01
1.221000e-05	-1.910291e-02	1.406218e+01
1.222000e-05	-3.496903e-02	1.417852e+01
1.223000e-05	-1.954009e-02	1.433679e+01
1.224000e-05	-9.659697e-03	1.445215e+01
1.225000e-05	-1.539322e-02	1.455792e+01
1.226000e-05	-2.369272e-02	1.467419e+01
1.227000e-05	-2.492964e-02	1.478010e+01
1.228000e-05	-1.078489e-02	1.487216e+01
1.229000e-05	-2.021541e-02	1.493687e+01
1.230000e-05	-2.649294e-02	1.499160e+01
1.231000e-05	-3.151656e-02	1.512579e+01
1.232000e-05	-1.739110e-02	1.518952e+01
1.233000e-05	-1.599728e-02	1.524310e+01
1.234000e-05	-2.727689e-02	1.530479e+01
1.235000e-05	-3.725636e-02	1.535941e+01
1.236000e-05	-3.311870e-02	1.540213e+01
1.237000e-05	-2.011540e-02	1.547373e+01
1.238000e-05	-2.639728e-02	1.550636e+01
1.239000e-05	-3.311658e-02	1.554849e+01
1.240000e-05	-3.694492e-02	1.559850e+01
1.241000e-05	-2.819039e-02	1.559958e+01
1.242000e-05	-3.267121e-02	1.561960e+01
1.243000e-05	-4.389887e-02	1.562252e+01
1.244000e-05	-4.831980e-02	1.563211e+01
1.245000e-05	-4.367332e-02	1.564258e+01
1.246000e-05	-3.790396e-02	1.564061e+01
1.247000e-05	-4.960088e-02	1.565108e+01
1.248000e-05	-6.457736e-02	1.563355e+01
1.249000e-05	-6.711592e-02	1.559950e+01
1.250000e-05	-6.953502e-02	1.552850e+01
1.251000e-05	-8.137717e-02	1.551887e+01
1.252000e-05	-1.094670e-01	1.547481e+01
1.253000e-05	-1.431338e-01	1.547258e+01
1.254000e-05	-1.855251e-01	1.540105e+01
1.255000e-05	-2.420815e-01	1.532741e+01
1.256000e-05	-2.499850e-01	1.532474e+01
1.257000e-05	-2.500000e-01	1.524313e+01
1.258000e-05	-2.500000e-01	1.514954e+01
1.259000e-05	-2.256068e-01	1.511574e+01
1.260000e-05	-1.571700e-01	1.504103e+01
1.261000e-05	-1.133035e-01	1.491622e+01
1.262000e-05	-8.505081e-02	1.481295e+01
1.263000e-05	-6.029500e-02	1.473779e+01
1.264000e-05	-4.695060e-02	1.461147e+01
1.265000e-05	-4.461806e-02	1.451535e+01
1.266000e-05	-3.996044e-02	1.445149e+01
1.267000e-05	-2.879766e-02	1.429371e+01
1.268000e-05	-2.117813e-02	1.413642e+01
1.269000e-05	-2.405131e-02	1.401047e+01
1.270000e-05	-2.834048e-02	1.387376e+01
1.271000e-05	-2.411210e-02	1.373626e+01
1.272000e-05	-1.853059e-02	1.357954e+01
1.273000e-05	-1.686186e-02	1.341110e+01
1.274000e-05	-2.260329e-02	1.325466e+01
1.275000e-05	-2.249226e-02	1.308529e+01
1.276000e-05	-1.644118e-02	1.296587e+01
1.277000e-05	-1.366761e-02	1.278945e+01
1.278000e-05	-1.683038e-02	1.259108e+01
1.279000e-05	-2.008089e-02	1.243310e+01
1.280000e-05	-1.511024e-02	1.229371e+01
1.281000e-05	-1.063520e-02	1.208371e+01
1.282000e-05	-1.326532e-02	1.188466e+01
1.283000e-05	-1.987327e-02	1.165463e+01
1.284000e-05	-1.862153e-02	1.149321e+01
1.285000e-05	-1.238404e-02	1.123315e+01
1.286000e-05	-1.045476e-02	1.105163e+01
1.287000e-05	-1.410820e-02	1.079168e+01
1.288000e-05	-1.531126e-02	1.060121e+01
1.289000e-05	-1.161102e-02	1.038057e+01
1.290000e-05	-8.392277e-03	1.018849e+01
1.291000e-05	-1.196433e-02	9.979370e+00
1.292000e-05	-1.643741e-02	9.746295e+00
1.293000e-05	-1.357712e-02	9.495266e+00
1.294000e-05	-9.389246e-03	9.241662e+00
1.295000e-05	-9.502930e-03	9.010580e+00
1.296000e-05	-1.355671e-02	8.770476e+00
1.297000e-05	-1.371916e-02	8.636395e+00
1.298000e-05	-9.004305e-03	8.314341e+00
1.299000e-05	-6.809497e-03	8.023135e+00
1.300000e-05	-9.424991e-03	7.799505e+00
1.301000e-05	-1.256627e-02	7.547788e+00
1.302000e-05	-1.092130e-02	7.282607e+00
1.303000e-05	-8.139815e-03	7.010499e+00
1.304000e-05	-1.009005e-02	6.737842e+00
1.305000e-05	-1.214905e-02	6.474680e+00
1.306000e-05	-1.103544e-02	6.220524e+00
1.307000e-05	-6.677745e-03	5.899945e+00
1.308000e-05	-4.857082e-03	5.683282e+00
1.309000e-05	-9.274900e-03	5.421000e+00
1.310000e-05	-1.115367e-02	5.074289e+00
1.311000e-05	-8.570989e-03	4.779417e+00
1.312000e-05	-6.272027e-03	4.486763e+00
1.313000e-05	-7.661223e-03	4.244577e+00
1.314000e-05	-1.002150e-02	3.916317e+00
1.315000e-05	-8.268365e-03	3.674130e+00
1.316000e-05	-5.090795e-03	3.370899e+00
1.317000e-05	-5.117350e-03	3.085212e+00
1.318000e-05	-8.052618e-03	2.831051e+00
1.319000e-05	-8.648874e-03	2.526336e+00
1.320000e-05	-5.755303e-03	2.212577e+00
1.321000e-05	-4.736034e-03	1.968918e+00
1.322000e-05	-6.291708e-03	1.673637e+00
1.323000e-05	-8.272540e-03	1.387417e+00
1.324000e-05	-6.204640e-03	1.031056e+00
1.325000e-05	-4.442788e-03	7.553409e-01
1.326000e-05	-4.267057e-03	4.726127e-01
1.327000e-05	-5.339197e-03	1.767924e-01
1.328000e-05	-2.096581e-03	-1.268184e-01
1.329000e-05	1.224021e-02	-3.590474e-01
1.330000e-05	-9.456325e-04	-6.642142e-01
1.331000e-05	4.410631e-03	-9.468434e-01
1.332000e-05	-4.967615e-03	-1.242503e+00
1.333000e-05	2.765082e-03	-1.516440e+00
1.334000e-05	1.840541e-03	-1.777949e+00
1.335000e-05	3.222612e-02	-1.989021e+00
1.336000e-05	1.129447e-01	-2.263336e+00
1.337000e-05	-5.254136e-03	-2.672733e+00
1.338000e-05	-5.174313e-02	-3.083762e+00
1.339000e-05	-1.986760e-02	-3.386999e+00
1.340000e-05	-3.227598e-02	-3.577521e+00
1.341000e-05	-6.893534e-02	-3.851578e+00
1.342000e-05	2.880063e-02	-4.031632e+00
1.343000e-05	1.289349e-01	-4.251528e+00
1.344000e-05	-1.558668e-01	-4.528425e+00
1.345000e-05	1.787310e-01	-4.811479e+00
1.346000e-05	-1.115861e-01	-5.087286e+00
1.347000e-05	2.959178e-02	-5.494762e+00
1.348000e-05	4.169647e-02	-5.723863e+00
1.349000e-05	-1.267136e-01	-5.990604e+00
1.350000e-05	1.831917e-01	-6.231632e+00
1.351000e-05	-1.175062e-01	-6.578843e+00
1.352000e-05	9.029641e-02	-6.852135e+00
1.353000e-05	-3.255286e-02	-7.105187e+00
1.354000e-05	-3.841354e-02	-7.409500e+00
1.355000e-05	9.333641e-02	-7.611630e+00
1.356000e-05	-1.062983e-01	-7.926343e+00
1.357000e-05	1.483974e-01	-8.199020e+00
1.358000e-05	-9.156766e-02	-8.421552e+00
1.359000e-05	7.001971e-02	-8.724240e+00
1.360000e-05	-1.191625e-02	-8.976843e+00
1.361000e-05	-4.738484e-02	-9.207970e+00
1.362000e-05	7.003183e-02	-9.407994e+00
1.363000e-05	-5.825302e-02	-9.642732e+00
1.364000e-05	1.192243e-01	-9.832105e+00
1.365000e-05	-7.841942e-02	-1.008471e+01
1.366000e-05	7.729514e-02	-1.030734e+01
1.367000e-05	-5.953571e-02	-1.055697e+01
1.368000e-05	4.192463e-02	-1.075802e+01
1.369000e-05	-4.672231e-03	-1.091742e+01
1.370000e-05	6.609405e-03	-1.117047e+01
1.371000e-05	3.614194e-02	-1.135752e+01
1.372000e-05	-1.436131e-02	-1.163208e+01
1.373000e-05	4.515931e-02	-1.184108e+01
1.374000e-05	-3.750381e-02	-1.203108e+01
1.375000e-05	4.200412e-02	-1.220010e+01
1.376000e-05	-1.766773e-02	-1.238757e+01
1.377000e-05	5.264350e-02	-1.253962e+01
1.378000e-05	-1.102490e-02	-1.271841e+01
1.379000e-05	2.183704e-02	-1.292591e+01
1.380000e-05	-7.990192e-03	-1.309326e+01
1.381000e-05	1.910828e-02	-1.326271e+01
1.382000e-05	8.398737e-03	-1.339813e+01
1.383000e-05	1.503292e-02	-1.355687e+01
1.384000e-05	2.038526e-02	-1.370514e+01
1.385000e-05	1.523623e-02	-1.390261e+01
1.386000e-05	1.886775e-02	-1.399953e+01
1.387000e-05	-9.842156e-04	-1.414687e+01
1.388000e-05	1.165591e-02	-1.426573e+01
1.389000e-05	8.944213e-03	-1.440000e+01
1.390000e-05	2.896130e-02	-1.447536e+01
1.391000e-05	1.405361e-02	-1.461211e+01
1.392000e-05	2.164919e-02	-1.470642e+01
1.393000e-05	8.586810e-03	-1.480265e+01
1.394000e-05	2.234046e-02	-1.490481e+01
1.395000e-05	1.211672e-02	-1.500902e+01
1.396000e-05	1.873398e-02	-1.507376e+01
1.397000e-05	1.515519e-02	-1.516800e+01
1.398000e-05	2.468005e-02	-1.522163e+01
1.399000e-05	2.100963e-02	-1.528614e+01
1.400000e-05	1.736884e-02	-1.529699e+01
1.401000e-05	1.624504e-02	-1.544115e+01
1.402000e-05	2.137701e-02	-1.547286e+01
1.403000e-05	2.934736e-02	-1.552634e+01
1.404000e-05	2.622027e-02	-1.559790e+01
1.405000e-05	2.636781e-02	-1.559000e+01
1.406000e-05	2.392462e-02	-1.563062e+01
1.407000e-05	2.890261e-02	-1.565220e+01
1.408000e-05	2.820617e-02	-1.565273e+01
1.409000e-05	3.006443e-02	-1.570226e+01
1.410000e-05	3.355624e-02	-1.564378e+01
1.411000e-05	4.124474e-02	-1.567524e+01
1.412000e-05	4.508629e-02	-1.569323e+01
1.413000e-05	4.567415e-02	-1.565270e+01
1.414000e-05	4.713542e-02	-1.566313e+01
1.415000e-05	5.588379e-02	-1.561812e+01
1.416000e-05	6.812838e-02	-1.563055e+01
1.417000e-05	8.388955e-02	-1.559797e+01
1.418000e-05	1.039206e-01	-1.554644e+01
1.419000e-05	1.390547e-01	-1.544368e+01
1.420000e-05	1.939613e-01	-1.541068e+01
1.421000e-05	2.459724e-01	-1.533597e+01
1.422000e-05	2.500000e-01	-1.528571e+01
1.423000e-05	2.500000e-01	-1.523208e+01
1.424000e-05	2.499993e-01	-1.517742e+01
1.425000e-05	2.168321e-01	-1.507529e+01
1.426000e-05	1.448790e-01	-1.499000e+01
1.427000e-05	9.516261e-02	-1.490584e+01
1.428000e-05	6.741496e-02	-1.484010e+01
1.429000e-05	5.290954e-02	-1.474639e+01
1.430000e-05	3.977282e-02	-1.462061e+01
1.431000e-05	3.033916e-02	-1.448432e+01
1.432000e-05	2.424670e-02	-1.440047e+01
1.433000e-05	2.241807e-02	-1.425321e+01
1.434000e-05	1.949401e-02	-1.413639e+01
1.435000e-05	1.431752e-02	-1.400098e+01
1.436000e-05	1.181070e-02	-1.387374e+01
1.437000e-05	1.181540e-02	-1.367679e+01
1.438000e-05	1.349269e-02	-1.355795e+01
1.439000e-05	1.057708e-02	-1.338063e+01
1.440000e-05	8.413087e-03	-1.328273e+01
1.441000e-05	6.914490e-03	-1.312684e+01
1.442000e-05	7.875805e-03	-1.293742e+01
1.443000e-05	8.259083e-03	-1.279790e+01
1.444000e-05	5.897668e-03	-1.260208e+01
1.445000e-05	4.928785e-03	-1.242166e+01
1.446000e-05	5.285094e-03	-1.227318e+01
1.447000e-05	5.356173e-03	-1.203083e+01
1.448000e-05	3.261210e-03	-1.185373e+01
1.449000e-05	1.894834e-03	-1.165226e+01
1.450000e-05	2.422059e-03	-1.141058e+01
1.451000e-05	4.694350e-03	-1.119098e+01
1.452000e-05	3.776758e-03	-1.096952e+01
1.453000e-05	2.916446e-03	-1.076002e+01
1.454000e-05	9.573859e-04	-1.058895e+01
1.455000e-05	1.749417e-03	-1.036894e+01
1.456000e-05	1.437034e-03	-1.016734e+01
1.457000e-05	3.994222e-04	-9.927812e+00
1.458000e-05	-6.072349e-05	-9.663741e+00
1.459000e-05	-6.572693e-04	-9.463708e+00
1.460000e-05	5.695698e-04	-9.202079e+00
1.461000e-05	-1.119321e-03	-8.999929e+00
1.462000e-05	-2.501548e-03	-8.728518e+00
1.463000e-05	-2.568183e-03	-8.505396e+00
1.464000e-05	-7.653436e-04	-8.263161e+00
1.465000e-05	-4.813216e-04	-8.040703e+00
1.466000e-05	-2.178669e-03	-7.757542e+00
1.467000e-05	-4.159280e-03	-7.463679e+00
1.468000e-05	-3.429793e-03	-7.200004e+00
1.469000e-05	-3.885198e-03	-7.016443e+00
1.470000e-05	-3.842698e-03	-6.663234e+00
1.471000e-05	-4.938413e-03	-6.422580e+00
1.472000e-05	-3.776162e-03	-6.138470e+00
1.473000e-05	-5.452178e-03	-5.884237e+00
1.474000e-05	-3.109433e-03	-5.592004e+00
1.475000e-05	-5.599554e-03	-5.336268e+00
1.476000e-05	-5.279775e-03	-5.001525e+00
1.477000e-05	-5.879471e-03	-4.654184e+00
1.478000e-05	-5.280073e-03	-4.421604e+00
1.479000e-05	-6.667776e-03	-4.169949e+00
1.480000e-05	-7.538541e-03	-3.916712e+00
1.481000e-05	-6.849096e-03	-3.602527e+00
1.482000e-05	-6.237793e-03	-3.358474e+00
1.483000e-05	-6.798913e-03	-3.092703e+00
1.484000e-05	-7.696223e-03	-2.748968e+00
1.485000e-05	-6.982723e-03	-2.494786e+00
1.486000e-05	-6.726278e-03	-2.160546e+00
1.487000e-05	-7.301688e-03	-1.905236e+00
1.488000e-05	-9.110821e-03	-1.622604e+00
1.489000e-05	-8.877173e-03	-1.295760e+00
1.490000e-05	-9.274136e-03	-9.699974e-01
1.491000e-05	-8.630264e-03	-7.332396e-01
1.492000e-05	-8.223517e-03	-3.810000e-01
1.493000e-05	-6.272169e-03	-1.062895e-01
1.494000e-05	1.405678e-03	1.683498e-01
1.495000e-05	4.636579e-03	4.221040e-01
1.496000e-05	-3.592087e-03	7.157617e-01
1.497000e-05	3.531289e-04	9.463448e-01
1.498000e-05	-5.570289e-03	1.284283e+00
1.499000e-05	-1.324985e-03	1.607346e+00
1.500000e-05	-3.123568e-03	1.852604e+00
1.501000e-05	1.899252e-02	2.052632e+00
1.502000e-05	7.496110e-02	2.316369e+00
1.503000e-05	4.866303e-02	2.653687e+00
1.504000e-05	-7.880309e-02	2.990500e+00
1.505000e-05	-3.141651e-02	3.252260e+00
1.506000e-05	-3.929365e-02	3.588499e+00
1.507000e-05	-2.683292e-02	3.842553e+00
1.508000e-05	-7.263075e-02	4.041630e+00
1.509000e-05	5.500818e-02	4.314760e+00
1.510000e-05	5.743696e-02	4.570549e+00
1.511000e-05	-9.418723e-02	4.880707e+00
1.512000e-05	1.571069e-01	5.197941e+00
1.513000e-05	-1.203636e-01	5.485286e+00
1.514000e-05	1.348647e-02	5.780272e+00
1.515000e-05	2.868727e-03	6.043181e+00
1.516000e-05	-2.095737e-02	6.263209e+00
1.517000e-05	6.075243e-02	6.558949e+00
1.518000e-05	-7.885086e-02	6.891128e+00
1.519000e-05	3.590784e-02	7.095263e+00
1.520000e-05	-4.430802e-02	7.357502e+00
1.521000e-05	1.898168e-02	7.713714e+00
1.522000e-05	-2.243138e-02	7.966924e+00
1.523000e-05	-1.619891e-02	8.262633e+00
1.524000e-05	4.881046e-02	8.463232e+00
1.525000e-05	-3.403572e-02	8.694264e+00
1.526000e-05	1.078053e-02	8.956239e+00
1.527000e-05	-4.455508e-02	9.167894e+00
1.528000e-05	-1.530646e-02	9.419950e+00
1.529000e-05	1.428304e-02	9.640055e+00
1.530000e-05	2.232422e-04	9.893655e+00
1.531000e-05	-2.700776e-03	1.012576e+01
1.532000e-05	-2.969437e-02	1.029679e+01
1.533000e-05	1.235729e-02	1.050525e+01
1.534000e-05	-2.098848e-02	1.076786e+01
1.535000e-05	-1.222836e-02	1.096750e+01
1.536000e-05	-2.298921e-02	1.115742e+01
1.537000e-05	-1.385542e-03	1.143960e+01
1.538000e-05	5.645050e-03	1.163003e+01
1.539000e-05	-1.544947e-02	1.180050e+01
1.540000e-05	-2.393534e-02	1.202900e+01
1.541000e-05	-2.047442e-02	1.220063e+01
1.542000e-05	1.319302e-03	1.237895e+01
1.543000e-05	-3.125171e-03	1.253837e+01
1.544000e-05	-1.561005e-02	1.272737e+01
1.545000e-05	-2.234550e-02	1.292442e+01
1.546000e-05	-1.372350e-02	1.305318e+01
1.547000e-05	-9.833795e-03	1.325165e+01
1.548000e-05	-2.133063e-02	1.339897e+01
1.549000e-05	-2.493837e-02	1.354634e+01
1.550000e-05	-9.670068e-03	1.372581e+01
1.551000e-05	-3.286685e-03	1.387960e+01
1.552000e-05	-1.048717e-02	1.393802e+01
1.553000e-05	-3.145516e-02	1.408434e+01
1.554000e-05	-2.431368e-02	1.431421e+01
1.555000e-05	-1.592126e-02	1.443002e+01
1.556000e-05	-9.449694e-03	1.447531e+01
1.557000e-05	-2.189786e-02	1.462053e+01
1.558000e-05	-2.517711e-02	1.472534e+01
1.559000e-05	-1.621367e-02	1.482011e+01
1.560000e-05	-1.588287e-02	1.491531e+01
1.561000e-05	-2.213752e-02	1.499899e+01
1.562000e-05	-3.331703e-02	1.503424e+01
1.563000e-05	-2.123901e-02	1.518647e+01
1.564000e-05	-1.801896e-02	1.520055e+01
1.565000e-05	-1.843131e-02	1.528370e+01
1.566000e-05	-3.484442e-02	1.534642e+01
1.567000e-05	-3.557370e-02	1.541015e+01
1.568000e-05	-2.594984e-02	1.542261e+01
1.569000e-05	-2.281252e-02	1.550438e+01
1.570000e-05	-2.979044e-02	1.555695e+01
1.571000e-05	-3.752408e-02	1.555939e+01
1.572000e-05	-3.057459e-02	1.561157e+01
1.573000e-05	-3.016685e-02	1.563051e+01
1.574000e-05	-3.614592e-02	1.561213e+01
1.575000e-05	-4.886977e-02	1.566160e+01
1.576000e-05	-4.526179e-02	1.562218e+01
1.577000e-05	-4.024001e-02	1.564108e+01
1.578000e-05	-4.311770e-02	1.563210e+01
1.579000e-05	-5.773351e-02	1.563200e+01
1.580000e-05	-6.690608e-02	1.560005e+01
1.581000e-05	-6.653764e-02	1.558847e+01
1.582000e-05	-7.574070e-02	1.557842e+01
1.583000e-05	-9.543949e-02	1.553684e+01
1.584000e-05	-1.285293e-01	1.549584e+01
1.585000e-05	-1.633892e-01	1.543358e+01
1.586000e-05	-2.179661e-01	1.537050e+01
1.587000e-05	-2.498501e-01	1.534784e+01
1.588000e-05	-2.500000e-01	1.525325e+01
1.589000e-05	-2.500000e-01	1.524005e+01
1.590000e-05	-2.465792e-01	1.513847e+01
1.591000e-05	-1.884459e-01	1.509318e+01
1.592000e-05	-1.329210e-01	1.494845e+01
1.593000e-05	-9.944419e-02	1.483168e+01
1.594000e-05	-6.910123e-02	1.477945e+01
1.595000e-05	-5.295491e-02	1.464266e+01
1.596000e-05	-4.287714e-02	1.454897e+01
1.597000e-05	-4.495169e-02	1.446265e+01
1.598000e-05	-3.328382e-02	1.432849e+01
1.599000e-05	-2.604288e-02	1.424955e+01
1.600000e-05	-2.178867e-02	1.404366e+01
1.601000e-05	-2.704376e-02	1.392589e+01
1.602000e-05	-2.695114e-02	1.377100e+01
1.603000e-05	-2.077558e-02	1.367218e+01
1.604000e-05	-1.762181e-02	1.348476e+01
1.605000e-05	-2.120338e-02	1.331642e+01
1.606000e-05	-2.349577e-02	1.319955e+01
1.607000e-05	-1.922176e-02	1.300055e+01
1.608000e-05	-1.381082e-02	1.287278e+01
1.609000e-05	-1.549361e-02	1.270529e+01
1.610000e-05	-1.950557e-02	1.250784e+01
1.611000e-05	-1.881835e-02	1.238895e+01
1.612000e-05	-1.323862e-02	1.218797e+01
1.613000e-05	-1.259471e-02	1.199894e+01
1.614000e-05	-1.723420e-02	1.176797e+01
1.615000e-05	-1.917612e-02	1.155990e+01
1.616000e-05	-1.545398e-02	1.132840e+01
1.617000e-05	-1.071177e-02	1.113734e+01
1.618000e-05	-1.319555e-02	1.092689e+01
1.619000e-05	-1.586035e-02	1.070741e+01
1.620000e-05	-1.481711e-02	1.051686e+01
1.621000e-05	-9.793811e-03	1.031426e+01
1.622000e-05	-1.113135e-02	1.001426e+01
1.623000e-05	-1.407794e-02	9.851104e+00
1.624000e-05	-1.451710e-02	9.600023e+00
1.625000e-05	-1.094394e-02	9.369920e+00
1.626000e-05	-8.244625e-03	9.149420e+00
1.627000e-05	-1.165797e-02	8.925735e+00
1.628000e-05	-1.389292e-02	8.684136e+00
1.629000e-05	-1.162090e-02	8.422156e+00
1.630000e-05	-7.889696e-03	8.188999e+00
1.631000e-05	-9.320970e-03	7.926391e+00
1.632000e-05	-1.166275e-02	7.673134e+00
1.633000e-05	-1.060453e-02	7.398976e+00
1.634000e-05	-7.845498e-03	7.117316e+00
1.635000e-05	-7.167329e-03	6.875730e+00
1.636000e-05	-1.135010e-02	6.621527e+00
1.637000e-05	-1.170569e-02	6.345792e+00
1.638000e-05	-9.603492e-03	6.093759e+00
1.639000e-05	-5.996916e-03	5.820084e+00
1.640000e-05	-8.552674e-03	5.536319e+00
1.641000e-05	-1.082619e-02	5.241702e+00
1.642000e-05	-9.782190e-03	4.875281e+00
1.643000e-05	-6.745008e-03	4.621028e+00
1.644000e-05	-6.710692e-03	4.350421e+00
1.645000e-05	-8.850600e-03	4.042730e+00
1.646000e-05	-9.163165e-03	3.769946e+00
1.647000e-05	-6.642906e-03	3.508337e+00
1.648000e-05	-5.743925e-03	3.213028e+00
1.649000e-05	-7.648633e-03	2.968445e+00
1.650000e-05	-9.768280e-03	2.693183e+00
1.651000e-05	-7.358495e-03	2.348415e+00
1.652000e-05	-5.043100e-03	2.134309e+00
1.653000e-05	-5.226380e-03	1.789527e+00
1.654000e-05	-7.596297e-03	1.496758e+00
1.655000e-05	-6.257236e-03	1.190105e+00
1.656000e-05	-4.465215e-03	8.620792e-01
1.657000e-05	-3.712024e-03	5.804987e-01
1.658000e-05	-6.359659e-03	2.972406e-01
1.659000e-05	-5.191341e-03	-1.005111e-02
1.660000e-05	5.045853e-03	-2.541867e-01
1.661000e-05	6.504799e-03	-4.957632e-01
1.662000e-05	-3.050760e-04	-8.205803e-01
1.663000e-05	2.640411e-04	-1.083211e+00
1.664000e-05	-7.049794e-04	-1.397901e+00
1.665000e-05	1.753020e-03	-1.663109e+00
1.666000e-05	1.517528e-02	-1.904688e+00
1.667000e-05	6.729173e-02	-2.106819e+00
1.668000e-05	9.502232e-02	-2.473133e+00
1.669000e-05	-8.076316e-02	-2.875184e+00
1.670000e-05	-5.155656e-03	-3.271162e+00
1.671000e-05	-4.961131e-02	-3.474760e+00
1.672000e-05	-2.502423e-02	-3.714711e+00
1.673000e-05	-8.481676e-02	-3.966440e+00
1.674000e-05	1.713695e-01	-4.105839e+00
1.675000e-05	-9.194439e-02	-4.368022e+00
1.676000e-05	5.392018e-02	-4.715311e+00
1.677000e-05	1.090144e-01	-4.947315e+00
1.678000e-05	-1.599673e-01	-5.366347e+00
1.679000e-05	1.599041e-01	-5.610004e+00
1.680000e-05	-1.546942e-01	-5.871658e+00
1.681000e-05	1.034308e-01	-6.188376e+00
1.682000e-05	2.805295e-02	-6.388976e+00
1.683000e-05	-6.355649e-02	-6.715816e+00
1.684000e-05	1.137567e-01	-6.968447e+00
1.685000e-05	-1.357127e-01	-7.301307e+00
1.686000e-05	1.176606e-01	-7.535844e+00
1.687000e-05	-7.130705e-02	-7.790475e+00
1.688000e-05	4.599711e-02	-8.075339e+00
1.689000e-05	5.270335e-02	-8.264236e+00
1.690000e-05	-7.209381e-02	-8.587903e+00
1.691000e-05	1.140420e-01	-8.872105e+00
1.692000e-05	-1.245623e-01	-9.071735e+00
1.693000e-05	8.738072e-02	-9.285787e+00
1.694000e-05	-5.270502e-02	-9.505738e+00
1.695000e-05	7.326901e-02	-9.797521e+00
1.696000e-05	9.818103e-03	-9.988469e+00
1.697000e-05	-9.247310e-03	-1.024108e+01
1.698000e-05	3.839226e-02	-1.041108e+01
1.699000e-05	-5.148400e-02	-1.067368e+01
1.700000e-05	6.748603e-02	-1.085261e+01
1.701000e-05	-5.612083e-02	-1.109216e+01
1.702000e-05	7.075340e-02	-1.127429e+01
1.703000e-05	-3.049045e-02	-1.150432e+01
1.704000e-05	5.382075e-02	-1.172481e+01
1.705000e-05	-2.133430e-02	-1.195839e+01
1.706000e-05	2.017157e-02	-1.213639e+01
1.707000e-05	4.065007e-03	-1.230324e+01
1.708000e-05	2.093958e-02	-1.250581e+01
1.709000e-05	2.398508e-02	-1.262218e+01
1.710000e-05	-5.866881e-03	-1.284321e+01
1.711000e-05	1.767705e-02	-1.300908e+01
1.712000e-05	-6.465509e-03	-1.317902e+01
1.713000e-05	2.906602e-02	-1.333539e+01
1.714000e-05	-3.692401e-03	-1.344476e+01
1.715000e-05	3.114182e-02	-1.364358e+01
1.716000e-05	9.718474e-03	-1.377847e+01
1.717000e-05	2.979018e-02	-1.396582e+01
1.718000e-05	-9.556040e-04	-1.405318e+01
1.719000e-05	1.152608e-02	-1.422105e+01
1.720000e-05	2.180407e-03	-1.439536e+01
1.721000e-05	2.552827e-02	-1.443465e+01
1.722000e-05	1.527009e-02	-1.457802e+01
1.723000e-05	1.990126e-02	-1.466326e+01
1.724000e-05	1.214618e-02	-1.476747e+01
1.725000e-05	1.772607e-02	-1.488428e+01
1.726000e-05	2.085271e-02	-1.497742e+01
1.727000e-05	1.357507e-02	-1.507265e+01
1.728000e-05	1.978919e-02	-1.512647e+01
1.729000e-05	1.743285e-02	-1.522147e+01
1.730000e-05	2.726057e-02	-1.529171e+01
1.731000e-05	1.341047e-02	-1.527799e+01
1.732000e-05	1.742172e-02	-1.537802e+01
1.733000e-05	1.536117e-02	-1.547213e+01
1.734000e-05	2.966769e-02	-1.554374e+01
1.735000e-05	2.778747e-02	-1.557739e+01
1.736000e-05	2.737831e-02	-1.558997e+01
1.737000e-05	2.524329e-02	-1.561963e+01
1.738000e-05	2.719244e-02	-1.566108e+01
1.739000e-05	2.825041e-02	-1.565071e+01
1.740000e-05	2.671239e-02	-1.567328e+01
1.741000e-05	3.040839e-02	-1.566481e+01
1.742000e-05	3.609532e-02	-1.569576e+01
1.743000e-05	4.452045e-02	-1.566476e+01
1.744000e-05	4.634778e-02	-1.564278e+01
1.745000e-05	4.608650e-02	-1.562268e+01
1.746000e-05	5.230434e-02	-1.564265e+01
1.747000e-05	6.326339e-02	-1.562207e+01
1.748000e-05	7.621559e-02	-1.557957e+01
1.749000e-05	9.198951e-02	-1.552802e+01
1.750000e-05	1.188962e-01	-1.553531e+01
1.751000e-05	1.655591e-01	-1.542521e+01
1.752000e-05	2.279097e-01	-1.538995e+01
1.753000e-05	2.499341e-01	-1.535587e+01
1.754000e-05	2.500000e-01	-1.527271e+01
1.755000e-05	2.500000e-01	-1.519002e+01
1.756000e-05	2.422573e-01	-1.508584e+01
1.757000e-05	1.775671e-01	-1.502966e+01
1.758000e-05	1.145792e-01	-1.491697e+01
1.759000e-05	7.857328e-02	-1.488233e+01
1.760000e-05	5.850712e-02	-1.478947e+01
1.761000e-05	4.530189e-02	-1.469626e+01
1.762000e-05	3.408938e-02	-1.450987e+01
1.763000e-05	2.565160e-02	-1.442416e+01
1.764000e-05	2.425258e-02	-1.434787e+01
1.765000e-05	2.174823e-02	-1.417105e+01
1.766000e-05	1.848919e-02	-1.407079e+01
1.767000e-05	1.389244e-02	-1.391734e+01
1.768000e-05	1.204849e-02	-1.378795e+01
1.769000e-05	1.421143e-02	-1.361210e+01
1.770000e-05	1.097918e-02	-1.348481e+01
1.771000e-05	7.329707e-03	-1.333579e+01
1.772000e-05	3.841988e-03	-1.315950e+01
1.773000e-05	7.049554e-03	-1.304208e+01
1.774000e-05	1.141595e-02	-1.282316e+01
1.775000e-05	8.757126e-03	-1.268429e+01
1.776000e-05	6.531524e-03	-1.252779e+01
1.777000e-05	6.054782e-03	-1.232784e+01
1.778000e-05	5.979437e-03	-1.213649e+01
1.779000e-05	3.262582e-03	-1.196890e+01
1.780000e-05	-1.174450e-03	-1.173747e+01
1.781000e-05	4.542159e-04	-1.151797e+01
1.782000e-05	3.163217e-03	-1.130434e+01
1.783000e-05	6.145297e-03	-1.108379e+01
1.784000e-05	3.486626e-03	-1.087518e+01
1.785000e-05	2.156852e-03	-1.065371e+01
1.786000e-05	3.251676e-03	-1.047466e+01
1.787000e-05	2.151223e-03	-1.023115e+01
1.788000e-05	7.713552e-04	-1.001158e+01
1.789000e-05	-3.222132e-03	-9.789521e+00
1.790000e-05	-1.443172e-03	-9.550395e+00
1.791000e-05	-1.576691e-04	-9.326420e+00
1.792000e-05	-2.192141e-04	-9.125241e+00
1.793000e-05	-2.162454e-03	-8.853738e+00
1.794000e-05	-1.749136e-03	-8.652705e+00
1.795000e-05	-3.061679e-04	-8.411000e+00
1.796000e-05	9.864174e-04	-8.118396e+00
1.797000e-05	-1.771396e-03	-7.845257e+00
1.798000e-05	-4.285206e-03	-7.612571e+00
1.799000e-05	-4.014045e-03	-7.336870e+00
1.800000e-05	-4.376509e-03	-7.123207e+00
1.801000e-05	-4.651936e-03	-6.791052e+00
1.802000e-05	-6.013097e-03	-6.548396e+00
1.803000e-05	-4.101598e-03	-6.295290e+00
1.804000e-05	-2.985410e-03	-5.982574e+00
1.805000e-05	-2.585512e-03	-5.738346e+00
1.806000e-05	-4.148801e-03	-5.452713e+00
1.807000e-05	-5.857886e-03	-5.148945e+00
1.808000e-05	-5.798755e-03	-4.821635e+00
1.809000e-05	-5.880117e-03	-4.546815e+00
1.810000e-05	-8.308463e-03	-4.284337e+00
1.811000e-05	-7.509089e-03	-4.072657e+00
1.812000e-05	-7.674118e-03	-3.728416e+00
1.813000e-05	-5.039103e-03	-3.493712e+00
1.814000e-05	-7.493414e-03	-3.180476e+00
1.815000e-05	-6.039464e-03	-2.876662e+00
1.816000e-05	-8.356502e-03	-2.601003e+00
1.817000e-05	-5.109831e-03	-2.355350e+00
1.818000e-05	-7.451893e-03	-2.042104e+00
1.819000e-05	-8.451708e-03	-1.747396e+00
1.820000e-05	-1.118001e-02	-1.442151e+00
1.821000e-05	-9.296408e-03	-1.126767e+00
1.822000e-05	-8.471646e-03	-8.427226e-01
1.823000e-05	-8.185328e-03	-4.778631e-01
1.824000e-05	-6.884471e-03	-2.226605e-01
1.825000e-05	-4.853432e-03	6.952263e-02
1.826000e-05	8.759654e-03	3.374157e-01
1.827000e-05	-4.648584e-03	5.889237e-01
1.828000e-05	1.475956e-03	8.200037e-01
1.829000e-05	-7.310495e-03	1.146815e+00
1.830000e-05	-8.959250e-04	1.412047e+00
1.831000e-05	-5.766376e-03	1.766422e+00
1.832000e-05	9.863889e-03	1.967924e+00
1.833000e-05	3.595469e-02	2.189449e+00
1.834000e-05	9.903405e-02	2.513736e+00
1.835000e-05	-5.022277e-02	2.842737e+00
1.836000e-05	-4.705291e-02	3.167421e+00
1.837000e-05	-4.189652e-02	3.482632e+00
1.838000e-05	-1.945402e-02	3.743790e+00
1.839000e-05	-6.747301e-02	3.920341e+00
1.840000e-05	-2.428300e-02	4.154903e+00
1.841000e-05	1.149963e-01	4.501162e+00
1.842000e-05	-8.463825e-02	4.767317e+00
1.843000e-05	6.970425e-02	5.019926e+00
1.844000e-05	3.342350e-02	5.367445e+00
1.845000e-05	-1.068951e-01	5.601153e+00
1.846000e-05	6.758339e-02	5.934288e+00
1.847000e-05	-6.124111e-02	6.186921e+00
1.848000e-05	6.206331e-02	6.438626e+00
1.849000e-05	-2.688825e-02	6.765840e+00
1.850000e-05	-3.155088e-02	6.997972e+00
1.851000e-05	1.937249e-02	7.232734e+00
1.852000e-05	-4.576191e-02	7.548418e+00
1.853000e-05	3.732409e-02	7.799625e+00
1.854000e-05	-6.426397e-02	8.104390e+00
1.855000e-05	4.976041e-02	8.387367e+00
1.856000e-05	-2.267929e-03	8.597448e+00
1.857000e-05	-1.810170e-02	8.830196e+00
1.858000e-05	2.844602e-03	9.082155e+00
1.859000e-05	-6.358259e-02	9.324186e+00
1.860000e-05	3.351512e-02	9.486841e+00
1.861000e-05	-1.974456e-02	9.806945e+00
1.862000e-05	2.328778e-02	1.000109e+01
1.863000e-05	-4.153799e-02	1.024008e+01
1.864000e-05	6.461820e-03	1.046165e+01
1.865000e-05	-6.785071e-03	1.068118e+01
1.866000e-05	-2.017996e-02	1.086369e+01
1.867000e-05	-1.122204e-02	1.108266e+01
1.868000e-05	-2.590882e-02	1.129526e+01
1.869000e-05	1.966798e-02	1.153641e+01
1.870000e-05	-1.839430e-02	1.171536e+01
1.871000e-05	-7.830389e-03	1.191434e+01
1.872000e-05	-3.865670e-02	1.213487e+01
1.873000e-05	2.395298e-03	1.231479e+01
1.874000e-05	-5.148474e-03	1.248423e+01
1.875000e-05	-7.960881e-03	1.267213e+01
1.876000e-05	-2.163009e-02	1.286168e+01
1.877000e-05	-2.117822e-02	1.296948e+01
1.878000e-05	-6.077028e-04	1.319639e+01
1.879000e-05	-1.813914e-02	1.330542e+01
1.880000e-05	-2.006223e-02	1.345268e+01
1.881000e-05	-2.471034e-02	1.364108e+01
1.882000e-05	-5.094648e-04	1.379753e+01
1.883000e-05	-1.092012e-02	1.391528e+01
1.884000e-05	-2.181781e-02	1.409163e+01
1.885000e-05	-3.266723e-02	1.421053e+01
1.886000e-05	-1.631555e-02	1.432642e+01
1.887000e-05	-7.220279e-03	1.447168e+01
1.888000e-05	-1.510467e-02	1.460740e+01
1.889000e-05	-2.399518e-02	1.466424e+01
1.890000e-05	-2.444451e-02	1.482042e+01
1.891000e-05	-1.278445e-02	1.489121e+01
1.892000e-05	-2.308218e-02	1.493687e+01
1.893000e-05	-2.832257e-02	1.506163e+01
1.894000e-05	-3.020982e-02	1.516486e+01
1.895000e-05	-1.642807e-02	1.521095e+01
1.896000e-05	-1.405655e-02	1.526323e+01
1.897000e-05	-2.634416e-02	1.532631e+01
1.898000e-05	-3.515947e-02	1.538792e+01
1.899000e-05	-3.234676e-02	1.544160e+01
1.900000e-05	-2.135426e-02	1.546336e+01
1.901000e-05	-2.812837e-02	1.551733e+01
1.902000e-05	-3.502033e-02	1.554787e+01
1.903000e-05	-3.621306e-02	1.560947e+01
1.904000e-05	-2.891947e-02	1.559105e+01
1.905000e-05	-3.146136e-02	1.560053e+01
1.906000e-05	-4.358014e-02	1.562250e+01
1.907000e-05	-4.600814e-02	1.566305e+01
1.908000e-05	-4.213473e-02	1.567161e+01
1.909000e-05	-3.793909e-02	1.565165e+01
1.910000e-05	-5.203173e-02	1.564203e+01
1.911000e-05	-6.320290e-02	1.563158e+01
1.912000e-05	-6.997508e-02	1.559855e+01
1.913000e-05	-7.098387e-02	1.556745e+01
1.914000e-05	-8.465284e-02	1.551736e+01
1.915000e-05	-1.121860e-01	1.549481e+01
1.916000e-05	-1.424776e-01	1.546216e+01
1.917000e-05	-1.888349e-01	1.541003e+01
1.918000e-05	-2.421254e-01	1.537737e+01
1.919000e-05	-2.499900e-01	1.531329e+01
1.920000e-05	-2.500000e-01	1.522108e+01
1.921000e-05	-2.500000e-01	1.517844e+01
1.922000e-05	-2.251747e-01	1.510471e+01
1.923000e-05	-1.562454e-01	1.504066e+01
1.924000e-05	-1.124890e-01	1.489429e+01
1.925000e-05	-8.244845e-02	1.482053e+01
1.926000e-05	-5.754746e-02	1.469734e+01
1.927000e-05	-4.471032e-02	1.462205e+01
1.928000e-05	-4.182913e-02	1.451626e+01
1.929000e-05	-3.836362e-02	1.440960e+01
1.930000e-05	-3.207426e-02	1.428426e+01
1.931000e-05	-2.481955e-02	1.415739e+01
1.932000e-05	-2.676576e-02	1.397102e+01
1.933000e-05	-2.867017e-02	1.384273e+01
1.934000e-05	-2.447095e-02	1.371631e+01
1.935000e-05	-1.729036e-02	1.354952e+01
1.936000e-05	-1.628433e-02	1.343008e+01
1.937000e-05	-2.111024e-02	1.323260e+01
1.938000e-05	-2.139471e-02	1.311582e+01
1.939000e-05	-1.732810e-02	1.295687e+01
1.940000e-05	-1.552129e-02	1.277702e+01
1.941000e-05	-1.821332e-02	1.261205e+01
1.942000e-05	-2.089507e-02	1.243208e+01
1.943000e-05	-1.610921e-02	1.225416e+01
1.944000e-05	-1.185126e-02	1.208371e+01
1.945000e-05	-1.239362e-02	1.187566e+01
1.946000e-05	-1.760280e-02	1.166520e+01
1.947000e-05	-1.638779e-02	1.145371e+01
1.948000e-05	-1.225736e-02	1.120170e+01
1.949000e-05	-1.107892e-02	1.103102e+01
1.950000e-05	-1.502483e-02	1.081151e+01
1.951000e-05	-1.719297e-02	1.062205e+01
1.952000e-05	-1.238105e-02	1.042210e+01
1.953000e-05	-9.770223e-03	1.019698e+01
1.954000e-05	-1.086580e-02	9.967867e+00
1.955000e-05	-1.405738e-02	9.726262e+00
1.956000e-05	-1.175757e-02	9.495659e+00
1.957000e-05	-8.782833e-03	9.263134e+00
1.958000e-05	-9.388421e-03	9.000050e+00
1.959000e-05	-1.324239e-02	8.768947e+00
1.960000e-05	-1.340405e-02	8.536396e+00
1.961000e-05	-1.059790e-02	8.344788e+00
1.962000e-05	-8.094935e-03	8.062606e+00
1.963000e-05	-9.782538e-03	7.799954e+00
1.964000e-05	-1.210537e-02	7.555367e+00
1.965000e-05	-9.388763e-03	7.203177e+00
1.966000e-05	-7.084961e-03	6.980022e+00
1.967000e-05	-7.866759e-03	6.727342e+00
1.968000e-05	-1.120995e-02	6.435105e+00
1.969000e-05	-1.057103e-02	6.229971e+00
1.970000e-05	-7.623631e-03	5.928418e+00
1.971000e-05	-7.116404e-03	5.623707e+00
1.972000e-05	-1.012903e-02	5.391074e+00
1.973000e-05	-1.037786e-02	5.082634e+00
1.974000e-05	-7.778640e-03	4.776920e+00
1.975000e-05	-5.812501e-03	4.495237e+00
1.976000e-05	-7.066552e-03	4.191451e+00
1.977000e-05	-8.145926e-03	3.916743e+00
1.978000e-05	-7.724068e-03	3.631104e+00
1.979000e-05	-5.518758e-03	3.360419e+00
1.980000e-05	-6.897089e-03	3.082208e+00
1.981000e-05	-8.764095e-03	2.811027e+00
1.982000e-05	-9.233648e-03	2.505716e+00
1.983000e-05	-7.007800e-03	2.179974e+00
1.984000e-05	-5.283069e-03	1.948895e+00
1.985000e-05	-5.384518e-03	1.672603e+00
1.986000e-05	-7.661936e-03	1.328318e+00
1.987000e-05	-6.404466e-03	1.020630e+00
1.988000e-05	-5.107459e-03	7.267155e-01
1.989000e-05	-4.814652e-03	4.325825e-01
1.990000e-05	-4.634433e-03	1.373156e-01
1.991000e-05	-2.360799e-03	-1.383934e-01
1.992000e-05	1.053218e-02	-3.900738e-01
1.993000e-05	-3.102470e-03	-7.257922e-01
1.994000e-05	4.843811e-03	-9.773973e-01
1.995000e-05	-4.007818e-03	-1.252657e+00
1.996000e-05	3.149133e-03	-1.557892e+00
1.997000e-05	2.025067e-03	-1.818895e+00
1.998000e-05	3.492649e-02	-1.988475e+00
1.999000e-05	1.172411e-01	-2.294790e+00
2.000000e-05	-1.956105e-02	-2.663686e+00
2.001000e-05	-4.626406e-02	-3.102736e+00
2.002000e-05	-2.546282e-02	-3.419524e+00
2.003000e-05	-2.998817e-02	-3.590551e+00
2.004000e-05	-7.616966e-02	-3.843132e+00
2.005000e-05	4.860807e-02	-4.032658e+00
2.006000e-05	1.087456e-01	-4.241581e+00
2.007000e-05	-1.461493e-01	-4.588025e+00
2.008000e-05	1.850912e-01	-4.851577e+00
2.009000e-05	-1.275327e-01	-5.126292e+00
2.010000e-05	5.569090e-02	-5.516361e+00
2.011000e-05	1.207461e-02	-5.714842e+00
2.012000e-05	-1.053368e-01	-6.021155e+00
2.013000e-05	1.780856e-01	-6.274608e+00
2.014000e-05	-1.252744e-01	-6.586899e+00
2.015000e-05	1.056612e-01	-6.840609e+00
2.016000e-05	-5.284271e-02	-7.095312e+00
2.017000e-05	-1.608006e-02	-7.439654e+00
2.018000e-05	7.549359e-02	-7.662109e+00
2.019000e-05	-9.657995e-02	-7.956420e+00
2.020000e-05	1.491338e-01	-8.199448e+00
2.021000e-05	-1.009939e-01	-8.440179e+00
2.022000e-05	8.551391e-02	-8.726316e+00
2.023000e-05	-3.280605e-02	-8.906945e+00
2.024000e-05	-2.921380e-02	-9.219523e+00
2.025000e-05	5.735579e-02	-9.388450e+00
2.026000e-05	-4.709791e-02	-9.664186e+00
2.027000e-05	1.135001e-01	-9.855659e+00
2.028000e-05	-7.820375e-02	-1.011489e+01
2.029000e-05	8.373622e-02	-1.033638e+01
2.030000e-05	-6.625784e-02	-1.055947e+01
2.031000e-05	5.166673e-02	-1.079847e+01
2.032000e-05	-1.778300e-02	-1.091752e+01
2.033000e-05	1.668500e-02	-1.118050e+01
2.034000e-05	2.750645e-02	-1.141795e+01
2.035000e-05	-6.004619e-03	-1.168218e+01
2.036000e-05	3.865960e-02	-1.179106e+01
2.037000e-05	-3.211546e-02	-1.203308e+01
2.038000e-05	4.163988e-02	-1.225215e+01
2.039000e-05	-1.627349e-02	-1.246102e+01
2.040000e-05	5.226863e-02	-1.258010e+01
2.041000e-05	-1.400784e-02	-1.277847e+01
2.042000e-05	2.449616e-02	-1.295739e+01
2.043000e-05	-1.029971e-02	-1.307526e+01
2.044000e-05	2.237867e-02	-1.325316e+01
2.045000e-05	4.010261e-03	-1.341110e+01
2.046000e-05	1.866418e-02	-1.354739e+01
2.047000e-05	1.879194e-02	-1.370571e+01
2.048000e-05	1.864156e-02	-1.385374e+01
2.049000e-05	1.550395e-02	-1.400005e+01
2.050000e-05	7.007463e-04	-1.414744e+01
2.051000e-05	9.247293e-03	-1.428371e+01
2.052000e-05	9.885344e-03	-1.437045e+01
2.053000e-05	2.628089e-02	-1.450631e+01
2.054000e-05	1.363286e-02	-1.461968e+01
2.055000e-05	2.114152e-02	-1.474737e+01
2.056000e-05	9.514540e-03	-1.486165e+01
2.057000e-05	2.246720e-02	-1.492526e+01
2.058000e-05	1.181292e-02	-1.501002e+01
2.059000e-05	1.913583e-02	-1.509368e+01
2.060000e-05	1.467075e-02	-1.516947e+01
2.061000e-05	2.473901e-02	-1.523109e+01
2.062000e-05	1.933959e-02	-1.529481e+01
2.063000e-05	1.608129e-02	-1.532787e+01
2.064000e-05	1.487194e-02	-1.545000e+01
2.065000e-05	2.174533e-02	-1.548484e+01
2.066000e-05	2.902180e-02	-1.550689e+01
2.067000e-05	2.730136e-02	-1.558000e+01
2.068000e-05	2.672254e-02	-1.560960e+01
2.069000e-05	2.481194e-02	-1.563263e+01
2.070000e-05	2.948006e-02	-1.564211e+01
2.071000e-05	2.670997e-02	-1.569418e+01
2.072000e-05	2.878482e-02	-1.565474e+01
2.073000e-05	3.271669e-02	-1.568373e+01
2.074000e-05	4.243627e-02	-1.566481e+01
2.075000e-05	4.614803e-02	-1.569173e+01
2.076000e-05	4.580714e-02	-1.565271e+01
2.077000e-05	4.695273e-02	-1.563310e+01
2.078000e-05	5.783874e-02	-1.561160e+01
2.079000e-05	6.962332e-02	-1.558902e+01
2.080000e-05	8.460998e-02	-1.558902e+01
2.081000e-05	1.047361e-01	-1.555684e+01
2.082000e-05	1.414268e-01	-1.548516e+01
2.083000e-05	1.977381e-01	-1.540163e+01
2.084000e-05	2.468266e-01	-1.537737e+01
2.085000e-05	2.500000e-01	-1.529474e+01
2.086000e-05	2.500000e-01	-1.523103e+01
2.087000e-05	2.499993e-01	-1.513789e+01
2.088000e-05	2.133607e-01	-1.507378e+01
2.089000e-05	1.399904e-01	-1.499900e+01
2.090000e-05	9.223840e-02	-1.491434e+01
2.091000e-05	6.739766e-02	-1.480065e+01
2.092000e-05	5.026116e-02	-1.475734e+01
2.093000e-05	3.998011e-02	-1.464163e+01
2.094000e-05	2.892055e-02	-1.450481e+01
2.095000e-05	2.635934e-02	-1.437955e+01
2.096000e-05	2.424161e-02	-1.429268e+01
2.097000e-05	1.877118e-02	-1.411584e+01
2.098000e-05	1.533710e-02	-1.400910e+01
2.099000e-05	1.001396e-02	-1.383456e+01
2.100000e-05	1.295892e-02	-1.368426e+01
2.101000e-05	1.098090e-02	-1.356794e+01
2.102000e-05	1.146545e-02	-1.338963e+01
2.103000e-05	7.962365e-03	-1.322223e+01
2.104000e-05	9.132852e-03	-1.310626e+01
2.105000e-05	9.823469e-03	-1.295642e+01
2.106000e-05	9.082773e-03	-1.277749e+01
2.107000e-05	4.892147e-03	-1.262195e+01
2.108000e-05	3.858638e-03	-1.239258e+01
2.109000e-05	4.413667e-03	-1.223261e+01
2.110000e-05	5.270201e-03	-1.204411e+01
2.111000e-05	2.779879e-03	-1.186171e+01
2.112000e-05	2.092959e-03	-1.159260e+01
2.113000e-05	3.503216e-03	-1.141048e+01
2.114000e-05	5.332538e-03	-1.119947e+01
2.115000e-05	3.974967e-03	-1.097000e+01
2.116000e-05	1.626953e-03	-1.078944e+01
2.117000e-05	1.061552e-04	-1.058997e+01
2.118000e-05	9.104791e-04	-1.035782e+01
2.119000e-05	1.711482e-03	-1.013584e+01
2.120000e-05	-6.687665e-04	-9.905287e+00
2.121000e-05	-1.763672e-03	-9.684188e+00
2.122000e-05	1.001960e-04	-9.475147e+00
2.123000e-05	1.020025e-03	-9.191100e+00
2.124000e-05	-7.659632e-04	-8.961576e+00
2.125000e-05	-2.973966e-03	-8.708896e+00
2.126000e-05	-3.229555e-03	-8.506339e+00
2.127000e-05	-1.032513e-03	-8.262659e+00
2.128000e-05	-9.012507e-04	-7.990973e+00
2.129000e-05	-3.406104e-03	-7.697367e+00
2.130000e-05	-4.215789e-03	-7.463154e+00
2.131000e-05	-3.694210e-03	-7.191629e+00
2.132000e-05	-3.678937e-03	-6.896790e+00
2.133000e-05	-3.918922e-03	-6.673759e+00
2.134000e-05	-5.179743e-03	-6.421600e+00
2.135000e-05	-3.337395e-03	-6.097892e+00
2.136000e-05	-3.997354e-03	-5.893159e+00
2.137000e-05	-4.771476e-03	-5.592029e+00
2.138000e-05	-6.834851e-03	-5.273687e+00
2.139000e-05	-6.092922e-03	-5.020001e+00
2.140000e-05	-5.270908e-03	-4.673659e+00
2.141000e-05	-4.855530e-03	-4.411021e+00
2.142000e-05	-5.264639e-03	-4.188470e+00
2.143000e-05	-6.777732e-03	-3.894789e+00
2.144000e-05	-7.119719e-03	-3.609550e+00
2.145000e-05	-6.953906e-03	-3.326843e+00
2.146000e-05	-7.698538e-03	-3.062530e+00
2.147000e-05	-8.204738e-03	-2.717343e+00
2.148000e-05	-7.308153e-03	-2.434282e+00
2.149000e-05	-5.790186e-03	-2.168396e+00
2.150000e-05	-6.319108e-03	-1.874713e+00
2.151000e-05	-8.773641e-03	-1.591600e+00
2.152000e-05	-9.254035e-03	-1.253838e+00
2.153000e-05	-8.375170e-03	-9.699997e-01
2.154000e-05	-1.040754e-02	-6.953145e-01
2.155000e-05	-6.768316e-03	-3.900214e-01
2.156000e-05	-8.217163e-03	-9.568703e-02
2.157000e-05	4.704459e-03	1.568710e-01
2.158000e-05	4.512343e-03	5.132082e-01
2.159000e-05	-2.188960e-03	7.347906e-01
2.160000e-05	1.189811e-03	9.878201e-01
2.161000e-05	-6.146920e-03	1.304210e+00
2.162000e-05	-1.560584e-03	1.667549e+00
2.163000e-05	-3.713449e-03	1.871660e+00
2.164000e-05	1.950972e-02	2.083713e+00
2.165000e-05	7.998279e-02	2.356862e+00
2.166000e-05	3.721804e-02	2.716363e+00
2.167000e-05	-7.673718e-02	3.040053e+00
2.168000e-05	-2.994446e-02	3.285862e+00
2.169000e-05	-3.610978e-02	3.590501e+00
2.170000e-05	-3.076429e-02	3.893180e+00
2.171000e-05	-7.164633e-02	4.072179e+00
2.172000e-05	6.399463e-02	4.345794e+00
2.173000e-05	4.156735e-02	4.652099e+00
2.174000e-05	-8.197021e-02	4.874161e+00
2.175000e-05	1.544227e-01	5.218996e+00
2.176000e-05	-1.307454e-01	5.484789e+00
2.177000e-05	2.824312e-02	5.777871e+00
2.178000e-05	-7.512216e-03	6.062736e+00
2.179000e-05	-1.079273e-02	6.294235e+00
2.180000e-05	5.229659e-02	6.579445e+00
2.181000e-05	-7.879881e-02	6.872132e+00
2.182000e-05	4.017120e-02	7.146812e+00
2.183000e-05	-5.025485e-02	7.409652e+00
2.184000e-05	2.453116e-02	7.712762e+00
2.185000e-05	-3.200790e-02	8.007474e+00
2.186000e-05	-7.067759e-03	8.271129e+00
2.187000e-05	4.485878e-02	8.462632e+00
2.188000e-05	-3.489992e-02	8.724761e+00
2.189000e-05	1.317561e-02	8.955921e+00
2.190000e-05	-4.994453e-02	9.220576e+00
2.191000e-05	-7.122789e-03	9.420472e+00
2.192000e-05	7.781316e-03	9.631132e+00
2.193000e-05	3.148125e-03	9.873232e+00
2.194000e-05	-1.013164e-02	1.011544e+01
2.195000e-05	-2.490494e-02	1.032584e+01
2.196000e-05	1.017097e-02	1.054737e+01
2.197000e-05	-2.198113e-02	1.078842e+01
2.198000e-05	-1.049452e-02	1.094704e+01
2.199000e-05	-2.415821e-02	1.123755e+01
2.200000e-05	2.379294e-03	1.143111e+01
2.201000e-05	6.607743e-04	1.160149e+01
2.202000e-05	-1.425097e-02	1.181116e+01
2.203000e-05	-2.766603e-02	1.203152e+01
2.204000e-05	-1.643077e-02	1.226070e+01
2.205000e-05	7.907786e-04	1.240055e+01
2.206000e-05	-2.261027e-03	1.259694e+01
2.207000e-05	-1.662555e-02	1.274684e+01
2.208000e-05	-2.134485e-02	1.291584e+01
2.209000e-05	-1.262635e-02	1.310271e+01
2.210000e-05	-1.102358e-02	1.326068e+01
2.211000e-05	-2.131179e-02	1.340002e+01
2.212000e-05	-2.503058e-02	1.356839e+01
2.213000e-05	-8.011853e-03	1.374489e+01
2.214000e-05	-4.971701e-03	1.383215e+01
2.215000e-05	-1.159121e-02	1.398842e+01
2.216000e-05	-3.248913e-02	1.413586e+01
2.217000e-05	-2.199952e-02	1.430276e+01
2.218000e-05	-1.415644e-02	1.441905e+01
2.219000e-05	-9.435037e-03	1.453589e+01
2.220000e-05	-2.266367e-02	1.461901e+01
2.221000e-05	-2.599258e-02	1.478539e+01
2.222000e-05	-1.613777e-02	1.482006e+01
2.223000e-05	-1.819020e-02	1.489428e+01
2.224000e-05	-2.202254e-02	1.497995e+01
2.225000e-05	-3.253243e-02	1.508273e+01
2.226000e-05	-1.937686e-02	1.519790e+01
2.227000e-05	-1.703471e-02	1.523120e+01
2.228000e-05	-1.870367e-02	1.530328e+01
2.229000e-05	-3.591486e-02	1.535837e+01
2.230000e-05	-3.552903e-02	1.544060e+01
2.231000e-05	-2.595744e-02	1.543223e+01
2.232000e-05	-2.346079e-02	1.549431e+01
2.233000e-05	-2.961902e-02	1.556742e+01
2.234000e-05	-3.718736e-02	1.557845e+01
2.235000e-05	-2.928069e-02	1.559048e+01
2.236000e-05	-3.063475e-02	1.563105e+01
2.237000e-05	-3.662519e-02	1.561208e+01
2.238000e-05	-4.959635e-02	1.564061e+01
2.239000e-05	-4.512380e-02	1.563105e+01
2.240000e-05	-4.031284e-02	1.564061e+01
2.241000e-05	-4.358418e-02	1.564060e+01
2.242000e-05	-5.761776e-02	1.560215e+01
2.243000e-05	-6.738692e-02	1.561105e+01
2.244000e-05	-6.714844e-02	1.559095e+01
2.245000e-05	-7.716755e-02	1.556742e+01
2.246000e-05	-9.815771e-02	1.549681e+01
2.247000e-05	-1.305162e-01	1.549469e+01
2.248000e-05	-1.657139e-01	1.545113e+01
2.249000e-05	-2.213013e-01	1.539890e+01
2.250000e-05	-2.498715e-01	1.529529e+01
2.251000e-05	-2.500000e-01	1.525226e+01
2.252000e-05	-2.500000e-01	1.521057e+01
2.253000e-05	-2.451518e-01	1.513727e+01
2.254000e-05	-1.869642e-01	1.503518e+01
2.255000e-05	-1.316050e-01	1.495950e+01
2.256000e-05	-9.780756e-02	1.486315e+01
2.257000e-05	-6.770169e-02	1.478840e+01
2.258000e-05	-5.037124e-02	1.462560e+01
2.259000e-05	-4.184312e-02	1.456797e+01
2.260000e-05	-4.207349e-02	1.447063e+01
2.261000e-05	-3.468952e-02	1.434989e+01
2.262000e-05	-2.749690e-02	1.422005e+01
2.263000e-05	-2.420971e-02	1.403273e+01
2.264000e-05	-2.801816e-02	1.393636e+01
2.265000e-05	-2.619158e-02	1.378897e+01
2.266000e-05	-2.051080e-02	1.363163e+01
2.267000e-05	-1.646511e-02	1.348428e+01
2.268000e-05	-2.069228e-02	1.333539e+01
2.269000e-05	-2.224773e-02	1.314102e+01
2.270000e-05	-1.987102e-02	1.305110e+01
2.271000e-05	-1.398353e-02	1.286215e+01
2.272000e-05	-1.632403e-02	1.268474e+01
2.273000e-05	-1.920660e-02	1.251577e+01
2.274000e-05	-1.887672e-02	1.234839e+01
2.275000e-05	-1.353818e-02	1.215844e+01
2.276000e-05	-1.197560e-02	1.195954e+01
2.277000e-05	-1.655175e-02	1.175800e+01
2.278000e-05	-1.796177e-02	1.157887e+01
2.279000e-05	-1.412726e-02	1.133737e+01
2.280000e-05	-1.038526e-02	1.111689e+01
2.281000e-05	-1.323053e-02	1.091579e+01
2.282000e-05	-1.532750e-02	1.069736e+01
2.283000e-05	-1.362659e-02	1.052621e+01
2.284000e-05	-9.408848e-03	1.028416e+01
2.285000e-05	-1.042565e-02	1.003453e+01
2.286000e-05	-1.424964e-02	9.829576e+00
2.287000e-05	-1.403619e-02	9.579971e+00
2.288000e-05	-1.112269e-02	9.378471e+00
2.289000e-05	-8.302678e-03	9.117892e+00
2.290000e-05	-1.177388e-02	8.904734e+00
2.291000e-05	-1.261467e-02	8.624082e+00
2.292000e-05	-1.121231e-02	8.431604e+00
2.293000e-05	-8.268060e-03	8.187972e+00
2.294000e-05	-9.429955e-03	7.935290e+00
2.295000e-05	-1.187340e-02	7.612154e+00
2.296000e-05	-1.110719e-02	7.389020e+00
2.297000e-05	-7.517013e-03	7.134713e+00
2.298000e-05	-8.078899e-03	6.883605e+00
2.299000e-05	-9.806543e-03	6.619000e+00
2.300000e-05	-1.118930e-02	6.317789e+00
2.301000e-05	-8.436068e-03	6.062181e+00
2.302000e-05	-6.574491e-03	5.799474e+00
2.303000e-05	-7.444431e-03	5.504363e+00
2.304000e-05	-1.052105e-02	5.223101e+00
2.305000e-05	-9.943465e-03	4.903241e+00
2.306000e-05	-6.645290e-03	4.619399e+00
2.307000e-05	-7.114974e-03	4.346368e+00
2.308000e-05	-8.542333e-03	4.013034e+00
2.309000e-05	-9.281226e-03	3.748896e+00
2.310000e-05	-6.431654e-03	3.533784e+00
2.311000e-05	-5.208385e-03	3.270025e+00
2.312000e-05	-7.093099e-03	2.955838e+00
2.313000e-05	-9.240125e-03	2.672575e+00
2.314000e-05	-7.369200e-03	2.306868e+00
2.315000e-05	-6.461070e-03	2.085109e+00
2.316000e-05	-5.507137e-03	1.788949e+00
2.317000e-05	-7.424164e-03	1.484136e+00
2.318000e-05	-6.934547e-03	1.199995e+00
2.319000e-05	-4.952429e-03	8.430787e-01
2.320000e-05	-4.584361e-03	5.373197e-01
2.321000e-05	-4.935609e-03	2.957392e-01
2.322000e-05	-4.536254e-03	-1.055282e-02
2.323000e-05	6.304414e-03	-2.857082e-01
2.324000e-05	3.811496e-03	-5.358383e-01
2.325000e-05	-7.980296e-05	-8.420592e-01
2.326000e-05	-5.628705e-04	-1.094264e+00
2.327000e-05	-1.413998e-03	-1.401573e+00
2.328000e-05	4.641682e-04	-1.684633e+00
2.329000e-05	1.687041e-02	-1.935738e+00
2.330000e-05	7.358993e-02	-2.158394e+00
2.331000e-05	8.444213e-02	-2.495289e+00
2.332000e-05	-8.071259e-02	-2.925266e+00
2.333000e-05	-3.415902e-03	-3.251713e+00
2.334000e-05	-4.905647e-02	-3.535292e+00
2.335000e-05	-2.930844e-02	-3.746862e+00
2.336000e-05	-7.817123e-02	-3.958995e+00
2.337000e-05	1.776794e-01	-4.116364e+00
2.338000e-05	-1.113115e-01	-4.409478e+00
2.339000e-05	8.221911e-02	-4.755440e+00
2.340000e-05	7.655197e-02	-4.959369e+00
2.341000e-05	-1.456240e-01	-5.336447e+00
2.342000e-05	1.576657e-01	-5.641505e+00
2.343000e-05	-1.647600e-01	-5.913235e+00
2.344000e-05	1.225105e-01	-6.207975e+00
2.345000e-05	2.718651e-03	-6.410046e+00
2.346000e-05	-4.343908e-02	-6.716892e+00
2.347000e-05	1.004245e-01	-6.998878e+00
2.348000e-05	-1.324481e-01	-7.283709e+00
2.349000e-05	1.243628e-01	-7.546871e+00
2.350000e-05	-8.698814e-02	-7.800101e+00
2.351000e-05	6.794894e-02	-8.074892e+00
2.352000e-05	3.238497e-02	-8.314765e+00
2.353000e-05	-5.498883e-02	-8.617975e+00
2.354000e-05	1.051418e-01	-8.812629e+00
2.355000e-05	-1.229249e-01	-9.104191e+00
2.356000e-05	9.624708e-02	-9.306865e+00
2.357000e-05	-6.427879e-02	-9.535340e+00
2.358000e-05	8.785438e-02	-9.817419e+00
2.359000e-05	-9.323836e-03	-9.949049e+00
2.360000e-05	4.496501e-03	-1.020958e+01
2.361000e-05	2.511210e-02	-1.044311e+01
2.362000e-05	-4.065044e-02	-1.068374e+01
2.363000e-05	6.487750e-02	-1.087183e+01
2.364000e-05	-5.068951e-02	-1.108373e+01
2.365000e-05	7.183047e-02	-1.129684e+01
2.366000e-05	-3.355388e-02	-1.149694e+01
2.367000e-05	5.506348e-02	-1.172642e+01
2.368000e-05	-3.018900e-02	-1.195739e+01
2.369000e-05	2.504559e-02	-1.215744e+01
2.370000e-05	-8.515995e-04	-1.229584e+01
2.371000e-05	2.900463e-02	-1.251585e+01
2.372000e-05	2.113304e-02	-1.268278e+01
2.373000e-05	8.459316e-04	-1.288420e+01
2.374000e-05	1.390574e-02	-1.302158e+01
2.375000e-05	-6.308731e-03	-1.318897e+01
2.376000e-05	2.465181e-02	-1.334538e+01
2.377000e-05	-3.734289e-03	-1.349221e+01
2.378000e-05	3.241399e-02	-1.363115e+01
2.379000e-05	7.716683e-03	-1.378995e+01
2.380000e-05	3.205579e-02	-1.396649e+01
2.381000e-05	-1.712292e-03	-1.407469e+01
2.382000e-05	1.340099e-02	-1.419213e+01
2.383000e-05	1.177103e-03	-1.436689e+01
2.384000e-05	2.382655e-02	-1.444266e+01
2.385000e-05	1.575229e-02	-1.456842e+01
2.386000e-05	2.090716e-02	-1.471479e+01
2.387000e-05	1.219184e-02	-1.478692e+01
2.388000e-05	1.687336e-02	-1.486519e+01
2.389000e-05	1.893161e-02	-1.497692e+01
2.390000e-05	1.513233e-02	-1.502160e+01
2.391000e-05	1.897747e-02	-1.512692e+01
2.392000e-05	1.799063e-02	-1.520002e+01
2.393000e-05	2.514259e-02	-1.523263e+01
2.394000e-05	1.591238e-02	-1.537689e+01
2.395000e-05	1.759650e-02	-1.538103e+01
2.396000e-05	1.508556e-02	-1.546221e+01
2.397000e-05	2.743409e-02	-1.546587e+01
2.398000e-05	2.807570e-02	-1.554689e+01
2.399000e-05	2.768734e-02	-1.560957e+01
2.400000e-05	2.532403e-02	-1.562908e+01
2.401000e-05	2.652549e-02	-1.563210e+01
2.402000e-05	2.857981e-02	-1.567378e+01
2.403000e-05	2.810116e-02	-1.569328e+01
2.404000e-05	3.124405e-02	-1.567276e+01
2.405000e-05	3.729000e-02	-1.569386e+01
2.406000e-05	4.430459e-02	-1.568274e+01
2.407000e-05	4.639920e-02	-1.567219e+01
2.408000e-05	4.610541e-02	-1.564268e+01
2.409000e-05	5.226236e-02	-1.566115e+01
2.410000e-05	6.302369e-02	-1.563010e+01
2.411000e-05	7.794682e-02	-1.556802e+01
2.412000e-05	9.596049e-02	-1.553739e+01
2.413000e-05	1.223732e-01	-1.549479e+01
2.414000e-05	1.689971e-01	-1.545310e+01
2.415000e-05	2.298398e-01	-1.541855e+01
2.416000e-05	2.499399e-01	-1.532477e+01
2.417000e-05	2.500000e-01	-1.525169e+01
2.418000e-05	2.500000e-01	-1.519995e+01
2.419000e-05	2.396695e-01	-1.516334e+01
2.420000e-05	1.738785e-01	-1.502205e+01
2.421000e-05	1.128465e-01	-1.493842e+01
2.422000e-05	7.757934e-02	-1.487226e+01
2.423000e-05	5.674687e-02	-1.477995e+01
2.424000e-05	4.437129e-02	-1.469476e+01
2.425000e-05	3.369761e-02	-1.454937e+01
2.426000e-05	2.725884e-02	-1.444158e+01
2.427000e-05	2.400347e-02	-1.432637e+01
2.428000e-05	2.163214e-02	-1.416953e+01
2.429000e-05	1.714457e-02	-1.406265e+01
2.430000e-05	1.259783e-02	-1.393687e+01
2.431000e-05	1.193507e-02	-1.376793e+01
2.432000e-05	1.245623e-02	-1.360153e+01
2.433000e-05	1.255883e-02	-1.347532e+01
2.434000e-05	9.788636e-03	-1.331684e+01
2.435000e-05	7.461603e-03	-1.316892e+01
2.436000e-05	7.982253e-03	-1.306150e+01
2.437000e-05	7.959498e-03	-1.281266e+01
2.438000e-05	6.925300e-03	-1.270469e+01
2.439000e-05	4.717853e-03	-1.252639e+01
2.440000e-05	5.827557e-03	-1.232737e+01
2.441000e-05	5.979822e-03	-1.215639e+01
2.442000e-05	4.625331e-03	-1.197839e+01
2.443000e-05	1.954952e-03	-1.173697e+01
2.444000e-05	1.207914e-03	-1.148734e+01
2.445000e-05	3.212179e-03	-1.128321e+01
2.446000e-05	3.890270e-03	-1.107273e+01
2.447000e-05	3.018117e-03	-1.087421e+01
2.448000e-05	1.185584e-03	-1.066206e+01
2.449000e-05	1.321678e-03	-1.045311e+01
2.450000e-05	1.087734e-03	-1.025018e+01
2.451000e-05	9.938212e-04	-1.000058e+01
2.452000e-05	-8.879280e-04	-9.790471e+00
2.453000e-05	-1.434259e-03	-9.578348e+00
2.454000e-05	1.343702e-04	-9.327816e+00
2.455000e-05	-2.107756e-04	-9.145264e+00
2.456000e-05	-2.729309e-03	-8.853783e+00
2.457000e-05	-2.708379e-03	-8.640601e+00
2.458000e-05	-1.799963e-03	-8.389971e+00
2.459000e-05	-7.858614e-06	-8.127344e+00
2.460000e-05	-2.048796e-03	-7.856735e+00
2.461000e-05	-4.149707e-03	-7.600000e+00
2.462000e-05	-4.394511e-03	-7.327840e+00
2.463000e-05	-3.694694e-03	-7.083159e+00
2.464000e-05	-3.923746e-03	-6.809451e+00
2.465000e-05	-4.973698e-03	-6.524739e+00
2.466000e-05	-3.776818e-03	-6.264763e+00
2.467000e-05	-3.790330e-03	-5.991026e+00
2.468000e-05	-4.240130e-03	-5.753792e+00
2.469000e-05	-5.140936e-03	-5.452726e+00
2.470000e-05	-6.143615e-03	-5.156316e+00
2.471000e-05	-5.460188e-03	-4.821103e+00
2.472000e-05	-5.177083e-03	-4.545238e+00
2.473000e-05	-5.963661e-03	-4.325692e+00
2.474000e-05	-6.621022e-03	-4.023107e+00
2.475000e-05	-7.969972e-03	-3.716814e+00
2.476000e-05	-7.031837e-03	-3.463207e+00
2.477000e-05	-7.784991e-03	-3.189048e+00
2.478000e-05	-6.984771e-03	-2.844612e+00
2.479000e-05	-7.926348e-03	-2.578975e+00
2.480000e-05	-5.869434e-03	-2.317337e+00
2.481000e-05	-5.991779e-03	-2.011052e+00
2.482000e-05	-6.675339e-03	-1.727865e+00
2.483000e-05	-8.998710e-03	-1.471984e+00
2.484000e-05	-9.577768e-03	-1.105237e+00
2.485000e-05	-7.737897e-03	-8.325751e-01
2.486000e-05	-7.614564e-03	-4.953919e-01
2.487000e-05	-7.170286e-03	-2.536578e-01
2.488000e-05	-4.042080e-03	6.268420e-02
2.489000e-05	7.995642e-03	3.273684e-01
2.490000e-05	-4.805336e-03	5.974499e-01
2.491000e-05	2.903803e-03	8.116289e-01
2.492000e-05	-5.485132e-03	1.146445e+00
2.493000e-05	2.830955e-04	1.430678e+00
2.494000e-05	-5.659904e-03	1.797448e+00
2.495000e-05	1.129350e-02	2.010000e+00
2.496000e-05	3.936494e-02	2.211979e+00
2.497000e-05	9.588842e-02	2.515421e+00
2.498000e-05	-5.975099e-02	2.884684e+00
2.499000e-05	-4.325724e-02	3.188572e+00
2.500000e-05	-4.183757e-02	3.514181e+00
2.501000e-05	-1.690136e-02	3.757365e+00
2.502000e-05	-7.071148e-02	3.967892e+00
2.503000e-05	-1.567175e-02	4.190527e+00
2.504000e-05	1.145599e-01	4.486812e+00
2.505000e-05	-9.565636e-02	4.799449e+00
2.506000e-05	8.997000e-02	5.051029e+00
2.507000e-05	7.934109e-03	5.359474e+00
2.508000e-05	-9.267008e-02	5.631104e+00
2.509000e-05	6.330441e-02	5.937272e+00
2.510000e-05	-6.144984e-02	6.217971e+00
2.511000e-05	6.687915e-02	6.411129e+00
2.512000e-05	-3.754949e-02	6.735366e+00
2.513000e-05	-2.086172e-02	6.979974e+00
2.514000e-05	1.158623e-02	7.323235e+00
2.515000e-05	-3.785118e-02	7.578445e+00
2.516000e-05	3.186531e-02	7.850685e+00
2.517000e-05	-6.224713e-02	8.126412e+00
2.518000e-05	5.213636e-02	8.387919e+00
2.519000e-05	-8.482762e-03	8.568502e+00
2.520000e-05	-1.538089e-02	8.831073e+00
2.521000e-05	-2.473294e-03	9.062707e+00
2.522000e-05	-5.952349e-02	9.314842e+00
2.523000e-05	3.510020e-02	9.536344e+00
2.524000e-05	-1.971821e-02	9.808021e+00
2.525000e-05	2.211332e-02	1.002007e+01
2.526000e-05	-4.421560e-02	1.022208e+01
2.527000e-05	8.121611e-03	1.048221e+01
2.528000e-05	-1.071598e-02	1.063415e+01
2.529000e-05	-1.930091e-02	1.088376e+01
2.530000e-05	-1.230462e-02	1.107413e+01
2.531000e-05	-2.298907e-02	1.131379e+01
2.532000e-05	1.998967e-02	1.153891e+01
2.533000e-05	-1.997745e-02	1.171679e+01
2.534000e-05	-8.715545e-03	1.193576e+01
2.535000e-05	-3.719597e-02	1.210737e+01
2.536000e-05	4.056693e-03	1.233589e+01
2.537000e-05	-5.989335e-03	1.249373e+01
2.538000e-05	-6.844030e-03	1.264273e+01
2.539000e-05	-2.330002e-02	1.288165e+01
2.540000e-05	-1.913340e-02	1.300908e+01
2.541000e-05	-4.542955e-03	1.320845e+01
2.542000e-05	-1.985668e-02	1.333529e+01
2.543000e-05	-1.849473e-02	1.349271e+01
2.544000e-05	-2.272213e-02	1.367110e+01
2.545000e-05	2.398573e-03	1.378845e+01
2.546000e-05	-1.101519e-02	1.395424e+01
2.547000e-05	-2.029505e-02	1.409426e+01
2.548000e-05	-3.279921e-02	1.422253e+01
2.549000e-05	-1.750243e-02	1.437947e+01
2.550000e-05	-9.700867e-03	1.447269e+01
2.551000e-05	-1.724499e-02	1.457799e+01
2.552000e-05	-2.346938e-02	1.470471e+01
2.553000e-05	-2.257443e-02	1.476903e+01
2.554000e-05	-1.036353e-02	1.490224e+01
2.555000e-05	-2.131018e-02	1.495794e+01
2.556000e-05	-2.806756e-02	1.504316e+01
2.557000e-05	-2.963926e-02	1.514536e+01
2.558000e-05	-1.780550e-02	1.520895e+01
2.559000e-05	-1.535561e-02	1.528371e+01
2.560000e-05	-2.918950e-02	1.531584e+01
2.561000e-05	-3.545496e-02	1.541945e+01
2.562000e-05	-3.153386e-02	1.541165e+01
2.563000e-05	-2.013951e-02	1.548479e+01
2.564000e-05	-2.807951e-02	1.553534e+01
2.565000e-05	-3.472932e-02	1.556902e+01
2.566000e-05	-3.557641e-02	1.560000e+01
2.567000e-05	-2.773526e-02	1.562108e+01
2.568000e-05	-3.278258e-02	1.564953e+01
2.569000e-05	-4.606248e-02	1.565215e+01
2.570000e-05	-4.693760e-02	1.565256e+01
2.571000e-05	-4.293151e-02	1.562218e+01
2.572000e-05	-3.806047e-02	1.564263e+01
2.573000e-05	-5.263131e-02	1.562070e+01
2.574000e-05	-6.304315e-02	1.558952e+01
2.575000e-05	-6.789436e-02	1.559053e+01
2.576000e-05	-7.032691e-02	1.555542e+01
2.577000e-05	-8.649518e-02	1.555787e+01
2.578000e-05	-1.156642e-01	1.548431e+01
2.579000e-05	-1.471076e-01	1.542268e+01
2.580000e-05	-1.933286e-01	1.543998e+01
2.581000e-05	-2.438654e-01	1.533646e+01
2.582000e-05	-2.500000e-01	1.529429e+01
2.583000e-05	-2.500000e-01	1.523073e+01
2.584000e-05	-2.499995e-01	1.514849e+01
2.585000e-05	-2.200715e-01	1.513621e+01
2.586000e-05	-1.527969e-01	1.501963e+01
2.587000e-05	-1.111795e-01	1.491389e+01
2.588000e-05	-8.135551e-02	1.480057e+01
2.589000e-05	-5.754290e-02	1.471289e+01
2.590000e-05	-4.443282e-02	1.458055e+01
2.591000e-05	-4.369357e-02	1.450488e+01
2.592000e-05	-3.875528e-02	1.437897e+01
2.593000e-05	-2.988176e-02	1.428521e+01
2.594000e-05	-2.254469e-02	1.413732e+01
2.595000e-05	-2.668414e-02	1.397892e+01
2.596000e-05	-2.852128e-02	1.387261e+01
2.597000e-05	-2.396448e-02	1.373282e+01
2.598000e-05	-1.741325e-02	1.353849e+01
2.599000e-05	-1.717480e-02	1.343953e+01
2.600000e-05	-2.231478e-02	1.323308e+01
2.601000e-05	-2.108937e-02	1.308379e+01
2.602000e-05	-1.565731e-02	1.293639e+01
2.603000e-05	-1.394905e-02	1.275799e+01
2.604000e-05	-1.816447e-02	1.262950e+01
2.605000e-05	-2.020998e-02	1.238358e+01
2.606000e-05	-1.502322e-02	1.226161e+01
2.607000e-05	-1.141472e-02	1.206320e+01
2.608000e-05	-1.328429e-02	1.188511e+01
2.609000e-05	-1.905316e-02	1.166263e+01
2.610000e-05	-1.573886e-02	1.145116e+01
2.611000e-05	-1.071948e-02	1.123203e+01
2.612000e-05	-1.090060e-02	1.103110e+01
2.613000e-05	-1.411580e-02	1.078103e+01
2.614000e-05	-1.599997e-02	1.062150e+01
2.615000e-05	-1.072512e-02	1.038042e+01
2.616000e-05	-9.479487e-03	1.016947e+01
2.617000e-05	-1.126083e-02	9.926816e+00
2.618000e-05	-1.486057e-02	9.705160e+00
2.619000e-05	-1.215639e-02	9.475588e+00
2.620000e-05	-8.474416e-03	9.224606e+00
2.621000e-05	-9.766459e-03	9.038623e+00
2.622000e-05	-1.250846e-02	8.758420e+00
2.623000e-05	-1.266024e-02	8.546841e+00
2.624000e-05	-8.447517e-03	8.295692e+00
2.625000e-05	-7.450598e-03	8.093503e+00
2.626000e-05	-1.005984e-02	7.789446e+00
2.627000e-05	-1.264654e-02	7.484783e+00
2.628000e-05	-9.331951e-03	7.231629e+00
2.629000e-05	-7.391199e-03	6.979921e+00
2.630000e-05	-8.983870e-03	6.695237e+00
2.631000e-05	-1.184615e-02	6.443580e+00
2.632000e-05	-9.985291e-03	6.189947e+00
2.633000e-05	-6.880387e-03	5.897813e+00
2.634000e-05	-6.998844e-03	5.612152e+00
2.635000e-05	-9.733938e-03	5.368942e+00
2.636000e-05	-1.044299e-02	5.043075e+00
2.637000e-05	-7.430383e-03	4.755917e+00
2.638000e-05	-6.146069e-03	4.463158e+00
2.639000e-05	-6.939199e-03	4.180021e+00
2.640000e-05	-9.957002e-03	3.924189e+00
2.641000e-05	-8.484548e-03	3.632030e+00
2.642000e-05	-5.763423e-03	3.327868e+00
2.643000e-05	-6.361910e-03	3.024110e+00
2.644000e-05	-8.325055e-03	2.799549e+00
2.645000e-05	-8.554545e-03	2.467109e+00
2.646000e-05	-6.334297e-03	2.180975e+00
2.647000e-05	-4.868678e-03	1.916762e+00
2.648000e-05	-6.506428e-03	1.630953e+00
2.649000e-05	-7.613705e-03	1.287266e+00
2.650000e-05	-6.660040e-03	9.810511e-01
2.651000e-05	-3.878734e-03	6.848092e-01
2.652000e-05	-4.799523e-03	4.006026e-01
2.653000e-05	-5.448394e-03	6.576192e-02
2.654000e-05	-1.591676e-03	-1.789709e-01
2.655000e-05	1.119893e-02	-4.195488e-01
2.656000e-05	-2.701861e-03	-7.338419e-01
2.657000e-05	4.111728e-03	-9.869486e-01
2.658000e-05	-4.715421e-03	-1.264134e+00
2.659000e-05	3.010436e-03	-1.565993e+00
2.660000e-05	3.517519e-03	-1.829475e+00
2.661000e-05	3.771477e-02	-2.019553e+00
2.662000e-05	1.193084e-01	-2.326346e+00
2.663000e-05	-3.232257e-02	-2.695740e+00
2.664000e-05	-3.813578e-02	-3.144367e+00
2.665000e-05	-3.046162e-02	-3.429525e+00
2.666000e-05	-2.636453e-02	-3.598575e+00
2.667000e-05	-8.343225e-02	-3.913237e+00
2.668000e-05	7.072845e-02	-4.054661e+00
2.669000e-05	8.521989e-02	-4.261607e+00
2.670000e-05	-1.310682e-01	-4.630550e+00
2.671000e-05	1.894850e-01	-4.871634e+00
2.672000e-05	-1.401032e-01	-5.146440e+00
2.673000e-05	8.102023e-02	-5.565817e+00
2.674000e-05	-1.725571e-02	-5.716361e+00
2.675000e-05	-8.084394e-02	-6.031681e+00
2.676000e-05	1.703047e-01	-6.254288e+00
2.677000e-05	-1.274265e-01	-6.578075e+00
2.678000e-05	1.188831e-01	-6.872732e+00
2.679000e-05	-7.386769e-02	-7.148844e+00
2.680000e-05	4.365099e-03	-7.480777e+00
2.681000e-05	5.762642e-02	-7.633705e+00
2.682000e-05	-8.297197e-02	-7.987976e+00
2.683000e-05	1.465333e-01	-8.220550e+00
2.684000e-05	-1.080273e-01	-8.472183e+00
2.685000e-05	9.988758e-02	-8.716791e+00
2.686000e-05	-5.054603e-02	-8.968445e+00
2.687000e-05	-9.958486e-03	-9.250026e+00
2.688000e-05	4.121591e-02	-9.439104e+00
2.689000e-05	-3.367024e-02	-9.684659e+00
2.690000e-05	1.054021e-01	-9.864210e+00
2.691000e-05	-7.671978e-02	-1.009624e+01
2.692000e-05	8.366314e-02	-1.030787e+01
2.693000e-05	-7.198159e-02	-1.059900e+01
2.694000e-05	6.225857e-02	-1.076852e+01
2.695000e-05	-2.674412e-02	-1.101945e+01
2.696000e-05	2.796771e-02	-1.119145e+01
2.697000e-05	1.597920e-02	-1.139960e+01
2.698000e-05	2.465606e-03	-1.167223e+01
2.699000e-05	3.175422e-02	-1.183960e+01
2.700000e-05	-2.773885e-02	-1.206211e+01
2.701000e-05	3.760838e-02	-1.221213e+01
2.702000e-05	-1.345584e-02	-1.247113e+01
2.703000e-05	5.199007e-02	-1.261003e+01
2.704000e-05	-1.508545e-02	-1.275840e+01
2.705000e-05	2.538410e-02	-1.294692e+01
2.706000e-05	-1.194744e-02	-1.306421e+01
2.707000e-05	2.622896e-02	-1.328118e+01
2.708000e-05	2.533714e-03	-1.342158e+01
2.709000e-05	2.033675e-02	-1.356847e+01
2.710000e-05	1.470273e-02	-1.370331e+01
2.711000e-05	2.061216e-02	-1.388584e+01
2.712000e-05	1.336517e-02	-1.402005e+01
2.713000e-05	3.296367e-03	-1.414647e+01
2.714000e-05	8.882400e-03	-1.424415e+01
2.715000e-05	1.301536e-02	-1.439808e+01
2.716000e-05	2.691599e-02	-1.451434e+01
2.717000e-05	1.392519e-02	-1.461121e+01
2.718000e-05	1.948611e-02	-1.477794e+01
2.719000e-05	8.890541e-03	-1.486015e+01
2.720000e-05	2.335237e-02	-1.492639e+01
2.721000e-05	1.141696e-02	-1.501965e+01
2.722000e-05	1.884952e-02	-1.505431e+01
2.723000e-05	1.387462e-02	-1.516957e+01
2.724000e-05	2.655425e-02	-1.527108e+01
2.725000e-05	1.949735e-02	-1.531586e+01
2.726000e-05	1.760936e-02	-1.535800e+01
2.727000e-05	1.456714e-02	-1.540066e+01
2.728000e-05	2.259483e-02	-1.553368e+01
2.729000e-05	2.995657e-02	-1.556537e+01
2.730000e-05	2.641467e-02	-1.557742e+01
2.731000e-05	2.499072e-02	-1.560007e+01
2.732000e-05	2.391524e-02	-1.565112e+01
2.733000e-05	2.996339e-02	-1.564113e+01
2.734000e-05	2.940286e-02	-1.569376e+01
2.735000e-05	2.977915e-02	-1.568468e+01
2.736000e-05	3.352134e-02	-1.569218e+01
2.737000e-05	4.138448e-02	-1.565273e+01
2.738000e-05	4.669410e-02	-1.567411e+01
2.739000e-05	4.614870e-02	-1.568218e+01
2.740000e-05	4.827128e-02	-1.562171e+01
2.741000e-05	5.783846e-02	-1.563105e+01
2.742000e-05	7.141412e-02	-1.560057e+01
2.743000e-05	8.685807e-02	-1.553652e+01
2.744000e-05	1.065869e-01	-1.554486e+01
2.745000e-05	1.441593e-01	-1.547278e+01
2.746000e-05	2.017667e-01	-1.546208e+01
2.747000e-05	2.479834e-01	-1.533792e+01
2.748000e-05	2.500000e-01	-1.526516e+01
2.749000e-05	2.500000e-01	-1.522005e+01
2.750000e-05	2.499830e-01	-1.514694e+01
2.751000e-05	2.079002e-01	-1.507323e+01
2.752000e-05	1.373817e-01	-1.496900e+01
2.753000e-05	9.133656e-02	-1.490529e+01
2.754000e-05	6.603888e-02	-1.481110e+01
2.755000e-05	5.145623e-02	-1.471686e+01
2.756000e-05	3.950977e-02	-1.465213e+01
2.757000e-05	2.954698e-02	-1.450384e+01
2.758000e-05	2.400116e-02	-1.438945e+01
2.759000e-05	2.164606e-02	-1.421221e+01
2.760000e-05	1.926196e-02	-1.413681e+01
2.761000e-05	1.496185e-02	-1.394957e+01
2.762000e-05	1.227131e-02	-1.384213e+01
2.763000e-05	1.232658e-02	-1.371384e+01
2.764000e-05	1.372398e-02	-1.354789e+01
2.765000e-05	1.120204e-02	-1.338755e+01
2.766000e-05	8.241029e-03	-1.326313e+01
2.767000e-05	7.136192e-03	-1.312366e+01
2.768000e-05	8.084148e-03	-1.290644e+01
2.769000e-05	8.370035e-03	-1.275847e+01
2.770000e-05	4.994651e-03	-1.256855e+01
2.771000e-05	4.411320e-03	-1.242157e+01
2.772000e-05	4.972210e-03	-1.222153e+01
2.773000e-05	4.881706e-03	-1.201168e+01
2.774000e-05	3.984689e-03	-1.186218e+01
2.775000e-05	2.123846e-03	-1.160225e+01
2.776000e-05	2.601074e-03	-1.137045e+01
2.777000e-05	4.163224e-03	-1.119655e+01
2.778000e-05	3.752967e-03	-1.094892e+01
2.779000e-05	1.924174e-03	-1.074792e+01
2.780000e-05	1.009432e-04	-1.055849e+01
2.781000e-05	1.177577e-03	-1.029732e+01
2.782000e-05	1.860286e-03	-1.009584e+01
2.783000e-05	9.064121e-06	-9.904734e+00
2.784000e-05	-1.006978e-03	-9.665162e+00
2.785000e-05	-5.795414e-04	-9.453159e+00
2.786000e-05	-8.502734e-04	-9.191001e+00
2.787000e-05	-6.334159e-04	-8.961022e+00
2.788000e-05	-2.561303e-03	-8.747870e+00
2.789000e-05	-2.288062e-03	-8.524710e+00
2.790000e-05	-1.923598e-03	-8.282111e+00
2.791000e-05	-1.788507e-03	-7.981599e+00
2.792000e-05	-2.820467e-03	-7.715891e+00
2.793000e-05	-4.381826e-03	-7.442079e+00
2.794000e-05	-3.979373e-03	-7.149446e+00
2.795000e-05	-3.255316e-03	-6.875737e+00
2.796000e-05	-3.123351e-03	-6.641656e+00
2.797000e-05	-4.978922e-03	-6.411100e+00
2.798000e-05	-3.899971e-03	-6.117363e+00
2.799000e-05	-5.522128e-03	-5.851707e+00
2.800000e-05	-3.988973e-03	-5.590000e+00
2.801000e-05	-6.309789e-03	-5.295763e+00
2.802000e-05	-5.284448e-03	-4.937398e+00
2.803000e-05	-5.570064e-03	-4.642503e+00
2.804000e-05	-4.321972e-03	-4.370498e+00
2.805000e-05	-5.224080e-03	-4.126895e+00
2.806000e-05	-7.068044e-03	-3.874287e+00
2.807000e-05	-6.788047e-03	-3.589451e+00
2.808000e-05	-6.032773e-03	-3.336791e+00
2.809000e-05	-7.508647e-03	-3.029582e+00
2.810000e-05	-7.013731e-03	-2.717897e+00
2.811000e-05	-7.251682e-03	-2.422181e+00
2.812000e-05	-6.083736e-03	-2.118847e+00
2.813000e-05	-6.315430e-03	-1.854659e+00
2.814000e-05	-7.784052e-03	-1.598028e+00
2.815000e-05	-8.423555e-03	-1.261584e+00
2.816000e-05	-9.234707e-03	-9.173709e-01
2.817000e-05	-7.909189e-03	-6.931594e-01
2.818000e-05	-7.513828e-03	-3.488936e-01
2.819000e-05	-7.650417e-03	-4.378297e-02
2.820000e-05	4.194805e-03	2.410265e-01
2.821000e-05	1.253128e-03	4.836857e-01
2.822000e-05	3.143452e-04	7.168632e-01
2.823000e-05	5.206211e-04	1.019550e+00
2.824000e-05	-3.252720e-03	1.314785e+00
2.825000e-05	-5.745966e-04	1.610051e+00
2.826000e-05	-5.131577e-04	1.893111e+00
2.827000e-05	1.923108e-02	2.065239e+00
2.828000e-05	8.139637e-02	2.397416e+00
2.829000e-05	2.393186e-02	2.726864e+00
2.830000e-05	-7.389189e-02	3.042076e+00
2.831000e-05	-2.955092e-02	3.315742e+00
2.832000e-05	-3.257015e-02	3.650578e+00
2.833000e-05	-3.325361e-02	3.872133e+00
2.834000e-05	-6.726092e-02	4.093708e+00
2.835000e-05	7.349511e-02	4.386871e+00
2.836000e-05	2.256298e-02	4.642659e+00
2.837000e-05	-6.852644e-02	4.925218e+00
2.838000e-05	1.476331e-01	5.228499e+00
2.839000e-05	-1.380536e-01	5.506314e+00
2.840000e-05	3.985229e-02	5.810069e+00
2.841000e-05	-1.870183e-02	6.073286e+00
2.842000e-05	1.141027e-03	6.345812e+00
2.843000e-05	4.529969e-02	6.638451e+00
2.844000e-05	-7.734310e-02	6.914787e+00
2.845000e-05	4.234685e-02	7.138467e+00
2.846000e-05	-5.555461e-02	7.431658e+00
2.847000e-05	2.991907e-02	7.734338e+00
2.848000e-05	-4.118775e-02	8.020526e+00
2.849000e-05	1.751870e-03	8.312183e+00
2.850000e-05	3.938608e-02	8.472687e+00
2.851000e-05	-3.464766e-02	8.675765e+00
2.852000e-05	1.481800e-02	8.958393e+00
2.853000e-05	-5.436151e-02	9.210444e+00
2.854000e-05	-2.573919e-04	9.441523e+00
2.855000e-05	2.214337e-03	9.662728e+00
2.856000e-05	7.575918e-03	9.893187e+00
2.857000e-05	-1.401174e-02	1.018486e+01
2.858000e-05	-2.139262e-02	1.035592e+01
2.859000e-05	9.397733e-03	1.053742e+01
2.860000e-05	-2.303015e-02	1.081894e+01
2.861000e-05	-9.507006e-03	1.099705e+01
2.862000e-05	-2.670518e-02	1.120855e+01
2.863000e-05	5.983577e-03	1.145096e+01
2.864000e-05	-2.038249e-03	1.165259e+01
2.865000e-05	-1.131931e-02	1.184208e+01
2.866000e-05	-2.976137e-02	1.210263e+01
2.867000e-05	-1.368239e-02	1.225158e+01
2.868000e-05	-1.070035e-03	1.240200e+01
2.869000e-05	-2.642143e-03	1.261857e+01
2.870000e-05	-1.735877e-02	1.277640e+01
2.871000e-05	-2.101672e-02	1.295581e+01
2.872000e-05	-1.034038e-02	1.309383e+01
2.873000e-05	-1.110279e-02	1.327213e+01
2.874000e-05	-1.958757e-02	1.342895e+01
2.875000e-05	-2.664968e-02	1.357797e+01
2.876000e-05	-5.784841e-03	1.373434e+01
2.877000e-05	-5.562218e-03	1.383068e+01
2.878000e-05	-1.068447e-02	1.398098e+01
2.879000e-05	-3.252244e-02	1.417787e+01
2.880000e-05	-2.191295e-02	1.433368e+01
2.881000e-05	-1.452523e-02	1.442155e+01
2.882000e-05	-9.703619e-03	1.453736e+01
2.883000e-05	-2.269519e-02	1.464203e+01
2.884000e-05	-2.613341e-02	1.471742e+01
2.885000e-05	-1.333352e-02	1.487261e+01
2.886000e-05	-1.696264e-02	1.490579e+01
2.887000e-05	-2.142130e-02	1.494897e+01
2.888000e-05	-3.374694e-02	1.506174e+01
2.889000e-05	-1.904651e-02	1.517747e+01
2.890000e-05	-1.829460e-02	1.523118e+01
2.891000e-05	-1.964729e-02	1.530271e+01
2.892000e-05	-3.695702e-02	1.538744e+01
2.893000e-05	-3.447522e-02	1.543955e+01
2.894000e-05	-2.414309e-02	1.544275e+01
2.895000e-05	-2.303841e-02	1.545671e+01
2.896000e-05	-3.106313e-02	1.557894e+01
2.897000e-05	-3.830344e-02	1.558997e+01
2.898000e-05	-2.971737e-02	1.558957e+01
2.899000e-05	-2.987863e-02	1.564158e+01
2.900000e-05	-3.835508e-02	1.562105e+01
2.901000e-05	-4.934929e-02	1.565210e+01
2.902000e-05	-4.562153e-02	1.566060e+01
2.903000e-05	-3.911087e-02	1.564213e+01
2.904000e-05	-4.558761e-02	1.565205e+01
2.905000e-05	-5.859723e-02	1.563155e+01
2.906000e-05	-6.806481e-02	1.559960e+01
2.907000e-05	-6.680676e-02	1.558742e+01
2.908000e-05	-7.746907e-02	1.557796e+01
2.909000e-05	-9.991056e-02	1.549484e+01
2.910000e-05	-1.328821e-01	1.547278e+01
2.911000e-05	-1.689536e-01	1.542003e+01
2.912000e-05	-2.245465e-01	1.537802e+01
2.913000e-05	-2.498877e-01	1.535531e+01
2.914000e-05	-2.500000e-01	1.527271e+01
2.915000e-05	-2.500000e-01	1.521055e+01
2.916000e-05	-2.430221e-01	1.515632e+01
2.917000e-05	-1.822767e-01	1.502463e+01
2.918000e-05	-1.287276e-01	1.492534e+01
2.919000e-05	-9.634553e-02	1.483313e+01
2.920000e-05	-6.664020e-02	1.475689e+01
2.921000e-05	-4.948731e-02	1.463313e+01
2.922000e-05	-4.290759e-02	1.456784e+01
2.923000e-05	-4.271764e-02	1.443310e+01
2.924000e-05	-3.374477e-02	1.431684e+01
2.925000e-05	-2.533347e-02	1.421957e+01
2.926000e-05	-2.391613e-02	1.404259e+01
2.927000e-05	-2.778120e-02	1.391476e+01
2.928000e-05	-2.588514e-02	1.377842e+01
2.929000e-05	-2.245410e-02	1.363213e+01
2.930000e-05	-1.473977e-02	1.348624e+01
2.931000e-05	-2.167086e-02	1.332442e+01
2.932000e-05	-2.000236e-02	1.319145e+01
2.933000e-05	-1.840176e-02	1.298205e+01
2.934000e-05	-1.277191e-02	1.288208e+01
2.935000e-05	-1.620663e-02	1.268416e+01
2.936000e-05	-2.114462e-02	1.246434e+01
2.937000e-05	-1.942206e-02	1.235826e+01
2.938000e-05	-1.358139e-02	1.215634e+01
2.939000e-05	-1.061481e-02	1.196897e+01
2.940000e-05	-1.549355e-02	1.174835e+01
2.941000e-05	-1.551979e-02	1.153844e+01
2.942000e-05	-1.361910e-02	1.131734e+01
2.943000e-05	-1.044749e-02	1.112427e+01
2.944000e-05	-1.467732e-02	1.091479e+01
2.945000e-05	-1.732034e-02	1.070476e+01
2.946000e-05	-1.388895e-02	1.047428e+01
2.947000e-05	-8.808472e-03	1.030416e+01
2.948000e-05	-8.236390e-03	1.000106e+01
2.949000e-05	-1.266063e-02	9.881021e+00
2.950000e-05	-1.335419e-02	9.556921e+00
2.951000e-05	-1.065653e-02	9.336866e+00
2.952000e-05	-8.615278e-03	9.106317e+00
2.953000e-05	-1.248529e-02	8.894705e+00
2.954000e-05	-1.374383e-02	8.662079e+00
2.955000e-05	-1.076116e-02	8.381075e+00
2.956000e-05	-6.588516e-03	8.140326e+00
2.957000e-05	-8.536417e-03	7.904711e+00
2.958000e-05	-1.204690e-02	7.652630e+00
2.959000e-05	-1.096819e-02	7.349970e+00
2.960000e-05	-8.172138e-03	7.095639e+00
2.961000e-05	-7.494253e-03	6.842105e+00
2.962000e-05	-1.109309e-02	6.558492e+00
2.963000e-05	-1.172060e-02	6.324764e+00
2.964000e-05	-9.114951e-03	6.052583e+00
2.965000e-05	-6.396437e-03	5.769897e+00
2.966000e-05	-7.690787e-03	5.535846e+00
2.967000e-05	-1.072333e-02	5.211575e+00
2.968000e-05	-8.879445e-03	4.854184e+00
2.969000e-05	-6.936802e-03	4.577522e+00
2.970000e-05	-6.621018e-03	4.325366e+00
2.971000e-05	-9.707047e-03	3.990551e+00
2.972000e-05	-8.752308e-03	3.718367e+00
2.973000e-05	-6.852626e-03	3.496289e+00
2.974000e-05	-5.285522e-03	3.189971e+00
2.975000e-05	-8.135944e-03	2.926264e+00
2.976000e-05	-9.819660e-03	2.652124e+00
2.977000e-05	-7.767569e-03	2.345291e+00
2.978000e-05	-5.093373e-03	2.053054e+00
2.979000e-05	-5.775401e-03	1.750416e+00
2.980000e-05	-8.089916e-03	1.455159e+00
2.981000e-05	-7.774196e-03	1.171890e+00
2.982000e-05	-5.181941e-03	8.415263e-01
2.983000e-05	-4.504835e-03	5.668960e-01
2.984000e-05	-5.452457e-03	2.537568e-01
2.985000e-05	-4.274289e-03	-3.255758e-02
2.986000e-05	7.561801e-03	-3.242382e-01
2.987000e-05	3.719234e-03	-5.778498e-01
2.988000e-05	1.205774e-03	-8.431814e-01
2.989000e-05	-2.708334e-03	-1.135342e+00
2.990000e-05	-2.511632e-04	-1.441134e+00
2.991000e-05	4.733532e-05	-1.674238e+00
2.992000e-05	1.942829e-02	-1.917293e+00
2.993000e-05	7.966738e-02	-2.198442e+00
2.994000e-05	7.297637e-02	-2.525292e+00
2.995000e-05	-7.952839e-02	-2.926947e+00
2.996000e-05	-3.292884e-03	-3.295284e+00
2.997000e-05	-4.733199e-02	-3.504840e+00
2.998000e-05	-3.217432e-02	-3.736872e+00
2.999000e-05	-6.711839e-02	-3.998474e+00
3.000000e-05	1.801899e-01	-4.137347e+00
3.001000e-05	-1.290526e-01	-4.431075e+00
3.002000e-05	1.061258e-01	-4.767371e+00
3.003000e-05	4.315079e-02	-4.977946e+00
3.004000e-05	-1.266001e-01	-5.418547e+00
3.005000e-05	1.506150e-01	-5.641585e+00
3.006000e-05	-1.708275e-01	-5.884792e+00
3.007000e-05	1.395342e-01	-6.200976e+00
3.008000e-05	-2.257638e-02	-6.401154e+00
3.009000e-05	-2.260084e-02	-6.744995e+00
3.010000e-05	8.483475e-02	-6.988479e+00
3.011000e-05	-1.254293e-01	-7.275263e+00
3.012000e-05	1.309069e-01	-7.567370e+00
3.013000e-05	-9.989776e-02	-7.821104e+00
3.014000e-05	8.683652e-02	-8.147417e+00
3.015000e-05	1.009835e-02	-8.335415e+00
3.016000e-05	-3.569288e-02	-8.640529e+00
3.017000e-05	9.207777e-02	-8.822737e+00
3.018000e-05	-1.197422e-01	-9.102790e+00
3.019000e-05	9.981052e-02	-9.345315e+00
3.020000e-05	-7.144239e-02	-9.577815e+00
3.021000e-05	9.994836e-02	-9.807521e+00
3.022000e-05	-2.558813e-02	-9.999020e+00
3.023000e-05	1.882568e-02	-1.026206e+01
3.024000e-05	1.201062e-02	-1.045311e+01
3.025000e-05	-2.861859e-02	-1.069371e+01
3.026000e-05	5.497880e-02	-1.088079e+01
3.027000e-05	-4.716914e-02	-1.111381e+01
3.028000e-05	7.020199e-02	-1.128427e+01
3.029000e-05	-3.477338e-02	-1.151752e+01
3.030000e-05	5.933689e-02	-1.176992e+01
3.031000e-05	-3.382854e-02	-1.197739e+01
3.032000e-05	2.954886e-02	-1.216645e+01
3.033000e-05	-6.868005e-03	-1.233577e+01
3.034000e-05	3.272175e-02	-1.253632e+01
3.035000e-05	1.363498e-02	-1.267374e+01
3.036000e-05	3.540019e-03	-1.285376e+01
3.037000e-05	1.142952e-02	-1.301011e+01
3.038000e-05	-1.216209e-04	-1.318850e+01
3.039000e-05	2.405883e-02	-1.336694e+01
3.040000e-05	-9.198743e-04	-1.351434e+01
3.041000e-05	2.945271e-02	-1.368260e+01
3.042000e-05	7.073666e-03	-1.382965e+01
3.043000e-05	2.933558e-02	-1.397635e+01
3.044000e-05	-3.218081e-03	-1.408529e+01
3.045000e-05	1.242529e-02	-1.422060e+01
3.046000e-05	2.349487e-03	-1.432636e+01
3.047000e-05	2.709216e-02	-1.447423e+01
3.048000e-05	1.548947e-02	-1.456697e+01
3.049000e-05	2.067957e-02	-1.470327e+01
3.050000e-05	1.089956e-02	-1.476950e+01
3.051000e-05	1.834299e-02	-1.489431e+01
3.052000e-05	1.738609e-02	-1.497897e+01
3.053000e-05	1.389982e-02	-1.508228e+01
3.054000e-05	1.789816e-02	-1.518536e+01
3.055000e-05	1.863185e-02	-1.520158e+01
3.056000e-05	2.659836e-02	-1.526524e+01
3.057000e-05	1.607548e-02	-1.530634e+01
3.058000e-05	1.765589e-02	-1.539813e+01
3.059000e-05	1.640427e-02	-1.546266e+01
3.060000e-05	2.914846e-02	-1.551586e+01
3.061000e-05	2.645139e-02	-1.559842e+01
3.062000e-05	2.721096e-02	-1.556893e+01
3.063000e-05	2.398977e-02	-1.560963e+01
3.064000e-05	2.818412e-02	-1.564113e+01
3.065000e-05	2.977864e-02	-1.567328e+01
3.066000e-05	2.892134e-02	-1.570464e+01
3.067000e-05	3.205242e-02	-1.573373e+01
3.068000e-05	3.847290e-02	-1.566337e+01
3.069000e-05	4.504101e-02	-1.569426e+01
3.070000e-05	4.646843e-02	-1.568278e+01
3.071000e-05	4.521378e-02	-1.563216e+01
3.072000e-05	5.234517e-02	-1.563963e+01
3.073000e-05	6.462881e-02	-1.560052e+01
3.074000e-05	8.034042e-02	-1.558992e+01
3.075000e-05	9.550770e-02	-1.555484e+01
3.076000e-05	1.240925e-01	-1.551576e+01
3.077000e-05	1.730572e-01	-1.545223e+01
3.078000e-05	2.333803e-01	-1.538800e+01
3.079000e-05	2.499299e-01	-1.534586e+01
3.080000e-05	2.500000e-01	-1.526271e+01
3.081000e-05	2.500000e-01	-1.518045e+01
3.082000e-05	2.365898e-01	-1.510426e+01
3.083000e-05	1.695171e-01	-1.501965e+01
3.084000e-05	1.089738e-01	-1.493534e+01
3.085000e-05	7.536687e-02	-1.486173e+01
3.086000e-05	5.729837e-02	-1.478742e+01
3.087000e-05	4.555108e-02	-1.469421e+01
3.088000e-05	3.399471e-02	-1.454800e+01
3.089000e-05	2.583598e-02	-1.441263e+01
3.090000e-05	2.299712e-02	-1.429489e+01
3.091000e-05	2.075232e-02	-1.418952e+01
3.092000e-05	1.714831e-02	-1.405266e+01
3.093000e-05	1.263081e-02	-1.387489e+01
3.094000e-05	1.226162e-02	-1.377885e+01
3.095000e-05	1.330862e-02	-1.361007e+01
3.096000e-05	1.276206e-02	-1.347226e+01
3.097000e-05	8.246682e-03	-1.332532e+01
3.098000e-05	7.005594e-03	-1.313892e+01
3.099000e-05	8.353656e-03	-1.300105e+01
3.100000e-05	9.305675e-03	-1.282108e+01
3.101000e-05	6.437113e-03	-1.266426e+01
3.102000e-05	4.930747e-03	-1.252229e+01
3.103000e-05	4.776080e-03	-1.233741e+01
3.104000e-05	5.588985e-03	-1.215682e+01
3.105000e-05	3.790469e-03	-1.195687e+01
3.106000e-05	2.005243e-03	-1.173687e+01
3.107000e-05	1.293224e-03	-1.149681e+01
3.108000e-05	3.193446e-03	-1.125281e+01
3.109000e-05	3.403001e-03	-1.111269e+01
3.110000e-05	3.097100e-03	-1.083218e+01
3.111000e-05	1.603894e-03	-1.065368e+01
3.112000e-05	2.039387e-03	-1.047261e+01
3.113000e-05	1.739443e-03	-1.022103e+01
3.114000e-05	-2.572594e-04	-1.000065e+01
3.115000e-05	-2.155817e-03	-9.799521e+00
3.116000e-05	-2.235655e-03	-9.548492e+00
3.117000e-05	2.900312e-04	-9.315319e+00
3.118000e-05	-3.547871e-04	-9.074239e+00
3.119000e-05	-1.762252e-03	-8.803734e+00
3.120000e-05	-2.574349e-03	-8.631104e+00
3.121000e-05	-2.731439e-04	-8.388444e+00
3.122000e-05	-1.366496e-03	-8.137318e+00
3.123000e-05	-2.375413e-03	-7.864586e+00
3.124000e-05	-4.195861e-03	-7.559493e+00
3.125000e-05	-4.023430e-03	-7.296293e+00
3.126000e-05	-4.092603e-03	-7.053155e+00
3.127000e-05	-4.092428e-03	-6.749874e+00
3.128000e-05	-4.944119e-03	-6.494845e+00
3.129000e-05	-3.592334e-03	-6.273682e+00
3.130000e-05	-2.475471e-03	-6.018873e+00
3.131000e-05	-2.855609e-03	-5.713840e+00
3.132000e-05	-4.897422e-03	-5.380557e+00
3.133000e-05	-6.851472e-03	-5.115745e+00
3.134000e-05	-5.872771e-03	-4.800471e+00
3.135000e-05	-5.318824e-03	-4.535688e+00
3.136000e-05	-6.378008e-03	-4.284237e+00
3.137000e-05	-5.818934e-03	-3.981579e+00
3.138000e-05	-5.872114e-03	-3.665843e+00
3.139000e-05	-5.511167e-03	-3.412132e+00
3.140000e-05	-7.270021e-03	-3.147450e+00
3.141000e-05	-7.664887e-03	-2.832156e+00
3.142000e-05	-8.181119e-03	-2.560000e+00
3.143000e-05	-4.963706e-03	-2.311766e+00
3.144000e-05	-6.828146e-03	-1.987472e+00
3.145000e-05	-7.157137e-03	-1.706640e+00
3.146000e-05	-9.994184e-03	-1.380031e+00
3.147000e-05	-8.142164e-03	-1.105763e+00
3.148000e-05	-8.054726e-03	-8.035537e-01
3.149000e-05	-8.198480e-03	-4.646607e-01
3.150000e-05	-6.748174e-03	-2.525589e-01
3.151000e-05	-2.646754e-03	7.207777e-02
3.152000e-05	8.551719e-03	3.593934e-01
3.153000e-05	-5.629918e-03	6.090501e-01
3.154000e-05	1.901394e-03	8.021593e-01
3.155000e-05	-6.315181e-03	1.218471e+00
3.156000e-05	2.145684e-04	1.421630e+00
3.157000e-05	-5.210392e-03	1.775945e+00
3.158000e-05	1.272318e-02	1.979523e+00
3.159000e-05	4.451118e-02	2.262579e+00
3.160000e-05	9.337190e-02	2.545894e+00
3.161000e-05	-6.673115e-02	2.883236e+00
3.162000e-05	-4.131585e-02	3.199022e+00
3.163000e-05	-4.493619e-02	3.495812e+00
3.164000e-05	-1.629340e-02	3.757844e+00
3.165000e-05	-7.320332e-02	3.947869e+00
3.166000e-05	-4.617431e-03	4.240454e+00
3.167000e-05	1.131553e-01	4.503739e+00
3.168000e-05	-1.047267e-01	4.798869e+00
3.169000e-05	1.093296e-01	5.072055e+00
3.170000e-05	-1.640043e-02	5.429524e+00
3.171000e-05	-7.866009e-02	5.640630e+00
3.172000e-05	5.642823e-02	5.937394e+00
3.173000e-05	-5.941575e-02	6.191000e+00
3.174000e-05	7.058969e-02	6.461628e+00
3.175000e-05	-4.756588e-02	6.788392e+00
3.176000e-05	-1.058556e-02	6.990074e+00
3.177000e-05	2.598448e-03	7.343811e+00
3.178000e-05	-3.038566e-02	7.568570e+00
3.179000e-05	2.530221e-02	7.833105e+00
3.180000e-05	-5.901465e-02	8.158517e+00
3.181000e-05	5.539413e-02	8.380471e+00
3.182000e-05	-1.383761e-02	8.630074e+00
3.183000e-05	-1.071558e-02	8.811570e+00
3.184000e-05	-8.010347e-03	9.093659e+00
3.185000e-05	-5.505199e-02	9.343793e+00
3.186000e-05	3.404052e-02	9.547842e+00
3.187000e-05	-1.830265e-02	9.757945e+00
3.188000e-05	2.071878e-02	1.001005e+01
3.189000e-05	-4.336424e-02	1.025108e+01
3.190000e-05	1.112028e-02	1.049418e+01
3.191000e-05	-1.288911e-02	1.071274e+01
3.192000e-05	-1.777523e-02	1.090471e+01
3.193000e-05	-1.335253e-02	1.108586e+01
3.194000e-05	-2.153592e-02	1.132634e+01
3.195000e-05	1.903275e-02	1.155687e+01
3.196000e-05	-1.955032e-02	1.173644e+01
3.197000e-05	-9.713186e-03	1.193641e+01
3.198000e-05	-3.509509e-02	1.215634e+01
3.199000e-05	4.560070e-03	1.234581e+01
3.200000e-05	-5.495191e-03	1.247334e+01
3.201000e-05	-7.679920e-03	1.269371e+01
3.202000e-05	-2.345391e-02	1.285268e+01
3.203000e-05	-1.882132e-02	1.301955e+01
3.204000e-05	-4.407798e-03	1.320900e+01
3.205000e-05	-2.023972e-02	1.334689e+01
3.206000e-05	-1.973161e-02	1.347418e+01
3.207000e-05	-2.046748e-02	1.366160e+01
3.208000e-05	2.361853e-03	1.376805e+01
3.209000e-05	-1.003321e-02	1.397534e+01
3.210000e-05	-2.339722e-02	1.407371e+01
3.211000e-05	-3.176204e-02	1.423107e+01
3.212000e-05	-1.760367e-02	1.438687e+01
3.213000e-05	-8.330327e-03	1.447268e+01
3.214000e-05	-1.901791e-02	1.459995e+01
3.215000e-05	-2.373438e-02	1.467429e+01
3.216000e-05	-2.180905e-02	1.484007e+01
3.217000e-05	-1.066341e-02	1.487326e+01
3.218000e-05	-2.119496e-02	1.494639e+01
3.219000e-05	-2.928953e-02	1.507315e+01
3.220000e-05	-2.802930e-02	1.515484e+01
3.221000e-05	-1.742222e-02	1.521100e+01
3.222000e-05	-1.611531e-02	1.527416e+01
3.223000e-05	-3.085159e-02	1.531534e+01
3.224000e-05	-3.678073e-02	1.537952e+01
3.225000e-05	-3.056304e-02	1.544363e+01
3.226000e-05	-1.987624e-02	1.547329e+01
3.227000e-05	-2.806122e-02	1.556732e+01
3.228000e-05	-3.555677e-02	1.556842e+01
3.229000e-05	-3.478472e-02	1.561950e+01
3.230000e-05	-2.947076e-02	1.558048e+01
3.231000e-05	-3.309781e-02	1.564055e+01
3.232000e-05	-4.659167e-02	1.567315e+01
3.233000e-05	-4.743802e-02	1.564210e+01
3.234000e-05	-4.271562e-02	1.564058e+01
3.235000e-05	-3.922391e-02	1.565168e+01
3.236000e-05	-5.295705e-02	1.562156e+01
3.237000e-05	-6.445954e-02	1.565145e+01
3.238000e-05	-6.764066e-02	1.555850e+01
3.239000e-05	-7.130889e-02	1.557889e+01
3.240000e-05	-8.784006e-02	1.553737e+01
3.241000e-05	-1.180552e-01	1.550329e+01
3.242000e-05	-1.484351e-01	1.545318e+01
3.243000e-05	-1.973465e-01	1.539003e+01
3.244000e-05	-2.458041e-01	1.535687e+01
3.245000e-05	-2.500000e-01	1.525284e+01
3.246000e-05	-2.500000e-01	1.523158e+01
3.247000e-05	-2.499893e-01	1.516789e+01
3.248000e-05	-2.153441e-01	1.510529e+01
3.249000e-05	-1.499223e-01	1.499055e+01
3.250000e-05	-1.108851e-01	1.489416e+01
3.251000e-05	-7.997362e-02	1.476850e+01
3.252000e-05	-5.631066e-02	1.469723e+01
3.253000e-05	-4.408196e-02	1.460903e+01
3.254000e-05	-4.342209e-02	1.449379e+01
3.255000e-05	-3.841297e-02	1.438852e+01
3.256000e-05	-2.930505e-02	1.425318e+01
3.257000e-05	-2.231521e-02	1.410581e+01
3.258000e-05	-2.643469e-02	1.396999e+01
3.259000e-05	-2.839632e-02	1.383070e+01
3.260000e-05	-2.303419e-02	1.370579e+01
3.261000e-05	-1.690453e-02	1.354884e+01
3.262000e-05	-1.784844e-02	1.338950e+01
3.263000e-05	-2.304448e-02	1.324263e+01
3.264000e-05	-2.156116e-02	1.308429e+01
3.265000e-05	-1.462993e-02	1.292537e+01
3.266000e-05	-1.325661e-02	1.274942e+01
3.267000e-05	-1.746286e-02	1.262807e+01
3.268000e-05	-2.037448e-02	1.241263e+01
3.269000e-05	-1.415894e-02	1.228366e+01
3.270000e-05	-1.110330e-02	1.206313e+01
3.271000e-05	-1.354718e-02	1.187258e+01
3.272000e-05	-1.897071e-02	1.164366e+01
3.273000e-05	-1.625712e-02	1.146113e+01
3.274000e-05	-1.046659e-02	1.124202e+01
3.275000e-05	-1.081689e-02	1.097058e+01
3.276000e-05	-1.438355e-02	1.079108e+01
3.277000e-05	-1.539697e-02	1.062002e+01
3.278000e-05	-1.085277e-02	1.033987e+01
3.279000e-05	-9.689210e-03	1.014742e+01
3.280000e-05	-1.179670e-02	9.934789e+00
3.281000e-05	-1.499708e-02	9.715207e+00
3.282000e-05	-1.200646e-02	9.493680e+00
3.283000e-05	-8.066221e-03	9.202054e+00
3.284000e-05	-9.959624e-03	9.017046e+00
3.285000e-05	-1.345785e-02	8.737841e+00
3.286000e-05	-1.253276e-02	8.496316e+00
3.287000e-05	-8.126527e-03	8.273812e+00
3.288000e-05	-7.269734e-03	8.003081e+00
3.289000e-05	-1.018347e-02	7.738422e+00
3.290000e-05	-1.232244e-02	7.473210e+00
3.291000e-05	-9.389275e-03	7.242625e+00
3.292000e-05	-7.216033e-03	6.968895e+00
3.293000e-05	-1.056725e-02	6.686310e+00
3.294000e-05	-1.188055e-02	6.381524e+00
3.295000e-05	-9.592026e-03	6.168420e+00
3.296000e-05	-6.632228e-03	5.906361e+00
3.297000e-05	-7.137905e-03	5.641003e+00
3.298000e-05	-1.021510e-02	5.371397e+00
3.299000e-05	-1.081288e-02	5.011078e+00
3.300000e-05	-7.307285e-03	4.736839e+00
3.301000e-05	-5.833095e-03	4.463533e+00
3.302000e-05	-8.903730e-03	4.187870e+00
3.303000e-05	-1.021212e-02	3.833610e+00
3.304000e-05	-8.396436e-03	3.650954e+00
3.305000e-05	-5.696076e-03	3.296759e+00
3.306000e-05	-7.210802e-03	3.041584e+00
3.307000e-05	-9.439085e-03	2.739847e+00
3.308000e-05	-8.401152e-03	2.472655e+00
3.309000e-05	-5.681845e-03	2.168872e+00
3.310000e-05	-4.896576e-03	1.906837e+00
3.311000e-05	-7.782791e-03	1.611119e+00
3.312000e-05	-8.327920e-03	1.295316e+00
3.313000e-05	-8.511339e-03	9.388697e-01
3.314000e-05	-3.431176e-03	6.546891e-01
3.315000e-05	-7.067816e-03	4.109514e-01
3.316000e-05	-3.260009e-03	8.468791e-02
3.317000e-05	-8.323040e-04	-2.189974e-01
3.318000e-05	1.246592e-02	-4.401026e-01
3.319000e-05	-3.184766e-03	-7.148883e-01
3.320000e-05	2.786655e-03	-9.889976e-01
3.321000e-05	-5.939308e-03	-1.252259e+00
3.322000e-05	1.069860e-03	-1.598997e+00
3.323000e-05	4.027432e-03	-1.841028e+00
3.324000e-05	4.179786e-02	-2.032080e+00
3.325000e-05	1.215804e-01	-2.355897e+00
3.326000e-05	-4.139921e-02	-2.746843e+00
3.327000e-05	-2.989283e-02	-3.106345e+00
3.328000e-05	-3.507439e-02	-3.430578e+00
3.329000e-05	-2.460665e-02	-3.619478e+00
3.330000e-05	-9.075921e-02	-3.906234e+00
3.331000e-05	9.231677e-02	-4.062159e+00
3.332000e-05	5.803141e-02	-4.244259e+00
3.333000e-05	-1.095700e-01	-4.621100e+00
3.334000e-05	1.924400e-01	-4.863182e+00
3.335000e-05	-1.529472e-01	-5.190468e+00
3.336000e-05	1.031228e-01	-5.576287e+00
3.337000e-05	-4.702773e-02	-5.756345e+00
3.338000e-05	-5.181646e-02	-6.091712e+00
3.339000e-05	1.559908e-01	-6.283786e+00
3.340000e-05	-1.271709e-01	-6.598974e+00
3.341000e-05	1.274541e-01	-6.864290e+00
3.342000e-05	-9.271451e-02	-7.145867e+00
3.343000e-05	2.674336e-02	-7.441159e+00
3.344000e-05	3.866912e-02	-7.702759e+00
3.345000e-05	-6.672093e-02	-7.971070e+00
3.346000e-05	1.404804e-01	-8.230051e+00
3.347000e-05	-1.121880e-01	-8.482233e+00
3.348000e-05	1.120200e-01	-8.737369e+00
3.349000e-05	-7.000010e-02	-8.969947e+00
3.350000e-05	9.115238e-03	-9.218500e+00
3.351000e-05	2.532000e-02	-9.400053e+00
3.352000e-05	-1.767814e-02	-9.704238e+00
3.353000e-05	9.420515e-02	-9.893163e+00
3.354000e-05	-7.162371e-02	-1.013534e+01
3.355000e-05	8.276530e-02	-1.034884e+01
3.356000e-05	-7.625623e-02	-1.057805e+01
3.357000e-05	6.918026e-02	-1.082002e+01
3.358000e-05	-3.508478e-02	-1.100898e+01
3.359000e-05	3.766541e-02	-1.121208e+01
3.360000e-05	6.617179e-03	-1.141051e+01
3.361000e-05	9.644800e-03	-1.166175e+01
3.362000e-05	2.331844e-02	-1.187071e+01
3.363000e-05	-2.174727e-02	-1.204371e+01
3.364000e-05	3.357007e-02	-1.225213e+01
3.365000e-05	-9.570890e-03	-1.244210e+01
3.366000e-05	5.036984e-02	-1.262008e+01
3.367000e-05	-1.532891e-02	-1.276847e+01
3.368000e-05	2.493374e-02	-1.294837e+01
3.369000e-05	-1.335226e-02	-1.311429e+01
3.370000e-05	2.699059e-02	-1.330379e+01
3.371000e-05	1.156633e-03	-1.340010e+01
3.372000e-05	2.313289e-02	-1.358955e+01
3.373000e-05	1.257648e-02	-1.371529e+01
3.374000e-05	2.173309e-02	-1.390529e+01
3.375000e-05	1.113391e-02	-1.403257e+01
3.376000e-05	4.648023e-03	-1.416839e+01
3.377000e-05	6.542845e-03	-1.429373e+01
3.378000e-05	1.425733e-02	-1.441955e+01
3.379000e-05	2.539748e-02	-1.451677e+01
3.380000e-05	1.577252e-02	-1.466168e+01
3.381000e-05	1.855008e-02	-1.477635e+01
3.382000e-05	9.085455e-03	-1.488210e+01
3.383000e-05	2.223867e-02	-1.492687e+01
3.384000e-05	1.248342e-02	-1.503013e+01
3.385000e-05	2.032017e-02	-1.511426e+01
3.386000e-05	1.450140e-02	-1.518797e+01
3.387000e-05	2.552158e-02	-1.524273e+01
3.388000e-05	1.929578e-02	-1.530477e+01
3.389000e-05	1.879891e-02	-1.535695e+01
3.390000e-05	1.536561e-02	-1.548163e+01
3.391000e-05	2.291524e-02	-1.553426e+01
3.392000e-05	2.820422e-02	-1.557439e+01
3.393000e-05	2.704075e-02	-1.558747e+01
3.394000e-05	2.648798e-02	-1.560908e+01
3.395000e-05	2.439931e-02	-1.563065e+01
3.396000e-05	2.946870e-02	-1.563363e+01
3.397000e-05	2.893372e-02	-1.570411e+01
3.398000e-05	3.176467e-02	-1.569323e+01
3.399000e-05	3.470161e-02	-1.570481e+01
3.400000e-05	4.229835e-02	-1.568428e+01
3.401000e-05	4.606927e-02	-1.565276e+01
3.402000e-05	4.687275e-02	-1.565318e+01
3.403000e-05	4.838367e-02	-1.565159e+01
3.404000e-05	5.840391e-02	-1.563113e+01
3.405000e-05	7.207817e-02	-1.560000e+01
3.406000e-05	8.812724e-02	-1.558692e+01
3.407000e-05	1.097757e-01	-1.551681e+01
3.408000e-05	1.474230e-01	-1.546416e+01
3.409000e-05	2.068670e-01	-1.542161e+01
3.410000e-05	2.486219e-01	-1.532737e+01
3.411000e-05	2.500000e-01	-1.528431e+01
3.412000e-05	2.500000e-01	-1.524005e+01
3.413000e-05	2.494609e-01	-1.514837e+01
3.414000e-05	2.038072e-01	-1.504273e+01
3.415000e-05	1.354388e-01	-1.498947e+01
3.416000e-05	8.967723e-02	-1.488224e+01
3.417000e-05	6.461199e-02	-1.484010e+01
3.418000e-05	5.103078e-02	-1.473586e+01
3.419000e-05	3.859878e-02	-1.461058e+01
3.420000e-05	2.900125e-02	-1.447321e+01
3.421000e-05	2.310654e-02	-1.437892e+01
3.422000e-05	2.178861e-02	-1.425161e+01
3.423000e-05	1.936870e-02	-1.412581e+01
3.424000e-05	1.368737e-02	-1.398849e+01
3.425000e-05	1.140843e-02	-1.383012e+01
3.426000e-05	1.253668e-02	-1.367423e+01
3.427000e-05	1.318697e-02	-1.355581e+01
3.428000e-05	1.154690e-02	-1.340897e+01
3.429000e-05	6.858621e-03	-1.324006e+01
3.430000e-05	5.849756e-03	-1.309424e+01
3.431000e-05	7.479215e-03	-1.294479e+01
3.432000e-05	7.275908e-03	-1.276642e+01
3.433000e-05	5.465791e-03	-1.259905e+01
3.434000e-05	3.818855e-03	-1.242155e+01
3.435000e-05	5.290293e-03	-1.222258e+01
3.436000e-05	5.255273e-03	-1.202103e+01
3.437000e-05	3.615281e-03	-1.184113e+01
3.438000e-05	6.910219e-04	-1.163155e+01
3.439000e-05	2.714378e-03	-1.136945e+01
3.440000e-05	4.219975e-03	-1.117742e+01
3.441000e-05	3.864922e-03	-1.097692e+01
3.442000e-05	8.249738e-04	-1.076897e+01
3.443000e-05	-3.281467e-04	-1.055794e+01
3.444000e-05	1.252507e-03	-1.033639e+01
3.445000e-05	1.470607e-03	-1.009466e+01
3.446000e-05	-2.530018e-04	-9.884661e+00
3.447000e-05	-1.176109e-03	-9.663661e+00
3.448000e-05	-1.193224e-04	-9.463085e+00
3.449000e-05	5.908290e-04	-9.191544e+00
3.450000e-05	-5.542060e-04	-8.947919e+00
3.451000e-05	-3.320454e-03	-8.707789e+00
3.452000e-05	-3.168991e-03	-8.482808e+00
3.453000e-05	-2.077137e-03	-8.262207e+00
3.454000e-05	-1.186447e-03	-7.979949e+00
3.455000e-05	-2.229456e-03	-7.666312e+00
3.456000e-05	-3.633283e-03	-7.442076e+00
3.457000e-05	-3.546810e-03	-7.128470e+00
3.458000e-05	-2.586884e-03	-6.914261e+00
3.459000e-05	-3.954335e-03	-6.652029e+00
3.460000e-05	-5.139859e-03	-6.390895e+00
3.461000e-05	-3.800523e-03	-6.116237e+00
3.462000e-05	-4.158555e-03	-5.822629e+00
3.463000e-05	-3.898912e-03	-5.588341e+00
3.464000e-05	-6.395331e-03	-5.273660e+00
3.465000e-05	-6.418726e-03	-4.947396e+00
3.466000e-05	-5.597153e-03	-4.622078e+00
3.467000e-05	-4.654065e-03	-4.369025e+00
3.468000e-05	-4.448610e-03	-4.137392e+00
3.469000e-05	-6.467921e-03	-3.902162e+00
3.470000e-05	-5.766767e-03	-3.579396e+00
3.471000e-05	-7.753868e-03	-3.334263e+00
3.472000e-05	-7.668260e-03	-2.999924e+00
3.473000e-05	-8.245315e-03	-2.636313e+00
3.474000e-05	-6.135569e-03	-2.432083e+00
3.475000e-05	-5.744584e-03	-2.099316e+00
3.476000e-05	-5.699239e-03	-1.892608e+00
3.477000e-05	-8.490034e-03	-1.588975e+00
3.478000e-05	-9.035728e-03	-1.231553e+00
3.479000e-05	-9.174048e-03	-8.963434e-01
3.480000e-05	-7.854648e-03	-6.525815e-01
3.481000e-05	-7.245998e-03	-3.568211e-01
3.482000e-05	-6.220307e-03	-8.263553e-02
3.483000e-05	3.927549e-03	2.210239e-01
3.484000e-05	5.953081e-04	4.842106e-01
3.485000e-05	-1.163775e-03	7.354634e-01
3.486000e-05	-2.221085e-03	1.001600e+00
3.487000e-05	-3.877300e-03	1.324787e+00
3.488000e-05	-1.783376e-03	1.662679e+00
3.489000e-05	2.309207e-03	1.904788e+00
3.490000e-05	2.260178e-02	2.104809e+00
3.491000e-05	8.828319e-02	2.418524e+00
3.492000e-05	1.069337e-02	2.768444e+00
3.493000e-05	-7.146262e-02	3.072657e+00
3.494000e-05	-3.317228e-02	3.337795e+00
3.495000e-05	-3.221122e-02	3.641605e+00
3.496000e-05	-4.021791e-02	3.884584e+00
3.497000e-05	-6.222126e-02	4.063636e+00
3.498000e-05	8.525292e-02	4.376920e+00
3.499000e-05	6.340571e-03	4.682782e+00
3.500000e-05	-5.021607e-02	4.903841e+00
3.501000e-05	1.368016e-01	5.250603e+00
3.502000e-05	-1.422803e-01	5.536338e+00
3.503000e-05	4.913260e-02	5.791425e+00
3.504000e-05	-3.089310e-02	6.082665e+00
3.505000e-05	1.099483e-02	6.335215e+00
3.506000e-05	3.569403e-02	6.641028e+00
3.507000e-05	-7.346289e-02	6.896214e+00
3.508000e-05	4.452485e-02	7.145841e+00
3.509000e-05	-5.814444e-02	7.471229e+00
3.510000e-05	3.622551e-02	7.756365e+00
3.511000e-05	-4.901048e-02	8.029555e+00
3.512000e-05	1.015884e-02	8.275266e+00
3.513000e-05	3.330379e-02	8.514762e+00
3.514000e-05	-3.477025e-02	8.735264e+00
3.515000e-05	1.617456e-02	8.958898e+00
3.516000e-05	-5.958127e-02	9.221070e+00
3.517000e-05	9.172864e-03	9.443607e+00
3.518000e-05	-1.836239e-03	9.662759e+00
3.519000e-05	1.406361e-02	9.894808e+00
3.520000e-05	-2.026848e-02	1.013592e+01
3.521000e-05	-1.678771e-02	1.039592e+01
3.522000e-05	5.797049e-03	1.056042e+01
3.523000e-05	-2.374581e-02	1.079950e+01
3.524000e-05	-9.116849e-03	1.098900e+01
3.525000e-05	-2.718655e-02	1.124055e+01
3.526000e-05	1.068374e-02	1.148063e+01
3.527000e-05	-5.183380e-03	1.166466e+01
3.528000e-05	-9.609828e-03	1.184213e+01
3.529000e-05	-3.286595e-02	1.209321e+01
3.530000e-05	-1.034051e-02	1.225316e+01
3.531000e-05	-2.512251e-03	1.243050e+01
3.532000e-05	-2.397849e-03	1.257897e+01
3.533000e-05	-1.825428e-02	1.277794e+01
3.534000e-05	-2.227288e-02	1.296587e+01
3.535000e-05	-8.868485e-03	1.311529e+01
3.536000e-05	-1.273734e-02	1.326421e+01
3.537000e-05	-2.024976e-02	1.342007e+01
3.538000e-05	-2.513213e-02	1.357602e+01
3.539000e-05	-4.269214e-03	1.374681e+01
3.540000e-05	-4.246558e-03	1.387266e+01
3.541000e-05	-1.142770e-02	1.401858e+01
3.542000e-05	-3.461574e-02	1.417684e+01
3.543000e-05	-2.149096e-02	1.431388e+01
3.544000e-05	-1.476877e-02	1.442205e+01
3.545000e-05	-1.123490e-02	1.454632e+01
3.546000e-05	-2.484770e-02	1.464163e+01
3.547000e-05	-2.465077e-02	1.476737e+01
3.548000e-05	-1.080570e-02	1.489163e+01
3.549000e-05	-1.706381e-02	1.494676e+01
3.550000e-05	-2.268407e-02	1.496997e+01
3.551000e-05	-3.384613e-02	1.510466e+01
3.552000e-05	-1.901116e-02	1.515742e+01
3.553000e-05	-1.856062e-02	1.522260e+01
3.554000e-05	-2.190097e-02	1.527433e+01
3.555000e-05	-3.642755e-02	1.534639e+01
3.556000e-05	-3.481145e-02	1.541103e+01
3.557000e-05	-2.340297e-02	1.545173e+01
3.558000e-05	-2.415911e-02	1.551372e+01
3.559000e-05	-3.041584e-02	1.554746e+01
3.560000e-05	-3.779670e-02	1.557792e+01
3.561000e-05	-2.922214e-02	1.559053e+01
3.562000e-05	-3.265010e-02	1.561115e+01
3.563000e-05	-4.002998e-02	1.564252e+01
3.564000e-05	-5.052686e-02	1.562121e+01
3.565000e-05	-4.454652e-02	1.564413e+01
3.566000e-05	-3.926325e-02	1.562160e+01
3.567000e-05	-4.469747e-02	1.562208e+01
3.568000e-05	-5.910972e-02	1.564158e+01
3.569000e-05	-6.788915e-02	1.563048e+01
3.570000e-05	-6.794048e-02	1.558897e+01
3.571000e-05	-8.029164e-02	1.552692e+01
3.572000e-05	-1.022399e-01	1.551589e+01
3.573000e-05	-1.348505e-01	1.545373e+01
3.574000e-05	-1.712001e-01	1.543021e+01
3.575000e-05	-2.283881e-01	1.535839e+01
3.576000e-05	-2.499248e-01	1.529633e+01
3.577000e-05	-2.500000e-01	1.527325e+01
3.578000e-05	-2.500000e-01	1.520005e+01
3.579000e-05	-2.409299e-01	1.515784e+01
3.580000e-05	-1.785585e-01	1.509258e+01
3.581000e-05	-1.258475e-01	1.494644e+01
3.582000e-05	-9.454881e-02	1.485211e+01
3.583000e-05	-6.539956e-02	1.475837e+01
3.584000e-05	-4.904149e-02	1.465008e+01
3.585000e-05	-4.314340e-02	1.453737e+01
3.586000e-05	-4.132629e-02	1.443260e+01
3.587000e-05	-3.219118e-02	1.433736e+01
3.588000e-05	-2.467151e-02	1.417955e+01
3.589000e-05	-2.361951e-02	1.401156e+01
3.590000e-05	-2.800054e-02	1.392581e+01
3.591000e-05	-2.618242e-02	1.375797e+01
3.592000e-05	-1.964482e-02	1.360107e+01
3.593000e-05	-1.628628e-02	1.345471e+01
3.594000e-05	-2.100455e-02	1.327332e+01
3.595000e-05	-2.175101e-02	1.315794e+01
3.596000e-05	-1.827797e-02	1.300853e+01
3.597000e-05	-1.256539e-02	1.284270e+01
3.598000e-05	-1.587990e-02	1.267418e+01
3.599000e-05	-1.885320e-02	1.247381e+01
3.600000e-05	-1.721061e-02	1.232631e+01
3.601000e-05	-1.269564e-02	1.214487e+01
3.602000e-05	-1.225614e-02	1.193781e+01
3.603000e-05	-1.780436e-02	1.174592e+01
3.604000e-05	-1.759599e-02	1.153686e+01
3.605000e-05	-1.370322e-02	1.131686e+01
3.606000e-05	-9.997504e-03	1.108572e+01
3.607000e-05	-1.212518e-02	1.086634e+01
3.608000e-05	-1.416338e-02	1.068579e+01
3.609000e-05	-1.288455e-02	1.049473e+01
3.610000e-05	-8.778956e-03	1.029258e+01
3.611000e-05	-1.079024e-02	1.002353e+01
3.612000e-05	-1.476252e-02	9.809995e+00
3.613000e-05	-1.478981e-02	9.559897e+00
3.614000e-05	-1.160798e-02	9.325340e+00
3.615000e-05	-9.309481e-03	9.097839e+00
3.616000e-05	-1.166089e-02	8.874034e+00
3.617000e-05	-1.275380e-02	8.640527e+00
3.618000e-05	-9.969330e-03	8.371024e+00
3.619000e-05	-6.362771e-03	8.137340e+00
3.620000e-05	-9.076183e-03	7.844183e+00
3.621000e-05	-1.308156e-02	7.611629e+00
3.622000e-05	-1.237968e-02	7.326817e+00
3.623000e-05	-8.537586e-03	7.073213e+00
3.624000e-05	-8.474430e-03	6.830481e+00
3.625000e-05	-1.153804e-02	6.567875e+00
3.626000e-05	-1.136928e-02	6.274211e+00
3.627000e-05	-8.380518e-03	5.973078e+00
3.628000e-05	-5.601588e-03	5.769896e+00
3.629000e-05	-8.089803e-03	5.454711e+00
3.630000e-05	-1.100724e-02	5.149501e+00
3.631000e-05	-9.294679e-03	4.823129e+00
3.632000e-05	-6.815911e-03	4.579820e+00
3.633000e-05	-7.707875e-03	4.285292e+00
3.634000e-05	-1.027014e-02	4.023026e+00
3.635000e-05	-1.009982e-02	3.708718e+00
3.636000e-05	-6.457777e-03	3.484235e+00
3.637000e-05	-5.183987e-03	3.149566e+00
3.638000e-05	-7.526496e-03	2.894261e+00
3.639000e-05	-8.752528e-03	2.610453e+00
3.640000e-05	-7.182744e-03	2.296239e+00
3.641000e-05	-5.181726e-03	2.022080e+00
3.642000e-05	-6.618737e-03	1.777321e+00
3.643000e-05	-9.120272e-03	1.452654e+00
3.644000e-05	-7.999185e-03	1.126842e+00
3.645000e-05	-4.352660e-03	8.114551e-01
3.646000e-05	-3.624388e-03	5.272869e-01
3.647000e-05	-5.685464e-03	2.522064e-01
3.648000e-05	-3.929207e-03	-7.368557e-02
3.649000e-05	8.257349e-03	-3.057670e-01
3.650000e-05	2.158931e-03	-5.880451e-01
3.651000e-05	2.285043e-03	-9.131607e-01
3.652000e-05	-3.081169e-03	-1.115319e+00
3.653000e-05	3.914407e-04	-1.463783e+00
3.654000e-05	-2.073242e-05	-1.674235e+00
3.655000e-05	2.080773e-02	-1.956822e+00
3.656000e-05	8.653764e-02	-2.228373e+00
3.657000e-05	6.032343e-02	-2.503366e+00
3.658000e-05	-7.608039e-02	-2.986249e+00
3.659000e-05	-3.263620e-03	-3.314762e+00
3.660000e-05	-4.494569e-02	-3.524815e+00
3.661000e-05	-3.859254e-02	-3.777395e+00
3.662000e-05	-5.547705e-02	-4.009074e+00
3.663000e-05	1.808395e-01	-4.147468e+00
3.664000e-05	-1.430086e-01	-4.461684e+00
3.665000e-05	1.259658e-01	-4.807465e+00
3.666000e-05	8.673636e-03	-5.029474e+00
3.667000e-05	-1.053529e-01	-5.388451e+00
3.668000e-05	1.396410e-01	-5.621557e+00
3.669000e-05	-1.748672e-01	-5.926387e+00
3.670000e-05	1.537431e-01	-6.210521e+00
3.671000e-05	-4.527500e-02	-6.421579e+00
3.672000e-05	-4.167666e-04	-6.796969e+00
3.673000e-05	6.587087e-02	-7.029572e+00
3.674000e-05	-1.159166e-01	-7.325885e+00
3.675000e-05	1.306100e-01	-7.537470e+00
3.676000e-05	-1.089515e-01	-7.851033e+00
3.677000e-05	1.049682e-01	-8.136416e+00
3.678000e-05	-1.092980e-02	-8.336292e+00
3.679000e-05	-1.579520e-02	-8.641581e+00
3.680000e-05	7.716956e-02	-8.831755e+00
3.681000e-05	-1.119388e-01	-9.125287e+00
3.682000e-05	9.998451e-02	-9.337316e+00
3.683000e-05	-7.574892e-02	-9.566970e+00
3.684000e-05	1.089725e-01	-9.818524e+00
3.685000e-05	-3.957661e-02	-9.990550e+00
3.686000e-05	3.341256e-02	-1.026166e+01
3.687000e-05	-3.268560e-03	-1.049324e+01
3.688000e-05	-1.632752e-02	-1.069434e+01
3.689000e-05	4.558846e-02	-1.087381e+01
3.690000e-05	-3.942301e-02	-1.113479e+01
3.691000e-05	6.755781e-02	-1.133446e+01
3.692000e-05	-3.430268e-02	-1.155639e+01
3.693000e-05	5.961757e-02	-1.174797e+01
3.694000e-05	-3.731625e-02	-1.196887e+01
3.695000e-05	3.366996e-02	-1.218744e+01
3.696000e-05	-1.193273e-02	-1.231635e+01
3.697000e-05	3.597847e-02	-1.252584e+01
3.698000e-05	7.241874e-03	-1.272531e+01
3.699000e-05	7.189567e-03	-1.287374e+01
3.700000e-05	7.064558e-03	-1.305066e+01
3.701000e-05	4.520422e-03	-1.323157e+01
3.702000e-05	2.231343e-02	-1.335652e+01
3.703000e-05	1.663060e-03	-1.353384e+01
3.704000e-05	2.721519e-02	-1.369024e+01
3.705000e-05	7.208390e-03	-1.383060e+01
3.706000e-05	2.652907e-02	-1.395950e+01
3.707000e-05	-3.238030e-03	-1.412423e+01
3.708000e-05	1.352547e-02	-1.420106e+01
3.709000e-05	3.207198e-03	-1.436787e+01
3.710000e-05	2.926204e-02	-1.449276e+01
3.711000e-05	1.490300e-02	-1.454795e+01
3.712000e-05	2.154299e-02	-1.471331e+01
3.713000e-05	8.389643e-03	-1.480900e+01
3.714000e-05	1.896984e-02	-1.490586e+01
3.715000e-05	1.551683e-02	-1.498700e+01
3.716000e-05	1.603427e-02	-1.507373e+01
3.717000e-05	1.799501e-02	-1.511589e+01
3.718000e-05	2.015236e-02	-1.522100e+01
3.719000e-05	2.599778e-02	-1.525273e+01
3.720000e-05	1.703930e-02	-1.534635e+01
3.721000e-05	1.800688e-02	-1.534958e+01
3.722000e-05	1.730668e-02	-1.547316e+01
3.723000e-05	2.905238e-02	-1.551579e+01
3.724000e-05	2.686481e-02	-1.558692e+01
3.725000e-05	2.665349e-02	-1.560897e+01
3.726000e-05	2.321620e-02	-1.562055e+01
3.727000e-05	2.805087e-02	-1.564161e+01
3.728000e-05	2.971073e-02	-1.565270e+01
3.729000e-05	3.006884e-02	-1.569423e+01
3.730000e-05	3.265064e-02	-1.570273e+01
3.731000e-05	3.797037e-02	-1.570373e+01
3.732000e-05	4.456225e-02	-1.566278e+01
3.733000e-05	4.617813e-02	-1.566331e+01
3.734000e-05	4.588597e-02	-1.567170e+01
3.735000e-05	5.373162e-02	-1.564063e+01
3.736000e-05	6.542514e-02	-1.563000e+01
3.737000e-05	8.087476e-02	-1.558842e+01
3.738000e-05	9.734396e-02	-1.555782e+01
3.739000e-05	1.271577e-01	-1.551433e+01
3.740000e-05	1.760366e-01	-1.544268e+01
3.741000e-05	2.363234e-01	-1.535792e+01
3.742000e-05	2.499500e-01	-1.530574e+01
3.743000e-05	2.500000e-01	-1.525473e+01
3.744000e-05	2.500000e-01	-1.518850e+01
3.745000e-05	2.342956e-01	-1.513476e+01
3.746000e-05	1.649507e-01	-1.498058e+01
3.747000e-05	1.065427e-01	-1.493687e+01
3.748000e-05	7.421173e-02	-1.485068e+01
3.749000e-05	5.585148e-02	-1.479849e+01
3.750000e-05	4.445814e-02	-1.468218e+01
3.751000e-05	3.346477e-02	-1.450690e+01
3.752000e-05	2.628844e-02	-1.442261e+01
3.753000e-05	2.183988e-02	-1.430484e+01
3.754000e-05	1.984548e-02	-1.414637e+01
3.755000e-05	1.666272e-02	-1.403125e+01
3.756000e-05	1.257094e-02	-1.389729e+01
3.757000e-05	1.151991e-02	-1.374697e+01
3.758000e-05	1.328806e-02	-1.360945e+01
3.759000e-05	1.252582e-02	-1.342168e+01
3.760000e-05	9.347318e-03	-1.328482e+01
3.761000e-05	6.184575e-03	-1.316689e+01
3.762000e-05	6.684169e-03	-1.300207e+01
3.763000e-05	7.760512e-03	-1.281158e+01
3.764000e-05	6.755038e-03	-1.265426e+01
3.765000e-05	4.625927e-03	-1.249479e+01
3.766000e-05	4.452873e-03	-1.233719e+01
3.767000e-05	4.679212e-03	-1.213529e+01
3.768000e-05	4.005434e-03	-1.193287e+01
3.769000e-05	2.394582e-03	-1.171529e+01
3.770000e-05	1.376682e-03	-1.146418e+01
3.771000e-05	2.964261e-03	-1.123321e+01
3.772000e-05	4.199073e-03	-1.106265e+01
3.773000e-05	2.939575e-03	-1.083314e+01
3.774000e-05	-3.264757e-05	-1.065268e+01
3.775000e-05	6.288452e-04	-1.039163e+01
3.776000e-05	1.289307e-03	-1.018853e+01
3.777000e-05	1.169891e-03	-9.989046e+00
3.778000e-05	-4.739582e-04	-9.758999e+00
3.779000e-05	-1.273893e-03	-9.538817e+00
3.780000e-05	9.168118e-04	-9.306741e+00
3.781000e-05	7.145794e-05	-9.052639e+00
3.782000e-05	-1.640172e-03	-8.822734e+00
3.783000e-05	-2.272636e-03	-8.608598e+00
3.784000e-05	-1.368576e-03	-8.349370e+00
3.785000e-05	-1.303531e-03	-8.114788e+00
3.786000e-05	-1.577341e-03	-7.831083e+00
3.787000e-05	-4.237277e-03	-7.578421e+00
3.788000e-05	-3.997746e-03	-7.305262e+00
3.789000e-05	-3.597320e-03	-7.059654e+00
3.790000e-05	-2.731199e-03	-6.748397e+00
3.791000e-05	-4.774963e-03	-6.524787e+00
3.792000e-05	-3.798077e-03	-6.232584e+00
3.793000e-05	-3.890237e-03	-5.978972e+00
3.794000e-05	-3.533250e-03	-5.724262e+00
3.795000e-05	-4.929320e-03	-5.410504e+00
3.796000e-05	-6.520271e-03	-5.144762e+00
3.797000e-05	-5.814759e-03	-4.777924e+00
3.798000e-05	-4.029728e-03	-4.454163e+00
3.799000e-05	-5.109687e-03	-4.264636e+00
3.800000e-05	-6.220091e-03	-4.000499e+00
3.801000e-05	-6.598434e-03	-3.686268e+00
3.802000e-05	-6.348936e-03	-3.421054e+00
3.803000e-05	-7.219854e-03	-3.176823e+00
3.804000e-05	-6.868583e-03	-2.799581e+00
3.805000e-05	-8.085230e-03	-2.559901e+00
3.806000e-05	-6.053768e-03	-2.294189e+00
3.807000e-05	-6.650003e-03	-1.968400e+00
3.808000e-05	-7.608396e-03	-1.695814e+00
3.809000e-05	-9.417887e-03	-1.371076e+00
3.810000e-05	-9.056278e-03	-1.063709e+00
3.811000e-05	-7.769192e-03	-8.290476e-01
3.812000e-05	-7.307866e-03	-4.652629e-01
3.813000e-05	-5.888433e-03	-2.204751e-01
3.814000e-05	-2.184782e-03	1.258283e-02
3.815000e-05	7.994756e-03	3.699459e-01
3.816000e-05	-6.206426e-03	6.205540e-01
3.817000e-05	7.676337e-04	8.726080e-01
3.818000e-05	-7.764041e-03	1.179022e+00
3.819000e-05	-1.129068e-04	1.493057e+00
3.820000e-05	-5.023861e-03	1.778999e+00
3.821000e-05	1.397840e-02	2.010001e+00
3.822000e-05	4.977289e-02	2.252104e+00
3.823000e-05	8.737026e-02	2.599924e+00
3.824000e-05	-7.285154e-02	2.915763e+00
3.825000e-05	-3.829365e-02	3.219601e+00
3.826000e-05	-4.466236e-02	3.506783e+00
3.827000e-05	-1.701098e-02	3.737342e+00
3.828000e-05	-7.559238e-02	3.967976e+00
3.829000e-05	4.349453e-03	4.221054e+00
3.830000e-05	1.084097e-01	4.545840e+00
3.831000e-05	-1.108321e-01	4.798474e+00
3.832000e-05	1.255137e-01	5.073078e+00
3.833000e-05	-4.001495e-02	5.421498e+00
3.834000e-05	-6.216469e-02	5.673258e+00
3.835000e-05	4.903237e-02	5.958865e+00
3.836000e-05	-5.644150e-02	6.240600e+00
3.837000e-05	7.225945e-02	6.475208e+00
3.838000e-05	-5.598313e-02	6.789393e+00
3.839000e-05	8.829718e-04	7.021552e+00
3.840000e-05	-6.025559e-03	7.324893e+00
3.841000e-05	-2.151332e-02	7.610067e+00
3.842000e-05	1.704248e-02	7.864233e+00
3.843000e-05	-5.398785e-02	8.177948e+00
3.844000e-05	5.528523e-02	8.400498e+00
3.845000e-05	-1.912844e-02	8.631027e+00
3.846000e-05	-5.989518e-03	8.861075e+00
3.847000e-05	-1.313983e-02	9.093212e+00
3.848000e-05	-4.874559e-02	9.375315e+00
3.849000e-05	3.182698e-02	9.577448e+00
3.850000e-05	-1.756551e-02	9.800575e+00
3.851000e-05	1.732535e-02	1.006115e+01
3.852000e-05	-4.197292e-02	1.024261e+01
3.853000e-05	1.270708e-02	1.046279e+01
3.854000e-05	-1.407060e-02	1.071376e+01
3.855000e-05	-1.683168e-02	1.093629e+01
3.856000e-05	-1.453215e-02	1.106574e+01
3.857000e-05	-1.839217e-02	1.135592e+01
3.858000e-05	1.745222e-02	1.158692e+01
3.859000e-05	-2.026130e-02	1.178794e+01
3.860000e-05	-1.140501e-02	1.195647e+01
3.861000e-05	-3.299490e-02	1.216639e+01
3.862000e-05	5.266605e-03	1.233681e+01
3.863000e-05	-5.387044e-03	1.249386e+01
3.864000e-05	-8.829408e-03	1.268376e+01
3.865000e-05	-2.328866e-02	1.288516e+01
3.866000e-05	-1.793364e-02	1.305968e+01
3.867000e-05	-4.700491e-03	1.322947e+01
3.868000e-05	-2.053275e-02	1.333895e+01
3.869000e-05	-1.998260e-02	1.352473e+01
3.870000e-05	-1.870833e-02	1.363309e+01
3.871000e-05	1.063080e-03	1.379905e+01
3.872000e-05	-1.083653e-02	1.396741e+01
3.873000e-05	-2.511737e-02	1.409471e+01
3.874000e-05	-3.118742e-02	1.426010e+01
3.875000e-05	-1.781507e-02	1.438745e+01
3.876000e-05	-7.959229e-03	1.447418e+01
3.877000e-05	-1.911345e-02	1.458150e+01
3.878000e-05	-2.424988e-02	1.472269e+01
3.879000e-05	-2.157564e-02	1.480900e+01
3.880000e-05	-1.286241e-02	1.489371e+01
3.881000e-05	-2.182528e-02	1.495545e+01
3.882000e-05	-3.031259e-02	1.506208e+01
3.883000e-05	-2.727478e-02	1.511739e+01
3.884000e-05	-1.750231e-02	1.519902e+01
3.885000e-05	-1.588550e-02	1.527318e+01
3.886000e-05	-3.169277e-02	1.530585e+01
3.887000e-05	-3.602488e-02	1.540995e+01
3.888000e-05	-3.084417e-02	1.544260e+01
3.889000e-05	-2.137168e-02	1.548429e+01
3.890000e-05	-2.834334e-02	1.553533e+01
3.891000e-05	-3.597814e-02	1.557955e+01
3.892000e-05	-3.412857e-02	1.561000e+01
3.893000e-05	-2.908581e-02	1.565105e+01
3.894000e-05	-3.276392e-02	1.563055e+01
3.895000e-05	-4.761923e-02	1.563266e+01
3.896000e-05	-4.761135e-02	1.563161e+01
3.897000e-05	-4.240542e-02	1.567161e+01
3.898000e-05	-3.978849e-02	1.567158e+01
3.899000e-05	-5.444065e-02	1.562353e+01
3.900000e-05	-6.566151e-02	1.562097e+01
3.901000e-05	-6.786059e-02	1.561055e+01
3.902000e-05	-7.203572e-02	1.557747e+01
3.903000e-05	-8.861723e-02	1.554541e+01
3.904000e-05	-1.196035e-01	1.549376e+01
3.905000e-05	-1.517126e-01	1.545273e+01
3.906000e-05	-2.013753e-01	1.536850e+01
3.907000e-05	-2.473193e-01	1.534634e+01
3.908000e-05	-2.499700e-01	1.528379e+01
3.909000e-05	-2.500000e-01	1.523065e+01
3.910000e-05	-2.499885e-01	1.516842e+01
3.911000e-05	-2.112858e-01	1.506574e+01
3.912000e-05	-1.459432e-01	1.501898e+01
3.913000e-05	-1.075857e-01	1.488276e+01
3.914000e-05	-7.816597e-02	1.476997e+01
3.915000e-05	-5.563741e-02	1.472331e+01
3.916000e-05	-4.340640e-02	1.459048e+01
3.917000e-05	-4.313475e-02	1.450273e+01
3.918000e-05	-3.714161e-02	1.436850e+01
3.919000e-05	-2.841882e-02	1.427371e+01
3.920000e-05	-2.200392e-02	1.412784e+01
3.921000e-05	-2.686258e-02	1.397949e+01
3.922000e-05	-2.810974e-02	1.379960e+01
3.923000e-05	-2.331633e-02	1.370276e+01
3.924000e-05	-1.666527e-02	1.352839e+01
3.925000e-05	-1.789384e-02	1.339805e+01
3.926000e-05	-2.106082e-02	1.322160e+01
3.927000e-05	-2.080842e-02	1.306376e+01
3.928000e-05	-1.443892e-02	1.289581e+01
3.929000e-05	-1.378524e-02	1.274734e+01
3.930000e-05	-1.814292e-02	1.259745e+01
3.931000e-05	-2.048069e-02	1.236098e+01
3.932000e-05	-1.484726e-02	1.223115e+01
3.933000e-05	-1.125251e-02	1.206218e+01
3.934000e-05	-1.280898e-02	1.185220e+01
3.935000e-05	-1.789727e-02	1.160153e+01
3.936000e-05	-1.578128e-02	1.140108e+01
3.937000e-05	-1.119267e-02	1.123107e+01
3.938000e-05	-1.094528e-02	1.100002e+01
3.939000e-05	-1.509180e-02	1.078042e+01
3.940000e-05	-1.522513e-02	1.057802e+01
3.941000e-05	-1.170366e-02	1.034842e+01
3.942000e-05	-9.336008e-03	1.010592e+01
3.943000e-05	-1.181261e-02	9.866815e+00
3.944000e-05	-1.528462e-02	9.624255e+00
3.945000e-05	-1.236498e-02	9.442555e+00
3.946000e-05	-8.806666e-03	9.181598e+00
3.947000e-05	-9.273926e-03	9.010047e+00
3.948000e-05	-1.307365e-02	8.726391e+00
3.949000e-05	-1.322430e-02	8.513737e+00
3.950000e-05	-9.643811e-03	8.243634e+00
3.951000e-05	-7.827896e-03	7.971049e+00
3.952000e-05	-1.023454e-02	7.748895e+00
3.953000e-05	-1.200705e-02	7.453657e+00
3.954000e-05	-9.526056e-03	7.182473e+00
3.955000e-05	-7.163510e-03	6.967420e+00
3.956000e-05	-9.082246e-03	6.664789e+00
3.957000e-05	-1.271623e-02	6.431578e+00
3.958000e-05	-1.079842e-02	6.139969e+00
3.959000e-05	-7.121928e-03	5.893658e+00
3.960000e-05	-6.954194e-03	5.602000e+00
3.961000e-05	-9.859242e-03	5.318913e+00
3.962000e-05	-1.096463e-02	4.981022e+00
3.963000e-05	-8.165195e-03	4.704238e+00
3.964000e-05	-6.630087e-03	4.451105e+00
3.965000e-05	-7.543960e-03	4.137846e+00
3.966000e-05	-9.784789e-03	3.862135e+00
3.967000e-05	-7.667849e-03	3.599951e+00
3.968000e-05	-5.374271e-03	3.274712e+00
3.969000e-05	-6.965751e-03	3.039051e+00
3.970000e-05	-8.982868e-03	2.778892e+00
3.971000e-05	-9.178565e-03	2.423654e+00
3.972000e-05	-6.068710e-03	2.166873e+00
3.973000e-05	-5.250933e-03	1.875242e+00
3.974000e-05	-6.685426e-03	1.618946e+00
3.975000e-05	-8.086592e-03	1.325233e+00
3.976000e-05	-6.007790e-03	9.083408e-01
3.977000e-05	-4.218899e-03	6.420817e-01
3.978000e-05	-4.791167e-03	3.799711e-01
3.979000e-05	-4.878120e-03	6.358540e-02
3.980000e-05	-9.942255e-06	-1.984712e-01
3.981000e-05	1.052510e-02	-4.705803e-01
3.982000e-05	-2.269601e-03	-7.573672e-01
3.983000e-05	4.582967e-03	-1.019523e+00
3.984000e-05	-3.700317e-03	-1.332287e+00
3.985000e-05	3.264032e-03	-1.588976e+00
3.986000e-05	6.253754e-03	-1.852029e+00
3.987000e-05	4.469615e-02	-2.040130e+00
3.988000e-05	1.205355e-01	-2.429942e+00
3.989000e-05	-5.370844e-02	-2.777395e+00
3.990000e-05	-2.381701e-02	-3.187596e+00
3.991000e-05	-3.912380e-02	-3.440607e+00
3.992000e-05	-2.150383e-02	-3.630156e+00
3.993000e-05	-9.335193e-02	-3.884241e+00
3.994000e-05	1.110692e-01	-4.094186e+00
3.995000e-05	2.899864e-02	-4.294211e+00
3.996000e-05	-8.686107e-02	-4.679629e+00
3.997000e-05	1.905098e-01	-4.883159e+00
3.998000e-05	-1.628459e-01	-5.210027e+00
3.999000e-05	1.194619e-01	-5.535972e+00
4.000000e-05	-7.410840e-02	-5.777919e+00
4.001000e-05	-1.994025e-02	-6.093716e+00
4.002000e-05	1.392012e-01	-6.326237e+00
4.003000e-05	-1.223113e-01	-6.640578e+00
4.004000e-05	1.331074e-01	-6.884766e+00
4.005000e-05	-1.070174e-01	-7.188376e+00
4.006000e-05	4.754868e-02	-7.492734e+00
4.007000e-05	1.689855e-02	-7.755788e+00
4.008000e-05	-4.897394e-02	-8.029051e+00
4.009000e-05	1.298837e-01	-8.252003e+00
4.010000e-05	-1.117301e-01	-8.453313e+00
4.011000e-05	1.187160e-01	-8.768873e+00
4.012000e-05	-8.641858e-02	-8.999475e+00
4.013000e-05	2.701163e-02	-9.230233e+00
4.014000e-05	1.058885e-02	-9.431683e+00
4.015000e-05	-1.264613e-03	-9.704238e+00
4.016000e-05	8.098022e-02	-9.875762e+00
4.017000e-05	-6.552437e-02	-1.015687e+01
4.018000e-05	7.842297e-02	-1.036742e+01
4.019000e-05	-7.700772e-02	-1.059905e+01
4.020000e-05	7.464179e-02	-1.083008e+01
4.021000e-05	-4.326472e-02	-1.102003e+01
4.022000e-05	4.844243e-02	-1.125005e+01
4.023000e-05	-2.317006e-03	-1.145153e+01
4.024000e-05	1.949732e-02	-1.170276e+01
4.025000e-05	1.246299e-02	-1.186573e+01
4.026000e-05	-1.582835e-02	-1.208469e+01
4.027000e-05	2.892315e-02	-1.224311e+01
4.028000e-05	-4.702610e-03	-1.249218e+01
4.029000e-05	4.763624e-02	-1.261960e+01
4.030000e-05	-1.512855e-02	-1.278952e+01
4.031000e-05	2.527389e-02	-1.297900e+01
4.032000e-05	-1.437863e-02	-1.310481e+01
4.033000e-05	2.761628e-02	-1.328529e+01
4.034000e-05	-1.840822e-03	-1.342163e+01
4.035000e-05	2.594737e-02	-1.358953e+01
4.036000e-05	1.152392e-02	-1.370682e+01
4.037000e-05	2.548652e-02	-1.390639e+01
4.038000e-05	7.565503e-03	-1.402103e+01
4.039000e-05	5.434206e-03	-1.414742e+01
4.040000e-05	5.510998e-03	-1.431231e+01
4.041000e-05	1.722231e-02	-1.444100e+01
4.042000e-05	2.373220e-02	-1.449739e+01
4.043000e-05	1.710885e-02	-1.467116e+01
4.044000e-05	1.837216e-02	-1.473742e+01
4.045000e-05	1.093594e-02	-1.482303e+01
4.046000e-05	2.199238e-02	-1.492734e+01
4.047000e-05	1.174695e-02	-1.499858e+01
4.048000e-05	2.003145e-02	-1.508634e+01
4.049000e-05	1.501969e-02	-1.519792e+01
4.050000e-05	2.707370e-02	-1.525318e+01
4.051000e-05	1.741730e-02	-1.530584e+01
4.052000e-05	1.819599e-02	-1.535950e+01
4.053000e-05	1.476085e-02	-1.544223e+01
4.054000e-05	2.498840e-02	-1.551326e+01
4.055000e-05	2.845179e-02	-1.553489e+01
4.056000e-05	2.724648e-02	-1.559837e+01
4.057000e-05	2.521439e-02	-1.558005e+01
4.058000e-05	2.598479e-02	-1.562956e+01
4.059000e-05	2.986164e-02	-1.565358e+01
4.060000e-05	2.843068e-02	-1.564273e+01
4.061000e-05	3.037553e-02	-1.567526e+01
4.062000e-05	3.467098e-02	-1.570366e+01
4.063000e-05	4.281600e-02	-1.563378e+01
4.064000e-05	4.569229e-02	-1.567521e+01
4.065000e-05	4.522057e-02	-1.566276e+01
4.066000e-05	4.977636e-02	-1.565118e+01
4.067000e-05	5.803037e-02	-1.562165e+01
4.068000e-05	7.512907e-02	-1.560905e+01
4.069000e-05	8.630633e-02	-1.556842e+01
4.070000e-05	1.124457e-01	-1.556681e+01
4.071000e-05	1.511366e-01	-1.550526e+01
4.072000e-05	2.090205e-01	-1.541096e+01
4.073000e-05	2.491905e-01	-1.533477e+01
4.074000e-05	2.500000e-01	-1.526368e+01
4.075000e-05	2.500000e-01	-1.521151e+01
4.076000e-05	2.484496e-01	-1.513637e+01
4.077000e-05	1.999196e-01	-1.504266e+01
4.078000e-05	1.321526e-01	-1.495690e+01
4.079000e-05	8.863968e-02	-1.488474e+01
4.080000e-05	6.349779e-02	-1.483013e+01
4.081000e-05	4.896597e-02	-1.474679e+01
4.082000e-05	3.647676e-02	-1.461058e+01
4.083000e-05	2.683287e-02	-1.447379e+01
4.084000e-05	2.322580e-02	-1.433602e+01
4.085000e-05	2.217273e-02	-1.422271e+01
4.086000e-05	1.988381e-02	-1.411481e+01
4.087000e-05	1.341044e-02	-1.400097e+01
4.088000e-05	1.171544e-02	-1.386013e+01
4.089000e-05	1.240581e-02	-1.368324e+01
4.090000e-05	1.345240e-02	-1.352634e+01
4.091000e-05	9.214339e-03	-1.336898e+01
4.092000e-05	6.836949e-03	-1.320165e+01
4.093000e-05	6.326634e-03	-1.307363e+01
4.094000e-05	9.184221e-03	-1.289587e+01
4.095000e-05	7.593408e-03	-1.272737e+01
4.096000e-05	5.140817e-03	-1.256945e+01
4.097000e-05	4.690780e-03	-1.238210e+01
4.098000e-05	5.326094e-03	-1.221058e+01
4.099000e-05	4.947844e-03	-1.200158e+01
4.100000e-05	2.537243e-03	-1.182055e+01
4.101000e-05	1.254409e-03	-1.159110e+01
4.102000e-05	2.582032e-03	-1.138642e+01
4.103000e-05	4.380986e-03	-1.116792e+01
4.104000e-05	2.947119e-03	-1.094587e+01
4.105000e-05	1.182607e-03	-1.070742e+01
4.106000e-05	1.194465e-03	-1.055535e+01
4.107000e-05	1.791880e-03	-1.032587e+01
4.108000e-05	1.052541e-03	-1.006426e+01
4.109000e-05	-1.411915e-03	-9.852609e+00
4.110000e-05	-4.129213e-04	-9.612209e+00
4.111000e-05	8.540080e-04	-9.409606e+00
4.112000e-05	9.969506e-04	-9.181047e+00
4.113000e-05	-2.068201e-03	-8.938870e+00
4.114000e-05	-3.052745e-03	-8.705813e+00
4.115000e-05	-2.226866e-03	-8.425106e+00
4.116000e-05	-2.529061e-04	-8.222079e+00
4.117000e-05	-1.448425e-03	-7.919451e+00
4.118000e-05	-3.637323e-03	-7.665736e+00
4.119000e-05	-3.518553e-03	-7.441579e+00
4.120000e-05	-3.452973e-03	-7.168326e+00
4.121000e-05	-3.520189e-03	-6.884685e+00
4.122000e-05	-4.191014e-03	-6.601075e+00
4.123000e-05	-4.747882e-03	-6.398971e+00
4.124000e-05	-2.731100e-03	-6.095240e+00
4.125000e-05	-3.818355e-03	-5.800551e+00
4.126000e-05	-4.574515e-03	-5.528922e+00
4.127000e-05	-6.826332e-03	-5.253083e+00
4.128000e-05	-5.648952e-03	-4.906266e+00
4.129000e-05	-5.157881e-03	-4.642004e+00
4.130000e-05	-4.747131e-03	-4.338923e+00
4.131000e-05	-5.389001e-03	-4.146818e+00
4.132000e-05	-6.743387e-03	-3.853629e+00
4.133000e-05	-5.690319e-03	-3.586876e+00
4.134000e-05	-6.377732e-03	-3.305711e+00
4.135000e-05	-7.039053e-03	-2.970920e+00
4.136000e-05	-9.075121e-03	-2.684712e+00
4.137000e-05	-6.360966e-03	-2.410581e+00
4.138000e-05	-5.770527e-03	-2.106214e+00
4.139000e-05	-6.103803e-03	-1.843130e+00
4.140000e-05	-9.183092e-03	-1.567425e+00
4.141000e-05	-7.962193e-03	-1.209099e+00
4.142000e-05	-8.763569e-03	-9.162895e-01
4.143000e-05	-7.493833e-03	-6.219839e-01
4.144000e-05	-8.514617e-03	-3.373158e-01
4.145000e-05	-7.087884e-03	-5.368666e-02
4.146000e-05	5.011742e-03	2.516289e-01
4.147000e-05	-3.440811e-05	5.152380e-01
4.148000e-05	-2.626928e-04	7.667921e-01
4.149000e-05	-2.527024e-03	1.032629e+00
4.150000e-05	-3.364543e-03	1.326866e+00
4.151000e-05	-2.910402e-03	1.683630e+00
4.152000e-05	2.730595e-03	1.925737e+00
4.153000e-05	2.371691e-02	2.135714e+00
4.154000e-05	9.211389e-02	2.379078e+00
4.155000e-05	-1.639328e-03	2.807046e+00
4.156000e-05	-6.813666e-02	3.063239e+00
4.157000e-05	-3.521015e-02	3.356844e+00
4.158000e-05	-2.909814e-02	3.661630e+00
4.159000e-05	-4.476079e-02	3.893260e+00
4.160000e-05	-5.852524e-02	4.034709e+00
4.161000e-05	9.415178e-02	4.356920e+00
4.162000e-05	-1.312440e-02	4.694237e+00
4.163000e-05	-2.928948e-02	4.866266e+00
4.164000e-05	1.233328e-01	5.272702e+00
4.165000e-05	-1.424820e-01	5.547391e+00
4.166000e-05	5.788694e-02	5.832023e+00
4.167000e-05	-3.894489e-02	6.116312e+00
4.168000e-05	2.251803e-02	6.336463e+00
4.169000e-05	2.485622e-02	6.652527e+00
4.170000e-05	-6.720609e-02	6.934792e+00
4.171000e-05	4.271466e-02	7.178541e+00
4.172000e-05	-5.933943e-02	7.474228e+00
4.173000e-05	3.931990e-02	7.747416e+00
4.174000e-05	-5.575058e-02	8.072678e+00
4.175000e-05	1.903737e-02	8.313762e+00
4.176000e-05	2.700003e-02	8.516263e+00
4.177000e-05	-3.318808e-02	8.716311e+00
4.178000e-05	1.572654e-02	8.999073e+00
4.179000e-05	-6.250937e-02	9.199630e+00
4.180000e-05	1.606014e-02	9.442128e+00
4.181000e-05	-7.293128e-03	9.724760e+00
4.182000e-05	1.613199e-02	9.944814e+00
4.183000e-05	-2.606554e-02	1.014744e+01
4.184000e-05	-1.162586e-02	1.035792e+01
4.185000e-05	4.469198e-03	1.060810e+01
4.186000e-05	-2.241670e-02	1.081050e+01
4.187000e-05	-8.548124e-03	1.100998e+01
4.188000e-05	-2.808455e-02	1.126058e+01
4.189000e-05	1.273367e-02	1.151118e+01
4.190000e-05	-8.839445e-03	1.167413e+01
4.191000e-05	-7.575096e-03	1.187368e+01
4.192000e-05	-3.411188e-02	1.208168e+01
4.193000e-05	-6.529178e-03	1.221216e+01
4.194000e-05	-3.501327e-03	1.240103e+01
4.195000e-05	-3.136443e-03	1.262103e+01
4.196000e-05	-2.048202e-02	1.280890e+01
4.197000e-05	-2.091279e-02	1.295689e+01
4.198000e-05	-7.367826e-03	1.310521e+01
4.199000e-05	-1.357324e-02	1.331321e+01
4.200000e-05	-1.821512e-02	1.343955e+01
4.201000e-05	-2.717141e-02	1.358852e+01
4.202000e-05	-2.484091e-03	1.373689e+01
4.203000e-05	-8.883949e-03	1.389326e+01
4.204000e-05	-1.287383e-02	1.399205e+01
4.205000e-05	-3.447072e-02	1.417887e+01
4.206000e-05	-2.076541e-02	1.429537e+01
4.207000e-05	-1.254002e-02	1.443905e+01
4.208000e-05	-1.106936e-02	1.452842e+01
4.209000e-05	-2.343588e-02	1.467058e+01
4.210000e-05	-2.616313e-02	1.473695e+01
4.211000e-05	-1.319186e-02	1.488266e+01
4.212000e-05	-1.915773e-02	1.493626e+01
4.213000e-05	-2.329380e-02	1.498997e+01
4.214000e-05	-3.389143e-02	1.508574e+01
4.215000e-05	-1.950061e-02	1.519847e+01
4.216000e-05	-1.745948e-02	1.521315e+01
4.217000e-05	-2.253686e-02	1.531486e+01
4.218000e-05	-3.642756e-02	1.531787e+01
4.219000e-05	-3.497626e-02	1.543058e+01
4.220000e-05	-2.277265e-02	1.548271e+01
4.221000e-05	-2.508701e-02	1.549426e+01
4.222000e-05	-3.156338e-02	1.554744e+01
4.223000e-05	-3.934724e-02	1.558900e+01
4.224000e-05	-2.966082e-02	1.559005e+01
4.225000e-05	-3.173040e-02	1.558003e+01
4.226000e-05	-3.958736e-02	1.562005e+01
4.227000e-05	-4.904118e-02	1.562110e+01
4.228000e-05	-4.447078e-02	1.563313e+01
4.229000e-05	-3.905040e-02	1.564013e+01
4.230000e-05	-4.733068e-02	1.565205e+01
4.231000e-05	-6.029228e-02	1.565955e+01
4.232000e-05	-6.873038e-02	1.558103e+01
4.233000e-05	-6.849678e-02	1.560947e+01
4.234000e-05	-7.962248e-02	1.554637e+01
4.235000e-05	-1.040687e-01	1.550579e+01
4.236000e-05	-1.356679e-01	1.546481e+01
4.237000e-05	-1.748510e-01	1.542153e+01
4.238000e-05	-2.303889e-01	1.533794e+01
4.239000e-05	-2.499444e-01	1.528636e+01
4.240000e-05	-2.500000e-01	1.528270e+01
4.241000e-05	-2.500000e-01	1.520895e+01
4.242000e-05	-2.390514e-01	1.512529e+01
4.243000e-05	-1.741389e-01	1.502116e+01
4.244000e-05	-1.234428e-01	1.493684e+01
4.245000e-05	-9.203384e-02	1.482165e+01
4.246000e-05	-6.410966e-02	1.477689e+01
4.247000e-05	-4.716226e-02	1.461311e+01
4.248000e-05	-4.210645e-02	1.451534e+01
4.249000e-05	-4.110052e-02	1.444213e+01
4.250000e-05	-3.360217e-02	1.431519e+01
4.251000e-05	-2.438734e-02	1.416059e+01
4.252000e-05	-2.458686e-02	1.401055e+01
4.253000e-05	-2.794272e-02	1.387681e+01
4.254000e-05	-2.546638e-02	1.377592e+01
4.255000e-05	-1.911141e-02	1.362095e+01
4.256000e-05	-1.662802e-02	1.346263e+01
4.257000e-05	-2.053426e-02	1.329581e+01
4.258000e-05	-2.180641e-02	1.315839e+01
4.259000e-05	-1.771245e-02	1.302857e+01
4.260000e-05	-1.298638e-02	1.285107e+01
4.261000e-05	-1.641747e-02	1.267373e+01
4.262000e-05	-1.976447e-02	1.246331e+01
4.263000e-05	-1.847567e-02	1.232724e+01
4.264000e-05	-1.233477e-02	1.214536e+01
4.265000e-05	-1.260061e-02	1.190829e+01
4.266000e-05	-1.653541e-02	1.171629e+01
4.267000e-05	-1.715112e-02	1.154521e+01
4.268000e-05	-1.325350e-02	1.128577e+01
4.269000e-05	-9.592910e-03	1.107481e+01
4.270000e-05	-1.333740e-02	1.090366e+01
4.271000e-05	-1.708065e-02	1.068581e+01
4.272000e-05	-1.288392e-02	1.046463e+01
4.273000e-05	-1.044908e-02	1.026203e+01
4.274000e-05	-1.112687e-02	1.002155e+01
4.275000e-05	-1.459801e-02	9.787946e+00
4.276000e-05	-1.320373e-02	9.515838e+00
4.277000e-05	-1.014501e-02	9.336265e+00
4.278000e-05	-9.066080e-03	9.073787e+00
4.279000e-05	-1.285696e-02	8.822655e+00
4.280000e-05	-1.392024e-02	8.640574e+00
4.281000e-05	-1.013360e-02	8.349945e+00
4.282000e-05	-7.721912e-03	8.117767e+00
4.283000e-05	-9.358434e-03	7.874134e+00
4.284000e-05	-1.293606e-02	7.570473e+00
4.285000e-05	-1.098019e-02	7.326266e+00
4.286000e-05	-8.973650e-03	7.062154e+00
4.287000e-05	-7.619351e-03	6.788473e+00
4.288000e-05	-1.154441e-02	6.525863e+00
4.289000e-05	-1.075418e-02	6.243106e+00
4.290000e-05	-8.241802e-03	5.980504e+00
4.291000e-05	-6.802086e-03	5.739316e+00
4.292000e-05	-9.498618e-03	5.493158e+00
4.293000e-05	-1.163544e-02	5.145899e+00
4.294000e-05	-9.093641e-03	4.832049e+00
4.295000e-05	-6.144856e-03	4.548340e+00
4.296000e-05	-6.802161e-03	4.283816e+00
4.297000e-05	-9.656709e-03	3.970422e+00
4.298000e-05	-8.838666e-03	3.716811e+00
4.299000e-05	-6.111542e-03	3.452534e+00
4.300000e-05	-5.330189e-03	3.108818e+00
4.301000e-05	-8.136353e-03	2.865658e+00
4.302000e-05	-1.011449e-02	2.559971e+00
4.303000e-05	-6.901919e-03	2.294230e+00
4.304000e-05	-4.882899e-03	2.001075e+00
4.305000e-05	-5.515822e-03	1.687216e+00
4.306000e-05	-8.566461e-03	1.431581e+00
4.307000e-05	-6.727906e-03	1.116239e+00
4.308000e-05	-3.816095e-03	7.994498e-01
4.309000e-05	-3.200089e-03	5.052382e-01
4.310000e-05	-5.597635e-03	2.215513e-01
4.311000e-05	-4.886057e-03	-4.470927e-02
4.312000e-05	9.001837e-03	-3.458160e-01
4.313000e-05	1.721824e-03	-6.420277e-01
4.314000e-05	3.706189e-03	-8.532143e-01
4.315000e-05	-2.403093e-03	-1.145921e+00
4.316000e-05	1.778755e-03	-1.491739e+00
4.317000e-05	7.963985e-04	-1.715838e+00
4.318000e-05	2.363690e-02	-1.947917e+00
4.319000e-05	9.379907e-02	-2.219929e+00
4.320000e-05	4.577406e-02	-2.586945e+00
4.321000e-05	-7.225225e-02	-3.019476e+00
4.322000e-05	-5.587558e-03	-3.347338e+00
4.323000e-05	-4.303075e-02	-3.516371e+00
4.324000e-05	-4.451004e-02	-3.768048e+00
4.325000e-05	-3.972988e-02	-4.000552e+00
4.326000e-05	1.768171e-01	-4.178396e+00
4.327000e-05	-1.525889e-01	-4.451211e+00
4.328000e-05	1.384943e-01	-4.829047e+00
4.329000e-05	-2.375737e-02	-5.020130e+00
4.330000e-05	-7.759195e-02	-5.421154e+00
4.331000e-05	1.222903e-01	-5.653155e+00
4.332000e-05	-1.735892e-01	-5.925866e+00
4.333000e-05	1.649632e-01	-6.232051e+00
4.334000e-05	-6.567646e-02	-6.491205e+00
4.335000e-05	2.317207e-02	-6.807576e+00
4.336000e-05	4.490752e-02	-7.052154e+00
4.337000e-05	-1.020277e-01	-7.337521e+00
4.338000e-05	1.270966e-01	-7.577974e+00
4.339000e-05	-1.143428e-01	-7.884755e+00
4.340000e-05	1.192360e-01	-8.155417e+00
4.341000e-05	-3.293700e-02	-8.346420e+00
4.342000e-05	3.771914e-03	-8.662683e+00
4.343000e-05	5.971562e-02	-8.925308e+00
4.344000e-05	-1.015701e-01	-9.116887e+00
4.345000e-05	9.746308e-02	-9.345894e+00
4.346000e-05	-7.817786e-02	-9.569496e+00
4.347000e-05	1.159949e-01	-9.820083e+00
4.348000e-05	-5.290431e-02	-1.000768e+01
4.349000e-05	4.674448e-02	-1.032180e+01
4.350000e-05	-1.781716e-02	-1.054369e+01
4.351000e-05	-2.166691e-03	-1.069589e+01
4.352000e-05	3.451257e-02	-1.086429e+01
4.353000e-05	-3.113187e-02	-1.112876e+01
4.354000e-05	6.176553e-02	-1.131389e+01
4.355000e-05	-3.318234e-02	-1.157955e+01
4.356000e-05	5.876113e-02	-1.176852e+01
4.357000e-05	-3.928609e-02	-1.197895e+01
4.358000e-05	3.863091e-02	-1.221049e+01
4.359000e-05	-1.379308e-02	-1.238794e+01
4.360000e-05	4.216035e-02	-1.257744e+01
4.361000e-05	2.950665e-03	-1.270579e+01
4.362000e-05	1.059464e-02	-1.289524e+01
4.363000e-05	3.161639e-03	-1.304221e+01
4.364000e-05	6.220014e-03	-1.323060e+01
4.365000e-05	1.844636e-02	-1.334689e+01
4.366000e-05	4.284557e-03	-1.353741e+01
4.367000e-05	2.806096e-02	-1.364121e+01
4.368000e-05	9.703568e-03	-1.383216e+01
4.369000e-05	2.629269e-02	-1.400742e+01
4.370000e-05	-3.575880e-03	-1.409476e+01
4.371000e-05	1.397678e-02	-1.422063e+01
4.372000e-05	4.357662e-03	-1.436837e+01
4.373000e-05	2.874964e-02	-1.448479e+01
4.374000e-05	1.448327e-02	-1.454113e+01
4.375000e-05	2.152605e-02	-1.472584e+01
4.376000e-05	9.523464e-03	-1.480910e+01
4.377000e-05	1.886350e-02	-1.494579e+01
4.378000e-05	1.489574e-02	-1.496852e+01
4.379000e-05	1.697606e-02	-1.507223e+01
4.380000e-05	1.873651e-02	-1.517737e+01
4.381000e-05	2.174524e-02	-1.523106e+01
4.382000e-05	2.508211e-02	-1.527326e+01
4.383000e-05	1.581269e-02	-1.533682e+01
4.384000e-05	1.669691e-02	-1.542005e+01
4.385000e-05	1.674307e-02	-1.551366e+01
4.386000e-05	2.869828e-02	-1.554682e+01
4.387000e-05	2.656656e-02	-1.556745e+01
4.388000e-05	2.785331e-02	-1.557952e+01
4.389000e-05	2.463751e-02	-1.564008e+01
4.390000e-05	2.918028e-02	-1.565208e+01
4.391000e-05	2.952562e-02	-1.565213e+01
4.392000e-05	2.934279e-02	-1.567328e+01
4.393000e-05	3.195668e-02	-1.569426e+01
4.394000e-05	3.877125e-02	-1.567373e+01
4.395000e-05	4.451076e-02	-1.568276e+01
4.396000e-05	4.592067e-02	-1.568424e+01
4.397000e-05	4.632989e-02	-1.563361e+01
4.398000e-05	5.485895e-02	-1.562063e+01
4.399000e-05	6.616154e-02	-1.561063e+01
4.400000e-05	8.194326e-02	-1.556799e+01
4.401000e-05	9.870198e-02	-1.554587e+01
4.402000e-05	1.287045e-01	-1.549486e+01
4.403000e-05	1.790925e-01	-1.542263e+01
4.404000e-05	2.371357e-01	-1.536090e+01
4.405000e-05	2.499650e-01	-1.529524e+01
4.406000e-05	2.500000e-01	-1.524163e+01
4.407000e-05	2.500000e-01	-1.518852e+01
4.408000e-05	2.316308e-01	-1.510476e+01
4.409000e-05	1.611157e-01	-1.500065e+01
4.410000e-05	1.041078e-01	-1.493489e+01
4.411000e-05	7.331472e-02	-1.483063e+01
4.412000e-05	5.517544e-02	-1.474692e+01
4.413000e-05	4.194839e-02	-1.464366e+01
4.414000e-05	3.198291e-02	-1.452585e+01
4.415000e-05	2.458490e-02	-1.439053e+01
4.416000e-05	2.231061e-02	-1.429424e+01
4.417000e-05	2.002537e-02	-1.415797e+01
4.418000e-05	1.604640e-02	-1.402103e+01
4.419000e-05	1.126075e-02	-1.390381e+01
4.420000e-05	1.290118e-02	-1.374592e+01
4.421000e-05	1.347110e-02	-1.358957e+01
4.422000e-05	1.259224e-02	-1.343318e+01
4.423000e-05	8.410930e-03	-1.327379e+01
4.424000e-05	5.153898e-03	-1.314789e+01
4.425000e-05	7.106808e-03	-1.299905e+01
4.426000e-05	7.740524e-03	-1.280110e+01
4.427000e-05	6.123318e-03	-1.265366e+01
4.428000e-05	4.360500e-03	-1.248376e+01
4.429000e-05	5.725766e-03	-1.227524e+01
4.430000e-05	6.267922e-03	-1.212689e+01
4.431000e-05	3.783997e-03	-1.190587e+01
4.432000e-05	1.199148e-03	-1.171633e+01
4.433000e-05	1.252881e-03	-1.143366e+01
4.434000e-05	3.674426e-03	-1.122368e+01
4.435000e-05	4.163824e-03	-1.102111e+01
4.436000e-05	2.947052e-03	-1.082163e+01
4.437000e-05	1.591657e-03	-1.060958e+01
4.438000e-05	1.768356e-03	-1.045313e+01
4.439000e-05	2.269240e-03	-1.020798e+01
4.440000e-05	2.371031e-04	-9.960521e+00
4.441000e-05	-8.669305e-04	-9.747444e+00
4.442000e-05	-8.327028e-04	-9.497395e+00
4.443000e-05	1.199812e-03	-9.274182e+00
4.444000e-05	-5.318040e-04	-9.072684e+00
4.445000e-05	-2.529077e-03	-8.812598e+00
4.446000e-05	-2.826499e-03	-8.627473e+00
4.447000e-05	-6.686612e-04	-8.316342e+00
4.448000e-05	2.872578e-04	-8.092264e+00
4.449000e-05	-1.309662e-03	-7.802058e+00
4.450000e-05	-4.090116e-03	-7.557871e+00
4.451000e-05	-3.874473e-03	-7.265237e+00
4.452000e-05	-3.860422e-03	-7.011499e+00
4.453000e-05	-3.284380e-03	-6.738846e+00
4.454000e-05	-5.393104e-03	-6.464788e+00
4.455000e-05	-4.219726e-03	-6.202651e+00
4.456000e-05	-3.885779e-03	-5.957396e+00
4.457000e-05	-2.870391e-03	-5.664682e+00
4.458000e-05	-5.852908e-03	-5.378974e+00
4.459000e-05	-6.639308e-03	-5.085636e+00
4.460000e-05	-4.993039e-03	-4.717342e+00
4.461000e-05	-4.541213e-03	-4.464187e+00
4.462000e-05	-5.371873e-03	-4.221630e+00
4.463000e-05	-6.814723e-03	-4.000474e+00
4.464000e-05	-7.288819e-03	-3.662159e+00
4.465000e-05	-6.416677e-03	-3.389104e+00
4.466000e-05	-6.954175e-03	-3.148388e+00
4.467000e-05	-7.165989e-03	-2.830525e+00
4.468000e-05	-7.728033e-03	-2.546867e+00
4.469000e-05	-5.073674e-03	-2.213160e+00
4.470000e-05	-6.475381e-03	-1.978321e+00
4.471000e-05	-7.554578e-03	-1.666240e+00
4.472000e-05	-9.503736e-03	-1.348849e+00
4.473000e-05	-9.786379e-03	-1.062656e+00
4.474000e-05	-8.374814e-03	-7.794486e-01
4.475000e-05	-9.338259e-03	-4.630817e-01
4.476000e-05	-7.072429e-03	-1.794511e-01
4.477000e-05	-2.327347e-03	7.318302e-02
4.478000e-05	7.801072e-03	3.694724e-01
4.479000e-05	-4.969778e-03	6.225514e-01
4.480000e-05	2.308589e-03	8.732616e-01
4.481000e-05	-7.171542e-03	1.180500e+00
4.482000e-05	-7.074824e-04	1.512762e+00
4.483000e-05	-5.051921e-03	1.809474e+00
4.484000e-05	1.461571e-02	1.989978e+00
4.485000e-05	5.364843e-02	2.262662e+00
4.486000e-05	8.016631e-02	2.610974e+00
4.487000e-05	-7.587487e-02	2.936365e+00
4.488000e-05	-3.477462e-02	3.187578e+00
4.489000e-05	-4.267834e-02	3.556761e+00
4.490000e-05	-1.746801e-02	3.800471e+00
4.491000e-05	-7.691252e-02	3.999420e+00
4.492000e-05	1.474237e-02	4.251529e+00
4.493000e-05	1.009385e-01	4.566344e+00
4.494000e-05	-1.142795e-01	4.838549e+00
4.495000e-05	1.387947e-01	5.125260e+00
4.496000e-05	-6.160632e-02	5.470576e+00
4.497000e-05	-4.350935e-02	5.704235e+00
4.498000e-05	4.004768e-02	6.017945e+00
4.499000e-05	-5.067105e-02	6.232080e+00
4.500000e-05	7.309774e-02	6.474686e+00
4.501000e-05	-6.333019e-02	6.799524e+00
4.502000e-05	1.034841e-02	7.081129e+00
4.503000e-05	-1.658470e-02	7.345841e+00
4.504000e-05	-1.225473e-02	7.600548e+00
4.505000e-05	9.475839e-03	7.915808e+00
4.506000e-05	-4.624878e-02	8.210025e+00
4.507000e-05	5.566151e-02	8.409577e+00
4.508000e-05	-2.400901e-02	8.650551e+00
4.509000e-05	-1.364648e-03	8.864731e+00
4.510000e-05	-1.997873e-02	9.104784e+00
4.511000e-05	-4.141812e-02	9.356419e+00
4.512000e-05	2.955786e-02	9.587421e+00
4.513000e-05	-1.370765e-02	9.830000e+00
4.514000e-05	1.476884e-02	1.006318e+01
4.515000e-05	-4.119050e-02	1.027316e+01
4.516000e-05	1.185033e-02	1.048371e+01
4.517000e-05	-1.710032e-02	1.074576e+01
4.518000e-05	-1.378341e-02	1.092482e+01
4.519000e-05	-1.511893e-02	1.112577e+01
4.520000e-05	-1.375030e-02	1.134789e+01
4.521000e-05	1.609278e-02	1.155850e+01
4.522000e-05	-1.970274e-02	1.180797e+01
4.523000e-05	-1.440726e-02	1.199952e+01
4.524000e-05	-3.211365e-02	1.219745e+01
4.525000e-05	4.268719e-03	1.234692e+01
4.526000e-05	-4.614691e-03	1.254629e+01
4.527000e-05	-1.038432e-02	1.268521e+01
4.528000e-05	-2.247379e-02	1.289558e+01
4.529000e-05	-1.746313e-02	1.302070e+01
4.530000e-05	-5.573721e-03	1.321053e+01
4.531000e-05	-1.999986e-02	1.332682e+01
4.532000e-05	-2.086850e-02	1.353579e+01
4.533000e-05	-1.789614e-02	1.368220e+01
4.534000e-05	-3.217221e-04	1.382860e+01
4.535000e-05	-1.073870e-02	1.394744e+01
4.536000e-05	-2.686137e-02	1.409426e+01
4.537000e-05	-2.922271e-02	1.424225e+01
4.538000e-05	-1.764015e-02	1.440905e+01
4.539000e-05	-7.881285e-03	1.447323e+01
4.540000e-05	-2.015017e-02	1.461048e+01
4.541000e-05	-2.492007e-02	1.471487e+01
4.542000e-05	-2.025945e-02	1.478058e+01
4.543000e-05	-1.339879e-02	1.489579e+01
4.544000e-05	-2.158656e-02	1.494747e+01
4.545000e-05	-3.171764e-02	1.500311e+01
4.546000e-05	-2.604164e-02	1.517684e+01
4.547000e-05	-1.791723e-02	1.521202e+01
4.548000e-05	-1.644337e-02	1.526366e+01
4.549000e-05	-3.230118e-02	1.534686e+01
4.550000e-05	-3.585368e-02	1.541945e+01
4.551000e-05	-2.941503e-02	1.543113e+01
4.552000e-05	-2.094063e-02	1.547426e+01
4.553000e-05	-2.887689e-02	1.555536e+01
4.554000e-05	-3.690605e-02	1.561987e+01
4.555000e-05	-3.361380e-02	1.559045e+01
4.556000e-05	-3.067218e-02	1.557005e+01
4.557000e-05	-3.399787e-02	1.565000e+01
4.558000e-05	-4.768011e-02	1.563006e+01
4.559000e-05	-4.551017e-02	1.566303e+01
4.560000e-05	-4.181538e-02	1.565266e+01
4.561000e-05	-4.016779e-02	1.566158e+01
4.562000e-05	-5.491323e-02	1.561258e+01
4.563000e-05	-6.612625e-02	1.564308e+01
4.564000e-05	-6.828862e-02	1.559855e+01
4.565000e-05	-7.231681e-02	1.558789e+01
4.566000e-05	-8.998376e-02	1.548539e+01
4.567000e-05	-1.209620e-01	1.554531e+01
4.568000e-05	-1.536524e-01	1.545263e+01
4.569000e-05	-2.046008e-01	1.541097e+01
4.570000e-05	-2.479732e-01	1.534527e+01
4.571000e-05	-2.500000e-01	1.524276e+01
4.572000e-05	-2.500000e-01	1.524108e+01
4.573000e-05	-2.495664e-01	1.514792e+01
4.574000e-05	-2.062632e-01	1.511476e+01
4.575000e-05	-1.436995e-01	1.500955e+01
4.576000e-05	-1.063931e-01	1.487364e+01
4.577000e-05	-7.589788e-02	1.477940e+01
4.578000e-05	-5.393130e-02	1.467536e+01
4.579000e-05	-4.225905e-02	1.459040e+01
4.580000e-05	-4.227668e-02	1.448571e+01
4.581000e-05	-3.665162e-02	1.437902e+01
4.582000e-05	-2.960286e-02	1.426310e+01
4.583000e-05	-2.279069e-02	1.408529e+01
4.584000e-05	-2.645297e-02	1.395892e+01
4.585000e-05	-2.728975e-02	1.383260e+01
4.586000e-05	-2.203418e-02	1.366274e+01
4.587000e-05	-1.632745e-02	1.354687e+01
4.588000e-05	-1.851528e-02	1.336902e+01
4.589000e-05	-2.188802e-02	1.320053e+01
4.590000e-05	-2.112159e-02	1.303365e+01
4.591000e-05	-1.383359e-02	1.290524e+01
4.592000e-05	-1.445599e-02	1.272782e+01
4.593000e-05	-1.879554e-02	1.257797e+01
4.594000e-05	-1.979494e-02	1.237898e+01
4.595000e-05	-1.431530e-02	1.219913e+01
4.596000e-05	-1.177391e-02	1.201163e+01
4.597000e-05	-1.542662e-02	1.182056e+01
4.598000e-05	-1.819736e-02	1.162108e+01
4.599000e-05	-1.519877e-02	1.139003e+01
4.600000e-05	-1.030271e-02	1.119150e+01
4.601000e-05	-1.157472e-02	1.098744e+01
4.602000e-05	-1.519840e-02	1.076943e+01
4.603000e-05	-1.559994e-02	1.057790e+01
4.604000e-05	-1.134636e-02	1.031832e+01
4.605000e-05	-9.788237e-03	1.012634e+01
4.606000e-05	-1.239480e-02	9.884310e+00
4.607000e-05	-1.426986e-02	9.673583e+00
4.608000e-05	-1.238087e-02	9.441071e+00
4.609000e-05	-7.519871e-03	9.191424e+00
4.610000e-05	-1.147738e-02	8.976319e+00
4.611000e-05	-1.337324e-02	8.744811e+00
4.612000e-05	-1.295934e-02	8.515712e+00
4.613000e-05	-7.605249e-03	8.231158e+00
4.614000e-05	-8.694766e-03	7.991472e+00
4.615000e-05	-1.102869e-02	7.728418e+00
4.616000e-05	-1.339381e-02	7.462256e+00
4.617000e-05	-8.475187e-03	7.169999e+00
4.618000e-05	-7.397788e-03	6.946863e+00
4.619000e-05	-9.082281e-03	6.644230e+00
4.620000e-05	-1.200477e-02	6.389371e+00
4.621000e-05	-9.509192e-03	6.127843e+00
4.622000e-05	-6.916234e-03	5.874655e+00
4.623000e-05	-7.749190e-03	5.610476e+00
4.624000e-05	-1.046708e-02	5.276767e+00
4.625000e-05	-1.083178e-02	4.990901e+00
4.626000e-05	-6.742188e-03	4.664705e+00
4.627000e-05	-5.695172e-03	4.413101e+00
4.628000e-05	-8.428046e-03	4.136842e+00
4.629000e-05	-9.841744e-03	3.832630e+00
4.630000e-05	-7.209890e-03	3.579998e+00
4.631000e-05	-5.727989e-03	3.294687e+00
4.632000e-05	-6.806675e-03	2.991499e+00
4.633000e-05	-8.746627e-03	2.746837e+00
4.634000e-05	-8.715095e-03	2.461078e+00
4.635000e-05	-5.120183e-03	2.117293e+00
4.636000e-05	-5.510158e-03	1.855237e+00
4.637000e-05	-7.079171e-03	1.538966e+00
4.638000e-05	-7.458081e-03	1.274683e+00
4.639000e-05	-4.872387e-03	9.163181e-01
4.640000e-05	-3.577443e-03	6.230289e-01
4.641000e-05	-4.936275e-03	3.788974e-01
4.642000e-05	-4.571639e-03	8.250410e-02
4.643000e-05	2.041509e-03	-2.300276e-01
4.644000e-05	1.071656e-02	-4.842605e-01
4.645000e-05	-2.740556e-03	-7.904499e-01
4.646000e-05	2.596495e-03	-1.012056e+00
4.647000e-05	-3.959454e-03	-1.336341e+00
4.648000e-05	3.733388e-03	-1.610606e+00
4.649000e-05	8.053554e-03	-1.853108e+00
4.650000e-05	4.862853e-02	-2.094184e+00
4.651000e-05	1.182766e-01	-2.399523e+00
4.652000e-05	-6.155447e-02	-2.766971e+00
4.653000e-05	-1.700207e-02	-3.209052e+00
4.654000e-05	-4.329243e-02	-3.452606e+00
4.655000e-05	-2.161527e-02	-3.661183e+00
4.656000e-05	-9.666647e-02	-3.925712e+00
4.657000e-05	1.305917e-01	-4.115236e+00
4.658000e-05	-1.377648e-03	-4.295736e+00
4.659000e-05	-5.920000e-02	-4.652659e+00
4.660000e-05	1.826812e-01	-4.883764e+00
4.661000e-05	-1.690526e-01	-5.221129e+00
4.662000e-05	1.329814e-01	-5.578472e+00
4.663000e-05	-9.904779e-02	-5.818949e+00
4.664000e-05	1.138460e-02	-6.102789e+00
4.665000e-05	1.201217e-01	-6.306764e+00
4.666000e-05	-1.135299e-01	-6.671182e+00
4.667000e-05	1.352731e-01	-6.924866e+00
4.668000e-05	-1.205244e-01	-7.220546e+00
4.669000e-05	6.588013e-02	-7.463214e+00
4.670000e-05	-4.997009e-03	-7.735364e+00
4.671000e-05	-2.842313e-02	-8.060654e+00
4.672000e-05	1.169697e-01	-8.221608e+00
4.673000e-05	-1.082013e-01	-8.495338e+00
4.674000e-05	1.241071e-01	-8.758976e+00
4.675000e-05	-9.960544e-02	-9.001024e+00
4.676000e-05	4.344678e-02	-9.252108e+00
4.677000e-05	-7.279151e-03	-9.460653e+00
4.678000e-05	1.436176e-02	-9.755317e+00
4.679000e-05	6.555879e-02	-9.906363e+00
4.680000e-05	-5.453827e-02	-1.014855e+01
4.681000e-05	7.348521e-02	-1.037997e+01
4.682000e-05	-7.509658e-02	-1.062853e+01
4.683000e-05	7.610387e-02	-1.081010e+01
4.684000e-05	-4.911849e-02	-1.099952e+01
4.685000e-05	5.487857e-02	-1.128208e+01
4.686000e-05	-1.101192e-02	-1.145161e+01
4.687000e-05	2.728337e-02	-1.168381e+01
4.688000e-05	4.688784e-03	-1.189271e+01
4.689000e-05	-7.475128e-03	-1.205481e+01
4.690000e-05	2.293241e-02	-1.227266e+01
4.691000e-05	-1.009267e-03	-1.246328e+01
4.692000e-05	4.371529e-02	-1.262063e+01
4.693000e-05	-1.327763e-02	-1.281000e+01
4.694000e-05	2.455803e-02	-1.299852e+01
4.695000e-05	-1.289740e-02	-1.314689e+01
4.696000e-05	3.012068e-02	-1.328379e+01
4.697000e-05	-2.315129e-03	-1.341976e+01
4.698000e-05	2.665790e-02	-1.357948e+01
4.699000e-05	9.813535e-03	-1.373747e+01
4.700000e-05	2.639503e-02	-1.391489e+01
4.701000e-05	6.685126e-03	-1.404163e+01
4.702000e-05	7.490148e-03	-1.415805e+01
4.703000e-05	4.377989e-03	-1.430576e+01
4.704000e-05	1.865283e-02	-1.446108e+01
4.705000e-05	2.292165e-02	-1.455637e+01
4.706000e-05	1.752033e-02	-1.468218e+01
4.707000e-05	1.608636e-02	-1.475645e+01
4.708000e-05	1.122580e-02	-1.483315e+01
4.709000e-05	2.197661e-02	-1.494492e+01
4.710000e-05	1.217482e-02	-1.501113e+01
4.711000e-05	2.062601e-02	-1.507534e+01
4.712000e-05	1.538514e-02	-1.518897e+01
4.713000e-05	2.784931e-02	-1.525313e+01
4.714000e-05	1.748425e-02	-1.532584e+01
4.715000e-05	1.832563e-02	-1.536057e+01
4.716000e-05	1.412577e-02	-1.542076e+01
4.717000e-05	2.544616e-02	-1.551529e+01
4.718000e-05	2.859807e-02	-1.556684e+01
4.719000e-05	2.748562e-02	-1.557849e+01
4.720000e-05	2.549894e-02	-1.562003e+01
4.721000e-05	2.580356e-02	-1.562108e+01
4.722000e-05	2.950167e-02	-1.564121e+01
4.723000e-05	2.891000e-02	-1.570378e+01
4.724000e-05	3.024156e-02	-1.569619e+01
4.725000e-05	3.390968e-02	-1.570376e+01
4.726000e-05	4.294226e-02	-1.568421e+01
4.727000e-05	4.596942e-02	-1.567223e+01
4.728000e-05	4.618837e-02	-1.568321e+01
4.729000e-05	5.002597e-02	-1.566216e+01
4.730000e-05	6.119243e-02	-1.562215e+01
4.731000e-05	7.393195e-02	-1.557907e+01
4.732000e-05	8.852980e-02	-1.556842e+01
4.733000e-05	1.114353e-01	-1.552539e+01
4.734000e-05	1.532364e-01	-1.549268e+01
4.735000e-05	2.127643e-01	-1.542058e+01
4.736000e-05	2.496069e-01	-1.532792e+01
4.737000e-05	2.500000e-01	-1.526418e+01
4.738000e-05	2.500000e-01	-1.520103e+01
4.739000e-05	2.480057e-01	-1.513639e+01
4.740000e-05	1.940109e-01	-1.507116e+01
4.741000e-05	1.268502e-01	-1.499692e+01
4.742000e-05	8.469088e-02	-1.488276e+01
4.743000e-05	6.282636e-02	-1.481963e+01
4.744000e-05	4.882530e-02	-1.471589e+01
4.745000e-05	3.678863e-02	-1.460947e+01
4.746000e-05	2.722037e-02	-1.447364e+01
4.747000e-05	2.410490e-02	-1.432844e+01
4.748000e-05	2.146040e-02	-1.425066e+01
4.749000e-05	1.872258e-02	-1.409476e+01
4.750000e-05	1.264492e-02	-1.399949e+01
4.751000e-05	1.191443e-02	-1.383161e+01
4.752000e-05	1.266728e-02	-1.363416e+01
4.753000e-05	1.376945e-02	-1.353481e+01
4.754000e-05	8.916032e-03	-1.337802e+01
4.755000e-05	6.382077e-03	-1.322013e+01
4.756000e-05	7.142018e-03	-1.305318e+01
4.757000e-05	8.789234e-03	-1.290527e+01
4.758000e-05	7.202451e-03	-1.274639e+01
4.759000e-05	4.841647e-03	-1.258845e+01
4.760000e-05	4.741036e-03	-1.238004e+01
4.761000e-05	6.499344e-03	-1.221055e+01
4.762000e-05	5.343873e-03	-1.201000e+01
4.763000e-05	2.358294e-03	-1.179048e+01
4.764000e-05	1.270047e-03	-1.155942e+01
4.765000e-05	3.215745e-03	-1.134792e+01
4.766000e-05	4.601063e-03	-1.115587e+01
4.767000e-05	3.050980e-03	-1.091582e+01
4.768000e-05	1.887357e-03	-1.075739e+01
4.769000e-05	1.268049e-03	-1.056732e+01
4.770000e-05	2.120142e-03	-1.030537e+01
4.771000e-05	1.849182e-03	-1.009421e+01
4.772000e-05	-7.184788e-04	-9.861684e+00
4.773000e-05	-7.913431e-04	-9.621554e+00
4.774000e-05	3.894680e-04	-9.421055e+00
4.775000e-05	7.408693e-04	-9.179395e+00
4.776000e-05	-1.379310e-03	-8.906845e+00
4.777000e-05	-2.558786e-03	-8.695866e+00
4.778000e-05	-1.116874e-03	-8.443084e+00
4.779000e-05	5.928945e-04	-8.221526e+00
4.780000e-05	-1.454574e-03	-7.948421e+00
4.781000e-05	-3.025094e-03	-7.684682e+00
4.782000e-05	-3.355076e-03	-7.399526e+00
4.783000e-05	-3.046158e-03	-7.108920e+00
4.784000e-05	-2.363888e-03	-6.843208e+00
4.785000e-05	-4.990818e-03	-6.631025e+00
4.786000e-05	-4.560064e-03	-6.326395e+00
4.787000e-05	-2.974072e-03	-6.064183e+00
4.788000e-05	-3.891002e-03	-5.811575e+00
4.789000e-05	-3.856943e-03	-5.536942e+00
4.790000e-05	-7.112795e-03	-5.240029e+00
4.791000e-05	-5.052695e-03	-4.934812e+00
4.792000e-05	-4.238036e-03	-4.600424e+00
4.793000e-05	-5.332337e-03	-4.367944e+00
4.794000e-05	-6.186146e-03	-4.116311e+00
4.795000e-05	-7.468704e-03	-3.832580e+00
4.796000e-05	-5.039885e-03	-3.527818e+00
4.797000e-05	-7.558765e-03	-3.305158e+00
4.798000e-05	-6.653998e-03	-2.938946e+00
4.799000e-05	-9.201297e-03	-2.664208e+00
4.800000e-05	-5.295141e-03	-2.391576e+00
4.801000e-05	-6.181213e-03	-2.116237e+00
4.802000e-05	-6.695632e-03	-1.821604e+00
4.803000e-05	-9.884378e-03	-1.547324e+00
4.804000e-05	-8.426224e-03	-1.209471e+00
4.805000e-05	-8.463406e-03	-8.642920e-01
4.806000e-05	-8.294452e-03	-6.115450e-01
4.807000e-05	-8.937894e-03	-2.863394e-01
4.808000e-05	-6.236011e-03	-3.265533e-02
4.809000e-05	6.436061e-03	2.820516e-01
4.810000e-05	-1.117934e-03	5.331869e-01
4.811000e-05	1.633069e-04	7.579172e-01
4.812000e-05	-4.043154e-03	1.083655e+00
4.813000e-05	-2.122039e-03	1.357314e+00
4.814000e-05	-2.347311e-03	1.684709e+00
4.815000e-05	4.367819e-03	1.936866e+00
4.816000e-05	2.498586e-02	2.136817e+00
4.817000e-05	9.617204e-02	2.419555e+00
4.818000e-05	-1.334665e-02	2.830099e+00
4.819000e-05	-6.265344e-02	3.102734e+00
4.820000e-05	-3.724153e-02	3.397948e+00
4.821000e-05	-2.768119e-02	3.683732e+00
4.822000e-05	-5.080717e-02	3.944786e+00
4.823000e-05	-5.175885e-02	4.105788e+00
4.824000e-05	1.023876e-01	4.428024e+00
4.825000e-05	-3.045638e-02	4.684307e+00
4.826000e-05	-6.299039e-03	4.937319e+00
4.827000e-05	1.073452e-01	5.303233e+00
4.828000e-05	-1.404483e-01	5.587866e+00
4.829000e-05	6.242068e-02	5.890554e+00
4.830000e-05	-4.735973e-02	6.144365e+00
4.831000e-05	3.342185e-02	6.346841e+00
4.832000e-05	1.441201e-02	6.693104e+00
4.833000e-05	-5.987575e-02	6.937367e+00
4.834000e-05	4.059467e-02	7.189974e+00
4.835000e-05	-5.799368e-02	7.444159e+00
4.836000e-05	4.281782e-02	7.767944e+00
4.837000e-05	-6.003711e-02	8.072179e+00
4.838000e-05	2.656187e-02	8.274815e+00
4.839000e-05	2.136208e-02	8.546293e+00
4.840000e-05	-3.126854e-02	8.726966e+00
4.841000e-05	1.444693e-02	9.017897e+00
4.842000e-05	-6.484620e-02	9.251158e+00
4.843000e-05	2.263383e-02	9.452732e+00
4.844000e-05	-1.052321e-02	9.736318e+00
4.845000e-05	2.047084e-02	9.955837e+00
4.846000e-05	-3.096955e-02	1.018800e+01
4.847000e-05	-7.880812e-03	1.041897e+01
4.848000e-05	1.078953e-03	1.063055e+01
4.849000e-05	-2.354090e-02	1.083108e+01
4.850000e-05	-9.629888e-03	1.101153e+01
4.851000e-05	-2.755804e-02	1.123413e+01
4.852000e-05	1.740977e-02	1.144276e+01
4.853000e-05	-1.036517e-02	1.163471e+01
4.854000e-05	-6.780009e-03	1.187216e+01
4.855000e-05	-3.689154e-02	1.211324e+01
4.856000e-05	-5.072585e-03	1.223261e+01
4.857000e-05	-4.675808e-03	1.246165e+01
4.858000e-05	-3.989739e-03	1.263048e+01
4.859000e-05	-2.165070e-02	1.275945e+01
4.860000e-05	-2.154703e-02	1.295797e+01
4.861000e-05	-6.139333e-03	1.313529e+01
4.862000e-05	-1.477663e-02	1.327368e+01
4.863000e-05	-1.724902e-02	1.341953e+01
4.864000e-05	-2.698360e-02	1.361000e+01
4.865000e-05	-1.381024e-03	1.372642e+01
4.866000e-05	-8.297213e-03	1.386418e+01
4.867000e-05	-1.469843e-02	1.404103e+01
4.868000e-05	-3.534661e-02	1.415737e+01
4.869000e-05	-2.232922e-02	1.431531e+01
4.870000e-05	-1.173877e-02	1.443113e+01
4.871000e-05	-1.225167e-02	1.454742e+01
4.872000e-05	-2.250475e-02	1.464108e+01
4.873000e-05	-2.538855e-02	1.477850e+01
4.874000e-05	-1.162805e-02	1.487311e+01
4.875000e-05	-1.955262e-02	1.492739e+01
4.876000e-05	-2.501302e-02	1.500006e+01
4.877000e-05	-3.493198e-02	1.513526e+01
4.878000e-05	-1.920514e-02	1.517902e+01
4.879000e-05	-1.671617e-02	1.525008e+01
4.880000e-05	-2.262157e-02	1.528429e+01
4.881000e-05	-3.636299e-02	1.534689e+01
4.882000e-05	-3.450342e-02	1.540960e+01
4.883000e-05	-2.202909e-02	1.548368e+01
4.884000e-05	-2.615193e-02	1.551474e+01
4.885000e-05	-3.196869e-02	1.554789e+01
4.886000e-05	-3.805321e-02	1.557802e+01
4.887000e-05	-2.898133e-02	1.560000e+01
4.888000e-05	-3.172740e-02	1.561160e+01
4.889000e-05	-4.090548e-02	1.563055e+01
4.890000e-05	-4.930376e-02	1.564260e+01
4.891000e-05	-4.462868e-02	1.566208e+01
4.892000e-05	-3.818430e-02	1.563216e+01
4.893000e-05	-4.702179e-02	1.562205e+01
4.894000e-05	-6.002880e-02	1.563205e+01
4.895000e-05	-6.813691e-02	1.559902e+01
4.896000e-05	-6.859104e-02	1.560992e+01
4.897000e-05	-8.079960e-02	1.556794e+01
4.898000e-05	-1.059779e-01	1.548629e+01
4.899000e-05	-1.382182e-01	1.549328e+01
4.900000e-05	-1.780205e-01	1.542998e+01
4.901000e-05	-2.329962e-01	1.534842e+01
4.902000e-05	-2.499447e-01	1.530476e+01
4.903000e-05	-2.500000e-01	1.524220e+01
4.904000e-05	-2.500000e-01	1.523052e+01
4.905000e-05	-2.356370e-01	1.512531e+01
4.906000e-05	-1.704783e-01	1.505061e+01
4.907000e-05	-1.212886e-01	1.492534e+01
4.908000e-05	-9.096947e-02	1.484215e+01
4.909000e-05	-6.378066e-02	1.474787e+01
4.910000e-05	-4.674515e-02	1.462208e+01
4.911000e-05	-4.241216e-02	1.454627e+01
4.912000e-05	-4.047422e-02	1.442201e+01
4.913000e-05	-3.142640e-02	1.432531e+01
4.914000e-05	-2.388313e-02	1.415802e+01
4.915000e-05	-2.392708e-02	1.403106e+01
4.916000e-05	-2.799081e-02	1.388279e+01
4.917000e-05	-2.633471e-02	1.375789e+01
4.918000e-05	-1.981714e-02	1.364102e+01
4.919000e-05	-1.789054e-02	1.342613e+01
4.920000e-05	-2.150787e-02	1.326478e+01
4.921000e-05	-2.162598e-02	1.314784e+01
4.922000e-05	-1.709547e-02	1.297800e+01
4.923000e-05	-1.244565e-02	1.281105e+01
4.924000e-05	-1.628605e-02	1.266151e+01
4.925000e-05	-2.018899e-02	1.242316e+01
4.926000e-05	-1.787284e-02	1.229479e+01
4.927000e-05	-1.331154e-02	1.210529e+01
4.928000e-05	-1.371225e-02	1.188537e+01
4.929000e-05	-1.787311e-02	1.172534e+01
4.930000e-05	-1.709733e-02	1.149681e+01
4.931000e-05	-1.235442e-02	1.131520e+01
4.932000e-05	-1.025279e-02	1.108418e+01
4.933000e-05	-1.261861e-02	1.082418e+01
4.934000e-05	-1.737132e-02	1.067374e+01
4.935000e-05	-1.365870e-02	1.043215e+01
4.936000e-05	-1.089422e-02	1.023106e+01
4.937000e-05	-1.081858e-02	1.000156e+01
4.938000e-05	-1.521378e-02	9.807794e+00
4.939000e-05	-1.367898e-02	9.506292e+00
4.940000e-05	-9.529226e-03	9.327816e+00
4.941000e-05	-8.835827e-03	9.053257e+00
4.942000e-05	-1.272653e-02	8.802080e+00
4.943000e-05	-1.408427e-02	8.630500e+00
4.944000e-05	-1.060730e-02	8.339421e+00
4.945000e-05	-7.474265e-03	8.116338e+00
4.946000e-05	-8.932896e-03	7.853629e+00
4.947000e-05	-1.223053e-02	7.590996e+00
4.948000e-05	-1.060122e-02	7.335291e+00
4.949000e-05	-7.540538e-03	7.062108e+00
4.950000e-05	-7.677635e-03	6.751053e+00
4.951000e-05	-1.225985e-02	6.516262e+00
4.952000e-05	-1.246446e-02	6.252133e+00
4.953000e-05	-8.004775e-03	5.981025e+00
4.954000e-05	-5.777801e-03	5.718413e+00
4.955000e-05	-8.155183e-03	5.441562e+00
4.956000e-05	-1.027143e-02	5.166817e+00
4.957000e-05	-8.372600e-03	4.821424e+00
4.958000e-05	-6.638599e-03	4.546868e+00
4.959000e-05	-7.254791e-03	4.263784e+00
4.960000e-05	-1.008920e-02	3.969498e+00
4.961000e-05	-8.831363e-03	3.725236e+00
4.962000e-05	-6.109575e-03	3.411103e+00
4.963000e-05	-4.267912e-03	3.157814e+00
4.964000e-05	-8.104530e-03	2.853760e+00
4.965000e-05	-9.048925e-03	2.578471e+00
4.966000e-05	-7.377435e-03	2.274709e+00
4.967000e-05	-3.847365e-03	2.001974e+00
4.968000e-05	-4.794216e-03	1.706767e+00
4.969000e-05	-5.977991e-03	1.441902e+00
4.970000e-05	-6.145859e-03	1.084735e+00
4.971000e-05	-4.422791e-03	7.879475e-01
4.972000e-05	-5.696079e-03	4.762855e-01
4.973000e-05	-7.342841e-03	1.710086e-01
4.974000e-05	-4.843723e-03	-9.468558e-02
4.975000e-05	1.089082e-02	-3.558696e-01
4.976000e-05	1.991433e-03	-6.601039e-01
4.977000e-05	5.856785e-03	-8.942132e-01
4.978000e-05	-2.250584e-03	-1.186972e+00
4.979000e-05	2.368668e-03	-1.486234e+00
4.980000e-05	3.558668e-04	-1.737363e+00
4.981000e-05	2.301218e-02	-1.978421e+00
4.982000e-05	9.849101e-02	-2.251053e+00
4.983000e-05	3.014349e-02	-2.588478e+00
4.984000e-05	-6.630232e-02	-2.999526e+00
4.985000e-05	-9.007914e-03	-3.337918e+00
4.986000e-05	-3.841268e-02	-3.556345e+00
4.987000e-05	-5.127327e-02	-3.776398e+00
4.988000e-05	-2.118880e-02	-4.039579e+00
4.989000e-05	1.667889e-01	-4.177926e+00
4.990000e-05	-1.574517e-01	-4.483187e+00
4.991000e-05	1.514587e-01	-4.798475e+00
4.992000e-05	-5.678055e-02	-5.070605e+00
4.993000e-05	-4.638856e-02	-5.471130e+00
4.994000e-05	1.011881e-01	-5.653162e+00
4.995000e-05	-1.657965e-01	-5.936965e+00
4.996000e-05	1.738888e-01	-6.221581e+00
4.997000e-05	-8.228045e-02	-6.523287e+00
4.998000e-05	4.393482e-02	-6.788622e+00
4.999000e-05	2.263697e-02	-7.043706e+00
