# 260528_14:57:15.998426
t	CH1	CH2
0.000000e+00	-4.404723e-03	4.337095e-01
1.000000e-08	-5.777896e-03	1.694550e-01
2.000000e-08	-2.935159e-03	-1.146867e-01
3.000000e-08	1.016513e-02	-3.683446e-01
4.000000e-08	-1.146298e-03	-6.756575e-01
5.000000e-08	4.250631e-03	-9.447594e-01
6.000000e-08	-3.776440e-03	-1.212922e+00
7.000000e-08	2.323924e-03	-1.535662e+00
8.000000e-08	1.665154e-03	-1.756365e+00
9.000000e-08	3.044460e-02	-1.998895e+00
1.000000e-07	1.068999e-01	-2.271149e+00
1.100000e-07	7.171947e-03	-2.651025e+00
1.200000e-07	-5.896501e-02	-3.060602e+00
1.300000e-07	-1.476128e-02	-3.367866e+00
1.400000e-07	-3.618314e-02	-3.558893e+00
1.500000e-07	-6.312123e-02	-3.820500e+00
1.600000e-07	1.230605e-02	-4.049503e+00
1.700000e-07	1.380818e-01	-4.198448e+00
1.800000e-07	-1.534658e-01	-4.524738e+00
1.900000e-07	1.808544e-01	-4.850944e+00
2.000000e-07	-7.687885e-02	-5.082150e+00
2.100000e-07	-5.118525e-03	-5.483627e+00
2.200000e-07	6.157931e-02	-5.683178e+00
2.300000e-07	-1.371178e-01	-5.998346e+00
2.400000e-07	1.843147e-01	-6.291527e+00
2.500000e-07	-1.018136e-01	-6.555609e+00
2.600000e-07	7.269756e-02	-6.861146e+00
2.700000e-07	-9.109752e-03	-7.102548e+00
2.800000e-07	-5.559110e-02	-7.377366e+00
2.900000e-07	1.018702e-01	-7.640071e+00
3.000000e-07	-1.078217e-01	-7.984679e+00
3.100000e-07	1.421884e-01	-8.197867e+00
3.200000e-07	-7.494514e-02	-8.437972e+00
3.300000e-07	5.262571e-02	-8.742178e+00
3.400000e-07	8.162489e-03	-8.946683e+00
3.500000e-07	-6.123407e-02	-9.166813e+00
3.600000e-07	7.943795e-02	-9.387341e+00
3.700000e-07	-6.099615e-02	-9.639569e+00
3.800000e-07	1.188531e-01	-9.830470e+00
3.900000e-07	-7.025359e-02	-1.009063e+01
4.000000e-07	6.812883e-02	-1.029428e+01
4.100000e-07	-4.586888e-02	-1.052420e+01
4.200000e-07	2.990406e-02	-1.075686e+01
4.300000e-07	7.393153e-03	-1.095419e+01
4.400000e-07	-4.139669e-03	-1.116588e+01
4.500000e-07	4.617703e-02	-1.137576e+01
4.600000e-07	-1.914445e-02	-1.162689e+01
4.700000e-07	5.008294e-02	-1.182947e+01
4.800000e-07	-3.799680e-02	-1.201802e+01
4.900000e-07	4.163294e-02	-1.223689e+01
5.000000e-07	-1.518535e-02	-1.240687e+01
5.100000e-07	5.072570e-02	-1.259934e+01
5.200000e-07	-6.148502e-03	-1.274413e+01
5.300000e-07	1.911970e-02	-1.297581e+01
5.400000e-07	-2.785573e-03	-1.308055e+01
5.500000e-07	1.547600e-02	-1.324150e+01
5.600000e-07	1.304047e-02	-1.336639e+01
5.700000e-07	1.196616e-02	-1.357524e+01
5.800000e-07	2.443978e-02	-1.364220e+01
5.900000e-07	1.541823e-02	-1.390010e+01
6.000000e-07	2.254716e-02	-1.401734e+01
6.100000e-07	-1.267542e-03	-1.414473e+01
6.200000e-07	1.301074e-02	-1.429208e+01
6.300000e-07	8.718527e-03	-1.436647e+01
6.400000e-07	2.987019e-02	-1.453473e+01
6.500000e-07	1.493530e-02	-1.460849e+01
6.600000e-07	2.390133e-02	-1.472326e+01
6.700000e-07	1.037747e-02	-1.478852e+01
6.800000e-07	2.363023e-02	-1.492318e+01
6.900000e-07	1.513257e-02	-1.499796e+01
7.000000e-07	1.940224e-02	-1.512108e+01
7.100000e-07	1.812720e-02	-1.518478e+01
7.200000e-07	2.558033e-02	-1.522852e+01
7.300000e-07	2.483391e-02	-1.528278e+01
7.400000e-07	1.938487e-02	-1.535541e+01
7.500000e-07	1.876964e-02	-1.539907e+01
7.600000e-07	2.297354e-02	-1.547068e+01
7.700000e-07	3.202783e-02	-1.551331e+01
7.800000e-07	2.886086e-02	-1.558686e+01
7.900000e-07	2.928932e-02	-1.563899e+01
8.000000e-07	2.703067e-02	-1.560902e+01
8.100000e-07	3.277566e-02	-1.568007e+01
8.200000e-07	3.149060e-02	-1.568315e+01
8.300000e-07	3.339637e-02	-1.568115e+01
8.400000e-07	3.604194e-02	-1.566113e+01
8.500000e-07	4.561751e-02	-1.568172e+01
8.600000e-07	5.079743e-02	-1.570112e+01
8.700000e-07	5.196704e-02	-1.566215e+01
8.800000e-07	5.330757e-02	-1.565010e+01
8.900000e-07	6.356820e-02	-1.561799e+01
9.000000e-07	7.728918e-02	-1.557844e+01
9.100000e-07	9.438227e-02	-1.554591e+01
9.200000e-07	1.186282e-01	-1.554333e+01
9.300000e-07	1.623868e-01	-1.549165e+01
9.400000e-07	2.254530e-01	-1.540060e+01
9.500000e-07	2.499990e-01	-1.537689e+01
9.600000e-07	2.500000e-01	-1.531283e+01
9.700000e-07	2.500000e-01	-1.524163e+01
9.800000e-07	2.497000e-01	-1.515631e+01
9.900000e-07	2.220750e-01	-1.507408e+01
1.000000e-06	1.457587e-01	-1.501699e+01
1.010000e-06	9.476307e-02	-1.491578e+01
1.020000e-06	6.824794e-02	-1.480107e+01
1.030000e-06	5.284996e-02	-1.475536e+01
1.040000e-06	4.118205e-02	-1.463112e+01
1.050000e-06	3.048155e-02	-1.450583e+01
1.060000e-06	2.618800e-02	-1.437747e+01
1.070000e-06	2.345394e-02	-1.428320e+01
1.080000e-06	2.063354e-02	-1.416536e+01
1.090000e-06	1.612582e-02	-1.400757e+01
1.100000e-06	1.378979e-02	-1.385260e+01
1.110000e-06	1.383537e-02	-1.371383e+01
1.120000e-06	1.478910e-02	-1.353737e+01
1.130000e-06	1.291968e-02	-1.342910e+01
1.140000e-06	9.449519e-03	-1.332370e+01
1.150000e-06	9.633747e-03	-1.312276e+01
1.160000e-06	9.984080e-03	-1.292891e+01
1.170000e-06	9.669497e-03	-1.279900e+01
1.180000e-06	7.365204e-03	-1.262960e+01
1.190000e-06	6.689918e-03	-1.245162e+01
1.200000e-06	7.415336e-03	-1.224123e+01
1.210000e-06	7.051305e-03	-1.210215e+01
1.220000e-06	3.956143e-03	-1.190428e+01
1.230000e-06	2.356429e-03	-1.165211e+01
1.240000e-06	3.287331e-03	-1.142965e+01
1.250000e-06	5.897605e-03	-1.121910e+01
1.260000e-06	4.427218e-03	-1.098857e+01
1.270000e-06	3.242928e-03	-1.077050e+01
1.280000e-06	1.853554e-03	-1.056850e+01
1.290000e-06	2.460935e-03	-1.036745e+01
1.300000e-06	2.139465e-03	-1.015589e+01
1.310000e-06	-1.314408e-04	-9.924360e+00
1.320000e-06	-6.117053e-04	-9.713314e+00
1.330000e-06	1.276165e-04	-9.463256e+00
1.340000e-06	1.669159e-03	-9.270626e+00
1.350000e-06	-2.152014e-04	-9.009574e+00
1.360000e-06	-1.585142e-03	-8.720545e+00
1.370000e-06	-1.251974e-03	-8.537436e+00
1.380000e-06	1.929800e-04	-8.264211e+00
1.390000e-06	-6.098621e-04	-8.030680e+00
1.400000e-06	-2.209715e-03	-7.788470e+00
1.410000e-06	-4.011020e-03	-7.453333e+00
1.420000e-06	-3.111579e-03	-7.212104e+00
1.430000e-06	-2.268117e-03	-6.956870e+00
1.440000e-06	-3.830711e-03	-6.683732e+00
1.450000e-06	-4.882693e-03	-6.463675e+00
1.460000e-06	-2.577552e-03	-6.178915e+00
1.470000e-06	-2.923723e-03	-5.883837e+00
1.480000e-06	-3.656827e-03	-5.622076e+00
1.490000e-06	-5.270548e-03	-5.306840e+00
1.500000e-06	-5.406688e-03	-5.011725e+00
1.510000e-06	-4.508006e-03	-4.675730e+00
1.520000e-06	-4.389550e-03	-4.432154e+00
1.530000e-06	-6.352846e-03	-4.198528e+00
1.540000e-06	-6.810143e-03	-3.916766e+00
1.550000e-06	-6.237433e-03	-3.600178e+00
1.560000e-06	-5.844624e-03	-3.346469e+00
1.570000e-06	-7.984890e-03	-3.053293e+00
1.580000e-06	-7.286967e-03	-2.756973e+00
1.590000e-06	-6.343996e-03	-2.504288e+00
1.600000e-06	-4.787529e-03	-2.209378e+00
1.610000e-06	-7.356639e-03	-1.895840e+00
1.620000e-06	-8.334620e-03	-1.671181e+00
1.630000e-06	-9.828386e-03	-1.335942e+00
1.640000e-06	-8.006504e-03	-9.901026e-01
1.650000e-06	-7.758692e-03	-6.868672e-01
1.660000e-06	-7.416765e-03	-3.705539e-01
1.670000e-06	-6.844297e-03	-9.739216e-02
1.680000e-06	7.877383e-04	1.247171e-01
1.690000e-06	5.012017e-03	4.320549e-01
1.700000e-06	-4.025234e-03	6.637579e-01
1.710000e-06	8.959046e-04	9.668121e-01
1.720000e-06	-5.684375e-03	1.282681e+00
1.730000e-06	-4.457918e-04	1.588369e+00
1.740000e-06	-2.897496e-03	1.851079e+00
1.750000e-06	1.804196e-02	2.072605e+00
1.760000e-06	6.929320e-02	2.355838e+00
1.770000e-06	5.477306e-02	2.652154e+00
1.780000e-06	-8.011968e-02	2.998918e+00
1.790000e-06	-3.155780e-02	3.272604e+00
1.800000e-06	-4.146120e-02	3.589844e+00
1.810000e-06	-2.529621e-02	3.830500e+00
1.820000e-06	-7.551061e-02	4.000999e+00
1.830000e-06	4.409079e-02	4.305156e+00
1.840000e-06	6.799198e-02	4.610472e+00
1.850000e-06	-9.968830e-02	4.831108e+00
1.860000e-06	1.511553e-01	5.145862e+00
1.870000e-06	-1.025055e-01	5.492079e+00
1.880000e-06	-5.808585e-03	5.754734e+00
1.890000e-06	1.415596e-02	6.062074e+00
1.900000e-06	-3.303832e-02	6.283654e+00
1.910000e-06	6.686109e-02	6.535862e+00
1.920000e-06	-7.723498e-02	6.842577e+00
1.930000e-06	2.646005e-02	7.113132e+00
1.940000e-06	-3.476491e-02	7.405894e+00
1.950000e-06	6.289301e-03	7.682148e+00
1.960000e-06	-1.510191e-02	7.985286e+00
1.970000e-06	-2.813085e-02	8.241121e+00
1.980000e-06	5.199381e-02	8.432602e+00
1.990000e-06	-3.420355e-02	8.653177e+00
2.000000e-06	7.233422e-03	8.904734e+00
2.010000e-06	-3.821050e-02	9.175316e+00
2.020000e-06	-2.591608e-02	9.427991e+00
2.030000e-06	1.996193e-02	9.647019e+00
2.040000e-06	-6.799410e-03	9.879550e+00
2.050000e-06	1.008046e-03	1.006471e+01
2.060000e-06	-3.677968e-02	1.030280e+01
2.070000e-06	1.304849e-02	1.056629e+01
2.080000e-06	-2.197478e-02	1.076779e+01
2.090000e-06	-1.311988e-02	1.094791e+01
2.100000e-06	-2.280718e-02	1.117671e+01
2.110000e-06	-6.876357e-03	1.137846e+01
2.120000e-06	7.796544e-03	1.163109e+01
2.130000e-06	-1.887244e-02	1.182099e+01
2.140000e-06	-2.270458e-02	1.198894e+01
2.150000e-06	-2.637408e-02	1.224042e+01
2.160000e-06	2.601932e-03	1.239792e+01
2.170000e-06	-5.552518e-03	1.258691e+01
2.180000e-06	-1.487372e-02	1.273378e+01
2.190000e-06	-2.505151e-02	1.290273e+01
2.200000e-06	-1.568460e-02	1.308308e+01
2.210000e-06	-8.415936e-03	1.319959e+01
2.220000e-06	-2.218842e-02	1.339749e+01
2.230000e-06	-2.506456e-02	1.351536e+01
2.240000e-06	-1.407685e-02	1.368322e+01
2.250000e-06	-1.826707e-03	1.387855e+01
2.260000e-06	-1.310152e-02	1.397636e+01
2.270000e-06	-3.095793e-02	1.414379e+01
2.280000e-06	-2.776094e-02	1.431170e+01
2.290000e-06	-1.635125e-02	1.444786e+01
2.300000e-06	-9.885988e-03	1.456586e+01
2.310000e-06	-2.412903e-02	1.462014e+01
2.320000e-06	-2.781157e-02	1.476581e+01
2.330000e-06	-1.952610e-02	1.481952e+01
2.340000e-06	-1.671729e-02	1.490425e+01
2.350000e-06	-2.378488e-02	1.495839e+01
2.360000e-06	-3.432196e-02	1.505163e+01
2.370000e-06	-2.511168e-02	1.513783e+01
2.380000e-06	-1.919911e-02	1.521047e+01
2.390000e-06	-2.003244e-02	1.527378e+01
2.400000e-06	-3.706078e-02	1.537636e+01
2.410000e-06	-3.785385e-02	1.544844e+01
2.420000e-06	-2.909998e-02	1.548215e+01
2.430000e-06	-2.427978e-02	1.550320e+01
2.440000e-06	-3.281871e-02	1.553684e+01
2.450000e-06	-4.054969e-02	1.555889e+01
2.460000e-06	-3.432825e-02	1.558947e+01
2.470000e-06	-3.326064e-02	1.560954e+01
2.480000e-06	-3.927377e-02	1.563160e+01
2.490000e-06	-5.215149e-02	1.564115e+01
2.500000e-06	-4.954539e-02	1.565057e+01
2.510000e-06	-4.516290e-02	1.566154e+01
2.520000e-06	-4.786632e-02	1.564307e+01
2.530000e-06	-6.282271e-02	1.561115e+01
2.540000e-06	-7.326214e-02	1.564069e+01
2.550000e-06	-7.531213e-02	1.558900e+01
2.560000e-06	-8.503740e-02	1.555531e+01
2.570000e-06	-1.081362e-01	1.552526e+01
2.580000e-06	-1.458639e-01	1.548281e+01
2.590000e-06	-1.904757e-01	1.546955e+01
2.600000e-06	-2.443290e-01	1.544746e+01
2.610000e-06	-2.500000e-01	1.532438e+01
2.620000e-06	-2.500000e-01	1.530373e+01
2.630000e-06	-2.500000e-01	1.524102e+01
2.640000e-06	-2.465032e-01	1.512638e+01
2.650000e-06	-1.958080e-01	1.510265e+01
2.660000e-06	-1.318674e-01	1.495741e+01
2.670000e-06	-9.867673e-02	1.490277e+01
2.680000e-06	-7.033359e-02	1.476791e+01
2.690000e-06	-5.167810e-02	1.465973e+01
2.700000e-06	-4.259599e-02	1.458749e+01
2.710000e-06	-4.315794e-02	1.451415e+01
2.720000e-06	-3.585890e-02	1.435441e+01
2.730000e-06	-2.890840e-02	1.421010e+01
2.740000e-06	-2.495556e-02	1.409230e+01
2.750000e-06	-2.814614e-02	1.395583e+01
2.760000e-06	-2.875272e-02	1.383847e+01
2.770000e-06	-2.258885e-02	1.363263e+01
2.780000e-06	-1.831237e-02	1.345573e+01
2.790000e-06	-2.017248e-02	1.334784e+01
2.800000e-06	-2.352451e-02	1.318847e+01
2.810000e-06	-2.140109e-02	1.305957e+01
2.820000e-06	-1.651320e-02	1.289378e+01
2.830000e-06	-1.632694e-02	1.271433e+01
2.840000e-06	-2.001065e-02	1.249586e+01
2.850000e-06	-2.090739e-02	1.233794e+01
2.860000e-06	-1.568847e-02	1.219797e+01
2.870000e-06	-1.293440e-02	1.199300e+01
2.880000e-06	-1.675955e-02	1.180057e+01
2.890000e-06	-1.899450e-02	1.163002e+01
2.900000e-06	-1.558841e-02	1.134852e+01
2.910000e-06	-1.145133e-02	1.113689e+01
2.920000e-06	-1.292677e-02	1.093792e+01
2.930000e-06	-1.674410e-02	1.074741e+01
2.940000e-06	-1.657553e-02	1.059642e+01
2.950000e-06	-1.217755e-02	1.037475e+01
2.960000e-06	-1.126866e-02	1.006369e+01
2.970000e-06	-1.328826e-02	9.892650e+00
2.980000e-06	-1.493381e-02	9.620121e+00
2.990000e-06	-1.211758e-02	9.419495e+00
3.000000e-06	-9.471766e-03	9.128545e+00
3.010000e-06	-1.196864e-02	8.946841e+00
3.020000e-06	-1.391892e-02	8.694760e+00
3.030000e-06	-1.314252e-02	8.412748e+00
3.040000e-06	-9.131816e-03	8.210018e+00
3.050000e-06	-9.597873e-03	7.947964e+00
3.060000e-06	-1.212200e-02	7.693810e+00
3.070000e-06	-1.205562e-02	7.441070e+00
3.080000e-06	-9.300834e-03	7.137363e+00
3.090000e-06	-7.881337e-03	6.864812e+00
3.100000e-06	-1.079960e-02	6.640199e+00
3.110000e-06	-1.220575e-02	6.328318e+00
3.120000e-06	-1.027644e-02	6.055813e+00
3.130000e-06	-7.548841e-03	5.840630e+00
3.140000e-06	-8.384411e-03	5.497919e+00
3.150000e-06	-1.112513e-02	5.254282e+00
3.160000e-06	-1.055639e-02	4.915489e+00
3.170000e-06	-7.646061e-03	4.622103e+00
3.180000e-06	-7.133731e-03	4.330499e+00
3.190000e-06	-9.320915e-03	4.063261e+00
3.200000e-06	-9.470464e-03	3.780649e+00
3.210000e-06	-7.390731e-03	3.509445e+00
3.220000e-06	-6.275404e-03	3.202177e+00
3.230000e-06	-8.537052e-03	2.939420e+00
3.240000e-06	-9.567877e-03	2.654764e+00
3.250000e-06	-9.126536e-03	2.359472e+00
3.260000e-06	-5.892309e-03	2.104713e+00
3.270000e-06	-5.672787e-03	1.822155e+00
3.280000e-06	-6.749938e-03	1.506413e+00
3.290000e-06	-7.389544e-03	1.212633e+00
3.300000e-06	-4.695447e-03	8.938356e-01
3.310000e-06	-4.068054e-03	5.685265e-01
3.320000e-06	-5.054807e-03	3.379210e-01
3.330000e-06	-5.142469e-03	1.302375e-04
3.340000e-06	3.884620e-03	-2.630525e-01
3.350000e-06	6.261627e-03	-5.047055e-01
3.360000e-06	-8.715363e-04	-8.010013e-01
3.370000e-06	1.273292e-03	-1.051130e+00
3.380000e-06	-1.606243e-03	-1.397767e+00
3.390000e-06	3.079304e-03	-1.651603e+00
3.400000e-06	1.376516e-02	-1.893155e+00
3.410000e-06	6.458446e-02	-2.105258e+00
3.420000e-06	9.808316e-02	-2.492054e+00
3.430000e-06	-7.648243e-02	-2.860975e+00
3.440000e-06	-8.091845e-03	-3.251075e+00
3.450000e-06	-4.535918e-02	-3.473104e+00
3.460000e-06	-2.420862e-02	-3.722630e+00
3.470000e-06	-8.265630e-02	-3.966841e+00
3.480000e-06	1.592719e-01	-4.104762e+00
3.490000e-06	-6.191352e-02	-4.340268e+00
3.500000e-06	7.718647e-03	-4.710787e+00
3.510000e-06	1.143435e-01	-4.935709e+00
3.520000e-06	-1.693729e-01	-5.302710e+00
3.530000e-06	1.571529e-01	-5.579941e+00
3.540000e-06	-1.411427e-01	-5.841473e+00
3.550000e-06	7.024835e-02	-6.136316e+00
3.560000e-06	5.520335e-02	-6.436417e+00
3.570000e-06	-8.000248e-02	-6.704153e+00
3.580000e-06	1.222986e-01	-6.944765e+00
3.590000e-06	-1.284925e-01	-7.253049e+00
3.600000e-06	1.045361e-01	-7.525233e+00
3.610000e-06	-5.172767e-02	-7.746288e+00
3.620000e-06	2.566178e-02	-8.083151e+00
3.630000e-06	7.064485e-02	-8.272076e+00
3.640000e-06	-8.242516e-02	-8.527332e+00
3.650000e-06	1.188643e-01	-8.819996e+00
3.660000e-06	-1.154408e-01	-9.051526e+00
3.670000e-06	7.885708e-02	-9.271054e+00
3.680000e-06	-3.705801e-02	-9.483106e+00
3.690000e-06	5.685972e-02	-9.756759e+00
3.700000e-06	2.366432e-02	-9.996712e+00
3.710000e-06	-2.465993e-02	-1.022742e+01
3.720000e-06	4.876234e-02	-1.043800e+01
3.730000e-06	-5.848579e-02	-1.063212e+01
3.740000e-06	7.435878e-02	-1.087008e+01
3.750000e-06	-5.060271e-02	-1.108052e+01
3.760000e-06	6.967645e-02	-1.128313e+01
3.770000e-06	-2.394757e-02	-1.150223e+01
3.780000e-06	4.367652e-02	-1.172468e+01
3.790000e-06	-1.434410e-02	-1.195520e+01
3.800000e-06	1.058695e-02	-1.213381e+01
3.810000e-06	1.209934e-02	-1.224218e+01
3.820000e-06	1.542823e-02	-1.249370e+01
3.830000e-06	3.282226e-02	-1.267295e+01
3.840000e-06	-6.813916e-03	-1.285152e+01
3.850000e-06	2.117458e-02	-1.300899e+01
3.860000e-06	-8.143878e-03	-1.319636e+01
3.870000e-06	2.917194e-02	-1.333473e+01
3.880000e-06	-1.888808e-03	-1.349157e+01
3.890000e-06	3.088551e-02	-1.360654e+01
3.900000e-06	8.826337e-03	-1.372691e+01
3.910000e-06	2.923920e-02	-1.393481e+01
3.920000e-06	2.021404e-03	-1.402912e+01
3.930000e-06	1.202078e-02	-1.421786e+01
3.940000e-06	5.550559e-03	-1.432628e+01
3.950000e-06	2.522869e-02	-1.443007e+01
3.960000e-06	2.092031e-02	-1.454742e+01
3.970000e-06	2.044851e-02	-1.472268e+01
3.980000e-06	1.531470e-02	-1.475686e+01
3.990000e-06	1.539883e-02	-1.488163e+01
4.000000e-06	2.157999e-02	-1.500634e+01
4.010000e-06	1.406503e-02	-1.508012e+01
4.020000e-06	2.213090e-02	-1.515478e+01
4.030000e-06	1.925302e-02	-1.521992e+01
4.040000e-06	2.963944e-02	-1.525210e+01
4.050000e-06	1.775209e-02	-1.531528e+01
4.060000e-06	2.110830e-02	-1.539742e+01
4.070000e-06	1.787204e-02	-1.547055e+01
4.080000e-06	2.963261e-02	-1.554421e+01
4.090000e-06	3.020264e-02	-1.555688e+01
4.100000e-06	2.898439e-02	-1.557436e+01
4.110000e-06	2.712548e-02	-1.561852e+01
4.120000e-06	3.019211e-02	-1.563114e+01
4.130000e-06	3.096830e-02	-1.562310e+01
4.140000e-06	3.323566e-02	-1.567310e+01
4.150000e-06	3.381758e-02	-1.568320e+01
4.160000e-06	4.413246e-02	-1.567267e+01
4.170000e-06	5.035554e-02	-1.571123e+01
4.180000e-06	5.169910e-02	-1.566168e+01
4.190000e-06	5.353977e-02	-1.564259e+01
4.200000e-06	5.539684e-02	-1.560150e+01
4.210000e-06	6.902787e-02	-1.561799e+01
4.220000e-06	8.198789e-02	-1.558546e+01
4.230000e-06	1.063286e-01	-1.554581e+01
4.240000e-06	1.403323e-01	-1.546220e+01
4.250000e-06	1.985251e-01	-1.545108e+01
4.260000e-06	2.490549e-01	-1.539892e+01
4.270000e-06	2.500000e-01	-1.531488e+01
4.280000e-06	2.500000e-01	-1.527175e+01
4.290000e-06	2.500000e-01	-1.517795e+01
4.300000e-06	2.422240e-01	-1.511478e+01
4.310000e-06	1.784159e-01	-1.506910e+01
4.320000e-06	1.154510e-01	-1.498544e+01
4.330000e-06	8.153902e-02	-1.485223e+01
4.340000e-06	6.107917e-02	-1.480694e+01
4.350000e-06	4.766393e-02	-1.467275e+01
4.360000e-06	3.476730e-02	-1.456836e+01
4.370000e-06	2.720394e-02	-1.445075e+01
4.380000e-06	2.123697e-02	-1.435631e+01
4.390000e-06	2.079364e-02	-1.424852e+01
4.400000e-06	1.692005e-02	-1.406115e+01
4.410000e-06	1.492893e-02	-1.396536e+01
4.420000e-06	1.431396e-02	-1.376897e+01
4.430000e-06	1.670387e-02	-1.367060e+01
4.440000e-06	1.540193e-02	-1.350330e+01
4.450000e-06	1.057010e-02	-1.335586e+01
4.460000e-06	7.818546e-03	-1.316797e+01
4.470000e-06	7.751925e-03	-1.300212e+01
4.480000e-06	8.712575e-03	-1.286123e+01
4.490000e-06	7.632699e-03	-1.269326e+01
4.500000e-06	6.327176e-03	-1.257581e+01
4.510000e-06	7.841749e-03	-1.231444e+01
4.520000e-06	9.107141e-03	-1.212897e+01
4.530000e-06	6.908013e-03	-1.196949e+01
4.540000e-06	3.102257e-03	-1.180699e+01
4.550000e-06	2.153810e-03	-1.151344e+01
4.560000e-06	3.548021e-03	-1.131629e+01
4.570000e-06	5.046523e-03	-1.108433e+01
4.580000e-06	3.953972e-03	-1.086380e+01
4.590000e-06	2.060998e-03	-1.070171e+01
4.600000e-06	3.226456e-03	-1.049426e+01
4.610000e-06	3.136838e-03	-1.026318e+01
4.620000e-06	2.759040e-03	-1.004257e+01
4.630000e-06	-1.058614e-03	-9.789073e+00
4.640000e-06	2.042752e-04	-9.580071e+00
4.650000e-06	2.473892e-04	-9.366441e+00
4.660000e-06	8.260851e-04	-9.084288e+00
4.670000e-06	-1.181958e-03	-8.873911e+00
4.680000e-06	-2.337102e-03	-8.641129e+00
4.690000e-06	-1.051774e-03	-8.381549e+00
4.700000e-06	-2.875702e-04	-8.148496e+00
4.710000e-06	-7.388770e-04	-7.885838e+00
4.720000e-06	-2.402765e-03	-7.669729e+00
4.730000e-06	-2.681069e-03	-7.337362e+00
4.740000e-06	-3.021981e-03	-7.093887e+00
4.750000e-06	-3.288018e-03	-6.790599e+00
4.760000e-06	-4.306972e-03	-6.568417e+00
4.770000e-06	-4.915777e-03	-6.252813e+00
4.780000e-06	-3.773677e-03	-6.011025e+00
4.790000e-06	-3.533554e-03	-5.746922e+00
4.800000e-06	-4.319292e-03	-5.472234e+00
4.810000e-06	-6.411960e-03	-5.168922e+00
4.820000e-06	-4.332167e-03	-4.832207e+00
4.830000e-06	-4.662995e-03	-4.516442e+00
4.840000e-06	-5.345967e-03	-4.314841e+00
4.850000e-06	-5.595925e-03	-4.011677e+00
4.860000e-06	-7.485105e-03	-3.757523e+00
4.870000e-06	-6.636921e-03	-3.464761e+00
4.880000e-06	-7.312921e-03	-3.221604e+00
4.890000e-06	-7.055399e-03	-2.915885e+00
4.900000e-06	-6.979046e-03	-2.640204e+00
4.910000e-06	-4.949189e-03	-2.318497e+00
4.920000e-06	-5.606740e-03	-2.001104e+00
4.930000e-06	-6.666021e-03	-1.757548e+00
4.940000e-06	-9.069237e-03	-1.443192e+00
4.950000e-06	-8.631318e-03	-1.125918e+00
4.960000e-06	-9.052841e-03	-8.432590e-01
4.970000e-06	-8.589983e-03	-5.374725e-01
4.980000e-06	-8.069754e-03	-2.742882e-01
4.990000e-06	-4.290886e-03	1.032095e-02
5.000000e-06	8.037033e-03	2.967869e-01
5.010000e-06	-2.424870e-03	5.578683e-01
5.020000e-06	9.821158e-04	8.589471e-01
5.030000e-06	-5.201532e-03	1.116263e+00
5.040000e-06	-5.560028e-04	1.427924e+00
5.050000e-06	-4.895436e-03	1.696712e+00
5.060000e-06	8.528716e-03	1.967365e+00
5.070000e-06	3.405512e-02	2.219871e+00
5.080000e-06	9.600828e-02	2.523132e+00
5.090000e-06	-4.151644e-02	2.900551e+00
5.100000e-06	-5.296525e-02	3.186842e+00
5.110000e-06	-3.982423e-02	3.480501e+00
5.120000e-06	-2.084842e-02	3.684264e+00
5.130000e-06	-6.044108e-02	3.946289e+00
5.140000e-06	-3.277719e-02	4.156866e+00
5.150000e-06	1.095231e-01	4.482501e+00
5.160000e-06	-6.645094e-02	4.788312e+00
5.170000e-06	3.999126e-02	4.987894e+00
5.180000e-06	5.791497e-02	5.335279e+00
5.190000e-06	-1.237305e-01	5.668476e+00
5.200000e-06	7.070529e-02	5.963632e+00
5.210000e-06	-5.960595e-02	6.185892e+00
5.220000e-06	5.282110e-02	6.398417e+00
5.230000e-06	-1.464656e-02	6.705207e+00
5.240000e-06	-4.321318e-02	6.996871e+00
5.250000e-06	2.741357e-02	7.272525e+00
5.260000e-06	-5.009138e-02	7.552733e+00
5.270000e-06	3.869338e-02	7.846494e+00
5.280000e-06	-6.465582e-02	8.104781e+00
5.290000e-06	4.371316e-02	8.365790e+00
5.300000e-06	2.017811e-03	8.557320e+00
5.310000e-06	-2.439375e-02	8.847864e+00
5.320000e-06	7.146405e-03	9.030571e+00
5.330000e-06	-6.442379e-02	9.274655e+00
5.340000e-06	3.064837e-02	9.524680e+00
5.350000e-06	-1.648538e-02	9.747387e+00
5.360000e-06	1.980489e-02	9.979863e+00
5.370000e-06	-4.098714e-02	1.020005e+01
5.380000e-06	5.293143e-04	1.045057e+01
5.390000e-06	-5.567080e-03	1.065155e+01
5.400000e-06	-2.166415e-02	1.086120e+01
5.410000e-06	-1.054928e-02	1.110258e+01
5.420000e-06	-2.616743e-02	1.128318e+01
5.430000e-06	1.843186e-02	1.153383e+01
5.440000e-06	-1.764817e-02	1.172526e+01
5.450000e-06	-1.036309e-02	1.192318e+01
5.460000e-06	-3.804273e-02	1.207428e+01
5.470000e-06	-4.692487e-04	1.233415e+01
5.480000e-06	-6.147453e-03	1.251318e+01
5.490000e-06	-5.822309e-03	1.264162e+01
5.500000e-06	-2.285494e-02	1.282950e+01
5.510000e-06	-2.089064e-02	1.303092e+01
5.520000e-06	-6.266721e-03	1.317528e+01
5.530000e-06	-1.943332e-02	1.335481e+01
5.540000e-06	-1.981187e-02	1.351208e+01
5.550000e-06	-2.682597e-02	1.361957e+01
5.560000e-06	-1.094537e-04	1.375691e+01
5.570000e-06	-1.172063e-02	1.393373e+01
5.580000e-06	-2.016945e-02	1.406910e+01
5.590000e-06	-3.581979e-02	1.418957e+01
5.600000e-06	-1.927708e-02	1.435579e+01
5.610000e-06	-1.008539e-02	1.450060e+01
5.620000e-06	-1.578170e-02	1.458736e+01
5.630000e-06	-2.635014e-02	1.467275e+01
5.640000e-06	-2.666344e-02	1.479641e+01
5.650000e-06	-1.399804e-02	1.487210e+01
5.660000e-06	-2.359759e-02	1.495531e+01
5.670000e-06	-2.891862e-02	1.502097e+01
5.680000e-06	-3.317249e-02	1.509478e+01
5.690000e-06	-1.769548e-02	1.516691e+01
5.700000e-06	-1.730284e-02	1.526010e+01
5.710000e-06	-2.858940e-02	1.528518e+01
5.720000e-06	-3.964930e-02	1.539694e+01
5.730000e-06	-3.626210e-02	1.547055e+01
5.740000e-06	-2.441117e-02	1.548218e+01
5.750000e-06	-2.994957e-02	1.551431e+01
5.760000e-06	-3.635411e-02	1.558596e+01
5.770000e-06	-3.907704e-02	1.555789e+01
5.780000e-06	-3.019187e-02	1.560896e+01
5.790000e-06	-3.542383e-02	1.564747e+01
5.800000e-06	-4.658197e-02	1.562960e+01
5.810000e-06	-5.405324e-02	1.565965e+01
5.820000e-06	-4.787263e-02	1.567115e+01
5.830000e-06	-4.421972e-02	1.565023e+01
5.840000e-06	-5.576875e-02	1.565115e+01
5.850000e-06	-6.958962e-02	1.563064e+01
5.860000e-06	-7.505170e-02	1.562857e+01
5.870000e-06	-7.780099e-02	1.557834e+01
5.880000e-06	-9.548065e-02	1.556484e+01
5.890000e-06	-1.279479e-01	1.551526e+01
5.900000e-06	-1.684398e-01	1.548268e+01
5.910000e-06	-2.212660e-01	1.544887e+01
5.920000e-06	-2.499981e-01	1.538588e+01
5.930000e-06	-2.500000e-01	1.534265e+01
5.940000e-06	-2.500000e-01	1.526319e+01
5.950000e-06	-2.500000e-01	1.519646e+01
5.960000e-06	-2.293313e-01	1.508393e+01
5.970000e-06	-1.577277e-01	1.499852e+01
5.980000e-06	-1.148343e-01	1.491534e+01
5.990000e-06	-8.474651e-02	1.480002e+01
6.000000e-06	-5.847218e-02	1.470584e+01
6.010000e-06	-4.401026e-02	1.464955e+01
6.020000e-06	-4.224033e-02	1.457483e+01
6.030000e-06	-3.957292e-02	1.438100e+01
6.040000e-06	-3.146519e-02	1.431376e+01
6.050000e-06	-2.542855e-02	1.413539e+01
6.060000e-06	-2.671314e-02	1.401102e+01
6.070000e-06	-2.998185e-02	1.389063e+01
6.080000e-06	-2.546698e-02	1.371478e+01
6.090000e-06	-1.970452e-02	1.357847e+01
6.100000e-06	-1.874126e-02	1.337062e+01
6.110000e-06	-2.357901e-02	1.327076e+01
6.120000e-06	-2.231146e-02	1.310431e+01
6.130000e-06	-1.786488e-02	1.292639e+01
6.140000e-06	-1.472071e-02	1.277802e+01
6.150000e-06	-1.907128e-02	1.260050e+01
6.160000e-06	-2.158881e-02	1.245171e+01
6.170000e-06	-1.841510e-02	1.229268e+01
6.180000e-06	-1.386793e-02	1.205368e+01
6.190000e-06	-1.502884e-02	1.189476e+01
6.200000e-06	-1.981075e-02	1.169378e+01
6.210000e-06	-1.716664e-02	1.147268e+01
6.220000e-06	-1.325348e-02	1.124273e+01
6.230000e-06	-1.072839e-02	1.103118e+01
6.240000e-06	-1.566708e-02	1.081168e+01
6.250000e-06	-1.625747e-02	1.065058e+01
6.260000e-06	-1.367380e-02	1.040202e+01
6.270000e-06	-1.082304e-02	1.015952e+01
6.280000e-06	-1.311984e-02	9.967969e+00
6.290000e-06	-1.628457e-02	9.755790e+00
6.300000e-06	-1.361429e-02	9.493737e+00
6.310000e-06	-1.030311e-02	9.293231e+00
6.320000e-06	-9.275585e-03	9.071103e+00
6.330000e-06	-1.376940e-02	8.778452e+00
6.340000e-06	-1.408577e-02	8.546944e+00
6.350000e-06	-1.139101e-02	8.307309e+00
6.360000e-06	-8.080283e-03	8.023253e+00
6.370000e-06	-1.348556e-02	7.800552e+00
6.380000e-06	-1.288667e-02	7.547397e+00
6.390000e-06	-1.257365e-02	7.231731e+00
6.400000e-06	-5.949250e-03	7.019524e+00
6.410000e-06	-8.324735e-03	6.747944e+00
6.420000e-06	-1.137410e-02	6.492731e+00
6.430000e-06	-1.064240e-02	6.209625e+00
6.440000e-06	-8.766036e-03	5.938973e+00
6.450000e-06	-8.478088e-03	5.673783e+00
6.460000e-06	-1.279191e-02	5.390601e+00
6.470000e-06	-1.317885e-02	5.074385e+00
6.480000e-06	-6.123896e-03	4.739046e+00
6.490000e-06	-5.323919e-03	4.514810e+00
6.500000e-06	-5.553825e-03	4.223652e+00
6.510000e-06	-1.048452e-02	3.927391e+00
6.520000e-06	-9.033010e-03	3.643157e+00
6.530000e-06	-7.701964e-03	3.350999e+00
6.540000e-06	-8.419298e-03	3.084840e+00
6.550000e-06	-9.935393e-03	2.821633e+00
6.560000e-06	-9.139822e-03	2.505335e+00
6.570000e-06	-3.918597e-03	2.221201e+00
6.580000e-06	-4.735453e-03	1.959025e+00
6.590000e-06	-5.736041e-03	1.672637e+00
6.600000e-06	-8.936161e-03	1.368472e+00
6.610000e-06	-7.042623e-03	1.055732e+00
6.620000e-06	-5.526416e-03	7.468924e-01
6.630000e-06	-5.647789e-03	4.636343e-01
6.640000e-06	-5.462097e-03	1.689487e-01
6.650000e-06	-7.443810e-04	-1.358107e-01
6.660000e-06	1.055139e-02	-3.794448e-01
6.670000e-06	-1.624763e-03	-6.945592e-01
6.680000e-06	3.194820e-03	-9.752931e-01
6.690000e-06	-4.407458e-03	-1.240900e+00
6.700000e-06	3.868734e-03	-1.555786e+00
6.710000e-06	1.486002e-03	-1.787791e+00
6.720000e-06	3.279397e-02	-2.019945e+00
6.730000e-06	1.119527e-01	-2.264053e+00
6.740000e-06	-3.046786e-03	-2.681519e+00
6.750000e-06	-5.138977e-02	-3.113628e+00
6.760000e-06	-1.879270e-02	-3.357893e+00
6.770000e-06	-3.365405e-02	-3.650395e+00
6.780000e-06	-6.926288e-02	-3.829475e+00
6.790000e-06	2.887396e-02	-4.061078e+00
6.800000e-06	1.206426e-01	-4.229498e+00
6.810000e-06	-1.502021e-01	-4.566738e+00
6.820000e-06	1.940573e-01	-4.851471e+00
6.830000e-06	-9.950592e-02	-5.103054e+00
6.840000e-06	1.633400e-02	-5.462653e+00
6.850000e-06	3.950518e-02	-5.704160e+00
6.860000e-06	-1.190762e-01	-6.030021e+00
6.870000e-06	1.843488e-01	-6.231002e+00
6.880000e-06	-1.138366e-01	-6.544259e+00
6.890000e-06	8.785470e-02	-6.860554e+00
6.900000e-06	-2.807996e-02	-7.133106e+00
6.910000e-06	-3.723499e-02	-7.399972e+00
6.920000e-06	9.055048e-02	-7.661595e+00
6.930000e-06	-1.037638e-01	-7.963259e+00
6.940000e-06	1.464978e-01	-8.206995e+00
6.950000e-06	-8.670939e-02	-8.448469e+00
6.960000e-06	6.906136e-02	-8.715182e+00
6.970000e-06	-9.442054e-03	-8.936311e+00
6.980000e-06	-4.761533e-02	-9.229367e+00
6.990000e-06	6.932112e-02	-9.367466e+00
7.000000e-06	-5.501806e-02	-9.641022e+00
7.010000e-06	1.167438e-01	-9.851051e+00
7.020000e-06	-7.438113e-02	-1.007208e+01
7.030000e-06	7.615230e-02	-1.033713e+01
7.040000e-06	-5.440080e-02	-1.050579e+01
7.050000e-06	4.121270e-02	-1.078536e+01
7.060000e-06	-2.828912e-03	-1.091678e+01
7.070000e-06	5.705226e-03	-1.116686e+01
7.080000e-06	3.742490e-02	-1.136689e+01
7.090000e-06	-1.471801e-02	-1.162109e+01
7.100000e-06	4.508663e-02	-1.183951e+01
7.110000e-06	-3.502537e-02	-1.204850e+01
7.120000e-06	4.283219e-02	-1.219897e+01
7.130000e-06	-1.528271e-02	-1.242732e+01
7.140000e-06	5.335419e-02	-1.262799e+01
7.150000e-06	-9.077801e-03	-1.276584e+01
7.160000e-06	2.216639e-02	-1.296481e+01
7.170000e-06	-6.334183e-03	-1.305063e+01
7.180000e-06	1.828374e-02	-1.325012e+01
7.190000e-06	9.641605e-03	-1.342752e+01
7.200000e-06	1.541443e-02	-1.356488e+01
7.210000e-06	2.277447e-02	-1.371263e+01
7.220000e-06	1.678069e-02	-1.386012e+01
7.230000e-06	2.134305e-02	-1.401846e+01
7.240000e-06	1.742426e-03	-1.413631e+01
7.250000e-06	1.313340e-02	-1.425110e+01
7.260000e-06	9.662693e-03	-1.441797e+01
7.270000e-06	2.887652e-02	-1.450481e+01
7.280000e-06	1.435171e-02	-1.461952e+01
7.290000e-06	2.301350e-02	-1.476323e+01
7.300000e-06	1.020955e-02	-1.479952e+01
7.310000e-06	2.451312e-02	-1.489323e+01
7.320000e-06	1.537117e-02	-1.500797e+01
7.330000e-06	2.127102e-02	-1.514265e+01
7.340000e-06	1.768059e-02	-1.516586e+01
7.350000e-06	2.645082e-02	-1.523800e+01
7.360000e-06	2.379677e-02	-1.531471e+01
7.370000e-06	1.834345e-02	-1.536644e+01
7.380000e-06	1.878423e-02	-1.541952e+01
7.390000e-06	2.279907e-02	-1.546063e+01
7.400000e-06	3.010163e-02	-1.554431e+01
7.410000e-06	3.029778e-02	-1.556691e+01
7.420000e-06	2.854400e-02	-1.557549e+01
7.430000e-06	2.934775e-02	-1.561859e+01
7.440000e-06	3.482570e-02	-1.563212e+01
7.450000e-06	3.141276e-02	-1.562215e+01
7.460000e-06	3.490431e-02	-1.567109e+01
7.470000e-06	3.307210e-02	-1.570170e+01
7.480000e-06	4.531599e-02	-1.565275e+01
7.490000e-06	4.816681e-02	-1.571060e+01
7.500000e-06	5.377940e-02	-1.566322e+01
7.510000e-06	5.476946e-02	-1.565012e+01
7.520000e-06	6.691458e-02	-1.561750e+01
7.530000e-06	8.022381e-02	-1.557701e+01
7.540000e-06	9.652638e-02	-1.553491e+01
7.550000e-06	1.198429e-01	-1.552381e+01
7.560000e-06	1.624047e-01	-1.548070e+01
7.570000e-06	2.274063e-01	-1.539107e+01
7.580000e-06	2.499998e-01	-1.535846e+01
7.590000e-06	2.500000e-01	-1.527426e+01
7.600000e-06	2.500000e-01	-1.524162e+01
7.610000e-06	2.495950e-01	-1.516589e+01
7.620000e-06	2.192111e-01	-1.510265e+01
7.630000e-06	1.432093e-01	-1.500709e+01
7.640000e-06	9.253622e-02	-1.495335e+01
7.650000e-06	6.752268e-02	-1.482097e+01
7.660000e-06	5.125544e-02	-1.475591e+01
7.670000e-06	3.947068e-02	-1.460155e+01
7.680000e-06	2.868708e-02	-1.450336e+01
7.690000e-06	2.552974e-02	-1.438845e+01
7.700000e-06	2.303912e-02	-1.425115e+01
7.710000e-06	2.083676e-02	-1.414644e+01
7.720000e-06	1.612647e-02	-1.401802e+01
7.730000e-06	1.526802e-02	-1.391155e+01
7.740000e-06	1.123562e-02	-1.370331e+01
7.750000e-06	1.633104e-02	-1.354386e+01
7.760000e-06	1.042143e-02	-1.345807e+01
7.770000e-06	1.152821e-02	-1.325217e+01
7.780000e-06	1.036256e-02	-1.311331e+01
7.790000e-06	1.020364e-02	-1.292636e+01
7.800000e-06	1.138821e-02	-1.277842e+01
7.810000e-06	4.742806e-03	-1.265905e+01
7.820000e-06	5.935886e-03	-1.242115e+01
7.830000e-06	2.923514e-03	-1.224160e+01
7.840000e-06	7.335078e-03	-1.205066e+01
7.850000e-06	5.500506e-03	-1.189223e+01
7.860000e-06	5.316608e-03	-1.167370e+01
7.870000e-06	5.397970e-03	-1.138107e+01
7.880000e-06	6.047888e-03	-1.124802e+01
7.890000e-06	3.664703e-03	-1.096799e+01
7.900000e-06	6.968554e-04	-1.073999e+01
7.910000e-06	-8.044251e-04	-1.060947e+01
7.920000e-06	1.801677e-03	-1.036704e+01
7.930000e-06	3.367564e-03	-1.013591e+01
7.940000e-06	2.621180e-03	-9.904337e+00
7.950000e-06	2.178373e-03	-9.685308e+00
7.960000e-06	1.219415e-03	-9.473185e+00
7.970000e-06	1.814409e-03	-9.211681e+00
7.980000e-06	-1.181859e-03	-8.991046e+00
7.990000e-06	-3.355321e-03	-8.759024e+00
8.000000e-06	-3.195851e-03	-8.555314e+00
8.010000e-06	-6.231044e-04	-8.231157e+00
8.020000e-06	4.531061e-04	-8.032627e+00
8.030000e-06	-3.292971e-04	-7.785915e+00
8.040000e-06	-2.489709e-03	-7.444305e+00
8.050000e-06	-1.351468e-03	-7.222103e+00
8.060000e-06	-3.152222e-03	-6.935437e+00
8.070000e-06	-2.938606e-03	-6.673209e+00
8.080000e-06	-5.859423e-03	-6.421700e+00
8.090000e-06	-3.941645e-03	-6.076967e+00
8.100000e-06	-3.411124e-03	-5.872734e+00
8.110000e-06	-3.173867e-03	-5.540127e+00
8.120000e-06	-4.485160e-03	-5.275260e+00
8.130000e-06	-5.387488e-03	-5.030557e+00
8.140000e-06	-4.971010e-03	-4.644758e+00
8.150000e-06	-4.425038e-03	-4.411627e+00
8.160000e-06	-5.495536e-03	-4.178528e+00
8.170000e-06	-6.890686e-03	-3.907418e+00
8.180000e-06	-7.036379e-03	-3.619550e+00
8.190000e-06	-6.034878e-03	-3.345969e+00
8.200000e-06	-7.490908e-03	-3.021762e+00
8.210000e-06	-6.969683e-03	-2.726945e+00
8.220000e-06	-7.671814e-03	-2.474162e+00
8.230000e-06	-5.972773e-03	-2.179501e+00
8.240000e-06	-6.626315e-03	-1.854815e+00
8.250000e-06	-7.369247e-03	-1.631057e+00
8.260000e-06	-8.437936e-03	-1.266262e+00
8.270000e-06	-8.206019e-03	-9.490714e-01
8.280000e-06	-8.295203e-03	-6.663671e-01
8.290000e-06	-8.942903e-03	-3.810290e-01
8.300000e-06	-7.963485e-03	-1.068197e-01
8.310000e-06	8.884095e-04	1.577645e-01
8.320000e-06	4.747212e-03	4.626053e-01
8.330000e-06	-3.100356e-03	7.337866e-01
8.340000e-06	1.179795e-03	9.683395e-01
8.350000e-06	-5.837211e-03	1.293628e+00
8.360000e-06	-2.632021e-04	1.579342e+00
8.370000e-06	-2.362834e-03	1.862602e+00
8.380000e-06	1.821925e-02	2.063628e+00
8.390000e-06	7.322177e-02	2.385792e+00
8.400000e-06	4.506317e-02	2.723705e+00
8.410000e-06	-8.081324e-02	3.019949e+00
8.420000e-06	-3.077072e-02	3.294656e+00
8.430000e-06	-4.037105e-02	3.589445e+00
8.440000e-06	-2.695859e-02	3.860926e+00
8.450000e-06	-7.416260e-02	4.061004e+00
8.460000e-06	5.492713e-02	4.334758e+00
8.470000e-06	5.627497e-02	4.620546e+00
8.480000e-06	-9.379772e-02	4.872700e+00
8.490000e-06	1.533895e-01	5.206337e+00
8.500000e-06	-1.176980e-01	5.503634e+00
8.510000e-06	8.207095e-03	5.757887e+00
8.520000e-06	3.860328e-03	6.081625e+00
8.530000e-06	-2.449351e-02	6.272656e+00
8.540000e-06	6.213264e-02	6.576366e+00
8.550000e-06	-7.858827e-02	6.872127e+00
8.560000e-06	3.289396e-02	7.123707e+00
8.570000e-06	-4.022984e-02	7.390950e+00
8.580000e-06	1.416013e-02	7.724626e+00
8.590000e-06	-2.311445e-02	7.946863e+00
8.600000e-06	-2.074887e-02	8.231575e+00
8.610000e-06	4.830250e-02	8.461553e+00
8.620000e-06	-3.659391e-02	8.682631e+00
8.630000e-06	9.689539e-03	8.895259e+00
8.640000e-06	-4.197994e-02	9.196867e+00
8.650000e-06	-1.690212e-02	9.409945e+00
8.660000e-06	1.734559e-02	9.648969e+00
8.670000e-06	-2.804450e-03	9.882129e+00
8.680000e-06	-4.039199e-03	1.008518e+01
8.690000e-06	-3.412955e-02	1.034426e+01
8.700000e-06	1.117070e-02	1.051378e+01
8.710000e-06	-2.400513e-02	1.075636e+01
8.720000e-06	-1.114926e-02	1.097741e+01
8.730000e-06	-2.196106e-02	1.123739e+01
8.740000e-06	-1.576170e-03	1.138889e+01
8.750000e-06	5.228617e-03	1.162952e+01
8.760000e-06	-1.826815e-02	1.181900e+01
8.770000e-06	-2.551678e-02	1.201907e+01
8.780000e-06	-2.203410e-02	1.218894e+01
8.790000e-06	3.213955e-05	1.240891e+01
8.800000e-06	-4.533205e-03	1.259694e+01
8.810000e-06	-1.821237e-02	1.277479e+01
8.820000e-06	-2.238938e-02	1.294325e+01
8.830000e-06	-1.293736e-02	1.309205e+01
8.840000e-06	-1.003550e-02	1.324952e+01
8.850000e-06	-2.016858e-02	1.335894e+01
8.860000e-06	-2.664363e-02	1.353531e+01
8.870000e-06	-1.251588e-02	1.367325e+01
8.880000e-06	-5.725033e-03	1.388012e+01
8.890000e-06	-1.348707e-02	1.400891e+01
8.900000e-06	-3.131219e-02	1.414436e+01
8.910000e-06	-2.576521e-02	1.429317e+01
8.920000e-06	-1.511424e-02	1.444947e+01
8.930000e-06	-1.020649e-02	1.451378e+01
8.940000e-06	-2.422493e-02	1.463014e+01
8.950000e-06	-2.739539e-02	1.473581e+01
8.960000e-06	-1.976683e-02	1.483052e+01
8.970000e-06	-1.777902e-02	1.490321e+01
8.980000e-06	-2.338640e-02	1.499799e+01
8.990000e-06	-3.405638e-02	1.509265e+01
9.000000e-06	-2.359902e-02	1.517586e+01
9.010000e-06	-2.014699e-02	1.521955e+01
9.020000e-06	-2.057330e-02	1.529278e+01
9.030000e-06	-3.750746e-02	1.534636e+01
9.040000e-06	-3.811752e-02	1.542792e+01
9.050000e-06	-2.937633e-02	1.550072e+01
9.060000e-06	-2.523350e-02	1.551315e+01
9.070000e-06	-3.196241e-02	1.556633e+01
9.080000e-06	-3.963152e-02	1.556594e+01
9.090000e-06	-3.452236e-02	1.561952e+01
9.100000e-06	-3.467483e-02	1.559964e+01
9.110000e-06	-3.954683e-02	1.562057e+01
9.120000e-06	-5.296786e-02	1.564170e+01
9.130000e-06	-4.885744e-02	1.566062e+01
9.140000e-06	-4.565994e-02	1.564165e+01
9.150000e-06	-4.751173e-02	1.564017e+01
9.160000e-06	-6.186113e-02	1.564014e+01
9.170000e-06	-7.291668e-02	1.561852e+01
9.180000e-06	-7.562302e-02	1.558811e+01
9.190000e-06	-8.671739e-02	1.559739e+01
9.200000e-06	-1.106892e-01	1.554521e+01
9.210000e-06	-1.484859e-01	1.549323e+01
9.220000e-06	-1.938949e-01	1.547863e+01
9.230000e-06	-2.459417e-01	1.543694e+01
9.240000e-06	-2.500000e-01	1.535436e+01
9.250000e-06	-2.500000e-01	1.528318e+01
9.260000e-06	-2.500000e-01	1.520897e+01
9.270000e-06	-2.448971e-01	1.518691e+01
9.280000e-06	-1.920561e-01	1.503118e+01
9.290000e-06	-1.302788e-01	1.493591e+01
9.300000e-06	-9.764392e-02	1.485978e+01
9.310000e-06	-6.898680e-02	1.476839e+01
9.320000e-06	-5.145119e-02	1.466163e+01
9.330000e-06	-4.199769e-02	1.458801e+01
9.340000e-06	-4.248086e-02	1.448168e+01
9.350000e-06	-3.457840e-02	1.432544e+01
9.360000e-06	-2.694823e-02	1.421055e+01
9.370000e-06	-2.370938e-02	1.406276e+01
9.380000e-06	-2.880067e-02	1.393636e+01
9.390000e-06	-2.956969e-02	1.381852e+01
9.400000e-06	-2.285817e-02	1.365217e+01
9.410000e-06	-1.909489e-02	1.350316e+01
9.420000e-06	-2.104082e-02	1.330591e+01
9.430000e-06	-2.381530e-02	1.317792e+01
9.440000e-06	-2.116916e-02	1.304013e+01
9.450000e-06	-1.473985e-02	1.287466e+01
9.460000e-06	-1.649929e-02	1.271374e+01
9.470000e-06	-2.054204e-02	1.249588e+01
9.480000e-06	-2.079201e-02	1.234639e+01
9.490000e-06	-1.524883e-02	1.221695e+01
9.500000e-06	-1.343641e-02	1.197852e+01
9.510000e-06	-1.789057e-02	1.174944e+01
9.520000e-06	-1.896663e-02	1.153852e+01
9.530000e-06	-1.608442e-02	1.136542e+01
9.540000e-06	-1.076836e-02	1.113586e+01
9.550000e-06	-1.300423e-02	1.095741e+01
9.560000e-06	-1.647548e-02	1.072442e+01
9.570000e-06	-1.571970e-02	1.053629e+01
9.580000e-06	-1.191435e-02	1.029433e+01
9.590000e-06	-1.164246e-02	1.003378e+01
9.600000e-06	-1.479725e-02	9.821202e+00
9.610000e-06	-1.558149e-02	9.610593e+00
9.620000e-06	-1.197425e-02	9.378020e+00
9.630000e-06	-9.285491e-03	9.148415e+00
9.640000e-06	-1.151236e-02	8.935832e+00
9.650000e-06	-1.443757e-02	8.653303e+00
9.660000e-06	-1.199853e-02	8.430228e+00
9.670000e-06	-9.099253e-03	8.209469e+00
9.680000e-06	-9.717702e-03	7.926437e+00
9.690000e-06	-1.259393e-02	7.652885e+00
9.700000e-06	-1.245242e-02	7.399170e+00
9.710000e-06	-1.057333e-02	7.085316e+00
9.720000e-06	-8.724981e-03	6.883787e+00
9.730000e-06	-1.094690e-02	6.619622e+00
9.740000e-06	-1.210062e-02	6.317790e+00
9.750000e-06	-9.396003e-03	6.083236e+00
9.760000e-06	-7.321260e-03	5.800535e+00
9.770000e-06	-8.411062e-03	5.536916e+00
9.780000e-06	-1.124250e-02	5.212732e+00
9.790000e-06	-1.064702e-02	4.895813e+00
9.800000e-06	-8.130237e-03	4.590599e+00
9.810000e-06	-7.047740e-03	4.347970e+00
9.820000e-06	-9.141830e-03	4.063711e+00
9.830000e-06	-9.895575e-03	3.798048e+00
9.840000e-06	-7.578196e-03	3.486343e+00
9.850000e-06	-4.904351e-03	3.191128e+00
9.860000e-06	-7.082995e-03	2.927442e+00
9.870000e-06	-8.785326e-03	2.655263e+00
9.880000e-06	-7.603191e-03	2.398346e+00
9.890000e-06	-6.774626e-03	2.094813e+00
9.900000e-06	-6.084134e-03	1.800604e+00
9.910000e-06	-8.598567e-03	1.486841e+00
9.920000e-06	-7.205027e-03	1.190605e+00
9.930000e-06	-4.889027e-03	8.717132e-01
9.940000e-06	-3.604866e-03	5.505514e-01
9.950000e-06	-4.468182e-03	3.043643e-01
9.960000e-06	-3.516778e-03	3.060242e-02
9.970000e-06	5.472565e-03	-2.841052e-01
9.980000e-06	5.962254e-03	-5.042871e-01
9.990000e-06	-6.387781e-04	-8.110001e-01
1.000000e-05	9.426354e-05	-1.083608e+00
1.001000e-05	-2.197747e-03	-1.387898e+00
1.002000e-05	1.613828e-03	-1.651032e+00
1.003000e-05	1.515175e-02	-1.893610e+00
1.004000e-05	7.112744e-02	-2.174264e+00
1.005000e-05	9.290793e-02	-2.472530e+00
1.006000e-05	-7.762782e-02	-2.893150e+00
1.007000e-05	-4.570677e-03	-3.273003e+00
1.008000e-05	-4.761892e-02	-3.484584e+00
1.009000e-05	-2.723350e-02	-3.673733e+00
1.010000e-05	-8.061723e-02	-3.987367e+00
1.011000e-05	1.685766e-01	-4.145259e+00
1.012000e-05	-8.350183e-02	-4.388393e+00
1.013000e-05	3.050537e-02	-4.715859e+00
1.014000e-05	9.279084e-02	-4.954663e+00
1.015000e-05	-1.563831e-01	-5.293158e+00
1.016000e-05	1.620014e-01	-5.627947e+00
1.017000e-05	-1.567828e-01	-5.849504e+00
1.018000e-05	9.531742e-02	-6.166888e+00
1.019000e-05	3.393556e-02	-6.387386e+00
1.020000e-05	-6.525107e-02	-6.684184e+00
1.021000e-05	1.124138e-01	-7.005865e+00
1.022000e-05	-1.318225e-01	-7.282550e+00
1.023000e-05	1.151589e-01	-7.595236e+00
1.024000e-05	-6.715889e-02	-7.807940e+00
1.025000e-05	4.598401e-02	-8.073630e+00
1.026000e-05	5.363084e-02	-8.293680e+00
1.027000e-05	-7.039474e-02	-8.567339e+00
1.028000e-05	1.139690e-01	-8.823022e+00
1.029000e-05	-1.205055e-01	-9.040549e+00
1.030000e-05	8.647779e-02	-9.295232e+00
1.031000e-05	-4.907619e-02	-9.535181e+00
1.032000e-05	7.061416e-02	-9.756816e+00
1.033000e-05	8.793729e-03	-9.987741e+00
1.034000e-05	-1.249360e-02	-1.023946e+01
1.035000e-05	3.964017e-02	-1.042155e+01
1.036000e-05	-4.938690e-02	-1.064111e+01
1.037000e-05	7.210538e-02	-1.087055e+01
1.038000e-05	-5.159668e-02	-1.107210e+01
1.039000e-05	7.081070e-02	-1.129460e+01
1.040000e-05	-2.939092e-02	-1.152418e+01
1.041000e-05	4.837955e-02	-1.171628e+01
1.042000e-05	-2.113490e-02	-1.194518e+01
1.043000e-05	1.681319e-02	-1.215631e+01
1.044000e-05	8.224459e-03	-1.230260e+01
1.045000e-05	2.122226e-02	-1.250573e+01
1.046000e-05	2.860918e-02	-1.271213e+01
1.047000e-05	-4.611757e-03	-1.284253e+01
1.048000e-05	1.850093e-02	-1.301902e+01
1.049000e-05	-6.500700e-03	-1.318634e+01
1.050000e-05	2.829290e-02	-1.334473e+01
1.051000e-05	-2.295193e-03	-1.354263e+01
1.052000e-05	3.048307e-02	-1.358797e+01
1.053000e-05	9.208525e-03	-1.381894e+01
1.054000e-05	3.014627e-02	-1.393631e+01
1.055000e-05	1.037806e-03	-1.404315e+01
1.056000e-05	1.376481e-02	-1.422792e+01
1.057000e-05	5.413858e-03	-1.433430e+01
1.058000e-05	2.736756e-02	-1.445060e+01
1.059000e-05	1.875864e-02	-1.458639e+01
1.060000e-05	1.999448e-02	-1.475270e+01
1.061000e-05	1.307399e-02	-1.474834e+01
1.062000e-05	1.697527e-02	-1.488265e+01
1.063000e-05	2.144227e-02	-1.497579e+01
1.064000e-05	1.513093e-02	-1.509152e+01
1.065000e-05	2.236192e-02	-1.517426e+01
1.066000e-05	2.046367e-02	-1.519794e+01
1.067000e-05	2.956424e-02	-1.529110e+01
1.068000e-05	1.796483e-02	-1.530533e+01
1.069000e-05	2.026417e-02	-1.537854e+01
1.070000e-05	1.806386e-02	-1.546107e+01
1.071000e-05	3.051913e-02	-1.552421e+01
1.072000e-05	2.911504e-02	-1.557478e+01
1.073000e-05	2.975288e-02	-1.558944e+01
1.074000e-05	2.787115e-02	-1.561846e+01
1.075000e-05	3.089219e-02	-1.565057e+01
1.076000e-05	3.317557e-02	-1.567060e+01
1.077000e-05	3.204001e-02	-1.570210e+01
1.078000e-05	3.510991e-02	-1.567320e+01
1.079000e-05	4.088418e-02	-1.566063e+01
1.080000e-05	4.955670e-02	-1.568170e+01
1.081000e-05	5.028776e-02	-1.568315e+01
1.082000e-05	5.218520e-02	-1.567162e+01
1.083000e-05	5.853884e-02	-1.563212e+01
1.084000e-05	7.173562e-02	-1.559049e+01
1.085000e-05	8.786030e-02	-1.558639e+01
1.086000e-05	1.080985e-01	-1.552528e+01
1.087000e-05	1.413097e-01	-1.551370e+01
1.088000e-05	1.989845e-01	-1.541897e+01
1.089000e-05	2.491072e-01	-1.536697e+01
1.090000e-05	2.500000e-01	-1.531533e+01
1.091000e-05	2.500000e-01	-1.525170e+01
1.092000e-05	2.500000e-01	-1.515696e+01
1.093000e-05	2.413886e-01	-1.513428e+01
1.094000e-05	1.752298e-01	-1.507047e+01
1.095000e-05	1.115302e-01	-1.499538e+01
1.096000e-05	7.773537e-02	-1.483318e+01
1.097000e-05	5.876723e-02	-1.476642e+01
1.098000e-05	4.575684e-02	-1.468122e+01
1.099000e-05	3.374938e-02	-1.453694e+01
1.100000e-05	2.647597e-02	-1.443027e+01
1.101000e-05	2.322198e-02	-1.433429e+01
1.102000e-05	2.165298e-02	-1.423664e+01
1.103000e-05	1.724380e-02	-1.409110e+01
1.104000e-05	1.402612e-02	-1.391381e+01
1.105000e-05	1.360985e-02	-1.374839e+01
1.106000e-05	1.540697e-02	-1.362060e+01
1.107000e-05	1.468770e-02	-1.350321e+01
1.108000e-05	1.064213e-02	-1.333633e+01
1.109000e-05	8.277867e-03	-1.317904e+01
1.110000e-05	9.461970e-03	-1.301212e+01
1.111000e-05	9.324490e-03	-1.281376e+01
1.112000e-05	7.660373e-03	-1.268323e+01
1.113000e-05	5.469720e-03	-1.250426e+01
1.114000e-05	6.940492e-03	-1.233644e+01
1.115000e-05	7.336327e-03	-1.215792e+01
1.116000e-05	5.800648e-03	-1.195506e+01
1.117000e-05	3.163409e-03	-1.175687e+01
1.118000e-05	3.637065e-03	-1.151391e+01
1.119000e-05	5.252342e-03	-1.133378e+01
1.120000e-05	4.982610e-03	-1.105368e+01
1.121000e-05	2.990005e-03	-1.085470e+01
1.122000e-05	1.281219e-03	-1.068216e+01
1.123000e-05	2.203884e-03	-1.045078e+01
1.124000e-05	2.536319e-03	-1.028013e+01
1.125000e-05	2.377976e-03	-1.004010e+01
1.126000e-05	2.015220e-04	-9.809522e+00
1.127000e-05	1.091561e-03	-9.560000e+00
1.128000e-05	1.950609e-03	-9.345841e+00
1.129000e-05	1.445422e-03	-9.114256e+00
1.130000e-05	-1.912070e-03	-8.893786e+00
1.131000e-05	-2.215942e-03	-8.673602e+00
1.132000e-05	-1.661634e-03	-8.379467e+00
1.133000e-05	-3.128435e-05	-8.166860e+00
1.134000e-05	-1.252735e-03	-7.865255e+00
1.135000e-05	-3.007592e-03	-7.579074e+00
1.136000e-05	-2.741883e-03	-7.366838e+00
1.137000e-05	-2.031348e-03	-7.089711e+00
1.138000e-05	-3.068020e-03	-6.770025e+00
1.139000e-05	-4.386152e-03	-6.526420e+00
1.140000e-05	-4.068744e-03	-6.284236e+00
1.141000e-05	-3.552632e-03	-5.959049e+00
1.142000e-05	-4.416011e-03	-5.746894e+00
1.143000e-05	-4.250203e-03	-5.402682e+00
1.144000e-05	-6.420759e-03	-5.117914e+00
1.145000e-05	-4.776705e-03	-4.852655e+00
1.146000e-05	-3.390865e-03	-4.537837e+00
1.147000e-05	-4.870790e-03	-4.325738e+00
1.148000e-05	-5.149418e-03	-4.060673e+00
1.149000e-05	-6.833671e-03	-3.767514e+00
1.150000e-05	-6.425024e-03	-3.463211e+00
1.151000e-05	-7.900155e-03	-3.190624e+00
1.152000e-05	-8.741710e-03	-2.885213e+00
1.153000e-05	-7.086293e-03	-2.621077e+00
1.154000e-05	-7.335999e-03	-2.316320e+00
1.155000e-05	-3.331937e-03	-1.969577e+00
1.156000e-05	-5.924858e-03	-1.738970e+00
1.157000e-05	-7.872728e-03	-1.452734e+00
1.158000e-05	-7.784929e-03	-1.095792e+00
1.159000e-05	-1.071840e-02	-8.517068e-01
1.160000e-05	-1.013122e-02	-5.243423e-01
1.161000e-05	-1.053935e-02	-2.732843e-01
1.162000e-05	-4.504761e-03	6.342220e-02
1.163000e-05	9.302049e-03	3.268129e-01
1.164000e-05	-2.221109e-03	5.883721e-01
1.165000e-05	3.182310e-03	8.420525e-01
1.166000e-05	-4.937653e-03	1.147218e+00
1.167000e-05	-1.187200e-03	1.420947e+00
1.168000e-05	-5.867193e-03	1.737267e+00
1.169000e-05	7.497509e-03	1.966919e+00
1.170000e-05	3.677274e-02	2.211446e+00
1.171000e-05	9.572825e-02	2.493632e+00
1.172000e-05	-4.993613e-02	2.903679e+00
1.173000e-05	-4.857739e-02	3.158841e+00
1.174000e-05	-4.140887e-02	3.442025e+00
1.175000e-05	-1.866872e-02	3.716289e+00
1.176000e-05	-6.495107e-02	3.986419e+00
1.177000e-05	-2.443916e-02	4.157345e+00
1.178000e-05	1.109298e-01	4.483107e+00
1.179000e-05	-7.779129e-02	4.747868e+00
1.180000e-05	6.019202e-02	4.989967e+00
1.181000e-05	3.801588e-02	5.366740e+00
1.182000e-05	-1.139545e-01	5.640549e+00
1.183000e-05	6.960210e-02	5.934127e+00
1.184000e-05	-6.228251e-02	6.178890e+00
1.185000e-05	5.999164e-02	6.419471e+00
1.186000e-05	-2.810285e-02	6.765286e+00
1.187000e-05	-3.336446e-02	6.978395e+00
1.188000e-05	2.159712e-02	7.281599e+00
1.189000e-05	-4.395907e-02	7.606240e+00
1.190000e-05	3.805367e-02	7.840572e+00
1.191000e-05	-6.605445e-02	8.143658e+00
1.192000e-05	5.019477e-02	8.388839e+00
1.193000e-05	-7.404779e-03	8.608893e+00
1.194000e-05	-2.239169e-02	8.818442e+00
1.195000e-05	8.532500e-04	9.091649e+00
1.196000e-05	-6.178480e-02	9.333682e+00
1.197000e-05	3.501110e-02	9.594184e+00
1.198000e-05	-1.558458e-02	9.746308e+00
1.199000e-05	2.219423e-02	9.997966e+00
1.200000e-05	-4.380676e-02	1.021847e+01
1.201000e-05	3.646113e-03	1.045100e+01
1.202000e-05	-9.460041e-03	1.067162e+01
1.203000e-05	-2.190491e-02	1.086412e+01
1.204000e-05	-1.199067e-02	1.107163e+01
1.205000e-05	-2.466561e-02	1.132278e+01
1.206000e-05	2.021937e-02	1.152368e+01
1.207000e-05	-1.859785e-02	1.173528e+01
1.208000e-05	-9.559319e-03	1.192578e+01
1.209000e-05	-3.871473e-02	1.214328e+01
1.210000e-05	2.579852e-03	1.233571e+01
1.211000e-05	-6.781475e-03	1.251568e+01
1.212000e-05	-6.183095e-03	1.265148e+01
1.213000e-05	-2.635151e-02	1.281907e+01
1.214000e-05	-2.183498e-02	1.300696e+01
1.215000e-05	-7.421059e-03	1.315681e+01
1.216000e-05	-1.918605e-02	1.334523e+01
1.217000e-05	-1.991807e-02	1.352258e+01
1.218000e-05	-2.445066e-02	1.361864e+01
1.219000e-05	1.472283e-03	1.379639e+01
1.220000e-05	-1.096951e-02	1.394323e+01
1.221000e-05	-2.110098e-02	1.402263e+01
1.222000e-05	-3.717558e-02	1.417802e+01
1.223000e-05	-2.071080e-02	1.433839e+01
1.224000e-05	-1.129906e-02	1.448220e+01
1.225000e-05	-1.865483e-02	1.455637e+01
1.226000e-05	-2.654027e-02	1.469326e+01
1.227000e-05	-2.515004e-02	1.478844e+01
1.228000e-05	-1.210989e-02	1.485170e+01
1.229000e-05	-2.218838e-02	1.494436e+01
1.230000e-05	-2.881461e-02	1.504155e+01
1.231000e-05	-3.290339e-02	1.513421e+01
1.232000e-05	-1.945732e-02	1.520791e+01
1.233000e-05	-1.980753e-02	1.524060e+01
1.234000e-05	-3.112710e-02	1.531428e+01
1.235000e-05	-3.965005e-02	1.541792e+01
1.236000e-05	-3.482400e-02	1.544047e+01
1.237000e-05	-2.160113e-02	1.547375e+01
1.238000e-05	-2.938826e-02	1.553381e+01
1.239000e-05	-3.616553e-02	1.554891e+01
1.240000e-05	-3.884620e-02	1.556742e+01
1.241000e-05	-3.147146e-02	1.562950e+01
1.242000e-05	-3.773564e-02	1.563007e+01
1.243000e-05	-4.923240e-02	1.564070e+01
1.244000e-05	-5.327267e-02	1.564918e+01
1.245000e-05	-4.689904e-02	1.566263e+01
1.246000e-05	-4.296224e-02	1.564017e+01
1.247000e-05	-5.576545e-02	1.566912e+01
1.248000e-05	-6.805552e-02	1.566957e+01
1.249000e-05	-7.427072e-02	1.562847e+01
1.250000e-05	-7.815323e-02	1.556738e+01
1.251000e-05	-9.841754e-02	1.556586e+01
1.252000e-05	-1.306579e-01	1.551429e+01
1.253000e-05	-1.702722e-01	1.548315e+01
1.254000e-05	-2.243274e-01	1.542902e+01
1.255000e-05	-2.499985e-01	1.534579e+01
1.256000e-05	-2.500000e-01	1.530314e+01
1.257000e-05	-2.500000e-01	1.523105e+01
1.258000e-05	-2.500000e-01	1.520789e+01
1.259000e-05	-2.255088e-01	1.509428e+01
1.260000e-05	-1.539285e-01	1.498100e+01
1.261000e-05	-1.121920e-01	1.490428e+01
1.262000e-05	-8.290744e-02	1.479004e+01
1.263000e-05	-5.786328e-02	1.468533e+01
1.264000e-05	-4.478875e-02	1.458955e+01
1.265000e-05	-4.281983e-02	1.451591e+01
1.266000e-05	-3.859410e-02	1.437060e+01
1.267000e-05	-3.034613e-02	1.424218e+01
1.268000e-05	-2.330184e-02	1.409741e+01
1.269000e-05	-2.742717e-02	1.400757e+01
1.270000e-05	-2.966817e-02	1.388310e+01
1.271000e-05	-2.582653e-02	1.374428e+01
1.272000e-05	-1.978384e-02	1.356701e+01
1.273000e-05	-1.931299e-02	1.344107e+01
1.274000e-05	-2.376387e-02	1.328168e+01
1.275000e-05	-2.238410e-02	1.312433e+01
1.276000e-05	-1.736266e-02	1.294691e+01
1.277000e-05	-1.473226e-02	1.274652e+01
1.278000e-05	-1.899202e-02	1.261105e+01
1.279000e-05	-2.109342e-02	1.241065e+01
1.280000e-05	-1.741644e-02	1.230415e+01
1.281000e-05	-1.289764e-02	1.206383e+01
1.282000e-05	-1.540424e-02	1.189375e+01
1.283000e-05	-2.049966e-02	1.168325e+01
1.284000e-05	-1.841725e-02	1.147220e+01
1.285000e-05	-1.339025e-02	1.121112e+01
1.286000e-05	-1.112411e-02	1.105117e+01
1.287000e-05	-1.504361e-02	1.082015e+01
1.288000e-05	-1.641699e-02	1.064210e+01
1.289000e-05	-1.342892e-02	1.043200e+01
1.290000e-05	-1.058162e-02	1.015947e+01
1.291000e-05	-1.306430e-02	9.957521e+00
1.292000e-05	-1.757014e-02	9.716364e+00
1.293000e-05	-1.364607e-02	9.513182e+00
1.294000e-05	-9.931544e-03	9.224178e+00
1.295000e-05	-9.916149e-03	9.032621e+00
1.296000e-05	-1.446130e-02	8.798569e+00
1.297000e-05	-1.385503e-02	8.558893e+00
1.298000e-05	-1.021512e-02	8.275838e+00
1.299000e-05	-7.824616e-03	8.012704e+00
1.300000e-05	-1.133933e-02	7.810025e+00
1.301000e-05	-1.319273e-02	7.526466e+00
1.302000e-05	-1.089256e-02	7.234104e+00
1.303000e-05	-8.246029e-03	6.999025e+00
1.304000e-05	-9.581655e-03	6.707420e+00
1.305000e-05	-1.320796e-02	6.472679e+00
1.306000e-05	-1.116016e-02	6.170523e+00
1.307000e-05	-7.209632e-03	5.958895e+00
1.308000e-05	-6.786509e-03	5.684160e+00
1.309000e-05	-1.070764e-02	5.410629e+00
1.310000e-05	-1.153262e-02	5.043232e+00
1.311000e-05	-8.090460e-03	4.737940e+00
1.312000e-05	-6.390140e-03	4.464262e+00
1.313000e-05	-8.535482e-03	4.202073e+00
1.314000e-05	-1.099267e-02	3.936338e+00
1.315000e-05	-8.566110e-03	3.633679e+00
1.316000e-05	-5.295905e-03	3.399421e+00
1.317000e-05	-6.229378e-03	3.052834e+00
1.318000e-05	-8.874741e-03	2.780126e+00
1.319000e-05	-9.641821e-03	2.514340e+00
1.320000e-05	-5.440039e-03	2.210629e+00
1.321000e-05	-5.080947e-03	1.928945e+00
1.322000e-05	-7.225616e-03	1.674663e+00
1.323000e-05	-8.738580e-03	1.316449e+00
1.324000e-05	-6.228958e-03	1.040101e+00
1.325000e-05	-4.366619e-03	6.958134e-01
1.326000e-05	-5.025175e-03	4.411828e-01
1.327000e-05	-5.258937e-03	1.059695e-01
1.328000e-05	-1.135276e-03	-1.768383e-01
1.329000e-05	1.226966e-02	-4.294475e-01
1.330000e-05	-1.767860e-03	-6.816816e-01
1.331000e-05	4.178527e-03	-9.888908e-01
1.332000e-05	-5.173696e-03	-1.210526e+00
1.333000e-05	3.008098e-03	-1.557288e+00
1.334000e-05	3.321451e-03	-1.807370e+00
1.335000e-05	3.551799e-02	-2.010971e+00
1.336000e-05	1.147911e-01	-2.344632e+00
1.337000e-05	-1.600784e-02	-2.693628e+00
1.338000e-05	-4.585098e-02	-3.113184e+00
1.339000e-05	-2.245724e-02	-3.388019e+00
1.340000e-05	-3.093870e-02	-3.608870e+00
1.341000e-05	-7.450170e-02	-3.850104e+00
1.342000e-05	4.668189e-02	-4.070079e+00
1.343000e-05	1.024544e-01	-4.289047e+00
1.344000e-05	-1.414740e-01	-4.595888e+00
1.345000e-05	2.037815e-01	-4.839975e+00
1.346000e-05	-1.214252e-01	-5.173658e+00
1.347000e-05	4.067665e-02	-5.532658e+00
1.348000e-05	1.888866e-02	-5.734712e+00
1.349000e-05	-9.971924e-02	-6.050024e+00
1.350000e-05	1.796564e-01	-6.291154e+00
1.351000e-05	-1.215586e-01	-6.565841e+00
1.352000e-05	1.021392e-01	-6.872054e+00
1.353000e-05	-4.796320e-02	-7.123582e+00
1.354000e-05	-2.004896e-02	-7.418973e+00
1.355000e-05	7.711407e-02	-7.631174e+00
1.356000e-05	-9.678111e-02	-7.975311e+00
1.357000e-05	1.481857e-01	-8.208969e+00
1.358000e-05	-9.771219e-02	-8.450000e+00
1.359000e-05	8.426973e-02	-8.763761e+00
1.360000e-05	-2.679433e-02	-8.964717e+00
1.361000e-05	-3.186917e-02	-9.208445e+00
1.362000e-05	5.945300e-02	-9.407444e+00
1.363000e-05	-4.711929e-02	-9.661648e+00
1.364000e-05	1.128511e-01	-9.851602e+00
1.365000e-05	-7.712176e-02	-1.010265e+01
1.366000e-05	7.926935e-02	-1.036633e+01
1.367000e-05	-6.256370e-02	-1.055634e+01
1.368000e-05	5.115365e-02	-1.075736e+01
1.369000e-05	-1.173960e-02	-1.095528e+01
1.370000e-05	1.510110e-02	-1.120692e+01
1.371000e-05	3.094193e-02	-1.139544e+01
1.372000e-05	-8.425626e-03	-1.166849e+01
1.373000e-05	4.073260e-02	-1.188002e+01
1.374000e-05	-3.328231e-02	-1.204817e+01
1.375000e-05	4.081938e-02	-1.223955e+01
1.376000e-05	-1.620963e-02	-1.240752e+01
1.377000e-05	5.336229e-02	-1.261837e+01
1.378000e-05	-1.128672e-02	-1.276486e+01
1.379000e-05	2.476547e-02	-1.297531e+01
1.380000e-05	-7.394358e-03	-1.309310e+01
1.381000e-05	2.233863e-02	-1.326273e+01
1.382000e-05	8.734092e-03	-1.341844e+01
1.383000e-05	1.794757e-02	-1.354441e+01
1.384000e-05	2.019562e-02	-1.368171e+01
1.385000e-05	1.661082e-02	-1.385118e+01
1.386000e-05	1.786286e-02	-1.398789e+01
1.387000e-05	9.773236e-04	-1.415479e+01
1.388000e-05	1.194484e-02	-1.428204e+01
1.389000e-05	1.243205e-02	-1.440841e+01
1.390000e-05	2.989502e-02	-1.449476e+01
1.391000e-05	1.739951e-02	-1.462905e+01
1.392000e-05	2.262829e-02	-1.470378e+01
1.393000e-05	1.020468e-02	-1.481062e+01
1.394000e-05	2.269108e-02	-1.489523e+01
1.395000e-05	1.330069e-02	-1.498801e+01
1.396000e-05	2.027153e-02	-1.510165e+01
1.397000e-05	1.700605e-02	-1.516629e+01
1.398000e-05	2.768359e-02	-1.525812e+01
1.399000e-05	2.443919e-02	-1.529228e+01
1.400000e-05	2.017522e-02	-1.535589e+01
1.401000e-05	1.897377e-02	-1.541854e+01
1.402000e-05	2.444259e-02	-1.550170e+01
1.403000e-05	3.202456e-02	-1.554478e+01
1.404000e-05	2.857225e-02	-1.555496e+01
1.405000e-05	2.737402e-02	-1.560847e+01
1.406000e-05	2.625135e-02	-1.559912e+01
1.407000e-05	3.396237e-02	-1.565162e+01
1.408000e-05	3.018444e-02	-1.566115e+01
1.409000e-05	3.571557e-02	-1.572225e+01
1.410000e-05	3.603850e-02	-1.566310e+01
1.411000e-05	4.880868e-02	-1.567220e+01
1.412000e-05	5.263615e-02	-1.567165e+01
1.413000e-05	5.173019e-02	-1.564062e+01
1.414000e-05	5.498435e-02	-1.561110e+01
1.415000e-05	6.132028e-02	-1.561899e+01
1.416000e-05	7.816937e-02	-1.559589e+01
1.417000e-05	9.383382e-02	-1.552683e+01
1.418000e-05	1.238503e-01	-1.549291e+01
1.419000e-05	1.691060e-01	-1.545966e+01
1.420000e-05	2.339494e-01	-1.535907e+01
1.421000e-05	2.499999e-01	-1.533693e+01
1.422000e-05	2.500000e-01	-1.530578e+01
1.423000e-05	2.500000e-01	-1.524005e+01
1.424000e-05	2.492850e-01	-1.512481e+01
1.425000e-05	2.121972e-01	-1.506218e+01
1.426000e-05	1.369169e-01	-1.501702e+01
1.427000e-05	9.052285e-02	-1.493421e+01
1.428000e-05	6.743951e-02	-1.478854e+01
1.429000e-05	5.297783e-02	-1.469328e+01
1.430000e-05	4.050045e-02	-1.459950e+01
1.431000e-05	3.138549e-02	-1.449331e+01
1.432000e-05	2.483542e-02	-1.439844e+01
1.433000e-05	2.122577e-02	-1.427260e+01
1.434000e-05	1.865059e-02	-1.416531e+01
1.435000e-05	1.350004e-02	-1.397792e+01
1.436000e-05	1.244301e-02	-1.386117e+01
1.437000e-05	1.382633e-02	-1.370131e+01
1.438000e-05	1.641205e-02	-1.353691e+01
1.439000e-05	1.480580e-02	-1.341752e+01
1.440000e-05	1.126831e-02	-1.321213e+01
1.441000e-05	9.017692e-03	-1.308373e+01
1.442000e-05	8.760033e-03	-1.293491e+01
1.443000e-05	8.399844e-03	-1.278949e+01
1.444000e-05	5.961856e-03	-1.261907e+01
1.445000e-05	5.574996e-03	-1.243908e+01
1.446000e-05	6.322770e-03	-1.220060e+01
1.447000e-05	7.636932e-03	-1.203123e+01
1.448000e-05	5.441076e-03	-1.189208e+01
1.449000e-05	4.437363e-03	-1.157065e+01
1.450000e-05	3.877930e-03	-1.142957e+01
1.451000e-05	5.157970e-03	-1.120804e+01
1.452000e-05	4.099578e-03	-1.099954e+01
1.453000e-05	2.422105e-03	-1.078804e+01
1.454000e-05	1.329701e-03	-1.053750e+01
1.455000e-05	2.131851e-03	-1.034749e+01
1.456000e-05	2.866147e-03	-1.015431e+01
1.457000e-05	1.707792e-03	-9.893283e+00
1.458000e-05	1.215389e-03	-9.674207e+00
1.459000e-05	8.252268e-04	-9.451751e+00
1.460000e-05	2.163880e-03	-9.220075e+00
1.461000e-05	1.790568e-04	-9.000500e+00
1.462000e-05	-1.492634e-03	-8.776516e+00
1.463000e-05	-2.524555e-03	-8.513841e+00
1.464000e-05	-7.392020e-04	-8.232231e+00
1.465000e-05	-1.428019e-03	-8.011074e+00
1.466000e-05	-1.014614e-03	-7.757411e+00
1.467000e-05	-3.315303e-03	-7.470655e+00
1.468000e-05	-3.308097e-03	-7.238077e+00
1.469000e-05	-9.392598e-04	-6.915340e+00
1.470000e-05	-2.888897e-03	-6.663283e+00
1.471000e-05	-2.467141e-03	-6.400579e+00
1.472000e-05	-1.545650e-03	-6.106441e+00
1.473000e-05	-4.709451e-03	-5.873155e+00
1.474000e-05	-3.343116e-03	-5.558599e+00
1.475000e-05	-9.908784e-03	-5.294365e+00
1.476000e-05	-6.983823e-03	-4.989623e+00
1.477000e-05	-6.782633e-03	-4.663656e+00
1.478000e-05	-2.155533e-03	-4.409551e+00
1.479000e-05	-2.979481e-03	-4.186999e+00
1.480000e-05	-3.234949e-03	-3.904813e+00
1.481000e-05	-4.906596e-03	-3.569598e+00
1.482000e-05	-7.086077e-03	-3.316366e+00
1.483000e-05	-9.579013e-03	-3.002183e+00
1.484000e-05	-1.158251e-02	-2.697890e+00
1.485000e-05	-8.162904e-03	-2.483712e+00
1.486000e-05	-5.808429e-03	-2.158574e+00
1.487000e-05	-4.692003e-03	-1.854285e+00
1.488000e-05	-6.626052e-03	-1.600629e+00
1.489000e-05	-7.703954e-03	-1.232782e+00
1.490000e-05	-8.646968e-03	-9.695214e-01
1.491000e-05	-8.146449e-03	-6.652380e-01
1.492000e-05	-8.907127e-03	-3.585487e-01
1.493000e-05	-7.862816e-03	-1.047608e-01
1.494000e-05	1.040005e-03	1.798221e-01
1.495000e-05	2.191923e-03	4.631302e-01
1.496000e-05	-3.678577e-03	7.056881e-01
1.497000e-05	-3.679827e-04	9.478732e-01
1.498000e-05	-3.446835e-03	1.302739e+00
1.499000e-05	-5.541043e-04	1.586871e+00
1.500000e-05	-3.580380e-04	1.863609e+00
1.501000e-05	1.988070e-02	2.071158e+00
1.502000e-05	7.832510e-02	2.428217e+00
1.503000e-05	3.450990e-02	2.755736e+00
1.504000e-05	-8.192642e-02	3.051499e+00
1.505000e-05	-3.145988e-02	3.304359e+00
1.506000e-05	-3.818332e-02	3.640499e+00
1.507000e-05	-2.915366e-02	3.841501e+00
1.508000e-05	-7.250995e-02	4.081129e+00
1.509000e-05	6.384354e-02	4.347207e+00
1.510000e-05	4.443575e-02	4.640575e+00
1.511000e-05	-8.507804e-02	4.853606e+00
1.512000e-05	1.533030e-01	5.210368e+00
1.513000e-05	-1.287711e-01	5.484609e+00
1.514000e-05	2.355664e-02	5.787412e+00
1.515000e-05	-5.811799e-03	6.042650e+00
1.516000e-05	-1.542717e-02	6.286206e+00
1.517000e-05	5.638457e-02	6.548360e+00
1.518000e-05	-8.083482e-02	6.872557e+00
1.519000e-05	3.722545e-02	7.135685e+00
1.520000e-05	-4.500087e-02	7.410519e+00
1.521000e-05	2.143445e-02	7.714154e+00
1.522000e-05	-3.052235e-02	8.009888e+00
1.523000e-05	-1.266811e-02	8.252074e+00
1.524000e-05	4.499852e-02	8.503125e+00
1.525000e-05	-3.779060e-02	8.675156e+00
1.526000e-05	1.257799e-02	8.914781e+00
1.527000e-05	-4.754476e-02	9.188419e+00
1.528000e-05	-9.890083e-03	9.399547e+00
1.529000e-05	1.281585e-02	9.700074e+00
1.530000e-05	1.454606e-04	9.902077e+00
1.531000e-05	-8.899072e-03	1.014531e+01
1.532000e-05	-3.025178e-02	1.034629e+01
1.533000e-05	1.213998e-02	1.058634e+01
1.534000e-05	-2.401169e-02	1.074636e+01
1.535000e-05	-1.117403e-02	1.097694e+01
1.536000e-05	-2.457499e-02	1.119836e+01
1.537000e-05	1.408757e-03	1.145049e+01
1.538000e-05	1.945050e-03	1.165150e+01
1.539000e-05	-1.770307e-02	1.181055e+01
1.540000e-05	-2.739968e-02	1.207847e+01
1.541000e-05	-1.869611e-02	1.225947e+01
1.542000e-05	1.666646e-03	1.238802e+01
1.543000e-05	-5.368378e-03	1.258839e+01
1.544000e-05	-1.819978e-02	1.277631e+01
1.545000e-05	-2.456282e-02	1.292484e+01
1.546000e-05	-1.330401e-02	1.312220e+01
1.547000e-05	-1.160486e-02	1.323115e+01
1.548000e-05	-2.163627e-02	1.339944e+01
1.549000e-05	-2.588592e-02	1.355584e+01
1.550000e-05	-9.615422e-03	1.374425e+01
1.551000e-05	-4.553215e-03	1.384962e+01
1.552000e-05	-1.464095e-02	1.398684e+01
1.553000e-05	-3.428379e-02	1.414481e+01
1.554000e-05	-2.567635e-02	1.428323e+01
1.555000e-05	-1.616977e-02	1.444852e+01
1.556000e-05	-1.134122e-02	1.454468e+01
1.557000e-05	-2.531621e-02	1.463010e+01
1.558000e-05	-2.859842e-02	1.473686e+01
1.559000e-05	-1.745445e-02	1.485005e+01
1.560000e-05	-1.743064e-02	1.489521e+01
1.561000e-05	-2.406876e-02	1.502737e+01
1.562000e-05	-3.516552e-02	1.508165e+01
1.563000e-05	-2.287583e-02	1.517536e+01
1.564000e-05	-2.033476e-02	1.523057e+01
1.565000e-05	-2.229483e-02	1.527328e+01
1.566000e-05	-3.895245e-02	1.541694e+01
1.567000e-05	-3.783509e-02	1.542995e+01
1.568000e-05	-2.773711e-02	1.545067e+01
1.569000e-05	-2.508833e-02	1.551226e+01
1.570000e-05	-3.303774e-02	1.554684e+01
1.571000e-05	-4.114397e-02	1.561749e+01
1.572000e-05	-3.285970e-02	1.560844e+01
1.573000e-05	-3.463147e-02	1.560905e+01
1.574000e-05	-4.108811e-02	1.562005e+01
1.575000e-05	-5.404561e-02	1.565125e+01
1.576000e-05	-4.889827e-02	1.562168e+01
1.577000e-05	-4.446552e-02	1.565370e+01
1.578000e-05	-4.865861e-02	1.567063e+01
1.579000e-05	-6.437393e-02	1.560955e+01
1.580000e-05	-7.386044e-02	1.559014e+01
1.581000e-05	-7.492305e-02	1.560896e+01
1.582000e-05	-8.625609e-02	1.554736e+01
1.583000e-05	-1.112042e-01	1.552523e+01
1.584000e-05	-1.509887e-01	1.549265e+01
1.585000e-05	-1.976057e-01	1.546910e+01
1.586000e-05	-2.472064e-01	1.542696e+01
1.587000e-05	-2.500000e-01	1.531533e+01
1.588000e-05	-2.500000e-01	1.528325e+01
1.589000e-05	-2.500000e-01	1.521907e+01
1.590000e-05	-2.434610e-01	1.513581e+01
1.591000e-05	-1.862598e-01	1.504905e+01
1.592000e-05	-1.275826e-01	1.493689e+01
1.593000e-05	-9.624140e-02	1.485970e+01
1.594000e-05	-6.679628e-02	1.474831e+01
1.595000e-05	-4.929318e-02	1.467908e+01
1.596000e-05	-4.265340e-02	1.459746e+01
1.597000e-05	-4.292684e-02	1.445413e+01
1.598000e-05	-3.528764e-02	1.432481e+01
1.599000e-05	-2.666852e-02	1.419955e+01
1.600000e-05	-2.339210e-02	1.406170e+01
1.601000e-05	-2.851808e-02	1.397591e+01
1.602000e-05	-2.852833e-02	1.381639e+01
1.603000e-05	-2.129228e-02	1.367117e+01
1.604000e-05	-1.828439e-02	1.352178e+01
1.605000e-05	-2.146737e-02	1.333683e+01
1.606000e-05	-2.430451e-02	1.318807e+01
1.607000e-05	-2.088845e-02	1.308065e+01
1.608000e-05	-1.534526e-02	1.284118e+01
1.609000e-05	-1.761345e-02	1.270366e+01
1.610000e-05	-2.081236e-02	1.254527e+01
1.611000e-05	-2.061586e-02	1.233687e+01
1.612000e-05	-1.352397e-02	1.216599e+01
1.613000e-05	-1.264163e-02	1.194002e+01
1.614000e-05	-1.834766e-02	1.176949e+01
1.615000e-05	-1.992017e-02	1.156696e+01
1.616000e-05	-1.662569e-02	1.137689e+01
1.617000e-05	-1.153522e-02	1.112487e+01
1.618000e-05	-1.477221e-02	1.089638e+01
1.619000e-05	-1.693342e-02	1.074734e+01
1.620000e-05	-1.562206e-02	1.052576e+01
1.621000e-05	-1.063224e-02	1.029333e+01
1.622000e-05	-1.104373e-02	1.003276e+01
1.623000e-05	-1.470351e-02	9.830224e+00
1.624000e-05	-1.507270e-02	9.540924e+00
1.625000e-05	-1.169448e-02	9.378495e+00
1.626000e-05	-9.650555e-03	9.146389e+00
1.627000e-05	-1.412205e-02	8.925785e+00
1.628000e-05	-1.500534e-02	8.653231e+00
1.629000e-05	-1.256753e-02	8.401626e+00
1.630000e-05	-6.983780e-03	8.157423e+00
1.631000e-05	-9.056909e-03	7.916362e+00
1.632000e-05	-1.268230e-02	7.633755e+00
1.633000e-05	-1.275880e-02	7.368049e+00
1.634000e-05	-8.943744e-03	7.096838e+00
1.635000e-05	-8.314249e-03	6.853733e+00
1.636000e-05	-1.128790e-02	6.588028e+00
1.637000e-05	-1.231970e-02	6.305312e+00
1.638000e-05	-9.300737e-03	6.034707e+00
1.639000e-05	-6.744558e-03	5.819578e+00
1.640000e-05	-8.811012e-03	5.486291e+00
1.641000e-05	-1.163943e-02	5.213183e+00
1.642000e-05	-1.010349e-02	4.895237e+00
1.643000e-05	-6.133555e-03	4.590671e+00
1.644000e-05	-6.755588e-03	4.348470e+00
1.645000e-05	-9.256347e-03	4.022653e+00
1.646000e-05	-9.907313e-03	3.748478e+00
1.647000e-05	-6.903526e-03	3.505318e+00
1.648000e-05	-5.508181e-03	3.201051e+00
1.649000e-05	-7.403783e-03	2.947340e+00
1.650000e-05	-9.781601e-03	2.644208e+00
1.651000e-05	-7.020418e-03	2.326870e+00
1.652000e-05	-5.775237e-03	2.083739e+00
1.653000e-05	-5.692321e-03	1.758652e+00
1.654000e-05	-7.967171e-03	1.495788e+00
1.655000e-05	-7.792909e-03	1.190581e+00
1.656000e-05	-4.774082e-03	8.111318e-01
1.657000e-05	-3.418547e-03	5.479411e-01
1.658000e-05	-5.266605e-03	3.168393e-01
1.659000e-05	-4.198034e-03	-3.045502e-02
1.660000e-05	6.533231e-03	-2.831353e-01
1.661000e-05	5.468591e-03	-5.252119e-01
1.662000e-05	4.028571e-04	-8.220540e-01
1.663000e-05	-8.409388e-04	-1.082710e+00
1.664000e-05	-6.022827e-04	-1.477996e+00
1.665000e-05	2.215784e-03	-1.652605e+00
1.666000e-05	1.733269e-02	-1.913784e+00
1.667000e-05	7.562243e-02	-2.156359e+00
1.668000e-05	8.435704e-02	-2.502149e+00
1.669000e-05	-7.988442e-02	-2.924135e+00
1.670000e-05	-2.814150e-03	-3.304080e+00
1.671000e-05	-4.899674e-02	-3.495162e+00
1.672000e-05	-2.958260e-02	-3.714860e+00
1.673000e-05	-7.351282e-02	-3.996920e+00
1.674000e-05	1.768950e-01	-4.125264e+00
1.675000e-05	-1.045545e-01	-4.388920e+00
1.676000e-05	5.448068e-02	-4.804290e+00
1.677000e-05	6.842626e-02	-4.945916e+00
1.678000e-05	-1.428010e-01	-5.335282e+00
1.679000e-05	1.595271e-01	-5.618597e+00
1.680000e-05	-1.673569e-01	-5.870653e+00
1.681000e-05	1.178854e-01	-6.175815e+00
1.682000e-05	1.375967e-02	-6.417970e+00
1.683000e-05	-4.725333e-02	-6.725214e+00
1.684000e-05	1.029812e-01	-6.975494e+00
1.685000e-05	-1.312065e-01	-7.261508e+00
1.686000e-05	1.238927e-01	-7.556283e+00
1.687000e-05	-8.184241e-02	-7.828970e+00
1.688000e-05	6.306347e-02	-8.113184e+00
1.689000e-05	3.492050e-02	-8.313182e+00
1.690000e-05	-5.766411e-02	-8.566910e+00
1.691000e-05	1.079958e-01	-8.841020e+00
1.692000e-05	-1.212782e-01	-9.121575e+00
1.693000e-05	9.453511e-02	-9.324208e+00
1.694000e-05	-5.911396e-02	-9.553682e+00
1.695000e-05	8.352986e-02	-9.768319e+00
1.696000e-05	-5.725498e-03	-9.995840e+00
1.697000e-05	-2.956401e-04	-1.024905e+01
1.698000e-05	2.753709e-02	-1.046059e+01
1.699000e-05	-4.218449e-02	-1.069963e+01
1.700000e-05	6.690323e-02	-1.087107e+01
1.701000e-05	-4.919240e-02	-1.112260e+01
1.702000e-05	7.301339e-02	-1.130423e+01
1.703000e-05	-3.270458e-02	-1.153373e+01
1.704000e-05	5.390260e-02	-1.174778e+01
1.705000e-05	-2.543077e-02	-1.196565e+01
1.706000e-05	2.285116e-02	-1.219536e+01
1.707000e-05	2.043075e-03	-1.233421e+01
1.708000e-05	2.634101e-02	-1.252431e+01
1.709000e-05	2.345707e-02	-1.270110e+01
1.710000e-05	-1.047901e-03	-1.288215e+01
1.711000e-05	1.572497e-02	-1.302902e+01
1.712000e-05	-3.686357e-03	-1.318889e+01
1.713000e-05	2.786678e-02	-1.331428e+01
1.714000e-05	1.798268e-05	-1.346368e+01
1.715000e-05	3.194098e-02	-1.360959e+01
1.716000e-05	8.799997e-03	-1.383691e+01
1.717000e-05	2.971981e-02	-1.393531e+01
1.718000e-05	-2.409906e-04	-1.407265e+01
1.719000e-05	1.336234e-02	-1.424747e+01
1.720000e-05	4.622763e-03	-1.435329e+01
1.721000e-05	2.745124e-02	-1.445202e+01
1.722000e-05	1.902900e-02	-1.458541e+01
1.723000e-05	2.216598e-02	-1.464166e+01
1.724000e-05	1.363096e-02	-1.478736e+01
1.725000e-05	1.819010e-02	-1.489168e+01
1.726000e-05	2.101124e-02	-1.494794e+01
1.727000e-05	1.516100e-02	-1.509165e+01
1.728000e-05	2.109291e-02	-1.514378e+01
1.729000e-05	1.966569e-02	-1.519849e+01
1.730000e-05	2.901851e-02	-1.526313e+01
1.731000e-05	1.745305e-02	-1.534538e+01
1.732000e-05	2.106294e-02	-1.540797e+01
1.733000e-05	1.874449e-02	-1.547167e+01
1.734000e-05	2.895187e-02	-1.548323e+01
1.735000e-05	3.132415e-02	-1.555483e+01
1.736000e-05	2.821085e-02	-1.558641e+01
1.737000e-05	2.918816e-02	-1.559852e+01
1.738000e-05	3.057497e-02	-1.562907e+01
1.739000e-05	3.310173e-02	-1.566160e+01
1.740000e-05	3.300442e-02	-1.565012e+01
1.741000e-05	3.274391e-02	-1.564312e+01
1.742000e-05	4.000644e-02	-1.567260e+01
1.743000e-05	4.608768e-02	-1.568120e+01
1.744000e-05	5.308184e-02	-1.565120e+01
1.745000e-05	5.333948e-02	-1.566257e+01
1.746000e-05	6.122292e-02	-1.561862e+01
1.747000e-05	7.252386e-02	-1.560844e+01
1.748000e-05	8.856086e-02	-1.557686e+01
1.749000e-05	1.083797e-01	-1.554376e+01
1.750000e-05	1.412088e-01	-1.550216e+01
1.751000e-05	2.000337e-01	-1.541147e+01
1.752000e-05	2.490599e-01	-1.536795e+01
1.753000e-05	2.500000e-01	-1.530526e+01
1.754000e-05	2.500000e-01	-1.523272e+01
1.755000e-05	2.500000e-01	-1.520842e+01
1.756000e-05	2.390196e-01	-1.512381e+01
1.757000e-05	1.719384e-01	-1.504565e+01
1.758000e-05	1.099268e-01	-1.497484e+01
1.759000e-05	7.437781e-02	-1.486112e+01
1.760000e-05	5.638895e-02	-1.479591e+01
1.761000e-05	4.400381e-02	-1.467065e+01
1.762000e-05	3.350052e-02	-1.457637e+01
1.763000e-05	2.614955e-02	-1.442915e+01
1.764000e-05	2.420115e-02	-1.432484e+01
1.765000e-05	2.227468e-02	-1.425755e+01
1.766000e-05	1.894195e-02	-1.402060e+01
1.767000e-05	1.439805e-02	-1.393288e+01
1.768000e-05	1.276070e-02	-1.376691e+01
1.769000e-05	1.403163e-02	-1.361905e+01
1.770000e-05	1.313491e-02	-1.347123e+01
1.771000e-05	1.010622e-02	-1.332542e+01
1.772000e-05	7.725647e-03	-1.314600e+01
1.773000e-05	9.784341e-03	-1.304060e+01
1.774000e-05	1.104967e-02	-1.284020e+01
1.775000e-05	8.947329e-03	-1.270578e+01
1.776000e-05	6.377306e-03	-1.254528e+01
1.777000e-05	6.791520e-03	-1.233538e+01
1.778000e-05	7.543277e-03	-1.215691e+01
1.779000e-05	5.812708e-03	-1.195744e+01
1.780000e-05	2.282082e-03	-1.176641e+01
1.781000e-05	2.984441e-03	-1.153581e+01
1.782000e-05	5.439617e-03	-1.127220e+01
1.783000e-05	5.031079e-03	-1.105118e+01
1.784000e-05	3.765807e-03	-1.085320e+01
1.785000e-05	2.095237e-03	-1.067165e+01
1.786000e-05	2.989163e-03	-1.044220e+01
1.787000e-05	3.291056e-03	-1.028055e+01
1.788000e-05	1.902848e-03	-9.978068e+00
1.789000e-05	3.826788e-04	-9.788449e+00
1.790000e-05	-9.719743e-04	-9.557990e+00
1.791000e-05	7.138053e-04	-9.356312e+00
1.792000e-05	4.366521e-04	-9.053658e+00
1.793000e-05	-7.779121e-04	-8.843731e+00
1.794000e-05	-4.654392e-04	-8.631045e+00
1.795000e-05	2.902070e-04	-8.378045e+00
1.796000e-05	9.850613e-04	-8.125392e+00
1.797000e-05	-1.618087e-04	-7.853783e+00
1.798000e-05	-2.360294e-03	-7.607044e+00
1.799000e-05	-4.549183e-03	-7.327916e+00
1.800000e-05	-3.661658e-03	-7.074111e+00
1.801000e-05	-3.347099e-03	-6.809046e+00
1.802000e-05	-3.123580e-03	-6.557365e+00
1.803000e-05	-3.093278e-03	-6.282282e+00
1.804000e-05	-2.249523e-03	-6.017524e+00
1.805000e-05	-4.105814e-03	-5.745867e+00
1.806000e-05	-4.022988e-03	-5.461183e+00
1.807000e-05	-6.581353e-03	-5.156320e+00
1.808000e-05	-5.229507e-03	-4.809553e+00
1.809000e-05	-4.935631e-03	-4.494865e+00
1.810000e-05	-4.562880e-03	-4.315337e+00
1.811000e-05	-5.876178e-03	-3.999677e+00
1.812000e-05	-6.740808e-03	-3.736317e+00
1.813000e-05	-5.386141e-03	-3.444233e+00
1.814000e-05	-7.247585e-03	-3.179623e+00
1.815000e-05	-6.527782e-03	-2.862234e+00
1.816000e-05	-7.604009e-03	-2.569026e+00
1.817000e-05	-5.446673e-03	-2.264390e+00
1.818000e-05	-7.325365e-03	-1.970079e+00
1.819000e-05	-7.157243e-03	-1.726891e+00
1.820000e-05	-1.009550e-02	-1.462608e+00
1.821000e-05	-8.692131e-03	-1.095863e+00
1.822000e-05	-9.204658e-03	-8.505305e-01
1.823000e-05	-7.581788e-03	-5.154158e-01
1.824000e-05	-6.839949e-03	-2.126068e-01
1.825000e-05	-3.618153e-03	6.453008e-02
1.826000e-05	7.383592e-03	3.167420e-01
1.827000e-05	-4.959805e-03	6.304434e-01
1.828000e-05	1.940250e-03	8.210750e-01
1.829000e-05	-6.295861e-03	1.179266e+00
1.830000e-05	-6.923321e-04	1.431054e+00
1.831000e-05	-6.025791e-03	1.737866e+00
1.832000e-05	1.155477e-02	2.008917e+00
1.833000e-05	4.112709e-02	2.220454e+00
1.834000e-05	9.478009e-02	2.534763e+00
1.835000e-05	-5.823467e-02	2.903705e+00
1.836000e-05	-4.541315e-02	3.187866e+00
1.837000e-05	-4.221785e-02	3.443624e+00
1.838000e-05	-1.853405e-02	3.726713e+00
1.839000e-05	-6.844316e-02	3.979371e+00
1.840000e-05	-1.681205e-02	4.187918e+00
1.841000e-05	1.123154e-01	4.522655e+00
1.842000e-05	-8.830260e-02	4.787868e+00
1.843000e-05	7.850595e-02	5.052399e+00
1.844000e-05	1.806740e-02	5.387363e+00
1.845000e-05	-1.027814e-01	5.639997e+00
1.846000e-05	6.747738e-02	5.934786e+00
1.847000e-05	-6.399027e-02	6.187448e+00
1.848000e-05	6.664574e-02	6.449976e+00
1.849000e-05	-3.510091e-02	6.776861e+00
1.850000e-05	-2.606004e-02	7.019466e+00
1.851000e-05	1.596673e-02	7.282128e+00
1.852000e-05	-4.162123e-02	7.606363e+00
1.853000e-05	3.252316e-02	7.849020e+00
1.854000e-05	-6.390411e-02	8.136290e+00
1.855000e-05	5.438935e-02	8.406893e+00
1.856000e-05	-9.829236e-03	8.618944e+00
1.857000e-05	-1.647576e-02	8.799499e+00
1.858000e-05	-1.991566e-04	9.142148e+00
1.859000e-05	-6.169956e-02	9.344683e+00
1.860000e-05	3.345048e-02	9.535335e+00
1.861000e-05	-1.869128e-02	9.808466e+00
1.862000e-05	2.141994e-02	1.000794e+01
1.863000e-05	-4.424060e-02	1.024107e+01
1.864000e-05	7.255423e-03	1.043153e+01
1.865000e-05	-9.949375e-03	1.074058e+01
1.866000e-05	-2.037872e-02	1.085271e+01
1.867000e-05	-1.324316e-02	1.113266e+01
1.868000e-05	-2.408962e-02	1.132273e+01
1.869000e-05	1.980947e-02	1.154586e+01
1.870000e-05	-2.014501e-02	1.174471e+01
1.871000e-05	-1.047412e-02	1.195526e+01
1.872000e-05	-3.898458e-02	1.217633e+01
1.873000e-05	1.983705e-03	1.235568e+01
1.874000e-05	-7.567996e-03	1.251518e+01
1.875000e-05	-8.244539e-03	1.267258e+01
1.876000e-05	-2.467916e-02	1.286107e+01
1.877000e-05	-2.039833e-02	1.302944e+01
1.878000e-05	-5.283243e-03	1.320746e+01
1.879000e-05	-2.054396e-02	1.335481e+01
1.880000e-05	-2.100795e-02	1.348422e+01
1.881000e-05	-2.588030e-02	1.365960e+01
1.882000e-05	-1.136354e-05	1.380684e+01
1.883000e-05	-1.230495e-02	1.396476e+01
1.884000e-05	-2.134999e-02	1.409105e+01
1.885000e-05	-3.457361e-02	1.420897e+01
1.886000e-05	-1.929916e-02	1.438534e+01
1.887000e-05	-1.050599e-02	1.449265e+01
1.888000e-05	-1.870272e-02	1.458841e+01
1.889000e-05	-2.666935e-02	1.471263e+01
1.890000e-05	-2.562993e-02	1.481644e+01
1.891000e-05	-1.361327e-02	1.487120e+01
1.892000e-05	-2.323464e-02	1.493591e+01
1.893000e-05	-2.971523e-02	1.504904e+01
1.894000e-05	-3.266479e-02	1.513433e+01
1.895000e-05	-1.962840e-02	1.520944e+01
1.896000e-05	-1.844616e-02	1.524167e+01
1.897000e-05	-3.111037e-02	1.533575e+01
1.898000e-05	-3.841772e-02	1.539894e+01
1.899000e-05	-3.450993e-02	1.545950e+01
1.900000e-05	-2.242263e-02	1.552368e+01
1.901000e-05	-3.078955e-02	1.554573e+01
1.902000e-05	-3.840237e-02	1.556693e+01
1.903000e-05	-4.020742e-02	1.561794e+01
1.904000e-05	-3.205482e-02	1.562798e+01
1.905000e-05	-3.539741e-02	1.562249e+01
1.906000e-05	-4.728248e-02	1.566114e+01
1.907000e-05	-5.070378e-02	1.564155e+01
1.908000e-05	-4.740205e-02	1.565060e+01
1.909000e-05	-4.336688e-02	1.567968e+01
1.910000e-05	-5.866793e-02	1.565055e+01
1.911000e-05	-6.944677e-02	1.562907e+01
1.912000e-05	-7.563194e-02	1.560692e+01
1.913000e-05	-7.857592e-02	1.561796e+01
1.914000e-05	-9.708257e-02	1.555624e+01
1.915000e-05	-1.318882e-01	1.553528e+01
1.916000e-05	-1.722089e-01	1.547212e+01
1.917000e-05	-2.270120e-01	1.543745e+01
1.918000e-05	-2.499992e-01	1.540541e+01
1.919000e-05	-2.500000e-01	1.531373e+01
1.920000e-05	-2.500000e-01	1.526065e+01
1.921000e-05	-2.498000e-01	1.518694e+01
1.922000e-05	-2.227937e-01	1.511228e+01
1.923000e-05	-1.506391e-01	1.495800e+01
1.924000e-05	-1.101398e-01	1.490228e+01
1.925000e-05	-8.043380e-02	1.477957e+01
1.926000e-05	-5.628131e-02	1.468271e+01
1.927000e-05	-4.262874e-02	1.464860e+01
1.928000e-05	-4.257948e-02	1.450476e+01
1.929000e-05	-3.939379e-02	1.440749e+01
1.930000e-05	-3.163453e-02	1.427168e+01
1.931000e-05	-2.407991e-02	1.415676e+01
1.932000e-05	-2.796264e-02	1.402750e+01
1.933000e-05	-2.987092e-02	1.386067e+01
1.934000e-05	-2.487929e-02	1.371285e+01
1.935000e-05	-1.874474e-02	1.358794e+01
1.936000e-05	-1.882084e-02	1.341850e+01
1.937000e-05	-2.396493e-02	1.326080e+01
1.938000e-05	-2.330085e-02	1.308481e+01
1.939000e-05	-1.833281e-02	1.295629e+01
1.940000e-05	-1.612710e-02	1.279949e+01
1.941000e-05	-2.007672e-02	1.259062e+01
1.942000e-05	-2.184828e-02	1.242010e+01
1.943000e-05	-1.687425e-02	1.226225e+01
1.944000e-05	-1.324343e-02	1.207271e+01
1.945000e-05	-1.503042e-02	1.185273e+01
1.946000e-05	-2.048126e-02	1.165278e+01
1.947000e-05	-1.790266e-02	1.146915e+01
1.948000e-05	-1.273451e-02	1.122157e+01
1.949000e-05	-1.232723e-02	1.103062e+01
1.950000e-05	-1.643779e-02	1.080158e+01
1.951000e-05	-1.765340e-02	1.058898e+01
1.952000e-05	-1.275618e-02	1.040910e+01
1.953000e-05	-1.080150e-02	1.017094e+01
1.954000e-05	-1.361485e-02	9.935438e+00
1.955000e-05	-1.651089e-02	9.704383e+00
1.956000e-05	-1.339550e-02	9.462628e+00
1.957000e-05	-1.011226e-02	9.204126e+00
1.958000e-05	-1.058127e-02	9.020121e+00
1.959000e-05	-1.468151e-02	8.737419e+00
1.960000e-05	-1.396931e-02	8.558441e+00
1.961000e-05	-1.039420e-02	8.284316e+00
1.962000e-05	-9.102269e-03	8.019629e+00
1.963000e-05	-1.172435e-02	7.808996e+00
1.964000e-05	-1.367815e-02	7.514318e+00
1.965000e-05	-1.026565e-02	7.251226e+00
1.966000e-05	-7.948488e-03	6.988525e+00
1.967000e-05	-9.030619e-03	6.696466e+00
1.968000e-05	-1.258576e-02	6.442128e+00
1.969000e-05	-1.066192e-02	6.209975e+00
1.970000e-05	-7.728414e-03	5.906865e+00
1.971000e-05	-7.863355e-03	5.644703e+00
1.972000e-05	-1.041269e-02	5.349146e+00
1.973000e-05	-1.138278e-02	5.030733e+00
1.974000e-05	-7.444805e-03	4.716915e+00
1.975000e-05	-6.647820e-03	4.455236e+00
1.976000e-05	-7.851175e-03	4.149973e+00
1.977000e-05	-1.042554e-02	3.875287e+00
1.978000e-05	-7.947116e-03	3.621709e+00
1.979000e-05	-5.042011e-03	3.346895e+00
1.980000e-05	-6.026974e-03	3.033707e+00
1.981000e-05	-9.503987e-03	2.780029e+00
1.982000e-05	-9.168647e-03	2.484313e+00
1.983000e-05	-6.327810e-03	2.170000e+00
1.984000e-05	-5.610586e-03	1.916422e+00
1.985000e-05	-6.566870e-03	1.612609e+00
1.986000e-05	-7.715758e-03	1.288346e+00
1.987000e-05	-6.030929e-03	9.625266e-01
1.988000e-05	-3.943886e-03	6.957882e-01
1.989000e-05	-4.813044e-03	4.121541e-01
1.990000e-05	-5.051653e-03	9.534609e-02
1.991000e-05	-8.965988e-04	-1.573146e-01
1.992000e-05	1.141536e-02	-3.789738e-01
1.993000e-05	-2.699695e-03	-7.251567e-01
1.994000e-05	4.590966e-03	-9.783709e-01
1.995000e-05	-4.763911e-03	-1.231179e+00
1.996000e-05	3.986324e-03	-1.589842e+00
1.997000e-05	4.529417e-03	-1.778971e+00
1.998000e-05	3.944511e-02	-2.031525e+00
1.999000e-05	1.169811e-01	-2.335683e+00
2.000000e-05	-2.739231e-02	-2.713661e+00
2.001000e-05	-4.041091e-02	-3.125782e+00
2.002000e-05	-2.738592e-02	-3.409972e+00
2.003000e-05	-2.842643e-02	-3.619493e+00
2.004000e-05	-8.101864e-02	-3.912650e+00
2.005000e-05	6.311304e-02	-4.042076e+00
2.006000e-05	8.404893e-02	-4.270552e+00
2.007000e-05	-1.270335e-01	-4.649491e+00
2.008000e-05	2.073805e-01	-4.862025e+00
2.009000e-05	-1.430191e-01	-5.154737e+00
2.010000e-05	6.461975e-02	-5.546709e+00
2.011000e-05	-3.528234e-03	-5.745733e+00
2.012000e-05	-8.031158e-02	-6.090499e+00
2.013000e-05	1.714982e-01	-6.312054e+00
2.014000e-05	-1.277629e-01	-6.617336e+00
2.015000e-05	1.148843e-01	-6.900553e+00
2.016000e-05	-6.615807e-02	-7.174686e+00
2.017000e-05	-2.895958e-04	-7.428501e+00
2.018000e-05	6.112733e-02	-7.691603e+00
2.019000e-05	-8.571586e-02	-8.036862e+00
2.020000e-05	1.474722e-01	-8.219990e+00
2.021000e-05	-1.046667e-01	-8.461075e+00
2.022000e-05	9.754489e-02	-8.765087e+00
2.023000e-05	-4.508282e-02	-8.965862e+00
2.024000e-05	-1.551872e-02	-9.229371e+00
2.025000e-05	4.751096e-02	-9.418892e+00
2.026000e-05	-3.672859e-02	-9.743545e+00
2.027000e-05	1.072075e-01	-9.893104e+00
2.028000e-05	-7.596466e-02	-1.009273e+01
2.029000e-05	8.405183e-02	-1.037633e+01
2.030000e-05	-6.742470e-02	-1.059786e+01
2.031000e-05	5.974734e-02	-1.082784e+01
2.032000e-05	-2.208011e-02	-1.094581e+01
2.033000e-05	2.450229e-02	-1.122747e+01
2.034000e-05	2.199941e-02	-1.141897e+01
2.035000e-05	-1.245444e-03	-1.164912e+01
2.036000e-05	3.502932e-02	-1.188995e+01
2.037000e-05	-2.906320e-02	-1.204155e+01
2.038000e-05	4.154088e-02	-1.224995e+01
2.039000e-05	-1.273626e-02	-1.241005e+01
2.040000e-05	5.315966e-02	-1.261742e+01
2.041000e-05	-1.345840e-02	-1.280684e+01
2.042000e-05	2.573830e-02	-1.294639e+01
2.043000e-05	-9.616990e-03	-1.311460e+01
2.044000e-05	2.420741e-02	-1.328217e+01
2.045000e-05	5.673354e-03	-1.344949e+01
2.046000e-05	2.047094e-02	-1.359792e+01
2.047000e-05	1.922835e-02	-1.372425e+01
2.048000e-05	2.041667e-02	-1.389125e+01
2.049000e-05	1.690659e-02	-1.401942e+01
2.050000e-05	3.329469e-03	-1.414584e+01
2.051000e-05	1.167709e-02	-1.432213e+01
2.052000e-05	1.351836e-02	-1.438899e+01
2.053000e-05	2.787692e-02	-1.453436e+01
2.054000e-05	1.600102e-02	-1.464904e+01
2.055000e-05	2.113854e-02	-1.475438e+01
2.056000e-05	1.096277e-02	-1.483902e+01
2.057000e-05	2.459236e-02	-1.492328e+01
2.058000e-05	1.533568e-02	-1.502904e+01
2.059000e-05	2.196486e-02	-1.514418e+01
2.060000e-05	1.863346e-02	-1.518638e+01
2.061000e-05	2.744010e-02	-1.523107e+01
2.062000e-05	2.132237e-02	-1.531278e+01
2.063000e-05	1.929439e-02	-1.538496e+01
2.064000e-05	1.720000e-02	-1.544904e+01
2.065000e-05	2.469490e-02	-1.549067e+01
2.066000e-05	3.271583e-02	-1.550476e+01
2.067000e-05	2.947333e-02	-1.557539e+01
2.068000e-05	3.022881e-02	-1.562699e+01
2.069000e-05	2.735543e-02	-1.561809e+01
2.070000e-05	3.346185e-02	-1.566915e+01
2.071000e-05	3.153053e-02	-1.567258e+01
2.072000e-05	3.432126e-02	-1.568255e+01
2.073000e-05	3.704395e-02	-1.569270e+01
2.074000e-05	4.676844e-02	-1.573160e+01
2.075000e-05	5.054561e-02	-1.568063e+01
2.076000e-05	5.145733e-02	-1.566195e+01
2.077000e-05	5.469029e-02	-1.566152e+01
2.078000e-05	6.586591e-02	-1.559702e+01
2.079000e-05	8.079700e-02	-1.560099e+01
2.080000e-05	9.816120e-02	-1.554586e+01
2.081000e-05	1.242297e-01	-1.549433e+01
2.082000e-05	1.710090e-01	-1.546050e+01
2.083000e-05	2.338959e-01	-1.540905e+01
2.084000e-05	2.500000e-01	-1.538641e+01
2.085000e-05	2.500000e-01	-1.527433e+01
2.086000e-05	2.500000e-01	-1.522807e+01
2.087000e-05	2.488699e-01	-1.512629e+01
2.088000e-05	2.093388e-01	-1.510223e+01
2.089000e-05	1.346563e-01	-1.504746e+01
2.090000e-05	8.878902e-02	-1.488373e+01
2.091000e-05	6.581541e-02	-1.478957e+01
2.092000e-05	5.025072e-02	-1.471338e+01
2.093000e-05	3.824027e-02	-1.462054e+01
2.094000e-05	2.854524e-02	-1.449186e+01
2.095000e-05	2.477267e-02	-1.442846e+01
2.096000e-05	2.185229e-02	-1.428018e+01
2.097000e-05	2.032858e-02	-1.414428e+01
2.098000e-05	1.558107e-02	-1.399804e+01
2.099000e-05	1.439075e-02	-1.382967e+01
2.100000e-05	1.522467e-02	-1.368526e+01
2.101000e-05	1.512242e-02	-1.353749e+01
2.102000e-05	1.179615e-02	-1.339605e+01
2.103000e-05	8.232523e-03	-1.327215e+01
2.104000e-05	8.909700e-03	-1.308326e+01
2.105000e-05	8.615248e-03	-1.291586e+01
2.106000e-05	1.010052e-02	-1.277692e+01
2.107000e-05	7.868920e-03	-1.260747e+01
2.108000e-05	6.984746e-03	-1.240017e+01
2.109000e-05	7.656343e-03	-1.224218e+01
2.110000e-05	7.953404e-03	-1.203927e+01
2.111000e-05	3.723079e-03	-1.187800e+01
2.112000e-05	3.118140e-03	-1.161117e+01
2.113000e-05	3.493230e-03	-1.139850e+01
2.114000e-05	4.767594e-03	-1.117742e+01
2.115000e-05	4.590489e-03	-1.096641e+01
2.116000e-05	3.091866e-03	-1.079747e+01
2.117000e-05	2.383671e-03	-1.055890e+01
2.118000e-05	3.716093e-03	-1.036791e+01
2.119000e-05	3.056392e-03	-1.011541e+01
2.120000e-05	1.255195e-03	-9.864181e+00
2.121000e-05	1.050315e-06	-9.664236e+00
2.122000e-05	5.158611e-04	-9.432173e+00
2.123000e-05	1.194194e-03	-9.170072e+00
2.124000e-05	-8.513312e-04	-8.948021e+00
2.125000e-05	-1.705252e-03	-8.755386e+00
2.126000e-05	-1.615333e-03	-8.523807e+00
2.127000e-05	8.607340e-04	-8.242129e+00
2.128000e-05	-3.061170e-04	-7.950125e+00
2.129000e-05	-1.414775e-03	-7.714911e+00
2.130000e-05	-4.088225e-03	-7.462207e+00
2.131000e-05	-2.679820e-03	-7.190998e+00
2.132000e-05	-3.521920e-03	-6.886332e+00
2.133000e-05	-3.142280e-03	-6.643604e+00
2.134000e-05	-5.549449e-03	-6.399553e+00
2.135000e-05	-3.319661e-03	-6.135311e+00
2.136000e-05	-3.271239e-03	-5.852732e+00
2.137000e-05	-3.451474e-03	-5.598553e+00
2.138000e-05	-6.293751e-03	-5.284207e+00
2.139000e-05	-5.953261e-03	-4.949502e+00
2.140000e-05	-4.423121e-03	-4.650604e+00
2.141000e-05	-3.790415e-03	-4.390551e+00
2.142000e-05	-5.106305e-03	-4.157975e+00
2.143000e-05	-7.621383e-03	-3.912210e+00
2.144000e-05	-7.193100e-03	-3.559547e+00
2.145000e-05	-7.490895e-03	-3.286316e+00
2.146000e-05	-7.770070e-03	-3.043605e+00
2.147000e-05	-7.579023e-03	-2.726816e+00
2.148000e-05	-6.038948e-03	-2.462161e+00
2.149000e-05	-5.049199e-03	-2.178442e+00
2.150000e-05	-6.205064e-03	-1.863233e+00
2.151000e-05	-9.114247e-03	-1.559507e+00
2.152000e-05	-1.025132e-02	-1.271712e+00
2.153000e-05	-8.512908e-03	-9.374174e-01
2.154000e-05	-8.879582e-03	-6.527894e-01
2.155000e-05	-8.632549e-03	-3.578962e-01
2.156000e-05	-6.379171e-03	-8.521328e-02
2.157000e-05	3.179641e-03	1.898433e-01
2.158000e-05	2.241324e-03	4.626591e-01
2.159000e-05	-3.299021e-03	7.263132e-01
2.160000e-05	-3.185313e-04	9.699221e-01
2.161000e-05	-4.500634e-03	1.285262e+00
2.162000e-05	-1.495120e-03	1.609022e+00
2.163000e-05	-7.407107e-04	1.862728e+00
2.164000e-05	2.029104e-02	2.095659e+00
2.165000e-05	8.223868e-02	2.348446e+00
2.166000e-05	2.548854e-02	2.766237e+00
2.167000e-05	-7.779064e-02	3.050551e+00
2.168000e-05	-3.165522e-02	3.336286e+00
2.169000e-05	-3.598211e-02	3.660029e+00
2.170000e-05	-3.342491e-02	3.862101e+00
2.171000e-05	-7.029690e-02	4.072133e+00
2.172000e-05	7.180661e-02	4.335735e+00
2.173000e-05	3.077654e-02	4.651551e+00
2.174000e-05	-7.350159e-02	4.894214e+00
2.175000e-05	1.519932e-01	5.260897e+00
2.176000e-05	-1.379831e-01	5.496286e+00
2.177000e-05	3.601468e-02	5.776316e+00
2.178000e-05	-1.521701e-02	6.092704e+00
2.179000e-05	-5.881361e-03	6.295762e+00
2.180000e-05	4.974391e-02	6.610496e+00
2.181000e-05	-7.991227e-02	6.864178e+00
2.182000e-05	4.237160e-02	7.175888e+00
2.183000e-05	-5.137825e-02	7.381574e+00
2.184000e-05	2.782289e-02	7.703263e+00
2.185000e-05	-3.921085e-02	7.998895e+00
2.186000e-05	-2.629737e-03	8.252727e+00
2.187000e-05	4.017116e-02	8.503207e+00
2.188000e-05	-3.694390e-02	8.704157e+00
2.189000e-05	1.385197e-02	8.936338e+00
2.190000e-05	-5.209654e-02	9.198870e+00
2.191000e-05	-2.483620e-03	9.441045e+00
2.192000e-05	8.014843e-03	9.692100e+00
2.193000e-05	3.484601e-03	9.873206e+00
2.194000e-05	-1.420382e-02	1.014676e+01
2.195000e-05	-2.584701e-02	1.032484e+01
2.196000e-05	1.026502e-02	1.055646e+01
2.197000e-05	-2.493674e-02	1.076734e+01
2.198000e-05	-1.040024e-02	1.098904e+01
2.199000e-05	-2.573985e-02	1.121954e+01
2.200000e-05	4.490218e-03	1.149147e+01
2.201000e-05	-3.077371e-04	1.164210e+01
2.202000e-05	-1.581975e-02	1.186147e+01
2.203000e-05	-2.888644e-02	1.204957e+01
2.204000e-05	-1.658003e-02	1.230047e+01
2.205000e-05	-6.973607e-04	1.238005e+01
2.206000e-05	-5.253162e-03	1.259847e+01
2.207000e-05	-1.892574e-02	1.275631e+01
2.208000e-05	-2.399028e-02	1.294476e+01
2.209000e-05	-1.219689e-02	1.311528e+01
2.210000e-05	-1.091741e-02	1.325260e+01
2.211000e-05	-2.365941e-02	1.341902e+01
2.212000e-05	-2.582928e-02	1.352628e+01
2.213000e-05	-9.432903e-03	1.371528e+01
2.214000e-05	-4.360737e-03	1.391260e+01
2.215000e-05	-1.418273e-02	1.402794e+01
2.216000e-05	-3.475521e-02	1.415686e+01
2.217000e-05	-2.323064e-02	1.429320e+01
2.218000e-05	-1.667353e-02	1.447004e+01
2.219000e-05	-1.197267e-02	1.451623e+01
2.220000e-05	-2.736801e-02	1.462010e+01
2.221000e-05	-2.752273e-02	1.476534e+01
2.222000e-05	-1.543047e-02	1.484902e+01
2.223000e-05	-1.741657e-02	1.490326e+01
2.224000e-05	-2.377905e-02	1.497787e+01
2.225000e-05	-3.599056e-02	1.511418e+01
2.226000e-05	-2.246317e-02	1.519394e+01
2.227000e-05	-2.027239e-02	1.516957e+01
2.228000e-05	-2.270607e-02	1.528370e+01
2.229000e-05	-3.841793e-02	1.538686e+01
2.230000e-05	-3.610245e-02	1.543105e+01
2.231000e-05	-2.541621e-02	1.546317e+01
2.232000e-05	-2.533519e-02	1.552423e+01
2.233000e-05	-3.362199e-02	1.557639e+01
2.234000e-05	-4.214886e-02	1.560741e+01
2.235000e-05	-3.211580e-02	1.565952e+01
2.236000e-05	-3.648298e-02	1.564052e+01
2.237000e-05	-4.096524e-02	1.563963e+01
2.238000e-05	-5.464973e-02	1.563065e+01
2.239000e-05	-4.655773e-02	1.566267e+01
2.240000e-05	-4.241702e-02	1.564060e+01
2.241000e-05	-4.895643e-02	1.566867e+01
2.242000e-05	-6.265859e-02	1.561264e+01
2.243000e-05	-7.604574e-02	1.561902e+01
2.244000e-05	-7.488189e-02	1.561896e+01
2.245000e-05	-9.066777e-02	1.556581e+01
2.246000e-05	-1.136574e-01	1.552578e+01
2.247000e-05	-1.524216e-01	1.551220e+01
2.248000e-05	-1.990368e-01	1.544962e+01
2.249000e-05	-2.467595e-01	1.541641e+01
2.250000e-05	-2.500000e-01	1.529584e+01
2.251000e-05	-2.500000e-01	1.526318e+01
2.252000e-05	-2.500000e-01	1.519949e+01
2.253000e-05	-2.426241e-01	1.514443e+01
2.254000e-05	-1.825309e-01	1.507063e+01
2.255000e-05	-1.262696e-01	1.492533e+01
2.256000e-05	-9.373774e-02	1.485223e+01
2.257000e-05	-6.490895e-02	1.474839e+01
2.258000e-05	-4.797129e-02	1.466268e+01
2.259000e-05	-4.109659e-02	1.458844e+01
2.260000e-05	-4.247841e-02	1.445065e+01
2.261000e-05	-3.427699e-02	1.431444e+01
2.262000e-05	-2.718913e-02	1.420905e+01
2.263000e-05	-2.572057e-02	1.407018e+01
2.264000e-05	-2.993635e-02	1.394429e+01
2.265000e-05	-2.883007e-02	1.381696e+01
2.266000e-05	-2.130260e-02	1.362262e+01
2.267000e-05	-1.737739e-02	1.347273e+01
2.268000e-05	-2.057191e-02	1.331592e+01
2.269000e-05	-2.305202e-02	1.317699e+01
2.270000e-05	-1.973287e-02	1.303820e+01
2.271000e-05	-1.484321e-02	1.286260e+01
2.272000e-05	-1.837573e-02	1.271373e+01
2.273000e-05	-2.232659e-02	1.245536e+01
2.274000e-05	-2.123807e-02	1.234589e+01
2.275000e-05	-1.561831e-02	1.218592e+01
2.276000e-05	-1.374995e-02	1.198901e+01
2.277000e-05	-1.755377e-02	1.174794e+01
2.278000e-05	-1.855016e-02	1.157796e+01
2.279000e-05	-1.500633e-02	1.134634e+01
2.280000e-05	-1.066908e-02	1.111481e+01
2.281000e-05	-1.458368e-02	1.095641e+01
2.282000e-05	-1.762071e-02	1.069591e+01
2.283000e-05	-1.499330e-02	1.051588e+01
2.284000e-05	-1.459819e-02	1.027273e+01
2.285000e-05	-1.014289e-02	1.006123e+01
2.286000e-05	-1.669754e-02	9.820599e+00
2.287000e-05	-1.274022e-02	9.568519e+00
2.288000e-05	-9.286575e-03	9.377445e+00
2.289000e-05	-8.974224e-03	9.127338e+00
2.290000e-05	-1.073129e-02	8.875358e+00
2.291000e-05	-1.659595e-02	8.641651e+00
2.292000e-05	-1.392920e-02	8.381555e+00
2.293000e-05	-1.081445e-02	8.187925e+00
2.294000e-05	-9.682879e-03	7.884761e+00
2.295000e-05	-1.007674e-02	7.622129e+00
2.296000e-05	-9.641666e-03	7.378517e+00
2.297000e-05	-6.703221e-03	7.084787e+00
2.298000e-05	-7.935115e-03	6.861681e+00
2.299000e-05	-1.223293e-02	6.547445e+00
2.300000e-05	-1.380096e-02	6.276287e+00
2.301000e-05	-1.137331e-02	6.062683e+00
2.302000e-05	-7.756592e-03	5.798017e+00
2.303000e-05	-6.810003e-03	5.524789e+00
2.304000e-05	-9.763358e-03	5.211553e+00
2.305000e-05	-8.430227e-03	4.894707e+00
2.306000e-05	-6.477380e-03	4.591099e+00
2.307000e-05	-7.041343e-03	4.307392e+00
2.308000e-05	-9.944364e-03	4.021653e+00
2.309000e-05	-1.070546e-02	3.718923e+00
2.310000e-05	-7.583905e-03	3.466366e+00
2.311000e-05	-5.813627e-03	3.199553e+00
2.312000e-05	-7.045093e-03	2.916867e+00
2.313000e-05	-8.879174e-03	2.632787e+00
2.314000e-05	-7.259520e-03	2.326893e+00
2.315000e-05	-5.408361e-03	2.054184e+00
2.316000e-05	-4.806982e-03	1.749954e+00
2.317000e-05	-6.968420e-03	1.454712e+00
2.318000e-05	-8.107172e-03	1.120000e+00
2.319000e-05	-5.775822e-03	8.011605e-01
2.320000e-05	-4.032027e-03	5.284684e-01
2.321000e-05	-4.020962e-03	2.268368e-01
2.322000e-05	-3.859368e-03	-3.147758e-02
2.323000e-05	7.761202e-03	-2.831592e-01
2.324000e-05	3.945230e-03	-5.762684e-01
2.325000e-05	1.658486e-03	-8.721039e-01
2.326000e-05	-1.029983e-03	-1.094138e+00
2.327000e-05	-3.824568e-04	-1.441405e+00
2.328000e-05	3.328907e-04	-1.682608e+00
2.329000e-05	1.845895e-02	-1.904684e+00
2.330000e-05	8.095609e-02	-2.175712e+00
2.331000e-05	7.405895e-02	-2.543705e+00
2.332000e-05	-8.181307e-02	-2.943161e+00
2.333000e-05	-2.515134e-03	-3.312761e+00
2.334000e-05	-4.605794e-02	-3.505264e+00
2.335000e-05	-3.271555e-02	-3.724363e+00
2.336000e-05	-6.660647e-02	-3.988475e+00
2.337000e-05	1.786810e-01	-4.175840e+00
2.338000e-05	-1.255081e-01	-4.428521e+00
2.339000e-05	7.916630e-02	-4.796937e+00
2.340000e-05	4.890745e-02	-5.015415e+00
2.341000e-05	-1.262543e-01	-5.364794e+00
2.342000e-05	1.569790e-01	-5.631545e+00
2.343000e-05	-1.734322e-01	-5.913233e+00
2.344000e-05	1.395057e-01	-6.186366e+00
2.345000e-05	-1.065310e-02	-6.459366e+00
2.346000e-05	-3.167337e-02	-6.755866e+00
2.347000e-05	9.074872e-02	-7.018390e+00
2.348000e-05	-1.269029e-01	-7.323202e+00
2.349000e-05	1.296502e-01	-7.546837e+00
2.350000e-05	-9.417270e-02	-7.827911e+00
2.351000e-05	8.195116e-02	-8.155784e+00
2.352000e-05	1.646260e-02	-8.346213e+00
2.353000e-05	-4.299136e-02	-8.608446e+00
2.354000e-05	9.699650e-02	-8.830599e+00
2.355000e-05	-1.197301e-01	-9.122708e+00
2.356000e-05	1.000255e-01	-9.323756e+00
2.357000e-05	-6.618889e-02	-9.555658e+00
2.358000e-05	9.488057e-02	-9.788895e+00
2.359000e-05	-1.964489e-02	-1.000789e+01
2.360000e-05	1.420858e-02	-1.027947e+01
2.361000e-05	1.801906e-02	-1.045262e+01
2.362000e-05	-3.269040e-02	-1.072373e+01
2.363000e-05	5.992542e-02	-1.089020e+01
2.364000e-05	-4.713214e-02	-1.106368e+01
2.365000e-05	7.207376e-02	-1.131318e+01
2.366000e-05	-3.427052e-02	-1.156375e+01
2.367000e-05	5.757391e-02	-1.174731e+01
2.368000e-05	-2.934222e-02	-1.195681e+01
2.369000e-05	2.989010e-02	-1.216636e+01
2.370000e-05	-1.761740e-03	-1.233421e+01
2.371000e-05	3.047818e-02	-1.253426e+01
2.372000e-05	1.737482e-02	-1.271115e+01
2.373000e-05	1.726442e-03	-1.288270e+01
2.374000e-05	1.417753e-02	-1.301955e+01
2.375000e-05	-3.855103e-04	-1.318847e+01
2.376000e-05	2.664306e-02	-1.331428e+01
2.377000e-05	9.012859e-04	-1.352370e+01
2.378000e-05	3.180014e-02	-1.363005e+01
2.379000e-05	8.509152e-03	-1.381749e+01
2.380000e-05	2.967000e-02	-1.397481e+01
2.381000e-05	-1.049143e-03	-1.407105e+01
2.382000e-05	1.524925e-02	-1.425952e+01
2.383000e-05	5.336060e-03	-1.438483e+01
2.384000e-05	2.802268e-02	-1.446210e+01
2.385000e-05	1.643831e-02	-1.457546e+01
2.386000e-05	2.263314e-02	-1.471368e+01
2.387000e-05	1.295669e-02	-1.478589e+01
2.388000e-05	1.935774e-02	-1.488220e+01
2.389000e-05	1.978849e-02	-1.499739e+01
2.390000e-05	1.630909e-02	-1.511907e+01
2.391000e-05	2.083527e-02	-1.513378e+01
2.392000e-05	2.056351e-02	-1.521947e+01
2.393000e-05	2.848279e-02	-1.529370e+01
2.394000e-05	1.753974e-02	-1.537489e+01
2.395000e-05	2.087980e-02	-1.539847e+01
2.396000e-05	1.827995e-02	-1.548055e+01
2.397000e-05	3.129596e-02	-1.547265e+01
2.398000e-05	2.929844e-02	-1.556433e+01
2.399000e-05	2.969127e-02	-1.557507e+01
2.400000e-05	2.676353e-02	-1.563097e+01
2.401000e-05	3.010478e-02	-1.563007e+01
2.402000e-05	3.286036e-02	-1.566162e+01
2.403000e-05	3.292671e-02	-1.569010e+01
2.404000e-05	3.509528e-02	-1.569217e+01
2.405000e-05	4.166468e-02	-1.571165e+01
2.406000e-05	4.985671e-02	-1.568165e+01
2.407000e-05	5.180692e-02	-1.567262e+01
2.408000e-05	5.157107e-02	-1.562165e+01
2.409000e-05	5.966727e-02	-1.563997e+01
2.410000e-05	7.135491e-02	-1.560807e+01
2.411000e-05	8.992543e-02	-1.559689e+01
2.412000e-05	1.093982e-01	-1.557386e+01
2.413000e-05	1.472757e-01	-1.546118e+01
2.414000e-05	2.078177e-01	-1.545063e+01
2.415000e-05	2.498572e-01	-1.538842e+01
2.416000e-05	2.500000e-01	-1.530436e+01
2.417000e-05	2.500000e-01	-1.527122e+01
2.418000e-05	2.500000e-01	-1.519754e+01
2.419000e-05	2.352915e-01	-1.510177e+01
2.420000e-05	1.666814e-01	-1.504058e+01
2.421000e-05	1.083205e-01	-1.498586e+01
2.422000e-05	7.673959e-02	-1.488257e+01
2.423000e-05	5.854343e-02	-1.476594e+01
2.424000e-05	4.514024e-02	-1.467320e+01
2.425000e-05	3.270141e-02	-1.452396e+01
2.426000e-05	2.494965e-02	-1.444010e+01
2.427000e-05	2.128089e-02	-1.429378e+01
2.428000e-05	2.118278e-02	-1.421707e+01
2.429000e-05	1.781530e-02	-1.406157e+01
2.430000e-05	1.455952e-02	-1.391381e+01
2.431000e-05	1.511623e-02	-1.376041e+01
2.432000e-05	1.587638e-02	-1.362051e+01
2.433000e-05	1.541030e-02	-1.348868e+01
2.434000e-05	1.042730e-02	-1.335333e+01
2.435000e-05	8.822968e-03	-1.313746e+01
2.436000e-05	8.879713e-03	-1.302950e+01
2.437000e-05	9.184548e-03	-1.282170e+01
2.438000e-05	7.519585e-03	-1.267315e+01
2.439000e-05	6.090392e-03	-1.253376e+01
2.440000e-05	6.814817e-03	-1.232536e+01
2.441000e-05	9.177409e-03	-1.210539e+01
2.442000e-05	6.536764e-03	-1.196786e+01
2.443000e-05	4.201650e-03	-1.177433e+01
2.444000e-05	2.875642e-03	-1.150281e+01
2.445000e-05	4.989662e-03	-1.128320e+01
2.446000e-05	4.631901e-03	-1.108368e+01
2.447000e-05	2.795449e-03	-1.085021e+01
2.448000e-05	1.959841e-03	-1.064168e+01
2.449000e-05	3.102527e-03	-1.042268e+01
2.450000e-05	3.606880e-03	-1.022852e+01
2.451000e-05	2.509290e-03	-9.967994e+00
2.452000e-05	8.491649e-04	-9.788043e+00
2.453000e-05	7.336652e-04	-9.545968e+00
2.454000e-05	1.022721e-03	-9.365386e+00
2.455000e-05	7.548503e-04	-9.094259e+00
2.456000e-05	-1.653469e-03	-8.833131e+00
2.457000e-05	-2.315653e-03	-8.619676e+00
2.458000e-05	-1.632411e-03	-8.357461e+00
2.459000e-05	-2.233771e-04	-8.064813e+00
2.460000e-05	-9.742425e-04	-7.823732e+00
2.461000e-05	-2.560250e-03	-7.566418e+00
2.462000e-05	-3.291900e-03	-7.304361e+00
2.463000e-05	-1.012224e-03	-7.052083e+00
2.464000e-05	-3.286131e-03	-6.769422e+00
2.465000e-05	-4.290455e-03	-6.515836e+00
2.466000e-05	-4.578089e-03	-6.254253e+00
2.467000e-05	-3.443431e-03	-5.978449e+00
2.468000e-05	-5.210987e-03	-5.706291e+00
2.469000e-05	-4.853978e-03	-5.400629e+00
2.470000e-05	-6.027922e-03	-5.107391e+00
2.471000e-05	-4.243145e-03	-4.818977e+00
2.472000e-05	-4.150454e-03	-4.504837e+00
2.473000e-05	-4.808169e-03	-4.293834e+00
2.474000e-05	-6.782840e-03	-4.010099e+00
2.475000e-05	-7.359657e-03	-3.705336e+00
2.476000e-05	-6.613642e-03	-3.452632e+00
2.477000e-05	-7.894346e-03	-3.146519e+00
2.478000e-05	-7.855013e-03	-2.852258e+00
2.479000e-05	-8.152549e-03	-2.579070e+00
2.480000e-05	-4.948391e-03	-2.274338e+00
2.481000e-05	-5.596776e-03	-1.959001e+00
2.482000e-05	-6.602932e-03	-1.715793e+00
2.483000e-05	-8.967217e-03	-1.421683e+00
2.484000e-05	-8.093999e-03	-1.103784e+00
2.485000e-05	-8.407203e-03	-8.000252e-01
2.486000e-05	-8.630324e-03	-5.038146e-01
2.487000e-05	-8.575113e-03	-2.626331e-01
2.488000e-05	-4.114352e-03	6.163278e-02
2.489000e-05	7.113959e-03	3.374158e-01
2.490000e-05	-5.050780e-03	6.310261e-01
2.491000e-05	2.959670e-03	8.430065e-01
2.492000e-05	-5.493287e-03	1.179972e+00
2.493000e-05	-4.493217e-04	1.430500e+00
2.494000e-05	-4.712776e-03	1.826946e+00
2.495000e-05	1.257813e-02	1.997447e+00
2.496000e-05	4.461620e-02	2.280128e+00
2.497000e-05	9.087707e-02	2.606320e+00
2.498000e-05	-6.499944e-02	2.903710e+00
2.499000e-05	-4.166521e-02	3.179901e+00
2.500000e-05	-4.290289e-02	3.483112e+00
2.501000e-05	-1.745107e-02	3.796842e+00
2.502000e-05	-7.083226e-02	3.967892e+00
2.503000e-05	-6.877111e-03	4.209924e+00
2.504000e-05	1.115397e-01	4.514707e+00
2.505000e-05	-9.889269e-02	4.788396e+00
2.506000e-05	9.631865e-02	5.059555e+00
2.507000e-05	-4.134368e-03	5.419399e+00
2.508000e-05	-9.008200e-02	5.670129e+00
2.509000e-05	6.343872e-02	5.966738e+00
2.510000e-05	-6.385077e-02	6.199546e+00
2.511000e-05	7.159515e-02	6.482129e+00
2.512000e-05	-4.406497e-02	6.806315e+00
2.513000e-05	-1.591014e-02	7.021448e+00
2.514000e-05	8.869029e-03	7.333732e+00
2.515000e-05	-3.528974e-02	7.607420e+00
2.516000e-05	2.716727e-02	7.851598e+00
2.517000e-05	-6.254249e-02	8.194759e+00
2.518000e-05	5.568195e-02	8.397894e+00
2.519000e-05	-1.577417e-02	8.598968e+00
2.520000e-05	-1.307372e-02	8.880999e+00
2.521000e-05	-4.080585e-03	9.104578e+00
2.522000e-05	-5.758881e-02	9.345761e+00
2.523000e-05	3.456424e-02	9.535264e+00
2.524000e-05	-1.951437e-02	9.757464e+00
2.525000e-05	2.000183e-02	1.001002e+01
2.526000e-05	-4.545613e-02	1.025012e+01
2.527000e-05	9.651838e-03	1.048160e+01
2.528000e-05	-1.403040e-02	1.070466e+01
2.529000e-05	-1.958091e-02	1.089371e+01
2.530000e-05	-1.401835e-02	1.110571e+01
2.531000e-05	-2.256539e-02	1.132483e+01
2.532000e-05	1.862339e-02	1.158481e+01
2.533000e-05	-2.085380e-02	1.175589e+01
2.534000e-05	-1.054441e-02	1.196531e+01
2.535000e-05	-3.719868e-02	1.213536e+01
2.536000e-05	3.083665e-03	1.234378e+01
2.537000e-05	-9.073209e-03	1.250473e+01
2.538000e-05	-9.483728e-03	1.264318e+01
2.539000e-05	-2.498354e-02	1.289212e+01
2.540000e-05	-1.983857e-02	1.299957e+01
2.541000e-05	-5.220077e-03	1.320731e+01
2.542000e-05	-2.066246e-02	1.329478e+01
2.543000e-05	-2.015377e-02	1.350261e+01
2.544000e-05	-2.363422e-02	1.363057e+01
2.545000e-05	4.817422e-04	1.384736e+01
2.546000e-05	-1.316669e-02	1.393569e+01
2.547000e-05	-2.426291e-02	1.406067e+01
2.548000e-05	-3.424059e-02	1.423060e+01
2.549000e-05	-1.944798e-02	1.435639e+01
2.550000e-05	-1.015076e-02	1.449265e+01
2.551000e-05	-1.945744e-02	1.460884e+01
2.552000e-05	-2.514647e-02	1.469373e+01
2.553000e-05	-2.438707e-02	1.478947e+01
2.554000e-05	-1.295298e-02	1.486163e+01
2.555000e-05	-2.353809e-02	1.492779e+01
2.556000e-05	-3.005585e-02	1.504055e+01
2.557000e-05	-3.209446e-02	1.512488e+01
2.558000e-05	-2.022719e-02	1.515902e+01
2.559000e-05	-1.940848e-02	1.524163e+01
2.560000e-05	-3.154368e-02	1.535378e+01
2.561000e-05	-3.831856e-02	1.543697e+01
2.562000e-05	-3.298792e-02	1.547008e+01
2.563000e-05	-2.199036e-02	1.551120e+01
2.564000e-05	-3.006573e-02	1.552576e+01
2.565000e-05	-3.807252e-02	1.557696e+01
2.566000e-05	-3.892101e-02	1.559699e+01
2.567000e-05	-3.215832e-02	1.561959e+01
2.568000e-05	-3.721494e-02	1.562055e+01
2.569000e-05	-4.872191e-02	1.565015e+01
2.570000e-05	-5.136177e-02	1.566167e+01
2.571000e-05	-4.683285e-02	1.565067e+01
2.572000e-05	-4.332789e-02	1.565962e+01
2.573000e-05	-5.793888e-02	1.563060e+01
2.574000e-05	-6.964907e-02	1.564959e+01
2.575000e-05	-7.586058e-02	1.560852e+01
2.576000e-05	-7.940463e-02	1.556741e+01
2.577000e-05	-9.910679e-02	1.553636e+01
2.578000e-05	-1.340688e-01	1.551476e+01
2.579000e-05	-1.747937e-01	1.547068e+01
2.580000e-05	-2.302476e-01	1.543895e+01
2.581000e-05	-2.499991e-01	1.537586e+01
2.582000e-05	-2.500000e-01	1.528320e+01
2.583000e-05	-2.500000e-01	1.524209e+01
2.584000e-05	-2.496800e-01	1.516694e+01
2.585000e-05	-2.187286e-01	1.505133e+01
2.586000e-05	-1.471317e-01	1.498900e+01
2.587000e-05	-1.083832e-01	1.489325e+01
2.588000e-05	-7.942502e-02	1.480850e+01
2.589000e-05	-5.628006e-02	1.471578e+01
2.590000e-05	-4.303397e-02	1.463052e+01
2.591000e-05	-4.289116e-02	1.449386e+01
2.592000e-05	-3.864141e-02	1.443894e+01
2.593000e-05	-3.076598e-02	1.423010e+01
2.594000e-05	-2.287533e-02	1.413586e+01
2.595000e-05	-2.720294e-02	1.400751e+01
2.596000e-05	-2.948921e-02	1.384157e+01
2.597000e-05	-2.575855e-02	1.371385e+01
2.598000e-05	-1.937747e-02	1.353589e+01
2.599000e-05	-1.957713e-02	1.342899e+01
2.600000e-05	-2.371156e-02	1.323215e+01
2.601000e-05	-2.275885e-02	1.309280e+01
2.602000e-05	-1.735735e-02	1.293489e+01
2.603000e-05	-1.497195e-02	1.273639e+01
2.604000e-05	-1.897805e-02	1.260100e+01
2.605000e-05	-2.180866e-02	1.239060e+01
2.606000e-05	-1.734318e-02	1.227317e+01
2.607000e-05	-1.308938e-02	1.203273e+01
2.608000e-05	-1.579137e-02	1.187225e+01
2.609000e-05	-2.062770e-02	1.164068e+01
2.610000e-05	-1.809191e-02	1.146017e+01
2.611000e-05	-1.283243e-02	1.123117e+01
2.612000e-05	-1.146806e-02	1.102110e+01
2.613000e-05	-1.506997e-02	1.079962e+01
2.614000e-05	-1.695978e-02	1.059949e+01
2.615000e-05	-1.251622e-02	1.034847e+01
2.616000e-05	-1.106004e-02	1.015789e+01
2.617000e-05	-1.273756e-02	9.946367e+00
2.618000e-05	-1.667308e-02	9.694306e+00
2.619000e-05	-1.313821e-02	9.462154e+00
2.620000e-05	-9.604275e-03	9.182678e+00
2.621000e-05	-1.021934e-02	8.999099e+00
2.622000e-05	-1.344440e-02	8.757444e+00
2.623000e-05	-1.388864e-02	8.536339e+00
2.624000e-05	-9.198116e-03	8.244804e+00
2.625000e-05	-8.030084e-03	8.001624e+00
2.626000e-05	-1.053816e-02	7.760473e+00
2.627000e-05	-1.277960e-02	7.504783e+00
2.628000e-05	-1.078178e-02	7.200078e+00
2.629000e-05	-9.009797e-03	6.987418e+00
2.630000e-05	-9.717095e-03	6.682888e+00
2.631000e-05	-1.178125e-02	6.431028e+00
2.632000e-05	-1.027882e-02	6.188048e+00
2.633000e-05	-7.174137e-03	5.937342e+00
2.634000e-05	-6.902089e-03	5.610077e+00
2.635000e-05	-9.644461e-03	5.368944e+00
2.636000e-05	-1.130912e-02	5.020731e+00
2.637000e-05	-8.824782e-03	4.715390e+00
2.638000e-05	-7.495476e-03	4.422656e+00
2.639000e-05	-8.280429e-03	4.136946e+00
2.640000e-05	-9.366186e-03	3.876238e+00
2.641000e-05	-8.236509e-03	3.611133e+00
2.642000e-05	-5.233697e-03	3.324940e+00
2.643000e-05	-5.701941e-03	3.054202e+00
2.644000e-05	-8.352527e-03	2.790025e+00
2.645000e-05	-8.847962e-03	2.411633e+00
2.646000e-05	-6.125492e-03	2.147953e+00
2.647000e-05	-5.633898e-03	1.896842e+00
2.648000e-05	-6.246953e-03	1.551578e+00
2.649000e-05	-8.058594e-03	1.306291e+00
2.650000e-05	-5.985153e-03	9.490802e-01
2.651000e-05	-3.549543e-03	6.433370e-01
2.652000e-05	-4.662944e-03	4.011303e-01
2.653000e-05	-4.138897e-03	7.626553e-02
2.654000e-05	-5.995316e-05	-1.887933e-01
2.655000e-05	1.021638e-02	-4.205013e-01
2.656000e-05	-2.568120e-03	-7.853133e-01
2.657000e-05	4.096094e-03	-9.778223e-01
2.658000e-05	-4.778091e-03	-1.292080e+00
2.659000e-05	2.054134e-03	-1.598847e+00
2.660000e-05	4.070832e-03	-1.829945e+00
2.661000e-05	4.236549e-02	-2.031998e+00
2.662000e-05	1.188236e-01	-2.366739e+00
2.663000e-05	-3.893802e-02	-2.755734e+00
2.664000e-05	-3.252849e-02	-3.126289e+00
2.665000e-05	-3.086591e-02	-3.439949e+00
2.666000e-05	-2.504534e-02	-3.600999e+00
2.667000e-05	-8.537736e-02	-3.912662e+00
2.668000e-05	8.032109e-02	-4.092555e+00
2.669000e-05	6.141605e-02	-4.282124e+00
2.670000e-05	-1.111155e-01	-4.599392e+00
2.671000e-05	2.034119e-01	-4.903649e+00
2.672000e-05	-1.602829e-01	-5.195367e+00
2.673000e-05	8.936959e-02	-5.575837e+00
2.674000e-05	-2.649123e-02	-5.755237e+00
2.675000e-05	-5.816029e-02	-6.052594e+00
2.676000e-05	1.592065e-01	-6.302732e+00
2.677000e-05	-1.305104e-01	-6.608416e+00
2.678000e-05	1.247970e-01	-6.913179e+00
2.679000e-05	-8.392041e-02	-7.166759e+00
2.680000e-05	1.910120e-02	-7.482024e+00
2.681000e-05	4.395992e-02	-7.701579e+00
2.682000e-05	-7.385620e-02	-8.017990e+00
2.683000e-05	1.451139e-01	-8.230018e+00
2.684000e-05	-1.099378e-01	-8.460127e+00
2.685000e-05	1.096507e-01	-8.785662e+00
2.686000e-05	-6.210291e-02	-8.977863e+00
2.687000e-05	1.615708e-03	-9.237499e+00
2.688000e-05	3.344385e-02	-9.419969e+00
2.689000e-05	-2.519329e-02	-9.722128e+00
2.690000e-05	9.801097e-02	-9.873204e+00
2.691000e-05	-7.400899e-02	-1.014726e+01
2.692000e-05	8.504539e-02	-1.038736e+01
2.693000e-05	-7.287962e-02	-1.057891e+01
2.694000e-05	6.849053e-02	-1.082792e+01
2.695000e-05	-3.062495e-02	-1.101688e+01
2.696000e-05	3.461655e-02	-1.118799e+01
2.697000e-05	1.243580e-02	-1.143949e+01
2.698000e-05	5.994359e-03	-1.170002e+01
2.699000e-05	2.855297e-02	-1.190050e+01
2.700000e-05	-2.382529e-02	-1.209263e+01
2.701000e-05	3.833560e-02	-1.225108e+01
2.702000e-05	-9.627712e-03	-1.246100e+01
2.703000e-05	5.248423e-02	-1.261892e+01
2.704000e-05	-1.442293e-02	-1.280884e+01
2.705000e-05	2.677912e-02	-1.295738e+01
2.706000e-05	-1.007459e-02	-1.313213e+01
2.707000e-05	2.758058e-02	-1.327270e+01
2.708000e-05	3.028393e-03	-1.343947e+01
2.709000e-05	2.245001e-02	-1.358686e+01
2.710000e-05	1.582900e-02	-1.371423e+01
2.711000e-05	2.200764e-02	-1.389378e+01
2.712000e-05	1.396963e-02	-1.403802e+01
2.713000e-05	4.716692e-03	-1.415634e+01
2.714000e-05	1.112965e-02	-1.429267e+01
2.715000e-05	1.607096e-02	-1.442794e+01
2.716000e-05	2.697745e-02	-1.453578e+01
2.717000e-05	1.608543e-02	-1.466105e+01
2.718000e-05	2.064315e-02	-1.478436e+01
2.719000e-05	1.046410e-02	-1.481907e+01
2.720000e-05	2.468678e-02	-1.491536e+01
2.721000e-05	1.304704e-02	-1.500897e+01
2.722000e-05	2.170093e-02	-1.511271e+01
2.723000e-05	1.735408e-02	-1.519734e+01
2.724000e-05	2.859794e-02	-1.525015e+01
2.725000e-05	2.086756e-02	-1.529378e+01
2.726000e-05	1.973748e-02	-1.539694e+01
2.727000e-05	1.825818e-02	-1.540847e+01
2.728000e-05	2.567098e-02	-1.550258e+01
2.729000e-05	3.109521e-02	-1.550576e+01
2.730000e-05	2.804908e-02	-1.551544e+01
2.731000e-05	2.819760e-02	-1.558894e+01
2.732000e-05	2.749300e-02	-1.563007e+01
2.733000e-05	3.364231e-02	-1.564160e+01
2.734000e-05	3.213935e-02	-1.567365e+01
2.735000e-05	3.417692e-02	-1.567215e+01
2.736000e-05	3.767829e-02	-1.569270e+01
2.737000e-05	4.651582e-02	-1.574313e+01
2.738000e-05	5.003962e-02	-1.568310e+01
2.739000e-05	5.100725e-02	-1.564267e+01
2.740000e-05	5.498165e-02	-1.564952e+01
2.741000e-05	6.666992e-02	-1.563807e+01
2.742000e-05	8.172817e-02	-1.558741e+01
2.743000e-05	9.922005e-02	-1.555636e+01
2.744000e-05	1.264993e-01	-1.551326e+01
2.745000e-05	1.751922e-01	-1.546007e+01
2.746000e-05	2.377813e-01	-1.539044e+01
2.747000e-05	2.499997e-01	-1.534689e+01
2.748000e-05	2.500000e-01	-1.529365e+01
2.749000e-05	2.500000e-01	-1.521950e+01
2.750000e-05	2.484449e-01	-1.512586e+01
2.751000e-05	2.044080e-01	-1.505158e+01
2.752000e-05	1.313762e-01	-1.498649e+01
2.753000e-05	8.764853e-02	-1.489320e+01
2.754000e-05	6.469350e-02	-1.481954e+01
2.755000e-05	5.058930e-02	-1.472536e+01
2.756000e-05	3.814824e-02	-1.461094e+01
2.757000e-05	2.904359e-02	-1.447328e+01
2.758000e-05	2.390057e-02	-1.439847e+01
2.759000e-05	2.198756e-02	-1.428010e+01
2.760000e-05	1.947387e-02	-1.412425e+01
2.761000e-05	1.475889e-02	-1.398752e+01
2.762000e-05	1.396406e-02	-1.383047e+01
2.763000e-05	1.416092e-02	-1.367281e+01
2.764000e-05	1.589143e-02	-1.356581e+01
2.765000e-05	1.246123e-02	-1.342905e+01
2.766000e-05	9.563056e-03	-1.325965e+01
2.767000e-05	9.256325e-03	-1.308260e+01
2.768000e-05	1.038036e-02	-1.290384e+01
2.769000e-05	9.253511e-03	-1.275591e+01
2.770000e-05	6.168892e-03	-1.261995e+01
2.771000e-05	5.961507e-03	-1.238957e+01
2.772000e-05	7.392964e-03	-1.222957e+01
2.773000e-05	7.348106e-03	-1.204162e+01
2.774000e-05	4.530630e-03	-1.185970e+01
2.775000e-05	3.572679e-03	-1.160857e+01
2.776000e-05	3.505308e-03	-1.139844e+01
2.777000e-05	6.060168e-03	-1.117637e+01
2.778000e-05	3.994804e-03	-1.096687e+01
2.779000e-05	1.811904e-03	-1.075789e+01
2.780000e-05	2.263409e-03	-1.055639e+01
2.781000e-05	2.577125e-03	-1.034424e+01
2.782000e-05	2.855850e-03	-1.011428e+01
2.783000e-05	6.634380e-04	-9.872708e+00
2.784000e-05	3.955385e-04	-9.642657e+00
2.785000e-05	1.518609e-03	-9.480174e+00
2.786000e-05	1.303283e-03	-9.189523e+00
2.787000e-05	-1.245233e-03	-8.967945e+00
2.788000e-05	-2.450533e-03	-8.737221e+00
2.789000e-05	-1.744794e-03	-8.463282e+00
2.790000e-05	2.348831e-04	-8.252103e+00
2.791000e-05	-1.671563e-03	-7.968500e+00
2.792000e-05	-2.609815e-03	-7.693892e+00
2.793000e-05	-3.464444e-03	-7.462025e+00
2.794000e-05	-1.601666e-03	-7.189496e+00
2.795000e-05	-2.868673e-03	-6.884887e+00
2.796000e-05	-2.982375e-03	-6.632579e+00
2.797000e-05	-4.707904e-03	-6.399550e+00
2.798000e-05	-2.892192e-03	-6.116437e+00
2.799000e-05	-4.095520e-03	-5.841678e+00
2.800000e-05	-4.308564e-03	-5.569472e+00
2.801000e-05	-6.561295e-03	-5.243032e+00
2.802000e-05	-5.588267e-03	-4.998920e+00
2.803000e-05	-4.344412e-03	-4.643576e+00
2.804000e-05	-4.428059e-03	-4.358524e+00
2.805000e-05	-5.119391e-03	-4.135544e+00
2.806000e-05	-6.626797e-03	-3.874762e+00
2.807000e-05	-5.568564e-03	-3.578923e+00
2.808000e-05	-7.190572e-03	-3.254857e+00
2.809000e-05	-8.028662e-03	-3.000074e+00
2.810000e-05	-9.022170e-03	-2.675316e+00
2.811000e-05	-6.356621e-03	-2.449129e+00
2.812000e-05	-5.587501e-03	-2.095816e+00
2.813000e-05	-6.980361e-03	-1.863209e+00
2.814000e-05	-9.280976e-03	-1.578998e+00
2.815000e-05	-7.619116e-03	-1.221105e+00
2.816000e-05	-8.433173e-03	-9.264686e-01
2.817000e-05	-8.407614e-03	-6.636094e-01
2.818000e-05	-8.959454e-03	-3.284484e-01
2.819000e-05	-6.881877e-03	-6.428440e-02
2.820000e-05	3.943258e-03	2.299698e-01
2.821000e-05	1.167935e-03	4.851330e-01
2.822000e-05	-1.783631e-03	7.773381e-01
2.823000e-05	-9.447848e-04	1.049003e+00
2.824000e-05	-3.653893e-03	1.305737e+00
2.825000e-05	-1.121202e-03	1.630449e+00
2.826000e-05	6.828797e-04	1.885234e+00
2.827000e-05	2.203126e-02	2.074287e+00
2.828000e-05	8.699223e-02	2.419421e+00
2.829000e-05	1.501513e-02	2.777740e+00
2.830000e-05	-7.541341e-02	3.061124e+00
2.831000e-05	-3.196922e-02	3.346314e+00
2.832000e-05	-3.425308e-02	3.651626e+00
2.833000e-05	-3.768862e-02	3.873083e+00
2.834000e-05	-6.564195e-02	4.084781e+00
2.835000e-05	8.213719e-02	4.416313e+00
2.836000e-05	1.662159e-02	4.652078e+00
2.837000e-05	-5.974144e-02	4.914658e+00
2.838000e-05	1.464959e-01	5.271019e+00
2.839000e-05	-1.449579e-01	5.545318e+00
2.840000e-05	4.712931e-02	5.766894e+00
2.841000e-05	-2.664096e-02	6.065208e+00
2.842000e-05	2.827459e-03	6.355264e+00
2.843000e-05	4.135912e-02	6.600520e+00
2.844000e-05	-7.782594e-02	6.874708e+00
2.845000e-05	4.521028e-02	7.136790e+00
2.846000e-05	-5.471508e-02	7.432022e+00
2.847000e-05	3.375547e-02	7.714807e+00
2.848000e-05	-4.672611e-02	8.009971e+00
2.849000e-05	4.776835e-03	8.263608e+00
2.850000e-05	3.424750e-02	8.492732e+00
2.851000e-05	-3.816781e-02	8.725683e+00
2.852000e-05	1.622735e-02	8.938412e+00
2.853000e-05	-5.678183e-02	9.238470e+00
2.854000e-05	3.831036e-03	9.410002e+00
2.855000e-05	3.653678e-03	9.702100e+00
2.856000e-05	6.703145e-03	9.943754e+00
2.857000e-05	-1.882383e-02	1.015534e+01
2.858000e-05	-2.212619e-02	1.034681e+01
2.859000e-05	9.124675e-03	1.060799e+01
2.860000e-05	-2.429625e-02	1.078647e+01
2.861000e-05	-1.095719e-02	1.099847e+01
2.862000e-05	-2.649908e-02	1.125815e+01
2.863000e-05	6.811141e-03	1.146052e+01
2.864000e-05	-4.354190e-03	1.166250e+01
2.865000e-05	-1.509480e-02	1.188110e+01
2.866000e-05	-3.187310e-02	1.205210e+01
2.867000e-05	-1.237225e-02	1.230208e+01
2.868000e-05	-1.201864e-03	1.242960e+01
2.869000e-05	-4.175936e-03	1.263947e+01
2.870000e-05	-2.079240e-02	1.277734e+01
2.871000e-05	-2.413350e-02	1.295636e+01
2.872000e-05	-1.104643e-02	1.312173e+01
2.873000e-05	-1.333343e-02	1.329160e+01
2.874000e-05	-2.147172e-02	1.344852e+01
2.875000e-05	-2.694087e-02	1.355831e+01
2.876000e-05	-6.298271e-03	1.371520e+01
2.877000e-05	-7.099332e-03	1.387207e+01
2.878000e-05	-1.435048e-02	1.399902e+01
2.879000e-05	-3.502639e-02	1.416476e+01
2.880000e-05	-2.412683e-02	1.430278e+01
2.881000e-05	-1.434477e-02	1.446905e+01
2.882000e-05	-1.234615e-02	1.456533e+01
2.883000e-05	-2.599527e-02	1.464212e+01
2.884000e-05	-2.753099e-02	1.474539e+01
2.885000e-05	-1.630821e-02	1.488110e+01
2.886000e-05	-1.810134e-02	1.493526e+01
2.887000e-05	-2.477984e-02	1.503002e+01
2.888000e-05	-3.505187e-02	1.509368e+01
2.889000e-05	-2.150036e-02	1.517529e+01
2.890000e-05	-1.946392e-02	1.523164e+01
2.891000e-05	-2.330841e-02	1.526323e+01
2.892000e-05	-3.884156e-02	1.539586e+01
2.893000e-05	-3.613892e-02	1.544045e+01
2.894000e-05	-2.562904e-02	1.547312e+01
2.895000e-05	-2.647652e-02	1.555418e+01
2.896000e-05	-3.375475e-02	1.558736e+01
2.897000e-05	-4.069165e-02	1.558844e+01
2.898000e-05	-3.141684e-02	1.561902e+01
2.899000e-05	-3.469722e-02	1.562964e+01
2.900000e-05	-4.283383e-02	1.564060e+01
2.901000e-05	-5.402894e-02	1.564263e+01
2.902000e-05	-4.824036e-02	1.565120e+01
2.903000e-05	-4.367762e-02	1.563060e+01
2.904000e-05	-5.056698e-02	1.559960e+01
2.905000e-05	-6.495876e-02	1.566955e+01
2.906000e-05	-7.340426e-02	1.559104e+01
2.907000e-05	-7.448714e-02	1.559599e+01
2.908000e-05	-8.901005e-02	1.553634e+01
2.909000e-05	-1.157998e-01	1.558484e+01
2.910000e-05	-1.543978e-01	1.553268e+01
2.911000e-05	-2.047136e-01	1.545152e+01
2.912000e-05	-2.493882e-01	1.538596e+01
2.913000e-05	-2.500000e-01	1.533521e+01
2.914000e-05	-2.500000e-01	1.529363e+01
2.915000e-05	-2.500000e-01	1.520844e+01
2.916000e-05	-2.408616e-01	1.514386e+01
2.917000e-05	-1.778891e-01	1.503053e+01
2.918000e-05	-1.240057e-01	1.493586e+01
2.919000e-05	-9.331073e-02	1.485165e+01
2.920000e-05	-6.517852e-02	1.476591e+01
2.921000e-05	-4.874144e-02	1.465115e+01
2.922000e-05	-4.299969e-02	1.453541e+01
2.923000e-05	-4.246457e-02	1.447212e+01
2.924000e-05	-3.408003e-02	1.429378e+01
2.925000e-05	-2.604789e-02	1.417850e+01
2.926000e-05	-2.521366e-02	1.405970e+01
2.927000e-05	-2.849660e-02	1.390480e+01
2.928000e-05	-2.818534e-02	1.379589e+01
2.929000e-05	-2.118742e-02	1.361212e+01
2.930000e-05	-1.923398e-02	1.346220e+01
2.931000e-05	-2.244539e-02	1.328639e+01
2.932000e-05	-2.465631e-02	1.316789e+01
2.933000e-05	-2.044690e-02	1.305905e+01
2.934000e-05	-1.527740e-02	1.283223e+01
2.935000e-05	-1.751970e-02	1.266271e+01
2.936000e-05	-2.122981e-02	1.247276e+01
2.937000e-05	-1.895254e-02	1.231688e+01
2.938000e-05	-1.505665e-02	1.215584e+01
2.939000e-05	-1.408643e-02	1.197687e+01
2.940000e-05	-1.934171e-02	1.175694e+01
2.941000e-05	-1.959424e-02	1.156789e+01
2.942000e-05	-1.619235e-02	1.133533e+01
2.943000e-05	-1.055762e-02	1.109381e+01
2.944000e-05	-1.432193e-02	1.092476e+01
2.945000e-05	-1.648718e-02	1.071428e+01
2.946000e-05	-1.488691e-02	1.047478e+01
2.947000e-05	-1.029727e-02	1.026158e+01
2.948000e-05	-1.183007e-02	1.005108e+01
2.949000e-05	-1.592862e-02	9.807644e+00
2.950000e-05	-1.592413e-02	9.537466e+00
2.951000e-05	-1.123027e-02	9.346415e+00
2.952000e-05	-9.288935e-03	9.115362e+00
2.953000e-05	-1.253730e-02	8.912261e+00
2.954000e-05	-1.333531e-02	8.652177e+00
2.955000e-05	-1.088878e-02	8.380549e+00
2.956000e-05	-8.530189e-03	8.136944e+00
2.957000e-05	-9.189607e-03	7.883837e+00
2.958000e-05	-1.276649e-02	7.620129e+00
2.959000e-05	-1.195536e-02	7.346416e+00
2.960000e-05	-8.783310e-03	7.105286e+00
2.961000e-05	-8.076491e-03	6.793581e+00
2.962000e-05	-1.159334e-02	6.556944e+00
2.963000e-05	-1.194099e-02	6.275233e+00
2.964000e-05	-8.908743e-03	6.033177e+00
2.965000e-05	-6.337765e-03	5.768471e+00
2.966000e-05	-8.121783e-03	5.496813e+00
2.967000e-05	-1.143738e-02	5.179623e+00
2.968000e-05	-9.273900e-03	4.861156e+00
2.969000e-05	-7.236559e-03	4.597974e+00
2.970000e-05	-7.366216e-03	4.325916e+00
2.971000e-05	-9.699195e-03	4.032027e+00
2.972000e-05	-8.639776e-03	3.736389e+00
2.973000e-05	-6.288470e-03	3.484284e+00
2.974000e-05	-5.544182e-03	3.169445e+00
2.975000e-05	-8.149063e-03	2.894237e+00
2.976000e-05	-9.062644e-03	2.622678e+00
2.977000e-05	-6.562089e-03	2.295865e+00
2.978000e-05	-5.643895e-03	2.042607e+00
2.979000e-05	-6.090484e-03	1.739400e+00
2.980000e-05	-8.395037e-03	1.443283e+00
2.981000e-05	-7.482991e-03	1.157474e+00
2.982000e-05	-5.636122e-03	8.204541e-01
2.983000e-05	-4.796867e-03	5.268448e-01
2.984000e-05	-4.918959e-03	2.332569e-01
2.985000e-05	-3.451327e-03	-3.157634e-02
2.986000e-05	8.825685e-03	-3.067379e-01
2.987000e-05	2.845611e-03	-5.677709e-01
2.988000e-05	1.592985e-03	-8.721042e-01
2.989000e-05	-2.144557e-03	-1.126238e+00
2.990000e-05	5.841006e-04	-1.452025e+00
2.991000e-05	-4.642981e-04	-1.713684e+00
2.992000e-05	2.019772e-02	-1.926290e+00
2.993000e-05	8.668645e-02	-2.156890e+00
2.994000e-05	6.437135e-02	-2.565237e+00
2.995000e-05	-7.925923e-02	-2.983738e+00
2.996000e-05	-3.527751e-03	-3.295658e+00
2.997000e-05	-4.705108e-02	-3.525689e+00
2.998000e-05	-3.657292e-02	-3.766307e+00
2.999000e-05	-5.638822e-02	-4.049974e+00
3.000000e-05	1.817140e-01	-4.136888e+00
3.001000e-05	-1.403713e-01	-4.441051e+00
3.002000e-05	1.044290e-01	-4.757392e+00
3.003000e-05	2.937397e-02	-5.009245e+00
3.004000e-05	-1.082186e-01	-5.386393e+00
3.005000e-05	1.479924e-01	-5.651499e+00
3.006000e-05	-1.782738e-01	-5.923782e+00
3.007000e-05	1.598362e-01	-6.189945e+00
3.008000e-05	-3.089376e-02	-6.470052e+00
3.009000e-05	-1.090614e-02	-6.766265e+00
3.010000e-05	7.544482e-02	-7.007924e+00
3.011000e-05	-1.205532e-01	-7.303210e+00
3.012000e-05	1.318077e-01	-7.616321e+00
3.013000e-05	-1.054692e-01	-7.869625e+00
3.014000e-05	9.964017e-02	-8.137313e+00
3.015000e-05	-2.445025e-03	-8.335189e+00
3.016000e-05	-2.534955e-02	-8.610024e+00
3.017000e-05	8.517723e-02	-8.892601e+00
3.018000e-05	-1.154767e-01	-9.125205e+00
3.019000e-05	1.035235e-01	-9.335282e+00
3.020000e-05	-7.095606e-02	-9.556314e+00
3.021000e-05	1.056787e-01	-9.847994e+00
3.022000e-05	-3.347926e-02	-1.000992e+01
3.023000e-05	2.587042e-02	-1.028258e+01
3.024000e-05	4.352423e-03	-1.050307e+01
3.025000e-05	-2.121499e-02	-1.073471e+01
3.026000e-05	5.359032e-02	-1.089418e+01
3.027000e-05	-4.158291e-02	-1.111375e+01
3.028000e-05	7.277314e-02	-1.134421e+01
3.029000e-05	-3.465981e-02	-1.158574e+01
3.030000e-05	5.882649e-02	-1.176634e+01
3.031000e-05	-3.632007e-02	-1.197533e+01
3.032000e-05	3.336173e-02	-1.220739e+01
3.033000e-05	-6.841555e-03	-1.232521e+01
3.034000e-05	3.747415e-02	-1.254681e+01
3.035000e-05	1.424199e-02	-1.273123e+01
3.036000e-05	6.139403e-03	-1.292215e+01
3.037000e-05	1.103536e-02	-1.300955e+01
3.038000e-05	1.296596e-03	-1.324791e+01
3.039000e-05	2.440451e-02	-1.336334e+01
3.040000e-05	1.566225e-03	-1.350165e+01
3.041000e-05	3.145868e-02	-1.366912e+01
3.042000e-05	8.120132e-03	-1.383894e+01
3.043000e-05	3.017290e-02	-1.397638e+01
3.044000e-05	-2.085385e-03	-1.408268e+01
3.045000e-05	1.529475e-02	-1.422011e+01
3.046000e-05	4.581026e-03	-1.434380e+01
3.047000e-05	2.976316e-02	-1.447265e+01
3.048000e-05	1.693513e-02	-1.458689e+01
3.049000e-05	2.330613e-02	-1.470273e+01
3.050000e-05	1.086402e-02	-1.478792e+01
3.051000e-05	1.924432e-02	-1.492370e+01
3.052000e-05	1.841947e-02	-1.503784e+01
3.053000e-05	1.710439e-02	-1.508162e+01
3.054000e-05	2.100133e-02	-1.517578e+01
3.055000e-05	2.180261e-02	-1.522752e+01
3.056000e-05	2.838709e-02	-1.527215e+01
3.057000e-05	1.754194e-02	-1.532436e+01
3.058000e-05	2.006977e-02	-1.539899e+01
3.059000e-05	1.806916e-02	-1.546115e+01
3.060000e-05	3.129693e-02	-1.552368e+01
3.061000e-05	2.956413e-02	-1.557386e+01
3.062000e-05	2.924953e-02	-1.556587e+01
3.063000e-05	2.651681e-02	-1.565802e+01
3.064000e-05	3.075591e-02	-1.564162e+01
3.065000e-05	3.256237e-02	-1.566062e+01
3.066000e-05	3.279197e-02	-1.567115e+01
3.067000e-05	3.507388e-02	-1.571220e+01
3.068000e-05	4.258927e-02	-1.570418e+01
3.069000e-05	5.084476e-02	-1.571170e+01
3.070000e-05	5.156397e-02	-1.570017e+01
3.071000e-05	5.131060e-02	-1.563317e+01
3.072000e-05	5.908523e-02	-1.560952e+01
3.073000e-05	7.321977e-02	-1.561857e+01
3.074000e-05	9.143149e-02	-1.556499e+01
3.075000e-05	1.119225e-01	-1.554488e+01
3.076000e-05	1.482461e-01	-1.547278e+01
3.077000e-05	2.109376e-01	-1.539910e+01
3.078000e-05	2.499003e-01	-1.536949e+01
3.079000e-05	2.500000e-01	-1.531328e+01
3.080000e-05	2.500000e-01	-1.527218e+01
3.081000e-05	2.500000e-01	-1.517851e+01
3.082000e-05	2.355511e-01	-1.511218e+01
3.083000e-05	1.630726e-01	-1.505902e+01
3.084000e-05	1.039837e-01	-1.495529e+01
3.085000e-05	7.370877e-02	-1.485165e+01
3.086000e-05	5.659526e-02	-1.475541e+01
3.087000e-05	4.455788e-02	-1.465070e+01
3.088000e-05	3.321714e-02	-1.452587e+01
3.089000e-05	2.582301e-02	-1.444067e+01
3.090000e-05	2.326509e-02	-1.431373e+01
3.091000e-05	2.147850e-02	-1.417652e+01
3.092000e-05	1.761423e-02	-1.407208e+01
3.093000e-05	1.339928e-02	-1.394235e+01
3.094000e-05	1.362072e-02	-1.376647e+01
3.095000e-05	1.475642e-02	-1.362094e+01
3.096000e-05	1.473850e-02	-1.349260e+01
3.097000e-05	1.088234e-02	-1.333428e+01
3.098000e-05	9.397690e-03	-1.313539e+01
3.099000e-05	9.878903e-03	-1.297947e+01
3.100000e-05	1.011573e-02	-1.283060e+01
3.101000e-05	7.855549e-03	-1.265125e+01
3.102000e-05	4.769438e-03	-1.250525e+01
3.103000e-05	6.930222e-03	-1.226331e+01
3.104000e-05	6.838079e-03	-1.209639e+01
3.105000e-05	7.159652e-03	-1.195642e+01
3.106000e-05	3.048416e-03	-1.174441e+01
3.107000e-05	3.662541e-03	-1.146231e+01
3.108000e-05	4.643330e-03	-1.127165e+01
3.109000e-05	5.368096e-03	-1.101167e+01
3.110000e-05	3.083631e-03	-1.086062e+01
3.111000e-05	1.893423e-03	-1.063970e+01
3.112000e-05	1.430021e-03	-1.041970e+01
3.113000e-05	3.151342e-03	-1.018952e+01
3.114000e-05	1.974709e-03	-9.947412e+00
3.115000e-05	-3.155887e-04	-9.757969e+00
3.116000e-05	2.247706e-04	-9.517394e+00
3.117000e-05	1.378181e-03	-9.294734e+00
3.118000e-05	1.046582e-03	-9.082658e+00
3.119000e-05	-9.594601e-04	-8.852681e+00
3.120000e-05	-3.325603e-03	-8.620550e+00
3.121000e-05	-2.817848e-03	-8.325865e+00
3.122000e-05	-3.762869e-04	-8.103837e+00
3.123000e-05	-1.755385e-03	-7.871079e+00
3.124000e-05	-3.114478e-03	-7.556495e+00
3.125000e-05	-3.457848e-03	-7.301660e+00
3.126000e-05	-2.596184e-03	-7.079105e+00
3.127000e-05	-2.715622e-03	-6.738444e+00
3.128000e-05	-4.437138e-03	-6.494340e+00
3.129000e-05	-4.400146e-03	-6.261577e+00
3.130000e-05	-4.758896e-03	-5.926494e+00
3.131000e-05	-4.090413e-03	-5.664813e+00
3.132000e-05	-5.157121e-03	-5.400677e+00
3.133000e-05	-6.156277e-03	-5.074287e+00
3.134000e-05	-5.758217e-03	-4.769021e+00
3.135000e-05	-4.100753e-03	-4.494290e+00
3.136000e-05	-4.852909e-03	-4.272781e+00
3.137000e-05	-5.716469e-03	-3.978501e+00
3.138000e-05	-7.074393e-03	-3.726734e+00
3.139000e-05	-5.697661e-03	-3.441681e+00
3.140000e-05	-6.762444e-03	-3.147869e+00
3.141000e-05	-7.151596e-03	-2.832157e+00
3.142000e-05	-8.116722e-03	-2.579475e+00
3.143000e-05	-5.772798e-03	-2.263838e+00
3.144000e-05	-5.821326e-03	-1.959471e+00
3.145000e-05	-6.798847e-03	-1.655840e+00
3.146000e-05	-8.956698e-03	-1.391004e+00
3.147000e-05	-9.243330e-03	-1.065207e+00
3.148000e-05	-8.318591e-03	-8.005963e-01
3.149000e-05	-8.010259e-03	-4.932120e-01
3.150000e-05	-7.073297e-03	-1.906539e-01
3.151000e-05	-3.154209e-03	1.031014e-01
3.152000e-05	8.103670e-03	4.093157e-01
3.153000e-05	-5.336309e-03	6.299477e-01
3.154000e-05	2.341018e-03	9.125792e-01
3.155000e-05	-6.533386e-03	1.230447e+00
3.156000e-05	6.482431e-04	1.482610e+00
3.157000e-05	-5.317302e-03	1.798945e+00
3.158000e-05	1.471505e-02	2.018977e+00
3.159000e-05	4.889816e-02	2.261031e+00
3.160000e-05	8.796869e-02	2.577391e+00
3.161000e-05	-7.192511e-02	2.876264e+00
3.162000e-05	-3.788834e-02	3.249425e+00
3.163000e-05	-4.385210e-02	3.575758e+00
3.164000e-05	-1.680917e-02	3.806894e+00
3.165000e-05	-7.404869e-02	3.966916e+00
3.166000e-05	1.403672e-03	4.230971e+00
3.167000e-05	1.096882e-01	4.504738e+00
3.168000e-05	-1.067026e-01	4.839945e+00
3.169000e-05	1.138377e-01	5.072025e+00
3.170000e-05	-2.587186e-02	5.428466e+00
3.171000e-05	-7.525670e-02	5.662626e+00
3.172000e-05	5.811134e-02	5.976766e+00
3.173000e-05	-6.259033e-02	6.229973e+00
3.174000e-05	7.410747e-02	6.491152e+00
3.175000e-05	-5.509852e-02	6.786816e+00
3.176000e-05	-5.595765e-03	7.030575e+00
3.177000e-05	1.454460e-03	7.325681e+00
3.178000e-05	-2.864913e-02	7.617971e+00
3.179000e-05	2.112298e-02	7.883605e+00
3.180000e-05	-5.895017e-02	8.227889e+00
3.181000e-05	5.813713e-02	8.417419e+00
3.182000e-05	-2.053824e-02	8.638469e+00
3.183000e-05	-9.488950e-03	8.860521e+00
3.184000e-05	-1.048846e-02	9.144132e+00
3.185000e-05	-5.376691e-02	9.333285e+00
3.186000e-05	3.559982e-02	9.595914e+00
3.187000e-05	-1.879278e-02	9.839470e+00
3.188000e-05	1.929529e-02	1.001105e+01
3.189000e-05	-4.659003e-02	1.023210e+01
3.190000e-05	1.245897e-02	1.045373e+01
3.191000e-05	-1.547871e-02	1.071521e+01
3.192000e-05	-1.937900e-02	1.090323e+01
3.193000e-05	-1.608201e-02	1.108371e+01
3.194000e-05	-1.981418e-02	1.133431e+01
3.195000e-05	1.931083e-02	1.159629e+01
3.196000e-05	-2.178652e-02	1.176734e+01
3.197000e-05	-1.225055e-02	1.195784e+01
3.198000e-05	-3.668147e-02	1.214329e+01
3.199000e-05	4.427730e-03	1.237521e+01
3.200000e-05	-7.737471e-03	1.254480e+01
3.201000e-05	-9.290240e-03	1.269216e+01
3.202000e-05	-2.507301e-02	1.285312e+01
3.203000e-05	-1.893366e-02	1.307050e+01
3.204000e-05	-5.913889e-03	1.319739e+01
3.205000e-05	-2.272022e-02	1.337584e+01
3.206000e-05	-2.224521e-02	1.352215e+01
3.207000e-05	-2.147782e-02	1.364112e+01
3.208000e-05	1.251562e-03	1.382847e+01
3.209000e-05	-1.221408e-02	1.395583e+01
3.210000e-05	-2.480329e-02	1.408323e+01
3.211000e-05	-3.315614e-02	1.419852e+01
3.212000e-05	-1.906931e-02	1.439386e+01
3.213000e-05	-1.122691e-02	1.449215e+01
3.214000e-05	-2.064860e-02	1.458847e+01
3.215000e-05	-2.632565e-02	1.472570e+01
3.216000e-05	-2.308776e-02	1.481887e+01
3.217000e-05	-1.227831e-02	1.486113e+01
3.218000e-05	-2.269660e-02	1.500591e+01
3.219000e-05	-3.076142e-02	1.505155e+01
3.220000e-05	-3.059460e-02	1.514541e+01
3.221000e-05	-1.976483e-02	1.520794e+01
3.222000e-05	-1.882449e-02	1.527265e+01
3.223000e-05	-3.362732e-02	1.531433e+01
3.224000e-05	-3.772763e-02	1.543999e+01
3.225000e-05	-3.281064e-02	1.546904e+01
3.226000e-05	-2.208948e-02	1.548320e+01
3.227000e-05	-3.086586e-02	1.554519e+01
3.228000e-05	-3.755160e-02	1.554693e+01
3.229000e-05	-3.737227e-02	1.558849e+01
3.230000e-05	-3.178557e-02	1.562844e+01
3.231000e-05	-3.706648e-02	1.563062e+01
3.232000e-05	-5.016061e-02	1.563152e+01
3.233000e-05	-5.173952e-02	1.564010e+01
3.234000e-05	-4.674948e-02	1.563212e+01
3.235000e-05	-4.441259e-02	1.565122e+01
3.236000e-05	-5.954938e-02	1.563065e+01
3.237000e-05	-6.969903e-02	1.562802e+01
3.238000e-05	-7.635498e-02	1.562802e+01
3.239000e-05	-7.994139e-02	1.558794e+01
3.240000e-05	-1.018085e-01	1.551723e+01
3.241000e-05	-1.348457e-01	1.552523e+01
3.242000e-05	-1.777960e-01	1.549155e+01
3.243000e-05	-2.330259e-01	1.541892e+01
3.244000e-05	-2.499999e-01	1.536484e+01
3.245000e-05	-2.500000e-01	1.531370e+01
3.246000e-05	-2.500000e-01	1.524160e+01
3.247000e-05	-2.492550e-01	1.516941e+01
3.248000e-05	-2.158718e-01	1.509165e+01
3.249000e-05	-1.430494e-01	1.497594e+01
3.250000e-05	-1.056245e-01	1.491333e+01
3.251000e-05	-7.625263e-02	1.479957e+01
3.252000e-05	-5.425319e-02	1.470381e+01
3.253000e-05	-4.252267e-02	1.459804e+01
3.254000e-05	-4.329165e-02	1.453475e+01
3.255000e-05	-4.147953e-02	1.436650e+01
3.256000e-05	-3.194324e-02	1.426165e+01
3.257000e-05	-2.398562e-02	1.409633e+01
3.258000e-05	-2.668029e-02	1.401842e+01
3.259000e-05	-2.896783e-02	1.386902e+01
3.260000e-05	-2.436320e-02	1.368333e+01
3.261000e-05	-1.746089e-02	1.354634e+01
3.262000e-05	-1.924846e-02	1.341047e+01
3.263000e-05	-2.448136e-02	1.324018e+01
3.264000e-05	-2.404923e-02	1.311275e+01
3.265000e-05	-1.876445e-02	1.295481e+01
3.266000e-05	-1.527281e-02	1.276641e+01
3.267000e-05	-2.015496e-02	1.259094e+01
3.268000e-05	-2.230582e-02	1.239955e+01
3.269000e-05	-1.686257e-02	1.225008e+01
3.270000e-05	-1.220348e-02	1.203360e+01
3.271000e-05	-1.464430e-02	1.185158e+01
3.272000e-05	-2.041653e-02	1.164315e+01
3.273000e-05	-1.863954e-02	1.147010e+01
3.274000e-05	-1.355335e-02	1.118007e+01
3.275000e-05	-1.250051e-02	1.101902e+01
3.276000e-05	-1.631775e-02	1.079155e+01
3.277000e-05	-1.647420e-02	1.061904e+01
3.278000e-05	-1.227553e-02	1.038844e+01
3.279000e-05	-9.221127e-03	1.013692e+01
3.280000e-05	-1.214644e-02	9.925887e+00
3.281000e-05	-1.651581e-02	9.673803e+00
3.282000e-05	-1.469151e-02	9.460677e+00
3.283000e-05	-1.050535e-02	9.212046e+00
3.284000e-05	-1.061144e-02	9.020496e+00
3.285000e-05	-1.441852e-02	8.715867e+00
3.286000e-05	-1.382035e-02	8.495313e+00
3.287000e-05	-9.470000e-03	8.253284e+00
3.288000e-05	-7.828830e-03	7.990621e+00
3.289000e-05	-1.055786e-02	7.777416e+00
3.290000e-05	-1.265308e-02	7.495311e+00
3.291000e-05	-1.012554e-02	7.181000e+00
3.292000e-05	-7.860850e-03	6.976967e+00
3.293000e-05	-9.458569e-03	6.683241e+00
3.294000e-05	-1.329594e-02	6.429528e+00
3.295000e-05	-1.225799e-02	6.127021e+00
3.296000e-05	-7.689551e-03	5.906288e+00
3.297000e-05	-5.685063e-03	5.590053e+00
3.298000e-05	-9.306654e-03	5.389870e+00
3.299000e-05	-1.047562e-02	5.009500e+00
3.300000e-05	-8.002536e-03	4.716340e+00
3.301000e-05	-7.222903e-03	4.453179e+00
3.302000e-05	-8.429146e-03	4.157446e+00
3.303000e-05	-1.145560e-02	3.884761e+00
3.304000e-05	-9.114503e-03	3.591129e+00
3.305000e-05	-6.036190e-03	3.315365e+00
3.306000e-05	-5.454020e-03	2.993051e+00
3.307000e-05	-9.449020e-03	2.758949e+00
3.308000e-05	-8.464192e-03	2.480284e+00
3.309000e-05	-6.069904e-03	2.128500e+00
3.310000e-05	-5.012057e-03	1.884817e+00
3.311000e-05	-6.949797e-03	1.579474e+00
3.312000e-05	-8.773110e-03	1.266812e+00
3.313000e-05	-7.103048e-03	9.299213e-01
3.314000e-05	-4.262615e-03	6.541820e-01
3.315000e-05	-5.169631e-03	4.200040e-01
3.316000e-05	-5.471310e-03	9.328682e-02
3.317000e-05	6.373333e-04	-1.784209e-01
3.318000e-05	1.134786e-02	-4.215539e-01
3.319000e-05	-1.442398e-03	-7.768119e-01
3.320000e-05	4.067030e-03	-9.993774e-01
3.321000e-05	-5.275822e-03	-1.303058e+00
3.322000e-05	2.660091e-03	-1.579345e+00
3.323000e-05	5.035817e-03	-1.832001e+00
3.324000e-05	4.510436e-02	-2.041501e+00
3.325000e-05	1.180723e-01	-2.379193e+00
3.326000e-05	-5.015427e-02	-2.794315e+00
3.327000e-05	-2.553700e-02	-3.196742e+00
3.328000e-05	-3.412150e-02	-3.470498e+00
3.329000e-05	-2.262054e-02	-3.630100e+00
3.330000e-05	-9.002550e-02	-3.906133e+00
3.331000e-05	9.980966e-02	-4.072129e+00
3.332000e-05	3.926948e-02	-4.304131e+00
3.333000e-05	-9.110407e-02	-4.647951e+00
3.334000e-05	1.965963e-01	-4.912104e+00
3.335000e-05	-1.734930e-01	-5.227294e+00
3.336000e-05	1.123174e-01	-5.557358e+00
3.337000e-05	-5.130802e-02	-5.735813e+00
3.338000e-05	-3.438190e-02	-6.082177e+00
3.339000e-05	1.451621e-01	-6.323758e+00
3.340000e-05	-1.297688e-01	-6.628972e+00
3.341000e-05	1.339514e-01	-6.883753e+00
3.342000e-05	-9.989057e-02	-7.227832e+00
3.343000e-05	3.941642e-02	-7.470626e+00
3.344000e-05	2.635584e-02	-7.692729e+00
3.345000e-05	-5.800491e-02	-8.027419e+00
3.346000e-05	1.377021e-01	-8.230050e+00
3.347000e-05	-1.131245e-01	-8.483201e+00
3.348000e-05	1.192194e-01	-8.795391e+00
3.349000e-05	-7.790495e-02	-8.996943e+00
3.350000e-05	1.852331e-02	-9.270095e+00
3.351000e-05	2.044379e-02	-9.441048e+00
3.352000e-05	-1.000119e-02	-9.703656e+00
3.353000e-05	8.816407e-02	-9.893107e+00
3.354000e-05	-6.875056e-02	-1.013579e+01
3.355000e-05	8.318341e-02	-1.037681e+01
3.356000e-05	-7.592627e-02	-1.060847e+01
3.357000e-05	7.288516e-02	-1.081794e+01
3.358000e-05	-3.752421e-02	-1.099699e+01
3.359000e-05	4.611023e-02	-1.124102e+01
3.360000e-05	6.254099e-03	-1.141705e+01
3.361000e-05	1.319511e-02	-1.165365e+01
3.362000e-05	1.972189e-02	-1.188158e+01
3.363000e-05	-1.948150e-02	-1.209365e+01
3.364000e-05	3.434840e-02	-1.224010e+01
3.365000e-05	-6.858559e-03	-1.245754e+01
3.366000e-05	5.139870e-02	-1.261994e+01
3.367000e-05	-1.422731e-02	-1.282837e+01
3.368000e-05	2.788019e-02	-1.296684e+01
3.369000e-05	-1.120557e-02	-1.316423e+01
3.370000e-05	2.826815e-02	-1.330120e+01
3.371000e-05	7.976383e-04	-1.345947e+01
3.372000e-05	2.544925e-02	-1.360794e+01
3.373000e-05	1.539458e-02	-1.370374e+01
3.374000e-05	2.357304e-02	-1.390328e+01
3.375000e-05	1.049206e-02	-1.401807e+01
3.376000e-05	4.530113e-03	-1.421536e+01
3.377000e-05	9.220828e-03	-1.430213e+01
3.378000e-05	1.845911e-02	-1.443897e+01
3.379000e-05	2.700829e-02	-1.449381e+01
3.380000e-05	1.705656e-02	-1.468153e+01
3.381000e-05	1.985861e-02	-1.475628e+01
3.382000e-05	1.072263e-02	-1.486060e+01
3.383000e-05	2.382655e-02	-1.494535e+01
3.384000e-05	1.261607e-02	-1.506849e+01
3.385000e-05	2.234584e-02	-1.513418e+01
3.386000e-05	1.744588e-02	-1.516489e+01
3.387000e-05	2.921883e-02	-1.524067e+01
3.388000e-05	1.998064e-02	-1.528325e+01
3.389000e-05	1.968069e-02	-1.534604e+01
3.390000e-05	1.757542e-02	-1.545897e+01
3.391000e-05	2.676147e-02	-1.549273e+01
3.392000e-05	3.194610e-02	-1.555391e+01
3.393000e-05	2.892834e-02	-1.558589e+01
3.394000e-05	2.828729e-02	-1.559797e+01
3.395000e-05	2.712532e-02	-1.560054e+01
3.396000e-05	3.346042e-02	-1.563212e+01
3.397000e-05	3.076270e-02	-1.568260e+01
3.398000e-05	3.493621e-02	-1.570215e+01
3.399000e-05	3.938084e-02	-1.571270e+01
3.400000e-05	4.755747e-02	-1.568265e+01
3.401000e-05	5.099897e-02	-1.566405e+01
3.402000e-05	5.065693e-02	-1.569009e+01
3.403000e-05	5.466939e-02	-1.566010e+01
3.404000e-05	6.705072e-02	-1.562802e+01
3.405000e-05	8.266722e-02	-1.558554e+01
3.406000e-05	1.008344e-01	-1.556588e+01
3.407000e-05	1.288846e-01	-1.550228e+01
3.408000e-05	1.785761e-01	-1.545165e+01
3.409000e-05	2.399301e-01	-1.543747e+01
3.410000e-05	2.500000e-01	-1.532746e+01
3.411000e-05	2.500000e-01	-1.529178e+01
3.412000e-05	2.500000e-01	-1.520907e+01
3.413000e-05	2.474243e-01	-1.515579e+01
3.414000e-05	2.007194e-01	-1.506962e+01
3.415000e-05	1.275660e-01	-1.503852e+01
3.416000e-05	8.524576e-02	-1.492378e+01
3.417000e-05	6.353681e-02	-1.478855e+01
3.418000e-05	5.020945e-02	-1.470483e+01
3.419000e-05	3.835780e-02	-1.464089e+01
3.420000e-05	2.860275e-02	-1.447235e+01
3.421000e-05	2.484721e-02	-1.434597e+01
3.422000e-05	2.275862e-02	-1.425860e+01
3.423000e-05	1.948498e-02	-1.413471e+01
3.424000e-05	1.471394e-02	-1.393691e+01
3.425000e-05	1.287828e-02	-1.383007e+01
3.426000e-05	1.465698e-02	-1.370331e+01
3.427000e-05	1.601041e-02	-1.353481e+01
3.428000e-05	1.137374e-02	-1.340649e+01
3.429000e-05	9.173584e-03	-1.322110e+01
3.430000e-05	9.066655e-03	-1.308158e+01
3.431000e-05	1.070324e-02	-1.290586e+01
3.432000e-05	8.896844e-03	-1.275541e+01
3.433000e-05	6.109842e-03	-1.260694e+01
3.434000e-05	5.935954e-03	-1.239909e+01
3.435000e-05	6.914578e-03	-1.222855e+01
3.436000e-05	6.532201e-03	-1.205913e+01
3.437000e-05	3.219986e-03	-1.185853e+01
3.438000e-05	1.617291e-03	-1.157860e+01
3.439000e-05	4.507199e-03	-1.138642e+01
3.440000e-05	5.699360e-03	-1.117594e+01
3.441000e-05	4.384201e-03	-1.093796e+01
3.442000e-05	1.271601e-03	-1.071634e+01
3.443000e-05	1.788641e-03	-1.054639e+01
3.444000e-05	2.062587e-03	-1.030536e+01
3.445000e-05	2.555958e-03	-1.010273e+01
3.446000e-05	8.534969e-05	-9.851201e+00
3.447000e-05	-1.360319e-04	-9.642681e+00
3.448000e-05	1.157271e-03	-9.441098e+00
3.449000e-05	1.570360e-03	-9.148969e+00
3.450000e-05	-4.526179e-04	-8.997919e+00
3.451000e-05	-2.435554e-03	-8.726436e+00
3.452000e-05	-1.575028e-03	-8.472255e+00
3.453000e-05	-1.784810e-04	-8.239102e+00
3.454000e-05	-1.731819e-03	-7.940023e+00
3.455000e-05	-3.342031e-03	-7.693932e+00
3.456000e-05	-4.204758e-03	-7.420601e+00
3.457000e-05	-3.021129e-03	-7.146445e+00
3.458000e-05	-1.822441e-03	-6.903730e+00
3.459000e-05	-4.101164e-03	-6.620650e+00
3.460000e-05	-4.758671e-03	-6.338472e+00
3.461000e-05	-3.126608e-03	-6.084339e+00
3.462000e-05	-4.307257e-03	-5.831579e+00
3.463000e-05	-3.984065e-03	-5.545970e+00
3.464000e-05	-6.906136e-03	-5.241677e+00
3.465000e-05	-5.843676e-03	-4.937867e+00
3.466000e-05	-4.516581e-03	-4.599946e+00
3.467000e-05	-5.492303e-03	-4.378950e+00
3.468000e-05	-5.687246e-03	-4.105791e+00
3.469000e-05	-7.276867e-03	-3.842555e+00
3.470000e-05	-4.331618e-03	-3.536873e+00
3.471000e-05	-6.546344e-03	-3.283686e+00
3.472000e-05	-7.670075e-03	-2.998549e+00
3.473000e-05	-8.924033e-03	-2.664759e+00
3.474000e-05	-6.035640e-03	-2.411099e+00
3.475000e-05	-6.268945e-03	-2.114938e+00
3.476000e-05	-6.717243e-03	-1.862162e+00
3.477000e-05	-9.165117e-03	-1.569446e+00
3.478000e-05	-8.569587e-03	-1.200555e+00
3.479000e-05	-7.982652e-03	-9.468196e-01
3.480000e-05	-7.562130e-03	-5.926053e-01
3.481000e-05	-8.306724e-03	-3.373697e-01
3.482000e-05	-6.665516e-03	-6.223564e-02
3.483000e-05	4.538979e-03	2.616012e-01
3.484000e-05	1.273578e-04	5.041605e-01
3.485000e-05	-1.693046e-03	7.563194e-01
3.486000e-05	-2.347404e-03	1.073030e+00
3.487000e-05	-3.726604e-03	1.295286e+00
3.488000e-05	-1.043018e-03	1.663504e+00
3.489000e-05	2.683783e-03	1.904288e+00
3.490000e-05	2.406465e-02	2.125763e+00
3.491000e-05	9.076019e-02	2.448423e+00
3.492000e-05	3.729926e-03	2.818869e+00
3.493000e-05	-7.198381e-02	3.082130e+00
3.494000e-05	-3.405546e-02	3.365866e+00
3.495000e-05	-3.187117e-02	3.641600e+00
3.496000e-05	-4.192027e-02	3.934684e+00
3.497000e-05	-6.183761e-02	4.091708e+00
3.498000e-05	9.002427e-02	4.388916e+00
3.499000e-05	9.034471e-05	4.692080e+00
3.500000e-05	-4.484889e-02	4.945189e+00
3.501000e-05	1.361995e-01	5.280999e+00
3.502000e-05	-1.483193e-01	5.558338e+00
3.503000e-05	5.693990e-02	5.830547e+00
3.504000e-05	-3.479074e-02	6.124755e+00
3.505000e-05	1.422503e-02	6.367263e+00
3.506000e-05	3.212656e-02	6.642551e+00
3.507000e-05	-7.509804e-02	6.965287e+00
3.508000e-05	4.414335e-02	7.160315e+00
3.509000e-05	-6.062644e-02	7.473076e+00
3.510000e-05	3.699685e-02	7.744286e+00
3.511000e-05	-5.272647e-02	8.030994e+00
3.512000e-05	1.718998e-02	8.305126e+00
3.513000e-05	3.117460e-02	8.555228e+00
3.514000e-05	-3.644546e-02	8.736213e+00
3.515000e-05	1.594436e-02	8.947464e+00
3.516000e-05	-6.295376e-02	9.240573e+00
3.517000e-05	9.714591e-03	9.421049e+00
3.518000e-05	-5.010057e-03	9.673672e+00
3.519000e-05	1.234739e-02	9.954754e+00
3.520000e-05	-2.313092e-02	1.016734e+01
3.521000e-05	-1.503925e-02	1.038839e+01
3.522000e-05	5.843216e-03	1.064001e+01
3.523000e-05	-2.594823e-02	1.079702e+01
3.524000e-05	-1.025786e-02	1.102999e+01
3.525000e-05	-2.907746e-02	1.126007e+01
3.526000e-05	9.673277e-03	1.148212e+01
3.527000e-05	-7.373741e-03	1.170258e+01
3.528000e-05	-1.145255e-02	1.185270e+01
3.529000e-05	-3.332605e-02	1.206963e+01
3.530000e-05	-1.023275e-02	1.229297e+01
3.531000e-05	-2.488984e-03	1.246997e+01
3.532000e-05	-4.288531e-03	1.261902e+01
3.533000e-05	-2.020937e-02	1.276791e+01
3.534000e-05	-2.351501e-02	1.295676e+01
3.535000e-05	-1.062528e-02	1.313376e+01
3.536000e-05	-1.477764e-02	1.328118e+01
3.537000e-05	-2.098970e-02	1.342950e+01
3.538000e-05	-2.767014e-02	1.360586e+01
3.539000e-05	-4.235999e-03	1.374431e+01
3.540000e-05	-7.413991e-03	1.388215e+01
3.541000e-05	-1.384873e-02	1.400956e+01
3.542000e-05	-3.604326e-02	1.417683e+01
3.543000e-05	-2.300592e-02	1.437518e+01
3.544000e-05	-1.541398e-02	1.443052e+01
3.545000e-05	-1.305214e-02	1.456631e+01
3.546000e-05	-2.522034e-02	1.465770e+01
3.547000e-05	-2.679675e-02	1.479791e+01
3.548000e-05	-1.430143e-02	1.479857e+01
3.549000e-05	-1.966458e-02	1.494428e+01
3.550000e-05	-2.497410e-02	1.501951e+01
3.551000e-05	-3.568462e-02	1.509273e+01
3.552000e-05	-2.222722e-02	1.517794e+01
3.553000e-05	-1.996489e-02	1.526854e+01
3.554000e-05	-2.352094e-02	1.531420e+01
3.555000e-05	-3.916667e-02	1.542689e+01
3.556000e-05	-3.672801e-02	1.542902e+01
3.557000e-05	-2.569677e-02	1.550262e+01
3.558000e-05	-2.562549e-02	1.551423e+01
3.559000e-05	-3.275912e-02	1.552684e+01
3.560000e-05	-4.000939e-02	1.557791e+01
3.561000e-05	-3.219380e-02	1.558911e+01
3.562000e-05	-3.587147e-02	1.560957e+01
3.563000e-05	-4.496612e-02	1.566017e+01
3.564000e-05	-5.386989e-02	1.567067e+01
3.565000e-05	-4.921847e-02	1.566163e+01
3.566000e-05	-4.287845e-02	1.566120e+01
3.567000e-05	-5.011806e-02	1.564162e+01
3.568000e-05	-6.422690e-02	1.563152e+01
3.569000e-05	-7.467265e-02	1.558949e+01
3.570000e-05	-7.685746e-02	1.561749e+01
3.571000e-05	-9.204079e-02	1.557636e+01
3.572000e-05	-1.184401e-01	1.552476e+01
3.573000e-05	-1.566823e-01	1.551368e+01
3.574000e-05	-2.070949e-01	1.545055e+01
3.575000e-05	-2.491250e-01	1.540594e+01
3.576000e-05	-2.500000e-01	1.534531e+01
3.577000e-05	-2.500000e-01	1.532367e+01
3.578000e-05	-2.500000e-01	1.522047e+01
3.579000e-05	-2.388830e-01	1.512583e+01
3.580000e-05	-1.758011e-01	1.502060e+01
3.581000e-05	-1.210646e-01	1.489681e+01
3.582000e-05	-9.123509e-02	1.485210e+01
3.583000e-05	-6.298607e-02	1.474484e+01
3.584000e-05	-4.795404e-02	1.466018e+01
3.585000e-05	-4.302041e-02	1.454791e+01
3.586000e-05	-4.185794e-02	1.443958e+01
3.587000e-05	-3.467821e-02	1.433481e+01
3.588000e-05	-2.645682e-02	1.415857e+01
3.589000e-05	-2.555869e-02	1.404108e+01
3.590000e-05	-2.850293e-02	1.388576e+01
3.591000e-05	-2.710111e-02	1.381689e+01
3.592000e-05	-2.008870e-02	1.359010e+01
3.593000e-05	-1.826583e-02	1.348171e+01
3.594000e-05	-2.246681e-02	1.330679e+01
3.595000e-05	-2.444465e-02	1.313789e+01
3.596000e-05	-2.074471e-02	1.305900e+01
3.597000e-05	-1.561739e-02	1.285118e+01
3.598000e-05	-1.845689e-02	1.265158e+01
3.599000e-05	-2.089492e-02	1.248373e+01
3.600000e-05	-1.860173e-02	1.231439e+01
3.601000e-05	-1.405529e-02	1.216586e+01
3.602000e-05	-1.322342e-02	1.190504e+01
3.603000e-05	-1.812425e-02	1.173697e+01
3.604000e-05	-1.927931e-02	1.154696e+01
3.605000e-05	-1.524731e-02	1.131626e+01
3.606000e-05	-1.166321e-02	1.109321e+01
3.607000e-05	-1.471736e-02	1.084426e+01
3.608000e-05	-1.608428e-02	1.066329e+01
3.609000e-05	-1.449800e-02	1.049373e+01
3.610000e-05	-1.045143e-02	1.023113e+01
3.611000e-05	-1.157406e-02	1.001010e+01
3.612000e-05	-1.486712e-02	9.807470e+00
3.613000e-05	-1.436786e-02	9.587388e+00
3.614000e-05	-1.118692e-02	9.315835e+00
3.615000e-05	-9.793034e-03	9.114312e+00
3.616000e-05	-1.273645e-02	8.852607e+00
3.617000e-05	-1.377637e-02	8.650501e+00
3.618000e-05	-1.158921e-02	8.359473e+00
3.619000e-05	-7.866069e-03	8.155439e+00
3.620000e-05	-1.029529e-02	7.855782e+00
3.621000e-05	-1.193064e-02	7.602602e+00
3.622000e-05	-1.155456e-02	7.325416e+00
3.623000e-05	-8.557082e-03	7.053258e+00
3.624000e-05	-9.045224e-03	6.823127e+00
3.625000e-05	-1.113755e-02	6.516442e+00
3.626000e-05	-1.187845e-02	6.293729e+00
3.627000e-05	-8.667856e-03	6.001679e+00
3.628000e-05	-7.627917e-03	5.748524e+00
3.629000e-05	-8.727677e-03	5.454284e+00
3.630000e-05	-1.074484e-02	5.149574e+00
3.631000e-05	-9.313099e-03	4.881158e+00
3.632000e-05	-7.166962e-03	4.547420e+00
3.633000e-05	-7.345491e-03	4.284317e+00
3.634000e-05	-9.350201e-03	3.959028e+00
3.635000e-05	-9.267121e-03	3.743867e+00
3.636000e-05	-7.613406e-03	3.412684e+00
3.637000e-05	-6.375021e-03	3.137470e+00
3.638000e-05	-8.732419e-03	2.885208e+00
3.639000e-05	-9.310352e-03	2.611125e+00
3.640000e-05	-7.496779e-03	2.294786e+00
3.641000e-05	-5.009199e-03	2.040054e+00
3.642000e-05	-5.498538e-03	1.727497e+00
3.643000e-05	-8.077302e-03	1.452132e+00
3.644000e-05	-7.341157e-03	1.136469e+00
3.645000e-05	-5.443031e-03	7.690801e-01
3.646000e-05	-4.953700e-03	5.062895e-01
3.647000e-05	-5.531125e-03	1.931827e-01
3.648000e-05	-4.410551e-03	-7.210390e-02
3.649000e-05	8.850247e-03	-3.258869e-01
3.650000e-05	1.292693e-03	-5.904709e-01
3.651000e-05	2.609776e-03	-8.826331e-01
3.652000e-05	-1.992714e-03	-1.165268e+00
3.653000e-05	1.474259e-03	-1.491055e+00
3.654000e-05	1.020535e-03	-1.716163e+00
3.655000e-05	2.252190e-02	-1.955791e+00
3.656000e-05	9.117496e-02	-2.208924e+00
3.657000e-05	5.069660e-02	-2.596792e+00
3.658000e-05	-7.747643e-02	-2.988865e+00
3.659000e-05	-3.932521e-03	-3.335288e+00
3.660000e-05	-4.513187e-02	-3.525341e+00
3.661000e-05	-4.119067e-02	-3.746293e+00
3.662000e-05	-4.513445e-02	-4.010046e+00
3.663000e-05	1.810242e-01	-4.176795e+00
3.664000e-05	-1.543685e-01	-4.481575e+00
3.665000e-05	1.289874e-01	-4.787371e+00
3.666000e-05	5.780704e-03	-5.027945e+00
3.667000e-05	-8.551404e-02	-5.409367e+00
3.668000e-05	1.352952e-01	-5.631105e+00
3.669000e-05	-1.796906e-01	-5.966236e+00
3.670000e-05	1.740957e-01	-6.200472e+00
3.671000e-05	-5.290382e-02	-6.460048e+00
3.672000e-05	1.128063e-02	-6.797846e+00
3.673000e-05	5.852190e-02	-7.030520e+00
3.674000e-05	-1.105516e-01	-7.335309e+00
3.675000e-05	1.322556e-01	-7.567843e+00
3.676000e-05	-1.140024e-01	-7.810926e+00
3.677000e-05	1.160747e-01	-8.144759e+00
3.678000e-05	-2.329535e-02	-8.365291e+00
3.679000e-05	-7.068068e-03	-8.669553e+00
3.680000e-05	7.056832e-02	-8.911653e+00
3.681000e-05	-1.083317e-01	-9.163258e+00
3.682000e-05	1.037375e-01	-9.324760e+00
3.683000e-05	-7.534795e-02	-9.615287e+00
3.684000e-05	1.149376e-01	-9.800393e+00
3.685000e-05	-4.663053e-02	-1.002892e+01
3.686000e-05	3.928802e-02	-1.030358e+01
3.687000e-05	-9.433617e-03	-1.048118e+01
3.688000e-05	-1.064563e-02	-1.074471e+01
3.689000e-05	4.269691e-02	-1.088368e+01
3.690000e-05	-3.560218e-02	-1.112373e+01
3.691000e-05	6.980176e-02	-1.132473e+01
3.692000e-05	-3.472522e-02	-1.158541e+01
3.693000e-05	6.019400e-02	-1.180744e+01
3.694000e-05	-3.943887e-02	-1.195681e+01
3.695000e-05	3.786224e-02	-1.220639e+01
3.696000e-05	-1.060486e-02	-1.235523e+01
3.697000e-05	4.094796e-02	-1.255533e+01
3.698000e-05	7.014222e-03	-1.275168e+01
3.699000e-05	8.743806e-03	-1.291380e+01
3.700000e-05	8.080033e-03	-1.306110e+01
3.701000e-05	5.294807e-03	-1.323755e+01
3.702000e-05	2.235252e-02	-1.334491e+01
3.703000e-05	3.006296e-03	-1.355463e+01
3.704000e-05	3.032465e-02	-1.364057e+01
3.705000e-05	9.651986e-03	-1.378802e+01
3.706000e-05	2.879057e-02	-1.395489e+01
3.707000e-05	-3.566924e-03	-1.411058e+01
3.708000e-05	1.445702e-02	-1.427950e+01
3.709000e-05	5.511185e-03	-1.437423e+01
3.710000e-05	3.058922e-02	-1.447275e+01
3.711000e-05	1.638701e-02	-1.462597e+01
3.712000e-05	2.305067e-02	-1.472271e+01
3.713000e-05	1.133677e-02	-1.477737e+01
3.714000e-05	2.108895e-02	-1.489120e+01
3.715000e-05	1.752013e-02	-1.497784e+01
3.716000e-05	1.644370e-02	-1.508220e+01
3.717000e-05	2.006360e-02	-1.516578e+01
3.718000e-05	2.226126e-02	-1.524904e+01
3.719000e-05	2.806284e-02	-1.529305e+01
3.720000e-05	1.733764e-02	-1.537481e+01
3.721000e-05	1.983930e-02	-1.544799e+01
3.722000e-05	1.945802e-02	-1.544210e+01
3.723000e-05	3.215374e-02	-1.553275e+01
3.724000e-05	2.969513e-02	-1.554486e+01
3.725000e-05	2.978819e-02	-1.558639e+01
3.726000e-05	2.657812e-02	-1.559695e+01
3.727000e-05	3.154616e-02	-1.562097e+01
3.728000e-05	3.193587e-02	-1.564167e+01
3.729000e-05	3.286081e-02	-1.571125e+01
3.730000e-05	3.528989e-02	-1.568308e+01
3.731000e-05	4.369606e-02	-1.566122e+01
3.732000e-05	5.093343e-02	-1.571063e+01
3.733000e-05	5.184347e-02	-1.564163e+01
3.734000e-05	5.286139e-02	-1.564007e+01
3.735000e-05	6.070065e-02	-1.560852e+01
3.736000e-05	7.496464e-02	-1.558696e+01
3.737000e-05	9.106985e-02	-1.556549e+01
3.738000e-05	1.126367e-01	-1.556378e+01
3.739000e-05	1.511439e-01	-1.552218e+01
3.740000e-05	2.139255e-01	-1.540103e+01
3.741000e-05	2.499170e-01	-1.535694e+01
3.742000e-05	2.500000e-01	-1.529535e+01
3.743000e-05	2.500000e-01	-1.523073e+01
3.744000e-05	2.500000e-01	-1.514694e+01
3.745000e-05	2.326575e-01	-1.512378e+01
3.746000e-05	1.583514e-01	-1.501907e+01
3.747000e-05	1.024129e-01	-1.499579e+01
3.748000e-05	7.253207e-02	-1.483962e+01
3.749000e-05	5.560161e-02	-1.474591e+01
3.750000e-05	4.314449e-02	-1.462062e+01
3.751000e-05	3.255099e-02	-1.449526e+01
3.752000e-05	2.624288e-02	-1.440958e+01
3.753000e-05	2.428104e-02	-1.428528e+01
3.754000e-05	2.206403e-02	-1.416699e+01
3.755000e-05	1.695748e-02	-1.401147e+01
3.756000e-05	1.329246e-02	-1.390223e+01
3.757000e-05	1.356190e-02	-1.371437e+01
3.758000e-05	1.424523e-02	-1.360852e+01
3.759000e-05	1.353337e-02	-1.348123e+01
3.760000e-05	9.778014e-03	-1.333333e+01
3.761000e-05	8.921778e-03	-1.314586e+01
3.762000e-05	1.020338e-02	-1.296942e+01
3.763000e-05	9.980635e-03	-1.283860e+01
3.764000e-05	7.551689e-03	-1.270113e+01
3.765000e-05	5.997225e-03	-1.245323e+01
3.766000e-05	6.071538e-03	-1.230426e+01
3.767000e-05	8.113183e-03	-1.211391e+01
3.768000e-05	5.238096e-03	-1.192738e+01
3.769000e-05	2.669181e-03	-1.175381e+01
3.770000e-05	2.260739e-03	-1.146131e+01
3.771000e-05	4.980952e-03	-1.125012e+01
3.772000e-05	5.396498e-03	-1.105012e+01
3.773000e-05	3.422157e-03	-1.082213e+01
3.774000e-05	1.174411e-03	-1.063055e+01
3.775000e-05	2.975041e-03	-1.041058e+01
3.776000e-05	2.733531e-03	-1.018847e+01
3.777000e-05	1.750996e-03	-9.957891e+00
3.778000e-05	-4.990858e-04	-9.697013e+00
3.779000e-05	1.441703e-04	-9.545416e+00
3.780000e-05	7.863212e-04	-9.303182e+00
3.781000e-05	-2.218131e-04	-9.053629e+00
3.782000e-05	-2.029736e-03	-8.811128e+00
3.783000e-05	-2.834781e-03	-8.598448e+00
3.784000e-05	1.791204e-04	-8.316363e+00
3.785000e-05	9.818130e-04	-8.054732e+00
3.786000e-05	-1.512125e-03	-7.841154e+00
3.787000e-05	-3.742878e-03	-7.556916e+00
3.788000e-05	-3.202577e-03	-7.290160e+00
3.789000e-05	-3.242124e-03	-7.040654e+00
3.790000e-05	-3.399366e-03	-6.737389e+00
3.791000e-05	-4.981406e-03	-6.474308e+00
3.792000e-05	-3.500445e-03	-6.229624e+00
3.793000e-05	-2.638201e-03	-5.917441e+00
3.794000e-05	-2.730164e-03	-5.629310e+00
3.795000e-05	-4.736263e-03	-5.398523e+00
3.796000e-05	-6.201214e-03	-5.044284e+00
3.797000e-05	-5.211150e-03	-4.797439e+00
3.798000e-05	-4.130264e-03	-4.473782e+00
3.799000e-05	-6.105752e-03	-4.233257e+00
3.800000e-05	-6.825239e-03	-3.989021e+00
3.801000e-05	-6.860964e-03	-3.663756e+00
3.802000e-05	-5.134693e-03	-3.411604e+00
3.803000e-05	-6.991912e-03	-3.156820e+00
3.804000e-05	-6.285786e-03	-2.791554e+00
3.805000e-05	-7.749998e-03	-2.506445e+00
3.806000e-05	-5.219986e-03	-2.224236e+00
3.807000e-05	-6.616617e-03	-1.938395e+00
3.808000e-05	-7.827090e-03	-1.704689e+00
3.809000e-05	-9.651263e-03	-1.370049e+00
3.810000e-05	-9.237541e-03	-9.936843e-01
3.811000e-05	-8.667790e-03	-7.590762e-01
3.812000e-05	-7.267705e-03	-4.332306e-01
3.813000e-05	-6.664261e-03	-1.781064e-01
3.814000e-05	-1.782503e-03	9.310911e-02
3.815000e-05	8.160402e-03	3.798410e-01
3.816000e-05	-5.590526e-03	6.510539e-01
3.817000e-05	1.603531e-03	9.031077e-01
3.818000e-05	-7.080013e-03	1.241495e+00
3.819000e-05	-3.255733e-04	1.493730e+00
3.820000e-05	-5.401075e-03	1.810474e+00
3.821000e-05	1.410911e-02	2.028998e+00
3.822000e-05	5.335681e-02	2.263125e+00
3.823000e-05	8.335042e-02	2.610445e+00
3.824000e-05	-7.604032e-02	2.957839e+00
3.825000e-05	-3.441637e-02	3.190423e+00
3.826000e-05	-4.467802e-02	3.566761e+00
3.827000e-05	-1.775521e-02	3.767916e+00
3.828000e-05	-7.624235e-02	3.997872e+00
3.829000e-05	9.942168e-03	4.221574e+00
3.830000e-05	1.042039e-01	4.576291e+00
3.831000e-05	-1.136714e-01	4.829573e+00
3.832000e-05	1.309610e-01	5.102079e+00
3.833000e-05	-4.663795e-02	5.440573e+00
3.834000e-05	-5.875599e-02	5.662706e+00
3.835000e-05	4.988804e-02	6.009340e+00
3.836000e-05	-6.004751e-02	6.240999e+00
3.837000e-05	7.642748e-02	6.493127e+00
3.838000e-05	-6.327050e-02	6.818540e+00
3.839000e-05	3.396894e-03	7.022048e+00
3.840000e-05	-8.418602e-03	7.336783e+00
3.841000e-05	-2.059892e-02	7.608969e+00
3.842000e-05	1.434574e-02	7.903226e+00
3.843000e-05	-5.406115e-02	8.186841e+00
3.844000e-05	5.893179e-02	8.420049e+00
3.845000e-05	-2.532912e-02	8.620045e+00
3.846000e-05	-5.037313e-03	8.889100e+00
3.847000e-05	-1.547271e-02	9.133157e+00
3.848000e-05	-5.065828e-02	9.326887e+00
3.849000e-05	3.281931e-02	9.586361e+00
3.850000e-05	-1.870069e-02	9.800524e+00
3.851000e-05	1.723801e-02	1.004152e+01
3.852000e-05	-4.548957e-02	1.028220e+01
3.853000e-05	1.407516e-02	1.049511e+01
3.854000e-05	-1.753704e-02	1.076318e+01
3.855000e-05	-1.713444e-02	1.092426e+01
3.856000e-05	-1.714617e-02	1.116473e+01
3.857000e-05	-1.874682e-02	1.132629e+01
3.858000e-05	1.642860e-02	1.157631e+01
3.859000e-05	-2.271855e-02	1.178749e+01
3.860000e-05	-1.287568e-02	1.197739e+01
3.861000e-05	-3.515580e-02	1.216679e+01
3.862000e-05	4.905483e-03	1.238526e+01
3.863000e-05	-6.864619e-03	1.254631e+01
3.864000e-05	-1.039501e-02	1.270316e+01
3.865000e-05	-2.405561e-02	1.289315e+01
3.866000e-05	-1.799954e-02	1.311000e+01
3.867000e-05	-6.518596e-03	1.322744e+01
3.868000e-05	-2.332743e-02	1.335946e+01
3.869000e-05	-2.245944e-02	1.346373e+01
3.870000e-05	-2.117713e-02	1.364105e+01
3.871000e-05	2.103225e-04	1.380949e+01
3.872000e-05	-1.160065e-02	1.393526e+01
3.873000e-05	-2.536745e-02	1.410273e+01
3.874000e-05	-3.046861e-02	1.427010e+01
3.875000e-05	-1.838336e-02	1.439687e+01
3.876000e-05	-9.654969e-03	1.451318e+01
3.877000e-05	-2.249885e-02	1.460890e+01
3.878000e-05	-2.663311e-02	1.472326e+01
3.879000e-05	-2.402371e-02	1.478947e+01
3.880000e-05	-1.409189e-02	1.489318e+01
3.881000e-05	-2.242071e-02	1.495689e+01
3.882000e-05	-3.072080e-02	1.510050e+01
3.883000e-05	-2.740849e-02	1.514473e+01
3.884000e-05	-1.857369e-02	1.520791e+01
3.885000e-05	-1.801504e-02	1.525315e+01
3.886000e-05	-3.421527e-02	1.534479e+01
3.887000e-05	-3.835395e-02	1.542847e+01
3.888000e-05	-3.372036e-02	1.548007e+01
3.889000e-05	-2.413234e-02	1.552120e+01
3.890000e-05	-3.156917e-02	1.555638e+01
3.891000e-05	-3.755677e-02	1.559741e+01
3.892000e-05	-3.662292e-02	1.560791e+01
3.893000e-05	-3.258592e-02	1.563900e+01
3.894000e-05	-3.669681e-02	1.561112e+01
3.895000e-05	-5.058396e-02	1.566007e+01
3.896000e-05	-5.069680e-02	1.567170e+01
3.897000e-05	-4.734358e-02	1.569110e+01
3.898000e-05	-4.538991e-02	1.565959e+01
3.899000e-05	-6.082748e-02	1.566059e+01
3.900000e-05	-7.029651e-02	1.562957e+01
3.901000e-05	-7.553527e-02	1.559857e+01
3.902000e-05	-8.230407e-02	1.558681e+01
3.903000e-05	-1.018899e-01	1.555581e+01
3.904000e-05	-1.381764e-01	1.551668e+01
3.905000e-05	-1.804933e-01	1.545115e+01
3.906000e-05	-2.363964e-01	1.543897e+01
3.907000e-05	-2.500000e-01	1.537736e+01
3.908000e-05	-2.500000e-01	1.530425e+01
3.909000e-05	-2.500000e-01	1.524862e+01
3.910000e-05	-2.485399e-01	1.515544e+01
3.911000e-05	-2.106145e-01	1.509273e+01
3.912000e-05	-1.415447e-01	1.494692e+01
3.913000e-05	-1.050524e-01	1.488223e+01
3.914000e-05	-7.586491e-02	1.480854e+01
3.915000e-05	-5.472053e-02	1.469323e+01
3.916000e-05	-4.279136e-02	1.460702e+01
3.917000e-05	-4.261076e-02	1.448523e+01
3.918000e-05	-3.734806e-02	1.437855e+01
3.919000e-05	-2.912835e-02	1.426198e+01
3.920000e-05	-2.391103e-02	1.410438e+01
3.921000e-05	-2.760422e-02	1.400751e+01
3.922000e-05	-2.986662e-02	1.386055e+01
3.923000e-05	-2.481258e-02	1.374323e+01
3.924000e-05	-2.026490e-02	1.350484e+01
3.925000e-05	-1.945758e-02	1.335894e+01
3.926000e-05	-2.273413e-02	1.324073e+01
3.927000e-05	-2.125472e-02	1.309278e+01
3.928000e-05	-1.638287e-02	1.290631e+01
3.929000e-05	-1.538426e-02	1.275689e+01
3.930000e-05	-1.985762e-02	1.256947e+01
3.931000e-05	-2.229142e-02	1.237005e+01
3.932000e-05	-1.714257e-02	1.224962e+01
3.933000e-05	-1.401386e-02	1.200115e+01
3.934000e-05	-1.510790e-02	1.181157e+01
3.935000e-05	-1.862595e-02	1.165108e+01
3.936000e-05	-1.587411e-02	1.143017e+01
3.937000e-05	-1.171133e-02	1.116902e+01
3.938000e-05	-1.235544e-02	1.099052e+01
3.939000e-05	-1.681440e-02	1.075897e+01
3.940000e-05	-1.744849e-02	1.057794e+01
3.941000e-05	-1.339469e-02	1.035829e+01
3.942000e-05	-1.123806e-02	1.011487e+01
3.943000e-05	-1.227369e-02	9.915789e+00
3.944000e-05	-1.514161e-02	9.662657e+00
3.945000e-05	-1.167262e-02	9.411577e+00
3.946000e-05	-9.368400e-03	9.171003e+00
3.947000e-05	-1.136047e-02	9.008517e+00
3.948000e-05	-1.381971e-02	8.724840e+00
3.949000e-05	-1.418925e-02	8.505336e+00
3.950000e-05	-9.528475e-03	8.252156e+00
3.951000e-05	-9.203343e-03	7.999447e+00
3.952000e-05	-1.130875e-02	7.718364e+00
3.953000e-05	-1.279014e-02	7.472206e+00
3.954000e-05	-9.741238e-03	7.149498e+00
3.955000e-05	-7.415478e-03	6.977867e+00
3.956000e-05	-9.873206e-03	6.673832e+00
3.957000e-05	-1.187413e-02	6.380046e+00
3.958000e-05	-1.101260e-02	6.135897e+00
3.959000e-05	-7.844391e-03	5.864263e+00
3.960000e-05	-8.109321e-03	5.600477e+00
3.961000e-05	-1.050154e-02	5.305864e+00
3.962000e-05	-1.105495e-02	4.989550e+00
3.963000e-05	-7.360515e-03	4.673787e+00
3.964000e-05	-6.458491e-03	4.472604e+00
3.965000e-05	-9.026664e-03	4.136390e+00
3.966000e-05	-9.930758e-03	3.832163e+00
3.967000e-05	-8.824738e-03	3.590001e+00
3.968000e-05	-6.698923e-03	3.296735e+00
3.969000e-05	-7.190541e-03	3.042555e+00
3.970000e-05	-9.240043e-03	2.787921e+00
3.971000e-05	-9.086897e-03	2.461179e+00
3.972000e-05	-6.002569e-03	2.137995e+00
3.973000e-05	-5.089465e-03	1.884787e+00
3.974000e-05	-7.367442e-03	1.570448e+00
3.975000e-05	-7.916275e-03	1.265208e+00
3.976000e-05	-5.384480e-03	9.378475e-01
3.977000e-05	-4.020190e-03	6.321318e-01
3.978000e-05	-5.157340e-03	3.609724e-01
3.979000e-05	-5.253363e-03	9.366319e-02
3.980000e-05	3.026995e-04	-2.094473e-01
3.981000e-05	9.693312e-03	-4.634802e-01
3.982000e-05	-3.230062e-03	-7.864710e-01
3.983000e-05	4.018596e-03	-1.021420e+00
3.984000e-05	-3.955125e-03	-1.304637e+00
3.985000e-05	3.694403e-03	-1.610919e+00
3.986000e-05	6.800091e-03	-1.880049e+00
3.987000e-05	4.945387e-02	-2.063128e+00
3.988000e-05	1.172152e-01	-2.378396e+00
3.989000e-05	-6.029354e-02	-2.776392e+00
3.990000e-05	-2.035779e-02	-3.188344e+00
3.991000e-05	-3.830939e-02	-3.462528e+00
3.992000e-05	-2.185247e-02	-3.651503e+00
3.993000e-05	-9.268905e-02	-3.945734e+00
3.994000e-05	1.182804e-01	-4.063257e+00
3.995000e-05	1.713888e-02	-4.334133e+00
3.996000e-05	-6.960660e-02	-4.683148e+00
3.997000e-05	1.859815e-01	-4.885208e+00
3.998000e-05	-1.830814e-01	-5.258440e+00
3.999000e-05	1.339786e-01	-5.555940e+00
4.000000e-05	-7.917440e-02	-5.796916e+00
4.001000e-05	-1.154075e-02	-6.103732e+00
4.002000e-05	1.273382e-01	-6.354786e+00
4.003000e-05	-1.251153e-01	-6.619025e+00
4.004000e-05	1.397331e-01	-6.893734e+00
4.005000e-05	-1.128672e-01	-7.237391e+00
4.006000e-05	5.925618e-02	-7.502131e+00
4.007000e-05	7.891187e-03	-7.714730e+00
4.008000e-05	-4.142677e-02	-8.029971e+00
4.009000e-05	1.271317e-01	-8.229573e+00
4.010000e-05	-1.143264e-01	-8.502202e+00
4.011000e-05	1.269312e-01	-8.755365e+00
4.012000e-05	-9.130348e-02	-9.010522e+00
4.013000e-05	3.648326e-02	-9.250474e+00
4.014000e-05	5.152328e-03	-9.449478e+00
4.015000e-05	4.416000e-03	-9.684708e+00
4.016000e-05	7.611498e-02	-9.944228e+00
4.017000e-05	-6.289328e-02	-1.014594e+01
4.018000e-05	7.964777e-02	-1.037787e+01
4.019000e-05	-7.699079e-02	-1.060802e+01
4.020000e-05	7.950073e-02	-1.080897e+01
4.021000e-05	-4.470656e-02	-1.104894e+01
4.022000e-05	5.328327e-02	-1.122002e+01
4.023000e-05	-4.852377e-03	-1.143907e+01
4.024000e-05	2.173400e-02	-1.169213e+01
4.025000e-05	1.227764e-02	-1.189205e+01
4.026000e-05	-1.266204e-02	-1.209360e+01
4.027000e-05	2.913855e-02	-1.225200e+01
4.028000e-05	-3.415742e-03	-1.246110e+01
4.029000e-05	4.906488e-02	-1.265050e+01
4.030000e-05	-1.363207e-02	-1.278737e+01
4.031000e-05	2.807931e-02	-1.302691e+01
4.032000e-05	-1.277447e-02	-1.309376e+01
4.033000e-05	3.016410e-02	-1.328278e+01
4.034000e-05	-1.104705e-03	-1.345952e+01
4.035000e-05	2.651300e-02	-1.357786e+01
4.036000e-05	1.200938e-02	-1.373484e+01
4.037000e-05	2.624528e-02	-1.395218e+01
4.038000e-05	1.056480e-02	-1.402952e+01
4.039000e-05	8.174472e-03	-1.420684e+01
4.040000e-05	7.712916e-03	-1.430360e+01
4.041000e-05	1.853452e-02	-1.442952e+01
4.042000e-05	2.426500e-02	-1.455584e+01
4.043000e-05	1.741940e-02	-1.467060e+01
4.044000e-05	1.900590e-02	-1.475586e+01
4.045000e-05	1.158285e-02	-1.485960e+01
4.046000e-05	2.461536e-02	-1.495383e+01
4.047000e-05	1.428037e-02	-1.505952e+01
4.048000e-05	2.322562e-02	-1.515373e+01
4.049000e-05	1.651284e-02	-1.519741e+01
4.050000e-05	2.873161e-02	-1.526020e+01
4.051000e-05	1.944767e-02	-1.531431e+01
4.052000e-05	2.015095e-02	-1.536791e+01
4.053000e-05	1.706665e-02	-1.546003e+01
4.054000e-05	2.770004e-02	-1.550125e+01
4.055000e-05	3.126938e-02	-1.554531e+01
4.056000e-05	2.991960e-02	-1.558749e+01
4.057000e-05	2.828602e-02	-1.559899e+01
4.058000e-05	2.794731e-02	-1.561852e+01
4.059000e-05	3.398035e-02	-1.564163e+01
4.060000e-05	3.195550e-02	-1.569210e+01
4.061000e-05	3.357505e-02	-1.568225e+01
4.062000e-05	3.779383e-02	-1.567210e+01
4.063000e-05	4.751763e-02	-1.566222e+01
4.064000e-05	5.214265e-02	-1.569062e+01
4.065000e-05	5.285991e-02	-1.562113e+01
4.066000e-05	5.599398e-02	-1.564152e+01
4.067000e-05	6.787789e-02	-1.558807e+01
4.068000e-05	8.348657e-02	-1.558694e+01
4.069000e-05	1.024156e-01	-1.552531e+01
4.070000e-05	1.298608e-01	-1.552381e+01
4.071000e-05	1.813402e-01	-1.548073e+01
4.072000e-05	2.427888e-01	-1.539792e+01
4.073000e-05	2.500000e-01	-1.534731e+01
4.074000e-05	2.500000e-01	-1.528171e+01
4.075000e-05	2.500000e-01	-1.522889e+01
4.076000e-05	2.466037e-01	-1.517476e+01
4.077000e-05	1.974449e-01	-1.505957e+01
4.078000e-05	1.257535e-01	-1.501539e+01
4.079000e-05	8.305699e-02	-1.489173e+01
4.080000e-05	6.085404e-02	-1.476800e+01
4.081000e-05	4.787343e-02	-1.474333e+01
4.082000e-05	3.686815e-02	-1.457899e+01
4.083000e-05	2.765434e-02	-1.448078e+01
4.084000e-05	2.430249e-02	-1.433839e+01
4.085000e-05	2.186595e-02	-1.425708e+01
4.086000e-05	1.942048e-02	-1.413431e+01
4.087000e-05	1.554819e-02	-1.397594e+01
4.088000e-05	1.321971e-02	-1.382997e+01
4.089000e-05	1.422065e-02	-1.365170e+01
4.090000e-05	1.456832e-02	-1.354378e+01
4.091000e-05	1.191390e-02	-1.338742e+01
4.092000e-05	9.043128e-03	-1.321855e+01
4.093000e-05	8.721289e-03	-1.309110e+01
4.094000e-05	9.818570e-03	-1.286328e+01
4.095000e-05	9.664202e-03	-1.273544e+01
4.096000e-05	6.976989e-03	-1.259689e+01
4.097000e-05	6.491447e-03	-1.235854e+01
4.098000e-05	7.507657e-03	-1.218952e+01
4.099000e-05	7.503001e-03	-1.203055e+01
4.100000e-05	3.361136e-03	-1.184903e+01
4.101000e-05	2.358124e-03	-1.157752e+01
4.102000e-05	3.513807e-03	-1.136734e+01
4.103000e-05	4.997069e-03	-1.114636e+01
4.104000e-05	3.839353e-03	-1.092431e+01
4.105000e-05	2.635677e-03	-1.072639e+01
4.106000e-05	1.498349e-03	-1.050379e+01
4.107000e-05	2.981449e-03	-1.029526e+01
4.108000e-05	2.296266e-03	-1.008168e+01
4.109000e-05	8.272512e-04	-9.861679e+00
4.110000e-05	-1.098812e-03	-9.622154e+00
4.111000e-05	3.864281e-04	-9.409573e+00
4.112000e-05	1.531591e-03	-9.157895e+00
4.113000e-05	-1.683679e-04	-8.957341e+00
4.114000e-05	-1.660941e-03	-8.724337e+00
4.115000e-05	-1.286422e-03	-8.451656e+00
4.116000e-05	3.552650e-05	-8.178578e+00
4.117000e-05	-7.413020e-04	-7.928992e+00
4.118000e-05	-2.325084e-03	-7.673234e+00
4.119000e-05	-3.839272e-03	-7.410078e+00
4.120000e-05	-3.196281e-03	-7.177495e+00
4.121000e-05	-2.524665e-03	-6.842207e+00
4.122000e-05	-3.134088e-03	-6.600077e+00
4.123000e-05	-4.123012e-03	-6.357419e+00
4.124000e-05	-2.955038e-03	-6.084258e+00
4.125000e-05	-4.002707e-03	-5.829624e+00
4.126000e-05	-2.373454e-03	-5.517841e+00
4.127000e-05	-5.960550e-03	-5.210051e+00
4.128000e-05	-5.643391e-03	-4.913837e+00
4.129000e-05	-5.107336e-03	-4.599023e+00
4.130000e-05	-4.444751e-03	-4.367974e+00
4.131000e-05	-5.589210e-03	-4.095362e+00
4.132000e-05	-7.336799e-03	-3.840629e+00
4.133000e-05	-5.581255e-03	-3.516371e+00
4.134000e-05	-6.718085e-03	-3.304312e+00
4.135000e-05	-5.838914e-03	-3.008394e+00
4.136000e-05	-7.629724e-03	-2.694234e+00
4.137000e-05	-6.290526e-03	-2.410630e+00
4.138000e-05	-6.238618e-03	-2.102789e+00
4.139000e-05	-7.438751e-03	-1.781632e+00
4.140000e-05	-9.236048e-03	-1.526845e+00
4.141000e-05	-1.022117e-02	-1.149102e+00
4.142000e-05	-6.412609e-03	-8.958661e-01
4.143000e-05	-6.371269e-03	-6.005764e-01
4.144000e-05	-6.692595e-03	-3.358660e-01
4.145000e-05	-5.542637e-03	-8.210820e-02
4.146000e-05	3.779246e-03	2.529988e-01
4.147000e-05	-2.681560e-03	5.041892e-01
4.148000e-05	-3.017274e-03	7.783382e-01
4.149000e-05	-3.333042e-03	1.074055e+00
4.150000e-05	-1.124278e-03	1.346363e+00
4.151000e-05	-7.576353e-05	1.653153e+00
4.152000e-05	4.893413e-03	1.914759e+00
4.153000e-05	2.529168e-02	2.146314e+00
4.154000e-05	9.182231e-02	2.451946e+00
4.155000e-05	-9.511686e-03	2.841420e+00
4.156000e-05	-7.015679e-02	3.094732e+00
4.157000e-05	-3.415943e-02	3.378941e+00
4.158000e-05	-2.860797e-02	3.664155e+00
4.159000e-05	-4.448754e-02	3.904158e+00
4.160000e-05	-5.634312e-02	4.086086e+00
4.161000e-05	9.847042e-02	4.427895e+00
4.162000e-05	-1.701890e-02	4.704657e+00
4.163000e-05	-2.837389e-02	4.903790e+00
4.164000e-05	1.243201e-01	5.303081e+00
4.165000e-05	-1.524681e-01	5.546316e+00
4.166000e-05	6.583006e-02	5.880495e+00
4.167000e-05	-4.565271e-02	6.104809e+00
4.168000e-05	2.564696e-02	6.385896e+00
4.169000e-05	2.281106e-02	6.621525e+00
4.170000e-05	-6.965263e-02	6.936358e+00
4.171000e-05	4.505687e-02	7.217015e+00
4.172000e-05	-6.148247e-02	7.523603e+00
4.173000e-05	4.124610e-02	7.786391e+00
4.174000e-05	-6.022528e-02	8.041577e+00
4.175000e-05	2.322304e-02	8.313235e+00
4.176000e-05	2.394507e-02	8.555836e+00
4.177000e-05	-3.510964e-02	8.745809e+00
4.178000e-05	1.673519e-02	8.989416e+00
4.179000e-05	-6.367385e-02	9.230575e+00
4.180000e-05	1.725802e-02	9.463577e+00
4.181000e-05	-7.611501e-03	9.702232e+00
4.182000e-05	1.460055e-02	9.964636e+00
4.183000e-05	-2.957472e-02	1.016641e+01
4.184000e-05	-1.213425e-02	1.040789e+01
4.185000e-05	3.217162e-03	1.061847e+01
4.186000e-05	-2.501436e-02	1.081102e+01
4.187000e-05	-9.874989e-03	1.102102e+01
4.188000e-05	-2.792408e-02	1.124162e+01
4.189000e-05	1.377045e-02	1.148210e+01
4.190000e-05	-9.756697e-03	1.170358e+01
4.191000e-05	-1.065727e-02	1.183218e+01
4.192000e-05	-3.626225e-02	1.208110e+01
4.193000e-05	-7.143310e-03	1.229165e+01
4.194000e-05	-4.338992e-03	1.244205e+01
4.195000e-05	-4.176381e-03	1.260007e+01
4.196000e-05	-2.248954e-02	1.280837e+01
4.197000e-05	-2.154907e-02	1.293733e+01
4.198000e-05	-7.778123e-03	1.316468e+01
4.199000e-05	-1.530789e-02	1.329271e+01
4.200000e-05	-2.082535e-02	1.342055e+01
4.201000e-05	-2.892051e-02	1.356796e+01
4.202000e-05	-2.670194e-03	1.374534e+01
4.203000e-05	-9.245653e-03	1.392115e+01
4.204000e-05	-1.451126e-02	1.400992e+01
4.205000e-05	-3.644557e-02	1.419788e+01
4.206000e-05	-2.059314e-02	1.432581e+01
4.207000e-05	-1.319615e-02	1.445200e+01
4.208000e-05	-1.239763e-02	1.456636e+01
4.209000e-05	-2.587144e-02	1.467018e+01
4.210000e-05	-2.692953e-02	1.477641e+01
4.211000e-05	-1.400376e-02	1.487163e+01
4.212000e-05	-2.205566e-02	1.492431e+01
4.213000e-05	-2.540942e-02	1.505749e+01
4.214000e-05	-3.588284e-02	1.510171e+01
4.215000e-05	-2.192342e-02	1.515689e+01
4.216000e-05	-1.813705e-02	1.524210e+01
4.217000e-05	-2.487848e-02	1.532473e+01
4.218000e-05	-3.665527e-02	1.537732e+01
4.219000e-05	-3.521537e-02	1.543857e+01
4.220000e-05	-2.428420e-02	1.548265e+01
4.221000e-05	-2.750009e-02	1.552470e+01
4.222000e-05	-3.782555e-02	1.557486e+01
4.223000e-05	-4.313480e-02	1.556739e+01
4.224000e-05	-3.349963e-02	1.561854e+01
4.225000e-05	-3.410772e-02	1.564852e+01
4.226000e-05	-4.246357e-02	1.566159e+01
4.227000e-05	-5.209183e-02	1.567975e+01
4.228000e-05	-4.669020e-02	1.565318e+01
4.229000e-05	-4.306763e-02	1.565067e+01
4.230000e-05	-5.334178e-02	1.562912e+01
4.231000e-05	-6.873799e-02	1.563962e+01
4.232000e-05	-7.718283e-02	1.561907e+01
4.233000e-05	-7.697632e-02	1.558699e+01
4.234000e-05	-9.127239e-02	1.554736e+01
4.235000e-05	-1.188733e-01	1.555628e+01
4.236000e-05	-1.590913e-01	1.547520e+01
4.237000e-05	-2.095579e-01	1.547955e+01
4.238000e-05	-2.498821e-01	1.538549e+01
4.239000e-05	-2.500000e-01	1.532483e+01
4.240000e-05	-2.500000e-01	1.527310e+01
4.241000e-05	-2.500000e-01	1.520949e+01
4.242000e-05	-2.381179e-01	1.510328e+01
4.243000e-05	-1.703689e-01	1.502962e+01
4.244000e-05	-1.195709e-01	1.488284e+01
4.245000e-05	-8.927296e-02	1.485965e+01
4.246000e-05	-6.155386e-02	1.475641e+01
4.247000e-05	-4.717485e-02	1.465815e+01
4.248000e-05	-4.172298e-02	1.453638e+01
4.249000e-05	-4.243773e-02	1.441850e+01
4.250000e-05	-3.440769e-02	1.429431e+01
4.251000e-05	-2.652305e-02	1.413794e+01
4.252000e-05	-2.553696e-02	1.402875e+01
4.253000e-05	-2.918916e-02	1.392431e+01
4.254000e-05	-2.738743e-02	1.376597e+01
4.255000e-05	-2.086907e-02	1.360007e+01
4.256000e-05	-1.801650e-02	1.346218e+01
4.257000e-05	-2.177624e-02	1.331436e+01
4.258000e-05	-2.324147e-02	1.314639e+01
4.259000e-05	-1.953022e-02	1.301897e+01
4.260000e-05	-1.446932e-02	1.281010e+01
4.261000e-05	-1.794320e-02	1.266160e+01
4.262000e-05	-2.193905e-02	1.248178e+01
4.263000e-05	-2.047565e-02	1.231339e+01
4.264000e-05	-1.443924e-02	1.210441e+01
4.265000e-05	-1.326745e-02	1.190484e+01
4.266000e-05	-1.794295e-02	1.170441e+01
4.267000e-05	-1.837191e-02	1.153583e+01
4.268000e-05	-1.386313e-02	1.128435e+01
4.269000e-05	-1.031444e-02	1.107218e+01
4.270000e-05	-1.449531e-02	1.086271e+01
4.271000e-05	-1.854449e-02	1.067223e+01
4.272000e-05	-1.545157e-02	1.050423e+01
4.273000e-05	-1.084462e-02	1.025160e+01
4.274000e-05	-1.136947e-02	9.992104e+00
4.275000e-05	-1.471066e-02	9.826993e+00
4.276000e-05	-1.415031e-02	9.525364e+00
4.277000e-05	-1.007659e-02	9.285364e+00
4.278000e-05	-8.951432e-03	9.094808e+00
4.279000e-05	-1.345588e-02	8.822173e+00
4.280000e-05	-1.478871e-02	8.618525e+00
4.281000e-05	-1.166093e-02	8.360495e+00
4.282000e-05	-8.777576e-03	8.166867e+00
4.283000e-05	-9.809583e-03	7.842807e+00
4.284000e-05	-1.334359e-02	7.590469e+00
4.285000e-05	-1.142078e-02	7.303813e+00
4.286000e-05	-7.748955e-03	7.051656e+00
4.287000e-05	-8.100376e-03	6.781052e+00
4.288000e-05	-1.133917e-02	6.535387e+00
4.289000e-05	-1.204047e-02	6.252681e+00
4.290000e-05	-9.012347e-03	6.002130e+00
4.291000e-05	-8.375694e-03	5.746342e+00
4.292000e-05	-9.656538e-03	5.493683e+00
4.293000e-05	-1.276341e-02	5.169469e+00
4.294000e-05	-9.456677e-03	4.832078e+00
4.295000e-05	-5.977872e-03	4.557871e+00
4.296000e-05	-5.829753e-03	4.243283e+00
4.297000e-05	-8.565235e-03	3.957547e+00
4.298000e-05	-8.864141e-03	3.694290e+00
4.299000e-05	-7.442117e-03	3.422704e+00
4.300000e-05	-6.687766e-03	3.127418e+00
4.301000e-05	-9.919824e-03	2.834233e+00
4.302000e-05	-1.127962e-02	2.579553e+00
4.303000e-05	-7.624393e-03	2.254283e+00
4.304000e-05	-4.649255e-03	2.011130e+00
4.305000e-05	-4.125323e-03	1.696342e+00
4.306000e-05	-7.025455e-03	1.420578e+00
4.307000e-05	-6.924381e-03	1.097312e+00
4.308000e-05	-4.966871e-03	7.494711e-01
4.309000e-05	-4.896041e-03	4.858133e-01
4.310000e-05	-6.148618e-03	1.810267e-01
4.311000e-05	-5.139670e-03	-7.258547e-02
4.312000e-05	8.551818e-03	-3.262632e-01
4.313000e-05	1.900607e-03	-6.400225e-01
4.314000e-05	4.315955e-03	-9.042855e-01
4.315000e-05	-2.438146e-03	-1.187870e+00
4.316000e-05	1.981019e-03	-1.525103e+00
4.317000e-05	1.163390e-03	-1.725736e+00
4.318000e-05	2.520079e-02	-1.987891e+00
4.319000e-05	9.640764e-02	-2.260572e+00
4.320000e-05	3.821728e-02	-2.588417e+00
4.321000e-05	-7.330261e-02	-2.997418e+00
4.322000e-05	-5.167531e-03	-3.346866e+00
4.323000e-05	-4.254125e-02	-3.545690e+00
4.324000e-05	-4.726440e-02	-3.757517e+00
4.325000e-05	-3.077458e-02	-4.011501e+00
4.326000e-05	1.770557e-01	-4.166395e+00
4.327000e-05	-1.636928e-01	-4.482155e+00
4.328000e-05	1.529957e-01	-4.848467e+00
4.329000e-05	-2.027325e-02	-5.041403e+00
4.330000e-05	-6.397609e-02	-5.450998e+00
4.331000e-05	1.193019e-01	-5.671554e+00
4.332000e-05	-1.756122e-01	-5.945288e+00
4.333000e-05	1.850151e-01	-6.211043e+00
4.334000e-05	-7.415607e-02	-6.521600e+00
4.335000e-05	3.276806e-02	-6.827396e+00
4.336000e-05	3.991095e-02	-7.061548e+00
4.337000e-05	-9.938395e-02	-7.397311e+00
4.338000e-05	1.294837e-01	-7.608471e+00
4.339000e-05	-1.189353e-01	-7.931078e+00
4.340000e-05	1.297106e-01	-8.187341e+00
4.341000e-05	-4.288294e-02	-8.396866e+00
4.342000e-05	1.017808e-02	-8.692577e+00
4.343000e-05	5.463474e-02	-8.903653e+00
4.344000e-05	-9.824680e-02	-9.133738e+00
4.345000e-05	1.023300e-01	-9.344363e+00
4.346000e-05	-7.731632e-02	-9.597920e+00
4.347000e-05	1.215913e-01	-9.829521e+00
4.348000e-05	-5.836331e-02	-1.005855e+01
4.349000e-05	5.052863e-02	-1.034260e+01
4.350000e-05	-2.308724e-02	-1.055273e+01
4.351000e-05	2.636282e-03	-1.077571e+01
4.352000e-05	3.495978e-02	-1.090328e+01
4.353000e-05	-2.775172e-02	-1.112476e+01
4.354000e-05	6.400100e-02	-1.136484e+01
4.355000e-05	-3.326740e-02	-1.162684e+01
4.356000e-05	5.974380e-02	-1.180737e+01
4.357000e-05	-4.065015e-02	-1.198796e+01
4.358000e-05	4.167524e-02	-1.217794e+01
4.359000e-05	-1.460184e-02	-1.238534e+01
4.360000e-05	4.521978e-02	-1.254536e+01
4.361000e-05	2.669418e-03	-1.272373e+01
4.362000e-05	1.298959e-02	-1.289375e+01
4.363000e-05	3.968973e-03	-1.307010e+01
4.364000e-05	8.076794e-03	-1.325037e+01
4.365000e-05	1.987713e-02	-1.342791e+01
4.366000e-05	6.000200e-03	-1.358523e+01
4.367000e-05	2.889459e-02	-1.368215e+01
4.368000e-05	1.029797e-02	-1.382810e+01
4.369000e-05	2.769821e-02	-1.397576e+01
4.370000e-05	-2.146180e-03	-1.413470e+01
4.371000e-05	1.528683e-02	-1.427150e+01
4.372000e-05	5.371605e-03	-1.438586e+01
4.373000e-05	2.994191e-02	-1.446170e+01
4.374000e-05	1.522124e-02	-1.464847e+01
4.375000e-05	2.352577e-02	-1.472323e+01
4.376000e-05	1.086417e-02	-1.478889e+01
4.377000e-05	2.192890e-02	-1.491380e+01
4.378000e-05	1.741596e-02	-1.501741e+01
4.379000e-05	1.885316e-02	-1.510318e+01
4.380000e-05	1.946656e-02	-1.517584e+01
4.381000e-05	2.281469e-02	-1.524904e+01
4.382000e-05	2.548435e-02	-1.525123e+01
4.383000e-05	1.804022e-02	-1.534784e+01
4.384000e-05	2.022964e-02	-1.538949e+01
4.385000e-05	2.056358e-02	-1.549012e+01
4.386000e-05	3.168363e-02	-1.554328e+01
4.387000e-05	2.919810e-02	-1.557686e+01
4.388000e-05	3.016441e-02	-1.559791e+01
4.389000e-05	2.715315e-02	-1.559952e+01
4.390000e-05	3.156739e-02	-1.561052e+01
4.391000e-05	3.258233e-02	-1.567217e+01
4.392000e-05	3.352253e-02	-1.567013e+01
4.393000e-05	3.593212e-02	-1.568270e+01
4.394000e-05	4.359137e-02	-1.567323e+01
4.395000e-05	5.035378e-02	-1.566167e+01
4.396000e-05	5.261952e-02	-1.564218e+01
4.397000e-05	5.311590e-02	-1.569117e+01
4.398000e-05	6.154592e-02	-1.560002e+01
4.399000e-05	7.542481e-02	-1.559899e+01
4.400000e-05	9.315435e-02	-1.557591e+01
4.401000e-05	1.155218e-01	-1.552329e+01
4.402000e-05	1.548134e-01	-1.545070e+01
4.403000e-05	2.173774e-01	-1.541147e+01
4.404000e-05	2.499380e-01	-1.535741e+01
4.405000e-05	2.500000e-01	-1.530529e+01
4.406000e-05	2.500000e-01	-1.523070e+01
4.407000e-05	2.500000e-01	-1.516646e+01
4.408000e-05	2.300457e-01	-1.509320e+01
4.409000e-05	1.555416e-01	-1.503855e+01
4.410000e-05	9.971309e-02	-1.492378e+01
4.411000e-05	7.167124e-02	-1.486057e+01
4.412000e-05	5.353671e-02	-1.475644e+01
4.413000e-05	4.238310e-02	-1.467107e+01
4.414000e-05	3.225143e-02	-1.449488e+01
4.415000e-05	2.604348e-02	-1.444012e+01
4.416000e-05	2.262898e-02	-1.429470e+01
4.417000e-05	2.065214e-02	-1.419694e+01
4.418000e-05	1.713271e-02	-1.396812e+01
4.419000e-05	1.330391e-02	-1.391318e+01
4.420000e-05	1.406585e-02	-1.370694e+01
4.421000e-05	1.453777e-02	-1.360895e+01
4.422000e-05	1.327645e-02	-1.343068e+01
4.423000e-05	9.706916e-03	-1.327280e+01
4.424000e-05	8.876175e-03	-1.313443e+01
4.425000e-05	9.097093e-03	-1.298737e+01
4.426000e-05	1.008453e-02	-1.279915e+01
4.427000e-05	7.779295e-03	-1.270168e+01
4.428000e-05	6.024696e-03	-1.248318e+01
4.429000e-05	6.651246e-03	-1.227321e+01
4.430000e-05	7.352356e-03	-1.209376e+01
4.431000e-05	4.434171e-03	-1.191473e+01
4.432000e-05	2.908909e-03	-1.172381e+01
4.433000e-05	3.343832e-03	-1.146228e+01
4.434000e-05	5.173066e-03	-1.124917e+01
4.435000e-05	4.385265e-03	-1.102067e+01
4.436000e-05	2.727480e-03	-1.081060e+01
4.437000e-05	2.282109e-03	-1.064113e+01
4.438000e-05	2.678814e-03	-1.040957e+01
4.439000e-05	2.880341e-03	-1.020897e+01
4.440000e-05	9.750100e-04	-9.927341e+00
4.441000e-05	4.924258e-04	-9.726490e+00
4.442000e-05	4.623675e-05	-9.523815e+00
4.443000e-05	1.609859e-03	-9.262679e+00
4.444000e-05	-2.406611e-04	-9.031156e+00
4.445000e-05	-1.344401e-03	-8.822627e+00
4.446000e-05	-2.497917e-03	-8.607015e+00
4.447000e-05	-7.818329e-04	-8.325310e+00
4.448000e-05	-3.858895e-04	-8.043761e+00
4.449000e-05	-1.397647e-03	-7.781022e+00
4.450000e-05	-3.325218e-03	-7.495914e+00
4.451000e-05	-2.101081e-03	-7.253281e+00
4.452000e-05	-2.666652e-03	-6.990494e+00
4.453000e-05	-2.870282e-03	-6.706840e+00
4.454000e-05	-5.226353e-03	-6.454756e+00
4.455000e-05	-3.363440e-03	-6.219624e+00
4.456000e-05	-4.040966e-03	-5.927366e+00
4.457000e-05	-3.755850e-03	-5.692158e+00
4.458000e-05	-4.909599e-03	-5.368498e+00
4.459000e-05	-5.165053e-03	-5.052732e+00
4.460000e-05	-5.246932e-03	-4.716417e+00
4.461000e-05	-3.517264e-03	-4.463681e+00
4.462000e-05	-5.067069e-03	-4.223153e+00
4.463000e-05	-5.973979e-03	-3.938976e+00
4.464000e-05	-6.652896e-03	-3.663686e+00
4.465000e-05	-6.545375e-03	-3.370573e+00
4.466000e-05	-7.525644e-03	-3.125867e+00
4.467000e-05	-6.426409e-03	-2.769598e+00
4.468000e-05	-7.965566e-03	-2.516891e+00
4.469000e-05	-5.178511e-03	-2.223211e+00
4.470000e-05	-5.652377e-03	-1.916871e+00
4.471000e-05	-6.477606e-03	-1.664237e+00
4.472000e-05	-9.396683e-03	-1.380573e+00
4.473000e-05	-9.899183e-03	-1.032184e+00
4.474000e-05	-9.045003e-03	-7.595713e-01
4.475000e-05	-8.527063e-03	-4.326345e-01
4.476000e-05	-6.968452e-03	-1.689501e-01
4.477000e-05	-1.929933e-03	8.260798e-02
4.478000e-05	6.631400e-03	4.009262e-01
4.479000e-05	-5.035116e-03	6.725264e-01
4.480000e-05	3.178799e-03	8.836592e-01
4.481000e-05	-6.831810e-03	1.210471e+00
4.482000e-05	-5.630928e-04	1.512682e+00
4.483000e-05	-5.200839e-03	1.810474e+00
4.484000e-05	1.530737e-02	2.041051e+00
4.485000e-05	5.779740e-02	2.292584e+00
4.486000e-05	7.535779e-02	2.630497e+00
4.487000e-05	-8.074355e-02	2.938838e+00
4.488000e-05	-3.286368e-02	3.232001e+00
4.489000e-05	-4.388053e-02	3.556387e+00
4.490000e-05	-1.770239e-02	3.818019e+00
4.491000e-05	-7.871739e-02	4.027996e+00
4.492000e-05	2.010056e-02	4.291174e+00
4.493000e-05	9.862492e-02	4.556339e+00
4.494000e-05	-1.178281e-01	4.820498e+00
4.495000e-05	1.437039e-01	5.153681e+00
4.496000e-05	-6.973563e-02	5.461498e+00
4.497000e-05	-4.102185e-02	5.705259e+00
4.498000e-05	4.177453e-02	5.998445e+00
4.499000e-05	-5.497643e-02	6.240100e+00
4.500000e-05	7.721468e-02	6.503153e+00
4.501000e-05	-7.096825e-02	6.809494e+00
4.502000e-05	1.263558e-02	7.060554e+00
4.503000e-05	-1.671678e-02	7.366339e+00
4.504000e-05	-1.274020e-02	7.650475e+00
4.505000e-05	5.707135e-03	7.923207e+00
4.506000e-05	-4.915276e-02	8.207491e+00
4.507000e-05	5.949805e-02	8.420947e+00
4.508000e-05	-2.943769e-02	8.621623e+00
4.509000e-05	-5.844804e-04	8.871079e+00
4.510000e-05	-2.080256e-02	9.124134e+00
4.511000e-05	-4.274665e-02	9.355389e+00
4.512000e-05	3.121377e-02	9.606966e+00
4.513000e-05	-1.683604e-02	9.831500e+00
4.514000e-05	1.231319e-02	1.009203e+01
4.515000e-05	-4.463265e-02	1.026413e+01
4.516000e-05	1.433444e-02	1.049321e+01
4.517000e-05	-1.922881e-02	1.072323e+01
4.518000e-05	-1.502366e-02	1.098521e+01
4.519000e-05	-1.796605e-02	1.113628e+01
4.520000e-05	-1.503787e-02	1.136731e+01
4.521000e-05	1.570839e-02	1.157687e+01
4.522000e-05	-2.188104e-02	1.179894e+01
4.523000e-05	-1.500741e-02	1.199836e+01
4.524000e-05	-3.306593e-02	1.221839e+01
4.525000e-05	4.821446e-03	1.236681e+01
4.526000e-05	-7.398341e-03	1.250578e+01
4.527000e-05	-1.163658e-02	1.273368e+01
4.528000e-05	-2.521751e-02	1.288267e+01
4.529000e-05	-1.776294e-02	1.307105e+01
4.530000e-05	-5.995839e-03	1.321757e+01
4.531000e-05	-2.191496e-02	1.336534e+01
4.532000e-05	-2.263048e-02	1.349420e+01
4.533000e-05	-1.916969e-02	1.365212e+01
4.534000e-05	5.717348e-05	1.384849e+01
4.535000e-05	-1.294120e-02	1.397731e+01
4.536000e-05	-2.847481e-02	1.409217e+01
4.537000e-05	-3.068555e-02	1.425162e+01
4.538000e-05	-1.801434e-02	1.443694e+01
4.539000e-05	-9.528831e-03	1.455418e+01
4.540000e-05	-2.292613e-02	1.459955e+01
4.541000e-05	-2.662354e-02	1.469483e+01
4.542000e-05	-2.155325e-02	1.480945e+01
4.543000e-05	-1.393655e-02	1.492418e+01
4.544000e-05	-2.273973e-02	1.497791e+01
4.545000e-05	-3.256619e-02	1.505110e+01
4.546000e-05	-2.741526e-02	1.514421e+01
4.547000e-05	-1.958185e-02	1.523897e+01
4.548000e-05	-2.013694e-02	1.525265e+01
4.549000e-05	-3.620647e-02	1.535733e+01
4.550000e-05	-3.839042e-02	1.541844e+01
4.551000e-05	-3.101718e-02	1.548157e+01
4.552000e-05	-2.222470e-02	1.549215e+01
4.553000e-05	-3.096406e-02	1.554523e+01
4.554000e-05	-3.884220e-02	1.559689e+01
4.555000e-05	-3.573887e-02	1.556856e+01
4.556000e-05	-3.468625e-02	1.561949e+01
4.557000e-05	-3.970889e-02	1.563904e+01
4.558000e-05	-5.290055e-02	1.564064e+01
4.559000e-05	-5.035326e-02	1.563960e+01
4.560000e-05	-4.555644e-02	1.565072e+01
4.561000e-05	-4.444069e-02	1.567160e+01
4.562000e-05	-6.021848e-02	1.563962e+01
4.563000e-05	-7.157813e-02	1.562952e+01
4.564000e-05	-7.560316e-02	1.561852e+01
4.565000e-05	-8.335635e-02	1.557786e+01
4.566000e-05	-1.041067e-01	1.552476e+01
4.567000e-05	-1.412074e-01	1.552278e+01
4.568000e-05	-1.829943e-01	1.547268e+01
4.569000e-05	-2.387153e-01	1.540704e+01
4.570000e-05	-2.500000e-01	1.536488e+01
4.571000e-05	-2.500000e-01	1.529528e+01
4.572000e-05	-2.500000e-01	1.523055e+01
4.573000e-05	-2.479298e-01	1.515589e+01
4.574000e-05	-2.063814e-01	1.508178e+01
4.575000e-05	-1.384649e-01	1.494787e+01
4.576000e-05	-1.033869e-01	1.485373e+01
4.577000e-05	-7.450307e-02	1.474899e+01
4.578000e-05	-5.418039e-02	1.469426e+01
4.579000e-05	-4.239130e-02	1.457752e+01
4.580000e-05	-4.341374e-02	1.445220e+01
4.581000e-05	-3.573882e-02	1.436644e+01
4.582000e-05	-2.889543e-02	1.425175e+01
4.583000e-05	-2.378369e-02	1.410484e+01
4.584000e-05	-2.895418e-02	1.397594e+01
4.585000e-05	-2.885163e-02	1.384895e+01
4.586000e-05	-2.471999e-02	1.369223e+01
4.587000e-05	-1.888661e-02	1.349481e+01
4.588000e-05	-1.997058e-02	1.335842e+01
4.589000e-05	-2.354098e-02	1.320065e+01
4.590000e-05	-2.105378e-02	1.309111e+01
4.591000e-05	-1.541607e-02	1.289431e+01
4.592000e-05	-1.616291e-02	1.271586e+01
4.593000e-05	-1.948866e-02	1.256697e+01
4.594000e-05	-2.169390e-02	1.237852e+01
4.595000e-05	-1.692149e-02	1.222107e+01
4.596000e-05	-1.471336e-02	1.200157e+01
4.597000e-05	-1.674068e-02	1.184152e+01
4.598000e-05	-2.021674e-02	1.161170e+01
4.599000e-05	-1.670942e-02	1.145754e+01
4.600000e-05	-1.096101e-02	1.116804e+01
4.601000e-05	-1.161773e-02	1.097749e+01
4.602000e-05	-1.583820e-02	1.075054e+01
4.603000e-05	-1.633644e-02	1.058557e+01
4.604000e-05	-1.226007e-02	1.029689e+01
4.605000e-05	-1.200823e-02	1.008736e+01
4.606000e-05	-1.548915e-02	9.905383e+00
4.607000e-05	-1.808608e-02	9.621654e+00
4.608000e-05	-1.320807e-02	9.419602e+00
4.609000e-05	-8.855250e-03	9.169550e+00
4.610000e-05	-1.024282e-02	8.947992e+00
4.611000e-05	-1.283657e-02	8.715814e+00
4.612000e-05	-1.211884e-02	8.454757e+00
4.613000e-05	-8.643235e-03	8.240103e+00
4.614000e-05	-1.012184e-02	7.958970e+00
4.615000e-05	-1.375739e-02	7.666888e+00
4.616000e-05	-1.514709e-02	7.441753e+00
4.617000e-05	-1.135210e-02	7.137971e+00
4.618000e-05	-7.852056e-03	6.927365e+00
4.619000e-05	-9.093188e-03	6.632238e+00
4.620000e-05	-1.087977e-02	6.368950e+00
4.621000e-05	-8.843142e-03	6.105894e+00
4.622000e-05	-6.058212e-03	5.856259e+00
4.623000e-05	-8.578185e-03	5.569520e+00
4.624000e-05	-1.244007e-02	5.306292e+00
4.625000e-05	-1.266769e-02	4.949019e+00
4.626000e-05	-7.529761e-03	4.645237e+00
4.627000e-05	-7.006319e-03	4.371130e+00
4.628000e-05	-8.570792e-03	4.127291e+00
4.629000e-05	-9.421303e-03	3.832180e+00
4.630000e-05	-6.412333e-03	3.549999e+00
4.631000e-05	-4.932205e-03	3.244787e+00
4.632000e-05	-7.941531e-03	2.979554e+00
4.633000e-05	-1.116243e-02	2.708920e+00
4.634000e-05	-9.350875e-03	2.349676e+00
4.635000e-05	-6.620788e-03	2.106470e+00
4.636000e-05	-5.267689e-03	1.875232e+00
4.637000e-05	-7.317429e-03	1.567874e+00
4.638000e-05	-7.386518e-03	1.254659e+00
4.639000e-05	-5.182280e-03	8.953458e-01
4.640000e-05	-3.220480e-03	6.231055e-01
4.641000e-05	-6.156892e-03	3.795499e-01
4.642000e-05	-5.522529e-03	1.705379e-03
4.643000e-05	2.190072e-03	-2.600488e-01
4.644000e-05	9.943739e-03	-4.915828e-01
4.645000e-05	-2.533323e-03	-8.098697e-01
4.646000e-05	2.654707e-03	-1.040028e+00
4.647000e-05	-4.237427e-03	-1.353687e+00
4.648000e-05	2.766054e-03	-1.639022e+00
4.649000e-05	9.378576e-03	-1.862603e+00
4.650000e-05	5.375153e-02	-2.102103e+00
4.651000e-05	1.157296e-01	-2.400474e+00
4.652000e-05	-6.765051e-02	-2.788417e+00
4.653000e-05	-1.385111e-02	-3.208971e+00
4.654000e-05	-4.255077e-02	-3.471627e+00
4.655000e-05	-2.177338e-02	-3.662553e+00
4.656000e-05	-9.469731e-02	-3.963260e+00
4.657000e-05	1.363660e-01	-4.114683e+00
4.658000e-05	-6.360580e-03	-4.336261e+00
4.659000e-05	-4.996266e-02	-4.674126e+00
4.660000e-05	1.721423e-01	-4.933134e+00
4.661000e-05	-1.878896e-01	-5.249517e+00
4.662000e-05	1.506921e-01	-5.598395e+00
4.663000e-05	-1.047451e-01	-5.786444e+00
4.664000e-05	1.326339e-02	-6.114258e+00
4.665000e-05	1.089014e-01	-6.386706e+00
4.666000e-05	-1.175321e-01	-6.640502e+00
4.667000e-05	1.413728e-01	-6.894757e+00
4.668000e-05	-1.257787e-01	-7.239896e+00
4.669000e-05	7.664034e-02	-7.503679e+00
4.670000e-05	-1.076783e-02	-7.715256e+00
4.671000e-05	-2.096032e-02	-8.079522e+00
4.672000e-05	1.154565e-01	-8.241026e+00
4.673000e-05	-1.120033e-01	-8.541760e+00
4.674000e-05	1.292181e-01	-8.799442e+00
4.675000e-05	-1.053637e-01	-9.039469e+00
4.676000e-05	5.214894e-02	-9.280675e+00
4.677000e-05	-1.041032e-02	-9.492069e+00
4.678000e-05	2.051584e-02	-9.734260e+00
4.679000e-05	6.337478e-02	-9.945280e+00
4.680000e-05	-5.322707e-02	-1.017637e+01
4.681000e-05	7.474574e-02	-1.040942e+01
4.682000e-05	-7.619996e-02	-1.061005e+01
4.683000e-05	8.109167e-02	-1.082052e+01
4.684000e-05	-5.075090e-02	-1.104900e+01
4.685000e-05	6.074826e-02	-1.124212e+01
4.686000e-05	-1.299339e-02	-1.149252e+01
4.687000e-05	2.864072e-02	-1.173370e+01
4.688000e-05	4.221794e-03	-1.191217e+01
4.689000e-05	-6.016112e-03	-1.213426e+01
4.690000e-05	2.544569e-02	-1.227110e+01
4.691000e-05	9.823166e-04	-1.247317e+01
4.692000e-05	4.573639e-02	-1.269055e+01
4.693000e-05	-1.349442e-02	-1.281799e+01
4.694000e-05	2.663666e-02	-1.300789e+01
4.695000e-05	-1.288114e-02	-1.313424e+01
4.696000e-05	3.057485e-02	-1.331318e+01
4.697000e-05	-1.096861e-03	-1.347152e+01
4.698000e-05	2.889148e-02	-1.358792e+01
4.699000e-05	1.131224e-02	-1.371529e+01
4.700000e-05	2.742718e-02	-1.393328e+01
4.701000e-05	6.650077e-03	-1.401855e+01
4.702000e-05	9.128359e-03	-1.420737e+01
4.703000e-05	7.603471e-03	-1.430163e+01
4.704000e-05	2.054806e-02	-1.442992e+01
4.705000e-05	2.388858e-02	-1.452581e+01
4.706000e-05	1.869568e-02	-1.470220e+01
4.707000e-05	1.845666e-02	-1.478486e+01
4.708000e-05	1.295306e-02	-1.485215e+01
4.709000e-05	2.293093e-02	-1.496486e+01
4.710000e-05	1.377781e-02	-1.505002e+01
4.711000e-05	2.291317e-02	-1.514268e+01
4.712000e-05	1.841490e-02	-1.517596e+01
4.713000e-05	2.964675e-02	-1.525267e+01
4.714000e-05	1.884032e-02	-1.530385e+01
4.715000e-05	2.082276e-02	-1.536644e+01
4.716000e-05	1.736165e-02	-1.547962e+01
4.717000e-05	2.849728e-02	-1.550163e+01
4.718000e-05	3.048216e-02	-1.552473e+01
4.719000e-05	2.974812e-02	-1.558739e+01
4.720000e-05	2.840569e-02	-1.561702e+01
4.721000e-05	2.896483e-02	-1.560959e+01
4.722000e-05	3.394436e-02	-1.570208e+01
4.723000e-05	3.136573e-02	-1.562218e+01
4.724000e-05	3.496376e-02	-1.569162e+01
4.725000e-05	3.921064e-02	-1.569222e+01
4.726000e-05	4.767005e-02	-1.571262e+01
4.727000e-05	5.094299e-02	-1.567112e+01
4.728000e-05	5.198602e-02	-1.565210e+01
4.729000e-05	5.710769e-02	-1.562860e+01
4.730000e-05	6.825413e-02	-1.560902e+01
4.731000e-05	8.497018e-02	-1.559889e+01
4.732000e-05	1.034689e-01	-1.556541e+01
4.733000e-05	1.339540e-01	-1.552223e+01
4.734000e-05	1.854403e-01	-1.545112e+01
4.735000e-05	2.445786e-01	-1.539794e+01
4.736000e-05	2.500000e-01	-1.531589e+01
4.737000e-05	2.500000e-01	-1.528275e+01
4.738000e-05	2.500000e-01	-1.520847e+01
4.739000e-05	2.452821e-01	-1.513476e+01
4.740000e-05	1.912382e-01	-1.507918e+01
4.741000e-05	1.216143e-01	-1.496536e+01
4.742000e-05	8.264642e-02	-1.486420e+01
4.743000e-05	6.148919e-02	-1.478749e+01
4.744000e-05	4.719434e-02	-1.470276e+01
4.745000e-05	3.599280e-02	-1.456847e+01
4.746000e-05	2.768390e-02	-1.445267e+01
4.747000e-05	2.384357e-02	-1.435624e+01
4.748000e-05	2.124125e-02	-1.425005e+01
4.749000e-05	1.888787e-02	-1.409325e+01
4.750000e-05	1.445233e-02	-1.394494e+01
4.751000e-05	1.448835e-02	-1.378945e+01
4.752000e-05	1.459550e-02	-1.364025e+01
4.753000e-05	1.537859e-02	-1.351581e+01
4.754000e-05	1.118646e-02	-1.342641e+01
4.755000e-05	8.174334e-03	-1.321909e+01
4.756000e-05	8.538206e-03	-1.304215e+01
4.757000e-05	9.395765e-03	-1.286228e+01
4.758000e-05	9.182390e-03	-1.274481e+01
4.759000e-05	6.660053e-03	-1.255841e+01
4.760000e-05	7.060480e-03	-1.237704e+01
4.761000e-05	7.548102e-03	-1.217007e+01
4.762000e-05	6.715023e-03	-1.200800e+01
4.763000e-05	3.153982e-03	-1.179852e+01
4.764000e-05	2.927591e-03	-1.152752e+01
4.765000e-05	3.677011e-03	-1.135687e+01
4.766000e-05	5.102360e-03	-1.115484e+01
4.767000e-05	3.419588e-03	-1.089483e+01
4.768000e-05	2.208512e-03	-1.073546e+01
4.769000e-05	2.199521e-03	-1.051481e+01
4.770000e-05	2.231571e-03	-1.026373e+01
4.771000e-05	2.315871e-03	-1.005320e+01
4.772000e-05	1.391059e-03	-9.841100e+00
4.773000e-05	3.699879e-04	-9.611124e+00
4.774000e-05	6.385976e-04	-9.429444e+00
4.775000e-05	2.686671e-04	-9.146367e+00
4.776000e-05	-1.532484e-03	-8.935890e+00
4.777000e-05	-1.944028e-03	-8.703336e+00
4.778000e-05	-1.100905e-03	-8.422156e+00
4.779000e-05	3.135181e-04	-8.189045e+00
4.780000e-05	-2.297210e-04	-7.958391e+00
4.781000e-05	-2.052571e-03	-7.661184e+00
4.782000e-05	-3.305675e-03	-7.407595e+00
4.783000e-05	-2.571326e-03	-7.087841e+00
4.784000e-05	-3.277899e-03	-6.841153e+00
4.785000e-05	-3.407824e-03	-6.599471e+00
4.786000e-05	-4.306054e-03	-6.307817e+00
4.787000e-05	-3.087085e-03	-6.062658e+00
4.788000e-05	-4.098271e-03	-5.829001e+00
4.789000e-05	-3.861387e-03	-5.516865e+00
4.790000e-05	-6.137517e-03	-5.209550e+00
4.791000e-05	-4.782851e-03	-4.884338e+00
4.792000e-05	-4.571608e-03	-4.578951e+00
4.793000e-05	-4.115563e-03	-4.327370e+00
4.794000e-05	-5.088786e-03	-4.084787e+00
4.795000e-05	-7.232313e-03	-3.770148e+00
4.796000e-05	-5.586063e-03	-3.506867e+00
4.797000e-05	-7.568451e-03	-3.252757e+00
4.798000e-05	-7.437161e-03	-2.917412e+00
4.799000e-05	-8.195144e-03	-2.653185e+00
4.800000e-05	-5.675273e-03	-2.369152e+00
4.801000e-05	-5.810828e-03	-2.062233e+00
4.802000e-05	-6.020591e-03	-1.820603e+00
4.803000e-05	-8.672631e-03	-1.517417e+00
4.804000e-05	-9.045389e-03	-1.167500e+00
4.805000e-05	-8.932100e-03	-8.947109e-01
4.806000e-05	-8.855012e-03	-5.820039e-01
4.807000e-05	-8.381267e-03	-2.958183e-01
4.808000e-05	-6.692067e-03	-2.268426e-02
4.809000e-05	5.588771e-03	3.016502e-01
4.810000e-05	-1.600972e-03	5.752856e-01
4.811000e-05	3.721116e-04	7.478647e-01
4.812000e-05	-3.467815e-03	1.103080e+00
4.813000e-05	-2.459026e-03	1.356916e+00
4.814000e-05	-3.428264e-03	1.714628e+00
4.815000e-05	5.436992e-03	1.915789e+00
4.816000e-05	2.624508e-02	2.166366e+00
4.817000e-05	9.507870e-02	2.452024e+00
4.818000e-05	-1.944566e-02	2.829999e+00
4.819000e-05	-6.407053e-02	3.134137e+00
4.820000e-05	-3.655413e-02	3.388441e+00
4.821000e-05	-2.613714e-02	3.683157e+00
4.822000e-05	-5.083842e-02	3.876212e+00
4.823000e-05	-5.061825e-02	4.134833e+00
4.824000e-05	1.044101e-01	4.441446e+00
4.825000e-05	-3.341640e-02	4.724107e+00
4.826000e-05	-8.585470e-03	4.965371e+00
4.827000e-05	1.095729e-01	5.303704e+00
4.828000e-05	-1.495687e-01	5.587413e+00
4.829000e-05	7.247443e-02	5.861501e+00
4.830000e-05	-5.303902e-02	6.135761e+00
4.831000e-05	3.552208e-02	6.387790e+00
4.832000e-05	1.080769e-02	6.680608e+00
4.833000e-05	-6.475453e-02	6.985837e+00
4.834000e-05	4.352849e-02	7.237873e+00
4.835000e-05	-6.113857e-02	7.532683e+00
4.836000e-05	4.497593e-02	7.806895e+00
4.837000e-05	-6.413850e-02	8.083658e+00
4.838000e-05	3.167758e-02	8.356210e+00
4.839000e-05	1.608852e-02	8.545789e+00
4.840000e-05	-3.371583e-02	8.785869e+00
4.841000e-05	1.462266e-02	8.999942e+00
4.842000e-05	-6.638924e-02	9.282626e+00
4.843000e-05	2.451943e-02	9.511176e+00
4.844000e-05	-1.030108e-02	9.745181e+00
4.845000e-05	1.879232e-02	9.975237e+00
4.846000e-05	-3.477653e-02	1.019689e+01
4.847000e-05	-8.248775e-03	1.038849e+01
4.848000e-05	2.958792e-04	1.059905e+01
4.849000e-05	-2.426127e-02	1.084955e+01
4.850000e-05	-9.089385e-03	1.101008e+01
4.851000e-05	-2.827718e-02	1.122062e+01
4.852000e-05	1.700101e-02	1.152310e+01
4.853000e-05	-1.231977e-02	1.166465e+01
4.854000e-05	-9.644648e-03	1.189416e+01
4.855000e-05	-3.788384e-02	1.210318e+01
4.856000e-05	-4.162998e-03	1.231165e+01
4.857000e-05	-5.025323e-03	1.246165e+01
4.858000e-05	-4.673683e-03	1.260852e+01
4.859000e-05	-2.321667e-02	1.281746e+01
4.860000e-05	-2.245699e-02	1.299689e+01
4.861000e-05	-7.322295e-03	1.314573e+01
4.862000e-05	-1.635605e-02	1.327370e+01
4.863000e-05	-1.871905e-02	1.343852e+01
4.864000e-05	-2.809652e-02	1.356702e+01
4.865000e-05	-1.407562e-03	1.375536e+01
4.866000e-05	-1.061718e-02	1.388315e+01
4.867000e-05	-1.743979e-02	1.403957e+01
4.868000e-05	-3.766896e-02	1.419604e+01
4.869000e-05	-2.134068e-02	1.434421e+01
4.870000e-05	-1.241682e-02	1.445068e+01
4.871000e-05	-1.382320e-02	1.457624e+01
4.872000e-05	-2.443624e-02	1.469065e+01
4.873000e-05	-2.694495e-02	1.478591e+01
4.874000e-05	-1.278432e-02	1.488060e+01
4.875000e-05	-2.164027e-02	1.492581e+01
4.876000e-05	-2.632962e-02	1.499797e+01
4.877000e-05	-3.650657e-02	1.510271e+01
4.878000e-05	-2.155710e-02	1.519731e+01
4.879000e-05	-2.018751e-02	1.522017e+01
4.880000e-05	-2.576315e-02	1.531325e+01
4.881000e-05	-3.855888e-02	1.538549e+01
4.882000e-05	-3.520743e-02	1.543805e+01
4.883000e-05	-2.279568e-02	1.550062e+01
4.884000e-05	-2.781387e-02	1.554528e+01
4.885000e-05	-3.441000e-02	1.558591e+01
4.886000e-05	-4.285049e-02	1.556741e+01
4.887000e-05	-3.314902e-02	1.562851e+01
4.888000e-05	-3.636793e-02	1.562002e+01
4.889000e-05	-4.486415e-02	1.562915e+01
4.890000e-05	-5.297619e-02	1.563960e+01
4.891000e-05	-4.748618e-02	1.565960e+01
4.892000e-05	-4.188514e-02	1.565205e+01
4.893000e-05	-5.316590e-02	1.564018e+01
4.894000e-05	-6.630465e-02	1.563902e+01
4.895000e-05	-7.649459e-02	1.560899e+01
4.896000e-05	-7.738249e-02	1.557584e+01
4.897000e-05	-9.318672e-02	1.555581e+01
4.898000e-05	-1.215797e-01	1.550573e+01
4.899000e-05	-1.627356e-01	1.551121e+01
4.900000e-05	-2.143362e-01	1.541907e+01
4.901000e-05	-2.499045e-01	1.540682e+01
4.902000e-05	-2.500000e-01	1.532431e+01
4.903000e-05	-2.500000e-01	1.531107e+01
4.904000e-05	-2.500000e-01	1.518799e+01
4.905000e-05	-2.345247e-01	1.510393e+01
4.906000e-05	-1.660846e-01	1.501947e+01
4.907000e-05	-1.187745e-01	1.489434e+01
4.908000e-05	-8.953806e-02	1.481160e+01
4.909000e-05	-6.128503e-02	1.473428e+01
4.910000e-05	-4.582364e-02	1.462163e+01
4.911000e-05	-4.143434e-02	1.453581e+01
4.912000e-05	-4.069725e-02	1.442062e+01
4.913000e-05	-3.189025e-02	1.430370e+01
4.914000e-05	-2.413359e-02	1.414847e+01
4.915000e-05	-2.623710e-02	1.402112e+01
4.916000e-05	-2.927999e-02	1.391281e+01
4.917000e-05	-2.794041e-02	1.376631e+01
4.918000e-05	-1.980535e-02	1.358557e+01
4.919000e-05	-1.840232e-02	1.344107e+01
4.920000e-05	-2.230200e-02	1.327473e+01
4.921000e-05	-2.337267e-02	1.316539e+01
4.922000e-05	-1.811319e-02	1.297741e+01
4.923000e-05	-1.378690e-02	1.280915e+01
4.924000e-05	-1.802964e-02	1.266110e+01
4.925000e-05	-2.157359e-02	1.244178e+01
4.926000e-05	-1.924242e-02	1.227381e+01
4.927000e-05	-1.462736e-02	1.216431e+01
4.928000e-05	-1.405029e-02	1.189486e+01
4.929000e-05	-1.943817e-02	1.171786e+01
4.930000e-05	-1.889554e-02	1.150436e+01
4.931000e-05	-1.336981e-02	1.127371e+01
4.932000e-05	-9.734675e-03	1.108210e+01
4.933000e-05	-1.396683e-02	1.083126e+01
4.934000e-05	-1.783562e-02	1.068375e+01
4.935000e-05	-1.403281e-02	1.043278e+01
4.936000e-05	-1.111844e-02	1.022160e+01
4.937000e-05	-1.200849e-02	9.971070e+00
4.938000e-05	-1.724295e-02	9.756939e+00
4.939000e-05	-1.564580e-02	9.525739e+00
4.940000e-05	-1.134215e-02	9.295361e+00
4.941000e-05	-8.578975e-03	9.072160e+00
4.942000e-05	-1.215468e-02	8.850672e+00
4.943000e-05	-1.398330e-02	8.629598e+00
4.944000e-05	-1.135995e-02	8.337944e+00
4.945000e-05	-8.504320e-03	8.114334e+00
4.946000e-05	-1.080503e-02	7.832729e+00
4.947000e-05	-1.383589e-02	7.578975e+00
4.948000e-05	-1.218289e-02	7.304813e+00
4.949000e-05	-8.080921e-03	7.051177e+00
4.950000e-05	-8.716571e-03	6.778975e+00
4.951000e-05	-1.179641e-02	6.505239e+00
4.952000e-05	-1.251589e-02	6.242203e+00
4.953000e-05	-8.521673e-03	5.991102e+00
4.954000e-05	-5.936828e-03	5.725865e+00
4.955000e-05	-8.527402e-03	5.421833e+00
4.956000e-05	-1.180291e-02	5.097390e+00
4.957000e-05	-9.776142e-03	4.821052e+00
4.958000e-05	-7.106797e-03	4.536844e+00
4.959000e-05	-7.829263e-03	4.273212e+00
4.960000e-05	-1.027225e-02	3.938470e+00
4.961000e-05	-9.095920e-03	3.713838e+00
4.962000e-05	-6.302365e-03	3.422178e+00
4.963000e-05	-5.125194e-03	3.115866e+00
4.964000e-05	-8.761718e-03	2.821660e+00
4.965000e-05	-1.023417e-02	2.568918e+00
4.966000e-05	-7.311404e-03	2.254811e+00
4.967000e-05	-4.607823e-03	1.999574e+00
4.968000e-05	-6.179510e-03	1.695820e+00
4.969000e-05	-8.531920e-03	1.380704e+00
4.970000e-05	-7.460767e-03	1.085388e+00
4.971000e-05	-4.343262e-03	7.389449e-01
4.972000e-05	-3.231745e-03	4.652658e-01
4.973000e-05	-5.378837e-03	2.006254e-01
4.974000e-05	-3.790454e-03	-9.361297e-02
4.975000e-05	1.081529e-02	-3.568396e-01
4.976000e-05	9.382083e-04	-6.294198e-01
4.977000e-05	3.132345e-03	-9.037357e-01
4.978000e-05	-4.592279e-03	-1.196320e+00
4.979000e-05	1.294092e-03	-1.505237e+00
4.980000e-05	1.266504e-03	-1.735292e+00
4.981000e-05	2.760453e-02	-1.977866e+00
4.982000e-05	1.024862e-01	-2.271101e+00
4.983000e-05	2.617734e-02	-2.617949e+00
4.984000e-05	-6.761983e-02	-3.062451e+00
4.985000e-05	-7.967450e-03	-3.366263e+00
4.986000e-05	-4.016783e-02	-3.566362e+00
4.987000e-05	-5.546185e-02	-3.788894e+00
4.988000e-05	-1.584863e-02	-4.029046e+00
4.989000e-05	1.666347e-01	-4.199893e+00
4.990000e-05	-1.691146e-01	-4.494212e+00
4.991000e-05	1.742898e-01	-4.800045e+00
4.992000e-05	-4.660006e-02	-5.070951e+00
4.993000e-05	-3.949792e-02	-5.432100e+00
4.994000e-05	1.008992e-01	-5.653655e+00
4.995000e-05	-1.667663e-01	-5.996888e+00
4.996000e-05	1.926056e-01	-6.220598e+00
4.997000e-05	-9.272007e-02	-6.493628e+00
4.998000e-05	5.291383e-02	-6.828901e+00
4.999000e-05	1.885437e-02	-7.082500e+00
