# 260528_14:57:06.459074
t	CH1	CH2
0.000000e+00	-4.760356e-03	4.632278e-01
1.000000e-08	-5.214518e-03	1.184921e-01
2.000000e-08	-2.700613e-03	-9.519098e-02
3.000000e-08	1.001051e-02	-3.588736e-01
4.000000e-08	-7.021721e-04	-6.520118e-01
5.000000e-08	3.627973e-03	-9.372684e-01
6.000000e-08	-3.315838e-03	-1.179949e+00
7.000000e-08	2.414575e-03	-1.497271e+00
8.000000e-08	1.959133e-03	-1.738797e+00
9.000000e-08	2.774721e-02	-1.997878e+00
1.000000e-07	1.032197e-01	-2.263561e+00
1.100000e-07	1.895491e-02	-2.652405e+00
1.200000e-07	-5.985857e-02	-2.992962e+00
1.300000e-07	-1.505458e-02	-3.378399e+00
1.400000e-07	-3.674607e-02	-3.547423e+00
1.500000e-07	-5.809735e-02	-3.792503e+00
1.600000e-07	-4.926836e-03	-3.991955e+00
1.700000e-07	1.540264e-01	-4.208930e+00
1.800000e-07	-1.613985e-01	-4.467196e+00
1.900000e-07	1.588278e-01	-4.812000e+00
2.000000e-07	-6.534652e-02	-5.054032e+00
2.100000e-07	-2.481172e-02	-5.472567e+00
2.200000e-07	8.128826e-02	-5.634634e+00
2.300000e-07	-1.437658e-01	-5.950925e+00
2.400000e-07	1.761856e-01	-6.252584e+00
2.500000e-07	-9.356201e-02	-6.495166e+00
2.600000e-07	5.797051e-02	-6.790503e+00
2.700000e-07	1.709157e-03	-7.095637e+00
2.800000e-07	-6.762617e-02	-7.330374e+00
2.900000e-07	1.087342e-01	-7.573504e+00
3.000000e-07	-1.025202e-01	-7.884643e+00
3.100000e-07	1.280742e-01	-8.178874e+00
3.200000e-07	-5.835930e-02	-8.348923e+00
3.300000e-07	3.428044e-02	-8.683712e+00
3.400000e-07	1.883819e-02	-8.867188e+00
3.500000e-07	-7.205161e-02	-9.118844e+00
3.600000e-07	7.547967e-02	-9.319275e+00
3.700000e-07	-5.958361e-02	-9.581902e+00
3.800000e-07	1.111251e-01	-9.792634e+00
3.900000e-07	-5.613836e-02	-1.005408e+01
4.000000e-07	5.676603e-02	-1.028574e+01
4.100000e-07	-3.410642e-02	-1.052677e+01
4.200000e-07	1.680598e-02	-1.071887e+01
4.300000e-07	1.097217e-02	-1.093532e+01
4.400000e-07	-1.230236e-02	-1.113829e+01
4.500000e-07	4.309270e-02	-1.134837e+01
4.600000e-07	-1.772129e-02	-1.158142e+01
4.700000e-07	4.686165e-02	-1.177048e+01
4.800000e-07	-3.096815e-02	-1.200143e+01
4.900000e-07	3.725441e-02	-1.216053e+01
5.000000e-07	-1.074857e-02	-1.236840e+01
5.100000e-07	4.204606e-02	-1.251940e+01
5.200000e-07	-4.200016e-03	-1.272677e+01
5.300000e-07	1.218837e-02	-1.288629e+01
5.400000e-07	-2.146213e-03	-1.301366e+01
5.500000e-07	1.217592e-02	-1.318350e+01
5.600000e-07	1.371722e-02	-1.336888e+01
5.700000e-07	1.139233e-02	-1.355934e+01
5.800000e-07	2.476308e-02	-1.363516e+01
5.900000e-07	1.508649e-02	-1.382357e+01
6.000000e-07	2.158275e-02	-1.391932e+01
6.100000e-07	-2.464795e-03	-1.403777e+01
6.200000e-07	8.927053e-03	-1.420263e+01
6.300000e-07	6.644948e-03	-1.430840e+01
6.400000e-07	2.696144e-02	-1.447771e+01
6.500000e-07	1.567097e-02	-1.459995e+01
6.600000e-07	2.133921e-02	-1.467726e+01
6.700000e-07	1.113664e-02	-1.478145e+01
6.800000e-07	2.133956e-02	-1.487674e+01
6.900000e-07	1.474493e-02	-1.496140e+01
7.000000e-07	1.633498e-02	-1.502561e+01
7.100000e-07	1.635635e-02	-1.511940e+01
7.200000e-07	2.282647e-02	-1.520308e+01
7.300000e-07	2.314243e-02	-1.525519e+01
7.400000e-07	1.586758e-02	-1.532936e+01
7.500000e-07	1.659393e-02	-1.538255e+01
7.600000e-07	2.019451e-02	-1.543454e+01
7.700000e-07	3.049231e-02	-1.545780e+01
7.800000e-07	2.689585e-02	-1.552892e+01
7.900000e-07	2.600753e-02	-1.555892e+01
8.000000e-07	2.429068e-02	-1.560258e+01
8.100000e-07	2.911525e-02	-1.560258e+01
8.200000e-07	2.816298e-02	-1.564466e+01
8.300000e-07	2.803847e-02	-1.563421e+01
8.400000e-07	3.140104e-02	-1.562626e+01
8.500000e-07	4.080139e-02	-1.561564e+01
8.600000e-07	4.536478e-02	-1.562566e+01
8.700000e-07	4.399688e-02	-1.564366e+01
8.800000e-07	4.479733e-02	-1.563261e+01
8.900000e-07	5.340241e-02	-1.560258e+01
9.000000e-07	6.494445e-02	-1.552997e+01
9.100000e-07	7.621170e-02	-1.549947e+01
9.200000e-07	9.185403e-02	-1.546732e+01
9.300000e-07	1.193710e-01	-1.541466e+01
9.400000e-07	1.640471e-01	-1.539405e+01
9.500000e-07	2.194441e-01	-1.530936e+01
9.600000e-07	2.472534e-01	-1.527484e+01
9.700000e-07	2.500000e-01	-1.522358e+01
9.800000e-07	2.500000e-01	-1.513850e+01
9.900000e-07	2.418128e-01	-1.504621e+01
1.000000e-06	1.829604e-01	-1.494102e+01
1.010000e-06	1.197566e-01	-1.489824e+01
1.020000e-06	8.511152e-02	-1.478205e+01
1.030000e-06	6.390996e-02	-1.468739e+01
1.040000e-06	4.962466e-02	-1.459403e+01
1.050000e-06	3.628339e-02	-1.451682e+01
1.060000e-06	2.856470e-02	-1.439098e+01
1.070000e-06	2.559529e-02	-1.422621e+01
1.080000e-06	2.225603e-02	-1.412780e+01
1.090000e-06	1.605209e-02	-1.398108e+01
1.100000e-06	1.298917e-02	-1.382361e+01
1.110000e-06	1.337492e-02	-1.369582e+01
1.120000e-06	1.509032e-02	-1.357002e+01
1.130000e-06	1.250265e-02	-1.339215e+01
1.140000e-06	7.738068e-03	-1.325531e+01
1.150000e-06	6.928755e-03	-1.308676e+01
1.160000e-06	7.914356e-03	-1.291886e+01
1.170000e-06	8.055513e-03	-1.279150e+01
1.180000e-06	5.912063e-03	-1.257210e+01
1.190000e-06	4.461777e-03	-1.242426e+01
1.200000e-06	5.467768e-03	-1.225471e+01
1.210000e-06	5.571051e-03	-1.207523e+01
1.220000e-06	3.345760e-03	-1.187626e+01
1.230000e-06	1.965534e-03	-1.165476e+01
1.240000e-06	1.899309e-03	-1.137215e+01
1.250000e-06	4.913715e-03	-1.118050e+01
1.260000e-06	2.986619e-03	-1.099100e+01
1.270000e-06	2.004309e-03	-1.081062e+01
1.280000e-06	1.276582e-04	-1.059158e+01
1.290000e-06	2.072669e-03	-1.041055e+01
1.300000e-06	2.162413e-03	-1.012937e+01
1.310000e-06	3.984174e-04	-9.917761e+00
1.320000e-06	-1.202482e-03	-9.705270e+00
1.330000e-06	-3.192771e-04	-9.485735e+00
1.340000e-06	1.105952e-03	-9.224679e+00
1.350000e-06	-2.421208e-04	-8.971575e+00
1.360000e-06	-2.957487e-03	-8.780521e+00
1.370000e-06	-2.772937e-03	-8.496915e+00
1.380000e-06	-8.569591e-04	-8.265861e+00
1.390000e-06	-7.339806e-04	-7.994180e+00
1.400000e-06	-2.062199e-03	-7.788421e+00
1.410000e-06	-4.099143e-03	-7.486834e+00
1.420000e-06	-2.833424e-03	-7.253105e+00
1.430000e-06	-2.879847e-03	-6.959545e+00
1.440000e-06	-3.499857e-03	-6.687337e+00
1.450000e-06	-5.382455e-03	-6.433654e+00
1.460000e-06	-3.869051e-03	-6.181498e+00
1.470000e-06	-4.400891e-03	-5.886280e+00
1.480000e-06	-3.324226e-03	-5.633109e+00
1.490000e-06	-5.994642e-03	-5.288463e+00
1.500000e-06	-5.407741e-03	-5.033526e+00
1.510000e-06	-4.761013e-03	-4.715439e+00
1.520000e-06	-3.507340e-03	-4.423129e+00
1.530000e-06	-5.803908e-03	-4.211121e+00
1.540000e-06	-7.031294e-03	-3.916464e+00
1.550000e-06	-7.712146e-03	-3.601075e+00
1.560000e-06	-6.240359e-03	-3.358940e+00
1.570000e-06	-7.953491e-03	-3.116708e+00
1.580000e-06	-7.785700e-03	-2.749443e+00
1.590000e-06	-7.540608e-03	-2.464858e+00
1.600000e-06	-5.630474e-03	-2.201625e+00
1.610000e-06	-6.506044e-03	-1.936837e+00
1.620000e-06	-7.986638e-03	-1.622204e+00
1.630000e-06	-1.007866e-02	-1.355440e+00
1.640000e-06	-9.450671e-03	-1.011548e+00
1.650000e-06	-8.427856e-03	-7.878633e-01
1.660000e-06	-8.641136e-03	-4.117011e-01
1.670000e-06	-7.468516e-03	-1.463908e-01
1.680000e-06	-1.833984e-03	8.624329e-02
1.690000e-06	5.732467e-03	4.310565e-01
1.700000e-06	-4.414141e-03	6.632129e-01
1.710000e-06	1.986480e-03	8.962684e-01
1.720000e-06	-5.974983e-03	1.242587e+00
1.730000e-06	-3.463798e-04	1.497798e+00
1.740000e-06	-3.576988e-03	1.820905e+00
1.750000e-06	1.618106e-02	2.022584e+00
1.760000e-06	6.313976e-02	2.325813e+00
1.770000e-06	6.021674e-02	2.644087e+00
1.780000e-06	-7.528432e-02	2.960377e+00
1.790000e-06	-3.445563e-02	3.262082e+00
1.800000e-06	-4.016542e-02	3.557322e+00
1.810000e-06	-2.344130e-02	3.840005e+00
1.820000e-06	-7.401523e-02	4.010949e+00
1.830000e-06	3.608371e-02	4.264238e+00
1.840000e-06	8.253952e-02	4.561301e+00
1.850000e-06	-1.113160e-01	4.870627e+00
1.860000e-06	1.507878e-01	5.096247e+00
1.870000e-06	-9.195794e-02	5.442011e+00
1.880000e-06	-1.703687e-02	5.705271e+00
1.890000e-06	2.292461e-02	5.991434e+00
1.900000e-06	-3.630407e-02	6.222579e+00
1.910000e-06	6.676607e-02	6.507271e+00
1.920000e-06	-7.214069e-02	6.833583e+00
1.930000e-06	2.702969e-02	7.072562e+00
1.940000e-06	-3.309785e-02	7.319897e+00
1.950000e-06	3.210290e-03	7.622534e+00
1.960000e-06	-6.821384e-03	7.938195e+00
1.970000e-06	-2.928339e-02	8.199430e+00
1.980000e-06	4.844004e-02	8.422107e+00
1.990000e-06	-2.702645e-02	8.644109e+00
2.000000e-06	3.717288e-03	8.863186e+00
2.010000e-06	-3.165886e-02	9.166820e+00
2.020000e-06	-2.720626e-02	9.349426e+00
2.030000e-06	2.122815e-02	9.590377e+00
2.040000e-06	-5.583849e-03	9.822586e+00
2.050000e-06	3.841718e-03	1.001369e+01
2.060000e-06	-3.314006e-02	1.025614e+01
2.070000e-06	1.010227e-02	1.048722e+01
2.080000e-06	-1.881962e-02	1.071669e+01
2.090000e-06	-1.460011e-02	1.092927e+01
2.100000e-06	-1.743114e-02	1.111737e+01
2.110000e-06	-7.147063e-03	1.131927e+01
2.120000e-06	1.103265e-02	1.160993e+01
2.130000e-06	-1.718964e-02	1.174843e+01
2.140000e-06	-1.945775e-02	1.198041e+01
2.150000e-06	-2.536688e-02	1.212938e+01
2.160000e-06	2.636967e-03	1.235775e+01
2.170000e-06	-3.772817e-03	1.252629e+01
2.180000e-06	-1.341116e-02	1.266727e+01
2.190000e-06	-2.154283e-02	1.285571e+01
2.200000e-06	-1.535591e-02	1.302461e+01
2.210000e-06	-7.265830e-03	1.320048e+01
2.220000e-06	-2.079578e-02	1.329747e+01
2.230000e-06	-2.219082e-02	1.347617e+01
2.240000e-06	-1.309190e-02	1.362411e+01
2.250000e-06	-1.458464e-03	1.376303e+01
2.260000e-06	-1.126068e-02	1.392785e+01
2.270000e-06	-3.042511e-02	1.405681e+01
2.280000e-06	-2.744016e-02	1.422356e+01
2.290000e-06	-1.734749e-02	1.434141e+01
2.300000e-06	-7.646240e-03	1.446576e+01
2.310000e-06	-2.129404e-02	1.456138e+01
2.320000e-06	-2.372582e-02	1.466577e+01
2.330000e-06	-1.840607e-02	1.478000e+01
2.340000e-06	-1.476542e-02	1.485471e+01
2.350000e-06	-2.244802e-02	1.491997e+01
2.360000e-06	-3.223131e-02	1.503211e+01
2.370000e-06	-2.391754e-02	1.508829e+01
2.380000e-06	-1.842674e-02	1.518052e+01
2.390000e-06	-1.795297e-02	1.524413e+01
2.400000e-06	-3.380117e-02	1.529674e+01
2.410000e-06	-3.449116e-02	1.536040e+01
2.420000e-06	-2.739853e-02	1.539365e+01
2.430000e-06	-2.204343e-02	1.547566e+01
2.440000e-06	-2.938274e-02	1.546729e+01
2.450000e-06	-3.683077e-02	1.555942e+01
2.460000e-06	-3.135320e-02	1.556045e+01
2.470000e-06	-3.106200e-02	1.558098e+01
2.480000e-06	-3.575709e-02	1.561145e+01
2.490000e-06	-4.789120e-02	1.562458e+01
2.500000e-06	-4.467088e-02	1.557110e+01
2.510000e-06	-4.024125e-02	1.562313e+01
2.520000e-06	-4.022940e-02	1.560213e+01
2.530000e-06	-5.396609e-02	1.560118e+01
2.540000e-06	-6.427413e-02	1.559095e+01
2.550000e-06	-6.499984e-02	1.555045e+01
2.560000e-06	-7.168441e-02	1.551947e+01
2.570000e-06	-8.713513e-02	1.548779e+01
2.580000e-06	-1.148603e-01	1.544418e+01
2.590000e-06	-1.398945e-01	1.538058e+01
2.600000e-06	-1.841917e-01	1.534987e+01
2.610000e-06	-2.342266e-01	1.527689e+01
2.620000e-06	-2.498000e-01	1.525418e+01
2.630000e-06	-2.500000e-01	1.514163e+01
2.640000e-06	-2.497990e-01	1.508749e+01
2.650000e-06	-2.249147e-01	1.501268e+01
2.660000e-06	-1.665067e-01	1.491989e+01
2.670000e-06	-1.220042e-01	1.484478e+01
2.680000e-06	-8.496498e-02	1.474845e+01
2.690000e-06	-6.225821e-02	1.461163e+01
2.700000e-06	-4.988521e-02	1.454997e+01
2.710000e-06	-4.695287e-02	1.441568e+01
2.720000e-06	-3.863121e-02	1.431844e+01
2.730000e-06	-2.974156e-02	1.420210e+01
2.740000e-06	-2.612979e-02	1.405526e+01
2.750000e-06	-2.856091e-02	1.387794e+01
2.760000e-06	-2.885130e-02	1.374063e+01
2.770000e-06	-2.205200e-02	1.361568e+01
2.780000e-06	-1.802944e-02	1.343474e+01
2.790000e-06	-1.901112e-02	1.332737e+01
2.800000e-06	-2.296491e-02	1.316150e+01
2.810000e-06	-2.023711e-02	1.299123e+01
2.820000e-06	-1.452557e-02	1.284526e+01
2.830000e-06	-1.463295e-02	1.266573e+01
2.840000e-06	-1.893081e-02	1.249687e+01
2.850000e-06	-1.928531e-02	1.228899e+01
2.860000e-06	-1.347990e-02	1.216094e+01
2.870000e-06	-1.194203e-02	1.194157e+01
2.880000e-06	-1.619095e-02	1.180102e+01
2.890000e-06	-1.845686e-02	1.155997e+01
2.900000e-06	-1.531989e-02	1.135900e+01
2.910000e-06	-1.052894e-02	1.109787e+01
2.920000e-06	-1.166072e-02	1.093839e+01
2.930000e-06	-1.446466e-02	1.069942e+01
2.940000e-06	-1.464631e-02	1.047639e+01
2.950000e-06	-1.122606e-02	1.027581e+01
2.960000e-06	-1.113752e-02	1.006633e+01
2.970000e-06	-1.396815e-02	9.814728e+00
2.980000e-06	-1.473163e-02	9.570576e+00
2.990000e-06	-1.166314e-02	9.369045e+00
3.000000e-06	-8.388798e-03	9.128993e+00
3.010000e-06	-1.105858e-02	8.907790e+00
3.020000e-06	-1.295542e-02	8.663309e+00
3.030000e-06	-1.237257e-02	8.453637e+00
3.040000e-06	-8.261226e-03	8.150599e+00
3.050000e-06	-9.435253e-03	7.898939e+00
3.060000e-06	-1.120286e-02	7.644805e+00
3.070000e-06	-1.204546e-02	7.400599e+00
3.080000e-06	-9.824046e-03	7.125887e+00
3.090000e-06	-8.261795e-03	6.874214e+00
3.100000e-06	-1.051097e-02	6.602077e+00
3.110000e-06	-1.096186e-02	6.326962e+00
3.120000e-06	-9.526364e-03	6.046337e+00
3.130000e-06	-6.291762e-03	5.810550e+00
3.140000e-06	-7.812660e-03	5.537991e+00
3.150000e-06	-1.041985e-02	5.245259e+00
3.160000e-06	-1.059095e-02	4.886811e+00
3.170000e-06	-7.593371e-03	4.632151e+00
3.180000e-06	-6.542680e-03	4.369443e+00
3.190000e-06	-8.570254e-03	4.092884e+00
3.200000e-06	-9.496881e-03	3.808996e+00
3.210000e-06	-6.293157e-03	3.558915e+00
3.220000e-06	-5.190647e-03	3.251276e+00
3.230000e-06	-6.653133e-03	2.978391e+00
3.240000e-06	-9.066289e-03	2.726337e+00
3.250000e-06	-8.060960e-03	2.379442e+00
3.260000e-06	-5.600437e-03	2.095364e+00
3.270000e-06	-5.573549e-03	1.840678e+00
3.280000e-06	-6.957814e-03	1.526912e+00
3.290000e-06	-7.618961e-03	1.223625e+00
3.300000e-06	-5.739097e-03	8.627542e-01
3.310000e-06	-4.011798e-03	5.790996e-01
3.320000e-06	-5.241259e-03	3.254147e-01
3.330000e-06	-4.501014e-03	1.070750e-02
3.340000e-06	4.263987e-03	-2.436091e-01
3.350000e-06	8.533846e-03	-4.962420e-01
3.360000e-06	-1.683088e-03	-7.910003e-01
3.370000e-06	1.093546e-03	-1.023063e+00
3.380000e-06	-3.289031e-03	-1.377869e+00
3.390000e-06	1.756235e-03	-1.652032e+00
3.400000e-06	1.168899e-02	-1.904588e+00
3.410000e-06	5.908317e-02	-2.107214e+00
3.420000e-06	1.027943e-01	-2.452559e+00
3.430000e-06	-6.687800e-02	-2.823509e+00
3.440000e-06	-1.280517e-02	-3.223559e+00
3.450000e-06	-4.395570e-02	-3.494163e+00
3.460000e-06	-2.490450e-02	-3.704208e+00
3.470000e-06	-9.019075e-02	-3.957870e+00
3.480000e-06	1.499332e-01	-4.095767e+00
3.490000e-06	-4.774651e-02	-4.368295e+00
3.500000e-06	-5.296965e-03	-4.695113e+00
3.510000e-06	1.428328e-01	-4.906716e+00
3.520000e-06	-1.722540e-01	-5.275036e+00
3.530000e-06	1.464721e-01	-5.560975e+00
3.540000e-06	-1.184268e-01	-5.801483e+00
3.550000e-06	5.505856e-02	-6.107747e+00
3.560000e-06	7.027747e-02	-6.337998e+00
3.570000e-06	-8.593335e-02	-6.664567e+00
3.580000e-06	1.220220e-01	-6.918770e+00
3.590000e-06	-1.280889e-01	-7.252982e+00
3.600000e-06	8.901241e-02	-7.496716e+00
3.610000e-06	-3.585336e-02	-7.779297e+00
3.620000e-06	9.885404e-03	-8.053039e+00
3.630000e-06	7.935462e-02	-8.243561e+00
3.640000e-06	-8.202245e-02	-8.508350e+00
3.650000e-06	1.093198e-01	-8.741978e+00
3.660000e-06	-1.027718e-01	-9.020983e+00
3.670000e-06	5.977272e-02	-9.245714e+00
3.680000e-06	-2.805067e-02	-9.495640e+00
3.690000e-06	4.153030e-02	-9.746846e+00
3.700000e-06	3.312224e-02	-9.915795e+00
3.710000e-06	-2.776261e-02	-1.019056e+01
3.720000e-06	4.937042e-02	-1.038055e+01
3.730000e-06	-5.560974e-02	-1.061156e+01
3.740000e-06	6.543615e-02	-1.080053e+01
3.750000e-06	-4.382788e-02	-1.102206e+01
3.760000e-06	5.612494e-02	-1.125411e+01
3.770000e-06	-1.795706e-02	-1.147404e+01
3.780000e-06	3.513062e-02	-1.172626e+01
3.790000e-06	-7.787627e-03	-1.187519e+01
3.800000e-06	4.808181e-03	-1.209767e+01
3.810000e-06	1.170210e-02	-1.225521e+01
3.820000e-06	1.287922e-02	-1.245564e+01
3.830000e-06	3.262813e-02	-1.262213e+01
3.840000e-06	-4.751013e-03	-1.278198e+01
3.850000e-06	1.706506e-02	-1.297956e+01
3.860000e-06	-7.303511e-03	-1.312840e+01
3.870000e-06	2.435684e-02	-1.327429e+01
3.880000e-06	-1.234733e-03	-1.343414e+01
3.890000e-06	2.525326e-02	-1.359251e+01
3.900000e-06	9.697315e-03	-1.372789e+01
3.910000e-06	2.608160e-02	-1.392589e+01
3.920000e-06	4.469145e-03	-1.401266e+01
3.930000e-06	9.347561e-03	-1.418108e+01
3.940000e-06	5.001051e-03	-1.429474e+01
3.950000e-06	2.117908e-02	-1.440358e+01
3.960000e-06	1.960939e-02	-1.452942e+01
3.970000e-06	1.766718e-02	-1.465506e+01
3.980000e-06	1.317608e-02	-1.472890e+01
3.990000e-06	1.298133e-02	-1.484519e+01
4.000000e-06	2.025257e-02	-1.490690e+01
4.010000e-06	1.354269e-02	-1.500413e+01
4.020000e-06	2.049505e-02	-1.508729e+01
4.030000e-06	1.688527e-02	-1.518150e+01
4.040000e-06	2.709632e-02	-1.522563e+01
4.050000e-06	1.705425e-02	-1.533581e+01
4.060000e-06	1.809782e-02	-1.535042e+01
4.070000e-06	1.385857e-02	-1.540358e+01
4.080000e-06	2.551281e-02	-1.546774e+01
4.090000e-06	2.780273e-02	-1.547837e+01
4.100000e-06	2.700076e-02	-1.551887e+01
4.110000e-06	2.495338e-02	-1.553010e+01
4.120000e-06	2.599364e-02	-1.560365e+01
4.130000e-06	3.017938e-02	-1.558161e+01
4.140000e-06	2.843982e-02	-1.563523e+01
4.150000e-06	2.995227e-02	-1.565521e+01
4.160000e-06	3.356072e-02	-1.565619e+01
4.170000e-06	4.224364e-02	-1.562568e+01
4.180000e-06	4.423956e-02	-1.562316e+01
4.190000e-06	4.392280e-02	-1.562413e+01
4.200000e-06	4.737192e-02	-1.560212e+01
4.210000e-06	5.802250e-02	-1.560308e+01
4.220000e-06	7.225681e-02	-1.551942e+01
4.230000e-06	8.459598e-02	-1.549749e+01
4.240000e-06	1.051986e-01	-1.545676e+01
4.250000e-06	1.403217e-01	-1.541263e+01
4.260000e-06	1.927301e-01	-1.537103e+01
4.270000e-06	2.384704e-01	-1.528782e+01
4.280000e-06	2.500000e-01	-1.526318e+01
4.290000e-06	2.500000e-01	-1.517197e+01
4.300000e-06	2.485975e-01	-1.510844e+01
4.310000e-06	2.145077e-01	-1.498058e+01
4.320000e-06	1.476234e-01	-1.490939e+01
4.330000e-06	9.968581e-02	-1.484574e+01
4.340000e-06	7.253425e-02	-1.472955e+01
4.350000e-06	5.702490e-02	-1.467478e+01
4.360000e-06	4.194038e-02	-1.455955e+01
4.370000e-06	3.108156e-02	-1.446371e+01
4.380000e-06	2.540761e-02	-1.428834e+01
4.390000e-06	2.297812e-02	-1.416153e+01
4.400000e-06	1.995175e-02	-1.403473e+01
4.410000e-06	1.438626e-02	-1.387944e+01
4.420000e-06	1.344948e-02	-1.377002e+01
4.430000e-06	1.406248e-02	-1.363216e+01
4.440000e-06	1.493223e-02	-1.346584e+01
4.450000e-06	1.030384e-02	-1.332746e+01
4.460000e-06	6.657147e-03	-1.317952e+01
4.470000e-06	6.393174e-03	-1.302313e+01
4.480000e-06	8.869189e-03	-1.285471e+01
4.490000e-06	8.320383e-03	-1.265679e+01
4.500000e-06	5.588066e-03	-1.250789e+01
4.510000e-06	4.827934e-03	-1.232882e+01
4.520000e-06	6.530917e-03	-1.217050e+01
4.530000e-06	5.010980e-03	-1.200047e+01
4.540000e-06	3.504234e-03	-1.171850e+01
4.550000e-06	5.973667e-04	-1.153887e+01
4.560000e-06	2.546894e-03	-1.125784e+01
4.570000e-06	4.475968e-03	-1.105676e+01
4.580000e-06	4.282121e-03	-1.081621e+01
4.590000e-06	1.627313e-03	-1.063376e+01
4.600000e-06	1.617522e-03	-1.049568e+01
4.610000e-06	1.818572e-03	-1.023320e+01
4.620000e-06	1.334218e-03	-9.992229e+00
4.630000e-06	-1.631345e-03	-9.811575e+00
4.640000e-06	-5.945966e-04	-9.581557e+00
4.650000e-06	-8.616757e-04	-9.338496e+00
4.660000e-06	3.189766e-03	-9.077339e+00
4.670000e-06	-8.256746e-04	-8.905366e+00
4.680000e-06	-1.493674e-03	-8.624179e+00
4.690000e-06	-2.651242e-03	-8.421702e+00
4.700000e-06	-1.659892e-03	-8.180018e+00
4.710000e-06	-1.206687e-03	-7.876759e+00
4.720000e-06	-4.138236e-03	-7.620723e+00
4.730000e-06	-3.146730e-03	-7.338492e+00
4.740000e-06	-3.284536e-03	-7.066363e+00
4.750000e-06	-1.700634e-03	-6.803100e+00
4.760000e-06	-3.881757e-03	-6.549471e+00
4.770000e-06	-3.917293e-03	-6.286885e+00
4.780000e-06	-3.783368e-03	-6.010605e+00
4.790000e-06	-4.905538e-03	-5.740118e+00
4.800000e-06	-4.465831e-03	-5.467828e+00
4.810000e-06	-7.997901e-03	-5.171021e+00
4.820000e-06	-5.578889e-03	-4.873703e+00
4.830000e-06	-5.297638e-03	-4.537039e+00
4.840000e-06	-4.417306e-03	-4.318390e+00
4.850000e-06	-5.105724e-03	-4.084732e+00
4.860000e-06	-7.027868e-03	-3.769521e+00
4.870000e-06	-7.320276e-03	-3.486786e+00
4.880000e-06	-7.453575e-03	-3.232629e+00
4.890000e-06	-7.043604e-03	-2.877364e+00
4.900000e-06	-8.563471e-03	-2.651249e+00
4.910000e-06	-7.080937e-03	-2.358014e+00
4.920000e-06	-6.209086e-03	-2.062679e+00
4.930000e-06	-5.582422e-03	-1.771021e+00
4.940000e-06	-8.707487e-03	-1.515882e+00
4.950000e-06	-8.933316e-03	-1.138413e+00
4.960000e-06	-9.458270e-03	-8.262065e-01
4.970000e-06	-8.103415e-03	-5.574886e-01
4.980000e-06	-8.480852e-03	-2.648592e-01
4.990000e-06	-7.014085e-03	-1.117744e-02
5.000000e-06	5.442072e-03	3.141893e-01
5.010000e-06	-2.531295e-03	5.272959e-01
5.020000e-06	2.207817e-03	7.688713e-01
5.030000e-06	-4.347425e-03	1.105690e+00
5.040000e-06	-1.876117e-03	1.368353e+00
5.050000e-06	-4.246330e-03	1.734212e+00
5.060000e-06	7.601909e-03	1.916793e+00
5.070000e-06	3.149916e-02	2.147821e+00
5.080000e-06	9.211387e-02	2.473617e+00
5.090000e-06	-3.234386e-02	2.861480e+00
5.100000e-06	-5.595712e-02	3.105743e+00
5.110000e-06	-3.808233e-02	3.420404e+00
5.120000e-06	-2.309117e-02	3.675737e+00
5.130000e-06	-5.986702e-02	3.925868e+00
5.140000e-06	-3.832417e-02	4.148295e+00
5.150000e-06	1.109161e-01	4.440983e+00
5.160000e-06	-5.621551e-02	4.718341e+00
5.170000e-06	2.464395e-02	4.968379e+00
5.180000e-06	7.624749e-02	5.305213e+00
5.190000e-06	-1.279539e-01	5.598421e+00
5.200000e-06	6.708212e-02	5.843538e+00
5.210000e-06	-5.280476e-02	6.147270e+00
5.220000e-06	4.569758e-02	6.367896e+00
5.230000e-06	-7.510897e-03	6.663214e+00
5.240000e-06	-4.268278e-02	6.928321e+00
5.250000e-06	3.092081e-02	7.190404e+00
5.260000e-06	-5.417225e-02	7.465742e+00
5.270000e-06	3.961929e-02	7.801002e+00
5.280000e-06	-5.984851e-02	8.063088e+00
5.290000e-06	3.757508e-02	8.317295e+00
5.300000e-06	7.174561e-03	8.547770e+00
5.310000e-06	-2.378422e-02	8.707877e+00
5.320000e-06	6.719831e-03	9.020530e+00
5.330000e-06	-5.934212e-02	9.233137e+00
5.340000e-06	2.716272e-02	9.464665e+00
5.350000e-06	-1.354633e-02	9.717845e+00
5.360000e-06	1.975494e-02	9.938846e+00
5.370000e-06	-3.536479e-02	1.018993e+01
5.380000e-06	-1.674720e-03	1.042083e+01
5.390000e-06	-4.238650e-03	1.057103e+01
5.400000e-06	-2.127576e-02	1.080053e+01
5.410000e-06	-1.025926e-02	1.103256e+01
5.420000e-06	-2.422616e-02	1.119266e+01
5.430000e-06	1.637698e-02	1.149462e+01
5.440000e-06	-1.499809e-02	1.165362e+01
5.450000e-06	-8.683199e-03	1.184514e+01
5.460000e-06	-3.542156e-02	1.206524e+01
5.470000e-06	-2.592403e-04	1.229559e+01
5.480000e-06	-4.219037e-03	1.244511e+01
5.490000e-06	-4.713345e-03	1.261106e+01
5.500000e-06	-2.300916e-02	1.277193e+01
5.510000e-06	-2.123349e-02	1.292739e+01
5.520000e-06	-7.320214e-03	1.310724e+01
5.530000e-06	-1.718657e-02	1.325424e+01
5.540000e-06	-1.806289e-02	1.342303e+01
5.550000e-06	-2.429665e-02	1.357045e+01
5.560000e-06	7.570768e-04	1.369782e+01
5.570000e-06	-1.061065e-02	1.384821e+01
5.580000e-06	-1.857989e-02	1.401448e+01
5.590000e-06	-3.469184e-02	1.412000e+01
5.600000e-06	-1.988836e-02	1.429885e+01
5.610000e-06	-1.117988e-02	1.440311e+01
5.620000e-06	-1.514449e-02	1.452732e+01
5.630000e-06	-2.324955e-02	1.462411e+01
5.640000e-06	-2.485516e-02	1.474885e+01
5.650000e-06	-1.121340e-02	1.481313e+01
5.660000e-06	-2.109699e-02	1.489674e+01
5.670000e-06	-2.540133e-02	1.500248e+01
5.680000e-06	-3.254350e-02	1.505479e+01
5.690000e-06	-1.874613e-02	1.514837e+01
5.700000e-06	-1.812829e-02	1.518263e+01
5.710000e-06	-2.710247e-02	1.526581e+01
5.720000e-06	-3.634680e-02	1.530847e+01
5.730000e-06	-3.304418e-02	1.535100e+01
5.740000e-06	-2.054675e-02	1.540471e+01
5.750000e-06	-2.646776e-02	1.549674e+01
5.760000e-06	-3.182522e-02	1.553785e+01
5.770000e-06	-3.708170e-02	1.553847e+01
5.780000e-06	-2.899346e-02	1.560953e+01
5.790000e-06	-3.336857e-02	1.559108e+01
5.800000e-06	-4.283523e-02	1.561255e+01
5.810000e-06	-4.778726e-02	1.560253e+01
5.820000e-06	-4.261886e-02	1.565315e+01
5.830000e-06	-3.742777e-02	1.560258e+01
5.840000e-06	-4.847245e-02	1.560365e+01
5.850000e-06	-5.861945e-02	1.559045e+01
5.860000e-06	-6.614862e-02	1.559952e+01
5.870000e-06	-6.562943e-02	1.556995e+01
5.880000e-06	-7.897288e-02	1.549677e+01
5.890000e-06	-1.021509e-01	1.542569e+01
5.900000e-06	-1.282056e-01	1.541371e+01
5.910000e-06	-1.620700e-01	1.537045e+01
5.920000e-06	-2.129444e-01	1.530729e+01
5.930000e-06	-2.464296e-01	1.526579e+01
5.940000e-06	-2.500000e-01	1.519310e+01
5.950000e-06	-2.500000e-01	1.514997e+01
5.960000e-06	-2.442116e-01	1.505676e+01
5.970000e-06	-1.948732e-01	1.496047e+01
5.980000e-06	-1.408403e-01	1.489426e+01
5.990000e-06	-1.019774e-01	1.480008e+01
6.000000e-06	-7.184402e-02	1.467629e+01
6.010000e-06	-5.465040e-02	1.457143e+01
6.020000e-06	-4.935785e-02	1.447686e+01
6.030000e-06	-4.229555e-02	1.438195e+01
6.040000e-06	-3.343163e-02	1.426273e+01
6.050000e-06	-2.572488e-02	1.411787e+01
6.060000e-06	-2.797326e-02	1.397098e+01
6.070000e-06	-2.977553e-02	1.380421e+01
6.080000e-06	-2.539283e-02	1.367882e+01
6.090000e-06	-1.951958e-02	1.354755e+01
6.100000e-06	-1.832920e-02	1.341150e+01
6.110000e-06	-2.340957e-02	1.327368e+01
6.120000e-06	-2.211256e-02	1.306626e+01
6.130000e-06	-1.749201e-02	1.288797e+01
6.140000e-06	-1.363993e-02	1.275997e+01
6.150000e-06	-1.824200e-02	1.262305e+01
6.160000e-06	-1.961575e-02	1.242214e+01
6.170000e-06	-1.587996e-02	1.223528e+01
6.180000e-06	-1.217013e-02	1.208629e+01
6.190000e-06	-1.472219e-02	1.186571e+01
6.200000e-06	-1.928139e-02	1.165629e+01
6.210000e-06	-1.797001e-02	1.142478e+01
6.220000e-06	-1.162722e-02	1.127418e+01
6.230000e-06	-1.030071e-02	1.101365e+01
6.240000e-06	-1.435795e-02	1.084410e+01
6.250000e-06	-1.528523e-02	1.059102e+01
6.260000e-06	-1.190384e-02	1.037155e+01
6.270000e-06	-1.008046e-02	1.018000e+01
6.280000e-06	-1.255291e-02	9.968942e+00
6.290000e-06	-1.593033e-02	9.717338e+00
6.300000e-06	-1.206686e-02	9.475712e+00
6.310000e-06	-9.969180e-03	9.255134e+00
6.320000e-06	-9.127682e-03	9.010625e+00
6.330000e-06	-1.412172e-02	8.748471e+00
6.340000e-06	-1.296996e-02	8.529416e+00
6.350000e-06	-8.721243e-03	8.305386e+00
6.360000e-06	-7.639421e-03	8.043255e+00
6.370000e-06	-1.018787e-02	7.760071e+00
6.380000e-06	-1.261011e-02	7.537941e+00
6.390000e-06	-1.044123e-02	7.293751e+00
6.400000e-06	-8.966048e-03	6.993095e+00
6.410000e-06	-9.377270e-03	6.737392e+00
6.420000e-06	-1.239977e-02	6.475254e+00
6.430000e-06	-9.595878e-03	6.179549e+00
6.440000e-06	-6.599098e-03	5.948442e+00
6.450000e-06	-6.006050e-03	5.684260e+00
6.460000e-06	-9.861989e-03	5.401022e+00
6.470000e-06	-1.033313e-02	5.056236e+00
6.480000e-06	-7.796251e-03	4.747915e+00
6.490000e-06	-6.865949e-03	4.485813e+00
6.500000e-06	-8.127372e-03	4.211153e+00
6.510000e-06	-1.008995e-02	3.917361e+00
6.520000e-06	-7.595410e-03	3.653762e+00
6.530000e-06	-5.660581e-03	3.402101e+00
6.540000e-06	-5.700307e-03	3.085287e+00
6.550000e-06	-7.875025e-03	2.820578e+00
6.560000e-06	-7.498635e-03	2.517438e+00
6.570000e-06	-5.635405e-03	2.220199e+00
6.580000e-06	-5.168110e-03	1.958477e+00
6.590000e-06	-7.226532e-03	1.694204e+00
6.600000e-06	-8.355014e-03	1.349943e+00
6.610000e-06	-6.841404e-03	1.042721e+00
6.620000e-06	-4.301821e-03	7.173383e-01
6.630000e-06	-4.646375e-03	4.642040e-01
6.640000e-06	-4.713379e-03	1.280170e-01
6.650000e-06	-1.837180e-03	-1.352921e-01
6.660000e-06	1.128964e-02	-3.994476e-01
6.670000e-06	-1.457502e-03	-6.630870e-01
6.680000e-06	3.818972e-03	-9.263172e-01
6.690000e-06	-3.744308e-03	-1.210925e+00
6.700000e-06	2.332816e-03	-1.495767e+00
6.710000e-06	1.460225e-03	-1.778844e+00
6.720000e-06	2.978835e-02	-1.989950e+00
6.730000e-06	1.062758e-01	-2.253662e+00
6.740000e-06	7.138249e-03	-2.663533e+00
6.750000e-06	-5.383158e-02	-3.064068e+00
6.760000e-06	-1.854862e-02	-3.377898e+00
6.770000e-06	-3.409342e-02	-3.607249e+00
6.780000e-06	-6.433504e-02	-3.853534e+00
6.790000e-06	1.216340e-02	-4.012983e+00
6.800000e-06	1.390505e-01	-4.220429e+00
6.810000e-06	-1.612441e-01	-4.527172e+00
6.820000e-06	1.684450e-01	-4.832055e+00
6.830000e-06	-8.178845e-02	-5.084688e+00
6.840000e-06	-2.749687e-03	-5.495663e+00
6.850000e-06	6.048524e-02	-5.664666e+00
6.860000e-06	-1.328116e-01	-5.990903e+00
6.870000e-06	1.779342e-01	-6.242038e+00
6.880000e-06	-1.015099e-01	-6.537691e+00
6.890000e-06	7.326847e-02	-6.802580e+00
6.900000e-06	-1.573502e-02	-7.084687e+00
6.910000e-06	-5.141475e-02	-7.379901e+00
6.920000e-06	9.528658e-02	-7.591000e+00
6.930000e-06	-9.943850e-02	-7.886720e+00
6.940000e-06	1.304481e-01	-8.160424e+00
6.950000e-06	-6.914839e-02	-8.391426e+00
6.960000e-06	4.888554e-02	-8.656208e+00
6.970000e-06	4.575109e-03	-8.896819e+00
6.980000e-06	-5.626026e-02	-9.159919e+00
6.990000e-06	6.826480e-02	-9.360380e+00
7.000000e-06	-5.338646e-02	-9.591481e+00
7.010000e-06	1.067022e-01	-9.793057e+00
7.020000e-06	-6.204605e-02	-1.006606e+01
7.030000e-06	6.093551e-02	-1.031579e+01
7.040000e-06	-4.349967e-02	-1.053879e+01
7.050000e-06	2.751528e-02	-1.072942e+01
7.060000e-06	6.031971e-03	-1.093832e+01
7.070000e-06	-8.955608e-04	-1.115982e+01
7.080000e-06	3.789157e-02	-1.134037e+01
7.090000e-06	-1.413447e-02	-1.159103e+01
7.100000e-06	4.180567e-02	-1.178200e+01
7.110000e-06	-3.188099e-02	-1.199256e+01
7.120000e-06	3.413092e-02	-1.217100e+01
7.130000e-06	-1.081215e-02	-1.233995e+01
7.140000e-06	4.521648e-02	-1.252937e+01
7.150000e-06	-3.167349e-03	-1.271832e+01
7.160000e-06	1.670867e-02	-1.290682e+01
7.170000e-06	-3.146897e-03	-1.305366e+01
7.180000e-06	1.436960e-02	-1.325201e+01
7.190000e-06	1.071853e-02	-1.333140e+01
7.200000e-06	1.230735e-02	-1.351880e+01
7.210000e-06	2.104218e-02	-1.359522e+01
7.220000e-06	1.496614e-02	-1.380313e+01
7.230000e-06	1.920591e-02	-1.399055e+01
7.240000e-06	3.595937e-04	-1.409779e+01
7.250000e-06	9.285069e-03	-1.421313e+01
7.260000e-06	9.376730e-03	-1.435990e+01
7.270000e-06	2.664370e-02	-1.449619e+01
7.280000e-06	1.678780e-02	-1.460245e+01
7.290000e-06	2.030011e-02	-1.464627e+01
7.300000e-06	9.440699e-03	-1.476097e+01
7.310000e-06	1.985883e-02	-1.488624e+01
7.320000e-06	1.402294e-02	-1.495192e+01
7.330000e-06	1.714446e-02	-1.499521e+01
7.340000e-06	1.601276e-02	-1.511889e+01
7.350000e-06	2.338354e-02	-1.518303e+01
7.360000e-06	2.288759e-02	-1.526721e+01
7.370000e-06	1.698466e-02	-1.531880e+01
7.380000e-06	1.583406e-02	-1.538193e+01
7.390000e-06	1.889369e-02	-1.540413e+01
7.400000e-06	2.915787e-02	-1.549729e+01
7.410000e-06	2.709248e-02	-1.551943e+01
7.420000e-06	2.694558e-02	-1.550947e+01
7.430000e-06	2.343455e-02	-1.557446e+01
7.440000e-06	2.787970e-02	-1.562208e+01
7.450000e-06	2.708522e-02	-1.563521e+01
7.460000e-06	2.886872e-02	-1.565361e+01
7.470000e-06	3.141640e-02	-1.564419e+01
7.480000e-06	3.982239e-02	-1.565606e+01
7.490000e-06	4.574058e-02	-1.563358e+01
7.500000e-06	4.601079e-02	-1.564565e+01
7.510000e-06	4.495321e-02	-1.559308e+01
7.520000e-06	5.217303e-02	-1.557113e+01
7.530000e-06	6.393051e-02	-1.555157e+01
7.540000e-06	7.695699e-02	-1.549797e+01
7.550000e-06	9.258575e-02	-1.548781e+01
7.560000e-06	1.209918e-01	-1.542575e+01
7.570000e-06	1.679142e-01	-1.541050e+01
7.580000e-06	2.206592e-01	-1.534744e+01
7.590000e-06	2.475949e-01	-1.528369e+01
7.600000e-06	2.500000e-01	-1.521211e+01
7.610000e-06	2.500000e-01	-1.512947e+01
7.620000e-06	2.387555e-01	-1.507421e+01
7.630000e-06	1.780762e-01	-1.495249e+01
7.640000e-06	1.202759e-01	-1.489736e+01
7.650000e-06	8.079802e-02	-1.482253e+01
7.660000e-06	6.481228e-02	-1.470789e+01
7.670000e-06	4.627409e-02	-1.460258e+01
7.680000e-06	3.736926e-02	-1.449686e+01
7.690000e-06	2.889531e-02	-1.442262e+01
7.700000e-06	2.610478e-02	-1.423168e+01
7.710000e-06	2.276629e-02	-1.411784e+01
7.720000e-06	1.746409e-02	-1.398200e+01
7.730000e-06	1.294367e-02	-1.384368e+01
7.740000e-06	1.275516e-02	-1.368726e+01
7.750000e-06	1.354102e-02	-1.355844e+01
7.760000e-06	1.206242e-02	-1.337853e+01
7.770000e-06	8.938841e-03	-1.323371e+01
7.780000e-06	7.082326e-03	-1.306729e+01
7.790000e-06	8.551328e-03	-1.290892e+01
7.800000e-06	9.599342e-03	-1.278144e+01
7.810000e-06	7.445756e-03	-1.256163e+01
7.820000e-06	4.759510e-03	-1.244358e+01
7.830000e-06	5.424897e-03	-1.226379e+01
7.840000e-06	5.232781e-03	-1.207471e+01
7.850000e-06	2.504043e-03	-1.183368e+01
7.860000e-06	1.635239e-03	-1.160430e+01
7.870000e-06	1.740257e-03	-1.141200e+01
7.880000e-06	5.184563e-03	-1.113003e+01
7.890000e-06	4.896754e-03	-1.098052e+01
7.900000e-06	2.779634e-03	-1.077045e+01
7.910000e-06	6.305304e-04	-1.059108e+01
7.920000e-06	5.092220e-04	-1.029897e+01
7.930000e-06	1.503870e-03	-1.009742e+01
7.940000e-06	-8.407551e-04	-9.916288e+00
7.950000e-06	-1.547519e-03	-9.676390e+00
7.960000e-06	-3.312988e-04	-9.504710e+00
7.970000e-06	1.710453e-03	-9.182203e+00
7.980000e-06	-3.045659e-04	-9.009175e+00
7.990000e-06	-1.771982e-03	-8.780975e+00
8.000000e-06	-2.497913e-03	-8.527864e+00
8.010000e-06	-1.474504e-03	-8.275811e+00
8.020000e-06	-1.674716e-03	-8.041729e+00
8.030000e-06	-3.567020e-03	-7.748497e+00
8.040000e-06	-4.641075e-03	-7.453308e+00
8.050000e-06	-2.557569e-03	-7.233128e+00
8.060000e-06	-3.193216e-03	-6.939445e+00
8.070000e-06	-3.280916e-03	-6.715756e+00
8.080000e-06	-4.687909e-03	-6.443203e+00
8.090000e-06	-3.779504e-03	-6.188970e+00
8.100000e-06	-4.069617e-03	-5.906283e+00
8.110000e-06	-4.481402e-03	-5.590629e+00
8.120000e-06	-6.033247e-03	-5.305962e+00
8.130000e-06	-7.066777e-03	-5.021124e+00
8.140000e-06	-5.263637e-03	-4.692884e+00
8.150000e-06	-5.089530e-03	-4.421629e+00
8.160000e-06	-6.213541e-03	-4.200501e+00
8.170000e-06	-6.449765e-03	-3.915938e+00
8.180000e-06	-6.336175e-03	-3.601121e+00
8.190000e-06	-6.462031e-03	-3.338992e+00
8.200000e-06	-8.121841e-03	-3.055279e+00
8.210000e-06	-7.898866e-03	-2.779445e+00
8.220000e-06	-7.506803e-03	-2.486861e+00
8.230000e-06	-6.124898e-03	-2.239645e+00
8.240000e-06	-7.290556e-03	-1.907311e+00
8.250000e-06	-8.224243e-03	-1.641653e+00
8.260000e-06	-9.497392e-03	-1.314337e+00
8.270000e-06	-8.201384e-03	-1.021073e+00
8.280000e-06	-7.248927e-03	-7.179142e-01
8.290000e-06	-7.924291e-03	-4.205498e-01
8.300000e-06	-7.096417e-03	-1.269409e-01
8.310000e-06	-8.555676e-04	1.167747e-01
8.320000e-06	4.074432e-03	4.519805e-01
8.330000e-06	-5.188316e-03	6.646617e-01
8.340000e-06	3.421524e-04	9.402984e-01
8.350000e-06	-5.458924e-03	1.252632e+00
8.360000e-06	-4.641287e-04	1.546301e+00
8.370000e-06	-1.488909e-03	1.832533e+00
8.380000e-06	1.734043e-02	2.052558e+00
8.390000e-06	6.982443e-02	2.315222e+00
8.400000e-06	5.243905e-02	2.674088e+00
8.410000e-06	-7.606119e-02	2.959351e+00
8.420000e-06	-3.437045e-02	3.244612e+00
8.430000e-06	-3.875064e-02	3.568378e+00
8.440000e-06	-2.539152e-02	3.811929e+00
8.450000e-06	-7.253620e-02	4.001000e+00
8.460000e-06	4.496379e-02	4.253089e+00
8.470000e-06	7.258497e-02	4.559380e+00
8.480000e-06	-1.043067e-01	4.824534e+00
8.490000e-06	1.551568e-01	5.127267e+00
8.500000e-06	-1.048259e-01	5.442664e+00
8.510000e-06	-5.314448e-03	5.726772e+00
8.520000e-06	1.386826e-02	5.962005e+00
8.530000e-06	-2.986097e-02	6.232162e+00
8.540000e-06	6.305009e-02	6.547296e+00
8.550000e-06	-7.411190e-02	6.810584e+00
8.560000e-06	3.332116e-02	7.055738e+00
8.570000e-06	-3.834988e-02	7.359429e+00
8.580000e-06	1.097402e-02	7.643134e+00
8.590000e-06	-1.468224e-02	7.909805e+00
8.600000e-06	-2.282180e-02	8.192004e+00
8.610000e-06	4.620559e-02	8.443106e+00
8.620000e-06	-2.830806e-02	8.624108e+00
8.630000e-06	2.825128e-03	8.915640e+00
8.640000e-06	-3.523340e-02	9.137242e+00
8.650000e-06	-2.234199e-02	9.378975e+00
8.660000e-06	2.096546e-02	9.590924e+00
8.670000e-06	-1.493963e-03	9.833037e+00
8.680000e-06	-7.989934e-04	1.007471e+01
8.690000e-06	-2.800239e-02	1.025624e+01
8.700000e-06	7.393481e-03	1.050624e+01
8.710000e-06	-1.966645e-02	1.072829e+01
8.720000e-06	-1.789292e-02	1.092785e+01
8.730000e-06	-1.993513e-02	1.111885e+01
8.740000e-06	-3.686164e-03	1.134938e+01
8.750000e-06	9.268783e-03	1.155993e+01
8.760000e-06	-1.476272e-02	1.175895e+01
8.770000e-06	-2.168439e-02	1.196145e+01
8.780000e-06	-2.106340e-02	1.212997e+01
8.790000e-06	2.308505e-05	1.236037e+01
8.800000e-06	-5.373603e-03	1.253729e+01
8.810000e-06	-1.768694e-02	1.268825e+01
8.820000e-06	-2.210328e-02	1.285484e+01
8.830000e-06	-1.430174e-02	1.298306e+01
8.840000e-06	-7.524524e-03	1.318298e+01
8.850000e-06	-1.980676e-02	1.335898e+01
8.860000e-06	-2.125463e-02	1.352729e+01
8.870000e-06	-1.080390e-02	1.364613e+01
8.880000e-06	-2.704486e-03	1.379208e+01
8.890000e-06	-1.209893e-02	1.393734e+01
8.900000e-06	-3.486274e-02	1.407577e+01
8.910000e-06	-2.479795e-02	1.424264e+01
8.920000e-06	-1.902048e-02	1.436945e+01
8.930000e-06	-6.308721e-03	1.450671e+01
8.940000e-06	-2.026632e-02	1.460098e+01
8.950000e-06	-2.415677e-02	1.468674e+01
8.960000e-06	-1.482366e-02	1.477995e+01
8.970000e-06	-1.774015e-02	1.484568e+01
8.980000e-06	-2.348510e-02	1.494042e+01
8.990000e-06	-3.637660e-02	1.500363e+01
9.000000e-06	-2.133288e-02	1.511832e+01
9.010000e-06	-1.634077e-02	1.518160e+01
9.020000e-06	-1.637901e-02	1.524413e+01
9.030000e-06	-3.393788e-02	1.529574e+01
9.040000e-06	-3.456616e-02	1.532150e+01
9.050000e-06	-2.797802e-02	1.542358e+01
9.060000e-06	-2.351801e-02	1.545568e+01
9.070000e-06	-3.099613e-02	1.553932e+01
9.080000e-06	-3.720323e-02	1.554095e+01
9.090000e-06	-2.945842e-02	1.557051e+01
9.100000e-06	-3.043270e-02	1.560150e+01
9.110000e-06	-3.599483e-02	1.559053e+01
9.120000e-06	-4.926509e-02	1.559256e+01
9.130000e-06	-4.389954e-02	1.562161e+01
9.140000e-06	-3.974254e-02	1.562213e+01
9.150000e-06	-4.040576e-02	1.561158e+01
9.160000e-06	-5.572908e-02	1.560150e+01
9.170000e-06	-6.510023e-02	1.560960e+01
9.180000e-06	-6.454392e-02	1.554045e+01
9.190000e-06	-7.139106e-02	1.555887e+01
9.200000e-06	-8.807399e-02	1.548679e+01
9.210000e-06	-1.157173e-01	1.543518e+01
9.220000e-06	-1.424624e-01	1.536250e+01
9.230000e-06	-1.870356e-01	1.535937e+01
9.240000e-06	-2.359749e-01	1.527586e+01
9.250000e-06	-2.500000e-01	1.524468e+01
9.260000e-06	-2.500000e-01	1.517155e+01
9.270000e-06	-2.494983e-01	1.506574e+01
9.280000e-06	-2.208888e-01	1.501313e+01
9.290000e-06	-1.634385e-01	1.488692e+01
9.300000e-06	-1.192524e-01	1.486473e+01
9.310000e-06	-8.289095e-02	1.475999e+01
9.320000e-06	-6.151077e-02	1.462518e+01
9.330000e-06	-5.006164e-02	1.452889e+01
9.340000e-06	-4.769986e-02	1.441376e+01
9.350000e-06	-3.900402e-02	1.430746e+01
9.360000e-06	-2.953607e-02	1.417053e+01
9.370000e-06	-2.580692e-02	1.405434e+01
9.380000e-06	-2.895598e-02	1.390889e+01
9.390000e-06	-2.885312e-02	1.371947e+01
9.400000e-06	-2.137348e-02	1.364266e+01
9.410000e-06	-1.766946e-02	1.344721e+01
9.420000e-06	-2.020650e-02	1.330742e+01
9.430000e-06	-2.365477e-02	1.318097e+01
9.440000e-06	-2.112816e-02	1.295055e+01
9.450000e-06	-1.553377e-02	1.285426e+01
9.460000e-06	-1.648570e-02	1.261418e+01
9.470000e-06	-1.939899e-02	1.250636e+01
9.480000e-06	-1.964791e-02	1.232845e+01
9.490000e-06	-1.283445e-02	1.212852e+01
9.500000e-06	-1.194908e-02	1.194997e+01
9.510000e-06	-1.609330e-02	1.172955e+01
9.520000e-06	-1.940792e-02	1.155899e+01
9.530000e-06	-1.599184e-02	1.128995e+01
9.540000e-06	-1.105753e-02	1.108687e+01
9.550000e-06	-1.273015e-02	1.092744e+01
9.560000e-06	-1.535720e-02	1.072839e+01
9.570000e-06	-1.407777e-02	1.047950e+01
9.580000e-06	-1.077962e-02	1.026576e+01
9.590000e-06	-1.123749e-02	1.004428e+01
9.600000e-06	-1.359900e-02	9.783126e+00
9.610000e-06	-1.406938e-02	9.581099e+00
9.620000e-06	-1.126219e-02	9.359521e+00
9.630000e-06	-9.640613e-03	9.098416e+00
9.640000e-06	-1.206560e-02	8.857391e+00
9.650000e-06	-1.439141e-02	8.633179e+00
9.660000e-06	-1.259841e-02	8.433581e+00
9.670000e-06	-7.709605e-03	8.189096e+00
9.680000e-06	-7.848826e-03	7.884836e+00
9.690000e-06	-1.028047e-02	7.654307e+00
9.700000e-06	-1.076159e-02	7.390122e+00
9.710000e-06	-8.089530e-03	7.076863e+00
9.720000e-06	-8.779144e-03	6.895282e+00
9.730000e-06	-1.125918e-02	6.571604e+00
9.740000e-06	-1.164568e-02	6.346387e+00
9.750000e-06	-9.171502e-03	6.085285e+00
9.760000e-06	-6.413017e-03	5.782108e+00
9.770000e-06	-7.191417e-03	5.519390e+00
9.780000e-06	-9.444153e-03	5.243729e+00
9.790000e-06	-9.597655e-03	4.895886e+00
9.800000e-06	-6.853389e-03	4.611103e+00
9.810000e-06	-6.845924e-03	4.339392e+00
9.820000e-06	-8.380232e-03	4.021758e+00
9.830000e-06	-9.996793e-03	3.770045e+00
9.840000e-06	-7.861777e-03	3.525890e+00
9.850000e-06	-6.259780e-03	3.221072e+00
9.860000e-06	-7.482165e-03	2.956866e+00
9.870000e-06	-8.308444e-03	2.686758e+00
9.880000e-06	-7.782629e-03	2.339516e+00
9.890000e-06	-4.565521e-03	2.074208e+00
9.900000e-06	-4.972366e-03	1.818175e+00
9.910000e-06	-7.058747e-03	1.475269e+00
9.920000e-06	-8.218194e-03	1.190677e+00
9.930000e-06	-6.253984e-03	8.623025e-01
9.940000e-06	-4.306842e-03	5.890210e-01
9.950000e-06	-5.180838e-03	3.049105e-01
9.960000e-06	-4.283813e-03	-1.043033e-02
9.970000e-06	4.502007e-03	-2.645630e-01
9.980000e-06	7.356561e-03	-5.457172e-01
9.990000e-06	-4.687478e-04	-8.309540e-01
1.000000e-05	1.503201e-04	-1.094086e+00
1.001000e-05	-2.311885e-03	-1.419004e+00
1.002000e-05	1.069959e-03	-1.642585e+00
1.003000e-05	1.325518e-02	-1.903666e+00
1.004000e-05	6.237627e-02	-2.156768e+00
1.005000e-05	9.478297e-02	-2.454612e+00
1.006000e-05	-7.032278e-02	-2.895586e+00
1.007000e-05	-1.040435e-02	-3.262534e+00
1.008000e-05	-4.377807e-02	-3.504235e+00
1.009000e-05	-2.616441e-02	-3.714212e+00
1.010000e-05	-8.724593e-02	-3.927850e+00
1.011000e-05	1.578423e-01	-4.116240e+00
1.012000e-05	-6.871724e-02	-4.349373e+00
1.013000e-05	2.094112e-02	-4.715712e+00
1.014000e-05	1.233146e-01	-4.916694e+00
1.015000e-05	-1.628733e-01	-5.295247e+00
1.016000e-05	1.500796e-01	-5.569901e+00
1.017000e-05	-1.315591e-01	-5.831483e+00
1.018000e-05	7.517692e-02	-6.145401e+00
1.019000e-05	5.023044e-02	-6.349799e+00
1.020000e-05	-7.242633e-02	-6.705165e+00
1.021000e-05	1.163592e-01	-6.978924e+00
1.022000e-05	-1.290958e-01	-7.203008e+00
1.023000e-05	9.817265e-02	-7.487164e+00
1.024000e-05	-5.126930e-02	-7.778829e+00
1.025000e-05	2.677156e-02	-8.073616e+00
1.026000e-05	6.455123e-02	-8.262711e+00
1.027000e-05	-7.168797e-02	-8.558878e+00
1.028000e-05	1.048376e-01	-8.780529e+00
1.029000e-05	-1.050165e-01	-9.022604e+00
1.030000e-05	6.755669e-02	-9.246111e+00
1.031000e-05	-3.635245e-02	-9.485218e+00
1.032000e-05	5.463017e-02	-9.759400e+00
1.033000e-05	2.115707e-02	-9.938796e+00
1.034000e-05	-1.749050e-02	-1.022105e+01
1.035000e-05	3.890214e-02	-1.041306e+01
1.036000e-05	-5.085950e-02	-1.064364e+01
1.037000e-05	6.214519e-02	-1.081351e+01
1.038000e-05	-4.253755e-02	-1.104303e+01
1.039000e-05	5.944012e-02	-1.129357e+01
1.040000e-05	-1.980168e-02	-1.142524e+01
1.041000e-05	4.003997e-02	-1.169734e+01
1.042000e-05	-1.276135e-02	-1.190616e+01
1.043000e-05	9.202769e-03	-1.212829e+01
1.044000e-05	7.999197e-03	-1.227569e+01
1.045000e-05	1.528792e-02	-1.250516e+01
1.046000e-05	2.874385e-02	-1.263291e+01
1.047000e-05	-2.988749e-03	-1.280358e+01
1.048000e-05	1.667466e-02	-1.298948e+01
1.049000e-05	-5.434086e-03	-1.313793e+01
1.050000e-05	2.496878e-02	-1.328577e+01
1.051000e-05	6.277853e-04	-1.344466e+01
1.052000e-05	2.739944e-02	-1.356953e+01
1.053000e-05	9.271628e-03	-1.372837e+01
1.054000e-05	2.564428e-02	-1.387584e+01
1.055000e-05	1.464690e-03	-1.404411e+01
1.056000e-05	9.277214e-03	-1.413210e+01
1.057000e-05	3.979578e-03	-1.431566e+01
1.058000e-05	2.282868e-02	-1.442361e+01
1.059000e-05	2.031945e-02	-1.452837e+01
1.060000e-05	1.982347e-02	-1.464571e+01
1.061000e-05	1.418219e-02	-1.472840e+01
1.062000e-05	1.302417e-02	-1.483621e+01
1.063000e-05	1.830620e-02	-1.490739e+01
1.064000e-05	1.356374e-02	-1.498513e+01
1.065000e-05	1.725351e-02	-1.507632e+01
1.066000e-05	1.808115e-02	-1.520192e+01
1.067000e-05	2.521481e-02	-1.523464e+01
1.068000e-05	1.853424e-02	-1.526777e+01
1.069000e-05	2.027548e-02	-1.533795e+01
1.070000e-05	1.528497e-02	-1.539210e+01
1.071000e-05	2.837927e-02	-1.545572e+01
1.072000e-05	2.437095e-02	-1.548882e+01
1.073000e-05	2.555611e-02	-1.552995e+01
1.074000e-05	2.063113e-02	-1.559045e+01
1.075000e-05	2.500913e-02	-1.560313e+01
1.076000e-05	2.906996e-02	-1.560316e+01
1.077000e-05	2.992223e-02	-1.563479e+01
1.078000e-05	3.224317e-02	-1.565518e+01
1.079000e-05	3.729729e-02	-1.566369e+01
1.080000e-05	4.265015e-02	-1.563669e+01
1.081000e-05	4.240037e-02	-1.564574e+01
1.082000e-05	4.154202e-02	-1.561158e+01
1.083000e-05	4.721826e-02	-1.560205e+01
1.084000e-05	5.852178e-02	-1.558202e+01
1.085000e-05	7.189714e-02	-1.550994e+01
1.086000e-05	8.601095e-02	-1.546834e+01
1.087000e-05	1.072924e-01	-1.545426e+01
1.088000e-05	1.441680e-01	-1.544311e+01
1.089000e-05	1.967871e-01	-1.535100e+01
1.090000e-05	2.400345e-01	-1.530727e+01
1.091000e-05	2.500000e-01	-1.525371e+01
1.092000e-05	2.500000e-01	-1.513958e+01
1.093000e-05	2.482965e-01	-1.508581e+01
1.094000e-05	2.101329e-01	-1.495110e+01
1.095000e-05	1.448344e-01	-1.489789e+01
1.096000e-05	9.904935e-02	-1.483468e+01
1.097000e-05	7.210112e-02	-1.474895e+01
1.098000e-05	5.671208e-02	-1.466518e+01
1.099000e-05	4.123188e-02	-1.455947e+01
1.100000e-05	3.092644e-02	-1.443413e+01
1.101000e-05	2.524563e-02	-1.427782e+01
1.102000e-05	2.310127e-02	-1.418255e+01
1.103000e-05	2.001018e-02	-1.403378e+01
1.104000e-05	1.495877e-02	-1.388842e+01
1.105000e-05	1.363182e-02	-1.378000e+01
1.106000e-05	1.452427e-02	-1.362358e+01
1.107000e-05	1.457345e-02	-1.347421e+01
1.108000e-05	1.083971e-02	-1.328689e+01
1.109000e-05	6.995572e-03	-1.314955e+01
1.110000e-05	7.989002e-03	-1.302160e+01
1.111000e-05	9.311793e-03	-1.283408e+01
1.112000e-05	7.062356e-03	-1.265473e+01
1.113000e-05	4.854331e-03	-1.248739e+01
1.114000e-05	4.614855e-03	-1.229634e+01
1.115000e-05	6.238998e-03	-1.214992e+01
1.116000e-05	5.146837e-03	-1.196940e+01
1.117000e-05	3.045550e-03	-1.173944e+01
1.118000e-05	1.970479e-03	-1.152549e+01
1.119000e-05	3.838244e-03	-1.128686e+01
1.120000e-05	4.169771e-03	-1.105326e+01
1.121000e-05	2.325327e-03	-1.087421e+01
1.122000e-05	4.002158e-05	-1.067473e+01
1.123000e-05	3.519910e-04	-1.048478e+01
1.124000e-05	1.962462e-03	-1.018213e+01
1.125000e-05	1.326638e-03	-9.991602e+00
1.126000e-05	-5.421232e-04	-9.820625e+00
1.127000e-05	-1.876086e-03	-9.570548e+00
1.128000e-05	3.437943e-04	-9.307918e+00
1.129000e-05	1.877630e-04	-9.068342e+00
1.130000e-05	-1.975511e-03	-8.895792e+00
1.131000e-05	-2.701461e-03	-8.635198e+00
1.132000e-05	-2.207240e-03	-8.340098e+00
1.133000e-05	-4.357628e-04	-8.148487e+00
1.134000e-05	-2.530964e-03	-7.916391e+00
1.135000e-05	-4.347420e-03	-7.619499e+00
1.136000e-05	-3.915025e-03	-7.347992e+00
1.137000e-05	-3.452423e-03	-7.052759e+00
1.138000e-05	-3.984759e-03	-6.772648e+00
1.139000e-05	-5.315872e-03	-6.568392e+00
1.140000e-05	-4.135617e-03	-6.285761e+00
1.141000e-05	-4.079462e-03	-6.001550e+00
1.142000e-05	-4.631762e-03	-5.739468e+00
1.143000e-05	-5.126867e-03	-5.474757e+00
1.144000e-05	-6.926847e-03	-5.168973e+00
1.145000e-05	-5.293961e-03	-4.864730e+00
1.146000e-05	-5.273515e-03	-4.519441e+00
1.147000e-05	-6.072914e-03	-4.305338e+00
1.148000e-05	-6.898345e-03	-4.052755e+00
1.149000e-05	-6.883447e-03	-3.788495e+00
1.150000e-05	-5.896822e-03	-3.445311e+00
1.151000e-05	-7.907023e-03	-3.211600e+00
1.152000e-05	-7.623280e-03	-2.894909e+00
1.153000e-05	-8.335488e-03	-2.610625e+00
1.154000e-05	-5.257169e-03	-2.368391e+00
1.155000e-05	-6.651743e-03	-2.002129e+00
1.156000e-05	-7.346196e-03	-1.768941e+00
1.157000e-05	-9.749011e-03	-1.464305e+00
1.158000e-05	-8.310345e-03	-1.136814e+00
1.159000e-05	-8.259066e-03	-8.421778e-01
1.160000e-05	-8.020885e-03	-5.869911e-01
1.161000e-05	-7.970523e-03	-2.637330e-01
1.162000e-05	-4.956856e-03	-8.975808e-03
1.163000e-05	7.485725e-03	3.256696e-01
1.164000e-05	-3.423796e-03	5.478950e-01
1.165000e-05	4.593956e-04	8.094528e-01
1.166000e-05	-5.077196e-03	1.115640e+00
1.167000e-05	-9.452866e-04	1.378902e+00
1.168000e-05	-3.873626e-03	1.706270e+00
1.169000e-05	7.796686e-03	1.956370e+00
1.170000e-05	3.406828e-02	2.179375e+00
1.171000e-05	9.405007e-02	2.526189e+00
1.172000e-05	-3.833864e-02	2.832161e+00
1.173000e-05	-5.179310e-02	3.117275e+00
1.174000e-05	-4.043468e-02	3.411932e+00
1.175000e-05	-2.195594e-02	3.696316e+00
1.176000e-05	-6.289565e-02	3.918294e+00
1.177000e-05	-3.179855e-02	4.138850e+00
1.178000e-05	1.130347e-01	4.443483e+00
1.179000e-05	-6.792491e-02	4.705769e+00
1.180000e-05	4.474139e-02	4.960951e+00
1.181000e-05	5.983550e-02	5.328817e+00
1.182000e-05	-1.195457e-01	5.601549e+00
1.183000e-05	6.636786e-02	5.905138e+00
1.184000e-05	-5.609084e-02	6.119396e+00
1.185000e-05	5.247890e-02	6.359922e+00
1.186000e-05	-1.810484e-02	6.745192e+00
1.187000e-05	-3.586363e-02	7.008949e+00
1.188000e-05	2.488228e-02	7.233555e+00
1.189000e-05	-4.800350e-02	7.497265e+00
1.190000e-05	3.764714e-02	7.802504e+00
1.191000e-05	-5.938020e-02	8.094690e+00
1.192000e-05	4.112721e-02	8.367797e+00
1.193000e-05	3.296891e-03	8.559425e+00
1.194000e-05	-2.003771e-02	8.747896e+00
1.195000e-05	3.173186e-03	9.002438e+00
1.196000e-05	-5.988048e-02	9.214663e+00
1.197000e-05	2.753707e-02	9.436192e+00
1.198000e-05	-1.515409e-02	9.717774e+00
1.199000e-05	2.121585e-02	9.938297e+00
1.200000e-05	-3.663665e-02	1.019188e+01
1.201000e-05	1.877802e-03	1.040301e+01
1.202000e-05	-5.557550e-03	1.063963e+01
1.203000e-05	-2.101418e-02	1.083353e+01
1.204000e-05	-1.230344e-02	1.103416e+01
1.205000e-05	-2.533126e-02	1.126319e+01
1.206000e-05	1.689072e-02	1.149722e+01
1.207000e-05	-1.566949e-02	1.167519e+01
1.208000e-05	-8.473522e-03	1.188616e+01
1.209000e-05	-3.679655e-02	1.203476e+01
1.210000e-05	2.104186e-05	1.224571e+01
1.211000e-05	-4.842111e-03	1.245421e+01
1.212000e-05	-4.729083e-03	1.262301e+01
1.213000e-05	-2.262994e-02	1.282148e+01
1.214000e-05	-2.089012e-02	1.295091e+01
1.215000e-05	-6.223639e-03	1.310931e+01
1.216000e-05	-1.850692e-02	1.326474e+01
1.217000e-05	-1.930360e-02	1.341308e+01
1.218000e-05	-2.494057e-02	1.360153e+01
1.219000e-05	1.399127e-03	1.370935e+01
1.220000e-05	-8.709847e-03	1.386731e+01
1.221000e-05	-1.779699e-02	1.403498e+01
1.222000e-05	-3.406707e-02	1.413953e+01
1.223000e-05	-2.041892e-02	1.429832e+01
1.224000e-05	-1.104629e-02	1.442363e+01
1.225000e-05	-1.620743e-02	1.455785e+01
1.226000e-05	-2.519214e-02	1.463311e+01
1.227000e-05	-2.452144e-02	1.473995e+01
1.228000e-05	-1.083744e-02	1.484313e+01
1.229000e-05	-2.066798e-02	1.491837e+01
1.230000e-05	-2.593249e-02	1.501058e+01
1.231000e-05	-2.937646e-02	1.507719e+01
1.232000e-05	-1.953924e-02	1.515095e+01
1.233000e-05	-1.400835e-02	1.521308e+01
1.234000e-05	-2.839687e-02	1.527631e+01
1.235000e-05	-3.523314e-02	1.530840e+01
1.236000e-05	-3.313615e-02	1.536258e+01
1.237000e-05	-2.142720e-02	1.542516e+01
1.238000e-05	-2.830929e-02	1.544677e+01
1.239000e-05	-3.241103e-02	1.551792e+01
1.240000e-05	-3.681657e-02	1.556690e+01
1.241000e-05	-2.739093e-02	1.558052e+01
1.242000e-05	-2.955517e-02	1.558250e+01
1.243000e-05	-4.279760e-02	1.559160e+01
1.244000e-05	-4.570266e-02	1.562316e+01
1.245000e-05	-4.515777e-02	1.562158e+01
1.246000e-05	-3.829868e-02	1.563363e+01
1.247000e-05	-5.107018e-02	1.561160e+01
1.248000e-05	-6.036092e-02	1.559055e+01
1.249000e-05	-6.551223e-02	1.558047e+01
1.250000e-05	-6.463363e-02	1.556952e+01
1.251000e-05	-7.733522e-02	1.551577e+01
1.252000e-05	-1.023616e-01	1.546674e+01
1.253000e-05	-1.286567e-01	1.537413e+01
1.254000e-05	-1.658983e-01	1.535402e+01
1.255000e-05	-2.167152e-01	1.529684e+01
1.256000e-05	-2.468362e-01	1.523468e+01
1.257000e-05	-2.500000e-01	1.517163e+01
1.258000e-05	-2.500000e-01	1.514844e+01
1.259000e-05	-2.426795e-01	1.505673e+01
1.260000e-05	-1.904056e-01	1.497095e+01
1.261000e-05	-1.364440e-01	1.488526e+01
1.262000e-05	-9.853234e-02	1.481058e+01
1.263000e-05	-7.064983e-02	1.469684e+01
1.264000e-05	-5.359443e-02	1.456013e+01
1.265000e-05	-5.010332e-02	1.449581e+01
1.266000e-05	-4.451942e-02	1.433199e+01
1.267000e-05	-3.592325e-02	1.419481e+01
1.268000e-05	-2.651963e-02	1.412689e+01
1.269000e-05	-2.729349e-02	1.396162e+01
1.270000e-05	-2.807045e-02	1.380270e+01
1.271000e-05	-2.484553e-02	1.370774e+01
1.272000e-05	-1.896455e-02	1.351044e+01
1.273000e-05	-1.849961e-02	1.335255e+01
1.274000e-05	-2.372000e-02	1.323375e+01
1.275000e-05	-2.282103e-02	1.306578e+01
1.276000e-05	-1.885149e-02	1.291891e+01
1.277000e-05	-1.449902e-02	1.272047e+01
1.278000e-05	-1.726846e-02	1.257210e+01
1.279000e-05	-1.994024e-02	1.245261e+01
1.280000e-05	-1.598936e-02	1.223317e+01
1.281000e-05	-1.233682e-02	1.203424e+01
1.282000e-05	-1.346304e-02	1.181524e+01
1.283000e-05	-1.858924e-02	1.163421e+01
1.284000e-05	-1.740251e-02	1.139220e+01
1.285000e-05	-1.341220e-02	1.122358e+01
1.286000e-05	-1.102646e-02	1.102265e+01
1.287000e-05	-1.441282e-02	1.084213e+01
1.288000e-05	-1.538491e-02	1.062155e+01
1.289000e-05	-1.220238e-02	1.039805e+01
1.290000e-05	-9.630499e-03	1.015957e+01
1.291000e-05	-1.096905e-02	9.926939e+00
1.292000e-05	-1.494019e-02	9.705737e+00
1.293000e-05	-1.300806e-02	9.463210e+00
1.294000e-05	-1.006920e-02	9.265204e+00
1.295000e-05	-9.997633e-03	8.983074e+00
1.296000e-05	-1.325693e-02	8.759948e+00
1.297000e-05	-1.257176e-02	8.516416e+00
1.298000e-05	-9.069604e-03	8.264283e+00
1.299000e-05	-7.189398e-03	8.032156e+00
1.300000e-05	-9.420181e-03	7.782625e+00
1.301000e-05	-1.149042e-02	7.507417e+00
1.302000e-05	-9.922796e-03	7.243200e+00
1.303000e-05	-7.575717e-03	6.950596e+00
1.304000e-05	-9.235956e-03	6.727367e+00
1.305000e-05	-1.077895e-02	6.422181e+00
1.306000e-05	-1.083124e-02	6.169601e+00
1.307000e-05	-7.464118e-03	5.947468e+00
1.308000e-05	-6.158181e-03	5.623208e+00
1.309000e-05	-8.504036e-03	5.372093e+00
1.310000e-05	-1.046761e-02	5.051754e+00
1.311000e-05	-7.407179e-03	4.757367e+00
1.312000e-05	-5.924050e-03	4.493809e+00
1.313000e-05	-7.466505e-03	4.221629e+00
1.314000e-05	-9.346973e-03	3.905814e+00
1.315000e-05	-8.324585e-03	3.640153e+00
1.316000e-05	-6.366149e-03	3.388945e+00
1.317000e-05	-6.139155e-03	3.072831e+00
1.318000e-05	-7.856687e-03	2.799022e+00
1.319000e-05	-8.390828e-03	2.473934e+00
1.320000e-05	-6.000162e-03	2.209527e+00
1.321000e-05	-5.363020e-03	1.978942e+00
1.322000e-05	-6.196345e-03	1.682733e+00
1.323000e-05	-7.402247e-03	1.347541e+00
1.324000e-05	-6.161710e-03	1.051983e+00
1.325000e-05	-4.411214e-03	6.973355e-01
1.326000e-05	-4.444710e-03	4.422799e-01
1.327000e-05	-5.387112e-03	1.367896e-01
1.328000e-05	-2.445443e-03	-1.177685e-01
1.329000e-05	1.007999e-02	-3.989486e-01
1.330000e-05	-1.826693e-03	-6.526385e-01
1.331000e-05	4.344830e-03	-9.568186e-01
1.332000e-05	-3.842604e-03	-1.199579e+00
1.333000e-05	2.783311e-03	-1.536795e+00
1.334000e-05	2.881574e-03	-1.758347e+00
1.335000e-05	3.189929e-02	-2.009501e+00
1.336000e-05	1.096144e-01	-2.283665e+00
1.337000e-05	-5.417515e-03	-2.643581e+00
1.338000e-05	-4.980623e-02	-3.064088e+00
1.339000e-05	-2.331107e-02	-3.358399e+00
1.340000e-05	-3.156083e-02	-3.579873e+00
1.341000e-05	-7.116477e-02	-3.862608e+00
1.342000e-05	2.990047e-02	-4.043631e+00
1.343000e-05	1.250729e-01	-4.242007e+00
1.344000e-05	-1.540280e-01	-4.559896e+00
1.345000e-05	1.776287e-01	-4.779501e+00
1.346000e-05	-9.746854e-02	-5.116665e+00
1.347000e-05	2.122715e-02	-5.475741e+00
1.348000e-05	3.786736e-02	-5.705636e+00
1.349000e-05	-1.169052e-01	-5.992479e+00
1.350000e-05	1.757105e-01	-6.262609e+00
1.351000e-05	-1.090718e-01	-6.518822e+00
1.352000e-05	8.765777e-02	-6.791508e+00
1.353000e-05	-3.318774e-02	-7.045167e+00
1.354000e-05	-3.470804e-02	-7.380978e+00
1.355000e-05	8.309034e-02	-7.581082e+00
1.356000e-05	-9.235106e-02	-7.929245e+00
1.357000e-05	1.329916e-01	-8.149425e+00
1.358000e-05	-7.862039e-02	-8.422905e+00
1.359000e-05	6.149729e-02	-8.705220e+00
1.360000e-05	-1.147396e-02	-8.958822e+00
1.361000e-05	-4.073442e-02	-9.179375e+00
1.362000e-05	6.023354e-02	-9.378869e+00
1.363000e-05	-4.484220e-02	-9.583480e+00
1.364000e-05	1.034989e-01	-9.803104e+00
1.365000e-05	-6.231212e-02	-1.004664e+01
1.366000e-05	6.486887e-02	-1.029724e+01
1.367000e-05	-4.954133e-02	-1.050822e+01
1.368000e-05	3.391502e-02	-1.073938e+01
1.369000e-05	-2.726061e-03	-1.089882e+01
1.370000e-05	7.880328e-03	-1.115090e+01
1.371000e-05	3.251956e-02	-1.133935e+01
1.372000e-05	-9.161178e-03	-1.158351e+01
1.373000e-05	3.791040e-02	-1.179096e+01
1.374000e-05	-2.837112e-02	-1.202353e+01
1.375000e-05	3.404823e-02	-1.217103e+01
1.376000e-05	-1.072809e-02	-1.238248e+01
1.377000e-05	4.459693e-02	-1.254850e+01
1.378000e-05	-5.193291e-03	-1.269732e+01
1.379000e-05	1.815023e-02	-1.291877e+01
1.380000e-05	-5.328656e-03	-1.305518e+01
1.381000e-05	1.629561e-02	-1.324408e+01
1.382000e-05	9.853211e-03	-1.335947e+01
1.383000e-05	1.592894e-02	-1.347739e+01
1.384000e-05	2.084413e-02	-1.366566e+01
1.385000e-05	1.581420e-02	-1.385361e+01
1.386000e-05	1.659233e-02	-1.397153e+01
1.387000e-05	-2.376215e-05	-1.407827e+01
1.388000e-05	8.578681e-03	-1.425421e+01
1.389000e-05	9.714051e-03	-1.431998e+01
1.390000e-05	2.599910e-02	-1.445629e+01
1.391000e-05	1.615150e-02	-1.459101e+01
1.392000e-05	1.956365e-02	-1.471782e+01
1.393000e-05	9.448796e-03	-1.474055e+01
1.394000e-05	2.017296e-02	-1.488679e+01
1.395000e-05	1.239763e-02	-1.493100e+01
1.396000e-05	1.786298e-02	-1.505371e+01
1.397000e-05	1.580441e-02	-1.514890e+01
1.398000e-05	2.327042e-02	-1.522210e+01
1.399000e-05	2.026252e-02	-1.525576e+01
1.400000e-05	1.707168e-02	-1.532885e+01
1.401000e-05	1.585402e-02	-1.538140e+01
1.402000e-05	2.034469e-02	-1.543461e+01
1.403000e-05	2.795811e-02	-1.546732e+01
1.404000e-05	2.557059e-02	-1.552897e+01
1.405000e-05	2.524904e-02	-1.553995e+01
1.406000e-05	2.350973e-02	-1.559008e+01
1.407000e-05	2.747173e-02	-1.564363e+01
1.408000e-05	2.746957e-02	-1.563558e+01
1.409000e-05	2.891631e-02	-1.566473e+01
1.410000e-05	3.292831e-02	-1.561524e+01
1.411000e-05	3.959808e-02	-1.565521e+01
1.412000e-05	4.404860e-02	-1.563363e+01
1.413000e-05	4.396411e-02	-1.563463e+01
1.414000e-05	4.531272e-02	-1.559363e+01
1.415000e-05	5.386958e-02	-1.559148e+01
1.416000e-05	6.544837e-02	-1.557000e+01
1.417000e-05	7.801715e-02	-1.552944e+01
1.418000e-05	9.440537e-02	-1.546584e+01
1.419000e-05	1.233624e-01	-1.543520e+01
1.420000e-05	1.702769e-01	-1.538203e+01
1.421000e-05	2.254336e-01	-1.534034e+01
1.422000e-05	2.476755e-01	-1.529486e+01
1.423000e-05	2.500000e-01	-1.522165e+01
1.424000e-05	2.500000e-01	-1.508899e+01
1.425000e-05	2.365781e-01	-1.502519e+01
1.426000e-05	1.756677e-01	-1.491049e+01
1.427000e-05	1.162297e-01	-1.489734e+01
1.428000e-05	8.195039e-02	-1.480258e+01
1.429000e-05	6.239277e-02	-1.467779e+01
1.430000e-05	4.755564e-02	-1.459152e+01
1.431000e-05	3.568768e-02	-1.448834e+01
1.432000e-05	2.879681e-02	-1.438048e+01
1.433000e-05	2.628044e-02	-1.420468e+01
1.434000e-05	2.172624e-02	-1.407584e+01
1.435000e-05	1.707455e-02	-1.397057e+01
1.436000e-05	1.306987e-02	-1.381368e+01
1.437000e-05	1.372944e-02	-1.370729e+01
1.438000e-05	1.424084e-02	-1.354894e+01
1.439000e-05	1.174053e-02	-1.334055e+01
1.440000e-05	8.681784e-03	-1.324423e+01
1.441000e-05	8.149117e-03	-1.305576e+01
1.442000e-05	9.107031e-03	-1.290889e+01
1.443000e-05	8.085564e-03	-1.275895e+01
1.444000e-05	6.169653e-03	-1.257047e+01
1.445000e-05	4.342728e-03	-1.243423e+01
1.446000e-05	5.877962e-03	-1.221466e+01
1.447000e-05	5.509091e-03	-1.200369e+01
1.448000e-05	3.977738e-03	-1.182263e+01
1.449000e-05	1.769829e-03	-1.158278e+01
1.450000e-05	2.515438e-03	-1.140155e+01
1.451000e-05	4.180029e-03	-1.111959e+01
1.452000e-05	4.169125e-03	-1.095999e+01
1.453000e-05	2.297493e-03	-1.076952e+01
1.454000e-05	1.511649e-03	-1.055992e+01
1.455000e-05	1.394358e-03	-1.031895e+01
1.456000e-05	1.598636e-03	-1.013639e+01
1.457000e-05	-2.948652e-04	-9.875262e+00
1.458000e-05	-2.168062e-03	-9.675737e+00
1.459000e-05	5.070279e-06	-9.476204e+00
1.460000e-05	1.411748e-03	-9.180627e+00
1.461000e-05	-1.147095e-03	-8.990123e+00
1.462000e-05	-2.063650e-03	-8.779448e+00
1.463000e-05	-2.954235e-03	-8.526942e+00
1.464000e-05	-2.348430e-03	-8.253230e+00
1.465000e-05	-6.891815e-05	-7.992079e+00
1.466000e-05	-3.310608e-03	-7.739463e+00
1.467000e-05	-1.890718e-03	-7.443610e+00
1.468000e-05	-3.953369e-03	-7.190623e+00
1.469000e-05	-3.597368e-03	-6.928487e+00
1.470000e-05	-4.603632e-03	-6.663683e+00
1.471000e-05	-6.510037e-03	-6.393053e+00
1.472000e-05	-4.476506e-03	-6.150094e+00
1.473000e-05	-5.205650e-03	-5.895187e+00
1.474000e-05	-2.644773e-03	-5.571625e+00
1.475000e-05	-4.789004e-03	-5.345959e+00
1.476000e-05	-6.766438e-03	-5.010525e+00
1.477000e-05	-5.687712e-03	-4.672782e+00
1.478000e-05	-5.617353e-03	-4.440626e+00
1.479000e-05	-5.020473e-03	-4.179995e+00
1.480000e-05	-7.607570e-03	-3.895309e+00
1.481000e-05	-6.836138e-03	-3.589999e+00
1.482000e-05	-6.719641e-03	-3.348965e+00
1.483000e-05	-6.841861e-03	-3.084178e+00
1.484000e-05	-7.362166e-03	-2.757416e+00
1.485000e-05	-7.450710e-03	-2.493806e+00
1.486000e-05	-5.363833e-03	-2.180574e+00
1.487000e-05	-6.010858e-03	-1.895712e+00
1.488000e-05	-6.820770e-03	-1.612128e+00
1.489000e-05	-1.005290e-02	-1.254332e+00
1.490000e-05	-9.768764e-03	-9.660709e-01
1.491000e-05	-8.984020e-03	-6.657606e-01
1.492000e-05	-7.333558e-03	-4.100286e-01
1.493000e-05	-7.044156e-03	-1.163658e-01
1.494000e-05	9.589068e-04	1.073463e-01
1.495000e-05	4.822389e-03	4.425605e-01
1.496000e-05	-1.471413e-03	6.962109e-01
1.497000e-05	-1.015064e-04	9.498047e-01
1.498000e-05	-5.581969e-03	1.283686e+00
1.499000e-05	-1.224548e-03	1.539346e+00
1.500000e-05	-1.287850e-03	1.855133e+00
1.501000e-05	1.908843e-02	2.064560e+00
1.502000e-05	7.366126e-02	2.315744e+00
1.503000e-05	4.321357e-02	2.654741e+00
1.504000e-05	-7.340228e-02	3.009475e+00
1.505000e-05	-3.281446e-02	3.296187e+00
1.506000e-05	-3.643034e-02	3.558954e+00
1.507000e-05	-2.916765e-02	3.823007e+00
1.508000e-05	-7.167315e-02	3.984059e+00
1.509000e-05	5.461579e-02	4.294192e+00
1.510000e-05	6.031233e-02	4.609979e+00
1.511000e-05	-9.650914e-02	4.802610e+00
1.512000e-05	1.537046e-01	5.157801e+00
1.513000e-05	-1.147327e-01	5.477168e+00
1.514000e-05	9.114378e-03	5.758423e+00
1.515000e-05	6.119426e-03	6.043588e+00
1.516000e-05	-2.118129e-02	6.255213e+00
1.517000e-05	5.671742e-02	6.559351e+00
1.518000e-05	-7.460467e-02	6.833959e+00
1.519000e-05	3.676545e-02	7.103694e+00
1.520000e-05	-4.488381e-02	7.378935e+00
1.521000e-05	1.615025e-02	7.632734e+00
1.522000e-05	-2.181093e-02	7.948775e+00
1.523000e-05	-1.458508e-02	8.213079e+00
1.524000e-05	4.330835e-02	8.442082e+00
1.525000e-05	-2.983467e-02	8.663666e+00
1.526000e-05	7.081642e-03	8.865821e+00
1.527000e-05	-4.099683e-02	9.138351e+00
1.528000e-05	-1.498961e-02	9.351403e+00
1.529000e-05	1.291747e-02	9.590982e+00
1.530000e-05	4.593940e-05	9.833537e+00
1.531000e-05	-5.355585e-03	1.007519e+01
1.532000e-05	-2.653126e-02	1.030676e+01
1.533000e-05	8.621457e-03	1.049727e+01
1.534000e-05	-2.038494e-02	1.074772e+01
1.535000e-05	-1.394416e-02	1.091892e+01
1.536000e-05	-2.097506e-02	1.117835e+01
1.537000e-05	-2.150692e-03	1.138093e+01
1.538000e-05	4.135023e-03	1.157198e+01
1.539000e-05	-1.472839e-02	1.179093e+01
1.540000e-05	-2.398981e-02	1.200090e+01
1.541000e-05	-1.931566e-02	1.216100e+01
1.542000e-05	4.888731e-04	1.237988e+01
1.543000e-05	-3.559889e-03	1.254795e+01
1.544000e-05	-1.672288e-02	1.271779e+01
1.545000e-05	-2.098069e-02	1.286517e+01
1.546000e-05	-1.342691e-02	1.302511e+01
1.547000e-05	-9.263307e-03	1.321208e+01
1.548000e-05	-2.089528e-02	1.333795e+01
1.549000e-05	-2.353726e-02	1.350677e+01
1.550000e-05	-9.100390e-03	1.364469e+01
1.551000e-05	-3.562790e-03	1.379411e+01
1.552000e-05	-1.214289e-02	1.393797e+01
1.553000e-05	-3.150584e-02	1.408677e+01
1.554000e-05	-2.432673e-02	1.426464e+01
1.555000e-05	-1.556983e-02	1.437103e+01
1.556000e-05	-9.280268e-03	1.452532e+01
1.557000e-05	-2.228798e-02	1.457200e+01
1.558000e-05	-2.478280e-02	1.470585e+01
1.559000e-05	-1.557853e-02	1.481201e+01
1.560000e-05	-1.672720e-02	1.486569e+01
1.561000e-05	-2.266194e-02	1.491990e+01
1.562000e-05	-3.242275e-02	1.500406e+01
1.563000e-05	-2.074436e-02	1.513731e+01
1.564000e-05	-1.783582e-02	1.519048e+01
1.565000e-05	-1.886228e-02	1.526421e+01
1.566000e-05	-3.498736e-02	1.527674e+01
1.567000e-05	-3.472577e-02	1.539040e+01
1.568000e-05	-2.601044e-02	1.538411e+01
1.569000e-05	-2.265528e-02	1.543624e+01
1.570000e-05	-2.963375e-02	1.545777e+01
1.571000e-05	-3.654960e-02	1.555839e+01
1.572000e-05	-2.940803e-02	1.561055e+01
1.573000e-05	-3.035300e-02	1.558200e+01
1.574000e-05	-3.658557e-02	1.559213e+01
1.575000e-05	-4.838681e-02	1.564158e+01
1.576000e-05	-4.455150e-02	1.565158e+01
1.577000e-05	-3.909843e-02	1.562311e+01
1.578000e-05	-4.218815e-02	1.562200e+01
1.579000e-05	-5.575688e-02	1.559201e+01
1.580000e-05	-6.488046e-02	1.560108e+01
1.581000e-05	-6.417054e-02	1.554045e+01
1.582000e-05	-7.281914e-02	1.551734e+01
1.583000e-05	-9.029513e-02	1.549629e+01
1.584000e-05	-1.173873e-01	1.540416e+01
1.585000e-05	-1.440503e-01	1.538305e+01
1.586000e-05	-1.902795e-01	1.533899e+01
1.587000e-05	-2.369385e-01	1.528682e+01
1.588000e-05	-2.500000e-01	1.523366e+01
1.589000e-05	-2.500000e-01	1.514160e+01
1.590000e-05	-2.492983e-01	1.506641e+01
1.591000e-05	-2.186684e-01	1.501415e+01
1.592000e-05	-1.609144e-01	1.492884e+01
1.593000e-05	-1.178316e-01	1.486201e+01
1.594000e-05	-8.229626e-02	1.472942e+01
1.595000e-05	-6.054608e-02	1.462326e+01
1.596000e-05	-4.853303e-02	1.453889e+01
1.597000e-05	-4.735769e-02	1.443368e+01
1.598000e-05	-3.959838e-02	1.429842e+01
1.599000e-05	-2.986200e-02	1.421208e+01
1.600000e-05	-2.638541e-02	1.404473e+01
1.601000e-05	-2.927137e-02	1.391581e+01
1.602000e-05	-2.845198e-02	1.374152e+01
1.603000e-05	-2.160530e-02	1.361308e+01
1.604000e-05	-1.739095e-02	1.350518e+01
1.605000e-05	-2.020469e-02	1.331739e+01
1.606000e-05	-2.357540e-02	1.315049e+01
1.607000e-05	-2.070800e-02	1.297262e+01
1.608000e-05	-1.448382e-02	1.285474e+01
1.609000e-05	-1.618318e-02	1.266478e+01
1.610000e-05	-2.030448e-02	1.250491e+01
1.611000e-05	-1.999783e-02	1.234889e+01
1.612000e-05	-1.318951e-02	1.215847e+01
1.613000e-05	-1.421086e-02	1.193894e+01
1.614000e-05	-1.474982e-02	1.174992e+01
1.615000e-05	-2.060683e-02	1.154941e+01
1.616000e-05	-1.200243e-02	1.134694e+01
1.617000e-05	-9.461180e-03	1.109631e+01
1.618000e-05	-1.257867e-02	1.087632e+01
1.619000e-05	-1.405449e-02	1.073686e+01
1.620000e-05	-1.722914e-02	1.049682e+01
1.621000e-05	-1.173268e-02	1.023418e+01
1.622000e-05	-1.255360e-02	1.004371e+01
1.623000e-05	-1.291804e-02	9.801151e+00
1.624000e-05	-1.143549e-02	9.559047e+00
1.625000e-05	-8.862827e-03	9.358997e+00
1.626000e-05	-6.687754e-03	9.115888e+00
1.627000e-05	-1.234882e-02	8.854886e+00
1.628000e-05	-1.396717e-02	8.633204e+00
1.629000e-05	-1.378809e-02	8.421099e+00
1.630000e-05	-9.091922e-03	8.148598e+00
1.631000e-05	-8.646619e-03	7.906887e+00
1.632000e-05	-9.731710e-03	7.663280e+00
1.633000e-05	-1.041937e-02	7.409072e+00
1.634000e-05	-7.944036e-03	7.095784e+00
1.635000e-05	-7.331862e-03	6.884202e+00
1.636000e-05	-1.038591e-02	6.571599e+00
1.637000e-05	-1.136664e-02	6.296887e+00
1.638000e-05	-8.952527e-03	6.053782e+00
1.639000e-05	-6.731879e-03	5.762124e+00
1.640000e-05	-8.619554e-03	5.508337e+00
1.641000e-05	-1.064479e-02	5.242730e+00
1.642000e-05	-9.025571e-03	4.942234e+00
1.643000e-05	-5.953326e-03	4.609597e+00
1.644000e-05	-5.409071e-03	4.327919e+00
1.645000e-05	-8.146934e-03	4.090728e+00
1.646000e-05	-8.642819e-03	3.779995e+00
1.647000e-05	-6.468361e-03	3.526336e+00
1.648000e-05	-6.764945e-03	3.230126e+00
1.649000e-05	-8.166703e-03	2.947411e+00
1.650000e-05	-7.665857e-03	2.683329e+00
1.651000e-05	-8.733579e-03	2.328887e+00
1.652000e-05	-3.696682e-03	2.073834e+00
1.653000e-05	-7.890752e-03	1.740672e+00
1.654000e-05	-4.563290e-03	1.474832e+00
1.655000e-05	-7.163967e-03	1.210071e+00
1.656000e-05	-4.948089e-03	8.316312e-01
1.657000e-05	-3.776778e-03	5.579709e-01
1.658000e-05	-7.757188e-03	3.343343e-01
1.659000e-05	-5.415579e-03	2.004725e-02
1.660000e-05	2.688001e-03	-2.861633e-01
1.661000e-05	5.448908e-03	-5.362234e-01
1.662000e-05	1.589304e-03	-8.405303e-01
1.663000e-05	2.209737e-03	-1.085136e+00
1.664000e-05	4.634395e-04	-1.429883e+00
1.665000e-05	1.043585e-03	-1.662037e+00
1.666000e-05	1.394924e-02	-1.925666e+00
1.667000e-05	6.503183e-02	-2.178270e+00
1.668000e-05	8.507497e-02	-2.442587e+00
1.669000e-05	-7.194963e-02	-2.885089e+00
1.670000e-05	-7.614077e-03	-3.272562e+00
1.671000e-05	-4.270278e-02	-3.504741e+00
1.672000e-05	-2.731066e-02	-3.718262e+00
1.673000e-05	-8.174822e-02	-3.950400e+00
1.674000e-05	1.663244e-01	-4.107842e+00
1.675000e-05	-8.710369e-02	-4.378928e+00
1.676000e-05	4.645707e-02	-4.705770e+00
1.677000e-05	1.002723e-01	-4.966741e+00
1.678000e-05	-1.524301e-01	-5.307172e+00
1.679000e-05	1.508658e-01	-5.610975e+00
1.680000e-05	-1.424196e-01	-5.843584e+00
1.681000e-05	9.080432e-02	-6.167825e+00
1.682000e-05	2.952076e-02	-6.340447e+00
1.683000e-05	-5.587280e-02	-6.715241e+00
1.684000e-05	1.057944e-01	-6.999446e+00
1.685000e-05	-1.275477e-01	-7.263509e+00
1.686000e-05	1.063118e-01	-7.517797e+00
1.687000e-05	-6.358994e-02	-7.779925e+00
1.688000e-05	4.410140e-02	-8.066239e+00
1.689000e-05	4.786938e-02	-8.263687e+00
1.690000e-05	-5.910754e-02	-8.588808e+00
1.691000e-05	9.936385e-02	-8.861978e+00
1.692000e-05	-1.057873e-01	-9.023607e+00
1.693000e-05	7.356277e-02	-9.285667e+00
1.694000e-05	-4.459561e-02	-9.527213e+00
1.695000e-05	6.516750e-02	-9.749374e+00
1.696000e-05	9.345652e-03	-9.980851e+00
1.697000e-05	-5.610214e-03	-1.019103e+01
1.698000e-05	3.078273e-02	-1.040200e+01
1.699000e-05	-4.209919e-02	-1.064306e+01
1.700000e-05	5.807201e-02	-1.082406e+01
1.701000e-05	-4.125408e-02	-1.102466e+01
1.702000e-05	5.964944e-02	-1.122568e+01
1.703000e-05	-2.221393e-02	-1.147666e+01
1.704000e-05	4.374058e-02	-1.172732e+01
1.705000e-05	-1.617641e-02	-1.192820e+01
1.706000e-05	1.481575e-02	-1.209772e+01
1.707000e-05	4.644451e-03	-1.230571e+01
1.708000e-05	2.019205e-02	-1.249572e+01
1.709000e-05	2.323554e-02	-1.265559e+01
1.710000e-05	-1.086357e-03	-1.281256e+01
1.711000e-05	1.418513e-02	-1.299253e+01
1.712000e-05	-2.913987e-03	-1.314940e+01
1.713000e-05	2.356339e-02	-1.332774e+01
1.714000e-05	9.302918e-04	-1.342466e+01
1.715000e-05	2.688528e-02	-1.352058e+01
1.716000e-05	9.998407e-03	-1.375087e+01
1.717000e-05	2.604583e-02	-1.390829e+01
1.718000e-05	1.345649e-03	-1.401303e+01
1.719000e-05	1.082493e-02	-1.416097e+01
1.720000e-05	3.414530e-03	-1.422727e+01
1.721000e-05	2.252310e-02	-1.442363e+01
1.722000e-05	1.781552e-02	-1.456887e+01
1.723000e-05	2.004455e-02	-1.462424e+01
1.724000e-05	1.329442e-02	-1.474898e+01
1.725000e-05	1.517790e-02	-1.480366e+01
1.726000e-05	1.786417e-02	-1.494892e+01
1.727000e-05	1.295347e-02	-1.496511e+01
1.728000e-05	1.962357e-02	-1.509636e+01
1.729000e-05	1.665920e-02	-1.514945e+01
1.730000e-05	2.521484e-02	-1.522516e+01
1.731000e-05	1.607102e-02	-1.528832e+01
1.732000e-05	1.804969e-02	-1.535887e+01
1.733000e-05	1.493054e-02	-1.540306e+01
1.734000e-05	2.634609e-02	-1.547676e+01
1.735000e-05	2.671916e-02	-1.551831e+01
1.736000e-05	2.693189e-02	-1.556045e+01
1.737000e-05	2.489227e-02	-1.557260e+01
1.738000e-05	2.538408e-02	-1.559216e+01
1.739000e-05	2.888634e-02	-1.564423e+01
1.740000e-05	2.710570e-02	-1.566574e+01
1.741000e-05	3.061540e-02	-1.565528e+01
1.742000e-05	3.561852e-02	-1.564676e+01
1.743000e-05	4.275805e-02	-1.565668e+01
1.744000e-05	4.443467e-02	-1.563278e+01
1.745000e-05	4.477730e-02	-1.561363e+01
1.746000e-05	4.935726e-02	-1.562163e+01
1.747000e-05	5.981938e-02	-1.556005e+01
1.748000e-05	7.158532e-02	-1.551047e+01
1.749000e-05	8.627875e-02	-1.548692e+01
1.750000e-05	1.079195e-01	-1.545670e+01
1.751000e-05	1.455985e-01	-1.540253e+01
1.752000e-05	1.992421e-01	-1.535047e+01
1.753000e-05	2.408203e-01	-1.529679e+01
1.754000e-05	2.500000e-01	-1.524368e+01
1.755000e-05	2.500000e-01	-1.520043e+01
1.756000e-05	2.481760e-01	-1.506691e+01
1.757000e-05	2.072414e-01	-1.500263e+01
1.758000e-05	1.422062e-01	-1.489792e+01
1.759000e-05	9.622816e-02	-1.485316e+01
1.760000e-05	7.046784e-02	-1.476795e+01
1.761000e-05	5.426413e-02	-1.463616e+01
1.762000e-05	4.101812e-02	-1.454895e+01
1.763000e-05	3.116551e-02	-1.445370e+01
1.764000e-05	2.682822e-02	-1.429729e+01
1.765000e-05	2.338092e-02	-1.417009e+01
1.766000e-05	1.916110e-02	-1.404574e+01
1.767000e-05	1.433414e-02	-1.384847e+01
1.768000e-05	1.297033e-02	-1.377947e+01
1.769000e-05	1.402823e-02	-1.360308e+01
1.770000e-05	1.366493e-02	-1.346318e+01
1.771000e-05	1.069484e-02	-1.330836e+01
1.772000e-05	7.728051e-03	-1.312944e+01
1.773000e-05	8.183259e-03	-1.299260e+01
1.774000e-05	7.807392e-03	-1.285473e+01
1.775000e-05	7.370206e-03	-1.263481e+01
1.776000e-05	4.742188e-03	-1.250683e+01
1.777000e-05	5.748493e-03	-1.230734e+01
1.778000e-05	5.020385e-03	-1.210789e+01
1.779000e-05	4.232178e-03	-1.194952e+01
1.780000e-05	2.706071e-03	-1.172797e+01
1.781000e-05	1.662206e-03	-1.149734e+01
1.782000e-05	3.153932e-03	-1.128581e+01
1.783000e-05	3.400587e-03	-1.107571e+01
1.784000e-05	3.237658e-03	-1.088023e+01
1.785000e-05	8.315259e-04	-1.065423e+01
1.786000e-05	8.429553e-04	-1.045675e+01
1.787000e-05	8.792079e-04	-1.020310e+01
1.788000e-05	-2.668172e-04	-9.992047e+00
1.789000e-05	-8.273127e-04	-9.790520e+00
1.790000e-05	-7.481596e-04	-9.560546e+00
1.791000e-05	8.306995e-04	-9.327944e+00
1.792000e-05	-6.314255e-04	-9.085758e+00
1.793000e-05	-2.725056e-03	-8.875258e+00
1.794000e-05	-3.499465e-03	-8.592683e+00
1.795000e-05	-1.968317e-03	-8.380046e+00
1.796000e-05	-1.116076e-03	-8.116968e+00
1.797000e-05	-2.159208e-03	-7.895236e+00
1.798000e-05	-3.765012e-03	-7.601024e+00
1.799000e-05	-4.098753e-03	-7.346417e+00
1.800000e-05	-3.778149e-03	-7.084710e+00
1.801000e-05	-4.578883e-03	-6.781171e+00
1.802000e-05	-5.368171e-03	-6.526288e+00
1.803000e-05	-4.227805e-03	-6.303757e+00
1.804000e-05	-4.088523e-03	-5.981050e+00
1.805000e-05	-4.451587e-03	-5.696363e+00
1.806000e-05	-5.251330e-03	-5.444780e+00
1.807000e-05	-6.851921e-03	-5.128467e+00
1.808000e-05	-6.372800e-03	-4.874229e+00
1.809000e-05	-5.242580e-03	-4.535890e+00
1.810000e-05	-5.693931e-03	-4.323864e+00
1.811000e-05	-6.316425e-03	-4.023629e+00
1.812000e-05	-7.079027e-03	-3.736392e+00
1.813000e-05	-6.429344e-03	-3.483738e+00
1.814000e-05	-8.327828e-03	-3.201024e+00
1.815000e-05	-6.567171e-03	-2.896311e+00
1.816000e-05	-7.829812e-03	-2.610519e+00
1.817000e-05	-5.868487e-03	-2.345867e+00
1.818000e-05	-6.651139e-03	-2.010601e+00
1.819000e-05	-7.327337e-03	-1.757967e+00
1.820000e-05	-9.062223e-03	-1.453177e+00
1.821000e-05	-9.405184e-03	-1.126388e+00
1.822000e-05	-8.747433e-03	-8.427013e-01
1.823000e-05	-9.107128e-03	-5.563182e-01
1.824000e-05	-7.459848e-03	-2.316778e-01
1.825000e-05	-4.375338e-03	-5.159319e-04
1.826000e-05	7.552958e-03	3.147196e-01
1.827000e-05	-3.621354e-03	5.683488e-01
1.828000e-05	2.122075e-03	8.194279e-01
1.829000e-05	-5.243000e-03	1.116697e+00
1.830000e-05	-1.082798e-03	1.378924e+00
1.831000e-05	-4.467513e-03	1.716829e+00
1.832000e-05	9.640169e-03	1.947876e+00
1.833000e-05	3.771376e-02	2.179926e+00
1.834000e-05	9.294972e-02	2.485217e+00
1.835000e-05	-4.592417e-02	2.853688e+00
1.836000e-05	-4.850229e-02	3.117872e+00
1.837000e-05	-4.071662e-02	3.471638e+00
1.838000e-05	-2.018869e-02	3.736290e+00
1.839000e-05	-6.471947e-02	3.927291e+00
1.840000e-05	-2.506375e-02	4.170406e+00
1.841000e-05	1.148192e-01	4.474037e+00
1.842000e-05	-8.041456e-02	4.736296e+00
1.843000e-05	6.285227e-02	5.011403e+00
1.844000e-05	3.898422e-02	5.326799e+00
1.845000e-05	-1.079235e-01	5.612657e+00
1.846000e-05	6.356890e-02	5.925213e+00
1.847000e-05	-5.664073e-02	6.188396e+00
1.848000e-05	5.766139e-02	6.401002e+00
1.849000e-05	-2.787767e-02	6.695740e+00
1.850000e-05	-2.614290e-02	6.972003e+00
1.851000e-05	1.705647e-02	7.214162e+00
1.852000e-05	-4.346453e-02	7.498320e+00
1.853000e-05	3.304965e-02	7.791980e+00
1.854000e-05	-5.807012e-02	8.095243e+00
1.855000e-05	4.466894e-02	8.327795e+00
1.856000e-05	-2.193991e-03	8.558905e+00
1.857000e-05	-1.831200e-02	8.788929e+00
1.858000e-05	-6.019634e-04	9.042510e+00
1.859000e-05	-5.727400e-02	9.245187e+00
1.860000e-05	2.929442e-02	9.476315e+00
1.861000e-05	-1.559928e-02	9.807472e+00
1.862000e-05	1.956517e-02	9.969451e+00
1.863000e-05	-3.818818e-02	1.020246e+01
1.864000e-05	3.281870e-03	1.044253e+01
1.865000e-05	-8.737779e-03	1.061409e+01
1.866000e-05	-2.016782e-02	1.087421e+01
1.867000e-05	-1.174543e-02	1.106357e+01
1.868000e-05	-2.253925e-02	1.125419e+01
1.869000e-05	1.771252e-02	1.151624e+01
1.870000e-05	-1.800162e-02	1.168724e+01
1.871000e-05	-9.505053e-03	1.186619e+01
1.872000e-05	-3.536615e-02	1.210727e+01
1.873000e-05	1.423044e-03	1.226676e+01
1.874000e-05	-5.241050e-03	1.246412e+01
1.875000e-05	-6.636559e-03	1.262203e+01
1.876000e-05	-2.197001e-02	1.278146e+01
1.877000e-05	-1.938020e-02	1.294890e+01
1.878000e-05	-6.153100e-03	1.311692e+01
1.879000e-05	-1.934451e-02	1.327529e+01
1.880000e-05	-1.903658e-02	1.345313e+01
1.881000e-05	-2.229789e-02	1.359063e+01
1.882000e-05	1.770316e-03	1.373990e+01
1.883000e-05	-9.949423e-03	1.389521e+01
1.884000e-05	-2.005884e-02	1.400358e+01
1.885000e-05	-3.263873e-02	1.414996e+01
1.886000e-05	-1.880022e-02	1.432785e+01
1.887000e-05	-9.147422e-03	1.442361e+01
1.888000e-05	-1.661916e-02	1.456895e+01
1.889000e-05	-2.277502e-02	1.460516e+01
1.890000e-05	-2.314302e-02	1.475042e+01
1.891000e-05	-1.084245e-02	1.487469e+01
1.892000e-05	-2.134526e-02	1.491685e+01
1.893000e-05	-2.685275e-02	1.500000e+01
1.894000e-05	-3.018259e-02	1.505524e+01
1.895000e-05	-1.693011e-02	1.516043e+01
1.896000e-05	-1.615970e-02	1.521316e+01
1.897000e-05	-2.762607e-02	1.523462e+01
1.898000e-05	-3.466733e-02	1.530899e+01
1.899000e-05	-3.121593e-02	1.538360e+01
1.900000e-05	-2.084332e-02	1.543511e+01
1.901000e-05	-2.756970e-02	1.545621e+01
1.902000e-05	-3.333145e-02	1.551832e+01
1.903000e-05	-3.508336e-02	1.558047e+01
1.904000e-05	-2.904236e-02	1.555143e+01
1.905000e-05	-3.273209e-02	1.564107e+01
1.906000e-05	-4.387528e-02	1.560113e+01
1.907000e-05	-4.631661e-02	1.564213e+01
1.908000e-05	-4.305390e-02	1.559156e+01
1.909000e-05	-3.751054e-02	1.561266e+01
1.910000e-05	-4.981665e-02	1.563313e+01
1.911000e-05	-6.025627e-02	1.561213e+01
1.912000e-05	-6.603680e-02	1.556055e+01
1.913000e-05	-6.737853e-02	1.556842e+01
1.914000e-05	-8.100784e-02	1.549582e+01
1.915000e-05	-1.037895e-01	1.544769e+01
1.916000e-05	-1.299245e-01	1.541463e+01
1.917000e-05	-1.668383e-01	1.533257e+01
1.918000e-05	-2.193384e-01	1.528789e+01
1.919000e-05	-2.471667e-01	1.525618e+01
1.920000e-05	-2.500000e-01	1.520113e+01
1.921000e-05	-2.500000e-01	1.511748e+01
1.922000e-05	-2.417288e-01	1.505666e+01
1.923000e-05	-1.890674e-01	1.495250e+01
1.924000e-05	-1.360281e-01	1.488524e+01
1.925000e-05	-9.706364e-02	1.483008e+01
1.926000e-05	-7.079824e-02	1.468634e+01
1.927000e-05	-5.330691e-02	1.455150e+01
1.928000e-05	-4.936627e-02	1.447679e+01
1.929000e-05	-4.234768e-02	1.433102e+01
1.930000e-05	-3.453263e-02	1.423168e+01
1.931000e-05	-2.674372e-02	1.410639e+01
1.932000e-05	-2.873902e-02	1.396952e+01
1.933000e-05	-2.862897e-02	1.377108e+01
1.934000e-05	-2.545867e-02	1.369631e+01
1.935000e-05	-1.946874e-02	1.351044e+01
1.936000e-05	-1.911009e-02	1.334203e+01
1.937000e-05	-2.198769e-02	1.328173e+01
1.938000e-05	-2.175096e-02	1.305421e+01
1.939000e-05	-1.736523e-02	1.291689e+01
1.940000e-05	-1.502070e-02	1.273837e+01
1.941000e-05	-1.824433e-02	1.253102e+01
1.942000e-05	-2.017546e-02	1.242263e+01
1.943000e-05	-1.625771e-02	1.222208e+01
1.944000e-05	-1.239035e-02	1.204480e+01
1.945000e-05	-1.352877e-02	1.183370e+01
1.946000e-05	-1.843640e-02	1.161368e+01
1.947000e-05	-1.644268e-02	1.137318e+01
1.948000e-05	-1.261633e-02	1.121265e+01
1.949000e-05	-1.089662e-02	1.100065e+01
1.950000e-05	-1.465896e-02	1.081255e+01
1.951000e-05	-1.525289e-02	1.057157e+01
1.952000e-05	-1.212117e-02	1.039055e+01
1.953000e-05	-1.010903e-02	1.014952e+01
1.954000e-05	-1.203875e-02	9.966323e+00
1.955000e-05	-1.381795e-02	9.685313e+00
1.956000e-05	-1.173278e-02	9.434305e+00
1.957000e-05	-9.365761e-03	9.233631e+00
1.958000e-05	-9.951742e-03	8.991073e+00
1.959000e-05	-1.266566e-02	8.737494e+00
1.960000e-05	-1.252599e-02	8.505891e+00
1.961000e-05	-9.957478e-03	8.254864e+00
1.962000e-05	-8.411001e-03	8.023228e+00
1.963000e-05	-1.064907e-02	7.779974e+00
1.964000e-05	-1.175660e-02	7.484786e+00
1.965000e-05	-9.037360e-03	7.239581e+00
1.966000e-05	-7.680054e-03	6.939046e+00
1.967000e-05	-8.934603e-03	6.726267e+00
1.968000e-05	-1.063842e-02	6.412126e+00
1.969000e-05	-1.023137e-02	6.169597e+00
1.970000e-05	-7.369826e-03	5.927837e+00
1.971000e-05	-7.821140e-03	5.662304e+00
1.972000e-05	-8.949030e-03	5.378495e+00
1.973000e-05	-1.034710e-02	5.043305e+00
1.974000e-05	-7.140681e-03	4.716416e+00
1.975000e-05	-6.656644e-03	4.474287e+00
1.976000e-05	-7.680219e-03	4.179575e+00
1.977000e-05	-9.210594e-03	3.886813e+00
1.978000e-05	-7.594539e-03	3.611676e+00
1.979000e-05	-6.438658e-03	3.376590e+00
1.980000e-05	-6.870150e-03	3.073254e+00
1.981000e-05	-8.496625e-03	2.811002e+00
1.982000e-05	-8.503625e-03	2.544762e+00
1.983000e-05	-6.675619e-03	2.199000e+00
1.984000e-05	-5.693681e-03	1.956438e+00
1.985000e-05	-6.496316e-03	1.632151e+00
1.986000e-05	-7.385873e-03	1.306888e+00
1.987000e-05	-5.867210e-03	1.039121e+00
1.988000e-05	-5.215614e-03	6.773104e-01
1.989000e-05	-5.516667e-03	4.525740e-01
1.990000e-05	-4.977581e-03	1.264107e-01
1.991000e-05	-1.790254e-03	-1.682210e-01
1.992000e-05	9.894477e-03	-3.814514e-01
1.993000e-05	-3.624983e-03	-7.047170e-01
1.994000e-05	4.132249e-03	-9.969274e-01
1.995000e-05	-4.569383e-03	-1.222059e+00
1.996000e-05	2.838772e-03	-1.527772e+00
1.997000e-05	2.523798e-03	-1.819900e+00
1.998000e-05	3.448896e-02	-2.010529e+00
1.999000e-05	1.124044e-01	-2.273663e+00
2.000000e-05	-1.448161e-02	-2.635713e+00
2.001000e-05	-4.471660e-02	-3.087091e+00
2.002000e-05	-2.648783e-02	-3.359474e+00
2.003000e-05	-2.951690e-02	-3.589975e+00
2.004000e-05	-7.693133e-02	-3.894684e+00
2.005000e-05	4.786191e-02	-4.034187e+00
2.006000e-05	1.058949e-01	-4.243009e+00
2.007000e-05	-1.437855e-01	-4.549804e+00
2.008000e-05	1.860788e-01	-4.811496e+00
2.009000e-05	-1.119507e-01	-5.126791e+00
2.010000e-05	4.317420e-02	-5.496116e+00
2.011000e-05	1.321204e-02	-5.707317e+00
2.012000e-05	-9.695443e-02	-6.001427e+00
2.013000e-05	1.699372e-01	-6.252665e+00
2.014000e-05	-1.130284e-01	-6.578346e+00
2.015000e-05	9.849544e-02	-6.861509e+00
2.016000e-05	-4.944420e-02	-7.125645e+00
2.017000e-05	-1.650674e-02	-7.412032e+00
2.018000e-05	7.047553e-02	-7.614084e+00
2.019000e-05	-8.349339e-02	-7.958891e+00
2.020000e-05	1.318828e-01	-8.170929e+00
2.021000e-05	-8.455950e-02	-8.403506e+00
2.022000e-05	7.281255e-02	-8.706771e+00
2.023000e-05	-2.675911e-02	-8.940248e+00
2.024000e-05	-2.745063e-02	-9.211976e+00
2.025000e-05	4.891711e-02	-9.371478e+00
2.026000e-05	-3.473837e-02	-9.592538e+00
2.027000e-05	9.804892e-02	-9.843658e+00
2.028000e-05	-6.151719e-02	-1.009571e+01
2.029000e-05	6.680555e-02	-1.031679e+01
2.030000e-05	-5.399647e-02	-1.054785e+01
2.031000e-05	4.258311e-02	-1.074932e+01
2.032000e-05	-1.044701e-02	-1.097932e+01
2.033000e-05	1.485326e-02	-1.112945e+01
2.034000e-05	2.513239e-02	-1.138140e+01
2.035000e-05	-2.337315e-03	-1.159254e+01
2.036000e-05	3.242841e-02	-1.184251e+01
2.037000e-05	-2.477859e-02	-1.204251e+01
2.038000e-05	3.242617e-02	-1.217153e+01
2.039000e-05	-7.559809e-03	-1.239143e+01
2.040000e-05	4.417948e-02	-1.251945e+01
2.041000e-05	-7.230244e-03	-1.274927e+01
2.042000e-05	1.797044e-02	-1.289984e+01
2.043000e-05	-6.794154e-03	-1.307616e+01
2.044000e-05	1.850197e-02	-1.321464e+01
2.045000e-05	7.346416e-03	-1.332441e+01
2.046000e-05	1.744619e-02	-1.352782e+01
2.047000e-05	1.786623e-02	-1.364581e+01
2.048000e-05	1.841959e-02	-1.385466e+01
2.049000e-05	1.509696e-02	-1.397160e+01
2.050000e-05	1.658743e-03	-1.409829e+01
2.051000e-05	7.517776e-03	-1.424618e+01
2.052000e-05	1.123610e-02	-1.439000e+01
2.053000e-05	2.462726e-02	-1.447674e+01
2.054000e-05	1.624057e-02	-1.458348e+01
2.055000e-05	1.941935e-02	-1.470784e+01
2.056000e-05	1.004732e-02	-1.479198e+01
2.057000e-05	2.036912e-02	-1.491627e+01
2.058000e-05	1.306700e-02	-1.492142e+01
2.059000e-05	1.801846e-02	-1.507621e+01
2.060000e-05	1.547279e-02	-1.513790e+01
2.061000e-05	2.411734e-02	-1.520308e+01
2.062000e-05	1.999515e-02	-1.527469e+01
2.063000e-05	1.690117e-02	-1.531982e+01
2.064000e-05	1.509717e-02	-1.537100e+01
2.065000e-05	2.081532e-02	-1.545421e+01
2.066000e-05	2.849210e-02	-1.552679e+01
2.067000e-05	2.652658e-02	-1.549887e+01
2.068000e-05	2.612417e-02	-1.557805e+01
2.069000e-05	2.392566e-02	-1.559108e+01
2.070000e-05	2.874149e-02	-1.557363e+01
2.071000e-05	2.782450e-02	-1.562570e+01
2.072000e-05	2.923986e-02	-1.567431e+01
2.073000e-05	3.218284e-02	-1.567313e+01
2.074000e-05	4.104293e-02	-1.564474e+01
2.075000e-05	4.483198e-02	-1.564321e+01
2.076000e-05	4.453479e-02	-1.564518e+01
2.077000e-05	4.551929e-02	-1.560506e+01
2.078000e-05	5.437586e-02	-1.564200e+01
2.079000e-05	6.653491e-02	-1.553152e+01
2.080000e-05	7.942881e-02	-1.551892e+01
2.081000e-05	9.600148e-02	-1.545729e+01
2.082000e-05	1.256105e-01	-1.544316e+01
2.083000e-05	1.726670e-01	-1.538301e+01
2.084000e-05	2.273013e-01	-1.531942e+01
2.085000e-05	2.481907e-01	-1.527721e+01
2.086000e-05	2.500000e-01	-1.519313e+01
2.087000e-05	2.500000e-01	-1.515824e+01
2.088000e-05	2.336096e-01	-1.501418e+01
2.089000e-05	1.722790e-01	-1.495947e+01
2.090000e-05	1.140234e-01	-1.485726e+01
2.091000e-05	8.114716e-02	-1.478263e+01
2.092000e-05	6.183390e-02	-1.466684e+01
2.093000e-05	4.818077e-02	-1.459310e+01
2.094000e-05	3.516790e-02	-1.447581e+01
2.095000e-05	2.850272e-02	-1.431950e+01
2.096000e-05	2.489390e-02	-1.419321e+01
2.097000e-05	2.197983e-02	-1.411883e+01
2.098000e-05	1.613034e-02	-1.397910e+01
2.099000e-05	1.311915e-02	-1.381253e+01
2.100000e-05	1.328622e-02	-1.368829e+01
2.101000e-05	1.491991e-02	-1.356737e+01
2.102000e-05	1.208497e-02	-1.339252e+01
2.103000e-05	7.720638e-03	-1.322418e+01
2.104000e-05	6.368837e-03	-1.302471e+01
2.105000e-05	8.319651e-03	-1.291779e+01
2.106000e-05	8.316120e-03	-1.272900e+01
2.107000e-05	5.999669e-03	-1.256053e+01
2.108000e-05	5.365748e-03	-1.239155e+01
2.109000e-05	5.418638e-03	-1.222160e+01
2.110000e-05	6.163981e-03	-1.205373e+01
2.111000e-05	3.115665e-03	-1.180560e+01
2.112000e-05	6.102502e-04	-1.162273e+01
2.113000e-05	2.099992e-03	-1.140200e+01
2.114000e-05	4.414746e-03	-1.115005e+01
2.115000e-05	3.859152e-03	-1.094592e+01
2.116000e-05	1.539739e-03	-1.074007e+01
2.117000e-05	1.905907e-04	-1.055907e+01
2.118000e-05	1.089674e-03	-1.033736e+01
2.119000e-05	1.293281e-03	-1.012539e+01
2.120000e-05	-1.181353e-03	-9.865286e+00
2.121000e-05	-1.586855e-03	-9.654837e+00
2.122000e-05	-1.756428e-03	-9.413256e+00
2.123000e-05	3.283795e-04	-9.193098e+00
2.124000e-05	-1.556188e-03	-8.979424e+00
2.125000e-05	-3.931222e-03	-8.738899e+00
2.126000e-05	-3.319301e-03	-8.485885e+00
2.127000e-05	-1.138219e-03	-8.223760e+00
2.128000e-05	-6.579595e-04	-7.980501e+00
2.129000e-05	-3.130032e-03	-7.745939e+00
2.130000e-05	-4.620470e-03	-7.422133e+00
2.131000e-05	-4.097283e-03	-7.212553e+00
2.132000e-05	-4.168710e-03	-6.947439e+00
2.133000e-05	-4.669089e-03	-6.672708e+00
2.134000e-05	-5.759132e-03	-6.381627e+00
2.135000e-05	-4.105858e-03	-6.126862e+00
2.136000e-05	-4.532504e-03	-5.833180e+00
2.137000e-05	-3.839434e-03	-5.599501e+00
2.138000e-05	-6.457718e-03	-5.314283e+00
2.139000e-05	-6.514744e-03	-5.009544e+00
2.140000e-05	-5.075051e-03	-4.642126e+00
2.141000e-05	-4.120991e-03	-4.400498e+00
2.142000e-05	-6.383417e-03	-4.138443e+00
2.143000e-05	-6.751344e-03	-3.945807e+00
2.144000e-05	-6.974117e-03	-3.579419e+00
2.145000e-05	-6.672490e-03	-3.308418e+00
2.146000e-05	-7.919217e-03	-3.002155e+00
2.147000e-05	-7.802597e-03	-2.717913e+00
2.148000e-05	-6.505191e-03	-2.442258e+00
2.149000e-05	-5.271578e-03	-2.178042e+00
2.150000e-05	-6.031574e-03	-1.915283e+00
2.151000e-05	-8.139047e-03	-1.611049e+00
2.152000e-05	-9.687622e-03	-1.274779e+00
2.153000e-05	-9.478719e-03	-9.969959e-01
2.154000e-05	-8.045888e-03	-7.042856e-01
2.155000e-05	-7.820929e-03	-3.794698e-01
2.156000e-05	-6.316282e-03	-1.058644e-01
2.157000e-05	2.203836e-03	1.597974e-01
2.158000e-05	3.072396e-03	4.730842e-01
2.159000e-05	-2.644090e-03	7.073145e-01
2.160000e-05	4.732347e-04	9.988298e-01
2.161000e-05	-4.863879e-03	1.285134e+00
2.162000e-05	-1.262494e-03	1.588379e+00
2.163000e-05	-9.285744e-04	1.865138e+00
2.164000e-05	1.928238e-02	2.084212e+00
2.165000e-05	7.709743e-02	2.367394e+00
2.166000e-05	3.392925e-02	2.734143e+00
2.167000e-05	-7.254157e-02	2.982980e+00
2.168000e-05	-3.304372e-02	3.283688e+00
2.169000e-05	-3.472659e-02	3.599353e+00
2.170000e-05	-3.268717e-02	3.851108e+00
2.171000e-05	-6.957760e-02	4.001507e+00
2.172000e-05	6.221814e-02	4.296816e+00
2.173000e-05	4.576786e-02	4.590532e+00
2.174000e-05	-8.558972e-02	4.874111e+00
2.175000e-05	1.519224e-01	5.157883e+00
2.176000e-05	-1.232642e-01	5.475267e+00
2.177000e-05	2.019692e-02	5.788801e+00
2.178000e-05	-4.505784e-03	6.032566e+00
2.179000e-05	-1.256548e-02	6.255717e+00
2.180000e-05	4.940810e-02	6.599900e+00
2.181000e-05	-7.401918e-02	6.852160e+00
2.182000e-05	3.963528e-02	7.095742e+00
2.183000e-05	-4.946034e-02	7.382007e+00
2.184000e-05	2.216428e-02	7.685163e+00
2.185000e-05	-2.932792e-02	7.981001e+00
2.186000e-05	-6.687855e-03	8.222562e+00
2.187000e-05	3.829098e-02	8.424059e+00
2.188000e-05	-3.087079e-02	8.665212e+00
2.189000e-05	8.679917e-03	8.907265e+00
2.190000e-05	-4.535582e-02	9.160921e+00
2.191000e-05	-8.210729e-03	9.400950e+00
2.192000e-05	8.957274e-03	9.653039e+00
2.193000e-05	3.504269e-03	9.864211e+00
2.194000e-05	-1.014682e-02	1.011624e+01
2.195000e-05	-2.354058e-02	1.029617e+01
2.196000e-05	6.508243e-03	1.051835e+01
2.197000e-05	-2.128157e-02	1.071880e+01
2.198000e-05	-1.275830e-02	1.097943e+01
2.199000e-05	-2.075334e-02	1.116087e+01
2.200000e-05	1.463069e-03	1.142048e+01
2.201000e-05	1.742883e-03	1.158251e+01
2.202000e-05	-1.385094e-02	1.181158e+01
2.203000e-05	-2.645629e-02	1.203148e+01
2.204000e-05	-1.683987e-02	1.220158e+01
2.205000e-05	-7.882796e-04	1.238990e+01
2.206000e-05	-2.546750e-03	1.254838e+01
2.207000e-05	-1.729633e-02	1.271582e+01
2.208000e-05	-2.069959e-02	1.287627e+01
2.209000e-05	-1.270499e-02	1.305314e+01
2.210000e-05	-1.034521e-02	1.319508e+01
2.211000e-05	-2.026836e-02	1.337840e+01
2.212000e-05	-2.335326e-02	1.351782e+01
2.213000e-05	-7.561038e-03	1.368461e+01
2.214000e-05	-5.028947e-03	1.378305e+01
2.215000e-05	-1.153524e-02	1.397992e+01
2.216000e-05	-3.197922e-02	1.407822e+01
2.217000e-05	-2.308051e-02	1.422523e+01
2.218000e-05	-1.569883e-02	1.432045e+01
2.219000e-05	-9.147835e-03	1.449527e+01
2.220000e-05	-2.214098e-02	1.462203e+01
2.221000e-05	-2.418549e-02	1.473732e+01
2.222000e-05	-1.521457e-02	1.482100e+01
2.223000e-05	-1.613952e-02	1.487514e+01
2.224000e-05	-2.268259e-02	1.494990e+01
2.225000e-05	-3.285307e-02	1.505516e+01
2.226000e-05	-2.116932e-02	1.510584e+01
2.227000e-05	-1.759487e-02	1.517108e+01
2.228000e-05	-1.866890e-02	1.523363e+01
2.229000e-05	-3.546666e-02	1.528692e+01
2.230000e-05	-3.350690e-02	1.536042e+01
2.231000e-05	-2.462425e-02	1.539366e+01
2.232000e-05	-2.505950e-02	1.547519e+01
2.233000e-05	-2.906080e-02	1.553882e+01
2.234000e-05	-3.897361e-02	1.555939e+01
2.235000e-05	-2.753185e-02	1.558958e+01
2.236000e-05	-3.029164e-02	1.559050e+01
2.237000e-05	-3.614644e-02	1.563300e+01
2.238000e-05	-4.799439e-02	1.557203e+01
2.239000e-05	-4.627019e-02	1.562403e+01
2.240000e-05	-3.989130e-02	1.558176e+01
2.241000e-05	-4.501925e-02	1.563303e+01
2.242000e-05	-5.560645e-02	1.563058e+01
2.243000e-05	-6.452237e-02	1.559248e+01
2.244000e-05	-6.299891e-02	1.555942e+01
2.245000e-05	-7.213999e-02	1.548887e+01
2.246000e-05	-9.206386e-02	1.545729e+01
2.247000e-05	-1.190577e-01	1.544474e+01
2.248000e-05	-1.483035e-01	1.539352e+01
2.249000e-05	-1.952112e-01	1.532804e+01
2.250000e-05	-2.388294e-01	1.527679e+01
2.251000e-05	-2.500000e-01	1.523363e+01
2.252000e-05	-2.500000e-01	1.516055e+01
2.253000e-05	-2.490873e-01	1.505682e+01
2.254000e-05	-2.161866e-01	1.500363e+01
2.255000e-05	-1.583072e-01	1.490937e+01
2.256000e-05	-1.161864e-01	1.481461e+01
2.257000e-05	-8.256039e-02	1.474594e+01
2.258000e-05	-6.078296e-02	1.459316e+01
2.259000e-05	-5.015814e-02	1.452795e+01
2.260000e-05	-4.636196e-02	1.444466e+01
2.261000e-05	-3.794276e-02	1.428434e+01
2.262000e-05	-2.828215e-02	1.416257e+01
2.263000e-05	-2.653487e-02	1.404216e+01
2.264000e-05	-2.852830e-02	1.388679e+01
2.265000e-05	-2.890357e-02	1.372847e+01
2.266000e-05	-2.274911e-02	1.359260e+01
2.267000e-05	-1.910413e-02	1.347323e+01
2.268000e-05	-2.109586e-02	1.329634e+01
2.269000e-05	-2.254411e-02	1.311952e+01
2.270000e-05	-1.923173e-02	1.295947e+01
2.271000e-05	-1.407229e-02	1.282363e+01
2.272000e-05	-1.630412e-02	1.264424e+01
2.273000e-05	-1.968803e-02	1.249679e+01
2.274000e-05	-1.918053e-02	1.234646e+01
2.275000e-05	-1.408611e-02	1.211854e+01
2.276000e-05	-1.302528e-02	1.193789e+01
2.277000e-05	-1.663310e-02	1.173939e+01
2.278000e-05	-1.803958e-02	1.151744e+01
2.279000e-05	-1.405132e-02	1.129839e+01
2.280000e-05	-9.890702e-03	1.111536e+01
2.281000e-05	-1.224059e-02	1.090634e+01
2.282000e-05	-1.433277e-02	1.069739e+01
2.283000e-05	-1.406803e-02	1.052484e+01
2.284000e-05	-1.065550e-02	1.024573e+01
2.285000e-05	-1.095612e-02	1.003366e+01
2.286000e-05	-1.442655e-02	9.801025e+00
2.287000e-05	-1.419015e-02	9.568916e+00
2.288000e-05	-1.064203e-02	9.367493e+00
2.289000e-05	-8.736521e-03	9.115343e+00
2.290000e-05	-1.079031e-02	8.876359e+00
2.291000e-05	-1.298351e-02	8.641655e+00
2.292000e-05	-1.052840e-02	8.433600e+00
2.293000e-05	-7.908719e-03	8.148566e+00
2.294000e-05	-9.042058e-03	7.884784e+00
2.295000e-05	-1.144251e-02	7.652630e+00
2.296000e-05	-1.133756e-02	7.329542e+00
2.297000e-05	-8.336595e-03	7.095362e+00
2.298000e-05	-8.059977e-03	6.833233e+00
2.299000e-05	-1.034769e-02	6.586570e+00
2.300000e-05	-1.070915e-02	6.274837e+00
2.301000e-05	-8.757575e-03	6.063678e+00
2.302000e-05	-5.611966e-03	5.798544e+00
2.303000e-05	-9.184533e-03	5.535936e+00
2.304000e-05	-1.173616e-02	5.182150e+00
2.305000e-05	-1.069735e-02	4.841757e+00
2.306000e-05	-6.966822e-03	4.600597e+00
2.307000e-05	-6.636531e-03	4.328343e+00
2.308000e-05	-8.548385e-03	4.041184e+00
2.309000e-05	-8.248106e-03	3.748444e+00
2.310000e-05	-6.348767e-03	3.516763e+00
2.311000e-05	-5.659211e-03	3.210050e+00
2.312000e-05	-8.374183e-03	2.895889e+00
2.313000e-05	-9.955181e-03	2.642704e+00
2.314000e-05	-8.218396e-03	2.348414e+00
2.315000e-05	-6.352648e-03	2.073779e+00
2.316000e-05	-5.905454e-03	1.769967e+00
2.317000e-05	-8.044233e-03	1.483830e+00
2.318000e-05	-6.795368e-03	1.148996e+00
2.319000e-05	-5.148882e-03	8.517237e-01
2.320000e-05	-4.446603e-03	5.568647e-01
2.321000e-05	-5.862907e-03	2.448067e-01
2.322000e-05	-4.439919e-03	-3.103246e-02
2.323000e-05	6.146104e-03	-2.941132e-01
2.324000e-05	4.423411e-03	-5.796998e-01
2.325000e-05	-4.639204e-04	-8.630592e-01
2.326000e-05	-1.257162e-03	-1.125664e+00
2.327000e-05	-1.221377e-03	-1.421480e+00
2.328000e-05	6.044774e-04	-1.674035e+00
2.329000e-05	1.610747e-02	-1.917270e+00
2.330000e-05	7.404410e-02	-2.096800e+00
2.331000e-05	7.830473e-02	-2.516636e+00
2.332000e-05	-7.119816e-02	-2.927169e+00
2.333000e-05	-9.461252e-03	-3.304639e+00
2.334000e-05	-4.430248e-02	-3.485715e+00
2.335000e-05	-3.273334e-02	-3.707747e+00
2.336000e-05	-7.440944e-02	-3.958402e+00
2.337000e-05	1.720326e-01	-4.146766e+00
2.338000e-05	-9.998891e-02	-4.369930e+00
2.339000e-05	6.817227e-02	-4.739174e+00
2.340000e-05	7.443604e-02	-4.959379e+00
2.341000e-05	-1.386416e-01	-5.347726e+00
2.342000e-05	1.463480e-01	-5.590475e+00
2.343000e-05	-1.518617e-01	-5.873538e+00
2.344000e-05	1.052597e-01	-6.188906e+00
2.345000e-05	6.556486e-03	-6.359480e+00
2.346000e-05	-3.895722e-02	-6.736820e+00
2.347000e-05	9.250052e-02	-6.959378e+00
2.348000e-05	-1.221932e-01	-7.264087e+00
2.349000e-05	1.130524e-01	-7.506743e+00
2.350000e-05	-7.369545e-02	-7.792929e+00
2.351000e-05	5.967187e-02	-8.066191e+00
2.352000e-05	3.047733e-02	-8.296189e+00
2.353000e-05	-4.660172e-02	-8.571407e+00
2.354000e-05	9.016749e-02	-8.834029e+00
2.355000e-05	-1.046070e-01	-9.064084e+00
2.356000e-05	7.819583e-02	-9.263692e+00
2.357000e-05	-4.995591e-02	-9.498246e+00
2.358000e-05	7.608784e-02	-9.769900e+00
2.359000e-05	-3.143713e-03	-9.969921e+00
2.360000e-05	4.405605e-03	-1.023211e+01
2.361000e-05	1.956553e-02	-1.042103e+01
2.362000e-05	-3.388907e-02	-1.063316e+01
2.363000e-05	5.347549e-02	-1.084473e+01
2.364000e-05	-3.780986e-02	-1.107357e+01
2.365000e-05	5.925372e-02	-1.125521e+01
2.366000e-05	-2.416926e-02	-1.147874e+01
2.367000e-05	4.511828e-02	-1.170835e+01
2.368000e-05	-2.047844e-02	-1.192630e+01
2.369000e-05	1.969777e-02	-1.214677e+01
2.370000e-05	3.159599e-04	-1.227622e+01
2.371000e-05	2.572021e-02	-1.248619e+01
2.372000e-05	2.051789e-02	-1.265616e+01
2.373000e-05	1.530852e-03	-1.287416e+01
2.374000e-05	9.688041e-03	-1.300052e+01
2.375000e-05	-2.662510e-03	-1.314940e+01
2.376000e-05	2.253638e-02	-1.332782e+01
2.377000e-05	2.962842e-03	-1.347319e+01
2.378000e-05	2.730158e-02	-1.362208e+01
2.379000e-05	8.995894e-03	-1.375891e+01
2.380000e-05	2.572578e-02	-1.392885e+01
2.381000e-05	2.743499e-05	-1.405459e+01
2.382000e-05	9.142940e-03	-1.415243e+01
2.383000e-05	2.957649e-03	-1.428782e+01
2.384000e-05	2.407925e-02	-1.445316e+01
2.385000e-05	1.862049e-02	-1.452895e+01
2.386000e-05	2.099211e-02	-1.467666e+01
2.387000e-05	1.261936e-02	-1.476148e+01
2.388000e-05	1.561242e-02	-1.482466e+01
2.389000e-05	1.770264e-02	-1.493984e+01
2.390000e-05	1.424909e-02	-1.501411e+01
2.391000e-05	1.839723e-02	-1.512684e+01
2.392000e-05	1.710871e-02	-1.520055e+01
2.393000e-05	2.465564e-02	-1.521571e+01
2.394000e-05	1.648000e-02	-1.530837e+01
2.395000e-05	1.756082e-02	-1.537000e+01
2.396000e-05	1.548947e-02	-1.540356e+01
2.397000e-05	2.717122e-02	-1.541726e+01
2.398000e-05	2.742463e-02	-1.551032e+01
2.399000e-05	2.742174e-02	-1.556050e+01
2.400000e-05	2.411830e-02	-1.563208e+01
2.401000e-05	2.657343e-02	-1.563166e+01
2.402000e-05	2.789484e-02	-1.563408e+01
2.403000e-05	2.812257e-02	-1.564523e+01
2.404000e-05	3.065078e-02	-1.567511e+01
2.405000e-05	3.642037e-02	-1.562366e+01
2.406000e-05	4.368738e-02	-1.564469e+01
2.407000e-05	4.539549e-02	-1.563561e+01
2.408000e-05	4.524190e-02	-1.562408e+01
2.409000e-05	4.952222e-02	-1.558213e+01
2.410000e-05	5.975496e-02	-1.554101e+01
2.411000e-05	7.330593e-02	-1.554045e+01
2.412000e-05	8.781729e-02	-1.547884e+01
2.413000e-05	1.096938e-01	-1.542521e+01
2.414000e-05	1.476040e-01	-1.538412e+01
2.415000e-05	2.030357e-01	-1.535039e+01
2.416000e-05	2.418095e-01	-1.530684e+01
2.417000e-05	2.500000e-01	-1.525526e+01
2.418000e-05	2.500000e-01	-1.515050e+01
2.419000e-05	2.473560e-01	-1.507579e+01
2.420000e-05	2.050133e-01	-1.498195e+01
2.421000e-05	1.388775e-01	-1.490739e+01
2.422000e-05	9.433563e-02	-1.486418e+01
2.423000e-05	6.932353e-02	-1.474002e+01
2.424000e-05	5.345788e-02	-1.462408e+01
2.425000e-05	4.053123e-02	-1.451947e+01
2.426000e-05	3.094092e-02	-1.441266e+01
2.427000e-05	2.530828e-02	-1.426729e+01
2.428000e-05	2.376779e-02	-1.417047e+01
2.429000e-05	1.976647e-02	-1.402468e+01
2.430000e-05	1.505720e-02	-1.386636e+01
2.431000e-05	1.277974e-02	-1.373944e+01
2.432000e-05	1.370852e-02	-1.363313e+01
2.433000e-05	1.310996e-02	-1.343476e+01
2.434000e-05	9.816994e-03	-1.329826e+01
2.435000e-05	6.460692e-03	-1.314002e+01
2.436000e-05	7.189911e-03	-1.299147e+01
2.437000e-05	8.943317e-03	-1.284366e+01
2.438000e-05	7.148544e-03	-1.264429e+01
2.439000e-05	4.524113e-03	-1.246591e+01
2.440000e-05	4.640644e-03	-1.230689e+01
2.441000e-05	5.608485e-03	-1.214794e+01
2.442000e-05	4.151574e-03	-1.196147e+01
2.443000e-05	2.232899e-03	-1.170947e+01
2.444000e-05	9.092499e-04	-1.146474e+01
2.445000e-05	3.378370e-03	-1.122463e+01
2.446000e-05	3.880422e-03	-1.101418e+01
2.447000e-05	3.518368e-03	-1.084466e+01
2.448000e-05	-2.289656e-05	-1.063313e+01
2.449000e-05	1.213399e-04	-1.045318e+01
2.450000e-05	1.034671e-03	-1.022115e+01
2.451000e-05	3.894165e-04	-1.000105e+01
2.452000e-05	-1.076683e-03	-9.799525e+00
2.453000e-05	-1.962947e-03	-9.527442e+00
2.454000e-05	-1.905491e-04	-9.286438e+00
2.455000e-05	-8.453527e-05	-9.084785e+00
2.456000e-05	-2.498776e-03	-8.894255e+00
2.457000e-05	-3.484359e-03	-8.612227e+00
2.458000e-05	-2.296339e-03	-8.368495e+00
2.459000e-05	-8.228812e-04	-8.116467e+00
2.460000e-05	-2.079785e-03	-7.883808e+00
2.461000e-05	-4.468948e-03	-7.540545e+00
2.462000e-05	-3.900750e-03	-7.307941e+00
2.463000e-05	-3.572734e-03	-7.063234e+00
2.464000e-05	-3.260009e-03	-6.750474e+00
2.465000e-05	-4.850880e-03	-6.506892e+00
2.466000e-05	-4.042566e-03	-6.255205e+00
2.467000e-05	-3.797812e-03	-5.949025e+00
2.468000e-05	-3.401801e-03	-5.678417e+00
2.469000e-05	-5.196605e-03	-5.433176e+00
2.470000e-05	-6.858118e-03	-5.109415e+00
2.471000e-05	-6.209778e-03	-4.830624e+00
2.472000e-05	-4.271456e-03	-4.517889e+00
2.473000e-05	-5.662403e-03	-4.293363e+00
2.474000e-05	-6.254711e-03	-4.032652e+00
2.475000e-05	-7.103272e-03	-3.697439e+00
2.476000e-05	-5.706339e-03	-3.474259e+00
2.477000e-05	-8.176237e-03	-3.219523e+00
2.478000e-05	-6.628631e-03	-2.863303e+00
2.479000e-05	-8.191104e-03	-2.579572e+00
2.480000e-05	-5.662985e-03	-2.327335e+00
2.481000e-05	-6.390103e-03	-1.960617e+00
2.482000e-05	-5.996539e-03	-1.736390e+00
2.483000e-05	-8.952636e-03	-1.430223e+00
2.484000e-05	-8.976448e-03	-1.065312e+00
2.485000e-05	-8.302720e-03	-8.006775e-01
2.486000e-05	-8.060046e-03	-5.163632e-01
2.487000e-05	-7.538564e-03	-2.632078e-01
2.488000e-05	-4.222521e-03	5.265902e-02
2.489000e-05	7.374584e-03	3.357448e-01
2.490000e-05	-3.294408e-03	5.694252e-01
2.491000e-05	2.337440e-03	8.705827e-01
2.492000e-05	-5.414356e-03	1.156820e+00
2.493000e-05	-4.986870e-04	1.429931e+00
2.494000e-05	-4.709959e-03	1.767371e+00
2.495000e-05	1.063907e-02	1.968850e+00
2.496000e-05	4.160571e-02	2.210480e+00
2.497000e-05	9.015469e-02	2.549193e+00
2.498000e-05	-5.222392e-02	2.863716e+00
2.499000e-05	-4.632811e-02	3.166846e+00
2.500000e-05	-4.104883e-02	3.464211e+00
2.501000e-05	-1.874332e-02	3.737317e+00
2.502000e-05	-6.776675e-02	3.937367e+00
2.503000e-05	-1.769664e-02	4.160459e+00
2.504000e-05	1.149324e-01	4.483586e+00
2.505000e-05	-9.068885e-02	4.788452e+00
2.506000e-05	7.999070e-02	4.971007e+00
2.507000e-05	1.606480e-02	5.348851e+00
2.508000e-05	-9.656288e-02	5.603035e+00
2.509000e-05	5.995663e-02	5.886695e+00
2.510000e-05	-5.634632e-02	6.189902e+00
2.511000e-05	6.175227e-02	6.381927e+00
2.512000e-05	-3.646885e-02	6.696819e+00
2.513000e-05	-1.732384e-02	7.001001e+00
2.514000e-05	9.678005e-03	7.236536e+00
2.515000e-05	-3.732630e-02	7.567870e+00
2.516000e-05	2.764211e-02	7.892985e+00
2.517000e-05	-5.532838e-02	8.105842e+00
2.518000e-05	4.632141e-02	8.317396e+00
2.519000e-05	-7.013124e-03	8.589977e+00
2.520000e-05	-1.467701e-02	8.760479e+00
2.521000e-05	-4.463602e-03	9.034639e+00
2.522000e-05	-5.355662e-02	9.286192e+00
2.523000e-05	2.887366e-02	9.496766e+00
2.524000e-05	-1.464134e-02	9.748924e+00
2.525000e-05	1.708190e-02	9.960925e+00
2.526000e-05	-3.803215e-02	1.021198e+01
2.527000e-05	4.904591e-03	1.042306e+01
2.528000e-05	-9.273899e-03	1.068513e+01
2.529000e-05	-2.021980e-02	1.083319e+01
2.530000e-05	-1.214163e-02	1.103564e+01
2.531000e-05	-2.064931e-02	1.126411e+01
2.532000e-05	1.772047e-02	1.153737e+01
2.533000e-05	-1.776136e-02	1.170572e+01
2.534000e-05	-1.025217e-02	1.192777e+01
2.535000e-05	-3.413135e-02	1.210584e+01
2.536000e-05	1.140118e-03	1.229669e+01
2.537000e-05	-5.320749e-03	1.246462e+01
2.538000e-05	-8.081203e-03	1.265366e+01
2.539000e-05	-2.160341e-02	1.283298e+01
2.540000e-05	-1.864879e-02	1.293040e+01
2.541000e-05	-4.280193e-03	1.316882e+01
2.542000e-05	-1.909573e-02	1.328484e+01
2.543000e-05	-1.811677e-02	1.344551e+01
2.544000e-05	-2.198906e-02	1.360308e+01
2.545000e-05	1.728703e-03	1.381945e+01
2.546000e-05	-1.092919e-02	1.387681e+01
2.547000e-05	-2.153282e-02	1.403318e+01
2.548000e-05	-3.212253e-02	1.414148e+01
2.549000e-05	-1.849639e-02	1.430185e+01
2.550000e-05	-8.989566e-03	1.441266e+01
2.551000e-05	-1.692413e-02	1.454977e+01
2.552000e-05	-2.283998e-02	1.466676e+01
2.553000e-05	-2.176462e-02	1.475042e+01
2.554000e-05	-1.111899e-02	1.483563e+01
2.555000e-05	-2.126051e-02	1.491737e+01
2.556000e-05	-2.793337e-02	1.501250e+01
2.557000e-05	-2.899195e-02	1.504674e+01
2.558000e-05	-1.794622e-02	1.515048e+01
2.559000e-05	-1.663556e-02	1.521113e+01
2.560000e-05	-2.849311e-02	1.526426e+01
2.561000e-05	-3.503593e-02	1.536035e+01
2.562000e-05	-3.094668e-02	1.538361e+01
2.563000e-05	-2.035789e-02	1.546411e+01
2.564000e-05	-2.730456e-02	1.549624e+01
2.565000e-05	-3.445957e-02	1.552884e+01
2.566000e-05	-3.523868e-02	1.555942e+01
2.567000e-05	-2.954173e-02	1.556163e+01
2.568000e-05	-3.351947e-02	1.559008e+01
2.569000e-05	-4.499843e-02	1.560108e+01
2.570000e-05	-4.699111e-02	1.563255e+01
2.571000e-05	-4.195552e-02	1.560223e+01
2.572000e-05	-3.749872e-02	1.560250e+01
2.573000e-05	-5.122312e-02	1.562248e+01
2.574000e-05	-6.120607e-02	1.561157e+01
2.575000e-05	-6.651868e-02	1.557155e+01
2.576000e-05	-6.716627e-02	1.550835e+01
2.577000e-05	-8.210818e-02	1.547829e+01
2.578000e-05	-1.075197e-01	1.547571e+01
2.579000e-05	-1.325031e-01	1.539413e+01
2.580000e-05	-1.686179e-01	1.536192e+01
2.581000e-05	-2.213285e-01	1.529784e+01
2.582000e-05	-2.478792e-01	1.528523e+01
2.583000e-05	-2.500000e-01	1.518111e+01
2.584000e-05	-2.500000e-01	1.509890e+01
2.585000e-05	-2.393606e-01	1.502569e+01
2.586000e-05	-1.862372e-01	1.498044e+01
2.587000e-05	-1.339096e-01	1.487518e+01
2.588000e-05	-9.564221e-02	1.476100e+01
2.589000e-05	-6.864005e-02	1.466634e+01
2.590000e-05	-5.270966e-02	1.457095e+01
2.591000e-05	-4.960571e-02	1.447529e+01
2.592000e-05	-4.167099e-02	1.435909e+01
2.593000e-05	-3.368266e-02	1.421368e+01
2.594000e-05	-2.437043e-02	1.408879e+01
2.595000e-05	-2.958986e-02	1.404160e+01
2.596000e-05	-2.870165e-02	1.379260e+01
2.597000e-05	-2.691863e-02	1.366586e+01
2.598000e-05	-1.755415e-02	1.348742e+01
2.599000e-05	-1.874725e-02	1.337102e+01
2.600000e-05	-2.240062e-02	1.323310e+01
2.601000e-05	-2.019080e-02	1.308476e+01
2.602000e-05	-1.810836e-02	1.289784e+01
2.603000e-05	-1.448530e-02	1.271846e+01
2.604000e-05	-2.132400e-02	1.258000e+01
2.605000e-05	-2.095933e-02	1.245218e+01
2.606000e-05	-1.376779e-02	1.222308e+01
2.607000e-05	-1.029110e-02	1.202263e+01
2.608000e-05	-1.218494e-02	1.184228e+01
2.609000e-05	-1.906279e-02	1.162371e+01
2.610000e-05	-1.684637e-02	1.140108e+01
2.611000e-05	-1.279633e-02	1.117110e+01
2.612000e-05	-1.259509e-02	1.097105e+01
2.613000e-05	-1.443348e-02	1.080160e+01
2.614000e-05	-1.439859e-02	1.056100e+01
2.615000e-05	-9.475470e-03	1.033787e+01
2.616000e-05	-8.169256e-03	1.011739e+01
2.617000e-05	-1.222927e-02	9.905392e+00
2.618000e-05	-1.587359e-02	9.674882e+00
2.619000e-05	-1.322635e-02	9.423180e+00
2.620000e-05	-1.002494e-02	9.203126e+00
2.621000e-05	-1.028709e-02	8.970597e+00
2.622000e-05	-1.267733e-02	8.767420e+00
2.623000e-05	-1.154844e-02	8.505414e+00
2.624000e-05	-8.129280e-03	8.284759e+00
2.625000e-05	-7.252846e-03	8.002075e+00
2.626000e-05	-1.072520e-02	7.771571e+00
2.627000e-05	-1.262209e-02	7.525360e+00
2.628000e-05	-1.008726e-02	7.211653e+00
2.629000e-05	-8.465540e-03	6.958497e+00
2.630000e-05	-9.272076e-03	6.697459e+00
2.631000e-05	-1.207771e-02	6.380124e+00
2.632000e-05	-9.119653e-03	6.159017e+00
2.633000e-05	-6.536542e-03	5.917336e+00
2.634000e-05	-6.301506e-03	5.600154e+00
2.635000e-05	-9.969103e-03	5.349995e+00
2.636000e-05	-1.156412e-02	5.012626e+00
2.637000e-05	-8.883670e-03	4.717867e+00
2.638000e-05	-6.523008e-03	4.444205e+00
2.639000e-05	-8.733626e-03	4.168494e+00
2.640000e-05	-9.508578e-03	3.872759e+00
2.641000e-05	-7.792664e-03	3.611529e+00
2.642000e-05	-5.996338e-03	3.358945e+00
2.643000e-05	-7.013462e-03	3.060656e+00
2.644000e-05	-9.650547e-03	2.768973e+00
2.645000e-05	-9.047684e-03	2.463229e+00
2.646000e-05	-6.381147e-03	2.178545e+00
2.647000e-05	-5.332983e-03	1.906388e+00
2.648000e-05	-6.610873e-03	1.632625e+00
2.649000e-05	-8.783497e-03	1.295416e+00
2.650000e-05	-6.375225e-03	9.690409e-01
2.651000e-05	-4.920301e-03	6.948091e-01
2.652000e-05	-5.348982e-03	4.220763e-01
2.653000e-05	-4.757924e-03	1.159630e-01
2.654000e-05	-2.886573e-04	-1.678464e-01
2.655000e-05	1.128515e-02	-4.110066e-01
2.656000e-05	-1.938156e-03	-6.746146e-01
2.657000e-05	2.912452e-03	-9.783487e-01
2.658000e-05	-5.426614e-03	-1.256134e+00
2.659000e-05	1.456292e-03	-1.547850e+00
2.660000e-05	3.168177e-03	-1.787928e+00
2.661000e-05	3.649567e-02	-2.051526e+00
2.662000e-05	1.144414e-01	-2.286221e+00
2.663000e-05	-2.356686e-02	-2.715738e+00
2.664000e-05	-3.799934e-02	-3.115321e+00
2.665000e-05	-2.958916e-02	-3.420929e+00
2.666000e-05	-2.819023e-02	-3.630903e+00
2.667000e-05	-8.223477e-02	-3.884184e+00
2.668000e-05	6.575749e-02	-4.063162e+00
2.669000e-05	8.493929e-02	-4.263036e+00
2.670000e-05	-1.279909e-01	-4.571878e+00
2.671000e-05	1.928447e-01	-4.831585e+00
2.672000e-05	-1.240035e-01	-5.149276e+00
2.673000e-05	6.356277e-02	-5.516243e+00
2.674000e-05	-1.216738e-02	-5.737268e+00
2.675000e-05	-7.335512e-02	-6.032009e+00
2.676000e-05	1.601654e-01	-6.314085e+00
2.677000e-05	-1.140669e-01	-6.569926e+00
2.678000e-05	1.071935e-01	-6.845615e+00
2.679000e-05	-6.666683e-02	-7.118146e+00
2.680000e-05	2.602424e-04	-7.401028e+00
2.681000e-05	5.415911e-02	-7.674188e+00
2.682000e-05	-7.088032e-02	-7.947323e+00
2.683000e-05	1.291334e-01	-8.210475e+00
2.684000e-05	-8.809365e-02	-8.424584e+00
2.685000e-05	8.297435e-02	-8.677741e+00
2.686000e-05	-4.233702e-02	-8.937876e+00
2.687000e-05	-1.351365e-02	-9.181452e+00
2.688000e-05	3.770475e-02	-9.371979e+00
2.689000e-05	-2.350874e-02	-9.633118e+00
2.690000e-05	9.111959e-02	-9.844686e+00
2.691000e-05	-5.879201e-02	-1.010724e+01
2.692000e-05	6.681491e-02	-1.034780e+01
2.693000e-05	-5.724385e-02	-1.057937e+01
2.694000e-05	4.828222e-02	-1.076040e+01
2.695000e-05	-1.712778e-02	-1.097940e+01
2.696000e-05	2.304621e-02	-1.116045e+01
2.697000e-05	1.765614e-02	-1.137988e+01
2.698000e-05	3.954086e-03	-1.164351e+01
2.699000e-05	2.528285e-02	-1.178351e+01
2.700000e-05	-2.268739e-02	-1.204356e+01
2.701000e-05	2.823982e-02	-1.220408e+01
2.702000e-05	-5.012494e-03	-1.236146e+01
2.703000e-05	4.357222e-02	-1.256145e+01
2.704000e-05	-6.953543e-03	-1.275887e+01
2.705000e-05	1.893910e-02	-1.292832e+01
2.706000e-05	-6.241956e-03	-1.307727e+01
2.707000e-05	1.927763e-02	-1.327466e+01
2.708000e-05	4.588427e-03	-1.335205e+01
2.709000e-05	1.779275e-02	-1.353835e+01
2.710000e-05	1.753105e-02	-1.368484e+01
2.711000e-05	1.976040e-02	-1.385618e+01
2.712000e-05	1.245181e-02	-1.399153e+01
2.713000e-05	2.721863e-03	-1.413787e+01
2.714000e-05	7.234138e-03	-1.428571e+01
2.715000e-05	1.317208e-02	-1.436048e+01
2.716000e-05	2.380016e-02	-1.451684e+01
2.717000e-05	1.658866e-02	-1.461058e+01
2.718000e-05	1.938047e-02	-1.467784e+01
2.719000e-05	1.120931e-02	-1.479155e+01
2.720000e-05	2.017999e-02	-1.490376e+01
2.721000e-05	1.144370e-02	-1.496000e+01
2.722000e-05	1.767572e-02	-1.502484e+01
2.723000e-05	1.622858e-02	-1.515892e+01
2.724000e-05	2.516611e-02	-1.520310e+01
2.725000e-05	2.005208e-02	-1.529626e+01
2.726000e-05	1.795382e-02	-1.531987e+01
2.727000e-05	1.613766e-02	-1.537308e+01
2.728000e-05	2.213869e-02	-1.546521e+01
2.729000e-05	2.811283e-02	-1.548829e+01
2.730000e-05	2.572691e-02	-1.551932e+01
2.731000e-05	2.605510e-02	-1.556155e+01
2.732000e-05	2.484725e-02	-1.559161e+01
2.733000e-05	2.849472e-02	-1.556363e+01
2.734000e-05	2.769026e-02	-1.563321e+01
2.735000e-05	3.051612e-02	-1.567518e+01
2.736000e-05	3.376387e-02	-1.563279e+01
2.737000e-05	4.209720e-02	-1.564569e+01
2.738000e-05	4.447313e-02	-1.565471e+01
2.739000e-05	4.492195e-02	-1.564516e+01
2.740000e-05	4.616522e-02	-1.563258e+01
2.741000e-05	5.530954e-02	-1.559210e+01
2.742000e-05	6.664525e-02	-1.554952e+01
2.743000e-05	7.989281e-02	-1.550740e+01
2.744000e-05	9.807492e-02	-1.545626e+01
2.745000e-05	1.282522e-01	-1.539265e+01
2.746000e-05	1.763767e-01	-1.538052e+01
2.747000e-05	2.300730e-01	-1.532834e+01
2.748000e-05	2.488828e-01	-1.526571e+01
2.749000e-05	2.500000e-01	-1.524310e+01
2.750000e-05	2.500000e-01	-1.514887e+01
2.751000e-05	2.305628e-01	-1.505261e+01
2.752000e-05	1.688240e-01	-1.496039e+01
2.753000e-05	1.123220e-01	-1.488529e+01
2.754000e-05	7.937296e-02	-1.478060e+01
2.755000e-05	6.156686e-02	-1.467627e+01
2.756000e-05	4.683380e-02	-1.458153e+01
2.757000e-05	3.495085e-02	-1.450576e+01
2.758000e-05	2.780598e-02	-1.434992e+01
2.759000e-05	2.472490e-02	-1.420518e+01
2.760000e-05	2.138500e-02	-1.409689e+01
2.761000e-05	1.527508e-02	-1.394845e+01
2.762000e-05	1.282141e-02	-1.380365e+01
2.763000e-05	1.351031e-02	-1.362726e+01
2.764000e-05	1.482462e-02	-1.356042e+01
2.765000e-05	1.186069e-02	-1.333952e+01
2.766000e-05	8.316164e-03	-1.324321e+01
2.767000e-05	6.928061e-03	-1.301419e+01
2.768000e-05	8.104822e-03	-1.290729e+01
2.769000e-05	7.546434e-03	-1.275994e+01
2.770000e-05	4.943005e-03	-1.256197e+01
2.771000e-05	3.861160e-03	-1.236170e+01
2.772000e-05	5.367419e-03	-1.222113e+01
2.773000e-05	4.858205e-03	-1.203373e+01
2.774000e-05	3.068456e-03	-1.179216e+01
2.775000e-05	1.763839e-03	-1.159161e+01
2.776000e-05	2.525244e-03	-1.136155e+01
2.777000e-05	4.015918e-03	-1.113994e+01
2.778000e-05	2.200046e-03	-1.093846e+01
2.779000e-05	8.908904e-04	-1.071841e+01
2.780000e-05	-3.614705e-04	-1.055909e+01
2.781000e-05	1.282897e-03	-1.034885e+01
2.782000e-05	1.194320e-03	-1.009737e+01
2.783000e-05	-7.037770e-04	-9.865232e+00
2.784000e-05	-6.636342e-04	-9.665182e+00
2.785000e-05	-1.746925e-04	-9.422173e+00
2.786000e-05	-7.908435e-06	-9.200497e+00
2.787000e-05	-2.260763e-03	-8.979070e+00
2.788000e-05	-3.313541e-03	-8.768375e+00
2.789000e-05	-3.596942e-03	-8.464815e+00
2.790000e-05	-1.608378e-03	-8.233631e+00
2.791000e-05	-1.841853e-03	-7.970077e+00
2.792000e-05	-2.431521e-03	-7.696387e+00
2.793000e-05	-3.582043e-03	-7.453655e+00
2.794000e-05	-2.778564e-03	-7.172075e+00
2.795000e-05	-4.418115e-03	-6.905884e+00
2.796000e-05	-3.987814e-03	-6.652679e+00
2.797000e-05	-5.709864e-03	-6.410579e+00
2.798000e-05	-2.539077e-03	-6.116838e+00
2.799000e-05	-5.106282e-03	-5.862180e+00
2.800000e-05	-4.175572e-03	-5.578520e+00
2.801000e-05	-6.022540e-03	-5.233784e+00
2.802000e-05	-5.340951e-03	-4.948545e+00
2.803000e-05	-5.246290e-03	-4.631604e+00
2.804000e-05	-4.669870e-03	-4.420074e+00
2.805000e-05	-6.105179e-03	-4.138967e+00
2.806000e-05	-6.131373e-03	-3.911607e+00
2.807000e-05	-6.498414e-03	-3.588992e+00
2.808000e-05	-7.177300e-03	-3.326913e+00
2.809000e-05	-8.420560e-03	-3.020649e+00
2.810000e-05	-7.088482e-03	-2.716816e+00
2.811000e-05	-6.638424e-03	-2.423753e+00
2.812000e-05	-5.712450e-03	-2.147493e+00
2.813000e-05	-6.157577e-03	-1.865284e+00
2.814000e-05	-8.054945e-03	-1.610597e+00
2.815000e-05	-8.808655e-03	-1.264205e+00
2.816000e-05	-9.467329e-03	-9.595369e-01
2.817000e-05	-8.054351e-03	-6.642855e-01
2.818000e-05	-8.341770e-03	-3.684672e-01
2.819000e-05	-5.882265e-03	-1.133818e-01
2.820000e-05	2.562339e-03	1.899238e-01
2.821000e-05	1.915741e-03	4.755870e-01
2.822000e-05	-2.619809e-03	7.252696e-01
2.823000e-05	-3.791342e-04	9.698276e-01
2.824000e-05	-4.161458e-03	1.275140e+00
2.825000e-05	-1.606480e-03	1.609455e+00
2.826000e-05	4.265411e-04	1.883662e+00
2.827000e-05	2.085897e-02	2.105687e+00
2.828000e-05	8.111855e-02	2.358950e+00
2.829000e-05	2.390375e-02	2.716240e+00
2.830000e-05	-7.106685e-02	3.021982e+00
2.831000e-05	-3.484444e-02	3.318116e+00
2.832000e-05	-3.293463e-02	3.589480e+00
2.833000e-05	-3.658140e-02	3.874062e+00
2.834000e-05	-6.655358e-02	4.053108e+00
2.835000e-05	7.227574e-02	4.325216e+00
2.836000e-05	2.967478e-02	4.622609e+00
2.837000e-05	-7.152764e-02	4.834664e+00
2.838000e-05	1.458191e-01	5.151382e+00
2.839000e-05	-1.298957e-01	5.496168e+00
2.840000e-05	2.965073e-02	5.718947e+00
2.841000e-05	-1.429509e-02	6.054608e+00
2.842000e-05	-2.464630e-03	6.246266e+00
2.843000e-05	4.183655e-02	6.590878e+00
2.844000e-05	-7.163976e-02	6.843138e+00
2.845000e-05	4.137655e-02	7.114792e+00
2.846000e-05	-5.250832e-02	7.411005e+00
2.847000e-05	2.694592e-02	7.664690e+00
2.848000e-05	-3.703233e-02	8.020404e+00
2.849000e-05	3.751634e-04	8.223634e+00
2.850000e-05	3.424549e-02	8.444690e+00
2.851000e-05	-3.081747e-02	8.715693e+00
2.852000e-05	9.175859e-03	8.928250e+00
2.853000e-05	-4.977836e-02	9.189923e+00
2.854000e-05	-1.252201e-03	9.390005e+00
2.855000e-05	5.065536e-03	9.624082e+00
2.856000e-05	7.168933e-03	9.883111e+00
2.857000e-05	-1.463364e-02	1.008724e+01
2.858000e-05	-1.919661e-02	1.035772e+01
2.859000e-05	6.391326e-03	1.052845e+01
2.860000e-05	-2.133957e-02	1.077840e+01
2.861000e-05	-1.254868e-02	1.094993e+01
2.862000e-05	-2.244064e-02	1.121141e+01
2.863000e-05	4.436262e-03	1.139198e+01
2.864000e-05	-1.039421e-03	1.157053e+01
2.865000e-05	-1.108798e-02	1.181151e+01
2.866000e-05	-2.821638e-02	1.201158e+01
2.867000e-05	-1.337657e-02	1.218051e+01
2.868000e-05	-1.672442e-03	1.236148e+01
2.869000e-05	-2.650211e-03	1.256843e+01
2.870000e-05	-1.896018e-02	1.272937e+01
2.871000e-05	-2.078621e-02	1.288786e+01
2.872000e-05	-1.135253e-02	1.308369e+01
2.873000e-05	-1.022616e-02	1.322216e+01
2.874000e-05	-1.924818e-02	1.337143e+01
2.875000e-05	-2.293619e-02	1.356040e+01
2.876000e-05	-5.371567e-03	1.365619e+01
2.877000e-05	-5.140302e-03	1.383363e+01
2.878000e-05	-1.321344e-02	1.396057e+01
2.879000e-05	-3.314263e-02	1.410737e+01
2.880000e-05	-2.344645e-02	1.427521e+01
2.881000e-05	-1.385121e-02	1.439055e+01
2.882000e-05	-1.032739e-02	1.451622e+01
2.883000e-05	-2.197344e-02	1.459408e+01
2.884000e-05	-2.524868e-02	1.473782e+01
2.885000e-05	-1.403332e-02	1.481211e+01
2.886000e-05	-1.798691e-02	1.487429e+01
2.887000e-05	-2.190752e-02	1.491995e+01
2.888000e-05	-3.325671e-02	1.502318e+01
2.889000e-05	-2.041836e-02	1.515785e+01
2.890000e-05	-1.781326e-02	1.517150e+01
2.891000e-05	-1.978579e-02	1.526429e+01
2.892000e-05	-3.493412e-02	1.530784e+01
2.893000e-05	-3.456550e-02	1.537052e+01
2.894000e-05	-2.378826e-02	1.540406e+01
2.895000e-05	-2.428862e-02	1.549524e+01
2.896000e-05	-2.988701e-02	1.553787e+01
2.897000e-05	-3.793403e-02	1.554837e+01
2.898000e-05	-2.986300e-02	1.555050e+01
2.899000e-05	-3.180590e-02	1.560051e+01
2.900000e-05	-3.789250e-02	1.561051e+01
2.901000e-05	-4.790663e-02	1.560316e+01
2.902000e-05	-4.403655e-02	1.565258e+01
2.903000e-05	-3.920441e-02	1.559408e+01
2.904000e-05	-4.429733e-02	1.559116e+01
2.905000e-05	-5.650743e-02	1.563055e+01
2.906000e-05	-6.526911e-02	1.562102e+01
2.907000e-05	-6.454634e-02	1.557885e+01
2.908000e-05	-7.336976e-02	1.556780e+01
2.909000e-05	-9.277186e-02	1.545676e+01
2.910000e-05	-1.199825e-01	1.545569e+01
2.911000e-05	-1.498326e-01	1.536303e+01
2.912000e-05	-1.966915e-01	1.533897e+01
2.913000e-05	-2.387581e-01	1.526684e+01
2.914000e-05	-2.500000e-01	1.522309e+01
2.915000e-05	-2.500000e-01	1.515747e+01
2.916000e-05	-2.485875e-01	1.505679e+01
2.917000e-05	-2.127592e-01	1.499166e+01
2.918000e-05	-1.561016e-01	1.487782e+01
2.919000e-05	-1.143510e-01	1.484218e+01
2.920000e-05	-8.039505e-02	1.470839e+01
2.921000e-05	-5.936345e-02	1.461266e+01
2.922000e-05	-4.892086e-02	1.450784e+01
2.923000e-05	-4.533072e-02	1.442063e+01
2.924000e-05	-3.690126e-02	1.429682e+01
2.925000e-05	-2.776933e-02	1.414055e+01
2.926000e-05	-2.724056e-02	1.405313e+01
2.927000e-05	-2.953373e-02	1.385681e+01
2.928000e-05	-2.884105e-02	1.374797e+01
2.929000e-05	-2.059776e-02	1.358208e+01
2.930000e-05	-1.723096e-02	1.345365e+01
2.931000e-05	-2.001746e-02	1.329531e+01
2.932000e-05	-2.175971e-02	1.314894e+01
2.933000e-05	-1.903015e-02	1.294047e+01
2.934000e-05	-1.413990e-02	1.284108e+01
2.935000e-05	-1.685602e-02	1.265365e+01
2.936000e-05	-2.022304e-02	1.249576e+01
2.937000e-05	-1.903665e-02	1.233692e+01
2.938000e-05	-1.231761e-02	1.209786e+01
2.939000e-05	-1.158192e-02	1.192734e+01
2.940000e-05	-1.643485e-02	1.170897e+01
2.941000e-05	-1.902671e-02	1.151677e+01
2.942000e-05	-1.380411e-02	1.125741e+01
2.943000e-05	-1.040606e-02	1.107574e+01
2.944000e-05	-1.162205e-02	1.087676e+01
2.945000e-05	-1.508316e-02	1.073536e+01
2.946000e-05	-1.344981e-02	1.046474e+01
2.947000e-05	-9.804173e-03	1.022268e+01
2.948000e-05	-1.012699e-02	1.002213e+01
2.949000e-05	-1.519404e-02	9.760995e+00
2.950000e-05	-1.468153e-02	9.560922e+00
2.951000e-05	-1.008675e-02	9.308913e+00
2.952000e-05	-7.993742e-03	9.086886e+00
2.953000e-05	-1.068438e-02	8.852784e+00
2.954000e-05	-1.371904e-02	8.622149e+00
2.955000e-05	-1.188767e-02	8.381121e+00
2.956000e-05	-7.578429e-03	8.206943e+00
2.957000e-05	-8.939440e-03	7.895884e+00
2.958000e-05	-1.237918e-02	7.603106e+00
2.959000e-05	-1.189192e-02	7.328366e+00
2.960000e-05	-8.610019e-03	7.043812e+00
2.961000e-05	-7.735189e-03	6.862676e+00
2.962000e-05	-1.144162e-02	6.507542e+00
2.963000e-05	-1.235955e-02	6.275312e+00
2.964000e-05	-9.161324e-03	6.032651e+00
2.965000e-05	-6.286659e-03	5.738092e+00
2.966000e-05	-8.780151e-03	5.485311e+00
2.967000e-05	-1.055258e-02	5.210068e+00
2.968000e-05	-9.597502e-03	4.822753e+00
2.969000e-05	-6.020752e-03	4.578521e+00
2.970000e-05	-7.487267e-03	4.338388e+00
2.971000e-05	-9.813778e-03	4.000075e+00
2.972000e-05	-1.036412e-02	3.748942e+00
2.973000e-05	-6.525762e-03	3.493263e+00
2.974000e-05	-4.266174e-03	3.148967e+00
2.975000e-05	-8.279707e-03	2.895286e+00
2.976000e-05	-9.983727e-03	2.601629e+00
2.977000e-05	-8.383685e-03	2.325866e+00
2.978000e-05	-5.746583e-03	2.052154e+00
2.979000e-05	-5.669619e-03	1.718641e+00
2.980000e-05	-7.663510e-03	1.475701e+00
2.981000e-05	-7.813528e-03	1.147942e+00
2.982000e-05	-4.541252e-03	8.306011e-01
2.983000e-05	-4.120812e-03	5.264119e-01
2.984000e-05	-5.654310e-03	2.522041e-01
2.985000e-05	-4.641201e-03	-5.108171e-02
2.986000e-05	7.728157e-03	-3.246407e-01
2.987000e-05	4.091660e-03	-5.909026e-01
2.988000e-05	1.453712e-03	-8.836344e-01
2.989000e-05	-1.874203e-03	-1.124771e+00
2.990000e-05	-4.225714e-04	-1.460955e+00
2.991000e-05	5.145266e-04	-1.684741e+00
2.992000e-05	1.769027e-02	-1.927220e+00
2.993000e-05	7.947111e-02	-2.149427e+00
2.994000e-05	6.794713e-02	-2.497292e+00
2.995000e-05	-6.984941e-02	-2.947226e+00
2.996000e-05	-9.824802e-03	-3.316660e+00
2.997000e-05	-4.223555e-02	-3.496218e+00
2.998000e-05	-3.666743e-02	-3.758743e+00
2.999000e-05	-6.464205e-02	-3.979925e+00
3.000000e-05	1.758798e-01	-4.158245e+00
3.001000e-05	-1.136595e-01	-4.419983e+00
3.002000e-05	8.348396e-02	-4.769796e+00
3.003000e-05	4.538705e-02	-4.948430e+00
3.004000e-05	-1.205002e-01	-5.369905e+00
3.005000e-05	1.407142e-01	-5.601028e+00
3.006000e-05	-1.565720e-01	-5.906190e+00
3.007000e-05	1.189273e-01	-6.160449e+00
3.008000e-05	-1.213415e-02	-6.421033e+00
3.009000e-05	-2.079951e-02	-6.717196e+00
3.010000e-05	7.896628e-02	-6.978983e+00
3.011000e-05	-1.155638e-01	-7.234662e+00
3.012000e-05	1.140269e-01	-7.529320e+00
3.013000e-05	-8.270033e-02	-7.811012e+00
3.014000e-05	7.437690e-02	-8.097167e+00
3.015000e-05	1.415147e-02	-8.346791e+00
3.016000e-05	-3.165962e-02	-8.612982e+00
3.017000e-05	7.982035e-02	-8.794563e+00
3.018000e-05	-9.983610e-02	-9.084162e+00
3.019000e-05	7.962367e-02	-9.307340e+00
3.020000e-05	-5.483350e-02	-9.537820e+00
3.021000e-05	8.284681e-02	-9.790948e+00
3.022000e-05	-1.493257e-02	-9.971400e+00
3.023000e-05	1.529174e-02	-1.025313e+01
3.024000e-05	9.671072e-03	-1.043256e+01
3.025000e-05	-2.419998e-02	-1.061616e+01
3.026000e-05	4.538461e-02	-1.085421e+01
3.027000e-05	-3.354213e-02	-1.105574e+01
3.028000e-05	5.723887e-02	-1.131724e+01
3.029000e-05	-2.443793e-02	-1.150727e+01
3.030000e-05	4.635243e-02	-1.173937e+01
3.031000e-05	-2.349227e-02	-1.194979e+01
3.032000e-05	2.307647e-02	-1.215885e+01
3.033000e-05	-2.519499e-03	-1.227727e+01
3.034000e-05	2.765786e-02	-1.249629e+01
3.035000e-05	1.512267e-02	-1.266714e+01
3.036000e-05	4.066932e-03	-1.281464e+01
3.037000e-05	8.441715e-03	-1.300200e+01
3.038000e-05	7.676151e-04	-1.316995e+01
3.039000e-05	2.075643e-02	-1.330884e+01
3.040000e-05	3.107912e-03	-1.347716e+01
3.041000e-05	2.637853e-02	-1.364355e+01
3.042000e-05	9.544714e-03	-1.377988e+01
3.043000e-05	2.483533e-02	-1.391937e+01
3.044000e-05	8.673487e-04	-1.405569e+01
3.045000e-05	1.139261e-02	-1.421250e+01
3.046000e-05	3.877368e-03	-1.427827e+01
3.047000e-05	2.468668e-02	-1.443318e+01
3.048000e-05	1.684010e-02	-1.456000e+01
3.049000e-05	2.012412e-02	-1.468566e+01
3.050000e-05	1.112516e-02	-1.474934e+01
3.051000e-05	1.673640e-02	-1.486629e+01
3.052000e-05	1.760825e-02	-1.493947e+01
3.053000e-05	1.513887e-02	-1.501458e+01
3.054000e-05	1.810725e-02	-1.514832e+01
3.055000e-05	1.833062e-02	-1.518095e+01
3.056000e-05	2.476483e-02	-1.524466e+01
3.057000e-05	1.765891e-02	-1.530939e+01
3.058000e-05	1.809165e-02	-1.535092e+01
3.059000e-05	1.732478e-02	-1.542363e+01
3.060000e-05	2.728638e-02	-1.546721e+01
3.061000e-05	2.744805e-02	-1.550847e+01
3.062000e-05	2.715105e-02	-1.555095e+01
3.063000e-05	2.470099e-02	-1.563200e+01
3.064000e-05	2.685052e-02	-1.559363e+01
3.065000e-05	2.904928e-02	-1.564418e+01
3.066000e-05	2.910279e-02	-1.565518e+01
3.067000e-05	3.185445e-02	-1.566576e+01
3.068000e-05	3.763099e-02	-1.566321e+01
3.069000e-05	4.330396e-02	-1.567676e+01
3.070000e-05	4.548776e-02	-1.565413e+01
3.071000e-05	4.514401e-02	-1.559368e+01
3.072000e-05	5.045924e-02	-1.561210e+01
3.073000e-05	6.077018e-02	-1.555003e+01
3.074000e-05	7.347579e-02	-1.552897e+01
3.075000e-05	8.872283e-02	-1.548636e+01
3.076000e-05	1.097919e-01	-1.542471e+01
3.077000e-05	1.517282e-01	-1.541410e+01
3.078000e-05	2.052192e-01	-1.536095e+01
3.079000e-05	2.424615e-01	-1.529634e+01
3.080000e-05	2.500000e-01	-1.524416e+01
3.081000e-05	2.500000e-01	-1.518045e+01
3.082000e-05	2.467352e-01	-1.508732e+01
3.083000e-05	1.990211e-01	-1.499160e+01
3.084000e-05	1.354273e-01	-1.490741e+01
3.085000e-05	8.971173e-02	-1.485268e+01
3.086000e-05	6.927664e-02	-1.471039e+01
3.087000e-05	5.372425e-02	-1.463366e+01
3.088000e-05	4.130050e-02	-1.451789e+01
3.089000e-05	3.193383e-02	-1.440308e+01
3.090000e-05	2.694535e-02	-1.424831e+01
3.091000e-05	2.251524e-02	-1.416903e+01
3.092000e-05	1.769506e-02	-1.402276e+01
3.093000e-05	1.221101e-02	-1.384634e+01
3.094000e-05	1.301225e-02	-1.376142e+01
3.095000e-05	1.287654e-02	-1.364211e+01
3.096000e-05	1.330720e-02	-1.344463e+01
3.097000e-05	1.040488e-02	-1.329529e+01
3.098000e-05	8.995654e-03	-1.314989e+01
3.099000e-05	8.772465e-03	-1.299110e+01
3.100000e-05	8.627794e-03	-1.283411e+01
3.101000e-05	5.675789e-03	-1.264364e+01
3.102000e-05	3.337573e-03	-1.246639e+01
3.103000e-05	4.151169e-03	-1.227639e+01
3.104000e-05	4.793258e-03	-1.215836e+01
3.105000e-05	4.257967e-03	-1.189029e+01
3.106000e-05	2.890188e-03	-1.168844e+01
3.107000e-05	3.429259e-03	-1.149526e+01
3.108000e-05	3.539538e-03	-1.122426e+01
3.109000e-05	3.471624e-03	-1.104566e+01
3.110000e-05	2.072342e-03	-1.084373e+01
3.111000e-05	-2.494573e-04	-1.063468e+01
3.112000e-05	-2.436815e-05	-1.046368e+01
3.113000e-05	9.598349e-04	-1.016062e+01
3.114000e-05	4.584392e-04	-9.938923e+00
3.115000e-05	-2.760974e-04	-9.739567e+00
3.116000e-05	-4.732840e-04	-9.537996e+00
3.117000e-05	-3.799084e-06	-9.314913e+00
3.118000e-05	-2.904254e-04	-9.085180e+00
3.119000e-05	-2.105748e-03	-8.854759e+00
3.120000e-05	-3.378960e-03	-8.581654e+00
3.121000e-05	-2.484484e-03	-8.358391e+00
3.122000e-05	-1.180894e-03	-8.115314e+00
3.123000e-05	-2.172739e-03	-7.845754e+00
3.124000e-05	-3.494742e-03	-7.558075e+00
3.125000e-05	-3.671495e-03	-7.256361e+00
3.126000e-05	-2.788516e-03	-7.024200e+00
3.127000e-05	-3.072717e-03	-6.768941e+00
3.128000e-05	-4.576382e-03	-6.496863e+00
3.129000e-05	-4.827147e-03	-6.244681e+00
3.130000e-05	-4.904995e-03	-5.969042e+00
3.131000e-05	-4.695681e-03	-5.706912e+00
3.132000e-05	-5.233546e-03	-5.443500e+00
3.133000e-05	-6.464220e-03	-5.108388e+00
3.134000e-05	-4.890002e-03	-4.821097e+00
3.135000e-05	-3.826666e-03	-4.506388e+00
3.136000e-05	-4.703702e-03	-4.276311e+00
3.137000e-05	-5.420126e-03	-4.031070e+00
3.138000e-05	-7.893786e-03	-3.725909e+00
3.139000e-05	-6.798585e-03	-3.443159e+00
3.140000e-05	-8.533896e-03	-3.220025e+00
3.141000e-05	-7.298812e-03	-2.813128e+00
3.142000e-05	-8.750537e-03	-2.589967e+00
3.143000e-05	-5.099400e-03	-2.305861e+00
3.144000e-05	-5.734021e-03	-2.009972e+00
3.145000e-05	-6.138145e-03	-1.725838e+00
3.146000e-05	-8.288791e-03	-1.413129e+00
3.147000e-05	-9.924280e-03	-1.074358e+00
3.148000e-05	-9.032803e-03	-8.305784e-01
3.149000e-05	-9.398552e-03	-5.053340e-01
3.150000e-05	-8.203928e-03	-2.426225e-01
3.151000e-05	-4.205618e-03	2.148047e-02
3.152000e-05	7.785328e-03	3.353475e-01
3.153000e-05	-3.268039e-03	5.880291e-01
3.154000e-05	2.697988e-03	8.530616e-01
3.155000e-05	-5.023151e-03	1.157297e+00
3.156000e-05	-1.525385e-04	1.431955e+00
3.157000e-05	-5.094580e-03	1.747374e+00
3.158000e-05	1.050965e-02	1.958974e+00
3.159000e-05	4.338066e-02	2.230557e+00
3.160000e-05	8.540337e-02	2.558701e+00
3.161000e-05	-5.724178e-02	2.894065e+00
3.162000e-05	-4.346221e-02	3.158373e+00
3.163000e-05	-4.125332e-02	3.463592e+00
3.164000e-05	-1.868118e-02	3.777292e+00
3.165000e-05	-6.939436e-02	3.947920e+00
3.166000e-05	-9.801340e-03	4.220984e+00
3.167000e-05	1.111308e-01	4.507168e+00
3.168000e-05	-1.008024e-01	4.765848e+00
3.169000e-05	9.533779e-02	4.991509e+00
3.170000e-05	-3.777657e-03	5.369900e+00
3.171000e-05	-8.120359e-02	5.641535e+00
3.172000e-05	5.597757e-02	5.935772e+00
3.173000e-05	-5.335576e-02	6.181474e+00
3.174000e-05	6.486310e-02	6.434536e+00
3.175000e-05	-4.598893e-02	6.757878e+00
3.176000e-05	-9.969559e-03	6.988954e+00
3.177000e-05	6.432651e-04	7.275566e+00
3.178000e-05	-3.006116e-02	7.539324e+00
3.179000e-05	2.328695e-02	7.874438e+00
3.180000e-05	-5.092975e-02	8.138202e+00
3.181000e-05	4.838187e-02	8.356824e+00
3.182000e-05	-9.523856e-03	8.590928e+00
3.183000e-05	-1.141525e-02	8.802053e+00
3.184000e-05	-8.962175e-03	9.074187e+00
3.185000e-05	-5.032640e-02	9.286196e+00
3.186000e-05	2.868557e-02	9.525766e+00
3.187000e-05	-1.446771e-02	9.780400e+00
3.188000e-05	1.557045e-02	1.000140e+01
3.189000e-05	-3.825982e-02	1.021053e+01
3.190000e-05	7.190289e-03	1.046408e+01
3.191000e-05	-1.011850e-02	1.062361e+01
3.192000e-05	-1.647825e-02	1.085527e+01
3.193000e-05	-1.317920e-02	1.103566e+01
3.194000e-05	-1.924265e-02	1.127734e+01
3.195000e-05	1.541693e-02	1.148879e+01
3.196000e-05	-1.786918e-02	1.169732e+01
3.197000e-05	-1.276809e-02	1.189924e+01
3.198000e-05	-3.261374e-02	1.211682e+01
3.199000e-05	3.196735e-03	1.232724e+01
3.200000e-05	-3.151707e-03	1.248616e+01
3.201000e-05	-7.862826e-03	1.263559e+01
3.202000e-05	-2.195717e-02	1.282148e+01
3.203000e-05	-1.845726e-02	1.298098e+01
3.204000e-05	-6.308039e-03	1.317048e+01
3.205000e-05	-1.977929e-02	1.333727e+01
3.206000e-05	-1.890830e-02	1.346421e+01
3.207000e-05	-2.005034e-02	1.360304e+01
3.208000e-05	1.358315e-03	1.376948e+01
3.209000e-05	-1.053982e-02	1.388876e+01
3.210000e-05	-2.324377e-02	1.401461e+01
3.211000e-05	-3.034342e-02	1.421150e+01
3.212000e-05	-1.799412e-02	1.431982e+01
3.213000e-05	-9.095917e-03	1.449361e+01
3.214000e-05	-1.761439e-02	1.457990e+01
3.215000e-05	-2.304555e-02	1.464421e+01
3.216000e-05	-2.195927e-02	1.476035e+01
3.217000e-05	-1.231383e-02	1.483469e+01
3.218000e-05	-2.168814e-02	1.491789e+01
3.219000e-05	-2.894161e-02	1.498246e+01
3.220000e-05	-2.788624e-02	1.509674e+01
3.221000e-05	-1.726485e-02	1.514956e+01
3.222000e-05	-1.692718e-02	1.523356e+01
3.223000e-05	-3.023517e-02	1.526781e+01
3.224000e-05	-3.600530e-02	1.529792e+01
3.225000e-05	-3.197030e-02	1.542058e+01
3.226000e-05	-2.098698e-02	1.544561e+01
3.227000e-05	-2.768772e-02	1.549729e+01
3.228000e-05	-3.423294e-02	1.554690e+01
3.229000e-05	-3.413038e-02	1.555952e+01
3.230000e-05	-2.927139e-02	1.559198e+01
3.231000e-05	-3.410811e-02	1.561108e+01
3.232000e-05	-4.614437e-02	1.561358e+01
3.233000e-05	-4.628003e-02	1.560210e+01
3.234000e-05	-4.248145e-02	1.563358e+01
3.235000e-05	-3.819229e-02	1.563218e+01
3.236000e-05	-5.134493e-02	1.557208e+01
3.237000e-05	-6.242373e-02	1.561158e+01
3.238000e-05	-6.534104e-02	1.556050e+01
3.239000e-05	-6.773902e-02	1.552892e+01
3.240000e-05	-8.206328e-02	1.551639e+01
3.241000e-05	-1.077376e-01	1.549521e+01
3.242000e-05	-1.332625e-01	1.543360e+01
3.243000e-05	-1.720344e-01	1.534950e+01
3.244000e-05	-2.246866e-01	1.531637e+01
3.245000e-05	-2.481795e-01	1.525426e+01
3.246000e-05	-2.500000e-01	1.519065e+01
3.247000e-05	-2.500000e-01	1.513789e+01
3.248000e-05	-2.356482e-01	1.505516e+01
3.249000e-05	-1.826154e-01	1.493897e+01
3.250000e-05	-1.337139e-01	1.486624e+01
3.251000e-05	-9.448289e-02	1.479055e+01
3.252000e-05	-6.750055e-02	1.465524e+01
3.253000e-05	-5.194129e-02	1.454050e+01
3.254000e-05	-4.865726e-02	1.445469e+01
3.255000e-05	-4.147879e-02	1.437847e+01
3.256000e-05	-3.220445e-02	1.422413e+01
3.257000e-05	-2.568667e-02	1.410674e+01
3.258000e-05	-2.825237e-02	1.394092e+01
3.259000e-05	-2.982916e-02	1.380423e+01
3.260000e-05	-2.289368e-02	1.368581e+01
3.261000e-05	-1.864424e-02	1.353792e+01
3.262000e-05	-1.842160e-02	1.336044e+01
3.263000e-05	-2.387612e-02	1.322261e+01
3.264000e-05	-2.099605e-02	1.306371e+01
3.265000e-05	-1.592484e-02	1.290737e+01
3.266000e-05	-1.441032e-02	1.272781e+01
3.267000e-05	-1.862979e-02	1.258999e+01
3.268000e-05	-1.953508e-02	1.241105e+01
3.269000e-05	-1.433743e-02	1.218260e+01
3.270000e-05	-1.189375e-02	1.206316e+01
3.271000e-05	-1.580776e-02	1.184318e+01
3.272000e-05	-1.957753e-02	1.167371e+01
3.273000e-05	-1.560408e-02	1.141060e+01
3.274000e-05	-1.075161e-02	1.115005e+01
3.275000e-05	-1.003340e-02	1.096850e+01
3.276000e-05	-1.461371e-02	1.076153e+01
3.277000e-05	-1.508262e-02	1.058910e+01
3.278000e-05	-1.090047e-02	1.034792e+01
3.279000e-05	-1.021145e-02	1.012689e+01
3.280000e-05	-1.311965e-02	9.855317e+00
3.281000e-05	-1.484227e-02	9.674807e+00
3.282000e-05	-1.168596e-02	9.401627e+00
3.283000e-05	-9.316416e-03	9.221127e+00
3.284000e-05	-9.987650e-03	8.959672e+00
3.285000e-05	-1.407108e-02	8.758492e+00
3.286000e-05	-1.245318e-02	8.495836e+00
3.287000e-05	-8.129280e-03	8.224228e+00
3.288000e-05	-8.090459e-03	7.992108e+00
3.289000e-05	-1.041592e-02	7.739467e+00
3.290000e-05	-1.304849e-02	7.515310e+00
3.291000e-05	-9.363800e-03	7.160074e+00
3.292000e-05	-8.392925e-03	6.908940e+00
3.293000e-05	-9.852767e-03	6.685309e+00
3.294000e-05	-1.198950e-02	6.401048e+00
3.295000e-05	-9.893590e-03	6.138495e+00
3.296000e-05	-7.240465e-03	5.906786e+00
3.297000e-05	-7.117706e-03	5.580251e+00
3.298000e-05	-1.077986e-02	5.347920e+00
3.299000e-05	-1.121362e-02	5.030175e+00
3.300000e-05	-7.750273e-03	4.738361e+00
3.301000e-05	-7.500611e-03	4.431254e+00
3.302000e-05	-8.867905e-03	4.168067e+00
3.303000e-05	-9.264937e-03	3.883809e+00
3.304000e-05	-8.174576e-03	3.591025e+00
3.305000e-05	-5.893484e-03	3.335341e+00
3.306000e-05	-7.059176e-03	3.050080e+00
3.307000e-05	-8.353809e-03	2.768495e+00
3.308000e-05	-9.139480e-03	2.424130e+00
3.309000e-05	-6.446124e-03	2.179513e+00
3.310000e-05	-5.842969e-03	1.894311e+00
3.311000e-05	-7.250586e-03	1.590025e+00
3.312000e-05	-8.342187e-03	1.303836e+00
3.313000e-05	-5.984726e-03	9.665723e-01
3.314000e-05	-4.421598e-03	6.837528e-01
3.315000e-05	-4.852751e-03	4.000712e-01
3.316000e-05	-4.773772e-03	1.152803e-01
3.317000e-05	-4.247882e-04	-1.884238e-01
3.318000e-05	1.069581e-02	-4.115292e-01
3.319000e-05	-2.134101e-03	-7.472449e-01
3.320000e-05	3.464599e-03	-1.019901e+00
3.321000e-05	-3.948854e-03	-1.282584e+00
3.322000e-05	2.645318e-03	-1.580399e+00
3.323000e-05	4.833540e-03	-1.829029e+00
3.324000e-05	4.012358e-02	-2.062535e+00
3.325000e-05	1.136087e-01	-2.346273e+00
3.326000e-05	-3.311455e-02	-2.687791e+00
3.327000e-05	-3.296040e-02	-3.126324e+00
3.328000e-05	-3.229454e-02	-3.411977e+00
3.329000e-05	-2.575071e-02	-3.620977e+00
3.330000e-05	-8.743646e-02	-3.874559e+00
3.331000e-05	8.418978e-02	-4.074159e+00
3.332000e-05	6.095237e-02	-4.264562e+00
3.333000e-05	-1.081934e-01	-4.592484e+00
3.334000e-05	1.937205e-01	-4.852583e+00
3.335000e-05	-1.356134e-01	-5.179895e+00
3.336000e-05	8.046589e-02	-5.527247e+00
3.337000e-05	-3.514840e-02	-5.748771e+00
3.338000e-05	-4.993233e-02	-6.065113e+00
3.339000e-05	1.465748e-01	-6.324237e+00
3.340000e-05	-1.129688e-01	-6.550405e+00
3.341000e-05	1.143250e-01	-6.855611e+00
3.342000e-05	-8.076923e-02	-7.136739e+00
3.343000e-05	1.821523e-02	-7.431982e+00
3.344000e-05	3.681089e-02	-7.646137e+00
3.345000e-05	-5.702207e-02	-7.979425e+00
3.346000e-05	1.223358e-01	-8.202080e+00
3.347000e-05	-9.002085e-02	-8.466609e+00
3.348000e-05	8.962232e-02	-8.728797e+00
3.349000e-05	-5.513620e-02	-8.979450e+00
3.350000e-05	6.503153e-04	-9.192505e+00
3.351000e-05	2.479185e-02	-9.413057e+00
3.352000e-05	-1.285028e-02	-9.695684e+00
3.353000e-05	8.140297e-02	-9.855207e+00
3.354000e-05	-5.439407e-02	-1.012867e+01
3.355000e-05	6.536560e-02	-1.032932e+01
3.356000e-05	-5.851333e-02	-1.058035e+01
3.357000e-05	5.240766e-02	-1.080043e+01
3.358000e-05	-2.354940e-02	-1.093145e+01
3.359000e-05	2.911208e-02	-1.118145e+01
3.360000e-05	1.016175e-02	-1.137150e+01
3.361000e-05	9.362224e-03	-1.165411e+01
3.362000e-05	1.959111e-02	-1.181404e+01
3.363000e-05	-1.708950e-02	-1.202516e+01
3.364000e-05	2.552618e-02	-1.223201e+01
3.365000e-05	-3.104777e-03	-1.241353e+01
3.366000e-05	4.179702e-02	-1.253096e+01
3.367000e-05	-7.078425e-03	-1.271048e+01
3.368000e-05	1.910160e-02	-1.292947e+01
3.369000e-05	-7.538461e-03	-1.308627e+01
3.370000e-05	2.103907e-02	-1.325578e+01
3.371000e-05	3.719931e-03	-1.337150e+01
3.372000e-05	1.972633e-02	-1.356892e+01
3.373000e-05	1.438210e-02	-1.365721e+01
3.374000e-05	2.085575e-02	-1.388659e+01
3.375000e-05	1.150696e-02	-1.400205e+01
3.376000e-05	5.298350e-03	-1.412889e+01
3.377000e-05	6.664714e-03	-1.424466e+01
3.378000e-05	1.467543e-02	-1.440153e+01
3.379000e-05	2.271017e-02	-1.452682e+01
3.380000e-05	1.728470e-02	-1.462603e+01
3.381000e-05	1.709347e-02	-1.470932e+01
3.382000e-05	1.144416e-02	-1.483261e+01
3.383000e-05	2.013502e-02	-1.488936e+01
3.384000e-05	1.284214e-02	-1.495303e+01
3.385000e-05	1.875584e-02	-1.506624e+01
3.386000e-05	1.641813e-02	-1.514933e+01
3.387000e-05	2.549811e-02	-1.520313e+01
3.388000e-05	2.015887e-02	-1.528566e+01
3.389000e-05	1.791698e-02	-1.533990e+01
3.390000e-05	1.554037e-02	-1.542298e+01
3.391000e-05	2.223773e-02	-1.545666e+01
3.392000e-05	2.827880e-02	-1.548827e+01
3.393000e-05	2.653140e-02	-1.551945e+01
3.394000e-05	2.619846e-02	-1.559106e+01
3.395000e-05	2.523345e-02	-1.561258e+01
3.396000e-05	3.000812e-02	-1.561263e+01
3.397000e-05	2.769667e-02	-1.564526e+01
3.398000e-05	3.063701e-02	-1.567571e+01
3.399000e-05	3.325773e-02	-1.566469e+01
3.400000e-05	4.143448e-02	-1.566564e+01
3.401000e-05	4.474653e-02	-1.565714e+01
3.402000e-05	4.436963e-02	-1.564318e+01
3.403000e-05	4.653722e-02	-1.562408e+01
3.404000e-05	5.552951e-02	-1.556410e+01
3.405000e-05	6.792798e-02	-1.558097e+01
3.406000e-05	8.111041e-02	-1.554989e+01
3.407000e-05	9.980021e-02	-1.548626e+01
3.408000e-05	1.299798e-01	-1.543515e+01
3.409000e-05	1.790079e-01	-1.538293e+01
3.410000e-05	2.312590e-01	-1.533834e+01
3.411000e-05	2.488978e-01	-1.524626e+01
3.412000e-05	2.500000e-01	-1.522253e+01
3.413000e-05	2.500000e-01	-1.511984e+01
3.414000e-05	2.271500e-01	-1.505413e+01
3.415000e-05	1.661982e-01	-1.494045e+01
3.416000e-05	1.105879e-01	-1.489424e+01
3.417000e-05	7.869936e-02	-1.479153e+01
3.418000e-05	6.006591e-02	-1.466729e+01
3.419000e-05	4.532824e-02	-1.458308e+01
3.420000e-05	3.391659e-02	-1.446529e+01
3.421000e-05	2.759932e-02	-1.438955e+01
3.422000e-05	2.384448e-02	-1.419368e+01
3.423000e-05	2.068169e-02	-1.409784e+01
3.424000e-05	1.540651e-02	-1.397953e+01
3.425000e-05	1.268390e-02	-1.377252e+01
3.426000e-05	1.388644e-02	-1.366379e+01
3.427000e-05	1.535830e-02	-1.351989e+01
3.428000e-05	1.190354e-02	-1.331054e+01
3.429000e-05	8.437306e-03	-1.316270e+01
3.430000e-05	6.067235e-03	-1.306413e+01
3.431000e-05	7.953424e-03	-1.290582e+01
3.432000e-05	6.489310e-03	-1.273697e+01
3.433000e-05	5.569672e-03	-1.253100e+01
3.434000e-05	4.836233e-03	-1.236048e+01
3.435000e-05	6.289870e-03	-1.223255e+01
3.436000e-05	5.079031e-03	-1.200308e+01
3.437000e-05	2.483570e-03	-1.178208e+01
3.438000e-05	8.789391e-04	-1.160068e+01
3.439000e-05	2.212810e-03	-1.136005e+01
3.440000e-05	4.113535e-03	-1.111747e+01
3.441000e-05	2.643108e-03	-1.092677e+01
3.442000e-05	1.692103e-03	-1.073947e+01
3.443000e-05	1.594826e-04	-1.052839e+01
3.444000e-05	8.059564e-04	-1.028647e+01
3.445000e-05	7.624180e-04	-1.005624e+01
3.446000e-05	1.011883e-04	-9.843683e+00
3.447000e-05	-1.381239e-03	-9.663261e+00
3.448000e-05	5.975859e-04	-9.411650e+00
3.449000e-05	7.594472e-04	-9.180047e+00
3.450000e-05	-1.859687e-03	-8.968992e+00
3.451000e-05	-3.556970e-03	-8.757942e+00
3.452000e-05	-2.746595e-03	-8.485735e+00
3.453000e-05	-6.603712e-04	-8.182184e+00
3.454000e-05	-1.062996e-03	-8.029596e+00
3.455000e-05	-3.242300e-03	-7.703887e+00
3.456000e-05	-3.911498e-03	-7.400154e+00
3.457000e-05	-2.782939e-03	-7.129891e+00
3.458000e-05	-3.783403e-03	-6.905191e+00
3.459000e-05	-4.233873e-03	-6.643154e+00
3.460000e-05	-4.879592e-03	-6.369574e+00
3.461000e-05	-3.282890e-03	-6.126362e+00
3.462000e-05	-4.636721e-03	-5.832154e+00
3.463000e-05	-4.175295e-03	-5.578946e+00
3.464000e-05	-7.330461e-03	-5.243134e+00
3.465000e-05	-4.977733e-03	-4.928044e+00
3.466000e-05	-4.877630e-03	-4.601500e+00
3.467000e-05	-3.742749e-03	-4.389522e+00
3.468000e-05	-5.986086e-03	-4.127893e+00
3.469000e-05	-6.662895e-03	-3.833654e+00
3.470000e-05	-6.832189e-03	-3.538019e+00
3.471000e-05	-7.231602e-03	-3.306787e+00
3.472000e-05	-7.959717e-03	-2.979150e+00
3.473000e-05	-8.297569e-03	-2.726836e+00
3.474000e-05	-6.741389e-03	-2.430652e+00
3.475000e-05	-5.804960e-03	-2.126939e+00
3.476000e-05	-6.113063e-03	-1.853253e+00
3.477000e-05	-8.735041e-03	-1.610444e+00
3.478000e-05	-8.763251e-03	-1.233101e+00
3.479000e-05	-9.364142e-03	-9.253921e-01
3.480000e-05	-7.790956e-03	-6.921768e-01
3.481000e-05	-8.895347e-03	-3.684697e-01
3.482000e-05	-7.542632e-03	-9.280782e-02
3.483000e-05	2.679165e-03	1.994301e-01
3.484000e-05	1.284486e-03	4.736407e-01
3.485000e-05	-1.648456e-03	7.372149e-01
3.486000e-05	-2.280104e-03	1.001953e+00
3.487000e-05	-2.795664e-03	1.286168e+00
3.488000e-05	-2.526620e-03	1.593455e+00
3.489000e-05	2.232543e-03	1.904687e+00
3.490000e-05	2.115614e-02	2.086266e+00
3.491000e-05	8.437513e-02	2.346349e+00
3.492000e-05	1.246944e-02	2.745842e+00
3.493000e-05	-6.740921e-02	3.053509e+00
3.494000e-05	-3.662769e-02	3.337772e+00
3.495000e-05	-3.101186e-02	3.610987e+00
3.496000e-05	-4.108386e-02	3.854137e+00
3.497000e-05	-6.312125e-02	4.132161e+00
3.498000e-05	8.005508e-02	4.316874e+00
3.499000e-05	1.372136e-02	4.684687e+00
3.500000e-05	-5.552809e-02	4.865163e+00
3.501000e-05	1.364976e-01	5.209933e+00
3.502000e-05	-1.330794e-01	5.526218e+00
3.503000e-05	3.842891e-02	5.789451e+00
3.504000e-05	-2.333184e-02	6.114663e+00
3.505000e-05	6.803335e-03	6.316770e+00
3.506000e-05	3.373973e-02	6.589556e+00
3.507000e-05	-6.700142e-02	6.855138e+00
3.508000e-05	4.103741e-02	7.106770e+00
3.509000e-05	-5.257685e-02	7.432583e+00
3.510000e-05	3.039347e-02	7.675818e+00
3.511000e-05	-4.307173e-02	7.982957e+00
3.512000e-05	6.500577e-03	8.275112e+00
3.513000e-05	3.002175e-02	8.455165e+00
3.514000e-05	-2.869714e-02	8.697337e+00
3.515000e-05	1.052108e-02	8.928900e+00
3.516000e-05	-5.328160e-02	9.171925e+00
3.517000e-05	5.013323e-03	9.400479e+00
3.518000e-05	1.450101e-03	9.634035e+00
3.519000e-05	1.072945e-02	9.865213e+00
3.520000e-05	-1.890944e-02	1.014777e+01
3.521000e-05	-1.621780e-02	1.035037e+01
3.522000e-05	4.311539e-03	1.054000e+01
3.523000e-05	-2.057956e-02	1.077890e+01
3.524000e-05	-1.206619e-02	1.094998e+01
3.525000e-05	-2.418009e-02	1.119048e+01
3.526000e-05	7.588842e-03	1.139308e+01
3.527000e-05	-2.923000e-03	1.161261e+01
3.528000e-05	-9.347092e-03	1.179308e+01
3.529000e-05	-3.027784e-02	1.200299e+01
3.530000e-05	-1.061961e-02	1.223353e+01
3.531000e-05	-2.548960e-03	1.239092e+01
3.532000e-05	-2.258166e-03	1.256040e+01
3.533000e-05	-2.081758e-02	1.272940e+01
3.534000e-05	-2.070966e-02	1.288584e+01
3.535000e-05	-9.647717e-03	1.306516e+01
3.536000e-05	-1.149199e-02	1.324309e+01
3.537000e-05	-1.856810e-02	1.339055e+01
3.538000e-05	-2.444265e-02	1.350832e+01
3.539000e-05	-4.236092e-03	1.363676e+01
3.540000e-05	-5.588528e-03	1.382261e+01
3.541000e-05	-1.283163e-02	1.399145e+01
3.542000e-05	-3.392420e-02	1.406729e+01
3.543000e-05	-2.267984e-02	1.427369e+01
3.544000e-05	-1.413216e-02	1.435151e+01
3.545000e-05	-1.074744e-02	1.448626e+01
3.546000e-05	-2.218008e-02	1.460154e+01
3.547000e-05	-2.498771e-02	1.471786e+01
3.548000e-05	-1.349669e-02	1.481110e+01
3.549000e-05	-1.758387e-02	1.489632e+01
3.550000e-05	-2.367078e-02	1.493000e+01
3.551000e-05	-3.371990e-02	1.507613e+01
3.552000e-05	-2.057335e-02	1.510840e+01
3.553000e-05	-1.767593e-02	1.516303e+01
3.554000e-05	-2.085154e-02	1.531469e+01
3.555000e-05	-3.566227e-02	1.529777e+01
3.556000e-05	-3.361310e-02	1.535198e+01
3.557000e-05	-2.355365e-02	1.544306e+01
3.558000e-05	-2.419202e-02	1.544517e+01
3.559000e-05	-3.107451e-02	1.550824e+01
3.560000e-05	-3.741581e-02	1.553800e+01
3.561000e-05	-2.926215e-02	1.557110e+01
3.562000e-05	-3.166679e-02	1.559000e+01
3.563000e-05	-3.889480e-02	1.557203e+01
3.564000e-05	-4.853738e-02	1.564208e+01
3.565000e-05	-4.438076e-02	1.561256e+01
3.566000e-05	-3.840835e-02	1.560214e+01
3.567000e-05	-4.425122e-02	1.563160e+01
3.568000e-05	-5.671171e-02	1.559108e+01
3.569000e-05	-6.557412e-02	1.560998e+01
3.570000e-05	-6.478997e-02	1.556997e+01
3.571000e-05	-7.451943e-02	1.555836e+01
3.572000e-05	-9.546444e-02	1.549624e+01
3.573000e-05	-1.214143e-01	1.542464e+01
3.574000e-05	-1.501235e-01	1.539147e+01
3.575000e-05	-1.993344e-01	1.533744e+01
3.576000e-05	-2.395969e-01	1.527729e+01
3.577000e-05	-2.500000e-01	1.523410e+01
3.578000e-05	-2.500000e-01	1.514805e+01
3.579000e-05	-2.483712e-01	1.505729e+01
3.580000e-05	-2.103621e-01	1.502200e+01
3.581000e-05	-1.522893e-01	1.489887e+01
3.582000e-05	-1.114120e-01	1.482216e+01
3.583000e-05	-7.825280e-02	1.469744e+01
3.584000e-05	-5.799364e-02	1.459308e+01
3.585000e-05	-4.936134e-02	1.450789e+01
3.586000e-05	-4.548379e-02	1.442218e+01
3.587000e-05	-3.562047e-02	1.426881e+01
3.588000e-05	-2.692406e-02	1.412942e+01
3.589000e-05	-2.641247e-02	1.400366e+01
3.590000e-05	-2.958922e-02	1.387474e+01
3.591000e-05	-2.674101e-02	1.369739e+01
3.592000e-05	-2.079588e-02	1.361213e+01
3.593000e-05	-1.796486e-02	1.342371e+01
3.594000e-05	-2.180342e-02	1.327571e+01
3.595000e-05	-2.284357e-02	1.314942e+01
3.596000e-05	-1.909018e-02	1.294904e+01
3.597000e-05	-1.343001e-02	1.279163e+01
3.598000e-05	-1.621461e-02	1.263468e+01
3.599000e-05	-1.900877e-02	1.247683e+01
3.600000e-05	-1.650043e-02	1.228731e+01
3.601000e-05	-1.187311e-02	1.212789e+01
3.602000e-05	-1.213724e-02	1.191687e+01
3.603000e-05	-1.865292e-02	1.171942e+01
3.604000e-05	-1.840643e-02	1.148691e+01
3.605000e-05	-1.475348e-02	1.129844e+01
3.606000e-05	-9.998261e-03	1.107581e+01
3.607000e-05	-1.228706e-02	1.088626e+01
3.608000e-05	-1.496236e-02	1.069429e+01
3.609000e-05	-1.230650e-02	1.046426e+01
3.610000e-05	-9.339194e-03	1.021326e+01
3.611000e-05	-1.183511e-02	1.002245e+01
3.612000e-05	-1.591879e-02	9.751550e+00
3.613000e-05	-1.546746e-02	9.538440e+00
3.614000e-05	-1.122426e-02	9.315914e+00
3.615000e-05	-9.570580e-03	9.094788e+00
3.616000e-05	-1.189589e-02	8.811733e+00
3.617000e-05	-1.298345e-02	8.581624e+00
3.618000e-05	-9.388997e-03	8.358068e+00
3.619000e-05	-6.828781e-03	8.097489e+00
3.620000e-05	-1.014362e-02	7.894185e+00
3.621000e-05	-1.328304e-02	7.642655e+00
3.622000e-05	-1.218616e-02	7.295862e+00
3.623000e-05	-9.079001e-03	7.044286e+00
3.624000e-05	-9.176670e-03	6.850602e+00
3.625000e-05	-1.139639e-02	6.526968e+00
3.626000e-05	-1.023014e-02	6.284787e+00
3.627000e-05	-7.718234e-03	6.041551e+00
3.628000e-05	-6.190281e-03	5.748546e+00
3.629000e-05	-9.114867e-03	5.475230e+00
3.630000e-05	-1.189269e-02	5.177570e+00
3.631000e-05	-9.783676e-03	4.852151e+00
3.632000e-05	-7.227566e-03	4.537970e+00
3.633000e-05	-7.516594e-03	4.317308e+00
3.634000e-05	-9.418141e-03	4.009019e+00
3.635000e-05	-8.642114e-03	3.716345e+00
3.636000e-05	-6.221004e-03	3.504282e+00
3.637000e-05	-6.078496e-03	3.160417e+00
3.638000e-05	-8.752866e-03	2.865813e+00
3.639000e-05	-9.284959e-03	2.631100e+00
3.640000e-05	-7.455910e-03	2.303836e+00
3.641000e-05	-5.152452e-03	2.031205e+00
3.642000e-05	-6.251301e-03	1.766492e+00
3.643000e-05	-6.986966e-03	1.451633e+00
3.644000e-05	-7.042694e-03	1.147438e+00
3.645000e-05	-5.157347e-03	8.190500e-01
3.646000e-05	-5.290337e-03	4.958906e-01
3.647000e-05	-5.658220e-03	2.611551e-01
3.648000e-05	-4.014007e-03	-8.360797e-02
3.649000e-05	8.309819e-03	-3.157409e-01
3.650000e-05	2.818403e-03	-5.499275e-01
3.651000e-05	1.973520e-03	-8.855605e-01
3.652000e-05	-2.189808e-03	-1.148297e+00
3.653000e-05	-6.387103e-05	-1.453085e+00
3.654000e-05	-1.787828e-04	-1.685740e+00
3.655000e-05	1.979822e-02	-1.936348e+00
3.656000e-05	8.608402e-02	-2.190901e+00
3.657000e-05	5.654775e-02	-2.528770e+00
3.658000e-05	-6.799069e-02	-2.958780e+00
3.659000e-05	-1.108512e-02	-3.285316e+00
3.660000e-05	-3.885768e-02	-3.525717e+00
3.661000e-05	-4.063326e-02	-3.768823e+00
3.662000e-05	-5.285505e-02	-4.010927e+00
3.663000e-05	1.738409e-01	-4.149867e+00
3.664000e-05	-1.255440e-01	-4.462607e+00
3.665000e-05	9.963474e-02	-4.746270e+00
3.666000e-05	1.589001e-02	-4.989400e+00
3.667000e-05	-1.001092e-01	-5.381454e+00
3.668000e-05	1.304082e-01	-5.663130e+00
3.669000e-05	-1.589735e-01	-5.905666e+00
3.670000e-05	1.305446e-01	-6.212955e+00
3.671000e-05	-3.192493e-02	-6.432585e+00
3.672000e-05	-3.918066e-03	-6.757871e+00
3.673000e-05	6.360203e-02	-7.001409e+00
3.674000e-05	-1.048965e-01	-7.306668e+00
3.675000e-05	1.142689e-01	-7.567867e+00
3.676000e-05	-8.949797e-02	-7.813032e+00
3.677000e-05	8.596119e-02	-8.106292e+00
3.678000e-05	-4.096899e-03	-8.336815e+00
3.679000e-05	-1.688002e-02	-8.642057e+00
3.680000e-05	6.656176e-02	-8.833588e+00
3.681000e-05	-9.232284e-02	-9.086164e+00
3.682000e-05	7.960503e-02	-9.317211e+00
3.683000e-05	-5.698791e-02	-9.568766e+00
3.684000e-05	8.744075e-02	-9.768904e+00
3.685000e-05	-2.552733e-02	-1.002185e+01
3.686000e-05	2.297847e-02	-1.027364e+01
3.687000e-05	-1.791899e-05	-1.044561e+01
3.688000e-05	-1.368251e-02	-1.069516e+01
3.689000e-05	3.964599e-02	-1.089469e+01
3.690000e-05	-2.814615e-02	-1.110569e+01
3.691000e-05	5.354413e-02	-1.129676e+01
3.692000e-05	-2.329087e-02	-1.155929e+01
3.693000e-05	4.562462e-02	-1.169875e+01
3.694000e-05	-2.543816e-02	-1.193835e+01
3.695000e-05	2.563401e-02	-1.211885e+01
3.696000e-05	-4.978937e-03	-1.232789e+01
3.697000e-05	3.067153e-02	-1.249679e+01
3.698000e-05	1.154935e-02	-1.267677e+01
3.699000e-05	5.591784e-03	-1.285513e+01
3.700000e-05	5.842953e-03	-1.300308e+01
3.701000e-05	3.477779e-03	-1.315145e+01
3.702000e-05	1.941960e-02	-1.331884e+01
3.703000e-05	5.297679e-03	-1.350727e+01
3.704000e-05	2.489575e-02	-1.362158e+01
3.705000e-05	9.753132e-03	-1.377245e+01
3.706000e-05	2.381981e-02	-1.392882e+01
3.707000e-05	2.786948e-04	-1.408624e+01
3.708000e-05	1.059609e-02	-1.419190e+01
3.709000e-05	5.020615e-03	-1.430725e+01
3.710000e-05	2.529482e-02	-1.446419e+01
3.711000e-05	1.670519e-02	-1.453998e+01
3.712000e-05	2.056505e-02	-1.467366e+01
3.713000e-05	1.149435e-02	-1.472097e+01
3.714000e-05	1.703405e-02	-1.488579e+01
3.715000e-05	1.655875e-02	-1.497037e+01
3.716000e-05	1.538668e-02	-1.503313e+01
3.717000e-05	1.718247e-02	-1.509929e+01
3.718000e-05	1.904754e-02	-1.521048e+01
3.719000e-05	2.461964e-02	-1.526318e+01
3.720000e-05	1.799107e-02	-1.530680e+01
3.721000e-05	1.878612e-02	-1.540045e+01
3.722000e-05	1.825839e-02	-1.542558e+01
3.723000e-05	2.791496e-02	-1.548575e+01
3.724000e-05	2.613831e-02	-1.551929e+01
3.725000e-05	2.570261e-02	-1.553088e+01
3.726000e-05	2.378699e-02	-1.561053e+01
3.727000e-05	2.777456e-02	-1.563311e+01
3.728000e-05	2.998886e-02	-1.559518e+01
3.729000e-05	2.934824e-02	-1.565516e+01
3.730000e-05	3.240381e-02	-1.564576e+01
3.731000e-05	3.787059e-02	-1.565613e+01
3.732000e-05	4.307361e-02	-1.567466e+01
3.733000e-05	4.362347e-02	-1.557519e+01
3.734000e-05	4.442144e-02	-1.560361e+01
3.735000e-05	5.143173e-02	-1.562268e+01
3.736000e-05	6.235198e-02	-1.555153e+01
3.737000e-05	7.393599e-02	-1.552789e+01
3.738000e-05	8.931528e-02	-1.547832e+01
3.739000e-05	1.128205e-01	-1.541578e+01
3.740000e-05	1.540806e-01	-1.539210e+01
3.741000e-05	2.092413e-01	-1.537094e+01
3.742000e-05	2.435985e-01	-1.525686e+01
3.743000e-05	2.500000e-01	-1.521369e+01
3.744000e-05	2.500000e-01	-1.516940e+01
3.745000e-05	2.453745e-01	-1.504629e+01
3.746000e-05	1.970376e-01	-1.496205e+01
3.747000e-05	1.326223e-01	-1.490684e+01
3.748000e-05	9.174381e-02	-1.485566e+01
3.749000e-05	6.836847e-02	-1.472892e+01
3.750000e-05	5.287975e-02	-1.464208e+01
3.751000e-05	3.969905e-02	-1.453891e+01
3.752000e-05	3.033298e-02	-1.443313e+01
3.753000e-05	2.560026e-02	-1.428631e+01
3.754000e-05	2.188483e-02	-1.414942e+01
3.755000e-05	1.821434e-02	-1.399416e+01
3.756000e-05	1.362112e-02	-1.385729e+01
3.757000e-05	1.325769e-02	-1.369941e+01
3.758000e-05	1.350548e-02	-1.359208e+01
3.759000e-05	1.396016e-02	-1.345263e+01
3.760000e-05	1.015809e-02	-1.328739e+01
3.761000e-05	8.182742e-03	-1.311746e+01
3.762000e-05	7.483288e-03	-1.296950e+01
3.763000e-05	7.533129e-03	-1.282268e+01
3.764000e-05	6.240485e-03	-1.262421e+01
3.765000e-05	5.525225e-03	-1.246631e+01
3.766000e-05	4.747151e-03	-1.228626e+01
3.767000e-05	5.093629e-03	-1.210729e+01
3.768000e-05	4.337237e-03	-1.188582e+01
3.769000e-05	2.831060e-03	-1.168736e+01
3.770000e-05	2.074810e-03	-1.142679e+01
3.771000e-05	3.753026e-03	-1.122365e+01
3.772000e-05	3.565927e-03	-1.104375e+01
3.773000e-05	3.322472e-03	-1.082166e+01
3.774000e-05	1.061132e-03	-1.061421e+01
3.775000e-05	4.711783e-04	-1.041266e+01
3.776000e-05	3.652030e-04	-1.014100e+01
3.777000e-05	8.275164e-04	-9.959392e+00
3.778000e-05	-1.477826e-04	-9.759944e+00
3.779000e-05	1.473613e-04	-9.538941e+00
3.780000e-05	1.504480e-03	-9.295736e+00
3.781000e-05	1.602318e-04	-9.074683e+00
3.782000e-05	-2.069120e-03	-8.813654e+00
3.783000e-05	-3.312749e-03	-8.623121e+00
3.784000e-05	-2.399648e-03	-8.327392e+00
3.785000e-05	-7.665743e-04	-8.085887e+00
3.786000e-05	-2.036052e-03	-7.843124e+00
3.787000e-05	-3.534834e-03	-7.526993e+00
3.788000e-05	-3.489998e-03	-7.294838e+00
3.789000e-05	-3.503161e-03	-7.023575e+00
3.790000e-05	-3.392132e-03	-6.757994e+00
3.791000e-05	-4.841523e-03	-6.496311e+00
3.792000e-05	-3.762134e-03	-6.243279e+00
3.793000e-05	-4.024476e-03	-5.957967e+00
3.794000e-05	-4.331700e-03	-5.686284e+00
3.795000e-05	-4.970924e-03	-5.369625e+00
3.796000e-05	-6.938336e-03	-5.106865e+00
3.797000e-05	-5.504026e-03	-4.798642e+00
3.798000e-05	-4.366400e-03	-4.476363e+00
3.799000e-05	-5.517220e-03	-4.286303e+00
3.800000e-05	-5.765319e-03	-3.990646e+00
3.801000e-05	-7.332965e-03	-3.685811e+00
3.802000e-05	-6.385748e-03	-3.432175e+00
3.803000e-05	-7.802945e-03	-3.169541e+00
3.804000e-05	-6.531076e-03	-2.822630e+00
3.805000e-05	-8.515797e-03	-2.538515e+00
3.806000e-05	-5.889659e-03	-2.274785e+00
3.807000e-05	-6.580999e-03	-1.978542e+00
3.808000e-05	-6.841099e-03	-1.735312e+00
3.809000e-05	-1.004446e-02	-1.410701e+00
3.810000e-05	-9.070353e-03	-1.064254e+00
3.811000e-05	-9.243078e-03	-7.815499e-01
3.812000e-05	-7.353463e-03	-4.948305e-01
3.813000e-05	-7.498921e-03	-1.806000e-01
3.814000e-05	-3.439038e-03	3.066029e-02
3.815000e-05	6.060780e-03	3.383537e-01
3.816000e-05	-5.141105e-03	6.004278e-01
3.817000e-05	1.194314e-03	8.626342e-01
3.818000e-05	-6.478084e-03	1.187900e+00
3.819000e-05	-2.926091e-04	1.461060e+00
3.820000e-05	-4.479171e-03	1.809926e+00
3.821000e-05	1.191154e-02	1.980901e+00
3.822000e-05	4.955753e-02	2.260608e+00
3.823000e-05	8.130834e-02	2.558780e+00
3.824000e-05	-6.105561e-02	2.914745e+00
3.825000e-05	-4.321996e-02	3.209446e+00
3.826000e-05	-4.153796e-02	3.495266e+00
3.827000e-05	-2.012357e-02	3.756798e+00
3.828000e-05	-7.109353e-02	3.959473e+00
3.829000e-05	2.770229e-04	4.210957e+00
3.830000e-05	1.090718e-01	4.536166e+00
3.831000e-05	-1.042920e-01	4.799921e+00
3.832000e-05	1.103212e-01	5.011037e+00
3.833000e-05	-2.440614e-02	5.419851e+00
3.834000e-05	-6.870551e-02	5.653118e+00
3.835000e-05	4.837653e-02	5.897849e+00
3.836000e-05	-5.179806e-02	6.209503e+00
3.837000e-05	6.518607e-02	6.485554e+00
3.838000e-05	-5.041316e-02	6.746824e+00
3.839000e-05	-1.229912e-04	7.001103e+00
3.840000e-05	-5.124224e-03	7.295241e+00
3.841000e-05	-2.204918e-02	7.569829e+00
3.842000e-05	1.644287e-02	7.894183e+00
3.843000e-05	-4.643237e-02	8.147346e+00
3.844000e-05	4.919564e-02	8.348449e+00
3.845000e-05	-1.451297e-02	8.590524e+00
3.846000e-05	-8.739652e-03	8.790531e+00
3.847000e-05	-1.425157e-02	9.094641e+00
3.848000e-05	-4.586415e-02	9.307244e+00
3.849000e-05	2.630367e-02	9.528349e+00
3.850000e-05	-1.265088e-02	9.800379e+00
3.851000e-05	1.420660e-02	1.003346e+01
3.852000e-05	-3.512753e-02	1.023058e+01
3.853000e-05	7.807357e-03	1.047311e+01
3.854000e-05	-1.322272e-02	1.066571e+01
3.855000e-05	-1.838321e-02	1.088614e+01
3.856000e-05	-1.407100e-02	1.104674e+01
3.857000e-05	-1.594980e-02	1.127629e+01
3.858000e-05	1.481232e-02	1.152985e+01
3.859000e-05	-1.746948e-02	1.174880e+01
3.860000e-05	-1.277685e-02	1.190924e+01
3.861000e-05	-2.987994e-02	1.209942e+01
3.862000e-05	2.140459e-03	1.231679e+01
3.863000e-05	-4.763508e-03	1.250622e+01
3.864000e-05	-1.001421e-02	1.265321e+01
3.865000e-05	-2.137391e-02	1.283308e+01
3.866000e-05	-1.795016e-02	1.298301e+01
3.867000e-05	-6.290705e-03	1.312995e+01
3.868000e-05	-2.043598e-02	1.330679e+01
3.869000e-05	-1.990293e-02	1.346669e+01
3.870000e-05	-1.792882e-02	1.357305e+01
3.871000e-05	2.066850e-04	1.378196e+01
3.872000e-05	-9.936953e-03	1.391779e+01
3.873000e-05	-2.419938e-02	1.402516e+01
3.874000e-05	-2.936894e-02	1.418168e+01
3.875000e-05	-1.916434e-02	1.431887e+01
3.876000e-05	-1.008990e-02	1.444371e+01
3.877000e-05	-2.036217e-02	1.454940e+01
3.878000e-05	-2.343446e-02	1.465566e+01
3.879000e-05	-2.082667e-02	1.479100e+01
3.880000e-05	-1.193030e-02	1.485511e+01
3.881000e-05	-2.237739e-02	1.493790e+01
3.882000e-05	-2.928640e-02	1.499151e+01
3.883000e-05	-2.714131e-02	1.505577e+01
3.884000e-05	-1.788303e-02	1.517157e+01
3.885000e-05	-1.711057e-02	1.521366e+01
3.886000e-05	-3.104227e-02	1.526634e+01
3.887000e-05	-3.580075e-02	1.532099e+01
3.888000e-05	-3.077924e-02	1.540256e+01
3.889000e-05	-2.251824e-02	1.543471e+01
3.890000e-05	-2.860379e-02	1.551676e+01
3.891000e-05	-3.536788e-02	1.553088e+01
3.892000e-05	-3.362834e-02	1.556002e+01
3.893000e-05	-2.876931e-02	1.557048e+01
3.894000e-05	-3.319148e-02	1.559058e+01
3.895000e-05	-4.584242e-02	1.558213e+01
3.896000e-05	-4.594730e-02	1.563206e+01
3.897000e-05	-4.148599e-02	1.562218e+01
3.898000e-05	-4.046356e-02	1.561263e+01
3.899000e-05	-5.282774e-02	1.556155e+01
3.900000e-05	-6.249905e-02	1.557058e+01
3.901000e-05	-6.471098e-02	1.556047e+01
3.902000e-05	-6.747479e-02	1.555888e+01
3.903000e-05	-8.238095e-02	1.549731e+01
3.904000e-05	-1.087656e-01	1.547374e+01
3.905000e-05	-1.342752e-01	1.540253e+01
3.906000e-05	-1.747150e-01	1.533000e+01
3.907000e-05	-2.272412e-01	1.529786e+01
3.908000e-05	-2.485965e-01	1.524578e+01
3.909000e-05	-2.500000e-01	1.518215e+01
3.910000e-05	-2.500000e-01	1.511647e+01
3.911000e-05	-2.337307e-01	1.503419e+01
3.912000e-05	-1.784236e-01	1.497095e+01
3.913000e-05	-1.282594e-01	1.488474e+01
3.914000e-05	-9.139636e-02	1.475945e+01
3.915000e-05	-6.687495e-02	1.462621e+01
3.916000e-05	-5.228624e-02	1.455000e+01
3.917000e-05	-4.875769e-02	1.446476e+01
3.918000e-05	-4.097930e-02	1.429999e+01
3.919000e-05	-3.161926e-02	1.420368e+01
3.920000e-05	-2.578671e-02	1.408586e+01
3.921000e-05	-2.823120e-02	1.396844e+01
3.922000e-05	-2.849399e-02	1.377020e+01
3.923000e-05	-2.289637e-02	1.365431e+01
3.924000e-05	-1.851347e-02	1.351735e+01
3.925000e-05	-1.855791e-02	1.332847e+01
3.926000e-05	-2.290293e-02	1.322008e+01
3.927000e-05	-2.077491e-02	1.303276e+01
3.928000e-05	-1.602264e-02	1.289579e+01
3.929000e-05	-1.488644e-02	1.267537e+01
3.930000e-05	-1.894081e-02	1.255999e+01
3.931000e-05	-1.919515e-02	1.242050e+01
3.932000e-05	-1.418341e-02	1.221000e+01
3.933000e-05	-1.180449e-02	1.199418e+01
3.934000e-05	-1.473514e-02	1.180368e+01
3.935000e-05	-1.896772e-02	1.157115e+01
3.936000e-05	-1.529918e-02	1.136957e+01
3.937000e-05	-1.143532e-02	1.112050e+01
3.938000e-05	-1.179233e-02	1.095954e+01
3.939000e-05	-1.543185e-02	1.074952e+01
3.940000e-05	-1.558754e-02	1.054905e+01
3.941000e-05	-1.177850e-02	1.035687e+01
3.942000e-05	-1.011951e-02	1.010694e+01
3.943000e-05	-1.182145e-02	9.886783e+00
3.944000e-05	-1.457710e-02	9.613712e+00
3.945000e-05	-1.056485e-02	9.403104e+00
3.946000e-05	-1.013683e-02	9.210602e+00
3.947000e-05	-1.097985e-02	8.939521e+00
3.948000e-05	-1.537393e-02	8.686938e+00
3.949000e-05	-1.310617e-02	8.494739e+00
3.950000e-05	-8.615947e-03	8.202728e+00
3.951000e-05	-7.253979e-03	7.989075e+00
3.952000e-05	-1.034088e-02	7.737987e+00
3.953000e-05	-1.107429e-02	7.452683e+00
3.954000e-05	-9.688642e-03	7.190947e+00
3.955000e-05	-8.459524e-03	6.906438e+00
3.956000e-05	-1.057495e-02	6.694782e+00
3.957000e-05	-1.246867e-02	6.360600e+00
3.958000e-05	-1.097462e-02	6.138463e+00
3.959000e-05	-6.940793e-03	5.885809e+00
3.960000e-05	-8.037823e-03	5.591071e+00
3.961000e-05	-9.829201e-03	5.327916e+00
3.962000e-05	-1.053591e-02	4.978621e+00
3.963000e-05	-7.266846e-03	4.664314e+00
3.964000e-05	-6.015421e-03	4.430603e+00
3.965000e-05	-7.913980e-03	4.128091e+00
3.966000e-05	-9.673536e-03	3.861134e+00
3.967000e-05	-8.988909e-03	3.570998e+00
3.968000e-05	-6.779806e-03	3.264408e+00
3.969000e-05	-7.765555e-03	3.040648e+00
3.970000e-05	-8.636745e-03	2.769491e+00
3.971000e-05	-8.311649e-03	2.452203e+00
3.972000e-05	-5.173711e-03	2.156915e+00
3.973000e-05	-5.179637e-03	1.904833e+00
3.974000e-05	-6.252578e-03	1.586600e+00
3.975000e-05	-7.700424e-03	1.285284e+00
3.976000e-05	-6.704785e-03	9.464407e-01
3.977000e-05	-5.025638e-03	6.717589e-01
3.978000e-05	-5.517560e-03	3.895449e-01
3.979000e-05	-4.441083e-03	6.318388e-02
3.980000e-05	5.296353e-04	-1.799226e-01
3.981000e-05	1.051184e-02	-4.240832e-01
3.982000e-05	-1.353869e-03	-7.373711e-01
3.983000e-05	2.934258e-03	-9.599790e-01
3.984000e-05	-3.515028e-03	-1.305687e+00
3.985000e-05	1.826919e-03	-1.578929e+00
3.986000e-05	5.785750e-03	-1.852485e+00
3.987000e-05	4.275757e-02	-2.064681e+00
3.988000e-05	1.118219e-01	-2.359321e+00
3.989000e-05	-4.039357e-02	-2.746771e+00
3.990000e-05	-2.814548e-02	-3.138371e+00
3.991000e-05	-3.519248e-02	-3.461507e+00
3.992000e-05	-2.505861e-02	-3.612554e+00
3.993000e-05	-8.992797e-02	-3.894666e+00
3.994000e-05	9.946450e-02	-4.115137e+00
3.995000e-05	3.625815e-02	-4.314137e+00
3.996000e-05	-8.652802e-02	-4.641503e+00
3.997000e-05	1.891444e-01	-4.853610e+00
3.998000e-05	-1.450787e-01	-5.169403e+00
3.999000e-05	9.616421e-02	-5.515294e+00
4.000000e-05	-5.610789e-02	-5.748324e+00
4.001000e-05	-2.691133e-02	-6.027163e+00
4.002000e-05	1.314039e-01	-6.306640e+00
4.003000e-05	-1.077317e-01	-6.601406e+00
4.004000e-05	1.175217e-01	-6.876264e+00
4.005000e-05	-9.405422e-02	-7.150871e+00
4.006000e-05	3.358705e-02	-7.453110e+00
4.007000e-05	1.949605e-02	-7.635721e+00
4.008000e-05	-4.270980e-02	-7.971529e+00
4.009000e-05	1.143871e-01	-8.211982e+00
4.010000e-05	-8.902526e-02	-8.446241e+00
4.011000e-05	9.524121e-02	-8.737874e+00
4.012000e-05	-6.697135e-02	-9.020995e+00
4.013000e-05	1.437162e-02	-9.212008e+00
4.014000e-05	1.247343e-02	-9.384088e+00
4.015000e-05	-5.900142e-04	-9.675241e+00
4.016000e-05	7.032082e-02	-9.854635e+00
4.017000e-05	-4.917993e-02	-1.012830e+01
4.018000e-05	5.996199e-02	-1.031885e+01
4.019000e-05	-5.896137e-02	-1.057091e+01
4.020000e-05	5.457452e-02	-1.076050e+01
4.021000e-05	-2.766210e-02	-1.101145e+01
4.022000e-05	3.617952e-02	-1.120348e+01
4.023000e-05	5.030843e-03	-1.141205e+01
4.024000e-05	1.577816e-02	-1.165462e+01
4.025000e-05	1.371354e-02	-1.185509e+01
4.026000e-05	-1.286173e-02	-1.204366e+01
4.027000e-05	2.115438e-02	-1.221406e+01
4.028000e-05	-8.048779e-04	-1.240213e+01
4.029000e-05	3.916412e-02	-1.260251e+01
4.030000e-05	-5.267520e-03	-1.276093e+01
4.031000e-05	1.901758e-02	-1.294895e+01
4.032000e-05	-5.937610e-03	-1.309732e+01
4.033000e-05	2.226933e-02	-1.326526e+01
4.034000e-05	4.118037e-03	-1.339356e+01
4.035000e-05	2.007805e-02	-1.356042e+01
4.036000e-05	1.263795e-02	-1.369829e+01
4.037000e-05	2.108990e-02	-1.385714e+01
4.038000e-05	9.281444e-03	-1.395258e+01
4.039000e-05	5.194385e-03	-1.409034e+01
4.040000e-05	6.770824e-03	-1.426566e+01
4.041000e-05	1.640036e-02	-1.435098e+01
4.042000e-05	2.402971e-02	-1.450822e+01
4.043000e-05	1.819907e-02	-1.462356e+01
4.044000e-05	1.702809e-02	-1.469884e+01
4.045000e-05	1.065258e-02	-1.480406e+01
4.046000e-05	1.887317e-02	-1.490776e+01
4.047000e-05	1.215246e-02	-1.497205e+01
4.048000e-05	1.899253e-02	-1.505574e+01
4.049000e-05	1.655436e-02	-1.513890e+01
4.050000e-05	2.639618e-02	-1.524206e+01
4.051000e-05	2.021486e-02	-1.527429e+01
4.052000e-05	1.848898e-02	-1.533990e+01
4.053000e-05	1.539255e-02	-1.540245e+01
4.054000e-05	2.269052e-02	-1.544466e+01
4.055000e-05	2.843747e-02	-1.547932e+01
4.056000e-05	2.600600e-02	-1.553989e+01
4.057000e-05	2.621047e-02	-1.554152e+01
4.058000e-05	2.454914e-02	-1.560308e+01
4.059000e-05	3.000181e-02	-1.564263e+01
4.060000e-05	2.790126e-02	-1.565624e+01
4.061000e-05	3.046186e-02	-1.563571e+01
4.062000e-05	3.279531e-02	-1.564484e+01
4.063000e-05	4.162254e-02	-1.566421e+01
4.064000e-05	4.461270e-02	-1.563669e+01
4.065000e-05	4.525782e-02	-1.565411e+01
4.066000e-05	4.730569e-02	-1.562308e+01
4.067000e-05	5.553776e-02	-1.559053e+01
4.068000e-05	6.794966e-02	-1.557105e+01
4.069000e-05	8.137773e-02	-1.547842e+01
4.070000e-05	1.000931e-01	-1.544627e+01
4.071000e-05	1.321154e-01	-1.543258e+01
4.072000e-05	1.809352e-01	-1.537208e+01
4.073000e-05	2.324940e-01	-1.530980e+01
4.074000e-05	2.491990e-01	-1.522519e+01
4.075000e-05	2.500000e-01	-1.520308e+01
4.076000e-05	2.499995e-01	-1.510932e+01
4.077000e-05	2.248555e-01	-1.503368e+01
4.078000e-05	1.611957e-01	-1.492897e+01
4.079000e-05	1.077706e-01	-1.485626e+01
4.080000e-05	7.633756e-02	-1.480162e+01
4.081000e-05	5.964868e-02	-1.468768e+01
4.082000e-05	4.564598e-02	-1.458142e+01
4.083000e-05	3.383774e-02	-1.446586e+01
4.084000e-05	2.743386e-02	-1.433942e+01
4.085000e-05	2.379053e-02	-1.422268e+01
4.086000e-05	2.023960e-02	-1.409631e+01
4.087000e-05	1.493916e-02	-1.395752e+01
4.088000e-05	1.358582e-02	-1.378310e+01
4.089000e-05	1.365101e-02	-1.366576e+01
4.090000e-05	1.418911e-02	-1.346686e+01
4.091000e-05	1.089021e-02	-1.335005e+01
4.092000e-05	7.173711e-03	-1.318318e+01
4.093000e-05	6.946260e-03	-1.303473e+01
4.094000e-05	8.440271e-03	-1.289481e+01
4.095000e-05	8.475864e-03	-1.273945e+01
4.096000e-05	5.885620e-03	-1.256892e+01
4.097000e-05	4.922217e-03	-1.234053e+01
4.098000e-05	5.793481e-03	-1.220110e+01
4.099000e-05	4.765634e-03	-1.202458e+01
4.100000e-05	2.163128e-03	-1.180213e+01
4.101000e-05	1.112522e-03	-1.161102e+01
4.102000e-05	3.425679e-03	-1.131197e+01
4.103000e-05	4.973978e-03	-1.110789e+01
4.104000e-05	3.638607e-03	-1.090749e+01
4.105000e-05	1.953945e-03	-1.074792e+01
4.106000e-05	6.349432e-04	-1.055797e+01
4.107000e-05	1.463662e-03	-1.029781e+01
4.108000e-05	9.166693e-04	-1.006674e+01
4.109000e-05	-7.900501e-04	-9.854183e+00
4.110000e-05	-8.704075e-04	-9.613655e+00
4.111000e-05	-1.708012e-05	-9.392150e+00
4.112000e-05	7.516365e-04	-9.169470e+00
4.113000e-05	-1.202469e-03	-8.948438e+00
4.114000e-05	-2.433483e-03	-8.716287e+00
4.115000e-05	-2.447896e-03	-8.454784e+00
4.116000e-05	-6.079013e-04	-8.180681e+00
4.117000e-05	-9.968861e-04	-7.969972e+00
4.118000e-05	-2.460855e-03	-7.664384e+00
4.119000e-05	-4.321279e-03	-7.372650e+00
4.120000e-05	-3.859252e-03	-7.179051e+00
4.121000e-05	-3.455800e-03	-6.834338e+00
4.122000e-05	-3.339658e-03	-6.642179e+00
4.123000e-05	-5.038617e-03	-6.349996e+00
4.124000e-05	-3.324181e-03	-6.085808e+00
4.125000e-05	-4.440197e-03	-5.820529e+00
4.126000e-05	-2.713138e-03	-5.538391e+00
4.127000e-05	-6.674892e-03	-5.243656e+00
4.128000e-05	-6.377211e-03	-4.927441e+00
4.129000e-05	-6.183986e-03	-4.603050e+00
4.130000e-05	-5.816260e-03	-4.369494e+00
4.131000e-05	-6.739608e-03	-4.117391e+00
4.132000e-05	-7.010320e-03	-3.814132e+00
4.133000e-05	-7.731695e-03	-3.527916e+00
4.134000e-05	-6.476689e-03	-3.264835e+00
4.135000e-05	-7.084885e-03	-2.960045e+00
4.136000e-05	-6.521262e-03	-2.687359e+00
4.137000e-05	-7.545394e-03	-2.412700e+00
4.138000e-05	-6.195019e-03	-2.125864e+00
4.139000e-05	-7.414466e-03	-1.843155e+00
4.140000e-05	-9.217990e-03	-1.549992e+00
4.141000e-05	-8.309091e-03	-1.242073e+00
4.142000e-05	-9.958499e-03	-9.268883e-01
4.143000e-05	-8.220402e-03	-6.627015e-01
4.144000e-05	-8.633146e-03	-3.363945e-01
4.145000e-05	-5.847739e-03	-8.473039e-02
4.146000e-05	4.357446e-03	2.209802e-01
4.147000e-05	-3.776400e-04	5.242145e-01
4.148000e-05	-1.103468e-03	7.267211e-01
4.149000e-05	-2.396562e-03	1.000956e+00
4.150000e-05	-3.744170e-03	1.326817e+00
4.151000e-05	-4.146395e-03	1.663034e+00
4.152000e-05	2.945370e-03	1.895713e+00
4.153000e-05	2.366570e-02	2.136771e+00
4.154000e-05	8.883119e-02	2.378425e+00
4.155000e-05	3.625109e-03	2.748276e+00
4.156000e-05	-6.497083e-02	3.054709e+00
4.157000e-05	-3.810153e-02	3.348852e+00
4.158000e-05	-2.930208e-02	3.633580e+00
4.159000e-05	-4.576009e-02	3.884738e+00
4.160000e-05	-6.023330e-02	4.075158e+00
4.161000e-05	8.783611e-02	4.338369e+00
4.162000e-05	-1.106462e-03	4.682588e+00
4.163000e-05	-3.699252e-02	4.907265e+00
4.164000e-05	1.243820e-01	5.252058e+00
4.165000e-05	-1.326829e-01	5.528324e+00
4.166000e-05	4.618909e-02	5.791049e+00
4.167000e-05	-2.915672e-02	6.105215e+00
4.168000e-05	1.594760e-02	6.355242e+00
4.169000e-05	2.384290e-02	6.621507e+00
4.170000e-05	-6.306887e-02	6.905692e+00
4.171000e-05	3.900500e-02	7.159371e+00
4.172000e-05	-5.433399e-02	7.451583e+00
4.173000e-05	3.251114e-02	7.677839e+00
4.174000e-05	-4.649745e-02	8.033007e+00
4.175000e-05	1.490836e-02	8.264211e+00
4.176000e-05	2.654632e-02	8.496713e+00
4.177000e-05	-2.776938e-02	8.718240e+00
4.178000e-05	9.701474e-03	8.938300e+00
4.179000e-05	-5.550860e-02	9.180427e+00
4.180000e-05	9.430718e-03	9.431031e+00
4.181000e-05	-2.645838e-03	9.656112e+00
4.182000e-05	1.260002e-02	9.906743e+00
4.183000e-05	-2.132024e-02	1.012722e+01
4.184000e-05	-1.160673e-02	1.033687e+01
4.185000e-05	3.047748e-03	1.051035e+01
4.186000e-05	-2.132817e-02	1.078095e+01
4.187000e-05	-1.196136e-02	1.098045e+01
4.188000e-05	-2.394233e-02	1.122305e+01
4.189000e-05	1.030767e-02	1.142164e+01
4.190000e-05	-5.568719e-03	1.160453e+01
4.191000e-05	-1.066824e-02	1.182306e+01
4.192000e-05	-3.173296e-02	1.199456e+01
4.193000e-05	-8.321887e-03	1.220308e+01
4.194000e-05	-2.645197e-03	1.236105e+01
4.195000e-05	-3.667906e-03	1.260040e+01
4.196000e-05	-1.991868e-02	1.273035e+01
4.197000e-05	-2.095076e-02	1.290682e+01
4.198000e-05	-8.928647e-03	1.306721e+01
4.199000e-05	-1.450653e-02	1.322411e+01
4.200000e-05	-1.952623e-02	1.338103e+01
4.201000e-05	-2.417657e-02	1.348687e+01
4.202000e-05	-1.967305e-03	1.366676e+01
4.203000e-05	-6.788871e-03	1.377310e+01
4.204000e-05	-1.467132e-02	1.399095e+01
4.205000e-05	-3.460862e-02	1.413690e+01
4.206000e-05	-2.246438e-02	1.424719e+01
4.207000e-05	-1.411436e-02	1.442200e+01
4.208000e-05	-1.254323e-02	1.451784e+01
4.209000e-05	-2.202466e-02	1.462308e+01
4.210000e-05	-2.408833e-02	1.473727e+01
4.211000e-05	-1.233871e-02	1.483156e+01
4.212000e-05	-1.940976e-02	1.487634e+01
4.213000e-05	-2.456246e-02	1.493898e+01
4.214000e-05	-3.346716e-02	1.505464e+01
4.215000e-05	-1.979295e-02	1.507984e+01
4.216000e-05	-1.718705e-02	1.520203e+01
4.217000e-05	-2.250673e-02	1.523531e+01
4.218000e-05	-3.479668e-02	1.529892e+01
4.219000e-05	-3.383442e-02	1.537102e+01
4.220000e-05	-2.306755e-02	1.541413e+01
4.221000e-05	-2.543045e-02	1.544574e+01
4.222000e-05	-3.121593e-02	1.550732e+01
4.223000e-05	-3.751620e-02	1.557192e+01
4.224000e-05	-2.947637e-02	1.556105e+01
4.225000e-05	-3.188955e-02	1.559000e+01
4.226000e-05	-3.906987e-02	1.560153e+01
4.227000e-05	-4.823187e-02	1.561263e+01
4.228000e-05	-4.323769e-02	1.563116e+01
4.229000e-05	-3.796732e-02	1.562353e+01
4.230000e-05	-4.550845e-02	1.560213e+01
4.231000e-05	-5.727035e-02	1.559103e+01
4.232000e-05	-6.596700e-02	1.557050e+01
4.233000e-05	-6.549843e-02	1.553845e+01
4.234000e-05	-7.596230e-02	1.548887e+01
4.235000e-05	-9.591396e-02	1.547624e+01
4.236000e-05	-1.217230e-01	1.541373e+01
4.237000e-05	-1.521052e-01	1.534045e+01
4.238000e-05	-2.020954e-01	1.531852e+01
4.239000e-05	-2.410787e-01	1.526481e+01
4.240000e-05	-2.500000e-01	1.525466e+01
4.241000e-05	-2.500000e-01	1.515800e+01
4.242000e-05	-2.465255e-01	1.506686e+01
4.243000e-05	-2.096378e-01	1.499415e+01
4.244000e-05	-1.482967e-01	1.490687e+01
4.245000e-05	-1.093956e-01	1.482411e+01
4.246000e-05	-7.382090e-02	1.473636e+01
4.247000e-05	-5.631826e-02	1.458253e+01
4.248000e-05	-4.899327e-02	1.448591e+01
4.249000e-05	-4.380248e-02	1.441198e+01
4.250000e-05	-3.842726e-02	1.426326e+01
4.251000e-05	-2.893164e-02	1.414052e+01
4.252000e-05	-3.041851e-02	1.397256e+01
4.253000e-05	-2.975499e-02	1.384471e+01
4.254000e-05	-2.545609e-02	1.371992e+01
4.255000e-05	-1.845749e-02	1.355150e+01
4.256000e-05	-1.567780e-02	1.343411e+01
4.257000e-05	-1.980669e-02	1.328483e+01
4.258000e-05	-2.190679e-02	1.311892e+01
4.259000e-05	-2.064029e-02	1.293950e+01
4.260000e-05	-1.621141e-02	1.279365e+01
4.261000e-05	-1.808615e-02	1.261413e+01
4.262000e-05	-1.990445e-02	1.246518e+01
4.263000e-05	-1.727612e-02	1.224484e+01
4.264000e-05	-1.242352e-02	1.208787e+01
4.265000e-05	-1.195413e-02	1.187582e+01
4.266000e-05	-1.638273e-02	1.172639e+01
4.267000e-05	-1.717090e-02	1.143628e+01
4.268000e-05	-1.377933e-02	1.127529e+01
4.269000e-05	-1.110802e-02	1.105521e+01
4.270000e-05	-1.423691e-02	1.088521e+01
4.271000e-05	-1.648511e-02	1.065328e+01
4.272000e-05	-1.460935e-02	1.042328e+01
4.273000e-05	-1.026420e-02	1.020268e+01
4.274000e-05	-1.043666e-02	9.992077e+00
4.275000e-05	-1.362029e-02	9.729097e+00
4.276000e-05	-1.312914e-02	9.538339e+00
4.277000e-05	-1.003277e-02	9.306788e+00
4.278000e-05	-9.086405e-03	9.074258e+00
4.279000e-05	-1.259640e-02	8.811678e+00
4.280000e-05	-1.419011e-02	8.561127e+00
4.281000e-05	-1.283673e-02	8.378545e+00
4.282000e-05	-9.629332e-03	8.116818e+00
4.283000e-05	-1.018677e-02	7.853229e+00
4.284000e-05	-1.104652e-02	7.581597e+00
4.285000e-05	-1.016792e-02	7.286788e+00
4.286000e-05	-7.405441e-03	7.063653e+00
4.287000e-05	-6.913110e-03	6.790575e+00
4.288000e-05	-1.110127e-02	6.496916e+00
4.289000e-05	-1.172784e-02	6.253232e+00
4.290000e-05	-1.006598e-02	6.002100e+00
4.291000e-05	-7.856281e-03	5.707488e+00
4.292000e-05	-9.327166e-03	5.444255e+00
4.293000e-05	-1.033643e-02	5.168066e+00
4.294000e-05	-8.994116e-03	4.810551e+00
4.295000e-05	-5.490483e-03	4.548893e+00
4.296000e-05	-6.078169e-03	4.304808e+00
4.297000e-05	-8.442004e-03	3.936970e+00
4.298000e-05	-9.143833e-03	3.665913e+00
4.299000e-05	-8.097763e-03	3.432205e+00
4.300000e-05	-6.579981e-03	3.126841e+00
4.301000e-05	-8.160375e-03	2.882760e+00
4.302000e-05	-9.097275e-03	2.580601e+00
4.303000e-05	-6.798555e-03	2.303782e+00
4.304000e-05	-4.337887e-03	2.020675e+00
4.305000e-05	-5.295535e-03	1.716462e+00
4.306000e-05	-6.852832e-03	1.402127e+00
4.307000e-05	-6.967585e-03	1.105389e+00
4.308000e-05	-4.966107e-03	7.689947e-01
4.309000e-05	-4.602323e-03	4.858119e-01
4.310000e-05	-6.204435e-03	1.895462e-01
4.311000e-05	-4.489388e-03	-8.416179e-02
4.312000e-05	8.746503e-03	-3.267659e-01
4.313000e-05	1.955388e-03	-6.225315e-01
4.314000e-05	2.586567e-03	-9.041406e-01
4.315000e-05	-1.925948e-03	-1.147342e+00
4.316000e-05	1.623576e-03	-1.496239e+00
4.317000e-05	1.369354e-03	-1.726770e+00
4.318000e-05	2.147965e-02	-1.927770e+00
4.319000e-05	9.082201e-02	-2.180431e+00
4.320000e-05	4.605556e-02	-2.549724e+00
4.321000e-05	-6.565228e-02	-2.999905e+00
4.322000e-05	-1.265043e-02	-3.295744e+00
4.323000e-05	-3.841941e-02	-3.517293e+00
4.324000e-05	-4.693800e-02	-3.790324e+00
4.325000e-05	-3.965126e-02	-3.969453e+00
4.326000e-05	1.705418e-01	-4.167876e+00
4.327000e-05	-1.355086e-01	-4.494112e+00
4.328000e-05	1.112625e-01	-4.780371e+00
4.329000e-05	-1.016454e-02	-4.999929e+00
4.330000e-05	-7.706767e-02	-5.392028e+00
4.331000e-05	1.161124e-01	-5.632033e+00
4.332000e-05	-1.573767e-01	-5.917141e+00
4.333000e-05	1.407647e-01	-6.241982e+00
4.334000e-05	-4.821216e-02	-6.461083e+00
4.335000e-05	1.411675e-02	-6.747898e+00
4.336000e-05	4.604263e-02	-7.020557e+00
4.337000e-05	-9.499603e-02	-7.337244e+00
4.338000e-05	1.109956e-01	-7.558876e+00
4.339000e-05	-9.302977e-02	-7.882587e+00
4.340000e-05	9.672919e-02	-8.127322e+00
4.341000e-05	-1.873711e-02	-8.347296e+00
4.342000e-05	-3.583202e-03	-8.642562e+00
4.343000e-05	5.271176e-02	-8.884740e+00
4.344000e-05	-8.499273e-02	-9.077742e+00
4.345000e-05	7.823802e-02	-9.339419e+00
4.346000e-05	-5.606177e-02	-9.558374e+00
4.347000e-05	9.367873e-02	-9.791479e+00
4.348000e-05	-3.336332e-02	-1.001195e+01
4.349000e-05	3.229350e-02	-1.022461e+01
4.350000e-05	-1.189197e-02	-1.046469e+01
4.351000e-05	-6.773683e-03	-1.070624e+01
4.352000e-05	3.040257e-02	-1.087423e+01
4.353000e-05	-2.192140e-02	-1.108779e+01
4.354000e-05	5.049135e-02	-1.132627e+01
4.355000e-05	-2.097989e-02	-1.157932e+01
4.356000e-05	4.575854e-02	-1.177745e+01
4.357000e-05	-2.656987e-02	-1.196088e+01
4.358000e-05	2.739493e-02	-1.217137e+01
4.359000e-05	-5.993110e-03	-1.231832e+01
4.360000e-05	3.422443e-02	-1.251832e+01
4.361000e-05	8.298643e-03	-1.268669e+01
4.362000e-05	8.063308e-03	-1.288566e+01
4.363000e-05	3.988581e-03	-1.299553e+01
4.364000e-05	5.663715e-03	-1.319303e+01
4.365000e-05	1.828077e-02	-1.330889e+01
4.366000e-05	7.422940e-03	-1.351629e+01
4.367000e-05	2.564867e-02	-1.362256e+01
4.368000e-05	1.238370e-02	-1.382390e+01
4.369000e-05	2.283808e-02	-1.391044e+01
4.370000e-05	-6.262870e-04	-1.407514e+01
4.371000e-05	9.201392e-03	-1.421306e+01
4.372000e-05	5.136923e-03	-1.431787e+01
4.373000e-05	2.489725e-02	-1.443464e+01
4.374000e-05	1.748857e-02	-1.456045e+01
4.375000e-05	2.190194e-02	-1.469724e+01
4.376000e-05	1.229401e-02	-1.476152e+01
4.377000e-05	1.791138e-02	-1.488429e+01
4.378000e-05	1.522786e-02	-1.494937e+01
4.379000e-05	1.539732e-02	-1.502516e+01
4.380000e-05	1.746741e-02	-1.509977e+01
4.381000e-05	1.997891e-02	-1.516303e+01
4.382000e-05	2.387858e-02	-1.525519e+01
4.383000e-05	1.753335e-02	-1.531825e+01
4.384000e-05	1.847859e-02	-1.537095e+01
4.385000e-05	1.777695e-02	-1.542416e+01
4.386000e-05	2.843058e-02	-1.547778e+01
4.387000e-05	2.682993e-02	-1.548787e+01
4.388000e-05	2.676639e-02	-1.555945e+01
4.389000e-05	2.451856e-02	-1.561108e+01
4.390000e-05	2.659771e-02	-1.563311e+01
4.391000e-05	2.766349e-02	-1.561569e+01
4.392000e-05	2.829910e-02	-1.566481e+01
4.393000e-05	3.191376e-02	-1.565666e+01
4.394000e-05	3.808371e-02	-1.562426e+01
4.395000e-05	4.469982e-02	-1.565524e+01
4.396000e-05	4.499738e-02	-1.561418e+01
4.397000e-05	4.506555e-02	-1.562418e+01
4.398000e-05	5.068233e-02	-1.562163e+01
4.399000e-05	6.113390e-02	-1.558255e+01
4.400000e-05	7.396732e-02	-1.546842e+01
4.401000e-05	8.998619e-02	-1.546679e+01
4.402000e-05	1.149243e-01	-1.543588e+01
4.403000e-05	1.559507e-01	-1.542210e+01
4.404000e-05	2.116000e-01	-1.533040e+01
4.405000e-05	2.442454e-01	-1.529839e+01
4.406000e-05	2.500000e-01	-1.524313e+01
4.407000e-05	2.500000e-01	-1.516997e+01
4.408000e-05	2.440879e-01	-1.507679e+01
4.409000e-05	1.947061e-01	-1.496052e+01
4.410000e-05	1.300190e-01	-1.490732e+01
4.411000e-05	8.916483e-02	-1.482376e+01
4.412000e-05	6.561206e-02	-1.473792e+01
4.413000e-05	5.037635e-02	-1.462413e+01
4.414000e-05	3.853107e-02	-1.453932e+01
4.415000e-05	2.969168e-02	-1.439211e+01
4.416000e-05	2.619943e-02	-1.426478e+01
4.417000e-05	2.288486e-02	-1.410995e+01
4.418000e-05	1.873750e-02	-1.398265e+01
4.419000e-05	1.387343e-02	-1.384474e+01
4.420000e-05	1.307321e-02	-1.372979e+01
4.421000e-05	1.365254e-02	-1.359213e+01
4.422000e-05	1.329734e-02	-1.341209e+01
4.423000e-05	9.266027e-03	-1.329581e+01
4.424000e-05	7.239863e-03	-1.312776e+01
4.425000e-05	7.896941e-03	-1.295007e+01
4.426000e-05	9.045780e-03	-1.282210e+01
4.427000e-05	7.247515e-03	-1.258321e+01
4.428000e-05	5.277127e-03	-1.248684e+01
4.429000e-05	6.077557e-03	-1.228484e+01
4.430000e-05	5.194885e-03	-1.205679e+01
4.431000e-05	4.209861e-03	-1.188784e+01
4.432000e-05	1.574200e-03	-1.169694e+01
4.433000e-05	1.484377e-03	-1.147423e+01
4.434000e-05	4.198526e-03	-1.120315e+01
4.435000e-05	3.793389e-03	-1.100220e+01
4.436000e-05	3.716038e-03	-1.082313e+01
4.437000e-05	1.695232e-03	-1.063218e+01
4.438000e-05	2.065200e-03	-1.039215e+01
4.439000e-05	1.300384e-03	-1.017012e+01
4.440000e-05	2.082447e-04	-9.951096e+00
4.441000e-05	-7.110286e-04	-9.728491e+00
4.442000e-05	-4.157841e-04	-9.527866e+00
4.443000e-05	1.269360e-03	-9.244337e+00
4.444000e-05	-5.423176e-04	-9.053709e+00
4.445000e-05	-1.828073e-03	-8.844080e+00
4.446000e-05	-2.557924e-03	-8.571446e+00
4.447000e-05	-6.741449e-04	-8.317364e+00
4.448000e-05	-4.479077e-04	-8.085337e+00
4.449000e-05	-1.730381e-03	-7.834249e+00
4.450000e-05	-3.742578e-03	-7.518341e+00
4.451000e-05	-3.550898e-03	-7.256736e+00
4.452000e-05	-3.351351e-03	-6.991624e+00
4.453000e-05	-3.969208e-03	-6.698362e+00
4.454000e-05	-4.678058e-03	-6.475860e+00
4.455000e-05	-4.200414e-03	-6.231204e+00
4.456000e-05	-3.183712e-03	-5.916969e+00
4.457000e-05	-3.317448e-03	-5.673785e+00
4.458000e-05	-4.190796e-03	-5.402698e+00
4.459000e-05	-6.838384e-03	-5.095287e+00
4.460000e-05	-6.374987e-03	-4.749517e+00
4.461000e-05	-5.216659e-03	-4.464807e+00
4.462000e-05	-6.287650e-03	-4.263178e+00
4.463000e-05	-6.322298e-03	-3.989993e+00
4.464000e-05	-8.131822e-03	-3.685786e+00
4.465000e-05	-6.185779e-03	-3.412153e+00
4.466000e-05	-8.150743e-03	-3.157892e+00
4.467000e-05	-7.053794e-03	-2.820676e+00
4.468000e-05	-8.806234e-03	-2.547468e+00
4.469000e-05	-5.659662e-03	-2.274755e+00
4.470000e-05	-6.226934e-03	-1.938425e+00
4.471000e-05	-8.931174e-03	-1.705833e+00
4.472000e-05	-9.874333e-03	-1.371171e+00
4.473000e-05	-1.001855e-02	-1.033754e+00
4.474000e-05	-7.121003e-03	-7.815947e-01
4.475000e-05	-8.506599e-03	-4.638039e-01
4.476000e-05	-5.987736e-03	-2.095199e-01
4.477000e-05	-1.735598e-03	4.410684e-02
4.478000e-05	5.940066e-03	3.774251e-01
4.479000e-05	-6.324589e-03	6.105803e-01
4.480000e-05	-1.178736e-03	8.935855e-01
4.481000e-05	-7.093971e-03	1.170901e+00
4.482000e-05	8.419933e-04	1.472609e+00
4.483000e-05	-2.826767e-03	1.790527e+00
4.484000e-05	1.426418e-02	2.021005e+00
4.485000e-05	5.408867e-02	2.232111e+00
4.486000e-05	7.512852e-02	2.599806e+00
4.487000e-05	-6.491288e-02	2.916244e+00
4.488000e-05	-4.272276e-02	3.199504e+00
4.489000e-05	-4.031394e-02	3.464193e+00
4.490000e-05	-1.992002e-02	3.779897e+00
4.491000e-05	-6.967128e-02	3.948925e+00
4.492000e-05	9.570586e-03	4.190560e+00
4.493000e-05	1.020742e-01	4.536192e+00
4.494000e-05	-1.060637e-01	4.788904e+00
4.495000e-05	1.214929e-01	5.073158e+00
4.496000e-05	-4.248893e-02	5.391007e+00
4.497000e-05	-5.569587e-02	5.614084e+00
4.498000e-05	4.087259e-02	5.937774e+00
4.499000e-05	-4.652977e-02	6.211030e+00
4.500000e-05	6.690528e-02	6.494163e+00
4.501000e-05	-5.686944e-02	6.750350e+00
4.502000e-05	8.225329e-03	7.011061e+00
4.503000e-05	-1.300591e-02	7.286168e+00
4.504000e-05	-1.476068e-02	7.549879e+00
4.505000e-05	7.779012e-03	7.874089e+00
4.506000e-05	-4.189618e-02	8.149426e+00
4.507000e-05	4.762824e-02	8.382000e+00
4.508000e-05	-1.613605e-02	8.609428e+00
4.509000e-05	-4.734837e-03	8.795532e+00
4.510000e-05	-1.830204e-02	9.075640e+00
4.511000e-05	-4.057882e-02	9.295769e+00
4.512000e-05	2.541372e-02	9.540272e+00
4.513000e-05	-1.017703e-02	9.820878e+00
4.514000e-05	9.967913e-03	1.000253e+01
4.515000e-05	-3.542125e-02	1.026413e+01
4.516000e-05	8.509793e-03	1.047469e+01
4.517000e-05	-1.351187e-02	1.067674e+01
4.518000e-05	-1.572685e-02	1.086629e+01
4.519000e-05	-1.557201e-02	1.108772e+01
4.520000e-05	-1.368282e-02	1.129825e+01
4.521000e-05	1.278725e-02	1.154687e+01
4.522000e-05	-1.750499e-02	1.172785e+01
4.523000e-05	-1.603188e-02	1.189685e+01
4.524000e-05	-2.959703e-02	1.210977e+01
4.525000e-05	7.610578e-04	1.232879e+01
4.526000e-05	-3.493710e-03	1.249622e+01
4.527000e-05	-1.208536e-02	1.265471e+01
4.528000e-05	-2.175095e-02	1.283455e+01
4.529000e-05	-1.696182e-02	1.294156e+01
4.530000e-05	-5.710777e-03	1.318040e+01
4.531000e-05	-2.041187e-02	1.332827e+01
4.532000e-05	-2.200914e-02	1.345469e+01
4.533000e-05	-1.772726e-02	1.360303e+01
4.534000e-05	-8.916661e-04	1.374943e+01
4.535000e-05	-1.102141e-02	1.388844e+01
4.536000e-05	-2.662533e-02	1.405468e+01
4.537000e-05	-2.903627e-02	1.419203e+01
4.538000e-05	-1.764323e-02	1.430842e+01
4.539000e-05	-9.183258e-03	1.443573e+01
4.540000e-05	-2.003757e-02	1.455997e+01
4.541000e-05	-2.438312e-02	1.464614e+01
4.542000e-05	-1.974050e-02	1.474042e+01
4.543000e-05	-1.427864e-02	1.482363e+01
4.544000e-05	-2.204053e-02	1.493884e+01
4.545000e-05	-3.160453e-02	1.499255e+01
4.546000e-05	-2.532663e-02	1.505784e+01
4.547000e-05	-1.802377e-02	1.513045e+01
4.548000e-05	-1.620295e-02	1.519316e+01
4.549000e-05	-3.171588e-02	1.528726e+01
4.550000e-05	-3.456665e-02	1.533988e+01
4.551000e-05	-2.929212e-02	1.537158e+01
4.552000e-05	-2.171213e-02	1.544467e+01
4.553000e-05	-2.873907e-02	1.548784e+01
4.554000e-05	-3.582547e-02	1.553990e+01
4.555000e-05	-3.328064e-02	1.556142e+01
4.556000e-05	-2.890584e-02	1.559060e+01
4.557000e-05	-3.419236e-02	1.559253e+01
4.558000e-05	-4.616345e-02	1.561210e+01
4.559000e-05	-4.562717e-02	1.560258e+01
4.560000e-05	-4.096697e-02	1.561105e+01
4.561000e-05	-3.894600e-02	1.561360e+01
4.562000e-05	-5.185797e-02	1.561253e+01
4.563000e-05	-6.272541e-02	1.558103e+01
4.564000e-05	-6.474097e-02	1.557048e+01
4.565000e-05	-6.977576e-02	1.552884e+01
4.566000e-05	-8.465596e-02	1.547682e+01
4.567000e-05	-1.098430e-01	1.539468e+01
4.568000e-05	-1.349750e-01	1.541110e+01
4.569000e-05	-1.763646e-01	1.532992e+01
4.570000e-05	-2.285967e-01	1.532584e+01
4.571000e-05	-2.489975e-01	1.526568e+01
4.572000e-05	-2.500000e-01	1.516918e+01
4.573000e-05	-2.500000e-01	1.508641e+01
4.574000e-05	-2.302996e-01	1.504365e+01
4.575000e-05	-1.756778e-01	1.493994e+01
4.576000e-05	-1.277154e-01	1.483426e+01
4.577000e-05	-9.045111e-02	1.475995e+01
4.578000e-05	-6.546160e-02	1.464318e+01
4.579000e-05	-5.029370e-02	1.455994e+01
4.580000e-05	-4.924234e-02	1.445423e+01
4.581000e-05	-3.912654e-02	1.430044e+01
4.582000e-05	-3.247476e-02	1.422358e+01
4.583000e-05	-2.417700e-02	1.408376e+01
4.584000e-05	-2.776008e-02	1.393837e+01
4.585000e-05	-2.958227e-02	1.375150e+01
4.586000e-05	-2.093612e-02	1.366526e+01
4.587000e-05	-2.101511e-02	1.345736e+01
4.588000e-05	-1.988971e-02	1.336837e+01
4.589000e-05	-2.466637e-02	1.319108e+01
4.590000e-05	-2.047580e-02	1.299260e+01
4.591000e-05	-1.373494e-02	1.288579e+01
4.592000e-05	-1.388541e-02	1.267584e+01
4.593000e-05	-1.764551e-02	1.251887e+01
4.594000e-05	-1.921930e-02	1.239107e+01
4.595000e-05	-1.538732e-02	1.217150e+01
4.596000e-05	-1.363637e-02	1.199067e+01
4.597000e-05	-1.692173e-02	1.179113e+01
4.598000e-05	-1.922299e-02	1.161260e+01
4.599000e-05	-1.455536e-02	1.136807e+01
4.600000e-05	-9.956944e-03	1.111797e+01
4.601000e-05	-1.095517e-02	1.093199e+01
4.602000e-05	-1.413102e-02	1.077112e+01
4.603000e-05	-1.523308e-02	1.053850e+01
4.604000e-05	-1.162893e-02	1.032734e+01
4.605000e-05	-1.117099e-02	1.009736e+01
4.606000e-05	-1.352657e-02	9.873832e+00
4.607000e-05	-1.475805e-02	9.594232e+00
4.608000e-05	-1.130949e-02	9.402150e+00
4.609000e-05	-8.855030e-03	9.170050e+00
4.610000e-05	-9.873381e-03	8.937567e+00
4.611000e-05	-1.262999e-02	8.697836e+00
4.612000e-05	-1.169619e-02	8.474809e+00
4.613000e-05	-8.632229e-03	8.222202e+00
4.614000e-05	-8.920659e-03	7.948943e+00
4.615000e-05	-1.174820e-02	7.696409e+00
4.616000e-05	-1.312664e-02	7.423729e+00
4.617000e-05	-9.044265e-03	7.140992e+00
4.618000e-05	-7.062609e-03	6.926442e+00
4.619000e-05	-8.885829e-03	6.672305e+00
4.620000e-05	-1.089337e-02	6.349020e+00
4.621000e-05	-8.794480e-03	6.107391e+00
4.622000e-05	-6.404730e-03	5.876856e+00
4.623000e-05	-7.753609e-03	5.589021e+00
4.624000e-05	-1.056767e-02	5.316885e+00
4.625000e-05	-1.065619e-02	4.948050e+00
4.626000e-05	-6.533208e-03	4.644833e+00
4.627000e-05	-5.618285e-03	4.401024e+00
4.628000e-05	-8.054597e-03	4.135966e+00
4.629000e-05	-8.303273e-03	3.841706e+00
4.630000e-05	-7.055138e-03	3.550025e+00
4.631000e-05	-4.931114e-03	3.283808e+00
4.632000e-05	-7.033340e-03	2.991572e+00
4.633000e-05	-9.404723e-03	2.746415e+00
4.634000e-05	-8.524391e-03	2.421125e+00
4.635000e-05	-5.955250e-03	2.126940e+00
4.636000e-05	-5.386644e-03	1.884808e+00
4.637000e-05	-6.965414e-03	1.578016e+00
4.638000e-05	-6.280787e-03	1.272782e+00
4.639000e-05	-4.823570e-03	9.063355e-01
4.640000e-05	-3.007394e-03	6.517550e-01
4.641000e-05	-4.852974e-03	3.585160e-01
4.642000e-05	-4.798502e-03	8.432876e-02
4.643000e-05	-1.349928e-04	-2.095039e-01
4.644000e-05	8.666395e-03	-4.540358e-01
4.645000e-05	-1.969561e-03	-7.369013e-01
4.646000e-05	2.658304e-03	-1.050505e+00
4.647000e-05	-2.159699e-03	-1.376765e+00
4.648000e-05	2.901981e-03	-1.630004e+00
4.649000e-05	8.191705e-03	-1.843036e+00
4.650000e-05	4.750529e-02	-2.125161e+00
4.651000e-05	1.097895e-01	-2.339878e+00
4.652000e-05	-4.696657e-02	-2.749375e+00
4.653000e-05	-2.488126e-02	-3.167878e+00
4.654000e-05	-3.774708e-02	-3.462009e+00
4.655000e-05	-2.638316e-02	-3.646063e+00
4.656000e-05	-9.200937e-02	-3.905268e+00
4.657000e-05	1.141648e-01	-4.085689e+00
4.658000e-05	1.230701e-02	-4.305744e+00
4.659000e-05	-6.171128e-02	-4.662012e+00
4.660000e-05	1.819440e-01	-4.885258e+00
4.661000e-05	-1.538298e-01	-5.222459e+00
4.662000e-05	1.089081e-01	-5.588298e+00
4.663000e-05	-7.494063e-02	-5.788424e+00
4.664000e-05	-3.795342e-03	-6.126196e+00
4.665000e-05	1.123607e-01	-6.346292e+00
4.666000e-05	-1.010449e-01	-6.602485e+00
4.667000e-05	1.189834e-01	-6.947641e+00
4.668000e-05	-1.009584e-01	-7.141424e+00
4.669000e-05	4.857826e-02	-7.484664e+00
4.670000e-05	3.703056e-03	-7.676694e+00
4.671000e-05	-2.723567e-02	-8.002505e+00
4.672000e-05	1.025847e-01	-8.253532e+00
4.673000e-05	-8.596392e-02	-8.446218e+00
4.674000e-05	9.766526e-02	-8.758299e+00
4.675000e-05	-7.635705e-02	-8.990479e+00
4.676000e-05	2.655793e-02	-9.232554e+00
4.677000e-05	1.134919e-03	-9.444083e+00
4.678000e-05	1.252084e-02	-9.656817e+00
4.679000e-05	5.994121e-02	-9.886790e+00
4.680000e-05	-4.059590e-02	-1.011840e+01
4.681000e-05	5.681344e-02	-1.034835e+01
4.682000e-05	-5.671208e-02	-1.059240e+01
4.683000e-05	5.669711e-02	-1.080150e+01
4.684000e-05	-3.177768e-02	-1.101398e+01
4.685000e-05	4.073301e-02	-1.120111e+01
4.686000e-05	-2.203390e-03	-1.145505e+01
4.687000e-05	2.135765e-02	-1.168611e+01
4.688000e-05	8.216801e-03	-1.187454e+01
4.689000e-05	-6.191049e-03	-1.205527e+01
4.690000e-05	1.922353e-02	-1.222406e+01
4.691000e-05	3.463783e-03	-1.241511e+01
4.692000e-05	3.720520e-02	-1.261196e+01
4.693000e-05	-5.905072e-03	-1.278193e+01
4.694000e-05	1.757424e-02	-1.295042e+01
4.695000e-05	-7.466113e-03	-1.313020e+01
4.696000e-05	2.270181e-02	-1.325574e+01
4.697000e-05	2.865694e-03	-1.341200e+01
4.698000e-05	2.307857e-02	-1.356950e+01
4.699000e-05	1.269925e-02	-1.366892e+01
4.700000e-05	2.304466e-02	-1.384674e+01
4.701000e-05	9.287998e-03	-1.396303e+01
4.702000e-05	5.710097e-03	-1.413940e+01
4.703000e-05	5.470461e-03	-1.424616e+01
4.704000e-05	1.646481e-02	-1.438256e+01
4.705000e-05	2.239489e-02	-1.453772e+01
4.706000e-05	1.755575e-02	-1.462561e+01
4.707000e-05	1.682416e-02	-1.468890e+01
4.708000e-05	1.229462e-02	-1.479513e+01
4.709000e-05	2.094491e-02	-1.489734e+01
4.710000e-05	1.365331e-02	-1.496205e+01
4.711000e-05	1.909138e-02	-1.506727e+01
4.712000e-05	1.574118e-02	-1.513850e+01
4.713000e-05	2.596704e-02	-1.525363e+01
4.714000e-05	1.882866e-02	-1.528624e+01
4.715000e-05	1.874381e-02	-1.536087e+01
4.716000e-05	1.447397e-02	-1.538345e+01
4.717000e-05	2.444146e-02	-1.543621e+01
4.718000e-05	2.778214e-02	-1.549742e+01
4.719000e-05	2.676759e-02	-1.555082e+01
4.720000e-05	2.478009e-02	-1.551053e+01
4.721000e-05	2.460177e-02	-1.562211e+01
4.722000e-05	2.883788e-02	-1.562268e+01
4.723000e-05	2.790608e-02	-1.564371e+01
4.724000e-05	2.965051e-02	-1.565526e+01
4.725000e-05	3.310348e-02	-1.565611e+01
4.726000e-05	4.091489e-02	-1.565476e+01
4.727000e-05	4.433615e-02	-1.563316e+01
4.728000e-05	4.458627e-02	-1.561576e+01
4.729000e-05	4.664211e-02	-1.560256e+01
4.730000e-05	5.747715e-02	-1.557258e+01
4.731000e-05	6.853151e-02	-1.558055e+01
4.732000e-05	8.267823e-02	-1.548829e+01
4.733000e-05	1.004388e-01	-1.546679e+01
4.734000e-05	1.335997e-01	-1.544401e+01
4.735000e-05	1.833165e-01	-1.535206e+01
4.736000e-05	2.338094e-01	-1.531982e+01
4.737000e-05	2.495990e-01	-1.524579e+01
4.738000e-05	2.500000e-01	-1.518255e+01
4.739000e-05	2.498993e-01	-1.513885e+01
4.740000e-05	2.208501e-01	-1.499308e+01
4.741000e-05	1.582457e-01	-1.494942e+01
4.742000e-05	1.052490e-01	-1.482474e+01
4.743000e-05	7.652645e-02	-1.478305e+01
4.744000e-05	5.857626e-02	-1.466571e+01
4.745000e-05	4.464180e-02	-1.456000e+01
4.746000e-05	3.342259e-02	-1.439524e+01
4.747000e-05	2.656794e-02	-1.432942e+01
4.748000e-05	2.391197e-02	-1.416360e+01
4.749000e-05	2.105410e-02	-1.405426e+01
4.750000e-05	1.577106e-02	-1.391944e+01
4.751000e-05	1.386321e-02	-1.381158e+01
4.752000e-05	1.412952e-02	-1.361516e+01
4.753000e-05	1.530129e-02	-1.350735e+01
4.754000e-05	1.141911e-02	-1.335949e+01
4.755000e-05	7.732968e-03	-1.320310e+01
4.756000e-05	6.366936e-03	-1.304316e+01
4.757000e-05	7.854444e-03	-1.289731e+01
4.758000e-05	8.090924e-03	-1.269642e+01
4.759000e-05	5.564296e-03	-1.252997e+01
4.760000e-05	5.026781e-03	-1.235055e+01
4.761000e-05	6.368669e-03	-1.220049e+01
4.762000e-05	6.354132e-03	-1.199258e+01
4.763000e-05	3.468580e-03	-1.177107e+01
4.764000e-05	1.253491e-03	-1.155107e+01
4.765000e-05	2.240042e-03	-1.129795e+01
4.766000e-05	3.880490e-03	-1.114739e+01
4.767000e-05	2.882783e-03	-1.093584e+01
4.768000e-05	1.095158e-03	-1.070634e+01
4.769000e-05	1.058808e-03	-1.054792e+01
4.770000e-05	2.633162e-03	-1.026491e+01
4.771000e-05	2.959922e-03	-1.008623e+01
4.772000e-05	6.404556e-04	-9.824710e+00
4.773000e-05	-7.599004e-04	-9.622632e+00
4.774000e-05	-5.144776e-04	-9.382125e+00
4.775000e-05	2.902856e-04	-9.148443e+00
4.776000e-05	-2.351751e-03	-8.949516e+00
4.777000e-05	-2.694468e-03	-8.695890e+00
4.778000e-05	-2.648342e-03	-8.465203e+00
4.779000e-05	-3.821283e-04	-8.180176e+00
4.780000e-05	1.402895e-05	-7.979918e+00
4.781000e-05	-2.435907e-03	-7.674733e+00
4.782000e-05	-3.817501e-03	-7.370602e+00
4.783000e-05	-3.106398e-03	-7.107896e+00
4.784000e-05	-3.693173e-03	-6.873684e+00
4.785000e-05	-5.429524e-03	-6.582100e+00
4.786000e-05	-5.541512e-03	-6.358919e+00
4.787000e-05	-4.066358e-03	-6.045307e+00
4.788000e-05	-4.831669e-03	-5.802600e+00
4.789000e-05	-3.504722e-03	-5.548941e+00
4.790000e-05	-6.436534e-03	-5.221628e+00
4.791000e-05	-5.800109e-03	-4.906362e+00
4.792000e-05	-4.777206e-03	-4.590974e+00
4.793000e-05	-4.140040e-03	-4.359466e+00
4.794000e-05	-6.263855e-03	-4.086885e+00
4.795000e-05	-7.650174e-03	-3.842699e+00
4.796000e-05	-7.207083e-03	-3.526889e+00
4.797000e-05	-8.268175e-03	-3.275208e+00
4.798000e-05	-7.874383e-03	-2.979593e+00
4.799000e-05	-8.384761e-03	-2.654333e+00
4.800000e-05	-6.111258e-03	-2.422075e+00
4.801000e-05	-4.982566e-03	-2.085234e+00
4.802000e-05	-6.145571e-03	-1.821679e+00
4.803000e-05	-9.157306e-03	-1.578490e+00
4.804000e-05	-9.184807e-03	-1.222050e+00
4.805000e-05	-1.047669e-02	-9.148880e-01
4.806000e-05	-8.685278e-03	-6.316287e-01
4.807000e-05	-9.295009e-03	-3.363380e-01
4.808000e-05	-6.393553e-03	-5.423026e-02
4.809000e-05	5.897033e-03	2.419604e-01
4.810000e-05	4.501393e-05	4.946909e-01
4.811000e-05	1.753020e-04	7.172462e-01
4.812000e-05	-3.402059e-03	1.043032e+00
4.813000e-05	-2.929533e-03	1.325721e+00
4.814000e-05	-3.574253e-03	1.704533e+00
4.815000e-05	3.539884e-03	1.906770e+00
4.816000e-05	2.464151e-02	2.136767e+00
4.817000e-05	8.972457e-02	2.390403e+00
4.818000e-05	-4.699319e-03	2.779328e+00
4.819000e-05	-6.200189e-02	3.075641e+00
4.820000e-05	-3.778456e-02	3.339274e+00
4.821000e-05	-2.706205e-02	3.633107e+00
4.822000e-05	-4.890592e-02	3.884590e+00
4.823000e-05	-5.389583e-02	4.095090e+00
4.824000e-05	9.485815e-02	4.349350e+00
4.825000e-05	-1.736158e-02	4.683061e+00
4.826000e-05	-2.029924e-02	4.926846e+00
4.827000e-05	1.114852e-01	5.232588e+00
4.828000e-05	-1.281348e-01	5.548874e+00
4.829000e-05	4.996798e-02	5.853063e+00
4.830000e-05	-3.569311e-02	6.107716e+00
4.831000e-05	2.535497e-02	6.297795e+00
4.832000e-05	1.500876e-02	6.631533e+00
4.833000e-05	-5.624483e-02	6.906718e+00
4.834000e-05	3.513292e-02	7.180320e+00
4.835000e-05	-5.328085e-02	7.453162e+00
4.836000e-05	3.310283e-02	7.727294e+00
4.837000e-05	-4.916375e-02	8.012034e+00
4.838000e-05	1.947376e-02	8.274191e+00
4.839000e-05	2.118340e-02	8.496236e+00
4.840000e-05	-2.569498e-02	8.744795e+00
4.841000e-05	9.430949e-03	8.938875e+00
4.842000e-05	-5.696311e-02	9.201955e+00
4.843000e-05	1.349526e-02	9.434182e+00
4.844000e-05	-5.311869e-03	9.664639e+00
4.845000e-05	1.474730e-02	9.918843e+00
4.846000e-05	-2.540575e-02	1.013733e+01
4.847000e-05	-9.939941e-03	1.035980e+01
4.848000e-05	6.135634e-04	1.055948e+01
4.849000e-05	-2.088502e-02	1.081003e+01
4.850000e-05	-1.212670e-02	1.097145e+01
4.851000e-05	-2.457895e-02	1.120256e+01
4.852000e-05	1.083946e-02	1.139361e+01
4.853000e-05	-7.728906e-03	1.161454e+01
4.854000e-05	-9.984207e-03	1.184311e+01
4.855000e-05	-3.266116e-02	1.201406e+01
4.856000e-05	-7.981674e-03	1.220213e+01
4.857000e-05	-3.673018e-03	1.240351e+01
4.858000e-05	-3.653773e-03	1.259098e+01
4.859000e-05	-2.051722e-02	1.274938e+01
4.860000e-05	-2.092378e-02	1.288929e+01
4.861000e-05	-9.731715e-03	1.308674e+01
4.862000e-05	-1.541392e-02	1.323419e+01
4.863000e-05	-1.983370e-02	1.339260e+01
4.864000e-05	-2.466343e-02	1.354197e+01
4.865000e-05	-3.267651e-03	1.369782e+01
4.866000e-05	-6.659289e-03	1.379566e+01
4.867000e-05	-1.531529e-02	1.396045e+01
4.868000e-05	-3.357252e-02	1.411935e+01
4.869000e-05	-2.274003e-02	1.424634e+01
4.870000e-05	-1.321456e-02	1.438348e+01
4.871000e-05	-1.286609e-02	1.448779e+01
4.872000e-05	-2.225896e-02	1.460405e+01
4.873000e-05	-2.408762e-02	1.469830e+01
4.874000e-05	-1.301035e-02	1.482313e+01
4.875000e-05	-1.965795e-02	1.487684e+01
4.876000e-05	-2.510765e-02	1.496100e+01
4.877000e-05	-3.205711e-02	1.504673e+01
4.878000e-05	-1.896025e-02	1.515042e+01
4.879000e-05	-1.720487e-02	1.521406e+01
4.880000e-05	-2.354499e-02	1.525669e+01
4.881000e-05	-3.580147e-02	1.530782e+01
4.882000e-05	-3.298423e-02	1.536255e+01
4.883000e-05	-2.292866e-02	1.542363e+01
4.884000e-05	-2.510383e-02	1.548619e+01
4.885000e-05	-3.169786e-02	1.552732e+01
4.886000e-05	-3.692520e-02	1.555902e+01
4.887000e-05	-2.955017e-02	1.557110e+01
4.888000e-05	-3.168368e-02	1.558153e+01
4.889000e-05	-4.037578e-02	1.562355e+01
4.890000e-05	-4.745766e-02	1.561258e+01
4.891000e-05	-4.264625e-02	1.562213e+01
4.892000e-05	-3.756924e-02	1.560216e+01
4.893000e-05	-4.618758e-02	1.560250e+01
4.894000e-05	-5.783440e-02	1.558961e+01
4.895000e-05	-6.594052e-02	1.558005e+01
4.896000e-05	-6.441466e-02	1.553050e+01
4.897000e-05	-7.728275e-02	1.552892e+01
4.898000e-05	-9.707912e-02	1.544572e+01
4.899000e-05	-1.228073e-01	1.550419e+01
4.900000e-05	-1.545140e-01	1.536015e+01
4.901000e-05	-2.056605e-01	1.530829e+01
4.902000e-05	-2.420299e-01	1.527629e+01
4.903000e-05	-2.500000e-01	1.519371e+01
4.904000e-05	-2.500000e-01	1.515050e+01
4.905000e-05	-2.466810e-01	1.508532e+01
4.906000e-05	-2.046577e-01	1.500163e+01
4.907000e-05	-1.476050e-01	1.492632e+01
4.908000e-05	-1.066129e-01	1.480210e+01
4.909000e-05	-7.522265e-02	1.468742e+01
4.910000e-05	-5.694566e-02	1.455060e+01
4.911000e-05	-4.974529e-02	1.452837e+01
4.912000e-05	-4.487326e-02	1.436208e+01
4.913000e-05	-3.539155e-02	1.423591e+01
4.914000e-05	-2.733601e-02	1.414995e+01
4.915000e-05	-2.737160e-02	1.402503e+01
4.916000e-05	-2.987411e-02	1.384381e+01
4.917000e-05	-2.674263e-02	1.369944e+01
4.918000e-05	-2.020920e-02	1.355962e+01
4.919000e-05	-1.831123e-02	1.339216e+01
4.920000e-05	-2.201008e-02	1.324634e+01
4.921000e-05	-2.156456e-02	1.312644e+01
4.922000e-05	-1.862531e-02	1.294002e+01
4.923000e-05	-1.470915e-02	1.279108e+01
4.924000e-05	-1.816839e-02	1.261266e+01
4.925000e-05	-2.069824e-02	1.248471e+01
4.926000e-05	-1.707488e-02	1.230571e+01
4.927000e-05	-1.280150e-02	1.208686e+01
4.928000e-05	-1.333658e-02	1.189631e+01
4.929000e-05	-1.773994e-02	1.169586e+01
4.930000e-05	-1.686872e-02	1.145539e+01
4.931000e-05	-1.292643e-02	1.126531e+01
4.932000e-05	-1.082408e-02	1.101531e+01
4.933000e-05	-1.407631e-02	1.086421e+01
4.934000e-05	-1.502270e-02	1.067418e+01
4.935000e-05	-1.313891e-02	1.044265e+01
4.936000e-05	-1.053149e-02	1.021263e+01
4.937000e-05	-1.243063e-02	1.000068e+01
4.938000e-05	-1.475678e-02	9.747991e+00
4.939000e-05	-1.244898e-02	9.498362e+00
4.940000e-05	-9.813447e-03	9.265736e+00
4.941000e-05	-8.965433e-03	8.993335e+00
4.942000e-05	-1.223027e-02	8.812498e+00
4.943000e-05	-1.295854e-02	8.570099e+00
4.944000e-05	-9.716885e-03	8.348495e+00
4.945000e-05	-7.786513e-03	8.097812e+00
4.946000e-05	-9.595874e-03	7.862653e+00
4.947000e-05	-1.119048e-02	7.580073e+00
4.948000e-05	-1.034543e-02	7.315760e+00
4.949000e-05	-7.818337e-03	7.052683e+00
4.950000e-05	-8.438844e-03	6.789020e+00
4.951000e-05	-1.086615e-02	6.475917e+00
4.952000e-05	-1.036290e-02	6.252633e+00
4.953000e-05	-7.422746e-03	6.021072e+00
4.954000e-05	-5.735608e-03	5.674458e+00
4.955000e-05	-9.566556e-03	5.472233e+00
4.956000e-05	-1.042735e-02	5.116467e+00
4.957000e-05	-8.335876e-03	4.779997e+00
4.958000e-05	-6.353592e-03	4.507416e+00
4.959000e-05	-6.674398e-03	4.265701e+00
4.960000e-05	-8.867138e-03	3.969444e+00
4.961000e-05	-7.636153e-03	3.665387e+00
4.962000e-05	-5.554062e-03	3.420678e+00
4.963000e-05	-6.094012e-03	3.145863e+00
4.964000e-05	-7.844222e-03	2.862683e+00
4.965000e-05	-8.062097e-03	2.588547e+00
4.966000e-05	-6.142054e-03	2.244206e+00
4.967000e-05	-5.496456e-03	2.008521e+00
4.968000e-05	-6.203316e-03	1.706409e+00
4.969000e-05	-7.190454e-03	1.429626e+00
4.970000e-05	-6.165065e-03	1.073934e+00
4.971000e-05	-4.247356e-03	8.290434e-01
4.972000e-05	-4.240319e-03	5.038315e-01
4.973000e-05	-4.465838e-03	2.211226e-01
4.974000e-05	-3.107355e-03	-9.421435e-02
4.975000e-05	1.005607e-02	-3.363199e-01
4.976000e-05	2.429599e-04	-6.219293e-01
4.977000e-05	2.151199e-03	-8.961657e-01
4.978000e-05	-2.410486e-03	-1.218746e+00
4.979000e-05	1.365950e-03	-1.443167e+00
4.980000e-05	9.229480e-04	-1.736293e+00
4.981000e-05	2.355533e-02	-1.957374e+00
4.982000e-05	9.752130e-02	-2.211983e+00
4.983000e-05	3.549743e-02	-2.588878e+00
4.984000e-05	-6.163078e-02	-3.021009e+00
4.985000e-05	-1.654398e-02	-3.337746e+00
4.986000e-05	-3.723851e-02	-3.528317e+00
4.987000e-05	-5.228467e-02	-3.819431e+00
4.988000e-05	-2.525031e-02	-4.011428e+00
4.989000e-05	1.631277e-01	-4.169879e+00
4.990000e-05	-1.412637e-01	-4.487542e+00
4.991000e-05	1.220238e-01	-4.759845e+00
4.992000e-05	-3.382276e-02	-4.971955e+00
4.993000e-05	-5.320870e-02	-5.401984e+00
4.994000e-05	9.978260e-02	-5.623608e+00
4.995000e-05	-1.509339e-01	-5.958746e+00
4.996000e-05	1.482068e-01	-6.210527e+00
4.997000e-05	-6.117071e-02	-6.465589e+00
4.998000e-05	2.950629e-02	-6.760374e+00
4.999000e-05	2.793200e-02	-7.031459e+00
