# 260528_14:57:15.097220
t	CH1	CH2
0.000000e+00	-3.889260e-03	4.837780e-01
1.000000e-08	-5.158441e-03	1.819909e-01
2.000000e-08	-4.063742e-03	-7.466560e-02
3.000000e-08	1.005344e-02	-3.378523e-01
4.000000e-08	1.481009e-03	-6.630115e-01
5.000000e-08	4.252340e-03	-9.037682e-01
6.000000e-08	-4.575949e-03	-1.168981e+00
7.000000e-08	1.569573e-03	-1.464645e+00
8.000000e-08	6.175075e-05	-1.745871e+00
9.000000e-08	2.384135e-02	-1.957876e+00
1.000000e-07	9.994043e-02	-2.259416e+00
1.100000e-07	3.677819e-02	-2.609962e+00
1.200000e-07	-7.200397e-02	-3.040886e+00
1.300000e-07	-4.513119e-03	-3.346451e+00
1.400000e-07	-4.325713e-02	-3.557345e+00
1.500000e-07	-4.849259e-02	-3.800011e+00
1.600000e-07	-3.958054e-02	-4.001030e+00
1.700000e-07	1.887014e-01	-4.178980e+00
1.800000e-07	-1.883280e-01	-4.495225e+00
1.900000e-07	1.697665e-01	-4.777479e+00
2.000000e-07	-2.753930e-02	-5.060065e+00
2.100000e-07	-6.541050e-02	-5.450964e+00
2.200000e-07	1.297223e-01	-5.671114e+00
2.300000e-07	-1.871106e-01	-5.938453e+00
2.400000e-07	2.018954e-01	-6.210610e+00
2.500000e-07	-8.943735e-02	-6.443642e+00
2.600000e-07	3.902369e-02	-6.858458e+00
2.700000e-07	3.609991e-02	-7.019163e+00
2.800000e-07	-1.024388e-01	-7.346330e+00
2.900000e-07	1.360963e-01	-7.628531e+00
3.000000e-07	-1.266641e-01	-7.871769e+00
3.100000e-07	1.393559e-01	-8.146924e+00
3.200000e-07	-4.805447e-02	-8.388856e+00
3.300000e-07	1.628479e-02	-8.671242e+00
3.400000e-07	5.099574e-02	-8.873243e+00
3.500000e-07	-1.016268e-01	-9.125351e+00
3.600000e-07	1.031794e-01	-9.336274e+00
3.700000e-07	-8.246061e-02	-9.627534e+00
3.800000e-07	1.272348e-01	-9.788084e+00
3.900000e-07	-6.143316e-02	-1.005096e+01
4.000000e-07	5.752959e-02	-1.031310e+01
4.100000e-07	-2.555196e-02	-1.048182e+01
4.200000e-07	5.621447e-03	-1.074534e+01
4.300000e-07	3.126128e-02	-1.087472e+01
4.400000e-07	-2.786786e-02	-1.115387e+01
4.500000e-07	6.281101e-02	-1.130580e+01
4.600000e-07	-3.378031e-02	-1.155740e+01
4.700000e-07	6.117351e-02	-1.178701e+01
4.800000e-07	-4.072095e-02	-1.200696e+01
4.900000e-07	4.517657e-02	-1.215550e+01
5.000000e-07	-1.413771e-02	-1.234592e+01
5.100000e-07	4.627815e-02	-1.253635e+01
5.200000e-07	5.995279e-04	-1.265380e+01
5.300000e-07	1.187886e-02	-1.292319e+01
5.400000e-07	1.770661e-03	-1.302019e+01
5.500000e-07	8.397883e-03	-1.319858e+01
5.600000e-07	2.018899e-02	-1.335645e+01
5.700000e-07	8.461699e-03	-1.349434e+01
5.800000e-07	2.991298e-02	-1.368011e+01
5.900000e-07	1.129056e-02	-1.383904e+01
6.000000e-07	2.686396e-02	-1.393585e+01
6.100000e-07	-3.016895e-03	-1.409029e+01
6.200000e-07	1.429383e-02	-1.423059e+01
6.300000e-07	5.410595e-03	-1.438590e+01
6.400000e-07	3.007628e-02	-1.449164e+01
6.500000e-07	1.612058e-02	-1.459701e+01
6.600000e-07	2.453009e-02	-1.470274e+01
6.700000e-07	1.098802e-02	-1.480593e+01
6.800000e-07	2.209225e-02	-1.487071e+01
6.900000e-07	1.702600e-02	-1.498545e+01
7.000000e-07	1.889537e-02	-1.503164e+01
7.100000e-07	1.887845e-02	-1.511330e+01
7.200000e-07	2.213341e-02	-1.520860e+01
7.300000e-07	2.556536e-02	-1.531134e+01
7.400000e-07	1.794863e-02	-1.536494e+01
7.500000e-07	1.985442e-02	-1.542655e+01
7.600000e-07	2.141568e-02	-1.547071e+01
7.700000e-07	3.313261e-02	-1.552277e+01
7.800000e-07	3.034361e-02	-1.554347e+01
7.900000e-07	2.972699e-02	-1.559697e+01
8.000000e-07	2.626611e-02	-1.560753e+01
8.100000e-07	3.026161e-02	-1.562806e+01
8.200000e-07	3.223876e-02	-1.565921e+01
8.300000e-07	3.254584e-02	-1.565923e+01
8.400000e-07	3.677614e-02	-1.565124e+01
8.500000e-07	4.500499e-02	-1.568814e+01
8.600000e-07	5.097223e-02	-1.564979e+01
8.700000e-07	5.281440e-02	-1.566016e+01
8.800000e-07	5.302660e-02	-1.563913e+01
8.900000e-07	6.127711e-02	-1.559758e+01
9.000000e-07	7.567005e-02	-1.557542e+01
9.100000e-07	9.290788e-02	-1.556444e+01
9.200000e-07	1.152846e-01	-1.553277e+01
9.300000e-07	1.547140e-01	-1.545971e+01
9.400000e-07	2.172039e-01	-1.543860e+01
9.500000e-07	2.496061e-01	-1.535492e+01
9.600000e-07	2.500000e-01	-1.533226e+01
9.700000e-07	2.500000e-01	-1.525013e+01
9.800000e-07	2.500000e-01	-1.512437e+01
9.900000e-07	2.339892e-01	-1.503216e+01
1.000000e-06	1.614700e-01	-1.499747e+01
1.010000e-06	1.032267e-01	-1.491389e+01
1.020000e-06	7.317650e-02	-1.482818e+01
1.030000e-06	5.598299e-02	-1.474329e+01
1.040000e-06	4.481948e-02	-1.464915e+01
1.050000e-06	3.261990e-02	-1.453384e+01
1.060000e-06	2.719989e-02	-1.438893e+01
1.070000e-06	2.357740e-02	-1.428071e+01
1.080000e-06	2.141547e-02	-1.414432e+01
1.090000e-06	1.632917e-02	-1.402745e+01
1.100000e-06	1.391633e-02	-1.383976e+01
1.110000e-06	1.414837e-02	-1.373379e+01
1.120000e-06	1.563855e-02	-1.354692e+01
1.130000e-06	1.386979e-02	-1.343807e+01
1.140000e-06	9.807614e-03	-1.328068e+01
1.150000e-06	7.498762e-03	-1.310489e+01
1.160000e-06	9.631945e-03	-1.296549e+01
1.170000e-06	9.798627e-03	-1.279800e+01
1.180000e-06	8.081302e-03	-1.263907e+01
1.190000e-06	5.967149e-03	-1.244965e+01
1.200000e-06	6.134088e-03	-1.229155e+01
1.210000e-06	6.522032e-03	-1.206076e+01
1.220000e-06	4.457250e-03	-1.191273e+01
1.230000e-06	2.571536e-03	-1.164373e+01
1.240000e-06	2.932381e-03	-1.146012e+01
1.250000e-06	5.042126e-03	-1.123950e+01
1.260000e-06	4.887276e-03	-1.102860e+01
1.270000e-06	3.171046e-03	-1.079852e+01
1.280000e-06	1.421645e-03	-1.059808e+01
1.290000e-06	2.374094e-03	-1.037844e+01
1.300000e-06	1.785816e-03	-1.015544e+01
1.310000e-06	1.423666e-03	-9.943863e+00
1.320000e-06	-6.820961e-04	-9.725337e+00
1.330000e-06	1.046585e-03	-9.502182e+00
1.340000e-06	1.663656e-03	-9.250155e+00
1.350000e-06	-8.055100e-05	-9.029576e+00
1.360000e-06	-2.056846e-03	-8.817996e+00
1.370000e-06	-2.789716e-03	-8.574364e+00
1.380000e-06	-8.080032e-04	-8.284311e+00
1.390000e-06	5.515223e-05	-8.072203e+00
1.400000e-06	-1.885810e-03	-7.787967e+00
1.410000e-06	-4.408025e-03	-7.533212e+00
1.420000e-06	-2.631390e-03	-7.241693e+00
1.430000e-06	-3.246896e-03	-6.947992e+00
1.440000e-06	-2.284186e-03	-6.692810e+00
1.450000e-06	-5.077347e-03	-6.470178e+00
1.460000e-06	-3.020658e-03	-6.166016e+00
1.470000e-06	-3.489161e-03	-5.934709e+00
1.480000e-06	-2.730733e-03	-5.630202e+00
1.490000e-06	-6.219328e-03	-5.335910e+00
1.500000e-06	-6.675013e-03	-5.090147e+00
1.510000e-06	-5.202368e-03	-4.691881e+00
1.520000e-06	-3.819801e-03	-4.461628e+00
1.530000e-06	-5.138372e-03	-4.211023e+00
1.540000e-06	-6.057194e-03	-3.906415e+00
1.550000e-06	-6.973032e-03	-3.671174e+00
1.560000e-06	-5.849552e-03	-3.387520e+00
1.570000e-06	-7.955804e-03	-3.117207e+00
1.580000e-06	-6.786769e-03	-2.789397e+00
1.590000e-06	-7.598442e-03	-2.515283e+00
1.600000e-06	-5.011452e-03	-2.151075e+00
1.610000e-06	-6.655538e-03	-1.935837e+00
1.620000e-06	-7.847851e-03	-1.672203e+00
1.630000e-06	-9.354384e-03	-1.376937e+00
1.640000e-06	-8.601307e-03	-1.041020e+00
1.650000e-06	-7.476727e-03	-7.468646e-01
1.660000e-06	-8.705846e-03	-4.215751e-01
1.670000e-06	-7.718736e-03	-1.568634e-01
1.680000e-06	-9.046963e-04	8.685073e-02
1.690000e-06	4.806727e-03	4.219604e-01
1.700000e-06	-4.093565e-03	7.031368e-01
1.710000e-06	3.618101e-04	9.248458e-01
1.720000e-06	-3.749915e-03	1.272561e+00
1.730000e-06	1.683303e-03	1.547426e+00
1.740000e-06	-4.998271e-03	1.831508e+00
1.750000e-06	1.678273e-02	2.042136e+00
1.760000e-06	5.528031e-02	2.335193e+00
1.770000e-06	7.722160e-02	2.661560e+00
1.780000e-06	-8.586964e-02	2.967379e+00
1.790000e-06	-3.111871e-02	3.241564e+00
1.800000e-06	-4.247863e-02	3.537425e+00
1.810000e-06	-1.448529e-02	3.800055e+00
1.820000e-06	-8.024423e-02	3.999480e+00
1.830000e-06	2.031695e-02	4.262264e+00
1.840000e-06	1.067920e-01	4.588901e+00
1.850000e-06	-1.333197e-01	4.843058e+00
1.860000e-06	1.581081e-01	5.144847e+00
1.870000e-06	-8.021191e-02	5.431681e+00
1.880000e-06	-3.743369e-02	5.693765e+00
1.890000e-06	4.238180e-02	6.029531e+00
1.900000e-06	-5.732666e-02	6.261587e+00
1.910000e-06	8.243519e-02	6.544770e+00
1.920000e-06	-7.799180e-02	6.830585e+00
1.930000e-06	2.002087e-02	7.052738e+00
1.940000e-06	-2.196501e-02	7.357378e+00
1.950000e-06	-1.227968e-02	7.659106e+00
1.960000e-06	7.235987e-03	7.914295e+00
1.970000e-06	-4.833755e-02	8.248529e+00
1.980000e-06	6.152200e-02	8.440532e+00
1.990000e-06	-2.941958e-02	8.670581e+00
2.000000e-06	-6.314587e-04	8.893588e+00
2.010000e-06	-2.219922e-02	9.126347e+00
2.020000e-06	-4.443023e-02	9.396375e+00
2.030000e-06	3.077214e-02	9.607406e+00
2.040000e-06	-1.976377e-02	9.820133e+00
2.050000e-06	1.321816e-02	1.008371e+01
2.060000e-06	-4.187073e-02	1.032171e+01
2.070000e-06	1.539502e-02	1.051534e+01
2.080000e-06	-1.790976e-02	1.071434e+01
2.090000e-06	-1.795177e-02	1.096332e+01
2.100000e-06	-1.687213e-02	1.108587e+01
2.110000e-06	-1.654245e-02	1.138490e+01
2.120000e-06	1.461741e-02	1.163745e+01
2.130000e-06	-2.297522e-02	1.179545e+01
2.140000e-06	-1.383180e-02	1.197755e+01
2.150000e-06	-3.163179e-02	1.216693e+01
2.160000e-06	4.772814e-03	1.236687e+01
2.170000e-06	-7.007299e-03	1.256487e+01
2.180000e-06	-1.348752e-02	1.271379e+01
2.190000e-06	-2.460431e-02	1.289174e+01
2.200000e-06	-1.784010e-02	1.303318e+01
2.210000e-06	-6.374279e-03	1.323603e+01
2.220000e-06	-2.336930e-02	1.339634e+01
2.230000e-06	-2.182227e-02	1.354375e+01
2.240000e-06	-1.873829e-02	1.368971e+01
2.250000e-06	-6.827545e-04	1.381900e+01
2.260000e-06	-1.260609e-02	1.394482e+01
2.270000e-06	-2.917271e-02	1.411524e+01
2.280000e-06	-2.837681e-02	1.428069e+01
2.290000e-06	-1.850145e-02	1.434547e+01
2.300000e-06	-8.394906e-03	1.454224e+01
2.310000e-06	-2.361170e-02	1.465745e+01
2.320000e-06	-2.662684e-02	1.472334e+01
2.330000e-06	-2.243933e-02	1.480800e+01
2.340000e-06	-1.491637e-02	1.490126e+01
2.350000e-06	-2.395279e-02	1.495687e+01
2.360000e-06	-3.278344e-02	1.505110e+01
2.370000e-06	-2.667041e-02	1.513322e+01
2.380000e-06	-1.964308e-02	1.518758e+01
2.390000e-06	-1.897435e-02	1.531064e+01
2.400000e-06	-3.631032e-02	1.534337e+01
2.410000e-06	-3.753994e-02	1.537788e+01
2.420000e-06	-3.199184e-02	1.545855e+01
2.430000e-06	-2.391243e-02	1.548074e+01
2.440000e-06	-3.348288e-02	1.553437e+01
2.450000e-06	-3.987545e-02	1.555547e+01
2.460000e-06	-3.529936e-02	1.558647e+01
2.470000e-06	-3.225494e-02	1.561650e+01
2.480000e-06	-3.750666e-02	1.563800e+01
2.490000e-06	-5.259568e-02	1.565958e+01
2.500000e-06	-5.015666e-02	1.562908e+01
2.510000e-06	-4.715702e-02	1.561711e+01
2.520000e-06	-4.652654e-02	1.562911e+01
2.530000e-06	-6.308342e-02	1.565853e+01
2.540000e-06	-7.285559e-02	1.567700e+01
2.550000e-06	-7.485280e-02	1.559844e+01
2.560000e-06	-8.295995e-02	1.552539e+01
2.570000e-06	-1.044926e-01	1.550376e+01
2.580000e-06	-1.415529e-01	1.552216e+01
2.590000e-06	-1.822760e-01	1.541955e+01
2.600000e-06	-2.376017e-01	1.538497e+01
2.610000e-06	-2.499995e-01	1.535286e+01
2.620000e-06	-2.500000e-01	1.529070e+01
2.630000e-06	-2.500000e-01	1.520805e+01
2.640000e-06	-2.492847e-01	1.515389e+01
2.650000e-06	-2.131802e-01	1.505966e+01
2.660000e-06	-1.449699e-01	1.496497e+01
2.670000e-06	-1.066918e-01	1.490971e+01
2.680000e-06	-7.543677e-02	1.476584e+01
2.690000e-06	-5.523820e-02	1.469269e+01
2.700000e-06	-4.439662e-02	1.459496e+01
2.710000e-06	-4.517508e-02	1.445966e+01
2.720000e-06	-3.755761e-02	1.436544e+01
2.730000e-06	-2.935775e-02	1.423905e+01
2.740000e-06	-2.422446e-02	1.412123e+01
2.750000e-06	-2.845452e-02	1.393289e+01
2.760000e-06	-2.908863e-02	1.378695e+01
2.770000e-06	-2.354102e-02	1.365013e+01
2.780000e-06	-1.894808e-02	1.349318e+01
2.790000e-06	-2.098974e-02	1.333452e+01
2.800000e-06	-2.380377e-02	1.318894e+01
2.810000e-06	-2.243509e-02	1.302963e+01
2.820000e-06	-1.727984e-02	1.291179e+01
2.830000e-06	-1.677386e-02	1.273326e+01
2.840000e-06	-2.025927e-02	1.254541e+01
2.850000e-06	-2.095689e-02	1.237684e+01
2.860000e-06	-1.538728e-02	1.218692e+01
2.870000e-06	-1.375901e-02	1.199797e+01
2.880000e-06	-1.582000e-02	1.182747e+01
2.890000e-06	-1.979923e-02	1.160895e+01
2.900000e-06	-1.736318e-02	1.140694e+01
2.910000e-06	-1.253055e-02	1.115649e+01
2.920000e-06	-1.270841e-02	1.096694e+01
2.930000e-06	-1.563893e-02	1.076494e+01
2.940000e-06	-1.621140e-02	1.056741e+01
2.950000e-06	-1.101833e-02	1.030131e+01
2.960000e-06	-1.146401e-02	1.007433e+01
2.970000e-06	-1.330278e-02	9.860128e+00
2.980000e-06	-1.552397e-02	9.648124e+00
2.990000e-06	-1.303142e-02	9.398073e+00
3.000000e-06	-1.070632e-02	9.217939e+00
3.010000e-06	-1.145580e-02	8.936433e+00
3.020000e-06	-1.356841e-02	8.703711e+00
3.030000e-06	-1.300904e-02	8.499129e+00
3.040000e-06	-8.726167e-03	8.207070e+00
3.050000e-06	-9.149069e-03	7.985416e+00
3.060000e-06	-1.080059e-02	7.723762e+00
3.070000e-06	-1.224881e-02	7.428149e+00
3.080000e-06	-1.033339e-02	7.145012e+00
3.090000e-06	-8.534537e-03	6.924733e+00
3.100000e-06	-9.839904e-03	6.679652e+00
3.110000e-06	-1.229935e-02	6.326962e+00
3.120000e-06	-1.057418e-02	6.125282e+00
3.130000e-06	-7.536241e-03	5.852116e+00
3.140000e-06	-7.764235e-03	5.567438e+00
3.150000e-06	-1.005045e-02	5.312753e+00
3.160000e-06	-1.055494e-02	4.995384e+00
3.170000e-06	-8.424323e-03	4.641098e+00
3.180000e-06	-7.492483e-03	4.399418e+00
3.190000e-06	-8.365755e-03	4.104302e+00
3.200000e-06	-1.018530e-02	3.859571e+00
3.210000e-06	-8.292220e-03	3.577915e+00
3.220000e-06	-6.161648e-03	3.270622e+00
3.230000e-06	-6.820743e-03	2.967920e+00
3.240000e-06	-9.150559e-03	2.705759e+00
3.250000e-06	-8.614139e-03	2.388938e+00
3.260000e-06	-6.923611e-03	2.085333e+00
3.270000e-06	-5.114911e-03	1.862148e+00
3.280000e-06	-5.975012e-03	1.565388e+00
3.290000e-06	-7.817547e-03	1.253076e+00
3.300000e-06	-6.178931e-03	9.342330e-01
3.310000e-06	-5.221526e-03	6.105950e-01
3.320000e-06	-5.922718e-03	3.683834e-01
3.330000e-06	-4.987543e-03	5.209500e-02
3.340000e-06	1.847971e-03	-2.210090e-01
3.350000e-06	1.065057e-02	-4.822134e-01
3.360000e-06	-2.614514e-03	-8.005051e-01
3.370000e-06	3.316713e-03	-1.052110e+00
3.380000e-06	-4.497156e-03	-1.306882e+00
3.390000e-06	1.721587e-03	-1.641059e+00
3.400000e-06	8.063514e-03	-1.862116e+00
3.410000e-06	5.378125e-02	-2.103318e+00
3.420000e-06	1.192636e-01	-2.421534e+00
3.430000e-06	-7.297074e-02	-2.790064e+00
3.440000e-06	-1.273770e-02	-3.229989e+00
3.450000e-06	-4.567048e-02	-3.441613e+00
3.460000e-06	-1.744735e-02	-3.652143e+00
3.470000e-06	-1.025169e-01	-3.936375e+00
3.480000e-06	1.467399e-01	-4.104715e+00
3.490000e-06	-1.540909e-02	-4.307325e+00
3.500000e-06	-4.654108e-02	-4.714717e+00
3.510000e-06	1.794130e-01	-4.883719e+00
3.520000e-06	-2.051505e-01	-5.284118e+00
3.530000e-06	1.651610e-01	-5.576400e+00
3.540000e-06	-1.150834e-01	-5.789058e+00
3.550000e-06	2.334069e-02	-6.126217e+00
3.560000e-06	1.093423e-01	-6.366850e+00
3.570000e-06	-1.229920e-01	-6.661092e+00
3.580000e-06	1.514446e-01	-6.905823e+00
3.590000e-06	-1.369970e-01	-7.219611e+00
3.600000e-06	8.644533e-02	-7.493221e+00
3.610000e-06	-1.906500e-02	-7.715324e+00
3.620000e-06	-1.928682e-02	-8.060540e+00
3.630000e-06	1.159405e-01	-8.230189e+00
3.640000e-06	-1.140624e-01	-8.532716e+00
3.650000e-06	1.357040e-01	-8.798479e+00
3.660000e-06	-1.123152e-01	-9.010584e+00
3.670000e-06	5.883201e-02	-9.221564e+00
3.680000e-06	-1.320164e-02	-9.442218e+00
3.690000e-06	2.388559e-02	-9.703371e+00
3.700000e-06	5.972689e-02	-9.884845e+00
3.710000e-06	-5.397282e-02	-1.016801e+01
3.720000e-06	7.493668e-02	-1.039851e+01
3.730000e-06	-7.631542e-02	-1.064958e+01
3.740000e-06	8.351050e-02	-1.083003e+01
3.750000e-06	-5.308477e-02	-1.100954e+01
3.760000e-06	6.257886e-02	-1.124996e+01
3.770000e-06	-1.502665e-02	-1.149164e+01
3.780000e-06	3.260757e-02	-1.167122e+01
3.790000e-06	3.599896e-04	-1.188122e+01
3.800000e-06	-3.221118e-03	-1.212327e+01
3.810000e-06	2.373534e-02	-1.227109e+01
3.820000e-06	3.291127e-03	-1.248114e+01
3.830000e-06	4.290222e-02	-1.257858e+01
3.840000e-06	-1.356611e-02	-1.280806e+01
3.850000e-06	2.582952e-02	-1.299747e+01
3.860000e-06	-1.155087e-02	-1.314535e+01
3.870000e-06	3.077649e-02	-1.329119e+01
3.880000e-06	-1.523276e-03	-1.342906e+01
3.890000e-06	3.020300e-02	-1.361793e+01
3.900000e-06	1.053469e-02	-1.376327e+01
3.910000e-06	2.767750e-02	-1.392221e+01
3.920000e-06	4.561432e-03	-1.404905e+01
3.930000e-06	1.031031e-02	-1.414547e+01
3.940000e-06	6.223624e-03	-1.431279e+01
3.950000e-06	2.147360e-02	-1.442908e+01
3.960000e-06	2.212450e-02	-1.456640e+01
3.970000e-06	1.940540e-02	-1.467018e+01
3.980000e-06	1.787988e-02	-1.474383e+01
3.990000e-06	1.353124e-02	-1.485008e+01
4.000000e-06	2.399398e-02	-1.493435e+01
4.010000e-06	1.401063e-02	-1.504861e+01
4.020000e-06	2.235897e-02	-1.511169e+01
4.030000e-06	1.720633e-02	-1.516593e+01
4.040000e-06	2.977508e-02	-1.523914e+01
4.050000e-06	1.883461e-02	-1.531229e+01
4.060000e-06	2.131798e-02	-1.536652e+01
4.070000e-06	1.681756e-02	-1.541910e+01
4.080000e-06	2.904265e-02	-1.548219e+01
4.090000e-06	3.105482e-02	-1.555334e+01
4.100000e-06	2.975467e-02	-1.554584e+01
4.110000e-06	2.818962e-02	-1.560600e+01
4.120000e-06	2.884534e-02	-1.565765e+01
4.130000e-06	3.332015e-02	-1.563858e+01
4.140000e-06	3.226339e-02	-1.563976e+01
4.150000e-06	3.503091e-02	-1.568163e+01
4.160000e-06	3.898139e-02	-1.566971e+01
4.170000e-06	4.821330e-02	-1.569074e+01
4.180000e-06	5.163964e-02	-1.567024e+01
4.190000e-06	5.190662e-02	-1.563664e+01
4.200000e-06	5.673624e-02	-1.559806e+01
4.210000e-06	6.914865e-02	-1.559603e+01
4.220000e-06	8.515318e-02	-1.558548e+01
4.230000e-06	1.034446e-01	-1.552432e+01
4.240000e-06	1.329035e-01	-1.548173e+01
4.250000e-06	1.860538e-01	-1.543063e+01
4.260000e-06	2.419453e-01	-1.536807e+01
4.270000e-06	2.500000e-01	-1.535284e+01
4.280000e-06	2.500000e-01	-1.529918e+01
4.290000e-06	2.500000e-01	-1.517853e+01
4.300000e-06	2.475866e-01	-1.511376e+01
4.310000e-06	2.003510e-01	-1.503913e+01
4.320000e-06	1.263946e-01	-1.497586e+01
4.330000e-06	8.760644e-02	-1.489116e+01
4.340000e-06	6.366790e-02	-1.477700e+01
4.350000e-06	4.957265e-02	-1.470064e+01
4.360000e-06	3.891936e-02	-1.454590e+01
4.370000e-06	2.557633e-02	-1.450011e+01
4.380000e-06	2.478641e-02	-1.432419e+01
4.390000e-06	1.945739e-02	-1.420710e+01
4.400000e-06	2.002071e-02	-1.406076e+01
4.410000e-06	1.557000e-02	-1.394382e+01
4.420000e-06	1.558331e-02	-1.378655e+01
4.430000e-06	1.554679e-02	-1.364010e+01
4.440000e-06	1.477039e-02	-1.352174e+01
4.450000e-06	1.003991e-02	-1.334541e+01
4.460000e-06	7.418087e-03	-1.318697e+01
4.470000e-06	6.769809e-03	-1.304873e+01
4.480000e-06	1.102995e-02	-1.289271e+01
4.490000e-06	9.079572e-03	-1.270326e+01
4.500000e-06	8.870307e-03	-1.252491e+01
4.510000e-06	6.699426e-03	-1.237634e+01
4.520000e-06	6.856193e-03	-1.218786e+01
4.530000e-06	5.205199e-03	-1.199652e+01
4.540000e-06	2.902879e-03	-1.179707e+01
4.550000e-06	3.523805e-03	-1.157492e+01
4.560000e-06	3.208349e-03	-1.131431e+01
4.570000e-06	4.609265e-03	-1.113139e+01
4.580000e-06	3.588596e-03	-1.092178e+01
4.590000e-06	2.399109e-03	-1.068436e+01
4.600000e-06	2.582535e-03	-1.050429e+01
4.610000e-06	2.735252e-03	-1.027218e+01
4.620000e-06	1.616082e-03	-1.002870e+01
4.630000e-06	5.544711e-04	-9.829048e+00
4.640000e-06	-2.899356e-04	-9.628493e+00
4.650000e-06	-1.044353e-03	-9.376391e+00
4.660000e-06	4.339913e-04	-9.115238e+00
4.670000e-06	-7.833463e-04	-8.964336e+00
4.680000e-06	-8.408139e-04	-8.651705e+00
4.690000e-06	-7.096130e-04	-8.419601e+00
4.700000e-06	-1.028096e-03	-8.198443e+00
4.710000e-06	-1.550784e-03	-7.935285e+00
4.720000e-06	-3.106115e-03	-7.691623e+00
4.730000e-06	-4.427379e-03	-7.344867e+00
4.740000e-06	-2.792156e-03	-7.154740e+00
4.750000e-06	-3.207081e-03	-6.839673e+00
4.760000e-06	-2.788726e-03	-6.566966e+00
4.770000e-06	-4.310890e-03	-6.325341e+00
4.780000e-06	-3.470636e-03	-6.010100e+00
4.790000e-06	-5.421692e-03	-5.768915e+00
4.800000e-06	-3.716615e-03	-5.493708e+00
4.810000e-06	-6.783775e-03	-5.168542e+00
4.820000e-06	-4.866719e-03	-4.882633e+00
4.830000e-06	-5.197917e-03	-4.576916e+00
4.840000e-06	-4.386845e-03	-4.336415e+00
4.850000e-06	-6.370058e-03	-4.070731e+00
4.860000e-06	-8.041866e-03	-3.809041e+00
4.870000e-06	-6.768202e-03	-3.504259e+00
4.880000e-06	-7.168402e-03	-3.241649e+00
4.890000e-06	-6.159631e-03	-2.953834e+00
4.900000e-06	-7.618328e-03	-2.681677e+00
4.910000e-06	-5.675498e-03	-2.398922e+00
4.920000e-06	-6.695840e-03	-2.041673e+00
4.930000e-06	-6.408472e-03	-1.819045e+00
4.940000e-06	-9.694832e-03	-1.476732e+00
4.950000e-06	-8.526887e-03	-1.167385e+00
4.960000e-06	-9.136409e-03	-9.036019e-01
4.970000e-06	-7.993039e-03	-5.889898e-01
4.980000e-06	-7.901354e-03	-3.152793e-01
4.990000e-06	-6.354398e-03	-7.162132e-02
5.000000e-06	6.813151e-03	3.147645e-01
5.010000e-06	-1.948026e-03	5.472984e-01
5.020000e-06	8.463313e-04	7.788501e-01
5.030000e-06	-4.612637e-03	1.105262e+00
5.040000e-06	-2.401122e-03	1.369602e+00
5.050000e-06	-4.174489e-03	1.684821e+00
5.060000e-06	5.486216e-03	1.945798e+00
5.070000e-06	2.604931e-02	2.148375e+00
5.080000e-06	9.930987e-02	2.452714e+00
5.090000e-06	-2.257464e-02	2.820535e+00
5.100000e-06	-6.209975e-02	3.136793e+00
5.110000e-06	-3.769068e-02	3.400409e+00
5.120000e-06	-2.536865e-02	3.705768e+00
5.130000e-06	-5.243031e-02	3.915421e+00
5.140000e-06	-5.287423e-02	4.146292e+00
5.150000e-06	1.112221e-01	4.400537e+00
5.160000e-06	-3.837411e-02	4.724770e+00
5.170000e-06	-7.495674e-03	4.957426e+00
5.180000e-06	1.159880e-01	5.311671e+00
5.190000e-06	-1.582104e-01	5.590480e+00
5.200000e-06	8.011393e-02	5.852637e+00
5.210000e-06	-5.837932e-02	6.156899e+00
5.220000e-06	4.044016e-02	6.366905e+00
5.230000e-06	7.377075e-03	6.682796e+00
5.240000e-06	-6.526993e-02	6.948426e+00
5.250000e-06	4.742771e-02	7.210033e+00
5.260000e-06	-6.655141e-02	7.493295e+00
5.270000e-06	4.935040e-02	7.797502e+00
5.280000e-06	-6.832618e-02	8.112290e+00
5.290000e-06	3.526518e-02	8.315765e+00
5.300000e-06	1.512437e-02	8.527800e+00
5.310000e-06	-3.349828e-02	8.745454e+00
5.320000e-06	1.456206e-02	9.028535e+00
5.330000e-06	-6.951285e-02	9.262163e+00
5.340000e-06	2.734668e-02	9.471766e+00
5.350000e-06	-1.415351e-02	9.754793e+00
5.360000e-06	1.995475e-02	9.945377e+00
5.370000e-06	-3.685477e-02	1.021845e+01
5.380000e-06	-4.274350e-03	1.042798e+01
5.390000e-06	-2.831905e-03	1.062000e+01
5.400000e-06	-2.365766e-02	1.087951e+01
5.410000e-06	-1.171362e-02	1.103161e+01
5.420000e-06	-2.697096e-02	1.127159e+01
5.430000e-06	1.874532e-02	1.153217e+01
5.440000e-06	-1.526819e-02	1.170374e+01
5.450000e-06	-7.234302e-03	1.187274e+01
5.460000e-06	-4.108967e-02	1.211272e+01
5.470000e-06	-3.699481e-03	1.226121e+01
5.480000e-06	-8.981122e-03	1.247114e+01
5.490000e-06	-4.923731e-03	1.264851e+01
5.500000e-06	-2.197437e-02	1.279801e+01
5.510000e-06	-2.025607e-02	1.296635e+01
5.520000e-06	-4.688239e-03	1.311384e+01
5.530000e-06	-1.732900e-02	1.332266e+01
5.540000e-06	-1.874654e-02	1.343218e+01
5.550000e-06	-3.038845e-02	1.362645e+01
5.560000e-06	-1.781462e-03	1.376484e+01
5.570000e-06	-1.224994e-02	1.389161e+01
5.580000e-06	-1.577844e-02	1.403853e+01
5.590000e-06	-3.591461e-02	1.422643e+01
5.600000e-06	-1.883141e-02	1.431431e+01
5.610000e-06	-1.215741e-02	1.444053e+01
5.620000e-06	-1.467784e-02	1.454435e+01
5.630000e-06	-2.605417e-02	1.470121e+01
5.640000e-06	-2.937643e-02	1.476545e+01
5.650000e-06	-1.321668e-02	1.483958e+01
5.660000e-06	-2.303378e-02	1.492294e+01
5.670000e-06	-2.544624e-02	1.498952e+01
5.680000e-06	-3.499693e-02	1.511174e+01
5.690000e-06	-1.818960e-02	1.516587e+01
5.700000e-06	-1.913550e-02	1.523811e+01
5.710000e-06	-2.575895e-02	1.527326e+01
5.720000e-06	-3.972040e-02	1.537500e+01
5.730000e-06	-3.683946e-02	1.541910e+01
5.740000e-06	-2.446673e-02	1.547118e+01
5.750000e-06	-2.982933e-02	1.552326e+01
5.760000e-06	-3.564260e-02	1.558539e+01
5.770000e-06	-4.081340e-02	1.555447e+01
5.780000e-06	-3.074745e-02	1.558548e+01
5.790000e-06	-3.552982e-02	1.558800e+01
5.800000e-06	-4.478686e-02	1.563853e+01
5.810000e-06	-5.329433e-02	1.566010e+01
5.820000e-06	-4.905000e-02	1.565816e+01
5.830000e-06	-4.388789e-02	1.569013e+01
5.840000e-06	-5.549961e-02	1.565910e+01
5.850000e-06	-6.784595e-02	1.565758e+01
5.860000e-06	-7.667822e-02	1.562803e+01
5.870000e-06	-7.639496e-02	1.553539e+01
5.880000e-06	-9.225686e-02	1.553534e+01
5.890000e-06	-1.211480e-01	1.550229e+01
5.900000e-06	-1.619022e-01	1.547114e+01
5.910000e-06	-2.143923e-01	1.534750e+01
5.920000e-06	-2.492245e-01	1.535341e+01
5.930000e-06	-2.500000e-01	1.526178e+01
5.940000e-06	-2.500000e-01	1.527715e+01
5.950000e-06	-2.500000e-01	1.518592e+01
5.960000e-06	-2.384992e-01	1.517326e+01
5.970000e-06	-1.730736e-01	1.500608e+01
5.980000e-06	-1.217087e-01	1.493487e+01
5.990000e-06	-9.060174e-02	1.480810e+01
6.000000e-06	-6.287089e-02	1.473431e+01
6.010000e-06	-4.810219e-02	1.461890e+01
6.020000e-06	-4.412932e-02	1.453231e+01
6.030000e-06	-4.316546e-02	1.439953e+01
6.040000e-06	-3.407343e-02	1.430274e+01
6.050000e-06	-2.541811e-02	1.415492e+01
6.060000e-06	-2.525709e-02	1.400750e+01
6.070000e-06	-2.873827e-02	1.385010e+01
6.080000e-06	-2.679335e-02	1.371281e+01
6.090000e-06	-1.980952e-02	1.358692e+01
6.100000e-06	-1.850281e-02	1.344862e+01
6.110000e-06	-2.360289e-02	1.330273e+01
6.120000e-06	-2.458456e-02	1.312431e+01
6.130000e-06	-1.995054e-02	1.295589e+01
6.140000e-06	-1.428432e-02	1.280597e+01
6.150000e-06	-1.851160e-02	1.259812e+01
6.160000e-06	-2.152311e-02	1.248263e+01
6.170000e-06	-1.803927e-02	1.227118e+01
6.180000e-06	-1.317353e-02	1.207228e+01
6.190000e-06	-1.353445e-02	1.190281e+01
6.200000e-06	-2.030095e-02	1.171226e+01
6.210000e-06	-1.865525e-02	1.147220e+01
6.220000e-06	-1.539122e-02	1.129015e+01
6.230000e-06	-1.135545e-02	1.107013e+01
6.240000e-06	-1.483249e-02	1.087215e+01
6.250000e-06	-1.698736e-02	1.063013e+01
6.260000e-06	-1.352024e-02	1.040910e+01
6.270000e-06	-1.121490e-02	1.020805e+01
6.280000e-06	-1.193474e-02	9.987416e+00
6.290000e-06	-1.582905e-02	9.715913e+00
6.300000e-06	-1.371701e-02	9.494860e+00
6.310000e-06	-1.124201e-02	9.292386e+00
6.320000e-06	-1.023376e-02	9.041125e+00
6.330000e-06	-1.375863e-02	8.780645e+00
6.340000e-06	-1.430769e-02	8.577464e+00
6.350000e-06	-1.040266e-02	8.323315e+00
6.360000e-06	-8.113011e-03	8.101253e+00
6.370000e-06	-1.022477e-02	7.820598e+00
6.380000e-06	-1.266881e-02	7.558937e+00
6.390000e-06	-1.146080e-02	7.292276e+00
6.400000e-06	-9.699956e-03	7.009521e+00
6.410000e-06	-9.893673e-03	6.777414e+00
6.420000e-06	-1.164070e-02	6.492303e+00
6.430000e-06	-1.096070e-02	6.250100e+00
6.440000e-06	-8.414271e-03	5.989015e+00
6.450000e-06	-7.235201e-03	5.713282e+00
6.460000e-06	-8.762012e-03	5.440571e+00
6.470000e-06	-1.153934e-02	5.153729e+00
6.480000e-06	-9.558465e-03	4.818444e+00
6.490000e-06	-7.567340e-03	4.523909e+00
6.500000e-06	-7.529899e-03	4.260624e+00
6.510000e-06	-9.806718e-03	3.956338e+00
6.520000e-06	-9.204067e-03	3.662732e+00
6.530000e-06	-6.785338e-03	3.399490e+00
6.540000e-06	-5.719253e-03	3.135803e+00
6.550000e-06	-8.157024e-03	2.853150e+00
6.560000e-06	-9.928831e-03	2.533862e+00
6.570000e-06	-7.438789e-03	2.280574e+00
6.580000e-06	-6.181136e-03	2.009962e+00
6.590000e-06	-6.416490e-03	1.654678e+00
6.600000e-06	-8.464251e-03	1.388994e+00
6.610000e-06	-7.049107e-03	1.092703e+00
6.620000e-06	-4.566179e-03	7.569607e-01
6.630000e-06	-5.115641e-03	4.536992e-01
6.640000e-06	-4.838854e-03	1.794609e-01
6.650000e-06	-3.752398e-03	-1.242945e-01
6.660000e-06	1.055598e-02	-3.778998e-01
6.670000e-06	-1.905304e-03	-6.236891e-01
6.680000e-06	3.928121e-03	-9.172457e-01
6.690000e-06	-4.983168e-03	-1.160004e+00
6.700000e-06	3.493375e-03	-1.514275e+00
6.710000e-06	4.006627e-04	-1.716376e+00
6.720000e-06	2.758882e-02	-1.977879e+00
6.730000e-06	1.050876e-01	-2.221116e+00
6.740000e-06	2.328538e-02	-2.607562e+00
6.750000e-06	-6.790724e-02	-3.051063e+00
6.760000e-06	-9.078131e-03	-3.356976e+00
6.770000e-06	-3.961941e-02	-3.557852e+00
6.780000e-06	-5.515155e-02	-3.789839e+00
6.790000e-06	-1.841515e-02	-4.031083e+00
6.800000e-06	1.770443e-01	-4.199053e+00
6.810000e-06	-1.908189e-01	-4.495297e+00
6.820000e-06	1.909063e-01	-4.788455e+00
6.830000e-06	-5.836932e-02	-5.021614e+00
6.840000e-06	-3.440044e-02	-5.461239e+00
6.850000e-06	1.040713e-01	-5.664167e+00
6.860000e-06	-1.744774e-01	-6.008433e+00
6.870000e-06	2.075330e-01	-6.200634e+00
6.880000e-06	-1.066435e-01	-6.503721e+00
6.890000e-06	6.188015e-02	-6.821512e+00
6.900000e-06	1.401798e-02	-7.042267e+00
6.910000e-06	-8.399333e-02	-7.388930e+00
6.920000e-06	1.281909e-01	-7.638006e+00
6.930000e-06	-1.275384e-01	-7.903797e+00
6.940000e-06	1.491021e-01	-8.197926e+00
6.950000e-06	-6.775467e-02	-8.387431e+00
6.960000e-06	3.654319e-02	-8.672768e+00
6.970000e-06	3.317875e-02	-8.924294e+00
6.980000e-06	-8.613237e-02	-9.146930e+00
6.990000e-06	9.844597e-02	-9.386394e+00
7.000000e-06	-7.922143e-02	-9.608505e+00
7.010000e-06	1.295088e-01	-9.820504e+00
7.020000e-06	-7.244965e-02	-1.003009e+01
7.030000e-06	6.691787e-02	-1.025167e+01
7.040000e-06	-3.831925e-02	-1.051582e+01
7.050000e-06	1.907823e-02	-1.074537e+01
7.060000e-06	2.043556e-02	-1.091372e+01
7.070000e-06	-1.790942e-02	-1.114487e+01
7.080000e-06	5.595765e-02	-1.135682e+01
7.090000e-06	-2.920494e-02	-1.163596e+01
7.100000e-06	5.865064e-02	-1.180508e+01
7.110000e-06	-4.214876e-02	-1.199848e+01
7.120000e-06	4.487739e-02	-1.218695e+01
7.130000e-06	-1.708307e-02	-1.232745e+01
7.140000e-06	4.967528e-02	-1.259580e+01
7.150000e-06	-3.120096e-03	-1.273480e+01
7.160000e-06	1.655705e-02	-1.292429e+01
7.170000e-06	3.268004e-04	-1.305014e+01
7.180000e-06	1.349650e-02	-1.324906e+01
7.190000e-06	1.664161e-02	-1.340642e+01
7.200000e-06	9.772825e-03	-1.355337e+01
7.210000e-06	2.578858e-02	-1.365317e+01
7.220000e-06	1.227364e-02	-1.384909e+01
7.230000e-06	2.522146e-02	-1.398495e+01
7.240000e-06	-1.029541e-03	-1.412234e+01
7.250000e-06	1.536012e-02	-1.423913e+01
7.260000e-06	7.077096e-03	-1.438593e+01
7.270000e-06	3.060775e-02	-1.452271e+01
7.280000e-06	1.468482e-02	-1.460811e+01
7.290000e-06	2.339844e-02	-1.469175e+01
7.300000e-06	9.820416e-03	-1.480803e+01
7.310000e-06	2.324657e-02	-1.489076e+01
7.320000e-06	1.646652e-02	-1.498695e+01
7.330000e-06	2.040850e-02	-1.505969e+01
7.340000e-06	1.823603e-02	-1.514437e+01
7.350000e-06	2.432787e-02	-1.519796e+01
7.360000e-06	2.470821e-02	-1.528274e+01
7.370000e-06	1.937777e-02	-1.537482e+01
7.380000e-06	1.969311e-02	-1.540808e+01
7.390000e-06	2.162774e-02	-1.545112e+01
7.400000e-06	3.265080e-02	-1.552277e+01
7.410000e-06	2.911200e-02	-1.556227e+01
7.420000e-06	2.959787e-02	-1.559645e+01
7.430000e-06	2.710090e-02	-1.563553e+01
7.440000e-06	3.227880e-02	-1.564769e+01
7.450000e-06	3.310526e-02	-1.565911e+01
7.460000e-06	3.372183e-02	-1.563761e+01
7.470000e-06	3.683943e-02	-1.568021e+01
7.480000e-06	4.439315e-02	-1.570028e+01
7.490000e-06	5.072232e-02	-1.563969e+01
7.500000e-06	5.176095e-02	-1.568918e+01
7.510000e-06	5.378481e-02	-1.564870e+01
7.520000e-06	6.383070e-02	-1.559815e+01
7.530000e-06	7.752283e-02	-1.560540e+01
7.540000e-06	9.455114e-02	-1.556337e+01
7.550000e-06	1.171639e-01	-1.552331e+01
7.560000e-06	1.578589e-01	-1.548019e+01
7.570000e-06	2.205208e-01	-1.542713e+01
7.580000e-06	2.499352e-01	-1.538497e+01
7.590000e-06	2.500000e-01	-1.530321e+01
7.600000e-06	2.500000e-01	-1.524808e+01
7.610000e-06	2.500000e-01	-1.515437e+01
7.620000e-06	2.304286e-01	-1.506058e+01
7.630000e-06	1.576981e-01	-1.503755e+01
7.640000e-06	1.024869e-01	-1.494131e+01
7.650000e-06	7.307166e-02	-1.478903e+01
7.660000e-06	5.617335e-02	-1.476389e+01
7.670000e-06	4.227257e-02	-1.461913e+01
7.680000e-06	3.083136e-02	-1.454484e+01
7.690000e-06	2.589492e-02	-1.437849e+01
7.700000e-06	2.364569e-02	-1.426063e+01
7.710000e-06	2.070151e-02	-1.417536e+01
7.720000e-06	1.658579e-02	-1.400605e+01
7.730000e-06	1.320704e-02	-1.381971e+01
7.740000e-06	1.424874e-02	-1.372277e+01
7.750000e-06	1.441521e-02	-1.354542e+01
7.760000e-06	1.257246e-02	-1.342899e+01
7.770000e-06	9.285078e-03	-1.326971e+01
7.780000e-06	9.023007e-03	-1.312471e+01
7.790000e-06	9.456327e-03	-1.294389e+01
7.800000e-06	9.282838e-03	-1.276705e+01
7.810000e-06	7.122307e-03	-1.261850e+01
7.820000e-06	6.354456e-03	-1.245925e+01
7.830000e-06	7.405663e-03	-1.224121e+01
7.840000e-06	8.031238e-03	-1.206221e+01
7.850000e-06	4.202162e-03	-1.189176e+01
7.860000e-06	2.643275e-03	-1.168166e+01
7.870000e-06	3.187930e-03	-1.142960e+01
7.880000e-06	5.155267e-03	-1.120757e+01
7.890000e-06	3.881072e-03	-1.099655e+01
7.900000e-06	2.742101e-03	-1.079652e+01
7.910000e-06	2.229937e-03	-1.058702e+01
7.920000e-06	2.670608e-03	-1.041645e+01
7.930000e-06	3.025488e-03	-1.016587e+01
7.940000e-06	4.720316e-04	-9.934887e+00
7.950000e-06	-6.507047e-04	-9.723285e+00
7.960000e-06	-2.342113e-04	-9.473727e+00
7.970000e-06	1.763481e-03	-9.272199e+00
7.980000e-06	-7.437280e-04	-9.018575e+00
7.990000e-06	-2.128293e-03	-8.809520e+00
8.000000e-06	-2.340231e-03	-8.525441e+00
8.010000e-06	7.582456e-04	-8.262781e+00
8.020000e-06	-7.575659e-04	-8.050679e+00
8.030000e-06	-1.718848e-03	-7.765914e+00
8.040000e-06	-3.883519e-03	-7.521808e+00
8.050000e-06	-2.587107e-03	-7.241223e+00
8.060000e-06	-2.888631e-03	-6.974836e+00
8.070000e-06	-3.442459e-03	-6.683707e+00
8.080000e-06	-5.769112e-03	-6.480174e+00
8.090000e-06	-2.657872e-03	-6.186893e+00
8.100000e-06	-4.449500e-03	-5.893709e+00
8.110000e-06	-3.546906e-03	-5.650670e+00
8.120000e-06	-6.063823e-03	-5.303910e+00
8.130000e-06	-4.994987e-03	-5.022672e+00
8.140000e-06	-4.403946e-03	-4.703257e+00
8.150000e-06	-4.015302e-03	-4.450675e+00
8.160000e-06	-6.214476e-03	-4.211069e+00
8.170000e-06	-6.274115e-03	-3.967290e+00
8.180000e-06	-6.551482e-03	-3.620149e+00
8.190000e-06	-5.951277e-03	-3.387469e+00
8.200000e-06	-8.362960e-03	-3.104629e+00
8.210000e-06	-7.873239e-03	-2.777967e+00
8.220000e-06	-6.725583e-03	-2.464757e+00
8.230000e-06	-5.108971e-03	-2.200569e+00
8.240000e-06	-6.525827e-03	-1.925784e+00
8.250000e-06	-7.698636e-03	-1.622704e+00
8.260000e-06	-9.174160e-03	-1.304905e+00
8.270000e-06	-8.407557e-03	-1.028569e+00
8.280000e-06	-8.081199e-03	-7.468333e-01
8.290000e-06	-9.160982e-03	-4.115936e-01
8.300000e-06	-7.393861e-03	-1.278897e-01
8.310000e-06	-6.362275e-04	1.057972e-01
8.320000e-06	6.884674e-03	4.421115e-01
8.330000e-06	-6.142343e-03	7.146130e-01
8.340000e-06	1.917899e-03	9.357998e-01
8.350000e-06	-6.884321e-03	1.251114e+00
8.360000e-06	7.191781e-04	1.536857e+00
8.370000e-06	-5.133782e-03	1.840608e+00
8.380000e-06	1.570095e-02	2.051086e+00
8.390000e-06	6.270567e-02	2.316743e+00
8.400000e-06	6.926763e-02	2.682089e+00
8.410000e-06	-8.529549e-02	2.979452e+00
8.420000e-06	-3.028534e-02	3.262562e+00
8.430000e-06	-4.441881e-02	3.578001e+00
8.440000e-06	-1.743576e-02	3.770534e+00
8.450000e-06	-8.103811e-02	4.001604e+00
8.460000e-06	3.085225e-02	4.303167e+00
8.470000e-06	9.798785e-02	4.618479e+00
8.480000e-06	-1.310849e-01	4.880059e+00
8.490000e-06	1.698134e-01	5.134849e+00
8.500000e-06	-1.011868e-01	5.453614e+00
8.510000e-06	-1.916251e-02	5.754823e+00
8.520000e-06	3.013107e-02	6.050084e+00
8.530000e-06	-4.940396e-02	6.262239e+00
8.540000e-06	7.905571e-02	6.546251e+00
8.550000e-06	-8.330518e-02	6.850559e+00
8.560000e-06	2.958229e-02	7.082766e+00
8.570000e-06	-3.193650e-02	7.379976e+00
8.580000e-06	5.158645e-05	7.650564e+00
8.590000e-06	-3.778620e-03	7.945375e+00
8.600000e-06	-3.954757e-02	8.230083e+00
8.610000e-06	5.700056e-02	8.420985e+00
8.620000e-06	-3.356359e-02	8.652259e+00
8.630000e-06	3.815327e-03	8.903693e+00
8.640000e-06	-2.997622e-02	9.146825e+00
8.650000e-06	-3.484953e-02	9.377905e+00
8.660000e-06	2.823452e-02	9.587478e+00
8.670000e-06	-1.377968e-02	9.851664e+00
8.680000e-06	8.320119e-03	1.007174e+01
8.690000e-06	-4.181832e-02	1.030214e+01
8.700000e-06	1.427821e-02	1.051286e+01
8.710000e-06	-2.205291e-02	1.074530e+01
8.720000e-06	-1.570468e-02	1.096533e+01
8.730000e-06	-1.842369e-02	1.115485e+01
8.740000e-06	-1.046784e-02	1.135641e+01
8.750000e-06	1.344652e-02	1.160601e+01
8.760000e-06	-2.125787e-02	1.179893e+01
8.770000e-06	-1.871279e-02	1.202793e+01
8.780000e-06	-2.964147e-02	1.217690e+01
8.790000e-06	2.855783e-03	1.236582e+01
8.800000e-06	-5.281879e-03	1.257590e+01
8.810000e-06	-1.494687e-02	1.271477e+01
8.820000e-06	-2.375302e-02	1.290121e+01
8.830000e-06	-1.694290e-02	1.301861e+01
8.840000e-06	-6.201642e-03	1.320901e+01
8.850000e-06	-2.343339e-02	1.337695e+01
8.860000e-06	-2.345333e-02	1.352425e+01
8.870000e-06	-1.635028e-02	1.370069e+01
8.880000e-06	-2.013123e-03	1.384861e+01
8.890000e-06	-1.282879e-02	1.396537e+01
8.900000e-06	-3.087336e-02	1.414317e+01
8.910000e-06	-2.808257e-02	1.426914e+01
8.920000e-06	-1.769625e-02	1.438700e+01
8.930000e-06	-8.596200e-03	1.451119e+01
8.940000e-06	-2.397141e-02	1.465715e+01
8.950000e-06	-2.615697e-02	1.472271e+01
8.960000e-06	-2.073136e-02	1.480801e+01
8.970000e-06	-1.560758e-02	1.488368e+01
8.980000e-06	-2.456099e-02	1.499555e+01
8.990000e-06	-3.455100e-02	1.506011e+01
9.000000e-06	-2.560589e-02	1.514542e+01
9.010000e-06	-2.079640e-02	1.521892e+01
9.020000e-06	-1.932030e-02	1.531018e+01
9.030000e-06	-3.698234e-02	1.534539e+01
9.040000e-06	-3.700689e-02	1.536642e+01
9.050000e-06	-3.053063e-02	1.548966e+01
9.060000e-06	-2.339787e-02	1.546118e+01
9.070000e-06	-3.296319e-02	1.553282e+01
9.080000e-06	-4.060617e-02	1.557594e+01
9.090000e-06	-3.494301e-02	1.560795e+01
9.100000e-06	-3.393015e-02	1.565650e+01
9.110000e-06	-3.873132e-02	1.562656e+01
9.120000e-06	-5.314348e-02	1.567915e+01
9.130000e-06	-4.897522e-02	1.564865e+01
9.140000e-06	-4.597552e-02	1.565801e+01
9.150000e-06	-4.669266e-02	1.566905e+01
9.160000e-06	-6.245014e-02	1.565748e+01
9.170000e-06	-7.267174e-02	1.560855e+01
9.180000e-06	-7.520492e-02	1.564544e+01
9.190000e-06	-8.495412e-02	1.555589e+01
9.200000e-06	-1.056633e-01	1.548374e+01
9.210000e-06	-1.443612e-01	1.549226e+01
9.220000e-06	-1.859418e-01	1.545050e+01
9.230000e-06	-2.386796e-01	1.537642e+01
9.240000e-06	-2.499992e-01	1.534286e+01
9.250000e-06	-2.500000e-01	1.527081e+01
9.260000e-06	-2.500000e-01	1.518707e+01
9.270000e-06	-2.488296e-01	1.516392e+01
9.280000e-06	-2.084223e-01	1.507318e+01
9.290000e-06	-1.415066e-01	1.496544e+01
9.300000e-06	-1.055675e-01	1.491021e+01
9.310000e-06	-7.471971e-02	1.475545e+01
9.320000e-06	-5.447697e-02	1.465110e+01
9.330000e-06	-4.307338e-02	1.460592e+01
9.340000e-06	-4.434415e-02	1.447175e+01
9.350000e-06	-3.735787e-02	1.437534e+01
9.360000e-06	-2.929065e-02	1.421955e+01
9.370000e-06	-2.375347e-02	1.410268e+01
9.380000e-06	-2.826829e-02	1.394478e+01
9.390000e-06	-2.987631e-02	1.380705e+01
9.400000e-06	-2.326666e-02	1.366913e+01
9.410000e-06	-1.795706e-02	1.346274e+01
9.420000e-06	-2.032585e-02	1.336544e+01
9.430000e-06	-2.412062e-02	1.316799e+01
9.440000e-06	-2.166448e-02	1.305163e+01
9.450000e-06	-1.593939e-02	1.286231e+01
9.460000e-06	-1.571507e-02	1.269486e+01
9.470000e-06	-2.081630e-02	1.255379e+01
9.480000e-06	-2.080273e-02	1.235444e+01
9.490000e-06	-1.553324e-02	1.217797e+01
9.500000e-06	-1.256455e-02	1.200657e+01
9.510000e-06	-1.622768e-02	1.177792e+01
9.520000e-06	-2.065315e-02	1.160692e+01
9.530000e-06	-1.576723e-02	1.136739e+01
9.540000e-06	-1.134450e-02	1.114446e+01
9.550000e-06	-1.169383e-02	1.096591e+01
9.560000e-06	-1.619184e-02	1.076629e+01
9.570000e-06	-1.588022e-02	1.051574e+01
9.580000e-06	-1.173842e-02	1.033031e+01
9.590000e-06	-1.098458e-02	1.011281e+01
9.600000e-06	-1.489782e-02	9.880599e+00
9.610000e-06	-1.659560e-02	9.637021e+00
9.620000e-06	-1.170158e-02	9.407993e+00
9.630000e-06	-8.196067e-03	9.165890e+00
9.640000e-06	-1.094526e-02	8.932857e+00
9.650000e-06	-1.502630e-02	8.721206e+00
9.660000e-06	-1.341053e-02	8.491227e+00
9.670000e-06	-9.701013e-03	8.187466e+00
9.680000e-06	-9.080541e-03	7.974912e+00
9.690000e-06	-1.157318e-02	7.753804e+00
9.700000e-06	-1.296680e-02	7.468096e+00
9.710000e-06	-9.330310e-03	7.126384e+00
9.720000e-06	-7.992209e-03	6.914753e+00
9.730000e-06	-1.076104e-02	6.648618e+00
9.740000e-06	-1.224975e-02	6.315864e+00
9.750000e-06	-1.040119e-02	6.094305e+00
9.760000e-06	-6.504028e-03	5.814070e+00
9.770000e-06	-8.424576e-03	5.566387e+00
9.780000e-06	-1.099845e-02	5.292748e+00
9.790000e-06	-1.080595e-02	4.925235e+00
9.800000e-06	-8.094531e-03	4.639623e+00
9.810000e-06	-7.095738e-03	4.387966e+00
9.820000e-06	-8.732095e-03	4.084252e+00
9.830000e-06	-1.022980e-02	3.819096e+00
9.840000e-06	-7.278423e-03	3.537359e+00
9.850000e-06	-5.740453e-03	3.251096e+00
9.860000e-06	-7.197742e-03	2.976918e+00
9.870000e-06	-1.013021e-02	2.705129e+00
9.880000e-06	-9.276435e-03	2.338489e+00
9.890000e-06	-5.850385e-03	2.125208e+00
9.900000e-06	-5.653684e-03	1.841598e+00
9.910000e-06	-7.426688e-03	1.536334e+00
9.920000e-06	-8.010726e-03	1.242026e+00
9.930000e-06	-5.610624e-03	8.852557e-01
9.940000e-06	-3.946311e-03	6.205448e-01
9.950000e-06	-5.272884e-03	3.457346e-01
9.960000e-06	-4.711242e-03	4.096868e-02
9.970000e-06	3.025826e-03	-2.420866e-01
9.980000e-06	8.901514e-03	-5.148219e-01
9.990000e-06	-1.511270e-03	-8.000315e-01
1.000000e-05	1.705407e-03	-1.043088e+00
1.001000e-05	-3.098794e-03	-1.359380e+00
1.002000e-05	1.531061e-03	-1.612634e+00
1.003000e-05	1.069919e-02	-1.844166e+00
1.004000e-05	5.697316e-02	-2.105747e+00
1.005000e-05	1.131720e-01	-2.412060e+00
1.006000e-05	-7.912747e-02	-2.860095e+00
1.007000e-05	-6.270867e-03	-3.200989e+00
1.008000e-05	-4.756789e-02	-3.433737e+00
1.009000e-05	-1.740048e-02	-3.693171e+00
1.010000e-05	-1.028925e-01	-3.946846e+00
1.011000e-05	1.626186e-01	-4.103691e+00
1.012000e-05	-4.473335e-02	-4.357000e+00
1.013000e-05	-1.785162e-02	-4.743641e+00
1.014000e-05	1.603351e-01	-4.865249e+00
1.015000e-05	-1.992582e-01	-5.263173e+00
1.016000e-05	1.785660e-01	-5.578984e+00
1.017000e-05	-1.391270e-01	-5.801513e+00
1.018000e-05	5.096692e-02	-6.155247e+00
1.019000e-05	8.422425e-02	-6.354398e+00
1.020000e-05	-1.084283e-01	-6.673643e+00
1.021000e-05	1.475345e-01	-6.945847e+00
1.022000e-05	-1.449965e-01	-7.220117e+00
1.023000e-05	1.035521e-01	-7.494344e+00
1.024000e-05	-3.955318e-02	-7.775876e+00
1.025000e-05	3.602417e-03	-8.052092e+00
1.026000e-05	9.833541e-02	-8.271740e+00
1.027000e-05	-1.058936e-01	-8.535349e+00
1.028000e-05	1.355939e-01	-8.808533e+00
1.029000e-05	-1.221985e-01	-9.019534e+00
1.030000e-05	7.311322e-02	-9.292614e+00
1.031000e-05	-3.047465e-02	-9.472288e+00
1.032000e-05	4.166509e-02	-9.726371e+00
1.033000e-05	4.349129e-02	-9.896346e+00
1.034000e-05	-3.944103e-02	-1.018558e+01
1.035000e-05	6.606623e-02	-1.041898e+01
1.036000e-05	-7.276035e-02	-1.064221e+01
1.037000e-05	8.214890e-02	-1.081801e+01
1.038000e-05	-5.667161e-02	-1.103871e+01
1.039000e-05	6.827871e-02	-1.124169e+01
1.040000e-05	-2.236639e-02	-1.147125e+01
1.041000e-05	3.981857e-02	-1.171269e+01
1.042000e-05	-5.959760e-03	-1.187332e+01
1.043000e-05	5.277418e-03	-1.212432e+01
1.044000e-05	1.778339e-02	-1.224173e+01
1.045000e-05	8.901895e-03	-1.249281e+01
1.046000e-05	3.767228e-02	-1.265061e+01
1.047000e-05	-1.070290e-02	-1.281016e+01
1.048000e-05	2.437323e-02	-1.300750e+01
1.049000e-05	-1.027997e-02	-1.313585e+01
1.050000e-05	3.116014e-02	-1.329332e+01
1.051000e-05	-2.077098e-03	-1.345214e+01
1.052000e-05	3.122750e-02	-1.358806e+01
1.053000e-05	9.409729e-03	-1.377683e+01
1.054000e-05	2.850909e-02	-1.392472e+01
1.055000e-05	3.122472e-03	-1.405909e+01
1.056000e-05	1.192539e-02	-1.416707e+01
1.057000e-05	5.543275e-03	-1.432119e+01
1.058000e-05	2.302447e-02	-1.443961e+01
1.059000e-05	2.145712e-02	-1.455482e+01
1.060000e-05	1.979252e-02	-1.468113e+01
1.061000e-05	1.759431e-02	-1.473475e+01
1.062000e-05	1.410782e-02	-1.485969e+01
1.063000e-05	2.290690e-02	-1.491492e+01
1.064000e-05	1.437306e-02	-1.500656e+01
1.065000e-05	2.276674e-02	-1.510229e+01
1.066000e-05	1.746830e-02	-1.517545e+01
1.067000e-05	2.969724e-02	-1.524069e+01
1.068000e-05	1.793254e-02	-1.533274e+01
1.069000e-05	2.166941e-02	-1.541598e+01
1.070000e-05	1.754193e-02	-1.542851e+01
1.071000e-05	2.965101e-02	-1.548214e+01
1.072000e-05	3.001505e-02	-1.551227e+01
1.073000e-05	2.915200e-02	-1.557595e+01
1.074000e-05	2.845872e-02	-1.558543e+01
1.075000e-05	2.887555e-02	-1.562856e+01
1.076000e-05	3.422818e-02	-1.563911e+01
1.077000e-05	3.200227e-02	-1.563874e+01
1.078000e-05	3.596144e-02	-1.567878e+01
1.079000e-05	3.967197e-02	-1.565116e+01
1.080000e-05	4.867915e-02	-1.568119e+01
1.081000e-05	5.110347e-02	-1.565966e+01
1.082000e-05	5.208056e-02	-1.564916e+01
1.083000e-05	5.753727e-02	-1.564806e+01
1.084000e-05	7.024841e-02	-1.559648e+01
1.085000e-05	8.611895e-02	-1.555402e+01
1.086000e-05	1.054005e-01	-1.551325e+01
1.087000e-05	1.358703e-01	-1.548026e+01
1.088000e-05	1.898065e-01	-1.538861e+01
1.089000e-05	2.428685e-01	-1.538702e+01
1.090000e-05	2.500000e-01	-1.533379e+01
1.091000e-05	2.500000e-01	-1.528106e+01
1.092000e-05	2.500000e-01	-1.518452e+01
1.093000e-05	2.474403e-01	-1.511279e+01
1.094000e-05	1.939325e-01	-1.498708e+01
1.095000e-05	1.240916e-01	-1.495287e+01
1.096000e-05	8.414660e-02	-1.487079e+01
1.097000e-05	6.289096e-02	-1.476645e+01
1.098000e-05	4.873649e-02	-1.468971e+01
1.099000e-05	3.775099e-02	-1.457739e+01
1.100000e-05	2.838563e-02	-1.450908e+01
1.101000e-05	2.479148e-02	-1.431431e+01
1.102000e-05	2.119345e-02	-1.425555e+01
1.103000e-05	1.952114e-02	-1.403968e+01
1.104000e-05	1.444972e-02	-1.392232e+01
1.105000e-05	1.393947e-02	-1.375599e+01
1.106000e-05	1.478944e-02	-1.363858e+01
1.107000e-05	1.508105e-02	-1.348218e+01
1.108000e-05	1.085125e-02	-1.333186e+01
1.109000e-05	9.146700e-03	-1.321642e+01
1.110000e-05	8.787657e-03	-1.304663e+01
1.111000e-05	9.795999e-03	-1.290321e+01
1.112000e-05	8.148996e-03	-1.269169e+01
1.113000e-05	5.887999e-03	-1.250584e+01
1.114000e-05	6.196867e-03	-1.237486e+01
1.115000e-05	6.530858e-03	-1.216599e+01
1.116000e-05	6.259293e-03	-1.202537e+01
1.117000e-05	3.363694e-03	-1.174644e+01
1.118000e-05	2.826038e-03	-1.156504e+01
1.119000e-05	4.936875e-03	-1.131231e+01
1.120000e-05	5.043902e-03	-1.107281e+01
1.121000e-05	4.001886e-03	-1.088076e+01
1.122000e-05	2.487479e-03	-1.066321e+01
1.123000e-05	1.553635e-03	-1.051081e+01
1.124000e-05	2.527500e-03	-1.025020e+01
1.125000e-05	1.190524e-03	-1.003907e+01
1.126000e-05	6.087842e-04	-9.808545e+00
1.127000e-05	6.245105e-04	-9.599924e+00
1.128000e-05	2.243669e-03	-9.336441e+00
1.129000e-05	1.687556e-04	-9.102361e+00
1.130000e-05	-8.280643e-04	-8.914207e+00
1.131000e-05	-2.376916e-03	-8.640677e+00
1.132000e-05	-6.534379e-04	-8.386523e+00
1.133000e-05	-5.137378e-04	-8.143967e+00
1.134000e-05	-1.094185e-03	-7.901812e+00
1.135000e-05	-3.036959e-03	-7.629676e+00
1.136000e-05	-2.753219e-03	-7.334962e+00
1.137000e-05	-2.539366e-03	-7.084182e+00
1.138000e-05	-3.207893e-03	-6.810047e+00
1.139000e-05	-4.460618e-03	-6.567940e+00
1.140000e-05	-3.497502e-03	-6.294208e+00
1.141000e-05	-3.052884e-03	-6.019648e+00
1.142000e-05	-4.404214e-03	-5.757441e+00
1.143000e-05	-4.081090e-03	-5.472682e+00
1.144000e-05	-6.303406e-03	-5.165494e+00
1.145000e-05	-4.681828e-03	-4.862178e+00
1.146000e-05	-4.346027e-03	-4.534861e+00
1.147000e-05	-4.316093e-03	-4.295336e+00
1.148000e-05	-5.767276e-03	-4.069228e+00
1.149000e-05	-7.468446e-03	-3.805445e+00
1.150000e-05	-6.009539e-03	-3.484206e+00
1.151000e-05	-8.061899e-03	-3.249599e+00
1.152000e-05	-6.683833e-03	-2.885355e+00
1.153000e-05	-8.517003e-03	-2.630966e+00
1.154000e-05	-4.399684e-03	-2.327864e+00
1.155000e-05	-6.774575e-03	-2.030599e+00
1.156000e-05	-5.943056e-03	-1.787939e+00
1.157000e-05	-9.091208e-03	-1.493678e+00
1.158000e-05	-7.971315e-03	-1.116936e+00
1.159000e-05	-9.360814e-03	-8.827329e-01
1.160000e-05	-8.486754e-03	-5.369144e-01
1.161000e-05	-7.739000e-03	-3.137068e-01
1.162000e-05	-5.904334e-03	-3.112000e-02
1.163000e-05	6.819347e-03	3.251406e-01
1.164000e-05	-4.443545e-03	5.488511e-01
1.165000e-05	9.237656e-04	8.209788e-01
1.166000e-05	-5.061141e-03	1.087218e+00
1.167000e-05	-8.799800e-04	1.378875e+00
1.168000e-05	-4.877272e-03	1.706703e+00
1.169000e-05	7.003458e-03	1.967398e+00
1.170000e-05	2.909418e-02	2.178355e+00
1.171000e-05	1.012966e-01	2.452618e+00
1.172000e-05	-3.445239e-02	2.871561e+00
1.173000e-05	-5.695362e-02	3.136320e+00
1.174000e-05	-3.954667e-02	3.410132e+00
1.175000e-05	-2.148600e-02	3.715718e+00
1.176000e-05	-5.842647e-02	3.967420e+00
1.177000e-05	-4.566210e-02	4.137896e+00
1.178000e-05	1.179310e-01	4.442585e+00
1.179000e-05	-5.651542e-02	4.747246e+00
1.180000e-05	1.680679e-02	4.986875e+00
1.181000e-05	9.435078e-02	5.295876e+00
1.182000e-05	-1.497835e-01	5.619530e+00
1.183000e-05	8.283747e-02	5.850715e+00
1.184000e-05	-6.500284e-02	6.155897e+00
1.185000e-05	5.065663e-02	6.388479e+00
1.186000e-05	-5.140893e-03	6.714319e+00
1.187000e-05	-5.578137e-02	6.957920e+00
1.188000e-05	4.284684e-02	7.239561e+00
1.189000e-05	-6.362838e-02	7.495800e+00
1.190000e-05	4.946757e-02	7.828910e+00
1.191000e-05	-7.178015e-02	8.063242e+00
1.192000e-05	4.190842e-02	8.335320e+00
1.193000e-05	8.088645e-03	8.556875e+00
1.194000e-05	-3.067645e-02	8.776880e+00
1.195000e-05	1.330003e-02	9.059634e+00
1.196000e-05	-6.991987e-02	9.272692e+00
1.197000e-05	3.243958e-02	9.473268e+00
1.198000e-05	-1.783193e-02	9.723297e+00
1.199000e-05	2.369254e-02	9.986472e+00
1.200000e-05	-4.070525e-02	1.018900e+01
1.201000e-05	-1.554925e-03	1.039918e+01
1.202000e-05	-4.016218e-03	1.064966e+01
1.203000e-05	-2.396393e-02	1.084814e+01
1.204000e-05	-1.026941e-02	1.105163e+01
1.205000e-05	-2.824500e-02	1.131211e+01
1.206000e-05	1.974931e-02	1.147374e+01
1.207000e-05	-1.713836e-02	1.171377e+01
1.208000e-05	-7.727579e-03	1.191375e+01
1.209000e-05	-3.989314e-02	1.211374e+01
1.210000e-05	-5.919363e-05	1.228219e+01
1.211000e-05	-6.589905e-03	1.247119e+01
1.212000e-05	-5.237985e-03	1.259061e+01
1.213000e-05	-2.460493e-02	1.282841e+01
1.214000e-05	-2.199248e-02	1.298595e+01
1.215000e-05	-6.423469e-03	1.312535e+01
1.216000e-05	-1.842086e-02	1.329326e+01
1.217000e-05	-1.922590e-02	1.343108e+01
1.218000e-05	-2.826558e-02	1.365651e+01
1.219000e-05	9.131824e-04	1.375682e+01
1.220000e-05	-1.180371e-02	1.389219e+01
1.221000e-05	-1.838977e-02	1.405108e+01
1.222000e-05	-3.823307e-02	1.420606e+01
1.223000e-05	-2.032079e-02	1.435590e+01
1.224000e-05	-1.162217e-02	1.448119e+01
1.225000e-05	-1.593051e-02	1.454634e+01
1.226000e-05	-2.610876e-02	1.470219e+01
1.227000e-05	-2.801533e-02	1.477540e+01
1.228000e-05	-1.195659e-02	1.487961e+01
1.229000e-05	-2.335267e-02	1.494482e+01
1.230000e-05	-2.784301e-02	1.501905e+01
1.231000e-05	-3.535448e-02	1.508281e+01
1.232000e-05	-1.892607e-02	1.516590e+01
1.233000e-05	-1.901291e-02	1.523908e+01
1.234000e-05	-2.884078e-02	1.531274e+01
1.235000e-05	-4.002084e-02	1.536597e+01
1.236000e-05	-3.560115e-02	1.538903e+01
1.237000e-05	-2.244977e-02	1.550166e+01
1.238000e-05	-2.930398e-02	1.552271e+01
1.239000e-05	-3.621219e-02	1.556399e+01
1.240000e-05	-4.048064e-02	1.556837e+01
1.241000e-05	-3.058361e-02	1.559802e+01
1.242000e-05	-3.625515e-02	1.562755e+01
1.243000e-05	-4.696093e-02	1.567848e+01
1.244000e-05	-5.306904e-02	1.567003e+01
1.245000e-05	-4.761420e-02	1.565013e+01
1.246000e-05	-4.289625e-02	1.566953e+01
1.247000e-05	-5.617778e-02	1.564860e+01
1.248000e-05	-6.820607e-02	1.562860e+01
1.249000e-05	-7.628880e-02	1.558698e+01
1.250000e-05	-7.728898e-02	1.555384e+01
1.251000e-05	-9.501256e-02	1.554236e+01
1.252000e-05	-1.251760e-01	1.551424e+01
1.253000e-05	-1.648842e-01	1.546063e+01
1.254000e-05	-2.169687e-01	1.540800e+01
1.255000e-05	-2.494053e-01	1.531431e+01
1.256000e-05	-2.500000e-01	1.525424e+01
1.257000e-05	-2.500000e-01	1.521918e+01
1.258000e-05	-2.500000e-01	1.515692e+01
1.259000e-05	-2.355118e-01	1.511218e+01
1.260000e-05	-1.694039e-01	1.499805e+01
1.261000e-05	-1.207965e-01	1.491274e+01
1.262000e-05	-8.897557e-02	1.481750e+01
1.263000e-05	-6.130974e-02	1.473326e+01
1.264000e-05	-4.749892e-02	1.461853e+01
1.265000e-05	-4.393195e-02	1.456469e+01
1.266000e-05	-4.163825e-02	1.443800e+01
1.267000e-05	-3.245119e-02	1.427216e+01
1.268000e-05	-2.473401e-02	1.416491e+01
1.269000e-05	-2.686573e-02	1.402852e+01
1.270000e-05	-2.926785e-02	1.383973e+01
1.271000e-05	-2.661011e-02	1.371334e+01
1.272000e-05	-1.953480e-02	1.360487e+01
1.273000e-05	-1.919459e-02	1.342855e+01
1.274000e-05	-2.354936e-02	1.327018e+01
1.275000e-05	-2.363872e-02	1.313265e+01
1.276000e-05	-1.906317e-02	1.296434e+01
1.277000e-05	-1.490375e-02	1.280597e+01
1.278000e-05	-1.880739e-02	1.261845e+01
1.279000e-05	-2.136782e-02	1.246060e+01
1.280000e-05	-1.857387e-02	1.226070e+01
1.281000e-05	-1.305783e-02	1.213078e+01
1.282000e-05	-1.369466e-02	1.190023e+01
1.283000e-05	-1.986313e-02	1.170110e+01
1.284000e-05	-1.889792e-02	1.148165e+01
1.285000e-05	-1.410166e-02	1.124968e+01
1.286000e-05	-1.164364e-02	1.106908e+01
1.287000e-05	-1.544432e-02	1.086108e+01
1.288000e-05	-1.679666e-02	1.063962e+01
1.289000e-05	-1.356934e-02	1.040005e+01
1.290000e-05	-1.064890e-02	1.018802e+01
1.291000e-05	-1.171980e-02	1.000834e+01
1.292000e-05	-1.605441e-02	9.745356e+00
1.293000e-05	-1.442726e-02	9.472732e+00
1.294000e-05	-1.061740e-02	9.271129e+00
1.295000e-05	-1.045940e-02	9.048574e+00
1.296000e-05	-1.452121e-02	8.827367e+00
1.297000e-05	-1.401269e-02	8.556939e+00
1.298000e-05	-1.004782e-02	8.335210e+00
1.299000e-05	-7.846357e-03	8.081778e+00
1.300000e-05	-9.730266e-03	7.810019e+00
1.301000e-05	-1.309129e-02	7.586411e+00
1.302000e-05	-1.102431e-02	7.241725e+00
1.303000e-05	-8.411528e-03	7.009967e+00
1.304000e-05	-8.662051e-03	6.767913e+00
1.305000e-05	-1.318548e-02	6.471703e+00
1.306000e-05	-1.206409e-02	6.209020e+00
1.307000e-05	-7.852767e-03	5.957889e+00
1.308000e-05	-6.603475e-03	5.663804e+00
1.309000e-05	-9.057221e-03	5.451496e+00
1.310000e-05	-1.104718e-02	5.092803e+00
1.311000e-05	-8.184029e-03	4.775965e+00
1.312000e-05	-6.055818e-03	4.504754e+00
1.313000e-05	-8.192663e-03	4.228995e+00
1.314000e-05	-1.106923e-02	3.935259e+00
1.315000e-05	-1.044384e-02	3.671649e+00
1.316000e-05	-6.362003e-03	3.368463e+00
1.317000e-05	-5.751126e-03	3.133633e+00
1.318000e-05	-7.896389e-03	2.850520e+00
1.319000e-05	-8.728299e-03	2.535886e+00
1.320000e-05	-6.015497e-03	2.251546e+00
1.321000e-05	-4.378654e-03	1.977990e+00
1.322000e-05	-6.246111e-03	1.665198e+00
1.323000e-05	-9.431738e-03	1.379441e+00
1.324000e-05	-7.583051e-03	1.040545e+00
1.325000e-05	-4.647432e-03	7.253355e-01
1.326000e-05	-4.069838e-03	4.731003e-01
1.327000e-05	-5.574641e-03	1.878048e-01
1.328000e-05	-2.110253e-03	-1.353220e-01
1.329000e-05	1.186252e-02	-3.789763e-01
1.330000e-05	-1.143797e-03	-6.726181e-01
1.331000e-05	5.410856e-03	-9.563247e-01
1.332000e-05	-5.478237e-03	-1.210461e+00
1.333000e-05	3.239007e-03	-1.515296e+00
1.334000e-05	5.801631e-04	-1.747904e+00
1.335000e-05	2.919425e-02	-1.988480e+00
1.336000e-05	1.104376e-01	-2.252790e+00
1.337000e-05	8.863995e-03	-2.651089e+00
1.338000e-05	-6.039285e-02	-3.073496e+00
1.339000e-05	-1.289386e-02	-3.407424e+00
1.340000e-05	-3.547967e-02	-3.548001e+00
1.341000e-05	-6.267723e-02	-3.841664e+00
1.342000e-05	7.546546e-04	-4.031634e+00
1.343000e-05	1.637680e-01	-4.218587e+00
1.344000e-05	-1.875787e-01	-4.555270e+00
1.345000e-05	2.065803e-01	-4.790008e+00
1.346000e-05	-8.609136e-02	-5.063247e+00
1.347000e-05	-5.337815e-03	-5.463293e+00
1.348000e-05	7.746228e-02	-5.684738e+00
1.349000e-05	-1.596961e-01	-6.009436e+00
1.350000e-05	2.065721e-01	-6.261689e+00
1.351000e-05	-1.214250e-01	-6.536327e+00
1.352000e-05	8.367708e-02	-6.821535e+00
1.353000e-05	-9.279861e-03	-7.032694e+00
1.354000e-05	-6.358290e-02	-7.388979e+00
1.355000e-05	1.156252e-01	-7.669535e+00
1.356000e-05	-1.244414e-01	-7.924372e+00
1.357000e-05	1.562681e-01	-8.187478e+00
1.358000e-05	-8.487334e-02	-8.400060e+00
1.359000e-05	5.589199e-02	-8.704370e+00
1.360000e-05	1.226869e-02	-8.886850e+00
1.361000e-05	-6.966792e-02	-9.177884e+00
1.362000e-05	8.919832e-02	-9.377477e+00
1.363000e-05	-7.371381e-02	-9.659014e+00
1.364000e-05	1.284416e-01	-9.840634e+00
1.365000e-05	-7.870451e-02	-1.006172e+01
1.366000e-05	7.573926e-02	-1.033385e+01
1.367000e-05	-4.948006e-02	-1.053532e+01
1.368000e-05	3.145686e-02	-1.074538e+01
1.369000e-05	1.015987e-02	-1.091382e+01
1.370000e-05	-5.560289e-03	-1.116733e+01
1.371000e-05	4.877278e-02	-1.137590e+01
1.372000e-05	-2.425042e-02	-1.159748e+01
1.373000e-05	5.303894e-02	-1.180753e+01
1.374000e-05	-4.092401e-02	-1.206859e+01
1.375000e-05	4.574929e-02	-1.221998e+01
1.376000e-05	-1.785074e-02	-1.240790e+01
1.377000e-05	5.291334e-02	-1.254590e+01
1.378000e-05	-6.686181e-03	-1.274392e+01
1.379000e-05	2.018917e-02	-1.292387e+01
1.380000e-05	-3.742965e-03	-1.304172e+01
1.381000e-05	1.544969e-02	-1.329051e+01
1.382000e-05	1.363666e-02	-1.337453e+01
1.383000e-05	1.302882e-02	-1.356382e+01
1.384000e-05	2.424936e-02	-1.368272e+01
1.385000e-05	1.432648e-02	-1.387111e+01
1.386000e-05	2.314547e-02	-1.395655e+01
1.387000e-05	-1.070616e-03	-1.411437e+01
1.388000e-05	1.393683e-02	-1.421666e+01
1.389000e-05	8.819489e-03	-1.436545e+01
1.390000e-05	3.000786e-02	-1.450280e+01
1.391000e-05	1.580277e-02	-1.461806e+01
1.392000e-05	2.331546e-02	-1.471269e+01
1.393000e-05	9.871935e-03	-1.484798e+01
1.394000e-05	2.243216e-02	-1.489284e+01
1.395000e-05	1.427443e-02	-1.500500e+01
1.396000e-05	2.061018e-02	-1.506121e+01
1.397000e-05	1.841875e-02	-1.511487e+01
1.398000e-05	2.543670e-02	-1.524700e+01
1.399000e-05	2.367575e-02	-1.531164e+01
1.400000e-05	2.008654e-02	-1.535434e+01
1.401000e-05	1.950652e-02	-1.541751e+01
1.402000e-05	2.303421e-02	-1.548061e+01
1.403000e-05	3.182256e-02	-1.551374e+01
1.404000e-05	2.890157e-02	-1.558482e+01
1.405000e-05	2.960702e-02	-1.558643e+01
1.406000e-05	2.654075e-02	-1.564850e+01
1.407000e-05	3.294722e-02	-1.564854e+01
1.408000e-05	3.177422e-02	-1.565866e+01
1.409000e-05	3.422615e-02	-1.569971e+01
1.410000e-05	3.739834e-02	-1.564031e+01
1.411000e-05	4.547228e-02	-1.568119e+01
1.412000e-05	5.045780e-02	-1.566119e+01
1.413000e-05	5.207359e-02	-1.564958e+01
1.414000e-05	5.373995e-02	-1.563963e+01
1.415000e-05	6.410930e-02	-1.559656e+01
1.416000e-05	7.774848e-02	-1.555585e+01
1.417000e-05	9.552515e-02	-1.553382e+01
1.418000e-05	1.181197e-01	-1.556326e+01
1.419000e-05	1.604039e-01	-1.546211e+01
1.420000e-05	2.237606e-01	-1.542806e+01
1.421000e-05	2.499615e-01	-1.537344e+01
1.422000e-05	2.500000e-01	-1.531171e+01
1.423000e-05	2.500000e-01	-1.521863e+01
1.424000e-05	2.499850e-01	-1.512385e+01
1.425000e-05	2.268722e-01	-1.507011e+01
1.426000e-05	1.527426e-01	-1.500742e+01
1.427000e-05	9.913995e-02	-1.488216e+01
1.428000e-05	7.180399e-02	-1.481765e+01
1.429000e-05	5.513291e-02	-1.471231e+01
1.430000e-05	4.218006e-02	-1.459810e+01
1.431000e-05	3.219742e-02	-1.452266e+01
1.432000e-05	2.616778e-02	-1.437545e+01
1.433000e-05	2.430918e-02	-1.424065e+01
1.434000e-05	2.023657e-02	-1.412381e+01
1.435000e-05	1.601395e-02	-1.396652e+01
1.436000e-05	1.320512e-02	-1.386960e+01
1.437000e-05	1.453168e-02	-1.372284e+01
1.438000e-05	1.482109e-02	-1.356392e+01
1.439000e-05	1.231991e-02	-1.340805e+01
1.440000e-05	9.323712e-03	-1.325066e+01
1.441000e-05	9.076694e-03	-1.309226e+01
1.442000e-05	1.001295e-02	-1.296594e+01
1.443000e-05	9.937592e-03	-1.279594e+01
1.444000e-05	6.742380e-03	-1.262750e+01
1.445000e-05	5.998416e-03	-1.243008e+01
1.446000e-05	7.107901e-03	-1.224063e+01
1.447000e-05	6.772754e-03	-1.209269e+01
1.448000e-05	4.430413e-03	-1.183073e+01
1.449000e-05	2.944985e-03	-1.165970e+01
1.450000e-05	3.172127e-03	-1.142710e+01
1.451000e-05	5.187776e-03	-1.121602e+01
1.452000e-05	3.830973e-03	-1.101546e+01
1.453000e-05	2.842054e-03	-1.081694e+01
1.454000e-05	1.880233e-03	-1.059800e+01
1.455000e-05	2.740560e-03	-1.039436e+01
1.456000e-05	2.458601e-03	-1.012336e+01
1.457000e-05	1.116758e-03	-9.913311e+00
1.458000e-05	1.553739e-04	-9.682760e+00
1.459000e-05	9.072178e-05	-9.500133e+00
1.460000e-05	1.551831e-03	-9.230129e+00
1.461000e-05	-3.772926e-04	-9.000021e+00
1.462000e-05	-1.053763e-03	-8.806363e+00
1.463000e-05	-1.822051e-03	-8.536311e+00
1.464000e-05	3.192079e-04	-8.292159e+00
1.465000e-05	-1.207554e-03	-8.029654e+00
1.466000e-05	-1.845724e-03	-7.764342e+00
1.467000e-05	-4.120975e-03	-7.462128e+00
1.468000e-05	-3.238734e-03	-7.230652e+00
1.469000e-05	-3.703936e-03	-6.935937e+00
1.470000e-05	-3.558774e-03	-6.713155e+00
1.471000e-05	-4.856511e-03	-6.431650e+00
1.472000e-05	-2.259883e-03	-6.176437e+00
1.473000e-05	-3.780291e-03	-5.862104e+00
1.474000e-05	-3.246334e-03	-5.639596e+00
1.475000e-05	-5.513311e-03	-5.345909e+00
1.476000e-05	-5.529200e-03	-5.048970e+00
1.477000e-05	-5.053099e-03	-4.662254e+00
1.478000e-05	-4.213006e-03	-4.420200e+00
1.479000e-05	-5.792265e-03	-4.199546e+00
1.480000e-05	-5.979704e-03	-3.925284e+00
1.481000e-05	-6.638349e-03	-3.639024e+00
1.482000e-05	-6.430641e-03	-3.346437e+00
1.483000e-05	-7.605076e-03	-3.073075e+00
1.484000e-05	-7.004698e-03	-2.755811e+00
1.485000e-05	-7.161505e-03	-2.484732e+00
1.486000e-05	-5.371463e-03	-2.229541e+00
1.487000e-05	-6.800963e-03	-1.913783e+00
1.488000e-05	-8.420752e-03	-1.651596e+00
1.489000e-05	-9.581683e-03	-1.312804e+00
1.490000e-05	-8.786980e-03	-1.008541e+00
1.491000e-05	-6.579447e-03	-6.951857e-01
1.492000e-05	-8.850716e-03	-4.194948e-01
1.493000e-05	-7.126104e-03	-1.043121e-01
1.494000e-05	2.143943e-06	1.288434e-01
1.495000e-05	6.769275e-03	4.520603e-01
1.496000e-05	-5.430685e-03	6.752456e-01
1.497000e-05	8.069052e-04	9.492748e-01
1.498000e-05	-6.733825e-03	1.295643e+00
1.499000e-05	3.582815e-04	1.548226e+00
1.500000e-05	-3.215216e-03	1.843633e+00
1.501000e-05	1.627831e-02	2.063162e+00
1.502000e-05	6.803893e-02	2.286772e+00
1.503000e-05	5.996105e-02	2.694292e+00
1.504000e-05	-8.456631e-02	2.999484e+00
1.505000e-05	-2.995108e-02	3.343642e+00
1.506000e-05	-4.332792e-02	3.599451e+00
1.507000e-05	-2.146156e-02	3.800564e+00
1.508000e-05	-7.997902e-02	4.051583e+00
1.509000e-05	4.141602e-02	4.282718e+00
1.510000e-05	8.629725e-02	4.629983e+00
1.511000e-05	-1.272130e-01	4.842511e+00
1.512000e-05	1.772034e-01	5.146946e+00
1.513000e-05	-1.184412e-01	5.443744e+00
1.514000e-05	-1.342939e-03	5.764873e+00
1.515000e-05	1.728058e-02	6.060082e+00
1.516000e-05	-4.086761e-02	6.282266e+00
1.517000e-05	7.582850e-02	6.543847e+00
1.518000e-05	-8.792754e-02	6.822563e+00
1.519000e-05	3.617995e-02	7.073817e+00
1.520000e-05	-4.034876e-02	7.407457e+00
1.521000e-05	1.177768e-02	7.661593e+00
1.522000e-05	-1.294083e-02	7.955346e+00
1.523000e-05	-2.924243e-02	8.229583e+00
1.524000e-05	5.340643e-02	8.449688e+00
1.525000e-05	-3.423963e-02	8.662161e+00
1.526000e-05	5.194621e-03	8.912293e+00
1.527000e-05	-3.790194e-02	9.167454e+00
1.528000e-05	-2.803306e-02	9.418505e+00
1.529000e-05	2.433896e-02	9.629560e+00
1.530000e-05	-7.815777e-03	9.830659e+00
1.531000e-05	2.371154e-03	1.012322e+01
1.532000e-05	-3.671282e-02	1.031532e+01
1.533000e-05	1.399305e-02	1.053482e+01
1.534000e-05	-2.067573e-02	1.074484e+01
1.535000e-05	-1.561181e-02	1.097492e+01
1.536000e-05	-1.999594e-02	1.114340e+01
1.537000e-05	-8.497264e-03	1.139695e+01
1.538000e-05	1.002004e-02	1.159853e+01
1.539000e-05	-1.922926e-02	1.181955e+01
1.540000e-05	-2.387285e-02	1.198701e+01
1.541000e-05	-2.444230e-02	1.218608e+01
1.542000e-05	2.658329e-03	1.240893e+01
1.543000e-05	-1.350974e-03	1.255435e+01
1.544000e-05	-1.591315e-02	1.272372e+01
1.545000e-05	-2.512677e-02	1.293424e+01
1.546000e-05	-1.560193e-02	1.308069e+01
1.547000e-05	-9.942191e-03	1.325949e+01
1.548000e-05	-2.450724e-02	1.337650e+01
1.549000e-05	-2.636563e-02	1.353430e+01
1.550000e-05	-1.216848e-02	1.369974e+01
1.551000e-05	7.141086e-04	1.384901e+01
1.552000e-05	-1.037937e-02	1.393637e+01
1.553000e-05	-3.351416e-02	1.412282e+01
1.554000e-05	-2.853750e-02	1.429026e+01
1.555000e-05	-1.790738e-02	1.440690e+01
1.556000e-05	-1.048802e-02	1.447326e+01
1.557000e-05	-2.648288e-02	1.463888e+01
1.558000e-05	-2.736707e-02	1.474282e+01
1.559000e-05	-1.777939e-02	1.481906e+01
1.560000e-05	-1.425480e-02	1.488376e+01
1.561000e-05	-2.350494e-02	1.494742e+01
1.562000e-05	-3.620838e-02	1.506071e+01
1.563000e-05	-2.432999e-02	1.514482e+01
1.564000e-05	-1.990192e-02	1.522605e+01
1.565000e-05	-1.993147e-02	1.531129e+01
1.566000e-05	-3.897779e-02	1.537479e+01
1.567000e-05	-3.803469e-02	1.537800e+01
1.568000e-05	-2.884463e-02	1.546861e+01
1.569000e-05	-2.332984e-02	1.550314e+01
1.570000e-05	-3.309657e-02	1.553434e+01
1.571000e-05	-4.158757e-02	1.559539e+01
1.572000e-05	-3.388044e-02	1.557643e+01
1.573000e-05	-3.258595e-02	1.561850e+01
1.574000e-05	-3.924230e-02	1.562060e+01
1.575000e-05	-5.424300e-02	1.570005e+01
1.576000e-05	-5.130707e-02	1.567103e+01
1.577000e-05	-4.620716e-02	1.567855e+01
1.578000e-05	-4.744324e-02	1.565011e+01
1.579000e-05	-6.357228e-02	1.561848e+01
1.580000e-05	-7.417546e-02	1.565745e+01
1.581000e-05	-7.321869e-02	1.558585e+01
1.582000e-05	-8.443523e-02	1.554486e+01
1.583000e-05	-1.076696e-01	1.549324e+01
1.584000e-05	-1.474659e-01	1.546171e+01
1.585000e-05	-1.902758e-01	1.544053e+01
1.586000e-05	-2.405774e-01	1.538444e+01
1.587000e-05	-2.500000e-01	1.533234e+01
1.588000e-05	-2.500000e-01	1.530166e+01
1.589000e-05	-2.500000e-01	1.522697e+01
1.590000e-05	-2.484084e-01	1.512279e+01
1.591000e-05	-2.039144e-01	1.501968e+01
1.592000e-05	-1.390270e-01	1.495642e+01
1.593000e-05	-1.045571e-01	1.488020e+01
1.594000e-05	-7.251084e-02	1.472494e+01
1.595000e-05	-5.327231e-02	1.463061e+01
1.596000e-05	-4.335960e-02	1.458492e+01
1.597000e-05	-4.473600e-02	1.445218e+01
1.598000e-05	-3.705547e-02	1.432331e+01
1.599000e-05	-2.740776e-02	1.421915e+01
1.600000e-05	-2.283879e-02	1.408158e+01
1.601000e-05	-2.923215e-02	1.396278e+01
1.602000e-05	-2.933083e-02	1.375647e+01
1.603000e-05	-2.290996e-02	1.366963e+01
1.604000e-05	-1.775473e-02	1.351221e+01
1.605000e-05	-2.094865e-02	1.333384e+01
1.606000e-05	-2.580412e-02	1.322744e+01
1.607000e-05	-2.137823e-02	1.306005e+01
1.608000e-05	-1.410246e-02	1.287173e+01
1.609000e-05	-1.537976e-02	1.266216e+01
1.610000e-05	-2.094178e-02	1.250629e+01
1.611000e-05	-2.234291e-02	1.234589e+01
1.612000e-05	-1.558583e-02	1.219747e+01
1.613000e-05	-1.265175e-02	1.200646e+01
1.614000e-05	-1.706158e-02	1.179682e+01
1.615000e-05	-2.006893e-02	1.158492e+01
1.616000e-05	-1.627683e-02	1.135542e+01
1.617000e-05	-1.008796e-02	1.114692e+01
1.618000e-05	-1.288327e-02	1.095386e+01
1.619000e-05	-1.736919e-02	1.073691e+01
1.620000e-05	-1.682258e-02	1.050386e+01
1.621000e-05	-1.089465e-02	1.033318e+01
1.622000e-05	-1.149175e-02	1.010215e+01
1.623000e-05	-1.540194e-02	9.889574e+00
1.624000e-05	-1.707842e-02	9.569492e+00
1.625000e-05	-1.179101e-02	9.397913e+00
1.626000e-05	-8.221818e-03	9.155413e+00
1.627000e-05	-1.081913e-02	8.913781e+00
1.628000e-05	-1.413560e-02	8.692129e+00
1.629000e-05	-1.301218e-02	8.450122e+00
1.630000e-05	-7.511860e-03	8.168992e+00
1.631000e-05	-8.763443e-03	7.944886e+00
1.632000e-05	-1.291989e-02	7.702128e+00
1.633000e-05	-1.352128e-02	7.419544e+00
1.634000e-05	-9.497642e-03	7.134912e+00
1.635000e-05	-7.699523e-03	6.893254e+00
1.636000e-05	-1.115983e-02	6.611017e+00
1.637000e-05	-1.188131e-02	6.324836e+00
1.638000e-05	-1.029474e-02	6.082733e+00
1.639000e-05	-5.823050e-03	5.830995e+00
1.640000e-05	-8.404549e-03	5.516383e+00
1.641000e-05	-1.177348e-02	5.273172e+00
1.642000e-05	-1.139580e-02	4.894828e+00
1.643000e-05	-7.422021e-03	4.668549e+00
1.644000e-05	-6.235307e-03	4.387937e+00
1.645000e-05	-8.538619e-03	4.061204e+00
1.646000e-05	-8.925058e-03	3.791015e+00
1.647000e-05	-7.410094e-03	3.527254e+00
1.648000e-05	-5.272445e-03	3.220446e+00
1.649000e-05	-7.513007e-03	2.935886e+00
1.650000e-05	-1.064039e-02	2.683173e+00
1.651000e-05	-1.016715e-02	2.347889e+00
1.652000e-05	-6.094753e-03	2.095731e+00
1.653000e-05	-4.928233e-03	1.860617e+00
1.654000e-05	-6.868112e-03	1.515329e+00
1.655000e-05	-7.163518e-03	1.232566e+00
1.656000e-05	-5.632635e-03	8.526991e-01
1.657000e-05	-3.418677e-03	5.764148e-01
1.658000e-05	-4.641854e-03	3.357317e-01
1.659000e-05	-5.213687e-03	1.799229e-02
1.660000e-05	3.292392e-03	-2.541155e-01
1.661000e-05	7.436145e-03	-4.847523e-01
1.662000e-05	-8.571519e-04	-8.215852e-01
1.663000e-05	1.624467e-03	-1.084114e+00
1.664000e-05	-2.913054e-03	-1.398502e+00
1.665000e-05	2.313494e-03	-1.642088e+00
1.666000e-05	1.307590e-02	-1.913716e+00
1.667000e-05	6.296989e-02	-2.143772e+00
1.668000e-05	1.068132e-01	-2.459666e+00
1.669000e-05	-8.376486e-02	-2.854173e+00
1.670000e-05	-3.660028e-03	-3.232117e+00
1.671000e-05	-4.869562e-02	-3.464717e+00
1.672000e-05	-1.903770e-02	-3.744173e+00
1.673000e-05	-1.011271e-01	-3.967900e+00
1.674000e-05	1.780088e-01	-4.105725e+00
1.675000e-05	-6.979760e-02	-4.367908e+00
1.676000e-05	1.227332e-02	-4.715796e+00
1.677000e-05	1.385032e-01	-4.966424e+00
1.678000e-05	-1.903967e-01	-5.312726e+00
1.679000e-05	1.848549e-01	-5.638979e+00
1.680000e-05	-1.607649e-01	-5.861112e+00
1.681000e-05	7.815027e-02	-6.125850e+00
1.682000e-05	5.786794e-02	-6.387925e+00
1.683000e-05	-9.133001e-02	-6.685724e+00
1.684000e-05	1.404886e-01	-6.997421e+00
1.685000e-05	-1.485954e-01	-7.203019e+00
1.686000e-05	1.170863e-01	-7.513320e+00
1.687000e-05	-6.096122e-02	-7.787835e+00
1.688000e-05	2.738499e-02	-8.073689e+00
1.689000e-05	7.819997e-02	-8.272588e+00
1.690000e-05	-9.364456e-02	-8.563773e+00
1.691000e-05	1.303257e-01	-8.808033e+00
1.692000e-05	-1.272877e-01	-9.030115e+00
1.693000e-05	8.604254e-02	-9.283166e+00
1.694000e-05	-4.358160e-02	-9.472744e+00
1.695000e-05	5.794414e-02	-9.727374e+00
1.696000e-05	2.580095e-02	-9.935879e+00
1.697000e-05	-2.625578e-02	-1.021903e+01
1.698000e-05	5.483367e-02	-1.043751e+01
1.699000e-05	-6.579670e-02	-1.065169e+01
1.700000e-05	7.928954e-02	-1.082906e+01
1.701000e-05	-5.696050e-02	-1.103966e+01
1.702000e-05	7.335597e-02	-1.129371e+01
1.703000e-05	-2.783080e-02	-1.149072e+01
1.704000e-05	4.704094e-02	-1.171329e+01
1.705000e-05	-1.430944e-02	-1.186025e+01
1.706000e-05	1.246427e-02	-1.214525e+01
1.707000e-05	1.122998e-02	-1.228369e+01
1.708000e-05	1.440539e-02	-1.252322e+01
1.709000e-05	3.282967e-02	-1.263971e+01
1.710000e-05	-7.160374e-03	-1.285911e+01
1.711000e-05	2.198685e-02	-1.300900e+01
1.712000e-05	-8.542635e-03	-1.315540e+01
1.713000e-05	3.071269e-02	-1.331232e+01
1.714000e-05	-2.806949e-03	-1.347069e+01
1.715000e-05	3.239036e-02	-1.363748e+01
1.716000e-05	7.998688e-03	-1.376538e+01
1.717000e-05	2.992497e-02	-1.392279e+01
1.718000e-05	1.603765e-03	-1.405916e+01
1.719000e-05	1.293402e-02	-1.418650e+01
1.720000e-05	5.104932e-03	-1.431425e+01
1.721000e-05	2.449662e-02	-1.440911e+01
1.722000e-05	1.959956e-02	-1.456440e+01
1.723000e-05	2.039190e-02	-1.466216e+01
1.724000e-05	1.638300e-02	-1.474385e+01
1.725000e-05	1.604079e-02	-1.487066e+01
1.726000e-05	2.249406e-02	-1.497440e+01
1.727000e-05	1.439982e-02	-1.505959e+01
1.728000e-05	2.316504e-02	-1.511332e+01
1.729000e-05	1.827648e-02	-1.519590e+01
1.730000e-05	2.940446e-02	-1.525058e+01
1.731000e-05	1.721879e-02	-1.535329e+01
1.732000e-05	2.117711e-02	-1.538593e+01
1.733000e-05	1.779429e-02	-1.546861e+01
1.734000e-05	3.074610e-02	-1.549322e+01
1.735000e-05	2.965955e-02	-1.553327e+01
1.736000e-05	3.034081e-02	-1.556593e+01
1.737000e-05	2.726494e-02	-1.560740e+01
1.738000e-05	2.998670e-02	-1.562803e+01
1.739000e-05	3.269251e-02	-1.563958e+01
1.740000e-05	3.176616e-02	-1.564914e+01
1.741000e-05	3.556323e-02	-1.564818e+01
1.742000e-05	4.057317e-02	-1.563969e+01
1.743000e-05	4.907033e-02	-1.568161e+01
1.744000e-05	5.073596e-02	-1.567913e+01
1.745000e-05	5.179219e-02	-1.562761e+01
1.746000e-05	5.916787e-02	-1.564853e+01
1.747000e-05	7.154288e-02	-1.557697e+01
1.748000e-05	8.634065e-02	-1.554495e+01
1.749000e-05	1.058837e-01	-1.550332e+01
1.750000e-05	1.375269e-01	-1.546211e+01
1.751000e-05	1.934856e-01	-1.538911e+01
1.752000e-05	2.439447e-01	-1.537799e+01
1.753000e-05	2.500000e-01	-1.530284e+01
1.754000e-05	2.500000e-01	-1.528913e+01
1.755000e-05	2.500000e-01	-1.516592e+01
1.756000e-05	2.458342e-01	-1.512269e+01
1.757000e-05	1.893590e-01	-1.505855e+01
1.758000e-05	1.207309e-01	-1.493436e+01
1.759000e-05	8.312388e-02	-1.484871e+01
1.760000e-05	6.158000e-02	-1.476592e+01
1.761000e-05	4.752495e-02	-1.466121e+01
1.762000e-05	3.620846e-02	-1.454594e+01
1.763000e-05	2.781945e-02	-1.445906e+01
1.764000e-05	2.446054e-02	-1.433421e+01
1.765000e-05	2.186956e-02	-1.421847e+01
1.766000e-05	1.878122e-02	-1.403915e+01
1.767000e-05	1.522144e-02	-1.395194e+01
1.768000e-05	1.427964e-02	-1.376592e+01
1.769000e-05	1.465102e-02	-1.361860e+01
1.770000e-05	1.396393e-02	-1.349261e+01
1.771000e-05	1.048949e-02	-1.336634e+01
1.772000e-05	8.258784e-03	-1.319800e+01
1.773000e-05	9.736211e-03	-1.303808e+01
1.774000e-05	9.868307e-03	-1.288171e+01
1.775000e-05	8.931444e-03	-1.271176e+01
1.776000e-05	6.922458e-03	-1.251282e+01
1.777000e-05	6.607720e-03	-1.235339e+01
1.778000e-05	5.310652e-03	-1.216494e+01
1.779000e-05	7.083197e-03	-1.197532e+01
1.780000e-05	2.832597e-03	-1.176494e+01
1.781000e-05	5.776251e-03	-1.152481e+01
1.782000e-05	5.846745e-03	-1.128126e+01
1.783000e-05	4.431512e-03	-1.107026e+01
1.784000e-05	4.322918e-03	-1.088066e+01
1.785000e-05	-1.905292e-03	-1.066073e+01
1.786000e-05	1.665246e-03	-1.048067e+01
1.787000e-05	4.225124e-04	-1.022055e+01
1.788000e-05	5.138999e-03	-1.002710e+01
1.789000e-05	1.071516e-03	-9.779498e+00
1.790000e-05	3.210310e-03	-9.595969e+00
1.791000e-05	1.522122e-03	-9.324863e+00
1.792000e-05	6.608136e-04	-9.063184e+00
1.793000e-05	-3.164847e-03	-8.892207e+00
1.794000e-05	-4.175657e-03	-8.618098e+00
1.795000e-05	-1.917201e-03	-8.417966e+00
1.796000e-05	2.449695e-05	-8.156962e+00
1.797000e-05	1.276528e-03	-7.913181e+00
1.798000e-05	-2.117631e-03	-7.617470e+00
1.799000e-05	-1.673209e-03	-7.366338e+00
1.800000e-05	-2.663182e-03	-7.044178e+00
1.801000e-05	-2.839385e-03	-6.818548e+00
1.802000e-05	-5.431895e-03	-6.545913e+00
1.803000e-05	-5.310994e-03	-6.312734e+00
1.804000e-05	-3.809035e-03	-6.009572e+00
1.805000e-05	-4.325452e-03	-5.746883e+00
1.806000e-05	-3.195105e-03	-5.473156e+00
1.807000e-05	-6.541008e-03	-5.127917e+00
1.808000e-05	-3.802898e-03	-4.821100e+00
1.809000e-05	-4.252453e-03	-4.545888e+00
1.810000e-05	-5.151893e-03	-4.334786e+00
1.811000e-05	-6.471239e-03	-4.070651e+00
1.812000e-05	-8.323075e-03	-3.726910e+00
1.813000e-05	-6.456290e-03	-3.493230e+00
1.814000e-05	-9.034084e-03	-3.249045e+00
1.815000e-05	-7.112632e-03	-2.893779e+00
1.816000e-05	-7.603562e-03	-2.610496e+00
1.817000e-05	-4.669188e-03	-2.355890e+00
1.818000e-05	-6.146026e-03	-2.031548e+00
1.819000e-05	-6.897106e-03	-1.756302e+00
1.820000e-05	-1.019959e-02	-1.443127e+00
1.821000e-05	-8.852332e-03	-1.145287e+00
1.822000e-05	-9.863013e-03	-8.122027e-01
1.823000e-05	-8.714897e-03	-5.663346e-01
1.824000e-05	-7.979600e-03	-2.427266e-01
1.825000e-05	-5.261168e-03	1.203144e-02
1.826000e-05	9.436504e-03	2.967959e-01
1.827000e-05	-3.922036e-03	5.773723e-01
1.828000e-05	2.099903e-03	8.299855e-01
1.829000e-05	-6.344472e-03	1.106299e+00
1.830000e-05	-9.328237e-04	1.421634e+00
1.831000e-05	-6.316484e-03	1.746301e+00
1.832000e-05	7.907321e-03	1.966897e+00
1.833000e-05	3.083555e-02	2.181503e+00
1.834000e-05	1.020328e-01	2.505270e+00
1.835000e-05	-4.386536e-02	2.882113e+00
1.836000e-05	-5.126042e-02	3.146422e+00
1.837000e-05	-4.114076e-02	3.449563e+00
1.838000e-05	-1.961848e-02	3.685318e+00
1.839000e-05	-6.326182e-02	3.948246e+00
1.840000e-05	-3.881904e-02	4.167026e+00
1.841000e-05	1.221704e-01	4.462138e+00
1.842000e-05	-7.503694e-02	4.747274e+00
1.843000e-05	4.037712e-02	4.959478e+00
1.844000e-05	7.095904e-02	5.345300e+00
1.845000e-05	-1.385430e-01	5.599004e+00
1.846000e-05	8.295191e-02	5.914269e+00
1.847000e-05	-7.010595e-02	6.178950e+00
1.848000e-05	6.029488e-02	6.390529e+00
1.849000e-05	-1.836319e-02	6.744322e+00
1.850000e-05	-4.601522e-02	6.986425e+00
1.851000e-05	3.469328e-02	7.251034e+00
1.852000e-05	-5.849086e-02	7.545346e+00
1.853000e-05	4.726449e-02	7.807932e+00
1.854000e-05	-7.364250e-02	8.115845e+00
1.855000e-05	4.773882e-02	8.356873e+00
1.856000e-05	2.305646e-03	8.577430e+00
1.857000e-05	-2.630298e-02	8.799425e+00
1.858000e-05	1.033730e-02	9.059088e+00
1.859000e-05	-6.782222e-02	9.273242e+00
1.860000e-05	3.619225e-02	9.533772e+00
1.861000e-05	-2.050975e-02	9.786347e+00
1.862000e-05	2.397747e-02	9.976001e+00
1.863000e-05	-4.423889e-02	1.022895e+01
1.864000e-05	2.169007e-03	1.040999e+01
1.865000e-05	-5.749748e-03	1.063066e+01
1.866000e-05	-2.348793e-02	1.088309e+01
1.867000e-05	-9.262609e-03	1.106264e+01
1.868000e-05	-2.784898e-02	1.129216e+01
1.869000e-05	2.178914e-02	1.154382e+01
1.870000e-05	-2.000232e-02	1.168277e+01
1.871000e-05	-7.646549e-03	1.190332e+01
1.872000e-05	-4.183029e-02	1.213327e+01
1.873000e-05	1.481939e-03	1.227279e+01
1.874000e-05	-7.198214e-03	1.247224e+01
1.875000e-05	-5.815354e-03	1.263111e+01
1.876000e-05	-2.566333e-02	1.282953e+01
1.877000e-05	-2.133059e-02	1.297655e+01
1.878000e-05	-5.297030e-03	1.318490e+01
1.879000e-05	-1.958346e-02	1.332379e+01
1.880000e-05	-1.917978e-02	1.348911e+01
1.881000e-05	-2.811822e-02	1.363796e+01
1.882000e-05	1.454583e-03	1.373527e+01
1.883000e-05	-1.197781e-02	1.390327e+01
1.884000e-05	-1.999406e-02	1.402008e+01
1.885000e-05	-3.744315e-02	1.418808e+01
1.886000e-05	-1.966450e-02	1.433477e+01
1.887000e-05	-1.039685e-02	1.445966e+01
1.888000e-05	-1.708815e-02	1.456537e+01
1.889000e-05	-2.573981e-02	1.465219e+01
1.890000e-05	-2.797242e-02	1.477550e+01
1.891000e-05	-1.130677e-02	1.488166e+01
1.892000e-05	-2.385513e-02	1.496289e+01
1.893000e-05	-2.809109e-02	1.501798e+01
1.894000e-05	-3.391646e-02	1.513271e+01
1.895000e-05	-1.936089e-02	1.517490e+01
1.896000e-05	-1.846285e-02	1.526906e+01
1.897000e-05	-3.014837e-02	1.530179e+01
1.898000e-05	-3.908778e-02	1.537540e+01
1.899000e-05	-3.597099e-02	1.539903e+01
1.900000e-05	-2.305101e-02	1.547166e+01
1.901000e-05	-2.982082e-02	1.549176e+01
1.902000e-05	-3.694525e-02	1.557387e+01
1.903000e-05	-4.296872e-02	1.557638e+01
1.904000e-05	-2.992816e-02	1.559000e+01
1.905000e-05	-3.696432e-02	1.559758e+01
1.906000e-05	-4.498934e-02	1.565763e+01
1.907000e-05	-5.150952e-02	1.561860e+01
1.908000e-05	-4.682001e-02	1.563848e+01
1.909000e-05	-4.275188e-02	1.567008e+01
1.910000e-05	-5.917000e-02	1.562065e+01
1.911000e-05	-7.070670e-02	1.562843e+01
1.912000e-05	-7.877544e-02	1.556702e+01
1.913000e-05	-7.636583e-02	1.558542e+01
1.914000e-05	-9.502637e-02	1.549477e+01
1.915000e-05	-1.252822e-01	1.551174e+01
1.916000e-05	-1.655739e-01	1.544873e+01
1.917000e-05	-2.187923e-01	1.537795e+01
1.918000e-05	-2.496909e-01	1.536342e+01
1.919000e-05	-2.500000e-01	1.529321e+01
1.920000e-05	-2.500000e-01	1.525810e+01
1.921000e-05	-2.500000e-01	1.517537e+01
1.922000e-05	-2.334859e-01	1.511114e+01
1.923000e-05	-1.656529e-01	1.499810e+01
1.924000e-05	-1.179301e-01	1.491326e+01
1.925000e-05	-8.552006e-02	1.482702e+01
1.926000e-05	-6.052358e-02	1.468427e+01
1.927000e-05	-4.549370e-02	1.463897e+01
1.928000e-05	-4.579126e-02	1.450224e+01
1.929000e-05	-4.151583e-02	1.439697e+01
1.930000e-05	-3.381058e-02	1.427168e+01
1.931000e-05	-2.396546e-02	1.410486e+01
1.932000e-05	-2.705367e-02	1.399797e+01
1.933000e-05	-2.836905e-02	1.386968e+01
1.934000e-05	-2.571500e-02	1.374179e+01
1.935000e-05	-1.789450e-02	1.357587e+01
1.936000e-05	-1.833492e-02	1.339962e+01
1.937000e-05	-2.397190e-02	1.332168e+01
1.938000e-05	-2.434106e-02	1.312223e+01
1.939000e-05	-1.912505e-02	1.291581e+01
1.940000e-05	-1.483953e-02	1.279749e+01
1.941000e-05	-1.868942e-02	1.264915e+01
1.942000e-05	-2.131161e-02	1.243850e+01
1.943000e-05	-1.770102e-02	1.230165e+01
1.944000e-05	-1.337123e-02	1.208221e+01
1.945000e-05	-1.416867e-02	1.189270e+01
1.946000e-05	-2.050300e-02	1.171260e+01
1.947000e-05	-1.906296e-02	1.146113e+01
1.948000e-05	-1.380542e-02	1.122917e+01
1.949000e-05	-1.089087e-02	1.104960e+01
1.950000e-05	-1.511680e-02	1.083155e+01
1.951000e-05	-1.736130e-02	1.059000e+01
1.952000e-05	-1.247255e-02	1.043912e+01
1.953000e-05	-1.059788e-02	1.017602e+01
1.954000e-05	-1.193883e-02	9.975290e+00
1.955000e-05	-1.635502e-02	9.753233e+00
1.956000e-05	-1.419838e-02	9.451153e+00
1.957000e-05	-1.090282e-02	9.250175e+00
1.958000e-05	-1.050973e-02	9.048521e+00
1.959000e-05	-1.460356e-02	8.767544e+00
1.960000e-05	-1.372310e-02	8.576460e+00
1.961000e-05	-9.678110e-03	8.326311e+00
1.962000e-05	-6.907560e-03	8.051628e+00
1.963000e-05	-9.741828e-03	7.798442e+00
1.964000e-05	-1.326053e-02	7.527311e+00
1.965000e-05	-1.226058e-02	7.290524e+00
1.966000e-05	-9.394906e-03	7.009969e+00
1.967000e-05	-1.024764e-02	6.786336e+00
1.968000e-05	-1.230581e-02	6.451178e+00
1.969000e-05	-1.076941e-02	6.189994e+00
1.970000e-05	-7.365602e-03	5.945938e+00
1.971000e-05	-5.341882e-03	5.681228e+00
1.972000e-05	-9.074764e-03	5.458540e+00
1.973000e-05	-1.111322e-02	5.093226e+00
1.974000e-05	-9.922052e-03	4.765913e+00
1.975000e-05	-7.128085e-03	4.494251e+00
1.976000e-05	-8.470039e-03	4.189094e+00
1.977000e-05	-1.021508e-02	3.914784e+00
1.978000e-05	-8.846212e-03	3.683653e+00
1.979000e-05	-4.804549e-03	3.358012e+00
1.980000e-05	-4.789690e-03	3.082775e+00
1.981000e-05	-7.594740e-03	2.811495e+00
1.982000e-05	-9.458589e-03	2.525285e+00
1.983000e-05	-7.124118e-03	2.200017e+00
1.984000e-05	-6.234273e-03	1.968888e+00
1.985000e-05	-6.747796e-03	1.643675e+00
1.986000e-05	-8.302977e-03	1.338386e+00
1.987000e-05	-6.371590e-03	1.010616e+00
1.988000e-05	-3.554199e-03	7.152843e-01
1.989000e-05	-3.217628e-03	4.616467e-01
1.990000e-05	-4.661192e-03	1.384347e-01
1.991000e-05	-2.639508e-03	-1.258272e-01
1.992000e-05	1.214429e-02	-3.895011e-01
1.993000e-05	-1.877952e-03	-6.626931e-01
1.994000e-05	4.386473e-03	-9.483485e-01
1.995000e-05	-5.564501e-03	-1.271565e+00
1.996000e-05	2.529506e-03	-1.536795e+00
1.997000e-05	1.766799e-03	-1.788409e+00
1.998000e-05	3.204411e-02	-2.010004e+00
1.999000e-05	1.164188e-01	-2.273120e+00
2.000000e-05	-4.921984e-03	-2.664239e+00
2.001000e-05	-5.236284e-02	-3.112596e+00
2.002000e-05	-1.836705e-02	-3.388953e+00
2.003000e-05	-3.257267e-02	-3.596980e+00
2.004000e-05	-7.145413e-02	-3.860065e+00
2.005000e-05	2.121594e-02	-4.030507e+00
2.006000e-05	1.455708e-01	-4.220637e+00
2.007000e-05	-1.794020e-01	-4.596275e+00
2.008000e-05	2.162035e-01	-4.810013e+00
2.009000e-05	-1.136276e-01	-5.094751e+00
2.010000e-05	2.389775e-02	-5.483743e+00
2.011000e-05	4.870576e-02	-5.693193e+00
2.012000e-05	-1.406308e-01	-5.999505e+00
2.013000e-05	2.012751e-01	-6.221743e+00
2.014000e-05	-1.331599e-01	-6.534377e+00
2.015000e-05	9.972479e-02	-6.821038e+00
2.016000e-05	-3.322489e-02	-7.074193e+00
2.017000e-05	-4.183841e-02	-7.400429e+00
2.018000e-05	1.009293e-01	-7.641060e+00
2.019000e-05	-1.163417e-01	-7.944822e+00
2.020000e-05	1.608966e-01	-8.195954e+00
2.021000e-05	-9.668515e-02	-8.430041e+00
2.022000e-05	7.395472e-02	-8.634796e+00
2.023000e-05	-1.112830e-02	-8.944925e+00
2.024000e-05	-5.348953e-02	-9.148427e+00
2.025000e-05	7.638171e-02	-9.356906e+00
2.026000e-05	-6.343708e-02	-9.618087e+00
2.027000e-05	1.269994e-01	-9.841662e+00
2.028000e-05	-8.186340e-02	-1.009317e+01
2.029000e-05	8.272894e-02	-1.033337e+01
2.030000e-05	-5.987904e-02	-1.054495e+01
2.031000e-05	4.293474e-02	-1.073638e+01
2.032000e-05	-4.044837e-03	-1.092535e+01
2.033000e-05	4.917104e-03	-1.118600e+01
2.034000e-05	3.976373e-02	-1.138688e+01
2.035000e-05	-1.617757e-02	-1.164756e+01
2.036000e-05	4.772599e-02	-1.177861e+01
2.037000e-05	-3.727884e-02	-1.201911e+01
2.038000e-05	4.435014e-02	-1.217808e+01
2.039000e-05	-1.650538e-02	-1.241801e+01
2.040000e-05	5.386390e-02	-1.256745e+01
2.041000e-05	-9.360658e-03	-1.273628e+01
2.042000e-05	2.331985e-02	-1.295475e+01
2.043000e-05	-6.795650e-03	-1.304164e+01
2.044000e-05	1.896289e-02	-1.326809e+01
2.045000e-05	9.341326e-03	-1.339700e+01
2.046000e-05	1.437365e-02	-1.356640e+01
2.047000e-05	2.334097e-02	-1.369964e+01
2.048000e-05	1.666862e-02	-1.389914e+01
2.049000e-05	2.263555e-02	-1.396750e+01
2.050000e-05	1.787461e-03	-1.413432e+01
2.051000e-05	1.283412e-02	-1.425011e+01
2.052000e-05	9.342497e-03	-1.439648e+01
2.053000e-05	2.676723e-02	-1.454274e+01
2.054000e-05	1.440673e-02	-1.461708e+01
2.055000e-05	2.141658e-02	-1.475225e+01
2.056000e-05	1.110596e-02	-1.480761e+01
2.057000e-05	2.494426e-02	-1.491279e+01
2.058000e-05	1.627259e-02	-1.501748e+01
2.059000e-05	2.194426e-02	-1.507124e+01
2.060000e-05	1.738465e-02	-1.515389e+01
2.061000e-05	2.603758e-02	-1.522813e+01
2.062000e-05	2.094876e-02	-1.531114e+01
2.063000e-05	1.975526e-02	-1.538385e+01
2.064000e-05	1.800050e-02	-1.541700e+01
2.065000e-05	2.395971e-02	-1.546916e+01
2.066000e-05	3.233272e-02	-1.550427e+01
2.067000e-05	2.933134e-02	-1.555445e+01
2.068000e-05	2.952191e-02	-1.559655e+01
2.069000e-05	2.617250e-02	-1.563758e+01
2.070000e-05	3.273944e-02	-1.565853e+01
2.071000e-05	3.221342e-02	-1.563018e+01
2.072000e-05	3.450191e-02	-1.561921e+01
2.073000e-05	3.557889e-02	-1.568119e+01
2.074000e-05	4.537456e-02	-1.564121e+01
2.075000e-05	5.024487e-02	-1.565016e+01
2.076000e-05	5.293058e-02	-1.557858e+01
2.077000e-05	5.411358e-02	-1.560861e+01
2.078000e-05	6.436373e-02	-1.560753e+01
2.079000e-05	7.879854e-02	-1.559595e+01
2.080000e-05	9.647870e-02	-1.554432e+01
2.081000e-05	1.198770e-01	-1.553174e+01
2.082000e-05	1.635913e-01	-1.540066e+01
2.083000e-05	2.263641e-01	-1.541855e+01
2.084000e-05	2.499820e-01	-1.536385e+01
2.085000e-05	2.500000e-01	-1.533177e+01
2.086000e-05	2.500000e-01	-1.522856e+01
2.087000e-05	2.499650e-01	-1.511534e+01
2.088000e-05	2.235337e-01	-1.509021e+01
2.089000e-05	1.505293e-01	-1.498547e+01
2.090000e-05	9.760725e-02	-1.489326e+01
2.091000e-05	7.016454e-02	-1.482745e+01
2.092000e-05	5.428917e-02	-1.475281e+01
2.093000e-05	4.210858e-02	-1.461758e+01
2.094000e-05	3.009437e-02	-1.454221e+01
2.095000e-05	2.506788e-02	-1.438587e+01
2.096000e-05	2.291730e-02	-1.427123e+01
2.097000e-05	2.143186e-02	-1.411176e+01
2.098000e-05	1.642644e-02	-1.401650e+01
2.099000e-05	1.429896e-02	-1.386915e+01
2.100000e-05	1.386901e-02	-1.370329e+01
2.101000e-05	1.496701e-02	-1.359444e+01
2.102000e-05	1.246100e-02	-1.341848e+01
2.103000e-05	9.009056e-03	-1.325923e+01
2.104000e-05	7.879858e-03	-1.310226e+01
2.105000e-05	1.009899e-02	-1.294484e+01
2.106000e-05	1.020734e-02	-1.276692e+01
2.107000e-05	7.567691e-03	-1.258800e+01
2.108000e-05	5.898380e-03	-1.246860e+01
2.109000e-05	6.536946e-03	-1.227063e+01
2.110000e-05	7.361547e-03	-1.210963e+01
2.111000e-05	5.231723e-03	-1.180115e+01
2.112000e-05	3.256129e-03	-1.166808e+01
2.113000e-05	3.291893e-03	-1.139790e+01
2.114000e-05	5.037474e-03	-1.116649e+01
2.115000e-05	4.195573e-03	-1.096589e+01
2.116000e-05	2.746339e-03	-1.078645e+01
2.117000e-05	1.468431e-03	-1.055794e+01
2.118000e-05	2.436999e-03	-1.036532e+01
2.119000e-05	2.556835e-03	-1.016384e+01
2.120000e-05	2.077869e-03	-9.872183e+00
2.121000e-05	4.201214e-04	-9.694229e+00
2.122000e-05	3.444108e-04	-9.469251e+00
2.123000e-05	1.677594e-03	-9.228624e+00
2.124000e-05	-5.324549e-04	-9.008467e+00
2.125000e-05	-2.100747e-03	-8.754341e+00
2.126000e-05	-2.133236e-03	-8.522810e+00
2.127000e-05	2.935791e-04	-8.251653e+00
2.128000e-05	-4.468055e-04	-8.050025e+00
2.129000e-05	-1.909805e-03	-7.764387e+00
2.130000e-05	-3.289824e-03	-7.482678e+00
2.131000e-05	-1.927903e-03	-7.199074e+00
2.132000e-05	-2.767947e-03	-6.932790e+00
2.133000e-05	-2.912125e-03	-6.641558e+00
2.134000e-05	-5.779530e-03	-6.421150e+00
2.135000e-05	-3.864550e-03	-6.124412e+00
2.136000e-05	-4.495610e-03	-5.892653e+00
2.137000e-05	-2.589451e-03	-5.621047e+00
2.138000e-05	-5.500420e-03	-5.282761e+00
2.139000e-05	-5.304508e-03	-5.000565e+00
2.140000e-05	-5.248460e-03	-4.641755e+00
2.141000e-05	-4.165978e-03	-4.420521e+00
2.142000e-05	-6.521789e-03	-4.189940e+00
2.143000e-05	-6.553187e-03	-3.884182e+00
2.144000e-05	-7.239823e-03	-3.618571e+00
2.145000e-05	-6.357985e-03	-3.326363e+00
2.146000e-05	-8.027937e-03	-3.042025e+00
2.147000e-05	-7.608976e-03	-2.726335e+00
2.148000e-05	-7.579168e-03	-2.464227e+00
2.149000e-05	-5.679631e-03	-2.176965e+00
2.150000e-05	-6.025437e-03	-1.893207e+00
2.151000e-05	-7.698562e-03	-1.602601e+00
2.152000e-05	-8.527366e-03	-1.284755e+00
2.153000e-05	-9.163167e-03	-9.669399e-01
2.154000e-05	-7.832776e-03	-7.157580e-01
2.155000e-05	-9.019581e-03	-3.584899e-01
2.156000e-05	-7.668322e-03	-8.531053e-02
2.157000e-05	-1.438038e-04	1.373036e-01
2.158000e-05	4.529375e-03	4.636316e-01
2.159000e-05	-3.608395e-03	7.252657e-01
2.160000e-05	5.874774e-04	9.688537e-01
2.161000e-05	-6.253454e-03	1.304740e+00
2.162000e-05	-4.780342e-05	1.608879e+00
2.163000e-05	-2.284269e-03	1.891159e+00
2.164000e-05	1.841560e-02	2.063738e+00
2.165000e-05	7.347207e-02	2.378325e+00
2.166000e-05	4.941685e-02	2.694770e+00
2.167000e-05	-8.425309e-02	3.020506e+00
2.168000e-05	-3.008611e-02	3.314292e+00
2.169000e-05	-4.084482e-02	3.611529e+00
2.170000e-05	-2.396531e-02	3.840559e+00
2.171000e-05	-7.875995e-02	4.053082e+00
2.172000e-05	5.264344e-02	4.293795e+00
2.173000e-05	7.261471e-02	4.620584e+00
2.174000e-05	-1.186330e-01	4.885687e+00
2.175000e-05	1.792892e-01	5.158899e+00
2.176000e-05	-1.352380e-01	5.514219e+00
2.177000e-05	1.587242e-02	5.726273e+00
2.178000e-05	5.196712e-03	6.081590e+00
2.179000e-05	-3.054434e-02	6.304818e+00
2.180000e-05	6.956399e-02	6.598425e+00
2.181000e-05	-8.890573e-02	6.871137e+00
2.182000e-05	4.463924e-02	7.155299e+00
2.183000e-05	-4.929751e-02	7.429479e+00
2.184000e-05	1.915639e-02	7.705165e+00
2.185000e-05	-2.433968e-02	7.957931e+00
2.186000e-05	-1.989495e-02	8.290585e+00
2.187000e-05	5.046314e-02	8.482587e+00
2.188000e-05	-3.755750e-02	8.662665e+00
2.189000e-05	1.078911e-02	8.935293e+00
2.190000e-05	-4.261703e-02	9.147926e+00
2.191000e-05	-1.744811e-02	9.417901e+00
2.192000e-05	1.793735e-02	9.640062e+00
2.193000e-05	-4.159818e-03	9.882166e+00
2.194000e-05	-3.529260e-03	1.010372e+01
2.195000e-05	-3.280338e-02	1.033429e+01
2.196000e-05	1.200979e-02	1.058492e+01
2.197000e-05	-2.269564e-02	1.073487e+01
2.198000e-05	-1.409521e-02	1.101602e+01
2.199000e-05	-2.194058e-02	1.121693e+01
2.200000e-05	-3.912969e-03	1.138845e+01
2.201000e-05	6.905179e-03	1.163998e+01
2.202000e-05	-1.790147e-02	1.178700e+01
2.203000e-05	-2.457385e-02	1.202799e+01
2.204000e-05	-2.201340e-02	1.218805e+01
2.205000e-05	1.055747e-03	1.241795e+01
2.206000e-05	-5.264866e-03	1.258690e+01
2.207000e-05	-1.829764e-02	1.272477e+01
2.208000e-05	-2.410969e-02	1.290224e+01
2.209000e-05	-1.475632e-02	1.311114e+01
2.210000e-05	-8.965138e-03	1.323908e+01
2.211000e-05	-2.176466e-02	1.340653e+01
2.212000e-05	-2.570955e-02	1.351379e+01
2.213000e-05	-1.116092e-02	1.371316e+01
2.214000e-05	-4.294611e-03	1.384000e+01
2.215000e-05	-1.309170e-02	1.397558e+01
2.216000e-05	-3.408410e-02	1.414232e+01
2.217000e-05	-2.625436e-02	1.428069e+01
2.218000e-05	-1.741180e-02	1.441698e+01
2.219000e-05	-9.065996e-03	1.449342e+01
2.220000e-05	-2.520255e-02	1.464010e+01
2.221000e-05	-2.709032e-02	1.473434e+01
2.222000e-05	-1.818683e-02	1.480798e+01
2.223000e-05	-1.662690e-02	1.490224e+01
2.224000e-05	-2.362040e-02	1.494650e+01
2.225000e-05	-3.622344e-02	1.507161e+01
2.226000e-05	-2.326751e-02	1.517487e+01
2.227000e-05	-2.095710e-02	1.522750e+01
2.228000e-05	-2.042602e-02	1.528121e+01
2.229000e-05	-3.916995e-02	1.534391e+01
2.230000e-05	-3.697782e-02	1.541797e+01
2.231000e-05	-2.848437e-02	1.546956e+01
2.232000e-05	-2.407476e-02	1.549213e+01
2.233000e-05	-3.279644e-02	1.555434e+01
2.234000e-05	-4.154466e-02	1.556537e+01
2.235000e-05	-3.432009e-02	1.560745e+01
2.236000e-05	-3.519120e-02	1.560800e+01
2.237000e-05	-4.009355e-02	1.565000e+01
2.238000e-05	-5.388961e-02	1.565805e+01
2.239000e-05	-4.909284e-02	1.566903e+01
2.240000e-05	-4.480550e-02	1.563958e+01
2.241000e-05	-4.857003e-02	1.566960e+01
2.242000e-05	-6.343487e-02	1.565703e+01
2.243000e-05	-7.429356e-02	1.560747e+01
2.244000e-05	-7.475374e-02	1.558590e+01
2.245000e-05	-8.710657e-02	1.552432e+01
2.246000e-05	-1.089638e-01	1.551376e+01
2.247000e-05	-1.486287e-01	1.548166e+01
2.248000e-05	-1.927091e-01	1.544857e+01
2.249000e-05	-2.417842e-01	1.536492e+01
2.250000e-05	-2.500000e-01	1.533489e+01
2.251000e-05	-2.500000e-01	1.527013e+01
2.252000e-05	-2.500000e-01	1.519703e+01
2.253000e-05	-2.476522e-01	1.517332e+01
2.254000e-05	-2.003449e-01	1.505016e+01
2.255000e-05	-1.358264e-01	1.493394e+01
2.256000e-05	-1.030941e-01	1.489065e+01
2.257000e-05	-7.157943e-02	1.475787e+01
2.258000e-05	-5.251707e-02	1.467265e+01
2.259000e-05	-4.263468e-02	1.457439e+01
2.260000e-05	-4.336121e-02	1.445868e+01
2.261000e-05	-3.679416e-02	1.437388e+01
2.262000e-05	-2.764980e-02	1.421907e+01
2.263000e-05	-2.422877e-02	1.407115e+01
2.264000e-05	-2.853760e-02	1.391426e+01
2.265000e-05	-3.002830e-02	1.378549e+01
2.266000e-05	-2.303759e-02	1.364962e+01
2.267000e-05	-1.895544e-02	1.349269e+01
2.268000e-05	-2.076257e-02	1.336589e+01
2.269000e-05	-2.480582e-02	1.319549e+01
2.270000e-05	-2.114874e-02	1.307858e+01
2.271000e-05	-1.528218e-02	1.284010e+01
2.272000e-05	-1.629063e-02	1.269120e+01
2.273000e-05	-2.063639e-02	1.254584e+01
2.274000e-05	-2.122561e-02	1.235531e+01
2.275000e-05	-1.532437e-02	1.216649e+01
2.276000e-05	-1.398091e-02	1.200444e+01
2.277000e-05	-1.750871e-02	1.177699e+01
2.278000e-05	-2.006470e-02	1.158437e+01
2.279000e-05	-1.653063e-02	1.133489e+01
2.280000e-05	-1.163274e-02	1.112483e+01
2.281000e-05	-1.347161e-02	1.096529e+01
2.282000e-05	-1.628259e-02	1.076433e+01
2.283000e-05	-1.531834e-02	1.055128e+01
2.284000e-05	-1.127729e-02	1.029173e+01
2.285000e-05	-1.115732e-02	1.009173e+01
2.286000e-05	-1.501636e-02	9.839649e+00
2.287000e-05	-1.608748e-02	9.607519e+00
2.288000e-05	-1.262989e-02	9.377939e+00
2.289000e-05	-9.689598e-03	9.135336e+00
2.290000e-05	-1.251549e-02	8.943288e+00
2.291000e-05	-1.437872e-02	8.660197e+00
2.292000e-05	-1.168101e-02	8.421673e+00
2.293000e-05	-7.780157e-03	8.169916e+00
2.294000e-05	-9.151289e-03	7.904307e+00
2.295000e-05	-1.269616e-02	7.651678e+00
2.296000e-05	-1.266641e-02	7.406964e+00
2.297000e-05	-9.288409e-03	7.114932e+00
2.298000e-05	-8.045973e-03	6.872175e+00
2.299000e-05	-1.117106e-02	6.577991e+00
2.300000e-05	-1.238553e-02	6.314757e+00
2.301000e-05	-9.322997e-03	6.073300e+00
2.302000e-05	-6.636778e-03	5.806941e+00
2.303000e-05	-8.001154e-03	5.515683e+00
2.304000e-05	-1.134299e-02	5.221096e+00
2.305000e-05	-1.009052e-02	4.882703e+00
2.306000e-05	-6.951865e-03	4.639570e+00
2.307000e-05	-6.537105e-03	4.356836e+00
2.308000e-05	-9.745255e-03	4.061174e+00
2.309000e-05	-1.018257e-02	3.769013e+00
2.310000e-05	-7.562020e-03	3.546186e+00
2.311000e-05	-5.450671e-03	3.221069e+00
2.312000e-05	-8.037019e-03	2.946833e+00
2.313000e-05	-9.669311e-03	2.714625e+00
2.314000e-05	-7.807842e-03	2.357336e+00
2.315000e-05	-5.344168e-03	2.073678e+00
2.316000e-05	-4.792663e-03	1.781516e+00
2.317000e-05	-7.367719e-03	1.484733e+00
2.318000e-05	-6.868571e-03	1.199965e+00
2.319000e-05	-4.328696e-03	8.642000e-01
2.320000e-05	-4.810651e-03	5.873634e-01
2.321000e-05	-6.384708e-03	3.347317e-01
2.322000e-05	-5.747329e-03	8.967228e-03
2.323000e-05	4.480629e-03	-2.636668e-01
2.324000e-05	6.091914e-03	-5.073499e-01
2.325000e-05	1.394140e-03	-8.415390e-01
2.326000e-05	2.006957e-03	-1.055243e+00
2.327000e-05	-9.827152e-04	-1.361982e+00
2.328000e-05	1.156257e-03	-1.643216e+00
2.329000e-05	1.358060e-02	-1.873773e+00
2.330000e-05	6.643383e-02	-2.084801e+00
2.331000e-05	9.757683e-02	-2.482147e+00
2.332000e-05	-8.522616e-02	-2.864224e+00
2.333000e-05	-5.368285e-05	-3.304242e+00
2.334000e-05	-4.917449e-02	-3.505692e+00
2.335000e-05	-2.021951e-02	-3.745252e+00
2.336000e-05	-9.658744e-02	-3.989905e+00
2.337000e-05	1.903852e-01	-4.135771e+00
2.338000e-05	-9.525442e-02	-4.408462e+00
2.339000e-05	4.051915e-02	-4.774847e+00
2.340000e-05	1.149807e-01	-4.965899e+00
2.341000e-05	-1.797349e-01	-5.317382e+00
2.342000e-05	1.855895e-01	-5.618056e+00
2.343000e-05	-1.788757e-01	-5.893088e+00
2.344000e-05	1.042738e-01	-6.146399e+00
2.345000e-05	3.276023e-02	-6.346531e+00
2.346000e-05	-7.134697e-02	-6.746300e+00
2.347000e-05	1.294862e-01	-6.955947e+00
2.348000e-05	-1.491547e-01	-7.280742e+00
2.349000e-05	1.280613e-01	-7.534829e+00
2.350000e-05	-7.907991e-02	-7.764459e+00
2.351000e-05	4.846200e-02	-8.113743e+00
2.352000e-05	5.704096e-02	-8.285292e+00
2.353000e-05	-7.854255e-02	-8.578409e+00
2.354000e-05	1.246006e-01	-8.839609e+00
2.355000e-05	-1.300199e-01	-9.083092e+00
2.356000e-05	9.618657e-02	-9.302242e+00
2.357000e-05	-5.555655e-02	-9.463248e+00
2.358000e-05	7.422712e-02	-9.757925e+00
2.359000e-05	8.043807e-03	-9.957329e+00
2.360000e-05	-1.256720e-02	-1.018754e+01
2.361000e-05	4.162297e-02	-1.044964e+01
2.362000e-05	-5.616117e-02	-1.069214e+01
2.363000e-05	7.616862e-02	-1.087959e+01
2.364000e-05	-5.485413e-02	-1.107319e+01
2.365000e-05	7.750197e-02	-1.127127e+01
2.366000e-05	-3.220903e-02	-1.150178e+01
2.367000e-05	5.156150e-02	-1.172487e+01
2.368000e-05	-2.288690e-02	-1.192432e+01
2.369000e-05	1.803879e-02	-1.214482e+01
2.370000e-05	5.303975e-03	-1.228277e+01
2.371000e-05	2.127042e-02	-1.250277e+01
2.372000e-05	2.792922e-02	-1.266121e+01
2.373000e-05	-3.423089e-03	-1.287914e+01
2.374000e-05	1.901049e-02	-1.302048e+01
2.375000e-05	-6.204148e-03	-1.318630e+01
2.376000e-05	2.922387e-02	-1.331229e+01
2.377000e-05	-1.485725e-03	-1.348071e+01
2.378000e-05	3.205524e-02	-1.361858e+01
2.379000e-05	7.660741e-03	-1.379793e+01
2.380000e-05	3.000004e-02	-1.392285e+01
2.381000e-05	3.429370e-04	-1.401966e+01
2.382000e-05	1.369907e-02	-1.420753e+01
2.383000e-05	4.423830e-03	-1.433175e+01
2.384000e-05	2.707196e-02	-1.444013e+01
2.385000e-05	1.932454e-02	-1.458438e+01
2.386000e-05	2.125505e-02	-1.467016e+01
2.387000e-05	1.467730e-02	-1.475643e+01
2.388000e-05	1.709511e-02	-1.488021e+01
2.389000e-05	2.139562e-02	-1.495537e+01
2.390000e-05	1.563661e-02	-1.502803e+01
2.391000e-05	2.210647e-02	-1.511274e+01
2.392000e-05	1.940254e-02	-1.518697e+01
2.393000e-05	2.911503e-02	-1.528063e+01
2.394000e-05	1.789487e-02	-1.535520e+01
2.395000e-05	2.191827e-02	-1.538705e+01
2.396000e-05	1.797999e-02	-1.542013e+01
2.397000e-05	3.038378e-02	-1.546177e+01
2.398000e-05	2.937704e-02	-1.553274e+01
2.399000e-05	2.850564e-02	-1.562643e+01
2.400000e-05	2.741271e-02	-1.558710e+01
2.401000e-05	2.991326e-02	-1.562808e+01
2.402000e-05	3.414511e-02	-1.564963e+01
2.403000e-05	3.268370e-02	-1.563971e+01
2.404000e-05	3.611052e-02	-1.566926e+01
2.405000e-05	3.986947e-02	-1.565973e+01
2.406000e-05	4.868374e-02	-1.565916e+01
2.407000e-05	5.076574e-02	-1.564808e+01
2.408000e-05	5.242589e-02	-1.565856e+01
2.409000e-05	5.890717e-02	-1.558605e+01
2.410000e-05	7.196125e-02	-1.562851e+01
2.411000e-05	8.817053e-02	-1.555542e+01
2.412000e-05	1.072696e-01	-1.554379e+01
2.413000e-05	1.402920e-01	-1.547071e+01
2.414000e-05	1.970735e-01	-1.545018e+01
2.415000e-05	2.448701e-01	-1.536692e+01
2.416000e-05	2.500000e-01	-1.534424e+01
2.417000e-05	2.500000e-01	-1.528969e+01
2.418000e-05	2.500000e-01	-1.521695e+01
2.419000e-05	2.446122e-01	-1.510976e+01
2.420000e-05	1.845519e-01	-1.503003e+01
2.421000e-05	1.181930e-01	-1.494289e+01
2.422000e-05	8.183437e-02	-1.482921e+01
2.423000e-05	6.137331e-02	-1.477484e+01
2.424000e-05	4.809681e-02	-1.468060e+01
2.425000e-05	3.456353e-02	-1.458530e+01
2.426000e-05	2.785877e-02	-1.444006e+01
2.427000e-05	2.435592e-02	-1.431271e+01
2.428000e-05	2.111113e-02	-1.422749e+01
2.429000e-05	1.811903e-02	-1.402858e+01
2.430000e-05	1.380710e-02	-1.392429e+01
2.431000e-05	1.449261e-02	-1.376439e+01
2.432000e-05	1.455214e-02	-1.360556e+01
2.433000e-05	1.411867e-02	-1.347116e+01
2.434000e-05	1.092149e-02	-1.333281e+01
2.435000e-05	9.187134e-03	-1.318539e+01
2.436000e-05	9.885022e-03	-1.299948e+01
2.437000e-05	9.818878e-03	-1.287871e+01
2.438000e-05	7.833910e-03	-1.266168e+01
2.439000e-05	6.156612e-03	-1.250339e+01
2.440000e-05	5.926707e-03	-1.234236e+01
2.441000e-05	6.963485e-03	-1.215397e+01
2.442000e-05	6.705591e-03	-1.194432e+01
2.443000e-05	2.660106e-03	-1.173239e+01
2.444000e-05	4.256575e-03	-1.152439e+01
2.445000e-05	3.864822e-03	-1.128113e+01
2.446000e-05	6.760527e-03	-1.107218e+01
2.447000e-05	4.179610e-03	-1.088218e+01
2.448000e-05	1.936294e-03	-1.067165e+01
2.449000e-05	3.010707e-03	-1.047113e+01
2.450000e-05	7.519115e-04	-1.020907e+01
2.451000e-05	1.716010e-03	-9.997621e+00
2.452000e-05	-2.334050e-03	-9.817016e+00
2.453000e-05	-5.339534e-04	-9.587315e+00
2.454000e-05	3.088488e-03	-9.354336e+00
2.455000e-05	1.940101e-03	-9.103760e+00
2.456000e-05	6.125669e-04	-8.852156e+00
2.457000e-05	-2.261341e-03	-8.670152e+00
2.458000e-05	-9.645121e-04	-8.384441e+00
2.459000e-05	-1.350828e-03	-8.125337e+00
2.460000e-05	-3.696973e-03	-7.892759e+00
2.461000e-05	-4.099945e-03	-7.566994e+00
2.462000e-05	-2.760099e-03	-7.344310e+00
2.463000e-05	-8.896485e-04	-7.033104e+00
2.464000e-05	-2.452447e-03	-6.768946e+00
2.465000e-05	-4.182130e-03	-6.534440e+00
2.466000e-05	-3.235595e-03	-6.301055e+00
2.467000e-05	-3.372247e-03	-5.979596e+00
2.468000e-05	-4.394803e-03	-5.716343e+00
2.469000e-05	-5.591157e-03	-5.451544e+00
2.470000e-05	-7.168747e-03	-5.156389e+00
2.471000e-05	-5.257798e-03	-4.790991e+00
2.472000e-05	-4.181579e-03	-4.534712e+00
2.473000e-05	-5.267595e-03	-4.333734e+00
2.474000e-05	-5.136023e-03	-4.039675e+00
2.475000e-05	-5.862655e-03	-3.734338e+00
2.476000e-05	-5.456555e-03	-3.452774e+00
2.477000e-05	-7.738288e-03	-3.207592e+00
2.478000e-05	-8.005178e-03	-2.903282e+00
2.479000e-05	-9.019560e-03	-2.628018e+00
2.480000e-05	-5.356183e-03	-2.335288e+00
2.481000e-05	-6.710333e-03	-2.000521e+00
2.482000e-05	-7.172702e-03	-1.717337e+00
2.483000e-05	-8.886732e-03	-1.473151e+00
2.484000e-05	-7.599628e-03	-1.113708e+00
2.485000e-05	-8.880998e-03	-8.100778e-01
2.486000e-05	-8.129499e-03	-5.258309e-01
2.487000e-05	-8.045030e-03	-2.532556e-01
2.488000e-05	-5.740926e-03	5.311033e-02
2.489000e-05	7.583545e-03	3.663209e-01
2.490000e-05	-6.312091e-03	6.104251e-01
2.491000e-05	1.868140e-03	8.026076e-01
2.492000e-05	-5.314652e-03	1.188776e+00
2.493000e-05	2.713423e-04	1.399956e+00
2.494000e-05	-5.110412e-03	1.778350e+00
2.495000e-05	9.250202e-03	1.978921e+00
2.496000e-05	3.447774e-02	2.251130e+00
2.497000e-05	1.008260e-01	2.527803e+00
2.498000e-05	-5.377416e-02	2.884168e+00
2.499000e-05	-4.808268e-02	3.160376e+00
2.500000e-05	-4.315534e-02	3.444614e+00
2.501000e-05	-1.642893e-02	3.736818e+00
2.502000e-05	-6.690305e-02	3.956848e+00
2.503000e-05	-3.084419e-02	4.169403e+00
2.504000e-05	1.258866e-01	4.482663e+00
2.505000e-05	-9.107392e-02	4.758300e+00
2.506000e-05	6.545975e-02	5.022010e+00
2.507000e-05	4.425270e-02	5.359372e+00
2.508000e-05	-1.267991e-01	5.651533e+00
2.509000e-05	7.948864e-02	5.895267e+00
2.510000e-05	-7.230535e-02	6.218481e+00
2.511000e-05	6.805773e-02	6.451559e+00
2.512000e-05	-2.998806e-02	6.725825e+00
2.513000e-05	-3.405624e-02	6.979027e+00
2.514000e-05	2.761167e-02	7.292639e+00
2.515000e-05	-5.189395e-02	7.567826e+00
2.516000e-05	4.290631e-02	7.838988e+00
2.517000e-05	-7.299540e-02	8.103370e+00
2.518000e-05	5.277812e-02	8.357351e+00
2.519000e-05	-3.669163e-03	8.586926e+00
2.520000e-05	-2.148854e-02	8.799504e+00
2.521000e-05	5.766139e-03	9.031183e+00
2.522000e-05	-6.752347e-02	9.304292e+00
2.523000e-05	3.769665e-02	9.505344e+00
2.524000e-05	-2.174767e-02	9.785376e+00
2.525000e-05	2.473106e-02	1.000898e+01
2.526000e-05	-4.645117e-02	1.024993e+01
2.527000e-05	6.734890e-03	1.044011e+01
2.528000e-05	-8.157860e-03	1.066217e+01
2.529000e-05	-2.236311e-02	1.088366e+01
2.530000e-05	-1.134091e-02	1.108222e+01
2.531000e-05	-2.815571e-02	1.133224e+01
2.532000e-05	2.135405e-02	1.152377e+01
2.533000e-05	-2.152089e-02	1.175489e+01
2.534000e-05	-7.762757e-03	1.192524e+01
2.535000e-05	-4.147099e-02	1.214432e+01
2.536000e-05	3.466027e-03	1.231327e+01
2.537000e-05	-7.283471e-03	1.249371e+01
2.538000e-05	-7.490946e-03	1.267313e+01
2.539000e-05	-2.541440e-02	1.284706e+01
2.540000e-05	-2.142938e-02	1.302755e+01
2.541000e-05	-4.030617e-03	1.312580e+01
2.542000e-05	-2.098469e-02	1.331274e+01
2.543000e-05	-1.950910e-02	1.344219e+01
2.544000e-05	-2.768909e-02	1.362708e+01
2.545000e-05	2.696847e-03	1.374537e+01
2.546000e-05	-1.267475e-02	1.387426e+01
2.547000e-05	-2.116202e-02	1.406851e+01
2.548000e-05	-3.623703e-02	1.423806e+01
2.549000e-05	-1.919301e-02	1.435484e+01
2.550000e-05	-1.030444e-02	1.446063e+01
2.551000e-05	-1.897500e-02	1.453688e+01
2.552000e-05	-2.658918e-02	1.469271e+01
2.553000e-05	-2.682764e-02	1.478637e+01
2.554000e-05	-1.118995e-02	1.485011e+01
2.555000e-05	-2.323590e-02	1.491635e+01
2.556000e-05	-2.834069e-02	1.501908e+01
2.557000e-05	-3.378386e-02	1.515272e+01
2.558000e-05	-1.887695e-02	1.520798e+01
2.559000e-05	-1.939065e-02	1.525058e+01
2.560000e-05	-3.147210e-02	1.531279e+01
2.561000e-05	-3.942267e-02	1.538635e+01
2.562000e-05	-3.516544e-02	1.543103e+01
2.563000e-05	-2.214350e-02	1.547964e+01
2.564000e-05	-3.029173e-02	1.550429e+01
2.565000e-05	-3.700572e-02	1.558587e+01
2.566000e-05	-4.040160e-02	1.559645e+01
2.567000e-05	-3.132703e-02	1.563793e+01
2.568000e-05	-3.597381e-02	1.562010e+01
2.569000e-05	-4.876218e-02	1.566055e+01
2.570000e-05	-5.270591e-02	1.566813e+01
2.571000e-05	-4.714010e-02	1.566848e+01
2.572000e-05	-4.315589e-02	1.564806e+01
2.573000e-05	-5.755044e-02	1.563853e+01
2.574000e-05	-6.962655e-02	1.563750e+01
2.575000e-05	-7.622914e-02	1.560694e+01
2.576000e-05	-7.785046e-02	1.556585e+01
2.577000e-05	-9.671234e-02	1.554276e+01
2.578000e-05	-1.295180e-01	1.550276e+01
2.579000e-05	-1.694676e-01	1.547056e+01
2.580000e-05	-2.230506e-01	1.537794e+01
2.581000e-05	-2.496412e-01	1.534387e+01
2.582000e-05	-2.500000e-01	1.528116e+01
2.583000e-05	-2.500000e-01	1.523756e+01
2.584000e-05	-2.500000e-01	1.517537e+01
2.585000e-05	-2.294203e-01	1.513221e+01
2.586000e-05	-1.626753e-01	1.499907e+01
2.587000e-05	-1.172932e-01	1.490171e+01
2.588000e-05	-8.600756e-02	1.479804e+01
2.589000e-05	-6.002220e-02	1.471273e+01
2.590000e-05	-4.558644e-02	1.460754e+01
2.591000e-05	-4.446426e-02	1.454366e+01
2.592000e-05	-4.056219e-02	1.437597e+01
2.593000e-05	-3.239027e-02	1.424073e+01
2.594000e-05	-2.413088e-02	1.414439e+01
2.595000e-05	-2.717723e-02	1.400595e+01
2.596000e-05	-2.968236e-02	1.382963e+01
2.597000e-05	-2.541927e-02	1.374181e+01
2.598000e-05	-1.898747e-02	1.355737e+01
2.599000e-05	-1.885256e-02	1.339703e+01
2.600000e-05	-2.462236e-02	1.325868e+01
2.601000e-05	-2.353965e-02	1.312168e+01
2.602000e-05	-1.893825e-02	1.295544e+01
2.603000e-05	-1.477886e-02	1.275636e+01
2.604000e-05	-1.922143e-02	1.259847e+01
2.605000e-05	-2.146273e-02	1.243860e+01
2.606000e-05	-1.727202e-02	1.226807e+01
2.607000e-05	-1.175283e-02	1.209268e+01
2.608000e-05	-1.454838e-02	1.190175e+01
2.609000e-05	-2.107963e-02	1.167308e+01
2.610000e-05	-1.876557e-02	1.146958e+01
2.611000e-05	-1.297145e-02	1.126962e+01
2.612000e-05	-1.122475e-02	1.103902e+01
2.613000e-05	-1.598600e-02	1.084905e+01
2.614000e-05	-1.791141e-02	1.059747e+01
2.615000e-05	-1.248673e-02	1.038762e+01
2.616000e-05	-1.001785e-02	1.015697e+01
2.617000e-05	-1.302197e-02	9.946813e+00
2.618000e-05	-1.723095e-02	9.722233e+00
2.619000e-05	-1.328357e-02	9.461552e+00
2.620000e-05	-9.710005e-03	9.271150e+00
2.621000e-05	-9.734837e-03	9.039595e+00
2.622000e-05	-1.575826e-02	8.777394e+00
2.623000e-05	-1.345431e-02	8.535407e+00
2.624000e-05	-9.246388e-03	8.321682e+00
2.625000e-05	-8.033476e-03	8.049745e+00
2.626000e-05	-1.126191e-02	7.788995e+00
2.627000e-05	-1.383980e-02	7.513336e+00
2.628000e-05	-1.071172e-02	7.231172e+00
2.629000e-05	-7.918882e-03	6.966966e+00
2.630000e-05	-8.837950e-03	6.755257e+00
2.631000e-05	-1.250180e-02	6.411173e+00
2.632000e-05	-1.152840e-02	6.218995e+00
2.633000e-05	-7.654766e-03	5.936882e+00
2.634000e-05	-6.835503e-03	5.630651e+00
2.635000e-05	-9.784281e-03	5.377389e+00
2.636000e-05	-1.164662e-02	5.092202e+00
2.637000e-05	-7.912675e-03	4.755860e+00
2.638000e-05	-6.190501e-03	4.462251e+00
2.639000e-05	-8.171534e-03	4.178464e+00
2.640000e-05	-1.047417e-02	3.895177e+00
2.641000e-05	-8.603571e-03	3.653099e+00
2.642000e-05	-5.478688e-03	3.375932e+00
2.643000e-05	-6.776189e-03	3.080699e+00
2.644000e-05	-9.010510e-03	2.810045e+00
2.645000e-05	-9.184672e-03	2.453278e+00
2.646000e-05	-6.196652e-03	2.181040e+00
2.647000e-05	-5.559077e-03	1.936885e+00
2.648000e-05	-6.781308e-03	1.631096e+00
2.649000e-05	-7.437541e-03	1.316284e+00
2.650000e-05	-6.061204e-03	1.032089e+00
2.651000e-05	-3.817306e-03	7.348067e-01
2.652000e-05	-5.177647e-03	4.520988e-01
2.653000e-05	-5.558928e-03	1.062105e-01
2.654000e-05	-1.981261e-03	-1.173273e-01
2.655000e-05	1.255092e-02	-4.005301e-01
2.656000e-05	-3.248119e-03	-7.253184e-01
2.657000e-05	4.437529e-03	-9.289297e-01
2.658000e-05	-5.236313e-03	-1.232041e+00
2.659000e-05	3.653727e-03	-1.538825e+00
2.660000e-05	2.332519e-03	-1.778008e+00
2.661000e-05	3.419549e-02	-1.999053e+00
2.662000e-05	1.194481e-01	-2.295371e+00
2.663000e-05	-1.920878e-02	-2.693700e+00
2.664000e-05	-4.539669e-02	-3.115769e+00
2.665000e-05	-2.436480e-02	-3.379484e+00
2.666000e-05	-2.813725e-02	-3.599528e+00
2.667000e-05	-7.894435e-02	-3.864667e+00
2.668000e-05	4.443337e-02	-4.022135e+00
2.669000e-05	1.244185e-01	-4.249618e+00
2.670000e-05	-1.681944e-01	-4.556935e+00
2.671000e-05	2.227574e-01	-4.859582e+00
2.672000e-05	-1.391754e-01	-5.146779e+00
2.673000e-05	5.183451e-02	-5.534748e+00
2.674000e-05	1.950767e-02	-5.694848e+00
2.675000e-05	-1.181152e-01	-6.037633e+00
2.676000e-05	1.946023e-01	-6.292639e+00
2.677000e-05	-1.401424e-01	-6.566354e+00
2.678000e-05	1.167978e-01	-6.871688e+00
2.679000e-05	-5.616386e-02	-7.103351e+00
2.680000e-05	-1.952089e-02	-7.409463e+00
2.681000e-05	8.396767e-02	-7.631616e+00
2.682000e-05	-1.064802e-01	-7.995955e+00
2.683000e-05	1.595397e-01	-8.207034e+00
2.684000e-05	-1.071315e-01	-8.450607e+00
2.685000e-05	9.026857e-02	-8.664824e+00
2.686000e-05	-2.916135e-02	-8.945377e+00
2.687000e-05	-3.371652e-02	-9.199431e+00
2.688000e-05	6.354010e-02	-9.387582e+00
2.689000e-05	-5.331425e-02	-9.651138e+00
2.690000e-05	1.203870e-01	-9.881714e+00
2.691000e-05	-8.359536e-02	-1.010322e+01
2.692000e-05	8.615501e-02	-1.034485e+01
2.693000e-05	-6.784801e-02	-1.056540e+01
2.694000e-05	5.421271e-02	-1.076638e+01
2.695000e-05	-1.397901e-02	-1.095380e+01
2.696000e-05	1.662078e-02	-1.119398e+01
2.697000e-05	3.031889e-02	-1.139698e+01
2.698000e-05	-8.256533e-03	-1.160856e+01
2.699000e-05	4.118650e-02	-1.179961e+01
2.700000e-05	-3.411579e-02	-1.205119e+01
2.701000e-05	4.223928e-02	-1.223110e+01
2.702000e-05	-1.508446e-02	-1.239803e+01
2.703000e-05	5.369116e-02	-1.256700e+01
2.704000e-05	-1.116978e-02	-1.273643e+01
2.705000e-05	2.364886e-02	-1.295334e+01
2.706000e-05	-7.834436e-03	-1.305174e+01
2.707000e-05	2.223158e-02	-1.328163e+01
2.708000e-05	7.356998e-03	-1.338796e+01
2.709000e-05	1.800251e-02	-1.354385e+01
2.710000e-05	1.959873e-02	-1.369274e+01
2.711000e-05	1.905359e-02	-1.391169e+01
2.712000e-05	1.785161e-02	-1.400796e+01
2.713000e-05	2.676643e-03	-1.413430e+01
2.714000e-05	1.185782e-02	-1.426971e+01
2.715000e-05	1.238323e-02	-1.437746e+01
2.716000e-05	2.898096e-02	-1.451279e+01
2.717000e-05	1.617096e-02	-1.461861e+01
2.718000e-05	2.125993e-02	-1.474382e+01
2.719000e-05	9.640242e-03	-1.482851e+01
2.720000e-05	2.471008e-02	-1.494287e+01
2.721000e-05	1.481395e-02	-1.498743e+01
2.722000e-05	2.236997e-02	-1.508216e+01
2.723000e-05	1.763081e-02	-1.513480e+01
2.724000e-05	2.717555e-02	-1.525948e+01
2.725000e-05	2.102180e-02	-1.531124e+01
2.726000e-05	1.899095e-02	-1.537632e+01
2.727000e-05	1.727297e-02	-1.538951e+01
2.728000e-05	2.439250e-02	-1.543211e+01
2.729000e-05	3.208307e-02	-1.550227e+01
2.730000e-05	2.963050e-02	-1.557482e+01
2.731000e-05	2.904063e-02	-1.557595e+01
2.732000e-05	2.719855e-02	-1.562653e+01
2.733000e-05	3.292471e-02	-1.563811e+01
2.734000e-05	3.174078e-02	-1.566074e+01
2.735000e-05	3.476720e-02	-1.566116e+01
2.736000e-05	3.731512e-02	-1.568076e+01
2.737000e-05	4.632691e-02	-1.565129e+01
2.738000e-05	4.984839e-02	-1.563821e+01
2.739000e-05	5.290043e-02	-1.566963e+01
2.740000e-05	5.466127e-02	-1.560953e+01
2.741000e-05	6.596770e-02	-1.562710e+01
2.742000e-05	7.926628e-02	-1.556499e+01
2.743000e-05	9.801874e-02	-1.554437e+01
2.744000e-05	1.217080e-01	-1.550271e+01
2.745000e-05	1.668745e-01	-1.542813e+01
2.746000e-05	2.285138e-01	-1.537755e+01
2.747000e-05	2.498625e-01	-1.535587e+01
2.748000e-05	2.500000e-01	-1.526074e+01
2.749000e-05	2.500000e-01	-1.520005e+01
2.750000e-05	2.499499e-01	-1.514331e+01
2.751000e-05	2.192126e-01	-1.503013e+01
2.752000e-05	1.444896e-01	-1.499694e+01
2.753000e-05	9.541031e-02	-1.488176e+01
2.754000e-05	6.939826e-02	-1.481702e+01
2.755000e-05	5.371998e-02	-1.474379e+01
2.756000e-05	4.129677e-02	-1.457598e+01
2.757000e-05	3.143625e-02	-1.451374e+01
2.758000e-05	2.622716e-02	-1.438639e+01
2.759000e-05	2.302180e-02	-1.424008e+01
2.760000e-05	1.954642e-02	-1.410139e+01
2.761000e-05	1.555557e-02	-1.400597e+01
2.762000e-05	1.362503e-02	-1.378863e+01
2.763000e-05	1.436617e-02	-1.372326e+01
2.764000e-05	1.657152e-02	-1.352332e+01
2.765000e-05	1.249264e-02	-1.341850e+01
2.766000e-05	9.222158e-03	-1.326070e+01
2.767000e-05	8.529909e-03	-1.304123e+01
2.768000e-05	1.014302e-02	-1.293577e+01
2.769000e-05	9.404325e-03	-1.276439e+01
2.770000e-05	7.556599e-03	-1.257850e+01
2.771000e-05	6.602657e-03	-1.242857e+01
2.772000e-05	7.185605e-03	-1.222958e+01
2.773000e-05	7.242461e-03	-1.204860e+01
2.774000e-05	4.251854e-03	-1.187910e+01
2.775000e-05	3.071675e-03	-1.162760e+01
2.776000e-05	4.123245e-03	-1.137695e+01
2.777000e-05	6.067181e-03	-1.114684e+01
2.778000e-05	3.921536e-03	-1.094692e+01
2.779000e-05	2.761656e-03	-1.075636e+01
2.780000e-05	1.363457e-03	-1.055744e+01
2.781000e-05	2.849752e-03	-1.029483e+01
2.782000e-05	2.339972e-03	-1.011381e+01
2.783000e-05	1.375171e-03	-9.883306e+00
2.784000e-05	2.154036e-04	-9.662782e+00
2.785000e-05	1.443539e-03	-9.469577e+00
2.786000e-05	1.313356e-03	-9.209045e+00
2.787000e-05	-9.334335e-05	-8.978017e+00
2.788000e-05	-2.213350e-03	-8.688364e+00
2.789000e-05	-1.917413e-03	-8.512760e+00
2.790000e-05	-4.673976e-05	-8.241180e+00
2.791000e-05	-6.250567e-04	-8.000097e+00
2.792000e-05	-1.926045e-03	-7.756863e+00
2.793000e-05	-3.777429e-03	-7.410101e+00
2.794000e-05	-2.666386e-03	-7.198496e+00
2.795000e-05	-3.469159e-03	-6.954733e+00
2.796000e-05	-2.950048e-03	-6.631578e+00
2.797000e-05	-5.161595e-03	-6.420069e+00
2.798000e-05	-2.876593e-03	-6.174865e+00
2.799000e-05	-4.207988e-03	-5.871153e+00
2.800000e-05	-3.425637e-03	-5.588947e+00
2.801000e-05	-6.518078e-03	-5.212729e+00
2.802000e-05	-5.306701e-03	-4.968015e+00
2.803000e-05	-5.764820e-03	-4.630198e+00
2.804000e-05	-3.223514e-03	-4.409596e+00
2.805000e-05	-5.756502e-03	-4.217441e+00
2.806000e-05	-6.718681e-03	-3.904654e+00
2.807000e-05	-7.425502e-03	-3.569018e+00
2.808000e-05	-6.228737e-03	-3.342836e+00
2.809000e-05	-7.464594e-03	-3.029546e+00
2.810000e-05	-6.867798e-03	-2.726307e+00
2.811000e-05	-6.648394e-03	-2.451677e+00
2.812000e-05	-5.000463e-03	-2.126386e+00
2.813000e-05	-6.144229e-03	-1.883702e+00
2.814000e-05	-8.390295e-03	-1.599069e+00
2.815000e-05	-9.646406e-03	-1.242074e+00
2.816000e-05	-9.269167e-03	-9.874384e-01
2.817000e-05	-7.045392e-03	-6.437518e-01
2.818000e-05	-7.781504e-03	-3.793412e-01
2.819000e-05	-6.750550e-03	-1.137580e-01
2.820000e-05	1.303128e-03	1.879049e-01
2.821000e-05	3.173997e-03	4.532143e-01
2.822000e-05	-3.452361e-03	7.352432e-01
2.823000e-05	8.605612e-05	1.001355e+00
2.824000e-05	-5.557132e-03	1.294767e+00
2.825000e-05	-4.808431e-04	1.579531e+00
2.826000e-05	-8.481232e-04	1.893612e+00
2.827000e-05	1.850508e-02	2.114663e+00
2.828000e-05	7.889090e-02	2.368479e+00
2.829000e-05	3.805261e-02	2.695824e+00
2.830000e-05	-8.136457e-02	3.049635e+00
2.831000e-05	-2.968902e-02	3.325751e+00
2.832000e-05	-3.923052e-02	3.650529e+00
2.833000e-05	-2.744920e-02	3.833137e+00
2.834000e-05	-7.677784e-02	4.112563e+00
2.835000e-05	6.287315e-02	4.325352e+00
2.836000e-05	5.663471e-02	4.631059e+00
2.837000e-05	-1.065744e-01	4.863140e+00
2.838000e-05	1.783774e-01	5.207508e+00
2.839000e-05	-1.471559e-01	5.527222e+00
2.840000e-05	3.172404e-02	5.757426e+00
2.841000e-05	-8.385174e-03	6.083138e+00
2.842000e-05	-1.901659e-02	6.305693e+00
2.843000e-05	6.164651e-02	6.608009e+00
2.844000e-05	-8.837399e-02	6.883164e+00
2.845000e-05	5.010989e-02	7.115874e+00
2.846000e-05	-5.603296e-02	7.408630e+00
2.847000e-05	2.818867e-02	7.722764e+00
2.848000e-05	-3.444338e-02	7.988381e+00
2.849000e-05	-9.266150e-03	8.243163e+00
2.850000e-05	4.500145e-02	8.492765e+00
2.851000e-05	-3.912499e-02	8.673227e+00
2.852000e-05	1.293864e-02	8.964921e+00
2.853000e-05	-4.873212e-02	9.187850e+00
2.854000e-05	-9.585374e-03	9.400509e+00
2.855000e-05	1.147138e-02	9.640060e+00
2.856000e-05	1.257863e-03	9.901666e+00
2.857000e-05	-9.532794e-03	1.013480e+01
2.858000e-05	-2.847669e-02	1.032527e+01
2.859000e-05	9.870028e-03	1.059642e+01
2.860000e-05	-2.449858e-02	1.078790e+01
2.861000e-05	-1.287666e-02	1.098743e+01
2.862000e-05	-2.363243e-02	1.125898e+01
2.863000e-05	4.563597e-04	1.140956e+01
2.864000e-05	2.324171e-03	1.160061e+01
2.865000e-05	-1.591849e-02	1.184006e+01
2.866000e-05	-2.724093e-02	1.204001e+01
2.867000e-05	-1.890143e-02	1.223053e+01
2.868000e-05	-7.454167e-04	1.243905e+01
2.869000e-05	-4.374303e-03	1.258640e+01
2.870000e-05	-1.895995e-02	1.273587e+01
2.871000e-05	-2.339852e-02	1.294479e+01
2.872000e-05	-1.457263e-02	1.309214e+01
2.873000e-05	-1.137374e-02	1.324008e+01
2.874000e-05	-2.068613e-02	1.340793e+01
2.875000e-05	-2.834894e-02	1.352487e+01
2.876000e-05	-7.308287e-03	1.368176e+01
2.877000e-05	-7.732615e-03	1.382816e+01
2.878000e-05	-1.019308e-02	1.400747e+01
2.879000e-05	-3.455413e-02	1.410437e+01
2.880000e-05	-2.473168e-02	1.431026e+01
2.881000e-05	-1.590745e-02	1.441908e+01
2.882000e-05	-1.245874e-02	1.453274e+01
2.883000e-05	-2.610680e-02	1.464913e+01
2.884000e-05	-3.039583e-02	1.475582e+01
2.885000e-05	-1.728508e-02	1.483851e+01
2.886000e-05	-1.653554e-02	1.490321e+01
2.887000e-05	-2.193603e-02	1.500698e+01
2.888000e-05	-3.474674e-02	1.507159e+01
2.889000e-05	-2.214465e-02	1.511432e+01
2.890000e-05	-2.156663e-02	1.525756e+01
2.891000e-05	-2.336329e-02	1.529124e+01
2.892000e-05	-4.062310e-02	1.534442e+01
2.893000e-05	-3.756895e-02	1.537850e+01
2.894000e-05	-2.761555e-02	1.544956e+01
2.895000e-05	-2.460700e-02	1.547114e+01
2.896000e-05	-3.190122e-02	1.554532e+01
2.897000e-05	-4.065858e-02	1.557540e+01
2.898000e-05	-3.273727e-02	1.560695e+01
2.899000e-05	-3.488737e-02	1.565703e+01
2.900000e-05	-4.153000e-02	1.563800e+01
2.901000e-05	-5.557526e-02	1.565008e+01
2.902000e-05	-5.014185e-02	1.567865e+01
2.903000e-05	-4.504643e-02	1.563865e+01
2.904000e-05	-4.879308e-02	1.563810e+01
2.905000e-05	-6.350192e-02	1.562103e+01
2.906000e-05	-7.370380e-02	1.561652e+01
2.907000e-05	-7.485415e-02	1.559644e+01
2.908000e-05	-8.801866e-02	1.553492e+01
2.909000e-05	-1.119019e-01	1.553424e+01
2.910000e-05	-1.511077e-01	1.547113e+01
2.911000e-05	-1.954286e-01	1.540905e+01
2.912000e-05	-2.432915e-01	1.538492e+01
2.913000e-05	-2.500000e-01	1.528421e+01
2.914000e-05	-2.500000e-01	1.525066e+01
2.915000e-05	-2.500000e-01	1.517592e+01
2.916000e-05	-2.466405e-01	1.514379e+01
2.917000e-05	-1.956308e-01	1.501011e+01
2.918000e-05	-1.342862e-01	1.494437e+01
2.919000e-05	-1.002902e-01	1.486063e+01
2.920000e-05	-6.940669e-02	1.476334e+01
2.921000e-05	-5.257330e-02	1.466065e+01
2.922000e-05	-4.387533e-02	1.456434e+01
2.923000e-05	-4.382583e-02	1.444960e+01
2.924000e-05	-3.600946e-02	1.431379e+01
2.925000e-05	-2.715465e-02	1.419795e+01
2.926000e-05	-2.546509e-02	1.407918e+01
2.927000e-05	-2.864067e-02	1.392176e+01
2.928000e-05	-2.813731e-02	1.375544e+01
2.929000e-05	-2.096574e-02	1.364700e+01
2.930000e-05	-1.959071e-02	1.348068e+01
2.931000e-05	-2.215750e-02	1.335489e+01
2.932000e-05	-2.452535e-02	1.315542e+01
2.933000e-05	-2.075864e-02	1.301905e+01
2.934000e-05	-1.495970e-02	1.289013e+01
2.935000e-05	-1.788073e-02	1.268223e+01
2.936000e-05	-1.992142e-02	1.250433e+01
2.937000e-05	-2.101393e-02	1.235378e+01
2.938000e-05	-1.465942e-02	1.213492e+01
2.939000e-05	-1.457314e-02	1.194634e+01
2.940000e-05	-1.868255e-02	1.177584e+01
2.941000e-05	-1.969635e-02	1.155434e+01
2.942000e-05	-1.494121e-02	1.133284e+01
2.943000e-05	-1.104983e-02	1.112431e+01
2.944000e-05	-1.477101e-02	1.090431e+01
2.945000e-05	-1.687061e-02	1.071326e+01
2.946000e-05	-1.476233e-02	1.051376e+01
2.947000e-05	-1.090804e-02	1.023171e+01
2.948000e-05	-1.202926e-02	1.003265e+01
2.949000e-05	-1.544575e-02	9.857544e+00
2.950000e-05	-1.565257e-02	9.586489e+00
2.951000e-05	-1.210907e-02	9.365865e+00
2.952000e-05	-9.573865e-03	9.144807e+00
2.953000e-05	-1.292013e-02	8.904180e+00
2.954000e-05	-1.412199e-02	8.670523e+00
2.955000e-05	-1.151122e-02	8.419495e+00
2.956000e-05	-8.075261e-03	8.177413e+00
2.957000e-05	-9.842516e-03	7.934759e+00
2.958000e-05	-1.259439e-02	7.651548e+00
2.959000e-05	-1.214371e-02	7.366436e+00
2.960000e-05	-9.323892e-03	7.114283e+00
2.961000e-05	-8.596257e-03	6.832224e+00
2.962000e-05	-1.133697e-02	6.577443e+00
2.963000e-05	-1.239543e-02	6.293233e+00
2.964000e-05	-9.497126e-03	6.070625e+00
2.965000e-05	-7.106096e-03	5.788464e+00
2.966000e-05	-8.713203e-03	5.525258e+00
2.967000e-05	-1.095199e-02	5.249095e+00
2.968000e-05	-9.559963e-03	4.862331e+00
2.969000e-05	-6.623615e-03	4.589470e+00
2.970000e-05	-6.486076e-03	4.366236e+00
2.971000e-05	-9.677784e-03	4.010628e+00
2.972000e-05	-9.910375e-03	3.755412e+00
2.973000e-05	-7.388087e-03	3.513705e+00
2.974000e-05	-5.672688e-03	3.178017e+00
2.975000e-05	-7.625089e-03	2.894786e+00
2.976000e-05	-9.057523e-03	2.671172e+00
2.977000e-05	-6.835527e-03	2.345888e+00
2.978000e-05	-5.557931e-03	2.042678e+00
2.979000e-05	-6.193544e-03	1.759962e+00
2.980000e-05	-8.014710e-03	1.513100e+00
2.981000e-05	-7.196169e-03	1.189465e+00
2.982000e-05	-4.448867e-03	7.816487e-01
2.983000e-05	-4.746725e-03	5.379109e-01
2.984000e-05	-5.583385e-03	3.027529e-01
2.985000e-05	-4.530732e-03	-3.053664e-02
2.986000e-05	6.273675e-03	-2.951394e-01
2.987000e-05	4.244354e-03	-5.083524e-01
2.988000e-05	1.193856e-03	-8.416640e-01
2.989000e-05	1.771837e-04	-1.095273e+00
2.990000e-05	-3.597658e-04	-1.410004e+00
2.991000e-05	2.807839e-04	-1.673641e+00
2.992000e-05	1.508761e-02	-1.915795e+00
2.993000e-05	7.257890e-02	-2.155899e+00
2.994000e-05	8.854033e-02	-2.494747e+00
2.995000e-05	-8.368883e-02	-2.895255e+00
2.996000e-05	8.998794e-04	-3.263194e+00
2.997000e-05	-5.043184e-02	-3.475721e+00
2.998000e-05	-2.316567e-02	-3.722746e+00
2.999000e-05	-9.128581e-02	-3.989473e+00
3.000000e-05	1.976060e-01	-4.155272e+00
3.001000e-05	-1.205309e-01	-4.420514e+00
3.002000e-05	6.761975e-02	-4.756794e+00
3.003000e-05	8.758638e-02	-4.897879e+00
3.004000e-05	-1.654562e-01	-5.357280e+00
3.005000e-05	1.809601e-01	-5.599531e+00
3.006000e-05	-1.915176e-01	-5.912672e+00
3.007000e-05	1.284578e-01	-6.177882e+00
3.008000e-05	6.498526e-03	-6.420584e+00
3.009000e-05	-5.045430e-02	-6.705897e+00
3.010000e-05	1.139246e-01	-6.969579e+00
3.011000e-05	-1.452618e-01	-7.284119e+00
3.012000e-05	1.350716e-01	-7.528397e+00
3.013000e-05	-9.366155e-02	-7.850033e+00
3.014000e-05	7.006582e-02	-8.125274e+00
3.015000e-05	3.598993e-02	-8.275697e+00
3.016000e-05	-5.982029e-02	-8.609432e+00
3.017000e-05	1.148922e-01	-8.840514e+00
3.018000e-05	-1.306743e-01	-9.082169e+00
3.019000e-05	1.014017e-01	-9.312767e+00
3.020000e-05	-6.642328e-02	-9.525302e+00
3.021000e-05	8.949138e-02	-9.797378e+00
3.022000e-05	-7.701683e-03	-9.967878e+00
3.023000e-05	2.168924e-03	-1.023009e+01
3.024000e-05	2.896926e-02	-1.042908e+01
3.025000e-05	-4.399522e-02	-1.068322e+01
3.026000e-05	6.812638e-02	-1.087164e+01
3.027000e-05	-5.316429e-02	-1.110174e+01
3.028000e-05	7.525356e-02	-1.128266e+01
3.029000e-05	-3.392489e-02	-1.149522e+01
3.030000e-05	5.659622e-02	-1.173637e+01
3.031000e-05	-2.802640e-02	-1.193385e+01
3.032000e-05	2.469144e-02	-1.215532e+01
3.033000e-05	-6.216246e-04	-1.228332e+01
3.034000e-05	2.766155e-02	-1.252374e+01
3.035000e-05	2.279418e-02	-1.269219e+01
3.036000e-05	-2.391565e-04	-1.286016e+01
3.037000e-05	1.614522e-02	-1.301853e+01
3.038000e-05	-3.361799e-03	-1.316538e+01
3.039000e-05	2.780450e-02	-1.333430e+01
3.040000e-05	-1.510147e-03	-1.346019e+01
3.041000e-05	3.146964e-02	-1.364856e+01
3.042000e-05	8.052831e-03	-1.377695e+01
3.043000e-05	3.116030e-02	-1.395377e+01
3.044000e-05	-1.540832e-04	-1.407074e+01
3.045000e-05	1.390122e-02	-1.424508e+01
3.046000e-05	4.410290e-03	-1.432179e+01
3.047000e-05	2.726444e-02	-1.446116e+01
3.048000e-05	1.805217e-02	-1.455487e+01
3.049000e-05	2.245261e-02	-1.469069e+01
3.050000e-05	1.360751e-02	-1.476740e+01
3.051000e-05	1.772761e-02	-1.488169e+01
3.052000e-05	1.978825e-02	-1.493642e+01
3.053000e-05	1.575620e-02	-1.504953e+01
3.054000e-05	2.053189e-02	-1.511186e+01
3.055000e-05	1.904247e-02	-1.520650e+01
3.056000e-05	2.883504e-02	-1.526071e+01
3.057000e-05	1.877385e-02	-1.534280e+01
3.058000e-05	2.190854e-02	-1.539652e+01
3.059000e-05	1.766411e-02	-1.546011e+01
3.060000e-05	3.077022e-02	-1.547267e+01
3.061000e-05	2.965131e-02	-1.554534e+01
3.062000e-05	2.981265e-02	-1.554642e+01
3.063000e-05	2.672347e-02	-1.560708e+01
3.064000e-05	3.036251e-02	-1.564908e+01
3.065000e-05	3.294800e-02	-1.564611e+01
3.066000e-05	3.278864e-02	-1.565966e+01
3.067000e-05	3.555255e-02	-1.568019e+01
3.068000e-05	4.170591e-02	-1.567026e+01
3.069000e-05	4.990518e-02	-1.568176e+01
3.070000e-05	5.158941e-02	-1.566864e+01
3.071000e-05	5.224028e-02	-1.566961e+01
3.072000e-05	5.809113e-02	-1.560846e+01
3.073000e-05	7.190666e-02	-1.562605e+01
3.074000e-05	8.859540e-02	-1.559690e+01
3.075000e-05	1.090060e-01	-1.555172e+01
3.076000e-05	1.424488e-01	-1.551066e+01
3.077000e-05	2.010442e-01	-1.543808e+01
3.078000e-05	2.461397e-01	-1.539702e+01
3.079000e-05	2.500000e-01	-1.531229e+01
3.080000e-05	2.500000e-01	-1.527064e+01
3.081000e-05	2.500000e-01	-1.520434e+01
3.082000e-05	2.424284e-01	-1.507169e+01
3.083000e-05	1.810447e-01	-1.500760e+01
3.084000e-05	1.154889e-01	-1.491489e+01
3.085000e-05	7.950503e-02	-1.486021e+01
3.086000e-05	6.010204e-02	-1.476548e+01
3.087000e-05	4.714909e-02	-1.468171e+01
3.088000e-05	3.485552e-02	-1.454690e+01
3.089000e-05	2.720293e-02	-1.446910e+01
3.090000e-05	2.403465e-02	-1.429131e+01
3.091000e-05	2.140058e-02	-1.420697e+01
3.092000e-05	1.769151e-02	-1.403168e+01
3.093000e-05	1.371236e-02	-1.394133e+01
3.094000e-05	1.428877e-02	-1.378782e+01
3.095000e-05	1.456972e-02	-1.357795e+01
3.096000e-05	1.540061e-02	-1.344108e+01
3.097000e-05	1.093432e-02	-1.331284e+01
3.098000e-05	9.075658e-03	-1.315639e+01
3.099000e-05	9.561271e-03	-1.298752e+01
3.100000e-05	1.029007e-02	-1.283808e+01
3.101000e-05	8.219638e-03	-1.270115e+01
3.102000e-05	5.775258e-03	-1.250186e+01
3.103000e-05	6.088770e-03	-1.232381e+01
3.104000e-05	7.231309e-03	-1.215431e+01
3.105000e-05	5.860801e-03	-1.196629e+01
3.106000e-05	3.366237e-03	-1.176289e+01
3.107000e-05	3.016535e-03	-1.152238e+01
3.108000e-05	5.331812e-03	-1.126166e+01
3.109000e-05	5.238528e-03	-1.106963e+01
3.110000e-05	3.452450e-03	-1.084873e+01
3.111000e-05	1.369187e-03	-1.068165e+01
3.112000e-05	2.008522e-03	-1.048010e+01
3.113000e-05	2.536748e-03	-1.020962e+01
3.114000e-05	1.883618e-03	-9.964965e+00
3.115000e-05	-2.354927e-04	-9.787495e+00
3.116000e-05	-9.177134e-05	-9.557414e+00
3.117000e-05	1.272194e-03	-9.293336e+00
3.118000e-05	6.329362e-04	-9.063257e+00
3.119000e-05	-1.784036e-03	-8.872161e+00
3.120000e-05	-2.241080e-03	-8.620023e+00
3.121000e-05	-1.139245e-03	-8.346016e+00
3.122000e-05	-5.147645e-04	-8.134832e+00
3.123000e-05	-2.153867e-03	-7.831649e+00
3.124000e-05	-3.790961e-03	-7.598116e+00
3.125000e-05	-3.139209e-03	-7.263865e+00
3.126000e-05	-2.473371e-03	-7.042077e+00
3.127000e-05	-2.248597e-03	-6.777415e+00
3.128000e-05	-4.855134e-03	-6.535912e+00
3.129000e-05	-4.058461e-03	-6.230607e+00
3.130000e-05	-3.558273e-03	-5.997394e+00
3.131000e-05	-4.165158e-03	-5.725357e+00
3.132000e-05	-4.848367e-03	-5.470624e+00
3.133000e-05	-6.510925e-03	-5.114806e+00
3.134000e-05	-5.286874e-03	-4.808414e+00
3.135000e-05	-4.301254e-03	-4.515862e+00
3.136000e-05	-5.163459e-03	-4.312229e+00
3.137000e-05	-6.587403e-03	-4.000524e+00
3.138000e-05	-7.757223e-03	-3.693412e+00
3.139000e-05	-5.064404e-03	-3.472200e+00
3.140000e-05	-6.977484e-03	-3.147440e+00
3.141000e-05	-6.638361e-03	-2.862725e+00
3.142000e-05	-8.688591e-03	-2.589941e+00
3.143000e-05	-5.119042e-03	-2.335209e+00
3.144000e-05	-6.530256e-03	-1.988543e+00
3.145000e-05	-7.538924e-03	-1.735835e+00
3.146000e-05	-1.067906e-02	-1.401624e+00
3.147000e-05	-9.331801e-03	-1.082807e+00
3.148000e-05	-9.436435e-03	-8.385015e-01
3.149000e-05	-8.103636e-03	-4.847818e-01
3.150000e-05	-7.318856e-03	-2.615728e-01
3.151000e-05	-3.683745e-03	4.056158e-02
3.152000e-05	9.467664e-03	3.262733e-01
3.153000e-05	-4.523670e-03	5.790550e-01
3.154000e-05	2.407046e-03	8.316879e-01
3.155000e-05	-7.354280e-03	1.178879e+00
3.156000e-05	-7.027751e-04	1.444064e+00
3.157000e-05	-8.920781e-03	1.777850e+00
3.158000e-05	1.202003e-02	1.990927e+00
3.159000e-05	3.726213e-02	2.212533e+00
3.160000e-05	1.034739e-01	2.556351e+00
3.161000e-05	-6.004092e-02	2.905691e+00
3.162000e-05	-4.133668e-02	3.170010e+00
3.163000e-05	-4.283905e-02	3.503243e+00
3.164000e-05	-1.766961e-02	3.757672e+00
3.165000e-05	-7.347584e-02	3.966422e+00
3.166000e-05	-2.653129e-02	4.188331e+00
3.167000e-05	1.272593e-01	4.495144e+00
3.168000e-05	-1.050424e-01	4.777901e+00
3.169000e-05	9.109349e-02	5.009986e+00
3.170000e-05	2.125567e-02	5.386477e+00
3.171000e-05	-1.066786e-01	5.650583e+00
3.172000e-05	7.653396e-02	5.906298e+00
3.173000e-05	-7.412964e-02	6.188980e+00
3.174000e-05	7.098625e-02	6.460613e+00
3.175000e-05	-4.340642e-02	6.726394e+00
3.176000e-05	-2.430585e-02	7.030006e+00
3.177000e-05	1.778402e-02	7.272142e+00
3.178000e-05	-4.364934e-02	7.588504e+00
3.179000e-05	3.919219e-02	7.842088e+00
3.180000e-05	-6.806579e-02	8.155403e+00
3.181000e-05	5.685016e-02	8.367400e+00
3.182000e-05	-1.129386e-02	8.587425e+00
3.183000e-05	-1.957989e-02	8.808408e+00
3.184000e-05	6.160821e-04	9.052644e+00
3.185000e-05	-6.476223e-02	9.313768e+00
3.186000e-05	3.792549e-02	9.565318e+00
3.187000e-05	-2.310965e-02	9.788031e+00
3.188000e-05	2.411730e-02	1.001953e+01
3.189000e-05	-4.601003e-02	1.023858e+01
3.190000e-05	9.587930e-03	1.049008e+01
3.191000e-05	-9.482696e-03	1.068207e+01
3.192000e-05	-2.159956e-02	1.089129e+01
3.193000e-05	-1.280362e-02	1.108569e+01
3.194000e-05	-2.767238e-02	1.132479e+01
3.195000e-05	2.033019e-02	1.151480e+01
3.196000e-05	-2.260874e-02	1.173434e+01
3.197000e-05	-8.221226e-03	1.193475e+01
3.198000e-05	-3.858634e-02	1.211589e+01
3.199000e-05	5.092109e-03	1.228314e+01
3.200000e-05	-6.988260e-03	1.252174e+01
3.201000e-05	-8.095856e-03	1.266316e+01
3.202000e-05	-2.520502e-02	1.284959e+01
3.203000e-05	-2.146336e-02	1.299905e+01
3.204000e-05	-5.555501e-03	1.315642e+01
3.205000e-05	-2.208569e-02	1.333436e+01
3.206000e-05	-2.008470e-02	1.346114e+01
3.207000e-05	-2.512934e-02	1.364861e+01
3.208000e-05	2.624969e-03	1.378687e+01
3.209000e-05	-1.163034e-02	1.393327e+01
3.210000e-05	-2.131675e-02	1.409009e+01
3.211000e-05	-3.445527e-02	1.420746e+01
3.212000e-05	-1.972283e-02	1.434455e+01
3.213000e-05	-1.076352e-02	1.446066e+01
3.214000e-05	-2.143783e-02	1.458655e+01
3.215000e-05	-2.626031e-02	1.468162e+01
3.216000e-05	-2.510302e-02	1.474700e+01
3.217000e-05	-1.132348e-02	1.485119e+01
3.218000e-05	-2.263871e-02	1.496532e+01
3.219000e-05	-2.856822e-02	1.502001e+01
3.220000e-05	-3.183903e-02	1.516322e+01
3.221000e-05	-1.993004e-02	1.517593e+01
3.222000e-05	-1.979534e-02	1.525913e+01
3.223000e-05	-3.292833e-02	1.533284e+01
3.224000e-05	-3.905226e-02	1.539690e+01
3.225000e-05	-3.425420e-02	1.541753e+01
3.226000e-05	-2.179004e-02	1.548171e+01
3.227000e-05	-3.034443e-02	1.547424e+01
3.228000e-05	-3.663915e-02	1.557387e+01
3.229000e-05	-3.890843e-02	1.559637e+01
3.230000e-05	-3.222678e-02	1.557650e+01
3.231000e-05	-3.659257e-02	1.564655e+01
3.232000e-05	-5.024282e-02	1.560910e+01
3.233000e-05	-5.180583e-02	1.563908e+01
3.234000e-05	-4.779154e-02	1.564906e+01
3.235000e-05	-4.303351e-02	1.568865e+01
3.236000e-05	-5.775309e-02	1.565903e+01
3.237000e-05	-6.961006e-02	1.560845e+01
3.238000e-05	-7.599117e-02	1.560652e+01
3.239000e-05	-7.855363e-02	1.557487e+01
3.240000e-05	-9.738153e-02	1.549384e+01
3.241000e-05	-1.322823e-01	1.549269e+01
3.242000e-05	-1.723927e-01	1.542013e+01
3.243000e-05	-2.263386e-01	1.536692e+01
3.244000e-05	-2.499564e-01	1.533589e+01
3.245000e-05	-2.500000e-01	1.528131e+01
3.246000e-05	-2.500000e-01	1.523865e+01
3.247000e-05	-2.499900e-01	1.516439e+01
3.248000e-05	-2.266988e-01	1.506119e+01
3.249000e-05	-1.597646e-01	1.497637e+01
3.250000e-05	-1.158063e-01	1.493116e+01
3.251000e-05	-8.505005e-02	1.482754e+01
3.252000e-05	-5.927340e-02	1.472324e+01
3.253000e-05	-4.506858e-02	1.461747e+01
3.254000e-05	-4.466063e-02	1.450028e+01
3.255000e-05	-3.981070e-02	1.439849e+01
3.256000e-05	-3.129387e-02	1.426063e+01
3.257000e-05	-2.424577e-02	1.413326e+01
3.258000e-05	-2.811701e-02	1.396649e+01
3.259000e-05	-2.913284e-02	1.380859e+01
3.260000e-05	-2.527990e-02	1.373221e+01
3.261000e-05	-1.835755e-02	1.353581e+01
3.262000e-05	-1.938185e-02	1.338742e+01
3.263000e-05	-2.454289e-02	1.327013e+01
3.264000e-05	-2.369218e-02	1.310068e+01
3.265000e-05	-1.777962e-02	1.292281e+01
3.266000e-05	-1.512441e-02	1.276481e+01
3.267000e-05	-1.998259e-02	1.257744e+01
3.268000e-05	-2.232751e-02	1.241800e+01
3.269000e-05	-1.702818e-02	1.223012e+01
3.270000e-05	-1.339222e-02	1.203916e+01
3.271000e-05	-1.571882e-02	1.183005e+01
3.272000e-05	-2.061206e-02	1.166105e+01
3.273000e-05	-1.781456e-02	1.144005e+01
3.274000e-05	-1.334005e-02	1.122997e+01
3.275000e-05	-1.220442e-02	1.100859e+01
3.276000e-05	-1.709953e-02	1.081907e+01
3.277000e-05	-1.768101e-02	1.061749e+01
3.278000e-05	-1.221058e-02	1.037752e+01
3.279000e-05	-1.045071e-02	1.016639e+01
3.280000e-05	-1.257725e-02	9.954729e+00
3.281000e-05	-1.632546e-02	9.721231e+00
3.282000e-05	-1.260475e-02	9.470599e+00
3.283000e-05	-1.013959e-02	9.218495e+00
3.284000e-05	-1.057631e-02	8.998521e+00
3.285000e-05	-1.540795e-02	8.746847e+00
3.286000e-05	-1.413988e-02	8.524887e+00
3.287000e-05	-9.999915e-03	8.313676e+00
3.288000e-05	-7.531984e-03	8.048545e+00
3.289000e-05	-1.114196e-02	7.766490e+00
3.290000e-05	-1.323262e-02	7.524279e+00
3.291000e-05	-1.021593e-02	7.200023e+00
3.292000e-05	-8.339813e-03	6.986887e+00
3.293000e-05	-9.427415e-03	6.696255e+00
3.294000e-05	-1.237622e-02	6.411171e+00
3.295000e-05	-1.119776e-02	6.208419e+00
3.296000e-05	-7.820423e-03	5.915338e+00
3.297000e-05	-8.025234e-03	5.621050e+00
3.298000e-05	-1.066161e-02	5.347987e+00
3.299000e-05	-1.024732e-02	5.000073e+00
3.300000e-05	-7.014241e-03	4.735858e+00
3.301000e-05	-5.161038e-03	4.471603e+00
3.302000e-05	-7.658271e-03	4.178566e+00
3.303000e-05	-1.024145e-02	3.904204e+00
3.304000e-05	-9.800939e-03	3.651545e+00
3.305000e-05	-6.475974e-03	3.345828e+00
3.306000e-05	-7.608128e-03	3.020599e+00
3.307000e-05	-9.607898e-03	2.779441e+00
3.308000e-05	-9.676859e-03	2.513749e+00
3.309000e-05	-5.961465e-03	2.199912e+00
3.310000e-05	-4.822882e-03	1.926756e+00
3.311000e-05	-5.918829e-03	1.589544e+00
3.312000e-05	-7.243974e-03	1.324807e+00
3.313000e-05	-5.219196e-03	9.685161e-01
3.314000e-05	-5.046099e-03	6.727804e-01
3.315000e-05	-5.852438e-03	4.015974e-01
3.316000e-05	-6.523824e-03	1.147283e-01
3.317000e-05	-3.066721e-03	-1.683510e-01
3.318000e-05	1.114407e-02	-4.215580e-01
3.319000e-05	-2.959003e-03	-7.247447e-01
3.320000e-05	6.811932e-03	-9.509736e-01
3.321000e-05	-4.328575e-03	-1.223195e+00
3.322000e-05	4.036270e-03	-1.537899e+00
3.323000e-05	2.326612e-03	-1.800486e+00
3.324000e-05	3.574485e-02	-2.000513e+00
3.325000e-05	1.209240e-01	-2.277301e+00
3.326000e-05	-3.370591e-02	-2.725802e+00
3.327000e-05	-3.880024e-02	-3.096806e+00
3.328000e-05	-2.859787e-02	-3.399055e+00
3.329000e-05	-2.421563e-02	-3.640062e+00
3.330000e-05	-8.619800e-02	-3.853144e+00
3.331000e-05	6.786379e-02	-4.051662e+00
3.332000e-05	9.979048e-02	-4.252140e+00
3.333000e-05	-1.536292e-01	-4.580463e+00
3.334000e-05	2.245205e-01	-4.841690e+00
3.335000e-05	-1.612045e-01	-5.117380e+00
3.336000e-05	7.896768e-02	-5.543248e+00
3.337000e-05	-1.120899e-02	-5.725299e+00
3.338000e-05	-9.076242e-02	-6.070592e+00
3.339000e-05	1.848325e-01	-6.303240e+00
3.340000e-05	-1.435030e-01	-6.588981e+00
3.341000e-05	1.305645e-01	-6.901092e+00
3.342000e-05	-7.622539e-02	-7.132824e+00
3.343000e-05	2.568723e-03	-7.450436e+00
3.344000e-05	6.433482e-02	-7.691617e+00
3.345000e-05	-9.196416e-02	-7.967430e+00
3.346000e-05	1.568552e-01	-8.220056e+00
3.347000e-05	-1.157821e-01	-8.480162e+00
3.348000e-05	1.037555e-01	-8.756430e+00
3.349000e-05	-4.997897e-02	-8.977355e+00
3.350000e-05	-1.267546e-02	-9.238035e+00
3.351000e-05	4.951489e-02	-9.419137e+00
3.352000e-05	-3.847737e-02	-9.662141e+00
3.353000e-05	1.116272e-01	-9.842694e+00
3.354000e-05	-8.022185e-02	-1.011477e+01
3.355000e-05	8.736316e-02	-1.032530e+01
3.356000e-05	-7.450840e-02	-1.058632e+01
3.357000e-05	6.206456e-02	-1.077746e+01
3.358000e-05	-2.368459e-02	-1.099655e+01
3.359000e-05	2.809167e-02	-1.120706e+01
3.360000e-05	2.163952e-02	-1.142054e+01
3.361000e-05	4.310540e-05	-1.165956e+01
3.362000e-05	3.475666e-02	-1.183061e+01
3.363000e-05	-2.859817e-02	-1.206121e+01
3.364000e-05	3.935862e-02	-1.223961e+01
3.365000e-05	-1.342341e-02	-1.241691e+01
3.366000e-05	5.347773e-02	-1.257643e+01
3.367000e-05	-1.292494e-02	-1.274598e+01
3.368000e-05	2.607591e-02	-1.293540e+01
3.369000e-05	-1.022632e-02	-1.309372e+01
3.370000e-05	2.525910e-02	-1.328114e+01
3.371000e-05	5.055267e-03	-1.338853e+01
3.372000e-05	2.170124e-02	-1.357600e+01
3.373000e-05	1.783272e-02	-1.369422e+01
3.374000e-05	2.121437e-02	-1.391269e+01
3.375000e-05	1.482349e-02	-1.402861e+01
3.376000e-05	4.045258e-03	-1.414390e+01
3.377000e-05	1.033109e-02	-1.425066e+01
3.378000e-05	1.364418e-02	-1.438646e+01
3.379000e-05	2.731348e-02	-1.452334e+01
3.380000e-05	1.662517e-02	-1.461056e+01
3.381000e-05	2.144311e-02	-1.471387e+01
3.382000e-05	1.105272e-02	-1.483803e+01
3.383000e-05	2.461792e-02	-1.494184e+01
3.384000e-05	1.442966e-02	-1.499795e+01
3.385000e-05	2.233429e-02	-1.507176e+01
3.386000e-05	1.635291e-02	-1.515443e+01
3.387000e-05	2.753212e-02	-1.526956e+01
3.388000e-05	2.025498e-02	-1.530177e+01
3.389000e-05	2.027614e-02	-1.541692e+01
3.390000e-05	1.816640e-02	-1.538908e+01
3.391000e-05	2.658586e-02	-1.549116e+01
3.392000e-05	3.243828e-02	-1.556427e+01
3.393000e-05	2.933738e-02	-1.555637e+01
3.394000e-05	2.891490e-02	-1.558600e+01
3.395000e-05	2.612909e-02	-1.561761e+01
3.396000e-05	3.216917e-02	-1.564921e+01
3.397000e-05	3.108144e-02	-1.563971e+01
3.398000e-05	3.448483e-02	-1.566016e+01
3.399000e-05	3.833664e-02	-1.568063e+01
3.400000e-05	4.698774e-02	-1.566071e+01
3.401000e-05	5.158647e-02	-1.562021e+01
3.402000e-05	5.277144e-02	-1.563716e+01
3.403000e-05	5.575558e-02	-1.563811e+01
3.404000e-05	6.628624e-02	-1.560703e+01
3.405000e-05	7.888742e-02	-1.561653e+01
3.406000e-05	9.777082e-02	-1.555336e+01
3.407000e-05	1.238439e-01	-1.551134e+01
3.408000e-05	1.704216e-01	-1.546014e+01
3.409000e-05	2.320407e-01	-1.538855e+01
3.410000e-05	2.499980e-01	-1.538337e+01
3.411000e-05	2.500000e-01	-1.531224e+01
3.412000e-05	2.500000e-01	-1.522760e+01
3.413000e-05	2.497098e-01	-1.511419e+01
3.414000e-05	2.157591e-01	-1.504968e+01
3.415000e-05	1.403932e-01	-1.500790e+01
3.416000e-05	9.430346e-02	-1.491179e+01
3.417000e-05	6.672362e-02	-1.481808e+01
3.418000e-05	5.378046e-02	-1.473286e+01
3.419000e-05	4.112027e-02	-1.455600e+01
3.420000e-05	3.110055e-02	-1.454066e+01
3.421000e-05	2.688477e-02	-1.438639e+01
3.422000e-05	2.144735e-02	-1.423800e+01
3.423000e-05	1.999340e-02	-1.408276e+01
3.424000e-05	1.357591e-02	-1.396545e+01
3.425000e-05	1.331024e-02	-1.382965e+01
3.426000e-05	1.479345e-02	-1.372273e+01
3.427000e-05	1.616388e-02	-1.352421e+01
3.428000e-05	1.349628e-02	-1.339594e+01
3.429000e-05	9.433480e-03	-1.323898e+01
3.430000e-05	8.661854e-03	-1.303271e+01
3.431000e-05	9.294354e-03	-1.294479e+01
3.432000e-05	8.737280e-03	-1.276386e+01
3.433000e-05	7.936550e-03	-1.257752e+01
3.434000e-05	6.381635e-03	-1.243750e+01
3.435000e-05	7.831120e-03	-1.221860e+01
3.436000e-05	6.880363e-03	-1.205007e+01
3.437000e-05	3.994221e-03	-1.181013e+01
3.438000e-05	2.916469e-03	-1.164015e+01
3.439000e-05	2.879365e-03	-1.136689e+01
3.440000e-05	5.743923e-03	-1.117547e+01
3.441000e-05	3.680299e-03	-1.098539e+01
3.442000e-05	2.640540e-03	-1.073689e+01
3.443000e-05	1.456336e-03	-1.055592e+01
3.444000e-05	3.034566e-03	-1.034276e+01
3.445000e-05	2.383068e-03	-1.009378e+01
3.446000e-05	1.398777e-04	-9.880233e+00
3.447000e-05	-4.127571e-04	-9.672204e+00
3.448000e-05	9.083002e-04	-9.439123e+00
3.449000e-05	2.143928e-03	-9.187522e+00
3.450000e-05	-1.047151e-03	-8.967442e+00
3.451000e-05	-2.221619e-03	-8.774285e+00
3.452000e-05	-2.011215e-03	-8.501756e+00
3.453000e-05	6.076149e-04	-8.240601e+00
3.454000e-05	-7.276511e-04	-8.009045e+00
3.455000e-05	-2.812360e-03	-7.772783e+00
3.456000e-05	-3.902975e-03	-7.440548e+00
3.457000e-05	-2.451572e-03	-7.178069e+00
3.458000e-05	-2.976564e-03	-6.892159e+00
3.459000e-05	-4.465701e-03	-6.660099e+00
3.460000e-05	-5.468272e-03	-6.388969e+00
3.461000e-05	-2.643267e-03	-6.135381e+00
3.462000e-05	-2.902889e-03	-5.831625e+00
3.463000e-05	-3.626046e-03	-5.587961e+00
3.464000e-05	-6.454387e-03	-5.270702e+00
3.465000e-05	-5.470331e-03	-4.946862e+00
3.466000e-05	-4.632269e-03	-4.578578e+00
3.467000e-05	-4.921176e-03	-4.380050e+00
3.468000e-05	-6.898462e-03	-4.116365e+00
3.469000e-05	-6.746834e-03	-3.822174e+00
3.470000e-05	-6.647057e-03	-3.548970e+00
3.471000e-05	-6.537384e-03	-3.274285e+00
3.472000e-05	-8.029885e-03	-3.019572e+00
3.473000e-05	-7.613135e-03	-2.703759e+00
3.474000e-05	-6.255926e-03	-2.439628e+00
3.475000e-05	-5.578069e-03	-2.175361e+00
3.476000e-05	-6.897165e-03	-1.864602e+00
3.477000e-05	-1.004650e-02	-1.578537e+00
3.478000e-05	-9.834796e-03	-1.222022e+00
3.479000e-05	-9.060636e-03	-9.278382e-01
3.480000e-05	-6.852018e-03	-6.421254e-01
3.481000e-05	-8.689540e-03	-3.478649e-01
3.482000e-05	-6.206238e-03	-9.425534e-02
3.483000e-05	3.591349e-03	2.404836e-01
3.484000e-05	9.431289e-04	4.641854e-01
3.485000e-05	-1.218324e-03	7.277708e-01
3.486000e-05	-2.961708e-03	1.012055e+00
3.487000e-05	-2.641417e-03	1.314316e+00
3.488000e-05	-1.207126e-03	1.601585e+00
3.489000e-05	-4.869579e-04	1.915141e+00
3.490000e-05	1.985799e-02	2.105192e+00
3.491000e-05	8.207450e-02	2.369030e+00
3.492000e-05	2.596995e-02	2.747797e+00
3.493000e-05	-7.952420e-02	3.052189e+00
3.494000e-05	-3.018518e-02	3.346297e+00
3.495000e-05	-3.446641e-02	3.640030e+00
3.496000e-05	-3.010548e-02	3.873660e+00
3.497000e-05	-7.304155e-02	4.083234e+00
3.498000e-05	7.370418e-02	4.366396e+00
3.499000e-05	3.813779e-02	4.632113e+00
3.500000e-05	-9.355557e-02	4.875641e+00
3.501000e-05	1.717834e-01	5.199509e+00
3.502000e-05	-1.557304e-01	5.535250e+00
3.503000e-05	4.595828e-02	5.818906e+00
3.504000e-05	-1.829656e-02	6.102144e+00
3.505000e-05	-5.988822e-03	6.305267e+00
3.506000e-05	5.262202e-02	6.620504e+00
3.507000e-05	-8.721388e-02	6.914716e+00
3.508000e-05	5.134119e-02	7.125801e+00
3.509000e-05	-6.257500e-02	7.430510e+00
3.510000e-05	3.474012e-02	7.714197e+00
3.511000e-05	-4.458637e-02	7.997583e+00
3.512000e-05	-9.018023e-06	8.250242e+00
3.513000e-05	3.984159e-02	8.491163e+00
3.514000e-05	-3.818403e-02	8.685271e+00
3.515000e-05	1.574264e-02	8.985396e+00
3.516000e-05	-5.350283e-02	9.229106e+00
3.517000e-05	-2.163817e-03	9.419405e+00
3.518000e-05	3.977339e-03	9.668613e+00
3.519000e-05	4.955218e-03	9.901767e+00
3.520000e-05	-1.636593e-02	1.013582e+01
3.521000e-05	-2.370128e-02	1.035783e+01
3.522000e-05	9.286384e-03	1.060552e+01
3.523000e-05	-2.329269e-02	1.080693e+01
3.524000e-05	-1.114282e-02	1.099688e+01
3.525000e-05	-2.498192e-02	1.122846e+01
3.526000e-05	3.310611e-03	1.144803e+01
3.527000e-05	-1.496367e-03	1.163063e+01
3.528000e-05	-1.502115e-02	1.188058e+01
3.529000e-05	-3.041806e-02	1.205163e+01
3.530000e-05	-1.509923e-02	1.218951e+01
3.531000e-05	-1.593579e-03	1.238698e+01
3.532000e-05	-3.412429e-03	1.260800e+01
3.533000e-05	-1.974627e-02	1.276590e+01
3.534000e-05	-2.200324e-02	1.290334e+01
3.535000e-05	-1.211068e-02	1.310222e+01
3.536000e-05	-1.105420e-02	1.327011e+01
3.537000e-05	-2.187948e-02	1.339845e+01
3.538000e-05	-2.805418e-02	1.354590e+01
3.539000e-05	-8.399643e-03	1.372222e+01
3.540000e-05	-7.596454e-03	1.386060e+01
3.541000e-05	-1.349199e-02	1.402550e+01
3.542000e-05	-3.530133e-02	1.413385e+01
3.543000e-05	-2.236931e-02	1.427176e+01
3.544000e-05	-1.559313e-02	1.440950e+01
3.545000e-05	-1.085649e-02	1.452481e+01
3.546000e-05	-2.613514e-02	1.467960e+01
3.547000e-05	-2.869829e-02	1.476440e+01
3.548000e-05	-1.657054e-02	1.482963e+01
3.549000e-05	-1.983313e-02	1.491327e+01
3.550000e-05	-2.363965e-02	1.500595e+01
3.551000e-05	-3.584581e-02	1.509116e+01
3.552000e-05	-2.088565e-02	1.517432e+01
3.553000e-05	-1.995642e-02	1.521708e+01
3.554000e-05	-2.237662e-02	1.528073e+01
3.555000e-05	-3.866682e-02	1.535542e+01
3.556000e-05	-3.720485e-02	1.540800e+01
3.557000e-05	-2.670903e-02	1.544955e+01
3.558000e-05	-2.619439e-02	1.549176e+01
3.559000e-05	-3.364594e-02	1.553492e+01
3.560000e-05	-4.175500e-02	1.556537e+01
3.561000e-05	-3.151794e-02	1.564590e+01
3.562000e-05	-3.458864e-02	1.562702e+01
3.563000e-05	-4.044645e-02	1.566905e+01
3.564000e-05	-5.395385e-02	1.566808e+01
3.565000e-05	-4.938876e-02	1.565001e+01
3.566000e-05	-4.537761e-02	1.567910e+01
3.567000e-05	-5.122245e-02	1.564863e+01
3.568000e-05	-6.475935e-02	1.560903e+01
3.569000e-05	-7.505769e-02	1.559642e+01
3.570000e-05	-7.498248e-02	1.559689e+01
3.571000e-05	-8.831373e-02	1.554349e+01
3.572000e-05	-1.120455e-01	1.550274e+01
3.573000e-05	-1.529226e-01	1.547213e+01
3.574000e-05	-1.999741e-01	1.541900e+01
3.575000e-05	-2.439803e-01	1.537592e+01
3.576000e-05	-2.500000e-01	1.532284e+01
3.577000e-05	-2.500000e-01	1.526953e+01
3.578000e-05	-2.500000e-01	1.518752e+01
3.579000e-05	-2.452041e-01	1.513331e+01
3.580000e-05	-1.924306e-01	1.503960e+01
3.581000e-05	-1.318281e-01	1.492441e+01
3.582000e-05	-9.803548e-02	1.483858e+01
3.583000e-05	-6.842723e-02	1.473437e+01
3.584000e-05	-5.161483e-02	1.467113e+01
3.585000e-05	-4.416117e-02	1.456534e+01
3.586000e-05	-4.317442e-02	1.442998e+01
3.587000e-05	-3.528202e-02	1.432224e+01
3.588000e-05	-2.672735e-02	1.422757e+01
3.589000e-05	-2.547698e-02	1.403013e+01
3.590000e-05	-2.917233e-02	1.390218e+01
3.591000e-05	-2.844153e-02	1.375687e+01
3.592000e-05	-2.147922e-02	1.363905e+01
3.593000e-05	-1.833152e-02	1.348218e+01
3.594000e-05	-2.272154e-02	1.331528e+01
3.595000e-05	-2.385821e-02	1.315591e+01
3.596000e-05	-1.988435e-02	1.299802e+01
3.597000e-05	-1.495508e-02	1.287010e+01
3.598000e-05	-1.875369e-02	1.263063e+01
3.599000e-05	-2.196776e-02	1.249383e+01
3.600000e-05	-2.068967e-02	1.235428e+01
3.601000e-05	-1.411539e-02	1.214344e+01
3.602000e-05	-1.336771e-02	1.201491e+01
3.603000e-05	-1.769887e-02	1.178634e+01
3.604000e-05	-1.972290e-02	1.158333e+01
3.605000e-05	-1.492458e-02	1.130434e+01
3.606000e-05	-1.128515e-02	1.108321e+01
3.607000e-05	-1.494566e-02	1.090429e+01
3.608000e-05	-1.771192e-02	1.071423e+01
3.609000e-05	-1.520107e-02	1.049276e+01
3.610000e-05	-1.057231e-02	1.025161e+01
3.611000e-05	-1.162324e-02	1.004018e+01
3.612000e-05	-1.484783e-02	9.787919e+00
3.613000e-05	-1.514239e-02	9.554995e+00
3.614000e-05	-1.076913e-02	9.333808e+00
3.615000e-05	-9.213480e-03	9.124782e+00
3.616000e-05	-1.258034e-02	8.842802e+00
3.617000e-05	-1.454859e-02	8.600074e+00
3.618000e-05	-1.168427e-02	8.389020e+00
3.619000e-05	-8.427461e-03	8.175412e+00
3.620000e-05	-1.011708e-02	7.912732e+00
3.621000e-05	-1.225763e-02	7.640643e+00
3.622000e-05	-1.182470e-02	7.366385e+00
3.623000e-05	-8.832817e-03	7.103158e+00
3.624000e-05	-8.089354e-03	6.850645e+00
3.625000e-05	-1.101863e-02	6.576962e+00
3.626000e-05	-1.137870e-02	6.291631e+00
3.627000e-05	-9.142477e-03	6.071672e+00
3.628000e-05	-7.166827e-03	5.809462e+00
3.629000e-05	-9.070848e-03	5.513652e+00
3.630000e-05	-1.193496e-02	5.229539e+00
3.631000e-05	-1.123961e-02	4.863148e+00
3.632000e-05	-6.784653e-03	4.567947e+00
3.633000e-05	-6.196384e-03	4.326737e+00
3.634000e-05	-8.080346e-03	4.011017e+00
3.635000e-05	-8.848204e-03	3.746933e+00
3.636000e-05	-7.362262e-03	3.473624e+00
3.637000e-05	-6.008322e-03	3.187889e+00
3.638000e-05	-8.967398e-03	2.883359e+00
3.639000e-05	-1.014070e-02	2.650016e+00
3.640000e-05	-8.711649e-03	2.314282e+00
3.641000e-05	-5.679659e-03	2.021601e+00
3.642000e-05	-5.415274e-03	1.798939e+00
3.643000e-05	-6.920865e-03	1.452749e+00
3.644000e-05	-6.462632e-03	1.187433e+00
3.645000e-05	-5.212530e-03	8.320436e-01
3.646000e-05	-3.479997e-03	5.157844e-01
3.647000e-05	-4.449804e-03	2.730988e-01
3.648000e-05	-4.220446e-03	-4.156145e-02
3.649000e-05	6.098809e-03	-3.547422e-01
3.650000e-05	3.077061e-03	-5.883600e-01
3.651000e-05	1.910191e-03	-8.532357e-01
3.652000e-05	-1.085733e-03	-1.107272e+00
3.653000e-05	-2.964368e-04	-1.422060e+00
3.654000e-05	2.139715e-04	-1.665169e+00
3.655000e-05	1.875968e-02	-1.916321e+00
3.656000e-05	7.998190e-02	-2.169407e+00
3.657000e-05	7.663748e-02	-2.516723e+00
3.658000e-05	-8.457127e-02	-2.945820e+00
3.659000e-05	-1.008448e-03	-3.315168e+00
3.660000e-05	-4.874898e-02	-3.536348e+00
3.661000e-05	-2.826732e-02	-3.717303e+00
3.662000e-05	-8.177920e-02	-4.018505e+00
3.663000e-05	2.016916e-01	-4.117875e+00
3.664000e-05	-1.414171e-01	-4.430087e+00
3.665000e-05	9.494447e-02	-4.748325e+00
3.666000e-05	5.428171e-02	-4.977954e+00
3.667000e-05	-1.476178e-01	-5.346879e+00
3.668000e-05	1.740616e-01	-5.642058e+00
3.669000e-05	-1.962585e-01	-5.894268e+00
3.670000e-05	1.502938e-01	-6.188856e+00
3.671000e-05	-1.952550e-02	-6.419114e+00
3.672000e-05	-2.774689e-02	-6.738420e+00
3.673000e-05	9.875872e-02	-7.007949e+00
3.674000e-05	-1.366422e-01	-7.323694e+00
3.675000e-05	1.402310e-01	-7.537402e+00
3.676000e-05	-1.069671e-01	-7.770515e+00
3.677000e-05	8.988242e-02	-8.103796e+00
3.678000e-05	1.386112e-02	-8.316251e+00
3.679000e-05	-4.322694e-02	-8.620986e+00
3.680000e-05	1.013267e-01	-8.860983e+00
3.681000e-05	-1.246685e-01	-9.103267e+00
3.682000e-05	1.070177e-01	-9.303767e+00
3.683000e-05	-7.317709e-02	-9.514830e+00
3.684000e-05	1.010305e-01	-9.757005e+00
3.685000e-05	-2.421023e-02	-9.968008e+00
3.686000e-05	1.720771e-02	-1.023012e+01
3.687000e-05	1.455348e-02	-1.047114e+01
3.688000e-05	-3.225027e-02	-1.068377e+01
3.689000e-05	6.076238e-02	-1.087212e+01
3.690000e-05	-4.687074e-02	-1.109222e+01
3.691000e-05	7.470349e-02	-1.129382e+01
3.692000e-05	-3.608859e-02	-1.156430e+01
3.693000e-05	5.759891e-02	-1.177745e+01
3.694000e-05	-3.354612e-02	-1.192435e+01
3.695000e-05	3.089352e-02	-1.215682e+01
3.696000e-05	-3.942790e-03	-1.229377e+01
3.697000e-05	3.318505e-02	-1.253380e+01
3.698000e-05	1.768856e-02	-1.267169e+01
3.699000e-05	3.522225e-03	-1.292164e+01
3.700000e-05	1.201325e-02	-1.303903e+01
3.701000e-05	-2.077279e-03	-1.321848e+01
3.702000e-05	2.500741e-02	-1.336582e+01
3.703000e-05	5.183900e-04	-1.345227e+01
3.704000e-05	3.186109e-02	-1.362924e+01
3.705000e-05	8.794350e-03	-1.380896e+01
3.706000e-05	3.022664e-02	-1.395578e+01
3.707000e-05	-7.696392e-04	-1.403024e+01
3.708000e-05	1.480813e-02	-1.419998e+01
3.709000e-05	4.474048e-03	-1.429182e+01
3.710000e-05	2.768772e-02	-1.450061e+01
3.711000e-05	1.680314e-02	-1.458687e+01
3.712000e-05	2.226639e-02	-1.468274e+01
3.713000e-05	1.270626e-02	-1.474643e+01
3.714000e-05	1.957938e-02	-1.488019e+01
3.715000e-05	2.005172e-02	-1.493740e+01
3.716000e-05	1.748082e-02	-1.508016e+01
3.717000e-05	2.144089e-02	-1.511379e+01
3.718000e-05	2.050188e-02	-1.521698e+01
3.719000e-05	2.713362e-02	-1.521964e+01
3.720000e-05	1.705471e-02	-1.532342e+01
3.721000e-05	1.971826e-02	-1.539448e+01
3.722000e-05	1.920813e-02	-1.544061e+01
3.723000e-05	3.149375e-02	-1.550129e+01
3.724000e-05	3.005251e-02	-1.554490e+01
3.725000e-05	3.127564e-02	-1.555693e+01
3.726000e-05	2.724729e-02	-1.558045e+01
3.727000e-05	3.046402e-02	-1.558661e+01
3.728000e-05	3.234917e-02	-1.566971e+01
3.729000e-05	3.232509e-02	-1.569964e+01
3.730000e-05	3.595561e-02	-1.563026e+01
3.731000e-05	4.242149e-02	-1.568721e+01
3.732000e-05	4.937066e-02	-1.565123e+01
3.733000e-05	5.138820e-02	-1.565028e+01
3.734000e-05	5.255404e-02	-1.562813e+01
3.735000e-05	6.025912e-02	-1.560658e+01
3.736000e-05	7.385512e-02	-1.558558e+01
3.737000e-05	8.993964e-02	-1.559500e+01
3.738000e-05	1.106936e-01	-1.551279e+01
3.739000e-05	1.455472e-01	-1.547126e+01
3.740000e-05	2.042012e-01	-1.541008e+01
3.741000e-05	2.467803e-01	-1.537704e+01
3.742000e-05	2.500000e-01	-1.534129e+01
3.743000e-05	2.500000e-01	-1.529013e+01
3.744000e-05	2.500000e-01	-1.517647e+01
3.745000e-05	2.409849e-01	-1.511219e+01
3.746000e-05	1.765559e-01	-1.502760e+01
3.747000e-05	1.131700e-01	-1.491426e+01
3.748000e-05	7.882724e-02	-1.484916e+01
3.749000e-05	5.864249e-02	-1.476590e+01
3.750000e-05	4.579338e-02	-1.464870e+01
3.751000e-05	3.439519e-02	-1.450537e+01
3.752000e-05	2.715249e-02	-1.443108e+01
3.753000e-05	2.441407e-02	-1.431318e+01
3.754000e-05	2.161321e-02	-1.419692e+01
3.755000e-05	1.899138e-02	-1.398905e+01
3.756000e-05	1.498441e-02	-1.389118e+01
3.757000e-05	1.475952e-02	-1.374639e+01
3.758000e-05	1.409018e-02	-1.360650e+01
3.759000e-05	1.334782e-02	-1.349050e+01
3.760000e-05	9.205285e-03	-1.333331e+01
3.761000e-05	8.710993e-03	-1.314586e+01
3.762000e-05	9.351585e-03	-1.296847e+01
3.763000e-05	1.025377e-02	-1.283968e+01
3.764000e-05	8.675395e-03	-1.265110e+01
3.765000e-05	6.889960e-03	-1.249270e+01
3.766000e-05	6.615075e-03	-1.230376e+01
3.767000e-05	7.273099e-03	-1.216531e+01
3.768000e-05	5.238247e-03	-1.195338e+01
3.769000e-05	3.672305e-03	-1.172391e+01
3.770000e-05	2.295729e-03	-1.152326e+01
3.771000e-05	4.380548e-03	-1.124911e+01
3.772000e-05	4.599248e-03	-1.104965e+01
3.773000e-05	2.862779e-03	-1.085118e+01
3.774000e-05	1.764457e-03	-1.062060e+01
3.775000e-05	2.016515e-03	-1.043055e+01
3.776000e-05	3.412525e-03	-1.018695e+01
3.777000e-05	2.398322e-03	-9.956519e+00
3.778000e-05	3.657140e-04	-9.804917e+00
3.779000e-05	-3.318842e-04	-9.566239e+00
3.780000e-05	5.284532e-04	-9.272737e+00
3.781000e-05	-7.252403e-04	-9.051755e+00
3.782000e-05	-1.894503e-03	-8.851104e+00
3.783000e-05	-1.912238e-03	-8.579069e+00
3.784000e-05	-3.518469e-04	-8.345011e+00
3.785000e-05	7.251828e-04	-8.092805e+00
3.786000e-05	-8.500468e-04	-7.861622e+00
3.787000e-05	-3.151130e-03	-7.566437e+00
3.788000e-05	-3.030813e-03	-7.263759e+00
3.789000e-05	-2.849356e-03	-7.061598e+00
3.790000e-05	-3.746269e-03	-6.755468e+00
3.791000e-05	-4.562445e-03	-6.523283e+00
3.792000e-05	-4.177912e-03	-6.249550e+00
3.793000e-05	-3.280213e-03	-5.976367e+00
3.794000e-05	-4.065530e-03	-5.723834e+00
3.795000e-05	-4.505255e-03	-5.409019e+00
3.796000e-05	-6.485460e-03	-5.113732e+00
3.797000e-05	-4.459930e-03	-4.775561e+00
3.798000e-05	-4.105568e-03	-4.512807e+00
3.799000e-05	-6.300784e-03	-4.302659e+00
3.800000e-05	-6.095497e-03	-4.008525e+00
3.801000e-05	-8.385604e-03	-3.702259e+00
3.802000e-05	-5.877255e-03	-3.441599e+00
3.803000e-05	-8.764877e-03	-3.127941e+00
3.804000e-05	-6.314455e-03	-2.821703e+00
3.805000e-05	-7.998948e-03	-2.577892e+00
3.806000e-05	-3.994197e-03	-2.294279e+00
3.807000e-05	-6.646655e-03	-1.958019e+00
3.808000e-05	-6.835891e-03	-1.675731e+00
3.809000e-05	-1.050491e-02	-1.419495e+00
3.810000e-05	-9.016349e-03	-1.073734e+00
3.811000e-05	-9.115797e-03	-8.304935e-01
3.812000e-05	-9.082075e-03	-4.922542e-01
3.813000e-05	-7.704262e-03	-2.425686e-01
3.814000e-05	-3.001021e-03	4.364289e-02
3.815000e-05	8.160492e-03	3.363999e-01
3.816000e-05	-6.210173e-03	6.215602e-01
3.817000e-05	3.412502e-03	8.430880e-01
3.818000e-05	-6.005196e-03	1.197905e+00
3.819000e-05	1.770664e-03	1.492161e+00
3.820000e-05	-4.429851e-03	1.789427e+00
3.821000e-05	1.164560e-02	1.999027e+00
3.822000e-05	4.072434e-02	2.250138e+00
3.823000e-05	9.416671e-02	2.577907e+00
3.824000e-05	-7.012686e-02	2.935742e+00
3.825000e-05	-4.054909e-02	3.169003e+00
3.826000e-05	-4.320823e-02	3.504324e+00
3.827000e-05	-1.208500e-02	3.766449e+00
3.828000e-05	-7.293655e-02	3.948971e+00
3.829000e-05	-1.313297e-02	4.229510e+00
3.830000e-05	1.255406e-01	4.516274e+00
3.831000e-05	-1.185600e-01	4.828980e+00
3.832000e-05	1.084043e-01	5.031664e+00
3.833000e-05	-7.177890e-03	5.428983e+00
3.834000e-05	-9.239535e-02	5.682587e+00
3.835000e-05	7.121541e-02	5.935976e+00
3.836000e-05	-7.100199e-02	6.199506e+00
3.837000e-05	7.898946e-02	6.450713e+00
3.838000e-05	-5.219672e-02	6.815925e+00
3.839000e-05	-1.124222e-02	7.019030e+00
3.840000e-05	6.559144e-03	7.313188e+00
3.841000e-05	-3.756857e-02	7.587482e+00
3.842000e-05	3.029624e-02	7.890537e+00
3.843000e-05	-6.646040e-02	8.136451e+00
3.844000e-05	5.871696e-02	8.419429e+00
3.845000e-05	-1.564873e-02	8.617953e+00
3.846000e-05	-1.292521e-02	8.839934e+00
3.847000e-05	-3.085326e-03	9.062763e+00
3.848000e-05	-5.931179e-02	9.354769e+00
3.849000e-05	3.772385e-02	9.544404e+00
3.850000e-05	-2.227432e-02	9.809428e+00
3.851000e-05	2.120163e-02	1.000798e+01
3.852000e-05	-4.782832e-02	1.028051e+01
3.853000e-05	1.006443e-02	1.044316e+01
3.854000e-05	-1.281663e-02	1.067066e+01
3.855000e-05	-1.977682e-02	1.090369e+01
3.856000e-05	-1.246798e-02	1.109267e+01
3.857000e-05	-2.272634e-02	1.131419e+01
3.858000e-05	2.144081e-02	1.152385e+01
3.859000e-05	-2.341826e-02	1.179535e+01
3.860000e-05	-1.027337e-02	1.195492e+01
3.861000e-05	-3.831994e-02	1.211629e+01
3.862000e-05	4.193115e-03	1.230435e+01
3.863000e-05	-7.847678e-03	1.252379e+01
3.864000e-05	-1.000284e-02	1.266308e+01
3.865000e-05	-2.424459e-02	1.286006e+01
3.866000e-05	-1.981718e-02	1.300048e+01
3.867000e-05	-3.438231e-03	1.317550e+01
3.868000e-05	-2.096996e-02	1.338479e+01
3.869000e-05	-1.977685e-02	1.349174e+01
3.870000e-05	-2.484964e-02	1.362054e+01
3.871000e-05	1.289957e-04	1.379642e+01
3.872000e-05	-1.426151e-02	1.390530e+01
3.873000e-05	-2.497817e-02	1.409169e+01
3.874000e-05	-3.344352e-02	1.424011e+01
3.875000e-05	-1.934172e-02	1.434640e+01
3.876000e-05	-7.987542e-03	1.447074e+01
3.877000e-05	-1.954003e-02	1.455844e+01
3.878000e-05	-2.524405e-02	1.470224e+01
3.879000e-05	-2.548280e-02	1.478748e+01
3.880000e-05	-1.275469e-02	1.487064e+01
3.881000e-05	-2.428400e-02	1.495577e+01
3.882000e-05	-3.032112e-02	1.500058e+01
3.883000e-05	-3.139663e-02	1.509269e+01
3.884000e-05	-1.947617e-02	1.516545e+01
3.885000e-05	-1.801728e-02	1.526066e+01
3.886000e-05	-3.210690e-02	1.531432e+01
3.887000e-05	-3.757862e-02	1.538645e+01
3.888000e-05	-3.414172e-02	1.542908e+01
3.889000e-05	-2.293422e-02	1.548161e+01
3.890000e-05	-3.166748e-02	1.555336e+01
3.891000e-05	-3.870759e-02	1.556490e+01
3.892000e-05	-3.916854e-02	1.556587e+01
3.893000e-05	-3.236778e-02	1.559900e+01
3.894000e-05	-3.672225e-02	1.564698e+01
3.895000e-05	-4.958460e-02	1.562909e+01
3.896000e-05	-5.071777e-02	1.567905e+01
3.897000e-05	-4.742917e-02	1.563808e+01
3.898000e-05	-4.396352e-02	1.563763e+01
3.899000e-05	-5.899054e-02	1.563698e+01
3.900000e-05	-7.060435e-02	1.562750e+01
3.901000e-05	-7.610774e-02	1.562689e+01
3.902000e-05	-8.162453e-02	1.552479e+01
3.903000e-05	-9.994575e-02	1.552372e+01
3.904000e-05	-1.345488e-01	1.547366e+01
3.905000e-05	-1.733322e-01	1.545963e+01
3.906000e-05	-2.285404e-01	1.538747e+01
3.907000e-05	-2.499822e-01	1.534536e+01
3.908000e-05	-2.500000e-01	1.530179e+01
3.909000e-05	-2.500000e-01	1.524648e+01
3.910000e-05	-2.499599e-01	1.517484e+01
3.911000e-05	-2.237776e-01	1.509076e+01
3.912000e-05	-1.558645e-01	1.496644e+01
3.913000e-05	-1.129483e-01	1.489281e+01
3.914000e-05	-8.196138e-02	1.481652e+01
3.915000e-05	-5.821081e-02	1.469074e+01
3.916000e-05	-4.454339e-02	1.460652e+01
3.917000e-05	-4.430422e-02	1.449223e+01
3.918000e-05	-3.922213e-02	1.441797e+01
3.919000e-05	-3.134033e-02	1.419066e+01
3.920000e-05	-2.441013e-02	1.415324e+01
3.921000e-05	-2.768611e-02	1.400546e+01
3.922000e-05	-3.064884e-02	1.381807e+01
3.923000e-05	-2.503310e-02	1.369029e+01
3.924000e-05	-1.995817e-02	1.353734e+01
3.925000e-05	-1.903304e-02	1.337697e+01
3.926000e-05	-2.365118e-02	1.329053e+01
3.927000e-05	-2.188601e-02	1.311163e+01
3.928000e-05	-1.714792e-02	1.292228e+01
3.929000e-05	-1.570353e-02	1.275442e+01
3.930000e-05	-2.104915e-02	1.258744e+01
3.931000e-05	-2.256699e-02	1.241907e+01
3.932000e-05	-1.702640e-02	1.224805e+01
3.933000e-05	-1.354188e-02	1.205970e+01
3.934000e-05	-1.515845e-02	1.182963e+01
3.935000e-05	-2.037791e-02	1.163212e+01
3.936000e-05	-1.764336e-02	1.146710e+01
3.937000e-05	-1.253126e-02	1.120747e+01
3.938000e-05	-1.217488e-02	1.100754e+01
3.939000e-05	-1.576152e-02	1.078950e+01
3.940000e-05	-1.739546e-02	1.057654e+01
3.941000e-05	-1.187528e-02	1.031539e+01
3.942000e-05	-1.122240e-02	1.014644e+01
3.943000e-05	-1.347736e-02	9.915706e+00
3.944000e-05	-1.664422e-02	9.662707e+00
3.945000e-05	-1.304918e-02	9.430601e+00
3.946000e-05	-9.359848e-03	9.201149e+00
3.947000e-05	-1.018630e-02	9.006941e+00
3.948000e-05	-1.388396e-02	8.735863e+00
3.949000e-05	-1.369879e-02	8.534284e+00
3.950000e-05	-9.389845e-03	8.262149e+00
3.951000e-05	-9.337014e-03	7.978998e+00
3.952000e-05	-1.149883e-02	7.745412e+00
3.953000e-05	-1.405627e-02	7.482255e+00
3.954000e-05	-1.049528e-02	7.199046e+00
3.955000e-05	-8.190952e-03	6.946913e+00
3.956000e-05	-9.282302e-03	6.732753e+00
3.957000e-05	-1.165013e-02	6.418542e+00
3.958000e-05	-1.104108e-02	6.158913e+00
3.959000e-05	-7.756402e-03	5.905182e+00
3.960000e-05	-7.728454e-03	5.590616e+00
3.961000e-05	-1.061501e-02	5.345411e+00
3.962000e-05	-1.198111e-02	5.020041e+00
3.963000e-05	-8.205775e-03	4.714756e+00
3.964000e-05	-7.396456e-03	4.441675e+00
3.965000e-05	-8.665341e-03	4.155908e+00
3.966000e-05	-1.030313e-02	3.865175e+00
3.967000e-05	-7.894863e-03	3.600470e+00
3.968000e-05	-5.569073e-03	3.293807e+00
3.969000e-05	-6.216131e-03	3.022120e+00
3.970000e-05	-1.001695e-02	2.768392e+00
3.971000e-05	-8.758742e-03	2.471723e+00
3.972000e-05	-7.027588e-03	2.197990e+00
3.973000e-05	-5.785786e-03	1.914754e+00
3.974000e-05	-6.976645e-03	1.579015e+00
3.975000e-05	-8.510043e-03	1.283283e+00
3.976000e-05	-5.792001e-03	9.389872e-01
3.977000e-05	-4.075803e-03	6.527243e-01
3.978000e-05	-4.935917e-03	3.889673e-01
3.979000e-05	-5.345075e-03	6.527520e-02
3.980000e-05	-9.202220e-04	-1.789300e-01
3.981000e-05	1.132471e-02	-3.920878e-01
3.982000e-05	-4.024790e-03	-7.883773e-01
3.983000e-05	3.438411e-03	-9.679538e-01
3.984000e-05	-6.049940e-03	-1.254665e+00
3.985000e-05	3.761294e-03	-1.567530e+00
3.986000e-05	4.036325e-03	-1.819486e+00
3.987000e-05	3.954532e-02	-2.051112e+00
3.988000e-05	1.240725e-01	-2.358356e+00
3.989000e-05	-4.341460e-02	-2.756827e+00
3.990000e-05	-3.111603e-02	-3.137402e+00
3.991000e-05	-3.375694e-02	-3.411035e+00
3.992000e-05	-2.298631e-02	-3.601084e+00
3.993000e-05	-9.361660e-02	-3.893696e+00
3.994000e-05	8.815737e-02	-4.102589e+00
3.995000e-05	7.155145e-02	-4.253094e+00
3.996000e-05	-1.346387e-01	-4.659014e+00
3.997000e-05	2.225929e-01	-4.883138e+00
3.998000e-05	-1.785582e-01	-5.175910e+00
3.999000e-05	1.034199e-01	-5.575825e+00
4.000000e-05	-3.975869e-02	-5.766326e+00
4.001000e-05	-6.229949e-02	-6.092664e+00
4.002000e-05	1.712870e-01	-6.314325e+00
4.003000e-05	-1.440992e-01	-6.609908e+00
4.004000e-05	1.392227e-01	-6.893617e+00
4.005000e-05	-9.488203e-02	-7.156455e+00
4.006000e-05	2.646893e-02	-7.452562e+00
4.007000e-05	4.447464e-02	-7.692216e+00
4.008000e-05	-7.470647e-02	-7.988485e+00
4.009000e-05	1.506920e-01	-8.229083e+00
4.010000e-05	-1.185733e-01	-8.480670e+00
4.011000e-05	1.144902e-01	-8.745876e+00
4.012000e-05	-6.738890e-02	-9.008902e+00
4.013000e-05	5.303574e-03	-9.189509e+00
4.014000e-05	3.293101e-02	-9.391079e+00
4.015000e-05	-2.359972e-02	-9.683241e+00
4.016000e-05	9.999246e-02	-9.891246e+00
4.017000e-05	-7.531217e-02	-1.017425e+01
4.018000e-05	8.710848e-02	-1.034590e+01
4.019000e-05	-7.631363e-02	-1.060798e+01
4.020000e-05	7.029060e-02	-1.078746e+01
4.021000e-05	-3.262438e-02	-1.097658e+01
4.022000e-05	3.730877e-02	-1.120851e+01
4.023000e-05	1.104909e-02	-1.142956e+01
4.024000e-05	7.601336e-03	-1.165074e+01
4.025000e-05	2.505442e-02	-1.181964e+01
4.026000e-05	-2.281503e-02	-1.204154e+01
4.027000e-05	3.541856e-02	-1.220016e+01
4.028000e-05	-8.296566e-03	-1.243806e+01
4.029000e-05	5.195315e-02	-1.259900e+01
4.030000e-05	-1.282696e-02	-1.274748e+01
4.031000e-05	2.572494e-02	-1.296590e+01
4.032000e-05	-1.178643e-02	-1.310374e+01
4.033000e-05	2.563745e-02	-1.331026e+01
4.034000e-05	2.117996e-03	-1.340851e+01
4.035000e-05	2.320043e-02	-1.354593e+01
4.036000e-05	1.575150e-02	-1.373422e+01
4.037000e-05	2.410997e-02	-1.387264e+01
4.038000e-05	1.392101e-02	-1.400948e+01
4.039000e-05	5.788531e-03	-1.413590e+01
4.040000e-05	9.166230e-03	-1.423969e+01
4.041000e-05	1.580638e-02	-1.440753e+01
4.042000e-05	2.599906e-02	-1.453527e+01
4.043000e-05	1.776100e-02	-1.464058e+01
4.044000e-05	2.036090e-02	-1.474527e+01
4.045000e-05	1.114003e-02	-1.483906e+01
4.046000e-05	2.414514e-02	-1.493382e+01
4.047000e-05	1.414941e-02	-1.500808e+01
4.048000e-05	2.224860e-02	-1.509322e+01
4.049000e-05	1.713482e-02	-1.516539e+01
4.050000e-05	2.864549e-02	-1.528000e+01
4.051000e-05	2.106590e-02	-1.532329e+01
4.052000e-05	2.037758e-02	-1.536390e+01
4.053000e-05	1.666068e-02	-1.541001e+01
4.054000e-05	2.601376e-02	-1.550024e+01
4.055000e-05	3.174996e-02	-1.552334e+01
4.056000e-05	2.983848e-02	-1.559540e+01
4.057000e-05	2.840941e-02	-1.559543e+01
4.058000e-05	2.892382e-02	-1.560651e+01
4.059000e-05	3.413738e-02	-1.565066e+01
4.060000e-05	3.220069e-02	-1.564064e+01
4.061000e-05	3.401942e-02	-1.569868e+01
4.062000e-05	3.752971e-02	-1.564071e+01
4.063000e-05	4.704980e-02	-1.568916e+01
4.064000e-05	5.106093e-02	-1.564966e+01
4.065000e-05	5.196164e-02	-1.565018e+01
4.066000e-05	5.559269e-02	-1.560811e+01
4.067000e-05	6.715487e-02	-1.562648e+01
4.068000e-05	8.262525e-02	-1.557442e+01
4.069000e-05	1.002233e-01	-1.552432e+01
4.070000e-05	1.263221e-01	-1.552221e+01
4.071000e-05	1.740702e-01	-1.549061e+01
4.072000e-05	2.335249e-01	-1.536800e+01
4.073000e-05	2.499985e-01	-1.532534e+01
4.074000e-05	2.500000e-01	-1.528216e+01
4.075000e-05	2.500000e-01	-1.515650e+01
4.076000e-05	2.494697e-01	-1.510226e+01
4.077000e-05	2.119713e-01	-1.502961e+01
4.078000e-05	1.393868e-01	-1.495542e+01
4.079000e-05	9.279385e-02	-1.489226e+01
4.080000e-05	6.761656e-02	-1.479807e+01
4.081000e-05	5.337075e-02	-1.473074e+01
4.082000e-05	3.926019e-02	-1.459745e+01
4.083000e-05	2.973556e-02	-1.451121e+01
4.084000e-05	2.499560e-02	-1.435537e+01
4.085000e-05	2.238024e-02	-1.423056e+01
4.086000e-05	2.019279e-02	-1.412233e+01
4.087000e-05	1.527573e-02	-1.397504e+01
4.088000e-05	1.388257e-02	-1.378905e+01
4.089000e-05	1.425922e-02	-1.367873e+01
4.090000e-05	1.532862e-02	-1.351336e+01
4.091000e-05	1.155958e-02	-1.336757e+01
4.092000e-05	9.250975e-03	-1.321957e+01
4.093000e-05	8.515583e-03	-1.304076e+01
4.094000e-05	9.428026e-03	-1.291376e+01
4.095000e-05	9.680586e-03	-1.277479e+01
4.096000e-05	6.795458e-03	-1.255747e+01
4.097000e-05	6.578799e-03	-1.241702e+01
4.098000e-05	7.062576e-03	-1.220910e+01
4.099000e-05	7.200169e-03	-1.202065e+01
4.100000e-05	4.454254e-03	-1.181112e+01
4.101000e-05	3.249554e-03	-1.160854e+01
4.102000e-05	3.522807e-03	-1.133587e+01
4.103000e-05	4.827654e-03	-1.114542e+01
4.104000e-05	3.741246e-03	-1.092279e+01
4.105000e-05	2.270872e-03	-1.075641e+01
4.106000e-05	1.339384e-03	-1.051689e+01
4.107000e-05	2.579513e-03	-1.030430e+01
4.108000e-05	2.506504e-03	-1.007171e+01
4.109000e-05	9.004521e-04	-9.871657e+00
4.110000e-05	4.752401e-04	-9.661679e+00
4.111000e-05	5.712454e-04	-9.429051e+00
4.112000e-05	6.363990e-04	-9.158096e+00
4.113000e-05	-1.347161e-03	-8.936391e+00
4.114000e-05	-2.376556e-03	-8.734857e+00
4.115000e-05	-2.568626e-03	-8.462258e+00
4.116000e-05	2.105974e-04	-8.231096e+00
4.117000e-05	-5.207728e-04	-7.996969e+00
4.118000e-05	-2.033604e-03	-7.693753e+00
4.119000e-05	-3.708884e-03	-7.431075e+00
4.120000e-05	-2.512342e-03	-7.197889e+00
4.121000e-05	-3.866073e-03	-6.882778e+00
4.122000e-05	-3.635228e-03	-6.630621e+00
4.123000e-05	-5.204903e-03	-6.367440e+00
4.124000e-05	-4.015051e-03	-6.103258e+00
4.125000e-05	-5.082628e-03	-5.849550e+00
4.126000e-05	-3.381489e-03	-5.536391e+00
4.127000e-05	-6.219997e-03	-5.220174e+00
4.128000e-05	-5.356284e-03	-4.934783e+00
4.129000e-05	-4.934426e-03	-4.609099e+00
4.130000e-05	-3.900271e-03	-4.389470e+00
4.131000e-05	-5.683829e-03	-4.144861e+00
4.132000e-05	-6.719581e-03	-3.851603e+00
4.133000e-05	-6.501793e-03	-3.548392e+00
4.134000e-05	-7.233692e-03	-3.324755e+00
4.135000e-05	-7.565556e-03	-2.957491e+00
4.136000e-05	-7.889339e-03	-2.693733e+00
4.137000e-05	-6.210393e-03	-2.452152e+00
4.138000e-05	-5.447099e-03	-2.115407e+00
4.139000e-05	-5.500096e-03	-1.852674e+00
4.140000e-05	-8.419176e-03	-1.537965e+00
4.141000e-05	-8.469301e-03	-1.240992e+00
4.142000e-05	-9.043513e-03	-9.464370e-01
4.143000e-05	-8.507475e-03	-6.305728e-01
4.144000e-05	-9.037970e-03	-3.463882e-01
4.145000e-05	-7.054848e-03	-4.327808e-02
4.146000e-05	3.698506e-03	1.995051e-01
4.147000e-05	1.376047e-03	4.756870e-01
4.148000e-05	-9.095517e-04	7.352698e-01
4.149000e-05	-1.216585e-03	1.022007e+00
4.150000e-05	-3.711007e-03	1.345294e+00
4.151000e-05	-2.305419e-03	1.661012e+00
4.152000e-05	1.365334e-03	1.903717e+00
4.153000e-05	2.066955e-02	2.125767e+00
4.154000e-05	8.892109e-02	2.378483e+00
4.155000e-05	1.332583e-02	2.767875e+00
4.156000e-05	-7.471312e-02	3.092637e+00
4.157000e-05	-3.377088e-02	3.376300e+00
4.158000e-05	-3.318650e-02	3.662113e+00
4.159000e-05	-3.701647e-02	3.863189e+00
4.160000e-05	-6.924645e-02	4.034212e+00
4.161000e-05	8.416731e-02	4.357901e+00
4.162000e-05	2.044036e-02	4.662638e+00
4.163000e-05	-7.355496e-02	4.915741e+00
4.164000e-05	1.620558e-01	5.232134e+00
4.165000e-05	-1.612270e-01	5.526348e+00
4.166000e-05	5.602384e-02	5.798006e+00
4.167000e-05	-3.108141e-02	6.123592e+00
4.168000e-05	6.785404e-03	6.358297e+00
4.169000e-05	4.242418e-02	6.610088e+00
4.170000e-05	-8.305024e-02	6.943272e+00
4.171000e-05	5.274680e-02	7.205825e+00
4.172000e-05	-6.498621e-02	7.441063e+00
4.173000e-05	3.843794e-02	7.756321e+00
4.174000e-05	-5.211253e-02	8.030586e+00
4.175000e-05	9.214596e-03	8.293838e+00
4.176000e-05	3.602638e-02	8.534292e+00
4.177000e-05	-3.585650e-02	8.723350e+00
4.178000e-05	1.607722e-02	8.966351e+00
4.179000e-05	-5.954036e-02	9.230009e+00
4.180000e-05	3.206717e-03	9.430534e+00
4.181000e-05	-6.003196e-04	9.692642e+00
4.182000e-05	8.218271e-03	9.854347e+00
4.183000e-05	-1.988947e-02	1.016535e+01
4.184000e-05	-1.770078e-02	1.035633e+01
4.185000e-05	8.864852e-03	1.058700e+01
4.186000e-05	-2.374299e-02	1.080748e+01
4.187000e-05	-1.199548e-02	1.100898e+01
4.188000e-05	-2.763228e-02	1.124843e+01
4.189000e-05	6.178182e-03	1.144019e+01
4.190000e-05	-4.678408e-03	1.163018e+01
4.191000e-05	-1.290903e-02	1.187063e+01
4.192000e-05	-3.290016e-02	1.203959e+01
4.193000e-05	-1.132384e-02	1.226006e+01
4.194000e-05	-1.596626e-03	1.241956e+01
4.195000e-05	-2.552269e-03	1.262895e+01
4.196000e-05	-2.181705e-02	1.274636e+01
4.197000e-05	-2.162908e-02	1.293279e+01
4.198000e-05	-1.124912e-02	1.307324e+01
4.199000e-05	-1.315638e-02	1.328216e+01
4.200000e-05	-2.214036e-02	1.341956e+01
4.201000e-05	-2.820239e-02	1.358488e+01
4.202000e-05	-4.077548e-03	1.373479e+01
4.203000e-05	-6.261078e-03	1.385959e+01
4.204000e-05	-1.250447e-02	1.396750e+01
4.205000e-05	-3.622691e-02	1.415390e+01
4.206000e-05	-2.325429e-02	1.432226e+01
4.207000e-05	-1.645815e-02	1.439901e+01
4.208000e-05	-1.305204e-02	1.454434e+01
4.209000e-05	-2.657737e-02	1.467054e+01
4.210000e-05	-2.781314e-02	1.476385e+01
4.211000e-05	-1.350209e-02	1.485011e+01
4.212000e-05	-1.826165e-02	1.492332e+01
4.213000e-05	-2.376697e-02	1.499703e+01
4.214000e-05	-3.713422e-02	1.508216e+01
4.215000e-05	-2.136934e-02	1.515437e+01
4.216000e-05	-2.081848e-02	1.523863e+01
4.217000e-05	-2.339174e-02	1.529026e+01
4.218000e-05	-4.010885e-02	1.532784e+01
4.219000e-05	-3.614846e-02	1.542855e+01
4.220000e-05	-2.567935e-02	1.545913e+01
4.221000e-05	-2.603712e-02	1.548121e+01
4.222000e-05	-3.421816e-02	1.554537e+01
4.223000e-05	-4.192037e-02	1.555442e+01
4.224000e-05	-3.185107e-02	1.561648e+01
4.225000e-05	-3.508895e-02	1.560741e+01
4.226000e-05	-4.342750e-02	1.563756e+01
4.227000e-05	-5.472934e-02	1.570062e+01
4.228000e-05	-5.007835e-02	1.567061e+01
4.229000e-05	-4.305192e-02	1.566906e+01
4.230000e-05	-5.071121e-02	1.564906e+01
4.231000e-05	-6.519327e-02	1.564650e+01
4.232000e-05	-7.513063e-02	1.562758e+01
4.233000e-05	-7.452833e-02	1.559545e+01
4.234000e-05	-8.895280e-02	1.554382e+01
4.235000e-05	-1.173073e-01	1.551276e+01
4.236000e-05	-1.565058e-01	1.548166e+01
4.237000e-05	-2.031376e-01	1.541900e+01
4.238000e-05	-2.448395e-01	1.539486e+01
4.239000e-05	-2.500000e-01	1.533329e+01
4.240000e-05	-2.500000e-01	1.524023e+01
4.241000e-05	-2.500000e-01	1.519650e+01
4.242000e-05	-2.431705e-01	1.511224e+01
4.243000e-05	-1.875695e-01	1.504870e+01
4.244000e-05	-1.303467e-01	1.493539e+01
4.245000e-05	-9.918224e-02	1.485858e+01
4.246000e-05	-6.754157e-02	1.476489e+01
4.247000e-05	-4.993823e-02	1.466007e+01
4.248000e-05	-4.319176e-02	1.455387e+01
4.249000e-05	-4.308898e-02	1.439958e+01
4.250000e-05	-3.507592e-02	1.432231e+01
4.251000e-05	-2.521953e-02	1.417740e+01
4.252000e-05	-2.478445e-02	1.409960e+01
4.253000e-05	-2.966179e-02	1.392283e+01
4.254000e-05	-2.896994e-02	1.378844e+01
4.255000e-05	-2.162585e-02	1.362757e+01
4.256000e-05	-1.859994e-02	1.347068e+01
4.257000e-05	-2.249506e-02	1.334329e+01
4.258000e-05	-2.458925e-02	1.315537e+01
4.259000e-05	-2.008952e-02	1.298805e+01
4.260000e-05	-1.372939e-02	1.283850e+01
4.261000e-05	-1.727798e-02	1.264015e+01
4.262000e-05	-2.162109e-02	1.251271e+01
4.263000e-05	-2.025922e-02	1.235423e+01
4.264000e-05	-1.369644e-02	1.216439e+01
4.265000e-05	-1.297867e-02	1.193539e+01
4.266000e-05	-1.918114e-02	1.176589e+01
4.267000e-05	-2.076289e-02	1.153334e+01
4.268000e-05	-1.525303e-02	1.134124e+01
4.269000e-05	-9.776431e-03	1.107168e+01
4.270000e-05	-1.412355e-02	1.088376e+01
4.271000e-05	-1.579566e-02	1.069273e+01
4.272000e-05	-1.462841e-02	1.049270e+01
4.273000e-05	-9.847849e-03	1.024121e+01
4.274000e-05	-1.178910e-02	1.004157e+01
4.275000e-05	-1.626275e-02	9.796965e+00
4.276000e-05	-1.612247e-02	9.545339e+00
4.277000e-05	-1.063783e-02	9.345286e+00
4.278000e-05	-8.572700e-03	9.123278e+00
4.279000e-05	-1.235200e-02	8.869150e+00
4.280000e-05	-1.348406e-02	8.609974e+00
4.281000e-05	-1.037336e-02	8.397971e+00
4.282000e-05	-7.030170e-03	8.146836e+00
4.283000e-05	-9.832931e-03	7.922679e+00
4.284000e-05	-1.343655e-02	7.587497e+00
4.285000e-05	-1.231137e-02	7.325334e+00
4.286000e-05	-9.582029e-03	7.062152e+00
4.287000e-05	-8.150326e-03	6.820568e+00
4.288000e-05	-1.166758e-02	6.554837e+00
4.289000e-05	-1.218643e-02	6.272178e+00
4.290000e-05	-8.938757e-03	6.052124e+00
4.291000e-05	-6.277281e-03	5.736961e+00
4.292000e-05	-8.614881e-03	5.473179e+00
4.293000e-05	-1.136333e-02	5.187488e+00
4.294000e-05	-1.067060e-02	4.831247e+00
4.295000e-05	-7.148577e-03	4.548466e+00
4.296000e-05	-7.900934e-03	4.313181e+00
4.297000e-05	-1.009374e-02	4.018619e+00
4.298000e-05	-9.656331e-03	3.715861e+00
4.299000e-05	-6.846576e-03	3.481650e+00
4.300000e-05	-5.106284e-03	3.167362e+00
4.301000e-05	-7.929343e-03	2.893204e+00
4.302000e-05	-9.846039e-03	2.621091e+00
4.303000e-05	-7.757022e-03	2.313281e+00
4.304000e-05	-5.701885e-03	2.052078e+00
4.305000e-05	-6.129208e-03	1.736885e+00
4.306000e-05	-8.181723e-03	1.431099e+00
4.307000e-05	-7.752147e-03	1.124853e+00
4.308000e-05	-4.748159e-03	7.884436e-01
4.309000e-05	-4.416134e-03	5.253094e-01
4.310000e-05	-5.447143e-03	2.106701e-01
4.311000e-05	-3.867888e-03	-3.418653e-02
4.312000e-05	8.727168e-03	-3.052670e-01
4.313000e-05	2.242652e-03	-6.089839e-01
4.314000e-05	2.381728e-03	-9.142170e-01
4.315000e-05	-3.258318e-03	-1.147876e+00
4.316000e-05	4.077090e-04	-1.441141e+00
4.317000e-05	-6.439197e-04	-1.694242e+00
4.318000e-05	2.031598e-02	-1.956427e+00
4.319000e-05	8.705606e-02	-2.228960e+00
4.320000e-05	6.490960e-02	-2.566851e+00
4.321000e-05	-7.904073e-02	-2.967357e+00
4.322000e-05	-1.012274e-03	-3.346243e+00
4.323000e-05	-4.649973e-02	-3.475844e+00
4.324000e-05	-3.575791e-02	-3.806855e+00
4.325000e-05	-6.983059e-02	-4.000481e+00
4.326000e-05	2.002609e-01	-4.157924e+00
4.327000e-05	-1.611128e-01	-4.462142e+00
4.328000e-05	1.202850e-01	-4.786899e+00
4.329000e-05	2.070098e-02	-4.960980e+00
4.330000e-05	-1.224347e-01	-5.399033e+00
4.331000e-05	1.627592e-01	-5.621659e+00
4.332000e-05	-1.948956e-01	-5.915350e+00
4.333000e-05	1.680264e-01	-6.217053e+00
4.334000e-05	-4.242682e-02	-6.440090e+00
4.335000e-05	-4.778547e-03	-6.758380e+00
4.336000e-05	7.838040e-02	-7.019006e+00
4.337000e-05	-1.275795e-01	-7.324221e+00
4.338000e-05	1.394721e-01	-7.588427e+00
4.339000e-05	-1.161090e-01	-7.831138e+00
4.340000e-05	1.082285e-01	-8.136323e+00
4.341000e-05	-7.176492e-03	-8.346378e+00
4.342000e-05	-2.276691e-02	-8.630713e+00
4.343000e-05	8.589667e-02	-8.861167e+00
4.344000e-05	-1.187201e-01	-9.095242e+00
4.345000e-05	1.059920e-01	-9.345322e+00
4.346000e-05	-7.852570e-02	-9.567878e+00
4.347000e-05	1.105363e-01	-9.808533e+00
4.348000e-05	-3.732252e-02	-1.001958e+01
4.349000e-05	3.145158e-02	-1.024169e+01
4.350000e-05	1.106319e-03	-1.049022e+01
4.351000e-05	-1.948720e-02	-1.068327e+01
4.352000e-05	4.991276e-02	-1.091264e+01
4.353000e-05	-4.068629e-02	-1.110322e+01
4.354000e-05	7.040003e-02	-1.133427e+01
4.355000e-05	-3.496088e-02	-1.153733e+01
4.356000e-05	5.952002e-02	-1.174647e+01
4.357000e-05	-3.605745e-02	-1.198488e+01
4.358000e-05	3.409731e-02	-1.217692e+01
4.359000e-05	-8.735281e-03	-1.233630e+01
4.360000e-05	3.791042e-02	-1.254290e+01
4.361000e-05	1.176734e-02	-1.269224e+01
4.362000e-05	7.835971e-03	-1.290171e+01
4.363000e-05	9.589238e-03	-1.304011e+01
4.364000e-05	2.717397e-03	-1.314793e+01
4.365000e-05	2.285064e-02	-1.336437e+01
4.366000e-05	2.080004e-03	-1.349279e+01
4.367000e-05	2.983519e-02	-1.365969e+01
4.368000e-05	9.189436e-03	-1.383955e+01
4.369000e-05	2.928392e-02	-1.390582e+01
4.370000e-05	-4.718183e-04	-1.407976e+01
4.371000e-05	1.473113e-02	-1.419808e+01
4.372000e-05	4.641941e-03	-1.434230e+01
4.373000e-05	2.876442e-02	-1.448114e+01
4.374000e-05	1.649408e-02	-1.458702e+01
4.375000e-05	2.230598e-02	-1.469226e+01
4.376000e-05	1.166618e-02	-1.475543e+01
4.377000e-05	1.955903e-02	-1.492121e+01
4.378000e-05	1.838313e-02	-1.496492e+01
4.379000e-05	1.726385e-02	-1.507013e+01
4.380000e-05	2.062269e-02	-1.513482e+01
4.381000e-05	2.187550e-02	-1.521508e+01
4.382000e-05	2.773890e-02	-1.529164e+01
4.383000e-05	1.808955e-02	-1.533387e+01
4.384000e-05	1.985567e-02	-1.539747e+01
4.385000e-05	1.943234e-02	-1.544963e+01
4.386000e-05	3.145340e-02	-1.551169e+01
4.387000e-05	2.924009e-02	-1.554437e+01
4.388000e-05	2.976546e-02	-1.556392e+01
4.389000e-05	2.725889e-02	-1.560645e+01
4.390000e-05	3.095469e-02	-1.560811e+01
4.391000e-05	3.293083e-02	-1.566921e+01
4.392000e-05	3.300983e-02	-1.565069e+01
4.393000e-05	3.684832e-02	-1.567974e+01
4.394000e-05	4.254833e-02	-1.569118e+01
4.395000e-05	4.951262e-02	-1.566976e+01
4.396000e-05	5.180596e-02	-1.567014e+01
4.397000e-05	5.236118e-02	-1.566866e+01
4.398000e-05	6.036739e-02	-1.560693e+01
4.399000e-05	7.392121e-02	-1.559755e+01
4.400000e-05	9.173864e-02	-1.556445e+01
4.401000e-05	1.127005e-01	-1.551477e+01
4.402000e-05	1.493641e-01	-1.548071e+01
4.403000e-05	2.089469e-01	-1.538968e+01
4.404000e-05	2.472114e-01	-1.536545e+01
4.405000e-05	2.500000e-01	-1.531427e+01
4.406000e-05	2.500000e-01	-1.528058e+01
4.407000e-05	2.500000e-01	-1.518582e+01
4.408000e-05	2.382849e-01	-1.508176e+01
4.409000e-05	1.726526e-01	-1.501955e+01
4.410000e-05	1.112324e-01	-1.491246e+01
4.411000e-05	7.849368e-02	-1.482965e+01
4.412000e-05	5.868319e-02	-1.477489e+01
4.413000e-05	4.523933e-02	-1.462715e+01
4.414000e-05	3.456993e-02	-1.455389e+01
4.415000e-05	2.739089e-02	-1.444865e+01
4.416000e-05	2.359319e-02	-1.428171e+01
4.417000e-05	2.085581e-02	-1.417697e+01
4.418000e-05	1.708385e-02	-1.404810e+01
4.419000e-05	1.356205e-02	-1.387173e+01
4.420000e-05	1.433925e-02	-1.377581e+01
4.421000e-05	1.510925e-02	-1.357898e+01
4.422000e-05	1.457905e-02	-1.347058e+01
4.423000e-05	1.076638e-02	-1.332177e+01
4.424000e-05	8.469969e-03	-1.317389e+01
4.425000e-05	8.836990e-03	-1.294747e+01
4.426000e-05	9.813267e-03	-1.286015e+01
4.427000e-05	7.718026e-03	-1.267013e+01
4.428000e-05	5.878472e-03	-1.247183e+01
4.429000e-05	6.498274e-03	-1.228279e+01
4.430000e-05	6.942099e-03	-1.210282e+01
4.431000e-05	5.668401e-03	-1.189373e+01
4.432000e-05	3.563462e-03	-1.172326e+01
4.433000e-05	3.532790e-03	-1.151058e+01
4.434000e-05	5.226363e-03	-1.126710e+01
4.435000e-05	4.105755e-03	-1.106917e+01
4.436000e-05	2.991807e-03	-1.083910e+01
4.437000e-05	8.434716e-04	-1.065112e+01
4.438000e-05	1.525447e-03	-1.042753e+01
4.439000e-05	2.136364e-03	-1.018752e+01
4.440000e-05	2.003994e-03	-9.936367e+00
4.441000e-05	9.703111e-04	-9.795889e+00
4.442000e-05	4.946952e-04	-9.525862e+00
4.443000e-05	1.943467e-03	-9.271706e+00
4.444000e-05	-2.644383e-04	-9.062604e+00
4.445000e-05	-1.760435e-03	-8.850575e+00
4.446000e-05	-3.166948e-03	-8.605920e+00
4.447000e-05	-7.331546e-04	-8.323860e+00
4.448000e-05	-3.557876e-04	-8.104330e+00
4.449000e-05	-1.058782e-03	-7.808946e+00
4.450000e-05	-4.087098e-03	-7.565412e+00
4.451000e-05	-2.432248e-03	-7.312208e+00
4.452000e-05	-2.660691e-03	-6.997568e+00
4.453000e-05	-2.112680e-03	-6.735866e+00
4.454000e-05	-4.541018e-03	-6.502306e+00
4.455000e-05	-3.375973e-03	-6.249570e+00
4.456000e-05	-4.386167e-03	-5.946337e+00
4.457000e-05	-4.339831e-03	-5.663328e+00
4.458000e-05	-5.839477e-03	-5.399017e+00
4.459000e-05	-6.021062e-03	-5.092632e+00
4.460000e-05	-4.772562e-03	-4.766911e+00
4.461000e-05	-2.905665e-03	-4.472285e+00
4.462000e-05	-4.827742e-03	-4.261183e+00
4.463000e-05	-5.591598e-03	-3.990571e+00
4.464000e-05	-7.158298e-03	-3.674232e+00
4.465000e-05	-6.149757e-03	-3.429071e+00
4.466000e-05	-8.257334e-03	-3.146838e+00
4.467000e-05	-6.563675e-03	-2.839095e+00
4.468000e-05	-8.226287e-03	-2.556391e+00
4.469000e-05	-5.404282e-03	-2.284204e+00
4.470000e-05	-6.950559e-03	-1.948439e+00
4.471000e-05	-7.042439e-03	-1.694783e+00
4.472000e-05	-8.673116e-03	-1.429011e+00
4.473000e-05	-7.672912e-03	-1.073680e+00
4.474000e-05	-8.001085e-03	-8.285174e-01
4.475000e-05	-8.825226e-03	-4.538053e-01
4.476000e-05	-7.380857e-03	-1.800200e-01
4.477000e-05	-3.973370e-03	4.319165e-02
4.478000e-05	8.559983e-03	3.704761e-01
4.479000e-05	-6.046410e-03	6.105565e-01
4.480000e-05	3.519704e-03	8.636655e-01
4.481000e-05	-6.723865e-03	1.188584e+00
4.482000e-05	7.628994e-04	1.472721e+00
4.483000e-05	-6.335520e-03	1.789504e+00
4.484000e-05	1.294619e-02	2.020530e+00
4.485000e-05	4.696043e-02	2.233662e+00
4.486000e-05	9.111392e-02	2.598885e+00
4.487000e-05	-7.341898e-02	2.935225e+00
4.488000e-05	-3.747051e-02	3.200456e+00
4.489000e-05	-4.620936e-02	3.554795e+00
4.490000e-05	-1.495628e-02	3.807475e+00
4.491000e-05	-7.695417e-02	3.998454e+00
4.492000e-05	-3.776447e-03	4.269634e+00
4.493000e-05	1.239644e-01	4.535773e+00
4.494000e-05	-1.252323e-01	4.799029e+00
4.495000e-05	1.295614e-01	5.072262e+00
4.496000e-05	-3.225192e-02	5.399060e+00
4.497000e-05	-7.473988e-02	5.703612e+00
4.498000e-05	5.981096e-02	5.977922e+00
4.499000e-05	-6.857158e-02	6.240083e+00
4.500000e-05	7.987182e-02	6.461264e+00
4.501000e-05	-6.129934e-02	6.797451e+00
4.502000e-05	2.327454e-04	7.021506e+00
4.503000e-05	-2.712048e-03	7.335718e+00
4.504000e-05	-2.607814e-02	7.589981e+00
4.505000e-05	2.285410e-02	7.882667e+00
4.506000e-05	-6.110305e-02	8.196447e+00
4.507000e-05	5.721840e-02	8.378479e+00
4.508000e-05	-2.107389e-02	8.649030e+00
4.509000e-05	-9.792079e-03	8.831585e+00
4.510000e-05	-9.021910e-03	9.053743e+00
4.511000e-05	-5.465924e-02	9.355321e+00
4.512000e-05	3.750672e-02	9.586351e+00
4.513000e-05	-2.041607e-02	9.800080e+00
4.514000e-05	1.927652e-02	1.001149e+01
4.515000e-05	-4.706042e-02	1.025216e+01
4.516000e-05	1.177520e-02	1.048266e+01
4.517000e-05	-1.552433e-02	1.069069e+01
4.518000e-05	-1.946368e-02	1.088424e+01
4.519000e-05	-1.441795e-02	1.111280e+01
4.520000e-05	-2.114816e-02	1.132485e+01
4.521000e-05	1.935450e-02	1.154637e+01
4.522000e-05	-2.241508e-02	1.177684e+01
4.523000e-05	-1.096270e-02	1.194483e+01
4.524000e-05	-3.637183e-02	1.215689e+01
4.525000e-05	4.578443e-03	1.232287e+01
4.526000e-05	-7.336475e-03	1.251324e+01
4.527000e-05	-1.063227e-02	1.267222e+01
4.528000e-05	-2.500175e-02	1.286871e+01
4.529000e-05	-1.917571e-02	1.301858e+01
4.530000e-05	-4.335393e-03	1.322692e+01
4.531000e-05	-2.198511e-02	1.333539e+01
4.532000e-05	-2.019215e-02	1.348162e+01
4.533000e-05	-2.187542e-02	1.364966e+01
4.534000e-05	8.693551e-04	1.379790e+01
4.535000e-05	-1.248161e-02	1.392437e+01
4.536000e-05	-2.592133e-02	1.406916e+01
4.537000e-05	-3.221851e-02	1.424808e+01
4.538000e-05	-1.973432e-02	1.437632e+01
4.539000e-05	-9.532387e-03	1.447013e+01
4.540000e-05	-2.245290e-02	1.461803e+01
4.541000e-05	-2.541556e-02	1.473279e+01
4.542000e-05	-2.329765e-02	1.477950e+01
4.543000e-05	-1.262068e-02	1.487113e+01
4.544000e-05	-2.389268e-02	1.496500e+01
4.545000e-05	-3.247561e-02	1.503953e+01
4.546000e-05	-3.010336e-02	1.508422e+01
4.547000e-05	-2.073782e-02	1.518600e+01
4.548000e-05	-1.877506e-02	1.525971e+01
4.549000e-05	-3.458746e-02	1.533382e+01
4.550000e-05	-3.816708e-02	1.537695e+01
4.551000e-05	-3.287112e-02	1.542955e+01
4.552000e-05	-2.187793e-02	1.545974e+01
4.553000e-05	-3.162538e-02	1.549329e+01
4.554000e-05	-3.887840e-02	1.555540e+01
4.555000e-05	-3.754889e-02	1.562550e+01
4.556000e-05	-3.249944e-02	1.559697e+01
4.557000e-05	-3.755463e-02	1.561758e+01
4.558000e-05	-5.222085e-02	1.565660e+01
4.559000e-05	-5.130195e-02	1.564011e+01
4.560000e-05	-4.657350e-02	1.568956e+01
4.561000e-05	-4.427578e-02	1.563910e+01
4.562000e-05	-5.939296e-02	1.564803e+01
4.563000e-05	-7.125098e-02	1.560850e+01
4.564000e-05	-7.526263e-02	1.560637e+01
4.565000e-05	-8.053939e-02	1.554544e+01
4.566000e-05	-1.006972e-01	1.550384e+01
4.567000e-05	-1.369610e-01	1.551271e+01
4.568000e-05	-1.777210e-01	1.547058e+01
4.569000e-05	-2.301010e-01	1.541699e+01
4.570000e-05	-2.499925e-01	1.535236e+01
4.571000e-05	-2.500000e-01	1.531071e+01
4.572000e-05	-2.500000e-01	1.521818e+01
4.573000e-05	-2.499149e-01	1.515439e+01
4.574000e-05	-2.165411e-01	1.511075e+01
4.575000e-05	-1.519521e-01	1.494750e+01
4.576000e-05	-1.127665e-01	1.489268e+01
4.577000e-05	-8.122867e-02	1.479647e+01
4.578000e-05	-6.015339e-02	1.470273e+01
4.579000e-05	-4.651739e-02	1.460792e+01
4.580000e-05	-4.549347e-02	1.448173e+01
4.581000e-05	-3.752690e-02	1.437649e+01
4.582000e-05	-2.817250e-02	1.430021e+01
4.583000e-05	-2.147677e-02	1.413426e+01
4.584000e-05	-2.767324e-02	1.397587e+01
4.585000e-05	-3.065259e-02	1.378058e+01
4.586000e-05	-2.599652e-02	1.369323e+01
4.587000e-05	-2.064218e-02	1.352339e+01
4.588000e-05	-2.023196e-02	1.336845e+01
4.589000e-05	-2.439251e-02	1.325958e+01
4.590000e-05	-2.151117e-02	1.304215e+01
4.591000e-05	-1.642770e-02	1.292331e+01
4.592000e-05	-1.516252e-02	1.274438e+01
4.593000e-05	-1.946398e-02	1.258747e+01
4.594000e-05	-2.155859e-02	1.240694e+01
4.595000e-05	-1.659614e-02	1.222905e+01
4.596000e-05	-1.334203e-02	1.202865e+01
4.597000e-05	-1.627221e-02	1.180865e+01
4.598000e-05	-2.069417e-02	1.168008e+01
4.599000e-05	-1.776709e-02	1.141754e+01
4.600000e-05	-1.240514e-02	1.121602e+01
4.601000e-05	-1.109177e-02	1.099752e+01
4.602000e-05	-1.528080e-02	1.081744e+01
4.603000e-05	-1.657751e-02	1.062692e+01
4.604000e-05	-1.202787e-02	1.035639e+01
4.605000e-05	-1.129156e-02	1.014486e+01
4.606000e-05	-1.366174e-02	9.953229e+00
4.607000e-05	-1.643310e-02	9.661677e+00
4.608000e-05	-1.322726e-02	9.440574e+00
4.609000e-05	-1.009990e-02	9.220066e+00
4.610000e-05	-1.112962e-02	8.996886e+00
4.611000e-05	-1.462754e-02	8.725383e+00
4.612000e-05	-1.353503e-02	8.502713e+00
4.613000e-05	-9.293831e-03	8.241150e+00
4.614000e-05	-8.735153e-03	7.988018e+00
4.615000e-05	-1.095691e-02	7.755334e+00
4.616000e-05	-1.283604e-02	7.501226e+00
4.617000e-05	-1.083841e-02	7.188421e+00
4.618000e-05	-8.822194e-03	6.945862e+00
4.619000e-05	-1.127500e-02	6.695154e+00
4.620000e-05	-1.190902e-02	6.380095e+00
4.621000e-05	-1.125675e-02	6.157411e+00
4.622000e-05	-7.284919e-03	5.903679e+00
4.623000e-05	-7.273928e-03	5.608093e+00
4.624000e-05	-1.002934e-02	5.316833e+00
4.625000e-05	-1.107628e-02	5.007513e+00
4.626000e-05	-7.904120e-03	4.694727e+00
4.627000e-05	-6.527510e-03	4.452069e+00
4.628000e-05	-8.316601e-03	4.116436e+00
4.629000e-05	-1.052100e-02	3.872124e+00
4.630000e-05	-8.933023e-03	3.599549e+00
4.631000e-05	-6.881909e-03	3.314778e+00
4.632000e-05	-6.612193e-03	3.021521e+00
4.633000e-05	-8.970963e-03	2.767936e+00
4.634000e-05	-8.349782e-03	2.470521e+00
4.635000e-05	-6.315201e-03	2.187937e+00
4.636000e-05	-5.075695e-03	1.892706e+00
4.637000e-05	-6.971637e-03	1.549441e+00
4.638000e-05	-8.607232e-03	1.263729e+00
4.639000e-05	-6.911905e-03	9.383120e-01
4.640000e-05	-4.192127e-03	6.422003e-01
4.641000e-05	-4.756695e-03	4.199647e-01
4.642000e-05	-5.011652e-03	8.215171e-02
4.643000e-05	2.866706e-05	-2.195326e-01
4.644000e-05	1.149532e-02	-4.331119e-01
4.645000e-05	-3.328971e-03	-7.478760e-01
4.646000e-05	3.882752e-03	-1.011056e+00
4.647000e-05	-4.970833e-03	-1.274849e+00
4.648000e-05	2.421468e-03	-1.608979e+00
4.649000e-05	5.430084e-03	-1.841111e+00
4.650000e-05	4.261126e-02	-2.041089e+00
4.651000e-05	1.238234e-01	-2.389486e+00
4.652000e-05	-5.420368e-02	-2.766852e+00
4.653000e-05	-2.244538e-02	-3.188454e+00
4.654000e-05	-3.830607e-02	-3.450612e+00
4.655000e-05	-1.934977e-02	-3.621036e+00
4.656000e-05	-9.892255e-02	-3.903819e+00
4.657000e-05	1.083924e-01	-4.073159e+00
4.658000e-05	4.176791e-02	-4.304169e+00
4.659000e-05	-1.090638e-01	-4.650565e+00
4.660000e-05	2.149190e-01	-4.853739e+00
4.661000e-05	-1.878312e-01	-5.206934e+00
4.662000e-05	1.268251e-01	-5.557877e+00
4.663000e-05	-6.603333e-02	-5.777397e+00
4.664000e-05	-3.064432e-02	-6.103167e+00
4.665000e-05	1.545527e-01	-6.282323e+00
4.666000e-05	-1.368514e-01	-6.600986e+00
4.667000e-05	1.451312e-01	-6.902718e+00
4.668000e-05	-1.114584e-01	-7.158405e+00
4.669000e-05	4.613474e-02	-7.471662e+00
4.670000e-05	2.086786e-02	-7.702221e+00
4.671000e-05	-5.612861e-02	-8.008956e+00
4.672000e-05	1.405907e-01	-8.210457e+00
4.673000e-05	-1.173282e-01	-8.503642e+00
4.674000e-05	1.232302e-01	-8.776903e+00
4.675000e-05	-8.347110e-02	-8.987456e+00
4.676000e-05	2.357627e-02	-9.270037e+00
4.677000e-05	1.587372e-02	-9.427659e+00
4.678000e-05	-7.665427e-03	-9.703743e+00
4.679000e-05	8.590959e-02	-9.911817e+00
4.680000e-05	-6.882709e-02	-1.014645e+01
4.681000e-05	8.229618e-02	-1.036635e+01
4.682000e-05	-7.798191e-02	-1.061906e+01
4.683000e-05	7.466548e-02	-1.080851e+01
4.684000e-05	-3.836121e-02	-1.099841e+01
4.685000e-05	4.730223e-02	-1.124901e+01
4.686000e-05	2.644432e-03	-1.140898e+01
4.687000e-05	1.628914e-02	-1.168056e+01
4.688000e-05	1.671734e-02	-1.186911e+01
4.689000e-05	-1.644486e-02	-1.210219e+01
4.690000e-05	3.027649e-02	-1.224058e+01
4.691000e-05	-5.073313e-03	-1.246954e+01
4.692000e-05	4.855608e-02	-1.261996e+01
4.693000e-05	-1.176596e-02	-1.279748e+01
4.694000e-05	2.666199e-02	-1.295495e+01
4.695000e-05	-1.045617e-02	-1.309425e+01
4.696000e-05	2.794102e-02	-1.327069e+01
4.697000e-05	1.255761e-03	-1.340760e+01
4.698000e-05	2.459271e-02	-1.356700e+01
4.699000e-05	1.289616e-02	-1.371429e+01
4.700000e-05	2.287149e-02	-1.391177e+01
4.701000e-05	1.003070e-02	-1.401808e+01
4.702000e-05	7.343285e-03	-1.414692e+01
4.703000e-05	9.388073e-03	-1.425071e+01
4.704000e-05	1.922283e-02	-1.436705e+01
4.705000e-05	2.543039e-02	-1.452482e+01
4.706000e-05	1.827093e-02	-1.468008e+01
4.707000e-05	1.866196e-02	-1.474532e+01
4.708000e-05	1.122206e-02	-1.485911e+01
4.709000e-05	2.237176e-02	-1.494424e+01
4.710000e-05	1.312451e-02	-1.500848e+01
4.711000e-05	2.326738e-02	-1.507116e+01
4.712000e-05	1.795883e-02	-1.518495e+01
4.713000e-05	3.070100e-02	-1.526969e+01
4.714000e-05	2.012568e-02	-1.534169e+01
4.715000e-05	2.110244e-02	-1.537642e+01
4.716000e-05	1.665922e-02	-1.544953e+01
4.717000e-05	2.691027e-02	-1.545169e+01
4.718000e-05	3.086319e-02	-1.549280e+01
4.719000e-05	2.924808e-02	-1.555535e+01
4.720000e-05	2.827749e-02	-1.560850e+01
4.721000e-05	2.793113e-02	-1.563608e+01
4.722000e-05	3.374391e-02	-1.563111e+01
4.723000e-05	3.228955e-02	-1.567014e+01
4.724000e-05	3.550365e-02	-1.564933e+01
4.725000e-05	3.825644e-02	-1.568868e+01
4.726000e-05	4.801956e-02	-1.564918e+01
4.727000e-05	5.119566e-02	-1.564913e+01
4.728000e-05	5.240862e-02	-1.563853e+01
4.729000e-05	5.507343e-02	-1.563913e+01
4.730000e-05	6.765241e-02	-1.560646e+01
4.731000e-05	8.207258e-02	-1.555495e+01
4.732000e-05	1.015556e-01	-1.556332e+01
4.733000e-05	1.296004e-01	-1.549261e+01
4.734000e-05	1.781133e-01	-1.544919e+01
4.735000e-05	2.354471e-01	-1.537747e+01
4.736000e-05	2.499985e-01	-1.535487e+01
4.737000e-05	2.500000e-01	-1.529863e+01
4.738000e-05	2.500000e-01	-1.518653e+01
4.739000e-05	2.488345e-01	-1.510324e+01
4.740000e-05	2.072757e-01	-1.507005e+01
4.741000e-05	1.357112e-01	-1.494544e+01
4.742000e-05	9.056764e-02	-1.488178e+01
4.743000e-05	6.567452e-02	-1.479600e+01
4.744000e-05	5.173435e-02	-1.470271e+01
4.745000e-05	3.911758e-02	-1.458792e+01
4.746000e-05	2.956044e-02	-1.446973e+01
4.747000e-05	2.542654e-02	-1.429392e+01
4.748000e-05	2.250102e-02	-1.421860e+01
4.749000e-05	1.914838e-02	-1.410124e+01
4.750000e-05	1.493145e-02	-1.397436e+01
4.751000e-05	1.334017e-02	-1.377902e+01
4.752000e-05	1.419795e-02	-1.370128e+01
4.753000e-05	1.543514e-02	-1.352376e+01
4.754000e-05	1.258423e-02	-1.336547e+01
4.755000e-05	9.733509e-03	-1.323753e+01
4.756000e-05	9.282268e-03	-1.306015e+01
4.757000e-05	1.030578e-02	-1.291278e+01
4.758000e-05	8.955860e-03	-1.272329e+01
4.759000e-05	6.021195e-03	-1.256442e+01
4.760000e-05	6.191787e-03	-1.241647e+01
4.761000e-05	7.240785e-03	-1.222652e+01
4.762000e-05	6.008935e-03	-1.199950e+01
4.763000e-05	3.592791e-03	-1.180652e+01
4.764000e-05	3.036262e-03	-1.160602e+01
4.765000e-05	4.804442e-03	-1.134599e+01
4.766000e-05	4.943949e-03	-1.113634e+01
4.767000e-05	3.835157e-03	-1.093329e+01
4.768000e-05	1.404701e-03	-1.078331e+01
4.769000e-05	1.808427e-03	-1.052536e+01
4.770000e-05	2.628353e-03	-1.029376e+01
4.771000e-05	2.348501e-03	-1.008028e+01
4.772000e-05	4.236769e-04	-9.840105e+00
4.773000e-05	-4.858311e-06	-9.649606e+00
4.774000e-05	1.439025e-03	-9.377549e+00
4.775000e-05	1.466839e-03	-9.146987e+00
4.776000e-05	-9.936560e-04	-8.955813e+00
4.777000e-05	-1.611228e-03	-8.734311e+00
4.778000e-05	-2.361937e-03	-8.462227e+00
4.779000e-05	-5.927690e-04	-8.218044e+00
4.780000e-05	-1.888407e-03	-7.956387e+00
4.781000e-05	-3.028225e-03	-7.673778e+00
4.782000e-05	-4.269982e-03	-7.437996e+00
4.783000e-05	-2.530445e-03	-7.136387e+00
4.784000e-05	-3.159600e-03	-6.861152e+00
4.785000e-05	-3.129531e-03	-6.588520e+00
4.786000e-05	-4.421580e-03	-6.326891e+00
4.787000e-05	-2.834150e-03	-6.063281e+00
4.788000e-05	-5.308475e-03	-5.800520e+00
4.789000e-05	-4.554787e-03	-5.545836e+00
4.790000e-05	-7.006885e-03	-5.220095e+00
4.791000e-05	-5.140466e-03	-4.935284e+00
4.792000e-05	-4.643106e-03	-4.580545e+00
4.793000e-05	-4.225066e-03	-4.347866e+00
4.794000e-05	-5.514280e-03	-4.114811e+00
4.795000e-05	-6.925198e-03	-3.859098e+00
4.796000e-05	-6.425298e-03	-3.546815e+00
4.797000e-05	-7.380148e-03	-3.302779e+00
4.798000e-05	-6.864373e-03	-2.964940e+00
4.799000e-05	-8.057317e-03	-2.674157e+00
4.800000e-05	-6.108971e-03	-2.460597e+00
4.801000e-05	-6.331295e-03	-2.093284e+00
4.802000e-05	-6.236417e-03	-1.841149e+00
4.803000e-05	-9.052190e-03	-1.566760e+00
4.804000e-05	-8.155452e-03	-1.200067e+00
4.805000e-05	-8.839804e-03	-8.843608e-01
4.806000e-05	-8.004547e-03	-6.015739e-01
4.807000e-05	-8.506587e-03	-3.273357e-01
4.808000e-05	-6.826674e-03	-7.370421e-02
4.809000e-05	3.508487e-03	2.600616e-01
4.810000e-05	-3.888310e-04	5.142182e-01
4.811000e-05	-1.155389e-03	7.458933e-01
4.812000e-05	-3.126096e-03	1.032091e+00
4.813000e-05	-3.610485e-03	1.366321e+00
4.814000e-05	-3.305584e-03	1.651064e+00
4.815000e-05	2.796680e-03	1.915716e+00
4.816000e-05	2.203045e-02	2.146349e+00
4.817000e-05	9.347840e-02	2.409556e+00
4.818000e-05	1.738216e-03	2.799506e+00
4.819000e-05	-7.021264e-02	3.054692e+00
4.820000e-05	-3.565082e-02	3.376327e+00
4.821000e-05	-3.085653e-02	3.662588e+00
4.822000e-05	-4.336735e-02	3.884714e+00
4.823000e-05	-6.529944e-02	4.133146e+00
4.824000e-05	9.405741e-02	4.378556e+00
4.825000e-05	1.440984e-03	4.642743e+00
4.826000e-05	-5.218762e-02	4.948293e+00
4.827000e-05	1.491484e-01	5.281641e+00
4.828000e-05	-1.614936e-01	5.565377e+00
4.829000e-05	6.377016e-02	5.800510e+00
4.830000e-05	-4.160685e-02	6.104293e+00
4.831000e-05	1.683265e-02	6.315849e+00
4.832000e-05	3.107369e-02	6.643090e+00
4.833000e-05	-7.780982e-02	6.934748e+00
4.834000e-05	5.139503e-02	7.148953e+00
4.835000e-05	-6.542815e-02	7.473241e+00
4.836000e-05	4.437094e-02	7.757850e+00
4.837000e-05	-5.939823e-02	8.063109e+00
4.838000e-05	1.903086e-02	8.283818e+00
4.839000e-05	2.740928e-02	8.515297e+00
4.840000e-05	-3.633229e-02	8.747320e+00
4.841000e-05	1.506473e-02	8.976949e+00
4.842000e-05	-6.369401e-02	9.250533e+00
4.843000e-05	1.377353e-02	9.470132e+00
4.844000e-05	-4.431727e-03	9.672165e+00
4.845000e-05	1.492582e-02	9.894770e+00
4.846000e-05	-2.661154e-02	1.015590e+01
4.847000e-05	-1.351009e-02	1.039486e+01
4.848000e-05	4.351665e-03	1.061796e+01
4.849000e-05	-2.450932e-02	1.081806e+01
4.850000e-05	-1.175369e-02	1.103046e+01
4.851000e-05	-2.887194e-02	1.124843e+01
4.852000e-05	1.240392e-02	1.144069e+01
4.853000e-05	-7.909097e-03	1.166016e+01
4.854000e-05	-9.859029e-03	1.186269e+01
4.855000e-05	-3.553557e-02	1.207214e+01
4.856000e-05	-7.199147e-03	1.225959e+01
4.857000e-05	-4.128967e-03	1.245808e+01
4.858000e-05	-3.472955e-03	1.260800e+01
4.859000e-05	-2.266845e-02	1.278593e+01
4.860000e-05	-2.279719e-02	1.295485e+01
4.861000e-05	-8.917921e-03	1.309175e+01
4.862000e-05	-1.441951e-02	1.328164e+01
4.863000e-05	-1.962083e-02	1.340956e+01
4.864000e-05	-2.860554e-02	1.360733e+01
4.865000e-05	-3.024548e-03	1.374332e+01
4.866000e-05	-8.871814e-03	1.386171e+01
4.867000e-05	-1.391693e-02	1.402853e+01
4.868000e-05	-3.758199e-02	1.421485e+01
4.869000e-05	-2.227155e-02	1.428422e+01
4.870000e-05	-1.472894e-02	1.447008e+01
4.871000e-05	-1.328065e-02	1.449430e+01
4.872000e-05	-2.649731e-02	1.466061e+01
4.873000e-05	-2.798051e-02	1.476442e+01
4.874000e-05	-1.372968e-02	1.483908e+01
4.875000e-05	-2.010718e-02	1.492479e+01
4.876000e-05	-2.384670e-02	1.498653e+01
4.877000e-05	-3.662539e-02	1.508364e+01
4.878000e-05	-2.084012e-02	1.512382e+01
4.879000e-05	-2.100302e-02	1.526856e+01
4.880000e-05	-2.525907e-02	1.530121e+01
4.881000e-05	-3.955019e-02	1.539539e+01
4.882000e-05	-3.697058e-02	1.541890e+01
4.883000e-05	-2.426951e-02	1.544911e+01
4.884000e-05	-2.754773e-02	1.551224e+01
4.885000e-05	-3.399902e-02	1.556287e+01
4.886000e-05	-4.219541e-02	1.556589e+01
4.887000e-05	-3.160657e-02	1.560540e+01
4.888000e-05	-3.517232e-02	1.560760e+01
4.889000e-05	-4.365955e-02	1.565850e+01
4.890000e-05	-5.447709e-02	1.563808e+01
4.891000e-05	-4.846951e-02	1.563861e+01
4.892000e-05	-4.405290e-02	1.561961e+01
4.893000e-05	-5.235887e-02	1.567008e+01
4.894000e-05	-6.585986e-02	1.560855e+01
4.895000e-05	-7.583710e-02	1.559700e+01
4.896000e-05	-7.499544e-02	1.553597e+01
4.897000e-05	-9.068636e-02	1.552434e+01
4.898000e-05	-1.178603e-01	1.549376e+01
4.899000e-05	-1.582220e-01	1.548208e+01
4.900000e-05	-2.064720e-01	1.542950e+01
4.901000e-05	-2.457984e-01	1.532597e+01
4.902000e-05	-2.500000e-01	1.532329e+01
4.903000e-05	-2.500000e-01	1.522920e+01
4.904000e-05	-2.500000e-01	1.519687e+01
4.905000e-05	-2.418735e-01	1.517287e+01
4.906000e-05	-1.838562e-01	1.498851e+01
4.907000e-05	-1.277790e-01	1.493634e+01
4.908000e-05	-9.522257e-02	1.483808e+01
4.909000e-05	-6.600978e-02	1.471372e+01
4.910000e-05	-4.945577e-02	1.465008e+01
4.911000e-05	-4.373473e-02	1.452284e+01
4.912000e-05	-4.290056e-02	1.444911e+01
4.913000e-05	-3.410034e-02	1.428068e+01
4.914000e-05	-2.543478e-02	1.418695e+01
4.915000e-05	-2.484081e-02	1.404753e+01
4.916000e-05	-2.999468e-02	1.392213e+01
4.917000e-05	-2.816303e-02	1.372539e+01
4.918000e-05	-2.213937e-02	1.362955e+01
4.919000e-05	-1.892693e-02	1.342915e+01
4.920000e-05	-2.279879e-02	1.329128e+01
4.921000e-05	-2.306815e-02	1.315432e+01
4.922000e-05	-1.927467e-02	1.296542e+01
4.923000e-05	-1.275800e-02	1.285909e+01
4.924000e-05	-1.785689e-02	1.263863e+01
4.925000e-05	-2.143709e-02	1.251370e+01
4.926000e-05	-2.096753e-02	1.232271e+01
4.927000e-05	-1.494433e-02	1.212246e+01
4.928000e-05	-1.411746e-02	1.194526e+01
4.929000e-05	-1.926593e-02	1.174431e+01
4.930000e-05	-1.821381e-02	1.154421e+01
4.931000e-05	-1.392450e-02	1.128378e+01
4.932000e-05	-9.869747e-03	1.103968e+01
4.933000e-05	-1.473053e-02	1.090371e+01
4.934000e-05	-1.824565e-02	1.070062e+01
4.935000e-05	-1.512196e-02	1.051017e+01
4.936000e-05	-1.137680e-02	1.023962e+01
4.937000e-05	-1.139395e-02	1.002807e+01
4.938000e-05	-1.517920e-02	9.775441e+00
4.939000e-05	-1.431860e-02	9.495336e+00
4.940000e-05	-1.085824e-02	9.344287e+00
4.941000e-05	-9.589802e-03	9.064128e+00
4.942000e-05	-1.387015e-02	8.868624e+00
4.943000e-05	-1.531799e-02	8.638972e+00
4.944000e-05	-1.198083e-02	8.377545e+00
4.945000e-05	-7.727720e-03	8.133358e+00
4.946000e-05	-1.001295e-02	7.891630e+00
4.947000e-05	-1.235553e-02	7.590071e+00
4.948000e-05	-1.115488e-02	7.325308e+00
4.949000e-05	-8.368427e-03	7.070674e+00
4.950000e-05	-8.628096e-03	6.790024e+00
4.951000e-05	-1.256522e-02	6.495382e+00
4.952000e-05	-1.235492e-02	6.281174e+00
4.953000e-05	-8.669079e-03	6.040596e+00
4.954000e-05	-6.731301e-03	5.745858e+00
4.955000e-05	-8.960670e-03	5.533125e+00
4.956000e-05	-1.116494e-02	5.155864e+00
4.957000e-05	-8.456763e-03	4.820647e+00
4.958000e-05	-6.718826e-03	4.537387e+00
4.959000e-05	-7.705037e-03	4.284653e+00
4.960000e-05	-1.090071e-02	3.987966e+00
4.961000e-05	-1.036789e-02	3.735284e+00
4.962000e-05	-6.946024e-03	3.471129e+00
4.963000e-05	-6.077484e-03	3.146411e+00
4.964000e-05	-8.686910e-03	2.864202e+00
4.965000e-05	-9.668348e-03	2.567016e+00
4.966000e-05	-6.561386e-03	2.324229e+00
4.967000e-05	-5.129121e-03	2.029619e+00
4.968000e-05	-5.803775e-03	1.727907e+00
4.969000e-05	-8.768087e-03	1.481571e+00
4.970000e-05	-8.306872e-03	1.155352e+00
4.971000e-05	-5.304829e-03	7.779398e-01
4.972000e-05	-4.697785e-03	5.063329e-01
4.973000e-05	-5.534645e-03	2.501424e-01
4.974000e-05	-4.181610e-03	-4.518928e-02
4.975000e-05	1.011608e-02	-3.358472e-01
4.976000e-05	1.283301e-03	-5.679278e-01
4.977000e-05	2.938002e-03	-8.942680e-01
4.978000e-05	-2.911510e-03	-1.127796e+00
4.979000e-05	1.636854e-03	-1.494616e+00
4.980000e-05	6.016852e-04	-1.716773e+00
4.981000e-05	2.181329e-02	-1.946376e+00
4.982000e-05	9.247230e-02	-2.240535e+00
4.983000e-05	5.093619e-02	-2.579458e+00
4.984000e-05	-7.593036e-02	-2.980409e+00
4.985000e-05	-4.979772e-03	-3.305298e+00
4.986000e-05	-4.313174e-02	-3.544852e+00
4.987000e-05	-4.073759e-02	-3.757405e+00
4.988000e-05	-5.345258e-02	-4.018554e+00
4.989000e-05	1.958624e-01	-4.156956e+00
4.990000e-05	-1.758285e-01	-4.484743e+00
4.991000e-05	1.419062e-01	-4.817956e+00
4.992000e-05	-1.202587e-02	-4.980538e+00
4.993000e-05	-9.316698e-02	-5.440059e+00
4.994000e-05	1.456843e-01	-5.662108e+00
4.995000e-05	-1.905371e-01	-5.955274e+00
4.996000e-05	1.822461e-01	-6.239063e+00
4.997000e-05	-6.402467e-02	-6.451093e+00
4.998000e-05	1.753160e-02	-6.760430e+00
4.999000e-05	5.574888e-02	-7.000067e+00
