# 260528_14:50:51.129524
t	CH1	CH2
0.000000e+00	-2.315638e-03	-6.570667e-02
1.000000e-08	8.062482e-03	-3.083711e-01
2.000000e-08	8.810608e-04	-6.241604e-01
3.000000e-08	1.953934e-03	-9.177184e-01
4.000000e-08	-2.754956e-03	-1.181524e+00
5.000000e-08	1.742842e-03	-1.486290e+00
6.000000e-08	3.593037e-03	-1.789347e+00
7.000000e-08	4.809360e-02	-1.999975e+00
8.000000e-08	1.230181e-01	-2.327791e+00
9.000000e-08	-5.814892e-02	-2.739845e+00
1.000000e-07	-3.354524e-02	-3.158851e+00
1.100000e-07	-3.487093e-02	-3.423053e+00
1.200000e-07	-4.376681e-02	-3.593627e+00
1.300000e-07	-6.579185e-02	-3.915190e+00
1.400000e-07	1.609328e-01	-4.024083e+00
1.500000e-07	-9.430860e-02	-4.328819e+00
1.600000e-07	2.628038e-02	-4.655137e+00
1.700000e-07	9.680531e-02	-4.878111e+00
1.800000e-07	-1.395738e-01	-5.287691e+00
1.900000e-07	1.693144e-01	-5.557870e+00
2.000000e-07	-1.779114e-01	-5.844555e+00
2.100000e-07	9.781914e-02	-6.119291e+00
2.200000e-07	4.198864e-02	-6.409451e+00
2.300000e-07	-6.552027e-02	-6.716717e+00
2.400000e-07	1.255214e-01	-6.949274e+00
2.500000e-07	-1.680607e-01	-7.284586e+00
2.600000e-07	1.353183e-01	-7.548296e+00
2.700000e-07	-8.295451e-02	-7.863536e+00
2.800000e-07	4.965660e-02	-8.108746e+00
2.900000e-07	4.550691e-02	-8.308851e+00
3.000000e-07	-8.157321e-02	-8.605083e+00
3.100000e-07	1.374658e-01	-8.896138e+00
3.200000e-07	-1.434650e-01	-9.140273e+00
3.300000e-07	9.366511e-02	-9.301850e+00
3.400000e-07	-8.078844e-02	-9.602881e+00
3.500000e-07	8.383974e-02	-9.875134e+00
3.600000e-07	7.851047e-03	-1.002608e+01
3.700000e-07	-1.448404e-02	-1.028887e+01
3.800000e-07	3.106958e-02	-1.053777e+01
3.900000e-07	-6.312294e-02	-1.079095e+01
4.000000e-07	8.077271e-02	-1.100042e+01
4.100000e-07	-6.866628e-02	-1.122146e+01
4.200000e-07	7.095891e-02	-1.140446e+01
4.300000e-07	-4.786052e-02	-1.169659e+01
4.400000e-07	6.244215e-02	-1.189725e+01
4.500000e-07	-2.905478e-02	-1.207874e+01
4.600000e-07	1.250200e-02	-1.230609e+01
4.700000e-07	-1.286065e-02	-1.249717e+01
4.800000e-07	1.855657e-02	-1.269812e+01
4.900000e-07	2.653446e-02	-1.282301e+01
5.000000e-07	-8.065143e-03	-1.303254e+01
5.100000e-07	8.494603e-03	-1.321198e+01
5.200000e-07	-1.507694e-02	-1.339290e+01
5.300000e-07	2.857268e-02	-1.353885e+01
5.400000e-07	-8.872407e-03	-1.370669e+01
5.500000e-07	1.967904e-02	-1.390567e+01
5.600000e-07	-4.373958e-03	-1.403401e+01
5.700000e-07	2.956032e-02	-1.416136e+01
5.800000e-07	-1.284765e-03	-1.432883e+01
5.900000e-07	5.044948e-03	-1.450517e+01
6.000000e-07	-1.042595e-02	-1.460201e+01
6.100000e-07	1.924235e-02	-1.470825e+01
6.200000e-07	1.567501e-02	-1.485354e+01
6.300000e-07	1.643533e-02	-1.494983e+01
6.400000e-07	1.447563e-03	-1.504459e+01
6.500000e-07	7.945789e-03	-1.518033e+01
6.600000e-07	1.522997e-02	-1.528311e+01
6.700000e-07	9.371532e-03	-1.536733e+01
6.800000e-07	8.998701e-03	-1.543259e+01
6.900000e-07	7.511222e-03	-1.555918e+01
7.000000e-07	2.244512e-02	-1.560101e+01
7.100000e-07	1.531644e-02	-1.568477e+01
7.200000e-07	9.614930e-03	-1.574823e+01
7.300000e-07	3.135606e-03	-1.579301e+01
7.400000e-07	1.800706e-02	-1.581258e+01
7.500000e-07	2.501862e-02	-1.589777e+01
7.600000e-07	2.117477e-02	-1.588778e+01
7.700000e-07	1.363288e-02	-1.595045e+01
7.800000e-07	1.735946e-02	-1.603296e+01
7.900000e-07	2.336880e-02	-1.602409e+01
8.000000e-07	2.359412e-02	-1.608419e+01
8.100000e-07	1.961818e-02	-1.608461e+01
8.200000e-07	2.400391e-02	-1.604469e+01
8.300000e-07	3.547531e-02	-1.603416e+01
8.400000e-07	4.117646e-02	-1.610406e+01
8.500000e-07	3.518019e-02	-1.603462e+01
8.600000e-07	3.536316e-02	-1.600109e+01
8.700000e-07	4.754455e-02	-1.600298e+01
8.800000e-07	6.507658e-02	-1.597103e+01
8.900000e-07	7.894897e-02	-1.595933e+01
9.000000e-07	9.607049e-02	-1.588674e+01
9.100000e-07	1.348494e-01	-1.587262e+01
9.200000e-07	1.986291e-01	-1.579256e+01
9.300000e-07	2.479485e-01	-1.578040e+01
9.400000e-07	2.500000e-01	-1.571572e+01
9.500000e-07	2.500000e-01	-1.564306e+01
9.600000e-07	2.459218e-01	-1.554088e+01
9.700000e-07	1.826562e-01	-1.548414e+01
9.800000e-07	1.120339e-01	-1.538886e+01
9.900000e-07	6.975228e-02	-1.529419e+01
1.000000e-06	4.991896e-02	-1.523098e+01
1.010000e-06	4.133872e-02	-1.512424e+01
1.020000e-06	2.999797e-02	-1.502051e+01
1.030000e-06	1.909958e-02	-1.488322e+01
1.040000e-06	1.295787e-02	-1.477843e+01
1.050000e-06	1.610557e-02	-1.466156e+01
1.060000e-06	1.317461e-02	-1.453580e+01
1.070000e-06	6.573944e-03	-1.444151e+01
1.080000e-06	2.621695e-03	-1.423063e+01
1.090000e-06	7.705989e-03	-1.408517e+01
1.100000e-06	1.070471e-02	-1.392737e+01
1.110000e-06	7.212686e-03	-1.382001e+01
1.120000e-06	7.546446e-04	-1.362206e+01
1.130000e-06	1.973907e-03	-1.342421e+01
1.140000e-06	3.755117e-03	-1.330567e+01
1.150000e-06	3.386086e-03	-1.309588e+01
1.160000e-06	-5.526663e-04	-1.295790e+01
1.170000e-06	-1.984600e-03	-1.276848e+01
1.180000e-06	2.034403e-03	-1.259053e+01
1.190000e-06	3.843043e-03	-1.243106e+01
1.200000e-06	-2.553528e-04	-1.222106e+01
1.210000e-06	-4.561676e-03	-1.201961e+01
1.220000e-06	-2.436154e-03	-1.179200e+01
1.230000e-06	1.366309e-03	-1.158795e+01
1.240000e-06	-2.836282e-04	-1.128627e+01
1.250000e-06	-5.124465e-03	-1.110364e+01
1.260000e-06	-4.948244e-03	-1.090379e+01
1.270000e-06	-1.565797e-03	-1.070269e+01
1.280000e-06	-1.233479e-03	-1.045371e+01
1.290000e-06	-4.245552e-03	-1.020956e+01
1.300000e-06	-5.726069e-03	-1.000788e+01
1.310000e-06	-3.155560e-03	-9.758924e+00
1.320000e-06	-1.864450e-03	-9.567296e+00
1.330000e-06	-3.888774e-03	-9.242716e+00
1.340000e-06	-7.882585e-03	-8.990082e+00
1.350000e-06	-6.386516e-03	-8.800552e+00
1.360000e-06	-3.288938e-03	-8.526346e+00
1.370000e-06	-3.090703e-03	-8.281763e+00
1.380000e-06	-6.126269e-03	-8.042632e+00
1.390000e-06	-6.490933e-03	-7.737396e+00
1.400000e-06	-4.916733e-03	-7.473184e+00
1.410000e-06	-4.455178e-03	-7.209503e+00
1.420000e-06	-7.136368e-03	-6.942766e+00
1.430000e-06	-8.742261e-03	-6.641684e+00
1.440000e-06	-8.620758e-03	-6.400529e+00
1.450000e-06	-4.440075e-03	-6.083293e+00
1.460000e-06	-6.012517e-03	-5.771606e+00
1.470000e-06	-8.048418e-03	-5.557899e+00
1.480000e-06	-8.434345e-03	-5.260135e+00
1.490000e-06	-4.896324e-03	-4.943868e+00
1.500000e-06	-5.180058e-03	-4.599529e+00
1.510000e-06	-8.665037e-03	-4.318921e+00
1.520000e-06	-1.044548e-02	-4.123737e+00
1.530000e-06	-9.836156e-03	-3.758601e+00
1.540000e-06	-7.748604e-03	-3.494790e+00
1.550000e-06	-8.324969e-03	-3.218603e+00
1.560000e-06	-8.185751e-03	-2.944291e+00
1.570000e-06	-7.525699e-03	-2.621129e+00
1.580000e-06	-5.271982e-03	-2.325895e+00
1.590000e-06	-6.495362e-03	-2.030159e+00
1.600000e-06	-1.022997e-02	-1.766372e+00
1.610000e-06	-1.219446e-02	-1.481159e+00
1.620000e-06	-9.875702e-03	-1.142790e+00
1.630000e-06	-7.989799e-03	-7.996512e-01
1.640000e-06	-7.239498e-03	-5.027118e-01
1.650000e-06	-7.998645e-03	-2.284799e-01
1.660000e-06	-3.234339e-03	4.358053e-02
1.670000e-06	8.852256e-03	3.904974e-01
1.680000e-06	-4.449795e-03	6.025815e-01
1.690000e-06	2.314802e-03	8.761592e-01
1.700000e-06	-7.764846e-03	1.233505e+00
1.710000e-06	1.345767e-03	1.468137e+00
1.720000e-06	-2.205657e-03	1.801078e+00
1.730000e-06	2.660132e-02	2.014055e+00
1.740000e-06	8.594738e-02	2.317792e+00
1.750000e-06	2.576828e-02	2.697213e+00
1.760000e-06	-8.472881e-02	3.013529e+00
1.770000e-06	-2.886655e-02	3.305188e+00
1.780000e-06	-3.611625e-02	3.601476e+00
1.790000e-06	-5.404870e-02	3.864157e+00
1.800000e-06	-3.658799e-02	4.024580e+00
1.810000e-06	1.327894e-01	4.340946e+00
1.820000e-06	-9.851246e-02	4.654161e+00
1.830000e-06	6.207893e-02	4.857712e+00
1.840000e-06	6.213120e-02	5.265715e+00
1.850000e-06	-1.237821e-01	5.528774e+00
1.860000e-06	8.571181e-02	5.845059e+00
1.870000e-06	-9.484933e-02	6.128245e+00
1.880000e-06	8.150510e-02	6.318923e+00
1.890000e-06	-1.279435e-02	6.654712e+00
1.900000e-06	-1.791707e-02	6.928395e+00
1.910000e-06	8.612509e-03	7.192424e+00
1.920000e-06	-5.313584e-02	7.540270e+00
1.930000e-06	4.994483e-02	7.802004e+00
1.940000e-06	-6.195969e-02	8.147270e+00
1.950000e-06	5.362100e-02	8.359898e+00
1.960000e-06	-6.616278e-03	8.600453e+00
1.970000e-06	-1.181633e-02	8.772031e+00
1.980000e-06	2.260679e-02	9.075138e+00
1.990000e-06	-6.499064e-02	9.337771e+00
2.000000e-06	2.351706e-02	9.547879e+00
2.010000e-06	-1.997284e-02	9.823583e+00
2.020000e-06	4.318477e-02	1.004561e+01
2.030000e-06	-2.912448e-02	1.030466e+01
2.040000e-06	4.378020e-03	1.055727e+01
2.050000e-06	-1.471406e-02	1.074842e+01
2.060000e-06	-1.185503e-02	1.094135e+01
2.070000e-06	1.468349e-04	1.115085e+01
2.080000e-06	-2.066000e-02	1.141345e+01
2.090000e-06	1.516530e-02	1.163469e+01
2.100000e-06	-1.072334e-02	1.186461e+01
2.110000e-06	7.113957e-03	1.206464e+01
2.120000e-06	-3.131534e-02	1.221514e+01
2.130000e-06	-1.962757e-03	1.246319e+01
2.140000e-06	-9.269276e-03	1.264301e+01
2.150000e-06	9.990059e-03	1.281311e+01
2.160000e-06	-1.021765e-02	1.300200e+01
2.170000e-06	-1.391101e-02	1.315993e+01
2.180000e-06	-1.113610e-02	1.331882e+01
2.190000e-06	-1.045401e-02	1.351677e+01
2.200000e-06	-7.199792e-03	1.369664e+01
2.210000e-06	-1.752985e-02	1.382266e+01
2.220000e-06	-3.796149e-04	1.404093e+01
2.230000e-06	-5.019820e-03	1.417088e+01
2.240000e-06	-2.726435e-03	1.434632e+01
2.250000e-06	-2.435281e-02	1.444614e+01
2.260000e-06	-1.843052e-02	1.458140e+01
2.270000e-06	-1.424526e-02	1.471527e+01
2.280000e-06	-4.187565e-03	1.483058e+01
2.290000e-06	-1.099578e-02	1.492622e+01
2.300000e-06	-1.671511e-02	1.501359e+01
2.310000e-06	-1.110437e-02	1.512737e+01
2.320000e-06	-1.444616e-02	1.521301e+01
2.330000e-06	-1.311114e-02	1.531520e+01
2.340000e-06	-2.283985e-02	1.540011e+01
2.350000e-06	-1.577785e-02	1.548615e+01
2.360000e-06	-1.306427e-02	1.556998e+01
2.370000e-06	-1.320571e-02	1.564251e+01
2.380000e-06	-2.422731e-02	1.566427e+01
2.390000e-06	-2.786568e-02	1.579986e+01
2.400000e-06	-2.103555e-02	1.579044e+01
2.410000e-06	-1.699387e-02	1.587509e+01
2.420000e-06	-1.858579e-02	1.589820e+01
2.430000e-06	-2.745322e-02	1.590888e+01
2.440000e-06	-2.550186e-02	1.597035e+01
2.450000e-06	-2.689372e-02	1.599998e+01
2.460000e-06	-3.036000e-02	1.599098e+01
2.470000e-06	-3.768705e-02	1.602151e+01
2.480000e-06	-3.881919e-02	1.603308e+01
2.490000e-06	-3.390017e-02	1.604059e+01
2.500000e-06	-3.528545e-02	1.606296e+01
2.510000e-06	-4.472135e-02	1.602148e+01
2.520000e-06	-5.660295e-02	1.600098e+01
2.530000e-06	-6.096826e-02	1.597993e+01
2.540000e-06	-6.916303e-02	1.596940e+01
2.550000e-06	-8.673445e-02	1.592725e+01
2.560000e-06	-1.160099e-01	1.586419e+01
2.570000e-06	-1.576383e-01	1.582953e+01
2.580000e-06	-2.152904e-01	1.577836e+01
2.590000e-06	-2.499558e-01	1.570532e+01
2.600000e-06	-2.500000e-01	1.567161e+01
2.610000e-06	-2.500000e-01	1.559093e+01
2.620000e-06	-2.375162e-01	1.549837e+01
2.630000e-06	-1.620465e-01	1.544456e+01
2.640000e-06	-1.078635e-01	1.529793e+01
2.650000e-06	-7.864680e-02	1.526454e+01
2.660000e-06	-5.883013e-02	1.512687e+01
2.670000e-06	-4.087458e-02	1.505264e+01
2.680000e-06	-3.336163e-02	1.495735e+01
2.690000e-06	-3.077810e-02	1.484109e+01
2.700000e-06	-2.693308e-02	1.472632e+01
2.710000e-06	-1.999220e-02	1.460003e+01
2.720000e-06	-1.660983e-02	1.446474e+01
2.730000e-06	-1.901576e-02	1.434735e+01
2.740000e-06	-2.114093e-02	1.419900e+01
2.750000e-06	-1.768568e-02	1.404264e+01
2.760000e-06	-1.348846e-02	1.385459e+01
2.770000e-06	-1.272742e-02	1.371535e+01
2.780000e-06	-1.576458e-02	1.355840e+01
2.790000e-06	-1.452592e-02	1.338753e+01
2.800000e-06	-1.178865e-02	1.326264e+01
2.810000e-06	-1.024480e-02	1.305212e+01
2.820000e-06	-1.237950e-02	1.287467e+01
2.830000e-06	-1.372313e-02	1.270422e+01
2.840000e-06	-1.091182e-02	1.254677e+01
2.850000e-06	-7.608876e-03	1.232832e+01
2.860000e-06	-1.025246e-02	1.215685e+01
2.870000e-06	-1.212601e-02	1.190540e+01
2.880000e-06	-1.264834e-02	1.174730e+01
2.890000e-06	-8.663806e-03	1.146369e+01
2.900000e-06	-8.205840e-03	1.128209e+01
2.910000e-06	-1.003720e-02	1.106064e+01
2.920000e-06	-9.479992e-03	1.087259e+01
2.930000e-06	-7.379357e-03	1.062053e+01
2.940000e-06	-6.416187e-03	1.039996e+01
2.950000e-06	-9.066639e-03	1.013645e+01
2.960000e-06	-1.091813e-02	9.904396e+00
2.970000e-06	-1.003020e-02	9.663247e+00
2.980000e-06	-6.124225e-03	9.422056e+00
2.990000e-06	-7.174127e-03	9.221053e+00
3.000000e-06	-8.574151e-03	8.967825e+00
3.010000e-06	-8.318067e-03	8.713315e+00
3.020000e-06	-5.501334e-03	8.472766e+00
3.030000e-06	-4.883406e-03	8.191555e+00
3.040000e-06	-7.913709e-03	7.977401e+00
3.050000e-06	-8.808084e-03	7.703263e+00
3.060000e-06	-8.142429e-03	7.400005e+00
3.070000e-06	-6.278206e-03	7.113369e+00
3.080000e-06	-7.592581e-03	6.891732e+00
3.090000e-06	-8.416432e-03	6.526451e+00
3.100000e-06	-7.727607e-03	6.294313e+00
3.110000e-06	-4.987736e-03	6.043609e+00
3.120000e-06	-4.994441e-03	5.788926e+00
3.130000e-06	-6.258537e-03	5.464687e+00
3.140000e-06	-7.089909e-03	5.209503e+00
3.150000e-06	-6.308721e-03	4.849131e+00
3.160000e-06	-6.377354e-03	4.587421e+00
3.170000e-06	-7.749926e-03	4.272314e+00
3.180000e-06	-8.372837e-03	3.977896e+00
3.190000e-06	-6.228305e-03	3.713863e+00
3.200000e-06	-4.747434e-03	3.410630e+00
3.210000e-06	-4.575699e-03	3.164817e+00
3.220000e-06	-6.323737e-03	2.860582e+00
3.230000e-06	-5.631371e-03	2.544322e+00
3.240000e-06	-5.872257e-03	2.239585e+00
3.250000e-06	-5.664264e-03	1.985945e+00
3.260000e-06	-7.612611e-03	1.660134e+00
3.270000e-06	-7.946771e-03	1.374945e+00
3.280000e-06	-5.885487e-03	9.901323e-01
3.290000e-06	-4.494958e-03	6.737655e-01
3.300000e-06	-4.128017e-03	4.211078e-01
3.310000e-06	-3.596252e-03	1.237928e-01
3.320000e-06	1.130325e-03	-2.003951e-01
3.330000e-06	1.099589e-02	-4.415565e-01
3.340000e-06	-2.429089e-03	-7.697448e-01
3.350000e-06	4.124031e-03	-9.709775e-01
3.360000e-06	-5.061559e-03	-1.317662e+00
3.370000e-06	1.874459e-03	-1.621524e+00
3.380000e-06	7.044765e-03	-1.834027e+00
3.390000e-06	7.286509e-02	-2.045630e+00
3.400000e-06	1.029040e-01	-2.402452e+00
3.410000e-06	-8.950016e-02	-2.857583e+00
3.420000e-06	-1.208557e-02	-3.265531e+00
3.430000e-06	-5.053742e-02	-3.516188e+00
3.440000e-06	-4.874956e-02	-3.684685e+00
3.450000e-06	-2.799571e-02	-3.906842e+00
3.460000e-06	1.609027e-01	-4.107688e+00
3.470000e-06	-1.637553e-01	-4.415556e+00
3.480000e-06	1.672870e-01	-4.697164e+00
3.490000e-06	-2.033955e-02	-4.990920e+00
3.500000e-06	-5.798782e-02	-5.432347e+00
3.510000e-06	1.077975e-01	-5.660978e+00
3.520000e-06	-1.743602e-01	-5.926795e+00
3.530000e-06	1.872297e-01	-6.162073e+00
3.540000e-06	-7.172282e-02	-6.455612e+00
3.550000e-06	4.387360e-02	-6.791930e+00
3.560000e-06	3.154886e-02	-7.053128e+00
3.570000e-06	-1.163920e-01	-7.358949e+00
3.580000e-06	1.375647e-01	-7.602007e+00
3.590000e-06	-1.311853e-01	-7.907243e+00
3.600000e-06	1.329964e-01	-8.171427e+00
3.610000e-06	-5.275370e-02	-8.360975e+00
3.620000e-06	1.787029e-02	-8.737219e+00
3.630000e-06	6.356246e-02	-8.979822e+00
3.640000e-06	-1.143333e-01	-9.200928e+00
3.650000e-06	9.230884e-02	-9.392979e+00
3.660000e-06	-1.024373e-01	-9.714062e+00
3.670000e-06	1.354408e-01	-9.886268e+00
3.680000e-06	-6.089824e-02	-1.010829e+01
3.690000e-06	5.303077e-02	-1.041100e+01
3.700000e-06	-3.534106e-02	-1.059238e+01
3.710000e-06	1.510921e-03	-1.084461e+01
3.720000e-06	3.317269e-02	-1.096301e+01
3.730000e-06	-4.109296e-02	-1.127569e+01
3.740000e-06	5.248838e-02	-1.142714e+01
3.750000e-06	-4.214521e-02	-1.178982e+01
3.760000e-06	6.944770e-02	-1.199883e+01
3.770000e-06	-4.711265e-02	-1.215827e+01
3.780000e-06	3.198814e-02	-1.235878e+01
3.790000e-06	-2.970567e-02	-1.253030e+01
3.800000e-06	4.734309e-02	-1.274880e+01
3.810000e-06	-3.293918e-04	-1.288774e+01
3.820000e-06	8.201949e-03	-1.306722e+01
3.830000e-06	-1.058914e-02	-1.327414e+01
3.840000e-06	4.066319e-03	-1.338358e+01
3.850000e-06	1.533571e-02	-1.356143e+01
3.860000e-06	-8.414127e-05	-1.376940e+01
3.870000e-06	1.331408e-02	-1.389670e+01
3.880000e-06	5.342277e-03	-1.403511e+01
3.890000e-06	2.664294e-02	-1.424451e+01
3.900000e-06	-2.773707e-03	-1.439135e+01
3.910000e-06	1.293329e-03	-1.452730e+01
3.920000e-06	-8.678233e-03	-1.462151e+01
3.930000e-06	2.314710e-02	-1.475978e+01
3.940000e-06	1.195109e-02	-1.489617e+01
3.950000e-06	1.654121e-02	-1.499098e+01
3.960000e-06	-2.372363e-03	-1.511712e+01
3.970000e-06	1.599894e-02	-1.520045e+01
3.980000e-06	1.238005e-02	-1.528512e+01
3.990000e-06	1.278146e-02	-1.538938e+01
4.000000e-06	3.750988e-03	-1.547611e+01
4.010000e-06	1.267764e-02	-1.554935e+01
4.020000e-06	1.955520e-02	-1.563196e+01
4.030000e-06	1.421258e-02	-1.568519e+01
4.040000e-06	6.536417e-03	-1.574980e+01
4.050000e-06	6.382891e-03	-1.579199e+01
4.060000e-06	2.251556e-02	-1.583564e+01
4.070000e-06	2.472300e-02	-1.589724e+01
4.080000e-06	2.044664e-02	-1.591035e+01
4.090000e-06	1.174522e-02	-1.598150e+01
4.100000e-06	1.862665e-02	-1.602201e+01
4.110000e-06	2.346537e-02	-1.603404e+01
4.120000e-06	2.262603e-02	-1.602314e+01
4.130000e-06	1.990366e-02	-1.607516e+01
4.140000e-06	2.759697e-02	-1.607404e+01
4.150000e-06	3.886388e-02	-1.604406e+01
4.160000e-06	3.995338e-02	-1.605414e+01
4.170000e-06	3.403546e-02	-1.602413e+01
4.180000e-06	3.755342e-02	-1.603301e+01
4.190000e-06	5.240417e-02	-1.601248e+01
4.200000e-06	6.913094e-02	-1.597205e+01
4.210000e-06	8.105796e-02	-1.591730e+01
4.220000e-06	1.043660e-01	-1.588735e+01
4.230000e-06	1.494138e-01	-1.585309e+01
4.240000e-06	2.182151e-01	-1.581195e+01
4.250000e-06	2.499371e-01	-1.574890e+01
4.260000e-06	2.500000e-01	-1.568516e+01
4.270000e-06	2.500000e-01	-1.564153e+01
4.280000e-06	2.364283e-01	-1.550837e+01
4.290000e-06	1.602392e-01	-1.544209e+01
4.300000e-06	9.674442e-02	-1.537893e+01
4.310000e-06	6.169948e-02	-1.530356e+01
4.320000e-06	4.595631e-02	-1.512043e+01
4.330000e-06	3.812569e-02	-1.506414e+01
4.340000e-06	2.743620e-02	-1.498842e+01
4.350000e-06	1.802432e-02	-1.487364e+01
4.360000e-06	1.599817e-02	-1.475587e+01
4.370000e-06	1.614387e-02	-1.463994e+01
4.380000e-06	1.107736e-02	-1.450515e+01
4.390000e-06	3.644399e-03	-1.437890e+01
4.400000e-06	3.193235e-03	-1.419106e+01
4.410000e-06	8.145011e-03	-1.410368e+01
4.420000e-06	1.076143e-02	-1.389632e+01
4.430000e-06	5.205475e-03	-1.372639e+01
4.440000e-06	2.988881e-04	-1.358888e+01
4.450000e-06	2.221236e-03	-1.344151e+01
4.460000e-06	4.845945e-03	-1.325314e+01
4.470000e-06	3.558399e-03	-1.310521e+01
4.480000e-06	-8.763885e-04	-1.288634e+01
4.490000e-06	-8.060644e-04	-1.273782e+01
4.500000e-06	2.033452e-03	-1.254682e+01
4.510000e-06	2.936285e-03	-1.238893e+01
4.520000e-06	-3.056197e-03	-1.215742e+01
4.530000e-06	-5.114057e-03	-1.194793e+01
4.540000e-06	2.398023e-04	-1.174742e+01
4.550000e-06	3.193872e-03	-1.149527e+01
4.560000e-06	7.499586e-04	-1.124414e+01
4.570000e-06	-3.116861e-03	-1.107206e+01
4.580000e-06	-3.922673e-03	-1.087101e+01
4.590000e-06	-1.842808e-03	-1.060171e+01
4.600000e-06	-4.608257e-03	-1.040952e+01
4.610000e-06	-7.228254e-03	-1.012432e+01
4.620000e-06	-7.392005e-03	-9.895920e+00
4.630000e-06	1.266793e-03	-9.745795e+00
4.640000e-06	-2.999159e-04	-9.432763e+00
4.650000e-06	-2.874342e-03	-9.239608e+00
4.660000e-06	-7.694955e-03	-8.998425e+00
4.670000e-06	-5.493657e-03	-8.776400e+00
4.680000e-06	-3.423903e-03	-8.453638e+00
4.690000e-06	-6.837485e-03	-8.211031e+00
4.700000e-06	-8.943367e-03	-7.969024e+00
4.710000e-06	-7.106182e-03	-7.674163e+00
4.720000e-06	-2.914176e-03	-7.409429e+00
4.730000e-06	-3.872865e-03	-7.133817e+00
4.740000e-06	-7.069534e-03	-6.850582e+00
4.750000e-06	-7.415568e-03	-6.619000e+00
4.760000e-06	-6.496796e-03	-6.316367e+00
4.770000e-06	-4.817986e-03	-6.030582e+00
4.780000e-06	-8.588426e-03	-5.766925e+00
4.790000e-06	-9.848574e-03	-5.512264e+00
4.800000e-06	-8.623814e-03	-5.166900e+00
4.810000e-06	-4.314156e-03	-4.829056e+00
4.820000e-06	-5.889613e-03	-4.525841e+00
4.830000e-06	-8.674758e-03	-4.284762e+00
4.840000e-06	-8.930452e-03	-4.039578e+00
4.850000e-06	-7.566565e-03	-3.742866e+00
4.860000e-06	-6.230792e-03	-3.402128e+00
4.870000e-06	-9.626607e-03	-3.146443e+00
4.880000e-06	-9.811241e-03	-2.790604e+00
4.890000e-06	-7.418412e-03	-2.537043e+00
4.900000e-06	-5.278161e-03	-2.270710e+00
4.910000e-06	-8.717514e-03	-1.946370e+00
4.920000e-06	-1.093845e-02	-1.671759e+00
4.930000e-06	-1.056571e-02	-1.365941e+00
4.940000e-06	-6.530233e-03	-1.020025e+00
4.950000e-06	-7.577449e-03	-7.674159e-01
4.960000e-06	-8.699760e-03	-4.090998e-01
4.970000e-06	-7.168752e-03	-1.439421e-01
4.980000e-06	8.010455e-04	1.597636e-01
4.990000e-06	6.943899e-03	4.335539e-01
5.000000e-06	-6.909199e-03	7.062344e-01
5.010000e-06	-1.147667e-04	9.493225e-01
5.020000e-06	-6.760430e-03	1.285661e+00
5.030000e-06	2.935591e-03	1.603926e+00
5.040000e-06	1.546888e-03	1.885709e+00
5.050000e-06	3.896851e-02	2.107190e+00
5.060000e-06	9.793680e-02	2.411401e+00
5.070000e-06	-2.697319e-02	2.792976e+00
5.080000e-06	-6.405506e-02	3.056165e+00
5.090000e-06	-3.740749e-02	3.392380e+00
5.100000e-06	-3.045549e-02	3.663613e+00
5.110000e-06	-7.698165e-02	3.925287e+00
5.120000e-06	1.857131e-02	4.077671e+00
5.130000e-06	1.118890e-01	4.443559e+00
5.140000e-06	-1.369158e-01	4.727245e+00
5.150000e-06	1.587100e-01	5.003551e+00
5.160000e-06	-5.175046e-02	5.350423e+00
5.170000e-06	-4.535658e-02	5.570926e+00
5.180000e-06	4.170328e-02	5.917245e+00
5.190000e-06	-7.944827e-02	6.171355e+00
5.200000e-06	9.993986e-02	6.454059e+00
5.210000e-06	-5.208781e-02	6.779823e+00
5.220000e-06	1.719031e-02	7.024905e+00
5.230000e-06	-2.922706e-02	7.308195e+00
5.240000e-06	-1.560084e-02	7.621558e+00
5.250000e-06	2.615283e-02	7.908691e+00
5.260000e-06	-5.092909e-02	8.221449e+00
5.270000e-06	6.494256e-02	8.431407e+00
5.280000e-06	-3.272653e-02	8.653132e+00
5.290000e-06	1.609630e-02	8.876687e+00
5.300000e-06	-6.940536e-03	9.138827e+00
5.310000e-06	-5.188599e-02	9.371401e+00
5.320000e-06	2.466961e-02	9.603531e+00
5.330000e-06	-1.613896e-02	9.886217e+00
5.340000e-06	4.273191e-02	1.012822e+01
5.350000e-06	-4.015305e-02	1.035037e+01
5.360000e-06	1.681385e-02	1.057245e+01
5.370000e-06	-2.759459e-02	1.083291e+01
5.380000e-06	5.672504e-04	1.102201e+01
5.390000e-06	-1.046745e-02	1.122296e+01
5.400000e-06	-1.387368e-02	1.144514e+01
5.410000e-06	1.342624e-02	1.171875e+01
5.420000e-06	-9.291905e-03	1.191767e+01
5.430000e-06	3.428718e-03	1.210732e+01
5.440000e-06	-3.168744e-02	1.231669e+01
5.450000e-06	1.844810e-03	1.251674e+01
5.460000e-06	-7.773703e-03	1.265674e+01
5.470000e-06	9.475051e-03	1.286714e+01
5.480000e-06	-1.394273e-02	1.303556e+01
5.490000e-06	-1.470016e-02	1.321254e+01
5.500000e-06	-1.041378e-02	1.337993e+01
5.510000e-06	-1.020741e-02	1.354931e+01
5.520000e-06	-9.250991e-03	1.369929e+01
5.530000e-06	-1.560342e-02	1.387619e+01
5.540000e-06	-1.902377e-04	1.401546e+01
5.550000e-06	-3.619830e-03	1.423296e+01
5.560000e-06	-8.603081e-03	1.437828e+01
5.570000e-06	-2.310387e-02	1.449515e+01
5.580000e-06	-1.956150e-02	1.461298e+01
5.590000e-06	-8.527409e-03	1.478988e+01
5.600000e-06	-6.371166e-03	1.484361e+01
5.610000e-06	-1.123205e-02	1.494840e+01
5.620000e-06	-1.763339e-02	1.502511e+01
5.630000e-06	-1.120642e-02	1.514045e+01
5.640000e-06	-1.392342e-02	1.528314e+01
5.650000e-06	-1.572536e-02	1.535832e+01
5.660000e-06	-2.087419e-02	1.540203e+01
5.670000e-06	-1.573374e-02	1.549920e+01
5.680000e-06	-1.008354e-02	1.556195e+01
5.690000e-06	-1.697046e-02	1.568361e+01
5.700000e-06	-2.472322e-02	1.573675e+01
5.710000e-06	-2.894338e-02	1.579048e+01
5.720000e-06	-1.881961e-02	1.582309e+01
5.730000e-06	-1.718559e-02	1.586527e+01
5.740000e-06	-2.187997e-02	1.593830e+01
5.750000e-06	-2.595047e-02	1.596841e+01
5.760000e-06	-2.565465e-02	1.599038e+01
5.770000e-06	-2.546484e-02	1.597995e+01
5.780000e-06	-3.331062e-02	1.600156e+01
5.790000e-06	-3.788125e-02	1.602163e+01
5.800000e-06	-3.862532e-02	1.603206e+01
5.810000e-06	-3.120974e-02	1.600198e+01
5.820000e-06	-3.738751e-02	1.604159e+01
5.830000e-06	-4.831592e-02	1.600903e+01
5.840000e-06	-5.886041e-02	1.600036e+01
5.850000e-06	-6.315984e-02	1.596948e+01
5.860000e-06	-7.214980e-02	1.594880e+01
5.870000e-06	-9.376914e-02	1.594569e+01
5.880000e-06	-1.247135e-01	1.585372e+01
5.890000e-06	-1.719374e-01	1.578001e+01
5.900000e-06	-2.306206e-01	1.577685e+01
5.910000e-06	-2.499960e-01	1.570422e+01
5.920000e-06	-2.500000e-01	1.562359e+01
5.930000e-06	-2.499900e-01	1.555836e+01
5.940000e-06	-2.213344e-01	1.552619e+01
5.950000e-06	-1.426214e-01	1.541159e+01
5.960000e-06	-9.836686e-02	1.532675e+01
5.970000e-06	-7.250582e-02	1.525144e+01
5.980000e-06	-5.388276e-02	1.510630e+01
5.990000e-06	-3.707011e-02	1.501204e+01
6.000000e-06	-3.215529e-02	1.493630e+01
6.010000e-06	-2.917790e-02	1.480103e+01
6.020000e-06	-2.603016e-02	1.469667e+01
6.030000e-06	-1.911703e-02	1.456891e+01
6.040000e-06	-1.899244e-02	1.442211e+01
6.050000e-06	-1.960158e-02	1.431775e+01
6.060000e-06	-2.127016e-02	1.414892e+01
6.070000e-06	-1.435506e-02	1.395053e+01
6.080000e-06	-1.192980e-02	1.380213e+01
6.090000e-06	-1.240163e-02	1.368317e+01
6.100000e-06	-1.669312e-02	1.351582e+01
6.110000e-06	-1.404157e-02	1.338835e+01
6.120000e-06	-1.217012e-02	1.319858e+01
6.130000e-06	-1.056737e-02	1.297969e+01
6.140000e-06	-1.387375e-02	1.283154e+01
6.150000e-06	-1.219626e-02	1.269061e+01
6.160000e-06	-9.362029e-03	1.246372e+01
6.170000e-06	-7.360066e-03	1.229372e+01
6.180000e-06	-1.138668e-02	1.208330e+01
6.190000e-06	-1.321972e-02	1.187232e+01
6.200000e-06	-1.092020e-02	1.167369e+01
6.210000e-06	-8.119925e-03	1.143258e+01
6.220000e-06	-7.605503e-03	1.123048e+01
6.230000e-06	-1.095213e-02	1.101843e+01
6.240000e-06	-1.002884e-02	1.077848e+01
6.250000e-06	-7.851269e-03	1.054793e+01
6.260000e-06	-5.874440e-03	1.033582e+01
6.270000e-06	-8.981558e-03	1.007534e+01
6.280000e-06	-1.047336e-02	9.874137e+00
6.290000e-06	-8.484922e-03	9.618531e+00
6.300000e-06	-6.464463e-03	9.398953e+00
6.310000e-06	-7.432051e-03	9.145423e+00
6.320000e-06	-1.039313e-02	8.872693e+00
6.330000e-06	-8.320376e-03	8.631058e+00
6.340000e-06	-5.856950e-03	8.419055e+00
6.350000e-06	-5.064110e-03	8.125949e+00
6.360000e-06	-7.898648e-03	7.883716e+00
6.370000e-06	-8.638455e-03	7.621602e+00
6.380000e-06	-6.551750e-03	7.334767e+00
6.390000e-06	-6.272536e-03	7.061607e+00
6.400000e-06	-7.121974e-03	6.788030e+00
6.410000e-06	-8.913755e-03	6.504263e+00
6.420000e-06	-6.958479e-03	6.252130e+00
6.430000e-06	-5.520734e-03	5.979075e+00
6.440000e-06	-5.499835e-03	5.682714e+00
6.450000e-06	-7.973600e-03	5.440031e+00
6.460000e-06	-8.101604e-03	5.072692e+00
6.470000e-06	-5.925238e-03	4.757416e+00
6.480000e-06	-4.523222e-03	4.494192e+00
6.490000e-06	-5.458907e-03	4.176076e+00
6.500000e-06	-6.731832e-03	3.943213e+00
6.510000e-06	-6.720453e-03	3.630105e+00
6.520000e-06	-5.628494e-03	3.364868e+00
6.530000e-06	-6.195288e-03	3.041105e+00
6.540000e-06	-7.282423e-03	2.795996e+00
6.550000e-06	-6.737620e-03	2.430079e+00
6.560000e-06	-4.658143e-03	2.186944e+00
6.570000e-06	-5.022747e-03	1.872313e+00
6.580000e-06	-6.328092e-03	1.557924e+00
6.590000e-06	-6.506807e-03	1.302209e+00
6.600000e-06	-4.848118e-03	9.563381e-01
6.610000e-06	-4.747303e-03	6.306776e-01
6.620000e-06	-4.366617e-03	3.249187e-01
6.630000e-06	-4.474263e-03	1.126378e-03
6.640000e-06	2.829046e-03	-2.250804e-01
6.650000e-06	9.045628e-03	-4.960845e-01
6.660000e-06	-3.188240e-03	-8.124763e-01
6.670000e-06	2.681051e-03	-1.045156e+00
6.680000e-06	-2.842868e-03	-1.400900e+00
6.690000e-06	3.280139e-03	-1.635630e+00
6.700000e-06	1.765480e-02	-1.906212e+00
6.710000e-06	9.919451e-02	-2.170293e+00
6.720000e-06	4.861496e-02	-2.499241e+00
6.730000e-06	-8.503654e-02	-2.953449e+00
6.740000e-06	-1.031666e-02	-3.317693e+00
6.750000e-06	-5.269652e-02	-3.506845e+00
6.760000e-06	-6.205412e-02	-3.779393e+00
6.770000e-06	4.580375e-02	-3.979897e+00
6.780000e-06	9.327283e-02	-4.182450e+00
6.790000e-06	-1.332208e-01	-4.499291e+00
6.800000e-06	1.998225e-01	-4.767872e+00
6.810000e-06	-1.494566e-01	-5.088663e+00
6.820000e-06	7.268157e-02	-5.483191e+00
6.830000e-06	3.482458e-03	-5.706636e+00
6.840000e-06	-1.081021e-01	-6.024031e+00
6.850000e-06	1.765884e-01	-6.313082e+00
6.860000e-06	-1.387260e-01	-6.560374e+00
6.870000e-06	1.329364e-01	-6.825091e+00
6.880000e-06	-8.249298e-02	-7.095320e+00
6.890000e-06	-1.117689e-02	-7.435534e+00
6.900000e-06	7.677107e-02	-7.716717e+00
6.910000e-06	-1.058822e-01	-7.992953e+00
6.920000e-06	1.532933e-01	-8.243055e+00
6.930000e-06	-1.242632e-01	-8.479140e+00
6.940000e-06	1.108908e-01	-8.790401e+00
6.950000e-06	-4.010794e-02	-8.990476e+00
6.960000e-06	-3.141190e-02	-9.225611e+00
6.970000e-06	3.969529e-02	-9.475739e+00
6.980000e-06	-5.761742e-02	-9.758270e+00
6.990000e-06	1.268844e-01	-9.948300e+00
7.000000e-06	-8.790625e-02	-1.021341e+01
7.010000e-06	8.518825e-02	-1.045351e+01
7.020000e-06	-8.659295e-02	-1.068616e+01
7.030000e-06	6.442539e-02	-1.088630e+01
7.040000e-06	-2.803456e-02	-1.106809e+01
7.050000e-06	1.505657e-02	-1.134882e+01
7.060000e-06	1.030337e-02	-1.155127e+01
7.070000e-06	-3.123285e-03	-1.180193e+01
7.080000e-06	3.999827e-02	-1.201251e+01
7.090000e-06	-3.750262e-02	-1.220304e+01
7.100000e-06	2.827043e-02	-1.241205e+01
7.110000e-06	-2.590167e-02	-1.260100e+01
7.120000e-06	5.585245e-02	-1.282043e+01
7.130000e-06	-1.705243e-02	-1.298085e+01
7.140000e-06	1.975875e-02	-1.313780e+01
7.150000e-06	-2.477470e-02	-1.332817e+01
7.160000e-06	2.458738e-02	-1.346469e+01
7.170000e-06	-5.458807e-04	-1.365398e+01
7.180000e-06	1.460401e-02	-1.377303e+01
7.190000e-06	1.618964e-03	-1.398940e+01
7.200000e-06	1.759857e-02	-1.410924e+01
7.210000e-06	1.378018e-02	-1.423511e+01
7.220000e-06	-5.289890e-04	-1.441361e+01
7.230000e-06	-4.838855e-03	-1.451680e+01
7.240000e-06	1.674909e-03	-1.466559e+01
7.250000e-06	2.367634e-02	-1.479148e+01
7.260000e-06	1.179600e-02	-1.492717e+01
7.270000e-06	1.367185e-02	-1.500298e+01
7.280000e-06	-2.682705e-03	-1.509720e+01
7.290000e-06	1.886411e-02	-1.524253e+01
7.300000e-06	8.631515e-03	-1.533575e+01
7.310000e-06	1.314301e-02	-1.535941e+01
7.320000e-06	1.740923e-03	-1.549420e+01
7.330000e-06	1.868286e-02	-1.557043e+01
7.340000e-06	1.755394e-02	-1.565301e+01
7.350000e-06	1.282696e-02	-1.568467e+01
7.360000e-06	3.318141e-03	-1.575987e+01
7.370000e-06	1.079998e-02	-1.583249e+01
7.380000e-06	2.442546e-02	-1.586614e+01
7.390000e-06	2.385066e-02	-1.589662e+01
7.400000e-06	1.751920e-02	-1.595943e+01
7.410000e-06	1.262001e-02	-1.599246e+01
7.420000e-06	2.075673e-02	-1.603303e+01
7.430000e-06	2.289907e-02	-1.605358e+01
7.440000e-06	2.238302e-02	-1.610361e+01
7.450000e-06	1.857458e-02	-1.605506e+01
7.460000e-06	3.244094e-02	-1.607456e+01
7.470000e-06	3.804815e-02	-1.609315e+01
7.480000e-06	4.144380e-02	-1.606414e+01
7.490000e-06	3.543494e-02	-1.605159e+01
7.500000e-06	4.030012e-02	-1.602253e+01
7.510000e-06	5.927088e-02	-1.602096e+01
7.520000e-06	7.039329e-02	-1.594988e+01
7.530000e-06	8.500344e-02	-1.592928e+01
7.540000e-06	1.093973e-01	-1.585519e+01
7.550000e-06	1.662875e-01	-1.578206e+01
7.560000e-06	2.347604e-01	-1.579003e+01
7.570000e-06	2.499962e-01	-1.570733e+01
7.580000e-06	2.500000e-01	-1.567556e+01
7.590000e-06	2.499900e-01	-1.565188e+01
7.600000e-06	2.190291e-01	-1.549580e+01
7.610000e-06	1.390804e-01	-1.543051e+01
7.620000e-06	8.263593e-02	-1.533737e+01
7.630000e-06	5.502069e-02	-1.525261e+01
7.640000e-06	4.456994e-02	-1.512943e+01
7.650000e-06	3.768488e-02	-1.502464e+01
7.660000e-06	2.435613e-02	-1.493732e+01
7.670000e-06	1.726881e-02	-1.480104e+01
7.680000e-06	1.515830e-02	-1.469679e+01
7.690000e-06	1.556395e-02	-1.459053e+01
7.700000e-06	8.562801e-03	-1.444366e+01
7.710000e-06	2.396513e-03	-1.432775e+01
7.720000e-06	4.241914e-03	-1.414890e+01
7.730000e-06	9.567377e-03	-1.404146e+01
7.740000e-06	9.892581e-03	-1.386211e+01
7.750000e-06	3.846395e-03	-1.367527e+01
7.760000e-06	1.745783e-03	-1.351717e+01
7.770000e-06	4.391141e-03	-1.336988e+01
7.780000e-06	5.533922e-03	-1.318100e+01
7.790000e-06	7.722822e-04	-1.305214e+01
7.800000e-06	-2.810512e-03	-1.284269e+01
7.810000e-06	-5.753517e-04	-1.267606e+01
7.820000e-06	3.637625e-03	-1.251379e+01
7.830000e-06	2.063737e-03	-1.232464e+01
7.840000e-06	-3.409684e-03	-1.209479e+01
7.850000e-06	-3.551766e-03	-1.187432e+01
7.860000e-06	7.131187e-04	-1.169369e+01
7.870000e-06	1.264231e-03	-1.146309e+01
7.880000e-06	-2.749837e-03	-1.119998e+01
7.890000e-06	-5.221111e-03	-1.099845e+01
7.900000e-06	-1.868263e-03	-1.080793e+01
7.910000e-06	1.487609e-04	-1.054850e+01
7.920000e-06	-2.886386e-03	-1.031477e+01
7.930000e-06	-6.488897e-03	-1.007314e+01
7.940000e-06	-5.959946e-03	-9.893159e+00
7.950000e-06	-2.572593e-03	-9.652687e+00
7.960000e-06	-2.382567e-03	-9.377556e+00
7.970000e-06	-5.208509e-03	-9.137496e+00
7.980000e-06	-5.973227e-03	-8.925318e+00
7.990000e-06	-3.820606e-03	-8.694188e+00
8.000000e-06	-3.140326e-03	-8.427506e+00
8.010000e-06	-6.082906e-03	-8.155897e+00
8.020000e-06	-8.888680e-03	-7.884838e+00
8.030000e-06	-7.209886e-03	-7.627574e+00
8.040000e-06	-3.493225e-03	-7.356368e+00
8.050000e-06	-5.524348e-03	-7.031435e+00
8.060000e-06	-6.580130e-03	-6.808873e+00
8.070000e-06	-8.233052e-03	-6.535790e+00
8.080000e-06	-4.733973e-03	-6.250660e+00
8.090000e-06	-4.905791e-03	-5.937977e+00
8.100000e-06	-7.787502e-03	-5.693739e+00
8.110000e-06	-1.022371e-02	-5.398472e+00
8.120000e-06	-7.608892e-03	-5.112211e+00
8.130000e-06	-5.879404e-03	-4.722843e+00
8.140000e-06	-7.251502e-03	-4.441655e+00
8.150000e-06	-1.092077e-02	-4.219553e+00
8.160000e-06	-9.444169e-03	-3.996291e+00
8.170000e-06	-6.990617e-03	-3.608578e+00
8.180000e-06	-6.155016e-03	-3.356871e+00
8.190000e-06	-9.087427e-03	-3.093159e+00
8.200000e-06	-8.554989e-03	-2.715896e+00
8.210000e-06	-8.262483e-03	-2.443159e+00
8.220000e-06	-6.220988e-03	-2.177546e+00
8.230000e-06	-9.698683e-03	-1.873260e+00
8.240000e-06	-1.103405e-02	-1.588926e+00
8.250000e-06	-1.055109e-02	-1.259629e+00
8.260000e-06	-6.710700e-03	-9.353444e-01
8.270000e-06	-6.801512e-03	-6.501315e-01
8.280000e-06	-7.813864e-03	-3.379160e-01
8.290000e-06	-6.374628e-03	-6.178313e-02
8.300000e-06	4.107050e-03	2.134778e-01
8.310000e-06	1.961052e-03	4.956659e-01
8.320000e-06	-2.961978e-03	7.579711e-01
8.330000e-06	-3.651851e-03	1.036035e+00
8.340000e-06	-3.589675e-03	1.357891e+00
8.350000e-06	3.831824e-04	1.666113e+00
8.360000e-06	8.935600e-03	1.927317e+00
8.370000e-06	5.489397e-02	2.170401e+00
8.380000e-06	9.112651e-02	2.516762e+00
8.390000e-06	-7.128473e-02	2.865638e+00
8.400000e-06	-3.931261e-02	3.189399e+00
8.410000e-06	-4.199586e-02	3.485588e+00
8.420000e-06	-2.814691e-02	3.757316e+00
8.430000e-06	-8.525707e-02	3.947369e+00
8.440000e-06	7.722569e-02	4.181503e+00
8.450000e-06	4.481729e-02	4.499319e+00
8.460000e-06	-1.046307e-01	4.749452e+00
8.470000e-06	1.773775e-01	5.056669e+00
8.480000e-06	-1.353771e-01	5.405535e+00
8.490000e-06	3.951859e-02	5.706641e+00
8.500000e-06	-2.464549e-02	6.031580e+00
8.510000e-06	-2.262358e-02	6.255082e+00
8.520000e-06	7.568690e-02	6.529347e+00
8.530000e-06	-6.264430e-02	6.803434e+00
8.540000e-06	3.629901e-02	7.075243e+00
8.550000e-06	-6.010150e-02	7.402929e+00
8.560000e-06	2.791347e-02	7.696167e+00
8.570000e-06	-1.476718e-02	8.001425e+00
8.580000e-06	-1.322006e-02	8.243557e+00
8.590000e-06	4.910371e-02	8.466145e+00
8.600000e-06	-4.085354e-02	8.687841e+00
8.610000e-06	3.361379e-02	8.951974e+00
8.620000e-06	-4.192711e-02	9.252553e+00
8.630000e-06	-2.193112e-02	9.444559e+00
8.640000e-06	9.205129e-03	9.697190e+00
8.650000e-06	7.343173e-03	9.917870e+00
8.660000e-06	2.038490e-02	1.021843e+01
8.670000e-06	-3.034733e-02	1.038148e+01
8.680000e-06	1.253833e-02	1.064404e+01
8.690000e-06	-2.839687e-02	1.086456e+01
8.700000e-06	4.916412e-03	1.104456e+01
8.710000e-06	-1.973813e-02	1.127765e+01
8.720000e-06	-1.121497e-03	1.152828e+01
8.730000e-06	4.787281e-03	1.175888e+01
8.740000e-06	-2.018606e-03	1.197035e+01
8.750000e-06	-1.042766e-02	1.217083e+01
8.760000e-06	-2.109957e-02	1.233983e+01
8.770000e-06	-2.066343e-03	1.257940e+01
8.780000e-06	2.662766e-04	1.269878e+01
8.790000e-06	1.576980e-03	1.290880e+01
8.800000e-06	-1.545532e-02	1.307571e+01
8.810000e-06	-1.360303e-02	1.329467e+01
8.820000e-06	-9.471006e-03	1.342301e+01
8.830000e-06	-8.577225e-03	1.361101e+01
8.840000e-06	-1.397296e-02	1.375885e+01
8.850000e-06	-8.964908e-03	1.391727e+01
8.860000e-06	-1.974796e-03	1.407612e+01
8.870000e-06	-9.079637e-04	1.425361e+01
8.880000e-06	-1.658356e-02	1.440048e+01
8.890000e-06	-2.100040e-02	1.454783e+01
8.900000e-06	-1.899043e-02	1.465404e+01
8.910000e-06	-3.659566e-03	1.476046e+01
8.920000e-06	-9.192644e-03	1.488667e+01
8.930000e-06	-1.396113e-02	1.496893e+01
8.940000e-06	-1.492830e-02	1.505469e+01
8.950000e-06	-1.190382e-02	1.515098e+01
8.960000e-06	-1.207071e-02	1.530409e+01
8.970000e-06	-2.148641e-02	1.536032e+01
8.980000e-06	-1.846690e-02	1.543466e+01
8.990000e-06	-1.599598e-02	1.548745e+01
9.000000e-06	-9.453319e-03	1.562150e+01
9.010000e-06	-2.154628e-02	1.568366e+01
9.020000e-06	-2.660592e-02	1.575732e+01
9.030000e-06	-2.650273e-02	1.576945e+01
9.040000e-06	-1.701862e-02	1.584061e+01
9.050000e-06	-1.757938e-02	1.586525e+01
9.060000e-06	-2.466818e-02	1.595883e+01
9.070000e-06	-2.495730e-02	1.595840e+01
9.080000e-06	-2.618367e-02	1.599943e+01
9.090000e-06	-2.544904e-02	1.602193e+01
9.100000e-06	-3.609253e-02	1.602204e+01
9.110000e-06	-3.770737e-02	1.605201e+01
9.120000e-06	-3.702815e-02	1.602258e+01
9.130000e-06	-3.270279e-02	1.602148e+01
9.140000e-06	-4.085706e-02	1.602198e+01
9.150000e-06	-5.270536e-02	1.599948e+01
9.160000e-06	-5.930601e-02	1.597141e+01
9.170000e-06	-6.498007e-02	1.596885e+01
9.180000e-06	-7.538314e-02	1.590785e+01
9.190000e-06	-1.018182e-01	1.590425e+01
9.200000e-06	-1.357598e-01	1.584959e+01
9.210000e-06	-1.860909e-01	1.580948e+01
9.220000e-06	-2.429283e-01	1.574635e+01
9.230000e-06	-2.499985e-01	1.570367e+01
9.240000e-06	-2.500000e-01	1.565211e+01
9.250000e-06	-2.496239e-01	1.552988e+01
9.260000e-06	-1.987956e-01	1.548782e+01
9.270000e-06	-1.272111e-01	1.540056e+01
9.280000e-06	-9.046613e-02	1.529564e+01
9.290000e-06	-6.642958e-02	1.520146e+01
9.300000e-06	-4.864884e-02	1.509527e+01
9.310000e-06	-3.628268e-02	1.499193e+01
9.320000e-06	-3.268970e-02	1.490224e+01
9.330000e-06	-2.831250e-02	1.479951e+01
9.340000e-06	-2.398436e-02	1.465311e+01
9.350000e-06	-1.714645e-02	1.450745e+01
9.360000e-06	-1.916890e-02	1.443043e+01
9.370000e-06	-1.962892e-02	1.425317e+01
9.380000e-06	-2.006721e-02	1.413530e+01
9.390000e-06	-1.316875e-02	1.396845e+01
9.400000e-06	-1.242602e-02	1.378046e+01
9.410000e-06	-1.423734e-02	1.366153e+01
9.420000e-06	-1.632196e-02	1.348317e+01
9.430000e-06	-1.253062e-02	1.330432e+01
9.440000e-06	-1.178616e-02	1.315737e+01
9.450000e-06	-1.138943e-02	1.293792e+01
9.460000e-06	-1.430008e-02	1.276800e+01
9.470000e-06	-1.146390e-02	1.260151e+01
9.480000e-06	-8.753177e-03	1.240263e+01
9.490000e-06	-9.276678e-03	1.223206e+01
9.500000e-06	-1.188352e-02	1.204309e+01
9.510000e-06	-1.241399e-02	1.185058e+01
9.520000e-06	-8.721496e-03	1.160051e+01
9.530000e-06	-8.014926e-03	1.135648e+01
9.540000e-06	-9.361267e-03	1.114743e+01
9.550000e-06	-1.184707e-02	1.094735e+01
9.560000e-06	-8.095749e-03	1.070680e+01
9.570000e-06	-7.143967e-03	1.051519e+01
9.580000e-06	-7.482975e-03	1.024319e+01
9.590000e-06	-9.988352e-03	1.005116e+01
9.600000e-06	-9.094436e-03	9.790054e+00
9.610000e-06	-6.032869e-03	9.535874e+00
9.620000e-06	-6.380146e-03	9.314345e+00
9.630000e-06	-8.541324e-03	9.063167e+00
9.640000e-06	-9.770642e-03	8.822058e+00
9.650000e-06	-7.150051e-03	8.597475e+00
9.660000e-06	-5.874708e-03	8.324397e+00
9.670000e-06	-6.432517e-03	8.091239e+00
9.680000e-06	-7.898881e-03	7.811057e+00
9.690000e-06	-7.329345e-03	7.535444e+00
9.700000e-06	-5.566299e-03	7.230661e+00
9.710000e-06	-6.489443e-03	6.988525e+00
9.720000e-06	-8.690866e-03	6.707338e+00
9.730000e-06	-8.509324e-03	6.450584e+00
9.740000e-06	-6.071372e-03	6.207976e+00
9.750000e-06	-5.710284e-03	5.915363e+00
9.760000e-06	-6.322870e-03	5.620032e+00
9.770000e-06	-7.669481e-03	5.325421e+00
9.780000e-06	-6.247608e-03	4.978524e+00
9.790000e-06	-4.770606e-03	4.653184e+00
9.800000e-06	-6.339123e-03	4.419104e+00
9.810000e-06	-6.705653e-03	4.135217e+00
9.820000e-06	-6.645578e-03	3.800632e+00
9.830000e-06	-5.158832e-03	3.557496e+00
9.840000e-06	-5.878617e-03	3.211705e+00
9.850000e-06	-6.940720e-03	2.976472e+00
9.860000e-06	-6.842226e-03	2.704267e+00
9.870000e-06	-6.181825e-03	2.405946e+00
9.880000e-06	-5.443563e-03	2.082637e+00
9.890000e-06	-5.879650e-03	1.809075e+00
9.900000e-06	-5.984846e-03	1.462288e+00
9.910000e-06	-5.200565e-03	1.167523e+00
9.920000e-06	-4.845662e-03	8.201328e-01
9.930000e-06	-5.667686e-03	5.564721e-01
9.940000e-06	-5.580002e-03	3.012115e-01
9.950000e-06	-2.131952e-03	-1.303034e-02
9.960000e-06	6.089976e-03	-2.977105e-01
9.970000e-06	4.049275e-03	-5.804273e-01
9.980000e-06	2.472291e-04	-8.861829e-01
9.990000e-06	5.885858e-04	-1.139796e+00
1.000000e-05	-2.646118e-05	-1.475209e+00
1.001000e-05	2.233765e-03	-1.735265e+00
1.002000e-05	3.345704e-02	-1.948422e+00
1.003000e-05	1.197848e-01	-2.222584e+00
1.004000e-05	-1.923436e-02	-2.644580e+00
1.005000e-05	-5.532435e-02	-3.096215e+00
1.006000e-05	-2.268089e-02	-3.358948e+00
1.007000e-05	-4.650526e-02	-3.577926e+00
1.008000e-05	-7.189627e-02	-3.832553e+00
1.009000e-05	1.255315e-01	-3.991481e+00
1.010000e-05	-1.431761e-02	-4.275534e+00
1.011000e-05	-6.037653e-02	-4.641930e+00
1.012000e-05	1.467568e-01	-4.803529e+00
1.013000e-05	-1.762904e-01	-5.193952e+00
1.014000e-05	1.638397e-01	-5.537293e+00
1.015000e-05	-1.250807e-01	-5.792372e+00
1.016000e-05	5.882888e-03	-6.097137e+00
1.017000e-05	1.112587e-01	-6.287215e+00
1.018000e-05	-1.209300e-01	-6.654559e+00
1.019000e-05	1.566251e-01	-6.929818e+00
1.020000e-05	-1.600203e-01	-7.252409e+00
1.021000e-05	9.287132e-02	-7.537320e+00
1.022000e-05	-2.270229e-02	-7.789927e+00
1.023000e-05	-1.936743e-02	-8.086661e+00
1.024000e-05	1.056707e-01	-8.305211e+00
1.025000e-05	-1.242430e-01	-8.621375e+00
1.026000e-05	1.519728e-01	-8.833984e+00
1.027000e-05	-1.228576e-01	-9.087138e+00
1.028000e-05	5.698558e-02	-9.339795e+00
1.029000e-05	-3.960755e-02	-9.508345e+00
1.030000e-05	2.825419e-02	-9.831927e+00
1.031000e-05	6.437010e-02	-1.000596e+01
1.032000e-05	-5.630543e-02	-1.028661e+01
1.033000e-05	6.699263e-02	-1.051725e+01
1.034000e-05	-9.081951e-02	-1.075819e+01
1.035000e-05	9.078661e-02	-1.094937e+01
1.036000e-05	-6.626485e-02	-1.119240e+01
1.037000e-05	6.057213e-02	-1.140051e+01
1.038000e-05	-3.221929e-02	-1.162346e+01
1.039000e-05	4.168826e-02	-1.191674e+01
1.040000e-05	-3.910629e-03	-1.205416e+01
1.041000e-05	-8.343556e-03	-1.226564e+01
1.042000e-05	5.476329e-03	-1.243456e+01
1.043000e-05	-9.965748e-04	-1.263506e+01
1.044000e-05	4.379015e-02	-1.281448e+01
1.045000e-05	-1.652247e-02	-1.301138e+01
1.046000e-05	1.634609e-02	-1.318993e+01
1.047000e-05	-2.409558e-02	-1.335130e+01
1.048000e-05	3.082138e-02	-1.352680e+01
1.049000e-05	-9.607727e-03	-1.370562e+01
1.050000e-05	2.225427e-02	-1.387304e+01
1.051000e-05	-3.955443e-03	-1.401240e+01
1.052000e-05	2.908085e-02	-1.415943e+01
1.053000e-05	3.193747e-03	-1.431725e+01
1.054000e-05	3.465083e-03	-1.445464e+01
1.055000e-05	-1.004050e-02	-1.455987e+01
1.056000e-05	1.244689e-02	-1.471624e+01
1.057000e-05	1.926289e-02	-1.483301e+01
1.058000e-05	1.441067e-02	-1.493984e+01
1.059000e-05	6.791609e-03	-1.506413e+01
1.060000e-05	1.833230e-03	-1.517032e+01
1.061000e-05	1.816267e-02	-1.523303e+01
1.062000e-05	9.312541e-03	-1.535780e+01
1.063000e-05	1.175307e-02	-1.543198e+01
1.064000e-05	4.648709e-03	-1.551830e+01
1.065000e-05	2.174082e-02	-1.560136e+01
1.066000e-05	1.501603e-02	-1.566464e+01
1.067000e-05	1.089692e-02	-1.575779e+01
1.068000e-05	1.694540e-03	-1.580088e+01
1.069000e-05	1.512008e-02	-1.582359e+01
1.070000e-05	2.470609e-02	-1.590562e+01
1.071000e-05	2.340106e-02	-1.591932e+01
1.072000e-05	1.597129e-02	-1.596990e+01
1.073000e-05	1.438713e-02	-1.601158e+01
1.074000e-05	2.288533e-02	-1.599158e+01
1.075000e-05	2.298306e-02	-1.605416e+01
1.076000e-05	1.981693e-02	-1.609609e+01
1.077000e-05	2.158655e-02	-1.605424e+01
1.078000e-05	3.329440e-02	-1.607664e+01
1.079000e-05	4.117335e-02	-1.606464e+01
1.080000e-05	3.643205e-02	-1.604511e+01
1.081000e-05	3.592918e-02	-1.604306e+01
1.082000e-05	4.543262e-02	-1.601356e+01
1.083000e-05	6.280963e-02	-1.596148e+01
1.084000e-05	7.623977e-02	-1.593885e+01
1.085000e-05	9.132330e-02	-1.591640e+01
1.086000e-05	1.250174e-01	-1.586564e+01
1.087000e-05	1.835608e-01	-1.581106e+01
1.088000e-05	2.439729e-01	-1.579936e+01
1.089000e-05	2.499985e-01	-1.569627e+01
1.090000e-05	2.500000e-01	-1.563309e+01
1.091000e-05	2.495720e-01	-1.556088e+01
1.092000e-05	1.975338e-01	-1.547470e+01
1.093000e-05	1.237062e-01	-1.542155e+01
1.094000e-05	7.482868e-02	-1.531627e+01
1.095000e-05	5.176409e-02	-1.522103e+01
1.096000e-05	4.121055e-02	-1.510782e+01
1.097000e-05	3.222292e-02	-1.501053e+01
1.098000e-05	2.092944e-02	-1.487614e+01
1.099000e-05	1.514682e-02	-1.473998e+01
1.100000e-05	1.590770e-02	-1.466467e+01
1.101000e-05	1.541792e-02	-1.454680e+01
1.102000e-05	8.473246e-03	-1.441251e+01
1.103000e-05	3.494120e-03	-1.423411e+01
1.104000e-05	6.028225e-03	-1.411672e+01
1.105000e-05	9.574809e-03	-1.397940e+01
1.106000e-05	7.544079e-03	-1.383051e+01
1.107000e-05	1.070843e-03	-1.367271e+01
1.108000e-05	1.449529e-03	-1.349424e+01
1.109000e-05	4.103588e-03	-1.329579e+01
1.110000e-05	5.421039e-03	-1.318733e+01
1.111000e-05	1.959304e-03	-1.301003e+01
1.112000e-05	-1.623475e-03	-1.282106e+01
1.113000e-05	1.182386e-03	-1.263161e+01
1.114000e-05	3.528673e-03	-1.243209e+01
1.115000e-05	8.617879e-04	-1.225073e+01
1.116000e-05	-5.036791e-03	-1.204361e+01
1.117000e-05	-3.135181e-03	-1.184261e+01
1.118000e-05	9.006972e-04	-1.163098e+01
1.119000e-05	2.248163e-03	-1.136785e+01
1.120000e-05	-2.681961e-03	-1.112725e+01
1.121000e-05	-4.226668e-03	-1.090374e+01
1.122000e-05	-2.123054e-03	-1.072587e+01
1.123000e-05	-8.456280e-04	-1.050527e+01
1.124000e-05	-3.797671e-03	-1.022061e+01
1.125000e-05	-6.819267e-03	-1.002003e+01
1.126000e-05	-5.424471e-03	-9.809980e+00
1.127000e-05	-2.006953e-03	-9.608527e+00
1.128000e-05	-3.187933e-03	-9.295868e+00
1.129000e-05	-5.911878e-03	-9.102662e+00
1.130000e-05	-6.498921e-03	-8.862183e+00
1.131000e-05	-3.403151e-03	-8.588954e+00
1.132000e-05	-3.080832e-03	-8.324843e+00
1.133000e-05	-5.743838e-03	-8.084264e+00
1.134000e-05	-7.608223e-03	-7.790002e+00
1.135000e-05	-6.929141e-03	-7.505441e+00
1.136000e-05	-4.330663e-03	-7.232160e+00
1.137000e-05	-5.926292e-03	-6.967419e+00
1.138000e-05	-8.237817e-03	-6.703263e+00
1.139000e-05	-8.669755e-03	-6.421130e+00
1.140000e-05	-4.397000e-03	-6.146421e+00
1.141000e-05	-5.452753e-03	-5.852737e+00
1.142000e-05	-8.207787e-03	-5.590055e+00
1.143000e-05	-1.011582e-02	-5.323209e+00
1.144000e-05	-6.028339e-03	-4.969549e+00
1.145000e-05	-5.944702e-03	-4.658633e+00
1.146000e-05	-7.297859e-03	-4.409576e+00
1.147000e-05	-1.045971e-02	-4.125942e+00
1.148000e-05	-9.849760e-03	-3.861635e+00
1.149000e-05	-7.274917e-03	-3.547421e+00
1.150000e-05	-6.697511e-03	-3.303263e+00
1.151000e-05	-8.560759e-03	-2.936426e+00
1.152000e-05	-7.855462e-03	-2.692710e+00
1.153000e-05	-6.258937e-03	-2.387450e+00
1.154000e-05	-7.276956e-03	-2.104728e+00
1.155000e-05	-1.118636e-02	-1.809501e+00
1.156000e-05	-1.308309e-02	-1.494917e+00
1.157000e-05	-1.003118e-02	-1.146921e+00
1.158000e-05	-7.592296e-03	-8.706602e-01
1.159000e-05	-7.963702e-03	-5.353195e-01
1.160000e-05	-7.532603e-03	-2.827579e-01
1.161000e-05	-4.298530e-03	2.098000e-02
1.162000e-05	8.249148e-03	3.272897e-01
1.163000e-05	-2.703497e-03	5.703699e-01
1.164000e-05	1.084948e-03	8.415290e-01
1.165000e-05	-7.375658e-03	1.178869e+00
1.166000e-05	-6.008002e-04	1.471552e+00
1.167000e-05	-3.062058e-03	1.778374e+00
1.168000e-05	1.919065e-02	2.001973e+00
1.169000e-05	7.360969e-02	2.252161e+00
1.170000e-05	6.001739e-02	2.632907e+00
1.171000e-05	-8.909637e-02	2.899347e+00
1.172000e-05	-2.748973e-02	3.233629e+00
1.173000e-05	-4.129722e-02	3.537873e+00
1.174000e-05	-3.956128e-02	3.781050e+00
1.175000e-05	-6.677531e-02	3.970923e+00
1.176000e-05	1.220209e-01	4.267715e+00
1.177000e-05	-4.629098e-02	4.603505e+00
1.178000e-05	-1.425870e-02	4.815079e+00
1.179000e-05	1.247898e-01	5.221479e+00
1.180000e-05	-1.520712e-01	5.506193e+00
1.181000e-05	8.595124e-02	5.770401e+00
1.182000e-05	-8.037337e-02	6.095687e+00
1.183000e-05	4.586485e-02	6.317767e+00
1.184000e-05	2.360125e-02	6.654104e+00
1.185000e-05	-4.183910e-02	6.887242e+00
1.186000e-05	2.971364e-02	7.179876e+00
1.187000e-05	-6.550790e-02	7.476238e+00
1.188000e-05	4.883193e-02	7.739371e+00
1.189000e-05	-5.119127e-02	8.095662e+00
1.190000e-05	3.118712e-02	8.319267e+00
1.191000e-05	1.864071e-02	8.549821e+00
1.192000e-05	-2.574128e-02	8.759453e+00
1.193000e-05	3.481284e-02	9.014085e+00
1.194000e-05	-6.109018e-02	9.297663e+00
1.195000e-05	7.926221e-03	9.498245e+00
1.196000e-05	-1.506168e-02	9.760925e+00
1.197000e-05	2.999007e-02	9.993007e+00
1.198000e-05	-1.086917e-02	1.022301e+01
1.199000e-05	-6.500958e-03	1.045614e+01
1.200000e-05	-4.708458e-04	1.069679e+01
1.201000e-05	-1.863688e-02	1.092834e+01
1.202000e-05	4.581949e-03	1.108565e+01
1.203000e-05	-2.486704e-02	1.135080e+01
1.204000e-05	9.772866e-03	1.161296e+01
1.205000e-05	-8.244892e-03	1.180303e+01
1.206000e-05	5.675446e-03	1.203456e+01
1.207000e-05	-2.486123e-02	1.222258e+01
1.208000e-05	-6.552440e-03	1.241203e+01
1.209000e-05	-8.457695e-03	1.261201e+01
1.210000e-05	7.909364e-03	1.281143e+01
1.211000e-05	-6.300604e-03	1.295986e+01
1.212000e-05	-1.287479e-02	1.313975e+01
1.213000e-05	-1.259910e-02	1.332822e+01
1.214000e-05	-1.114619e-02	1.348564e+01
1.215000e-05	-8.621346e-03	1.365256e+01
1.216000e-05	-1.643685e-02	1.380200e+01
1.217000e-05	-2.294467e-03	1.396998e+01
1.218000e-05	-3.934326e-03	1.413783e+01
1.219000e-05	5.751154e-05	1.431417e+01
1.220000e-05	-2.190987e-02	1.446508e+01
1.221000e-05	-1.815267e-02	1.458043e+01
1.222000e-05	-1.644446e-02	1.470471e+01
1.223000e-05	-4.689953e-03	1.481263e+01
1.224000e-05	-1.190258e-02	1.492729e+01
1.225000e-05	-1.456731e-02	1.498200e+01
1.226000e-05	-1.288944e-02	1.506674e+01
1.227000e-05	-1.292432e-02	1.521246e+01
1.228000e-05	-1.175467e-02	1.531777e+01
1.229000e-05	-2.197119e-02	1.541088e+01
1.230000e-05	-1.556668e-02	1.543614e+01
1.231000e-05	-1.430924e-02	1.556938e+01
1.232000e-05	-1.208918e-02	1.560308e+01
1.233000e-05	-2.336114e-02	1.571369e+01
1.234000e-05	-2.681593e-02	1.573737e+01
1.235000e-05	-2.329103e-02	1.580243e+01
1.236000e-05	-1.725058e-02	1.587459e+01
1.237000e-05	-1.886795e-02	1.588777e+01
1.238000e-05	-2.689941e-02	1.598038e+01
1.239000e-05	-2.443856e-02	1.598038e+01
1.240000e-05	-2.638223e-02	1.601048e+01
1.241000e-05	-2.789699e-02	1.600194e+01
1.242000e-05	-3.724641e-02	1.601208e+01
1.243000e-05	-3.756149e-02	1.603204e+01
1.244000e-05	-3.418255e-02	1.605154e+01
1.245000e-05	-3.468303e-02	1.604248e+01
1.246000e-05	-4.256498e-02	1.602198e+01
1.247000e-05	-5.527751e-02	1.598038e+01
1.248000e-05	-5.920923e-02	1.598956e+01
1.249000e-05	-6.735785e-02	1.588842e+01
1.250000e-05	-8.213379e-02	1.590684e+01
1.251000e-05	-1.103293e-01	1.590424e+01
1.252000e-05	-1.467837e-01	1.582256e+01
1.253000e-05	-2.036473e-01	1.580943e+01
1.254000e-05	-2.482589e-01	1.573740e+01
1.255000e-05	-2.500000e-01	1.567269e+01
1.256000e-05	-2.500000e-01	1.565146e+01
1.257000e-05	-2.438709e-01	1.551835e+01
1.258000e-05	-1.760861e-01	1.544419e+01
1.259000e-05	-1.151059e-01	1.536990e+01
1.260000e-05	-8.348273e-02	1.525319e+01
1.261000e-05	-6.073980e-02	1.516793e+01
1.262000e-05	-4.354910e-02	1.507466e+01
1.263000e-05	-3.488885e-02	1.496893e+01
1.264000e-05	-3.174244e-02	1.491314e+01
1.265000e-05	-2.731944e-02	1.470787e+01
1.266000e-05	-2.111967e-02	1.460054e+01
1.267000e-05	-1.711367e-02	1.448574e+01
1.268000e-05	-2.052567e-02	1.436892e+01
1.269000e-05	-2.090208e-02	1.423151e+01
1.270000e-05	-1.764744e-02	1.406219e+01
1.271000e-05	-1.345677e-02	1.390629e+01
1.272000e-05	-1.342182e-02	1.372742e+01
1.273000e-05	-1.530755e-02	1.356846e+01
1.274000e-05	-1.477438e-02	1.343114e+01
1.275000e-05	-1.137517e-02	1.325371e+01
1.276000e-05	-1.075979e-02	1.307474e+01
1.277000e-05	-1.311688e-02	1.291476e+01
1.278000e-05	-1.438072e-02	1.273640e+01
1.279000e-05	-1.123392e-02	1.256735e+01
1.280000e-05	-8.835035e-03	1.237940e+01
1.281000e-05	-1.062380e-02	1.215900e+01
1.282000e-05	-1.203361e-02	1.198796e+01
1.283000e-05	-1.080502e-02	1.177855e+01
1.284000e-05	-7.860110e-03	1.153732e+01
1.285000e-05	-8.495865e-03	1.132692e+01
1.286000e-05	-9.936185e-03	1.109371e+01
1.287000e-05	-1.031555e-02	1.088474e+01
1.288000e-05	-7.805200e-03	1.071216e+01
1.289000e-05	-6.921842e-03	1.042213e+01
1.290000e-05	-8.657454e-03	1.018908e+01
1.291000e-05	-1.038964e-02	9.978473e+00
1.292000e-05	-9.012896e-03	9.717449e+00
1.293000e-05	-6.380803e-03	9.482237e+00
1.294000e-05	-6.687217e-03	9.252662e+00
1.295000e-05	-9.185118e-03	8.990479e+00
1.296000e-05	-7.873368e-03	8.775970e+00
1.297000e-05	-6.522613e-03	8.504322e+00
1.298000e-05	-5.645509e-03	8.263736e+00
1.299000e-05	-8.115713e-03	7.998584e+00
1.300000e-05	-8.410173e-03	7.715469e+00
1.301000e-05	-7.331922e-03	7.491235e+00
1.302000e-05	-5.538720e-03	7.218548e+00
1.303000e-05	-6.918991e-03	6.924842e+00
1.304000e-05	-8.049813e-03	6.649080e+00
1.305000e-05	-7.264405e-03	6.376472e+00
1.306000e-05	-5.883984e-03	6.092240e+00
1.307000e-05	-5.259434e-03	5.831655e+00
1.308000e-05	-6.993118e-03	5.557372e+00
1.309000e-05	-7.690401e-03	5.272207e+00
1.310000e-05	-6.294800e-03	4.912865e+00
1.311000e-05	-5.425345e-03	4.599102e+00
1.312000e-05	-6.520491e-03	4.336417e+00
1.313000e-05	-6.971395e-03	4.050553e+00
1.314000e-05	-6.521851e-03	3.746469e+00
1.315000e-05	-4.837693e-03	3.483764e+00
1.316000e-05	-5.069754e-03	3.197997e+00
1.317000e-05	-6.435620e-03	2.893786e+00
1.318000e-05	-6.846691e-03	2.608028e+00
1.319000e-05	-6.049241e-03	2.282315e+00
1.320000e-05	-5.461545e-03	2.018557e+00
1.321000e-05	-6.215377e-03	1.694318e+00
1.322000e-05	-6.552088e-03	1.408078e+00
1.323000e-05	-5.640361e-03	1.123337e+00
1.324000e-05	-4.026710e-03	7.579674e-01
1.325000e-05	-4.431720e-03	4.828119e-01
1.326000e-05	-4.466553e-03	1.664486e-01
1.327000e-05	-2.266827e-03	-9.716555e-02
1.328000e-05	9.221876e-03	-3.813210e-01
1.329000e-05	-9.680295e-04	-6.856142e-01
1.330000e-05	3.533292e-03	-9.688709e-01
1.331000e-05	-4.360031e-03	-1.195031e+00
1.332000e-05	1.764883e-03	-1.568271e+00
1.333000e-05	3.382367e-03	-1.782501e+00
1.334000e-05	5.630061e-02	-2.032504e+00
1.335000e-05	1.210490e-01	-2.390346e+00
1.336000e-05	-7.309806e-02	-2.791396e+00
1.337000e-05	-2.425527e-02	-3.173395e+00
1.338000e-05	-4.201081e-02	-3.443060e+00
1.339000e-05	-4.452417e-02	-3.656605e+00
1.340000e-05	-5.981457e-02	-3.897786e+00
1.341000e-05	1.700023e-01	-4.085657e+00
1.342000e-05	-1.274283e-01	-4.359326e+00
1.343000e-05	8.028921e-02	-4.705639e+00
1.344000e-05	6.721392e-02	-4.895712e+00
1.345000e-05	-1.208115e-01	-5.319664e+00
1.346000e-05	1.563034e-01	-5.579874e+00
1.347000e-05	-1.942857e-01	-5.855611e+00
1.348000e-05	1.358836e-01	-6.170800e+00
1.349000e-05	7.879304e-04	-6.383400e+00
1.350000e-05	-3.068248e-02	-6.737321e+00
1.351000e-05	1.006344e-01	-6.982955e+00
1.352000e-05	-1.603745e-01	-7.308145e+00
1.353000e-05	1.462072e-01	-7.550851e+00
1.354000e-05	-1.077677e-01	-7.854110e+00
1.355000e-05	8.271681e-02	-8.159346e+00
1.356000e-05	1.248882e-02	-8.327326e+00
1.357000e-05	-5.175231e-02	-8.645690e+00
1.358000e-05	1.194209e-01	-8.916689e+00
1.359000e-05	-1.427756e-01	-9.109296e+00
1.360000e-05	1.015506e-01	-9.381403e+00
1.361000e-05	-9.532684e-02	-9.655036e+00
1.362000e-05	1.080340e-01	-9.844709e+00
1.363000e-05	-1.811672e-02	-1.003801e+01
1.364000e-05	1.035791e-02	-1.034827e+01
1.365000e-05	8.559637e-03	-1.054037e+01
1.366000e-05	-4.510570e-02	-1.082053e+01
1.367000e-05	6.825746e-02	-1.098298e+01
1.368000e-05	-6.302457e-02	-1.123506e+01
1.369000e-05	7.051518e-02	-1.141546e+01
1.370000e-05	-4.842187e-02	-1.170722e+01
1.371000e-05	6.769939e-02	-1.192769e+01
1.372000e-05	-3.890388e-02	-1.212780e+01
1.373000e-05	2.010816e-02	-1.233667e+01
1.374000e-05	-2.025365e-02	-1.248767e+01
1.375000e-05	3.017191e-02	-1.266674e+01
1.376000e-05	1.817331e-02	-1.289414e+01
1.377000e-05	-9.118353e-04	-1.302559e+01
1.378000e-05	2.018400e-03	-1.320248e+01
1.379000e-05	-9.124824e-03	-1.338201e+01
1.380000e-05	2.344313e-02	-1.356882e+01
1.381000e-05	-6.714019e-03	-1.370778e+01
1.382000e-05	1.904573e-02	-1.387764e+01
1.383000e-05	-1.017848e-03	-1.406556e+01
1.384000e-05	3.109564e-02	-1.418090e+01
1.385000e-05	-2.988135e-03	-1.435830e+01
1.386000e-05	4.088865e-03	-1.448624e+01
1.387000e-05	-1.219252e-02	-1.458201e+01
1.388000e-05	2.142745e-02	-1.473925e+01
1.389000e-05	1.503616e-02	-1.485466e+01
1.390000e-05	1.714175e-02	-1.495943e+01
1.391000e-05	-6.451778e-04	-1.506509e+01
1.392000e-05	1.043638e-02	-1.521140e+01
1.393000e-05	1.399889e-02	-1.529367e+01
1.394000e-05	1.071140e-02	-1.537880e+01
1.395000e-05	7.058853e-03	-1.546311e+01
1.396000e-05	9.661387e-03	-1.556085e+01
1.397000e-05	2.183260e-02	-1.560141e+01
1.398000e-05	1.439528e-02	-1.569512e+01
1.399000e-05	8.026920e-03	-1.572778e+01
1.400000e-05	2.553160e-03	-1.579141e+01
1.401000e-05	1.890474e-02	-1.584361e+01
1.402000e-05	2.411800e-02	-1.591577e+01
1.403000e-05	2.154850e-02	-1.592720e+01
1.404000e-05	1.310454e-02	-1.598080e+01
1.405000e-05	1.823588e-02	-1.602098e+01
1.406000e-05	2.361553e-02	-1.599463e+01
1.407000e-05	2.403240e-02	-1.607211e+01
1.408000e-05	1.977995e-02	-1.606457e+01
1.409000e-05	2.478020e-02	-1.604466e+01
1.410000e-05	3.611344e-02	-1.606459e+01
1.411000e-05	4.076781e-02	-1.607414e+01
1.412000e-05	3.474309e-02	-1.604356e+01
1.413000e-05	3.633412e-02	-1.604308e+01
1.414000e-05	4.941873e-02	-1.603304e+01
1.415000e-05	6.730069e-02	-1.601193e+01
1.416000e-05	8.034237e-02	-1.595886e+01
1.417000e-05	9.877263e-02	-1.590475e+01
1.418000e-05	1.392947e-01	-1.584311e+01
1.419000e-05	2.041808e-01	-1.580356e+01
1.420000e-05	2.487853e-01	-1.576777e+01
1.421000e-05	2.500000e-01	-1.569519e+01
1.422000e-05	2.500000e-01	-1.563104e+01
1.423000e-05	2.428677e-01	-1.552722e+01
1.424000e-05	1.753461e-01	-1.545356e+01
1.425000e-05	1.079751e-01	-1.535840e+01
1.426000e-05	6.764079e-02	-1.529461e+01
1.427000e-05	4.876603e-02	-1.519103e+01
1.428000e-05	4.021114e-02	-1.509662e+01
1.429000e-05	2.825270e-02	-1.495095e+01
1.430000e-05	1.869793e-02	-1.489514e+01
1.431000e-05	1.449056e-02	-1.472835e+01
1.432000e-05	1.587454e-02	-1.464211e+01
1.433000e-05	1.315885e-02	-1.448537e+01
1.434000e-05	7.343511e-03	-1.438993e+01
1.435000e-05	1.902767e-03	-1.422214e+01
1.436000e-05	7.133116e-03	-1.407459e+01
1.437000e-05	1.099827e-02	-1.394682e+01
1.438000e-05	8.380611e-03	-1.375788e+01
1.439000e-05	2.647421e-03	-1.359993e+01
1.440000e-05	1.908388e-03	-1.343362e+01
1.441000e-05	5.430260e-03	-1.329256e+01
1.442000e-05	2.985990e-03	-1.311432e+01
1.443000e-05	-1.514541e-03	-1.297879e+01
1.444000e-05	-3.607923e-03	-1.274887e+01
1.445000e-05	1.531097e-03	-1.255890e+01
1.446000e-05	5.759473e-03	-1.239003e+01
1.447000e-05	2.312059e-03	-1.221103e+01
1.448000e-05	-2.521616e-03	-1.196993e+01
1.449000e-05	-2.325782e-03	-1.182003e+01
1.450000e-05	7.374689e-04	-1.157885e+01
1.451000e-05	-1.348176e-03	-1.125321e+01
1.452000e-05	-5.768732e-03	-1.109314e+01
1.453000e-05	-5.306343e-03	-1.087213e+01
1.454000e-05	-9.504676e-04	-1.070371e+01
1.455000e-05	7.090719e-04	-1.042211e+01
1.456000e-05	-3.063367e-03	-1.017905e+01
1.457000e-05	-5.532262e-03	-9.957450e+00
1.458000e-05	-2.999406e-03	-9.766921e+00
1.459000e-05	-2.072912e-03	-9.496769e+00
1.460000e-05	-4.473532e-03	-9.242687e+00
1.461000e-05	-8.242463e-03	-9.008509e+00
1.462000e-05	-7.091315e-03	-8.798000e+00
1.463000e-05	-4.078383e-03	-8.493195e+00
1.464000e-05	-3.420109e-03	-8.272232e+00
1.465000e-05	-6.308392e-03	-8.020505e+00
1.466000e-05	-7.390958e-03	-7.703848e+00
1.467000e-05	-5.129992e-03	-7.420059e+00
1.468000e-05	-3.633285e-03	-7.146401e+00
1.469000e-05	-6.784367e-03	-6.924691e+00
1.470000e-05	-9.694473e-03	-6.620559e+00
1.471000e-05	-9.118718e-03	-6.387955e+00
1.472000e-05	-4.655915e-03	-6.103263e+00
1.473000e-05	-5.954854e-03	-5.819981e+00
1.474000e-05	-8.681066e-03	-5.543895e+00
1.475000e-05	-8.753512e-03	-5.218576e+00
1.476000e-05	-5.341799e-03	-4.894241e+00
1.477000e-05	-4.876405e-03	-4.577470e+00
1.478000e-05	-7.985456e-03	-4.306845e+00
1.479000e-05	-1.091951e-02	-4.081238e+00
1.480000e-05	-1.072314e-02	-3.765327e+00
1.481000e-05	-7.512617e-03	-3.482689e+00
1.482000e-05	-8.414720e-03	-3.198525e+00
1.483000e-05	-8.724068e-03	-2.862184e+00
1.484000e-05	-9.096358e-03	-2.598528e+00
1.485000e-05	-6.221597e-03	-2.314388e+00
1.486000e-05	-6.356184e-03	-2.008499e+00
1.487000e-05	-9.502800e-03	-1.765418e+00
1.488000e-05	-1.134054e-02	-1.409205e+00
1.489000e-05	-9.991339e-03	-1.090709e+00
1.490000e-05	-8.237702e-03	-7.890511e-01
1.491000e-05	-8.534066e-03	-4.436828e-01
1.492000e-05	-8.504232e-03	-1.680237e-01
1.493000e-05	-1.931188e-03	8.515935e-02
1.494000e-05	8.326503e-03	4.304725e-01
1.495000e-05	-5.169723e-03	6.436317e-01
1.496000e-05	2.170716e-03	8.967359e-01
1.497000e-05	-7.487552e-03	1.245032e+00
1.498000e-05	2.039403e-03	1.549741e+00
1.499000e-05	-1.872182e-03	1.843481e+00
1.500000e-05	3.118510e-02	2.074084e+00
1.501000e-05	9.076692e-02	2.330294e+00
1.502000e-05	7.698542e-03	2.740267e+00
1.503000e-05	-7.928548e-02	3.032482e+00
1.504000e-05	-3.008450e-02	3.297168e+00
1.505000e-05	-3.343251e-02	3.603007e+00
1.506000e-05	-6.152562e-02	3.844556e+00
1.507000e-05	-2.093164e-02	4.034582e+00
1.508000e-05	1.330436e-01	4.371400e+00
1.509000e-05	-1.197029e-01	4.694717e+00
1.510000e-05	9.925369e-02	4.919771e+00
1.511000e-05	2.343733e-02	5.297266e+00
1.512000e-05	-1.024829e-01	5.549494e+00
1.513000e-05	7.668315e-02	5.874161e+00
1.514000e-05	-9.640394e-02	6.158344e+00
1.515000e-05	9.285627e-02	6.421926e+00
1.516000e-05	-2.938293e-02	6.716742e+00
1.517000e-05	-4.875215e-03	6.950351e+00
1.518000e-05	-8.792961e-04	7.184011e+00
1.519000e-05	-4.330487e-02	7.579849e+00
1.520000e-05	4.530696e-02	7.815477e+00
1.521000e-05	-6.387947e-02	8.128747e+00
1.522000e-05	6.122723e-02	8.379900e+00
1.523000e-05	-1.746319e-02	8.621979e+00
1.524000e-05	-3.357177e-03	8.804111e+00
1.525000e-05	1.331467e-02	9.128194e+00
1.526000e-05	-6.253433e-02	9.350349e+00
1.527000e-05	2.713290e-02	9.572880e+00
1.528000e-05	-2.210174e-02	9.844058e+00
1.529000e-05	4.585827e-02	1.009564e+01
1.530000e-05	-3.592493e-02	1.028672e+01
1.531000e-05	1.006193e-02	1.059833e+01
1.532000e-05	-2.010446e-02	1.077040e+01
1.533000e-05	-8.615802e-03	1.097087e+01
1.534000e-05	-2.944776e-03	1.116085e+01
1.535000e-05	-1.953822e-02	1.137256e+01
1.536000e-05	1.735572e-02	1.168774e+01
1.537000e-05	-1.229087e-02	1.189624e+01
1.538000e-05	7.108313e-03	1.206569e+01
1.539000e-05	-3.368816e-02	1.225514e+01
1.540000e-05	5.407674e-04	1.247569e+01
1.541000e-05	-1.119824e-02	1.264411e+01
1.542000e-05	9.415037e-03	1.283359e+01
1.543000e-05	-1.170782e-02	1.299246e+01
1.544000e-05	-1.344370e-02	1.320051e+01
1.545000e-05	-9.835379e-03	1.337840e+01
1.546000e-05	-1.116747e-02	1.350728e+01
1.547000e-05	-7.883869e-03	1.372612e+01
1.548000e-05	-1.686351e-02	1.382261e+01
1.549000e-05	1.282266e-03	1.400446e+01
1.550000e-05	-5.818224e-03	1.419000e+01
1.551000e-05	-4.953360e-03	1.431880e+01
1.552000e-05	-2.489602e-02	1.445629e+01
1.553000e-05	-1.843678e-02	1.459138e+01
1.554000e-05	-1.150710e-02	1.475737e+01
1.555000e-05	-5.552811e-03	1.483408e+01
1.556000e-05	-9.107843e-03	1.492780e+01
1.557000e-05	-1.618469e-02	1.504359e+01
1.558000e-05	-9.665744e-03	1.512930e+01
1.559000e-05	-1.450836e-02	1.526396e+01
1.560000e-05	-1.661750e-02	1.530675e+01
1.561000e-05	-2.333757e-02	1.544408e+01
1.562000e-05	-1.646959e-02	1.550869e+01
1.563000e-05	-1.029452e-02	1.554888e+01
1.564000e-05	-1.458277e-02	1.564309e+01
1.565000e-05	-2.275867e-02	1.569525e+01
1.566000e-05	-2.721198e-02	1.575938e+01
1.567000e-05	-1.969604e-02	1.581954e+01
1.568000e-05	-1.777503e-02	1.584309e+01
1.569000e-05	-2.167565e-02	1.594574e+01
1.570000e-05	-2.695785e-02	1.595893e+01
1.571000e-05	-2.499782e-02	1.599038e+01
1.572000e-05	-2.574992e-02	1.601050e+01
1.573000e-05	-3.117243e-02	1.599146e+01
1.574000e-05	-3.642303e-02	1.603306e+01
1.575000e-05	-3.746744e-02	1.602349e+01
1.576000e-05	-3.196118e-02	1.604403e+01
1.577000e-05	-3.678765e-02	1.604159e+01
1.578000e-05	-4.666771e-02	1.601303e+01
1.579000e-05	-5.691061e-02	1.599993e+01
1.580000e-05	-6.115217e-02	1.593893e+01
1.581000e-05	-7.045008e-02	1.591732e+01
1.582000e-05	-8.990003e-02	1.589532e+01
1.583000e-05	-1.181794e-01	1.589367e+01
1.584000e-05	-1.615752e-01	1.581995e+01
1.585000e-05	-2.206757e-01	1.577843e+01
1.586000e-05	-2.499629e-01	1.570582e+01
1.587000e-05	-2.500000e-01	1.564461e+01
1.588000e-05	-2.500000e-01	1.561193e+01
1.589000e-05	-2.320214e-01	1.553737e+01
1.590000e-05	-1.556081e-01	1.544407e+01
1.591000e-05	-1.052552e-01	1.531737e+01
1.592000e-05	-7.673135e-02	1.525156e+01
1.593000e-05	-5.665570e-02	1.511835e+01
1.594000e-05	-3.986658e-02	1.506159e+01
1.595000e-05	-3.247220e-02	1.496537e+01
1.596000e-05	-3.019000e-02	1.480209e+01
1.597000e-05	-2.607334e-02	1.472667e+01
1.598000e-05	-1.913126e-02	1.463006e+01
1.599000e-05	-1.895180e-02	1.444216e+01
1.600000e-05	-2.066098e-02	1.432629e+01
1.601000e-05	-2.208320e-02	1.416953e+01
1.602000e-05	-1.517264e-02	1.403161e+01
1.603000e-05	-1.300749e-02	1.386371e+01
1.604000e-05	-1.244917e-02	1.372524e+01
1.605000e-05	-1.613174e-02	1.354688e+01
1.606000e-05	-1.366252e-02	1.338000e+01
1.607000e-05	-1.170141e-02	1.320103e+01
1.608000e-05	-1.078490e-02	1.302108e+01
1.609000e-05	-1.353849e-02	1.287169e+01
1.610000e-05	-1.271293e-02	1.269416e+01
1.611000e-05	-1.067950e-02	1.253432e+01
1.612000e-05	-8.229202e-03	1.226637e+01
1.613000e-05	-1.170414e-02	1.211529e+01
1.614000e-05	-1.271560e-02	1.189535e+01
1.615000e-05	-1.129285e-02	1.171529e+01
1.616000e-05	-7.614514e-03	1.145424e+01
1.617000e-05	-7.088289e-03	1.126066e+01
1.618000e-05	-1.053235e-02	1.106118e+01
1.619000e-05	-8.850244e-03	1.083968e+01
1.620000e-05	-7.507394e-03	1.061903e+01
1.621000e-05	-6.729797e-03	1.037853e+01
1.622000e-05	-1.027515e-02	1.014585e+01
1.623000e-05	-1.055402e-02	9.884842e+00
1.624000e-05	-8.393044e-03	9.710615e+00
1.625000e-05	-5.635350e-03	9.420581e+00
1.626000e-05	-7.186798e-03	9.268478e+00
1.627000e-05	-9.161375e-03	8.935425e+00
1.628000e-05	-7.821563e-03	8.693341e+00
1.629000e-05	-5.969237e-03	8.452209e+00
1.630000e-05	-5.909271e-03	8.230559e+00
1.631000e-05	-7.157552e-03	7.934346e+00
1.632000e-05	-8.127760e-03	7.662186e+00
1.633000e-05	-7.601630e-03	7.337426e+00
1.634000e-05	-6.127884e-03	7.154345e+00
1.635000e-05	-7.332207e-03	6.861659e+00
1.636000e-05	-7.781317e-03	6.557405e+00
1.637000e-05	-6.422621e-03	6.293865e+00
1.638000e-05	-4.867709e-03	6.030657e+00
1.639000e-05	-5.381258e-03	5.745826e+00
1.640000e-05	-6.789096e-03	5.473159e+00
1.641000e-05	-7.198883e-03	5.147023e+00
1.642000e-05	-5.681760e-03	4.809179e+00
1.643000e-05	-5.696933e-03	4.545865e+00
1.644000e-05	-6.822332e-03	4.311709e+00
1.645000e-05	-6.748609e-03	3.967392e+00
1.646000e-05	-5.570176e-03	3.682686e+00
1.647000e-05	-4.841383e-03	3.388552e+00
1.648000e-05	-6.073246e-03	3.093214e+00
1.649000e-05	-7.074432e-03	2.819582e+00
1.650000e-05	-5.524862e-03	2.513319e+00
1.651000e-05	-5.379390e-03	2.208576e+00
1.652000e-05	-4.975586e-03	1.955916e+00
1.653000e-05	-6.828217e-03	1.629081e+00
1.654000e-05	-6.861475e-03	1.365340e+00
1.655000e-05	-5.369435e-03	9.876248e-01
1.656000e-05	-4.812719e-03	6.717656e-01
1.657000e-05	-5.112700e-03	4.195514e-01
1.658000e-05	-4.075386e-03	9.290421e-02
1.659000e-05	1.393303e-03	-1.809749e-01
1.660000e-05	1.070785e-02	-4.631514e-01
1.661000e-05	-4.527765e-03	-7.912734e-01
1.662000e-05	3.025136e-03	-1.002576e+00
1.663000e-05	-4.720649e-03	-1.297715e+00
1.664000e-05	2.548897e-03	-1.641075e+00
1.665000e-05	9.990530e-03	-1.844111e+00
1.666000e-05	8.078690e-02	-2.116188e+00
1.667000e-05	8.812326e-02	-2.435532e+00
1.668000e-05	-9.257970e-02	-2.907088e+00
1.669000e-05	-7.979610e-03	-3.294137e+00
1.670000e-05	-5.443079e-02	-3.497191e+00
1.671000e-05	-5.319658e-02	-3.708264e+00
1.672000e-05	-7.303046e-03	-3.980323e+00
1.673000e-05	1.455795e-01	-4.127816e+00
1.674000e-05	-1.689027e-01	-4.466558e+00
1.675000e-05	1.946731e-01	-4.737870e+00
1.676000e-05	-7.366366e-02	-5.002925e+00
1.677000e-05	-1.975030e-02	-5.453059e+00
1.678000e-05	8.290794e-02	-5.681957e+00
1.679000e-05	-1.578657e-01	-5.929846e+00
1.680000e-05	1.967188e-01	-6.252325e+00
1.681000e-05	-1.040397e-01	-6.466616e+00
1.682000e-05	7.959731e-02	-6.801430e+00
1.683000e-05	-6.488498e-03	-7.094660e+00
1.684000e-05	-8.827968e-02	-7.391880e+00
1.685000e-05	1.255043e-01	-7.613434e+00
1.686000e-05	-1.329096e-01	-7.918221e+00
1.687000e-05	1.485457e-01	-8.210975e+00
1.688000e-05	-8.472514e-02	-8.423027e+00
1.689000e-05	5.195805e-02	-8.748800e+00
1.690000e-05	3.067376e-02	-8.979825e+00
1.691000e-05	-9.084084e-02	-9.213405e+00
1.692000e-05	8.274990e-02	-9.413582e+00
1.693000e-05	-9.469690e-02	-9.726764e+00
1.694000e-05	1.404263e-01	-9.905243e+00
1.695000e-05	-7.897531e-02	-1.016030e+01
1.696000e-05	6.848053e-02	-1.040393e+01
1.697000e-05	-5.778191e-02	-1.061194e+01
1.698000e-05	2.544653e-02	-1.086556e+01
1.699000e-05	1.304095e-02	-1.105304e+01
1.700000e-05	-2.072434e-02	-1.130664e+01
1.701000e-05	4.155109e-02	-1.146722e+01
1.702000e-05	-3.064117e-02	-1.174890e+01
1.703000e-05	6.006497e-02	-1.197938e+01
1.704000e-05	-4.772506e-02	-1.219090e+01
1.705000e-05	3.152260e-02	-1.237938e+01
1.706000e-05	-3.127617e-02	-1.255137e+01
1.707000e-05	5.196333e-02	-1.275877e+01
1.708000e-05	-6.291267e-03	-1.291629e+01
1.709000e-05	1.573371e-02	-1.308722e+01
1.710000e-05	-1.636650e-02	-1.329464e+01
1.711000e-05	1.215106e-02	-1.342304e+01
1.712000e-05	7.581967e-03	-1.360146e+01
1.713000e-05	5.179975e-03	-1.378888e+01
1.714000e-05	8.351336e-03	-1.393870e+01
1.715000e-05	9.790628e-03	-1.410724e+01
1.716000e-05	2.234313e-02	-1.426409e+01
1.717000e-05	-1.636930e-03	-1.439233e+01
1.718000e-05	-1.002159e-03	-1.454527e+01
1.719000e-05	-6.026213e-03	-1.464504e+01
1.720000e-05	2.519126e-02	-1.478990e+01
1.721000e-05	1.062596e-02	-1.487712e+01
1.722000e-05	1.697657e-02	-1.500146e+01
1.723000e-05	-5.068003e-03	-1.507717e+01
1.724000e-05	1.765113e-02	-1.519051e+01
1.725000e-05	1.020861e-02	-1.526517e+01
1.726000e-05	1.089837e-02	-1.538790e+01
1.727000e-05	4.895511e-03	-1.547462e+01
1.728000e-05	1.254516e-02	-1.559032e+01
1.729000e-05	2.090158e-02	-1.562306e+01
1.730000e-05	1.054484e-02	-1.570617e+01
1.731000e-05	6.549491e-03	-1.575987e+01
1.732000e-05	6.354926e-03	-1.583248e+01
1.733000e-05	2.375333e-02	-1.581616e+01
1.734000e-05	2.364762e-02	-1.592775e+01
1.735000e-05	2.005969e-02	-1.592888e+01
1.736000e-05	1.156934e-02	-1.597253e+01
1.737000e-05	1.970608e-02	-1.604358e+01
1.738000e-05	2.205629e-02	-1.605258e+01
1.739000e-05	2.241252e-02	-1.603414e+01
1.740000e-05	1.973769e-02	-1.605419e+01
1.741000e-05	2.823249e-02	-1.606606e+01
1.742000e-05	3.919215e-02	-1.608616e+01
1.743000e-05	3.991089e-02	-1.602354e+01
1.744000e-05	3.548526e-02	-1.607364e+01
1.745000e-05	3.740783e-02	-1.605351e+01
1.746000e-05	5.384961e-02	-1.601101e+01
1.747000e-05	7.023548e-02	-1.596135e+01
1.748000e-05	8.333620e-02	-1.592827e+01
1.749000e-05	1.069053e-01	-1.590667e+01
1.750000e-05	1.545884e-01	-1.583311e+01
1.751000e-05	2.246167e-01	-1.579050e+01
1.752000e-05	2.499579e-01	-1.573635e+01
1.753000e-05	2.500000e-01	-1.565367e+01
1.754000e-05	2.500000e-01	-1.558306e+01
1.755000e-05	2.302204e-01	-1.548585e+01
1.756000e-05	1.542382e-01	-1.544109e+01
1.757000e-05	9.322974e-02	-1.536783e+01
1.758000e-05	5.957346e-02	-1.525309e+01
1.759000e-05	4.554070e-02	-1.518945e+01
1.760000e-05	3.792349e-02	-1.504267e+01
1.761000e-05	2.652052e-02	-1.496732e+01
1.762000e-05	1.705267e-02	-1.484311e+01
1.763000e-05	1.408585e-02	-1.471787e+01
1.764000e-05	1.567841e-02	-1.463156e+01
1.765000e-05	1.125368e-02	-1.451476e+01
1.766000e-05	4.773563e-03	-1.435885e+01
1.767000e-05	3.254442e-03	-1.419148e+01
1.768000e-05	9.290808e-03	-1.402996e+01
1.769000e-05	1.105395e-02	-1.392517e+01
1.770000e-05	5.263907e-03	-1.375485e+01
1.771000e-05	1.100860e-03	-1.355787e+01
1.772000e-05	2.335308e-03	-1.339261e+01
1.773000e-05	4.371889e-03	-1.322911e+01
1.774000e-05	2.702653e-03	-1.308266e+01
1.775000e-05	-2.156436e-03	-1.290482e+01
1.776000e-05	-1.470774e-03	-1.274727e+01
1.777000e-05	2.962123e-03	-1.254680e+01
1.778000e-05	3.011848e-03	-1.233685e+01
1.779000e-05	-2.175881e-03	-1.214683e+01
1.780000e-05	-3.593283e-03	-1.193782e+01
1.781000e-05	-2.296249e-04	-1.169592e+01
1.782000e-05	1.963708e-03	-1.151274e+01
1.783000e-05	-6.394946e-04	-1.121961e+01
1.784000e-05	-5.045545e-03	-1.099951e+01
1.785000e-05	-4.750248e-03	-1.084948e+01
1.786000e-05	-2.217086e-03	-1.059798e+01
1.787000e-05	-2.101574e-03	-1.035790e+01
1.788000e-05	-5.262870e-03	-1.012629e+01
1.789000e-05	-5.565057e-03	-9.914296e+00
1.790000e-05	-2.967111e-03	-9.705816e+00
1.791000e-05	-1.257193e-03	-9.431031e+00
1.792000e-05	-5.097810e-03	-9.168953e+00
1.793000e-05	-6.850147e-03	-8.948875e+00
1.794000e-05	-6.248645e-03	-8.725366e+00
1.795000e-05	-3.366871e-03	-8.459640e+00
1.796000e-05	-4.555345e-03	-8.186926e+00
1.797000e-05	-7.343670e-03	-7.965373e+00
1.798000e-05	-7.757699e-03	-7.652587e+00
1.799000e-05	-4.612324e-03	-7.406947e+00
1.800000e-05	-4.488185e-03	-7.084789e+00
1.801000e-05	-6.679934e-03	-6.840955e+00
1.802000e-05	-8.656742e-03	-6.544974e+00
1.803000e-05	-6.816696e-03	-6.334240e+00
1.804000e-05	-4.770061e-03	-6.049108e+00
1.805000e-05	-7.572511e-03	-5.756372e+00
1.806000e-05	-9.462712e-03	-5.429581e+00
1.807000e-05	-9.758224e-03	-5.155322e+00
1.808000e-05	-6.002736e-03	-4.767478e+00
1.809000e-05	-5.488739e-03	-4.534812e+00
1.810000e-05	-1.060078e-02	-4.273734e+00
1.811000e-05	-8.503627e-03	-3.979471e+00
1.812000e-05	-1.018837e-02	-3.672164e+00
1.813000e-05	-4.535265e-03	-3.428501e+00
1.814000e-05	-9.094467e-03	-3.114316e+00
1.815000e-05	-7.800038e-03	-2.807575e+00
1.816000e-05	-8.089362e-03	-2.544839e+00
1.817000e-05	-7.317154e-03	-2.250630e+00
1.818000e-05	-9.230145e-03	-1.934843e+00
1.819000e-05	-1.294759e-02	-1.670159e+00
1.820000e-05	-1.079949e-02	-1.324746e+00
1.821000e-05	-6.840298e-03	-1.007999e+00
1.822000e-05	-6.903949e-03	-7.358134e-01
1.823000e-05	-6.245548e-03	-3.595249e-01
1.824000e-05	-7.039087e-03	-8.434166e-02
1.825000e-05	1.157500e-03	1.423713e-01
1.826000e-05	3.702627e-03	4.445557e-01
1.827000e-05	-6.324647e-03	6.967623e-01
1.828000e-05	-4.667832e-04	9.844714e-01
1.829000e-05	-5.481045e-03	1.286712e+00
1.830000e-05	2.803261e-03	1.643127e+00
1.831000e-05	5.236184e-03	1.926235e+00
1.832000e-05	4.518429e-02	2.137716e+00
1.833000e-05	9.944550e-02	2.456582e+00
1.834000e-05	-4.583406e-02	2.819979e+00
1.835000e-05	-5.534543e-02	3.088715e+00
1.836000e-05	-3.932688e-02	3.383954e+00
1.837000e-05	-2.743813e-02	3.716714e+00
1.838000e-05	-8.308362e-02	3.957251e+00
1.839000e-05	3.736410e-02	4.139745e+00
1.840000e-05	9.687321e-02	4.506612e+00
1.841000e-05	-1.353443e-01	4.756846e+00
1.842000e-05	1.761849e-01	5.055005e+00
1.843000e-05	-8.679988e-02	5.421824e+00
1.844000e-05	-1.520592e-02	5.603037e+00
1.845000e-05	2.180424e-02	5.990422e+00
1.846000e-05	-6.491177e-02	6.221426e+00
1.847000e-05	9.547592e-02	6.466161e+00
1.848000e-05	-5.960123e-02	6.790350e+00
1.849000e-05	2.686182e-02	7.013678e+00
1.850000e-05	-4.010555e-02	7.370750e+00
1.851000e-05	-1.919593e-03	7.604059e+00
1.852000e-05	1.297983e-02	7.907718e+00
1.853000e-05	-4.129644e-02	8.241478e+00
1.854000e-05	6.372070e-02	8.463530e+00
1.855000e-05	-3.742170e-02	8.694712e+00
1.856000e-05	2.279480e-02	8.908718e+00
1.857000e-05	-1.953466e-02	9.147374e+00
1.858000e-05	-4.319463e-02	9.432552e+00
1.859000e-05	2.126581e-02	9.666612e+00
1.860000e-05	-1.107508e-02	9.906220e+00
1.861000e-05	3.676126e-02	1.013932e+01
1.862000e-05	-3.752342e-02	1.032932e+01
1.863000e-05	1.880942e-02	1.062050e+01
1.864000e-05	-2.824881e-02	1.085353e+01
1.865000e-05	1.488789e-03	1.100253e+01
1.866000e-05	-1.550077e-02	1.126561e+01
1.867000e-05	-1.072853e-02	1.145624e+01
1.868000e-05	1.177769e-02	1.174835e+01
1.869000e-05	-8.043083e-03	1.190722e+01
1.870000e-05	-3.923333e-04	1.212732e+01
1.871000e-05	-2.778939e-02	1.233078e+01
1.872000e-05	1.359677e-03	1.255730e+01
1.873000e-05	-5.732377e-03	1.267767e+01
1.874000e-05	6.018733e-03	1.291769e+01
1.875000e-05	-1.501605e-02	1.301564e+01
1.876000e-05	-1.342000e-02	1.325244e+01
1.877000e-05	-8.768441e-03	1.338100e+01
1.878000e-05	-1.073459e-02	1.361190e+01
1.879000e-05	-1.039856e-02	1.374980e+01
1.880000e-05	-1.298268e-02	1.386572e+01
1.881000e-05	8.581888e-04	1.405462e+01
1.882000e-05	-2.707613e-03	1.424354e+01
1.883000e-05	-1.131639e-02	1.433295e+01
1.884000e-05	-2.248308e-02	1.451577e+01
1.885000e-05	-1.861744e-02	1.465404e+01
1.886000e-05	-7.310333e-03	1.477893e+01
1.887000e-05	-9.112641e-03	1.487567e+01
1.888000e-05	-1.270328e-02	1.495938e+01
1.889000e-05	-1.573660e-02	1.506407e+01
1.890000e-05	-1.003202e-02	1.519138e+01
1.891000e-05	-1.245859e-02	1.527474e+01
1.892000e-05	-1.811729e-02	1.535932e+01
1.893000e-05	-1.945706e-02	1.544411e+01
1.894000e-05	-1.536054e-02	1.551727e+01
1.895000e-05	-9.862182e-03	1.560205e+01
1.896000e-05	-2.028810e-02	1.567364e+01
1.897000e-05	-2.445420e-02	1.573680e+01
1.898000e-05	-2.720165e-02	1.579040e+01
1.899000e-05	-1.803283e-02	1.581111e+01
1.900000e-05	-1.781928e-02	1.590669e+01
1.901000e-05	-2.312195e-02	1.595782e+01
1.902000e-05	-2.485242e-02	1.594993e+01
1.903000e-05	-2.523052e-02	1.598041e+01
1.904000e-05	-2.611985e-02	1.599204e+01
1.905000e-05	-3.571653e-02	1.600098e+01
1.906000e-05	-3.801742e-02	1.605301e+01
1.907000e-05	-3.715338e-02	1.602254e+01
1.908000e-05	-3.170798e-02	1.603003e+01
1.909000e-05	-3.935841e-02	1.601151e+01
1.910000e-05	-4.918794e-02	1.601198e+01
1.911000e-05	-5.788518e-02	1.597045e+01
1.912000e-05	-6.270257e-02	1.596890e+01
1.913000e-05	-7.448592e-02	1.592833e+01
1.914000e-05	-9.783492e-02	1.591824e+01
1.915000e-05	-1.278056e-01	1.589214e+01
1.916000e-05	-1.754267e-01	1.581001e+01
1.917000e-05	-2.354297e-01	1.576832e+01
1.918000e-05	-2.499965e-01	1.568325e+01
1.919000e-05	-2.500000e-01	1.565354e+01
1.920000e-05	-2.499650e-01	1.557986e+01
1.921000e-05	-2.133061e-01	1.550619e+01
1.922000e-05	-1.371925e-01	1.541253e+01
1.923000e-05	-9.565659e-02	1.528727e+01
1.924000e-05	-7.074588e-02	1.524200e+01
1.925000e-05	-5.298268e-02	1.515537e+01
1.926000e-05	-3.759560e-02	1.504204e+01
1.927000e-05	-3.519694e-02	1.490425e+01
1.928000e-05	-2.921610e-02	1.481956e+01
1.929000e-05	-2.449061e-02	1.464322e+01
1.930000e-05	-1.703295e-02	1.454883e+01
1.931000e-05	-1.696804e-02	1.444261e+01
1.932000e-05	-1.964437e-02	1.431524e+01
1.933000e-05	-1.927013e-02	1.413787e+01
1.934000e-05	-1.544235e-02	1.396800e+01
1.935000e-05	-1.441905e-02	1.379956e+01
1.936000e-05	-1.641154e-02	1.368364e+01
1.937000e-05	-1.771237e-02	1.351532e+01
1.938000e-05	-1.133202e-02	1.333437e+01
1.939000e-05	-1.097430e-02	1.314897e+01
1.940000e-05	-9.473546e-03	1.295950e+01
1.941000e-05	-1.333152e-02	1.283106e+01
1.942000e-05	-1.078954e-02	1.267221e+01
1.943000e-05	-1.056017e-02	1.247124e+01
1.944000e-05	-1.077516e-02	1.226322e+01
1.945000e-05	-1.351042e-02	1.210314e+01
1.946000e-05	-1.374403e-02	1.188226e+01
1.947000e-05	-9.724080e-03	1.165364e+01
1.948000e-05	-7.967170e-03	1.144993e+01
1.949000e-05	-6.654915e-03	1.118911e+01
1.950000e-05	-8.321162e-03	1.098948e+01
1.951000e-05	-7.086217e-03	1.079860e+01
1.952000e-05	-7.638906e-03	1.053583e+01
1.953000e-05	-8.798755e-03	1.032434e+01
1.954000e-05	-1.076031e-02	1.007474e+01
1.955000e-05	-1.117853e-02	9.862611e+00
1.956000e-05	-8.001569e-03	9.607958e+00
1.957000e-05	-6.224527e-03	9.385927e+00
1.958000e-05	-6.232947e-03	9.115941e+00
1.959000e-05	-7.878128e-03	8.862667e+00
1.960000e-05	-6.914667e-03	8.631107e+00
1.961000e-05	-6.180275e-03	8.388024e+00
1.962000e-05	-6.165806e-03	8.106471e+00
1.963000e-05	-7.856996e-03	7.852658e+00
1.964000e-05	-8.524641e-03	7.587928e+00
1.965000e-05	-6.543264e-03	7.273820e+00
1.966000e-05	-6.314241e-03	7.010982e+00
1.967000e-05	-6.801723e-03	6.787999e+00
1.968000e-05	-7.473965e-03	6.503688e+00
1.969000e-05	-6.073632e-03	6.199180e+00
1.970000e-05	-5.479512e-03	5.976951e+00
1.971000e-05	-6.359685e-03	5.641689e+00
1.972000e-05	-7.721176e-03	5.378503e+00
1.973000e-05	-7.145563e-03	5.019762e+00
1.974000e-05	-6.189051e-03	4.745891e+00
1.975000e-05	-6.048240e-03	4.430288e+00
1.976000e-05	-6.788592e-03	4.169501e+00
1.977000e-05	-6.332041e-03	3.842738e+00
1.978000e-05	-6.473955e-03	3.608125e+00
1.979000e-05	-5.913042e-03	3.302714e+00
1.980000e-05	-5.796646e-03	2.998580e+00
1.981000e-05	-5.600085e-03	2.726970e+00
1.982000e-05	-6.624524e-03	2.428577e+00
1.983000e-05	-5.813636e-03	2.164441e+00
1.984000e-05	-6.468212e-03	1.882710e+00
1.985000e-05	-6.002742e-03	1.546913e+00
1.986000e-05	-7.099463e-03	1.249688e+00
1.987000e-05	-5.932891e-03	8.817621e-01
1.988000e-05	-5.592144e-03	5.564988e-01
1.989000e-05	-4.513317e-03	3.143694e-01
1.990000e-05	-3.233424e-03	7.547735e-03
1.991000e-05	3.845330e-03	-2.646105e-01
1.992000e-05	7.599380e-03	-5.077671e-01
1.993000e-05	-2.573271e-03	-8.451265e-01
1.994000e-05	3.052985e-03	-1.087188e+00
1.995000e-05	-3.312766e-03	-1.403474e+00
1.996000e-05	1.711221e-03	-1.674609e+00
1.997000e-05	2.176523e-02	-1.946715e+00
1.998000e-05	1.069951e-01	-2.171895e+00
1.999000e-05	2.620386e-02	-2.561349e+00
2.000000e-05	-7.672818e-02	-3.023029e+00
2.001000e-05	-1.242339e-02	-3.328320e+00
2.002000e-05	-5.036009e-02	-3.528896e+00
2.003000e-05	-6.686240e-02	-3.771345e+00
2.004000e-05	7.267956e-02	-3.970396e+00
2.005000e-05	6.515234e-02	-4.202052e+00
2.006000e-05	-1.182829e-01	-4.531796e+00
2.007000e-05	1.851783e-01	-4.771901e+00
2.008000e-05	-1.733577e-01	-5.108767e+00
2.009000e-05	1.127276e-01	-5.516663e+00
2.010000e-05	-4.135286e-02	-5.736714e+00
2.011000e-05	-8.025300e-02	-6.026033e+00
2.012000e-05	1.610790e-01	-6.273629e+00
2.013000e-05	-1.448491e-01	-6.622379e+00
2.014000e-05	1.515221e-01	-6.867087e+00
2.015000e-05	-1.152655e-01	-7.148866e+00
2.016000e-05	2.700380e-02	-7.456566e+00
2.017000e-05	4.486829e-02	-7.729162e+00
2.018000e-05	-8.418030e-02	-8.032978e+00
2.019000e-05	1.455384e-01	-8.284061e+00
2.020000e-05	-1.338067e-01	-8.540192e+00
2.021000e-05	1.348364e-01	-8.832378e+00
2.022000e-05	-7.209251e-02	-9.044554e+00
2.023000e-05	3.065171e-04	-9.318215e+00
2.024000e-05	1.436027e-02	-9.506145e+00
2.025000e-05	-3.269451e-02	-9.777846e+00
2.026000e-05	1.110596e-01	-9.939376e+00
2.027000e-05	-8.516633e-02	-1.023411e+01
2.028000e-05	8.535483e-02	-1.049461e+01
2.029000e-05	-9.303432e-02	-1.065516e+01
2.030000e-05	7.931069e-02	-1.090626e+01
2.031000e-05	-4.368416e-02	-1.111825e+01
2.032000e-05	3.373097e-02	-1.134933e+01
2.033000e-05	-5.070981e-03	-1.153135e+01
2.034000e-05	1.231280e-02	-1.185400e+01
2.035000e-05	2.582381e-02	-1.203406e+01
2.036000e-05	-2.924334e-02	-1.221206e+01
2.037000e-05	2.147971e-02	-1.238338e+01
2.038000e-05	-1.960306e-02	-1.261260e+01
2.039000e-05	5.322088e-02	-1.281038e+01
2.040000e-05	-1.914011e-02	-1.300036e+01
2.041000e-05	2.107218e-02	-1.313980e+01
2.042000e-05	-2.537736e-02	-1.331919e+01
2.043000e-05	2.825648e-02	-1.349811e+01
2.044000e-05	-5.292840e-03	-1.366456e+01
2.045000e-05	1.746355e-02	-1.382296e+01
2.046000e-05	-1.404995e-03	-1.396931e+01
2.047000e-05	2.267924e-02	-1.412932e+01
2.048000e-05	9.527344e-03	-1.426519e+01
2.049000e-05	5.016178e-04	-1.442341e+01
2.050000e-05	-7.592364e-03	-1.455832e+01
2.051000e-05	5.428855e-03	-1.466619e+01
2.052000e-05	2.277971e-02	-1.484048e+01
2.053000e-05	1.275162e-02	-1.492877e+01
2.054000e-05	1.171523e-02	-1.500205e+01
2.055000e-05	-1.804525e-03	-1.508830e+01
2.056000e-05	1.882962e-02	-1.522208e+01
2.057000e-05	7.238127e-03	-1.530630e+01
2.058000e-05	1.169650e-02	-1.542046e+01
2.059000e-05	2.622246e-03	-1.549572e+01
2.060000e-05	2.079480e-02	-1.558043e+01
2.061000e-05	1.753525e-02	-1.565414e+01
2.062000e-05	1.237631e-02	-1.569577e+01
2.063000e-05	2.810517e-03	-1.574093e+01
2.064000e-05	1.193808e-02	-1.583301e+01
2.065000e-05	2.338947e-02	-1.584572e+01
2.066000e-05	2.293908e-02	-1.591825e+01
2.067000e-05	1.647762e-02	-1.594843e+01
2.068000e-05	1.319531e-02	-1.599146e+01
2.069000e-05	2.186725e-02	-1.601306e+01
2.070000e-05	2.330267e-02	-1.607303e+01
2.071000e-05	2.065381e-02	-1.606416e+01
2.072000e-05	2.139381e-02	-1.609414e+01
2.073000e-05	3.258184e-02	-1.609419e+01
2.074000e-05	4.059168e-02	-1.607366e+01
2.075000e-05	3.787903e-02	-1.603419e+01
2.076000e-05	3.368116e-02	-1.602408e+01
2.077000e-05	4.163595e-02	-1.604148e+01
2.078000e-05	5.854700e-02	-1.603098e+01
2.079000e-05	7.389284e-02	-1.595930e+01
2.080000e-05	8.850026e-02	-1.592882e+01
2.081000e-05	1.180874e-01	-1.587517e+01
2.082000e-05	1.729523e-01	-1.582253e+01
2.083000e-05	2.382126e-01	-1.578050e+01
2.084000e-05	2.499970e-01	-1.570569e+01
2.085000e-05	2.500000e-01	-1.566311e+01
2.086000e-05	2.499350e-01	-1.557891e+01
2.087000e-05	2.105061e-01	-1.552429e+01
2.088000e-05	1.350713e-01	-1.542203e+01
2.089000e-05	8.002277e-02	-1.530577e+01
2.090000e-05	5.539110e-02	-1.525253e+01
2.091000e-05	4.405392e-02	-1.513787e+01
2.092000e-05	3.629731e-02	-1.499461e+01
2.093000e-05	2.446487e-02	-1.491784e+01
2.094000e-05	1.616865e-02	-1.481051e+01
2.095000e-05	1.719587e-02	-1.469622e+01
2.096000e-05	1.401347e-02	-1.461790e+01
2.097000e-05	8.397732e-03	-1.447211e+01
2.098000e-05	8.129255e-04	-1.429627e+01
2.099000e-05	4.575546e-03	-1.415737e+01
2.100000e-05	1.093680e-02	-1.401046e+01
2.101000e-05	1.040286e-02	-1.386149e+01
2.102000e-05	4.690322e-03	-1.369419e+01
2.103000e-05	2.409298e-03	-1.354627e+01
2.104000e-05	4.335710e-03	-1.336987e+01
2.105000e-05	5.029943e-03	-1.322048e+01
2.106000e-05	-7.442525e-04	-1.306208e+01
2.107000e-05	-3.538963e-03	-1.286269e+01
2.108000e-05	-4.306533e-04	-1.265419e+01
2.109000e-05	4.132456e-03	-1.247416e+01
2.110000e-05	2.005159e-03	-1.226269e+01
2.111000e-05	-3.712675e-03	-1.212427e+01
2.112000e-05	-1.426267e-03	-1.192574e+01
2.113000e-05	1.336942e-03	-1.172169e+01
2.114000e-05	2.442492e-03	-1.143008e+01
2.115000e-05	-3.870074e-03	-1.118950e+01
2.116000e-05	-5.762771e-03	-1.097735e+01
2.117000e-05	-4.084907e-03	-1.075637e+01
2.118000e-05	-1.479131e-03	-1.055782e+01
2.119000e-05	-3.766926e-03	-1.031531e+01
2.120000e-05	-5.993513e-03	-1.008161e+01
2.121000e-05	-3.798932e-03	-9.841232e+00
2.122000e-05	-1.641297e-03	-9.631054e+00
2.123000e-05	-1.761376e-03	-9.337547e+00
2.124000e-05	-6.555267e-03	-9.134863e+00
2.125000e-05	-7.354415e-03	-8.854716e+00
2.126000e-05	-5.623085e-03	-8.661579e+00
2.127000e-05	-3.961145e-03	-8.429574e+00
2.128000e-05	-7.121737e-03	-8.155896e+00
2.129000e-05	-7.346473e-03	-7.864210e+00
2.130000e-05	-5.543122e-03	-7.607426e+00
2.131000e-05	-3.827038e-03	-7.313767e+00
2.132000e-05	-5.454806e-03	-6.988062e+00
2.133000e-05	-7.341937e-03	-6.746395e+00
2.134000e-05	-7.644622e-03	-6.494213e+00
2.135000e-05	-5.870430e-03	-6.199004e+00
2.136000e-05	-6.099991e-03	-5.934872e+00
2.137000e-05	-8.797048e-03	-5.611635e+00
2.138000e-05	-9.978437e-03	-5.326325e+00
2.139000e-05	-6.631042e-03	-5.050709e+00
2.140000e-05	-5.984524e-03	-4.681263e+00
2.141000e-05	-6.343870e-03	-4.431128e+00
2.142000e-05	-9.994629e-03	-4.188531e+00
2.143000e-05	-8.149460e-03	-3.914262e+00
2.144000e-05	-8.003385e-03	-3.629053e+00
2.145000e-05	-7.572619e-03	-3.335870e+00
2.146000e-05	-1.035237e-02	-3.070135e+00
2.147000e-05	-8.905789e-03	-2.734394e+00
2.148000e-05	-7.653062e-03	-2.421234e+00
2.149000e-05	-5.818294e-03	-2.165316e+00
2.150000e-05	-8.942625e-03	-1.851208e+00
2.151000e-05	-1.045191e-02	-1.586971e+00
2.152000e-05	-9.542359e-03	-1.209080e+00
2.153000e-05	-7.890551e-03	-9.143646e-01
2.154000e-05	-8.490961e-03	-6.301528e-01
2.155000e-05	-8.306013e-03	-3.347908e-01
2.156000e-05	-6.414773e-03	-6.153013e-02
2.157000e-05	6.669008e-03	2.756794e-01
2.158000e-05	-1.711780e-04	5.097911e-01
2.159000e-05	-7.672708e-04	7.703448e-01
2.160000e-05	-3.979504e-03	1.104690e+00
2.161000e-05	-1.967726e-03	1.398970e+00
2.162000e-05	-3.514918e-04	1.757266e+00
2.163000e-05	1.256361e-02	1.928294e+00
2.164000e-05	6.100938e-02	2.210454e+00
2.165000e-05	8.333746e-02	2.529420e+00
2.166000e-05	-8.225520e-02	2.897263e+00
2.167000e-05	-3.442465e-02	3.200451e+00
2.168000e-05	-4.272811e-02	3.506344e+00
2.169000e-05	-2.954417e-02	3.758871e+00
2.170000e-05	-8.229181e-02	3.970475e+00
2.171000e-05	9.468518e-02	4.263533e+00
2.172000e-05	1.673484e-02	4.560449e+00
2.173000e-05	-8.141820e-02	4.791528e+00
2.174000e-05	1.658052e-01	5.137870e+00
2.175000e-05	-1.515416e-01	5.472759e+00
2.176000e-05	6.106808e-02	5.698292e+00
2.177000e-05	-4.606405e-02	6.054456e+00
2.178000e-05	5.602255e-04	6.255237e+00
2.179000e-05	5.968539e-02	6.550952e+00
2.180000e-05	-5.727489e-02	6.865614e+00
2.181000e-05	3.779450e-02	7.095315e+00
2.182000e-05	-6.562357e-02	7.413507e+00
2.183000e-05	3.621497e-02	7.708192e+00
2.184000e-05	-2.917721e-02	8.032531e+00
2.185000e-05	2.019213e-03	8.303609e+00
2.186000e-05	3.916979e-02	8.499245e+00
2.187000e-05	-3.914839e-02	8.747295e+00
2.188000e-05	3.639895e-02	9.022424e+00
2.189000e-05	-4.981769e-02	9.244585e+00
2.190000e-05	-9.660087e-03	9.463588e+00
2.191000e-05	-1.616538e-04	9.740826e+00
2.192000e-05	1.517698e-02	9.969428e+00
2.193000e-05	8.468122e-03	1.018203e+01
2.194000e-05	-2.436461e-02	1.042298e+01
2.195000e-05	8.544530e-03	1.065467e+01
2.196000e-05	-2.645121e-02	1.088621e+01
2.197000e-05	7.525408e-03	1.107412e+01
2.198000e-05	-2.117486e-02	1.132822e+01
2.199000e-05	4.147927e-03	1.156933e+01
2.200000e-05	-1.452304e-03	1.177996e+01
2.201000e-05	2.624699e-04	1.199993e+01
2.202000e-05	-1.598186e-02	1.215943e+01
2.203000e-05	-1.658479e-02	1.236993e+01
2.204000e-05	-4.662384e-03	1.257048e+01
2.205000e-05	2.847532e-03	1.275830e+01
2.206000e-05	-1.467567e-05	1.295872e+01
2.207000e-05	-1.446928e-02	1.309777e+01
2.208000e-05	-1.402594e-02	1.328522e+01
2.209000e-05	-1.149776e-02	1.346364e+01
2.210000e-05	-9.225154e-03	1.367299e+01
2.211000e-05	-1.422502e-02	1.375195e+01
2.212000e-05	-6.240269e-03	1.393880e+01
2.213000e-05	-2.182849e-03	1.414674e+01
2.214000e-05	3.753700e-05	1.425422e+01
2.215000e-05	-1.811015e-02	1.442056e+01
2.216000e-05	-1.880725e-02	1.457887e+01
2.217000e-05	-1.770650e-02	1.467571e+01
2.218000e-05	-4.349466e-03	1.479201e+01
2.219000e-05	-1.069335e-02	1.490717e+01
2.220000e-05	-1.449664e-02	1.503043e+01
2.221000e-05	-1.494820e-02	1.507511e+01
2.222000e-05	-1.314407e-02	1.520040e+01
2.223000e-05	-1.156972e-02	1.525674e+01
2.224000e-05	-1.951444e-02	1.535941e+01
2.225000e-05	-1.544045e-02	1.546367e+01
2.226000e-05	-1.516226e-02	1.555890e+01
2.227000e-05	-1.047930e-02	1.561211e+01
2.228000e-05	-2.288208e-02	1.569511e+01
2.229000e-05	-2.682495e-02	1.575838e+01
2.230000e-05	-2.630989e-02	1.578891e+01
2.231000e-05	-1.731157e-02	1.586511e+01
2.232000e-05	-1.767216e-02	1.589732e+01
2.233000e-05	-2.411522e-02	1.593885e+01
2.234000e-05	-2.355331e-02	1.592941e+01
2.235000e-05	-2.627715e-02	1.602043e+01
2.236000e-05	-2.718874e-02	1.600201e+01
2.237000e-05	-3.719703e-02	1.604153e+01
2.238000e-05	-3.745648e-02	1.606364e+01
2.239000e-05	-3.609152e-02	1.604351e+01
2.240000e-05	-3.386120e-02	1.604246e+01
2.241000e-05	-4.081137e-02	1.601151e+01
2.242000e-05	-5.284042e-02	1.600151e+01
2.243000e-05	-5.891315e-02	1.594943e+01
2.244000e-05	-6.640538e-02	1.596891e+01
2.245000e-05	-7.827651e-02	1.591732e+01
2.246000e-05	-1.048751e-01	1.587574e+01
2.247000e-05	-1.386299e-01	1.587264e+01
2.248000e-05	-1.928916e-01	1.578951e+01
2.249000e-05	-2.451017e-01	1.575595e+01
2.250000e-05	-2.500000e-01	1.569322e+01
2.251000e-05	-2.500000e-01	1.560108e+01
2.252000e-05	-2.487387e-01	1.556840e+01
2.253000e-05	-1.895754e-01	1.549469e+01
2.254000e-05	-1.224402e-01	1.538998e+01
2.255000e-05	-8.749211e-02	1.529614e+01
2.256000e-05	-6.436458e-02	1.517951e+01
2.257000e-05	-4.713595e-02	1.510420e+01
2.258000e-05	-3.652576e-02	1.499843e+01
2.259000e-05	-3.281273e-02	1.483471e+01
2.260000e-05	-2.771596e-02	1.476798e+01
2.261000e-05	-2.261747e-02	1.464159e+01
2.262000e-05	-1.744648e-02	1.453680e+01
2.263000e-05	-1.928343e-02	1.440151e+01
2.264000e-05	-2.024638e-02	1.426264e+01
2.265000e-05	-1.876265e-02	1.410521e+01
2.266000e-05	-1.396868e-02	1.393737e+01
2.267000e-05	-1.233962e-02	1.377940e+01
2.268000e-05	-1.335747e-02	1.362911e+01
2.269000e-05	-1.637396e-02	1.345411e+01
2.270000e-05	-1.251582e-02	1.332424e+01
2.271000e-05	-1.235279e-02	1.309532e+01
2.272000e-05	-1.191428e-02	1.294687e+01
2.273000e-05	-1.287382e-02	1.276840e+01
2.274000e-05	-1.147860e-02	1.260948e+01
2.275000e-05	-8.015603e-03	1.242013e+01
2.276000e-05	-9.684952e-03	1.221055e+01
2.277000e-05	-1.130024e-02	1.203009e+01
2.278000e-05	-1.272084e-02	1.177908e+01
2.279000e-05	-9.317537e-03	1.157950e+01
2.280000e-05	-8.603818e-03	1.137903e+01
2.281000e-05	-9.136193e-03	1.113633e+01
2.282000e-05	-1.008059e-02	1.090735e+01
2.283000e-05	-7.994213e-03	1.072537e+01
2.284000e-05	-6.257095e-03	1.049271e+01
2.285000e-05	-7.004536e-03	1.022014e+01
2.286000e-05	-9.600258e-03	1.003916e+01
2.287000e-05	-9.380071e-03	9.759375e+00
2.288000e-05	-6.397277e-03	9.527325e+00
2.289000e-05	-7.552119e-03	9.263792e+00
2.290000e-05	-8.903290e-03	9.042636e+00
2.291000e-05	-9.131193e-03	8.798009e+00
2.292000e-05	-6.524516e-03	8.567925e+00
2.293000e-05	-5.078563e-03	8.275946e+00
2.294000e-05	-6.132854e-03	8.082609e+00
2.295000e-05	-7.376476e-03	7.807554e+00
2.296000e-05	-7.255120e-03	7.504825e+00
2.297000e-05	-6.005459e-03	7.239508e+00
2.298000e-05	-6.921166e-03	6.997525e+00
2.299000e-05	-7.709073e-03	6.694239e+00
2.300000e-05	-8.257709e-03	6.439060e+00
2.301000e-05	-5.452698e-03	6.146854e+00
2.302000e-05	-5.123663e-03	5.844813e+00
2.303000e-05	-6.161581e-03	5.608476e+00
2.304000e-05	-7.585635e-03	5.323843e+00
2.305000e-05	-6.751766e-03	4.955997e+00
2.306000e-05	-5.589667e-03	4.660660e+00
2.307000e-05	-5.612051e-03	4.429479e+00
2.308000e-05	-7.048653e-03	4.112711e+00
2.309000e-05	-6.826541e-03	3.808505e+00
2.310000e-05	-5.858143e-03	3.565395e+00
2.311000e-05	-5.472838e-03	3.238103e+00
2.312000e-05	-6.436156e-03	2.946468e+00
2.313000e-05	-7.627378e-03	2.691187e+00
2.314000e-05	-6.003511e-03	2.355946e+00
2.315000e-05	-5.064129e-03	2.091285e+00
2.316000e-05	-5.116542e-03	1.799022e+00
2.317000e-05	-6.526943e-03	1.441739e+00
2.318000e-05	-6.721460e-03	1.145971e+00
2.319000e-05	-5.336893e-03	8.086051e-01
2.320000e-05	-5.062224e-03	5.443181e-01
2.321000e-05	-5.156161e-03	2.707065e-01
2.322000e-05	-2.521047e-03	-4.555910e-02
2.323000e-05	8.120446e-03	-3.587959e-01
2.324000e-05	3.360779e-03	-6.040764e-01
2.325000e-05	1.382395e-03	-9.066919e-01
2.326000e-05	-1.678100e-03	-1.168867e+00
2.327000e-05	3.203139e-04	-1.505788e+00
2.328000e-05	1.807471e-03	-1.740293e+00
2.329000e-05	4.013277e-02	-1.969422e+00
2.330000e-05	1.234043e-01	-2.255158e+00
2.331000e-05	-4.140120e-02	-2.686660e+00
2.332000e-05	-4.390087e-02	-3.118842e+00
2.333000e-05	-2.948172e-02	-3.409901e+00
2.334000e-05	-4.399503e-02	-3.601478e+00
2.335000e-05	-7.268275e-02	-3.863131e+00
2.336000e-05	1.478390e-01	-4.013005e+00
2.337000e-05	-5.721345e-02	-4.316663e+00
2.338000e-05	-2.443350e-02	-4.653579e+00
2.339000e-05	1.266730e-01	-4.864458e+00
2.340000e-05	-1.638264e-01	-5.237034e+00
2.341000e-05	1.748622e-01	-5.567767e+00
2.342000e-05	-1.595226e-01	-5.823476e+00
2.343000e-05	5.499419e-02	-6.108238e+00
2.344000e-05	8.241245e-02	-6.338820e+00
2.345000e-05	-9.821032e-02	-6.685611e+00
2.346000e-05	1.481593e-01	-6.970297e+00
2.347000e-05	-1.718626e-01	-7.255456e+00
2.348000e-05	1.192552e-01	-7.547848e+00
2.349000e-05	-5.684375e-02	-7.822976e+00
2.350000e-05	1.604134e-02	-8.116766e+00
2.351000e-05	7.802388e-02	-8.317720e+00
2.352000e-05	-1.070633e-01	-8.602481e+00
2.353000e-05	1.499091e-01	-8.866086e+00
2.354000e-05	-1.384796e-01	-9.107221e+00
2.355000e-05	7.946872e-02	-9.379801e+00
2.356000e-05	-6.300263e-02	-9.539279e+00
2.357000e-05	5.836221e-02	-9.843554e+00
2.358000e-05	3.658408e-02	-1.004261e+01
2.359000e-05	-3.668046e-02	-1.028574e+01
2.360000e-05	5.074717e-02	-1.051869e+01
2.361000e-05	-8.029368e-02	-1.077030e+01
2.362000e-05	8.850097e-02	-1.097035e+01
2.363000e-05	-7.084209e-02	-1.118248e+01
2.364000e-05	6.870498e-02	-1.141348e+01
2.365000e-05	-4.184495e-02	-1.167401e+01
2.366000e-05	5.413898e-02	-1.187462e+01
2.367000e-05	-1.766435e-02	-1.210514e+01
2.368000e-05	2.401361e-03	-1.228620e+01
2.369000e-05	-4.602798e-03	-1.246464e+01
2.370000e-05	8.411426e-03	-1.262522e+01
2.371000e-05	3.555873e-02	-1.288506e+01
2.372000e-05	-1.196082e-02	-1.301199e+01
2.373000e-05	1.342603e-02	-1.323193e+01
2.374000e-05	-2.081260e-02	-1.336140e+01
2.375000e-05	3.037642e-02	-1.354927e+01
2.376000e-05	-1.088834e-02	-1.371570e+01
2.377000e-05	2.166012e-02	-1.389509e+01
2.378000e-05	-4.983930e-03	-1.402190e+01
2.379000e-05	3.009151e-02	-1.417135e+01
2.380000e-05	-6.442501e-04	-1.432727e+01
2.381000e-05	4.026097e-03	-1.448561e+01
2.382000e-05	-1.222787e-02	-1.457036e+01
2.383000e-05	1.635038e-02	-1.472572e+01
2.384000e-05	1.654473e-02	-1.485304e+01
2.385000e-05	1.598482e-02	-1.491883e+01
2.386000e-05	5.299463e-03	-1.503361e+01
2.387000e-05	5.420618e-03	-1.517950e+01
2.388000e-05	1.660027e-02	-1.525404e+01
2.389000e-05	8.313834e-03	-1.532878e+01
2.390000e-05	9.527330e-03	-1.546308e+01
2.391000e-05	5.598372e-03	-1.550575e+01
2.392000e-05	2.154445e-02	-1.564246e+01
2.393000e-05	1.484885e-02	-1.565411e+01
2.394000e-05	1.041602e-02	-1.573874e+01
2.395000e-05	2.969013e-03	-1.576095e+01
2.396000e-05	1.752095e-02	-1.584707e+01
2.397000e-05	2.447636e-02	-1.586525e+01
2.398000e-05	2.247969e-02	-1.590930e+01
2.399000e-05	1.445109e-02	-1.598140e+01
2.400000e-05	1.498621e-02	-1.600198e+01
2.401000e-05	2.224506e-02	-1.603301e+01
2.402000e-05	2.329979e-02	-1.601306e+01
2.403000e-05	2.019073e-02	-1.609411e+01
2.404000e-05	2.432158e-02	-1.604409e+01
2.405000e-05	3.517731e-02	-1.603422e+01
2.406000e-05	4.144530e-02	-1.609564e+01
2.407000e-05	3.656416e-02	-1.608361e+01
2.408000e-05	3.437867e-02	-1.601353e+01
2.409000e-05	4.566983e-02	-1.605156e+01
2.410000e-05	6.354113e-02	-1.597998e+01
2.411000e-05	7.835057e-02	-1.596086e+01
2.412000e-05	9.450308e-02	-1.592782e+01
2.413000e-05	1.303030e-01	-1.583361e+01
2.414000e-05	1.919145e-01	-1.580156e+01
2.415000e-05	2.464591e-01	-1.574938e+01
2.416000e-05	2.499992e-01	-1.571717e+01
2.417000e-05	2.500000e-01	-1.564306e+01
2.418000e-05	2.485041e-01	-1.558788e+01
2.419000e-05	1.888676e-01	-1.546329e+01
2.420000e-05	1.182318e-01	-1.542946e+01
2.421000e-05	7.153582e-02	-1.532421e+01
2.422000e-05	5.163375e-02	-1.518148e+01
2.423000e-05	4.047397e-02	-1.512777e+01
2.424000e-05	3.159772e-02	-1.499158e+01
2.425000e-05	1.984000e-02	-1.492619e+01
2.426000e-05	1.551828e-02	-1.478048e+01
2.427000e-05	1.655609e-02	-1.466317e+01
2.428000e-05	1.489239e-02	-1.454525e+01
2.429000e-05	6.830039e-03	-1.441008e+01
2.430000e-05	3.792834e-03	-1.424474e+01
2.431000e-05	5.773217e-03	-1.414617e+01
2.432000e-05	8.831024e-03	-1.396745e+01
2.433000e-05	8.752414e-03	-1.380043e+01
2.434000e-05	1.381682e-03	-1.364269e+01
2.435000e-05	3.450115e-03	-1.347514e+01
2.436000e-05	5.913367e-03	-1.332624e+01
2.437000e-05	4.399544e-03	-1.313585e+01
2.438000e-05	1.522873e-03	-1.297843e+01
2.439000e-05	-3.686456e-03	-1.281903e+01
2.440000e-05	1.633961e-03	-1.258156e+01
2.441000e-05	8.586579e-04	-1.246064e+01
2.442000e-05	1.057700e-03	-1.223166e+01
2.443000e-05	-4.145144e-03	-1.206206e+01
2.444000e-05	-7.696050e-04	-1.179106e+01
2.445000e-05	1.675147e-03	-1.159053e+01
2.446000e-05	1.791528e-03	-1.137638e+01
2.447000e-05	-3.913475e-03	-1.107324e+01
2.448000e-05	-5.777604e-03	-1.090524e+01
2.449000e-05	-2.876779e-03	-1.069487e+01
2.450000e-05	-1.953617e-03	-1.046429e+01
2.451000e-05	-3.323029e-03	-1.020266e+01
2.452000e-05	-6.456290e-03	-9.999507e+00
2.453000e-05	-3.984334e-03	-9.799931e+00
2.454000e-05	-1.795471e-03	-9.578476e+00
2.455000e-05	-3.197915e-03	-9.293716e+00
2.456000e-05	-6.519143e-03	-9.112061e+00
2.457000e-05	-6.023640e-03	-8.830629e+00
2.458000e-05	-3.083228e-03	-8.568425e+00
2.459000e-05	-2.432098e-03	-8.306338e+00
2.460000e-05	-6.849832e-03	-8.042684e+00
2.461000e-05	-8.192761e-03	-7.787502e+00
2.462000e-05	-7.235889e-03	-7.483818e+00
2.463000e-05	-3.545565e-03	-7.169504e+00
2.464000e-05	-6.541695e-03	-6.936324e+00
2.465000e-05	-7.495492e-03	-6.664762e+00
2.466000e-05	-8.022805e-03	-6.429084e+00
2.467000e-05	-3.891766e-03	-6.134796e+00
2.468000e-05	-5.861706e-03	-5.863233e+00
2.469000e-05	-8.828186e-03	-5.588000e+00
2.470000e-05	-9.755512e-03	-5.271712e+00
2.471000e-05	-6.191065e-03	-4.956974e+00
2.472000e-05	-5.704526e-03	-4.609059e+00
2.473000e-05	-8.577715e-03	-4.328500e+00
2.474000e-05	-1.005034e-02	-4.143845e+00
2.475000e-05	-8.353649e-03	-3.840078e+00
2.476000e-05	-5.548870e-03	-3.526291e+00
2.477000e-05	-6.410604e-03	-3.273663e+00
2.478000e-05	-9.448416e-03	-2.955873e+00
2.479000e-05	-8.771877e-03	-2.623185e+00
2.480000e-05	-6.579863e-03	-2.397949e+00
2.481000e-05	-7.842913e-03	-2.060655e+00
2.482000e-05	-1.091749e-02	-1.756924e+00
2.483000e-05	-1.153273e-02	-1.502838e+00
2.484000e-05	-8.441115e-03	-1.146367e+00
2.485000e-05	-7.091454e-03	-8.527328e-01
2.486000e-05	-6.869837e-03	-5.143595e-01
2.487000e-05	-8.488990e-03	-2.821580e-01
2.488000e-05	-4.200835e-03	8.258152e-02
2.489000e-05	8.436111e-03	3.683436e-01
2.490000e-05	-4.268510e-03	5.614252e-01
2.491000e-05	1.605816e-03	8.456090e-01
2.492000e-05	-7.311231e-03	1.232424e+00
2.493000e-05	1.329323e-03	1.462108e+00
2.494000e-05	-2.067138e-03	1.839453e+00
2.495000e-05	2.232617e-02	2.031499e+00
2.496000e-05	7.931225e-02	2.284663e+00
2.497000e-05	4.417415e-02	2.654085e+00
2.498000e-05	-8.866753e-02	2.990424e+00
2.499000e-05	-2.803982e-02	3.287183e+00
2.500000e-05	-3.958686e-02	3.550399e+00
2.501000e-05	-4.684811e-02	3.832454e+00
2.502000e-05	-5.353425e-02	4.010526e+00
2.503000e-05	1.316694e-01	4.327791e+00
2.504000e-05	-7.590871e-02	4.655560e+00
2.505000e-05	2.359977e-02	4.865015e+00
2.506000e-05	9.856813e-02	5.263559e+00
2.507000e-05	-1.444147e-01	5.536792e+00
2.508000e-05	8.989624e-02	5.801976e+00
2.509000e-05	-9.183805e-02	6.136717e+00
2.510000e-05	6.619710e-02	6.338845e+00
2.511000e-05	4.172310e-03	6.676084e+00
2.512000e-05	-3.058787e-02	6.937818e+00
2.513000e-05	2.046966e-02	7.201429e+00
2.514000e-05	-6.258306e-02	7.524766e+00
2.515000e-05	5.360066e-02	7.742827e+00
2.516000e-05	-5.976757e-02	8.125689e+00
2.517000e-05	4.381434e-02	8.328222e+00
2.518000e-05	4.375951e-03	8.550848e+00
2.519000e-05	-2.105871e-02	8.771454e+00
2.520000e-05	2.983439e-02	9.055110e+00
2.521000e-05	-6.486494e-02	9.307267e+00
2.522000e-05	1.859961e-02	9.529750e+00
2.523000e-05	-1.905741e-02	9.791552e+00
2.524000e-05	3.980022e-02	1.005271e+01
2.525000e-05	-2.231584e-02	1.023314e+01
2.526000e-05	-1.392307e-03	1.050621e+01
2.527000e-05	-9.296178e-03	1.072880e+01
2.528000e-05	-1.623041e-02	1.092835e+01
2.529000e-05	2.877913e-03	1.111930e+01
2.530000e-05	-2.355985e-02	1.139150e+01
2.531000e-05	1.381244e-02	1.163211e+01
2.532000e-05	-9.736839e-03	1.184251e+01
2.533000e-05	8.275579e-03	1.205358e+01
2.534000e-05	-2.980868e-02	1.223418e+01
2.535000e-05	-5.035821e-03	1.246311e+01
2.536000e-05	-1.013217e-02	1.263250e+01
2.537000e-05	9.763288e-03	1.281148e+01
2.538000e-05	-8.401285e-03	1.298290e+01
2.539000e-05	-1.238335e-02	1.316085e+01
2.540000e-05	-1.080953e-02	1.332930e+01
2.541000e-05	-1.018180e-02	1.348514e+01
2.542000e-05	-8.021994e-03	1.367511e+01
2.543000e-05	-1.863422e-02	1.382293e+01
2.544000e-05	-2.187230e-03	1.398936e+01
2.545000e-05	-5.459103e-03	1.418886e+01
2.546000e-05	-1.878578e-04	1.427672e+01
2.547000e-05	-2.195806e-02	1.446406e+01
2.548000e-05	-1.779670e-02	1.459245e+01
2.549000e-05	-1.503147e-02	1.469782e+01
2.550000e-05	-4.494502e-03	1.483206e+01
2.551000e-05	-1.160875e-02	1.493679e+01
2.552000e-05	-1.604014e-02	1.501003e+01
2.553000e-05	-1.202519e-02	1.512735e+01
2.554000e-05	-1.434414e-02	1.522156e+01
2.555000e-05	-1.178349e-02	1.532682e+01
2.556000e-05	-2.286939e-02	1.538196e+01
2.557000e-05	-1.561424e-02	1.548624e+01
2.558000e-05	-1.372883e-02	1.554990e+01
2.559000e-05	-1.274815e-02	1.563258e+01
2.560000e-05	-2.254615e-02	1.572617e+01
2.561000e-05	-2.659776e-02	1.573780e+01
2.562000e-05	-2.248189e-02	1.580046e+01
2.563000e-05	-1.840828e-02	1.584261e+01
2.564000e-05	-1.905399e-02	1.591477e+01
2.565000e-05	-2.551232e-02	1.590740e+01
2.566000e-05	-2.485176e-02	1.595948e+01
2.567000e-05	-2.730643e-02	1.600843e+01
2.568000e-05	-2.906137e-02	1.602158e+01
2.569000e-05	-3.732581e-02	1.605101e+01
2.570000e-05	-3.698816e-02	1.605109e+01
2.571000e-05	-3.433851e-02	1.603009e+01
2.572000e-05	-3.653796e-02	1.603104e+01
2.573000e-05	-4.383193e-02	1.604101e+01
2.574000e-05	-5.601756e-02	1.600046e+01
2.575000e-05	-6.091212e-02	1.596998e+01
2.576000e-05	-6.936738e-02	1.594790e+01
2.577000e-05	-8.516427e-02	1.593739e+01
2.578000e-05	-1.117985e-01	1.590419e+01
2.579000e-05	-1.517772e-01	1.581101e+01
2.580000e-05	-2.097123e-01	1.575948e+01
2.581000e-05	-2.494204e-01	1.571624e+01
2.582000e-05	-2.500000e-01	1.565464e+01
2.583000e-05	-2.500000e-01	1.561056e+01
2.584000e-05	-2.416342e-01	1.555730e+01
2.585000e-05	-1.708395e-01	1.547177e+01
2.586000e-05	-1.106893e-01	1.535840e+01
2.587000e-05	-7.965619e-02	1.525321e+01
2.588000e-05	-5.874098e-02	1.516942e+01
2.589000e-05	-4.347651e-02	1.507314e+01
2.590000e-05	-3.491731e-02	1.493837e+01
2.591000e-05	-3.042358e-02	1.488266e+01
2.592000e-05	-2.634096e-02	1.475685e+01
2.593000e-05	-2.193138e-02	1.462105e+01
2.594000e-05	-1.873276e-02	1.447629e+01
2.595000e-05	-1.953900e-02	1.435795e+01
2.596000e-05	-1.975272e-02	1.425106e+01
2.597000e-05	-1.713574e-02	1.405261e+01
2.598000e-05	-1.353201e-02	1.386632e+01
2.599000e-05	-1.295125e-02	1.373635e+01
2.600000e-05	-1.292598e-02	1.357745e+01
2.601000e-05	-1.456190e-02	1.341861e+01
2.602000e-05	-1.298559e-02	1.326169e+01
2.603000e-05	-1.216718e-02	1.307217e+01
2.604000e-05	-1.253619e-02	1.290434e+01
2.605000e-05	-1.264547e-02	1.272482e+01
2.606000e-05	-1.102162e-02	1.253687e+01
2.607000e-05	-8.595899e-03	1.235688e+01
2.608000e-05	-1.020282e-02	1.217738e+01
2.609000e-05	-1.070318e-02	1.195945e+01
2.610000e-05	-1.096983e-02	1.175797e+01
2.611000e-05	-8.710061e-03	1.150425e+01
2.612000e-05	-8.576310e-03	1.130384e+01
2.613000e-05	-8.605242e-03	1.110274e+01
2.614000e-05	-9.038228e-03	1.086416e+01
2.615000e-05	-7.567992e-03	1.069019e+01
2.616000e-05	-6.704808e-03	1.043906e+01
2.617000e-05	-8.046943e-03	1.019995e+01
2.618000e-05	-8.780396e-03	9.956975e+00
2.619000e-05	-8.530009e-03	9.704342e+00
2.620000e-05	-5.935709e-03	9.482691e+00
2.621000e-05	-7.360956e-03	9.202183e+00
2.622000e-05	-7.850668e-03	8.987000e+00
2.623000e-05	-8.712848e-03	8.725891e+00
2.624000e-05	-7.334453e-03	8.502287e+00
2.625000e-05	-6.355405e-03	8.231134e+00
2.626000e-05	-6.369944e-03	7.947953e+00
2.627000e-05	-6.884476e-03	7.773368e+00
2.628000e-05	-6.841544e-03	7.411083e+00
2.629000e-05	-6.400660e-03	7.165541e+00
2.630000e-05	-6.586061e-03	6.903790e+00
2.631000e-05	-7.542739e-03	6.629103e+00
2.632000e-05	-7.042069e-03	6.335415e+00
2.633000e-05	-6.568457e-03	6.081737e+00
2.634000e-05	-5.453483e-03	5.817530e+00
2.635000e-05	-6.576912e-03	5.543415e+00
2.636000e-05	-6.700640e-03	5.212130e+00
2.637000e-05	-6.494651e-03	4.890708e+00
2.638000e-05	-6.163258e-03	4.589474e+00
2.639000e-05	-6.237046e-03	4.324916e+00
2.640000e-05	-6.499201e-03	4.008598e+00
2.641000e-05	-6.607018e-03	3.744368e+00
2.642000e-05	-6.364427e-03	3.463185e+00
2.643000e-05	-5.884202e-03	3.146866e+00
2.644000e-05	-6.057134e-03	2.912239e+00
2.645000e-05	-6.620051e-03	2.567026e+00
2.646000e-05	-5.891918e-03	2.271232e+00
2.647000e-05	-5.851843e-03	1.978074e+00
2.648000e-05	-5.850592e-03	1.692791e+00
2.649000e-05	-6.453290e-03	1.376444e+00
2.650000e-05	-5.785732e-03	1.081260e+00
2.651000e-05	-4.938983e-03	7.338658e-01
2.652000e-05	-5.043127e-03	4.321591e-01
2.653000e-05	-3.846063e-03	1.359674e-01
2.654000e-05	-6.057069e-04	-1.492885e-01
2.655000e-05	1.020075e-02	-4.019763e-01
2.656000e-05	-2.786066e-03	-6.881632e-01
2.657000e-05	4.095861e-03	-9.914249e-01
2.658000e-05	-4.851163e-03	-1.287561e+00
2.659000e-05	2.140203e-03	-1.599850e+00
2.660000e-05	4.717238e-03	-1.821453e+00
2.661000e-05	6.439512e-02	-2.032532e+00
2.662000e-05	1.150706e-01	-2.340926e+00
2.663000e-05	-8.479774e-02	-2.824976e+00
2.664000e-05	-1.743185e-02	-3.234425e+00
2.665000e-05	-4.894357e-02	-3.464034e+00
2.666000e-05	-4.490653e-02	-3.646634e+00
2.667000e-05	-4.776519e-02	-3.916266e+00
2.668000e-05	1.731539e-01	-4.107188e+00
2.669000e-05	-1.539099e-01	-4.382898e+00
2.670000e-05	1.312898e-01	-4.705713e+00
2.671000e-05	2.811821e-02	-4.927766e+00
2.672000e-05	-9.524194e-02	-5.370718e+00
2.673000e-05	1.364579e-01	-5.601429e+00
2.674000e-05	-1.921319e-01	-5.896140e+00
2.675000e-05	1.691984e-01	-6.141426e+00
2.676000e-05	-3.875169e-02	-6.432584e+00
2.677000e-05	6.757412e-03	-6.757374e+00
2.678000e-05	6.845518e-02	-7.043028e+00
2.679000e-05	-1.428529e-01	-7.320349e+00
2.680000e-05	1.486888e-01	-7.590424e+00
2.681000e-05	-1.251292e-01	-7.874640e+00
2.682000e-05	1.124440e-01	-8.199899e+00
2.683000e-05	-2.310682e-02	-8.350400e+00
2.684000e-05	-1.766073e-02	-8.687162e+00
2.685000e-05	9.523116e-02	-8.938221e+00
2.686000e-05	-1.346899e-01	-9.160375e+00
2.687000e-05	1.028764e-01	-9.402953e+00
2.688000e-05	-1.036374e-01	-9.644561e+00
2.689000e-05	1.274007e-01	-9.874692e+00
2.690000e-05	-4.325924e-02	-1.007727e+01
2.691000e-05	3.310369e-02	-1.038086e+01
2.692000e-05	-1.442776e-02	-1.063180e+01
2.693000e-05	-2.277098e-02	-1.082499e+01
2.694000e-05	5.193318e-02	-1.098356e+01
2.695000e-05	-5.336116e-02	-1.129459e+01
2.696000e-05	6.261221e-02	-1.146808e+01
2.697000e-05	-4.577527e-02	-1.174819e+01
2.698000e-05	7.003021e-02	-1.192982e+01
2.699000e-05	-4.365335e-02	-1.214730e+01
2.700000e-05	2.795639e-02	-1.231675e+01
2.701000e-05	-2.808383e-02	-1.252822e+01
2.702000e-05	4.046615e-02	-1.269780e+01
2.703000e-05	6.026985e-03	-1.288609e+01
2.704000e-05	3.975287e-03	-1.310262e+01
2.705000e-05	-6.884450e-03	-1.327611e+01
2.706000e-05	-1.077801e-03	-1.337299e+01
2.707000e-05	1.879544e-02	-1.357890e+01
2.708000e-05	-2.179010e-03	-1.373985e+01
2.709000e-05	1.603293e-02	-1.390675e+01
2.710000e-05	1.790778e-03	-1.409714e+01
2.711000e-05	2.793006e-02	-1.422308e+01
2.712000e-05	-4.533987e-03	-1.437140e+01
2.713000e-05	1.792519e-03	-1.448574e+01
2.714000e-05	-1.134841e-02	-1.463196e+01
2.715000e-05	2.311386e-02	-1.474988e+01
2.716000e-05	1.353883e-02	-1.485414e+01
2.717000e-05	1.745228e-02	-1.496185e+01
2.718000e-05	-1.946869e-03	-1.504564e+01
2.719000e-05	1.272566e-02	-1.518148e+01
2.720000e-05	1.223535e-02	-1.528524e+01
2.721000e-05	1.060404e-02	-1.537788e+01
2.722000e-05	4.239503e-03	-1.544604e+01
2.723000e-05	1.008597e-02	-1.555983e+01
2.724000e-05	2.154577e-02	-1.562103e+01
2.725000e-05	1.417529e-02	-1.569667e+01
2.726000e-05	6.799871e-03	-1.574929e+01
2.727000e-05	4.100416e-03	-1.580153e+01
2.728000e-05	2.095437e-02	-1.584469e+01
2.729000e-05	2.455359e-02	-1.592669e+01
2.730000e-05	2.165822e-02	-1.593737e+01
2.731000e-05	1.231480e-02	-1.597045e+01
2.732000e-05	1.769763e-02	-1.601203e+01
2.733000e-05	2.307279e-02	-1.604398e+01
2.734000e-05	2.274332e-02	-1.603359e+01
2.735000e-05	1.963560e-02	-1.608466e+01
2.736000e-05	2.584514e-02	-1.605524e+01
2.737000e-05	3.745932e-02	-1.609512e+01
2.738000e-05	4.065390e-02	-1.604563e+01
2.739000e-05	3.480532e-02	-1.605406e+01
2.740000e-05	3.686841e-02	-1.603263e+01
2.741000e-05	5.104213e-02	-1.601346e+01
2.742000e-05	6.838199e-02	-1.597150e+01
2.743000e-05	8.189972e-02	-1.594935e+01
2.744000e-05	1.004109e-01	-1.589572e+01
2.745000e-05	1.444042e-01	-1.587409e+01
2.746000e-05	2.113895e-01	-1.581051e+01
2.747000e-05	2.491572e-01	-1.571777e+01
2.748000e-05	2.500000e-01	-1.570669e+01
2.749000e-05	2.500000e-01	-1.564059e+01
2.750000e-05	2.403213e-01	-1.553635e+01
2.751000e-05	1.675131e-01	-1.546374e+01
2.752000e-05	1.031273e-01	-1.533792e+01
2.753000e-05	6.412045e-02	-1.528369e+01
2.754000e-05	4.717399e-02	-1.516996e+01
2.755000e-05	3.888582e-02	-1.509577e+01
2.756000e-05	2.825249e-02	-1.498795e+01
2.757000e-05	1.755038e-02	-1.487466e+01
2.758000e-05	1.403965e-02	-1.479693e+01
2.759000e-05	1.631010e-02	-1.463156e+01
2.760000e-05	1.257852e-02	-1.450479e+01
2.761000e-05	6.351549e-03	-1.438895e+01
2.762000e-05	3.868812e-03	-1.422151e+01
2.763000e-05	7.824052e-03	-1.408376e+01
2.764000e-05	9.786163e-03	-1.390530e+01
2.765000e-05	5.655734e-03	-1.373893e+01
2.766000e-05	3.403896e-04	-1.361995e+01
2.767000e-05	1.443846e-03	-1.343308e+01
2.768000e-05	4.550704e-03	-1.328259e+01
2.769000e-05	4.045796e-03	-1.310529e+01
2.770000e-05	-2.625644e-04	-1.289529e+01
2.771000e-05	-8.994079e-04	-1.274588e+01
2.772000e-05	2.449304e-03	-1.255790e+01
2.773000e-05	2.818731e-03	-1.239898e+01
2.774000e-05	-6.168166e-04	-1.218800e+01
2.775000e-05	-4.685306e-03	-1.197048e+01
2.776000e-05	-1.504623e-03	-1.174788e+01
2.777000e-05	1.504107e-03	-1.157687e+01
2.778000e-05	-4.000051e-04	-1.128472e+01
2.779000e-05	-4.520360e-03	-1.105104e+01
2.780000e-05	-4.442522e-03	-1.086204e+01
2.781000e-05	-1.731463e-03	-1.063161e+01
2.782000e-05	-9.246940e-04	-1.044053e+01
2.783000e-05	-4.295339e-03	-1.014792e+01
2.784000e-05	-5.900648e-03	-9.967394e+00
2.785000e-05	-3.440495e-03	-9.727294e+00
2.786000e-05	-2.298108e-03	-9.503217e+00
2.787000e-05	-3.960002e-03	-9.231580e+00
2.788000e-05	-7.163043e-03	-8.988004e+00
2.789000e-05	-5.901278e-03	-8.787925e+00
2.790000e-05	-3.560082e-03	-8.533717e+00
2.791000e-05	-3.551313e-03	-8.241632e+00
2.792000e-05	-6.480643e-03	-8.010080e+00
2.793000e-05	-7.783565e-03	-7.733747e+00
2.794000e-05	-5.743671e-03	-7.420580e+00
2.795000e-05	-4.279859e-03	-7.175396e+00
2.796000e-05	-7.039333e-03	-6.864259e+00
2.797000e-05	-7.704280e-03	-6.640031e+00
2.798000e-05	-8.531023e-03	-6.366895e+00
2.799000e-05	-4.330313e-03	-6.042109e+00
2.800000e-05	-6.696898e-03	-5.786079e+00
2.801000e-05	-8.348123e-03	-5.492788e+00
2.802000e-05	-8.213157e-03	-5.197482e+00
2.803000e-05	-5.389762e-03	-4.883761e+00
2.804000e-05	-5.277170e-03	-4.554870e+00
2.805000e-05	-8.046340e-03	-4.323367e+00
2.806000e-05	-9.628220e-03	-4.041080e+00
2.807000e-05	-9.249960e-03	-3.724845e+00
2.808000e-05	-6.421605e-03	-3.463233e+00
2.809000e-05	-8.247059e-03	-3.157447e+00
2.810000e-05	-7.705279e-03	-2.830609e+00
2.811000e-05	-8.243594e-03	-2.576425e+00
2.812000e-05	-5.510948e-03	-2.293243e+00
2.813000e-05	-7.499961e-03	-1.987051e+00
2.814000e-05	-1.000942e-02	-1.703168e+00
2.815000e-05	-1.176321e-02	-1.398080e+00
2.816000e-05	-8.336318e-03	-1.022135e+00
2.817000e-05	-7.858524e-03	-7.569736e-01
2.818000e-05	-7.314401e-03	-4.106828e-01
2.819000e-05	-7.313449e-03	-1.659948e-01
2.820000e-05	-8.121470e-04	1.361845e-01
2.821000e-05	8.220423e-03	4.220225e-01
2.822000e-05	-5.985762e-03	6.760529e-01
2.823000e-05	2.318838e-03	9.382871e-01
2.824000e-05	-7.554255e-03	1.243108e+00
2.825000e-05	2.312101e-03	1.550470e+00
2.826000e-05	-6.292828e-05	1.865057e+00
2.827000e-05	3.544815e-02	2.076183e+00
2.828000e-05	9.620965e-02	2.360844e+00
2.829000e-05	-1.025562e-02	2.739346e+00
2.830000e-05	-7.172923e-02	3.064581e+00
2.831000e-05	-3.284571e-02	3.361768e+00
2.832000e-05	-3.127527e-02	3.653577e+00
2.833000e-05	-7.028799e-02	3.875710e+00
2.834000e-05	-3.413029e-03	4.095182e+00
2.835000e-05	1.275607e-01	4.443027e+00
2.836000e-05	-1.352310e-01	4.715737e+00
2.837000e-05	1.337806e-01	4.940325e+00
2.838000e-05	-1.635568e-02	5.359344e+00
2.839000e-05	-7.501123e-02	5.560923e+00
2.840000e-05	6.320404e-02	5.866195e+00
2.841000e-05	-9.170612e-02	6.147846e+00
2.842000e-05	1.004717e-01	6.393058e+00
2.843000e-05	-4.302736e-02	6.717274e+00
2.844000e-05	7.237003e-03	6.973478e+00
2.845000e-05	-1.528909e-02	7.258186e+00
2.846000e-05	-3.191296e-02	7.569876e+00
2.847000e-05	3.807743e-02	7.876636e+00
2.848000e-05	-6.106712e-02	8.160371e+00
2.849000e-05	6.490162e-02	8.392928e+00
2.850000e-05	-2.635402e-02	8.614029e+00
2.851000e-05	8.162906e-03	8.876536e+00
2.852000e-05	4.283040e-03	9.117790e+00
2.853000e-05	-5.753700e-02	9.350448e+00
2.854000e-05	2.669940e-02	9.583506e+00
2.855000e-05	-2.113155e-02	9.865133e+00
2.856000e-05	4.314645e-02	1.010779e+01
2.857000e-05	-4.050876e-02	1.029825e+01
2.858000e-05	1.316090e-02	1.053837e+01
2.859000e-05	-2.219027e-02	1.082041e+01
2.860000e-05	-1.911562e-03	1.099143e+01
2.861000e-05	-4.773607e-03	1.120353e+01
2.862000e-05	-1.658276e-02	1.146413e+01
2.863000e-05	1.501850e-02	1.167664e+01
2.864000e-05	-1.269363e-02	1.188727e+01
2.865000e-05	3.633998e-03	1.209774e+01
2.866000e-05	-3.450551e-02	1.226616e+01
2.867000e-05	1.508683e-03	1.248472e+01
2.868000e-05	-8.349001e-03	1.264558e+01
2.869000e-05	1.069616e-02	1.288464e+01
2.870000e-05	-1.260910e-02	1.301309e+01
2.871000e-05	-1.342305e-02	1.320198e+01
2.872000e-05	-1.013738e-02	1.338945e+01
2.873000e-05	-1.092326e-02	1.356940e+01
2.874000e-05	-9.782181e-03	1.371670e+01
2.875000e-05	-1.656158e-02	1.385514e+01
2.876000e-05	4.869595e-04	1.407198e+01
2.877000e-05	-4.275948e-03	1.425151e+01
2.878000e-05	-6.564762e-03	1.433982e+01
2.879000e-05	-2.372686e-02	1.448562e+01
2.880000e-05	-1.754345e-02	1.463003e+01
2.881000e-05	-9.647955e-03	1.474885e+01
2.882000e-05	-5.407020e-03	1.484356e+01
2.883000e-05	-1.163413e-02	1.495882e+01
2.884000e-05	-1.804636e-02	1.503317e+01
2.885000e-05	-1.253325e-02	1.516832e+01
2.886000e-05	-1.465865e-02	1.527511e+01
2.887000e-05	-1.555558e-02	1.533875e+01
2.888000e-05	-2.068660e-02	1.542271e+01
2.889000e-05	-1.470445e-02	1.551480e+01
2.890000e-05	-9.907495e-03	1.558038e+01
2.891000e-05	-1.722406e-02	1.565366e+01
2.892000e-05	-2.477913e-02	1.574577e+01
2.893000e-05	-2.848133e-02	1.575835e+01
2.894000e-05	-1.978670e-02	1.584209e+01
2.895000e-05	-1.812855e-02	1.590612e+01
2.896000e-05	-2.171075e-02	1.590385e+01
2.897000e-05	-2.710390e-02	1.594990e+01
2.898000e-05	-2.529769e-02	1.597738e+01
2.899000e-05	-2.639908e-02	1.601050e+01
2.900000e-05	-3.309518e-02	1.601143e+01
2.901000e-05	-3.753060e-02	1.603153e+01
2.902000e-05	-3.813436e-02	1.605253e+01
2.903000e-05	-3.194856e-02	1.602101e+01
2.904000e-05	-3.818426e-02	1.605203e+01
2.905000e-05	-4.839967e-02	1.599296e+01
2.906000e-05	-5.892099e-02	1.598946e+01
2.907000e-05	-6.098648e-02	1.596895e+01
2.908000e-05	-7.049071e-02	1.594737e+01
2.909000e-05	-9.195878e-02	1.593575e+01
2.910000e-05	-1.228331e-01	1.587464e+01
2.911000e-05	-1.667769e-01	1.583301e+01
2.912000e-05	-2.260960e-01	1.578040e+01
2.913000e-05	-2.499840e-01	1.572527e+01
2.914000e-05	-2.500000e-01	1.564106e+01
2.915000e-05	-2.499999e-01	1.560103e+01
2.916000e-05	-2.261819e-01	1.547830e+01
2.917000e-05	-1.491096e-01	1.544116e+01
2.918000e-05	-1.025170e-01	1.532842e+01
2.919000e-05	-7.536731e-02	1.523158e+01
2.920000e-05	-5.536788e-02	1.511685e+01
2.921000e-05	-3.806569e-02	1.506058e+01
2.922000e-05	-3.279506e-02	1.494535e+01
2.923000e-05	-2.973536e-02	1.481158e+01
2.924000e-05	-2.626602e-02	1.472577e+01
2.925000e-05	-1.964862e-02	1.456802e+01
2.926000e-05	-1.823890e-02	1.447199e+01
2.927000e-05	-2.065305e-02	1.432625e+01
2.928000e-05	-2.078052e-02	1.418798e+01
2.929000e-05	-1.516909e-02	1.402153e+01
2.930000e-05	-1.167681e-02	1.381414e+01
2.931000e-05	-1.344882e-02	1.369329e+01
2.932000e-05	-1.668058e-02	1.353739e+01
2.933000e-05	-1.447546e-02	1.337855e+01
2.934000e-05	-1.137232e-02	1.323998e+01
2.935000e-05	-1.119204e-02	1.300111e+01
2.936000e-05	-1.351806e-02	1.286211e+01
2.937000e-05	-1.153554e-02	1.265424e+01
2.938000e-05	-1.226669e-02	1.249422e+01
2.939000e-05	-6.516191e-03	1.231487e+01
2.940000e-05	-1.379226e-02	1.209572e+01
2.941000e-05	-9.845116e-03	1.195587e+01
2.942000e-05	-9.185534e-03	1.172434e+01
2.943000e-05	-7.555325e-03	1.145156e+01
2.944000e-05	-6.049292e-03	1.126956e+01
2.945000e-05	-1.349621e-02	1.099966e+01
2.946000e-05	-9.676728e-03	1.080163e+01
2.947000e-05	-9.387478e-03	1.055703e+01
2.948000e-05	-6.310965e-03	1.036740e+01
2.949000e-05	-7.466299e-03	1.012679e+01
2.950000e-05	-8.379139e-03	9.863213e+00
2.951000e-05	-6.527143e-03	9.660166e+00
2.952000e-05	-6.077015e-03	9.378929e+00
2.953000e-05	-7.885995e-03	9.176976e+00
2.954000e-05	-1.128728e-02	8.905247e+00
2.955000e-05	-8.533956e-03	8.702185e+00
2.956000e-05	-6.238617e-03	8.451628e+00
2.957000e-05	-4.198917e-03	8.188054e+00
2.958000e-05	-7.198745e-03	7.913842e+00
2.959000e-05	-7.105840e-03	7.681059e+00
2.960000e-05	-6.742763e-03	7.344879e+00
2.961000e-05	-5.525669e-03	7.082711e+00
2.962000e-05	-7.633697e-03	6.810083e+00
2.963000e-05	-8.909978e-03	6.534347e+00
2.964000e-05	-6.614794e-03	6.291712e+00
2.965000e-05	-5.474290e-03	6.020554e+00
2.966000e-05	-4.910222e-03	5.694367e+00
2.967000e-05	-8.143575e-03	5.421707e+00
2.968000e-05	-7.026223e-03	5.113891e+00
2.969000e-05	-5.369235e-03	4.790049e+00
2.970000e-05	-4.539262e-03	4.514291e+00
2.971000e-05	-6.587005e-03	4.261083e+00
2.972000e-05	-8.009332e-03	3.925941e+00
2.973000e-05	-6.335265e-03	3.680678e+00
2.974000e-05	-5.673919e-03	3.364476e+00
2.975000e-05	-6.104020e-03	3.071710e+00
2.976000e-05	-7.190459e-03	2.788073e+00
2.977000e-05	-6.702915e-03	2.482262e+00
2.978000e-05	-5.237741e-03	2.147575e+00
2.979000e-05	-5.318362e-03	1.936292e+00
2.980000e-05	-7.351317e-03	1.639074e+00
2.981000e-05	-7.067466e-03	1.292810e+00
2.982000e-05	-5.159874e-03	9.564934e-01
2.983000e-05	-4.266431e-03	6.131830e-01
2.984000e-05	-4.726926e-03	3.565236e-01
2.985000e-05	-4.669584e-03	4.218051e-02
2.986000e-05	1.492239e-03	-2.630302e-01
2.987000e-05	1.056263e-02	-4.636352e-01
2.988000e-05	-3.199644e-03	-7.699236e-01
2.989000e-05	3.674820e-03	-1.053577e+00
2.990000e-05	-4.966246e-03	-1.329846e+00
2.991000e-05	3.166278e-03	-1.634004e+00
2.992000e-05	1.390782e-02	-1.866136e+00
2.993000e-05	8.992528e-02	-2.118219e+00
2.994000e-05	6.978512e-02	-2.526163e+00
2.995000e-05	-8.998698e-02	-2.961267e+00
2.996000e-05	-6.912997e-03	-3.306537e+00
2.997000e-05	-5.369413e-02	-3.496641e+00
2.998000e-05	-5.727864e-02	-3.729746e+00
2.999000e-05	1.564935e-02	-3.948321e+00
3.000000e-05	1.233024e-01	-4.170821e+00
3.001000e-05	-1.588799e-01	-4.495159e+00
3.002000e-05	2.073074e-01	-4.756795e+00
3.003000e-05	-1.190366e-01	-5.063538e+00
3.004000e-05	3.083706e-02	-5.483024e+00
3.005000e-05	4.742515e-02	-5.645555e+00
3.006000e-05	-1.376396e-01	-5.971450e+00
3.007000e-05	1.921182e-01	-6.242604e+00
3.008000e-05	-1.287051e-01	-6.517771e+00
3.009000e-05	1.125788e-01	-6.795079e+00
3.010000e-05	-4.746529e-02	-7.055116e+00
3.011000e-05	-5.016448e-02	-7.412508e+00
3.012000e-05	1.041832e-01	-7.644613e+00
3.013000e-05	-1.254010e-01	-7.981280e+00
3.014000e-05	1.561290e-01	-8.242454e+00
3.015000e-05	-1.089882e-01	-8.455564e+00
3.016000e-05	8.622564e-02	-8.779805e+00
3.017000e-05	-4.637619e-03	-9.011402e+00
3.018000e-05	-6.193549e-02	-9.254960e+00
3.019000e-05	6.339362e-02	-9.444662e+00
3.020000e-05	-8.061669e-02	-9.707742e+00
3.021000e-05	1.376661e-01	-9.948372e+00
3.022000e-05	-8.766620e-02	-1.018938e+01
3.023000e-05	8.164250e-02	-1.044249e+01
3.024000e-05	-7.460117e-02	-1.064356e+01
3.025000e-05	4.703902e-02	-1.088654e+01
3.026000e-05	-9.393876e-03	-1.108606e+01
3.027000e-05	-3.218658e-03	-1.132730e+01
3.028000e-05	2.563148e-02	-1.150772e+01
3.029000e-05	-1.775618e-02	-1.175346e+01
3.030000e-05	5.093182e-02	-1.203240e+01
3.031000e-05	-4.433629e-02	-1.220196e+01
3.032000e-05	3.057087e-02	-1.233995e+01
3.033000e-05	-2.955359e-02	-1.256098e+01
3.034000e-05	5.509702e-02	-1.276995e+01
3.035000e-05	-1.362430e-02	-1.296030e+01
3.036000e-05	1.833267e-02	-1.310877e+01
3.037000e-05	-2.168684e-02	-1.329819e+01
3.038000e-05	1.836218e-02	-1.347454e+01
3.039000e-05	2.104927e-03	-1.361201e+01
3.040000e-05	1.026420e-02	-1.384044e+01
3.041000e-05	4.735219e-03	-1.391993e+01
3.042000e-05	1.442121e-02	-1.408782e+01
3.043000e-05	1.803230e-02	-1.427309e+01
3.044000e-05	-1.605048e-03	-1.442246e+01
3.045000e-05	-2.669482e-03	-1.452782e+01
3.046000e-05	-2.700519e-03	-1.463353e+01
3.047000e-05	2.428964e-02	-1.479938e+01
3.048000e-05	1.193274e-02	-1.491672e+01
3.049000e-05	1.481657e-02	-1.497246e+01
3.050000e-05	-3.740823e-03	-1.511817e+01
3.051000e-05	1.673069e-02	-1.524248e+01
3.052000e-05	7.360964e-03	-1.527622e+01
3.053000e-05	1.235719e-02	-1.539991e+01
3.054000e-05	3.445743e-03	-1.550761e+01
3.055000e-05	1.776508e-02	-1.557045e+01
3.056000e-05	1.857328e-02	-1.563206e+01
3.057000e-05	1.287166e-02	-1.568767e+01
3.058000e-05	4.450210e-03	-1.575945e+01
3.059000e-05	7.181048e-03	-1.580293e+01
3.060000e-05	2.315182e-02	-1.587422e+01
3.061000e-05	2.335753e-02	-1.589722e+01
3.062000e-05	1.936716e-02	-1.595935e+01
3.063000e-05	1.259562e-02	-1.600200e+01
3.064000e-05	2.064832e-02	-1.604211e+01
3.065000e-05	2.313383e-02	-1.604359e+01
3.066000e-05	2.211106e-02	-1.606319e+01
3.067000e-05	2.093285e-02	-1.606469e+01
3.068000e-05	2.985079e-02	-1.607364e+01
3.069000e-05	3.906242e-02	-1.608419e+01
3.070000e-05	3.917280e-02	-1.605472e+01
3.071000e-05	3.492989e-02	-1.601308e+01
3.072000e-05	3.954880e-02	-1.606256e+01
3.073000e-05	5.483839e-02	-1.604145e+01
3.074000e-05	7.198911e-02	-1.595991e+01
3.075000e-05	8.654302e-02	-1.592877e+01
3.076000e-05	1.120702e-01	-1.587729e+01
3.077000e-05	1.605189e-01	-1.581256e+01
3.078000e-05	2.294087e-01	-1.577048e+01
3.079000e-05	2.499942e-01	-1.573782e+01
3.080000e-05	2.500000e-01	-1.568611e+01
3.081000e-05	2.500000e-01	-1.561153e+01
3.082000e-05	2.249069e-01	-1.550732e+01
3.083000e-05	1.473536e-01	-1.546256e+01
3.084000e-05	9.074300e-02	-1.532628e+01
3.085000e-05	5.768797e-02	-1.523258e+01
3.086000e-05	4.516993e-02	-1.514795e+01
3.087000e-05	3.577982e-02	-1.506566e+01
3.088000e-05	2.491360e-02	-1.494688e+01
3.089000e-05	1.665652e-02	-1.487208e+01
3.090000e-05	1.441609e-02	-1.470679e+01
3.091000e-05	1.564306e-02	-1.462046e+01
3.092000e-05	1.027786e-02	-1.448412e+01
3.093000e-05	4.786504e-03	-1.431725e+01
3.094000e-05	3.568317e-03	-1.418950e+01
3.095000e-05	8.795517e-03	-1.403208e+01
3.096000e-05	9.459736e-03	-1.385269e+01
3.097000e-05	4.496522e-03	-1.369479e+01
3.098000e-05	7.572545e-04	-1.355732e+01
3.099000e-05	2.510807e-03	-1.338003e+01
3.100000e-05	4.943588e-03	-1.325001e+01
3.101000e-05	2.496649e-03	-1.307269e+01
3.102000e-05	-1.985163e-03	-1.286416e+01
3.103000e-05	-5.481455e-04	-1.270522e+01
3.104000e-05	2.712454e-03	-1.249622e+01
3.105000e-05	1.787300e-03	-1.230785e+01
3.106000e-05	-3.052718e-03	-1.215832e+01
3.107000e-05	-3.621872e-03	-1.191632e+01
3.108000e-05	-5.210665e-04	-1.172627e+01
3.109000e-05	1.852262e-03	-1.145107e+01
3.110000e-05	-1.508307e-03	-1.121051e+01
3.111000e-05	-4.962384e-03	-1.098956e+01
3.112000e-05	-4.805990e-03	-1.077053e+01
3.113000e-05	-1.493271e-03	-1.056745e+01
3.114000e-05	-3.212103e-03	-1.036745e+01
3.115000e-05	-5.588949e-03	-1.011472e+01
3.116000e-05	-6.000510e-03	-9.882712e+00
3.117000e-05	-2.750608e-03	-9.691713e+00
3.118000e-05	-2.119905e-03	-9.410053e+00
3.119000e-05	-5.048509e-03	-9.186953e+00
3.120000e-05	-6.654524e-03	-8.906319e+00
3.121000e-05	-4.878121e-03	-8.704338e+00
3.122000e-05	-3.172810e-03	-8.419008e+00
3.123000e-05	-4.873587e-03	-8.188450e+00
3.124000e-05	-7.778728e-03	-7.935321e+00
3.125000e-05	-7.220438e-03	-7.620028e+00
3.126000e-05	-4.411300e-03	-7.376400e+00
3.127000e-05	-4.662997e-03	-7.082692e+00
3.128000e-05	-6.137994e-03	-6.839456e+00
3.129000e-05	-7.137607e-03	-6.565376e+00
3.130000e-05	-6.449226e-03	-6.263154e+00
3.131000e-05	-5.747322e-03	-5.968975e+00
3.132000e-05	-8.078751e-03	-5.674267e+00
3.133000e-05	-9.310226e-03	-5.410001e+00
3.134000e-05	-7.265108e-03	-5.083761e+00
3.135000e-05	-4.885248e-03	-4.765397e+00
3.136000e-05	-5.793987e-03	-4.463239e+00
3.137000e-05	-8.538083e-03	-4.220133e+00
3.138000e-05	-8.137632e-03	-3.987924e+00
3.139000e-05	-8.537401e-03	-3.671634e+00
3.140000e-05	-7.020318e-03	-3.376499e+00
3.141000e-05	-9.556400e-03	-3.102734e+00
3.142000e-05	-8.000906e-03	-2.778000e+00
3.143000e-05	-7.921180e-03	-2.465238e+00
3.144000e-05	-5.719913e-03	-2.247476e+00
3.145000e-05	-8.710880e-03	-1.924263e+00
3.146000e-05	-1.013636e-02	-1.670597e+00
3.147000e-05	-1.067279e-02	-1.293788e+00
3.148000e-05	-8.464984e-03	-9.689961e-01
3.149000e-05	-7.442457e-03	-6.921907e-01
3.150000e-05	-7.100291e-03	-3.779723e-01
3.151000e-05	-6.202332e-03	-1.042580e-01
3.152000e-05	2.120481e-03	1.913762e-01
3.153000e-05	2.719216e-03	4.946630e-01
3.154000e-05	-3.674919e-03	7.273911e-01
3.155000e-05	-7.573818e-04	9.910577e-01
3.156000e-05	-5.148571e-03	1.336817e+00
3.157000e-05	6.414210e-04	1.683609e+00
3.158000e-05	6.128866e-03	1.906740e+00
3.159000e-05	4.971162e-02	2.159871e+00
3.160000e-05	9.565421e-02	2.477661e+00
3.161000e-05	-6.115850e-02	2.873612e+00
3.162000e-05	-4.689877e-02	3.149245e+00
3.163000e-05	-4.006740e-02	3.412532e+00
3.164000e-05	-2.679065e-02	3.717715e+00
3.165000e-05	-8.640694e-02	3.928421e+00
3.166000e-05	5.689713e-02	4.161924e+00
3.167000e-05	7.437320e-02	4.526715e+00
3.168000e-05	-1.265576e-01	4.749347e+00
3.169000e-05	1.835048e-01	5.085562e+00
3.170000e-05	-1.171867e-01	5.442005e+00
3.171000e-05	1.375330e-02	5.694110e+00
3.172000e-05	-1.869926e-03	5.961350e+00
3.173000e-05	-4.528964e-02	6.233004e+00
3.174000e-05	8.823368e-02	6.507718e+00
3.175000e-05	-6.366828e-02	6.812480e+00
3.176000e-05	3.515532e-02	7.066611e+00
3.177000e-05	-5.187381e-02	7.379446e+00
3.178000e-05	1.389729e-02	7.654612e+00
3.179000e-05	-2.543873e-03	7.959345e+00
3.180000e-05	-2.906521e-02	8.223033e+00
3.181000e-05	5.701382e-02	8.474533e+00
3.182000e-05	-4.003896e-02	8.685239e+00
3.183000e-05	2.969577e-02	8.928243e+00
3.184000e-05	-2.947508e-02	9.190930e+00
3.185000e-05	-3.116660e-02	9.452004e+00
3.186000e-05	1.465320e-02	9.676619e+00
3.187000e-05	-3.468028e-03	9.926319e+00
3.188000e-05	2.754144e-02	1.019040e+01
3.189000e-05	-3.532586e-02	1.038148e+01
3.190000e-05	1.704334e-02	1.061198e+01
3.191000e-05	-2.878974e-02	1.085359e+01
3.192000e-05	4.822978e-03	1.105251e+01
3.193000e-05	-1.697725e-02	1.132659e+01
3.194000e-05	-5.392413e-03	1.155677e+01
3.195000e-05	7.426694e-03	1.177882e+01
3.196000e-05	-5.013871e-03	1.198790e+01
3.197000e-05	-5.223783e-03	1.217037e+01
3.198000e-05	-2.471659e-02	1.233787e+01
3.199000e-05	3.051214e-05	1.257837e+01
3.200000e-05	-3.273663e-03	1.273617e+01
3.201000e-05	4.024554e-03	1.290817e+01
3.202000e-05	-1.464910e-02	1.306459e+01
3.203000e-05	-1.281417e-02	1.326412e+01
3.204000e-05	-8.365617e-03	1.339398e+01
3.205000e-05	-9.952704e-03	1.356151e+01
3.206000e-05	-1.221407e-02	1.374988e+01
3.207000e-05	-1.063689e-02	1.390827e+01
3.208000e-05	-1.418001e-03	1.406316e+01
3.209000e-05	-1.927590e-03	1.425201e+01
3.210000e-05	-1.372193e-02	1.439145e+01
3.211000e-05	-2.095421e-02	1.454930e+01
3.212000e-05	-1.981213e-02	1.468211e+01
3.213000e-05	-6.313954e-03	1.474993e+01
3.214000e-05	-9.304932e-03	1.487519e+01
3.215000e-05	-1.202485e-02	1.497033e+01
3.216000e-05	-1.499922e-02	1.506559e+01
3.217000e-05	-1.126949e-02	1.515993e+01
3.218000e-05	-1.287645e-02	1.529519e+01
3.219000e-05	-1.931873e-02	1.533880e+01
3.220000e-05	-1.878241e-02	1.544314e+01
3.221000e-05	-1.629503e-02	1.551935e+01
3.222000e-05	-1.041598e-02	1.560893e+01
3.223000e-05	-2.111664e-02	1.566474e+01
3.224000e-05	-2.457701e-02	1.574630e+01
3.225000e-05	-2.713827e-02	1.578996e+01
3.226000e-05	-1.829111e-02	1.585254e+01
3.227000e-05	-1.861943e-02	1.587477e+01
3.228000e-05	-2.356827e-02	1.590875e+01
3.229000e-05	-2.541883e-02	1.599998e+01
3.230000e-05	-2.555366e-02	1.598950e+01
3.231000e-05	-2.618086e-02	1.600948e+01
3.232000e-05	-3.619424e-02	1.601998e+01
3.233000e-05	-3.735327e-02	1.605301e+01
3.234000e-05	-3.711606e-02	1.602104e+01
3.235000e-05	-3.329592e-02	1.600111e+01
3.236000e-05	-4.076587e-02	1.601154e+01
3.237000e-05	-5.069852e-02	1.601003e+01
3.238000e-05	-5.791702e-02	1.598888e+01
3.239000e-05	-6.334369e-02	1.596843e+01
3.240000e-05	-7.577108e-02	1.594725e+01
3.241000e-05	-1.006470e-01	1.585424e+01
3.242000e-05	-1.322533e-01	1.585309e+01
3.243000e-05	-1.817909e-01	1.579051e+01
3.244000e-05	-2.393348e-01	1.574690e+01
3.245000e-05	-2.499955e-01	1.570329e+01
3.246000e-05	-2.500000e-01	1.563154e+01
3.247000e-05	-2.498699e-01	1.557943e+01
3.248000e-05	-2.062002e-01	1.549577e+01
3.249000e-05	-1.325540e-01	1.538055e+01
3.250000e-05	-9.367225e-02	1.530725e+01
3.251000e-05	-6.790218e-02	1.518001e+01
3.252000e-05	-4.987686e-02	1.511474e+01
3.253000e-05	-3.628949e-02	1.501003e+01
3.254000e-05	-3.301532e-02	1.491424e+01
3.255000e-05	-2.917705e-02	1.479948e+01
3.256000e-05	-2.413788e-02	1.464274e+01
3.257000e-05	-1.747161e-02	1.455845e+01
3.258000e-05	-1.908292e-02	1.444061e+01
3.259000e-05	-2.090887e-02	1.430215e+01
3.260000e-05	-2.049173e-02	1.411790e+01
3.261000e-05	-1.352380e-02	1.393787e+01
3.262000e-05	-1.182096e-02	1.380896e+01
3.263000e-05	-1.369668e-02	1.365164e+01
3.264000e-05	-1.624631e-02	1.349272e+01
3.265000e-05	-1.237085e-02	1.335587e+01
3.266000e-05	-1.116972e-02	1.315837e+01
3.267000e-05	-1.218392e-02	1.299801e+01
3.268000e-05	-1.517874e-02	1.283001e+01
3.269000e-05	-1.178762e-02	1.264053e+01
3.270000e-05	-7.953475e-03	1.250116e+01
3.271000e-05	-8.678880e-03	1.227414e+01
3.272000e-05	-1.149567e-02	1.207169e+01
3.273000e-05	-1.276545e-02	1.187416e+01
3.274000e-05	-8.897534e-03	1.164213e+01
3.275000e-05	-8.278600e-03	1.136906e+01
3.276000e-05	-8.928329e-03	1.119901e+01
3.277000e-05	-1.159351e-02	1.094700e+01
3.278000e-05	-7.517523e-03	1.077745e+01
3.279000e-05	-6.534575e-03	1.049527e+01
3.280000e-05	-6.692814e-03	1.025379e+01
3.281000e-05	-1.015681e-02	1.009274e+01
3.282000e-05	-1.033960e-02	9.810083e+00
3.283000e-05	-6.485940e-03	9.618501e+00
3.284000e-05	-6.599247e-03	9.337849e+00
3.285000e-05	-8.248621e-03	9.065370e+00
3.286000e-05	-1.102866e-02	8.861113e+00
3.287000e-05	-7.737490e-03	8.620556e+00
3.288000e-05	-5.309270e-03	8.375451e+00
3.289000e-05	-6.066723e-03	8.123368e+00
3.290000e-05	-8.365201e-03	7.832134e+00
3.291000e-05	-7.407860e-03	7.567975e+00
3.292000e-05	-5.370262e-03	7.292743e+00
3.293000e-05	-6.145180e-03	7.030032e+00
3.294000e-05	-8.867190e-03	6.757950e+00
3.295000e-05	-9.434592e-03	6.459712e+00
3.296000e-05	-6.347833e-03	6.219500e+00
3.297000e-05	-5.129104e-03	5.934918e+00
3.298000e-05	-5.641086e-03	5.661582e+00
3.299000e-05	-7.831252e-03	5.328001e+00
3.300000e-05	-6.629873e-03	5.068580e+00
3.301000e-05	-5.133498e-03	4.784763e+00
3.302000e-05	-6.639862e-03	4.480611e+00
3.303000e-05	-7.970129e-03	4.133421e+00
3.304000e-05	-7.901224e-03	3.860785e+00
3.305000e-05	-5.407533e-03	3.578000e+00
3.306000e-05	-4.713546e-03	3.262160e+00
3.307000e-05	-6.214768e-03	3.008501e+00
3.308000e-05	-7.443452e-03	2.736368e+00
3.309000e-05	-6.149263e-03	2.407999e+00
3.310000e-05	-4.538892e-03	2.114843e+00
3.311000e-05	-5.703884e-03	1.830558e+00
3.312000e-05	-6.633308e-03	1.514316e+00
3.313000e-05	-6.820548e-03	1.188032e+00
3.314000e-05	-4.757396e-03	8.432815e-01
3.315000e-05	-4.676381e-03	5.789986e-01
3.316000e-05	-5.761456e-03	2.916857e-01
3.317000e-05	-3.857308e-03	-3.142503e-02
3.318000e-05	5.893141e-03	-2.851619e-01
3.319000e-05	7.566823e-03	-5.407920e-01
3.320000e-05	-1.104096e-03	-8.751291e-01
3.321000e-05	1.268448e-04	-1.087791e+00
3.322000e-05	-2.368648e-03	-1.444058e+00
3.323000e-05	2.410473e-03	-1.675711e+00
3.324000e-05	2.772655e-02	-1.977346e+00
3.325000e-05	1.140174e-01	-2.233030e+00
3.326000e-05	2.602670e-03	-2.612430e+00
3.327000e-05	-6.540516e-02	-3.086033e+00
3.328000e-05	-1.613406e-02	-3.389871e+00
3.329000e-05	-4.870642e-02	-3.558869e+00
3.330000e-05	-7.279945e-02	-3.824046e+00
3.331000e-05	1.021906e-01	-4.011954e+00
3.332000e-05	2.757929e-02	-4.244505e+00
3.333000e-05	-9.762428e-02	-4.593375e+00
3.334000e-05	1.714393e-01	-4.821953e+00
3.335000e-05	-1.863618e-01	-5.182245e+00
3.336000e-05	1.453527e-01	-5.486113e+00
3.337000e-05	-8.849249e-02	-5.751270e+00
3.338000e-05	-4.214848e-02	-6.077108e+00
3.339000e-05	1.416534e-01	-6.284661e+00
3.340000e-05	-1.386830e-01	-6.632555e+00
3.341000e-05	1.613982e-01	-6.899768e+00
3.342000e-05	-1.452928e-01	-7.200855e+00
3.343000e-05	6.266529e-02	-7.495137e+00
3.344000e-05	1.026804e-02	-7.759271e+00
3.345000e-05	-5.179961e-02	-8.054584e+00
3.346000e-05	1.298699e-01	-8.304107e+00
3.347000e-05	-1.348441e-01	-8.558796e+00
3.348000e-05	1.486853e-01	-8.863936e+00
3.349000e-05	-1.020678e-01	-9.064585e+00
3.350000e-05	3.190868e-02	-9.317791e+00
3.351000e-05	-1.546569e-02	-9.559791e+00
3.352000e-05	-2.214423e-03	-9.770426e+00
3.353000e-05	8.965456e-02	-9.950905e+00
3.354000e-05	-7.163734e-02	-1.023559e+01
3.355000e-05	7.825497e-02	-1.052566e+01
3.356000e-05	-9.727841e-02	-1.071722e+01
3.357000e-05	8.822409e-02	-1.094730e+01
3.358000e-05	-5.700785e-02	-1.109877e+01
3.359000e-05	4.953857e-02	-1.139882e+01
3.360000e-05	-2.209082e-02	-1.156383e+01
3.361000e-05	2.894970e-02	-1.185459e+01
3.362000e-05	9.644394e-03	-1.205456e+01
3.363000e-05	-1.862027e-02	-1.230556e+01
3.364000e-05	1.147637e-02	-1.241453e+01
3.365000e-05	-1.191968e-02	-1.265409e+01
3.366000e-05	5.018093e-02	-1.282151e+01
3.367000e-05	-1.719987e-02	-1.301098e+01
3.368000e-05	1.946256e-02	-1.315932e+01
3.369000e-05	-2.700970e-02	-1.331925e+01
3.370000e-05	3.004455e-02	-1.346724e+01
3.371000e-05	-8.686410e-03	-1.367401e+01
3.372000e-05	2.098065e-02	-1.383457e+01
3.373000e-05	-4.367348e-03	-1.398183e+01
3.374000e-05	2.546273e-02	-1.415085e+01
3.375000e-05	6.071692e-03	-1.432567e+01
3.376000e-05	3.402508e-03	-1.444514e+01
3.377000e-05	-1.263365e-02	-1.454842e+01
3.378000e-05	9.942915e-03	-1.467664e+01
3.379000e-05	1.908647e-02	-1.484198e+01
3.380000e-05	1.714482e-02	-1.496774e+01
3.381000e-05	1.012818e-02	-1.502306e+01
3.382000e-05	-1.632813e-03	-1.517832e+01
3.383000e-05	1.840230e-02	-1.527398e+01
3.384000e-05	4.869848e-03	-1.531680e+01
3.385000e-05	1.281038e-02	-1.544404e+01
3.386000e-05	3.787088e-04	-1.553917e+01
3.387000e-05	2.169765e-02	-1.561098e+01
3.388000e-05	1.819504e-02	-1.562254e+01
3.389000e-05	1.384024e-02	-1.573717e+01
3.390000e-05	2.872391e-03	-1.576238e+01
3.391000e-05	1.220904e-02	-1.583201e+01
3.392000e-05	2.401930e-02	-1.592679e+01
3.393000e-05	2.128681e-02	-1.590972e+01
3.394000e-05	1.537189e-02	-1.599195e+01
3.395000e-05	1.320585e-02	-1.602143e+01
3.396000e-05	2.292127e-02	-1.601161e+01
3.397000e-05	2.541912e-02	-1.610319e+01
3.398000e-05	2.165423e-02	-1.606566e+01
3.399000e-05	2.195804e-02	-1.605416e+01
3.400000e-05	3.262253e-02	-1.609359e+01
3.401000e-05	4.039949e-02	-1.605514e+01
3.402000e-05	3.809864e-02	-1.608456e+01
3.403000e-05	3.345042e-02	-1.604311e+01
3.404000e-05	4.219476e-02	-1.601258e+01
3.405000e-05	6.022249e-02	-1.597238e+01
3.406000e-05	7.558384e-02	-1.596883e+01
3.407000e-05	9.121824e-02	-1.589875e+01
3.408000e-05	1.221802e-01	-1.585472e+01
3.409000e-05	1.800571e-01	-1.585259e+01
3.410000e-05	2.416791e-01	-1.575988e+01
3.411000e-05	2.499975e-01	-1.573579e+01
3.412000e-05	2.500000e-01	-1.566364e+01
3.413000e-05	2.498492e-01	-1.561145e+01
3.414000e-05	2.045884e-01	-1.549375e+01
3.415000e-05	1.286013e-01	-1.542195e+01
3.416000e-05	7.822394e-02	-1.530637e+01
3.417000e-05	5.300846e-02	-1.522253e+01
3.418000e-05	4.366940e-02	-1.509787e+01
3.419000e-05	3.249292e-02	-1.502196e+01
3.420000e-05	2.121744e-02	-1.494629e+01
3.421000e-05	1.404414e-02	-1.478806e+01
3.422000e-05	1.545153e-02	-1.469575e+01
3.423000e-05	1.585531e-02	-1.456837e+01
3.424000e-05	8.841468e-03	-1.446161e+01
3.425000e-05	1.994432e-03	-1.431524e+01
3.426000e-05	5.766084e-03	-1.413827e+01
3.427000e-05	9.943421e-03	-1.397895e+01
3.428000e-05	9.273025e-03	-1.385211e+01
3.429000e-05	2.872523e-03	-1.368222e+01
3.430000e-05	1.421540e-03	-1.344682e+01
3.431000e-05	4.156220e-03	-1.331637e+01
3.432000e-05	4.740171e-03	-1.310993e+01
3.433000e-05	5.747572e-04	-1.300944e+01
3.434000e-05	-3.044118e-03	-1.282313e+01
3.435000e-05	6.250704e-04	-1.267211e+01
3.436000e-05	4.114156e-03	-1.244511e+01
3.437000e-05	1.228382e-03	-1.231266e+01
3.438000e-05	-4.514027e-03	-1.208424e+01
3.439000e-05	-3.355261e-03	-1.187469e+01
3.440000e-05	-3.692720e-04	-1.168068e+01
3.441000e-05	1.529447e-03	-1.137790e+01
3.442000e-05	-2.835181e-03	-1.116785e+01
3.443000e-05	-4.663464e-03	-1.090482e+01
3.444000e-05	-2.838863e-03	-1.077725e+01
3.445000e-05	-6.043716e-04	-1.051587e+01
3.446000e-05	-4.075608e-03	-1.025966e+01
3.447000e-05	-5.916890e-03	-1.008258e+01
3.448000e-05	-4.432009e-03	-9.830578e+00
3.449000e-05	-1.241273e-03	-9.590455e+00
3.450000e-05	-3.481593e-03	-9.327371e+00
3.451000e-05	-6.226816e-03	-9.094765e+00
3.452000e-05	-7.402662e-03	-8.873636e+00
3.453000e-05	-4.501128e-03	-8.609482e+00
3.454000e-05	-2.466872e-03	-8.336875e+00
3.455000e-05	-5.529491e-03	-8.112742e+00
3.456000e-05	-6.742692e-03	-7.884057e+00
3.457000e-05	-5.654459e-03	-7.566922e+00
3.458000e-05	-3.511019e-03	-7.274191e+00
3.459000e-05	-6.206514e-03	-6.975828e+00
3.460000e-05	-7.752169e-03	-6.765346e+00
3.461000e-05	-8.122072e-03	-6.482309e+00
3.462000e-05	-3.848353e-03	-6.208004e+00
3.463000e-05	-4.956864e-03	-5.874845e+00
3.464000e-05	-7.766447e-03	-5.673555e+00
3.465000e-05	-1.005402e-02	-5.344342e+00
3.466000e-05	-6.532866e-03	-5.020002e+00
3.467000e-05	-5.691910e-03	-4.662187e+00
3.468000e-05	-7.081067e-03	-4.399550e+00
3.469000e-05	-9.489441e-03	-4.167450e+00
3.470000e-05	-8.972111e-03	-3.904162e+00
3.471000e-05	-7.186724e-03	-3.597525e+00
3.472000e-05	-6.727676e-03	-3.314337e+00
3.473000e-05	-9.346656e-03	-2.980005e+00
3.474000e-05	-7.880529e-03	-2.693364e+00
3.475000e-05	-7.183872e-03	-2.390129e+00
3.476000e-05	-6.661506e-03	-2.124288e+00
3.477000e-05	-9.287308e-03	-1.821529e+00
3.478000e-05	-1.184828e-02	-1.545920e+00
3.479000e-05	-1.010263e-02	-1.198551e+00
3.480000e-05	-7.497958e-03	-8.842406e-01
3.481000e-05	-6.794914e-03	-5.784947e-01
3.482000e-05	-8.173522e-03	-3.147606e-01
3.483000e-05	-5.958506e-03	-3.860256e-02
3.484000e-05	5.906423e-03	2.662655e-01
3.485000e-05	-2.056607e-03	5.377974e-01
3.486000e-05	-4.298180e-04	7.905264e-01
3.487000e-05	-5.241367e-03	1.147767e+00
3.488000e-05	-9.821896e-04	1.421470e+00
3.489000e-05	-1.511274e-03	1.737875e+00
3.490000e-05	1.596985e-02	1.959897e+00
3.491000e-05	6.669077e-02	2.242608e+00
3.492000e-05	7.262437e-02	2.592427e+00
3.493000e-05	-8.800927e-02	2.938217e+00
3.494000e-05	-2.973196e-02	3.183003e+00
3.495000e-05	-4.243133e-02	3.547841e+00
3.496000e-05	-3.307006e-02	3.789899e+00
3.497000e-05	-7.625116e-02	3.977896e+00
3.498000e-05	1.110449e-01	4.273133e+00
3.499000e-05	-1.551843e-02	4.591399e+00
3.500000e-05	-5.279330e-02	4.801578e+00
3.501000e-05	1.495028e-01	5.149371e+00
3.502000e-05	-1.591105e-01	5.484687e+00
3.503000e-05	7.748447e-02	5.739748e+00
3.504000e-05	-6.644717e-02	6.065112e+00
3.505000e-05	2.533425e-02	6.296168e+00
3.506000e-05	4.226295e-02	6.601454e+00
3.507000e-05	-5.095753e-02	6.896688e+00
3.508000e-05	3.626671e-02	7.158851e+00
3.509000e-05	-6.877957e-02	7.465133e+00
3.510000e-05	4.637283e-02	7.725319e+00
3.511000e-05	-4.415804e-02	8.082657e+00
3.512000e-05	1.772996e-02	8.314717e+00
3.513000e-05	2.818033e-02	8.526344e+00
3.514000e-05	-3.349592e-02	8.728849e+00
3.515000e-05	3.672673e-02	9.043504e+00
3.516000e-05	-5.684110e-02	9.274586e+00
3.517000e-05	1.361377e-03	9.485742e+00
3.518000e-05	-8.005224e-03	9.770344e+00
3.519000e-05	2.464357e-02	1.000001e+01
3.520000e-05	-3.207158e-03	1.020196e+01
3.521000e-05	-1.516413e-02	1.042454e+01
3.522000e-05	3.889324e-03	1.069764e+01
3.523000e-05	-2.262985e-02	1.088669e+01
3.524000e-05	5.955293e-03	1.107684e+01
3.525000e-05	-2.333575e-02	1.132932e+01
3.526000e-05	8.061642e-03	1.157993e+01
3.527000e-05	-4.466853e-03	1.179096e+01
3.528000e-05	3.711997e-03	1.200156e+01
3.529000e-05	-2.087799e-02	1.220348e+01
3.530000e-05	-1.194445e-02	1.241103e+01
3.531000e-05	-7.197733e-03	1.263138e+01
3.532000e-05	5.218823e-03	1.278883e+01
3.533000e-05	-3.274950e-03	1.293932e+01
3.534000e-05	-1.375229e-02	1.310828e+01
3.535000e-05	-1.317082e-02	1.331609e+01
3.536000e-05	-9.523710e-03	1.347364e+01
3.537000e-05	-7.918332e-03	1.366316e+01
3.538000e-05	-1.615096e-02	1.378348e+01
3.539000e-05	-5.282538e-03	1.392775e+01
3.540000e-05	-4.418636e-03	1.410720e+01
3.541000e-05	9.797361e-05	1.427469e+01
3.542000e-05	-1.992953e-02	1.443354e+01
3.543000e-05	-1.865569e-02	1.455988e+01
3.544000e-05	-1.751820e-02	1.472415e+01
3.545000e-05	-3.890654e-03	1.479901e+01
3.546000e-05	-1.049806e-02	1.488622e+01
3.547000e-05	-1.508003e-02	1.499044e+01
3.548000e-05	-1.379345e-02	1.509524e+01
3.549000e-05	-1.352166e-02	1.524008e+01
3.550000e-05	-1.121108e-02	1.530629e+01
3.551000e-05	-2.191827e-02	1.539253e+01
3.552000e-05	-1.664982e-02	1.549519e+01
3.553000e-05	-1.589320e-02	1.556845e+01
3.554000e-05	-1.045867e-02	1.565298e+01
3.555000e-05	-2.293027e-02	1.566359e+01
3.556000e-05	-2.655827e-02	1.573630e+01
3.557000e-05	-2.486016e-02	1.579001e+01
3.558000e-05	-1.719171e-02	1.585369e+01
3.559000e-05	-1.884842e-02	1.589470e+01
3.560000e-05	-2.624800e-02	1.592840e+01
3.561000e-05	-2.479913e-02	1.594838e+01
3.562000e-05	-2.644780e-02	1.597991e+01
3.563000e-05	-2.726215e-02	1.601251e+01
3.564000e-05	-3.702014e-02	1.597251e+01
3.565000e-05	-3.804912e-02	1.604056e+01
3.566000e-05	-3.536815e-02	1.603161e+01
3.567000e-05	-3.459826e-02	1.601001e+01
3.568000e-05	-4.237999e-02	1.603156e+01
3.569000e-05	-5.506092e-02	1.601046e+01
3.570000e-05	-5.915702e-02	1.597846e+01
3.571000e-05	-6.705780e-02	1.597743e+01
3.572000e-05	-8.042091e-02	1.592687e+01
3.573000e-05	-1.079009e-01	1.590522e+01
3.574000e-05	-1.437675e-01	1.582061e+01
3.575000e-05	-1.972697e-01	1.579701e+01
3.576000e-05	-2.466746e-01	1.577640e+01
3.577000e-05	-2.500000e-01	1.569314e+01
3.578000e-05	-2.500000e-01	1.558106e+01
3.579000e-05	-2.467760e-01	1.555845e+01
3.580000e-05	-1.847625e-01	1.546417e+01
3.581000e-05	-1.199440e-01	1.535698e+01
3.582000e-05	-8.612504e-02	1.529422e+01
3.583000e-05	-6.267680e-02	1.516740e+01
3.584000e-05	-4.477936e-02	1.508367e+01
3.585000e-05	-3.413813e-02	1.495943e+01
3.586000e-05	-3.120952e-02	1.486266e+01
3.587000e-05	-2.745175e-02	1.475893e+01
3.588000e-05	-2.196647e-02	1.461004e+01
3.589000e-05	-1.842981e-02	1.449574e+01
3.590000e-05	-2.093505e-02	1.439143e+01
3.591000e-05	-2.225673e-02	1.426316e+01
3.592000e-05	-1.875706e-02	1.411417e+01
3.593000e-05	-1.240787e-02	1.393674e+01
3.594000e-05	-1.137036e-02	1.371648e+01
3.595000e-05	-1.304528e-02	1.362148e+01
3.596000e-05	-1.478062e-02	1.345164e+01
3.597000e-05	-1.198561e-02	1.327474e+01
3.598000e-05	-1.260742e-02	1.311584e+01
3.599000e-05	-1.353549e-02	1.292539e+01
3.600000e-05	-1.454982e-02	1.275590e+01
3.601000e-05	-1.048812e-02	1.258898e+01
3.602000e-05	-7.329687e-03	1.241956e+01
3.603000e-05	-8.949046e-03	1.217001e+01
3.604000e-05	-1.164149e-02	1.199001e+01
3.605000e-05	-1.208322e-02	1.178896e+01
3.606000e-05	-8.505661e-03	1.156695e+01
3.607000e-05	-8.699502e-03	1.130635e+01
3.608000e-05	-9.278540e-03	1.112435e+01
3.609000e-05	-1.022181e-02	1.093435e+01
3.610000e-05	-8.418020e-03	1.068474e+01
3.611000e-05	-6.816662e-03	1.048114e+01
3.612000e-05	-8.554108e-03	1.022003e+01
3.613000e-05	-1.039300e-02	9.989031e+00
3.614000e-05	-8.838859e-03	9.776348e+00
3.615000e-05	-5.389365e-03	9.513791e+00
3.616000e-05	-6.765855e-03	9.263663e+00
3.617000e-05	-9.143380e-03	9.051159e+00
3.618000e-05	-1.026399e-02	8.770031e+00
3.619000e-05	-7.016593e-03	8.575321e+00
3.620000e-05	-5.605406e-03	8.294336e+00
3.621000e-05	-6.570465e-03	8.031082e+00
3.622000e-05	-8.077237e-03	7.748923e+00
3.623000e-05	-7.313335e-03	7.511816e+00
3.624000e-05	-5.296097e-03	7.230028e+00
3.625000e-05	-7.603657e-03	6.946870e+00
3.626000e-05	-8.787102e-03	6.650713e+00
3.627000e-05	-8.246224e-03	6.408004e+00
3.628000e-05	-5.155134e-03	6.144866e+00
3.629000e-05	-5.036958e-03	5.831630e+00
3.630000e-05	-7.056155e-03	5.567496e+00
3.631000e-05	-7.560028e-03	5.193838e+00
3.632000e-05	-6.760020e-03	4.973902e+00
3.633000e-05	-4.693059e-03	4.671092e+00
3.634000e-05	-5.978278e-03	4.378522e+00
3.635000e-05	-7.558732e-03	4.049736e+00
3.636000e-05	-6.830108e-03	3.796947e+00
3.637000e-05	-5.431820e-03	3.514870e+00
3.638000e-05	-5.456033e-03	3.197554e+00
3.639000e-05	-7.678244e-03	2.894392e+00
3.640000e-05	-6.957751e-03	2.630709e+00
3.641000e-05	-5.839949e-03	2.314441e+00
3.642000e-05	-4.349021e-03	2.011183e+00
3.643000e-05	-5.508107e-03	1.777445e+00
3.644000e-05	-6.476132e-03	1.419132e+00
3.645000e-05	-6.248051e-03	1.124344e+00
3.646000e-05	-4.739790e-03	7.990514e-01
3.647000e-05	-5.162940e-03	4.928157e-01
3.648000e-05	-5.119470e-03	2.381304e-01
3.649000e-05	-2.072605e-03	-9.616322e-02
3.650000e-05	9.259419e-03	-3.777923e-01
3.651000e-05	1.147692e-03	-6.445801e-01
3.652000e-05	2.607554e-03	-9.292594e-01
3.653000e-05	-2.592353e-03	-1.192449e+00
3.654000e-05	1.793395e-03	-1.557197e+00
3.655000e-05	2.768949e-03	-1.760320e+00
3.656000e-05	4.823830e-02	-2.000524e+00
3.657000e-05	1.250984e-01	-2.358269e+00
3.658000e-05	-6.072927e-02	-2.720288e+00
3.659000e-05	-3.158012e-02	-3.140324e+00
3.660000e-05	-3.588854e-02	-3.441503e+00
3.661000e-05	-4.248111e-02	-3.613455e+00
3.662000e-05	-6.991220e-02	-3.865214e+00
3.663000e-05	1.659288e-01	-4.074630e+00
3.664000e-05	-9.902592e-02	-4.346744e+00
3.665000e-05	3.120647e-02	-4.643689e+00
3.666000e-05	1.031860e-01	-4.894088e+00
3.667000e-05	-1.460532e-01	-5.339164e+00
3.668000e-05	1.749674e-01	-5.568825e+00
3.669000e-05	-1.834276e-01	-5.834481e+00
3.670000e-05	1.038814e-01	-6.129271e+00
3.671000e-05	4.265152e-02	-6.399372e+00
3.672000e-05	-6.632509e-02	-6.735770e+00
3.673000e-05	1.286977e-01	-6.961897e+00
3.674000e-05	-1.728025e-01	-7.278111e+00
3.675000e-05	1.380353e-01	-7.578825e+00
3.676000e-05	-8.759336e-02	-7.832507e+00
3.677000e-05	5.222483e-02	-8.128269e+00
3.678000e-05	4.485306e-02	-8.307720e+00
3.679000e-05	-8.117297e-02	-8.622606e+00
3.680000e-05	1.403289e-01	-8.906186e+00
3.681000e-05	-1.461651e-01	-9.119296e+00
3.682000e-05	9.587765e-02	-9.340297e+00
3.683000e-05	-8.522283e-02	-9.631882e+00
3.684000e-05	8.594694e-02	-9.844057e+00
3.685000e-05	5.576314e-03	-1.008711e+01
3.686000e-05	-1.310402e-02	-1.030824e+01
3.687000e-05	3.079255e-02	-1.056037e+01
3.688000e-05	-6.363189e-02	-1.078890e+01
3.689000e-05	8.169350e-02	-1.096992e+01
3.690000e-05	-6.974060e-02	-1.119341e+01
3.691000e-05	7.145384e-02	-1.141306e+01
3.692000e-05	-4.979802e-02	-1.168814e+01
3.693000e-05	6.271220e-02	-1.191727e+01
3.694000e-05	-3.094242e-02	-1.211674e+01
3.695000e-05	1.281142e-02	-1.228772e+01
3.696000e-05	-1.249248e-02	-1.248514e+01
3.697000e-05	2.044227e-02	-1.268616e+01
3.698000e-05	2.712294e-02	-1.284559e+01
3.699000e-05	-7.079794e-03	-1.303306e+01
3.700000e-05	6.783677e-03	-1.322303e+01
3.701000e-05	-1.560357e-02	-1.336343e+01
3.702000e-05	2.687479e-02	-1.356985e+01
3.703000e-05	-9.469675e-03	-1.372720e+01
3.704000e-05	2.069301e-02	-1.387564e+01
3.705000e-05	-3.933261e-03	-1.403356e+01
3.706000e-05	3.110135e-02	-1.419291e+01
3.707000e-05	-1.704919e-03	-1.435930e+01
3.708000e-05	4.885726e-03	-1.450509e+01
3.709000e-05	-1.241502e-02	-1.461039e+01
3.710000e-05	1.832986e-02	-1.475772e+01
3.711000e-05	1.556406e-02	-1.488506e+01
3.712000e-05	1.677546e-02	-1.495988e+01
3.713000e-05	1.779263e-03	-1.504464e+01
3.714000e-05	7.559887e-03	-1.516038e+01
3.715000e-05	1.480709e-02	-1.526358e+01
3.716000e-05	9.584631e-03	-1.539780e+01
3.717000e-05	7.964771e-03	-1.542461e+01
3.718000e-05	7.007279e-03	-1.553823e+01
3.719000e-05	2.219682e-02	-1.561998e+01
3.720000e-05	1.525259e-02	-1.565516e+01
3.721000e-05	8.988983e-03	-1.575682e+01
3.722000e-05	2.970802e-03	-1.579151e+01
3.723000e-05	1.816015e-02	-1.585404e+01
3.724000e-05	2.429331e-02	-1.586674e+01
3.725000e-05	2.164936e-02	-1.588835e+01
3.726000e-05	1.346518e-02	-1.595995e+01
3.727000e-05	1.572393e-02	-1.602301e+01
3.728000e-05	2.283532e-02	-1.603198e+01
3.729000e-05	2.327813e-02	-1.607504e+01
3.730000e-05	1.971951e-02	-1.606319e+01
3.731000e-05	2.336768e-02	-1.605616e+01
3.732000e-05	3.589052e-02	-1.609509e+01
3.733000e-05	4.086874e-02	-1.609412e+01
3.734000e-05	3.544270e-02	-1.609366e+01
3.735000e-05	3.488637e-02	-1.602163e+01
3.736000e-05	4.725506e-02	-1.603348e+01
3.737000e-05	6.541558e-02	-1.597090e+01
3.738000e-05	7.933278e-02	-1.599040e+01
3.739000e-05	9.683730e-02	-1.588477e+01
3.740000e-05	1.342723e-01	-1.584409e+01
3.741000e-05	1.977439e-01	-1.577453e+01
3.742000e-05	2.478783e-01	-1.574943e+01
3.743000e-05	2.500000e-01	-1.570417e+01
3.744000e-05	2.500000e-01	-1.565101e+01
3.745000e-05	2.457741e-01	-1.556790e+01
3.746000e-05	1.816309e-01	-1.548362e+01
3.747000e-05	1.120201e-01	-1.538045e+01
3.748000e-05	6.966433e-02	-1.531321e+01
3.749000e-05	4.834988e-02	-1.521103e+01
3.750000e-05	3.982203e-02	-1.512632e+01
3.751000e-05	3.008177e-02	-1.496996e+01
3.752000e-05	1.960995e-02	-1.489316e+01
3.753000e-05	1.505678e-02	-1.477948e+01
3.754000e-05	1.593330e-02	-1.464404e+01
3.755000e-05	1.394934e-02	-1.453577e+01
3.756000e-05	7.285023e-03	-1.441945e+01
3.757000e-05	3.678894e-03	-1.425308e+01
3.758000e-05	6.821714e-03	-1.409514e+01
3.759000e-05	9.959249e-03	-1.393883e+01
3.760000e-05	6.273307e-03	-1.379788e+01
3.761000e-05	1.728474e-03	-1.361144e+01
3.762000e-05	8.408445e-04	-1.345416e+01
3.763000e-05	4.103833e-03	-1.332574e+01
3.764000e-05	4.312073e-03	-1.315677e+01
3.765000e-05	1.831644e-04	-1.296840e+01
3.766000e-05	-8.115406e-04	-1.279848e+01
3.767000e-05	2.094449e-03	-1.263108e+01
3.768000e-05	3.101531e-03	-1.239946e+01
3.769000e-05	-8.908435e-04	-1.223154e+01
3.770000e-05	-4.362400e-03	-1.200151e+01
3.771000e-05	-2.678896e-03	-1.177996e+01
3.772000e-05	5.725617e-04	-1.160841e+01
3.773000e-05	1.105842e-03	-1.131687e+01
3.774000e-05	-3.238970e-03	-1.111329e+01
3.775000e-05	-4.042424e-03	-1.087216e+01
3.776000e-05	-2.920781e-03	-1.069582e+01
3.777000e-05	-1.884237e-03	-1.043311e+01
3.778000e-05	-4.538562e-03	-1.016898e+01
3.779000e-05	-5.674037e-03	-9.946458e+00
3.780000e-05	-3.976107e-03	-9.758401e+00
3.781000e-05	-2.430291e-03	-9.526896e+00
3.782000e-05	-3.345448e-03	-9.284191e+00
3.783000e-05	-6.243653e-03	-9.030155e+00
3.784000e-05	-5.866681e-03	-8.830033e+00
3.785000e-05	-4.259975e-03	-8.557396e+00
3.786000e-05	-3.421520e-03	-8.293291e+00
3.787000e-05	-6.389437e-03	-8.051533e+00
3.788000e-05	-6.797806e-03	-7.736955e+00
3.789000e-05	-5.901539e-03	-7.472286e+00
3.790000e-05	-4.226520e-03	-7.188952e+00
3.791000e-05	-5.832657e-03	-6.924871e+00
3.792000e-05	-6.793697e-03	-6.613235e+00
3.793000e-05	-7.925749e-03	-6.408978e+00
3.794000e-05	-4.505610e-03	-6.133865e+00
3.795000e-05	-6.266963e-03	-5.821555e+00
3.796000e-05	-7.848588e-03	-5.576395e+00
3.797000e-05	-8.736988e-03	-5.252658e+00
3.798000e-05	-6.315625e-03	-4.915916e+00
3.799000e-05	-5.460268e-03	-4.589003e+00
3.800000e-05	-7.979792e-03	-4.348446e+00
3.801000e-05	-8.884348e-03	-4.084761e+00
3.802000e-05	-9.341039e-03	-3.788527e+00
3.803000e-05	-7.196462e-03	-3.495240e+00
3.804000e-05	-7.625347e-03	-3.210129e+00
3.805000e-05	-7.641976e-03	-2.935316e+00
3.806000e-05	-8.461462e-03	-2.600555e+00
3.807000e-05	-6.739790e-03	-2.335447e+00
3.808000e-05	-7.331804e-03	-2.039507e+00
3.809000e-05	-9.374569e-03	-1.737446e+00
3.810000e-05	-1.136541e-02	-1.461663e+00
3.811000e-05	-8.879690e-03	-1.135241e+00
3.812000e-05	-7.681882e-03	-7.805551e-01
3.813000e-05	-7.911983e-03	-5.443145e-01
3.814000e-05	-7.428908e-03	-2.215015e-01
3.815000e-05	-3.366505e-03	5.308284e-02
3.816000e-05	8.672575e-03	3.893961e-01
3.817000e-05	-6.027693e-03	6.325802e-01
3.818000e-05	2.870360e-03	8.641566e-01
3.819000e-05	-6.743339e-03	1.221054e+00
3.820000e-05	2.013602e-03	1.477133e+00
3.821000e-05	-2.850864e-03	1.821005e+00
3.822000e-05	2.748118e-02	2.032580e+00
3.823000e-05	8.666869e-02	2.317236e+00
3.824000e-05	2.586804e-02	2.695718e+00
3.825000e-05	-8.590350e-02	2.992475e+00
3.826000e-05	-2.851240e-02	3.287712e+00
3.827000e-05	-3.667017e-02	3.590430e+00
3.828000e-05	-5.303279e-02	3.843480e+00
3.829000e-05	-3.894382e-02	4.052931e+00
3.830000e-05	1.359514e-01	4.378844e+00
3.831000e-05	-1.016852e-01	4.662633e+00
3.832000e-05	6.716407e-02	4.868211e+00
3.833000e-05	6.279774e-02	5.295188e+00
3.834000e-05	-1.262085e-01	5.538792e+00
3.835000e-05	8.711600e-02	5.865159e+00
3.836000e-05	-9.699655e-02	6.137843e+00
3.837000e-05	8.339151e-02	6.350394e+00
3.838000e-05	-1.458937e-02	6.674690e+00
3.839000e-05	-1.802807e-02	6.948320e+00
3.840000e-05	1.118582e-02	7.256107e+00
3.841000e-05	-5.450370e-02	7.538743e+00
3.842000e-05	5.129146e-02	7.782877e+00
3.843000e-05	-6.534629e-02	8.117767e+00
3.844000e-05	5.563476e-02	8.350848e+00
3.845000e-05	-7.505652e-03	8.579474e+00
3.846000e-05	-1.064950e-02	8.814058e+00
3.847000e-05	2.280895e-02	9.085734e+00
3.848000e-05	-6.570185e-02	9.337750e+00
3.849000e-05	2.408260e-02	9.539850e+00
3.850000e-05	-2.298219e-02	9.814058e+00
3.851000e-05	4.455001e-02	1.006356e+01
3.852000e-05	-3.018898e-02	1.028761e+01
3.853000e-05	6.666866e-03	1.053080e+01
3.854000e-05	-1.468590e-02	1.076988e+01
3.855000e-05	-1.219760e-02	1.094835e+01
3.856000e-05	-4.756194e-04	1.114901e+01
3.857000e-05	-2.151434e-02	1.140253e+01
3.858000e-05	1.655922e-02	1.166301e+01
3.859000e-05	-1.150795e-02	1.186362e+01
3.860000e-05	8.154012e-03	1.209564e+01
3.861000e-05	-3.230566e-02	1.224269e+01
3.862000e-05	-1.173876e-03	1.244416e+01
3.863000e-05	-1.112960e-02	1.263208e+01
3.864000e-05	9.931818e-03	1.282156e+01
3.865000e-05	-9.946680e-03	1.301350e+01
3.866000e-05	-1.221283e-02	1.317945e+01
3.867000e-05	-1.004745e-02	1.334930e+01
3.868000e-05	-1.117082e-02	1.351575e+01
3.869000e-05	-8.939933e-03	1.367617e+01
3.870000e-05	-1.802352e-02	1.385366e+01
3.871000e-05	4.167646e-04	1.401143e+01
3.872000e-05	-5.158102e-03	1.419146e+01
3.873000e-05	-3.010611e-03	1.432780e+01
3.874000e-05	-2.324302e-02	1.446408e+01
3.875000e-05	-1.701665e-02	1.461090e+01
3.876000e-05	-1.359714e-02	1.472577e+01
3.877000e-05	-4.923114e-03	1.478411e+01
3.878000e-05	-1.176868e-02	1.494882e+01
3.879000e-05	-1.586770e-02	1.501298e+01
3.880000e-05	-1.094356e-02	1.511730e+01
3.881000e-05	-1.428747e-02	1.524406e+01
3.882000e-05	-1.362084e-02	1.530877e+01
3.883000e-05	-2.296480e-02	1.543103e+01
3.884000e-05	-1.551851e-02	1.548474e+01
3.885000e-05	-1.318072e-02	1.559095e+01
3.886000e-05	-1.364976e-02	1.565406e+01
3.887000e-05	-2.428188e-02	1.570469e+01
3.888000e-05	-2.833127e-02	1.574980e+01
3.889000e-05	-2.163015e-02	1.585146e+01
3.890000e-05	-1.778294e-02	1.585311e+01
3.891000e-05	-2.012610e-02	1.591677e+01
3.892000e-05	-2.733133e-02	1.592788e+01
3.893000e-05	-2.464654e-02	1.600100e+01
3.894000e-05	-2.590660e-02	1.599843e+01
3.895000e-05	-3.020481e-02	1.604151e+01
3.896000e-05	-3.862757e-02	1.600219e+01
3.897000e-05	-3.919340e-02	1.603354e+01
3.898000e-05	-3.358947e-02	1.604106e+01
3.899000e-05	-3.611903e-02	1.600096e+01
3.900000e-05	-4.550385e-02	1.601194e+01
3.901000e-05	-5.654014e-02	1.598998e+01
3.902000e-05	-6.010317e-02	1.596046e+01
3.903000e-05	-6.907448e-02	1.593890e+01
3.904000e-05	-8.768602e-02	1.590525e+01
3.905000e-05	-1.167488e-01	1.587519e+01
3.906000e-05	-1.578021e-01	1.584046e+01
3.907000e-05	-2.148272e-01	1.577936e+01
3.908000e-05	-2.494723e-01	1.573527e+01
3.909000e-05	-2.500000e-01	1.566366e+01
3.910000e-05	-2.500000e-01	1.564098e+01
3.911000e-05	-2.366210e-01	1.550840e+01
3.912000e-05	-1.626454e-01	1.543361e+01
3.913000e-05	-1.080249e-01	1.533830e+01
3.914000e-05	-7.866143e-02	1.525309e+01
3.915000e-05	-5.821132e-02	1.514790e+01
3.916000e-05	-4.068958e-02	1.505261e+01
3.917000e-05	-3.324121e-02	1.495638e+01
3.918000e-05	-3.080659e-02	1.487063e+01
3.919000e-05	-2.653261e-02	1.473732e+01
3.920000e-05	-2.007187e-02	1.460153e+01
3.921000e-05	-1.803092e-02	1.448571e+01
3.922000e-05	-1.959909e-02	1.431540e+01
3.923000e-05	-2.193836e-02	1.423901e+01
3.924000e-05	-1.655791e-02	1.407159e+01
3.925000e-05	-1.229772e-02	1.387514e+01
3.926000e-05	-1.253030e-02	1.369580e+01
3.927000e-05	-1.546279e-02	1.358843e+01
3.928000e-05	-1.583580e-02	1.341101e+01
3.929000e-05	-1.212493e-02	1.323211e+01
3.930000e-05	-1.139868e-02	1.306364e+01
3.931000e-05	-1.357840e-02	1.288329e+01
3.932000e-05	-1.341794e-02	1.271537e+01
3.933000e-05	-1.041758e-02	1.254630e+01
3.934000e-05	-7.141386e-03	1.233685e+01
3.935000e-05	-1.074752e-02	1.212590e+01
3.936000e-05	-1.211938e-02	1.192592e+01
3.937000e-05	-1.165239e-02	1.174737e+01
3.938000e-05	-8.213226e-03	1.147525e+01
3.939000e-05	-8.398005e-03	1.129269e+01
3.940000e-05	-1.042329e-02	1.104211e+01
3.941000e-05	-9.855469e-03	1.085069e+01
3.942000e-05	-8.190382e-03	1.063153e+01
3.943000e-05	-6.396160e-03	1.041898e+01
3.944000e-05	-8.983669e-03	1.016740e+01
3.945000e-05	-1.022280e-02	9.945949e+00
3.946000e-05	-8.935305e-03	9.664140e+00
3.947000e-05	-6.019908e-03	9.451658e+00
3.948000e-05	-7.266369e-03	9.229579e+00
3.949000e-05	-9.581342e-03	8.925899e+00
3.950000e-05	-9.308633e-03	8.675391e+00
3.951000e-05	-6.411314e-03	8.473239e+00
3.952000e-05	-5.689160e-03	8.191606e+00
3.953000e-05	-8.207298e-03	7.934924e+00
3.954000e-05	-8.414484e-03	7.653813e+00
3.955000e-05	-6.448829e-03	7.380531e+00
3.956000e-05	-5.678618e-03	7.093866e+00
3.957000e-05	-6.696151e-03	6.861212e+00
3.958000e-05	-8.539644e-03	6.566451e+00
3.959000e-05	-6.955960e-03	6.314343e+00
3.960000e-05	-5.883970e-03	6.042186e+00
3.961000e-05	-5.670871e-03	5.748477e+00
3.962000e-05	-7.688666e-03	5.483791e+00
3.963000e-05	-7.879972e-03	5.179004e+00
3.964000e-05	-6.708602e-03	4.800634e+00
3.965000e-05	-5.177462e-03	4.556921e+00
3.966000e-05	-6.656856e-03	4.293318e+00
3.967000e-05	-7.196689e-03	3.997029e+00
3.968000e-05	-5.811031e-03	3.703241e+00
3.969000e-05	-4.057101e-03	3.448584e+00
3.970000e-05	-4.891885e-03	3.133342e+00
3.971000e-05	-7.137174e-03	2.848657e+00
3.972000e-05	-7.934198e-03	2.537892e+00
3.973000e-05	-6.660970e-03	2.220633e+00
3.974000e-05	-5.868348e-03	1.976949e+00
3.975000e-05	-6.184308e-03	1.631234e+00
3.976000e-05	-6.431441e-03	1.356446e+00
3.977000e-05	-4.574780e-03	1.037685e+00
3.978000e-05	-2.950502e-03	7.248670e-01
3.979000e-05	-4.040207e-03	3.916064e-01
3.980000e-05	-5.109340e-03	1.143183e-01
3.981000e-05	-1.328638e-03	-1.289486e-01
3.982000e-05	1.055408e-02	-4.339526e-01
3.983000e-05	-3.554268e-03	-7.278911e-01
3.984000e-05	4.745265e-03	-1.031979e+00
3.985000e-05	-4.039081e-03	-1.306233e+00
3.986000e-05	4.131639e-03	-1.631398e+00
3.987000e-05	8.664965e-03	-1.864605e+00
3.988000e-05	7.320461e-02	-2.064708e+00
3.989000e-05	1.036709e-01	-2.441979e+00
3.990000e-05	-9.498284e-02	-2.865583e+00
3.991000e-05	-1.048440e-02	-3.264554e+00
3.992000e-05	-5.300318e-02	-3.487162e+00
3.993000e-05	-4.370636e-02	-3.666112e+00
3.994000e-05	-2.856055e-02	-3.977768e+00
3.995000e-05	1.669537e-01	-4.127637e+00
3.996000e-05	-1.679319e-01	-4.434453e+00
3.997000e-05	1.717620e-01	-4.745242e+00
3.998000e-05	-2.717253e-02	-4.972422e+00
3.999000e-05	-6.225603e-02	-5.392354e+00
4.000000e-05	1.139631e-01	-5.643930e+00
4.001000e-05	-1.785716e-01	-5.937718e+00
4.002000e-05	1.925920e-01	-6.172970e+00
4.003000e-05	-7.509714e-02	-6.476109e+00
4.004000e-05	4.741228e-02	-6.752482e+00
4.005000e-05	3.091490e-02	-7.064558e+00
4.006000e-05	-1.178505e-01	-7.379874e+00
4.007000e-05	1.396383e-01	-7.612001e+00
4.008000e-05	-1.348855e-01	-7.916242e+00
4.009000e-05	1.365777e-01	-8.198924e+00
4.010000e-05	-5.650426e-02	-8.391905e+00
4.011000e-05	2.055232e-02	-8.739098e+00
4.012000e-05	6.386869e-02	-8.939793e+00
4.013000e-05	-1.148740e-01	-9.181878e+00
4.014000e-05	9.581355e-02	-9.404534e+00
4.015000e-05	-1.034639e-01	-9.714537e+00
4.016000e-05	1.378339e-01	-9.887692e+00
4.017000e-05	-6.622360e-02	-1.014935e+01
4.018000e-05	5.403543e-02	-1.041143e+01
4.019000e-05	-3.911024e-02	-1.059298e+01
4.020000e-05	3.745086e-03	-1.086459e+01
4.021000e-05	3.187160e-02	-1.102456e+01
4.022000e-05	-3.683040e-02	-1.128719e+01
4.023000e-05	5.534139e-02	-1.146567e+01
4.024000e-05	-4.001095e-02	-1.179077e+01
4.025000e-05	6.627124e-02	-1.201930e+01
4.026000e-05	-4.915609e-02	-1.221035e+01
4.027000e-05	3.125853e-02	-1.231925e+01
4.028000e-05	-3.059222e-02	-1.258030e+01
4.029000e-05	4.705186e-02	-1.277882e+01
4.030000e-05	-2.421540e-04	-1.293774e+01
4.031000e-05	1.140803e-02	-1.308720e+01
4.032000e-05	-1.141680e-02	-1.322506e+01
4.033000e-05	5.813761e-03	-1.343404e+01
4.034000e-05	1.206244e-02	-1.355996e+01
4.035000e-05	1.566375e-03	-1.377938e+01
4.036000e-05	1.236990e-02	-1.392882e+01
4.037000e-05	6.120914e-03	-1.407566e+01
4.038000e-05	2.433648e-02	-1.425503e+01
4.039000e-05	-3.422258e-03	-1.435988e+01
4.040000e-05	2.053640e-03	-1.452625e+01
4.041000e-05	-8.024759e-03	-1.463296e+01
4.042000e-05	2.408172e-02	-1.476936e+01
4.043000e-05	1.207642e-02	-1.487717e+01
4.044000e-05	1.671940e-02	-1.498043e+01
4.045000e-05	-3.275768e-03	-1.512664e+01
4.046000e-05	1.391113e-02	-1.521995e+01
4.047000e-05	1.004073e-02	-1.531624e+01
4.048000e-05	1.240566e-02	-1.535888e+01
4.049000e-05	5.498483e-03	-1.551609e+01
4.050000e-05	1.412803e-02	-1.556038e+01
4.051000e-05	2.071642e-02	-1.559996e+01
4.052000e-05	1.374974e-02	-1.568719e+01
4.053000e-05	6.025117e-03	-1.576842e+01
4.054000e-05	5.229855e-03	-1.583099e+01
4.055000e-05	2.145623e-02	-1.584309e+01
4.056000e-05	2.343383e-02	-1.590830e+01
4.057000e-05	2.120045e-02	-1.596833e+01
4.058000e-05	1.370044e-02	-1.599090e+01
4.059000e-05	1.907242e-02	-1.601246e+01
4.060000e-05	2.224432e-02	-1.604254e+01
4.061000e-05	2.212340e-02	-1.605256e+01
4.062000e-05	2.017717e-02	-1.609514e+01
4.063000e-05	2.708305e-02	-1.608520e+01
4.064000e-05	3.765892e-02	-1.609567e+01
4.065000e-05	3.973043e-02	-1.607411e+01
4.066000e-05	3.609234e-02	-1.606364e+01
4.067000e-05	3.903343e-02	-1.605106e+01
4.068000e-05	5.272553e-02	-1.603096e+01
4.069000e-05	6.834879e-02	-1.598993e+01
4.070000e-05	8.237701e-02	-1.593835e+01
4.071000e-05	1.041439e-01	-1.587722e+01
4.072000e-05	1.493126e-01	-1.586164e+01
4.073000e-05	2.172247e-01	-1.580198e+01
4.074000e-05	2.495893e-01	-1.573732e+01
4.075000e-05	2.500000e-01	-1.569569e+01
4.076000e-05	2.500000e-01	-1.561054e+01
4.077000e-05	2.351890e-01	-1.551785e+01
4.078000e-05	1.592415e-01	-1.544202e+01
4.079000e-05	9.772850e-02	-1.533885e+01
4.080000e-05	6.279831e-02	-1.529216e+01
4.081000e-05	4.708087e-02	-1.515046e+01
4.082000e-05	3.592573e-02	-1.506517e+01
4.083000e-05	2.537239e-02	-1.496840e+01
4.084000e-05	1.790766e-02	-1.485314e+01
4.085000e-05	1.616076e-02	-1.478640e+01
4.086000e-05	1.620150e-02	-1.461256e+01
4.087000e-05	1.150893e-02	-1.451579e+01
4.088000e-05	5.162433e-03	-1.437883e+01
4.089000e-05	4.104879e-03	-1.422248e+01
4.090000e-05	7.135872e-03	-1.406352e+01
4.091000e-05	8.735421e-03	-1.389480e+01
4.092000e-05	4.411165e-03	-1.375788e+01
4.093000e-05	1.578864e-03	-1.357796e+01
4.094000e-05	2.628674e-03	-1.342259e+01
4.095000e-05	4.557835e-03	-1.326263e+01
4.096000e-05	3.148923e-03	-1.309467e+01
4.097000e-05	-9.761349e-04	-1.287627e+01
4.098000e-05	1.200795e-04	-1.275790e+01
4.099000e-05	3.014356e-03	-1.251652e+01
4.100000e-05	1.697046e-03	-1.237693e+01
4.101000e-05	-2.459553e-03	-1.215840e+01
4.102000e-05	-4.116273e-03	-1.196845e+01
4.103000e-05	-1.140731e-03	-1.176639e+01
4.104000e-05	3.958192e-04	-1.147375e+01
4.105000e-05	-9.438707e-04	-1.126106e+01
4.106000e-05	-3.630303e-03	-1.104061e+01
4.107000e-05	-4.095080e-03	-1.083163e+01
4.108000e-05	-1.396701e-03	-1.066211e+01
4.109000e-05	-3.339028e-03	-1.039153e+01
4.110000e-05	-5.142135e-03	-1.012732e+01
4.111000e-05	-5.760994e-03	-9.926217e+00
4.112000e-05	-2.702713e-03	-9.715347e+00
4.113000e-05	-2.941302e-03	-9.442686e+00
4.114000e-05	-4.699540e-03	-9.199954e+00
4.115000e-05	-6.458601e-03	-8.946951e+00
4.116000e-05	-5.328494e-03	-8.735897e+00
4.117000e-05	-3.446166e-03	-8.472191e+00
4.118000e-05	-4.444461e-03	-8.220957e+00
4.119000e-05	-6.531292e-03	-7.999548e+00
4.120000e-05	-7.658641e-03	-7.663717e+00
4.121000e-05	-5.318204e-03	-7.388533e+00
4.122000e-05	-5.359126e-03	-7.156416e+00
4.123000e-05	-7.018914e-03	-6.842083e+00
4.124000e-05	-7.851997e-03	-6.617477e+00
4.125000e-05	-6.581881e-03	-6.326841e+00
4.126000e-05	-5.560783e-03	-6.011584e+00
4.127000e-05	-7.022620e-03	-5.775899e+00
4.128000e-05	-8.607765e-03	-5.462713e+00
4.129000e-05	-7.781043e-03	-5.166424e+00
4.130000e-05	-6.615406e-03	-4.810659e+00
4.131000e-05	-5.909968e-03	-4.514417e+00
4.132000e-05	-8.572152e-03	-4.313238e+00
4.133000e-05	-7.943328e-03	-4.029607e+00
4.134000e-05	-8.737592e-03	-3.703792e+00
4.135000e-05	-7.510084e-03	-3.439155e+00
4.136000e-05	-8.924388e-03	-3.136920e+00
4.137000e-05	-8.753941e-03	-2.809054e+00
4.138000e-05	-7.783722e-03	-2.566893e+00
4.139000e-05	-6.513726e-03	-2.260160e+00
4.140000e-05	-7.804138e-03	-1.916945e+00
4.141000e-05	-1.030696e-02	-1.691737e+00
4.142000e-05	-1.039996e-02	-1.335948e+00
4.143000e-05	-8.741793e-03	-1.019076e+00
4.144000e-05	-7.993805e-03	-7.149209e-01
4.145000e-05	-8.324735e-03	-3.895776e-01
4.146000e-05	-6.897674e-03	-1.458448e-01
4.147000e-05	9.011216e-05	1.587882e-01
4.148000e-05	6.533094e-03	4.530801e-01
4.149000e-05	-5.588502e-03	6.861406e-01
4.150000e-05	7.024731e-04	9.808499e-01
4.151000e-05	-6.381656e-03	1.294737e+00
4.152000e-05	2.026443e-03	1.570324e+00
4.153000e-05	1.455778e-03	1.884707e+00
4.154000e-05	3.997612e-02	2.117686e+00
4.155000e-05	9.884337e-02	2.402476e+00
4.156000e-05	-2.941905e-02	2.790398e+00
4.157000e-05	-6.361261e-02	3.086208e+00
4.158000e-05	-3.630684e-02	3.390949e+00
4.159000e-05	-2.874928e-02	3.675609e+00
4.160000e-05	-7.776655e-02	3.916164e+00
4.161000e-05	1.783870e-02	4.088764e+00
4.162000e-05	1.155610e-01	4.473132e+00
4.163000e-05	-1.412698e-01	4.736769e+00
4.164000e-05	1.599384e-01	4.972349e+00
4.165000e-05	-5.495864e-02	5.360423e+00
4.166000e-05	-4.427749e-02	5.590500e+00
4.167000e-05	4.264888e-02	5.897766e+00
4.168000e-05	-8.031914e-02	6.191399e+00
4.169000e-05	1.019583e-01	6.436035e+00
4.170000e-05	-5.365442e-02	6.749850e+00
4.171000e-05	1.878890e-02	7.022405e+00
4.172000e-05	-2.898135e-02	7.298791e+00
4.173000e-05	-1.577572e-02	7.620480e+00
4.174000e-05	2.551300e-02	7.926692e+00
4.175000e-05	-5.272730e-02	8.181350e+00
4.176000e-05	6.648812e-02	8.430476e+00
4.177000e-05	-3.336806e-02	8.643582e+00
4.178000e-05	1.731598e-02	8.896767e+00
4.179000e-05	-6.849561e-03	9.137846e+00
4.180000e-05	-5.113924e-02	9.412999e+00
4.181000e-05	2.470402e-02	9.604459e+00
4.182000e-05	-1.729515e-02	9.895662e+00
4.183000e-05	4.224503e-02	1.010672e+01
4.184000e-05	-4.061972e-02	1.033833e+01
4.185000e-05	1.785370e-02	1.060045e+01
4.186000e-05	-2.678984e-02	1.084198e+01
4.187000e-05	2.947793e-04	1.102308e+01
4.188000e-05	-1.040954e-02	1.123306e+01
4.189000e-05	-1.393078e-02	1.147571e+01
4.190000e-05	1.264571e-02	1.171525e+01
4.191000e-05	-9.605304e-03	1.191825e+01
4.192000e-05	3.645842e-03	1.211774e+01
4.193000e-05	-3.104803e-02	1.232734e+01
4.194000e-05	1.687960e-03	1.252622e+01
4.195000e-05	-7.729728e-03	1.271472e+01
4.196000e-05	8.265379e-03	1.288617e+01
4.197000e-05	-1.350600e-02	1.303411e+01
4.198000e-05	-1.330987e-02	1.324403e+01
4.199000e-05	-9.319357e-03	1.341036e+01
4.200000e-05	-1.141627e-02	1.356038e+01
4.201000e-05	-9.123434e-03	1.370837e+01
4.202000e-05	-1.478815e-02	1.388621e+01
4.203000e-05	-2.047217e-04	1.406361e+01
4.204000e-05	-4.341255e-03	1.424198e+01
4.205000e-05	-9.048612e-03	1.432995e+01
4.206000e-05	-2.310022e-02	1.450569e+01
4.207000e-05	-1.840986e-02	1.464258e+01
4.208000e-05	-8.469925e-03	1.475830e+01
4.209000e-05	-7.517437e-03	1.488519e+01
4.210000e-05	-1.120145e-02	1.497988e+01
4.211000e-05	-1.701143e-02	1.508459e+01
4.212000e-05	-1.135693e-02	1.515940e+01
4.213000e-05	-1.458529e-02	1.526356e+01
4.214000e-05	-1.643688e-02	1.531882e+01
4.215000e-05	-2.015318e-02	1.544103e+01
4.216000e-05	-1.524566e-02	1.547727e+01
4.217000e-05	-1.071229e-02	1.560000e+01
4.218000e-05	-1.838080e-02	1.568464e+01
4.219000e-05	-2.437240e-02	1.571522e+01
4.220000e-05	-2.757834e-02	1.577038e+01
4.221000e-05	-1.820408e-02	1.585101e+01
4.222000e-05	-1.799890e-02	1.588519e+01
4.223000e-05	-2.215514e-02	1.592627e+01
4.224000e-05	-2.655838e-02	1.599940e+01
4.225000e-05	-2.606061e-02	1.601138e+01
4.226000e-05	-2.618431e-02	1.598095e+01
4.227000e-05	-3.362802e-02	1.599103e+01
4.228000e-05	-3.677775e-02	1.602011e+01
4.229000e-05	-3.767195e-02	1.605216e+01
4.230000e-05	-3.170452e-02	1.599101e+01
4.231000e-05	-3.877557e-02	1.601003e+01
4.232000e-05	-4.789823e-02	1.600053e+01
4.233000e-05	-5.901613e-02	1.600088e+01
4.234000e-05	-6.236419e-02	1.595843e+01
4.235000e-05	-7.234115e-02	1.595832e+01
4.236000e-05	-9.692813e-02	1.594530e+01
4.237000e-05	-1.237944e-01	1.587314e+01
4.238000e-05	-1.729185e-01	1.582256e+01
4.239000e-05	-2.288246e-01	1.580740e+01
4.240000e-05	-2.499952e-01	1.572474e+01
4.241000e-05	-2.500000e-01	1.564264e+01
4.242000e-05	-2.499800e-01	1.562103e+01
4.243000e-05	-2.200042e-01	1.550675e+01
4.244000e-05	-1.445526e-01	1.542056e+01
4.245000e-05	-1.017052e-01	1.529739e+01
4.246000e-05	-7.152120e-02	1.520251e+01
4.247000e-05	-5.241151e-02	1.513830e+01
4.248000e-05	-3.524928e-02	1.504006e+01
4.249000e-05	-3.152493e-02	1.492580e+01
4.250000e-05	-2.846542e-02	1.482101e+01
4.251000e-05	-2.563414e-02	1.470562e+01
4.252000e-05	-2.051264e-02	1.454840e+01
4.253000e-05	-2.031298e-02	1.448161e+01
4.254000e-05	-2.111449e-02	1.429477e+01
4.255000e-05	-2.020288e-02	1.414537e+01
4.256000e-05	-1.404932e-02	1.402101e+01
4.257000e-05	-1.109378e-02	1.379208e+01
4.258000e-05	-1.238683e-02	1.371376e+01
4.259000e-05	-1.534260e-02	1.350735e+01
4.260000e-05	-1.325994e-02	1.333695e+01
4.261000e-05	-1.275622e-02	1.314793e+01
4.262000e-05	-1.232069e-02	1.300001e+01
4.263000e-05	-1.499753e-02	1.282053e+01
4.264000e-05	-1.249481e-02	1.263221e+01
4.265000e-05	-9.836613e-03	1.249417e+01
4.266000e-05	-7.156170e-03	1.230429e+01
4.267000e-05	-1.048883e-02	1.205264e+01
4.268000e-05	-1.222118e-02	1.193377e+01
4.269000e-05	-9.681775e-03	1.166374e+01
4.270000e-05	-8.873987e-03	1.144006e+01
4.271000e-05	-9.227757e-03	1.124909e+01
4.272000e-05	-1.164336e-02	1.102000e+01
4.273000e-05	-8.752505e-03	1.078946e+01
4.274000e-05	-7.751673e-03	1.055747e+01
4.275000e-05	-6.359064e-03	1.035637e+01
4.276000e-05	-9.200522e-03	1.008389e+01
4.277000e-05	-9.399708e-03	9.882663e+00
4.278000e-05	-7.519196e-03	9.609108e+00
4.279000e-05	-6.460701e-03	9.408924e+00
4.280000e-05	-8.203964e-03	9.176375e+00
4.281000e-05	-1.018788e-02	8.903195e+00
4.282000e-05	-7.737939e-03	8.642108e+00
4.283000e-05	-6.068777e-03	8.400557e+00
4.284000e-05	-5.713050e-03	8.125999e+00
4.285000e-05	-7.044312e-03	7.854291e+00
4.286000e-05	-7.539934e-03	7.631183e+00
4.287000e-05	-6.549441e-03	7.314697e+00
4.288000e-05	-6.316966e-03	7.071787e+00
4.289000e-05	-8.168522e-03	6.789532e+00
4.290000e-05	-9.258841e-03	6.501768e+00
4.291000e-05	-6.110789e-03	6.258034e+00
4.292000e-05	-5.799186e-03	5.978455e+00
4.293000e-05	-5.407977e-03	5.713291e+00
4.294000e-05	-7.317512e-03	5.420130e+00
4.295000e-05	-6.612926e-03	5.101760e+00
4.296000e-05	-5.876237e-03	4.755946e+00
4.297000e-05	-5.500436e-03	4.493339e+00
4.298000e-05	-7.091719e-03	4.229001e+00
4.299000e-05	-7.580620e-03	3.883791e+00
4.300000e-05	-5.765713e-03	3.640101e+00
4.301000e-05	-5.540164e-03	3.336341e+00
4.302000e-05	-6.411744e-03	3.050634e+00
4.303000e-05	-7.836445e-03	2.788975e+00
4.304000e-05	-5.295062e-03	2.451128e+00
4.305000e-05	-4.166431e-03	2.176447e+00
4.306000e-05	-5.084655e-03	1.893264e+00
4.307000e-05	-7.052317e-03	1.546472e+00
4.308000e-05	-7.115109e-03	1.293212e+00
4.309000e-05	-5.940434e-03	9.347869e-01
4.310000e-05	-4.646653e-03	6.371315e-01
4.311000e-05	-4.889847e-03	3.764975e-01
4.312000e-05	-3.475549e-03	5.010270e-02
4.313000e-05	3.084566e-03	-2.441290e-01
4.314000e-05	9.868551e-03	-4.671905e-01
4.315000e-05	-3.384661e-03	-8.335775e-01
4.316000e-05	2.423124e-03	-1.084634e+00
4.317000e-05	-4.319658e-03	-1.422925e+00
4.318000e-05	2.789772e-03	-1.664582e+00
4.319000e-05	1.796596e-02	-1.916211e+00
4.320000e-05	9.887003e-02	-2.161896e+00
4.321000e-05	4.856883e-02	-2.550694e+00
4.322000e-05	-8.412170e-02	-2.992450e+00
4.323000e-05	-8.234570e-03	-3.327241e+00
4.324000e-05	-5.295441e-02	-3.507317e+00
4.325000e-05	-6.223624e-02	-3.753419e+00
4.326000e-05	4.442988e-02	-3.939422e+00
4.327000e-05	9.850454e-02	-4.191450e+00
4.328000e-05	-1.404805e-01	-4.498717e+00
4.329000e-05	1.986273e-01	-4.779896e+00
4.330000e-05	-1.529094e-01	-5.096638e+00
4.331000e-05	7.893743e-02	-5.495711e+00
4.332000e-05	-3.704753e-05	-5.705188e+00
4.333000e-05	-1.135952e-01	-5.992904e+00
4.334000e-05	1.798374e-01	-6.255030e+00
4.335000e-05	-1.434611e-01	-6.581424e+00
4.336000e-05	1.383523e-01	-6.833588e+00
4.337000e-05	-8.753510e-02	-7.097720e+00
4.338000e-05	-9.739814e-03	-7.453583e+00
4.339000e-05	7.608075e-02	-7.677191e+00
4.340000e-05	-1.069984e-01	-7.992904e+00
4.341000e-05	1.561938e-01	-8.234054e+00
4.342000e-05	-1.271121e-01	-8.468591e+00
4.343000e-05	1.141845e-01	-8.781903e+00
4.344000e-05	-4.115507e-02	-9.033555e+00
4.345000e-05	-3.004722e-02	-9.255641e+00
4.346000e-05	3.810488e-02	-9.496636e+00
4.347000e-05	-5.812085e-02	-9.730325e+00
4.348000e-05	1.272243e-01	-9.936821e+00
4.349000e-05	-8.843852e-02	-1.022253e+01
4.350000e-05	8.646517e-02	-1.048503e+01
4.351000e-05	-8.787143e-02	-1.067609e+01
4.352000e-05	6.625603e-02	-1.087761e+01
4.353000e-05	-2.880415e-02	-1.108824e+01
4.354000e-05	1.717750e-02	-1.135032e+01
4.355000e-05	8.703704e-03	-1.156977e+01
4.356000e-05	-1.725129e-03	-1.176248e+01
4.357000e-05	3.878983e-02	-1.201238e+01
4.358000e-05	-3.660456e-02	-1.222248e+01
4.359000e-05	2.641636e-02	-1.240251e+01
4.360000e-05	-2.575114e-02	-1.258346e+01
4.361000e-05	5.593418e-02	-1.277096e+01
4.362000e-05	-1.603703e-02	-1.299787e+01
4.363000e-05	2.099185e-02	-1.315773e+01
4.364000e-05	-2.478947e-02	-1.331727e+01
4.365000e-05	2.324259e-02	-1.346627e+01
4.366000e-05	-1.893645e-03	-1.363353e+01
4.367000e-05	1.425226e-02	-1.380951e+01
4.368000e-05	1.121580e-03	-1.395043e+01
4.369000e-05	1.863033e-02	-1.414820e+01
4.370000e-05	1.362555e-02	-1.424409e+01
4.371000e-05	6.582296e-04	-1.441201e+01
4.372000e-05	-4.728852e-03	-1.456785e+01
4.373000e-05	1.266230e-03	-1.468454e+01
4.374000e-05	2.398888e-02	-1.479100e+01
4.375000e-05	1.274882e-02	-1.492619e+01
4.376000e-05	1.351665e-02	-1.502106e+01
4.377000e-05	-3.519936e-03	-1.510722e+01
4.378000e-05	1.777036e-02	-1.522353e+01
4.379000e-05	7.969698e-03	-1.528465e+01
4.380000e-05	1.353592e-02	-1.541093e+01
4.381000e-05	2.993234e-03	-1.548659e+01
4.382000e-05	1.853669e-02	-1.561040e+01
4.383000e-05	1.821720e-02	-1.562411e+01
4.384000e-05	1.312191e-02	-1.571674e+01
4.385000e-05	3.356158e-03	-1.578093e+01
4.386000e-05	8.592622e-03	-1.583354e+01
4.387000e-05	2.342717e-02	-1.585667e+01
4.388000e-05	2.353838e-02	-1.592777e+01
4.389000e-05	1.900909e-02	-1.596985e+01
4.390000e-05	1.330530e-02	-1.601198e+01
4.391000e-05	2.104540e-02	-1.601345e+01
4.392000e-05	2.396996e-02	-1.604362e+01
4.393000e-05	2.203970e-02	-1.606564e+01
4.394000e-05	2.084580e-02	-1.605454e+01
4.395000e-05	3.003267e-02	-1.607467e+01
4.396000e-05	3.912357e-02	-1.608466e+01
4.397000e-05	3.763804e-02	-1.609364e+01
4.398000e-05	3.368547e-02	-1.607359e+01
4.399000e-05	4.048449e-02	-1.604251e+01
4.400000e-05	5.716228e-02	-1.602151e+01
4.401000e-05	7.381451e-02	-1.596945e+01
4.402000e-05	8.769534e-02	-1.594875e+01
4.403000e-05	1.141436e-01	-1.588617e+01
4.404000e-05	1.659209e-01	-1.580456e+01
4.405000e-05	2.339142e-01	-1.577003e+01
4.406000e-05	2.499960e-01	-1.571779e+01
4.407000e-05	2.500000e-01	-1.564356e+01
4.408000e-05	2.499550e-01	-1.561148e+01
4.409000e-05	2.176382e-01	-1.552577e+01
4.410000e-05	1.418089e-01	-1.538214e+01
4.411000e-05	8.654422e-02	-1.533587e+01
4.412000e-05	5.676178e-02	-1.521259e+01
4.413000e-05	4.328571e-02	-1.513890e+01
4.414000e-05	3.381062e-02	-1.504214e+01
4.415000e-05	2.308612e-02	-1.492630e+01
4.416000e-05	1.521973e-02	-1.485196e+01
4.417000e-05	1.506111e-02	-1.470532e+01
4.418000e-05	1.530355e-02	-1.456846e+01
4.419000e-05	1.031558e-02	-1.448216e+01
4.420000e-05	5.166012e-03	-1.431527e+01
4.421000e-05	4.821383e-03	-1.415847e+01
4.422000e-05	9.688278e-03	-1.403099e+01
4.423000e-05	8.610040e-03	-1.384210e+01
4.424000e-05	3.313706e-03	-1.370572e+01
4.425000e-05	9.363365e-04	-1.352727e+01
4.426000e-05	2.955353e-03	-1.336890e+01
4.427000e-05	4.986611e-03	-1.323141e+01
4.428000e-05	2.954240e-03	-1.306256e+01
4.429000e-05	-1.374756e-03	-1.286419e+01
4.430000e-05	1.049762e-03	-1.265672e+01
4.431000e-05	3.117945e-03	-1.248367e+01
4.432000e-05	1.860509e-03	-1.231473e+01
4.433000e-05	-3.901976e-03	-1.212432e+01
4.434000e-05	-3.425835e-03	-1.185630e+01
4.435000e-05	-8.158155e-04	-1.168327e+01
4.436000e-05	1.903722e-03	-1.145309e+01
4.437000e-05	-2.096299e-03	-1.118909e+01
4.438000e-05	-4.233380e-03	-1.097845e+01
4.439000e-05	-3.525197e-03	-1.077892e+01
4.440000e-05	-7.225805e-04	-1.059790e+01
4.441000e-05	-3.259869e-03	-1.034732e+01
4.442000e-05	-5.749004e-03	-1.006271e+01
4.443000e-05	-5.257911e-03	-9.861716e+00
4.444000e-05	-2.515237e-03	-9.642613e+00
4.445000e-05	-2.536339e-03	-9.398528e+00
4.446000e-05	-6.218985e-03	-9.146347e+00
4.447000e-05	-6.866245e-03	-8.944321e+00
4.448000e-05	-4.819182e-03	-8.673166e+00
4.449000e-05	-2.819366e-03	-8.389002e+00
4.450000e-05	-5.058895e-03	-8.157920e+00
4.451000e-05	-7.247608e-03	-7.883262e+00
4.452000e-05	-7.240908e-03	-7.618905e+00
4.453000e-05	-3.804728e-03	-7.335370e+00
4.454000e-05	-5.423462e-03	-7.042708e+00
4.455000e-05	-7.189410e-03	-6.785949e+00
4.456000e-05	-6.923850e-03	-6.535371e+00
4.457000e-05	-5.741600e-03	-6.263558e+00
4.458000e-05	-5.553379e-03	-5.938452e+00
4.459000e-05	-7.778587e-03	-5.714292e+00
4.460000e-05	-9.602512e-03	-5.386527e+00
4.461000e-05	-7.653235e-03	-5.082664e+00
4.462000e-05	-6.310862e-03	-4.727424e+00
4.463000e-05	-5.944289e-03	-4.463160e+00
4.464000e-05	-9.641022e-03	-4.220632e+00
4.465000e-05	-8.972817e-03	-3.966944e+00
4.466000e-05	-8.531350e-03	-3.620652e+00
4.467000e-05	-6.841968e-03	-3.337997e+00
4.468000e-05	-9.561696e-03	-3.079765e+00
4.469000e-05	-7.996926e-03	-2.757398e+00
4.470000e-05	-8.069777e-03	-2.522262e+00
4.471000e-05	-6.514751e-03	-2.226472e+00
4.472000e-05	-9.267098e-03	-1.874209e+00
4.473000e-05	-1.078542e-02	-1.599101e+00
4.474000e-05	-1.031977e-02	-1.270683e+00
4.475000e-05	-8.100548e-03	-9.459459e-01
4.476000e-05	-7.669478e-03	-6.631828e-01
4.477000e-05	-8.107762e-03	-3.468721e-01
4.478000e-05	-6.302559e-03	-6.263296e-02
4.479000e-05	4.213333e-03	1.941539e-01
4.480000e-05	1.665643e-03	4.852609e-01
4.481000e-05	-2.434742e-03	7.373711e-01
4.482000e-05	-2.960410e-03	1.033707e+00
4.483000e-05	-3.108186e-03	1.328815e+00
4.484000e-05	1.313809e-04	1.674657e+00
4.485000e-05	9.343637e-03	1.956791e+00
4.486000e-05	5.434411e-02	2.179896e+00
4.487000e-05	9.093788e-02	2.497641e+00
4.488000e-05	-7.392065e-02	2.873135e+00
4.489000e-05	-3.914815e-02	3.138396e+00
4.490000e-05	-4.309856e-02	3.456757e+00
4.491000e-05	-2.678123e-02	3.736370e+00
4.492000e-05	-8.591261e-02	3.948792e+00
4.493000e-05	7.711249e-02	4.182499e+00
4.494000e-05	4.606244e-02	4.518295e+00
4.495000e-05	-1.074868e-01	4.789847e+00
4.496000e-05	1.810691e-01	5.077213e+00
4.497000e-05	-1.404516e-01	5.473108e+00
4.498000e-05	4.230344e-02	5.686612e+00
4.499000e-05	-2.615844e-02	6.022953e+00
4.500000e-05	-2.152086e-02	6.264683e+00
4.501000e-05	7.536418e-02	6.539797e+00
4.502000e-05	-6.223492e-02	6.873579e+00
4.503000e-05	3.766140e-02	7.086716e+00
4.504000e-05	-6.022710e-02	7.403026e+00
4.505000e-05	2.721455e-02	7.684111e+00
4.506000e-05	-1.685803e-02	7.981379e+00
4.507000e-05	-1.244361e-02	8.264583e+00
4.508000e-05	4.820195e-02	8.496639e+00
4.509000e-05	-3.961286e-02	8.707221e+00
4.510000e-05	3.484378e-02	8.970300e+00
4.511000e-05	-4.009332e-02	9.213029e+00
4.512000e-05	-2.029297e-02	9.425059e+00
4.513000e-05	6.902180e-03	9.737619e+00
4.514000e-05	7.062319e-03	9.927874e+00
4.515000e-05	1.811624e-02	1.018090e+01
4.516000e-05	-2.926585e-02	1.037493e+01
4.517000e-05	1.266599e-02	1.065356e+01
4.518000e-05	-2.734410e-02	1.086364e+01
4.519000e-05	6.124902e-03	1.108556e+01
4.520000e-05	-2.012270e-02	1.126872e+01
4.521000e-05	-4.810300e-04	1.156975e+01
4.522000e-05	3.966311e-03	1.177033e+01
4.523000e-05	-2.035870e-03	1.197990e+01
4.524000e-05	-1.071041e-02	1.219093e+01
4.525000e-05	-2.072359e-02	1.238888e+01
4.526000e-05	-2.521568e-03	1.258888e+01
4.527000e-05	-5.068709e-05	1.274785e+01
4.528000e-05	9.446928e-04	1.292722e+01
4.529000e-05	-1.402993e-02	1.307522e+01
4.530000e-05	-1.384817e-02	1.329464e+01
4.531000e-05	-8.456274e-03	1.343144e+01
4.532000e-05	-1.009197e-02	1.363091e+01
4.533000e-05	-1.367888e-02	1.375038e+01
4.534000e-05	-8.765930e-03	1.391880e+01
4.535000e-05	-2.049773e-03	1.410517e+01
4.536000e-05	-1.220804e-03	1.428316e+01
4.537000e-05	-1.720676e-02	1.440998e+01
4.538000e-05	-2.058008e-02	1.452682e+01
4.539000e-05	-1.837975e-02	1.466414e+01
4.540000e-05	-4.782208e-03	1.476888e+01
4.541000e-05	-9.275883e-03	1.492619e+01
4.542000e-05	-1.371172e-02	1.495945e+01
4.543000e-05	-1.509627e-02	1.508464e+01
4.544000e-05	-1.228000e-02	1.519046e+01
4.545000e-05	-1.230356e-02	1.527466e+01
4.546000e-05	-2.135064e-02	1.536990e+01
4.547000e-05	-1.840161e-02	1.544356e+01
4.548000e-05	-1.617254e-02	1.554882e+01
4.549000e-05	-1.023006e-02	1.558048e+01
4.550000e-05	-2.188385e-02	1.568314e+01
4.551000e-05	-2.562155e-02	1.571685e+01
4.552000e-05	-2.648747e-02	1.579843e+01
4.553000e-05	-1.726135e-02	1.580313e+01
4.554000e-05	-1.769633e-02	1.592427e+01
4.555000e-05	-2.518144e-02	1.594877e+01
4.556000e-05	-2.497124e-02	1.597935e+01
4.557000e-05	-2.655377e-02	1.596893e+01
4.558000e-05	-2.613442e-02	1.603001e+01
4.559000e-05	-3.718388e-02	1.601103e+01
4.560000e-05	-3.751023e-02	1.601349e+01
4.561000e-05	-3.623998e-02	1.604014e+01
4.562000e-05	-3.268677e-02	1.602299e+01
4.563000e-05	-4.046683e-02	1.604204e+01
4.564000e-05	-5.259758e-02	1.597903e+01
4.565000e-05	-5.855088e-02	1.599051e+01
4.566000e-05	-6.527427e-02	1.594840e+01
4.567000e-05	-7.650034e-02	1.594787e+01
4.568000e-05	-1.027334e-01	1.588374e+01
4.569000e-05	-1.357781e-01	1.584264e+01
4.570000e-05	-1.868320e-01	1.581946e+01
4.571000e-05	-2.414266e-01	1.575738e+01
4.572000e-05	-2.499982e-01	1.569366e+01
4.573000e-05	-2.500000e-01	1.562153e+01
4.574000e-05	-2.496036e-01	1.555843e+01
4.575000e-05	-1.974884e-01	1.547612e+01
4.576000e-05	-1.270415e-01	1.541050e+01
4.577000e-05	-9.037331e-02	1.526579e+01
4.578000e-05	-6.663710e-02	1.516748e+01
4.579000e-05	-4.812201e-02	1.509522e+01
4.580000e-05	-3.623679e-02	1.494906e+01
4.581000e-05	-3.257789e-02	1.490320e+01
4.582000e-05	-2.852953e-02	1.476835e+01
4.583000e-05	-2.347509e-02	1.466414e+01
4.584000e-05	-1.730065e-02	1.451677e+01
4.585000e-05	-1.799164e-02	1.441146e+01
4.586000e-05	-2.084768e-02	1.429214e+01
4.587000e-05	-2.001399e-02	1.413482e+01
4.588000e-05	-1.440187e-02	1.391735e+01
4.589000e-05	-1.258230e-02	1.377003e+01
4.590000e-05	-1.352868e-02	1.367113e+01
4.591000e-05	-1.573026e-02	1.345271e+01
4.592000e-05	-1.294112e-02	1.329582e+01
4.593000e-05	-1.215688e-02	1.310637e+01
4.594000e-05	-1.154724e-02	1.291585e+01
4.595000e-05	-1.470665e-02	1.279855e+01
4.596000e-05	-1.139915e-02	1.263101e+01
4.597000e-05	-9.599054e-03	1.242063e+01
4.598000e-05	-8.313628e-03	1.223166e+01
4.599000e-05	-1.217504e-02	1.207116e+01
4.600000e-05	-1.304085e-02	1.180069e+01
4.601000e-05	-1.030254e-02	1.161956e+01
4.602000e-05	-7.600050e-03	1.136645e+01
4.603000e-05	-8.250803e-03	1.116743e+01
4.604000e-05	-1.074671e-02	1.091735e+01
4.605000e-05	-8.013649e-03	1.069698e+01
4.606000e-05	-7.145893e-03	1.049319e+01
4.607000e-05	-7.693546e-03	1.028016e+01
4.608000e-05	-1.009480e-02	1.003116e+01
4.609000e-05	-9.964712e-03	9.778054e+00
4.610000e-05	-6.528243e-03	9.514424e+00
4.611000e-05	-6.440256e-03	9.304841e+00
4.612000e-05	-8.145532e-03	9.114212e+00
4.613000e-05	-1.017129e-02	8.818057e+00
4.614000e-05	-7.137229e-03	8.617525e+00
4.615000e-05	-5.873253e-03	8.355445e+00
4.616000e-05	-6.034800e-03	8.084214e+00
4.617000e-05	-7.796875e-03	7.830655e+00
4.618000e-05	-6.484661e-03	7.545874e+00
4.619000e-05	-6.189888e-03	7.281184e+00
4.620000e-05	-6.942036e-03	6.979478e+00
4.621000e-05	-8.533561e-03	6.705441e+00
4.622000e-05	-8.884400e-03	6.449658e+00
4.623000e-05	-6.068979e-03	6.176953e+00
4.624000e-05	-4.875900e-03	5.895341e+00
4.625000e-05	-5.033940e-03	5.620179e+00
4.626000e-05	-7.499485e-03	5.325400e+00
4.627000e-05	-6.827055e-03	4.997504e+00
4.628000e-05	-6.069197e-03	4.692837e+00
4.629000e-05	-6.024290e-03	4.429603e+00
4.630000e-05	-7.545393e-03	4.082320e+00
4.631000e-05	-6.729160e-03	3.839154e+00
4.632000e-05	-5.088109e-03	3.568021e+00
4.633000e-05	-4.477894e-03	3.220157e+00
4.634000e-05	-5.954089e-03	2.987922e+00
4.635000e-05	-6.767669e-03	2.693318e+00
4.636000e-05	-6.774515e-03	2.367421e+00
4.637000e-05	-5.347604e-03	2.112811e+00
4.638000e-05	-6.029432e-03	1.788105e+00
4.639000e-05	-5.932562e-03	1.493741e+00
4.640000e-05	-6.607515e-03	1.167048e+00
4.641000e-05	-5.026519e-03	8.191526e-01
4.642000e-05	-4.251605e-03	5.344173e-01
4.643000e-05	-3.552117e-03	2.612557e-01
4.644000e-05	-2.046406e-03	-3.462752e-02
4.645000e-05	6.767397e-03	-3.262419e-01
4.646000e-05	3.656157e-03	-6.118738e-01
4.647000e-05	-4.306783e-04	-8.551090e-01
4.648000e-05	-1.008307e-03	-1.159797e+00
4.649000e-05	-6.025145e-04	-1.475661e+00
4.650000e-05	2.431831e-03	-1.718265e+00
4.651000e-05	3.437925e-02	-1.949344e+00
4.652000e-05	1.220741e-01	-2.264084e+00
4.653000e-05	-2.020423e-02	-2.664107e+00
4.654000e-05	-5.405138e-02	-3.117214e+00
4.655000e-05	-2.416134e-02	-3.399926e+00
4.656000e-05	-4.659595e-02	-3.601423e+00
4.657000e-05	-7.423395e-02	-3.842108e+00
4.658000e-05	1.273304e-01	-4.022453e+00
4.659000e-05	-1.764727e-02	-4.286608e+00
4.660000e-05	-6.334802e-02	-4.655051e+00
4.661000e-05	1.522945e-01	-4.844530e+00
4.662000e-05	-1.796289e-01	-5.195501e+00
4.663000e-05	1.675962e-01	-5.568346e+00
4.664000e-05	-1.320781e-01	-5.760796e+00
4.665000e-05	1.001721e-02	-6.089168e+00
4.666000e-05	1.141640e-01	-6.326219e+00
4.667000e-05	-1.222496e-01	-6.665587e+00
4.668000e-05	1.594943e-01	-6.869219e+00
4.669000e-05	-1.640189e-01	-7.222907e+00
4.670000e-05	9.655981e-02	-7.507840e+00
4.671000e-05	-2.581164e-02	-7.782352e+00
4.672000e-05	-1.728428e-02	-8.074636e+00
4.673000e-05	1.048978e-01	-8.306186e+00
4.674000e-05	-1.243865e-01	-8.603456e+00
4.675000e-05	1.540011e-01	-8.865064e+00
4.676000e-05	-1.257159e-01	-9.076663e+00
4.677000e-05	5.881608e-02	-9.318797e+00
4.678000e-05	-4.230375e-02	-9.558748e+00
4.679000e-05	3.111020e-02	-9.812552e+00
4.680000e-05	6.324852e-02	-1.001343e+01
4.681000e-05	-5.558991e-02	-1.027614e+01
4.682000e-05	6.662655e-02	-1.050664e+01
4.683000e-05	-9.033854e-02	-1.072880e+01
4.684000e-05	9.178918e-02	-1.095027e+01
4.685000e-05	-6.737838e-02	-1.115040e+01
4.686000e-05	6.153931e-02	-1.138183e+01
4.687000e-05	-3.297263e-02	-1.160306e+01
4.688000e-05	4.428122e-02	-1.187566e+01
4.689000e-05	-5.224077e-03	-1.208414e+01
4.690000e-05	-8.142415e-03	-1.223511e+01
4.691000e-05	2.628178e-03	-1.242299e+01
4.692000e-05	-4.915278e-04	-1.264316e+01
4.693000e-05	4.341779e-02	-1.283306e+01
4.694000e-05	-1.466047e-02	-1.300301e+01
4.695000e-05	1.646016e-02	-1.320038e+01
4.696000e-05	-2.370444e-02	-1.332890e+01
4.697000e-05	3.062087e-02	-1.351770e+01
4.698000e-05	-1.029725e-02	-1.367517e+01
4.699000e-05	2.094447e-02	-1.386409e+01
4.700000e-05	-4.352881e-03	-1.401346e+01
4.701000e-05	2.923124e-02	-1.420093e+01
4.702000e-05	3.772300e-03	-1.430625e+01
4.703000e-05	3.511886e-03	-1.445459e+01
4.704000e-05	-1.109241e-02	-1.454943e+01
4.705000e-05	1.261629e-02	-1.471720e+01
4.706000e-05	2.005750e-02	-1.482156e+01
4.707000e-05	1.528212e-02	-1.490832e+01
4.708000e-05	7.115760e-03	-1.506266e+01
4.709000e-05	2.713270e-03	-1.513935e+01
4.710000e-05	1.767125e-02	-1.524354e+01
4.711000e-05	8.051360e-03	-1.535780e+01
4.712000e-05	1.011174e-02	-1.542156e+01
4.713000e-05	4.438157e-03	-1.549825e+01
4.714000e-05	2.150991e-02	-1.557998e+01
4.715000e-05	1.663967e-02	-1.565514e+01
4.716000e-05	1.107871e-02	-1.569674e+01
4.717000e-05	3.020345e-03	-1.577100e+01
4.718000e-05	1.418357e-02	-1.581359e+01
4.719000e-05	2.461607e-02	-1.586570e+01
4.720000e-05	2.214064e-02	-1.594782e+01
4.721000e-05	1.490587e-02	-1.596090e+01
4.722000e-05	1.456268e-02	-1.602196e+01
4.723000e-05	2.189280e-02	-1.603351e+01
4.724000e-05	2.336275e-02	-1.608411e+01
4.725000e-05	1.981639e-02	-1.605462e+01
4.726000e-05	2.332025e-02	-1.609564e+01
4.727000e-05	3.347655e-02	-1.609457e+01
4.728000e-05	4.109124e-02	-1.604561e+01
4.729000e-05	3.624083e-02	-1.606359e+01
4.730000e-05	3.487590e-02	-1.605411e+01
4.731000e-05	4.369651e-02	-1.600258e+01
4.732000e-05	6.219122e-02	-1.602103e+01
4.733000e-05	7.657699e-02	-1.595982e+01
4.734000e-05	9.239118e-02	-1.591880e+01
4.735000e-05	1.263802e-01	-1.587369e+01
4.736000e-05	1.841788e-01	-1.582151e+01
4.737000e-05	2.436619e-01	-1.578850e+01
4.738000e-05	2.499982e-01	-1.569615e+01
4.739000e-05	2.500000e-01	-1.564161e+01
4.740000e-05	2.492120e-01	-1.557948e+01
4.741000e-05	1.955945e-01	-1.550314e+01
4.742000e-05	1.228563e-01	-1.541200e+01
4.743000e-05	7.496926e-02	-1.532474e+01
4.744000e-05	5.183468e-02	-1.522103e+01
4.745000e-05	4.137061e-02	-1.511828e+01
4.746000e-05	3.214007e-02	-1.499209e+01
4.747000e-05	2.148487e-02	-1.491622e+01
4.748000e-05	1.611035e-02	-1.478846e+01
4.749000e-05	1.596595e-02	-1.466412e+01
4.750000e-05	1.369662e-02	-1.457733e+01
4.751000e-05	7.036081e-03	-1.445206e+01
4.752000e-05	2.898124e-03	-1.425321e+01
4.753000e-05	5.328736e-03	-1.415629e+01
4.754000e-05	9.982155e-03	-1.398893e+01
4.755000e-05	8.851246e-03	-1.384106e+01
4.756000e-05	2.480853e-03	-1.366314e+01
4.757000e-05	2.150810e-03	-1.349724e+01
4.758000e-05	3.917748e-03	-1.333480e+01
4.759000e-05	5.046155e-03	-1.317895e+01
4.760000e-05	5.103780e-04	-1.300048e+01
4.761000e-05	-2.056446e-03	-1.285198e+01
4.762000e-05	9.709083e-04	-1.264208e+01
4.763000e-05	3.039190e-03	-1.244056e+01
4.764000e-05	4.942512e-04	-1.228118e+01
4.765000e-05	-4.703388e-03	-1.205216e+01
4.766000e-05	-2.246924e-03	-1.185211e+01
4.767000e-05	1.041278e-03	-1.164164e+01
4.768000e-05	2.202715e-03	-1.135843e+01
4.769000e-05	-2.864988e-03	-1.112542e+01
4.770000e-05	-4.899629e-03	-1.092524e+01
4.771000e-05	-2.699248e-03	-1.071682e+01
4.772000e-05	-2.656299e-03	-1.044482e+01
4.773000e-05	-4.505547e-03	-1.026261e+01
4.774000e-05	-6.423228e-03	-1.005149e+01
4.775000e-05	-3.916118e-03	-9.789501e+00
4.776000e-05	-1.116858e-03	-9.619028e+00
4.777000e-05	-2.790464e-03	-9.325795e+00
4.778000e-05	-5.904141e-03	-9.104687e+00
4.779000e-05	-6.085328e-03	-8.863183e+00
4.780000e-05	-4.096291e-03	-8.588480e+00
4.781000e-05	-3.649067e-03	-8.365367e+00
4.782000e-05	-7.661173e-03	-8.083262e+00
4.783000e-05	-8.551519e-03	-7.798081e+00
4.784000e-05	-6.738036e-03	-7.574912e+00
4.785000e-05	-3.576407e-03	-7.243188e+00
4.786000e-05	-5.774369e-03	-6.989477e+00
4.787000e-05	-7.357472e-03	-6.704768e+00
4.788000e-05	-7.503463e-03	-6.442659e+00
4.789000e-05	-4.630120e-03	-6.145875e+00
4.790000e-05	-6.644961e-03	-5.894738e+00
4.791000e-05	-9.451618e-03	-5.629529e+00
4.792000e-05	-1.151822e-02	-5.282768e+00
4.793000e-05	-7.197039e-03	-4.958447e+00
4.794000e-05	-5.507787e-03	-4.641608e+00
4.795000e-05	-6.889253e-03	-4.398603e+00
4.796000e-05	-9.106058e-03	-4.127917e+00
4.797000e-05	-8.263402e-03	-3.832687e+00
4.798000e-05	-7.724042e-03	-3.567396e+00
4.799000e-05	-8.004878e-03	-3.281737e+00
4.800000e-05	-1.060200e-02	-2.987498e+00
4.801000e-05	-9.177046e-03	-2.673688e+00
4.802000e-05	-6.628910e-03	-2.389550e+00
4.803000e-05	-7.092974e-03	-2.112741e+00
4.804000e-05	-9.098666e-03	-1.789051e+00
4.805000e-05	-1.137944e-02	-1.504315e+00
4.806000e-05	-9.131542e-03	-1.166570e+00
4.807000e-05	-8.626641e-03	-9.027092e-01
4.808000e-05	-7.564242e-03	-5.769223e-01
4.809000e-05	-8.789542e-03	-2.527579e-01
4.810000e-05	-4.894403e-03	-7.026304e-03
4.811000e-05	7.591617e-03	3.048170e-01
4.812000e-05	-3.556315e-03	5.689461e-01
4.813000e-05	1.206011e-03	8.425565e-01
4.814000e-05	-6.591496e-03	1.129895e+00
4.815000e-05	6.833000e-04	1.444079e+00
4.816000e-05	-1.844735e-03	1.759324e+00
4.817000e-05	2.021312e-02	1.989449e+00
4.818000e-05	7.351760e-02	2.255610e+00
4.819000e-05	5.891088e-02	2.634077e+00
4.820000e-05	-9.047701e-02	2.938820e+00
4.821000e-05	-2.795338e-02	3.215980e+00
4.822000e-05	-4.167047e-02	3.579371e+00
4.823000e-05	-3.890131e-02	3.824026e+00
4.824000e-05	-6.558735e-02	3.978928e+00
4.825000e-05	1.239934e-01	4.296138e+00
4.826000e-05	-4.710715e-02	4.611503e+00
4.827000e-05	-1.523912e-02	4.844503e+00
4.828000e-05	1.272919e-01	5.242903e+00
4.829000e-05	-1.552056e-01	5.507291e+00
4.830000e-05	8.935603e-02	5.818851e+00
4.831000e-05	-8.237431e-02	6.105639e+00
4.832000e-05	4.736919e-02	6.327794e+00
4.833000e-05	2.224664e-02	6.602608e+00
4.834000e-05	-4.078404e-02	6.887164e+00
4.835000e-05	3.151870e-02	7.147821e+00
4.836000e-05	-6.652323e-02	7.463688e+00
4.837000e-05	5.186478e-02	7.750822e+00
4.838000e-05	-5.363606e-02	8.064612e+00
4.839000e-05	3.317356e-02	8.306741e+00
4.840000e-05	1.397230e-02	8.519845e+00
4.841000e-05	-2.800762e-02	8.780330e+00
4.842000e-05	3.406645e-02	9.043005e+00
4.843000e-05	-6.251068e-02	9.285640e+00
4.844000e-05	1.191505e-02	9.536265e+00
4.845000e-05	-1.404477e-02	9.760950e+00
4.846000e-05	3.352393e-02	1.000248e+01
4.847000e-05	-1.370615e-02	1.022303e+01
4.848000e-05	-7.268304e-03	1.044669e+01
4.849000e-05	-3.423011e-03	1.071629e+01
4.850000e-05	-1.996743e-02	1.090527e+01
4.851000e-05	4.690673e-03	1.110532e+01
4.852000e-05	-2.403225e-02	1.137090e+01
4.853000e-05	1.204571e-02	1.160198e+01
4.854000e-05	-7.737531e-03	1.181190e+01
4.855000e-05	5.976321e-03	1.201208e+01
4.856000e-05	-2.602846e-02	1.221301e+01
4.857000e-05	-6.771422e-03	1.242298e+01
4.858000e-05	-9.411636e-03	1.258106e+01
4.859000e-05	8.028725e-03	1.277995e+01
4.860000e-05	-5.974168e-03	1.295045e+01
4.861000e-05	-1.274524e-02	1.313892e+01
4.862000e-05	-1.170768e-02	1.334827e+01
4.863000e-05	-1.113253e-02	1.346467e+01
4.864000e-05	-7.943353e-03	1.367564e+01
4.865000e-05	-1.700128e-02	1.377256e+01
4.866000e-05	-2.977865e-03	1.396036e+01
4.867000e-05	-4.412497e-03	1.415840e+01
4.868000e-05	3.447870e-04	1.430614e+01
4.869000e-05	-2.203811e-02	1.444401e+01
4.870000e-05	-1.788438e-02	1.456988e+01
4.871000e-05	-1.652720e-02	1.471470e+01
4.872000e-05	-4.550901e-03	1.480958e+01
4.873000e-05	-1.063923e-02	1.490772e+01
4.874000e-05	-1.541229e-02	1.501101e+01
4.875000e-05	-1.277196e-02	1.510829e+01
4.876000e-05	-1.412697e-02	1.521303e+01
4.877000e-05	-1.117269e-02	1.528632e+01
4.878000e-05	-2.226020e-02	1.541098e+01
4.879000e-05	-1.457684e-02	1.547464e+01
4.880000e-05	-1.444235e-02	1.554842e+01
4.881000e-05	-1.142361e-02	1.560403e+01
4.882000e-05	-2.352815e-02	1.569522e+01
4.883000e-05	-2.646238e-02	1.575781e+01
4.884000e-05	-2.378233e-02	1.580951e+01
4.885000e-05	-1.907343e-02	1.584256e+01
4.886000e-05	-1.714252e-02	1.591623e+01
4.887000e-05	-2.595061e-02	1.592880e+01
4.888000e-05	-2.210246e-02	1.598743e+01
4.889000e-05	-2.624782e-02	1.599993e+01
4.890000e-05	-2.750912e-02	1.597099e+01
4.891000e-05	-3.703833e-02	1.600206e+01
4.892000e-05	-3.938913e-02	1.607154e+01
4.893000e-05	-3.691972e-02	1.602246e+01
4.894000e-05	-3.688591e-02	1.599158e+01
4.895000e-05	-4.109533e-02	1.602143e+01
4.896000e-05	-5.393014e-02	1.601046e+01
4.897000e-05	-5.855832e-02	1.599893e+01
4.898000e-05	-6.690456e-02	1.595890e+01
4.899000e-05	-8.217904e-02	1.595577e+01
4.900000e-05	-1.101063e-01	1.585325e+01
4.901000e-05	-1.502740e-01	1.584004e+01
4.902000e-05	-2.052403e-01	1.578101e+01
4.903000e-05	-2.477903e-01	1.573735e+01
4.904000e-05	-2.500000e-01	1.566207e+01
4.905000e-05	-2.500000e-01	1.560256e+01
4.906000e-05	-2.445114e-01	1.555730e+01
4.907000e-05	-1.754032e-01	1.548366e+01
4.908000e-05	-1.141091e-01	1.535948e+01
4.909000e-05	-8.323305e-02	1.525374e+01
4.910000e-05	-6.285100e-02	1.517943e+01
4.911000e-05	-4.326939e-02	1.510219e+01
4.912000e-05	-3.403102e-02	1.496788e+01
4.913000e-05	-3.077474e-02	1.485414e+01
4.914000e-05	-2.856398e-02	1.474740e+01
4.915000e-05	-2.217011e-02	1.463209e+01
4.916000e-05	-1.713659e-02	1.448431e+01
4.917000e-05	-1.892288e-02	1.433740e+01
4.918000e-05	-2.072195e-02	1.420013e+01
4.919000e-05	-1.863997e-02	1.407222e+01
4.920000e-05	-1.323806e-02	1.389634e+01
4.921000e-05	-1.257815e-02	1.374795e+01
4.922000e-05	-1.566172e-02	1.356848e+01
4.923000e-05	-1.614861e-02	1.343053e+01
4.924000e-05	-1.231878e-02	1.327217e+01
4.925000e-05	-1.096828e-02	1.310574e+01
4.926000e-05	-1.219574e-02	1.290524e+01
4.927000e-05	-1.350819e-02	1.275538e+01
4.928000e-05	-1.147332e-02	1.254843e+01
4.929000e-05	-8.060938e-03	1.238806e+01
4.930000e-05	-9.895202e-03	1.215852e+01
4.931000e-05	-1.162422e-02	1.200853e+01
4.932000e-05	-1.326503e-02	1.175848e+01
4.933000e-05	-9.390620e-03	1.150745e+01
4.934000e-05	-9.302515e-03	1.131482e+01
4.935000e-05	-9.522965e-03	1.114377e+01
4.936000e-05	-1.072369e-02	1.087379e+01
4.937000e-05	-7.100270e-03	1.064371e+01
4.938000e-05	-5.522061e-03	1.045209e+01
4.939000e-05	-7.741492e-03	1.017945e+01
4.940000e-05	-9.993976e-03	9.988404e+00
4.941000e-05	-9.728947e-03	9.715826e+00
4.942000e-05	-7.985975e-03	9.481811e+00
4.943000e-05	-8.917261e-03	9.261259e+00
4.944000e-05	-8.966804e-03	8.989053e+00
4.945000e-05	-9.342952e-03	8.775504e+00
4.946000e-05	-6.631345e-03	8.494817e+00
4.947000e-05	-6.102184e-03	8.272737e+00
4.948000e-05	-6.466312e-03	8.037001e+00
4.949000e-05	-7.219318e-03	7.744442e+00
4.950000e-05	-6.942704e-03	7.449709e+00
4.951000e-05	-6.353535e-03	7.185000e+00
4.952000e-05	-8.242470e-03	6.953819e+00
4.953000e-05	-9.410717e-03	6.611107e+00
4.954000e-05	-7.669744e-03	6.395921e+00
4.955000e-05	-6.518221e-03	6.094816e+00
4.956000e-05	-5.381494e-03	5.841709e+00
4.957000e-05	-5.965136e-03	5.525945e+00
4.958000e-05	-6.384523e-03	5.250259e+00
4.959000e-05	-5.911384e-03	4.923265e+00
4.960000e-05	-5.474566e-03	4.609682e+00
4.961000e-05	-6.506593e-03	4.347474e+00
4.962000e-05	-6.842819e-03	4.039080e+00
4.963000e-05	-7.056390e-03	3.757396e+00
4.964000e-05	-5.785943e-03	3.471788e+00
4.965000e-05	-5.867106e-03	3.186951e+00
4.966000e-05	-6.336444e-03	2.883264e+00
4.967000e-05	-6.571392e-03	2.609108e+00
4.968000e-05	-5.193547e-03	2.313264e+00
4.969000e-05	-4.432213e-03	1.989578e+00
4.970000e-05	-5.985619e-03	1.673338e+00
4.971000e-05	-6.532775e-03	1.408703e+00
4.972000e-05	-5.810090e-03	1.093764e+00
4.973000e-05	-5.027249e-03	7.659209e-01
4.974000e-05	-5.647842e-03	4.923145e-01
4.975000e-05	-5.192174e-03	1.564237e-01
4.976000e-05	-1.485491e-03	-1.082596e-01
4.977000e-05	1.057695e-02	-3.808736e-01
4.978000e-05	-2.481110e-04	-6.456582e-01
4.979000e-05	4.623267e-03	-9.587948e-01
4.980000e-05	-3.845092e-03	-1.242153e+00
4.981000e-05	2.035443e-03	-1.569820e+00
4.982000e-05	2.589566e-03	-1.801450e+00
4.983000e-05	5.511871e-02	-2.014034e+00
4.984000e-05	1.214111e-01	-2.390371e+00
4.985000e-05	-7.524476e-02	-2.761344e+00
4.986000e-05	-2.380069e-02	-3.211449e+00
4.987000e-05	-4.278457e-02	-3.463083e+00
4.988000e-05	-4.291961e-02	-3.623032e+00
4.989000e-05	-6.010858e-02	-3.926133e+00
4.990000e-05	1.741349e-01	-4.095559e+00
4.991000e-05	-1.311942e-01	-4.370345e+00
4.992000e-05	8.826819e-02	-4.726189e+00
4.993000e-05	6.856539e-02	-4.917761e+00
4.994000e-05	-1.253092e-01	-5.340338e+00
4.995000e-05	1.589248e-01	-5.611497e+00
4.996000e-05	-1.917432e-01	-5.895557e+00
4.997000e-05	1.415338e-01	-6.140294e+00
4.998000e-05	-1.137023e-03	-6.391902e+00
4.999000e-05	-2.836901e-02	-6.759793e+00
