# 260528_14:50:36.668082
t	CH1	CH2
0.000000e+00	2.160665e-03	-1.788474e-01
1.000000e-08	9.376953e-03	-4.424552e-01
2.000000e-08	-3.279111e-03	-7.498721e-01
3.000000e-08	3.953993e-03	-1.051901e+00
4.000000e-08	-2.483043e-03	-1.357168e+00
5.000000e-08	2.156390e-03	-1.611929e+00
6.000000e-08	1.506667e-02	-1.893009e+00
7.000000e-08	1.017015e-01	-2.125691e+00
8.000000e-08	4.593614e-02	-2.475612e+00
9.000000e-08	-8.014499e-02	-2.926642e+00
1.000000e-07	-1.130408e-02	-3.284137e+00
1.100000e-07	-4.895114e-02	-3.526163e+00
1.200000e-07	-7.430970e-02	-3.696722e+00
1.300000e-07	6.563352e-02	-3.986318e+00
1.400000e-07	7.880491e-02	-4.167717e+00
1.500000e-07	-1.576671e-01	-4.486188e+00
1.600000e-07	2.083082e-01	-4.767722e+00
1.700000e-07	-1.565137e-01	-5.082028e+00
1.800000e-07	1.067353e-01	-5.473029e+00
1.900000e-07	-3.988363e-02	-5.664158e+00
2.000000e-07	-9.888015e-02	-5.991350e+00
2.100000e-07	1.934775e-01	-6.252933e+00
2.200000e-07	-1.508363e-01	-6.547244e+00
2.300000e-07	1.582067e-01	-6.841557e+00
2.400000e-07	-1.156646e-01	-7.115211e+00
2.500000e-07	1.283053e-02	-7.413504e+00
2.600000e-07	5.916135e-02	-7.723130e+00
2.700000e-07	-9.753101e-02	-7.999848e+00
2.800000e-07	1.557910e-01	-8.263006e+00
2.900000e-07	-1.409053e-01	-8.466113e+00
3.000000e-07	1.322160e-01	-8.788001e+00
3.100000e-07	-6.357181e-02	-9.000450e+00
3.200000e-07	-1.025364e-02	-9.284137e+00
3.300000e-07	1.854459e-02	-9.473762e+00
3.400000e-07	-4.524091e-02	-9.737747e+00
3.500000e-07	1.223862e-01	-9.959877e+00
3.600000e-07	-9.077601e-02	-1.020248e+01
3.700000e-07	8.856704e-02	-1.048171e+01
3.800000e-07	-1.000533e-01	-1.063459e+01
3.900000e-07	7.887709e-02	-1.092680e+01
4.000000e-07	-4.163063e-02	-1.108624e+01
4.100000e-07	2.868340e-02	-1.136990e+01
4.200000e-07	-4.946646e-03	-1.155885e+01
4.300000e-07	6.185263e-03	-1.184151e+01
4.400000e-07	2.984295e-02	-1.203216e+01
4.500000e-07	-3.515005e-02	-1.221310e+01
4.600000e-07	2.132694e-02	-1.239258e+01
4.700000e-07	-2.502985e-02	-1.261313e+01
4.800000e-07	5.819761e-02	-1.282053e+01
4.900000e-07	-1.905026e-02	-1.296050e+01
5.000000e-07	1.991039e-02	-1.315797e+01
5.100000e-07	-3.150062e-02	-1.337834e+01
5.200000e-07	2.715173e-02	-1.344626e+01
5.300000e-07	-6.787771e-03	-1.366370e+01
5.400000e-07	1.562248e-02	-1.384319e+01
5.500000e-07	-5.281594e-03	-1.397008e+01
5.600000e-07	2.041598e-02	-1.413860e+01
5.700000e-07	1.057670e-02	-1.429679e+01
5.800000e-07	4.632613e-04	-1.444424e+01
5.900000e-07	-8.444977e-03	-1.455005e+01
6.000000e-07	2.164473e-03	-1.470481e+01
6.100000e-07	2.309758e-02	-1.482218e+01
6.200000e-07	1.092087e-02	-1.494852e+01
6.300000e-07	8.793111e-03	-1.506523e+01
6.400000e-07	-6.312480e-03	-1.511897e+01
6.500000e-07	1.778860e-02	-1.526326e+01
6.600000e-07	7.762482e-03	-1.531750e+01
6.700000e-07	1.324533e-02	-1.541423e+01
6.800000e-07	6.946306e-04	-1.550600e+01
6.900000e-07	1.814543e-02	-1.565373e+01
7.000000e-07	1.614085e-02	-1.570646e+01
7.100000e-07	1.111151e-02	-1.573852e+01
7.200000e-07	5.560772e-04	-1.578272e+01
7.300000e-07	8.735837e-03	-1.588534e+01
7.400000e-07	2.369943e-02	-1.590799e+01
7.500000e-07	2.311051e-02	-1.594803e+01
7.600000e-07	1.533932e-02	-1.597118e+01
7.700000e-07	1.025652e-02	-1.605286e+01
7.800000e-07	1.976381e-02	-1.603589e+01
7.900000e-07	2.382473e-02	-1.611397e+01
8.000000e-07	2.039204e-02	-1.605592e+01
8.100000e-07	1.827832e-02	-1.612603e+01
8.200000e-07	2.684994e-02	-1.605654e+01
8.300000e-07	3.788894e-02	-1.608497e+01
8.400000e-07	3.481243e-02	-1.605592e+01
8.500000e-07	3.121369e-02	-1.611549e+01
8.600000e-07	3.538187e-02	-1.604342e+01
8.700000e-07	5.295833e-02	-1.603539e+01
8.800000e-07	6.452460e-02	-1.599179e+01
8.900000e-07	7.191114e-02	-1.597223e+01
9.000000e-07	8.888930e-02	-1.590958e+01
9.100000e-07	1.239066e-01	-1.588696e+01
9.200000e-07	1.774089e-01	-1.588438e+01
9.300000e-07	2.332300e-01	-1.582181e+01
9.400000e-07	2.499830e-01	-1.571744e+01
9.500000e-07	2.500000e-01	-1.564394e+01
9.600000e-07	2.494790e-01	-1.557123e+01
9.700000e-07	2.027563e-01	-1.547594e+01
9.800000e-07	1.284372e-01	-1.536025e+01
9.900000e-07	8.321224e-02	-1.526494e+01
1.000000e-06	6.372926e-02	-1.518231e+01
1.010000e-06	4.802818e-02	-1.507757e+01
1.020000e-06	3.150720e-02	-1.500078e+01
1.030000e-06	2.094152e-02	-1.488499e+01
1.040000e-06	1.968618e-02	-1.476973e+01
1.050000e-06	1.910121e-02	-1.466238e+01
1.060000e-06	1.336488e-02	-1.450559e+01
1.070000e-06	6.018499e-03	-1.437023e+01
1.080000e-06	5.430350e-03	-1.425189e+01
1.090000e-06	9.961893e-03	-1.404536e+01
1.100000e-06	9.090753e-03	-1.395767e+01
1.110000e-06	1.723768e-03	-1.372075e+01
1.120000e-06	-1.143324e-04	-1.358921e+01
1.130000e-06	2.921225e-03	-1.345343e+01
1.140000e-06	5.631957e-03	-1.323541e+01
1.150000e-06	1.616954e-03	-1.311552e+01
1.160000e-06	-1.915724e-03	-1.293809e+01
1.170000e-06	-6.076478e-04	-1.272803e+01
1.180000e-06	3.472842e-03	-1.255870e+01
1.190000e-06	1.537490e-03	-1.236215e+01
1.200000e-06	-3.876507e-03	-1.216018e+01
1.210000e-06	-5.102545e-03	-1.193920e+01
1.220000e-06	-1.345774e-03	-1.179971e+01
1.230000e-06	9.949854e-04	-1.152624e+01
1.240000e-06	-2.901661e-03	-1.121386e+01
1.250000e-06	-5.574421e-03	-1.103279e+01
1.260000e-06	-3.806329e-03	-1.081131e+01
1.270000e-06	-2.917244e-04	-1.060226e+01
1.280000e-06	-2.697116e-03	-1.039886e+01
1.290000e-06	-6.400567e-03	-1.015870e+01
1.300000e-06	-6.641815e-03	-9.937067e+00
1.310000e-06	-3.942208e-03	-9.715468e+00
1.320000e-06	-2.833757e-03	-9.422910e+00
1.330000e-06	-6.901462e-03	-9.171828e+00
1.340000e-06	-6.916054e-03	-8.959572e+00
1.350000e-06	-5.136265e-03	-8.697074e+00
1.360000e-06	-1.878511e-03	-8.412864e+00
1.370000e-06	-6.656567e-03	-8.219654e+00
1.380000e-06	-8.131168e-03	-7.977622e+00
1.390000e-06	-8.617714e-03	-7.664387e+00
1.400000e-06	-4.046194e-03	-7.360151e+00
1.410000e-06	-6.797660e-03	-7.105517e+00
1.420000e-06	-7.777224e-03	-6.820405e+00
1.430000e-06	-1.016549e-02	-6.579621e+00
1.440000e-06	-6.136003e-03	-6.295488e+00
1.450000e-06	-5.717678e-03	-6.021755e+00
1.460000e-06	-7.509356e-03	-5.696096e+00
1.470000e-06	-9.942514e-03	-5.421408e+00
1.480000e-06	-6.509638e-03	-5.116092e+00
1.490000e-06	-5.535664e-03	-4.798231e+00
1.500000e-06	-7.220676e-03	-4.464941e+00
1.510000e-06	-1.090894e-02	-4.263333e+00
1.520000e-06	-9.753835e-03	-3.999654e+00
1.530000e-06	-8.377639e-03	-3.684912e+00
1.540000e-06	-6.258822e-03	-3.429224e+00
1.550000e-06	-8.742994e-03	-3.085546e+00
1.560000e-06	-8.936545e-03	-2.798300e+00
1.570000e-06	-8.206843e-03	-2.464970e+00
1.580000e-06	-7.205454e-03	-2.161303e+00
1.590000e-06	-8.559486e-03	-1.915942e+00
1.600000e-06	-1.196754e-02	-1.641780e+00
1.610000e-06	-9.126104e-03	-1.284021e+00
1.620000e-06	-8.297490e-03	-9.690765e-01
1.630000e-06	-7.563063e-03	-6.949358e-01
1.640000e-06	-8.951798e-03	-4.095987e-01
1.650000e-06	-7.469062e-03	-9.543584e-02
1.660000e-06	3.383546e-03	2.093211e-01
1.670000e-06	3.692122e-03	5.031079e-01
1.680000e-06	-1.936607e-03	7.462394e-01
1.690000e-06	-1.528365e-03	1.041405e+00
1.700000e-06	-3.702925e-03	1.327663e+00
1.710000e-06	3.727844e-04	1.663506e+00
1.720000e-06	6.375096e-03	1.955737e+00
1.730000e-06	4.910958e-02	2.149345e+00
1.740000e-06	9.885390e-02	2.465039e+00
1.750000e-06	-7.084077e-02	2.844031e+00
1.760000e-06	-3.994668e-02	3.148738e+00
1.770000e-06	-4.375396e-02	3.433482e+00
1.780000e-06	-2.341089e-02	3.707191e+00
1.790000e-06	-9.081842e-02	3.957893e+00
1.800000e-06	8.831915e-02	4.192346e+00
1.810000e-06	3.636159e-02	4.528166e+00
1.820000e-06	-1.052523e-01	4.759493e+00
1.830000e-06	1.891062e-01	5.097137e+00
1.840000e-06	-1.480184e-01	5.434055e+00
1.850000e-06	5.320039e-02	5.635661e+00
1.860000e-06	-3.870949e-02	6.021929e+00
1.870000e-06	-1.135087e-02	6.264631e+00
1.880000e-06	7.073681e-02	6.519171e+00
1.890000e-06	-5.936407e-02	6.864031e+00
1.900000e-06	4.416191e-02	7.056715e+00
1.910000e-06	-6.986939e-02	7.412525e+00
1.920000e-06	3.542772e-02	7.706210e+00
1.930000e-06	-2.298500e-02	7.939851e+00
1.940000e-06	-6.206240e-03	8.255180e+00
1.950000e-06	4.585683e-02	8.465187e+00
1.960000e-06	-4.160561e-02	8.707370e+00
1.970000e-06	4.212482e-02	8.941375e+00
1.980000e-06	-4.337932e-02	9.243105e+00
1.990000e-06	-1.258823e-02	9.454135e+00
2.000000e-06	-3.198553e-04	9.718317e+00
2.010000e-06	1.464881e-02	9.957923e+00
2.020000e-06	1.648784e-02	1.019248e+01
2.030000e-06	-2.700993e-02	1.048411e+01
2.040000e-06	1.018592e-02	1.063416e+01
2.050000e-06	-2.862159e-02	1.088574e+01
2.060000e-06	1.105939e-02	1.108486e+01
2.070000e-06	-1.994723e-02	1.130879e+01
2.080000e-06	4.553871e-03	1.155894e+01
2.090000e-06	2.459427e-04	1.177048e+01
2.100000e-06	3.920364e-03	1.200310e+01
2.110000e-06	-1.302823e-02	1.220262e+01
2.120000e-06	-1.654999e-02	1.235155e+01
2.130000e-06	-5.228056e-03	1.261053e+01
2.140000e-06	3.494145e-03	1.279150e+01
2.150000e-06	3.160596e-03	1.296055e+01
2.160000e-06	-1.244853e-02	1.312779e+01
2.170000e-06	-1.235683e-02	1.331734e+01
2.180000e-06	-9.182425e-03	1.345569e+01
2.190000e-06	-4.464221e-03	1.368474e+01
2.200000e-06	-1.250117e-02	1.378263e+01
2.210000e-06	-6.960825e-03	1.393955e+01
2.220000e-06	-2.578740e-03	1.413897e+01
2.230000e-06	1.858708e-03	1.430689e+01
2.240000e-06	-1.558996e-02	1.442466e+01
2.250000e-06	-1.895346e-02	1.454955e+01
2.260000e-06	-1.864946e-02	1.470740e+01
2.270000e-06	-2.696161e-03	1.485416e+01
2.280000e-06	-6.117770e-03	1.491802e+01
2.290000e-06	-1.196320e-02	1.501479e+01
2.300000e-06	-1.259054e-02	1.510857e+01
2.310000e-06	-1.176967e-02	1.527524e+01
2.320000e-06	-9.282029e-03	1.535195e+01
2.330000e-06	-1.955351e-02	1.538316e+01
2.340000e-06	-1.624724e-02	1.548795e+01
2.350000e-06	-1.665401e-02	1.557065e+01
2.360000e-06	-8.374898e-03	1.564486e+01
2.370000e-06	-1.997122e-02	1.575792e+01
2.380000e-06	-2.358041e-02	1.580121e+01
2.390000e-06	-2.403782e-02	1.584534e+01
2.400000e-06	-1.537213e-02	1.586792e+01
2.410000e-06	-1.454107e-02	1.594250e+01
2.420000e-06	-2.386764e-02	1.599271e+01
2.430000e-06	-2.428570e-02	1.600383e+01
2.440000e-06	-2.635431e-02	1.605636e+01
2.450000e-06	-2.457686e-02	1.607691e+01
2.460000e-06	-3.287507e-02	1.604592e+01
2.470000e-06	-3.520321e-02	1.606744e+01
2.480000e-06	-3.451916e-02	1.607707e+01
2.490000e-06	-3.102768e-02	1.608647e+01
2.500000e-06	-3.673383e-02	1.607844e+01
2.510000e-06	-4.883411e-02	1.607589e+01
2.520000e-06	-5.423963e-02	1.603484e+01
2.530000e-06	-5.832266e-02	1.603594e+01
2.540000e-06	-6.473302e-02	1.601480e+01
2.550000e-06	-8.564060e-02	1.594067e+01
2.560000e-06	-1.072262e-01	1.591712e+01
2.570000e-06	-1.403378e-01	1.586594e+01
2.580000e-06	-1.885328e-01	1.580475e+01
2.590000e-06	-2.442385e-01	1.576105e+01
2.600000e-06	-2.500000e-01	1.567694e+01
2.610000e-06	-2.500000e-01	1.562281e+01
2.620000e-06	-2.466832e-01	1.553918e+01
2.630000e-06	-1.879175e-01	1.546649e+01
2.640000e-06	-1.303604e-01	1.537425e+01
2.650000e-06	-9.177275e-02	1.526601e+01
2.660000e-06	-6.637047e-02	1.517218e+01
2.670000e-06	-4.642559e-02	1.507596e+01
2.680000e-06	-3.827570e-02	1.495010e+01
2.690000e-06	-3.440732e-02	1.485499e+01
2.700000e-06	-2.679998e-02	1.472812e+01
2.710000e-06	-2.267160e-02	1.461038e+01
2.720000e-06	-2.070123e-02	1.448787e+01
2.730000e-06	-2.141179e-02	1.431915e+01
2.740000e-06	-2.048971e-02	1.420131e+01
2.750000e-06	-1.373430e-02	1.403247e+01
2.760000e-06	-1.351559e-02	1.385752e+01
2.770000e-06	-1.304978e-02	1.370815e+01
2.780000e-06	-1.607532e-02	1.354970e+01
2.790000e-06	-1.133861e-02	1.343183e+01
2.800000e-06	-1.256684e-02	1.318279e+01
2.810000e-06	-9.854165e-03	1.305546e+01
2.820000e-06	-1.409269e-02	1.284494e+01
2.830000e-06	-1.091169e-02	1.269457e+01
2.840000e-06	-9.434854e-03	1.249607e+01
2.850000e-06	-7.999741e-03	1.227663e+01
2.860000e-06	-1.067848e-02	1.209615e+01
2.870000e-06	-1.149715e-02	1.189517e+01
2.880000e-06	-8.226266e-03	1.167560e+01
2.890000e-06	-7.482937e-03	1.144604e+01
2.900000e-06	-7.714077e-03	1.123389e+01
2.910000e-06	-1.070860e-02	1.101238e+01
2.920000e-06	-7.155699e-03	1.081336e+01
2.930000e-06	-6.736641e-03	1.058225e+01
2.940000e-06	-6.604858e-03	1.034973e+01
2.950000e-06	-8.568104e-03	1.009852e+01
2.960000e-06	-8.047361e-03	9.877972e+00
2.970000e-06	-6.527019e-03	9.613859e+00
2.980000e-06	-6.192988e-03	9.351630e+00
2.990000e-06	-6.756846e-03	9.158600e+00
3.000000e-06	-8.319539e-03	8.907544e+00
3.010000e-06	-6.211741e-03	8.654013e+00
3.020000e-06	-6.047672e-03	8.420456e+00
3.030000e-06	-5.871937e-03	8.120251e+00
3.040000e-06	-8.338882e-03	7.886122e+00
3.050000e-06	-6.938503e-03	7.613858e+00
3.060000e-06	-5.970513e-03	7.317721e+00
3.070000e-06	-6.118501e-03	7.053932e+00
3.080000e-06	-6.863010e-03	6.791259e+00
3.090000e-06	-7.272121e-03	6.497591e+00
3.100000e-06	-5.762748e-03	6.243237e+00
3.110000e-06	-5.660346e-03	6.010650e+00
3.120000e-06	-4.848451e-03	5.676539e+00
3.130000e-06	-7.457107e-03	5.392255e+00
3.140000e-06	-6.191773e-03	5.046593e+00
3.150000e-06	-5.892345e-03	4.749172e+00
3.160000e-06	-5.092772e-03	4.495967e+00
3.170000e-06	-6.556927e-03	4.201231e+00
3.180000e-06	-6.527337e-03	3.875467e+00
3.190000e-06	-5.858700e-03	3.643308e+00
3.200000e-06	-5.377660e-03	3.309129e+00
3.210000e-06	-5.263979e-03	3.033808e+00
3.220000e-06	-5.832052e-03	2.769121e+00
3.230000e-06	-6.053708e-03	2.413408e+00
3.240000e-06	-4.842693e-03	2.118095e+00
3.250000e-06	-5.679458e-03	1.875414e+00
3.260000e-06	-6.509574e-03	1.558472e+00
3.270000e-06	-7.036775e-03	1.263362e+00
3.280000e-06	-5.063382e-03	8.764896e-01
3.290000e-06	-4.456732e-03	6.207053e-01
3.300000e-06	-4.523258e-03	3.479698e-01
3.310000e-06	-3.181432e-03	1.073144e-02
3.320000e-06	5.147998e-03	-2.629803e-01
3.330000e-06	5.865730e-03	-5.530171e-01
3.340000e-06	-1.182605e-04	-8.614026e-01
3.350000e-06	4.536983e-04	-1.106134e+00
3.360000e-06	-1.947153e-03	-1.428272e+00
3.370000e-06	1.080609e-03	-1.703577e+00
3.380000e-06	2.662763e-02	-1.948213e+00
3.390000e-06	1.274731e-01	-2.166770e+00
3.400000e-06	-1.172215e-02	-2.587273e+00
3.410000e-06	-5.929221e-02	-3.070900e+00
3.420000e-06	-2.441852e-02	-3.387293e+00
3.430000e-06	-4.262505e-02	-3.558268e+00
3.440000e-06	-8.813988e-02	-3.770720e+00
3.450000e-06	1.350763e-01	-4.011352e+00
3.460000e-06	-2.392239e-02	-4.231427e+00
3.470000e-06	-5.034228e-02	-4.588221e+00
3.480000e-06	1.944920e-01	-4.800950e+00
3.490000e-06	-1.899477e-01	-5.199241e+00
3.500000e-06	1.649303e-01	-5.524140e+00
3.510000e-06	-1.286729e-01	-5.756268e+00
3.520000e-06	1.897654e-02	-6.043057e+00
3.530000e-06	1.246798e-01	-6.314109e+00
3.540000e-06	-1.253728e-01	-6.633021e+00
3.550000e-06	1.718509e-01	-6.903260e+00
3.560000e-06	-1.726794e-01	-7.179325e+00
3.570000e-06	9.489640e-02	-7.483136e+00
3.580000e-06	-2.834874e-02	-7.758349e+00
3.590000e-06	-2.411228e-02	-8.064134e+00
3.600000e-06	1.138406e-01	-8.271634e+00
3.610000e-06	-1.320798e-01	-8.589292e+00
3.620000e-06	1.623144e-01	-8.843679e+00
3.630000e-06	-1.296531e-01	-9.084034e+00
3.640000e-06	5.939260e-02	-9.328244e+00
3.650000e-06	-4.953315e-02	-9.527263e+00
3.660000e-06	2.655318e-02	-9.810053e+00
3.670000e-06	6.618632e-02	-1.000000e+01
3.680000e-06	-5.834712e-02	-1.024621e+01
3.690000e-06	7.028336e-02	-1.052377e+01
3.700000e-06	-9.803093e-02	-1.073627e+01
3.710000e-06	9.499138e-02	-1.096882e+01
3.720000e-06	-7.216651e-02	-1.119047e+01
3.730000e-06	6.229282e-02	-1.138950e+01
3.740000e-06	-3.968460e-02	-1.161411e+01
3.750000e-06	4.416740e-02	-1.185371e+01
3.760000e-06	-6.166542e-03	-1.211421e+01
3.770000e-06	-8.333413e-03	-1.230424e+01
3.780000e-06	1.078518e-03	-1.245323e+01
3.790000e-06	-5.117820e-03	-1.265469e+01
3.800000e-06	4.422317e-02	-1.284320e+01
3.810000e-06	-1.645610e-02	-1.301053e+01
3.820000e-06	1.635970e-02	-1.318050e+01
3.830000e-06	-2.857034e-02	-1.335005e+01
3.840000e-06	3.262208e-02	-1.348785e+01
3.850000e-06	-1.418626e-02	-1.371534e+01
3.860000e-06	2.188311e-02	-1.390572e+01
3.870000e-06	-1.045474e-02	-1.403453e+01
3.880000e-06	2.962257e-02	-1.420103e+01
3.890000e-06	3.740416e-03	-1.430694e+01
3.900000e-06	4.148309e-03	-1.447367e+01
3.910000e-06	-1.114782e-02	-1.458002e+01
3.920000e-06	7.453841e-03	-1.471787e+01
3.930000e-06	1.777418e-02	-1.483383e+01
3.940000e-06	1.096252e-02	-1.497055e+01
3.950000e-06	5.226387e-03	-1.508538e+01
3.960000e-06	1.380483e-03	-1.518105e+01
3.970000e-06	1.895144e-02	-1.526282e+01
3.980000e-06	1.068726e-02	-1.536005e+01
3.990000e-06	1.063244e-02	-1.544429e+01
4.000000e-06	1.183886e-03	-1.556955e+01
4.010000e-06	1.721352e-02	-1.563383e+01
4.020000e-06	1.356034e-02	-1.569492e+01
4.030000e-06	9.926120e-03	-1.576865e+01
4.040000e-06	1.534969e-03	-1.580228e+01
4.050000e-06	1.386949e-02	-1.587644e+01
4.060000e-06	2.404883e-02	-1.593842e+01
4.070000e-06	2.254717e-02	-1.594165e+01
4.080000e-06	1.388612e-02	-1.600273e+01
4.090000e-06	1.097664e-02	-1.605324e+01
4.100000e-06	2.006397e-02	-1.607394e+01
4.110000e-06	2.329425e-02	-1.608589e+01
4.120000e-06	1.936043e-02	-1.612599e+01
4.130000e-06	2.068021e-02	-1.610439e+01
4.140000e-06	3.034117e-02	-1.609552e+01
4.150000e-06	3.941229e-02	-1.611604e+01
4.160000e-06	3.396267e-02	-1.608600e+01
4.170000e-06	3.122954e-02	-1.606542e+01
4.180000e-06	3.741556e-02	-1.605392e+01
4.190000e-06	5.512203e-02	-1.604286e+01
4.200000e-06	6.567806e-02	-1.599276e+01
4.210000e-06	7.400336e-02	-1.595818e+01
4.220000e-06	9.510378e-02	-1.595952e+01
4.230000e-06	1.350638e-01	-1.586499e+01
4.240000e-06	1.888114e-01	-1.584326e+01
4.250000e-06	2.417746e-01	-1.572168e+01
4.260000e-06	2.500000e-01	-1.570554e+01
4.270000e-06	2.500000e-01	-1.562379e+01
4.280000e-06	2.469930e-01	-1.552965e+01
4.290000e-06	1.857529e-01	-1.544486e+01
4.300000e-06	1.170476e-01	-1.537167e+01
4.310000e-06	7.686817e-02	-1.525247e+01
4.320000e-06	5.922254e-02	-1.517965e+01
4.330000e-06	4.478129e-02	-1.504702e+01
4.340000e-06	2.977666e-02	-1.493865e+01
4.350000e-06	1.951794e-02	-1.488339e+01
4.360000e-06	1.886672e-02	-1.473713e+01
4.370000e-06	1.899809e-02	-1.460226e+01
4.380000e-06	9.870272e-03	-1.447597e+01
4.390000e-06	6.608865e-03	-1.434718e+01
4.400000e-06	3.989866e-03	-1.420018e+01
4.410000e-06	1.239675e-02	-1.400436e+01
4.420000e-06	9.639224e-03	-1.389759e+01
4.430000e-06	1.823121e-03	-1.373712e+01
4.440000e-06	1.626351e-03	-1.356815e+01
4.450000e-06	5.079218e-05	-1.341226e+01
4.460000e-06	5.750443e-03	-1.321289e+01
4.470000e-06	-1.490654e-03	-1.308389e+01
4.480000e-06	-6.678061e-04	-1.288349e+01
4.490000e-06	8.753733e-04	-1.268747e+01
4.500000e-06	5.172321e-03	-1.252560e+01
4.510000e-06	6.401002e-04	-1.234612e+01
4.520000e-06	-4.418068e-03	-1.212860e+01
4.530000e-06	-5.311341e-03	-1.189765e+01
4.540000e-06	-1.603419e-03	-1.164767e+01
4.550000e-06	-4.826967e-04	-1.144204e+01
4.560000e-06	-2.490487e-03	-1.121185e+01
4.570000e-06	-3.803746e-03	-1.097023e+01
4.580000e-06	-1.673015e-03	-1.076025e+01
4.590000e-06	-1.581336e-03	-1.057971e+01
4.600000e-06	-4.429800e-03	-1.033758e+01
4.610000e-06	-6.667473e-03	-1.008547e+01
4.620000e-06	-5.991662e-03	-9.862464e+00
4.630000e-06	-3.438912e-03	-9.642335e+00
4.640000e-06	-4.472680e-03	-9.381255e+00
4.650000e-06	-6.554106e-03	-9.159175e+00
4.660000e-06	-7.105792e-03	-8.916570e+00
4.670000e-06	-4.641236e-03	-8.673891e+00
4.680000e-06	-3.101269e-03	-8.381281e+00
4.690000e-06	-6.761724e-03	-8.139579e+00
4.700000e-06	-7.936864e-03	-7.845016e+00
4.710000e-06	-7.775111e-03	-7.611329e+00
4.720000e-06	-4.957177e-03	-7.336989e+00
4.730000e-06	-7.609604e-03	-7.041412e+00
4.740000e-06	-7.620444e-03	-6.728674e+00
4.750000e-06	-8.578054e-03	-6.496017e+00
4.760000e-06	-4.957926e-03	-6.232310e+00
4.770000e-06	-6.132640e-03	-5.977023e+00
4.780000e-06	-7.821998e-03	-5.693989e+00
4.790000e-06	-9.770952e-03	-5.367125e+00
4.800000e-06	-7.972585e-03	-5.083809e+00
4.810000e-06	-7.102057e-03	-4.707566e+00
4.820000e-06	-8.351817e-03	-4.431860e+00
4.830000e-06	-9.741489e-03	-4.191229e+00
4.840000e-06	-9.163451e-03	-3.897967e+00
4.850000e-06	-7.505540e-03	-3.610800e+00
4.860000e-06	-7.581097e-03	-3.288097e+00
4.870000e-06	-8.935087e-03	-3.030887e+00
4.880000e-06	-8.843636e-03	-2.715521e+00
4.890000e-06	-7.667281e-03	-2.494332e+00
4.900000e-06	-6.999564e-03	-2.147592e+00
4.910000e-06	-9.366903e-03	-1.842363e+00
4.920000e-06	-1.069345e-02	-1.597578e+00
4.930000e-06	-1.055052e-02	-1.209354e+00
4.940000e-06	-8.589930e-03	-9.350159e-01
4.950000e-06	-7.378862e-03	-5.916765e-01
4.960000e-06	-7.311441e-03	-2.959923e-01
4.970000e-06	-5.598755e-03	-2.133296e-02
4.980000e-06	6.934883e-03	2.639816e-01
4.990000e-06	-2.445581e-03	5.671394e-01
5.000000e-06	5.282661e-04	7.607937e-01
5.010000e-06	-6.231680e-03	1.116138e+00
5.020000e-06	-1.737002e-03	1.400297e+00
5.030000e-06	-1.508204e-03	1.767637e+00
5.040000e-06	1.571931e-02	1.968791e+00
5.050000e-06	6.809693e-02	2.211374e+00
5.060000e-06	7.598268e-02	2.598144e+00
5.070000e-06	-8.796893e-02	2.927691e+00
5.080000e-06	-3.103786e-02	3.211855e+00
5.090000e-06	-4.218306e-02	3.517684e+00
5.100000e-06	-3.651973e-02	3.791347e+00
5.110000e-06	-7.820395e-02	3.959870e+00
5.120000e-06	1.328500e-01	4.273429e+00
5.130000e-06	-4.788601e-02	4.609849e+00
5.140000e-06	-1.853597e-02	4.843026e+00
5.150000e-06	1.467980e-01	5.189322e+00
5.160000e-06	-1.585693e-01	5.476113e+00
5.170000e-06	9.059722e-02	5.718198e+00
5.180000e-06	-8.566988e-02	6.044111e+00
5.190000e-06	4.626897e-02	6.316210e+00
5.200000e-06	2.642147e-02	6.600949e+00
5.210000e-06	-3.988321e-02	6.886115e+00
5.220000e-06	3.334172e-02	7.209343e+00
5.230000e-06	-7.053718e-02	7.464615e+00
5.240000e-06	5.572094e-02	7.718821e+00
5.250000e-06	-5.259217e-02	8.013531e+00
5.260000e-06	2.946677e-02	8.286763e+00
5.270000e-06	2.063193e-02	8.530243e+00
5.280000e-06	-3.099058e-02	8.759897e+00
5.290000e-06	4.054118e-02	9.044004e+00
5.300000e-06	-6.290692e-02	9.286236e+00
5.310000e-06	1.233125e-02	9.496241e+00
5.320000e-06	-1.639698e-02	9.780445e+00
5.330000e-06	3.651929e-02	1.002305e+01
5.340000e-06	-9.348335e-03	1.024408e+01
5.350000e-06	-9.334878e-03	1.046769e+01
5.360000e-06	-1.424210e-03	1.072279e+01
5.370000e-06	-2.129427e-02	1.092837e+01
5.380000e-06	9.708591e-03	1.110835e+01
5.390000e-06	-2.342482e-02	1.136947e+01
5.400000e-06	1.371877e-02	1.163311e+01
5.410000e-06	-7.840264e-03	1.183168e+01
5.420000e-06	1.069011e-02	1.202426e+01
5.430000e-06	-2.485194e-02	1.224466e+01
5.440000e-06	-7.479606e-03	1.244471e+01
5.450000e-06	-9.350495e-03	1.262205e+01
5.460000e-06	9.442492e-03	1.283215e+01
5.470000e-06	-3.359208e-03	1.301308e+01
5.480000e-06	-1.139916e-02	1.312998e+01
5.490000e-06	-1.118353e-02	1.335902e+01
5.500000e-06	-1.004263e-02	1.349777e+01
5.510000e-06	-4.837443e-03	1.368584e+01
5.520000e-06	-1.582415e-02	1.384473e+01
5.530000e-06	-2.186292e-03	1.399218e+01
5.540000e-06	-4.636376e-03	1.417158e+01
5.550000e-06	1.620606e-03	1.429897e+01
5.560000e-06	-1.939774e-02	1.447629e+01
5.570000e-06	-1.652345e-02	1.462271e+01
5.580000e-06	-1.564598e-02	1.470950e+01
5.590000e-06	-2.094547e-03	1.481383e+01
5.600000e-06	-8.283513e-03	1.495007e+01
5.610000e-06	-1.465283e-02	1.506524e+01
5.620000e-06	-1.226493e-02	1.514903e+01
5.630000e-06	-1.344050e-02	1.527631e+01
5.640000e-06	-1.002050e-02	1.535900e+01
5.650000e-06	-2.052704e-02	1.543526e+01
5.660000e-06	-1.442180e-02	1.549947e+01
5.670000e-06	-1.344316e-02	1.561360e+01
5.680000e-06	-1.013041e-02	1.564549e+01
5.690000e-06	-2.122926e-02	1.573952e+01
5.700000e-06	-2.643042e-02	1.581268e+01
5.710000e-06	-2.184211e-02	1.586536e+01
5.720000e-06	-1.690932e-02	1.588100e+01
5.730000e-06	-1.473272e-02	1.595262e+01
5.740000e-06	-2.582473e-02	1.596373e+01
5.750000e-06	-2.295860e-02	1.602331e+01
5.760000e-06	-2.598202e-02	1.604586e+01
5.770000e-06	-2.593722e-02	1.605644e+01
5.780000e-06	-3.499000e-02	1.606747e+01
5.790000e-06	-3.570401e-02	1.608746e+01
5.800000e-06	-3.239245e-02	1.607744e+01
5.810000e-06	-3.222078e-02	1.607739e+01
5.820000e-06	-3.917253e-02	1.607792e+01
5.830000e-06	-5.160211e-02	1.603701e+01
5.840000e-06	-5.307475e-02	1.606534e+01
5.850000e-06	-5.864982e-02	1.600483e+01
5.860000e-06	-6.878421e-02	1.594426e+01
5.870000e-06	-8.968947e-02	1.596003e+01
5.880000e-06	-1.129027e-01	1.591965e+01
5.890000e-06	-1.485845e-01	1.584491e+01
5.900000e-06	-2.032290e-01	1.581233e+01
5.910000e-06	-2.483212e-01	1.572865e+01
5.920000e-06	-2.500000e-01	1.568697e+01
5.930000e-06	-2.500000e-01	1.561328e+01
5.940000e-06	-2.390869e-01	1.552812e+01
5.950000e-06	-1.727866e-01	1.547544e+01
5.960000e-06	-1.200536e-01	1.535227e+01
5.970000e-06	-8.618932e-02	1.523647e+01
5.980000e-06	-6.027268e-02	1.513182e+01
5.990000e-06	-4.494280e-02	1.504651e+01
6.000000e-06	-3.957737e-02	1.495010e+01
6.010000e-06	-3.298787e-02	1.480288e+01
6.020000e-06	-2.691360e-02	1.469612e+01
6.030000e-06	-1.916939e-02	1.456025e+01
6.040000e-06	-1.994011e-02	1.445594e+01
6.050000e-06	-2.075896e-02	1.429809e+01
6.060000e-06	-1.920660e-02	1.414078e+01
6.070000e-06	-1.456659e-02	1.398183e+01
6.080000e-06	-1.423666e-02	1.386446e+01
6.090000e-06	-1.508025e-02	1.365594e+01
6.100000e-06	-1.631079e-02	1.354762e+01
6.110000e-06	-1.099572e-02	1.336127e+01
6.120000e-06	-1.035814e-02	1.317033e+01
6.130000e-06	-9.639049e-03	1.299136e+01
6.140000e-06	-1.227050e-02	1.281334e+01
6.150000e-06	-1.062587e-02	1.264351e+01
6.160000e-06	-9.116391e-03	1.247647e+01
6.170000e-06	-1.009316e-02	1.224504e+01
6.180000e-06	-1.164882e-02	1.204587e+01
6.190000e-06	-1.138989e-02	1.185509e+01
6.200000e-06	-7.403356e-03	1.162339e+01
6.210000e-06	-7.613262e-03	1.139301e+01
6.220000e-06	-7.810662e-03	1.118078e+01
6.230000e-06	-8.995901e-03	1.096980e+01
6.240000e-06	-6.637736e-03	1.076915e+01
6.250000e-06	-7.178086e-03	1.053920e+01
6.260000e-06	-8.185794e-03	1.028609e+01
6.270000e-06	-9.634107e-03	1.003507e+01
6.280000e-06	-8.616998e-03	9.824388e+00
6.290000e-06	-6.218817e-03	9.561249e+00
6.300000e-06	-6.235592e-03	9.331100e+00
6.310000e-06	-7.373348e-03	9.116092e+00
6.320000e-06	-7.723779e-03	8.834993e+00
6.330000e-06	-4.908379e-03	8.551807e+00
6.340000e-06	-5.716894e-03	8.388677e+00
6.350000e-06	-6.273486e-03	8.087596e+00
6.360000e-06	-7.763722e-03	7.843839e+00
6.370000e-06	-7.156258e-03	7.549701e+00
6.380000e-06	-6.536921e-03	7.234966e+00
6.390000e-06	-5.977725e-03	6.990754e+00
6.400000e-06	-7.271186e-03	6.747647e+00
6.410000e-06	-6.400693e-03	6.473517e+00
6.420000e-06	-5.988184e-03	6.150730e+00
6.430000e-06	-5.140684e-03	5.916093e+00
6.440000e-06	-6.800134e-03	5.642835e+00
6.450000e-06	-6.530848e-03	5.358148e+00
6.460000e-06	-6.404400e-03	5.012837e+00
6.470000e-06	-5.699479e-03	4.694991e+00
6.480000e-06	-6.104296e-03	4.433836e+00
6.490000e-06	-6.452170e-03	4.085049e+00
6.500000e-06	-6.199345e-03	3.843789e+00
6.510000e-06	-4.958133e-03	3.589126e+00
6.520000e-06	-4.959389e-03	3.284385e+00
6.530000e-06	-5.990640e-03	2.940654e+00
6.540000e-06	-5.953107e-03	2.675966e+00
6.550000e-06	-6.058979e-03	2.359200e+00
6.560000e-06	-5.940089e-03	2.054866e+00
6.570000e-06	-6.589773e-03	1.791283e+00
6.580000e-06	-5.546800e-03	1.494990e+00
6.590000e-06	-5.117332e-03	1.179157e+00
6.600000e-06	-4.387105e-03	8.818318e-01
6.610000e-06	-4.668203e-03	5.476224e-01
6.620000e-06	-5.089210e-03	2.743932e-01
6.630000e-06	-3.256775e-03	-5.147889e-02
6.640000e-06	8.340866e-03	-3.446354e-01
6.650000e-06	-3.424833e-04	-6.101909e-01
6.660000e-06	2.811992e-03	-8.840605e-01
6.670000e-06	-1.897330e-03	-1.137668e+00
6.680000e-06	1.690642e-03	-1.535006e+00
6.690000e-06	-9.869525e-05	-1.736141e+00
6.700000e-06	3.975035e-02	-1.979770e+00
6.710000e-06	1.368186e-01	-2.265075e+00
6.720000e-06	-5.892381e-02	-2.685882e+00
6.730000e-06	-3.456816e-02	-3.115982e+00
6.740000e-06	-4.061147e-02	-3.418395e+00
6.750000e-06	-3.987025e-02	-3.630995e+00
6.760000e-06	-8.174303e-02	-3.810547e+00
6.770000e-06	1.811009e-01	-4.030506e+00
6.780000e-06	-1.202159e-01	-4.325107e+00
6.790000e-06	7.380933e-02	-4.630947e+00
6.800000e-06	9.304184e-02	-4.892506e+00
6.810000e-06	-1.658710e-01	-5.263354e+00
6.820000e-06	1.807008e-01	-5.557363e+00
6.830000e-06	-1.823844e-01	-5.810397e+00
6.840000e-06	1.111060e-01	-6.115242e+00
6.850000e-06	1.961834e-02	-6.326795e+00
6.860000e-06	-5.430874e-02	-6.735135e+00
6.870000e-06	1.306716e-01	-6.886843e+00
6.880000e-06	-1.793609e-01	-7.262505e+00
6.890000e-06	1.498257e-01	-7.557764e+00
6.900000e-06	-1.033672e-01	-7.811975e+00
6.910000e-06	5.860063e-02	-8.116663e+00
6.920000e-06	3.527881e-02	-8.295761e+00
6.930000e-06	-7.679077e-02	-8.631849e+00
6.940000e-06	1.447155e-01	-8.865765e+00
6.950000e-06	-1.528107e-01	-9.115689e+00
6.960000e-06	1.017613e-01	-9.371347e+00
6.970000e-06	-1.007154e-01	-9.569476e+00
6.980000e-06	9.728317e-02	-9.864083e+00
6.990000e-06	-4.059301e-03	-1.008418e+01
7.000000e-06	-5.029054e-03	-1.030616e+01
7.010000e-06	2.268973e-02	-1.054937e+01
7.020000e-06	-6.172132e-02	-1.079142e+01
7.030000e-06	8.048340e-02	-1.095100e+01
7.040000e-06	-7.334923e-02	-1.124188e+01
7.050000e-06	7.262225e-02	-1.140356e+01
7.060000e-06	-5.409674e-02	-1.169511e+01
7.070000e-06	6.953528e-02	-1.189782e+01
7.080000e-06	-3.483902e-02	-1.211639e+01
7.090000e-06	1.540139e-02	-1.228579e+01
7.100000e-06	-2.120767e-02	-1.252476e+01
7.110000e-06	2.161255e-02	-1.268729e+01
7.120000e-06	2.255283e-02	-1.288316e+01
7.130000e-06	-7.566324e-03	-1.302368e+01
7.140000e-06	2.757523e-03	-1.318161e+01
7.150000e-06	-1.540874e-02	-1.343210e+01
7.160000e-06	2.799924e-02	-1.360947e+01
7.170000e-06	-8.343057e-03	-1.374684e+01
7.180000e-06	1.975488e-02	-1.387490e+01
7.190000e-06	-6.921013e-03	-1.403479e+01
7.200000e-06	2.875311e-02	-1.423170e+01
7.210000e-06	-3.752074e-03	-1.432047e+01
7.220000e-06	2.818246e-03	-1.452734e+01
7.230000e-06	-1.506208e-02	-1.463163e+01
7.240000e-06	1.875191e-02	-1.473752e+01
7.250000e-06	1.591401e-02	-1.487581e+01
7.260000e-06	1.664004e-02	-1.499068e+01
7.270000e-06	-1.631669e-03	-1.506537e+01
7.280000e-06	6.097153e-03	-1.520115e+01
7.290000e-06	1.376757e-02	-1.529479e+01
7.300000e-06	9.038032e-03	-1.540105e+01
7.310000e-06	5.876603e-03	-1.548331e+01
7.320000e-06	4.635482e-03	-1.558108e+01
7.330000e-06	1.941680e-02	-1.564429e+01
7.340000e-06	1.409416e-02	-1.572699e+01
7.350000e-06	8.451275e-03	-1.577910e+01
7.360000e-06	2.017505e-03	-1.585476e+01
7.370000e-06	1.691903e-02	-1.583849e+01
7.380000e-06	2.427805e-02	-1.595900e+01
7.390000e-06	2.061906e-02	-1.600062e+01
7.400000e-06	1.164164e-02	-1.601118e+01
7.410000e-06	1.311761e-02	-1.603528e+01
7.420000e-06	2.093983e-02	-1.601536e+01
7.430000e-06	2.290381e-02	-1.607445e+01
7.440000e-06	1.847269e-02	-1.608644e+01
7.450000e-06	2.211494e-02	-1.610747e+01
7.460000e-06	3.239397e-02	-1.608810e+01
7.470000e-06	3.863158e-02	-1.612697e+01
7.480000e-06	3.273079e-02	-1.611644e+01
7.490000e-06	3.133948e-02	-1.604491e+01
7.500000e-06	4.158946e-02	-1.610446e+01
7.510000e-06	5.715425e-02	-1.604281e+01
7.520000e-06	6.700270e-02	-1.600131e+01
7.530000e-06	7.675881e-02	-1.598013e+01
7.540000e-06	1.014284e-01	-1.591852e+01
7.550000e-06	1.454718e-01	-1.586599e+01
7.560000e-06	2.027419e-01	-1.583296e+01
7.570000e-06	2.466441e-01	-1.573858e+01
7.580000e-06	2.500000e-01	-1.565509e+01
7.590000e-06	2.500000e-01	-1.560281e+01
7.600000e-06	2.400114e-01	-1.551905e+01
7.610000e-06	1.671083e-01	-1.546336e+01
7.620000e-06	1.039519e-01	-1.533755e+01
7.630000e-06	7.110281e-02	-1.525287e+01
7.640000e-06	5.658433e-02	-1.514963e+01
7.650000e-06	4.290897e-02	-1.505446e+01
7.660000e-06	2.791983e-02	-1.494817e+01
7.670000e-06	1.921657e-02	-1.485387e+01
7.680000e-06	1.889915e-02	-1.468662e+01
7.690000e-06	1.675420e-02	-1.461120e+01
7.700000e-06	9.692320e-03	-1.445349e+01
7.710000e-06	4.610181e-03	-1.429852e+01
7.720000e-06	6.030511e-03	-1.415872e+01
7.730000e-06	1.062403e-02	-1.399181e+01
7.740000e-06	7.046159e-03	-1.386546e+01
7.750000e-06	1.492934e-03	-1.369299e+01
7.760000e-06	-1.125702e-04	-1.349807e+01
7.770000e-06	4.239988e-03	-1.338825e+01
7.780000e-06	4.997595e-03	-1.319225e+01
7.790000e-06	2.910682e-04	-1.298131e+01
7.800000e-06	-2.448093e-03	-1.283236e+01
7.810000e-06	9.540510e-04	-1.266641e+01
7.820000e-06	2.938039e-03	-1.246497e+01
7.830000e-06	-6.689007e-05	-1.227404e+01
7.840000e-06	-4.208906e-03	-1.208449e+01
7.850000e-06	-3.266560e-03	-1.188344e+01
7.860000e-06	3.564184e-04	-1.163486e+01
7.870000e-06	5.177663e-04	-1.138273e+01
7.880000e-06	-3.750458e-03	-1.116777e+01
7.890000e-06	-5.818998e-03	-1.091717e+01
7.900000e-06	-2.509715e-03	-1.075962e+01
7.910000e-06	-1.195847e-03	-1.050812e+01
7.920000e-06	-4.048066e-03	-1.026387e+01
7.930000e-06	-6.822134e-03	-1.003497e+01
7.940000e-06	-5.790695e-03	-9.811282e+00
7.950000e-06	-2.836767e-03	-9.569804e+00
7.960000e-06	-3.117609e-03	-9.359572e+00
7.970000e-06	-6.976234e-03	-9.104991e+00
7.980000e-06	-7.534649e-03	-8.884859e+00
7.990000e-06	-4.482852e-03	-8.608782e+00
8.000000e-06	-3.190712e-03	-8.365671e+00
8.010000e-06	-6.618321e-03	-8.117518e+00
8.020000e-06	-9.413034e-03	-7.811835e+00
8.030000e-06	-7.769274e-03	-7.517145e+00
8.040000e-06	-4.726238e-03	-7.274458e+00
8.050000e-06	-5.772050e-03	-6.948178e+00
8.060000e-06	-8.295777e-03	-6.725542e+00
8.070000e-06	-8.930509e-03	-6.441357e+00
8.080000e-06	-4.898591e-03	-6.199203e+00
8.090000e-06	-5.555311e-03	-5.913893e+00
8.100000e-06	-8.435455e-03	-5.598781e+00
8.110000e-06	-1.014202e-02	-5.262496e+00
8.120000e-06	-7.663945e-03	-4.969773e+00
8.130000e-06	-5.297789e-03	-4.662414e+00
8.140000e-06	-8.230052e-03	-4.389725e+00
8.150000e-06	-1.042802e-02	-4.166619e+00
8.160000e-06	-1.017723e-02	-3.820932e+00
8.170000e-06	-7.118537e-03	-3.517570e+00
8.180000e-06	-7.715405e-03	-3.272914e+00
8.190000e-06	-8.137832e-03	-2.976697e+00
8.200000e-06	-9.381007e-03	-2.662363e+00
8.210000e-06	-6.920684e-03	-2.399175e+00
8.220000e-06	-7.103204e-03	-2.062987e+00
8.230000e-06	-9.699564e-03	-1.791778e+00
8.240000e-06	-1.211492e-02	-1.524990e+00
8.250000e-06	-1.029801e-02	-1.186570e+00
8.260000e-06	-7.837971e-03	-8.613380e-01
8.270000e-06	-6.660922e-03	-5.250936e-01
8.280000e-06	-8.294364e-03	-2.632892e-01
8.290000e-06	-4.909849e-03	4.299982e-02
8.300000e-06	8.883900e-03	3.281671e-01
8.310000e-06	-4.724354e-03	5.902722e-01
8.320000e-06	2.161012e-03	8.120780e-01
8.330000e-06	-7.682662e-03	1.169293e+00
8.340000e-06	1.110447e-03	1.473035e+00
8.350000e-06	-3.208650e-03	1.800873e+00
8.360000e-06	2.334102e-02	2.010423e+00
8.370000e-06	8.682008e-02	2.285059e+00
8.380000e-06	3.673521e-02	2.684900e+00
8.390000e-06	-8.371442e-02	2.960823e+00
8.400000e-06	-2.932055e-02	3.253585e+00
8.410000e-06	-3.623475e-02	3.591447e+00
8.420000e-06	-5.792007e-02	3.812479e+00
8.430000e-06	-4.910293e-02	4.013477e+00
8.440000e-06	1.541315e-01	4.337641e+00
8.450000e-06	-1.210814e-01	4.653507e+00
8.460000e-06	8.068022e-02	4.855111e+00
8.470000e-06	5.540037e-02	5.254033e+00
8.480000e-06	-1.226222e-01	5.518739e+00
8.490000e-06	8.997490e-02	5.852922e+00
8.500000e-06	-1.072448e-01	6.106693e+00
8.510000e-06	8.883255e-02	6.369327e+00
8.520000e-06	-1.778393e-02	6.644633e+00
8.530000e-06	-8.967572e-03	6.940297e+00
8.540000e-06	6.467854e-03	7.204410e+00
8.550000e-06	-5.484784e-02	7.526790e+00
8.560000e-06	5.505396e-02	7.790922e+00
8.570000e-06	-6.570351e-02	8.126166e+00
8.580000e-06	5.620653e-02	8.330370e+00
8.590000e-06	-6.714743e-03	8.580951e+00
8.600000e-06	-8.680356e-03	8.793083e+00
8.610000e-06	2.725974e-02	9.066735e+00
8.620000e-06	-6.606578e-02	9.298818e+00
8.630000e-06	2.571979e-02	9.570902e+00
8.640000e-06	-2.616296e-02	9.804154e+00
8.650000e-06	4.926991e-02	1.006468e+01
8.660000e-06	-3.006460e-02	1.027667e+01
8.670000e-06	8.040286e-03	1.050780e+01
8.680000e-06	-1.447480e-02	1.079992e+01
8.690000e-06	-9.460152e-03	1.096140e+01
8.700000e-06	3.617267e-03	1.116095e+01
8.710000e-06	-2.270943e-02	1.139415e+01
8.720000e-06	1.618375e-02	1.169576e+01
8.730000e-06	-1.215719e-02	1.187529e+01
8.740000e-06	1.223515e-02	1.206769e+01
8.750000e-06	-3.146725e-02	1.223629e+01
8.760000e-06	-3.379212e-04	1.250524e+01
8.770000e-06	-9.599959e-03	1.261563e+01
8.780000e-06	1.189420e-02	1.287513e+01
8.790000e-06	-8.163759e-03	1.302618e+01
8.800000e-06	-1.234908e-02	1.321268e+01
8.810000e-06	-8.878760e-03	1.334960e+01
8.820000e-06	-9.687890e-03	1.353947e+01
8.830000e-06	-4.612224e-03	1.369852e+01
8.840000e-06	-1.713763e-02	1.383581e+01
8.850000e-06	-1.446132e-04	1.401521e+01
8.860000e-06	-5.846108e-03	1.418371e+01
8.870000e-06	-8.639100e-04	1.436052e+01
8.880000e-06	-2.108945e-02	1.450689e+01
8.890000e-06	-1.636112e-02	1.462271e+01
8.900000e-06	-1.093689e-02	1.479142e+01
8.910000e-06	-2.878609e-03	1.487581e+01
8.920000e-06	-9.202024e-03	1.497262e+01
8.930000e-06	-1.579578e-02	1.507679e+01
8.940000e-06	-1.236794e-02	1.518215e+01
8.950000e-06	-1.329987e-02	1.530687e+01
8.960000e-06	-1.115658e-02	1.535010e+01
8.970000e-06	-1.983544e-02	1.544436e+01
8.980000e-06	-1.466336e-02	1.556008e+01
8.990000e-06	-1.180721e-02	1.557281e+01
9.000000e-06	-1.246507e-02	1.570487e+01
9.010000e-06	-2.345963e-02	1.577807e+01
9.020000e-06	-2.661130e-02	1.581379e+01
9.030000e-06	-2.012883e-02	1.587639e+01
9.040000e-06	-1.559365e-02	1.591904e+01
9.050000e-06	-1.598925e-02	1.595318e+01
9.060000e-06	-2.603237e-02	1.601375e+01
9.070000e-06	-2.244219e-02	1.605421e+01
9.080000e-06	-2.567942e-02	1.605541e+01
9.090000e-06	-2.970634e-02	1.604592e+01
9.100000e-06	-3.589487e-02	1.611694e+01
9.110000e-06	-3.740903e-02	1.606900e+01
9.120000e-06	-2.932344e-02	1.606644e+01
9.130000e-06	-3.345645e-02	1.608794e+01
9.140000e-06	-3.903197e-02	1.606694e+01
9.150000e-06	-5.235787e-02	1.606592e+01
9.160000e-06	-5.369612e-02	1.603588e+01
9.170000e-06	-6.130549e-02	1.600289e+01
9.180000e-06	-7.438504e-02	1.595330e+01
9.190000e-06	-9.415270e-02	1.598112e+01
9.200000e-06	-1.197600e-01	1.587652e+01
9.210000e-06	-1.558023e-01	1.587394e+01
9.220000e-06	-2.164836e-01	1.579228e+01
9.230000e-06	-2.499402e-01	1.572812e+01
9.240000e-06	-2.500000e-01	1.566507e+01
9.250000e-06	-2.500000e-01	1.561168e+01
9.260000e-06	-2.281746e-01	1.549915e+01
9.270000e-06	-1.607400e-01	1.543494e+01
9.280000e-06	-1.117958e-01	1.531955e+01
9.290000e-06	-7.945873e-02	1.521394e+01
9.300000e-06	-5.599579e-02	1.514912e+01
9.310000e-06	-4.308410e-02	1.498481e+01
9.320000e-06	-3.608325e-02	1.490857e+01
9.330000e-06	-3.098273e-02	1.478028e+01
9.340000e-06	-2.454668e-02	1.470749e+01
9.350000e-06	-2.131167e-02	1.454873e+01
9.360000e-06	-2.320314e-02	1.440441e+01
9.370000e-06	-2.152540e-02	1.426596e+01
9.380000e-06	-1.878180e-02	1.416965e+01
9.390000e-06	-1.090785e-02	1.392178e+01
9.400000e-06	-1.275959e-02	1.380334e+01
9.410000e-06	-1.292803e-02	1.361346e+01
9.420000e-06	-1.541929e-02	1.349552e+01
9.430000e-06	-1.111542e-02	1.331855e+01
9.440000e-06	-1.237592e-02	1.313865e+01
9.450000e-06	-1.336000e-02	1.296128e+01
9.460000e-06	-1.323067e-02	1.278331e+01
9.470000e-06	-9.435269e-03	1.263243e+01
9.480000e-06	-6.865189e-03	1.240336e+01
9.490000e-06	-9.942341e-03	1.225239e+01
9.500000e-06	-1.091109e-02	1.200434e+01
9.510000e-06	-1.043704e-02	1.181236e+01
9.520000e-06	-6.879904e-03	1.159181e+01
9.530000e-06	-7.854951e-03	1.136128e+01
9.540000e-06	-1.009783e-02	1.113965e+01
9.550000e-06	-1.042173e-02	1.093920e+01
9.560000e-06	-7.578366e-03	1.071610e+01
9.570000e-06	-6.184170e-03	1.046604e+01
9.580000e-06	-8.195462e-03	1.027446e+01
9.590000e-06	-7.918530e-03	1.001387e+01
9.600000e-06	-6.794661e-03	9.782804e+00
9.610000e-06	-5.444781e-03	9.537170e+00
9.620000e-06	-7.543544e-03	9.285539e+00
9.630000e-06	-9.421175e-03	9.063368e+00
9.640000e-06	-9.192654e-03	8.791280e+00
9.650000e-06	-6.303946e-03	8.539600e+00
9.660000e-06	-6.128004e-03	8.287591e+00
9.670000e-06	-7.524520e-03	8.042438e+00
9.680000e-06	-6.221131e-03	7.739757e+00
9.690000e-06	-4.948555e-03	7.507164e+00
9.700000e-06	-4.787843e-03	7.180832e+00
9.710000e-06	-6.354409e-03	6.928670e+00
9.720000e-06	-8.074526e-03	6.663993e+00
9.730000e-06	-6.257236e-03	6.392779e+00
9.740000e-06	-5.789021e-03	6.128545e+00
9.750000e-06	-5.113677e-03	5.814462e+00
9.760000e-06	-7.286082e-03	5.589097e+00
9.770000e-06	-5.941652e-03	5.266938e+00
9.780000e-06	-5.548431e-03	4.930099e+00
9.790000e-06	-4.622511e-03	4.633812e+00
9.800000e-06	-5.624376e-03	4.379676e+00
9.810000e-06	-6.186702e-03	4.082440e+00
9.820000e-06	-5.336433e-03	3.768124e+00
9.830000e-06	-5.604312e-03	3.524966e+00
9.840000e-06	-6.075226e-03	3.189175e+00
9.850000e-06	-7.036845e-03	2.895967e+00
9.860000e-06	-6.077199e-03	2.543337e+00
9.870000e-06	-5.133996e-03	2.306441e+00
9.880000e-06	-4.637748e-03	2.022359e+00
9.890000e-06	-5.994819e-03	1.737622e+00
9.900000e-06	-6.024347e-03	1.392754e+00
9.910000e-06	-5.132538e-03	1.078469e+00
9.920000e-06	-4.687303e-03	7.785450e-01
9.930000e-06	-5.010389e-03	4.748382e-01
9.940000e-06	-5.169339e-03	1.497028e-01
9.950000e-06	-1.583532e-03	-8.458548e-02
9.960000e-06	1.189791e-02	-3.672446e-01
9.970000e-06	-2.597809e-03	-6.629752e-01
9.980000e-06	3.870328e-03	-9.381833e-01
9.990000e-06	-3.727434e-03	-1.219901e+00
1.000000e-05	3.340154e-03	-1.574264e+00
1.001000e-05	3.404365e-03	-1.808321e+00
1.002000e-05	5.853371e-02	-2.031476e+00
1.003000e-05	1.199542e-01	-2.358289e+00
1.004000e-05	-8.718874e-02	-2.780217e+00
1.005000e-05	-1.442060e-02	-3.180345e+00
1.006000e-05	-5.083308e-02	-3.431456e+00
1.007000e-05	-4.529070e-02	-3.621579e+00
1.008000e-05	-4.675367e-02	-3.884480e+00
1.009000e-05	1.856045e-01	-4.074609e+00
1.010000e-05	-1.734038e-01	-4.378792e+00
1.011000e-05	1.466149e-01	-4.684210e+00
1.012000e-05	-3.366800e-02	-4.904141e+00
1.013000e-05	-6.568597e-02	-5.347112e+00
1.014000e-05	1.378060e-01	-5.549371e+00
1.015000e-05	-2.019627e-01	-5.873559e+00
1.016000e-05	1.751206e-01	-6.169272e+00
1.017000e-05	-7.229556e-02	-6.432924e+00
1.018000e-05	3.891765e-02	-6.747748e+00
1.019000e-05	4.699756e-02	-6.980372e+00
1.020000e-05	-1.377986e-01	-7.306689e+00
1.021000e-05	1.546052e-01	-7.618471e+00
1.022000e-05	-1.417456e-01	-7.854957e+00
1.023000e-05	1.290123e-01	-8.139873e+00
1.024000e-05	-5.175225e-02	-8.360395e+00
1.025000e-05	3.369599e-03	-8.646062e+00
1.026000e-05	8.262064e-02	-8.936316e+00
1.027000e-05	-1.246740e-01	-9.211372e+00
1.028000e-05	1.026335e-01	-9.391529e+00
1.029000e-05	-1.160911e-01	-9.663554e+00
1.030000e-05	1.393610e-01	-9.874210e+00
1.031000e-05	-6.327905e-02	-1.011717e+01
1.032000e-05	4.926962e-02	-1.039840e+01
1.033000e-05	-3.568469e-02	-1.057997e+01
1.034000e-05	-5.749341e-03	-1.083108e+01
1.035000e-05	4.153733e-02	-1.101253e+01
1.036000e-05	-4.537647e-02	-1.127611e+01
1.037000e-05	5.641588e-02	-1.148374e+01
1.038000e-05	-4.925772e-02	-1.172029e+01
1.039000e-05	7.080748e-02	-1.193937e+01
1.040000e-05	-4.968421e-02	-1.214990e+01
1.041000e-05	3.109000e-02	-1.232045e+01
1.042000e-05	-3.384578e-02	-1.253839e+01
1.043000e-05	4.484808e-02	-1.273784e+01
1.044000e-05	1.266232e-03	-1.293789e+01
1.045000e-05	8.380107e-03	-1.310475e+01
1.046000e-05	-1.360732e-02	-1.326566e+01
1.047000e-05	1.237383e-03	-1.342376e+01
1.048000e-05	1.545077e-02	-1.359002e+01
1.049000e-05	2.402448e-05	-1.378153e+01
1.050000e-05	1.128131e-02	-1.391887e+01
1.051000e-05	1.285126e-03	-1.411534e+01
1.052000e-05	2.511907e-02	-1.422468e+01
1.053000e-05	-3.494898e-03	-1.441055e+01
1.054000e-05	1.114468e-03	-1.452687e+01
1.055000e-05	-1.201685e-02	-1.467216e+01
1.056000e-05	2.216539e-02	-1.479260e+01
1.057000e-05	1.134911e-02	-1.489734e+01
1.058000e-05	1.603245e-02	-1.499021e+01
1.059000e-05	-6.846887e-03	-1.509747e+01
1.060000e-05	1.131277e-02	-1.521273e+01
1.061000e-05	1.187908e-02	-1.528639e+01
1.062000e-05	1.445596e-02	-1.538056e+01
1.063000e-05	3.004907e-03	-1.548477e+01
1.064000e-05	1.024297e-02	-1.559068e+01
1.065000e-05	1.785955e-02	-1.566586e+01
1.066000e-05	1.188235e-02	-1.569905e+01
1.067000e-05	4.489033e-03	-1.577060e+01
1.068000e-05	2.612023e-03	-1.585324e+01
1.069000e-05	2.025549e-02	-1.588802e+01
1.070000e-05	2.485818e-02	-1.595007e+01
1.071000e-05	2.061726e-02	-1.601216e+01
1.072000e-05	1.026927e-02	-1.603171e+01
1.073000e-05	1.516791e-02	-1.603581e+01
1.074000e-05	2.126345e-02	-1.604447e+01
1.075000e-05	2.211119e-02	-1.609694e+01
1.076000e-05	1.840072e-02	-1.612609e+01
1.077000e-05	2.307961e-02	-1.609607e+01
1.078000e-05	3.447051e-02	-1.612555e+01
1.079000e-05	3.771205e-02	-1.609647e+01
1.080000e-05	3.229663e-02	-1.609644e+01
1.081000e-05	3.271307e-02	-1.606299e+01
1.082000e-05	4.490456e-02	-1.602441e+01
1.083000e-05	6.038394e-02	-1.602391e+01
1.084000e-05	6.906852e-02	-1.599276e+01
1.085000e-05	8.015027e-02	-1.595965e+01
1.086000e-05	1.076015e-01	-1.591807e+01
1.087000e-05	1.558791e-01	-1.585447e+01
1.088000e-05	2.148388e-01	-1.579228e+01
1.089000e-05	2.492663e-01	-1.573815e+01
1.090000e-05	2.500000e-01	-1.565544e+01
1.091000e-05	2.500000e-01	-1.559238e+01
1.092000e-05	2.292901e-01	-1.551794e+01
1.093000e-05	1.522378e-01	-1.542383e+01
1.094000e-05	9.449933e-02	-1.531557e+01
1.095000e-05	6.708271e-02	-1.522241e+01
1.096000e-05	5.328372e-02	-1.513058e+01
1.097000e-05	3.879823e-02	-1.505336e+01
1.098000e-05	2.419691e-02	-1.492957e+01
1.099000e-05	1.874899e-02	-1.481275e+01
1.100000e-05	1.929597e-02	-1.470650e+01
1.101000e-05	1.604271e-02	-1.456862e+01
1.102000e-05	8.813512e-03	-1.445229e+01
1.103000e-05	4.049481e-03	-1.424496e+01
1.104000e-05	7.967897e-03	-1.412665e+01
1.105000e-05	1.062333e-02	-1.394033e+01
1.106000e-05	6.107677e-03	-1.378386e+01
1.107000e-05	1.218765e-04	-1.366394e+01
1.108000e-05	5.280786e-04	-1.348595e+01
1.109000e-05	4.654857e-03	-1.328607e+01
1.110000e-05	4.516678e-03	-1.314815e+01
1.111000e-05	6.508980e-04	-1.293075e+01
1.112000e-05	-2.341060e-03	-1.279173e+01
1.113000e-05	1.802249e-03	-1.262333e+01
1.114000e-05	3.036671e-03	-1.240429e+01
1.115000e-05	-3.092014e-03	-1.219387e+01
1.116000e-05	-6.282236e-03	-1.201391e+01
1.117000e-05	-2.757444e-03	-1.182332e+01
1.118000e-05	1.577523e-03	-1.158136e+01
1.119000e-05	-3.189046e-05	-1.134807e+01
1.120000e-05	-4.448590e-03	-1.109712e+01
1.121000e-05	-5.084408e-03	-1.092604e+01
1.122000e-05	-1.500313e-03	-1.069647e+01
1.123000e-05	-1.699140e-03	-1.049349e+01
1.124000e-05	-5.590035e-03	-1.022133e+01
1.125000e-05	-7.213724e-03	-9.960179e+00
1.126000e-05	-4.452340e-03	-9.751725e+00
1.127000e-05	-2.512050e-03	-9.517671e+00
1.128000e-05	-5.423879e-03	-9.314992e+00
1.129000e-05	-8.302159e-03	-9.002934e+00
1.130000e-05	-6.615430e-03	-8.821255e+00
1.131000e-05	-2.778022e-03	-8.529104e+00
1.132000e-05	-3.708864e-03	-8.285017e+00
1.133000e-05	-7.310634e-03	-8.033335e+00
1.134000e-05	-9.464268e-03	-7.779703e+00
1.135000e-05	-6.769504e-03	-7.464886e+00
1.136000e-05	-5.049969e-03	-7.210755e+00
1.137000e-05	-8.058195e-03	-6.898417e+00
1.138000e-05	-8.411653e-03	-6.662410e+00
1.139000e-05	-7.397200e-03	-6.430128e+00
1.140000e-05	-3.822803e-03	-6.096021e+00
1.141000e-05	-6.337632e-03	-5.851883e+00
1.142000e-05	-9.331295e-03	-5.527674e+00
1.143000e-05	-8.908535e-03	-5.230885e+00
1.144000e-05	-6.348304e-03	-4.906120e+00
1.145000e-05	-5.526810e-03	-4.601300e+00
1.146000e-05	-9.777857e-03	-4.357471e+00
1.147000e-05	-1.131247e-02	-4.053913e+00
1.148000e-05	-9.193883e-03	-3.779724e+00
1.149000e-05	-6.198919e-03	-3.465942e+00
1.150000e-05	-8.298554e-03	-3.252283e+00
1.151000e-05	-8.493004e-03	-2.895542e+00
1.152000e-05	-8.753374e-03	-2.610207e+00
1.153000e-05	-5.702004e-03	-2.366020e+00
1.154000e-05	-8.128705e-03	-1.980101e+00
1.155000e-05	-1.115402e-02	-1.755544e+00
1.156000e-05	-1.169475e-02	-1.401832e+00
1.157000e-05	-9.657145e-03	-1.074891e+00
1.158000e-05	-7.135965e-03	-8.101991e-01
1.159000e-05	-8.268958e-03	-4.538632e-01
1.160000e-05	-7.640230e-03	-1.901789e-01
1.161000e-05	-2.049949e-03	5.455808e-02
1.162000e-05	8.512831e-03	3.807945e-01
1.163000e-05	-6.557893e-03	6.435779e-01
1.164000e-05	1.843210e-03	9.356105e-01
1.165000e-05	-7.557463e-03	1.243456e+00
1.166000e-05	2.630357e-03	1.548138e+00
1.167000e-05	-1.304834e-03	1.854026e+00
1.168000e-05	3.052928e-02	2.043534e+00
1.169000e-05	1.011626e-01	2.408738e+00
1.170000e-05	-1.000477e-02	2.757690e+00
1.171000e-05	-6.905859e-02	3.093028e+00
1.172000e-05	-3.506544e-02	3.327168e+00
1.173000e-05	-2.490030e-02	3.613030e+00
1.174000e-05	-7.729876e-02	3.854134e+00
1.175000e-05	-2.613437e-03	4.083113e+00
1.176000e-05	1.389332e-01	4.412420e+00
1.177000e-05	-1.588831e-01	4.695660e+00
1.178000e-05	1.567118e-01	4.946643e+00
1.179000e-05	-3.953865e-02	5.357818e+00
1.180000e-05	-5.913045e-02	5.559546e+00
1.181000e-05	5.508851e-02	5.935612e+00
1.182000e-05	-9.282969e-02	6.150447e+00
1.183000e-05	1.068281e-01	6.431002e+00
1.184000e-05	-4.833873e-02	6.748743e+00
1.185000e-05	2.209396e-02	6.970497e+00
1.186000e-05	-2.710307e-02	7.326668e+00
1.187000e-05	-2.268429e-02	7.622448e+00
1.188000e-05	3.555646e-02	7.855033e+00
1.189000e-05	-5.877821e-02	8.157895e+00
1.190000e-05	6.487873e-02	8.391498e+00
1.191000e-05	-3.032893e-02	8.663054e+00
1.192000e-05	1.649762e-02	8.905694e+00
1.193000e-05	4.182807e-03	9.127893e+00
1.194000e-05	-5.336225e-02	9.390423e+00
1.195000e-05	2.561939e-02	9.613058e+00
1.196000e-05	-2.049440e-02	9.875784e+00
1.197000e-05	4.675334e-02	1.012527e+01
1.198000e-05	-4.086674e-02	1.030944e+01
1.199000e-05	1.532032e-02	1.059100e+01
1.200000e-05	-2.397495e-02	1.084208e+01
1.201000e-05	2.109984e-03	1.103208e+01
1.202000e-05	-4.681901e-03	1.120368e+01
1.203000e-05	-1.515821e-02	1.144624e+01
1.204000e-05	1.416316e-02	1.172847e+01
1.205000e-05	-1.019422e-02	1.192889e+01
1.206000e-05	7.427635e-03	1.210840e+01
1.207000e-05	-3.188004e-02	1.232847e+01
1.208000e-05	1.360678e-03	1.254942e+01
1.209000e-05	-7.818294e-03	1.271537e+01
1.210000e-05	1.212556e-02	1.286579e+01
1.211000e-05	-1.082345e-02	1.308471e+01
1.212000e-05	-1.278223e-02	1.326524e+01
1.213000e-05	-8.374632e-03	1.340215e+01
1.214000e-05	-7.861028e-03	1.358268e+01
1.215000e-05	-6.090818e-03	1.374905e+01
1.216000e-05	-1.514530e-02	1.387789e+01
1.217000e-05	-1.176042e-03	1.407382e+01
1.218000e-05	-4.427099e-03	1.424691e+01
1.219000e-05	-6.825011e-03	1.436221e+01
1.220000e-05	-2.089527e-02	1.450842e+01
1.221000e-05	-1.742384e-02	1.466476e+01
1.222000e-05	-6.790538e-03	1.479955e+01
1.223000e-05	-3.988045e-03	1.488632e+01
1.224000e-05	-8.951153e-03	1.499273e+01
1.225000e-05	-1.684236e-02	1.510747e+01
1.226000e-05	-1.205972e-02	1.520316e+01
1.227000e-05	-1.234408e-02	1.530897e+01
1.228000e-05	-1.480189e-02	1.539260e+01
1.229000e-05	-1.912192e-02	1.546784e+01
1.230000e-05	-1.501736e-02	1.554967e+01
1.231000e-05	-8.492039e-03	1.563238e+01
1.232000e-05	-1.526248e-02	1.568944e+01
1.233000e-05	-2.150563e-02	1.577160e+01
1.234000e-05	-2.658753e-02	1.580483e+01
1.235000e-05	-1.749165e-02	1.587699e+01
1.236000e-05	-1.566713e-02	1.591103e+01
1.237000e-05	-1.966555e-02	1.599170e+01
1.238000e-05	-2.639423e-02	1.601228e+01
1.239000e-05	-2.519049e-02	1.601581e+01
1.240000e-05	-2.391134e-02	1.603586e+01
1.241000e-05	-2.978994e-02	1.604599e+01
1.242000e-05	-3.361274e-02	1.609947e+01
1.243000e-05	-3.560568e-02	1.609652e+01
1.244000e-05	-3.019687e-02	1.608595e+01
1.245000e-05	-3.486157e-02	1.609647e+01
1.246000e-05	-4.449126e-02	1.605492e+01
1.247000e-05	-5.346861e-02	1.605644e+01
1.248000e-05	-5.667347e-02	1.603589e+01
1.249000e-05	-6.135700e-02	1.600281e+01
1.250000e-05	-7.745196e-02	1.601178e+01
1.251000e-05	-9.747866e-02	1.592062e+01
1.252000e-05	-1.277012e-01	1.587849e+01
1.253000e-05	-1.680484e-01	1.583486e+01
1.254000e-05	-2.300470e-01	1.578026e+01
1.255000e-05	-2.499885e-01	1.570712e+01
1.256000e-05	-2.500000e-01	1.563384e+01
1.257000e-05	-2.495450e-01	1.557123e+01
1.258000e-05	-2.124521e-01	1.546955e+01
1.259000e-05	-1.474221e-01	1.541344e+01
1.260000e-05	-1.034587e-01	1.527759e+01
1.261000e-05	-7.512478e-02	1.520383e+01
1.262000e-05	-5.219210e-02	1.508799e+01
1.263000e-05	-4.154124e-02	1.499190e+01
1.264000e-05	-3.571508e-02	1.487557e+01
1.265000e-05	-2.964962e-02	1.479123e+01
1.266000e-05	-2.359753e-02	1.464397e+01
1.267000e-05	-1.961052e-02	1.450965e+01
1.268000e-05	-2.279784e-02	1.438228e+01
1.269000e-05	-2.058447e-02	1.422541e+01
1.270000e-05	-1.804131e-02	1.412757e+01
1.271000e-05	-1.176118e-02	1.392923e+01
1.272000e-05	-1.277112e-02	1.378133e+01
1.273000e-05	-1.385219e-02	1.359291e+01
1.274000e-05	-1.348853e-02	1.346386e+01
1.275000e-05	-1.094186e-02	1.328449e+01
1.276000e-05	-1.129560e-02	1.308815e+01
1.277000e-05	-1.347205e-02	1.293812e+01
1.278000e-05	-1.232016e-02	1.274068e+01
1.279000e-05	-1.110448e-02	1.258125e+01
1.280000e-05	-7.512546e-03	1.234028e+01
1.281000e-05	-1.091574e-02	1.218181e+01
1.282000e-05	-1.097650e-02	1.197278e+01
1.283000e-05	-9.896639e-03	1.179033e+01
1.284000e-05	-6.832308e-03	1.150917e+01
1.285000e-05	-7.734096e-03	1.131718e+01
1.286000e-05	-9.674862e-03	1.109677e+01
1.287000e-05	-8.566658e-03	1.087602e+01
1.288000e-05	-7.142761e-03	1.062549e+01
1.289000e-05	-6.485796e-03	1.041539e+01
1.290000e-05	-8.819113e-03	1.023078e+01
1.291000e-05	-8.409534e-03	9.978754e+00
1.292000e-05	-6.863612e-03	9.687696e+00
1.293000e-05	-4.946696e-03	9.483541e+00
1.294000e-05	-6.654856e-03	9.263885e+00
1.295000e-05	-8.124276e-03	9.001780e+00
1.296000e-05	-7.077859e-03	8.708198e+00
1.297000e-05	-6.265078e-03	8.477551e+00
1.298000e-05	-5.669019e-03	8.225515e+00
1.299000e-05	-8.040129e-03	7.960826e+00
1.300000e-05	-7.362630e-03	7.706995e+00
1.301000e-05	-5.325086e-03	7.402885e+00
1.302000e-05	-4.632206e-03	7.147175e+00
1.303000e-05	-6.034437e-03	6.866542e+00
1.304000e-05	-7.413083e-03	6.634882e+00
1.305000e-05	-5.696954e-03	6.329674e+00
1.306000e-05	-4.974351e-03	6.064517e+00
1.307000e-05	-4.878141e-03	5.770784e+00
1.308000e-05	-7.592920e-03	5.485518e+00
1.309000e-05	-7.313897e-03	5.241833e+00
1.310000e-05	-5.522254e-03	4.853510e+00
1.311000e-05	-4.615983e-03	4.549604e+00
1.312000e-05	-5.306106e-03	4.306520e+00
1.313000e-05	-5.954822e-03	3.980778e+00
1.314000e-05	-4.403170e-03	3.717542e+00
1.315000e-05	-5.153156e-03	3.451934e+00
1.316000e-05	-5.723174e-03	3.118145e+00
1.317000e-05	-8.572641e-03	2.852889e+00
1.318000e-05	-6.328385e-03	2.548656e+00
1.319000e-05	-5.951036e-03	2.233311e+00
1.320000e-05	-4.842281e-03	1.970649e+00
1.321000e-05	-5.920125e-03	1.654465e+00
1.322000e-05	-5.652527e-03	1.338624e+00
1.323000e-05	-4.759402e-03	1.001784e+00
1.324000e-05	-3.440270e-03	6.560209e-01
1.325000e-05	-4.677083e-03	4.332791e-01
1.326000e-05	-4.857513e-03	9.501705e-02
1.327000e-05	-2.312841e-04	-1.686695e-01
1.328000e-05	1.182950e-02	-4.008762e-01
1.329000e-05	-4.144173e-03	-7.485664e-01
1.330000e-05	4.472815e-03	-9.998709e-01
1.331000e-05	-4.984980e-03	-1.304030e+00
1.332000e-05	3.890081e-03	-1.590349e+00
1.333000e-05	1.013555e-02	-1.851926e+00
1.334000e-05	8.281981e-02	-2.073489e+00
1.335000e-05	8.257740e-02	-2.421401e+00
1.336000e-05	-9.006206e-02	-2.862931e+00
1.337000e-05	-6.973943e-03	-3.263009e+00
1.338000e-05	-5.353832e-02	-3.474108e+00
1.339000e-05	-6.199539e-02	-3.746140e+00
1.340000e-05	1.431808e-02	-3.925789e+00
1.341000e-05	1.393414e-01	-4.126166e+00
1.342000e-05	-1.838612e-01	-4.431500e+00
1.343000e-05	1.905199e-01	-4.777792e+00
1.344000e-05	-1.221483e-01	-4.999870e+00
1.345000e-05	4.851483e-02	-5.440425e+00
1.346000e-05	3.473836e-02	-5.641530e+00
1.347000e-05	-1.691858e-01	-5.940241e+00
1.348000e-05	2.013210e-01	-6.190423e+00
1.349000e-05	-1.381537e-01	-6.524138e+00
1.350000e-05	1.229301e-01	-6.832948e+00
1.351000e-05	-5.282918e-02	-7.054053e+00
1.352000e-05	-5.076894e-02	-7.400850e+00
1.353000e-05	1.117304e-01	-7.653534e+00
1.354000e-05	-1.324393e-01	-7.956843e+00
1.355000e-05	1.615027e-01	-8.199977e+00
1.356000e-05	-1.208836e-01	-8.451480e+00
1.357000e-05	8.812556e-02	-8.748290e+00
1.358000e-05	-4.985699e-03	-8.979374e+00
1.359000e-05	-6.288161e-02	-9.263507e+00
1.360000e-05	6.199027e-02	-9.403085e+00
1.361000e-05	-8.703991e-02	-9.715768e+00
1.362000e-05	1.441297e-01	-9.907868e+00
1.363000e-05	-9.235400e-02	-1.017890e+01
1.364000e-05	8.504525e-02	-1.042218e+01
1.365000e-05	-8.341034e-02	-1.061113e+01
1.366000e-05	5.004509e-02	-1.087576e+01
1.367000e-05	-1.092741e-02	-1.104474e+01
1.368000e-05	-2.236992e-03	-1.133582e+01
1.369000e-05	2.167524e-02	-1.150786e+01
1.370000e-05	-1.926433e-02	-1.180940e+01
1.371000e-05	5.206602e-02	-1.198055e+01
1.372000e-05	-4.500750e-02	-1.219155e+01
1.373000e-05	3.079297e-02	-1.235203e+01
1.374000e-05	-3.306531e-02	-1.256103e+01
1.375000e-05	5.752504e-02	-1.276900e+01
1.376000e-05	-1.443356e-02	-1.289995e+01
1.377000e-05	1.764482e-02	-1.312837e+01
1.378000e-05	-2.667097e-02	-1.330641e+01
1.379000e-05	1.884552e-02	-1.347573e+01
1.380000e-05	1.089154e-03	-1.364066e+01
1.381000e-05	1.054106e-02	-1.379968e+01
1.382000e-05	1.456673e-03	-1.395099e+01
1.383000e-05	1.339665e-02	-1.412842e+01
1.384000e-05	1.736910e-02	-1.423484e+01
1.385000e-05	-1.186533e-03	-1.447125e+01
1.386000e-05	-4.427161e-03	-1.458852e+01
1.387000e-05	-5.005223e-03	-1.467389e+01
1.388000e-05	2.295198e-02	-1.481265e+01
1.389000e-05	1.023103e-02	-1.490739e+01
1.390000e-05	1.322063e-02	-1.506383e+01
1.391000e-05	-7.086454e-03	-1.511897e+01
1.392000e-05	1.641453e-02	-1.525231e+01
1.393000e-05	8.830072e-03	-1.532692e+01
1.394000e-05	1.404212e-02	-1.541276e+01
1.395000e-05	7.655599e-04	-1.550640e+01
1.396000e-05	1.437539e-02	-1.560168e+01
1.397000e-05	1.750758e-02	-1.565592e+01
1.398000e-05	1.120714e-02	-1.575847e+01
1.399000e-05	2.494049e-03	-1.581170e+01
1.400000e-05	5.503053e-03	-1.586384e+01
1.401000e-05	2.302025e-02	-1.589594e+01
1.402000e-05	2.346264e-02	-1.597902e+01
1.403000e-05	1.869017e-02	-1.600265e+01
1.404000e-05	1.018938e-02	-1.604226e+01
1.405000e-05	1.892902e-02	-1.605634e+01
1.406000e-05	2.258582e-02	-1.608489e+01
1.407000e-05	2.094398e-02	-1.609599e+01
1.408000e-05	1.810081e-02	-1.609605e+01
1.409000e-05	2.496635e-02	-1.611754e+01
1.410000e-05	3.692421e-02	-1.613809e+01
1.411000e-05	3.651568e-02	-1.609809e+01
1.412000e-05	3.027624e-02	-1.607594e+01
1.413000e-05	3.413681e-02	-1.608437e+01
1.414000e-05	4.934062e-02	-1.606341e+01
1.415000e-05	6.334692e-02	-1.603329e+01
1.416000e-05	6.991274e-02	-1.602068e+01
1.417000e-05	8.533790e-02	-1.595812e+01
1.418000e-05	1.176915e-01	-1.589847e+01
1.419000e-05	1.690540e-01	-1.583336e+01
1.420000e-05	2.257258e-01	-1.580173e+01
1.421000e-05	2.497611e-01	-1.572807e+01
1.422000e-05	2.500000e-01	-1.564591e+01
1.423000e-05	2.495550e-01	-1.558125e+01
1.424000e-05	2.138733e-01	-1.550654e+01
1.425000e-05	1.370787e-01	-1.541185e+01
1.426000e-05	8.671671e-02	-1.528402e+01
1.427000e-05	6.419950e-02	-1.522278e+01
1.428000e-05	5.104899e-02	-1.509860e+01
1.429000e-05	3.474415e-02	-1.500230e+01
1.430000e-05	2.210540e-02	-1.492600e+01
1.431000e-05	1.865765e-02	-1.478138e+01
1.432000e-05	1.985471e-02	-1.467391e+01
1.433000e-05	1.523067e-02	-1.452707e+01
1.434000e-05	6.356166e-03	-1.442081e+01
1.435000e-05	4.910004e-03	-1.421444e+01
1.436000e-05	9.717247e-03	-1.412712e+01
1.437000e-05	1.126027e-02	-1.394917e+01
1.438000e-05	3.999908e-03	-1.378130e+01
1.439000e-05	-1.026217e-03	-1.361328e+01
1.440000e-05	1.041859e-03	-1.347254e+01
1.441000e-05	4.763970e-03	-1.331589e+01
1.442000e-05	3.768558e-03	-1.313509e+01
1.443000e-05	-7.161699e-04	-1.289762e+01
1.444000e-05	-3.594917e-04	-1.275968e+01
1.445000e-05	3.047957e-03	-1.256923e+01
1.446000e-05	2.851291e-03	-1.237178e+01
1.447000e-05	-3.072125e-03	-1.219178e+01
1.448000e-05	-5.639649e-03	-1.201918e+01
1.449000e-05	-2.000580e-03	-1.179235e+01
1.450000e-05	1.879003e-03	-1.157870e+01
1.451000e-05	-1.097219e-03	-1.128602e+01
1.452000e-05	-4.817096e-03	-1.106299e+01
1.453000e-05	-4.594386e-03	-1.086344e+01
1.454000e-05	-1.125251e-03	-1.068389e+01
1.455000e-05	-2.220298e-03	-1.039981e+01
1.456000e-05	-6.003512e-03	-1.015975e+01
1.457000e-05	-6.082812e-03	-9.928671e+00
1.458000e-05	-3.411804e-03	-9.748123e+00
1.459000e-05	-3.388200e-03	-9.464967e+00
1.460000e-05	-5.802729e-03	-9.201908e+00
1.461000e-05	-9.127227e-03	-8.970180e+00
1.462000e-05	-6.207793e-03	-8.759150e+00
1.463000e-05	-2.819452e-03	-8.477967e+00
1.464000e-05	-4.525069e-03	-8.282429e+00
1.465000e-05	-7.472683e-03	-7.989705e+00
1.466000e-05	-7.930130e-03	-7.656622e+00
1.467000e-05	-4.820685e-03	-7.391380e+00
1.468000e-05	-6.227659e-03	-7.168125e+00
1.469000e-05	-8.025157e-03	-6.824259e+00
1.470000e-05	-9.762712e-03	-6.629726e+00
1.471000e-05	-6.840149e-03	-6.328043e+00
1.472000e-05	-4.691159e-03	-6.061385e+00
1.473000e-05	-6.245643e-03	-5.698050e+00
1.474000e-05	-9.691998e-03	-5.473916e+00
1.475000e-05	-8.224532e-03	-5.188646e+00
1.476000e-05	-7.226316e-03	-4.842462e+00
1.477000e-05	-5.924898e-03	-4.506075e+00
1.478000e-05	-1.041720e-02	-4.275417e+00
1.479000e-05	-1.019898e-02	-4.012258e+00
1.480000e-05	-1.007401e-02	-3.715488e+00
1.481000e-05	-6.597574e-03	-3.443258e+00
1.482000e-05	-9.670830e-03	-3.186574e+00
1.483000e-05	-8.081564e-03	-2.861733e+00
1.484000e-05	-8.406657e-03	-2.537071e+00
1.485000e-05	-5.634513e-03	-2.231862e+00
1.486000e-05	-8.457776e-03	-1.977094e+00
1.487000e-05	-1.113952e-02	-1.663908e+00
1.488000e-05	-1.063611e-02	-1.347074e+00
1.489000e-05	-9.152641e-03	-1.040254e+00
1.490000e-05	-7.479156e-03	-7.369925e-01
1.491000e-05	-8.698311e-03	-4.001766e-01
1.492000e-05	-7.149996e-03	-1.170160e-01
1.493000e-05	1.047878e-03	1.276657e-01
1.494000e-05	6.005052e-03	4.129551e-01
1.495000e-05	-4.384396e-03	6.866067e-01
1.496000e-05	-3.677812e-04	9.781949e-01
1.497000e-05	-5.354255e-03	1.284662e+00
1.498000e-05	2.930234e-03	1.600326e+00
1.499000e-05	3.201158e-03	1.884139e+00
1.500000e-05	4.092360e-02	2.118614e+00
1.501000e-05	1.048848e-01	2.452407e+00
1.502000e-05	-5.180286e-02	2.860401e+00
1.503000e-05	-5.037902e-02	3.125133e+00
1.504000e-05	-4.033445e-02	3.420321e+00
1.505000e-05	-2.032699e-02	3.686612e+00
1.506000e-05	-8.944556e-02	3.916189e+00
1.507000e-05	5.155075e-02	4.096215e+00
1.508000e-05	8.797464e-02	4.477113e+00
1.509000e-05	-1.463285e-01	4.767766e+00
1.510000e-05	1.916743e-01	5.013358e+00
1.511000e-05	-1.172787e-01	5.380900e+00
1.512000e-05	1.444214e-02	5.653576e+00
1.513000e-05	9.809036e-04	5.929324e+00
1.514000e-05	-5.066876e-02	6.241479e+00
1.515000e-05	9.329988e-02	6.476666e+00
1.516000e-05	-6.245097e-02	6.811950e+00
1.517000e-05	4.152901e-02	7.033101e+00
1.518000e-05	-5.630482e-02	7.329799e+00
1.519000e-05	1.416149e-02	7.651584e+00
1.520000e-05	2.170144e-03	7.948743e+00
1.521000e-05	-3.181020e-02	8.242555e+00
1.522000e-05	5.873035e-02	8.464083e+00
1.523000e-05	-4.217442e-02	8.687235e+00
1.524000e-05	3.479950e-02	8.928892e+00
1.525000e-05	-2.515469e-02	9.220949e+00
1.526000e-05	-3.042705e-02	9.413028e+00
1.527000e-05	1.245647e-02	9.697213e+00
1.528000e-05	-2.042746e-03	9.919389e+00
1.529000e-05	3.154914e-02	1.017995e+01
1.530000e-05	-3.671184e-02	1.040110e+01
1.531000e-05	1.613083e-02	1.070306e+01
1.532000e-05	-3.048369e-02	1.089509e+01
1.533000e-05	9.388164e-03	1.105513e+01
1.534000e-05	-1.357464e-02	1.127674e+01
1.535000e-05	-3.159851e-03	1.145834e+01
1.536000e-05	6.463754e-03	1.178090e+01
1.537000e-05	-3.351494e-03	1.195208e+01
1.538000e-05	-3.903112e-03	1.219998e+01
1.539000e-05	-2.452082e-02	1.232000e+01
1.540000e-05	-1.583865e-03	1.255245e+01
1.541000e-05	-1.958509e-03	1.274050e+01
1.542000e-05	7.805628e-03	1.289892e+01
1.543000e-05	-1.177793e-02	1.310734e+01
1.544000e-05	-1.280808e-02	1.327679e+01
1.545000e-05	-8.680206e-03	1.345371e+01
1.546000e-05	-6.884752e-03	1.363468e+01
1.547000e-05	-9.459537e-03	1.377055e+01
1.548000e-05	-1.007650e-02	1.391037e+01
1.549000e-05	-2.776318e-03	1.414847e+01
1.550000e-05	-1.549984e-03	1.429681e+01
1.551000e-05	-1.222586e-02	1.442366e+01
1.552000e-05	-1.955014e-02	1.457898e+01
1.553000e-05	-1.842141e-02	1.467537e+01
1.554000e-05	-3.901806e-03	1.479218e+01
1.555000e-05	-5.923371e-03	1.490792e+01
1.556000e-05	-1.011024e-02	1.499318e+01
1.557000e-05	-1.556260e-02	1.508747e+01
1.558000e-05	-1.325658e-02	1.524571e+01
1.559000e-05	-1.196661e-02	1.530702e+01
1.560000e-05	-1.682269e-02	1.537313e+01
1.561000e-05	-1.656556e-02	1.550592e+01
1.562000e-05	-1.675517e-02	1.560260e+01
1.563000e-05	-7.909682e-03	1.565426e+01
1.564000e-05	-1.786492e-02	1.570894e+01
1.565000e-05	-2.182059e-02	1.578973e+01
1.566000e-05	-2.589616e-02	1.582526e+01
1.567000e-05	-1.743569e-02	1.588689e+01
1.568000e-05	-1.528274e-02	1.596205e+01
1.569000e-05	-2.121089e-02	1.599363e+01
1.570000e-05	-2.506238e-02	1.603471e+01
1.571000e-05	-2.609236e-02	1.601432e+01
1.572000e-05	-2.439883e-02	1.605734e+01
1.573000e-05	-3.136546e-02	1.608694e+01
1.574000e-05	-3.381619e-02	1.607696e+01
1.575000e-05	-3.494971e-02	1.607849e+01
1.576000e-05	-3.051403e-02	1.610792e+01
1.577000e-05	-3.610377e-02	1.608592e+01
1.578000e-05	-4.613942e-02	1.605689e+01
1.579000e-05	-5.340111e-02	1.605434e+01
1.580000e-05	-5.810628e-02	1.603529e+01
1.581000e-05	-6.279064e-02	1.598333e+01
1.582000e-05	-8.089901e-02	1.597173e+01
1.583000e-05	-1.026506e-01	1.590957e+01
1.584000e-05	-1.353468e-01	1.588492e+01
1.585000e-05	-1.797971e-01	1.580326e+01
1.586000e-05	-2.398657e-01	1.577125e+01
1.587000e-05	-2.500000e-01	1.569612e+01
1.588000e-05	-2.500000e-01	1.565434e+01
1.589000e-05	-2.484018e-01	1.558121e+01
1.590000e-05	-1.980915e-01	1.550699e+01
1.591000e-05	-1.366080e-01	1.537136e+01
1.592000e-05	-9.634045e-02	1.530709e+01
1.593000e-05	-7.013881e-02	1.516331e+01
1.594000e-05	-4.841227e-02	1.503710e+01
1.595000e-05	-3.872068e-02	1.497875e+01
1.596000e-05	-3.430466e-02	1.489644e+01
1.597000e-05	-2.871359e-02	1.473878e+01
1.598000e-05	-2.408357e-02	1.463383e+01
1.599000e-05	-2.050463e-02	1.447817e+01
1.600000e-05	-2.170278e-02	1.437170e+01
1.601000e-05	-2.015545e-02	1.420181e+01
1.602000e-05	-1.671606e-02	1.404354e+01
1.603000e-05	-1.200688e-02	1.389755e+01
1.604000e-05	-1.306422e-02	1.372917e+01
1.605000e-05	-1.511256e-02	1.359231e+01
1.606000e-05	-1.301837e-02	1.343236e+01
1.607000e-05	-1.197555e-02	1.321449e+01
1.608000e-05	-1.005390e-02	1.306749e+01
1.609000e-05	-1.345305e-02	1.287655e+01
1.610000e-05	-1.220197e-02	1.271655e+01
1.611000e-05	-1.020331e-02	1.251763e+01
1.612000e-05	-7.975252e-03	1.233963e+01
1.613000e-05	-1.059509e-02	1.212963e+01
1.614000e-05	-1.142845e-02	1.192975e+01
1.615000e-05	-9.460024e-03	1.172915e+01
1.616000e-05	-6.486123e-03	1.148703e+01
1.617000e-05	-7.072695e-03	1.127402e+01
1.618000e-05	-1.007681e-02	1.104356e+01
1.619000e-05	-8.713718e-03	1.082291e+01
1.620000e-05	-6.916493e-03	1.060244e+01
1.621000e-05	-5.516282e-03	1.037085e+01
1.622000e-05	-9.191339e-03	1.014963e+01
1.623000e-05	-9.471381e-03	9.896622e+00
1.624000e-05	-7.537460e-03	9.635417e+00
1.625000e-05	-5.381861e-03	9.421885e+00
1.626000e-05	-5.534577e-03	9.191281e+00
1.627000e-05	-8.011138e-03	8.949101e+00
1.628000e-05	-6.654508e-03	8.715543e+00
1.629000e-05	-5.778821e-03	8.473937e+00
1.630000e-05	-5.066796e-03	8.211308e+00
1.631000e-05	-8.047536e-03	7.876075e+00
1.632000e-05	-7.347195e-03	7.643942e+00
1.633000e-05	-6.587388e-03	7.369229e+00
1.634000e-05	-3.579307e-03	7.117067e+00
1.635000e-05	-6.426653e-03	6.863913e+00
1.636000e-05	-6.734509e-03	6.559604e+00
1.637000e-05	-6.796257e-03	6.295039e+00
1.638000e-05	-4.577846e-03	6.040758e+00
1.639000e-05	-5.206708e-03	5.727106e+00
1.640000e-05	-7.495069e-03	5.423917e+00
1.641000e-05	-7.244168e-03	5.148149e+00
1.642000e-05	-5.476385e-03	4.801301e+00
1.643000e-05	-5.071805e-03	4.506042e+00
1.644000e-05	-6.289200e-03	4.244358e+00
1.645000e-05	-6.622983e-03	3.916646e+00
1.646000e-05	-5.260326e-03	3.662389e+00
1.647000e-05	-4.198238e-03	3.358153e+00
1.648000e-05	-4.783523e-03	3.034988e+00
1.649000e-05	-6.573648e-03	2.773205e+00
1.650000e-05	-6.586388e-03	2.445465e+00
1.651000e-05	-5.850098e-03	2.199704e+00
1.652000e-05	-5.977353e-03	1.917491e+00
1.653000e-05	-6.490752e-03	1.571630e+00
1.654000e-05	-6.393125e-03	1.274443e+00
1.655000e-05	-4.524475e-03	9.281288e-01
1.656000e-05	-3.636503e-03	6.338595e-01
1.657000e-05	-3.848446e-03	3.691251e-01
1.658000e-05	-4.100414e-03	7.286058e-02
1.659000e-05	2.611094e-03	-2.508749e-01
1.660000e-05	7.975348e-03	-4.825775e-01
1.661000e-05	-1.827583e-03	-7.593460e-01
1.662000e-05	1.568932e-03	-1.042455e+00
1.663000e-05	-2.967549e-03	-1.409719e+00
1.664000e-05	2.023739e-03	-1.663579e+00
1.665000e-05	1.767648e-02	-1.883583e+00
1.666000e-05	1.127137e-01	-2.156687e+00
1.667000e-05	2.634160e-02	-2.525638e+00
1.668000e-05	-7.262480e-02	-3.040218e+00
1.669000e-05	-1.348697e-02	-3.286113e+00
1.670000e-05	-4.763173e-02	-3.555816e+00
1.671000e-05	-8.044813e-02	-3.757743e+00
1.672000e-05	8.652129e-02	-4.007391e+00
1.673000e-05	4.713334e-02	-4.169794e+00
1.674000e-05	-1.326095e-01	-4.517090e+00
1.675000e-05	2.169221e-01	-4.796395e+00
1.676000e-05	-1.757164e-01	-5.115480e+00
1.677000e-05	1.322032e-01	-5.474505e+00
1.678000e-05	-7.126210e-02	-5.694637e+00
1.679000e-05	-6.074592e-02	-6.053477e+00
1.680000e-05	1.787245e-01	-6.232008e+00
1.681000e-05	-1.522340e-01	-6.578244e+00
1.682000e-05	1.690623e-01	-6.855678e+00
1.683000e-05	-1.403008e-01	-7.137269e+00
1.684000e-05	4.254441e-02	-7.474104e+00
1.685000e-05	3.374660e-02	-7.716162e+00
1.686000e-05	-7.749971e-02	-8.050875e+00
1.687000e-05	1.491181e-01	-8.233078e+00
1.688000e-05	-1.452912e-01	-8.515641e+00
1.689000e-05	1.472317e-01	-8.831324e+00
1.690000e-05	-9.104004e-02	-9.031997e+00
1.691000e-05	1.414229e-02	-9.297213e+00
1.692000e-05	-3.319367e-03	-9.494636e+00
1.693000e-05	-2.281770e-02	-9.790297e+00
1.694000e-05	1.082820e-01	-9.969371e+00
1.695000e-05	-8.375468e-02	-1.021298e+01
1.696000e-05	8.755772e-02	-1.048519e+01
1.697000e-05	-1.032007e-01	-1.070369e+01
1.698000e-05	8.758098e-02	-1.093929e+01
1.699000e-05	-5.392880e-02	-1.111679e+01
1.700000e-05	4.087643e-02	-1.136990e+01
1.701000e-05	-1.738167e-02	-1.157100e+01
1.702000e-05	1.946029e-02	-1.184361e+01
1.703000e-05	1.864698e-02	-1.206318e+01
1.704000e-05	-2.681730e-02	-1.225265e+01
1.705000e-05	1.584961e-02	-1.241363e+01
1.706000e-05	-1.830105e-02	-1.261263e+01
1.707000e-05	5.427327e-02	-1.282003e+01
1.708000e-05	-1.887580e-02	-1.301195e+01
1.709000e-05	2.042464e-02	-1.311955e+01
1.710000e-05	-3.195195e-02	-1.332792e+01
1.711000e-05	2.917552e-02	-1.349731e+01
1.712000e-05	-9.642697e-03	-1.368321e+01
1.713000e-05	1.766388e-02	-1.384424e+01
1.714000e-05	-7.358255e-03	-1.398200e+01
1.715000e-05	2.361396e-02	-1.416947e+01
1.716000e-05	9.091295e-03	-1.429736e+01
1.717000e-05	2.573098e-03	-1.444279e+01
1.718000e-05	-1.012827e-02	-1.456005e+01
1.719000e-05	3.942201e-03	-1.471637e+01
1.720000e-05	2.114807e-02	-1.482418e+01
1.721000e-05	1.157721e-02	-1.494955e+01
1.722000e-05	7.827860e-03	-1.503336e+01
1.723000e-05	-5.375942e-03	-1.516995e+01
1.724000e-05	1.779668e-02	-1.527334e+01
1.725000e-05	8.206089e-03	-1.532899e+01
1.726000e-05	1.301336e-02	-1.543476e+01
1.727000e-05	7.120162e-05	-1.552847e+01
1.728000e-05	1.842609e-02	-1.560369e+01
1.729000e-05	1.558027e-02	-1.570694e+01
1.730000e-05	1.126953e-02	-1.576805e+01
1.731000e-05	5.118127e-04	-1.581220e+01
1.732000e-05	8.685516e-03	-1.587636e+01
1.733000e-05	2.352890e-02	-1.591946e+01
1.734000e-05	2.241199e-02	-1.593120e+01
1.735000e-05	1.482045e-02	-1.602268e+01
1.736000e-05	1.055588e-02	-1.603378e+01
1.737000e-05	2.054042e-02	-1.604444e+01
1.738000e-05	2.363671e-02	-1.608542e+01
1.739000e-05	2.081908e-02	-1.610699e+01
1.740000e-05	1.860399e-02	-1.611747e+01
1.741000e-05	2.741564e-02	-1.610447e+01
1.742000e-05	3.700637e-02	-1.612545e+01
1.743000e-05	3.498188e-02	-1.612544e+01
1.744000e-05	2.953213e-02	-1.609591e+01
1.745000e-05	3.649752e-02	-1.608441e+01
1.746000e-05	5.353413e-02	-1.601441e+01
1.747000e-05	6.631153e-02	-1.603218e+01
1.748000e-05	7.336406e-02	-1.599170e+01
1.749000e-05	9.023154e-02	-1.593957e+01
1.750000e-05	1.278563e-01	-1.588554e+01
1.751000e-05	1.808862e-01	-1.581441e+01
1.752000e-05	2.352354e-01	-1.575970e+01
1.753000e-05	2.499890e-01	-1.568705e+01
1.754000e-05	2.500000e-01	-1.568284e+01
1.755000e-05	2.483164e-01	-1.557925e+01
1.756000e-05	1.974705e-01	-1.546497e+01
1.757000e-05	1.247738e-01	-1.538023e+01
1.758000e-05	8.171063e-02	-1.524549e+01
1.759000e-05	6.297880e-02	-1.518073e+01
1.760000e-05	4.790237e-02	-1.511797e+01
1.761000e-05	3.137236e-02	-1.498077e+01
1.762000e-05	1.880520e-02	-1.488657e+01
1.763000e-05	1.618961e-02	-1.478960e+01
1.764000e-05	1.725540e-02	-1.462433e+01
1.765000e-05	1.356465e-02	-1.452609e+01
1.766000e-05	7.671032e-03	-1.434125e+01
1.767000e-05	6.749812e-03	-1.421346e+01
1.768000e-05	1.170867e-02	-1.404447e+01
1.769000e-05	1.038616e-02	-1.389760e+01
1.770000e-05	2.416763e-03	-1.374867e+01
1.771000e-05	-1.877708e-03	-1.356926e+01
1.772000e-05	-2.962702e-04	-1.343433e+01
1.773000e-05	3.950024e-03	-1.325489e+01
1.774000e-05	1.600351e-03	-1.306454e+01
1.775000e-05	-1.048987e-03	-1.291597e+01
1.776000e-05	3.540097e-05	-1.271825e+01
1.777000e-05	3.900832e-03	-1.253812e+01
1.778000e-05	3.132421e-03	-1.234122e+01
1.779000e-05	-3.276399e-03	-1.216817e+01
1.780000e-05	-4.558843e-03	-1.192768e+01
1.781000e-05	-2.474036e-03	-1.177965e+01
1.782000e-05	8.914273e-04	-1.147457e+01
1.783000e-05	-4.342267e-03	-1.127334e+01
1.784000e-05	-6.036605e-03	-1.099281e+01
1.785000e-05	-4.348992e-03	-1.082173e+01
1.786000e-05	2.185854e-04	-1.060176e+01
1.787000e-05	-1.296686e-03	-1.034825e+01
1.788000e-05	-5.453277e-03	-1.013905e+01
1.789000e-05	-6.033530e-03	-9.904543e+00
1.790000e-05	-3.781414e-03	-9.656962e+00
1.791000e-05	-4.442365e-03	-9.431387e+00
1.792000e-05	-7.354479e-03	-9.209749e+00
1.793000e-05	-8.822999e-03	-8.937124e+00
1.794000e-05	-4.736739e-03	-8.713996e+00
1.795000e-05	-2.519699e-03	-8.423388e+00
1.796000e-05	-4.797946e-03	-8.170627e+00
1.797000e-05	-7.819702e-03	-7.926544e+00
1.798000e-05	-9.165005e-03	-7.672433e+00
1.799000e-05	-3.900319e-03	-7.377627e+00
1.800000e-05	-7.359544e-03	-7.094516e+00
1.801000e-05	-7.219865e-03	-6.779728e+00
1.802000e-05	-8.757135e-03	-6.547072e+00
1.803000e-05	-8.349028e-03	-6.233416e+00
1.804000e-05	-5.851154e-03	-5.999229e+00
1.805000e-05	-1.000743e-02	-5.726043e+00
1.806000e-05	-9.259531e-03	-5.388757e+00
1.807000e-05	-8.515970e-03	-5.085492e+00
1.808000e-05	-4.783910e-03	-4.778680e+00
1.809000e-05	-6.148200e-03	-4.463367e+00
1.810000e-05	-9.255987e-03	-4.231810e+00
1.811000e-05	-9.681153e-03	-3.969645e+00
1.812000e-05	-9.063124e-03	-3.631883e+00
1.813000e-05	-7.446024e-03	-3.390150e+00
1.814000e-05	-1.025020e-02	-3.073466e+00
1.815000e-05	-8.931581e-03	-2.799600e+00
1.816000e-05	-8.550544e-03	-2.464865e+00
1.817000e-05	-4.447629e-03	-2.169626e+00
1.818000e-05	-8.584580e-03	-1.896890e+00
1.819000e-05	-1.077719e-02	-1.640199e+00
1.820000e-05	-1.138904e-02	-1.292038e+00
1.821000e-05	-8.662317e-03	-9.866013e-01
1.822000e-05	-8.112618e-03	-6.433607e-01
1.823000e-05	-8.841636e-03	-3.764724e-01
1.824000e-05	-7.293692e-03	-9.036440e-02
1.825000e-05	5.574544e-03	2.728026e-01
1.826000e-05	2.421324e-03	5.151591e-01
1.827000e-05	-9.314580e-04	7.667693e-01
1.828000e-05	-2.813928e-03	1.044404e+00
1.829000e-05	-2.897883e-03	1.367219e+00
1.830000e-05	3.215292e-04	1.685585e+00
1.831000e-05	9.483416e-03	1.927741e+00
1.832000e-05	5.656735e-02	2.199294e+00
1.833000e-05	9.318267e-02	2.495547e+00
1.834000e-05	-8.024469e-02	2.865135e+00
1.835000e-05	-3.603570e-02	3.159267e+00
1.836000e-05	-4.418373e-02	3.516579e+00
1.837000e-05	-2.452674e-02	3.748269e+00
1.838000e-05	-8.835207e-02	3.959391e+00
1.839000e-05	1.050150e-01	4.171850e+00
1.840000e-05	9.636573e-03	4.548317e+00
1.841000e-05	-8.173360e-02	4.819397e+00
1.842000e-05	1.825555e-01	5.107736e+00
1.843000e-05	-1.584720e-01	5.442534e+00
1.844000e-05	7.112002e-02	5.736213e+00
1.845000e-05	-5.573979e-02	6.063628e+00
1.846000e-05	7.701082e-03	6.264111e+00
1.847000e-05	5.764119e-02	6.528747e+00
1.848000e-05	-5.523549e-02	6.895585e+00
1.849000e-05	4.367824e-02	7.107166e+00
1.850000e-05	-7.254077e-02	7.433031e+00
1.851000e-05	4.488982e-02	7.726816e+00
1.852000e-05	-3.423620e-02	8.001925e+00
1.853000e-05	5.153901e-03	8.283239e+00
1.854000e-05	3.807164e-02	8.496242e+00
1.855000e-05	-3.916849e-02	8.716346e+00
1.856000e-05	4.336722e-02	9.000972e+00
1.857000e-05	-5.061924e-02	9.235135e+00
1.858000e-05	-3.809828e-03	9.476137e+00
1.859000e-05	-5.619487e-03	9.747897e+00
1.860000e-05	2.172896e-02	9.931403e+00
1.861000e-05	7.826402e-03	1.017250e+01
1.862000e-05	-2.200838e-02	1.042403e+01
1.863000e-05	7.796511e-03	1.063471e+01
1.864000e-05	-2.668565e-02	1.090629e+01
1.865000e-05	1.064216e-02	1.109679e+01
1.866000e-05	-2.230698e-02	1.132035e+01
1.867000e-05	7.909870e-03	1.151005e+01
1.868000e-05	-2.695814e-03	1.179261e+01
1.869000e-05	6.089748e-03	1.200211e+01
1.870000e-05	-1.660320e-02	1.223318e+01
1.871000e-05	-1.378279e-02	1.244210e+01
1.872000e-05	-6.996129e-03	1.259268e+01
1.873000e-05	4.066111e-03	1.277210e+01
1.874000e-05	8.880187e-04	1.296105e+01
1.875000e-05	-1.195602e-02	1.311945e+01
1.876000e-05	-1.188548e-02	1.332985e+01
1.877000e-05	-9.203743e-03	1.346624e+01
1.878000e-05	-4.200365e-03	1.366479e+01
1.879000e-05	-1.416264e-02	1.379266e+01
1.880000e-05	-5.093903e-03	1.393207e+01
1.881000e-05	-5.090370e-03	1.411110e+01
1.882000e-05	1.067719e-03	1.429789e+01
1.883000e-05	-1.723192e-02	1.445379e+01
1.884000e-05	-1.724485e-02	1.456100e+01
1.885000e-05	-1.720212e-02	1.470644e+01
1.886000e-05	-2.701346e-03	1.484373e+01
1.887000e-05	-6.665404e-03	1.490949e+01
1.888000e-05	-1.288899e-02	1.502424e+01
1.889000e-05	-1.255418e-02	1.510852e+01
1.890000e-05	-1.324760e-02	1.523478e+01
1.891000e-05	-9.511909e-03	1.531060e+01
1.892000e-05	-2.028845e-02	1.540471e+01
1.893000e-05	-1.496563e-02	1.548802e+01
1.894000e-05	-1.527419e-02	1.554120e+01
1.895000e-05	-8.296553e-03	1.565526e+01
1.896000e-05	-2.010300e-02	1.570797e+01
1.897000e-05	-2.428630e-02	1.580121e+01
1.898000e-05	-2.309199e-02	1.583429e+01
1.899000e-05	-1.623812e-02	1.588747e+01
1.900000e-05	-1.545332e-02	1.594212e+01
1.901000e-05	-2.471274e-02	1.600273e+01
1.902000e-05	-2.319029e-02	1.600479e+01
1.903000e-05	-2.582753e-02	1.601486e+01
1.904000e-05	-2.460767e-02	1.600639e+01
1.905000e-05	-3.359581e-02	1.605794e+01
1.906000e-05	-3.553551e-02	1.605799e+01
1.907000e-05	-3.300709e-02	1.605500e+01
1.908000e-05	-3.134535e-02	1.607644e+01
1.909000e-05	-3.779839e-02	1.607647e+01
1.910000e-05	-4.986647e-02	1.605494e+01
1.911000e-05	-5.316519e-02	1.602539e+01
1.912000e-05	-5.847018e-02	1.601639e+01
1.913000e-05	-6.659516e-02	1.597324e+01
1.914000e-05	-8.634424e-02	1.596213e+01
1.915000e-05	-1.088158e-01	1.590762e+01
1.916000e-05	-1.423710e-01	1.584544e+01
1.917000e-05	-1.936030e-01	1.583281e+01
1.918000e-05	-2.460881e-01	1.570866e+01
1.919000e-05	-2.500000e-01	1.566604e+01
1.920000e-05	-2.500000e-01	1.559341e+01
1.921000e-05	-2.443809e-01	1.552073e+01
1.922000e-05	-1.816049e-01	1.547804e+01
1.923000e-05	-1.263173e-01	1.541128e+01
1.924000e-05	-8.906433e-02	1.524649e+01
1.925000e-05	-6.441388e-02	1.516125e+01
1.926000e-05	-4.648262e-02	1.502507e+01
1.927000e-05	-3.921518e-02	1.495022e+01
1.928000e-05	-3.417626e-02	1.481339e+01
1.929000e-05	-2.589808e-02	1.471865e+01
1.930000e-05	-2.273178e-02	1.457228e+01
1.931000e-05	-2.090296e-02	1.446749e+01
1.932000e-05	-2.190746e-02	1.430767e+01
1.933000e-05	-1.995910e-02	1.414190e+01
1.934000e-05	-1.431009e-02	1.403546e+01
1.935000e-05	-1.329544e-02	1.386607e+01
1.936000e-05	-1.398137e-02	1.370815e+01
1.937000e-05	-1.525165e-02	1.354012e+01
1.938000e-05	-1.185585e-02	1.335083e+01
1.939000e-05	-1.187522e-02	1.322133e+01
1.940000e-05	-1.114082e-02	1.300336e+01
1.941000e-05	-1.399639e-02	1.284442e+01
1.942000e-05	-1.162655e-02	1.264495e+01
1.943000e-05	-9.325336e-03	1.248802e+01
1.944000e-05	-9.099194e-03	1.232607e+01
1.945000e-05	-1.166884e-02	1.209708e+01
1.946000e-05	-1.153625e-02	1.188609e+01
1.947000e-05	-8.189212e-03	1.168652e+01
1.948000e-05	-8.236676e-03	1.146312e+01
1.949000e-05	-8.114968e-03	1.121388e+01
1.950000e-05	-1.004891e-02	1.100089e+01
1.951000e-05	-7.461661e-03	1.077081e+01
1.952000e-05	-6.421527e-03	1.057923e+01
1.953000e-05	-7.514762e-03	1.032672e+01
1.954000e-05	-9.141067e-03	1.009809e+01
1.955000e-05	-8.811079e-03	9.865464e+00
1.956000e-05	-5.232296e-03	9.622359e+00
1.957000e-05	-6.006467e-03	9.390727e+00
1.958000e-05	-7.044378e-03	9.107152e+00
1.959000e-05	-8.670628e-03	8.835016e+00
1.960000e-05	-5.875397e-03	8.622412e+00
1.961000e-05	-5.278648e-03	8.391258e+00
1.962000e-05	-5.953910e-03	8.099100e+00
1.963000e-05	-7.569770e-03	7.864964e+00
1.964000e-05	-7.004816e-03	7.571278e+00
1.965000e-05	-5.307310e-03	7.299170e+00
1.966000e-05	-5.523033e-03	7.033413e+00
1.967000e-05	-7.140519e-03	6.761232e+00
1.968000e-05	-6.957312e-03	6.515491e+00
1.969000e-05	-5.000765e-03	6.222284e+00
1.970000e-05	-4.291631e-03	5.970180e+00
1.971000e-05	-5.555357e-03	5.665492e+00
1.972000e-05	-7.874307e-03	5.380707e+00
1.973000e-05	-6.342043e-03	5.014939e+00
1.974000e-05	-4.607870e-03	4.717622e+00
1.975000e-05	-6.011543e-03	4.434313e+00
1.976000e-05	-6.964829e-03	4.131129e+00
1.977000e-05	-6.144453e-03	3.853890e+00
1.978000e-05	-5.167760e-03	3.602253e+00
1.979000e-05	-4.906101e-03	3.274472e+00
1.980000e-05	-5.993940e-03	3.012305e+00
1.981000e-05	-6.403072e-03	2.758596e+00
1.982000e-05	-5.319712e-03	2.401832e+00
1.983000e-05	-4.727941e-03	2.095068e+00
1.984000e-05	-6.134221e-03	1.873863e+00
1.985000e-05	-7.137844e-03	1.546545e+00
1.986000e-05	-6.426936e-03	1.232786e+00
1.987000e-05	-4.664429e-03	8.865420e-01
1.988000e-05	-4.396291e-03	5.886515e-01
1.989000e-05	-4.348606e-03	2.859934e-01
1.990000e-05	-3.508803e-03	-8.748783e-04
1.991000e-05	6.159449e-03	-2.840053e-01
1.992000e-05	5.185135e-03	-5.952181e-01
1.993000e-05	-2.797498e-03	-8.933801e-01
1.994000e-05	5.886478e-04	-1.155666e+00
1.995000e-05	-3.611704e-03	-1.433375e+00
1.996000e-05	4.092443e-03	-1.733559e+00
1.997000e-05	3.076753e-02	-1.967667e+00
1.998000e-05	1.325249e-01	-2.280824e+00
1.999000e-05	-2.892034e-02	-2.639347e+00
2.000000e-05	-5.237156e-02	-3.092377e+00
2.001000e-05	-3.039990e-02	-3.386790e+00
2.002000e-05	-4.388104e-02	-3.587845e+00
2.003000e-05	-8.992677e-02	-3.799873e+00
2.004000e-05	1.564053e-01	-4.008968e+00
2.005000e-05	-5.866623e-02	-4.302958e+00
2.006000e-05	-9.841849e-03	-4.608742e+00
2.007000e-05	1.677193e-01	-4.830497e+00
2.008000e-05	-1.929613e-01	-5.220793e+00
2.009000e-05	1.782551e-01	-5.504334e+00
2.010000e-05	-1.525534e-01	-5.787295e+00
2.011000e-05	5.158000e-02	-6.054580e+00
2.012000e-05	9.236242e-02	-6.316266e+00
2.013000e-05	-1.062776e-01	-6.644477e+00
2.014000e-05	1.660316e-01	-6.908264e+00
2.015000e-05	-1.839167e-01	-7.241522e+00
2.016000e-05	1.187391e-01	-7.526665e+00
2.017000e-05	-5.608519e-02	-7.797744e+00
2.018000e-05	3.281955e-03	-8.054034e+00
2.019000e-05	9.061954e-02	-8.296183e+00
2.020000e-05	-1.189969e-01	-8.558844e+00
2.021000e-05	1.631216e-01	-8.875130e+00
2.022000e-05	-1.432530e-01	-9.104659e+00
2.023000e-05	7.756724e-02	-9.328891e+00
2.024000e-05	-6.887651e-02	-9.477893e+00
2.025000e-05	5.211128e-02	-9.790499e+00
2.026000e-05	4.558989e-02	-1.002107e+01
2.027000e-05	-4.261568e-02	-1.024619e+01
2.028000e-05	5.746616e-02	-1.053727e+01
2.029000e-05	-9.008731e-02	-1.077779e+01
2.030000e-05	9.462125e-02	-1.093852e+01
2.031000e-05	-7.618818e-02	-1.122947e+01
2.032000e-05	6.922097e-02	-1.136152e+01
2.033000e-05	-4.625510e-02	-1.166258e+01
2.034000e-05	5.472915e-02	-1.189579e+01
2.035000e-05	-1.703999e-02	-1.211579e+01
2.036000e-05	-3.017193e-04	-1.228579e+01
2.037000e-05	-6.299743e-03	-1.245614e+01
2.038000e-05	4.882369e-03	-1.267474e+01
2.039000e-05	3.891601e-02	-1.283321e+01
2.040000e-05	-1.290950e-02	-1.304171e+01
2.041000e-05	1.199336e-02	-1.319163e+01
2.042000e-05	-2.519834e-02	-1.335163e+01
2.043000e-05	3.126677e-02	-1.353882e+01
2.044000e-05	-1.223959e-02	-1.371737e+01
2.045000e-05	2.100993e-02	-1.386379e+01
2.046000e-05	-9.473772e-03	-1.403418e+01
2.047000e-05	2.973812e-02	-1.424360e+01
2.048000e-05	1.027974e-03	-1.436647e+01
2.049000e-05	4.872248e-03	-1.451684e+01
2.050000e-05	-1.492445e-02	-1.460065e+01
2.051000e-05	1.356117e-02	-1.475902e+01
2.052000e-05	1.742958e-02	-1.485531e+01
2.053000e-05	1.436446e-02	-1.497015e+01
2.054000e-05	1.486640e-03	-1.509527e+01
2.055000e-05	1.156973e-03	-1.518960e+01
2.056000e-05	1.601802e-02	-1.528684e+01
2.057000e-05	8.510054e-03	-1.538003e+01
2.058000e-05	1.015066e-02	-1.546529e+01
2.059000e-05	2.377542e-03	-1.554957e+01
2.060000e-05	2.061900e-02	-1.564371e+01
2.061000e-05	1.406198e-02	-1.570737e+01
2.062000e-05	9.109828e-03	-1.581007e+01
2.063000e-05	-3.367276e-04	-1.582320e+01
2.064000e-05	1.372444e-02	-1.587592e+01
2.065000e-05	2.274535e-02	-1.591910e+01
2.066000e-05	2.227821e-02	-1.600110e+01
2.067000e-05	1.227181e-02	-1.600315e+01
2.068000e-05	1.275451e-02	-1.608379e+01
2.069000e-05	2.108578e-02	-1.605442e+01
2.070000e-05	2.309215e-02	-1.609592e+01
2.071000e-05	1.921175e-02	-1.614794e+01
2.072000e-05	2.007773e-02	-1.608797e+01
2.073000e-05	3.075965e-02	-1.610597e+01
2.074000e-05	3.832406e-02	-1.609657e+01
2.075000e-05	3.257433e-02	-1.613597e+01
2.076000e-05	3.014315e-02	-1.608497e+01
2.077000e-05	3.944242e-02	-1.604484e+01
2.078000e-05	5.638418e-02	-1.606328e+01
2.079000e-05	6.687536e-02	-1.603328e+01
2.080000e-05	7.583815e-02	-1.597068e+01
2.081000e-05	9.737221e-02	-1.592857e+01
2.082000e-05	1.382075e-01	-1.587389e+01
2.083000e-05	1.930353e-01	-1.584376e+01
2.084000e-05	2.426123e-01	-1.576120e+01
2.085000e-05	2.500000e-01	-1.568499e+01
2.086000e-05	2.500000e-01	-1.562389e+01
2.087000e-05	2.451757e-01	-1.549908e+01
2.088000e-05	1.791080e-01	-1.542379e+01
2.089000e-05	1.120396e-01	-1.535922e+01
2.090000e-05	7.552775e-02	-1.527391e+01
2.091000e-05	5.921263e-02	-1.516120e+01
2.092000e-05	4.421405e-02	-1.509649e+01
2.093000e-05	2.819882e-02	-1.493865e+01
2.094000e-05	1.874592e-02	-1.483436e+01
2.095000e-05	1.873211e-02	-1.473910e+01
2.096000e-05	1.720530e-02	-1.460183e+01
2.097000e-05	1.067743e-02	-1.448297e+01
2.098000e-05	5.588329e-03	-1.429855e+01
2.099000e-05	7.780920e-03	-1.419978e+01
2.100000e-05	1.079789e-02	-1.402389e+01
2.101000e-05	7.546541e-03	-1.386661e+01
2.102000e-05	1.167635e-03	-1.369764e+01
2.103000e-05	-3.618245e-05	-1.350662e+01
2.104000e-05	3.540183e-03	-1.335023e+01
2.105000e-05	5.047605e-03	-1.320334e+01
2.106000e-05	9.353476e-04	-1.302378e+01
2.107000e-05	-1.132569e-03	-1.282444e+01
2.108000e-05	1.276874e-03	-1.270492e+01
2.109000e-05	2.940522e-03	-1.248804e+01
2.110000e-05	-1.674990e-04	-1.231706e+01
2.111000e-05	-4.825766e-03	-1.205752e+01
2.112000e-05	-3.342500e-03	-1.184602e+01
2.113000e-05	4.720906e-05	-1.167562e+01
2.114000e-05	5.276224e-04	-1.144136e+01
2.115000e-05	-4.512111e-03	-1.120183e+01
2.116000e-05	-5.004182e-03	-1.095770e+01
2.117000e-05	-2.701234e-03	-1.076962e+01
2.118000e-05	-1.463777e-03	-1.054915e+01
2.119000e-05	-4.089520e-03	-1.031807e+01
2.120000e-05	-7.557072e-03	-1.005599e+01
2.121000e-05	-5.226625e-03	-9.842862e+00
2.122000e-05	-2.942577e-03	-9.652887e+00
2.123000e-05	-3.577666e-03	-9.390627e+00
2.124000e-05	-7.836036e-03	-9.136600e+00
2.125000e-05	-8.099192e-03	-8.915463e+00
2.126000e-05	-5.323894e-03	-8.672392e+00
2.127000e-05	-3.262204e-03	-8.381803e+00
2.128000e-05	-6.947310e-03	-8.117545e+00
2.129000e-05	-9.011055e-03	-7.853515e+00
2.130000e-05	-7.395237e-03	-7.560175e+00
2.131000e-05	-4.420300e-03	-7.313539e+00
2.132000e-05	-6.941302e-03	-7.002783e+00
2.133000e-05	-8.974450e-03	-6.727569e+00
2.134000e-05	-9.106385e-03	-6.503512e+00
2.135000e-05	-5.754195e-03	-6.197384e+00
2.136000e-05	-6.342983e-03	-5.947543e+00
2.137000e-05	-7.780970e-03	-5.631385e+00
2.138000e-05	-9.126341e-03	-5.388105e+00
2.139000e-05	-7.623857e-03	-5.011660e+00
2.140000e-05	-6.010278e-03	-4.684992e+00
2.141000e-05	-7.750893e-03	-4.452710e+00
2.142000e-05	-1.034660e-02	-4.177703e+00
2.143000e-05	-9.975192e-03	-3.906418e+00
2.144000e-05	-7.329996e-03	-3.610254e+00
2.145000e-05	-8.254974e-03	-3.314545e+00
2.146000e-05	-8.080742e-03	-3.011778e+00
2.147000e-05	-9.246953e-03	-2.695492e+00
2.148000e-05	-7.292241e-03	-2.431858e+00
2.149000e-05	-7.666602e-03	-2.094597e+00
2.150000e-05	-8.648401e-03	-1.841207e+00
2.151000e-05	-1.184917e-02	-1.577625e+00
2.152000e-05	-8.859234e-03	-1.210750e+00
2.153000e-05	-7.459491e-03	-9.039695e-01
2.154000e-05	-7.787925e-03	-5.581500e-01
2.155000e-05	-7.506820e-03	-2.553658e-01
2.156000e-05	-6.068231e-03	-2.128045e-02
2.157000e-05	7.470650e-03	2.839826e-01
2.158000e-05	-3.311279e-03	5.367934e-01
2.159000e-05	1.633284e-03	8.024271e-01
2.160000e-05	-5.573088e-03	1.147139e+00
2.161000e-05	1.775538e-04	1.391925e+00
2.162000e-05	-1.940512e-03	1.738384e+00
2.163000e-05	1.842495e-02	1.999371e+00
2.164000e-05	7.473050e-02	2.282480e+00
2.165000e-05	6.379847e-02	2.620296e+00
2.166000e-05	-8.957285e-02	2.938217e+00
2.167000e-05	-3.014235e-02	3.213026e+00
2.168000e-05	-4.075992e-02	3.577812e+00
2.169000e-05	-4.210582e-02	3.778848e+00
2.170000e-05	-6.962814e-02	3.989027e+00
2.171000e-05	1.436233e-01	4.285053e+00
2.172000e-05	-7.398825e-02	4.612324e+00
2.173000e-05	1.322010e-02	4.823581e+00
2.174000e-05	1.216840e-01	5.199872e+00
2.175000e-05	-1.539005e-01	5.457190e+00
2.176000e-05	9.600063e-02	5.748346e+00
2.177000e-05	-9.693539e-02	6.106112e+00
2.178000e-05	6.309634e-02	6.317769e+00
2.179000e-05	1.095308e-02	6.612979e+00
2.180000e-05	-2.970065e-02	6.917240e+00
2.181000e-05	2.642863e-02	7.159874e+00
2.182000e-05	-6.802430e-02	7.436134e+00
2.183000e-05	5.808532e-02	7.767896e+00
2.184000e-05	-6.012354e-02	8.084085e+00
2.185000e-05	3.928474e-02	8.326818e+00
2.186000e-05	1.120811e-02	8.537869e+00
2.187000e-05	-2.586381e-02	8.789526e+00
2.188000e-05	3.738853e-02	9.012134e+00
2.189000e-05	-6.544143e-02	9.304343e+00
2.190000e-05	1.959440e-02	9.497864e+00
2.191000e-05	-2.067066e-02	9.772027e+00
2.192000e-05	4.102889e-02	1.005204e+01
2.193000e-05	-1.764062e-02	1.027511e+01
2.194000e-05	-4.090382e-03	1.048674e+01
2.195000e-05	-6.297930e-03	1.071780e+01
2.196000e-05	-1.759212e-02	1.090989e+01
2.197000e-05	8.579132e-03	1.119847e+01
2.198000e-05	-2.398679e-02	1.136153e+01
2.199000e-05	1.610142e-02	1.163368e+01
2.200000e-05	-1.029729e-02	1.184363e+01
2.201000e-05	1.160990e-02	1.202569e+01
2.202000e-05	-2.798737e-02	1.223571e+01
2.203000e-05	-4.044234e-03	1.243218e+01
2.204000e-05	-9.986274e-03	1.261515e+01
2.205000e-05	1.048280e-02	1.283263e+01
2.206000e-05	-5.142595e-03	1.301158e+01
2.207000e-05	-1.268172e-02	1.314047e+01
2.208000e-05	-1.173224e-02	1.336995e+01
2.209000e-05	-9.936260e-03	1.349992e+01
2.210000e-05	-3.365954e-03	1.368731e+01
2.211000e-05	-1.594880e-02	1.382431e+01
2.212000e-05	-7.475978e-04	1.397428e+01
2.213000e-05	-5.520025e-03	1.419310e+01
2.214000e-05	1.135820e-03	1.432904e+01
2.215000e-05	-2.082344e-02	1.445682e+01
2.216000e-05	-1.712041e-02	1.464216e+01
2.217000e-05	-1.509045e-02	1.474945e+01
2.218000e-05	-2.227469e-03	1.486721e+01
2.219000e-05	-7.454078e-03	1.494953e+01
2.220000e-05	-1.407003e-02	1.506729e+01
2.221000e-05	-1.173619e-02	1.518954e+01
2.222000e-05	-1.402659e-02	1.525589e+01
2.223000e-05	-1.037071e-02	1.532952e+01
2.224000e-05	-2.016313e-02	1.545482e+01
2.225000e-05	-1.396937e-02	1.550957e+01
2.226000e-05	-1.371401e-02	1.563418e+01
2.227000e-05	-1.119059e-02	1.564584e+01
2.228000e-05	-2.105658e-02	1.572953e+01
2.229000e-05	-2.539171e-02	1.581020e+01
2.230000e-05	-2.072902e-02	1.587484e+01
2.231000e-05	-1.642182e-02	1.591700e+01
2.232000e-05	-1.539425e-02	1.596267e+01
2.233000e-05	-2.499883e-02	1.602370e+01
2.234000e-05	-2.322020e-02	1.605330e+01
2.235000e-05	-2.617466e-02	1.603542e+01
2.236000e-05	-2.701727e-02	1.603642e+01
2.237000e-05	-3.384145e-02	1.607694e+01
2.238000e-05	-3.510497e-02	1.608697e+01
2.239000e-05	-3.184772e-02	1.607697e+01
2.240000e-05	-3.316299e-02	1.609747e+01
2.241000e-05	-3.945944e-02	1.606645e+01
2.242000e-05	-5.115208e-02	1.602642e+01
2.243000e-05	-5.448977e-02	1.604591e+01
2.244000e-05	-5.952357e-02	1.604483e+01
2.245000e-05	-7.008896e-02	1.598322e+01
2.246000e-05	-8.990099e-02	1.596115e+01
2.247000e-05	-1.158940e-01	1.590749e+01
2.248000e-05	-1.520133e-01	1.583554e+01
2.249000e-05	-2.088462e-01	1.581273e+01
2.250000e-05	-2.489351e-01	1.572915e+01
2.251000e-05	-2.500000e-01	1.565597e+01
2.252000e-05	-2.500000e-01	1.559186e+01
2.253000e-05	-2.366136e-01	1.553913e+01
2.254000e-05	-1.677168e-01	1.544539e+01
2.255000e-05	-1.171896e-01	1.534170e+01
2.256000e-05	-8.354652e-02	1.520444e+01
2.257000e-05	-5.998188e-02	1.513018e+01
2.258000e-05	-4.536456e-02	1.500593e+01
2.259000e-05	-3.737874e-02	1.492865e+01
2.260000e-05	-3.267127e-02	1.477236e+01
2.261000e-05	-2.505650e-02	1.469652e+01
2.262000e-05	-2.147160e-02	1.456878e+01
2.263000e-05	-2.120949e-02	1.443489e+01
2.264000e-05	-2.084477e-02	1.424755e+01
2.265000e-05	-2.002410e-02	1.420018e+01
2.266000e-05	-1.266041e-02	1.396223e+01
2.267000e-05	-1.369005e-02	1.383336e+01
2.268000e-05	-1.367472e-02	1.367544e+01
2.269000e-05	-1.556607e-02	1.350709e+01
2.270000e-05	-1.104024e-02	1.333003e+01
2.271000e-05	-1.173733e-02	1.313975e+01
2.272000e-05	-1.149045e-02	1.296136e+01
2.273000e-05	-1.289422e-02	1.282384e+01
2.274000e-05	-1.103107e-02	1.263239e+01
2.275000e-05	-8.317712e-03	1.244499e+01
2.276000e-05	-9.533767e-03	1.226494e+01
2.277000e-05	-1.054886e-02	1.205596e+01
2.278000e-05	-1.177417e-02	1.180457e+01
2.279000e-05	-7.077358e-03	1.160543e+01
2.280000e-05	-7.903942e-03	1.137283e+01
2.281000e-05	-7.613693e-03	1.118073e+01
2.282000e-05	-1.031490e-02	1.095020e+01
2.283000e-05	-7.029875e-03	1.078975e+01
2.284000e-05	-6.571385e-03	1.049802e+01
2.285000e-05	-7.364574e-03	1.028506e+01
2.286000e-05	-8.146393e-03	1.004447e+01
2.287000e-05	-8.450333e-03	9.782831e+00
2.288000e-05	-6.011261e-03	9.530775e+00
2.289000e-05	-6.290477e-03	9.329169e+00
2.290000e-05	-7.314493e-03	9.075069e+00
2.291000e-05	-7.542609e-03	8.772838e+00
2.292000e-05	-5.676635e-03	8.591753e+00
2.293000e-05	-5.043128e-03	8.370220e+00
2.294000e-05	-6.232002e-03	8.046493e+00
2.295000e-05	-6.608585e-03	7.782333e+00
2.296000e-05	-7.557453e-03	7.537176e+00
2.297000e-05	-5.546099e-03	7.243483e+00
2.298000e-05	-6.260306e-03	6.990654e+00
2.299000e-05	-6.937511e-03	6.708574e+00
2.300000e-05	-7.133453e-03	6.392863e+00
2.301000e-05	-5.584223e-03	6.159627e+00
2.302000e-05	-4.998230e-03	5.875566e+00
2.303000e-05	-6.154180e-03	5.593353e+00
2.304000e-05	-6.058586e-03	5.319201e+00
2.305000e-05	-5.976637e-03	4.958278e+00
2.306000e-05	-4.791720e-03	4.644366e+00
2.307000e-05	-6.278616e-03	4.401255e+00
2.308000e-05	-6.361854e-03	4.108070e+00
2.309000e-05	-6.743326e-03	3.801752e+00
2.310000e-05	-5.550503e-03	3.550099e+00
2.311000e-05	-5.370037e-03	3.232388e+00
2.312000e-05	-5.788285e-03	2.957672e+00
2.313000e-05	-6.103010e-03	2.674841e+00
2.314000e-05	-5.155367e-03	2.306602e+00
2.315000e-05	-5.262754e-03	2.073862e+00
2.316000e-05	-6.143436e-03	1.749276e+00
2.317000e-05	-6.533716e-03	1.454913e+00
2.318000e-05	-5.996743e-03	1.157546e+00
2.319000e-05	-4.608087e-03	8.102540e-01
2.320000e-05	-5.140117e-03	4.960186e-01
2.321000e-05	-4.742627e-03	2.319120e-01
2.322000e-05	-2.753392e-03	-1.025010e-01
2.323000e-05	1.009175e-02	-3.766657e-01
2.324000e-05	-3.460440e-04	-6.386984e-01
2.325000e-05	2.949953e-03	-9.035842e-01
2.326000e-05	-3.747358e-03	-1.196796e+00
2.327000e-05	1.805533e-03	-1.507612e+00
2.328000e-05	1.384795e-03	-1.778141e+00
2.329000e-05	4.443319e-02	-1.979320e+00
2.330000e-05	1.341087e-01	-2.346114e+00
2.331000e-05	-7.167646e-02	-2.746559e+00
2.332000e-05	-2.649673e-02	-3.158634e+00
2.333000e-05	-4.432804e-02	-3.419951e+00
2.334000e-05	-4.058685e-02	-3.630474e+00
2.335000e-05	-7.446519e-02	-3.872555e+00
2.336000e-05	1.888252e-01	-4.061502e+00
2.337000e-05	-1.458513e-01	-4.336213e+00
2.338000e-05	1.003159e-01	-4.693981e+00
2.339000e-05	5.311247e-02	-4.892008e+00
2.340000e-05	-1.428489e-01	-5.285985e+00
2.341000e-05	1.749915e-01	-5.586795e+00
2.342000e-05	-1.934484e-01	-5.863801e+00
2.343000e-05	1.354538e-01	-6.127737e+00
2.344000e-05	-1.202353e-02	-6.399371e+00
2.345000e-05	-2.580367e-02	-6.715683e+00
2.346000e-05	1.082041e-01	-6.917843e+00
2.347000e-05	-1.720297e-01	-7.294134e+00
2.348000e-05	1.587427e-01	-7.569894e+00
2.349000e-05	-1.222848e-01	-7.821426e+00
2.350000e-05	8.475122e-02	-8.127265e+00
2.351000e-05	6.743279e-03	-8.328315e+00
2.352000e-05	-5.266110e-02	-8.591479e+00
2.353000e-05	1.303322e-01	-8.933643e+00
2.354000e-05	-1.490441e-01	-9.137342e+00
2.355000e-05	1.074438e-01	-9.391046e+00
2.356000e-05	-1.102524e-01	-9.651500e+00
2.357000e-05	1.146801e-01	-9.864654e+00
2.358000e-05	-2.574431e-02	-1.012519e+01
2.359000e-05	1.264861e-02	-1.034777e+01
2.360000e-05	4.722365e-03	-1.057980e+01
2.361000e-05	-4.522857e-02	-1.081050e+01
2.362000e-05	7.145414e-02	-1.096010e+01
2.363000e-05	-6.693465e-02	-1.125308e+01
2.364000e-05	7.058900e-02	-1.146464e+01
2.365000e-05	-5.538413e-02	-1.172473e+01
2.366000e-05	7.267916e-02	-1.190592e+01
2.367000e-05	-4.237433e-02	-1.213789e+01
2.368000e-05	2.138645e-02	-1.232694e+01
2.369000e-05	-2.640833e-02	-1.250729e+01
2.370000e-05	3.075150e-02	-1.266572e+01
2.371000e-05	1.673078e-02	-1.291321e+01
2.372000e-05	-1.997040e-03	-1.308478e+01
2.373000e-05	-2.203372e-03	-1.324361e+01
2.374000e-05	-1.060437e-02	-1.340063e+01
2.375000e-05	2.497164e-02	-1.352852e+01
2.376000e-05	-7.676431e-03	-1.374837e+01
2.377000e-05	1.717416e-02	-1.390736e+01
2.378000e-05	-5.806211e-03	-1.404571e+01
2.379000e-05	2.866407e-02	-1.415173e+01
2.380000e-05	-4.661865e-03	-1.439904e+01
2.381000e-05	3.357142e-03	-1.449797e+01
2.382000e-05	-1.429929e-02	-1.464218e+01
2.383000e-05	2.094050e-02	-1.477060e+01
2.384000e-05	1.401379e-02	-1.487583e+01
2.385000e-05	1.630989e-02	-1.499208e+01
2.386000e-05	-4.976122e-03	-1.508586e+01
2.387000e-05	6.828023e-03	-1.519175e+01
2.388000e-05	1.245175e-02	-1.526427e+01
2.389000e-05	1.025763e-02	-1.539160e+01
2.390000e-05	4.954372e-03	-1.547534e+01
2.391000e-05	6.464049e-03	-1.558205e+01
2.392000e-05	2.002437e-02	-1.564484e+01
2.393000e-05	1.390089e-02	-1.570852e+01
2.394000e-05	7.786394e-03	-1.581965e+01
2.395000e-05	2.961329e-04	-1.582331e+01
2.396000e-05	1.770558e-02	-1.586692e+01
2.397000e-05	2.314241e-02	-1.594954e+01
2.398000e-05	2.115869e-02	-1.601018e+01
2.399000e-05	9.773553e-03	-1.603118e+01
2.400000e-05	1.493034e-02	-1.602281e+01
2.401000e-05	2.144591e-02	-1.607434e+01
2.402000e-05	2.342604e-02	-1.608492e+01
2.403000e-05	1.847505e-02	-1.611750e+01
2.404000e-05	2.197455e-02	-1.609749e+01
2.405000e-05	3.376620e-02	-1.612747e+01
2.406000e-05	3.773752e-02	-1.612705e+01
2.407000e-05	3.155327e-02	-1.609547e+01
2.408000e-05	2.983185e-02	-1.606539e+01
2.409000e-05	4.319632e-02	-1.607481e+01
2.410000e-05	5.941454e-02	-1.602279e+01
2.411000e-05	6.852969e-02	-1.599215e+01
2.412000e-05	7.793495e-02	-1.593860e+01
2.413000e-05	1.044680e-01	-1.590802e+01
2.414000e-05	1.496081e-01	-1.588494e+01
2.415000e-05	2.072706e-01	-1.584531e+01
2.416000e-05	2.481457e-01	-1.571013e+01
2.417000e-05	2.500000e-01	-1.565641e+01
2.418000e-05	2.500000e-01	-1.561389e+01
2.419000e-05	2.367070e-01	-1.551612e+01
2.420000e-05	1.623627e-01	-1.544236e+01
2.421000e-05	1.007537e-01	-1.531907e+01
2.422000e-05	7.033753e-02	-1.525284e+01
2.423000e-05	5.607475e-02	-1.512212e+01
2.424000e-05	4.126840e-02	-1.505446e+01
2.425000e-05	2.558072e-02	-1.495765e+01
2.426000e-05	1.871317e-02	-1.481441e+01
2.427000e-05	1.973255e-02	-1.469702e+01
2.428000e-05	1.756028e-02	-1.458075e+01
2.429000e-05	8.626856e-03	-1.442389e+01
2.430000e-05	3.573289e-03	-1.430802e+01
2.431000e-05	7.110016e-03	-1.414015e+01
2.432000e-05	1.107197e-02	-1.402134e+01
2.433000e-05	6.666204e-03	-1.387294e+01
2.434000e-05	8.736762e-04	-1.367496e+01
2.435000e-05	-1.888743e-04	-1.347654e+01
2.436000e-05	5.206648e-03	-1.332762e+01
2.437000e-05	4.692107e-03	-1.313923e+01
2.438000e-05	-6.749771e-04	-1.300173e+01
2.439000e-05	-2.961579e-03	-1.282129e+01
2.440000e-05	1.239729e-03	-1.262344e+01
2.441000e-05	3.256621e-03	-1.244544e+01
2.442000e-05	-7.898010e-04	-1.229406e+01
2.443000e-05	-4.985855e-03	-1.203387e+01
2.444000e-05	-2.946939e-03	-1.188594e+01
2.445000e-05	2.406305e-03	-1.160341e+01
2.446000e-05	-3.058844e-04	-1.136966e+01
2.447000e-05	-4.706510e-03	-1.109867e+01
2.448000e-05	-6.520650e-03	-1.090463e+01
2.449000e-05	-2.820084e-03	-1.071762e+01
2.450000e-05	-2.384909e-03	-1.046757e+01
2.451000e-05	-4.631042e-03	-1.022441e+01
2.452000e-05	-7.708670e-03	-9.992385e+00
2.453000e-05	-4.345946e-03	-9.801759e+00
2.454000e-05	-2.165025e-03	-9.589680e+00
2.455000e-05	-4.642210e-03	-9.328096e+00
2.456000e-05	-7.899636e-03	-9.084439e+00
2.457000e-05	-7.945187e-03	-8.824438e+00
2.458000e-05	-4.562816e-03	-8.600303e+00
2.459000e-05	-4.552734e-03	-8.316172e+00
2.460000e-05	-7.233705e-03	-8.056339e+00
2.461000e-05	-8.787619e-03	-7.800284e+00
2.462000e-05	-6.044105e-03	-7.505518e+00
2.463000e-05	-4.351074e-03	-7.261387e+00
2.464000e-05	-6.475883e-03	-6.948648e+00
2.465000e-05	-9.428493e-03	-6.723570e+00
2.466000e-05	-8.270911e-03	-6.413283e+00
2.467000e-05	-4.472731e-03	-6.156597e+00
2.468000e-05	-7.548328e-03	-5.852387e+00
2.469000e-05	-9.366004e-03	-5.601282e+00
2.470000e-05	-1.019580e-02	-5.262962e+00
2.471000e-05	-6.659167e-03	-4.929172e+00
2.472000e-05	-5.355349e-03	-4.610855e+00
2.473000e-05	-8.488664e-03	-4.379652e+00
2.474000e-05	-1.063889e-02	-4.137046e+00
2.475000e-05	-9.649732e-03	-3.832306e+00
2.476000e-05	-6.701659e-03	-3.525019e+00
2.477000e-05	-8.437138e-03	-3.252491e+00
2.478000e-05	-8.734097e-03	-2.917070e+00
2.479000e-05	-9.133745e-03	-2.662362e+00
2.480000e-05	-6.235120e-03	-2.398147e+00
2.481000e-05	-7.884504e-03	-2.033409e+00
2.482000e-05	-9.460383e-03	-1.778076e+00
2.483000e-05	-1.327910e-02	-1.486866e+00
2.484000e-05	-8.820986e-03	-1.084970e+00
2.485000e-05	-7.434712e-03	-8.412830e-01
2.486000e-05	-6.389796e-03	-5.355671e-01
2.487000e-05	-6.582939e-03	-2.628342e-01
2.488000e-05	-3.048235e-03	5.307901e-02
2.489000e-05	1.082650e-02	3.587667e-01
2.490000e-05	-6.310731e-03	6.123950e-01
2.491000e-05	-1.979835e-05	8.445550e-01
2.492000e-05	-9.619985e-03	1.221921e+00
2.493000e-05	1.305528e-03	1.485084e+00
2.494000e-05	-1.029860e-03	1.801901e+00
2.495000e-05	2.729553e-02	2.041951e+00
2.496000e-05	9.335745e-02	2.348132e+00
2.497000e-05	2.349646e-02	2.746953e+00
2.498000e-05	-8.092894e-02	2.989900e+00
2.499000e-05	-3.138798e-02	3.265633e+00
2.500000e-05	-3.585434e-02	3.573426e+00
2.501000e-05	-6.568371e-02	3.872530e+00
2.502000e-05	-3.520328e-02	4.034584e+00
2.503000e-05	1.551943e-01	4.347761e+00
2.504000e-05	-1.382903e-01	4.694608e+00
2.505000e-05	1.110809e-01	4.886660e+00
2.506000e-05	2.481083e-02	5.276532e+00
2.507000e-05	-1.055450e-01	5.529290e+00
2.508000e-05	8.294023e-02	5.892506e+00
2.509000e-05	-1.103478e-01	6.098816e+00
2.510000e-05	9.738232e-02	6.340896e+00
2.511000e-05	-3.157563e-02	6.675689e+00
2.512000e-05	2.022521e-03	6.938896e+00
2.513000e-05	-3.809251e-03	7.254105e+00
2.514000e-05	-4.483891e-02	7.538869e+00
2.515000e-05	5.168938e-02	7.842030e+00
2.516000e-05	-6.491449e-02	8.137292e+00
2.517000e-05	6.126702e-02	8.370400e+00
2.518000e-05	-1.703037e-02	8.631527e+00
2.519000e-05	-2.536582e-03	8.854209e+00
2.520000e-05	1.906405e-02	9.136738e+00
2.521000e-05	-6.475533e-02	9.369371e+00
2.522000e-05	2.703632e-02	9.590476e+00
2.523000e-05	-2.529998e-02	9.794080e+00
2.524000e-05	5.150137e-02	1.008621e+01
2.525000e-05	-3.376492e-02	1.029536e+01
2.526000e-05	1.096141e-02	1.053697e+01
2.527000e-05	-1.966263e-02	1.081098e+01
2.528000e-05	-6.961756e-03	1.096253e+01
2.529000e-05	-3.715674e-05	1.120050e+01
2.530000e-05	-2.105087e-02	1.145368e+01
2.531000e-05	1.604116e-02	1.167677e+01
2.532000e-05	-1.211595e-02	1.186844e+01
2.533000e-05	1.300438e-02	1.210876e+01
2.534000e-05	-3.187640e-02	1.227579e+01
2.535000e-05	8.761454e-04	1.248586e+01
2.536000e-05	-1.002045e-02	1.264574e+01
2.537000e-05	1.306702e-02	1.288616e+01
2.538000e-05	-9.612473e-03	1.302268e+01
2.539000e-05	-1.408059e-02	1.322361e+01
2.540000e-05	-1.087370e-02	1.338103e+01
2.541000e-05	-9.485730e-03	1.355143e+01
2.542000e-05	-3.734706e-03	1.372895e+01
2.543000e-05	-1.593148e-02	1.388637e+01
2.544000e-05	3.881447e-04	1.407278e+01
2.545000e-05	-3.935071e-03	1.422321e+01
2.546000e-05	-1.853576e-03	1.434063e+01
2.547000e-05	-2.181476e-02	1.449737e+01
2.548000e-05	-1.842140e-02	1.465529e+01
2.549000e-05	-1.144468e-02	1.475910e+01
2.550000e-05	-3.689709e-03	1.485740e+01
2.551000e-05	-7.328097e-03	1.500102e+01
2.552000e-05	-1.581237e-02	1.509689e+01
2.553000e-05	-1.093775e-02	1.520213e+01
2.554000e-05	-1.305826e-02	1.528641e+01
2.555000e-05	-1.104836e-02	1.542118e+01
2.556000e-05	-1.958815e-02	1.545644e+01
2.557000e-05	-1.471537e-02	1.553948e+01
2.558000e-05	-1.093302e-02	1.562381e+01
2.559000e-05	-1.347223e-02	1.568644e+01
2.560000e-05	-2.129498e-02	1.575162e+01
2.561000e-05	-2.652161e-02	1.585381e+01
2.562000e-05	-1.935314e-02	1.587696e+01
2.563000e-05	-1.586732e-02	1.590904e+01
2.564000e-05	-1.636053e-02	1.598268e+01
2.565000e-05	-2.555443e-02	1.602374e+01
2.566000e-05	-2.370794e-02	1.602444e+01
2.567000e-05	-2.542613e-02	1.601736e+01
2.568000e-05	-2.871840e-02	1.609689e+01
2.569000e-05	-3.368680e-02	1.608747e+01
2.570000e-05	-3.700307e-02	1.604692e+01
2.571000e-05	-3.104920e-02	1.615897e+01
2.572000e-05	-3.457789e-02	1.607747e+01
2.573000e-05	-4.179304e-02	1.604597e+01
2.574000e-05	-5.329379e-02	1.603647e+01
2.575000e-05	-5.540335e-02	1.600594e+01
2.576000e-05	-6.011995e-02	1.602536e+01
2.577000e-05	-7.335441e-02	1.594270e+01
2.578000e-05	-9.442176e-02	1.593072e+01
2.579000e-05	-1.236586e-01	1.586910e+01
2.580000e-05	-1.619476e-01	1.581533e+01
2.581000e-05	-2.227992e-01	1.578216e+01
2.582000e-05	-2.499513e-01	1.572915e+01
2.583000e-05	-2.500000e-01	1.563342e+01
2.584000e-05	-2.498850e-01	1.558173e+01
2.585000e-05	-2.234328e-01	1.549962e+01
2.586000e-05	-1.544751e-01	1.546441e+01
2.587000e-05	-1.082992e-01	1.527868e+01
2.588000e-05	-7.866203e-02	1.519389e+01
2.589000e-05	-5.493969e-02	1.513062e+01
2.590000e-05	-4.288239e-02	1.499296e+01
2.591000e-05	-3.715505e-02	1.491454e+01
2.592000e-05	-3.223353e-02	1.475228e+01
2.593000e-05	-2.484810e-02	1.470554e+01
2.594000e-05	-1.934183e-02	1.452965e+01
2.595000e-05	-2.178613e-02	1.438331e+01
2.596000e-05	-2.050492e-02	1.427702e+01
2.597000e-05	-1.937757e-02	1.410970e+01
2.598000e-05	-1.053600e-02	1.398075e+01
2.599000e-05	-1.376562e-02	1.376338e+01
2.600000e-05	-1.446800e-02	1.362436e+01
2.601000e-05	-1.595492e-02	1.346444e+01
2.602000e-05	-1.117937e-02	1.329857e+01
2.603000e-05	-1.120960e-02	1.310762e+01
2.604000e-05	-1.209949e-02	1.297023e+01
2.605000e-05	-1.248940e-02	1.277085e+01
2.606000e-05	-1.075380e-02	1.257133e+01
2.607000e-05	-7.645674e-03	1.237033e+01
2.608000e-05	-9.780178e-03	1.225241e+01
2.609000e-05	-1.057493e-02	1.198334e+01
2.610000e-05	-1.188471e-02	1.181141e+01
2.611000e-05	-7.384444e-03	1.160178e+01
2.612000e-05	-7.713962e-03	1.135028e+01
2.613000e-05	-9.166853e-03	1.112667e+01
2.614000e-05	-9.497523e-03	1.093757e+01
2.615000e-05	-6.618892e-03	1.068802e+01
2.616000e-05	-5.064163e-03	1.049549e+01
2.617000e-05	-7.489459e-03	1.022246e+01
2.618000e-05	-8.828424e-03	1.001125e+01
2.619000e-05	-8.405112e-03	9.740151e+00
2.620000e-05	-6.201193e-03	9.514666e+00
2.621000e-05	-7.472552e-03	9.237017e+00
2.622000e-05	-9.337005e-03	9.003836e+00
2.623000e-05	-8.147763e-03	8.750806e+00
2.624000e-05	-5.883313e-03	8.509569e+00
2.625000e-05	-4.640068e-03	8.275543e+00
2.626000e-05	-5.410272e-03	8.012384e+00
2.627000e-05	-6.214923e-03	7.770177e+00
2.628000e-05	-4.917057e-03	7.446568e+00
2.629000e-05	-4.743600e-03	7.160804e+00
2.630000e-05	-6.938172e-03	6.938626e+00
2.631000e-05	-8.891258e-03	6.633437e+00
2.632000e-05	-8.557124e-03	6.348777e+00
2.633000e-05	-6.561886e-03	6.114523e+00
2.634000e-05	-4.629329e-03	5.824861e+00
2.635000e-05	-5.282760e-03	5.579721e+00
2.636000e-05	-4.805054e-03	5.232917e+00
2.637000e-05	-4.884240e-03	4.867046e+00
2.638000e-05	-4.510272e-03	4.572310e+00
2.639000e-05	-6.846989e-03	4.358622e+00
2.640000e-05	-8.936894e-03	4.013860e+00
2.641000e-05	-7.639242e-03	3.711624e+00
2.642000e-05	-5.376296e-03	3.496467e+00
2.643000e-05	-4.673165e-03	3.180699e+00
2.644000e-05	-5.429987e-03	2.896466e+00
2.645000e-05	-5.000920e-03	2.571358e+00
2.646000e-05	-4.925361e-03	2.254342e+00
2.647000e-05	-4.535081e-03	2.030808e+00
2.648000e-05	-6.394963e-03	1.687942e+00
2.649000e-05	-7.713215e-03	1.379204e+00
2.650000e-05	-6.890630e-03	1.045015e+00
2.651000e-05	-5.357544e-03	7.481251e-01
2.652000e-05	-4.862868e-03	4.543605e-01
2.653000e-05	-3.727417e-03	1.781250e-01
2.654000e-05	-7.866793e-04	-1.356368e-01
2.655000e-05	1.238301e-02	-3.988407e-01
2.656000e-05	-3.878155e-03	-7.139853e-01
2.657000e-05	4.934593e-03	-9.577657e-01
2.658000e-05	-6.057225e-03	-1.240902e+00
2.659000e-05	2.246761e-03	-1.549241e+00
2.660000e-05	5.247478e-03	-1.808347e+00
2.661000e-05	6.620706e-02	-2.031474e+00
2.662000e-05	1.114884e-01	-2.389796e+00
2.663000e-05	-9.194235e-02	-2.830826e+00
2.664000e-05	-1.127978e-02	-3.240423e+00
2.665000e-05	-5.317423e-02	-3.452560e+00
2.666000e-05	-5.050005e-02	-3.683529e+00
2.667000e-05	-2.935307e-02	-3.953687e+00
2.668000e-05	1.765967e-01	-4.083086e+00
2.669000e-05	-1.832660e-01	-4.400797e+00
2.670000e-05	1.675846e-01	-4.734212e+00
2.671000e-05	-6.814077e-02	-4.978264e+00
2.672000e-05	-2.780351e-02	-5.378241e+00
2.673000e-05	1.084031e-01	-5.598925e+00
2.674000e-05	-2.005108e-01	-5.925137e+00
2.675000e-05	1.896511e-01	-6.171395e+00
2.676000e-05	-9.835085e-02	-6.482402e+00
2.677000e-05	7.021637e-02	-6.788372e+00
2.678000e-05	1.540608e-02	-6.999999e+00
2.679000e-05	-1.114973e-01	-7.348792e+00
2.680000e-05	1.461460e-01	-7.620402e+00
2.681000e-05	-1.472280e-01	-7.915186e+00
2.682000e-05	1.442374e-01	-8.179425e+00
2.683000e-05	-7.749593e-02	-8.380425e+00
2.684000e-05	3.328209e-02	-8.725763e+00
2.685000e-05	5.634651e-02	-8.949344e+00
2.686000e-05	-1.080033e-01	-9.210972e+00
2.687000e-05	9.519884e-02	-9.422001e+00
2.688000e-05	-1.112435e-01	-9.725637e+00
2.689000e-05	1.465003e-01	-9.904738e+00
2.690000e-05	-7.740055e-02	-1.011829e+01
2.691000e-05	6.385645e-02	-1.039147e+01
2.692000e-05	-5.286642e-02	-1.063090e+01
2.693000e-05	1.215527e-02	-1.086411e+01
2.694000e-05	2.539879e-02	-1.102510e+01
2.695000e-05	-3.287085e-02	-1.129723e+01
2.696000e-05	4.847768e-02	-1.151574e+01
2.697000e-05	-4.076562e-02	-1.173842e+01
2.698000e-05	6.707210e-02	-1.193803e+01
2.699000e-05	-5.124179e-02	-1.216040e+01
2.700000e-05	3.221158e-02	-1.237942e+01
2.701000e-05	-3.517359e-02	-1.254837e+01
2.702000e-05	5.039381e-02	-1.276947e+01
2.703000e-05	-4.291371e-03	-1.294787e+01
2.704000e-05	1.163529e-02	-1.312587e+01
2.705000e-05	-1.706984e-02	-1.330569e+01
2.706000e-05	7.224974e-03	-1.343518e+01
2.707000e-05	1.133564e-02	-1.361160e+01
2.708000e-05	3.094137e-03	-1.378100e+01
2.709000e-05	8.874483e-03	-1.393887e+01
2.710000e-05	4.449508e-03	-1.409742e+01
2.711000e-05	2.202255e-02	-1.425521e+01
2.712000e-05	-4.005871e-03	-1.444215e+01
2.713000e-05	-9.484533e-04	-1.454794e+01
2.714000e-05	-9.069964e-03	-1.464316e+01
2.715000e-05	2.383503e-02	-1.482355e+01
2.716000e-05	1.140669e-02	-1.490642e+01
2.717000e-05	1.510044e-02	-1.503368e+01
2.718000e-05	-7.093442e-03	-1.508592e+01
2.719000e-05	1.285832e-02	-1.524268e+01
2.720000e-05	9.790630e-03	-1.527639e+01
2.721000e-05	1.196232e-02	-1.541368e+01
2.722000e-05	2.572692e-03	-1.549645e+01
2.723000e-05	1.123801e-02	-1.559415e+01
2.724000e-05	1.875426e-02	-1.569579e+01
2.725000e-05	1.227081e-02	-1.576897e+01
2.726000e-05	4.838591e-03	-1.576167e+01
2.727000e-05	2.728511e-03	-1.585489e+01
2.728000e-05	2.109953e-02	-1.589649e+01
2.729000e-05	2.335603e-02	-1.597905e+01
2.730000e-05	1.998169e-02	-1.601123e+01
2.731000e-05	9.046648e-03	-1.598473e+01
2.732000e-05	1.643971e-02	-1.607539e+01
2.733000e-05	2.156643e-02	-1.606539e+01
2.734000e-05	2.218081e-02	-1.606647e+01
2.735000e-05	1.843864e-02	-1.613847e+01
2.736000e-05	2.463213e-02	-1.609849e+01
2.737000e-05	3.600109e-02	-1.609757e+01
2.738000e-05	3.710316e-02	-1.607545e+01
2.739000e-05	3.091424e-02	-1.610557e+01
2.740000e-05	3.262956e-02	-1.604389e+01
2.741000e-05	4.710601e-02	-1.607394e+01
2.742000e-05	6.191769e-02	-1.602276e+01
2.743000e-05	6.971873e-02	-1.601268e+01
2.744000e-05	8.120309e-02	-1.595012e+01
2.745000e-05	1.123572e-01	-1.589805e+01
2.746000e-05	1.605934e-01	-1.585542e+01
2.747000e-05	2.191751e-01	-1.580328e+01
2.748000e-05	2.495675e-01	-1.570807e+01
2.749000e-05	2.500000e-01	-1.565389e+01
2.750000e-05	2.497900e-01	-1.561226e+01
2.751000e-05	2.237073e-01	-1.549809e+01
2.752000e-05	1.460305e-01	-1.539233e+01
2.753000e-05	9.163916e-02	-1.531705e+01
2.754000e-05	6.652270e-02	-1.523333e+01
2.755000e-05	5.434218e-02	-1.512802e+01
2.756000e-05	3.733847e-02	-1.503281e+01
2.757000e-05	2.437218e-02	-1.492910e+01
2.758000e-05	1.887219e-02	-1.477926e+01
2.759000e-05	1.940259e-02	-1.465544e+01
2.760000e-05	1.484357e-02	-1.452815e+01
2.761000e-05	7.973883e-03	-1.439129e+01
2.762000e-05	3.769453e-03	-1.423549e+01
2.763000e-05	8.400150e-03	-1.410762e+01
2.764000e-05	1.058855e-02	-1.397018e+01
2.765000e-05	5.362965e-03	-1.378141e+01
2.766000e-05	-3.127794e-04	-1.364334e+01
2.767000e-05	1.655645e-03	-1.349499e+01
2.768000e-05	5.230694e-03	-1.329654e+01
2.769000e-05	4.692063e-03	-1.313015e+01
2.770000e-05	-1.889557e-03	-1.295968e+01
2.771000e-05	-1.559731e-03	-1.280068e+01
2.772000e-05	8.659377e-04	-1.260131e+01
2.773000e-05	2.726013e-03	-1.240286e+01
2.774000e-05	-3.808133e-03	-1.225228e+01
2.775000e-05	-6.168201e-03	-1.202433e+01
2.776000e-05	-3.050278e-03	-1.178234e+01
2.777000e-05	1.851567e-03	-1.156935e+01
2.778000e-05	-4.632964e-04	-1.130762e+01
2.779000e-05	-4.210588e-03	-1.108549e+01
2.780000e-05	-4.149203e-03	-1.092544e+01
2.781000e-05	-1.087973e-03	-1.069604e+01
2.782000e-05	-2.524526e-03	-1.046292e+01
2.783000e-05	-6.762662e-03	-1.020086e+01
2.784000e-05	-8.884408e-03	-9.968724e+00
2.785000e-05	-5.033793e-03	-9.750173e+00
2.786000e-05	-2.772755e-03	-9.507100e+00
2.787000e-05	-5.160593e-03	-9.285388e+00
2.788000e-05	-6.298285e-03	-9.002284e+00
2.789000e-05	-4.808058e-03	-8.790203e+00
2.790000e-05	-2.385130e-03	-8.565599e+00
2.791000e-05	-5.314240e-03	-8.294412e+00
2.792000e-05	-9.657845e-03	-8.030829e+00
2.793000e-05	-1.102912e-02	-7.719651e+00
2.794000e-05	-6.930118e-03	-7.441938e+00
2.795000e-05	-5.366317e-03	-7.159649e+00
2.796000e-05	-6.307355e-03	-6.874940e+00
2.797000e-05	-7.664385e-03	-6.641287e+00
2.798000e-05	-5.206079e-03	-6.370176e+00
2.799000e-05	-3.916870e-03	-6.063937e+00
2.800000e-05	-7.821619e-03	-5.810183e+00
2.801000e-05	-1.182482e-02	-5.506574e+00
2.802000e-05	-1.054351e-02	-5.189782e+00
2.803000e-05	-7.047617e-03	-4.884491e+00
2.804000e-05	-5.525236e-03	-4.558703e+00
2.805000e-05	-9.391787e-03	-4.326970e+00
2.806000e-05	-9.212646e-03	-4.073339e+00
2.807000e-05	-8.709937e-03	-3.758620e+00
2.808000e-05	-5.445345e-03	-3.464439e+00
2.809000e-05	-9.104214e-03	-3.210756e+00
2.810000e-05	-8.579413e-03	-2.893438e+00
2.811000e-05	-8.918159e-03	-2.589629e+00
2.812000e-05	-6.513097e-03	-2.287466e+00
2.813000e-05	-8.028774e-03	-1.989674e+00
2.814000e-05	-1.071519e-02	-1.687392e+00
2.815000e-05	-1.060445e-02	-1.398655e+00
2.816000e-05	-8.461923e-03	-1.062807e+00
2.817000e-05	-6.783220e-03	-7.890790e-01
2.818000e-05	-8.164656e-03	-4.408355e-01
2.819000e-05	-7.755010e-03	-1.685740e-01
2.820000e-05	-8.576255e-04	1.155844e-01
2.821000e-05	9.354985e-03	4.013473e-01
2.822000e-05	-5.744842e-03	6.730313e-01
2.823000e-05	2.051212e-04	9.451954e-01
2.824000e-05	-7.400588e-03	1.262031e+00
2.825000e-05	2.721657e-03	1.647742e+00
2.826000e-05	-2.705051e-04	1.883006e+00
2.827000e-05	3.496640e-02	2.094583e+00
2.828000e-05	1.041012e-01	2.413294e+00
2.829000e-05	-2.366591e-02	2.779247e+00
2.830000e-05	-6.189840e-02	3.092530e+00
2.831000e-05	-3.727946e-02	3.359244e+00
2.832000e-05	-2.495658e-02	3.683033e+00
2.833000e-05	-8.415765e-02	3.927187e+00
2.834000e-05	1.420144e-02	4.084635e+00
2.835000e-05	1.267287e-01	4.441474e+00
2.836000e-05	-1.608856e-01	4.707287e+00
2.837000e-05	1.761037e-01	4.961823e+00
2.838000e-05	-6.552510e-02	5.367818e+00
2.839000e-05	-3.430682e-02	5.620476e+00
2.840000e-05	4.020978e-02	5.918187e+00
2.841000e-05	-8.411284e-02	6.159998e+00
2.842000e-05	1.057264e-01	6.452552e+00
2.843000e-05	-5.777607e-02	6.758323e+00
2.844000e-05	3.010439e-02	7.011474e+00
2.845000e-05	-3.820418e-02	7.326790e+00
2.846000e-05	-1.019372e-02	7.621926e+00
2.847000e-05	2.645934e-02	7.875710e+00
2.848000e-05	-5.151328e-02	8.199398e+00
2.849000e-05	6.551837e-02	8.442028e+00
2.850000e-05	-3.550585e-02	8.664083e+00
2.851000e-05	2.209651e-02	8.896765e+00
2.852000e-05	-5.520562e-03	9.159926e+00
2.853000e-05	-4.855406e-02	9.370499e+00
2.854000e-05	2.257349e-02	9.665058e+00
2.855000e-05	-1.677575e-02	9.895784e+00
2.856000e-05	4.420897e-02	1.013990e+01
2.857000e-05	-4.008503e-02	1.034955e+01
2.858000e-05	1.831873e-02	1.057060e+01
2.859000e-05	-2.661617e-02	1.083308e+01
2.860000e-05	4.555656e-03	1.101260e+01
2.861000e-05	-8.062590e-03	1.124618e+01
2.862000e-05	-1.241566e-02	1.147777e+01
2.863000e-05	1.104952e-02	1.172634e+01
2.864000e-05	-9.147571e-03	1.195847e+01
2.865000e-05	4.648059e-03	1.210992e+01
2.866000e-05	-2.955754e-02	1.233789e+01
2.867000e-05	1.419422e-03	1.251737e+01
2.868000e-05	-5.174060e-03	1.273027e+01
2.869000e-05	1.044008e-02	1.289788e+01
2.870000e-05	-1.103776e-02	1.306629e+01
2.871000e-05	-1.291853e-02	1.327428e+01
2.872000e-05	-9.173086e-03	1.342265e+01
2.873000e-05	-9.130759e-03	1.358260e+01
2.874000e-05	-7.545886e-03	1.376005e+01
2.875000e-05	-1.367788e-02	1.391734e+01
2.876000e-05	-6.658119e-04	1.410589e+01
2.877000e-05	-2.339885e-03	1.428529e+01
2.878000e-05	-7.085469e-03	1.438315e+01
2.879000e-05	-2.019676e-02	1.452845e+01
2.880000e-05	-1.717948e-02	1.464484e+01
2.881000e-05	-6.855880e-03	1.480113e+01
2.882000e-05	-4.961110e-03	1.486877e+01
2.883000e-05	-1.007255e-02	1.502363e+01
2.884000e-05	-1.672486e-02	1.508887e+01
2.885000e-05	-1.142878e-02	1.518368e+01
2.886000e-05	-1.120390e-02	1.529852e+01
2.887000e-05	-1.363295e-02	1.537171e+01
2.888000e-05	-1.755408e-02	1.546594e+01
2.889000e-05	-1.453107e-02	1.556110e+01
2.890000e-05	-8.413492e-03	1.559434e+01
2.891000e-05	-1.636539e-02	1.569652e+01
2.892000e-05	-2.227848e-02	1.577957e+01
2.893000e-05	-2.655606e-02	1.583471e+01
2.894000e-05	-1.817939e-02	1.589745e+01
2.895000e-05	-1.574728e-02	1.597060e+01
2.896000e-05	-2.012360e-02	1.598115e+01
2.897000e-05	-2.448214e-02	1.601444e+01
2.898000e-05	-2.488925e-02	1.604432e+01
2.899000e-05	-2.354481e-02	1.604587e+01
2.900000e-05	-3.069772e-02	1.604539e+01
2.901000e-05	-3.351129e-02	1.607655e+01
2.902000e-05	-3.650532e-02	1.607699e+01
2.903000e-05	-3.064244e-02	1.607744e+01
2.904000e-05	-3.639563e-02	1.609695e+01
2.905000e-05	-4.466366e-02	1.606744e+01
2.906000e-05	-5.328904e-02	1.606544e+01
2.907000e-05	-5.641168e-02	1.601531e+01
2.908000e-05	-6.179270e-02	1.598278e+01
2.909000e-05	-7.843756e-02	1.597178e+01
2.910000e-05	-9.946723e-02	1.591800e+01
2.911000e-05	-1.307494e-01	1.588852e+01
2.912000e-05	-1.725137e-01	1.581336e+01
2.913000e-05	-2.346741e-01	1.575018e+01
2.914000e-05	-2.499992e-01	1.571752e+01
2.915000e-05	-2.500000e-01	1.562339e+01
2.916000e-05	-2.490000e-01	1.557121e+01
2.917000e-05	-2.080456e-01	1.549807e+01
2.918000e-05	-1.441777e-01	1.543486e+01
2.919000e-05	-1.000336e-01	1.530862e+01
2.920000e-05	-7.180333e-02	1.521436e+01
2.921000e-05	-5.075169e-02	1.508807e+01
2.922000e-05	-4.129281e-02	1.499175e+01
2.923000e-05	-3.681694e-02	1.488594e+01
2.924000e-05	-2.950863e-02	1.475070e+01
2.925000e-05	-2.412539e-02	1.462401e+01
2.926000e-05	-2.005843e-02	1.452807e+01
2.927000e-05	-2.222058e-02	1.437133e+01
2.928000e-05	-2.000154e-02	1.419593e+01
2.929000e-05	-1.680741e-02	1.408754e+01
2.930000e-05	-1.146856e-02	1.391867e+01
2.931000e-05	-1.353870e-02	1.376215e+01
2.932000e-05	-1.485878e-02	1.356234e+01
2.933000e-05	-1.388483e-02	1.342296e+01
2.934000e-05	-1.105648e-02	1.325394e+01
2.935000e-05	-1.118496e-02	1.312902e+01
2.936000e-05	-1.338789e-02	1.291762e+01
2.937000e-05	-1.177102e-02	1.271915e+01
2.938000e-05	-9.370564e-03	1.257117e+01
2.939000e-05	-7.314744e-03	1.235930e+01
2.940000e-05	-1.026877e-02	1.217225e+01
2.941000e-05	-1.129522e-02	1.196233e+01
2.942000e-05	-9.407287e-03	1.176680e+01
2.943000e-05	-7.353912e-03	1.152068e+01
2.944000e-05	-8.147811e-03	1.128507e+01
2.945000e-05	-1.036836e-02	1.104496e+01
2.946000e-05	-8.334417e-03	1.084597e+01
2.947000e-05	-6.627694e-03	1.064492e+01
2.948000e-05	-6.035039e-03	1.038382e+01
2.949000e-05	-7.334738e-03	1.021223e+01
2.950000e-05	-7.616507e-03	9.948177e+00
2.951000e-05	-6.294689e-03	9.694995e+00
2.952000e-05	-5.573686e-03	9.483961e+00
2.953000e-05	-7.590838e-03	9.212933e+00
2.954000e-05	-9.089262e-03	8.980829e+00
2.955000e-05	-7.485812e-03	8.704121e+00
2.956000e-05	-5.825675e-03	8.484967e+00
2.957000e-05	-4.929693e-03	8.232412e+00
2.958000e-05	-7.452761e-03	7.999225e+00
2.959000e-05	-6.586830e-03	7.695575e+00
2.960000e-05	-6.057640e-03	7.413861e+00
2.961000e-05	-5.391895e-03	7.097117e+00
2.962000e-05	-6.736763e-03	6.874466e+00
2.963000e-05	-7.551223e-03	6.611283e+00
2.964000e-05	-6.122802e-03	6.267546e+00
2.965000e-05	-5.226832e-03	6.074439e+00
2.966000e-05	-5.323200e-03	5.750180e+00
2.967000e-05	-7.481316e-03	5.484466e+00
2.968000e-05	-6.352392e-03	5.152258e+00
2.969000e-05	-5.264389e-03	4.861388e+00
2.970000e-05	-4.511345e-03	4.519648e+00
2.971000e-05	-6.109166e-03	4.246042e+00
2.972000e-05	-7.196253e-03	3.989178e+00
2.973000e-05	-6.144076e-03	3.675495e+00
2.974000e-05	-5.585918e-03	3.411783e+00
2.975000e-05	-6.648496e-03	3.107996e+00
2.976000e-05	-6.898120e-03	2.842833e+00
2.977000e-05	-6.397252e-03	2.528553e+00
2.978000e-05	-4.910161e-03	2.211257e+00
2.979000e-05	-4.904852e-03	1.969100e+00
2.980000e-05	-5.998470e-03	1.651387e+00
2.981000e-05	-6.390706e-03	1.347569e+00
2.982000e-05	-5.334661e-03	9.717792e-01
2.983000e-05	-4.441367e-03	6.653882e-01
2.984000e-05	-5.358196e-03	4.221316e-01
2.985000e-05	-4.927491e-03	6.643967e-02
2.986000e-05	2.202913e-04	-1.568182e-01
2.987000e-05	1.113355e-02	-4.408763e-01
2.988000e-05	-4.217157e-03	-7.487666e-01
2.989000e-05	3.396192e-03	-1.041376e+00
2.990000e-05	-5.091519e-03	-1.305638e+00
2.991000e-05	3.071352e-03	-1.590922e+00
2.992000e-05	1.260566e-02	-1.894031e+00
2.993000e-05	9.143537e-02	-2.114559e+00
2.994000e-05	6.505727e-02	-2.483004e+00
2.995000e-05	-8.816885e-02	-2.905584e+00
2.996000e-05	-7.671967e-03	-3.293454e+00
2.997000e-05	-5.274180e-02	-3.484186e+00
2.998000e-05	-6.744378e-02	-3.726185e+00
2.999000e-05	3.880000e-02	-3.978289e+00
3.000000e-05	1.146205e-01	-4.127266e+00
3.001000e-05	-1.749355e-01	-4.494056e+00
3.002000e-05	2.050225e-01	-4.748839e+00
3.003000e-05	-1.471891e-01	-5.041455e+00
3.004000e-05	7.833580e-02	-5.432078e+00
3.005000e-05	7.943894e-04	-5.662534e+00
3.006000e-05	-1.407931e-01	-5.940895e+00
3.007000e-05	2.020879e-01	-6.200926e+00
3.008000e-05	-1.490306e-01	-6.546089e+00
3.009000e-05	1.455425e-01	-6.830505e+00
3.010000e-05	-8.589261e-02	-7.103633e+00
3.011000e-05	-1.973731e-02	-7.423376e+00
3.012000e-05	8.918042e-02	-7.693009e+00
3.013000e-05	-1.197537e-01	-7.967397e+00
3.014000e-05	1.627012e-01	-8.212479e+00
3.015000e-05	-1.341751e-01	-8.483109e+00
3.016000e-05	1.110128e-01	-8.750345e+00
3.017000e-05	-3.341919e-02	-8.992472e+00
3.018000e-05	-3.737948e-02	-9.252558e+00
3.019000e-05	4.490777e-02	-9.433705e+00
3.020000e-05	-6.901416e-02	-9.738338e+00
3.021000e-05	1.380076e-01	-9.926793e+00
3.022000e-05	-9.565040e-02	-1.018997e+01
3.023000e-05	8.890451e-02	-1.047268e+01
3.024000e-05	-9.493158e-02	-1.062408e+01
3.025000e-05	6.416750e-02	-1.087674e+01
3.026000e-05	-2.523140e-02	-1.107521e+01
3.027000e-05	1.297499e-02	-1.132937e+01
3.028000e-05	9.384553e-03	-1.155942e+01
3.029000e-05	-6.675760e-03	-1.182202e+01
3.030000e-05	4.251814e-02	-1.200053e+01
3.031000e-05	-3.950550e-02	-1.224255e+01
3.032000e-05	2.699733e-02	-1.237152e+01
3.033000e-05	-3.002673e-02	-1.261247e+01
3.034000e-05	5.870322e-02	-1.279957e+01
3.035000e-05	-1.728254e-02	-1.294957e+01
3.036000e-05	1.935773e-02	-1.312742e+01
3.037000e-05	-3.002794e-02	-1.329687e+01
3.038000e-05	2.246760e-02	-1.348731e+01
3.039000e-05	-2.470318e-03	-1.364121e+01
3.040000e-05	1.365133e-02	-1.385168e+01
3.041000e-05	3.201837e-04	-1.396010e+01
3.042000e-05	1.625617e-02	-1.413942e+01
3.043000e-05	1.594027e-02	-1.429674e+01
3.044000e-05	-4.461199e-04	-1.445269e+01
3.045000e-05	-7.362233e-03	-1.454955e+01
3.046000e-05	-3.251013e-03	-1.469581e+01
3.047000e-05	2.192085e-02	-1.481110e+01
3.048000e-05	1.147726e-02	-1.490942e+01
3.049000e-05	1.284861e-02	-1.503428e+01
3.050000e-05	-6.112939e-03	-1.511697e+01
3.051000e-05	1.754717e-02	-1.524376e+01
3.052000e-05	8.808495e-03	-1.533752e+01
3.053000e-05	1.372343e-02	-1.543368e+01
3.054000e-05	-1.003377e-03	-1.551052e+01
3.055000e-05	1.514880e-02	-1.562371e+01
3.056000e-05	1.582788e-02	-1.566636e+01
3.057000e-05	1.240173e-02	-1.572955e+01
3.058000e-05	2.088529e-03	-1.577318e+01
3.059000e-05	7.101360e-03	-1.586441e+01
3.060000e-05	2.354968e-02	-1.589697e+01
3.061000e-05	2.374855e-02	-1.597953e+01
3.062000e-05	1.852999e-02	-1.600170e+01
3.063000e-05	9.864822e-03	-1.602378e+01
3.064000e-05	1.910135e-02	-1.607484e+01
3.065000e-05	2.126499e-02	-1.611541e+01
3.066000e-05	2.042397e-02	-1.612549e+01
3.067000e-05	1.776767e-02	-1.614689e+01
3.068000e-05	2.733226e-02	-1.606702e+01
3.069000e-05	3.756631e-02	-1.606702e+01
3.070000e-05	3.706337e-02	-1.608797e+01
3.071000e-05	3.173362e-02	-1.610452e+01
3.072000e-05	3.471254e-02	-1.607539e+01
3.073000e-05	4.987419e-02	-1.608539e+01
3.074000e-05	6.396116e-02	-1.602324e+01
3.075000e-05	7.085338e-02	-1.598225e+01
3.076000e-05	8.711859e-02	-1.594962e+01
3.077000e-05	1.213682e-01	-1.590547e+01
3.078000e-05	1.736929e-01	-1.584394e+01
3.079000e-05	2.303021e-01	-1.577070e+01
3.080000e-05	2.499666e-01	-1.572654e+01
3.081000e-05	2.500000e-01	-1.564394e+01
3.082000e-05	2.491000e-01	-1.556272e+01
3.083000e-05	2.089014e-01	-1.548552e+01
3.084000e-05	1.312812e-01	-1.537086e+01
3.085000e-05	8.442545e-02	-1.529592e+01
3.086000e-05	6.222388e-02	-1.519223e+01
3.087000e-05	4.995597e-02	-1.512754e+01
3.088000e-05	3.405895e-02	-1.497231e+01
3.089000e-05	2.288461e-02	-1.487647e+01
3.090000e-05	1.872242e-02	-1.480177e+01
3.091000e-05	2.058279e-02	-1.465299e+01
3.092000e-05	1.524459e-02	-1.450512e+01
3.093000e-05	5.874761e-03	-1.439015e+01
3.094000e-05	3.784578e-03	-1.422286e+01
3.095000e-05	8.085349e-03	-1.406559e+01
3.096000e-05	9.765892e-03	-1.392970e+01
3.097000e-05	3.604558e-03	-1.374070e+01
3.098000e-05	-9.403695e-04	-1.357133e+01
3.099000e-05	2.603721e-03	-1.346539e+01
3.100000e-05	6.611918e-03	-1.325584e+01
3.101000e-05	3.870574e-03	-1.312807e+01
3.102000e-05	-1.570595e-03	-1.291765e+01
3.103000e-05	-1.944473e-03	-1.274917e+01
3.104000e-05	1.539558e-03	-1.253925e+01
3.105000e-05	1.380728e-03	-1.235076e+01
3.106000e-05	-5.070961e-03	-1.219973e+01
3.107000e-05	-5.403528e-03	-1.197581e+01
3.108000e-05	-7.575621e-04	-1.179031e+01
3.109000e-05	3.103680e-03	-1.149659e+01
3.110000e-05	-1.040096e-03	-1.122591e+01
3.111000e-05	-5.195965e-03	-1.101241e+01
3.112000e-05	-4.893955e-03	-1.082231e+01
3.113000e-05	-1.856185e-03	-1.066391e+01
3.114000e-05	-3.730205e-03	-1.039238e+01
3.115000e-05	-7.591578e-03	-1.015817e+01
3.116000e-05	-7.232555e-03	-9.938693e+00
3.117000e-05	-2.991550e-03	-9.696571e+00
3.118000e-05	-2.841108e-03	-9.453512e+00
3.119000e-05	-5.112121e-03	-9.191884e+00
3.120000e-05	-7.729347e-03	-8.971176e+00
3.121000e-05	-5.212184e-03	-8.748571e+00
3.122000e-05	-2.769725e-03	-8.461967e+00
3.123000e-05	-5.855190e-03	-8.212182e+00
3.124000e-05	-8.589585e-03	-7.949673e+00
3.125000e-05	-8.286618e-03	-7.663943e+00
3.126000e-05	-5.157234e-03	-7.391184e+00
3.127000e-05	-5.933448e-03	-7.127596e+00
3.128000e-05	-7.924651e-03	-6.852908e+00
3.129000e-05	-8.618108e-03	-6.558683e+00
3.130000e-05	-5.578031e-03	-6.336568e+00
3.131000e-05	-4.146680e-03	-6.011354e+00
3.132000e-05	-7.822507e-03	-5.707655e+00
3.133000e-05	-1.074218e-02	-5.462935e+00
3.134000e-05	-8.594359e-03	-5.117021e+00
3.135000e-05	-6.127378e-03	-4.770785e+00
3.136000e-05	-6.544229e-03	-4.525513e+00
3.137000e-05	-9.640722e-03	-4.274312e+00
3.138000e-05	-9.306232e-03	-4.009704e+00
3.139000e-05	-8.722005e-03	-3.674092e+00
3.140000e-05	-6.661328e-03	-3.431758e+00
3.141000e-05	-8.678444e-03	-3.177094e+00
3.142000e-05	-7.915071e-03	-2.809251e+00
3.143000e-05	-8.234168e-03	-2.577044e+00
3.144000e-05	-6.479529e-03	-2.180332e+00
3.145000e-05	-8.826290e-03	-1.924944e+00
3.146000e-05	-1.133674e-02	-1.643313e+00
3.147000e-05	-1.067720e-02	-1.306997e+00
3.148000e-05	-8.732837e-03	-9.496503e-01
3.149000e-05	-7.114418e-03	-7.154199e-01
3.150000e-05	-7.169209e-03	-3.786515e-01
3.151000e-05	-6.828146e-03	-1.249422e-01
3.152000e-05	1.846606e-03	1.767707e-01
3.153000e-05	4.673578e-03	4.640577e-01
3.154000e-05	-3.152661e-03	7.062645e-01
3.155000e-05	-9.537147e-04	9.707734e-01
3.156000e-05	-5.239821e-03	1.307587e+00
3.157000e-05	1.414914e-03	1.623400e+00
3.158000e-05	5.006549e-03	1.926162e+00
3.159000e-05	4.653297e-02	2.157713e+00
3.160000e-05	1.023806e-01	2.484006e+00
3.161000e-05	-6.316668e-02	2.841900e+00
3.162000e-05	-4.486882e-02	3.117188e+00
3.163000e-05	-4.219279e-02	3.434451e+00
3.164000e-05	-2.113738e-02	3.708262e+00
3.165000e-05	-9.230044e-02	3.927265e+00
3.166000e-05	6.930235e-02	4.169243e+00
3.167000e-05	6.504189e-02	4.526689e+00
3.168000e-05	-1.309902e-01	4.698421e+00
3.169000e-05	1.944300e-01	5.043955e+00
3.170000e-05	-1.381685e-01	5.452475e+00
3.171000e-05	3.627323e-02	5.704659e+00
3.172000e-05	-1.819155e-02	5.990372e+00
3.173000e-05	-3.342503e-02	6.230603e+00
3.174000e-05	8.325204e-02	6.527592e+00
3.175000e-05	-6.355323e-02	6.822531e+00
3.176000e-05	4.495120e-02	7.085082e+00
3.177000e-05	-6.459360e-02	7.369872e+00
3.178000e-05	2.449197e-02	7.673608e+00
3.179000e-05	-9.866400e-03	7.959819e+00
3.180000e-05	-1.920876e-02	8.253653e+00
3.181000e-05	5.452989e-02	8.495608e+00
3.182000e-05	-4.351853e-02	8.685266e+00
3.183000e-05	3.842011e-02	8.940369e+00
3.184000e-05	-3.502537e-02	9.243080e+00
3.185000e-05	-2.152326e-02	9.444085e+00
3.186000e-05	7.573267e-03	9.697787e+00
3.187000e-05	3.517687e-03	9.938818e+00
3.188000e-05	2.478864e-02	1.017095e+01
3.189000e-05	-3.264195e-02	1.039353e+01
3.190000e-05	1.503995e-02	1.063621e+01
3.191000e-05	-2.930615e-02	1.087474e+01
3.192000e-05	1.059321e-02	1.109411e+01
3.193000e-05	-1.666260e-02	1.129982e+01
3.194000e-05	3.578438e-04	1.153189e+01
3.195000e-05	3.128632e-03	1.175947e+01
3.196000e-05	-8.068274e-04	1.203198e+01
3.197000e-05	-8.296016e-03	1.219147e+01
3.198000e-05	-2.057569e-02	1.237107e+01
3.199000e-05	-2.703705e-03	1.258003e+01
3.200000e-05	1.952779e-04	1.273047e+01
3.201000e-05	4.777302e-03	1.291944e+01
3.202000e-05	-1.133201e-02	1.310936e+01
3.203000e-05	-1.230452e-02	1.328534e+01
3.204000e-05	-8.274948e-03	1.345366e+01
3.205000e-05	-6.273956e-03	1.364573e+01
3.206000e-05	-1.080242e-02	1.378270e+01
3.207000e-05	-9.110150e-03	1.393840e+01
3.208000e-05	-2.929532e-03	1.414047e+01
3.209000e-05	-4.205350e-04	1.426538e+01
3.210000e-05	-1.383429e-02	1.443368e+01
3.211000e-05	-1.793483e-02	1.453007e+01
3.212000e-05	-1.799703e-02	1.471789e+01
3.213000e-05	-2.580670e-03	1.481113e+01
3.214000e-05	-6.438225e-03	1.489849e+01
3.215000e-05	-1.113750e-02	1.505426e+01
3.216000e-05	-1.492556e-02	1.511744e+01
3.217000e-05	-1.381129e-02	1.522483e+01
3.218000e-05	-1.032321e-02	1.531800e+01
3.219000e-05	-1.779127e-02	1.540221e+01
3.220000e-05	-1.583412e-02	1.551547e+01
3.221000e-05	-1.548981e-02	1.556363e+01
3.222000e-05	-8.163658e-03	1.566527e+01
3.223000e-05	-1.855292e-02	1.567850e+01
3.224000e-05	-2.280998e-02	1.578023e+01
3.225000e-05	-2.498610e-02	1.585437e+01
3.226000e-05	-1.754448e-02	1.588902e+01
3.227000e-05	-1.510126e-02	1.597107e+01
3.228000e-05	-2.274361e-02	1.599171e+01
3.229000e-05	-2.372426e-02	1.601483e+01
3.230000e-05	-2.580183e-02	1.598591e+01
3.231000e-05	-2.417482e-02	1.606484e+01
3.232000e-05	-3.182196e-02	1.607744e+01
3.233000e-05	-3.410542e-02	1.606752e+01
3.234000e-05	-3.473908e-02	1.606697e+01
3.235000e-05	-3.158793e-02	1.605697e+01
3.236000e-05	-3.724957e-02	1.606799e+01
3.237000e-05	-4.786002e-02	1.606797e+01
3.238000e-05	-5.371960e-02	1.605444e+01
3.239000e-05	-5.921068e-02	1.603476e+01
3.240000e-05	-6.413172e-02	1.600338e+01
3.241000e-05	-8.342525e-02	1.595230e+01
3.242000e-05	-1.042464e-01	1.589059e+01
3.243000e-05	-1.380017e-01	1.587646e+01
3.244000e-05	-1.850726e-01	1.577131e+01
3.245000e-05	-2.424801e-01	1.575920e+01
3.246000e-05	-2.500000e-01	1.571862e+01
3.247000e-05	-2.500000e-01	1.564333e+01
3.248000e-05	-2.474962e-01	1.555068e+01
3.249000e-05	-1.915111e-01	1.545692e+01
3.250000e-05	-1.330145e-01	1.538233e+01
3.251000e-05	-9.309083e-02	1.529799e+01
3.252000e-05	-6.798872e-02	1.518223e+01
3.253000e-05	-4.748237e-02	1.506654e+01
3.254000e-05	-3.837618e-02	1.497070e+01
3.255000e-05	-3.504323e-02	1.485392e+01
3.256000e-05	-2.828969e-02	1.474870e+01
3.257000e-05	-2.296773e-02	1.457133e+01
3.258000e-05	-1.979387e-02	1.446700e+01
3.259000e-05	-2.203547e-02	1.433020e+01
3.260000e-05	-2.051995e-02	1.418183e+01
3.261000e-05	-1.509908e-02	1.401512e+01
3.262000e-05	-1.179127e-02	1.389707e+01
3.263000e-05	-1.256445e-02	1.370863e+01
3.264000e-05	-1.461925e-02	1.352980e+01
3.265000e-05	-1.272148e-02	1.337330e+01
3.266000e-05	-1.115765e-02	1.323294e+01
3.267000e-05	-1.027525e-02	1.305644e+01
3.268000e-05	-1.452918e-02	1.288749e+01
3.269000e-05	-1.170246e-02	1.267514e+01
3.270000e-05	-9.480904e-03	1.252912e+01
3.271000e-05	-6.833775e-03	1.227870e+01
3.272000e-05	-1.045115e-02	1.215920e+01
3.273000e-05	-1.097186e-02	1.188917e+01
3.274000e-05	-8.373950e-03	1.171604e+01
3.275000e-05	-7.278477e-03	1.145602e+01
3.276000e-05	-8.080690e-03	1.120449e+01
3.277000e-05	-1.030995e-02	1.102241e+01
3.278000e-05	-8.893985e-03	1.083239e+01
3.279000e-05	-7.063437e-03	1.060283e+01
3.280000e-05	-5.921843e-03	1.037076e+01
3.281000e-05	-8.658794e-03	1.009865e+01
3.282000e-05	-8.023267e-03	9.876542e+00
3.283000e-05	-6.141918e-03	9.604963e+00
3.284000e-05	-5.737674e-03	9.402134e+00
3.285000e-05	-7.133059e-03	9.180254e+00
3.286000e-05	-8.932666e-03	8.888100e+00
3.287000e-05	-6.572315e-03	8.625514e+00
3.288000e-05	-6.143726e-03	8.432837e+00
3.289000e-05	-5.618434e-03	8.171254e+00
3.290000e-05	-7.559110e-03	7.895651e+00
3.291000e-05	-6.596063e-03	7.663815e+00
3.292000e-05	-5.143871e-03	7.349229e+00
3.293000e-05	-5.752197e-03	7.095538e+00
3.294000e-05	-6.332454e-03	6.812785e+00
3.295000e-05	-7.317877e-03	6.518596e+00
3.296000e-05	-5.883170e-03	6.254868e+00
3.297000e-05	-6.278135e-03	6.001710e+00
3.298000e-05	-5.764110e-03	5.698045e+00
3.299000e-05	-7.909850e-03	5.444809e+00
3.300000e-05	-6.096809e-03	5.087150e+00
3.301000e-05	-5.167606e-03	4.780305e+00
3.302000e-05	-5.070106e-03	4.475517e+00
3.303000e-05	-6.029745e-03	4.222359e+00
3.304000e-05	-6.203295e-03	3.896068e+00
3.305000e-05	-5.756616e-03	3.624383e+00
3.306000e-05	-5.668625e-03	3.328625e+00
3.307000e-05	-6.303649e-03	3.023463e+00
3.308000e-05	-7.036867e-03	2.771176e+00
3.309000e-05	-6.391459e-03	2.443544e+00
3.310000e-05	-5.641643e-03	2.169098e+00
3.311000e-05	-5.754952e-03	1.894968e+00
3.312000e-05	-6.128273e-03	1.576729e+00
3.313000e-05	-6.402443e-03	1.283963e+00
3.314000e-05	-5.060859e-03	9.285673e-01
3.315000e-05	-4.782594e-03	6.103094e-01
3.316000e-05	-5.251595e-03	3.495699e-01
3.317000e-05	-4.071750e-03	3.088308e-02
3.318000e-05	3.615336e-03	-2.623513e-01
3.319000e-05	6.353616e-03	-5.365830e-01
3.320000e-05	-1.845668e-03	-8.103971e-01
3.321000e-05	1.797261e-03	-1.084530e+00
3.322000e-05	-1.970634e-03	-1.420673e+00
3.323000e-05	1.828343e-03	-1.662555e+00
3.324000e-05	2.295744e-02	-1.896706e+00
3.325000e-05	1.193029e-01	-2.177196e+00
3.326000e-05	8.814218e-03	-2.578168e+00
3.327000e-05	-6.917850e-02	-3.041692e+00
3.328000e-05	-1.870115e-02	-3.336642e+00
3.329000e-05	-4.684256e-02	-3.537789e+00
3.330000e-05	-8.526267e-02	-3.799841e+00
3.331000e-05	1.128272e-01	-3.967346e+00
3.332000e-05	1.498414e-02	-4.219323e+00
3.333000e-05	-9.888701e-02	-4.567114e+00
3.334000e-05	2.120188e-01	-4.789401e+00
3.335000e-05	-1.860874e-01	-5.118588e+00
3.336000e-05	1.536205e-01	-5.494185e+00
3.337000e-05	-1.009881e-01	-5.716187e+00
3.338000e-05	-2.350919e-02	-6.053484e+00
3.339000e-05	1.585960e-01	-6.294134e+00
3.340000e-05	-1.436641e-01	-6.581847e+00
3.341000e-05	1.757503e-01	-6.874609e+00
3.342000e-05	-1.589936e-01	-7.185390e+00
3.343000e-05	7.082337e-02	-7.465136e+00
3.344000e-05	4.218211e-03	-7.708186e+00
3.345000e-05	-5.412184e-02	-8.042981e+00
3.346000e-05	1.340632e-01	-8.273658e+00
3.347000e-05	-1.430524e-01	-8.527714e+00
3.348000e-05	1.580115e-01	-8.841000e+00
3.349000e-05	-1.116615e-01	-9.033577e+00
3.350000e-05	3.751558e-02	-9.306738e+00
3.351000e-05	-2.377724e-02	-9.526241e+00
3.352000e-05	5.281230e-04	-9.759423e+00
3.353000e-05	9.078435e-02	-9.999000e+00
3.354000e-05	-7.511591e-02	-1.023213e+01
3.355000e-05	8.167248e-02	-1.047422e+01
3.356000e-05	-1.035336e-01	-1.070684e+01
3.357000e-05	9.386803e-02	-1.095689e+01
3.358000e-05	-6.453904e-02	-1.116832e+01
3.359000e-05	5.319035e-02	-1.139148e+01
3.360000e-05	-2.888011e-02	-1.154252e+01
3.361000e-05	3.148200e-02	-1.184613e+01
3.362000e-05	6.769877e-03	-1.204376e+01
3.363000e-05	-1.883812e-02	-1.221261e+01
3.364000e-05	9.961801e-03	-1.245258e+01
3.365000e-05	-1.178065e-02	-1.264468e+01
3.366000e-05	5.116679e-02	-1.284061e+01
3.367000e-05	-2.013228e-02	-1.299152e+01
3.368000e-05	1.803806e-02	-1.320053e+01
3.369000e-05	-3.085840e-02	-1.335845e+01
3.370000e-05	3.081724e-02	-1.350786e+01
3.371000e-05	-1.109058e-02	-1.368371e+01
3.372000e-05	2.041241e-02	-1.384524e+01
3.373000e-05	-8.223330e-03	-1.405260e+01
3.374000e-05	2.634496e-02	-1.415900e+01
3.375000e-05	4.461460e-03	-1.428635e+01
3.376000e-05	3.015486e-03	-1.445426e+01
3.377000e-05	-1.208177e-02	-1.460008e+01
3.378000e-05	7.060809e-03	-1.469732e+01
3.379000e-05	1.978169e-02	-1.483566e+01
3.380000e-05	1.210571e-02	-1.494002e+01
3.381000e-05	6.468701e-03	-1.506426e+01
3.382000e-05	-3.427608e-03	-1.514905e+01
3.383000e-05	1.768284e-02	-1.525381e+01
3.384000e-05	7.865327e-03	-1.533907e+01
3.385000e-05	1.269746e-02	-1.548291e+01
3.386000e-05	1.144565e-03	-1.554892e+01
3.387000e-05	1.896681e-02	-1.567363e+01
3.388000e-05	1.417910e-02	-1.567594e+01
3.389000e-05	1.023069e-02	-1.575918e+01
3.390000e-05	7.799246e-04	-1.580228e+01
3.391000e-05	1.157782e-02	-1.586534e+01
3.392000e-05	2.345365e-02	-1.592902e+01
3.393000e-05	2.264368e-02	-1.599113e+01
3.394000e-05	1.525700e-02	-1.598131e+01
3.395000e-05	1.194901e-02	-1.601476e+01
3.396000e-05	2.024895e-02	-1.606379e+01
3.397000e-05	2.233162e-02	-1.610744e+01
3.398000e-05	2.022657e-02	-1.608497e+01
3.399000e-05	1.951981e-02	-1.609500e+01
3.400000e-05	2.944305e-02	-1.609707e+01
3.401000e-05	3.682061e-02	-1.609607e+01
3.402000e-05	3.474498e-02	-1.605604e+01
3.403000e-05	3.131648e-02	-1.608497e+01
3.404000e-05	3.892433e-02	-1.605534e+01
3.405000e-05	5.398429e-02	-1.602276e+01
3.406000e-05	6.629907e-02	-1.603123e+01
3.407000e-05	7.365459e-02	-1.596970e+01
3.408000e-05	9.274134e-02	-1.596800e+01
3.409000e-05	1.304813e-01	-1.587596e+01
3.410000e-05	1.845550e-01	-1.586436e+01
3.411000e-05	2.381876e-01	-1.576913e+01
3.412000e-05	2.499890e-01	-1.569704e+01
3.413000e-05	2.500000e-01	-1.563631e+01
3.414000e-05	2.469998e-01	-1.553827e+01
3.415000e-05	1.911758e-01	-1.542454e+01
3.416000e-05	1.199980e-01	-1.536878e+01
3.417000e-05	7.937564e-02	-1.527496e+01
3.418000e-05	6.031796e-02	-1.519178e+01
3.419000e-05	4.587594e-02	-1.510601e+01
3.420000e-05	2.974085e-02	-1.497223e+01
3.421000e-05	2.089778e-02	-1.486547e+01
3.422000e-05	1.951619e-02	-1.472965e+01
3.423000e-05	1.804323e-02	-1.461189e+01
3.424000e-05	1.231141e-02	-1.450459e+01
3.425000e-05	5.646899e-03	-1.432920e+01
3.426000e-05	5.341763e-03	-1.418233e+01
3.427000e-05	9.492897e-03	-1.404284e+01
3.428000e-05	8.764418e-03	-1.390907e+01
3.429000e-05	1.738863e-03	-1.372807e+01
3.430000e-05	1.725232e-04	-1.355128e+01
3.431000e-05	2.857206e-03	-1.341016e+01
3.432000e-05	4.965836e-03	-1.323541e+01
3.433000e-05	1.241052e-03	-1.309444e+01
3.434000e-05	-2.042814e-03	-1.288651e+01
3.435000e-05	1.760298e-04	-1.269604e+01
3.436000e-05	2.379507e-03	-1.253862e+01
3.437000e-05	1.800418e-04	-1.234870e+01
3.438000e-05	-4.639947e-03	-1.213915e+01
3.439000e-05	-4.735811e-03	-1.193857e+01
3.440000e-05	-1.072481e-03	-1.171511e+01
3.441000e-05	1.031638e-03	-1.148404e+01
3.442000e-05	-3.504495e-03	-1.124241e+01
3.443000e-05	-5.083148e-03	-1.096126e+01
3.444000e-05	-2.999516e-03	-1.080123e+01
3.445000e-05	-7.316198e-04	-1.058128e+01
3.446000e-05	-3.075558e-03	-1.031765e+01
3.447000e-05	-7.196081e-03	-1.009804e+01
3.448000e-05	-5.932833e-03	-9.874015e+00
3.449000e-05	-3.265656e-03	-9.695468e+00
3.450000e-05	-3.978289e-03	-9.442283e+00
3.451000e-05	-6.781120e-03	-9.157201e+00
3.452000e-05	-7.827102e-03	-8.876050e+00
3.453000e-05	-4.184985e-03	-8.681537e+00
3.454000e-05	-3.116980e-03	-8.410783e+00
3.455000e-05	-6.347997e-03	-8.158597e+00
3.456000e-05	-8.570200e-03	-7.836545e+00
3.457000e-05	-7.501690e-03	-7.620383e+00
3.458000e-05	-4.289682e-03	-7.327069e+00
3.459000e-05	-6.566385e-03	-7.063891e+00
3.460000e-05	-9.127687e-03	-6.750805e+00
3.461000e-05	-1.020526e-02	-6.487022e+00
3.462000e-05	-5.767590e-03	-6.221339e+00
3.463000e-05	-5.786682e-03	-5.968150e+00
3.464000e-05	-7.263322e-03	-5.685988e+00
3.465000e-05	-1.012562e-02	-5.370232e+00
3.466000e-05	-6.878740e-03	-5.074866e+00
3.467000e-05	-5.515279e-03	-4.727580e+00
3.468000e-05	-7.235399e-03	-4.473313e+00
3.469000e-05	-1.057763e-02	-4.193261e+00
3.470000e-05	-1.029692e-02	-3.976096e+00
3.471000e-05	-8.232140e-03	-3.621283e+00
3.472000e-05	-7.346813e-03	-3.358546e+00
3.473000e-05	-9.199274e-03	-3.054436e+00
3.474000e-05	-7.549783e-03	-2.727572e+00
3.475000e-05	-6.159654e-03	-2.443763e+00
3.476000e-05	-6.005487e-03	-2.176128e+00
3.477000e-05	-9.043417e-03	-1.864418e+00
3.478000e-05	-1.242615e-02	-1.568633e+00
3.479000e-05	-1.000378e-02	-1.249829e+00
3.480000e-05	-8.842050e-03	-9.064699e-01
3.481000e-05	-7.164228e-03	-6.232620e-01
3.482000e-05	-7.947398e-03	-3.268924e-01
3.483000e-05	-6.238998e-03	-6.283571e-02
3.484000e-05	6.671339e-03	2.223511e-01
3.485000e-05	-6.281029e-04	5.467118e-01
3.486000e-05	5.185784e-05	7.877472e-01
3.487000e-05	-3.870882e-03	1.085005e+00
3.488000e-05	-1.218153e-03	1.368796e+00
3.489000e-05	-3.978548e-04	1.709008e+00
3.490000e-05	1.165479e-02	1.927768e+00
3.491000e-05	6.185134e-02	2.171897e+00
3.492000e-05	8.478525e-02	2.536692e+00
3.493000e-05	-8.558049e-02	2.886160e+00
3.494000e-05	-3.214933e-02	3.190371e+00
3.495000e-05	-4.341142e-02	3.527180e+00
3.496000e-05	-2.945272e-02	3.750922e+00
3.497000e-05	-8.370520e-02	3.969972e+00
3.498000e-05	1.193418e-01	4.211479e+00
3.499000e-05	-1.960281e-02	4.548771e+00
3.500000e-05	-5.330044e-02	4.761457e+00
3.501000e-05	1.707272e-01	5.167717e+00
3.502000e-05	-1.637483e-01	5.446085e+00
3.503000e-05	8.460185e-02	5.728139e+00
3.504000e-05	-7.458214e-02	6.056080e+00
3.505000e-05	2.913390e-02	6.306185e+00
3.506000e-05	4.217105e-02	6.580921e+00
3.507000e-05	-4.708217e-02	6.876684e+00
3.508000e-05	4.081134e-02	7.107793e+00
3.509000e-05	-7.379436e-02	7.464577e+00
3.510000e-05	5.173035e-02	7.748719e+00
3.511000e-05	-4.603142e-02	8.022425e+00
3.512000e-05	1.505832e-02	8.307143e+00
3.513000e-05	2.777786e-02	8.506846e+00
3.514000e-05	-3.551052e-02	8.739319e+00
3.515000e-05	4.501264e-02	9.021498e+00
3.516000e-05	-5.578276e-02	9.274184e+00
3.517000e-05	5.910664e-03	9.494738e+00
3.518000e-05	-1.065484e-02	9.749896e+00
3.519000e-05	2.846163e-02	9.992527e+00
3.520000e-05	-2.713857e-03	1.019358e+01
3.521000e-05	-1.797592e-02	1.044568e+01
3.522000e-05	3.179180e-03	1.073726e+01
3.523000e-05	-2.359798e-02	1.094744e+01
3.524000e-05	1.226980e-02	1.110974e+01
3.525000e-05	-2.247402e-02	1.131102e+01
3.526000e-05	1.186877e-02	1.164163e+01
3.527000e-05	-4.939429e-03	1.180213e+01
3.528000e-05	9.016112e-03	1.200308e+01
3.529000e-05	-2.239627e-02	1.220269e+01
3.530000e-05	-1.218699e-02	1.241313e+01
3.531000e-05	-8.759137e-03	1.262303e+01
3.532000e-05	7.566070e-03	1.277260e+01
3.533000e-05	-3.716368e-04	1.298098e+01
3.534000e-05	-1.202569e-02	1.313000e+01
3.535000e-05	-1.109572e-02	1.336089e+01
3.536000e-05	-8.264511e-03	1.344752e+01
3.537000e-05	-3.484437e-03	1.364574e+01
3.538000e-05	-1.587825e-02	1.379323e+01
3.539000e-05	-3.804259e-03	1.401915e+01
3.540000e-05	-5.369126e-03	1.416155e+01
3.541000e-05	2.685745e-03	1.429890e+01
3.542000e-05	-1.875939e-02	1.447421e+01
3.543000e-05	-1.722322e-02	1.457118e+01
3.544000e-05	-1.733806e-02	1.470847e+01
3.545000e-05	-1.394952e-03	1.484421e+01
3.546000e-05	-6.839657e-03	1.494057e+01
3.547000e-05	-1.283049e-02	1.506381e+01
3.548000e-05	-1.259012e-02	1.512960e+01
3.549000e-05	-1.248746e-02	1.524531e+01
3.550000e-05	-9.189510e-03	1.534010e+01
3.551000e-05	-2.082553e-02	1.544576e+01
3.552000e-05	-1.594072e-02	1.552102e+01
3.553000e-05	-1.539531e-02	1.559270e+01
3.554000e-05	-7.450279e-03	1.567399e+01
3.555000e-05	-1.949483e-02	1.572850e+01
3.556000e-05	-2.457691e-02	1.582525e+01
3.557000e-05	-2.238983e-02	1.586483e+01
3.558000e-05	-1.589331e-02	1.594004e+01
3.559000e-05	-1.484909e-02	1.594012e+01
3.560000e-05	-2.582263e-02	1.599425e+01
3.561000e-05	-2.450126e-02	1.598486e+01
3.562000e-05	-2.621393e-02	1.603594e+01
3.563000e-05	-2.478514e-02	1.606641e+01
3.564000e-05	-3.330568e-02	1.608699e+01
3.565000e-05	-3.547537e-02	1.606845e+01
3.566000e-05	-3.233298e-02	1.608795e+01
3.567000e-05	-3.185121e-02	1.608739e+01
3.568000e-05	-3.791367e-02	1.606602e+01
3.569000e-05	-5.098653e-02	1.603642e+01
3.570000e-05	-5.468136e-02	1.604586e+01
3.571000e-05	-5.987107e-02	1.604491e+01
3.572000e-05	-6.741501e-02	1.598420e+01
3.573000e-05	-8.844070e-02	1.597323e+01
3.574000e-05	-1.113145e-01	1.591909e+01
3.575000e-05	-1.449033e-01	1.588599e+01
3.576000e-05	-1.977190e-01	1.581376e+01
3.577000e-05	-2.472042e-01	1.573920e+01
3.578000e-05	-2.500000e-01	1.569804e+01
3.579000e-05	-2.500000e-01	1.561181e+01
3.580000e-05	-2.417353e-01	1.553013e+01
3.581000e-05	-1.767920e-01	1.546707e+01
3.582000e-05	-1.236358e-01	1.539023e+01
3.583000e-05	-8.715958e-02	1.526646e+01
3.584000e-05	-6.146534e-02	1.514173e+01
3.585000e-05	-4.578284e-02	1.507452e+01
3.586000e-05	-3.664111e-02	1.492870e+01
3.587000e-05	-3.549087e-02	1.483334e+01
3.588000e-05	-2.625438e-02	1.470657e+01
3.589000e-05	-2.186339e-02	1.459231e+01
3.590000e-05	-2.041932e-02	1.444704e+01
3.591000e-05	-2.062155e-02	1.431862e+01
3.592000e-05	-1.992825e-02	1.415425e+01
3.593000e-05	-1.183676e-02	1.398246e+01
3.594000e-05	-1.328757e-02	1.386652e+01
3.595000e-05	-1.493924e-02	1.367664e+01
3.596000e-05	-1.744713e-02	1.348960e+01
3.597000e-05	-1.232185e-02	1.334023e+01
3.598000e-05	-9.264674e-03	1.318281e+01
3.599000e-05	-1.029965e-02	1.301391e+01
3.600000e-05	-1.273898e-02	1.279437e+01
3.601000e-05	-9.938975e-03	1.269599e+01
3.602000e-05	-8.344646e-03	1.248542e+01
3.603000e-05	-8.825312e-03	1.228599e+01
3.604000e-05	-1.295413e-02	1.206755e+01
3.605000e-05	-1.173142e-02	1.188556e+01
3.606000e-05	-8.088843e-03	1.166652e+01
3.607000e-05	-7.155867e-03	1.141348e+01
3.608000e-05	-8.639948e-03	1.119083e+01
3.609000e-05	-1.036872e-02	1.101081e+01
3.610000e-05	-6.168215e-03	1.078173e+01
3.611000e-05	-5.622782e-03	1.056025e+01
3.612000e-05	-5.862867e-03	1.029765e+01
3.613000e-05	-8.685866e-03	1.007654e+01
3.614000e-05	-8.519349e-03	9.822963e+00
3.615000e-05	-7.471740e-03	9.550858e+00
3.616000e-05	-6.773448e-03	9.370627e+00
3.617000e-05	-7.845610e-03	9.087545e+00
3.618000e-05	-7.901370e-03	8.875988e+00
3.619000e-05	-4.822308e-03	8.602833e+00
3.620000e-05	-3.979569e-03	8.380279e+00
3.621000e-05	-5.060208e-03	8.119528e+00
3.622000e-05	-7.452491e-03	7.833989e+00
3.623000e-05	-9.068029e-03	7.600755e+00
3.624000e-05	-6.749284e-03	7.276492e+00
3.625000e-05	-7.201662e-03	7.013814e+00
3.626000e-05	-6.653507e-03	6.769250e+00
3.627000e-05	-6.646196e-03	6.473947e+00
3.628000e-05	-3.942711e-03	6.182832e+00
3.629000e-05	-5.049579e-03	5.908625e+00
3.630000e-05	-5.796407e-03	5.642512e+00
3.631000e-05	-8.060355e-03	5.401229e+00
3.632000e-05	-7.511567e-03	4.991462e+00
3.633000e-05	-6.071318e-03	4.687042e+00
3.634000e-05	-5.979218e-03	4.443784e+00
3.635000e-05	-6.424112e-03	4.099633e+00
3.636000e-05	-6.404217e-03	3.862888e+00
3.637000e-05	-4.546610e-03	3.561804e+00
3.638000e-05	-4.669057e-03	3.226017e+00
3.639000e-05	-5.216472e-03	2.980183e+00
3.640000e-05	-7.943384e-03	2.707496e+00
3.641000e-05	-6.389514e-03	2.379250e+00
3.642000e-05	-5.834708e-03	2.094967e+00
3.643000e-05	-5.987192e-03	1.813861e+00
3.644000e-05	-7.005851e-03	1.497522e+00
3.645000e-05	-6.113878e-03	1.169182e+00
3.646000e-05	-4.314893e-03	8.418908e-01
3.647000e-05	-4.124967e-03	5.486501e-01
3.648000e-05	-5.070293e-03	3.073910e-01
3.649000e-05	-3.157060e-03	-6.244976e-02
3.650000e-05	6.974338e-03	-3.434580e-01
3.651000e-05	2.313291e-03	-5.587419e-01
3.652000e-05	1.184234e-03	-8.731313e-01
3.653000e-05	-2.054528e-03	-1.156160e+00
3.654000e-05	8.398026e-04	-1.502526e+00
3.655000e-05	1.583930e-03	-1.714636e+00
3.656000e-05	3.551392e-02	-1.977216e+00
3.657000e-05	1.341277e-01	-2.291451e+00
3.658000e-05	-4.455726e-02	-2.651377e+00
3.659000e-05	-4.331685e-02	-3.095959e+00
3.660000e-05	-3.392018e-02	-3.399898e+00
3.661000e-05	-4.109201e-02	-3.609894e+00
3.662000e-05	-8.667365e-02	-3.811426e+00
3.663000e-05	1.704954e-01	-4.038477e+00
3.664000e-05	-9.138550e-02	-4.294578e+00
3.665000e-05	3.090272e-02	-4.609401e+00
3.666000e-05	1.354557e-01	-4.843581e+00
3.667000e-05	-1.847150e-01	-5.213250e+00
3.668000e-05	1.858536e-01	-5.556840e+00
3.669000e-05	-1.779010e-01	-5.800371e+00
3.670000e-05	8.137316e-02	-6.084614e+00
3.671000e-05	5.631675e-02	-6.357742e+00
3.672000e-05	-8.547896e-02	-6.663083e+00
3.673000e-05	1.537886e-01	-6.897713e+00
3.674000e-05	-1.855271e-01	-7.263452e+00
3.675000e-05	1.378061e-01	-7.498214e+00
3.676000e-05	-8.055835e-02	-7.787843e+00
3.677000e-05	2.964263e-02	-8.106185e+00
3.678000e-05	6.538566e-02	-8.304710e+00
3.679000e-05	-1.017855e-01	-8.610400e+00
3.680000e-05	1.583089e-01	-8.864139e+00
3.681000e-05	-1.509561e-01	-9.116234e+00
3.682000e-05	9.173175e-02	-9.357840e+00
3.683000e-05	-8.524486e-02	-9.579398e+00
3.684000e-05	7.416686e-02	-9.819980e+00
3.685000e-05	2.128570e-02	-1.002511e+01
3.686000e-05	-2.709560e-02	-1.028772e+01
3.687000e-05	4.383560e-02	-1.056635e+01
3.688000e-05	-7.795283e-02	-1.078887e+01
3.689000e-05	9.113384e-02	-1.095890e+01
3.690000e-05	-7.729047e-02	-1.120148e+01
3.691000e-05	7.178667e-02	-1.142305e+01
3.692000e-05	-5.227478e-02	-1.163451e+01
3.693000e-05	6.123721e-02	-1.190624e+01
3.694000e-05	-2.724808e-02	-1.212586e+01
3.695000e-05	7.081573e-03	-1.228476e+01
3.696000e-05	-1.149131e-02	-1.245571e+01
3.697000e-05	1.334619e-02	-1.271624e+01
3.698000e-05	3.236311e-02	-1.286523e+01
3.699000e-05	-1.175733e-02	-1.306223e+01
3.700000e-05	8.407743e-03	-1.323503e+01
3.701000e-05	-2.185461e-02	-1.339115e+01
3.702000e-05	2.994212e-02	-1.356889e+01
3.703000e-05	-1.209160e-02	-1.374844e+01
3.704000e-05	2.100878e-02	-1.387682e+01
3.705000e-05	-8.407079e-03	-1.406366e+01
3.706000e-05	3.027991e-02	-1.421155e+01
3.707000e-05	-1.720040e-03	-1.432942e+01
3.708000e-05	3.751554e-03	-1.449632e+01
3.709000e-05	-1.423194e-02	-1.460013e+01
3.710000e-05	1.650678e-02	-1.475745e+01
3.711000e-05	1.676122e-02	-1.486571e+01
3.712000e-05	1.362253e-02	-1.499158e+01
3.713000e-05	-2.078204e-05	-1.506539e+01
3.714000e-05	2.398257e-03	-1.519260e+01
3.715000e-05	1.604078e-02	-1.528429e+01
3.716000e-05	8.785304e-03	-1.538065e+01
3.717000e-05	8.028853e-03	-1.549334e+01
3.718000e-05	4.982657e-03	-1.559060e+01
3.719000e-05	2.085684e-02	-1.564484e+01
3.720000e-05	1.413815e-02	-1.571639e+01
3.721000e-05	8.348172e-03	-1.577012e+01
3.722000e-05	2.186341e-04	-1.582383e+01
3.723000e-05	1.570667e-02	-1.592594e+01
3.724000e-05	2.427234e-02	-1.591895e+01
3.725000e-05	2.206587e-02	-1.597260e+01
3.726000e-05	1.125705e-02	-1.600278e+01
3.727000e-05	1.314171e-02	-1.603473e+01
3.728000e-05	2.180409e-02	-1.606494e+01
3.729000e-05	2.403128e-02	-1.611442e+01
3.730000e-05	1.883490e-02	-1.611695e+01
3.731000e-05	2.042702e-02	-1.612647e+01
3.732000e-05	3.200658e-02	-1.610552e+01
3.733000e-05	3.852194e-02	-1.610800e+01
3.734000e-05	3.276726e-02	-1.611647e+01
3.735000e-05	3.022283e-02	-1.606544e+01
3.736000e-05	4.034528e-02	-1.606389e+01
3.737000e-05	5.812811e-02	-1.603326e+01
3.738000e-05	6.769572e-02	-1.600223e+01
3.739000e-05	7.659386e-02	-1.595960e+01
3.740000e-05	9.929876e-02	-1.591757e+01
3.741000e-05	1.423290e-01	-1.586496e+01
3.742000e-05	1.983930e-01	-1.580331e+01
3.743000e-05	2.445873e-01	-1.570913e+01
3.744000e-05	2.500000e-01	-1.568799e+01
3.745000e-05	2.500000e-01	-1.561388e+01
3.746000e-05	2.419456e-01	-1.552922e+01
3.747000e-05	1.733260e-01	-1.547288e+01
3.748000e-05	1.083314e-01	-1.535865e+01
3.749000e-05	7.319194e-02	-1.523136e+01
3.750000e-05	5.858084e-02	-1.515018e+01
3.751000e-05	4.225674e-02	-1.506292e+01
3.752000e-05	2.725933e-02	-1.494975e+01
3.753000e-05	1.837240e-02	-1.481391e+01
3.754000e-05	1.895371e-02	-1.470714e+01
3.755000e-05	1.801719e-02	-1.456188e+01
3.756000e-05	1.030993e-02	-1.446446e+01
3.757000e-05	4.293343e-03	-1.430815e+01
3.758000e-05	6.510667e-03	-1.417921e+01
3.759000e-05	1.127810e-02	-1.402486e+01
3.760000e-05	7.325847e-03	-1.383704e+01
3.761000e-05	1.174579e-03	-1.367552e+01
3.762000e-05	-1.397123e-03	-1.352805e+01
3.763000e-05	3.698212e-03	-1.335978e+01
3.764000e-05	5.217512e-03	-1.320286e+01
3.765000e-05	1.075387e-03	-1.301233e+01
3.766000e-05	-3.640215e-03	-1.287286e+01
3.767000e-05	8.474860e-04	-1.269644e+01
3.768000e-05	3.467655e-03	-1.248552e+01
3.769000e-05	4.147223e-04	-1.228597e+01
3.770000e-05	-4.458014e-03	-1.208602e+01
3.771000e-05	-3.585707e-03	-1.189694e+01
3.772000e-05	3.182336e-04	-1.166551e+01
3.773000e-05	3.977837e-04	-1.138143e+01
3.774000e-05	-4.719713e-03	-1.114980e+01
3.775000e-05	-6.717179e-03	-1.093820e+01
3.776000e-05	-3.327337e-03	-1.073959e+01
3.777000e-05	1.611474e-05	-1.054907e+01
3.778000e-05	-3.784011e-03	-1.028404e+01
3.779000e-05	-6.471866e-03	-1.007487e+01
3.780000e-05	-5.459811e-03	-9.841829e+00
3.781000e-05	-2.830705e-03	-9.621355e+00
3.782000e-05	-4.448711e-03	-9.319101e+00
3.783000e-05	-7.987794e-03	-9.145142e+00
3.784000e-05	-8.179412e-03	-8.895013e+00
3.785000e-05	-3.909018e-03	-8.592958e+00
3.786000e-05	-3.021347e-03	-8.338150e+00
3.787000e-05	-6.607073e-03	-8.097072e+00
3.788000e-05	-8.254527e-03	-7.862439e+00
3.789000e-05	-6.408626e-03	-7.516726e+00
3.790000e-05	-4.477246e-03	-7.235363e+00
3.791000e-05	-6.969852e-03	-6.981236e+00
3.792000e-05	-8.940992e-03	-6.747020e+00
3.793000e-05	-9.996356e-03	-6.462416e+00
3.794000e-05	-5.381716e-03	-6.170707e+00
3.795000e-05	-6.781484e-03	-5.876521e+00
3.796000e-05	-7.884565e-03	-5.631391e+00
3.797000e-05	-9.869164e-03	-5.296596e+00
3.798000e-05	-6.567886e-03	-5.010758e+00
3.799000e-05	-4.861840e-03	-4.653991e+00
3.800000e-05	-6.972325e-03	-4.421202e+00
3.801000e-05	-1.015822e-02	-4.176574e+00
3.802000e-05	-9.575484e-03	-3.862987e+00
3.803000e-05	-8.207082e-03	-3.557074e+00
3.804000e-05	-7.520260e-03	-3.324915e+00
3.805000e-05	-8.761991e-03	-2.959153e+00
3.806000e-05	-9.013528e-03	-2.683866e+00
3.807000e-05	-6.056019e-03	-2.410787e+00
3.808000e-05	-6.521827e-03	-2.093545e+00
3.809000e-05	-9.027511e-03	-1.799730e+00
3.810000e-05	-1.242536e-02	-1.526548e+00
3.811000e-05	-1.185854e-02	-1.188125e+00
3.812000e-05	-6.788440e-03	-8.444157e-01
3.813000e-05	-8.489100e-03	-5.296236e-01
3.814000e-05	-5.021521e-03	-2.533383e-01
3.815000e-05	-5.187320e-03	1.089980e-02
3.816000e-05	1.025708e-02	2.966591e-01
3.817000e-05	-2.659692e-03	6.017472e-01
3.818000e-05	3.675053e-04	8.334772e-01
3.819000e-05	-8.338341e-03	1.169247e+00
3.820000e-05	-2.312399e-03	1.431875e+00
3.821000e-05	-2.153882e-03	1.818771e+00
3.822000e-05	2.179509e-02	1.991920e+00
3.823000e-05	8.050367e-02	2.262051e+00
3.824000e-05	5.284084e-02	2.674327e+00
3.825000e-05	-8.799621e-02	2.948792e+00
3.826000e-05	-2.659133e-02	3.243047e+00
3.827000e-05	-4.097577e-02	3.600342e+00
3.828000e-05	-5.067486e-02	3.792025e+00
3.829000e-05	-6.099982e-02	4.010976e+00
3.830000e-05	1.517788e-01	4.288735e+00
3.831000e-05	-9.937568e-02	4.612000e+00
3.832000e-05	4.320045e-02	4.834554e+00
3.833000e-05	8.961367e-02	5.222851e+00
3.834000e-05	-1.416378e-01	5.508714e+00
3.835000e-05	9.777905e-02	5.832922e+00
3.836000e-05	-1.056075e-01	6.116164e+00
3.837000e-05	7.727748e-02	6.338766e+00
3.838000e-05	-4.089183e-03	6.644631e+00
3.839000e-05	-1.975445e-02	6.928268e+00
3.840000e-05	1.580828e-02	7.201949e+00
3.841000e-05	-6.389958e-02	7.497706e+00
3.842000e-05	5.821488e-02	7.780998e+00
3.843000e-05	-6.289533e-02	8.064710e+00
3.844000e-05	4.971551e-02	8.327871e+00
3.845000e-05	2.514273e-03	8.549945e+00
3.846000e-05	-1.876200e-02	8.770952e+00
3.847000e-05	3.460432e-02	9.043083e+00
3.848000e-05	-6.631961e-02	9.357744e+00
3.849000e-05	2.156740e-02	9.550366e+00
3.850000e-05	-2.552483e-02	9.783126e+00
3.851000e-05	4.582386e-02	1.004311e+01
3.852000e-05	-2.241947e-02	1.026573e+01
3.853000e-05	2.045405e-03	1.049826e+01
3.854000e-05	-1.007198e-02	1.073934e+01
3.855000e-05	-1.478873e-02	1.095989e+01
3.856000e-05	6.873279e-03	1.116006e+01
3.857000e-05	-2.326641e-02	1.136258e+01
3.858000e-05	1.478047e-02	1.168478e+01
3.859000e-05	-1.229136e-02	1.186581e+01
3.860000e-05	1.240776e-02	1.206727e+01
3.861000e-05	-2.800442e-02	1.227616e+01
3.862000e-05	-1.937831e-03	1.246484e+01
3.863000e-05	-1.024465e-02	1.265566e+01
3.864000e-05	1.107101e-02	1.285326e+01
3.865000e-05	-5.613572e-03	1.303418e+01
3.866000e-05	-1.216812e-02	1.317150e+01
3.867000e-05	-1.069110e-02	1.333992e+01
3.868000e-05	-1.055881e-02	1.351044e+01
3.869000e-05	-3.602629e-03	1.370786e+01
3.870000e-05	-1.679375e-02	1.384528e+01
3.871000e-05	3.060022e-04	1.401426e+01
3.872000e-05	-5.772683e-03	1.420361e+01
3.873000e-05	3.637531e-04	1.435907e+01
3.874000e-05	-2.045517e-02	1.445789e+01
3.875000e-05	-1.618995e-02	1.463274e+01
3.876000e-05	-1.412805e-02	1.474910e+01
3.877000e-05	-3.137927e-03	1.488626e+01
3.878000e-05	-8.218201e-03	1.494998e+01
3.879000e-05	-1.451914e-02	1.506779e+01
3.880000e-05	-1.212339e-02	1.518268e+01
3.881000e-05	-1.305626e-02	1.526692e+01
3.882000e-05	-9.970283e-03	1.532908e+01
3.883000e-05	-1.883047e-02	1.546529e+01
3.884000e-05	-1.499933e-02	1.554910e+01
3.885000e-05	-1.388806e-02	1.557275e+01
3.886000e-05	-1.316863e-02	1.569489e+01
3.887000e-05	-2.154588e-02	1.574810e+01
3.888000e-05	-2.647011e-02	1.582278e+01
3.889000e-05	-2.067811e-02	1.586581e+01
3.890000e-05	-1.655621e-02	1.592005e+01
3.891000e-05	-1.484294e-02	1.596115e+01
3.892000e-05	-2.469678e-02	1.601326e+01
3.893000e-05	-2.383993e-02	1.598535e+01
3.894000e-05	-2.578540e-02	1.602546e+01
3.895000e-05	-2.785525e-02	1.603739e+01
3.896000e-05	-3.368378e-02	1.605752e+01
3.897000e-05	-3.661199e-02	1.607697e+01
3.898000e-05	-3.179958e-02	1.609647e+01
3.899000e-05	-3.438355e-02	1.605544e+01
3.900000e-05	-4.017568e-02	1.607699e+01
3.901000e-05	-5.097124e-02	1.605694e+01
3.902000e-05	-5.450589e-02	1.603489e+01
3.903000e-05	-6.032032e-02	1.598381e+01
3.904000e-05	-7.194867e-02	1.596281e+01
3.905000e-05	-9.191498e-02	1.595017e+01
3.906000e-05	-1.188040e-01	1.591859e+01
3.907000e-05	-1.551642e-01	1.581546e+01
3.908000e-05	-2.126871e-01	1.576173e+01
3.909000e-05	-2.496821e-01	1.573110e+01
3.910000e-05	-2.500000e-01	1.563501e+01
3.911000e-05	-2.500000e-01	1.561178e+01
3.912000e-05	-2.322751e-01	1.551902e+01
3.913000e-05	-1.627134e-01	1.543596e+01
3.914000e-05	-1.135476e-01	1.530013e+01
3.915000e-05	-8.210611e-02	1.516491e+01
3.916000e-05	-5.777928e-02	1.515005e+01
3.917000e-05	-4.394389e-02	1.502339e+01
3.918000e-05	-3.656433e-02	1.492657e+01
3.919000e-05	-3.219753e-02	1.478378e+01
3.920000e-05	-2.464079e-02	1.469714e+01
3.921000e-05	-1.941153e-02	1.456826e+01
3.922000e-05	-2.063955e-02	1.442233e+01
3.923000e-05	-2.020269e-02	1.427562e+01
3.924000e-05	-1.905906e-02	1.410920e+01
3.925000e-05	-1.185048e-02	1.395126e+01
3.926000e-05	-1.341202e-02	1.382436e+01
3.927000e-05	-1.408464e-02	1.360496e+01
3.928000e-05	-1.585725e-02	1.345560e+01
3.929000e-05	-1.071930e-02	1.333875e+01
3.930000e-05	-1.016436e-02	1.312973e+01
3.931000e-05	-1.028843e-02	1.295928e+01
3.932000e-05	-1.277430e-02	1.276333e+01
3.933000e-05	-1.022303e-02	1.262341e+01
3.934000e-05	-8.408365e-03	1.244342e+01
3.935000e-05	-1.053705e-02	1.223644e+01
3.936000e-05	-1.221427e-02	1.204437e+01
3.937000e-05	-1.075488e-02	1.179359e+01
3.938000e-05	-6.105437e-03	1.163243e+01
3.939000e-05	-7.066166e-03	1.135228e+01
3.940000e-05	-8.118624e-03	1.113872e+01
3.941000e-05	-9.286930e-03	1.094015e+01
3.942000e-05	-6.402625e-03	1.072805e+01
3.943000e-05	-6.502017e-03	1.050857e+01
3.944000e-05	-8.762398e-03	1.029459e+01
3.945000e-05	-9.256089e-03	1.005291e+01
3.946000e-05	-7.815230e-03	9.801260e+00
3.947000e-05	-5.349321e-03	9.548196e+00
3.948000e-05	-7.190132e-03	9.336547e+00
3.949000e-05	-8.042567e-03	9.065513e+00
3.950000e-05	-8.167762e-03	8.802883e+00
3.951000e-05	-6.074706e-03	8.509055e+00
3.952000e-05	-5.157884e-03	8.337200e+00
3.953000e-05	-7.249190e-03	8.043942e+00
3.954000e-05	-7.488119e-03	7.771235e+00
3.955000e-05	-6.316780e-03	7.517148e+00
3.956000e-05	-5.634496e-03	7.210912e+00
3.957000e-05	-6.759763e-03	6.938652e+00
3.958000e-05	-7.952505e-03	6.676995e+00
3.959000e-05	-5.293047e-03	6.411303e+00
3.960000e-05	-4.977430e-03	6.128622e+00
3.961000e-05	-4.707029e-03	5.866468e+00
3.962000e-05	-7.139425e-03	5.590726e+00
3.963000e-05	-6.859549e-03	5.266145e+00
3.964000e-05	-6.710004e-03	4.950750e+00
3.965000e-05	-5.302938e-03	4.614437e+00
3.966000e-05	-6.992269e-03	4.361704e+00
3.967000e-05	-6.301896e-03	4.053917e+00
3.968000e-05	-5.315615e-03	3.801256e+00
3.969000e-05	-5.022956e-03	3.508595e+00
3.970000e-05	-5.153108e-03	3.180333e+00
3.971000e-05	-6.464740e-03	2.918096e+00
3.972000e-05	-5.936321e-03	2.653916e+00
3.973000e-05	-5.728238e-03	2.267994e+00
3.974000e-05	-5.408650e-03	2.053264e+00
3.975000e-05	-7.205275e-03	1.770154e+00
3.976000e-05	-6.495265e-03	1.412365e+00
3.977000e-05	-5.357862e-03	1.154994e+00
3.978000e-05	-4.002445e-03	7.391265e-01
3.979000e-05	-4.612374e-03	4.749947e-01
3.980000e-05	-4.412330e-03	2.118553e-01
3.981000e-05	-2.603068e-03	-9.560784e-02
3.982000e-05	1.111114e-02	-3.672383e-01
3.983000e-05	-2.513221e-03	-6.413525e-01
3.984000e-05	3.366406e-03	-9.356654e-01
3.985000e-05	-3.250888e-03	-1.210296e+00
3.986000e-05	2.604927e-03	-1.585683e+00
3.987000e-05	2.195460e-03	-1.778213e+00
3.988000e-05	5.170911e-02	-2.020301e+00
3.989000e-05	1.290316e-01	-2.346717e+00
3.990000e-05	-8.132909e-02	-2.737638e+00
3.991000e-05	-1.980656e-02	-3.180316e+00
3.992000e-05	-4.818197e-02	-3.420450e+00
3.993000e-05	-4.245885e-02	-3.651557e+00
3.994000e-05	-6.239988e-02	-3.913128e+00
3.995000e-05	1.903250e-01	-4.062555e+00
3.996000e-05	-1.678975e-01	-4.368666e+00
3.997000e-05	1.254253e-01	-4.712605e+00
3.998000e-05	1.384655e-02	-4.895613e+00
3.999000e-05	-1.073547e-01	-5.337512e+00
4.000000e-05	1.633964e-01	-5.567874e+00
4.001000e-05	-2.010737e-01	-5.873504e+00
4.002000e-05	1.615913e-01	-6.138318e+00
4.003000e-05	-4.078999e-02	-6.408896e+00
4.004000e-05	5.103979e-03	-6.757787e+00
4.005000e-05	7.972096e-02	-6.949920e+00
4.006000e-05	-1.610772e-01	-7.306663e+00
4.007000e-05	1.600009e-01	-7.569373e+00
4.008000e-05	-1.335381e-01	-7.834480e+00
4.009000e-05	1.084875e-01	-8.146342e+00
4.010000e-05	-2.048326e-02	-8.339817e+00
4.011000e-05	-2.756134e-02	-8.642108e+00
4.012000e-05	1.093731e-01	-8.905366e+00
4.013000e-05	-1.423758e-01	-9.179343e+00
4.014000e-05	1.074236e-01	-9.380548e+00
4.015000e-05	-1.158061e-01	-9.622481e+00
4.016000e-05	1.292473e-01	-9.916133e+00
4.017000e-05	-4.366302e-02	-1.011414e+01
4.018000e-05	3.059864e-02	-1.042790e+01
4.019000e-05	-1.505899e-02	-1.057940e+01
4.020000e-05	-2.905989e-02	-1.081213e+01
4.021000e-05	5.852763e-02	-1.101310e+01
4.022000e-05	-5.871572e-02	-1.127463e+01
4.023000e-05	6.612386e-02	-1.147466e+01
4.024000e-05	-5.396000e-02	-1.171574e+01
4.025000e-05	7.314177e-02	-1.194837e+01
4.026000e-05	-4.765689e-02	-1.215742e+01
4.027000e-05	2.568987e-02	-1.234744e+01
4.028000e-05	-3.110786e-02	-1.252831e+01
4.029000e-05	3.779018e-02	-1.274727e+01
4.030000e-05	1.045254e-02	-1.291524e+01
4.031000e-05	3.622844e-03	-1.308573e+01
4.032000e-05	-6.733157e-03	-1.327229e+01
4.033000e-05	-5.382042e-03	-1.344260e+01
4.034000e-05	2.017869e-02	-1.356057e+01
4.035000e-05	-4.997204e-03	-1.378045e+01
4.036000e-05	1.382267e-02	-1.390792e+01
4.037000e-05	-2.228845e-03	-1.404481e+01
4.038000e-05	2.795341e-02	-1.421323e+01
4.039000e-05	-3.300773e-03	-1.438960e+01
4.040000e-05	2.731629e-03	-1.451592e+01
4.041000e-05	-1.307681e-02	-1.464418e+01
4.042000e-05	2.170867e-02	-1.478010e+01
4.043000e-05	1.299055e-02	-1.491634e+01
4.044000e-05	1.559522e-02	-1.503265e+01
4.045000e-05	-4.729100e-03	-1.510792e+01
4.046000e-05	9.456064e-03	-1.521223e+01
4.047000e-05	1.264494e-02	-1.528689e+01
4.048000e-05	1.113487e-02	-1.542017e+01
4.049000e-05	3.667654e-03	-1.548384e+01
4.050000e-05	8.090423e-03	-1.557208e+01
4.051000e-05	2.011933e-02	-1.563486e+01
4.052000e-05	1.478437e-02	-1.572794e+01
4.053000e-05	6.448722e-03	-1.574960e+01
4.054000e-05	1.060058e-03	-1.583579e+01
4.055000e-05	1.862439e-02	-1.587792e+01
4.056000e-05	2.322141e-02	-1.596905e+01
4.057000e-05	2.018664e-02	-1.600013e+01
4.058000e-05	9.404765e-03	-1.601328e+01
4.059000e-05	1.637090e-02	-1.605381e+01
4.060000e-05	2.225864e-02	-1.605434e+01
4.061000e-05	2.311251e-02	-1.609547e+01
4.062000e-05	1.790708e-02	-1.611556e+01
4.063000e-05	2.315894e-02	-1.613599e+01
4.064000e-05	3.444733e-02	-1.607702e+01
4.065000e-05	3.790053e-02	-1.609747e+01
4.066000e-05	3.197479e-02	-1.610495e+01
4.067000e-05	3.134675e-02	-1.607597e+01
4.068000e-05	4.430244e-02	-1.602534e+01
4.069000e-05	6.015560e-02	-1.608428e+01
4.070000e-05	6.873425e-02	-1.598126e+01
4.071000e-05	7.874522e-02	-1.596963e+01
4.072000e-05	1.070129e-01	-1.591807e+01
4.073000e-05	1.541221e-01	-1.587597e+01
4.074000e-05	2.122662e-01	-1.582325e+01
4.075000e-05	2.485858e-01	-1.572857e+01
4.076000e-05	2.500000e-01	-1.569692e+01
4.077000e-05	2.500000e-01	-1.560235e+01
4.078000e-05	2.329994e-01	-1.551749e+01
4.079000e-05	1.565649e-01	-1.540186e+01
4.080000e-05	9.761421e-02	-1.533815e+01
4.081000e-05	6.879863e-02	-1.522481e+01
4.082000e-05	5.548399e-02	-1.514065e+01
4.083000e-05	3.978891e-02	-1.505336e+01
4.084000e-05	2.423478e-02	-1.490907e+01
4.085000e-05	1.784643e-02	-1.480231e+01
4.086000e-05	1.907751e-02	-1.467754e+01
4.087000e-05	1.648670e-02	-1.458020e+01
4.088000e-05	8.097983e-03	-1.443291e+01
4.089000e-05	3.559525e-03	-1.427602e+01
4.090000e-05	7.273155e-03	-1.410955e+01
4.091000e-05	1.133734e-02	-1.399281e+01
4.092000e-05	6.407123e-03	-1.382281e+01
4.093000e-05	-1.809121e-04	-1.367349e+01
4.094000e-05	5.396806e-04	-1.348607e+01
4.095000e-05	5.228000e-03	-1.333015e+01
4.096000e-05	3.887263e-03	-1.315068e+01
4.097000e-05	-1.583187e-03	-1.302082e+01
4.098000e-05	-2.747139e-03	-1.281124e+01
4.099000e-05	1.690646e-03	-1.265294e+01
4.100000e-05	3.278594e-03	-1.243489e+01
4.101000e-05	-1.488399e-03	-1.227344e+01
4.102000e-05	-5.953630e-03	-1.204346e+01
4.103000e-05	-3.342387e-03	-1.184489e+01
4.104000e-05	1.079104e-03	-1.159336e+01
4.105000e-05	-7.237883e-04	-1.131965e+01
4.106000e-05	-4.265311e-03	-1.111767e+01
4.107000e-05	-5.498219e-03	-1.089652e+01
4.108000e-05	-1.787890e-03	-1.071800e+01
4.109000e-05	-1.689246e-03	-1.045607e+01
4.110000e-05	-4.890191e-03	-1.024489e+01
4.111000e-05	-7.605618e-03	-1.002183e+01
4.112000e-05	-4.325307e-03	-9.800658e+00
4.113000e-05	-1.031891e-03	-9.548603e+00
4.114000e-05	-4.235388e-03	-9.305042e+00
4.115000e-05	-8.921034e-03	-9.014409e+00
4.116000e-05	-7.076387e-03	-8.811836e+00
4.117000e-05	-4.208504e-03	-8.549679e+00
4.118000e-05	-4.938461e-03	-8.325517e+00
4.119000e-05	-7.298329e-03	-8.034435e+00
4.120000e-05	-8.288950e-03	-7.750235e+00
4.121000e-05	-5.406522e-03	-7.454543e+00
4.122000e-05	-4.711378e-03	-7.212883e+00
4.123000e-05	-6.586151e-03	-6.948149e+00
4.124000e-05	-8.702014e-03	-6.694388e+00
4.125000e-05	-7.548983e-03	-6.421783e+00
4.126000e-05	-4.404253e-03	-6.097096e+00
4.127000e-05	-7.480199e-03	-5.834441e+00
4.128000e-05	-1.027724e-02	-5.566703e+00
4.129000e-05	-1.041260e-02	-5.242937e+00
4.130000e-05	-6.914399e-03	-4.928547e+00
4.131000e-05	-5.499501e-03	-4.620282e+00
4.132000e-05	-8.499326e-03	-4.378098e+00
4.133000e-05	-9.411079e-03	-4.076045e+00
4.134000e-05	-8.261090e-03	-3.799757e+00
4.135000e-05	-6.050084e-03	-3.514970e+00
4.136000e-05	-9.319559e-03	-3.239780e+00
4.137000e-05	-9.968420e-03	-2.914595e+00
4.138000e-05	-1.001716e-02	-2.629786e+00
4.139000e-05	-6.321316e-03	-2.377073e+00
4.140000e-05	-7.800007e-03	-2.020732e+00
4.141000e-05	-9.097783e-03	-1.736549e+00
4.142000e-05	-1.028522e-02	-1.434410e+00
4.143000e-05	-7.346470e-03	-1.064444e+00
4.144000e-05	-7.187424e-03	-8.212592e-01
4.145000e-05	-8.258151e-03	-5.044610e-01
4.146000e-05	-9.475459e-03	-2.002053e-01
4.147000e-05	-4.157817e-03	6.250506e-02
4.148000e-05	8.884932e-03	4.097683e-01
4.149000e-05	-6.263801e-03	6.319249e-01
4.150000e-05	1.733733e-03	8.841312e-01
4.151000e-05	-7.184216e-03	1.210905e+00
4.152000e-05	3.338182e-03	1.497636e+00
4.153000e-05	-9.072653e-04	1.809976e+00
4.154000e-05	2.888495e-02	2.033504e+00
4.155000e-05	9.623793e-02	2.378737e+00
4.156000e-05	5.920293e-03	2.748089e+00
4.157000e-05	-7.764748e-02	3.022451e+00
4.158000e-05	-3.288926e-02	3.326642e+00
4.159000e-05	-3.153230e-02	3.641001e+00
4.160000e-05	-7.045971e-02	3.842930e+00
4.161000e-05	-1.899784e-02	4.043060e+00
4.162000e-05	1.503569e-01	4.419796e+00
4.163000e-05	-1.516180e-01	4.685055e+00
4.164000e-05	1.371704e-01	4.877191e+00
4.165000e-05	-5.732364e-03	5.327112e+00
4.166000e-05	-8.525284e-02	5.549367e+00
4.167000e-05	7.235811e-02	5.896605e+00
4.168000e-05	-1.046587e-01	6.159868e+00
4.169000e-05	1.051754e-01	6.390426e+00
4.170000e-05	-4.103563e-02	6.726735e+00
4.171000e-05	1.328255e-02	7.010947e+00
4.172000e-05	-1.504969e-02	7.255111e+00
4.173000e-05	-3.466038e-02	7.580394e+00
4.174000e-05	4.481493e-02	7.877003e+00
4.175000e-05	-6.379623e-02	8.130369e+00
4.176000e-05	6.488955e-02	8.360425e+00
4.177000e-05	-2.350111e-02	8.594000e+00
4.178000e-05	6.157884e-03	8.845063e+00
4.179000e-05	1.254192e-02	9.117211e+00
4.180000e-05	-6.049561e-02	9.350422e+00
4.181000e-05	2.769972e-02	9.611999e+00
4.182000e-05	-2.323224e-02	9.825189e+00
4.183000e-05	5.077913e-02	1.009673e+01
4.184000e-05	-3.694386e-02	1.030835e+01
4.185000e-05	1.442194e-02	1.057047e+01
4.186000e-05	-2.202522e-02	1.078095e+01
4.187000e-05	-3.247685e-03	1.102200e+01
4.188000e-05	-1.601881e-03	1.122551e+01
4.189000e-05	-1.820395e-02	1.141471e+01
4.190000e-05	1.621118e-02	1.166637e+01
4.191000e-05	-1.084413e-02	1.192784e+01
4.192000e-05	1.076744e-02	1.211929e+01
4.193000e-05	-3.189549e-02	1.225837e+01
4.194000e-05	1.818648e-03	1.255636e+01
4.195000e-05	-9.796832e-03	1.266682e+01
4.196000e-05	1.202718e-02	1.284724e+01
4.197000e-05	-1.041267e-02	1.305533e+01
4.198000e-05	-1.293955e-02	1.327408e+01
4.199000e-05	-9.244189e-03	1.338152e+01
4.200000e-05	-8.667262e-03	1.360307e+01
4.201000e-05	-4.547297e-03	1.375902e+01
4.202000e-05	-1.549009e-02	1.387834e+01
4.203000e-05	7.038837e-04	1.402639e+01
4.204000e-05	-4.022353e-03	1.423466e+01
4.205000e-05	-3.432575e-03	1.438112e+01
4.206000e-05	-2.170754e-02	1.451681e+01
4.207000e-05	-1.763523e-02	1.464529e+01
4.208000e-05	-9.517560e-03	1.478210e+01
4.209000e-05	-3.973789e-03	1.487789e+01
4.210000e-05	-8.858943e-03	1.498065e+01
4.211000e-05	-1.603297e-02	1.505837e+01
4.212000e-05	-1.119548e-02	1.521261e+01
4.213000e-05	-1.178436e-02	1.525649e+01
4.214000e-05	-1.287670e-02	1.535113e+01
4.215000e-05	-1.948455e-02	1.545496e+01
4.216000e-05	-1.513590e-02	1.557160e+01
4.217000e-05	-1.010378e-02	1.563371e+01
4.218000e-05	-1.572403e-02	1.568489e+01
4.219000e-05	-2.204142e-02	1.577017e+01
4.220000e-05	-2.780064e-02	1.582438e+01
4.221000e-05	-1.788402e-02	1.589789e+01
4.222000e-05	-1.630087e-02	1.592752e+01
4.223000e-05	-1.805758e-02	1.597263e+01
4.224000e-05	-2.577937e-02	1.597483e+01
4.225000e-05	-2.414801e-02	1.604541e+01
4.226000e-05	-2.413555e-02	1.602586e+01
4.227000e-05	-3.047616e-02	1.607597e+01
4.228000e-05	-3.514783e-02	1.607749e+01
4.229000e-05	-3.642885e-02	1.605847e+01
4.230000e-05	-3.008030e-02	1.606700e+01
4.231000e-05	-3.483701e-02	1.610736e+01
4.232000e-05	-4.219898e-02	1.606649e+01
4.233000e-05	-5.294569e-02	1.604597e+01
4.234000e-05	-5.477677e-02	1.605586e+01
4.235000e-05	-6.113778e-02	1.600371e+01
4.236000e-05	-7.619646e-02	1.597175e+01
4.237000e-05	-9.743429e-02	1.591017e+01
4.238000e-05	-1.252223e-01	1.586547e+01
4.239000e-05	-1.652075e-01	1.582534e+01
4.240000e-05	-2.264971e-01	1.580070e+01
4.241000e-05	-2.499768e-01	1.570855e+01
4.242000e-05	-2.500000e-01	1.566292e+01
4.243000e-05	-2.486450e-01	1.558126e+01
4.244000e-05	-2.177192e-01	1.551664e+01
4.245000e-05	-1.503051e-01	1.539384e+01
4.246000e-05	-1.064440e-01	1.529967e+01
4.247000e-05	-7.618526e-02	1.521431e+01
4.248000e-05	-5.322453e-02	1.511865e+01
4.249000e-05	-4.308115e-02	1.496331e+01
4.250000e-05	-3.684160e-02	1.489662e+01
4.251000e-05	-3.032134e-02	1.475178e+01
4.252000e-05	-2.318398e-02	1.465396e+01
4.253000e-05	-1.896887e-02	1.455960e+01
4.254000e-05	-2.302274e-02	1.438338e+01
4.255000e-05	-2.038456e-02	1.427501e+01
4.256000e-05	-1.842391e-02	1.411762e+01
4.257000e-05	-1.219610e-02	1.389970e+01
4.258000e-05	-1.422903e-02	1.382078e+01
4.259000e-05	-1.465352e-02	1.359591e+01
4.260000e-05	-1.467012e-02	1.345551e+01
4.261000e-05	-9.608723e-03	1.328612e+01
4.262000e-05	-1.103634e-02	1.312757e+01
4.263000e-05	-1.229327e-02	1.292920e+01
4.264000e-05	-1.202386e-02	1.275020e+01
4.265000e-05	-9.694367e-03	1.259130e+01
4.266000e-05	-7.219419e-03	1.237083e+01
4.267000e-05	-1.100840e-02	1.217238e+01
4.268000e-05	-1.148345e-02	1.200088e+01
4.269000e-05	-1.078393e-02	1.177073e+01
4.270000e-05	-6.735147e-03	1.155031e+01
4.271000e-05	-7.673844e-03	1.131972e+01
4.272000e-05	-9.134477e-03	1.107762e+01
4.273000e-05	-9.482536e-03	1.090557e+01
4.274000e-05	-6.437874e-03	1.067652e+01
4.275000e-05	-5.906990e-03	1.042344e+01
4.276000e-05	-8.784598e-03	1.021086e+01
4.277000e-05	-8.740812e-03	9.970783e+00
4.278000e-05	-7.483439e-03	9.748647e+00
4.279000e-05	-5.293161e-03	9.486018e+00
4.280000e-05	-7.453940e-03	9.245417e+00
4.281000e-05	-8.726771e-03	8.992408e+00
4.282000e-05	-7.756787e-03	8.729180e+00
4.283000e-05	-5.060049e-03	8.537070e+00
4.284000e-05	-5.437332e-03	8.226071e+00
4.285000e-05	-6.950750e-03	7.969835e+00
4.286000e-05	-7.875071e-03	7.748622e+00
4.287000e-05	-6.531466e-03	7.424439e+00
4.288000e-05	-5.751354e-03	7.118700e+00
4.289000e-05	-7.255252e-03	6.868097e+00
4.290000e-05	-7.027507e-03	6.632888e+00
4.291000e-05	-5.710636e-03	6.329201e+00
4.292000e-05	-4.840698e-03	6.106993e+00
4.293000e-05	-4.986419e-03	5.820884e+00
4.294000e-05	-7.661352e-03	5.476095e+00
4.295000e-05	-7.070092e-03	5.233937e+00
4.296000e-05	-5.866276e-03	4.865046e+00
4.297000e-05	-4.452069e-03	4.601230e+00
4.298000e-05	-6.015446e-03	4.317199e+00
4.299000e-05	-6.536530e-03	4.019356e+00
4.300000e-05	-5.595364e-03	3.697125e+00
4.301000e-05	-4.630796e-03	3.445437e+00
4.302000e-05	-5.790967e-03	3.116528e+00
4.303000e-05	-6.933665e-03	2.854916e+00
4.304000e-05	-5.899913e-03	2.549750e+00
4.305000e-05	-4.560910e-03	2.274891e+00
4.306000e-05	-4.968495e-03	1.991129e+00
4.307000e-05	-6.210449e-03	1.662968e+00
4.308000e-05	-6.561781e-03	1.389179e+00
4.309000e-05	-5.279123e-03	1.022388e+00
4.310000e-05	-4.829455e-03	7.469162e-01
4.311000e-05	-5.437678e-03	4.428369e-01
4.312000e-05	-4.732959e-03	1.271511e-01
4.313000e-05	-2.737008e-04	-1.551393e-01
4.314000e-05	1.247149e-02	-4.098222e-01
4.315000e-05	-4.027396e-03	-7.336092e-01
4.316000e-05	4.840382e-03	-9.898421e-01
4.317000e-05	-4.875483e-03	-1.312506e+00
4.318000e-05	3.568913e-03	-1.589295e+00
4.319000e-05	6.261844e-03	-1.831476e+00
4.320000e-05	7.452773e-02	-2.062982e+00
4.321000e-05	9.856705e-02	-2.430766e+00
4.322000e-05	-9.316520e-02	-2.852378e+00
4.323000e-05	-7.958076e-03	-3.240505e+00
4.324000e-05	-5.371871e-02	-3.483033e+00
4.325000e-05	-5.527668e-02	-3.684511e+00
4.326000e-05	-8.545633e-03	-3.896263e+00
4.327000e-05	1.622981e-01	-4.086135e+00
4.328000e-05	-1.867672e-01	-4.442025e+00
4.329000e-05	1.860486e-01	-4.723735e+00
4.330000e-05	-9.251959e-02	-4.958267e+00
4.331000e-05	7.256878e-03	-5.371346e+00
4.332000e-05	7.472725e-02	-5.611553e+00
4.333000e-05	-1.871629e-01	-5.937162e+00
4.334000e-05	1.990777e-01	-6.171998e+00
4.335000e-05	-1.201682e-01	-6.474554e+00
4.336000e-05	9.762714e-02	-6.760422e+00
4.337000e-05	-1.729317e-02	-7.034602e+00
4.338000e-05	-8.385578e-02	-7.370298e+00
4.339000e-05	1.314515e-01	-7.661530e+00
4.340000e-05	-1.424948e-01	-7.924215e+00
4.341000e-05	1.555509e-01	-8.200947e+00
4.342000e-05	-9.923793e-02	-8.422475e+00
4.343000e-05	5.973363e-02	-8.716865e+00
4.344000e-05	2.826276e-02	-8.937370e+00
4.345000e-05	-8.908198e-02	-9.239976e+00
4.346000e-05	8.156841e-02	-9.431526e+00
4.347000e-05	-1.026086e-01	-9.706109e+00
4.348000e-05	1.479783e-01	-9.944739e+00
4.349000e-05	-8.662312e-02	-1.017034e+01
4.350000e-05	7.484323e-02	-1.044100e+01
4.351000e-05	-6.890168e-02	-1.062110e+01
4.352000e-05	2.980323e-02	-1.089471e+01
4.353000e-05	8.687265e-03	-1.106423e+01
4.354000e-05	-1.866487e-02	-1.130683e+01
4.355000e-05	3.724288e-02	-1.150539e+01
4.356000e-05	-3.172547e-02	-1.178887e+01
4.357000e-05	6.140887e-02	-1.197003e+01
4.358000e-05	-4.907340e-02	-1.220000e+01
4.359000e-05	3.150631e-02	-1.239057e+01
4.360000e-05	-3.634218e-02	-1.257092e+01
4.361000e-05	5.329548e-02	-1.272897e+01
4.362000e-05	-9.189968e-03	-1.296890e+01
4.363000e-05	1.489068e-02	-1.314634e+01
4.364000e-05	-2.197364e-02	-1.328679e+01
4.365000e-05	1.234766e-02	-1.345474e+01
4.366000e-05	6.888668e-03	-1.363408e+01
4.367000e-05	6.777162e-03	-1.377210e+01
4.368000e-05	4.738196e-03	-1.396002e+01
4.369000e-05	7.147678e-03	-1.412895e+01
4.370000e-05	2.025366e-02	-1.426379e+01
4.371000e-05	-2.261000e-03	-1.444305e+01
4.372000e-05	-2.412320e-03	-1.456847e+01
4.373000e-05	-7.449715e-03	-1.466474e+01
4.374000e-05	2.336796e-02	-1.480365e+01
4.375000e-05	1.107089e-02	-1.493699e+01
4.376000e-05	1.503001e-02	-1.506271e+01
4.377000e-05	-7.248900e-03	-1.505849e+01
4.378000e-05	1.462930e-02	-1.523423e+01
4.379000e-05	9.310600e-03	-1.533744e+01
4.380000e-05	1.372895e-02	-1.545318e+01
4.381000e-05	2.027093e-03	-1.550739e+01
4.382000e-05	1.305046e-02	-1.558358e+01
4.383000e-05	1.749328e-02	-1.564489e+01
4.384000e-05	1.334840e-02	-1.573902e+01
4.385000e-05	3.882729e-03	-1.578118e+01
4.386000e-05	4.947178e-03	-1.585634e+01
4.387000e-05	2.126816e-02	-1.586842e+01
4.388000e-05	2.250733e-02	-1.593813e+01
4.389000e-05	1.892025e-02	-1.600065e+01
4.390000e-05	8.338249e-03	-1.602276e+01
4.391000e-05	1.643150e-02	-1.605479e+01
4.392000e-05	2.376918e-02	-1.606639e+01
4.393000e-05	2.205459e-02	-1.615742e+01
4.394000e-05	2.079622e-02	-1.609759e+01
4.395000e-05	2.600033e-02	-1.610697e+01
4.396000e-05	3.724000e-02	-1.610597e+01
4.397000e-05	3.670447e-02	-1.610552e+01
4.398000e-05	2.837778e-02	-1.608644e+01
4.399000e-05	3.134911e-02	-1.609644e+01
4.400000e-05	4.582864e-02	-1.605536e+01
4.401000e-05	6.488144e-02	-1.602226e+01
4.402000e-05	7.181210e-02	-1.598221e+01
4.403000e-05	8.611416e-02	-1.597017e+01
4.404000e-05	1.165923e-01	-1.589599e+01
4.405000e-05	1.656215e-01	-1.586591e+01
4.406000e-05	2.218743e-01	-1.578178e+01
4.407000e-05	2.496041e-01	-1.572807e+01
4.408000e-05	2.500000e-01	-1.562539e+01
4.409000e-05	2.492550e-01	-1.555233e+01
4.410000e-05	2.211010e-01	-1.549699e+01
4.411000e-05	1.425341e-01	-1.543328e+01
4.412000e-05	9.072393e-02	-1.534754e+01
4.413000e-05	6.599261e-02	-1.523278e+01
4.414000e-05	5.210686e-02	-1.512810e+01
4.415000e-05	3.502812e-02	-1.505241e+01
4.416000e-05	2.063745e-02	-1.487752e+01
4.417000e-05	1.755752e-02	-1.478178e+01
4.418000e-05	1.904971e-02	-1.466542e+01
4.419000e-05	1.679778e-02	-1.453960e+01
4.420000e-05	7.925244e-03	-1.442281e+01
4.421000e-05	4.593586e-03	-1.424497e+01
4.422000e-05	8.482081e-03	-1.408704e+01
4.423000e-05	9.687080e-03	-1.394866e+01
4.424000e-05	4.045827e-03	-1.381178e+01
4.425000e-05	-7.075806e-04	-1.363186e+01
4.426000e-05	1.281922e-03	-1.347642e+01
4.427000e-05	5.529950e-03	-1.329699e+01
4.428000e-05	4.166164e-03	-1.311805e+01
4.429000e-05	-2.181619e-03	-1.296915e+01
4.430000e-05	-2.101272e-03	-1.277923e+01
4.431000e-05	1.102526e-03	-1.261331e+01
4.432000e-05	2.482871e-03	-1.238183e+01
4.433000e-05	-2.355098e-03	-1.218176e+01
4.434000e-05	-4.967645e-03	-1.202073e+01
4.435000e-05	-1.805121e-03	-1.183238e+01
4.436000e-05	2.576656e-03	-1.153823e+01
4.437000e-05	-1.184445e-03	-1.132762e+01
4.438000e-05	-5.782403e-03	-1.105606e+01
4.439000e-05	-6.050825e-03	-1.086347e+01
4.440000e-05	-1.904681e-03	-1.071394e+01
4.441000e-05	-1.751601e-03	-1.043291e+01
4.442000e-05	-5.233088e-03	-1.021031e+01
4.443000e-05	-6.278525e-03	-9.958197e+00
4.444000e-05	-3.521097e-03	-9.758598e+00
4.445000e-05	-2.162719e-03	-9.506546e+00
4.446000e-05	-5.107492e-03	-9.243359e+00
4.447000e-05	-9.117979e-03	-9.001236e+00
4.448000e-05	-6.921242e-03	-8.777753e+00
4.449000e-05	-3.277030e-03	-8.485573e+00
4.450000e-05	-4.290692e-03	-8.263361e+00
4.451000e-05	-7.062847e-03	-8.019307e+00
4.452000e-05	-8.641056e-03	-7.687072e+00
4.453000e-05	-4.801951e-03	-7.451311e+00
4.454000e-05	-5.358268e-03	-7.158700e+00
4.455000e-05	-7.293563e-03	-6.854958e+00
4.456000e-05	-1.046293e-02	-6.631362e+00
4.457000e-05	-6.902187e-03	-6.367675e+00
4.458000e-05	-5.226546e-03	-6.054487e+00
4.459000e-05	-7.219953e-03	-5.789731e+00
4.460000e-05	-9.752877e-03	-5.465020e+00
4.461000e-05	-8.476748e-03	-5.159778e+00
4.462000e-05	-6.237051e-03	-4.854462e+00
4.463000e-05	-5.514848e-03	-4.548121e+00
4.464000e-05	-9.716290e-03	-4.327547e+00
4.465000e-05	-1.101374e-02	-4.012787e+00
4.466000e-05	-1.015836e-02	-3.707594e+00
4.467000e-05	-5.599180e-03	-3.474361e+00
4.468000e-05	-8.763091e-03	-3.179648e+00
4.469000e-05	-8.943234e-03	-2.853363e+00
4.470000e-05	-8.952900e-03	-2.567743e+00
4.471000e-05	-6.197538e-03	-2.286892e+00
4.472000e-05	-8.107884e-03	-1.988601e+00
4.473000e-05	-1.121619e-02	-1.686419e+00
4.474000e-05	-1.179246e-02	-1.398154e+00
4.475000e-05	-8.486250e-03	-1.021282e+00
4.476000e-05	-6.977645e-03	-7.475727e-01
4.477000e-05	-7.675388e-03	-4.612857e-01
4.478000e-05	-7.897026e-03	-1.780463e-01
4.479000e-05	-2.366575e-04	1.152116e-01
4.480000e-05	7.203679e-03	4.214049e-01
4.481000e-05	-5.340050e-03	6.940603e-01
4.482000e-05	2.548393e-04	9.352167e-01
4.483000e-05	-6.863293e-03	1.272456e+00
4.484000e-05	2.901481e-03	1.570269e+00
4.485000e-05	9.359654e-04	1.864561e+00
4.486000e-05	3.869212e-02	2.086610e+00
4.487000e-05	1.032247e-01	2.411972e+00
4.488000e-05	-3.789910e-02	2.770347e+00
4.489000e-05	-5.716613e-02	3.096610e+00
4.490000e-05	-3.822271e-02	3.390302e+00
4.491000e-05	-2.365747e-02	3.685585e+00
4.492000e-05	-8.794844e-02	3.915183e+00
4.493000e-05	3.243854e-02	4.095740e+00
4.494000e-05	1.106104e-01	4.462955e+00
4.495000e-05	-1.569119e-01	4.729842e+00
4.496000e-05	1.879681e-01	4.952378e+00
4.497000e-05	-9.329484e-02	5.379824e+00
4.498000e-05	-1.113277e-02	5.620525e+00
4.499000e-05	2.176116e-02	5.948191e+00
4.500000e-05	-7.062304e-02	6.180974e+00
4.501000e-05	1.016699e-01	6.474031e+00
4.502000e-05	-6.237140e-02	6.810322e+00
4.503000e-05	3.750773e-02	7.034051e+00
4.504000e-05	-4.820844e-02	7.339265e+00
4.505000e-05	1.585609e-03	7.642503e+00
4.506000e-05	1.474113e-02	7.916261e+00
4.507000e-05	-4.183223e-02	8.212399e+00
4.508000e-05	6.360647e-02	8.453032e+00
4.509000e-05	-3.963580e-02	8.695708e+00
4.510000e-05	2.811710e-02	8.916244e+00
4.511000e-05	-1.520290e-02	9.189422e+00
4.512000e-05	-4.035049e-02	9.372524e+00
4.513000e-05	1.935144e-02	9.675185e+00
4.514000e-05	-1.005056e-02	9.946789e+00
4.515000e-05	3.962346e-02	1.015740e+01
4.516000e-05	-3.855518e-02	1.040040e+01
4.517000e-05	1.746156e-02	1.061305e+01
4.518000e-05	-2.875194e-02	1.086411e+01
4.519000e-05	6.557204e-03	1.102358e+01
4.520000e-05	-1.155874e-02	1.124721e+01
4.521000e-05	-8.467375e-03	1.150784e+01
4.522000e-05	9.814563e-03	1.174790e+01
4.523000e-05	-6.078768e-03	1.196100e+01
4.524000e-05	1.314491e-03	1.215995e+01
4.525000e-05	-2.721552e-02	1.234894e+01
4.526000e-05	2.367665e-04	1.255997e+01
4.527000e-05	-3.751080e-03	1.271940e+01
4.528000e-05	9.019969e-03	1.294747e+01
4.529000e-05	-1.146427e-02	1.306779e+01
4.530000e-05	-1.375773e-02	1.326581e+01
4.531000e-05	-9.136606e-03	1.344223e+01
4.532000e-05	-8.482316e-03	1.361216e+01
4.533000e-05	-8.676622e-03	1.377005e+01
4.534000e-05	-1.137692e-02	1.392942e+01
4.535000e-05	-8.023108e-04	1.410787e+01
4.536000e-05	-1.579714e-03	1.429636e+01
4.537000e-05	-9.529122e-03	1.441316e+01
4.538000e-05	-1.967927e-02	1.452800e+01
4.539000e-05	-1.839365e-02	1.468587e+01
4.540000e-05	-5.550420e-03	1.482058e+01
4.541000e-05	-5.853192e-03	1.489740e+01
4.542000e-05	-9.261026e-03	1.500176e+01
4.543000e-05	-1.710843e-02	1.510642e+01
4.544000e-05	-1.293367e-02	1.521316e+01
4.545000e-05	-1.145371e-02	1.533749e+01
4.546000e-05	-1.436911e-02	1.541073e+01
4.547000e-05	-1.541668e-02	1.545839e+01
4.548000e-05	-1.482503e-02	1.557165e+01
4.549000e-05	-7.902137e-03	1.561434e+01
4.550000e-05	-1.955246e-02	1.571597e+01
4.551000e-05	-2.461800e-02	1.577118e+01
4.552000e-05	-2.874203e-02	1.583284e+01
4.553000e-05	-1.772635e-02	1.588847e+01
4.554000e-05	-1.302655e-02	1.591907e+01
4.555000e-05	-1.907887e-02	1.597265e+01
4.556000e-05	-2.263130e-02	1.601176e+01
4.557000e-05	-2.519229e-02	1.603534e+01
4.558000e-05	-2.448685e-02	1.605644e+01
4.559000e-05	-3.236652e-02	1.606694e+01
4.560000e-05	-3.610777e-02	1.606599e+01
4.561000e-05	-3.727242e-02	1.608799e+01
4.562000e-05	-3.067201e-02	1.608702e+01
4.563000e-05	-3.496758e-02	1.606649e+01
4.564000e-05	-4.417734e-02	1.604391e+01
4.565000e-05	-5.363519e-02	1.602691e+01
4.566000e-05	-5.558749e-02	1.601389e+01
4.567000e-05	-6.305721e-02	1.602285e+01
4.568000e-05	-8.018167e-02	1.596177e+01
4.569000e-05	-1.020557e-01	1.590767e+01
4.570000e-05	-1.340129e-01	1.584599e+01
4.571000e-05	-1.768207e-01	1.581339e+01
4.572000e-05	-2.361298e-01	1.578076e+01
4.573000e-05	-2.500000e-01	1.568660e+01
4.574000e-05	-2.500000e-01	1.562434e+01
4.575000e-05	-2.480194e-01	1.557078e+01
4.576000e-05	-2.025283e-01	1.547652e+01
4.577000e-05	-1.401766e-01	1.541141e+01
4.578000e-05	-9.797409e-02	1.528812e+01
4.579000e-05	-7.126396e-02	1.518385e+01
4.580000e-05	-4.935668e-02	1.506615e+01
4.581000e-05	-3.934108e-02	1.495975e+01
4.582000e-05	-3.545195e-02	1.487697e+01
4.583000e-05	-2.872272e-02	1.471072e+01
4.584000e-05	-2.455558e-02	1.466351e+01
4.585000e-05	-1.935992e-02	1.448704e+01
4.586000e-05	-2.185731e-02	1.434178e+01
4.587000e-05	-1.922419e-02	1.426341e+01
4.588000e-05	-1.615833e-02	1.406759e+01
4.589000e-05	-1.175920e-02	1.394705e+01
4.590000e-05	-1.268147e-02	1.375120e+01
4.591000e-05	-1.578696e-02	1.355130e+01
4.592000e-05	-1.466127e-02	1.341296e+01
4.593000e-05	-1.141513e-02	1.321434e+01
4.594000e-05	-1.040521e-02	1.305649e+01
4.595000e-05	-1.259360e-02	1.291709e+01
4.596000e-05	-1.073634e-02	1.270764e+01
4.597000e-05	-9.659958e-03	1.251963e+01
4.598000e-05	-6.998165e-03	1.235828e+01
4.599000e-05	-1.149864e-02	1.213075e+01
4.600000e-05	-1.100073e-02	1.196021e+01
4.601000e-05	-1.171524e-02	1.170913e+01
4.602000e-05	-7.488746e-03	1.151817e+01
4.603000e-05	-7.060264e-03	1.124609e+01
4.604000e-05	-8.707885e-03	1.108399e+01
4.605000e-05	-9.151596e-03	1.084499e+01
4.606000e-05	-8.045147e-03	1.063489e+01
4.607000e-05	-5.860539e-03	1.039134e+01
4.608000e-05	-8.204384e-03	1.018068e+01
4.609000e-05	-8.250467e-03	9.906579e+00
4.610000e-05	-7.673624e-03	9.684492e+00
4.611000e-05	-6.393989e-03	9.443386e+00
4.612000e-05	-6.741830e-03	9.211958e+00
4.613000e-05	-8.507777e-03	8.929677e+00
4.614000e-05	-7.286996e-03	8.695569e+00
4.615000e-05	-5.549762e-03	8.486888e+00
4.616000e-05	-4.731444e-03	8.223887e+00
4.617000e-05	-6.053291e-03	7.928271e+00
4.618000e-05	-7.862829e-03	7.666442e+00
4.619000e-05	-6.845233e-03	7.358834e+00
4.620000e-05	-6.311220e-03	7.097618e+00
4.621000e-05	-6.635004e-03	6.833887e+00
4.622000e-05	-7.748033e-03	6.559200e+00
4.623000e-05	-6.056391e-03	6.306019e+00
4.624000e-05	-5.335047e-03	6.042884e+00
4.625000e-05	-4.759910e-03	5.728154e+00
4.626000e-05	-7.302652e-03	5.465391e+00
4.627000e-05	-6.751052e-03	5.149650e+00
4.628000e-05	-5.473237e-03	4.833359e+00
4.629000e-05	-4.956791e-03	4.536521e+00
4.630000e-05	-5.971701e-03	4.264913e+00
4.631000e-05	-6.818340e-03	3.948624e+00
4.632000e-05	-5.965373e-03	3.684443e+00
4.633000e-05	-4.983522e-03	3.369683e+00
4.634000e-05	-5.695010e-03	3.065343e+00
4.635000e-05	-6.463630e-03	2.842284e+00
4.636000e-05	-5.519537e-03	2.464572e+00
4.637000e-05	-5.377670e-03	2.210759e+00
4.638000e-05	-4.958682e-03	1.928046e+00
4.639000e-05	-6.545740e-03	1.600782e+00
4.640000e-05	-6.442267e-03	1.336519e+00
4.641000e-05	-5.269522e-03	9.801051e-01
4.642000e-05	-4.121885e-03	6.528885e-01
4.643000e-05	-4.263445e-03	3.997280e-01
4.644000e-05	-3.658319e-03	9.533816e-02
4.645000e-05	1.037261e-03	-2.098195e-01
4.646000e-05	1.056168e-02	-4.435263e-01
4.647000e-05	-3.909878e-03	-7.887407e-01
4.648000e-05	3.544251e-03	-1.062425e+00
4.649000e-05	-3.751378e-03	-1.358713e+00
4.650000e-05	3.357014e-03	-1.652001e+00
4.651000e-05	1.514448e-02	-1.864533e+00
4.652000e-05	1.013953e-01	-2.126113e+00
4.653000e-05	4.741840e-02	-2.535559e+00
4.654000e-05	-8.356641e-02	-2.968639e+00
4.655000e-05	-9.247833e-03	-3.294054e+00
4.656000e-05	-5.100356e-02	-3.535713e+00
4.657000e-05	-7.287914e-02	-3.737689e+00
4.658000e-05	6.201318e-02	-3.967818e+00
4.659000e-05	8.216016e-02	-4.139266e+00
4.660000e-05	-1.590036e-01	-4.526009e+00
4.661000e-05	2.142747e-01	-4.757892e+00
4.662000e-05	-1.676595e-01	-5.063901e+00
4.663000e-05	1.039130e-01	-5.473557e+00
4.664000e-05	-3.354098e-02	-5.666056e+00
4.665000e-05	-1.019431e-01	-6.010902e+00
4.666000e-05	1.937931e-01	-6.222626e+00
4.667000e-05	-1.542808e-01	-6.556240e+00
4.668000e-05	1.593417e-01	-6.853155e+00
4.669000e-05	-1.140815e-01	-7.115237e+00
4.670000e-05	9.846050e-03	-7.432555e+00
4.671000e-05	6.369998e-02	-7.704631e+00
4.672000e-05	-1.032090e-01	-8.020344e+00
4.673000e-05	1.569326e-01	-8.223079e+00
4.674000e-05	-1.422874e-01	-8.495662e+00
4.675000e-05	1.300314e-01	-8.798847e+00
4.676000e-05	-6.026339e-02	-8.980050e+00
4.677000e-05	-1.356225e-02	-9.255684e+00
4.678000e-05	2.360215e-02	-9.454661e+00
4.679000e-05	-4.920423e-02	-9.748867e+00
4.680000e-05	1.247889e-01	-9.946948e+00
4.681000e-05	-9.255624e-02	-1.022195e+01
4.682000e-05	9.014519e-02	-1.045423e+01
4.683000e-05	-1.005370e-01	-1.066364e+01
4.684000e-05	7.644149e-02	-1.089784e+01
4.685000e-05	-3.988550e-02	-1.113676e+01
4.686000e-05	2.583655e-02	-1.136992e+01
4.687000e-05	-2.450037e-03	-1.155890e+01
4.688000e-05	4.661143e-03	-1.184103e+01
4.689000e-05	3.274833e-02	-1.204310e+01
4.690000e-05	-3.481166e-02	-1.222261e+01
4.691000e-05	2.288714e-02	-1.242305e+01
4.692000e-05	-2.611624e-02	-1.261350e+01
4.693000e-05	5.698320e-02	-1.279057e+01
4.694000e-05	-1.887955e-02	-1.297905e+01
4.695000e-05	2.021467e-02	-1.312142e+01
4.696000e-05	-2.977330e-02	-1.336787e+01
4.697000e-05	2.622982e-02	-1.351734e+01
4.698000e-05	-5.466652e-03	-1.366329e+01
4.699000e-05	1.626130e-02	-1.388331e+01
4.700000e-05	-4.597764e-03	-1.396153e+01
4.701000e-05	1.894203e-02	-1.411950e+01
4.702000e-05	1.103394e-02	-1.427676e+01
4.703000e-05	1.005981e-03	-1.444274e+01
4.704000e-05	-8.291799e-03	-1.451912e+01
4.705000e-05	8.495091e-04	-1.470734e+01
4.706000e-05	2.336273e-02	-1.481431e+01
4.707000e-05	1.168202e-02	-1.494850e+01
4.708000e-05	1.017547e-02	-1.503478e+01
4.709000e-05	-6.092428e-03	-1.514852e+01
4.710000e-05	1.705093e-02	-1.526429e+01
4.711000e-05	8.253131e-03	-1.534798e+01
4.712000e-05	1.281887e-02	-1.543486e+01
4.713000e-05	-2.918536e-04	-1.550900e+01
4.714000e-05	1.581964e-02	-1.560378e+01
4.715000e-05	1.678584e-02	-1.568687e+01
4.716000e-05	1.192049e-02	-1.573910e+01
4.717000e-05	1.380675e-03	-1.582223e+01
4.718000e-05	8.548614e-03	-1.584686e+01
4.719000e-05	2.360949e-02	-1.586997e+01
4.720000e-05	2.344038e-02	-1.597970e+01
4.721000e-05	1.618250e-02	-1.601220e+01
4.722000e-05	9.836060e-03	-1.602481e+01
4.723000e-05	1.957026e-02	-1.605484e+01
4.724000e-05	2.313152e-02	-1.610539e+01
4.725000e-05	2.098333e-02	-1.608800e+01
4.726000e-05	1.838300e-02	-1.609704e+01
4.727000e-05	2.845503e-02	-1.610702e+01
4.728000e-05	3.736940e-02	-1.606650e+01
4.729000e-05	3.593868e-02	-1.610552e+01
4.730000e-05	3.093973e-02	-1.609452e+01
4.731000e-05	3.528937e-02	-1.605594e+01
4.732000e-05	5.174391e-02	-1.604494e+01
4.733000e-05	6.413037e-02	-1.603283e+01
4.734000e-05	7.138485e-02	-1.598171e+01
4.735000e-05	8.906932e-02	-1.593012e+01
4.736000e-05	1.249473e-01	-1.588597e+01
4.737000e-05	1.775622e-01	-1.586491e+01
4.738000e-05	2.332364e-01	-1.576968e+01
4.739000e-05	2.499829e-01	-1.571557e+01
4.740000e-05	2.500000e-01	-1.564544e+01
4.741000e-05	2.480285e-01	-1.553167e+01
4.742000e-05	2.022127e-01	-1.544642e+01
4.743000e-05	1.273546e-01	-1.540175e+01
4.744000e-05	8.234153e-02	-1.526554e+01
4.745000e-05	6.229466e-02	-1.521074e+01
4.746000e-05	4.865039e-02	-1.510757e+01
4.747000e-05	3.242041e-02	-1.502281e+01
4.748000e-05	2.109152e-02	-1.486647e+01
4.749000e-05	1.944267e-02	-1.477067e+01
4.750000e-05	1.916977e-02	-1.466446e+01
4.751000e-05	1.428363e-02	-1.447607e+01
4.752000e-05	5.186299e-03	-1.437020e+01
4.753000e-05	4.508736e-03	-1.423291e+01
4.754000e-05	9.152015e-03	-1.406604e+01
4.755000e-05	1.020289e-02	-1.390715e+01
4.756000e-05	3.198187e-03	-1.374920e+01
4.757000e-05	2.437065e-04	-1.357075e+01
4.758000e-05	3.006840e-03	-1.340239e+01
4.759000e-05	5.746936e-03	-1.323594e+01
4.760000e-05	1.856874e-03	-1.309557e+01
4.761000e-05	-2.521476e-03	-1.289607e+01
4.762000e-05	-1.165726e-03	-1.272758e+01
4.763000e-05	2.946491e-03	-1.254770e+01
4.764000e-05	1.906682e-03	-1.234868e+01
4.765000e-05	-3.476954e-03	-1.217023e+01
4.766000e-05	-3.974695e-03	-1.193773e+01
4.767000e-05	-1.387579e-03	-1.173018e+01
4.768000e-05	1.069395e-03	-1.150765e+01
4.769000e-05	-3.114734e-03	-1.126487e+01
4.770000e-05	-5.584445e-03	-1.099381e+01
4.771000e-05	-3.824579e-03	-1.082131e+01
4.772000e-05	-5.842508e-04	-1.065191e+01
4.773000e-05	-2.861888e-03	-1.041063e+01
4.774000e-05	-5.976592e-03	-1.009815e+01
4.775000e-05	-6.360152e-03	-9.914590e+00
4.776000e-05	-2.776000e-03	-9.728019e+00
4.777000e-05	-3.232201e-03	-9.443340e+00
4.778000e-05	-5.330255e-03	-9.201356e+00
4.779000e-05	-8.337214e-03	-8.958527e+00
4.780000e-05	-5.207716e-03	-8.718070e+00
4.781000e-05	-3.289459e-03	-8.451907e+00
4.782000e-05	-5.382119e-03	-8.191182e+00
4.783000e-05	-8.399776e-03	-7.956607e+00
4.784000e-05	-7.841654e-03	-7.623413e+00
4.785000e-05	-4.454322e-03	-7.368751e+00
4.786000e-05	-5.419135e-03	-7.118020e+00
4.787000e-05	-7.518854e-03	-6.820334e+00
4.788000e-05	-9.683000e-03	-6.548704e+00
4.789000e-05	-6.399433e-03	-6.275015e+00
4.790000e-05	-5.377392e-03	-5.991278e+00
4.791000e-05	-6.978496e-03	-5.715573e+00
4.792000e-05	-1.231520e-02	-5.442862e+00
4.793000e-05	-7.291110e-03	-5.136019e+00
4.794000e-05	-6.235055e-03	-4.769304e+00
4.795000e-05	-4.258620e-03	-4.485488e+00
4.796000e-05	-9.609950e-03	-4.224785e+00
4.797000e-05	-8.710160e-03	-3.981151e+00
4.798000e-05	-8.904829e-03	-3.642936e+00
4.799000e-05	-5.801014e-03	-3.410202e+00
4.800000e-05	-1.147214e-02	-3.116466e+00
4.801000e-05	-1.083011e-02	-2.808604e+00
4.802000e-05	-8.298532e-03	-2.546017e+00
4.803000e-05	-5.344265e-03	-2.190830e+00
4.804000e-05	-8.261989e-03	-1.894946e+00
4.805000e-05	-1.115043e-02	-1.641811e+00
4.806000e-05	-9.943196e-03	-1.274065e+00
4.807000e-05	-7.502790e-03	-1.017678e+00
4.808000e-05	-7.368605e-03	-6.939398e-01
4.809000e-05	-9.994585e-03	-3.875726e-01
4.810000e-05	-7.945364e-03	-6.439099e-02
4.811000e-05	3.450272e-03	2.108695e-01
4.812000e-05	3.411766e-03	4.650615e-01
4.813000e-05	-2.770481e-03	7.461842e-01
4.814000e-05	-2.062986e-03	1.043376e+00
4.815000e-05	-2.753477e-03	1.328636e+00
4.816000e-05	1.278325e-03	1.683854e+00
4.817000e-05	8.230270e-03	1.916164e+00
4.818000e-05	5.109950e-02	2.168219e+00
4.819000e-05	9.790798e-02	2.486130e+00
4.820000e-05	-7.427334e-02	2.874506e+00
4.821000e-05	-4.017653e-02	3.177738e+00
4.822000e-05	-4.391720e-02	3.494429e+00
4.823000e-05	-2.318718e-02	3.738264e+00
4.824000e-05	-8.931340e-02	3.915739e+00
4.825000e-05	8.919703e-02	4.179796e+00
4.826000e-05	4.017653e-02	4.549165e+00
4.827000e-05	-1.108272e-01	4.738473e+00
4.828000e-05	1.911542e-01	5.086034e+00
4.829000e-05	-1.522852e-01	5.472455e+00
4.830000e-05	5.445709e-02	5.694610e+00
4.831000e-05	-3.593924e-02	6.033350e+00
4.832000e-05	-1.407778e-02	6.234554e+00
4.833000e-05	7.352768e-02	6.507694e+00
4.834000e-05	-6.051156e-02	6.832927e+00
4.835000e-05	4.464401e-02	7.056164e+00
4.836000e-05	-6.944597e-02	7.381853e+00
4.837000e-05	3.502970e-02	7.685631e+00
4.838000e-05	-2.123063e-02	7.980896e+00
4.839000e-05	-8.004722e-03	8.274157e+00
4.840000e-05	4.679617e-02	8.506684e+00
4.841000e-05	-4.218536e-02	8.727241e+00
4.842000e-05	4.113477e-02	8.999344e+00
4.843000e-05	-4.221363e-02	9.252081e+00
4.844000e-05	-1.388377e-02	9.475209e+00
4.845000e-05	2.837072e-03	9.708237e+00
4.846000e-05	1.323757e-02	9.988924e+00
4.847000e-05	1.702630e-02	1.020247e+01
4.848000e-05	-2.878543e-02	1.039508e+01
4.849000e-05	1.055318e-02	1.065421e+01
4.850000e-05	-2.827572e-02	1.089774e+01
4.851000e-05	1.102668e-02	1.108626e+01
4.852000e-05	-1.852943e-02	1.130787e+01
4.853000e-05	3.626803e-03	1.156994e+01
4.854000e-05	1.490750e-03	1.181103e+01
4.855000e-05	2.250362e-03	1.201255e+01
4.856000e-05	-1.263951e-02	1.220010e+01
4.857000e-05	-1.958207e-02	1.243155e+01
4.858000e-05	-3.397159e-03	1.257105e+01
4.859000e-05	3.368742e-03	1.276003e+01
4.860000e-05	4.644646e-03	1.296993e+01
4.861000e-05	-1.303334e-02	1.307794e+01
4.862000e-05	-1.295040e-02	1.332734e+01
4.863000e-05	-9.776070e-03	1.344586e+01
4.864000e-05	-5.935239e-03	1.369674e+01
4.865000e-05	-1.289732e-02	1.382215e+01
4.866000e-05	-7.287932e-03	1.397052e+01
4.867000e-05	-3.632451e-03	1.419157e+01
4.868000e-05	-4.022665e-05	1.427747e+01
4.869000e-05	-1.591620e-02	1.439176e+01
4.870000e-05	-1.901154e-02	1.455963e+01
4.871000e-05	-1.827876e-02	1.474934e+01
4.872000e-05	-2.231304e-03	1.478323e+01
4.873000e-05	-6.563417e-03	1.489957e+01
4.874000e-05	-1.431755e-02	1.501228e+01
4.875000e-05	-1.418832e-02	1.511957e+01
4.876000e-05	-1.368960e-02	1.517423e+01
4.877000e-05	-7.874682e-03	1.535950e+01
4.878000e-05	-1.759161e-02	1.540278e+01
4.879000e-05	-1.561594e-02	1.546847e+01
4.880000e-05	-1.418186e-02	1.557063e+01
4.881000e-05	-1.050041e-02	1.563436e+01
4.882000e-05	-2.081159e-02	1.570747e+01
4.883000e-05	-2.754403e-02	1.579275e+01
4.884000e-05	-2.424177e-02	1.585341e+01
4.885000e-05	-1.564890e-02	1.589047e+01
4.886000e-05	-1.236710e-02	1.595105e+01
4.887000e-05	-2.203990e-02	1.601228e+01
4.888000e-05	-2.335345e-02	1.603426e+01
4.889000e-05	-2.634942e-02	1.600534e+01
4.890000e-05	-2.548223e-02	1.604641e+01
4.891000e-05	-3.395925e-02	1.607747e+01
4.892000e-05	-3.581839e-02	1.608647e+01
4.893000e-05	-3.484999e-02	1.608752e+01
4.894000e-05	-3.135636e-02	1.606844e+01
4.895000e-05	-3.625514e-02	1.610689e+01
4.896000e-05	-4.801284e-02	1.606741e+01
4.897000e-05	-5.279312e-02	1.602591e+01
4.898000e-05	-5.802791e-02	1.603483e+01
4.899000e-05	-6.567430e-02	1.600123e+01
4.900000e-05	-8.558133e-02	1.596120e+01
4.901000e-05	-1.079415e-01	1.588907e+01
4.902000e-05	-1.415527e-01	1.587644e+01
4.903000e-05	-1.896999e-01	1.583276e+01
4.904000e-05	-2.444454e-01	1.576870e+01
4.905000e-05	-2.500000e-01	1.570544e+01
4.906000e-05	-2.500000e-01	1.562186e+01
4.907000e-05	-2.449882e-01	1.554020e+01
4.908000e-05	-1.859453e-01	1.545592e+01
4.909000e-05	-1.298232e-01	1.536276e+01
4.910000e-05	-9.242570e-02	1.527607e+01
4.911000e-05	-6.590608e-02	1.517378e+01
4.912000e-05	-4.616811e-02	1.507799e+01
4.913000e-05	-3.821062e-02	1.492925e+01
4.914000e-05	-3.439507e-02	1.484437e+01
4.915000e-05	-2.725168e-02	1.472010e+01
4.916000e-05	-2.162932e-02	1.460288e+01
4.917000e-05	-1.972830e-02	1.448749e+01
4.918000e-05	-2.218806e-02	1.434018e+01
4.919000e-05	-1.990631e-02	1.417239e+01
4.920000e-05	-1.362998e-02	1.403346e+01
4.921000e-05	-1.211814e-02	1.389552e+01
4.922000e-05	-1.330748e-02	1.369927e+01
4.923000e-05	-1.557507e-02	1.352918e+01
4.924000e-05	-1.258172e-02	1.336181e+01
4.925000e-05	-1.118231e-02	1.322179e+01
4.926000e-05	-1.043345e-02	1.301439e+01
4.927000e-05	-1.390348e-02	1.285599e+01
4.928000e-05	-1.068880e-02	1.268654e+01
4.929000e-05	-9.722786e-03	1.249755e+01
4.930000e-05	-7.872761e-03	1.231660e+01
4.931000e-05	-1.174197e-02	1.210812e+01
4.932000e-05	-1.161760e-02	1.192719e+01
4.933000e-05	-8.614649e-03	1.168709e+01
4.934000e-05	-6.731396e-03	1.145542e+01
4.935000e-05	-7.319214e-03	1.122439e+01
4.936000e-05	-1.102161e-02	1.104381e+01
4.937000e-05	-8.185114e-03	1.080229e+01
4.938000e-05	-6.760817e-03	1.056218e+01
4.939000e-05	-6.105042e-03	1.033872e+01
4.940000e-05	-8.666828e-03	1.012970e+01
4.941000e-05	-8.755495e-03	9.886016e+00
4.942000e-05	-6.317198e-03	9.594939e+00
4.943000e-05	-5.927725e-03	9.390229e+00
4.944000e-05	-8.007534e-03	9.120228e+00
4.945000e-05	-9.301146e-03	8.885572e+00
4.946000e-05	-6.441603e-03	8.652935e+00
4.947000e-05	-4.877558e-03	8.443810e+00
4.948000e-05	-5.216782e-03	8.170104e+00
4.949000e-05	-6.466157e-03	7.897067e+00
4.950000e-05	-7.436131e-03	7.641864e+00
4.951000e-05	-5.706147e-03	7.327074e+00
4.952000e-05	-5.160871e-03	7.032338e+00
4.953000e-05	-6.355130e-03	6.821754e+00
4.954000e-05	-7.483221e-03	6.508546e+00
4.955000e-05	-5.472263e-03	6.262337e+00
4.956000e-05	-4.482032e-03	5.971208e+00
4.957000e-05	-4.778590e-03	5.673542e+00
4.958000e-05	-7.249786e-03	5.402804e+00
4.959000e-05	-7.103053e-03	5.065643e+00
4.960000e-05	-4.171882e-03	4.769274e+00
4.961000e-05	-5.273369e-03	4.464818e+00
4.962000e-05	-5.895524e-03	4.153359e+00
4.963000e-05	-7.048621e-03	3.884992e+00
4.964000e-05	-5.162961e-03	3.611862e+00
4.965000e-05	-4.686232e-03	3.327620e+00
4.966000e-05	-5.584084e-03	3.013239e+00
4.967000e-05	-6.737267e-03	2.776100e+00
4.968000e-05	-6.306300e-03	2.404313e+00
4.969000e-05	-4.498615e-03	2.117972e+00
4.970000e-05	-4.967641e-03	1.855865e+00
4.971000e-05	-6.090524e-03	1.558502e+00
4.972000e-05	-7.167689e-03	1.234359e+00
4.973000e-05	-4.971295e-03	8.764474e-01
4.974000e-05	-4.238395e-03	6.217318e-01
4.975000e-05	-4.547695e-03	3.375461e-01
4.976000e-05	-3.290130e-03	-1.076942e-02
4.977000e-05	5.418140e-03	-2.420061e-01
4.978000e-05	6.965661e-03	-5.346391e-01
4.979000e-05	-1.169340e-03	-8.315247e-01
4.980000e-05	-3.152421e-04	-1.093032e+00
4.981000e-05	-2.999233e-03	-1.461443e+00
4.982000e-05	1.988894e-03	-1.674558e+00
4.983000e-05	2.737738e-02	-1.936662e+00
4.984000e-05	1.248984e-01	-2.260222e+00
4.985000e-05	-1.021907e-02	-2.638222e+00
4.986000e-05	-6.000259e-02	-3.031827e+00
4.987000e-05	-2.219691e-02	-3.347739e+00
4.988000e-05	-4.541798e-02	-3.570392e+00
4.989000e-05	-8.807578e-02	-3.790390e+00
4.990000e-05	1.337766e-01	-4.009875e+00
4.991000e-05	-1.785178e-02	-4.251951e+00
4.992000e-05	-5.967718e-02	-4.588767e+00
4.993000e-05	1.870662e-01	-4.789946e+00
4.994000e-05	-1.937933e-01	-5.150238e+00
4.995000e-05	1.712892e-01	-5.516183e+00
4.996000e-05	-1.282554e-01	-5.726719e+00
4.997000e-05	1.068124e-02	-6.064582e+00
4.998000e-05	1.258266e-01	-6.273708e+00
4.999000e-05	-1.300916e-01	-6.651426e+00
