# 260528_14:54:20.915501
t	CH1	CH2
0.000000e+00	-3.516012e-03	4.652317e-01
1.000000e-08	-4.662899e-03	1.620160e-01
2.000000e-08	-2.873032e-03	-9.323953e-02
3.000000e-08	9.423791e-03	-3.378712e-01
4.000000e-08	-2.425834e-03	-6.521082e-01
5.000000e-08	2.713790e-03	-9.457172e-01
6.000000e-08	-4.748018e-03	-1.188328e+00
7.000000e-08	3.277632e-03	-1.554738e+00
8.000000e-08	1.414286e-03	-1.745399e+00
9.000000e-08	3.185426e-02	-1.997928e+00
1.000000e-07	1.090737e-01	-2.283231e+00
1.100000e-07	1.637834e-03	-2.671431e+00
1.200000e-07	-5.952007e-02	-3.080104e+00
1.300000e-07	-1.713166e-02	-3.378426e+00
1.400000e-07	-3.795656e-02	-3.568449e+00
1.500000e-07	-6.971796e-02	-3.809527e+00
1.600000e-07	3.608127e-02	-4.021553e+00
1.700000e-07	1.128244e-01	-4.229479e+00
1.800000e-07	-1.507453e-01	-4.525745e+00
1.900000e-07	2.193315e-01	-4.798502e+00
2.000000e-07	-1.265183e-01	-5.084138e+00
2.100000e-07	3.338534e-02	-5.523183e+00
2.200000e-07	2.632036e-02	-5.702261e+00
2.300000e-07	-1.106851e-01	-6.009973e+00
2.400000e-07	1.873505e-01	-6.261058e+00
2.500000e-07	-1.289667e-01	-6.576794e+00
2.600000e-07	1.054260e-01	-6.843008e+00
2.700000e-07	-4.527287e-02	-7.093162e+00
2.800000e-07	-3.527104e-02	-7.429002e+00
2.900000e-07	8.797895e-02	-7.640978e+00
3.000000e-07	-1.073388e-01	-7.955818e+00
3.100000e-07	1.521739e-01	-8.207518e+00
3.200000e-07	-9.739873e-02	-8.439957e+00
3.300000e-07	8.076061e-02	-8.744214e+00
3.400000e-07	-2.001144e-02	-8.965868e+00
3.500000e-07	-4.616490e-02	-9.199465e+00
3.600000e-07	6.327498e-02	-9.358472e+00
3.700000e-07	-5.758412e-02	-9.650024e+00
3.800000e-07	1.202678e-01	-9.862128e+00
3.900000e-07	-7.606379e-02	-1.006468e+01
4.000000e-07	7.981574e-02	-1.035587e+01
4.100000e-07	-6.193321e-02	-1.054687e+01
4.200000e-07	4.324820e-02	-1.077992e+01
4.300000e-07	-1.021586e-02	-1.096692e+01
4.400000e-07	7.982289e-03	-1.116999e+01
4.500000e-07	3.113850e-02	-1.139995e+01
4.600000e-07	-9.007153e-03	-1.163153e+01
4.700000e-07	4.210287e-02	-1.186167e+01
4.800000e-07	-3.430280e-02	-1.202263e+01
4.900000e-07	3.682307e-02	-1.222203e+01
5.000000e-07	-1.647577e-02	-1.243045e+01
5.100000e-07	5.067927e-02	-1.257052e+01
5.200000e-07	-8.793609e-03	-1.277839e+01
5.300000e-07	2.229375e-02	-1.294682e+01
5.400000e-07	-9.669974e-03	-1.307476e+01
5.500000e-07	1.992720e-02	-1.326323e+01
5.600000e-07	6.601894e-03	-1.344052e+01
5.700000e-07	1.557455e-02	-1.359787e+01
5.800000e-07	1.732367e-02	-1.367479e+01
5.900000e-07	1.851060e-02	-1.389421e+01
6.000000e-07	1.887903e-02	-1.400057e+01
6.100000e-07	2.339619e-03	-1.415847e+01
6.200000e-07	8.569989e-03	-1.430518e+01
6.300000e-07	7.838526e-03	-1.439107e+01
6.400000e-07	2.735862e-02	-1.451626e+01
6.500000e-07	1.516717e-02	-1.464168e+01
6.600000e-07	2.132852e-02	-1.475841e+01
6.700000e-07	8.312059e-03	-1.481913e+01
6.800000e-07	2.314454e-02	-1.489629e+01
6.900000e-07	1.378703e-02	-1.505155e+01
7.000000e-07	1.910126e-02	-1.510633e+01
7.100000e-07	1.628261e-02	-1.514902e+01
7.200000e-07	2.413365e-02	-1.524270e+01
7.300000e-07	2.228927e-02	-1.531634e+01
7.400000e-07	1.911682e-02	-1.537852e+01
7.500000e-07	1.600560e-02	-1.542263e+01
7.600000e-07	2.264983e-02	-1.547481e+01
7.700000e-07	3.164302e-02	-1.555799e+01
7.800000e-07	3.068200e-02	-1.560104e+01
7.900000e-07	2.735446e-02	-1.564062e+01
8.000000e-07	2.493004e-02	-1.560373e+01
8.100000e-07	2.905109e-02	-1.570525e+01
8.200000e-07	3.042756e-02	-1.567625e+01
8.300000e-07	3.272804e-02	-1.568678e+01
8.400000e-07	3.645277e-02	-1.569731e+01
8.500000e-07	4.441110e-02	-1.573738e+01
8.600000e-07	5.076173e-02	-1.571636e+01
8.700000e-07	4.990085e-02	-1.568491e+01
8.800000e-07	4.846430e-02	-1.569373e+01
8.900000e-07	5.353339e-02	-1.566418e+01
9.000000e-07	6.557109e-02	-1.563115e+01
9.100000e-07	7.812047e-02	-1.557909e+01
9.200000e-07	8.907861e-02	-1.552799e+01
9.300000e-07	1.098871e-01	-1.549435e+01
9.400000e-07	1.423293e-01	-1.543523e+01
9.500000e-07	1.898321e-01	-1.539912e+01
9.600000e-07	2.411155e-01	-1.533926e+01
9.700000e-07	2.499999e-01	-1.525327e+01
9.800000e-07	2.500000e-01	-1.518159e+01
9.900000e-07	2.500000e-01	-1.510733e+01
1.000000e-06	2.497499e-01	-1.503420e+01
1.010000e-06	2.187473e-01	-1.491739e+01
1.020000e-06	1.549695e-01	-1.486273e+01
1.030000e-06	1.119179e-01	-1.473759e+01
1.040000e-06	8.499175e-02	-1.461473e+01
1.050000e-06	6.182516e-02	-1.453004e+01
1.060000e-06	4.711814e-02	-1.441420e+01
1.070000e-06	3.805301e-02	-1.428535e+01
1.080000e-06	3.262056e-02	-1.417147e+01
1.090000e-06	2.483292e-02	-1.405575e+01
1.100000e-06	1.950721e-02	-1.390688e+01
1.110000e-06	1.822991e-02	-1.375799e+01
1.120000e-06	1.952382e-02	-1.361212e+01
1.130000e-06	1.645646e-02	-1.343418e+01
1.140000e-06	1.231762e-02	-1.327691e+01
1.150000e-06	9.377923e-03	-1.315852e+01
1.160000e-06	9.712330e-03	-1.298112e+01
1.170000e-06	9.910639e-03	-1.281320e+01
1.180000e-06	8.151874e-03	-1.265573e+01
1.190000e-06	6.141493e-03	-1.246330e+01
1.200000e-06	6.249723e-03	-1.229638e+01
1.210000e-06	5.894505e-03	-1.213731e+01
1.220000e-06	5.248636e-03	-1.186848e+01
1.230000e-06	2.381509e-03	-1.172888e+01
1.240000e-06	3.092709e-03	-1.147535e+01
1.250000e-06	4.081154e-03	-1.123378e+01
1.260000e-06	4.514343e-03	-1.102020e+01
1.270000e-06	2.041602e-03	-1.083268e+01
1.280000e-06	4.033670e-05	-1.061218e+01
1.290000e-06	1.285521e-04	-1.041320e+01
1.300000e-06	1.878256e-03	-1.017954e+01
1.310000e-06	-6.715816e-05	-9.928540e+00
1.320000e-06	-7.135012e-04	-9.728494e+00
1.330000e-06	-8.930562e-04	-9.508014e+00
1.340000e-06	-9.723383e-05	-9.274882e+00
1.350000e-06	-1.249626e-03	-8.992253e+00
1.360000e-06	-2.683093e-03	-8.823624e+00
1.370000e-06	-4.165671e-03	-8.552044e+00
1.380000e-06	-2.464934e-03	-8.318439e+00
1.390000e-06	-2.075346e-03	-8.096758e+00
1.400000e-06	-2.155243e-03	-7.833623e+00
1.410000e-06	-4.242379e-03	-7.466887e+00
1.420000e-06	-4.728545e-03	-7.265405e+00
1.430000e-06	-4.053986e-03	-6.960095e+00
1.440000e-06	-4.746277e-03	-6.708435e+00
1.450000e-06	-6.064909e-03	-6.464784e+00
1.460000e-06	-5.186373e-03	-6.181076e+00
1.470000e-06	-4.878787e-03	-5.916941e+00
1.480000e-06	-4.458658e-03	-5.623730e+00
1.490000e-06	-6.418697e-03	-5.340565e+00
1.500000e-06	-6.380820e-03	-5.034781e+00
1.510000e-06	-6.200229e-03	-4.717467e+00
1.520000e-06	-5.251114e-03	-4.473258e+00
1.530000e-06	-5.663213e-03	-4.234198e+00
1.540000e-06	-7.452760e-03	-3.940041e+00
1.550000e-06	-7.774459e-03	-3.654732e+00
1.560000e-06	-8.322219e-03	-3.381120e+00
1.570000e-06	-6.956847e-03	-3.077933e+00
1.580000e-06	-7.877685e-03	-2.790674e+00
1.590000e-06	-6.631524e-03	-2.506408e+00
1.600000e-06	-6.505989e-03	-2.224279e+00
1.610000e-06	-6.336277e-03	-1.917966e+00
1.620000e-06	-8.853720e-03	-1.655254e+00
1.630000e-06	-9.651975e-03	-1.347916e+00
1.640000e-06	-1.050227e-02	-1.013754e+00
1.650000e-06	-8.228887e-03	-6.890884e-01
1.660000e-06	-8.010288e-03	-4.330817e-01
1.670000e-06	-6.611851e-03	-1.880471e-01
1.680000e-06	4.169486e-04	1.130922e-01
1.690000e-06	6.504311e-03	4.294503e-01
1.700000e-06	-4.581712e-03	6.626042e-01
1.710000e-06	2.302180e-03	9.061911e-01
1.720000e-06	-7.046353e-03	1.219982e+00
1.730000e-06	2.072364e-04	1.532090e+00
1.740000e-06	-3.772130e-03	1.821483e+00
1.750000e-06	1.939246e-02	2.030004e+00
1.760000e-06	7.051984e-02	2.314668e+00
1.770000e-06	5.315788e-02	2.651427e+00
1.780000e-06	-8.257247e-02	2.956821e+00
1.790000e-06	-3.135662e-02	3.272582e+00
1.800000e-06	-3.782993e-02	3.575740e+00
1.810000e-06	-2.882296e-02	3.808951e+00
1.820000e-06	-7.441186e-02	4.008948e+00
1.830000e-06	6.387814e-02	4.302010e+00
1.840000e-06	5.277353e-02	4.609799e+00
1.850000e-06	-9.825219e-02	4.830957e+00
1.860000e-06	1.665433e-01	5.166618e+00
1.870000e-06	-1.309137e-01	5.454157e+00
1.880000e-06	2.137526e-02	5.754708e+00
1.890000e-06	-3.641134e-03	6.020500e+00
1.900000e-06	-1.641686e-02	6.243978e+00
1.910000e-06	6.433386e-02	6.555165e+00
1.920000e-06	-7.727337e-02	6.831453e+00
1.930000e-06	3.830032e-02	7.095082e+00
1.940000e-06	-4.941296e-02	7.380370e+00
1.950000e-06	1.704576e-02	7.654530e+00
1.960000e-06	-2.523887e-02	7.925665e+00
1.970000e-06	-1.520716e-02	8.212049e+00
1.980000e-06	4.938266e-02	8.472002e+00
1.990000e-06	-3.211156e-02	8.683207e+00
2.000000e-06	1.536254e-02	8.874689e+00
2.010000e-06	-4.417625e-02	9.195337e+00
2.020000e-06	-1.621066e-02	9.367846e+00
2.030000e-06	1.423480e-02	9.628948e+00
2.040000e-06	-2.369749e-03	9.872476e+00
2.050000e-06	-1.715880e-03	1.011466e+01
2.060000e-06	-3.035567e-02	1.030671e+01
2.070000e-06	1.352525e-02	1.053619e+01
2.080000e-06	-2.267979e-02	1.075789e+01
2.090000e-06	-1.064465e-02	1.095739e+01
2.100000e-06	-2.228574e-02	1.116884e+01
2.110000e-06	-6.937496e-04	1.138039e+01
2.120000e-06	5.045206e-03	1.160994e+01
2.130000e-06	-1.535112e-02	1.183052e+01
2.140000e-06	-2.366922e-02	1.201989e+01
2.150000e-06	-2.159918e-02	1.222042e+01
2.160000e-06	4.623672e-04	1.238896e+01
2.170000e-06	-2.773654e-03	1.256892e+01
2.180000e-06	-1.551019e-02	1.271678e+01
2.190000e-06	-1.985867e-02	1.292423e+01
2.200000e-06	-1.251279e-02	1.306470e+01
2.210000e-06	-8.904713e-03	1.321205e+01
2.220000e-06	-2.045475e-02	1.336994e+01
2.230000e-06	-2.388361e-02	1.351576e+01
2.240000e-06	-1.140527e-02	1.366576e+01
2.250000e-06	-3.462917e-03	1.381253e+01
2.260000e-06	-1.081024e-02	1.397994e+01
2.270000e-06	-3.118690e-02	1.412681e+01
2.280000e-06	-2.442133e-02	1.435263e+01
2.290000e-06	-1.650556e-02	1.438244e+01
2.300000e-06	-9.168024e-03	1.455678e+01
2.310000e-06	-2.379015e-02	1.458202e+01
2.320000e-06	-2.520175e-02	1.476579e+01
2.330000e-06	-1.823884e-02	1.483007e+01
2.340000e-06	-1.608318e-02	1.491373e+01
2.350000e-06	-2.298928e-02	1.497842e+01
2.360000e-06	-3.309901e-02	1.508413e+01
2.370000e-06	-2.332884e-02	1.513991e+01
2.380000e-06	-1.781553e-02	1.520007e+01
2.390000e-06	-1.995447e-02	1.526623e+01
2.400000e-06	-3.640951e-02	1.535886e+01
2.410000e-06	-3.625757e-02	1.542204e+01
2.420000e-06	-2.980972e-02	1.547467e+01
2.430000e-06	-2.470713e-02	1.548628e+01
2.440000e-06	-3.220798e-02	1.554691e+01
2.450000e-06	-3.892527e-02	1.554949e+01
2.460000e-06	-3.181618e-02	1.561000e+01
2.470000e-06	-3.269810e-02	1.560160e+01
2.480000e-06	-3.898692e-02	1.564365e+01
2.490000e-06	-5.230117e-02	1.562517e+01
2.500000e-06	-4.790838e-02	1.566473e+01
2.510000e-06	-4.417118e-02	1.564420e+01
2.520000e-06	-4.569973e-02	1.566258e+01
2.530000e-06	-5.921218e-02	1.563259e+01
2.540000e-06	-6.767116e-02	1.562260e+01
2.550000e-06	-6.680180e-02	1.559151e+01
2.560000e-06	-7.308721e-02	1.556207e+01
2.570000e-06	-8.744141e-02	1.552689e+01
2.580000e-06	-1.100342e-01	1.545678e+01
2.590000e-06	-1.256397e-01	1.545472e+01
2.600000e-06	-1.575565e-01	1.539204e+01
2.610000e-06	-2.135333e-01	1.532839e+01
2.620000e-06	-2.489670e-01	1.529575e+01
2.630000e-06	-2.500000e-01	1.519062e+01
2.640000e-06	-2.500000e-01	1.513799e+01
2.650000e-06	-2.500000e-01	1.505522e+01
2.660000e-06	-2.482098e-01	1.496157e+01
2.670000e-06	-2.098117e-01	1.487578e+01
2.680000e-06	-1.454599e-01	1.480109e+01
2.690000e-06	-1.036910e-01	1.469578e+01
2.700000e-06	-8.315253e-02	1.458094e+01
2.710000e-06	-6.896199e-02	1.443580e+01
2.720000e-06	-5.590367e-02	1.435704e+01
2.730000e-06	-4.092711e-02	1.422407e+01
2.740000e-06	-3.822352e-02	1.408688e+01
2.750000e-06	-3.681578e-02	1.392981e+01
2.760000e-06	-3.502954e-02	1.382317e+01
2.770000e-06	-2.551312e-02	1.365722e+01
2.780000e-06	-2.178014e-02	1.349678e+01
2.790000e-06	-2.329098e-02	1.337939e+01
2.800000e-06	-2.640411e-02	1.322157e+01
2.810000e-06	-2.204829e-02	1.304513e+01
2.820000e-06	-1.624557e-02	1.285730e+01
2.830000e-06	-1.808410e-02	1.269691e+01
2.840000e-06	-2.108513e-02	1.258946e+01
2.850000e-06	-2.011302e-02	1.238101e+01
2.860000e-06	-1.286177e-02	1.220014e+01
2.870000e-06	-1.416346e-02	1.198214e+01
2.880000e-06	-1.651627e-02	1.179109e+01
2.890000e-06	-2.030609e-02	1.156159e+01
2.900000e-06	-1.331975e-02	1.137152e+01
2.910000e-06	-1.123039e-02	1.114749e+01
2.920000e-06	-1.168877e-02	1.094101e+01
2.930000e-06	-1.617223e-02	1.076099e+01
2.940000e-06	-1.388596e-02	1.054044e+01
2.950000e-06	-1.000059e-02	1.028791e+01
2.960000e-06	-1.044439e-02	1.007783e+01
2.970000e-06	-1.338121e-02	9.864279e+00
2.980000e-06	-1.377225e-02	9.632728e+00
2.990000e-06	-1.031423e-02	9.341544e+00
3.000000e-06	-8.972619e-03	9.142565e+00
3.010000e-06	-1.136086e-02	8.928382e+00
3.020000e-06	-1.252863e-02	8.674257e+00
3.030000e-06	-1.111586e-02	8.434776e+00
3.040000e-06	-7.716751e-03	8.203097e+00
3.050000e-06	-8.499884e-03	7.928491e+00
3.060000e-06	-1.123524e-02	7.677857e+00
3.070000e-06	-1.104864e-02	7.432641e+00
3.080000e-06	-8.057026e-03	7.118465e+00
3.090000e-06	-6.788149e-03	6.907328e+00
3.100000e-06	-9.704830e-03	6.633045e+00
3.110000e-06	-1.108984e-02	6.356941e+00
3.120000e-06	-8.969292e-03	6.085832e+00
3.130000e-06	-5.936738e-03	5.822275e+00
3.140000e-06	-7.993535e-03	5.549018e+00
3.150000e-06	-1.031881e-02	5.285382e+00
3.160000e-06	-8.903473e-03	4.909990e+00
3.170000e-06	-5.866308e-03	4.644125e+00
3.180000e-06	-7.015752e-03	4.361573e+00
3.190000e-06	-9.106291e-03	4.034286e+00
3.200000e-06	-8.607875e-03	3.791069e+00
3.210000e-06	-6.619855e-03	3.528417e+00
3.220000e-06	-5.247883e-03	3.212249e+00
3.230000e-06	-8.132435e-03	2.950488e+00
3.240000e-06	-8.845206e-03	2.666288e+00
3.250000e-06	-7.920249e-03	2.368542e+00
3.260000e-06	-5.308896e-03	2.086859e+00
3.270000e-06	-6.193920e-03	1.844630e+00
3.280000e-06	-7.733405e-03	1.519336e+00
3.290000e-06	-7.209194e-03	1.232700e+00
3.300000e-06	-4.430181e-03	8.558117e-01
3.310000e-06	-4.481001e-03	5.885486e-01
3.320000e-06	-5.858594e-03	2.869107e-01
3.330000e-06	-4.657517e-03	-1.097250e-02
3.340000e-06	2.909253e-03	-2.720353e-01
3.350000e-06	7.883030e-03	-5.631170e-01
3.360000e-06	-2.574329e-03	-8.385316e-01
3.370000e-06	8.554829e-04	-1.043587e+00
3.380000e-06	-2.902565e-03	-1.377399e+00
3.390000e-06	2.192846e-03	-1.669584e+00
3.400000e-06	1.158522e-02	-1.903663e+00
3.410000e-06	6.831441e-02	-2.124743e+00
3.420000e-06	9.620427e-02	-2.453132e+00
3.430000e-06	-8.187222e-02	-2.871613e+00
3.440000e-06	-8.094746e-03	-3.242479e+00
3.450000e-06	-4.855627e-02	-3.463163e+00
3.460000e-06	-3.020824e-02	-3.723238e+00
3.470000e-06	-7.684448e-02	-3.975949e+00
3.480000e-06	1.804143e-01	-4.125317e+00
3.490000e-06	-1.025869e-01	-4.377379e+00
3.500000e-06	4.108891e-02	-4.745185e+00
3.510000e-06	7.771476e-02	-4.956265e+00
3.520000e-06	-1.442695e-01	-5.333113e+00
3.530000e-06	1.672617e-01	-5.630450e+00
3.540000e-06	-1.776925e-01	-5.871609e+00
3.550000e-06	1.098222e-01	-6.166841e+00
3.560000e-06	2.322704e-02	-6.348423e+00
3.570000e-06	-5.658798e-02	-6.723310e+00
3.580000e-06	1.131725e-01	-6.957421e+00
3.590000e-06	-1.466152e-01	-7.293652e+00
3.600000e-06	1.242775e-01	-7.566392e+00
3.610000e-06	-7.829667e-02	-7.788798e+00
3.620000e-06	5.488067e-02	-8.084333e+00
3.630000e-06	4.382569e-02	-8.294139e+00
3.640000e-06	-6.688838e-02	-8.639968e+00
3.650000e-06	1.165283e-01	-8.832583e+00
3.660000e-06	-1.285323e-01	-9.091132e+00
3.670000e-06	9.118246e-02	-9.323231e+00
3.680000e-06	-6.207314e-02	-9.514285e+00
3.690000e-06	7.775351e-02	-9.768448e+00
3.700000e-06	4.814824e-03	-9.957869e+00
3.710000e-06	-6.965187e-03	-1.018100e+01
3.720000e-06	3.276914e-02	-1.042118e+01
3.730000e-06	-5.073164e-02	-1.068470e+01
3.740000e-06	6.863034e-02	-1.084116e+01
3.750000e-06	-5.309326e-02	-1.105326e+01
3.760000e-06	6.868266e-02	-1.125416e+01
3.770000e-06	-3.188663e-02	-1.151571e+01
3.780000e-06	5.275418e-02	-1.174774e+01
3.790000e-06	-2.238023e-02	-1.197687e+01
3.800000e-06	1.723317e-02	-1.216692e+01
3.810000e-06	-7.658646e-04	-1.230524e+01
3.820000e-06	2.362215e-02	-1.251521e+01
3.830000e-06	2.486431e-02	-1.267468e+01
3.840000e-06	-1.233795e-03	-1.286423e+01
3.850000e-06	1.334109e-02	-1.303105e+01
3.860000e-06	-6.291152e-03	-1.317847e+01
3.870000e-06	2.572457e-02	-1.332636e+01
3.880000e-06	-1.695482e-03	-1.343325e+01
3.890000e-06	2.819093e-02	-1.366063e+01
3.900000e-06	7.895307e-03	-1.380210e+01
3.910000e-06	3.088328e-02	-1.396789e+01
3.920000e-06	4.002134e-04	-1.409416e+01
3.930000e-06	1.179139e-02	-1.423210e+01
3.940000e-06	-3.819064e-04	-1.433591e+01
3.950000e-06	2.423046e-02	-1.448423e+01
3.960000e-06	1.809271e-02	-1.459049e+01
3.970000e-06	2.106359e-02	-1.467573e+01
3.980000e-06	1.279078e-02	-1.479952e+01
3.990000e-06	1.605182e-02	-1.487528e+01
4.000000e-06	1.993609e-02	-1.497041e+01
4.010000e-06	1.485535e-02	-1.505360e+01
4.020000e-06	1.850273e-02	-1.511896e+01
4.030000e-06	1.781934e-02	-1.523265e+01
4.040000e-06	2.809323e-02	-1.526581e+01
4.050000e-06	1.865743e-02	-1.532791e+01
4.060000e-06	1.886070e-02	-1.543365e+01
4.070000e-06	1.620543e-02	-1.550526e+01
4.080000e-06	2.795730e-02	-1.550689e+01
4.090000e-06	3.003751e-02	-1.557901e+01
4.100000e-06	2.947190e-02	-1.557965e+01
4.110000e-06	2.709466e-02	-1.565210e+01
4.120000e-06	2.891051e-02	-1.566373e+01
4.130000e-06	3.283083e-02	-1.567578e+01
4.140000e-06	3.164280e-02	-1.569681e+01
4.150000e-06	3.245993e-02	-1.571683e+01
4.160000e-06	3.867422e-02	-1.572681e+01
4.170000e-06	4.703754e-02	-1.570683e+01
4.180000e-06	5.083353e-02	-1.564538e+01
4.190000e-06	4.874211e-02	-1.569426e+01
4.200000e-06	5.154372e-02	-1.564518e+01
4.210000e-06	6.071102e-02	-1.564368e+01
4.220000e-06	7.298176e-02	-1.560109e+01
4.230000e-06	8.371663e-02	-1.556809e+01
4.240000e-06	9.785040e-02	-1.552741e+01
4.250000e-06	1.248276e-01	-1.546623e+01
4.260000e-06	1.652869e-01	-1.543217e+01
4.270000e-06	2.194626e-01	-1.534089e+01
4.280000e-06	2.487450e-01	-1.528534e+01
4.290000e-06	2.500000e-01	-1.522365e+01
4.300000e-06	2.500000e-01	-1.512999e+01
4.310000e-06	2.500000e-01	-1.505428e+01
4.320000e-06	2.425089e-01	-1.496199e+01
4.330000e-06	1.830398e-01	-1.489728e+01
4.340000e-06	1.284387e-01	-1.482017e+01
4.350000e-06	9.632900e-02	-1.467531e+01
4.360000e-06	7.151799e-02	-1.458460e+01
4.370000e-06	5.343610e-02	-1.449741e+01
4.380000e-06	4.202968e-02	-1.434904e+01
4.390000e-06	3.629083e-02	-1.424422e+01
4.400000e-06	3.006069e-02	-1.409885e+01
4.410000e-06	2.263488e-02	-1.397961e+01
4.420000e-06	1.774459e-02	-1.380320e+01
4.430000e-06	1.814495e-02	-1.364533e+01
4.440000e-06	1.898514e-02	-1.345947e+01
4.450000e-06	1.506882e-02	-1.337152e+01
4.460000e-06	1.021452e-02	-1.321172e+01
4.470000e-06	8.614183e-03	-1.303280e+01
4.480000e-06	1.067937e-02	-1.287886e+01
4.490000e-06	9.360058e-03	-1.272888e+01
4.500000e-06	6.460950e-03	-1.255094e+01
4.510000e-06	5.872207e-03	-1.235962e+01
4.520000e-06	6.738323e-03	-1.219202e+01
4.530000e-06	6.361017e-03	-1.197070e+01
4.540000e-06	2.789423e-03	-1.180371e+01
4.550000e-06	1.170671e-05	-1.158167e+01
4.560000e-06	2.473460e-03	-1.133897e+01
4.570000e-06	4.195050e-03	-1.109696e+01
4.580000e-06	3.544886e-03	-1.095739e+01
4.590000e-06	1.380289e-03	-1.070847e+01
4.600000e-06	3.984195e-04	-1.050841e+01
4.610000e-06	9.194101e-04	-1.027636e+01
4.620000e-06	1.506454e-03	-1.002525e+01
4.630000e-06	-1.364484e-03	-9.822678e+00
4.640000e-06	-2.487550e-03	-9.624701e+00
4.650000e-06	-7.618256e-04	-9.392070e+00
4.660000e-06	-4.050738e-04	-9.159089e+00
4.670000e-06	-2.367064e-03	-8.918436e+00
4.680000e-06	-3.808187e-03	-8.675412e+00
4.690000e-06	-3.487568e-03	-8.452701e+00
4.700000e-06	-6.893982e-04	-8.191049e+00
4.710000e-06	-7.968600e-04	-7.917516e+00
4.720000e-06	-4.048854e-03	-7.622253e+00
4.730000e-06	-4.694963e-03	-7.340593e+00
4.740000e-06	-4.964811e-03	-7.079361e+00
4.750000e-06	-3.948979e-03	-6.803301e+00
4.760000e-06	-5.902947e-03	-6.592119e+00
4.770000e-06	-5.238617e-03	-6.336616e+00
4.780000e-06	-4.672346e-03	-6.015276e+00
4.790000e-06	-2.785825e-03	-5.781995e+00
4.800000e-06	-3.690685e-03	-5.506938e+00
4.810000e-06	-6.799530e-03	-5.172096e+00
4.820000e-06	-7.175419e-03	-4.834334e+00
4.830000e-06	-5.267603e-03	-4.590645e+00
4.840000e-06	-5.179224e-03	-4.307941e+00
4.850000e-06	-6.596166e-03	-4.074886e+00
4.860000e-06	-8.628164e-03	-3.741700e+00
4.870000e-06	-7.867221e-03	-3.528386e+00
4.880000e-06	-7.103177e-03	-3.263727e+00
4.890000e-06	-7.641384e-03	-2.908990e+00
4.900000e-06	-8.194855e-03	-2.644808e+00
4.910000e-06	-5.375265e-03	-2.391096e+00
4.920000e-06	-5.716916e-03	-2.005328e+00
4.930000e-06	-6.957921e-03	-1.779599e+00
4.940000e-06	-9.189195e-03	-1.518411e+00
4.950000e-06	-1.086484e-02	-1.139520e+00
4.960000e-06	-9.403655e-03	-8.957781e-01
4.970000e-06	-8.325543e-03	-5.720699e-01
4.980000e-06	-6.957644e-03	-3.058606e-01
4.990000e-06	-4.581235e-03	-5.215620e-02
5.000000e-06	7.214144e-03	3.030306e-01
5.010000e-06	-2.406661e-03	5.366922e-01
5.020000e-06	1.524023e-03	7.877738e-01
5.030000e-06	-5.032373e-03	1.103131e+00
5.040000e-06	-2.077282e-03	1.368796e+00
5.050000e-06	-3.485624e-03	1.712110e+00
5.060000e-06	8.004635e-03	1.906242e+00
5.070000e-06	3.737136e-02	2.166274e+00
5.080000e-06	9.605695e-02	2.481086e+00
5.090000e-06	-4.473781e-02	2.829530e+00
5.100000e-06	-5.141535e-02	3.115716e+00
5.110000e-06	-3.805443e-02	3.439500e+00
5.120000e-06	-2.060875e-02	3.714613e+00
5.130000e-06	-6.641613e-02	3.954216e+00
5.140000e-06	-1.888405e-02	4.097642e+00
5.150000e-06	1.189882e-01	4.479955e+00
5.160000e-06	-9.340270e-02	4.725792e+00
5.170000e-06	7.583333e-02	4.956299e+00
5.180000e-06	3.013210e-02	5.346688e+00
5.190000e-06	-1.108027e-01	5.577875e+00
5.200000e-06	7.248315e-02	5.864057e+00
5.210000e-06	-6.957070e-02	6.177740e+00
5.220000e-06	6.873319e-02	6.378899e+00
5.230000e-06	-2.984822e-02	6.734162e+00
5.240000e-06	-2.446874e-02	6.948345e+00
5.250000e-06	1.779375e-02	7.249504e+00
5.260000e-06	-4.790598e-02	7.515261e+00
5.270000e-06	3.806653e-02	7.808895e+00
5.280000e-06	-6.395995e-02	8.124242e+00
5.290000e-06	5.299283e-02	8.346269e+00
5.300000e-06	-8.054043e-03	8.568369e+00
5.310000e-06	-1.518437e-02	8.787897e+00
5.320000e-06	4.005893e-03	9.021026e+00
5.330000e-06	-6.321420e-02	9.243007e+00
5.340000e-06	3.314418e-02	9.565134e+00
5.350000e-06	-2.070064e-02	9.726718e+00
5.360000e-06	2.690131e-02	9.958421e+00
5.370000e-06	-4.106903e-02	1.021002e+01
5.380000e-06	7.402350e-03	1.045002e+01
5.390000e-06	-1.183066e-02	1.063150e+01
5.400000e-06	-1.840299e-02	1.086105e+01
5.410000e-06	-1.110742e-02	1.105406e+01
5.420000e-06	-2.330830e-02	1.123611e+01
5.430000e-06	1.923555e-02	1.151424e+01
5.440000e-06	-1.796248e-02	1.169473e+01
5.450000e-06	-5.346157e-03	1.188511e+01
5.460000e-06	-3.789185e-02	1.211574e+01
5.470000e-06	1.619748e-03	1.229573e+01
5.480000e-06	-8.126924e-03	1.245368e+01
5.490000e-06	-3.630038e-03	1.266265e+01
5.500000e-06	-2.246753e-02	1.280952e+01
5.510000e-06	-1.821529e-02	1.298882e+01
5.520000e-06	-6.770286e-03	1.318789e+01
5.530000e-06	-1.854176e-02	1.336424e+01
5.540000e-06	-1.831044e-02	1.344260e+01
5.550000e-06	-2.428809e-02	1.361292e+01
5.560000e-06	4.195956e-04	1.374901e+01
5.570000e-06	-1.067813e-02	1.387774e+01
5.580000e-06	-1.753334e-02	1.403365e+01
5.590000e-06	-3.294983e-02	1.420837e+01
5.600000e-06	-1.916977e-02	1.434879e+01
5.610000e-06	-1.127876e-02	1.451317e+01
5.620000e-06	-1.676698e-02	1.457041e+01
5.630000e-06	-2.359010e-02	1.469413e+01
5.640000e-06	-2.475504e-02	1.475889e+01
5.650000e-06	-1.232057e-02	1.486515e+01
5.660000e-06	-2.235070e-02	1.495734e+01
5.670000e-06	-2.677225e-02	1.501312e+01
5.680000e-06	-3.231097e-02	1.507633e+01
5.690000e-06	-1.937181e-02	1.518954e+01
5.700000e-06	-1.830574e-02	1.526220e+01
5.710000e-06	-2.836597e-02	1.528576e+01
5.720000e-06	-3.601076e-02	1.536044e+01
5.730000e-06	-3.469141e-02	1.546302e+01
5.740000e-06	-2.308483e-02	1.549380e+01
5.750000e-06	-2.959716e-02	1.555536e+01
5.760000e-06	-3.562486e-02	1.554004e+01
5.770000e-06	-3.843616e-02	1.563204e+01
5.780000e-06	-3.106295e-02	1.559157e+01
5.790000e-06	-3.561332e-02	1.561254e+01
5.800000e-06	-4.728047e-02	1.563465e+01
5.810000e-06	-5.014311e-02	1.567415e+01
5.820000e-06	-4.693323e-02	1.566560e+01
5.830000e-06	-4.176887e-02	1.563422e+01
5.840000e-06	-5.384396e-02	1.566310e+01
5.850000e-06	-6.353539e-02	1.560267e+01
5.860000e-06	-6.984557e-02	1.563254e+01
5.870000e-06	-6.891114e-02	1.555156e+01
5.880000e-06	-8.058820e-02	1.552796e+01
5.890000e-06	-9.909313e-02	1.551483e+01
5.900000e-06	-1.175940e-01	1.544530e+01
5.910000e-06	-1.415407e-01	1.540157e+01
5.920000e-06	-1.825367e-01	1.538992e+01
5.930000e-06	-2.402067e-01	1.528773e+01
5.940000e-06	-2.500000e-01	1.524217e+01
5.950000e-06	-2.500000e-01	1.518909e+01
5.960000e-06	-2.500000e-01	1.507836e+01
5.970000e-06	-2.500000e-01	1.501317e+01
5.980000e-06	-2.346389e-01	1.494743e+01
5.990000e-06	-1.730469e-01	1.477410e+01
6.000000e-06	-1.216235e-01	1.476846e+01
6.010000e-06	-9.046651e-02	1.461417e+01
6.020000e-06	-7.556140e-02	1.448731e+01
6.030000e-06	-6.154184e-02	1.440364e+01
6.040000e-06	-4.746851e-02	1.429673e+01
6.050000e-06	-3.804384e-02	1.418791e+01
6.060000e-06	-3.638375e-02	1.403265e+01
6.070000e-06	-3.710131e-02	1.387680e+01
6.080000e-06	-3.041219e-02	1.373028e+01
6.090000e-06	-2.381211e-02	1.355061e+01
6.100000e-06	-2.146334e-02	1.342367e+01
6.110000e-06	-2.501524e-02	1.327581e+01
6.120000e-06	-2.300077e-02	1.314734e+01
6.130000e-06	-1.892714e-02	1.296044e+01
6.140000e-06	-1.599177e-02	1.275104e+01
6.150000e-06	-2.061486e-02	1.262217e+01
6.160000e-06	-2.078800e-02	1.244625e+01
6.170000e-06	-1.736144e-02	1.227680e+01
6.180000e-06	-1.247023e-02	1.207686e+01
6.190000e-06	-1.472210e-02	1.188578e+01
6.200000e-06	-1.873176e-02	1.172688e+01
6.210000e-06	-1.615986e-02	1.147618e+01
6.220000e-06	-1.211669e-02	1.126467e+01
6.230000e-06	-1.019490e-02	1.105358e+01
6.240000e-06	-1.475143e-02	1.083380e+01
6.250000e-06	-1.487308e-02	1.066322e+01
6.260000e-06	-1.228694e-02	1.039260e+01
6.270000e-06	-9.797577e-03	1.019209e+01
6.280000e-06	-1.190701e-02	9.930494e+00
6.290000e-06	-1.446929e-02	9.707986e+00
6.300000e-06	-1.183874e-02	9.464782e+00
6.310000e-06	-9.105431e-03	9.296800e+00
6.320000e-06	-9.234665e-03	9.072578e+00
6.330000e-06	-1.214145e-02	8.802094e+00
6.340000e-06	-1.194303e-02	8.570943e+00
6.350000e-06	-8.312896e-03	8.377839e+00
6.360000e-06	-7.389674e-03	8.095753e+00
6.370000e-06	-1.031770e-02	7.823145e+00
6.380000e-06	-1.241088e-02	7.539016e+00
6.390000e-06	-8.610272e-03	7.284907e+00
6.400000e-06	-7.083150e-03	7.032545e+00
6.410000e-06	-8.293294e-03	6.749964e+00
6.420000e-06	-1.124209e-02	6.446353e+00
6.430000e-06	-9.121797e-03	6.211154e+00
6.440000e-06	-6.481118e-03	5.950040e+00
6.450000e-06	-6.610249e-03	5.677303e+00
6.460000e-06	-9.031557e-03	5.443599e+00
6.470000e-06	-1.067635e-02	5.046278e+00
6.480000e-06	-7.496525e-03	4.760470e+00
6.490000e-06	-6.535608e-03	4.517807e+00
6.500000e-06	-6.655134e-03	4.203120e+00
6.510000e-06	-9.181598e-03	3.947816e+00
6.520000e-06	-7.817285e-03	3.633229e+00
6.530000e-06	-5.281722e-03	3.391571e+00
6.540000e-06	-5.745677e-03	3.086311e+00
6.550000e-06	-8.870452e-03	2.832151e+00
6.560000e-06	-9.134627e-03	2.516911e+00
6.570000e-06	-6.231529e-03	2.222600e+00
6.580000e-06	-5.853198e-03	1.957965e+00
6.590000e-06	-6.372097e-03	1.674733e+00
6.600000e-06	-8.325031e-03	1.328938e+00
6.610000e-06	-5.755776e-03	1.023678e+00
6.620000e-06	-4.112304e-03	7.683106e-01
6.630000e-06	-4.605514e-03	4.432503e-01
6.640000e-06	-5.383344e-03	1.510657e-01
6.650000e-06	-2.335141e-03	-1.257185e-01
6.660000e-06	1.048283e-02	-3.978737e-01
6.670000e-06	-2.219202e-03	-6.612370e-01
6.680000e-06	3.462433e-03	-9.472672e-01
6.690000e-06	-5.249466e-03	-1.211032e+00
6.700000e-06	2.274374e-03	-1.575769e+00
6.710000e-06	2.090086e-03	-1.787371e+00
6.720000e-06	3.451729e-02	-1.988976e+00
6.730000e-06	1.125400e-01	-2.312636e+00
6.740000e-06	-1.183040e-02	-2.672032e+00
6.750000e-06	-5.090859e-02	-3.123086e+00
6.760000e-06	-2.079601e-02	-3.388398e+00
6.770000e-06	-3.508906e-02	-3.599351e+00
6.780000e-06	-7.654536e-02	-3.850608e+00
6.790000e-06	5.591094e-02	-4.030558e+00
6.800000e-06	9.167943e-02	-4.249982e+00
6.810000e-06	-1.334942e-01	-4.557324e+00
6.820000e-06	2.129493e-01	-4.830404e+00
6.830000e-06	-1.516768e-01	-5.124189e+00
6.840000e-06	6.276810e-02	-5.513689e+00
6.850000e-06	1.478472e-03	-5.694740e+00
6.860000e-06	-9.057802e-02	-6.050978e+00
6.870000e-06	1.731129e-01	-6.313136e+00
6.880000e-06	-1.349828e-01	-6.567325e+00
6.890000e-06	1.193851e-01	-6.833685e+00
6.900000e-06	-6.838944e-02	-7.114714e+00
6.910000e-06	-1.095437e-02	-7.421079e+00
6.920000e-06	7.179389e-02	-7.652104e+00
6.930000e-06	-9.392289e-02	-7.986341e+00
6.940000e-06	1.496949e-01	-8.198453e+00
6.950000e-06	-1.057185e-01	-8.450031e+00
6.960000e-06	9.629537e-02	-8.715859e+00
6.970000e-06	-4.077377e-02	-8.957865e+00
6.980000e-06	-2.719868e-02	-9.208923e+00
6.990000e-06	4.866222e-02	-9.389424e+00
7.000000e-06	-4.455935e-02	-9.693529e+00
7.010000e-06	1.141097e-01	-9.872681e+00
7.020000e-06	-7.589714e-02	-1.007574e+01
7.030000e-06	8.165586e-02	-1.033739e+01
7.040000e-06	-6.865854e-02	-1.050690e+01
7.050000e-06	5.425645e-02	-1.075844e+01
7.060000e-06	-1.931533e-02	-1.096737e+01
7.070000e-06	1.820092e-02	-1.120807e+01
7.080000e-06	2.192189e-02	-1.140045e+01
7.090000e-06	-1.845756e-03	-1.167205e+01
7.100000e-06	3.579981e-02	-1.183158e+01
7.110000e-06	-3.062509e-02	-1.206260e+01
7.120000e-06	3.331715e-02	-1.225160e+01
7.130000e-06	-1.293730e-02	-1.242213e+01
7.140000e-06	5.108804e-02	-1.257900e+01
7.150000e-06	-1.030270e-02	-1.278784e+01
7.160000e-06	2.369507e-02	-1.293992e+01
7.170000e-06	-1.193106e-02	-1.309471e+01
7.180000e-06	2.378206e-02	-1.327478e+01
7.190000e-06	1.171272e-04	-1.339013e+01
7.200000e-06	1.726731e-02	-1.361044e+01
7.210000e-06	1.280289e-02	-1.371529e+01
7.220000e-06	2.369178e-02	-1.389370e+01
7.230000e-06	1.725671e-02	-1.398963e+01
7.240000e-06	4.946596e-03	-1.416892e+01
7.250000e-06	7.808112e-03	-1.428373e+01
7.260000e-06	9.796764e-03	-1.439160e+01
7.270000e-06	2.591480e-02	-1.453539e+01
7.280000e-06	1.263448e-02	-1.463257e+01
7.290000e-06	1.895760e-02	-1.475896e+01
7.300000e-06	8.838581e-03	-1.486360e+01
7.310000e-06	2.479001e-02	-1.493684e+01
7.320000e-06	1.426814e-02	-1.502098e+01
7.330000e-06	1.994191e-02	-1.510683e+01
7.340000e-06	1.551466e-02	-1.520204e+01
7.350000e-06	2.592964e-02	-1.526371e+01
7.360000e-06	2.261718e-02	-1.531644e+01
7.370000e-06	1.796249e-02	-1.538250e+01
7.380000e-06	1.514977e-02	-1.542410e+01
7.390000e-06	2.171292e-02	-1.551573e+01
7.400000e-06	3.084035e-02	-1.555896e+01
7.410000e-06	2.947336e-02	-1.560000e+01
7.420000e-06	2.864201e-02	-1.561204e+01
7.430000e-06	2.801653e-02	-1.567370e+01
7.440000e-06	3.348888e-02	-1.567480e+01
7.450000e-06	3.265084e-02	-1.567726e+01
7.460000e-06	3.142179e-02	-1.569691e+01
7.470000e-06	3.342941e-02	-1.568591e+01
7.480000e-06	4.282885e-02	-1.570586e+01
7.490000e-06	4.965770e-02	-1.568686e+01
7.500000e-06	4.920438e-02	-1.570621e+01
7.510000e-06	4.999878e-02	-1.567518e+01
7.520000e-06	5.739039e-02	-1.561325e+01
7.530000e-06	6.890878e-02	-1.561162e+01
7.540000e-06	7.913238e-02	-1.558857e+01
7.550000e-06	8.951331e-02	-1.552754e+01
7.560000e-06	1.092537e-01	-1.549683e+01
7.570000e-06	1.440653e-01	-1.545423e+01
7.580000e-06	1.925804e-01	-1.540052e+01
7.590000e-06	2.420441e-01	-1.535639e+01
7.600000e-06	2.500000e-01	-1.522325e+01
7.610000e-06	2.500000e-01	-1.518160e+01
7.620000e-06	2.500000e-01	-1.509643e+01
7.630000e-06	2.492298e-01	-1.500332e+01
7.640000e-06	2.150852e-01	-1.496839e+01
7.650000e-06	1.509108e-01	-1.485275e+01
7.660000e-06	1.108331e-01	-1.471859e+01
7.670000e-06	8.215540e-02	-1.463370e+01
7.680000e-06	5.966798e-02	-1.455091e+01
7.690000e-06	4.545589e-02	-1.442227e+01
7.700000e-06	3.889848e-02	-1.429643e+01
7.710000e-06	3.388997e-02	-1.416957e+01
7.720000e-06	2.610630e-02	-1.405472e+01
7.730000e-06	1.970748e-02	-1.388581e+01
7.740000e-06	1.775313e-02	-1.375844e+01
7.750000e-06	1.877762e-02	-1.358164e+01
7.760000e-06	1.638313e-02	-1.344575e+01
7.770000e-06	1.092308e-02	-1.326686e+01
7.780000e-06	9.065172e-03	-1.312696e+01
7.790000e-06	1.007677e-02	-1.298857e+01
7.800000e-06	1.093011e-02	-1.280219e+01
7.810000e-06	6.796571e-03	-1.266425e+01
7.820000e-06	5.168082e-03	-1.245580e+01
7.830000e-06	5.447936e-03	-1.227433e+01
7.840000e-06	7.746156e-03	-1.208593e+01
7.850000e-06	5.151891e-03	-1.188636e+01
7.860000e-06	1.430535e-03	-1.165888e+01
7.870000e-06	1.505275e-03	-1.146330e+01
7.880000e-06	3.624717e-03	-1.123270e+01
7.890000e-06	3.991316e-03	-1.099320e+01
7.900000e-06	2.020626e-03	-1.079160e+01
7.910000e-06	4.913586e-04	-1.060210e+01
7.920000e-06	1.263045e-03	-1.037320e+01
7.930000e-06	1.785995e-03	-1.018054e+01
7.940000e-06	-3.316369e-05	-9.928064e+00
7.950000e-06	-2.765365e-03	-9.727962e+00
7.960000e-06	-1.755245e-03	-9.516411e+00
7.970000e-06	3.920022e-04	-9.274801e+00
7.980000e-06	-3.176921e-05	-9.033153e+00
7.990000e-06	-3.250955e-03	-8.781192e+00
8.000000e-06	-4.009131e-03	-8.569467e+00
8.010000e-06	-2.327505e-03	-8.296413e+00
8.020000e-06	-7.061446e-04	-8.004828e+00
8.030000e-06	-2.701296e-03	-7.790620e+00
8.040000e-06	-4.617449e-03	-7.475358e+00
8.050000e-06	-3.325443e-03	-7.263753e+00
8.060000e-06	-4.278650e-03	-6.970066e+00
8.070000e-06	-5.434413e-03	-6.706383e+00
8.080000e-06	-6.403913e-03	-6.454805e+00
8.090000e-06	-4.890723e-03	-6.141143e+00
8.100000e-06	-3.586617e-03	-5.897886e+00
8.110000e-06	-2.286472e-03	-5.635277e+00
8.120000e-06	-6.125137e-03	-5.258941e+00
8.130000e-06	-5.926573e-03	-5.024328e+00
8.140000e-06	-8.374516e-03	-4.678488e+00
8.150000e-06	-6.192120e-03	-4.453204e+00
8.160000e-06	-7.348902e-03	-4.192098e+00
8.170000e-06	-7.009685e-03	-3.948909e+00
8.180000e-06	-5.544428e-03	-3.583329e+00
8.190000e-06	-6.132159e-03	-3.340095e+00
8.200000e-06	-4.766042e-03	-3.102833e+00
8.210000e-06	-8.818509e-03	-2.799598e+00
8.220000e-06	-7.106192e-03	-2.487838e+00
8.230000e-06	-8.966386e-03	-2.202150e+00
8.240000e-06	-6.171756e-03	-1.919363e+00
8.250000e-06	-9.702661e-03	-1.681732e+00
8.260000e-06	-8.533880e-03	-1.357412e+00
8.270000e-06	-9.754658e-03	-9.916514e-01
8.280000e-06	-6.863325e-03	-7.183936e-01
8.290000e-06	-7.253920e-03	-3.906526e-01
8.300000e-06	-6.483652e-03	-1.304936e-01
8.310000e-06	5.352329e-04	1.436934e-01
8.320000e-06	4.074585e-03	4.305077e-01
8.330000e-06	-4.462227e-03	6.941093e-01
8.340000e-06	-4.191522e-04	9.442411e-01
8.350000e-06	-5.574050e-03	1.262005e+00
8.360000e-06	2.044630e-04	1.565298e+00
8.370000e-06	-5.862167e-04	1.870977e+00
8.380000e-06	2.205935e-02	2.041559e+00
8.390000e-06	7.697371e-02	2.347216e+00
8.400000e-06	4.195664e-02	2.681957e+00
8.410000e-06	-8.417628e-02	3.018350e+00
8.420000e-06	-3.164718e-02	3.275633e+00
8.430000e-06	-3.962144e-02	3.568871e+00
8.440000e-06	-3.146966e-02	3.810473e+00
8.450000e-06	-7.344295e-02	4.038954e+00
8.460000e-06	7.639954e-02	4.313662e+00
8.470000e-06	3.714689e-02	4.598375e+00
8.480000e-06	-8.487768e-02	4.822006e+00
8.490000e-06	1.640447e-01	5.146217e+00
8.500000e-06	-1.414020e-01	5.494033e+00
8.510000e-06	3.650699e-02	5.716167e+00
8.520000e-06	-1.763119e-02	6.060479e+00
8.530000e-06	-6.835290e-03	6.304534e+00
8.540000e-06	5.429401e-02	6.547791e+00
8.550000e-06	-7.661978e-02	6.861529e+00
8.560000e-06	4.170180e-02	7.095183e+00
8.570000e-06	-5.361468e-02	7.419270e+00
8.580000e-06	2.601003e-02	7.662103e+00
8.590000e-06	-3.132724e-02	8.016240e+00
8.600000e-06	-5.283224e-03	8.241577e+00
8.610000e-06	4.147546e-02	8.442982e+00
8.620000e-06	-3.489346e-02	8.663653e+00
8.630000e-06	1.594849e-02	8.904666e+00
8.640000e-06	-4.958734e-02	9.147364e+00
8.650000e-06	-7.779682e-03	9.399496e+00
8.660000e-06	1.008062e-02	9.640522e+00
8.670000e-06	3.673528e-03	9.852554e+00
8.680000e-06	-6.361550e-03	1.008373e+01
8.690000e-06	-2.579081e-02	1.032511e+01
8.700000e-06	9.261138e-03	1.055674e+01
8.710000e-06	-2.463136e-02	1.077839e+01
8.720000e-06	-9.688458e-03	1.096832e+01
8.730000e-06	-2.294231e-02	1.117842e+01
8.740000e-06	2.942489e-03	1.144042e+01
8.750000e-06	3.141458e-03	1.160102e+01
8.760000e-06	-1.167012e-02	1.180205e+01
8.770000e-06	-2.489961e-02	1.200100e+01
8.780000e-06	-1.786868e-02	1.219950e+01
8.790000e-06	-1.311453e-03	1.237942e+01
8.800000e-06	-3.492083e-03	1.256792e+01
8.810000e-06	-1.637908e-02	1.275672e+01
8.820000e-06	-2.042840e-02	1.289478e+01
8.830000e-06	-1.222698e-02	1.305413e+01
8.840000e-06	-8.860360e-03	1.326100e+01
8.850000e-06	-1.930606e-02	1.338995e+01
8.860000e-06	-2.326977e-02	1.352728e+01
8.870000e-06	-8.854556e-03	1.369473e+01
8.880000e-06	-4.638755e-03	1.384205e+01
8.890000e-06	-1.069915e-02	1.398044e+01
8.900000e-06	-3.298759e-02	1.414486e+01
8.910000e-06	-2.467183e-02	1.427125e+01
8.920000e-06	-1.726465e-02	1.439049e+01
8.930000e-06	-9.262464e-03	1.452733e+01
8.940000e-06	-2.270143e-02	1.466062e+01
8.950000e-06	-2.346550e-02	1.476684e+01
8.960000e-06	-1.643218e-02	1.480210e+01
8.970000e-06	-1.600114e-02	1.491681e+01
8.980000e-06	-2.344395e-02	1.498137e+01
8.990000e-06	-3.432887e-02	1.506431e+01
9.000000e-06	-2.339020e-02	1.513884e+01
9.010000e-06	-1.955416e-02	1.522150e+01
9.020000e-06	-2.020331e-02	1.525365e+01
9.030000e-06	-3.564108e-02	1.536989e+01
9.040000e-06	-3.499758e-02	1.541207e+01
9.050000e-06	-2.821404e-02	1.547413e+01
9.060000e-06	-2.438946e-02	1.548573e+01
9.070000e-06	-3.243632e-02	1.553741e+01
9.080000e-06	-3.993170e-02	1.556004e+01
9.090000e-06	-3.338790e-02	1.559210e+01
9.100000e-06	-3.481371e-02	1.558067e+01
9.110000e-06	-4.016528e-02	1.566212e+01
9.120000e-06	-5.235822e-02	1.567220e+01
9.130000e-06	-4.748429e-02	1.567570e+01
9.140000e-06	-4.323843e-02	1.564467e+01
9.150000e-06	-4.636183e-02	1.567415e+01
9.160000e-06	-5.931255e-02	1.562264e+01
9.170000e-06	-6.843939e-02	1.560367e+01
9.180000e-06	-6.724323e-02	1.558302e+01
9.190000e-06	-7.498502e-02	1.557947e+01
9.200000e-06	-8.943474e-02	1.549841e+01
9.210000e-06	-1.110578e-01	1.550675e+01
9.220000e-06	-1.273661e-01	1.547370e+01
9.230000e-06	-1.609917e-01	1.536097e+01
9.240000e-06	-2.164572e-01	1.530930e+01
9.250000e-06	-2.488181e-01	1.524672e+01
9.260000e-06	-2.500000e-01	1.520207e+01
9.270000e-06	-2.500000e-01	1.511899e+01
9.280000e-06	-2.500000e-01	1.505383e+01
9.290000e-06	-2.483747e-01	1.496104e+01
9.300000e-06	-2.060869e-01	1.489425e+01
9.310000e-06	-1.430287e-01	1.479097e+01
9.320000e-06	-1.024195e-01	1.465526e+01
9.330000e-06	-8.098248e-02	1.456141e+01
9.340000e-06	-6.764499e-02	1.448525e+01
9.350000e-06	-5.468941e-02	1.437901e+01
9.360000e-06	-4.002628e-02	1.421367e+01
9.370000e-06	-3.717469e-02	1.407580e+01
9.380000e-06	-3.611771e-02	1.392841e+01
9.390000e-06	-3.493840e-02	1.381209e+01
9.400000e-06	-2.533532e-02	1.361565e+01
9.410000e-06	-2.208240e-02	1.348728e+01
9.420000e-06	-2.417503e-02	1.334938e+01
9.430000e-06	-2.554374e-02	1.317207e+01
9.440000e-06	-2.177101e-02	1.304315e+01
9.450000e-06	-1.586562e-02	1.289475e+01
9.460000e-06	-1.758846e-02	1.266536e+01
9.470000e-06	-2.034728e-02	1.254896e+01
9.480000e-06	-2.053324e-02	1.235156e+01
9.490000e-06	-1.340649e-02	1.220144e+01
9.500000e-06	-1.326823e-02	1.196207e+01
9.510000e-06	-1.764582e-02	1.176209e+01
9.520000e-06	-1.949910e-02	1.157059e+01
9.530000e-06	-1.367125e-02	1.133096e+01
9.540000e-06	-9.632344e-03	1.113804e+01
9.550000e-06	-1.242738e-02	1.094941e+01
9.560000e-06	-1.486812e-02	1.074896e+01
9.570000e-06	-1.411465e-02	1.052690e+01
9.580000e-06	-9.399919e-03	1.027723e+01
9.590000e-06	-1.135631e-02	1.008820e+01
9.600000e-06	-1.339290e-02	9.844648e+00
9.610000e-06	-1.454146e-02	9.609620e+00
9.620000e-06	-1.005083e-02	9.400968e+00
9.630000e-06	-8.515586e-03	9.119866e+00
9.640000e-06	-1.179741e-02	8.907906e+00
9.650000e-06	-1.347557e-02	8.642680e+00
9.660000e-06	-1.100507e-02	8.405223e+00
9.670000e-06	-5.809081e-03	8.201053e+00
9.680000e-06	-8.107327e-03	7.939385e+00
9.690000e-06	-1.174741e-02	7.666281e+00
9.700000e-06	-1.189841e-02	7.390565e+00
9.710000e-06	-8.200297e-03	7.126311e+00
9.720000e-06	-7.512461e-03	6.864781e+00
9.730000e-06	-1.072944e-02	6.602046e+00
9.740000e-06	-1.080863e-02	6.327886e+00
9.750000e-06	-7.627265e-03	6.075206e+00
9.760000e-06	-6.087723e-03	5.813070e+00
9.770000e-06	-8.239733e-03	5.569940e+00
9.780000e-06	-1.053252e-02	5.215304e+00
9.790000e-06	-9.999409e-03	4.887865e+00
9.800000e-06	-5.642726e-03	4.613177e+00
9.810000e-06	-6.615326e-03	4.368566e+00
9.820000e-06	-9.465557e-03	4.065278e+00
9.830000e-06	-9.172282e-03	3.801015e+00
9.840000e-06	-6.736568e-03	3.538961e+00
9.850000e-06	-5.119633e-03	3.161597e+00
9.860000e-06	-7.848976e-03	2.946938e+00
9.870000e-06	-9.343493e-03	2.685827e+00
9.880000e-06	-6.603219e-03	2.318415e+00
9.890000e-06	-5.044169e-03	2.085780e+00
9.900000e-06	-6.748035e-03	1.792125e+00
9.910000e-06	-8.568884e-03	1.487883e+00
9.920000e-06	-8.392647e-03	1.201573e+00
9.930000e-06	-5.203369e-03	8.742790e-01
9.940000e-06	-4.175538e-03	5.800483e-01
9.950000e-06	-5.169958e-03	2.772817e-01
9.960000e-06	-3.991690e-03	-1.710762e-02
9.970000e-06	4.797345e-03	-2.715855e-01
9.980000e-06	7.244453e-03	-5.036721e-01
9.990000e-06	-2.030283e-03	-8.285353e-01
1.000000e-05	6.258259e-04	-1.083116e+00
1.001000e-05	-2.164209e-03	-1.398550e+00
1.002000e-05	2.043211e-03	-1.673108e+00
1.003000e-05	1.402231e-02	-1.923188e+00
1.004000e-05	7.489214e-02	-2.115296e+00
1.005000e-05	8.690634e-02	-2.492686e+00
1.006000e-05	-8.352114e-02	-2.924162e+00
1.007000e-05	-5.317632e-03	-3.282560e+00
1.008000e-05	-4.899957e-02	-3.493236e+00
1.009000e-05	-3.329890e-02	-3.734168e+00
1.010000e-05	-6.893287e-02	-3.919924e+00
1.011000e-05	1.846730e-01	-4.115767e+00
1.012000e-05	-1.274479e-01	-4.429346e+00
1.013000e-05	7.148478e-02	-4.767865e+00
1.014000e-05	5.747227e-02	-4.926825e+00
1.015000e-05	-1.255163e-01	-5.366668e+00
1.016000e-05	1.602288e-01	-5.600500e+00
1.017000e-05	-1.846071e-01	-5.871060e+00
1.018000e-05	1.376840e-01	-6.148748e+00
1.019000e-05	-3.572005e-03	-6.398000e+00
1.020000e-05	-3.462581e-02	-6.727764e+00
1.021000e-05	9.781058e-02	-6.987850e+00
1.022000e-05	-1.403263e-01	-7.304665e+00
1.023000e-05	1.306829e-01	-7.536315e+00
1.024000e-05	-9.218323e-02	-7.819949e+00
1.025000e-05	7.489555e-02	-8.105241e+00
1.026000e-05	2.218996e-02	-8.366691e+00
1.027000e-05	-4.924677e-02	-8.589498e+00
1.028000e-05	1.049358e-01	-8.840604e+00
1.029000e-05	-1.257243e-01	-9.101610e+00
1.030000e-05	9.687238e-02	-9.323232e+00
1.031000e-05	-6.941052e-02	-9.566338e+00
1.032000e-05	9.194147e-02	-9.787898e+00
1.033000e-05	-1.218630e-02	-1.002937e+01
1.034000e-05	6.576034e-03	-1.023208e+01
1.035000e-05	1.949358e-02	-1.048364e+01
1.036000e-05	-3.809652e-02	-1.068368e+01
1.037000e-05	6.217119e-02	-1.086221e+01
1.038000e-05	-4.877727e-02	-1.114266e+01
1.039000e-05	6.773969e-02	-1.130669e+01
1.040000e-05	-3.391368e-02	-1.152667e+01
1.041000e-05	5.535154e-02	-1.175589e+01
1.042000e-05	-2.868466e-02	-1.193839e+01
1.043000e-05	2.133752e-02	-1.217789e+01
1.044000e-05	-5.424795e-03	-1.233679e+01
1.045000e-05	2.942401e-02	-1.248584e+01
1.046000e-05	2.056094e-02	-1.271378e+01
1.047000e-05	1.874753e-03	-1.288468e+01
1.048000e-05	1.052184e-02	-1.303310e+01
1.049000e-05	-2.676812e-03	-1.320045e+01
1.050000e-05	2.431553e-02	-1.336742e+01
1.051000e-05	-1.280619e-03	-1.350613e+01
1.052000e-05	2.691310e-02	-1.363372e+01
1.053000e-05	6.921446e-03	-1.381102e+01
1.054000e-05	3.018072e-02	-1.399744e+01
1.055000e-05	2.168912e-04	-1.407423e+01
1.056000e-05	1.244251e-02	-1.422168e+01
1.057000e-05	-7.329450e-05	-1.436839e+01
1.058000e-05	2.645970e-02	-1.452528e+01
1.059000e-05	1.681629e-02	-1.459897e+01
1.060000e-05	2.138027e-02	-1.469641e+01
1.061000e-05	1.070061e-02	-1.480001e+01
1.062000e-05	1.692201e-02	-1.489578e+01
1.063000e-05	2.017680e-02	-1.496957e+01
1.064000e-05	1.498581e-02	-1.511428e+01
1.065000e-05	1.851748e-02	-1.514042e+01
1.066000e-05	1.804583e-02	-1.522217e+01
1.067000e-05	2.944376e-02	-1.531531e+01
1.068000e-05	1.928121e-02	-1.538249e+01
1.069000e-05	1.890222e-02	-1.540148e+01
1.070000e-05	1.601846e-02	-1.550573e+01
1.071000e-05	2.890123e-02	-1.554791e+01
1.072000e-05	2.989771e-02	-1.561947e+01
1.073000e-05	2.824447e-02	-1.557164e+01
1.074000e-05	2.536298e-02	-1.564217e+01
1.075000e-05	2.888727e-02	-1.566318e+01
1.076000e-05	3.340739e-02	-1.569478e+01
1.077000e-05	3.299731e-02	-1.566683e+01
1.078000e-05	3.343613e-02	-1.570486e+01
1.079000e-05	3.938600e-02	-1.569834e+01
1.080000e-05	4.828324e-02	-1.566685e+01
1.081000e-05	4.992055e-02	-1.570581e+01
1.082000e-05	4.787589e-02	-1.568478e+01
1.083000e-05	5.088864e-02	-1.565370e+01
1.084000e-05	6.197206e-02	-1.563214e+01
1.085000e-05	7.397324e-02	-1.561172e+01
1.086000e-05	8.537666e-02	-1.557896e+01
1.087000e-05	9.906327e-02	-1.550791e+01
1.088000e-05	1.272614e-01	-1.546678e+01
1.089000e-05	1.688372e-01	-1.542407e+01
1.090000e-05	2.230258e-01	-1.535039e+01
1.091000e-05	2.491074e-01	-1.531586e+01
1.092000e-05	2.500000e-01	-1.522272e+01
1.093000e-05	2.500000e-01	-1.517044e+01
1.094000e-05	2.500000e-01	-1.505530e+01
1.095000e-05	2.409233e-01	-1.501002e+01
1.096000e-05	1.795784e-01	-1.488628e+01
1.097000e-05	1.270602e-01	-1.477210e+01
1.098000e-05	9.511103e-02	-1.468584e+01
1.099000e-05	7.029387e-02	-1.460257e+01
1.100000e-05	5.135365e-02	-1.447678e+01
1.101000e-05	4.121437e-02	-1.433859e+01
1.102000e-05	3.571059e-02	-1.421467e+01
1.103000e-05	2.869795e-02	-1.412636e+01
1.104000e-05	2.113124e-02	-1.393844e+01
1.105000e-05	1.784419e-02	-1.380417e+01
1.106000e-05	1.829312e-02	-1.367635e+01
1.107000e-05	1.871705e-02	-1.346651e+01
1.108000e-05	1.392165e-02	-1.338099e+01
1.109000e-05	9.866032e-03	-1.320270e+01
1.110000e-05	9.094925e-03	-1.303523e+01
1.111000e-05	1.063583e-02	-1.290688e+01
1.112000e-05	8.476246e-03	-1.274644e+01
1.113000e-05	5.412317e-03	-1.255101e+01
1.114000e-05	5.445923e-03	-1.235064e+01
1.115000e-05	6.366305e-03	-1.220067e+01
1.116000e-05	6.135734e-03	-1.199160e+01
1.117000e-05	2.351966e-03	-1.178214e+01
1.118000e-05	-8.099326e-05	-1.155114e+01
1.119000e-05	2.660169e-03	-1.131896e+01
1.120000e-05	4.756264e-03	-1.110639e+01
1.121000e-05	3.519670e-03	-1.091743e+01
1.122000e-05	-5.266742e-04	-1.072793e+01
1.123000e-05	-1.167208e-03	-1.051688e+01
1.124000e-05	2.061069e-03	-1.024486e+01
1.125000e-05	4.337215e-04	-1.004428e+01
1.126000e-05	-8.578335e-04	-9.801649e+00
1.127000e-05	-2.376469e-03	-9.633178e+00
1.128000e-05	9.647319e-04	-9.379542e+00
1.129000e-05	1.000052e-03	-9.108538e+00
1.130000e-05	-1.308664e-03	-8.916863e+00
1.131000e-05	-4.908183e-03	-8.685830e+00
1.132000e-05	-3.771407e-03	-8.431697e+00
1.133000e-05	-1.775369e-03	-8.170994e+00
1.134000e-05	-1.326873e-03	-7.904038e+00
1.135000e-05	-4.025955e-03	-7.613304e+00
1.136000e-05	-4.050841e-03	-7.370015e+00
1.137000e-05	-3.599988e-03	-7.095960e+00
1.138000e-05	-2.682362e-03	-6.853197e+00
1.139000e-05	-5.810035e-03	-6.590594e+00
1.140000e-05	-4.883156e-03	-6.319064e+00
1.141000e-05	-5.122686e-03	-6.033274e+00
1.142000e-05	-2.837387e-03	-5.750516e+00
1.143000e-05	-5.030324e-03	-5.516862e+00
1.144000e-05	-7.272829e-03	-5.201571e+00
1.145000e-05	-7.242881e-03	-4.903305e+00
1.146000e-05	-4.802634e-03	-4.538991e+00
1.147000e-05	-5.275084e-03	-4.318440e+00
1.148000e-05	-5.876546e-03	-4.053777e+00
1.149000e-05	-7.686410e-03	-3.792071e+00
1.150000e-05	-6.856476e-03	-3.456357e+00
1.151000e-05	-7.439324e-03	-3.202800e+00
1.152000e-05	-7.472042e-03	-2.877962e+00
1.153000e-05	-9.170200e-03	-2.613201e+00
1.154000e-05	-6.199138e-03	-2.335496e+00
1.155000e-05	-6.119531e-03	-2.013230e+00
1.156000e-05	-5.933108e-03	-1.780496e+00
1.157000e-05	-7.980836e-03	-1.496955e+00
1.158000e-05	-8.765753e-03	-1.118441e+00
1.159000e-05	-8.243528e-03	-8.743304e-01
1.160000e-05	-8.341391e-03	-5.710197e-01
1.161000e-05	-6.988078e-03	-2.953330e-01
1.162000e-05	-5.190353e-03	-2.067745e-02
1.163000e-05	7.120807e-03	3.230882e-01
1.164000e-05	-3.385179e-03	5.747236e-01
1.165000e-05	1.745341e-03	8.304001e-01
1.166000e-05	-5.306681e-03	1.163712e+00
1.167000e-05	-1.208318e-03	1.411320e+00
1.168000e-05	-4.261577e-03	1.755284e+00
1.169000e-05	9.917843e-03	1.956766e+00
1.170000e-05	4.199966e-02	2.228350e+00
1.171000e-05	9.357281e-02	2.493162e+00
1.172000e-05	-5.404386e-02	2.881580e+00
1.173000e-05	-4.825921e-02	3.149745e+00
1.174000e-05	-4.108750e-02	3.471007e+00
1.175000e-05	-2.104535e-02	3.713666e+00
1.176000e-05	-7.011384e-02	3.965790e+00
1.177000e-05	-8.635842e-03	4.136215e+00
1.178000e-05	1.171292e-01	4.450584e+00
1.179000e-05	-1.041694e-01	4.757340e+00
1.180000e-05	9.695031e-02	5.017904e+00
1.181000e-05	5.083076e-03	5.365744e+00
1.182000e-05	-9.582506e-02	5.601500e+00
1.183000e-05	6.493997e-02	5.923606e+00
1.184000e-05	-6.747650e-02	6.177470e+00
1.185000e-05	7.441828e-02	6.409898e+00
1.186000e-05	-4.059737e-02	6.744242e+00
1.187000e-05	-1.458965e-02	6.997296e+00
1.188000e-05	1.043035e-02	7.252604e+00
1.189000e-05	-3.943143e-02	7.546766e+00
1.190000e-05	3.263823e-02	7.788430e+00
1.191000e-05	-6.116161e-02	8.132765e+00
1.192000e-05	5.520843e-02	8.367319e+00
1.193000e-05	-1.291962e-02	8.599843e+00
1.194000e-05	-1.228244e-02	8.787346e+00
1.195000e-05	-1.814185e-03	9.032528e+00
1.196000e-05	-6.018656e-02	9.294561e+00
1.197000e-05	3.489568e-02	9.566161e+00
1.198000e-05	-1.957705e-02	9.728293e+00
1.199000e-05	2.749344e-02	1.000787e+01
1.200000e-05	-4.152673e-02	1.023950e+01
1.201000e-05	1.025270e-02	1.044145e+01
1.202000e-05	-1.371607e-02	1.066058e+01
1.203000e-05	-1.914311e-02	1.084363e+01
1.204000e-05	-1.341291e-02	1.105360e+01
1.205000e-05	-2.199021e-02	1.128416e+01
1.206000e-05	1.990625e-02	1.155326e+01
1.207000e-05	-1.804621e-02	1.173581e+01
1.208000e-05	-5.332153e-03	1.194621e+01
1.209000e-05	-3.716963e-02	1.210629e+01
1.210000e-05	3.397817e-03	1.231629e+01
1.211000e-05	-7.703495e-03	1.250421e+01
1.212000e-05	-4.822183e-03	1.268255e+01
1.213000e-05	-2.189932e-02	1.283260e+01
1.214000e-05	-1.740791e-02	1.298902e+01
1.215000e-05	-6.054090e-03	1.316732e+01
1.216000e-05	-2.034575e-02	1.333728e+01
1.217000e-05	-1.757273e-02	1.351370e+01
1.218000e-05	-2.230531e-02	1.360057e+01
1.219000e-05	2.064198e-03	1.378987e+01
1.220000e-05	-1.007598e-02	1.390483e+01
1.221000e-05	-1.863366e-02	1.402313e+01
1.222000e-05	-3.331019e-02	1.420197e+01
1.223000e-05	-1.931062e-02	1.434834e+01
1.224000e-05	-1.139875e-02	1.446413e+01
1.225000e-05	-1.780493e-02	1.455942e+01
1.226000e-05	-2.307896e-02	1.471575e+01
1.227000e-05	-2.268825e-02	1.478792e+01
1.228000e-05	-1.171109e-02	1.484615e+01
1.229000e-05	-2.164304e-02	1.496836e+01
1.230000e-05	-2.738744e-02	1.501260e+01
1.231000e-05	-3.075810e-02	1.508691e+01
1.232000e-05	-1.957693e-02	1.522997e+01
1.233000e-05	-1.924466e-02	1.521417e+01
1.234000e-05	-3.022278e-02	1.531574e+01
1.235000e-05	-3.612045e-02	1.538044e+01
1.236000e-05	-3.488855e-02	1.544162e+01
1.237000e-05	-2.310781e-02	1.548518e+01
1.238000e-05	-2.939764e-02	1.552646e+01
1.239000e-05	-3.504292e-02	1.553889e+01
1.240000e-05	-3.725154e-02	1.561157e+01
1.241000e-05	-3.154913e-02	1.562102e+01
1.242000e-05	-3.649459e-02	1.563214e+01
1.243000e-05	-4.879987e-02	1.564273e+01
1.244000e-05	-5.052392e-02	1.563470e+01
1.245000e-05	-4.749185e-02	1.565420e+01
1.246000e-05	-4.180109e-02	1.566318e+01
1.247000e-05	-5.447554e-02	1.562318e+01
1.248000e-05	-6.324111e-02	1.562317e+01
1.249000e-05	-6.858958e-02	1.562054e+01
1.250000e-05	-6.910343e-02	1.554954e+01
1.251000e-05	-8.267581e-02	1.556848e+01
1.252000e-05	-1.013793e-01	1.552534e+01
1.253000e-05	-1.192189e-01	1.548283e+01
1.254000e-05	-1.435856e-01	1.537214e+01
1.255000e-05	-1.863957e-01	1.538939e+01
1.256000e-05	-2.418349e-01	1.530723e+01
1.257000e-05	-2.500000e-01	1.524327e+01
1.258000e-05	-2.500000e-01	1.512894e+01
1.259000e-05	-2.500000e-01	1.507433e+01
1.260000e-05	-2.499800e-01	1.502049e+01
1.261000e-05	-2.326532e-01	1.488688e+01
1.262000e-05	-1.700284e-01	1.481262e+01
1.263000e-05	-1.196631e-01	1.471786e+01
1.264000e-05	-8.910069e-02	1.462255e+01
1.265000e-05	-7.683794e-02	1.448778e+01
1.266000e-05	-5.943745e-02	1.439209e+01
1.267000e-05	-4.665503e-02	1.426575e+01
1.268000e-05	-3.412657e-02	1.411846e+01
1.269000e-05	-3.425152e-02	1.398254e+01
1.270000e-05	-3.727868e-02	1.384623e+01
1.271000e-05	-2.906479e-02	1.370840e+01
1.272000e-05	-2.702253e-02	1.361949e+01
1.273000e-05	-2.337129e-02	1.341264e+01
1.274000e-05	-2.983360e-02	1.327420e+01
1.275000e-05	-2.162553e-02	1.311783e+01
1.276000e-05	-1.702796e-02	1.292886e+01
1.277000e-05	-1.207786e-02	1.280162e+01
1.278000e-05	-1.850602e-02	1.259157e+01
1.279000e-05	-2.058852e-02	1.244418e+01
1.280000e-05	-1.760685e-02	1.227525e+01
1.281000e-05	-1.464705e-02	1.209530e+01
1.282000e-05	-1.632413e-02	1.186531e+01
1.283000e-05	-1.975703e-02	1.167635e+01
1.284000e-05	-1.568715e-02	1.148538e+01
1.285000e-05	-1.124100e-02	1.125525e+01
1.286000e-05	-9.770995e-03	1.100317e+01
1.287000e-05	-1.373712e-02	1.083225e+01
1.288000e-05	-1.451587e-02	1.061360e+01
1.289000e-05	-1.132857e-02	1.040160e+01
1.290000e-05	-9.871872e-03	1.020102e+01
1.291000e-05	-1.266966e-02	9.957416e+00
1.292000e-05	-1.567041e-02	9.767905e+00
1.293000e-05	-1.204166e-02	9.456706e+00
1.294000e-05	-8.892302e-03	9.224726e+00
1.295000e-05	-9.220463e-03	9.062649e+00
1.296000e-05	-1.246094e-02	8.751539e+00
1.297000e-05	-1.213371e-02	8.549939e+00
1.298000e-05	-7.900205e-03	8.307411e+00
1.299000e-05	-6.833983e-03	8.035277e+00
1.300000e-05	-1.101653e-02	7.781066e+00
1.301000e-05	-1.289284e-02	7.548436e+00
1.302000e-05	-9.757766e-03	7.233799e+00
1.303000e-05	-8.374841e-03	7.011098e+00
1.304000e-05	-8.897797e-03	6.759512e+00
1.305000e-05	-1.237333e-02	6.455274e+00
1.306000e-05	-8.731131e-03	6.191119e+00
1.307000e-05	-6.169404e-03	5.948038e+00
1.308000e-05	-6.032640e-03	5.663309e+00
1.309000e-05	-9.124879e-03	5.383041e+00
1.310000e-05	-1.013836e-02	5.075851e+00
1.311000e-05	-7.460603e-03	4.747941e+00
1.312000e-05	-7.815920e-03	4.465807e+00
1.313000e-05	-8.160068e-03	4.232041e+00
1.314000e-05	-1.037327e-02	3.898834e+00
1.315000e-05	-7.721264e-03	3.654223e+00
1.316000e-05	-5.896163e-03	3.351987e+00
1.317000e-05	-5.090600e-03	3.045206e+00
1.318000e-05	-7.901579e-03	2.811120e+00
1.319000e-05	-7.598528e-03	2.447411e+00
1.320000e-05	-7.001585e-03	2.192675e+00
1.321000e-05	-6.552529e-03	1.928384e+00
1.322000e-05	-7.695214e-03	1.633653e+00
1.323000e-05	-7.973677e-03	1.318919e+00
1.324000e-05	-5.310315e-03	1.012700e+00
1.325000e-05	-3.615670e-03	7.068604e-01
1.326000e-05	-4.105916e-03	4.432263e-01
1.327000e-05	-5.573136e-03	1.479907e-01
1.328000e-05	-2.844276e-03	-1.567961e-01
1.329000e-05	9.999954e-03	-4.084753e-01
1.330000e-05	-3.054442e-03	-7.241896e-01
1.331000e-05	4.214530e-03	-9.677961e-01
1.332000e-05	-4.346315e-03	-1.252085e+00
1.333000e-05	3.816654e-03	-1.595299e+00
1.334000e-05	1.926109e-03	-1.796925e+00
1.335000e-05	3.734983e-02	-2.029479e+00
1.336000e-05	1.138274e-01	-2.284715e+00
1.337000e-05	-2.565753e-02	-2.694687e+00
1.338000e-05	-4.300553e-02	-3.115262e+00
1.339000e-05	-2.339889e-02	-3.399477e+00
1.340000e-05	-3.135647e-02	-3.608930e+00
1.341000e-05	-8.010230e-02	-3.892581e+00
1.342000e-05	7.559072e-02	-4.071581e+00
1.343000e-05	6.705693e-02	-4.250634e+00
1.344000e-05	-1.133729e-01	-4.607275e+00
1.345000e-05	2.027858e-01	-4.832108e+00
1.346000e-05	-1.709921e-01	-5.184299e+00
1.347000e-05	8.918297e-02	-5.544886e+00
1.348000e-05	-2.575169e-02	-5.723767e+00
1.349000e-05	-6.792610e-02	-6.051605e+00
1.350000e-05	1.583817e-01	-6.335236e+00
1.351000e-05	-1.380454e-01	-6.607350e+00
1.352000e-05	1.316087e-01	-6.853135e+00
1.353000e-05	-8.732966e-02	-7.146289e+00
1.354000e-05	1.476042e-02	-7.442026e+00
1.355000e-05	5.294060e-02	-7.674081e+00
1.356000e-05	-8.121926e-02	-7.987469e+00
1.357000e-05	1.441167e-01	-8.220554e+00
1.358000e-05	-1.143679e-01	-8.443585e+00
1.359000e-05	1.096738e-01	-8.754363e+00
1.360000e-05	-5.957146e-02	-8.999872e+00
1.361000e-05	-6.864838e-03	-9.200026e+00
1.362000e-05	3.632602e-02	-9.409981e+00
1.363000e-05	-2.938025e-02	-9.661182e+00
1.364000e-05	1.042539e-01	-9.883704e+00
1.365000e-05	-7.527658e-02	-1.007424e+01
1.366000e-05	8.021308e-02	-1.038794e+01
1.367000e-05	-7.535535e-02	-1.061797e+01
1.368000e-05	6.135239e-02	-1.076805e+01
1.369000e-05	-2.872917e-02	-1.097895e+01
1.370000e-05	2.943987e-02	-1.122097e+01
1.371000e-05	1.473965e-02	-1.141895e+01
1.372000e-05	8.111425e-03	-1.165315e+01
1.373000e-05	2.760319e-02	-1.185320e+01
1.374000e-05	-2.604158e-02	-1.206220e+01
1.375000e-05	2.851350e-02	-1.220258e+01
1.376000e-05	-1.168939e-02	-1.245006e+01
1.377000e-05	4.893936e-02	-1.261107e+01
1.378000e-05	-1.144523e-02	-1.281944e+01
1.379000e-05	2.356190e-02	-1.297995e+01
1.380000e-05	-1.154202e-02	-1.312627e+01
1.381000e-05	2.608986e-02	-1.327418e+01
1.382000e-05	1.853847e-03	-1.343205e+01
1.383000e-05	1.999221e-02	-1.358807e+01
1.384000e-05	1.212287e-02	-1.373626e+01
1.385000e-05	2.286782e-02	-1.389533e+01
1.386000e-05	1.330834e-02	-1.397208e+01
1.387000e-05	3.077770e-03	-1.416939e+01
1.388000e-05	5.741647e-03	-1.427438e+01
1.389000e-05	1.301015e-02	-1.440160e+01
1.390000e-05	2.772037e-02	-1.456646e+01
1.391000e-05	1.714367e-02	-1.463418e+01
1.392000e-05	2.012485e-02	-1.473796e+01
1.393000e-05	8.673097e-03	-1.488113e+01
1.394000e-05	2.323608e-02	-1.493843e+01
1.395000e-05	1.244302e-02	-1.503210e+01
1.396000e-05	2.003208e-02	-1.511581e+01
1.397000e-05	1.534865e-02	-1.519052e+01
1.398000e-05	2.706448e-02	-1.528365e+01
1.399000e-05	2.301759e-02	-1.534642e+01
1.400000e-05	1.957019e-02	-1.542102e+01
1.401000e-05	1.630116e-02	-1.545378e+01
1.402000e-05	2.301379e-02	-1.550634e+01
1.403000e-05	3.054174e-02	-1.553949e+01
1.404000e-05	2.955191e-02	-1.556009e+01
1.405000e-05	2.825409e-02	-1.558265e+01
1.406000e-05	2.731075e-02	-1.563275e+01
1.407000e-05	3.246474e-02	-1.567431e+01
1.408000e-05	3.223026e-02	-1.569633e+01
1.409000e-05	3.292151e-02	-1.570586e+01
1.410000e-05	3.528073e-02	-1.571733e+01
1.411000e-05	4.431900e-02	-1.570781e+01
1.412000e-05	5.044326e-02	-1.565583e+01
1.413000e-05	4.936954e-02	-1.568571e+01
1.414000e-05	4.873064e-02	-1.570381e+01
1.415000e-05	5.754598e-02	-1.567475e+01
1.416000e-05	6.799372e-02	-1.562067e+01
1.417000e-05	8.008481e-02	-1.559009e+01
1.418000e-05	9.014156e-02	-1.552844e+01
1.419000e-05	1.128907e-01	-1.546581e+01
1.420000e-05	1.476688e-01	-1.545518e+01
1.421000e-05	1.973663e-01	-1.537007e+01
1.422000e-05	2.434554e-01	-1.534681e+01
1.423000e-05	2.500000e-01	-1.525367e+01
1.424000e-05	2.500000e-01	-1.518157e+01
1.425000e-05	2.500000e-01	-1.507686e+01
1.426000e-05	2.491297e-01	-1.503172e+01
1.427000e-05	2.104896e-01	-1.492094e+01
1.428000e-05	1.481495e-01	-1.483172e+01
1.429000e-05	1.083319e-01	-1.469954e+01
1.430000e-05	8.203110e-02	-1.462423e+01
1.431000e-05	5.996482e-02	-1.456696e+01
1.432000e-05	4.497903e-02	-1.439309e+01
1.433000e-05	3.703131e-02	-1.429733e+01
1.434000e-05	3.216476e-02	-1.416197e+01
1.435000e-05	2.527794e-02	-1.401215e+01
1.436000e-05	1.895734e-02	-1.387538e+01
1.437000e-05	1.745234e-02	-1.373904e+01
1.438000e-05	1.832843e-02	-1.353152e+01
1.439000e-05	1.633189e-02	-1.342465e+01
1.440000e-05	1.206862e-02	-1.327635e+01
1.441000e-05	9.022288e-03	-1.313641e+01
1.442000e-05	9.847395e-03	-1.294149e+01
1.443000e-05	9.752406e-03	-1.278317e+01
1.444000e-05	7.048690e-03	-1.259312e+01
1.445000e-05	4.791574e-03	-1.243578e+01
1.446000e-05	5.372471e-03	-1.229526e+01
1.447000e-05	6.177135e-03	-1.208593e+01
1.448000e-05	5.026874e-03	-1.188733e+01
1.449000e-05	6.642275e-04	-1.163630e+01
1.450000e-05	1.825038e-03	-1.142275e+01
1.451000e-05	3.165303e-03	-1.117317e+01
1.452000e-05	5.320578e-03	-1.097165e+01
1.453000e-05	2.256441e-03	-1.080162e+01
1.454000e-05	2.167660e-04	-1.059210e+01
1.455000e-05	1.274695e-03	-1.035057e+01
1.456000e-05	1.595775e-03	-1.013004e+01
1.457000e-05	-2.608189e-04	-9.927964e+00
1.458000e-05	-3.044499e-03	-9.678912e+00
1.459000e-05	-1.643915e-03	-9.495856e+00
1.460000e-05	1.708513e-04	-9.253700e+00
1.461000e-05	1.157669e-03	-8.970597e+00
1.462000e-05	-2.839889e-03	-8.761124e+00
1.463000e-05	-3.187633e-03	-8.527493e+00
1.464000e-05	-2.557387e-03	-8.266407e+00
1.465000e-05	-6.533494e-04	-8.062848e+00
1.466000e-05	-3.103698e-03	-7.800042e+00
1.467000e-05	-3.766385e-03	-7.445359e+00
1.468000e-05	-4.244202e-03	-7.202249e+00
1.469000e-05	-3.625611e-03	-6.908492e+00
1.470000e-05	-4.310265e-03	-6.666834e+00
1.471000e-05	-6.301884e-03	-6.434256e+00
1.472000e-05	-5.134656e-03	-6.140080e+00
1.473000e-05	-3.940980e-03	-5.856387e+00
1.474000e-05	-2.647565e-03	-5.584229e+00
1.475000e-05	-6.441083e-03	-5.318462e+00
1.476000e-05	-7.120404e-03	-4.993797e+00
1.477000e-05	-6.733850e-03	-4.675831e+00
1.478000e-05	-4.936823e-03	-4.423227e+00
1.479000e-05	-6.191676e-03	-4.203146e+00
1.480000e-05	-8.208876e-03	-3.916989e+00
1.481000e-05	-6.650055e-03	-3.602224e+00
1.482000e-05	-6.686910e-03	-3.369517e+00
1.483000e-05	-5.657652e-03	-3.006809e+00
1.484000e-05	-8.028002e-03	-2.709517e+00
1.485000e-05	-6.356854e-03	-2.504862e+00
1.486000e-05	-6.764720e-03	-2.172576e+00
1.487000e-05	-6.110943e-03	-1.915811e+00
1.488000e-05	-8.962583e-03	-1.581156e+00
1.489000e-05	-1.007124e-02	-1.265362e+00
1.490000e-05	-9.915934e-03	-1.012078e+00
1.491000e-05	-8.279484e-03	-7.258131e-01
1.492000e-05	-6.305100e-03	-3.605999e-01
1.493000e-05	-6.727169e-03	-1.289169e-01
1.494000e-05	1.390136e-03	1.451933e-01
1.495000e-05	3.609817e-03	4.604817e-01
1.496000e-05	-3.679503e-03	6.931621e-01
1.497000e-05	-6.311767e-04	9.461947e-01
1.498000e-05	-6.765328e-03	1.292505e+00
1.499000e-05	-1.084613e-03	1.557146e+00
1.500000e-05	-2.796885e-04	1.842506e+00
1.501000e-05	2.363530e-02	2.072584e+00
1.502000e-05	8.032914e-02	2.346697e+00
1.503000e-05	2.955108e-02	2.673210e+00
1.504000e-05	-8.136329e-02	3.029849e+00
1.505000e-05	-2.978988e-02	3.324640e+00
1.506000e-05	-3.588066e-02	3.608398e+00
1.507000e-05	-3.561053e-02	3.840504e+00
1.508000e-05	-7.050652e-02	4.062478e+00
1.509000e-05	8.466018e-02	4.294686e+00
1.510000e-05	1.841114e-02	4.600501e+00
1.511000e-05	-6.870675e-02	4.872632e+00
1.512000e-05	1.543282e-01	5.168797e+00
1.513000e-05	-1.467157e-01	5.563211e+00
1.514000e-05	4.985527e-02	5.746315e+00
1.515000e-05	-2.728083e-02	6.032580e+00
1.516000e-05	3.094586e-03	6.315160e+00
1.517000e-05	4.391939e-02	6.527298e+00
1.518000e-05	-7.457925e-02	6.831606e+00
1.519000e-05	4.343788e-02	7.145707e+00
1.520000e-05	-5.824597e-02	7.358395e+00
1.521000e-05	3.159737e-02	7.663105e+00
1.522000e-05	-3.929642e-02	8.017890e+00
1.523000e-05	5.329371e-03	8.253579e+00
1.524000e-05	3.672705e-02	8.473055e+00
1.525000e-05	-3.464271e-02	8.733233e+00
1.526000e-05	1.685334e-02	8.915662e+00
1.527000e-05	-5.430208e-02	9.157368e+00
1.528000e-05	-1.141661e-03	9.419473e+00
1.529000e-05	2.653522e-03	9.631098e+00
1.530000e-05	6.692834e-03	9.884203e+00
1.531000e-05	-1.114490e-02	1.009426e+01
1.532000e-05	-1.979158e-02	1.032624e+01
1.533000e-05	8.819130e-03	1.054669e+01
1.534000e-05	-2.297463e-02	1.079884e+01
1.535000e-05	-9.259516e-03	1.100782e+01
1.536000e-05	-2.478880e-02	1.118794e+01
1.537000e-05	5.112721e-03	1.141995e+01
1.538000e-05	-1.659295e-03	1.167258e+01
1.539000e-05	-1.098924e-02	1.184052e+01
1.540000e-05	-2.735931e-02	1.203008e+01
1.541000e-05	-1.471871e-02	1.219108e+01
1.542000e-05	-2.422303e-03	1.240049e+01
1.543000e-05	-2.505551e-03	1.257940e+01
1.544000e-05	-1.635311e-02	1.272679e+01
1.545000e-05	-1.922835e-02	1.291629e+01
1.546000e-05	-1.070357e-02	1.308368e+01
1.547000e-05	-1.264799e-02	1.326315e+01
1.548000e-05	-2.036188e-02	1.338042e+01
1.549000e-05	-2.543265e-02	1.355881e+01
1.550000e-05	-7.180135e-03	1.368428e+01
1.551000e-05	-4.785026e-03	1.386305e+01
1.552000e-05	-1.009249e-02	1.394944e+01
1.553000e-05	-3.151758e-02	1.412781e+01
1.554000e-05	-2.214810e-02	1.431423e+01
1.555000e-05	-1.746486e-02	1.442104e+01
1.556000e-05	-1.166503e-02	1.452881e+01
1.557000e-05	-2.494166e-02	1.463315e+01
1.558000e-05	-2.482783e-02	1.471686e+01
1.559000e-05	-1.524272e-02	1.483200e+01
1.560000e-05	-1.777676e-02	1.492476e+01
1.561000e-05	-2.308225e-02	1.495047e+01
1.562000e-05	-3.398061e-02	1.504418e+01
1.563000e-05	-2.137464e-02	1.512894e+01
1.564000e-05	-1.908787e-02	1.520002e+01
1.565000e-05	-2.110771e-02	1.529523e+01
1.566000e-05	-3.720531e-02	1.535839e+01
1.567000e-05	-3.645823e-02	1.543197e+01
1.568000e-05	-2.790620e-02	1.546362e+01
1.569000e-05	-2.592013e-02	1.552726e+01
1.570000e-05	-3.351391e-02	1.553899e+01
1.571000e-05	-3.907499e-02	1.558899e+01
1.572000e-05	-3.337092e-02	1.560162e+01
1.573000e-05	-3.151532e-02	1.560204e+01
1.574000e-05	-4.256612e-02	1.560360e+01
1.575000e-05	-5.034948e-02	1.566512e+01
1.576000e-05	-4.800388e-02	1.568320e+01
1.577000e-05	-4.373611e-02	1.564423e+01
1.578000e-05	-4.710330e-02	1.560270e+01
1.579000e-05	-6.174796e-02	1.564372e+01
1.580000e-05	-6.961471e-02	1.561162e+01
1.581000e-05	-6.878672e-02	1.557955e+01
1.582000e-05	-7.439730e-02	1.554101e+01
1.583000e-05	-8.806908e-02	1.555591e+01
1.584000e-05	-1.110853e-01	1.544526e+01
1.585000e-05	-1.278913e-01	1.544522e+01
1.586000e-05	-1.622903e-01	1.531947e+01
1.587000e-05	-2.203279e-01	1.532880e+01
1.588000e-05	-2.493587e-01	1.528325e+01
1.589000e-05	-2.500000e-01	1.521009e+01
1.590000e-05	-2.500000e-01	1.507636e+01
1.591000e-05	-2.500000e-01	1.504518e+01
1.592000e-05	-2.457396e-01	1.496901e+01
1.593000e-05	-2.000728e-01	1.484475e+01
1.594000e-05	-1.388834e-01	1.478057e+01
1.595000e-05	-9.872534e-02	1.463473e+01
1.596000e-05	-8.081351e-02	1.454899e+01
1.597000e-05	-6.826647e-02	1.446570e+01
1.598000e-05	-5.618165e-02	1.431749e+01
1.599000e-05	-4.104788e-02	1.421167e+01
1.600000e-05	-3.632536e-02	1.403580e+01
1.601000e-05	-3.671505e-02	1.389791e+01
1.602000e-05	-3.389915e-02	1.376101e+01
1.603000e-05	-2.459684e-02	1.363372e+01
1.604000e-05	-2.034839e-02	1.350723e+01
1.605000e-05	-2.398383e-02	1.332741e+01
1.606000e-05	-2.672559e-02	1.316152e+01
1.607000e-05	-2.220540e-02	1.302362e+01
1.608000e-05	-1.578411e-02	1.286475e+01
1.609000e-05	-1.763398e-02	1.266683e+01
1.610000e-05	-2.052952e-02	1.254994e+01
1.611000e-05	-2.013139e-02	1.236699e+01
1.612000e-05	-1.273328e-02	1.217154e+01
1.613000e-05	-1.230801e-02	1.194006e+01
1.614000e-05	-1.691141e-02	1.178102e+01
1.615000e-05	-1.855626e-02	1.152946e+01
1.616000e-05	-1.362127e-02	1.134844e+01
1.617000e-05	-9.801718e-03	1.112989e+01
1.618000e-05	-1.283979e-02	1.091946e+01
1.619000e-05	-1.535833e-02	1.071741e+01
1.620000e-05	-1.395762e-02	1.051741e+01
1.621000e-05	-8.995519e-03	1.027828e+01
1.622000e-05	-1.017113e-02	1.004425e+01
1.623000e-05	-1.366326e-02	9.762619e+00
1.624000e-05	-1.452802e-02	9.580519e+00
1.625000e-05	-9.588386e-03	9.370497e+00
1.626000e-05	-8.510192e-03	9.107388e+00
1.627000e-05	-1.187735e-02	8.887380e+00
1.628000e-05	-1.411698e-02	8.613727e+00
1.629000e-05	-1.153429e-02	8.412151e+00
1.630000e-05	-6.885965e-03	8.210043e+00
1.631000e-05	-8.266868e-03	7.917411e+00
1.632000e-05	-1.188065e-02	7.646748e+00
1.633000e-05	-1.119565e-02	7.373036e+00
1.634000e-05	-7.340997e-03	7.076283e+00
1.635000e-05	-7.107972e-03	6.815229e+00
1.636000e-05	-1.150894e-02	6.550542e+00
1.637000e-05	-1.219031e-02	6.306381e+00
1.638000e-05	-9.343767e-03	6.057305e+00
1.639000e-05	-5.624248e-03	5.781121e+00
1.640000e-05	-8.876156e-03	5.498457e+00
1.641000e-05	-1.100066e-02	5.213198e+00
1.642000e-05	-9.676154e-03	4.865255e+00
1.643000e-05	-5.615914e-03	4.590620e+00
1.644000e-05	-6.123685e-03	4.331491e+00
1.645000e-05	-9.104810e-03	4.005855e+00
1.646000e-05	-9.520976e-03	3.769512e+00
1.647000e-05	-7.360670e-03	3.476835e+00
1.648000e-05	-5.700888e-03	3.160121e+00
1.649000e-05	-8.260485e-03	2.916863e+00
1.650000e-05	-9.187616e-03	2.686254e+00
1.651000e-05	-6.637750e-03	2.337462e+00
1.652000e-05	-5.300951e-03	2.074778e+00
1.653000e-05	-5.227136e-03	1.770624e+00
1.654000e-05	-7.358405e-03	1.455305e+00
1.655000e-05	-7.408041e-03	1.159567e+00
1.656000e-05	-4.670930e-03	8.112038e-01
1.657000e-05	-4.673101e-03	5.489896e-01
1.658000e-05	-5.710012e-03	2.457604e-01
1.659000e-05	-4.100028e-03	-5.998151e-02
1.660000e-05	2.840014e-03	-2.936620e-01
1.661000e-05	7.201056e-03	-5.843463e-01
1.662000e-05	-3.080274e-03	-8.405319e-01
1.663000e-05	3.223230e-03	-1.133766e+00
1.664000e-05	4.666191e-04	-1.450027e+00
1.665000e-05	3.051282e-03	-1.683161e+00
1.666000e-05	1.787439e-02	-1.944743e+00
1.667000e-05	7.837249e-02	-2.186146e+00
1.668000e-05	7.355522e-02	-2.534766e+00
1.669000e-05	-8.606405e-02	-2.933717e+00
1.670000e-05	-5.685541e-03	-3.294185e+00
1.671000e-05	-4.740327e-02	-3.544186e+00
1.672000e-05	-3.574835e-02	-3.696344e+00
1.673000e-05	-5.565831e-02	-3.957453e+00
1.674000e-05	1.851464e-01	-4.135792e+00
1.675000e-05	-1.480751e-01	-4.439532e+00
1.676000e-05	1.021224e-01	-4.736490e+00
1.677000e-05	3.565375e-02	-4.956800e+00
1.678000e-05	-1.051772e-01	-5.346874e+00
1.679000e-05	1.462464e-01	-5.599555e+00
1.680000e-05	-1.839877e-01	-5.924685e+00
1.681000e-05	1.614199e-01	-6.187422e+00
1.682000e-05	-2.679070e-02	-6.407127e+00
1.683000e-05	-1.080215e-02	-6.767815e+00
1.684000e-05	7.955069e-02	-6.977850e+00
1.685000e-05	-1.322652e-01	-7.292764e+00
1.686000e-05	1.321491e-01	-7.578845e+00
1.687000e-05	-1.041569e-01	-7.871002e+00
1.688000e-05	9.294055e-02	-8.125787e+00
1.689000e-05	8.926750e-04	-8.326261e+00
1.690000e-05	-3.013456e-02	-8.638998e+00
1.691000e-05	9.016033e-02	-8.852631e+00
1.692000e-05	-1.205074e-01	-9.104186e+00
1.693000e-05	9.920620e-02	-9.346791e+00
1.694000e-05	-7.500258e-02	-9.567839e+00
1.695000e-05	1.035020e-01	-9.789449e+00
1.696000e-05	-2.729333e-02	-9.997923e+00
1.697000e-05	2.118950e-02	-1.025220e+01
1.698000e-05	5.615812e-03	-1.045263e+01
1.699000e-05	-2.872163e-02	-1.071516e+01
1.700000e-05	5.088749e-02	-1.088463e+01
1.701000e-05	-4.336696e-02	-1.114574e+01
1.702000e-05	6.660617e-02	-1.129524e+01
1.703000e-05	-3.239236e-02	-1.152737e+01
1.704000e-05	5.670551e-02	-1.176887e+01
1.705000e-05	-3.190683e-02	-1.199799e+01
1.706000e-05	2.684005e-02	-1.217794e+01
1.707000e-05	-9.069504e-03	-1.235732e+01
1.708000e-05	3.154317e-02	-1.252724e+01
1.709000e-05	1.315515e-02	-1.272579e+01
1.710000e-05	5.185775e-03	-1.290579e+01
1.711000e-05	7.359430e-03	-1.304363e+01
1.712000e-05	7.485040e-04	-1.321010e+01
1.713000e-05	2.198780e-02	-1.333842e+01
1.714000e-05	1.988904e-03	-1.356434e+01
1.715000e-05	2.712489e-02	-1.365268e+01
1.716000e-05	8.218468e-03	-1.378010e+01
1.717000e-05	2.762942e-02	-1.393994e+01
1.718000e-05	-1.046616e-03	-1.405634e+01
1.719000e-05	1.240817e-02	-1.423210e+01
1.720000e-05	6.507320e-04	-1.433943e+01
1.721000e-05	2.743787e-02	-1.448535e+01
1.722000e-05	1.611050e-02	-1.459945e+01
1.723000e-05	2.306049e-02	-1.473681e+01
1.724000e-05	1.077316e-02	-1.479050e+01
1.725000e-05	1.815653e-02	-1.489583e+01
1.726000e-05	1.751471e-02	-1.498102e+01
1.727000e-05	1.530620e-02	-1.506573e+01
1.728000e-05	1.855816e-02	-1.513737e+01
1.729000e-05	1.904365e-02	-1.522222e+01
1.730000e-05	2.698736e-02	-1.530426e+01
1.731000e-05	1.912389e-02	-1.535997e+01
1.732000e-05	1.881832e-02	-1.541415e+01
1.733000e-05	1.793079e-02	-1.546478e+01
1.734000e-05	2.944434e-02	-1.551799e+01
1.735000e-05	2.994749e-02	-1.557854e+01
1.736000e-05	2.887923e-02	-1.561057e+01
1.737000e-05	2.644756e-02	-1.562068e+01
1.738000e-05	2.895409e-02	-1.566423e+01
1.739000e-05	3.293402e-02	-1.568583e+01
1.740000e-05	3.157464e-02	-1.569696e+01
1.741000e-05	3.463202e-02	-1.567783e+01
1.742000e-05	3.985119e-02	-1.571736e+01
1.743000e-05	4.916313e-02	-1.567738e+01
1.744000e-05	4.994944e-02	-1.567471e+01
1.745000e-05	4.883495e-02	-1.563520e+01
1.746000e-05	5.305032e-02	-1.567573e+01
1.747000e-05	6.345476e-02	-1.561220e+01
1.748000e-05	7.464231e-02	-1.560909e+01
1.749000e-05	8.434596e-02	-1.558049e+01
1.750000e-05	1.005864e-01	-1.550789e+01
1.751000e-05	1.283037e-01	-1.547380e+01
1.752000e-05	1.705385e-01	-1.539067e+01
1.753000e-05	2.272278e-01	-1.533744e+01
1.754000e-05	2.493334e-01	-1.530483e+01
1.755000e-05	2.500000e-01	-1.521275e+01
1.756000e-05	2.500000e-01	-1.513899e+01
1.757000e-05	2.500000e-01	-1.504323e+01
1.758000e-05	2.376508e-01	-1.497999e+01
1.759000e-05	1.741335e-01	-1.485675e+01
1.760000e-05	1.247143e-01	-1.482009e+01
1.761000e-05	9.270323e-02	-1.467636e+01
1.762000e-05	6.933280e-02	-1.460257e+01
1.763000e-05	5.044979e-02	-1.447635e+01
1.764000e-05	4.056891e-02	-1.435801e+01
1.765000e-05	3.511922e-02	-1.425363e+01
1.766000e-05	2.986519e-02	-1.410786e+01
1.767000e-05	2.119927e-02	-1.391801e+01
1.768000e-05	1.770479e-02	-1.381167e+01
1.769000e-05	1.686818e-02	-1.366428e+01
1.770000e-05	1.731069e-02	-1.346783e+01
1.771000e-05	1.303993e-02	-1.335102e+01
1.772000e-05	9.468725e-03	-1.318170e+01
1.773000e-05	9.067872e-03	-1.302273e+01
1.774000e-05	1.162799e-02	-1.288583e+01
1.775000e-05	9.603460e-03	-1.270735e+01
1.776000e-05	5.670258e-03	-1.251838e+01
1.777000e-05	4.243275e-03	-1.236949e+01
1.778000e-05	5.879315e-03	-1.218107e+01
1.779000e-05	5.319447e-03	-1.201109e+01
1.780000e-05	2.676570e-03	-1.181962e+01
1.781000e-05	9.662799e-04	-1.152056e+01
1.782000e-05	3.253081e-03	-1.129741e+01
1.783000e-05	3.937397e-03	-1.108536e+01
1.784000e-05	3.694427e-03	-1.088493e+01
1.785000e-05	8.925934e-04	-1.067826e+01
1.786000e-05	8.734878e-04	-1.048551e+01
1.787000e-05	1.745197e-03	-1.023373e+01
1.788000e-05	1.288543e-03	-1.003230e+01
1.789000e-05	-1.444376e-03	-9.813176e+00
1.790000e-05	-1.931184e-03	-9.591123e+00
1.791000e-05	-1.299679e-03	-9.330990e+00
1.792000e-05	3.277319e-04	-9.118854e+00
1.793000e-05	-1.583011e-03	-8.917883e+00
1.794000e-05	-3.217640e-03	-8.653304e+00
1.795000e-05	-1.959247e-03	-8.382722e+00
1.796000e-05	9.737806e-05	-8.201068e+00
1.797000e-05	-1.263980e-03	-7.915911e+00
1.798000e-05	-3.836822e-03	-7.622241e+00
1.799000e-05	-4.906277e-03	-7.339489e+00
1.800000e-05	-4.432975e-03	-7.047881e+00
1.801000e-05	-3.506144e-03	-6.780600e+00
1.802000e-05	-5.015882e-03	-6.569994e+00
1.803000e-05	-5.431029e-03	-6.318432e+00
1.804000e-05	-4.643755e-03	-6.032171e+00
1.805000e-05	-2.681937e-03	-5.769010e+00
1.806000e-05	-4.790734e-03	-5.446305e+00
1.807000e-05	-6.420581e-03	-5.178043e+00
1.808000e-05	-6.669361e-03	-4.834329e+00
1.809000e-05	-5.019110e-03	-4.528543e+00
1.810000e-05	-5.872403e-03	-4.327438e+00
1.811000e-05	-7.129088e-03	-4.054203e+00
1.812000e-05	-8.020366e-03	-3.720939e+00
1.813000e-05	-6.398621e-03	-3.476257e+00
1.814000e-05	-6.899910e-03	-3.211654e+00
1.815000e-05	-6.226428e-03	-2.856388e+00
1.816000e-05	-7.961026e-03	-2.633754e+00
1.817000e-05	-5.404730e-03	-2.337962e+00
1.818000e-05	-6.560085e-03	-2.002155e+00
1.819000e-05	-7.329606e-03	-1.729544e+00
1.820000e-05	-1.077014e-02	-1.446856e+00
1.821000e-05	-9.192433e-03	-1.117891e+00
1.822000e-05	-9.129034e-03	-8.536801e-01
1.823000e-05	-7.831024e-03	-5.083920e-01
1.824000e-05	-8.137609e-03	-2.458079e-01
1.825000e-05	-3.222650e-03	-2.159888e-02
1.826000e-05	6.613384e-03	3.342147e-01
1.827000e-05	-4.683195e-03	5.877460e-01
1.828000e-05	2.394546e-03	8.204840e-01
1.829000e-05	-5.637387e-03	1.145786e+00
1.830000e-05	-2.994676e-04	1.420944e+00
1.831000e-05	-3.385246e-03	1.744745e+00
1.832000e-05	1.080026e-02	1.966819e+00
1.833000e-05	4.383511e-02	2.217901e+00
1.834000e-05	9.001420e-02	2.524117e+00
1.835000e-05	-6.189402e-02	2.872108e+00
1.836000e-05	-4.293993e-02	3.145794e+00
1.837000e-05	-3.965408e-02	3.462504e+00
1.838000e-05	-1.838803e-02	3.695741e+00
1.839000e-05	-7.339822e-02	3.966841e+00
1.840000e-05	8.553381e-04	4.156823e+00
1.841000e-05	1.093387e-01	4.473561e+00
1.842000e-05	-1.133582e-01	4.777367e+00
1.843000e-05	1.147958e-01	5.008928e+00
1.844000e-05	-1.873457e-02	5.387295e+00
1.845000e-05	-7.790067e-02	5.621927e+00
1.846000e-05	5.995346e-02	5.935190e+00
1.847000e-05	-6.329370e-02	6.199370e+00
1.848000e-05	7.756002e-02	6.450456e+00
1.849000e-05	-5.096885e-02	6.753789e+00
1.850000e-05	-4.730607e-03	6.989446e+00
1.851000e-05	-1.074814e-03	7.323582e+00
1.852000e-05	-3.347172e-02	7.575343e+00
1.853000e-05	2.417008e-02	7.810502e+00
1.854000e-05	-5.794834e-02	8.145336e+00
1.855000e-05	5.904723e-02	8.378897e+00
1.856000e-05	-1.562294e-02	8.577896e+00
1.857000e-05	-5.464281e-03	8.838546e+00
1.858000e-05	-7.746695e-03	9.082131e+00
1.859000e-05	-5.611311e-02	9.294233e+00
1.860000e-05	3.368915e-02	9.535763e+00
1.861000e-05	-2.094787e-02	9.747897e+00
1.862000e-05	2.369908e-02	1.001042e+01
1.863000e-05	-4.361165e-02	1.024100e+01
1.864000e-05	1.401689e-02	1.046208e+01
1.865000e-05	-1.393259e-02	1.067258e+01
1.866000e-05	-1.593648e-02	1.087363e+01
1.867000e-05	-1.371818e-02	1.105315e+01
1.868000e-05	-1.907844e-02	1.131564e+01
1.869000e-05	1.845912e-02	1.155726e+01
1.870000e-05	-2.008932e-02	1.176681e+01
1.871000e-05	-9.309412e-03	1.191484e+01
1.872000e-05	-3.654967e-02	1.215729e+01
1.873000e-05	4.129876e-03	1.231576e+01
1.874000e-05	-7.006476e-03	1.245374e+01
1.875000e-05	-4.774707e-03	1.268361e+01
1.876000e-05	-2.129150e-02	1.287205e+01
1.877000e-05	-1.620674e-02	1.300997e+01
1.878000e-05	-6.000594e-03	1.316042e+01
1.879000e-05	-2.138293e-02	1.336526e+01
1.880000e-05	-1.944721e-02	1.348421e+01
1.881000e-05	-2.236349e-02	1.362057e+01
1.882000e-05	1.571557e-03	1.379140e+01
1.883000e-05	-1.100679e-02	1.393668e+01
1.884000e-05	-2.017981e-02	1.407315e+01
1.885000e-05	-3.146772e-02	1.423197e+01
1.886000e-05	-1.866590e-02	1.433946e+01
1.887000e-05	-1.050894e-02	1.447365e+01
1.888000e-05	-1.863702e-02	1.458004e+01
1.889000e-05	-2.484604e-02	1.473421e+01
1.890000e-05	-2.282847e-02	1.477950e+01
1.891000e-05	-1.291143e-02	1.487463e+01
1.892000e-05	-2.244901e-02	1.492891e+01
1.893000e-05	-2.921005e-02	1.504108e+01
1.894000e-05	-2.901705e-02	1.514733e+01
1.895000e-05	-1.887553e-02	1.517897e+01
1.896000e-05	-1.713721e-02	1.525220e+01
1.897000e-05	-3.098322e-02	1.529781e+01
1.898000e-05	-3.625793e-02	1.540094e+01
1.899000e-05	-3.569803e-02	1.544362e+01
1.900000e-05	-2.298146e-02	1.550378e+01
1.901000e-05	-3.153514e-02	1.555743e+01
1.902000e-05	-3.695720e-02	1.557897e+01
1.903000e-05	-3.721905e-02	1.555994e+01
1.904000e-05	-3.114956e-02	1.562060e+01
1.905000e-05	-3.490596e-02	1.562260e+01
1.906000e-05	-4.859270e-02	1.563368e+01
1.907000e-05	-4.902362e-02	1.563213e+01
1.908000e-05	-4.758109e-02	1.566310e+01
1.909000e-05	-4.258815e-02	1.560408e+01
1.910000e-05	-5.540118e-02	1.563270e+01
1.911000e-05	-6.592034e-02	1.563267e+01
1.912000e-05	-6.916280e-02	1.559107e+01
1.913000e-05	-6.931528e-02	1.558049e+01
1.914000e-05	-8.074899e-02	1.551591e+01
1.915000e-05	-1.013832e-01	1.549583e+01
1.916000e-05	-1.196165e-01	1.547618e+01
1.917000e-05	-1.458701e-01	1.540199e+01
1.918000e-05	-1.901530e-01	1.535839e+01
1.919000e-05	-2.437549e-01	1.529620e+01
1.920000e-05	-2.500000e-01	1.521214e+01
1.921000e-05	-2.500000e-01	1.514899e+01
1.922000e-05	-2.500000e-01	1.506575e+01
1.923000e-05	-2.498700e-01	1.499214e+01
1.924000e-05	-2.292540e-01	1.493583e+01
1.925000e-05	-1.656899e-01	1.481309e+01
1.926000e-05	-1.155778e-01	1.471741e+01
1.927000e-05	-8.695756e-02	1.460114e+01
1.928000e-05	-7.290401e-02	1.452926e+01
1.929000e-05	-6.084633e-02	1.438109e+01
1.930000e-05	-4.636536e-02	1.427372e+01
1.931000e-05	-3.794859e-02	1.417786e+01
1.932000e-05	-3.594307e-02	1.403101e+01
1.933000e-05	-3.655968e-02	1.385422e+01
1.934000e-05	-2.826295e-02	1.368783e+01
1.935000e-05	-2.278254e-02	1.352999e+01
1.936000e-05	-2.073385e-02	1.342312e+01
1.937000e-05	-2.621626e-02	1.323375e+01
1.938000e-05	-2.329335e-02	1.307688e+01
1.939000e-05	-1.897913e-02	1.295001e+01
1.940000e-05	-1.554909e-02	1.279049e+01
1.941000e-05	-1.963901e-02	1.260207e+01
1.942000e-05	-2.162263e-02	1.242425e+01
1.943000e-05	-1.607549e-02	1.225373e+01
1.944000e-05	-1.302043e-02	1.208673e+01
1.945000e-05	-1.367163e-02	1.183635e+01
1.946000e-05	-1.900261e-02	1.166575e+01
1.947000e-05	-1.493646e-02	1.145527e+01
1.948000e-05	-1.174698e-02	1.120429e+01
1.949000e-05	-1.089868e-02	1.101362e+01
1.950000e-05	-1.522211e-02	1.082362e+01
1.951000e-05	-1.528015e-02	1.059307e+01
1.952000e-05	-1.221992e-02	1.035262e+01
1.953000e-05	-1.036525e-02	1.016107e+01
1.954000e-05	-1.207133e-02	9.937965e+00
1.955000e-05	-1.476009e-02	9.677805e+00
1.956000e-05	-1.200022e-02	9.454653e+00
1.957000e-05	-8.370090e-03	9.224677e+00
1.958000e-05	-9.627288e-03	8.982440e+00
1.959000e-05	-1.250051e-02	8.739941e+00
1.960000e-05	-1.259319e-02	8.518985e+00
1.961000e-05	-8.792504e-03	8.305358e+00
1.962000e-05	-8.355223e-03	8.061700e+00
1.963000e-05	-9.952261e-03	7.790517e+00
1.964000e-05	-1.203436e-02	7.497914e+00
1.965000e-05	-9.481899e-03	7.204121e+00
1.966000e-05	-7.185409e-03	6.960494e+00
1.967000e-05	-8.727315e-03	6.695886e+00
1.968000e-05	-1.021492e-02	6.423648e+00
1.969000e-05	-9.639408e-03	6.180041e+00
1.970000e-05	-7.238078e-03	5.908912e+00
1.971000e-05	-7.032569e-03	5.655148e+00
1.972000e-05	-9.601900e-03	5.399990e+00
1.973000e-05	-1.125802e-02	5.015224e+00
1.974000e-05	-7.811648e-03	4.738890e+00
1.975000e-05	-7.049526e-03	4.455755e+00
1.976000e-05	-6.117429e-03	4.209521e+00
1.977000e-05	-8.234092e-03	3.925284e+00
1.978000e-05	-7.018631e-03	3.593148e+00
1.979000e-05	-6.556110e-03	3.360416e+00
1.980000e-05	-6.618804e-03	3.034723e+00
1.981000e-05	-8.529566e-03	2.772051e+00
1.982000e-05	-8.879524e-03	2.514335e+00
1.983000e-05	-7.349008e-03	2.151017e+00
1.984000e-05	-5.235438e-03	1.928459e+00
1.985000e-05	-6.646579e-03	1.562550e+00
1.986000e-05	-6.648435e-03	1.298363e+00
1.987000e-05	-5.854908e-03	1.003521e+00
1.988000e-05	-4.494800e-03	7.058091e-01
1.989000e-05	-4.330878e-03	3.921225e-01
1.990000e-05	-4.621623e-03	1.692917e-01
1.991000e-05	-8.272263e-04	-1.563687e-01
1.992000e-05	9.899135e-03	-4.505303e-01
1.993000e-05	-3.677278e-03	-7.112860e-01
1.994000e-05	3.980293e-03	-9.493500e-01
1.995000e-05	-5.010069e-03	-1.243108e+00
1.996000e-05	3.471272e-03	-1.558339e+00
1.997000e-05	4.068611e-03	-1.808474e+00
1.998000e-05	4.251168e-02	-2.042528e+00
1.999000e-05	1.165406e-01	-2.325720e+00
2.000000e-05	-3.818046e-02	-2.734719e+00
2.001000e-05	-3.648300e-02	-3.165739e+00
2.002000e-05	-2.948016e-02	-3.410952e+00
2.003000e-05	-2.981822e-02	-3.609004e+00
2.004000e-05	-8.454898e-02	-3.892685e+00
2.005000e-05	9.592245e-02	-4.062058e+00
2.006000e-05	4.113000e-02	-4.302608e+00
2.007000e-05	-9.139519e-02	-4.649448e+00
2.008000e-05	1.864097e-01	-4.861582e+00
2.009000e-05	-1.832625e-01	-5.189750e+00
2.010000e-05	1.135728e-01	-5.535916e+00
2.011000e-05	-5.027413e-02	-5.727819e+00
2.012000e-05	-4.463847e-02	-6.061556e+00
2.013000e-05	1.418561e-01	-6.335186e+00
2.014000e-05	-1.345323e-01	-6.608404e+00
2.015000e-05	1.367835e-01	-6.854157e+00
2.016000e-05	-1.028142e-01	-7.166284e+00
2.017000e-05	3.506504e-02	-7.470604e+00
2.018000e-05	3.233666e-02	-7.693136e+00
2.019000e-05	-6.411577e-02	-7.999924e+00
2.020000e-05	1.350235e-01	-8.199526e+00
2.021000e-05	-1.145515e-01	-8.473109e+00
2.022000e-05	1.159181e-01	-8.786818e+00
2.023000e-05	-7.538882e-02	-8.998423e+00
2.024000e-05	1.089077e-02	-9.231627e+00
2.025000e-05	2.096571e-02	-9.431101e+00
2.026000e-05	-1.411191e-02	-9.704209e+00
2.027000e-05	9.065381e-02	-9.853713e+00
2.028000e-05	-6.780482e-02	-1.014632e+01
2.029000e-05	7.734937e-02	-1.037702e+01
2.030000e-05	-7.570240e-02	-1.060747e+01
2.031000e-05	6.612870e-02	-1.077992e+01
2.032000e-05	-3.720264e-02	-1.101752e+01
2.033000e-05	3.909072e-02	-1.120310e+01
2.034000e-05	4.748709e-03	-1.142013e+01
2.035000e-05	1.478783e-02	-1.170376e+01
2.036000e-05	1.860894e-02	-1.185268e+01
2.037000e-05	-1.937723e-02	-1.208323e+01
2.038000e-05	2.562658e-02	-1.227361e+01
2.039000e-05	-6.600625e-03	-1.245266e+01
2.040000e-05	4.684368e-02	-1.264255e+01
2.041000e-05	-1.172807e-02	-1.280842e+01
2.042000e-05	2.358843e-02	-1.297955e+01
2.043000e-05	-1.284748e-02	-1.312729e+01
2.044000e-05	2.597443e-02	-1.329434e+01
2.045000e-05	8.032523e-05	-1.344110e+01
2.046000e-05	2.347793e-02	-1.361047e+01
2.047000e-05	1.174853e-02	-1.373777e+01
2.048000e-05	2.515303e-02	-1.391634e+01
2.049000e-05	1.086495e-02	-1.404112e+01
2.050000e-05	4.958556e-03	-1.418992e+01
2.051000e-05	4.383511e-03	-1.427678e+01
2.052000e-05	1.441671e-02	-1.444070e+01
2.053000e-05	2.452600e-02	-1.457691e+01
2.054000e-05	1.749470e-02	-1.467468e+01
2.055000e-05	1.951755e-02	-1.475052e+01
2.056000e-05	1.082949e-02	-1.483315e+01
2.057000e-05	2.272822e-02	-1.495942e+01
2.058000e-05	1.301634e-02	-1.505158e+01
2.059000e-05	1.965373e-02	-1.514638e+01
2.060000e-05	1.629822e-02	-1.520012e+01
2.061000e-05	2.781148e-02	-1.529468e+01
2.062000e-05	2.243029e-02	-1.537737e+01
2.063000e-05	1.964885e-02	-1.540057e+01
2.064000e-05	1.612431e-02	-1.546326e+01
2.065000e-05	2.359921e-02	-1.546681e+01
2.066000e-05	3.046918e-02	-1.555949e+01
2.067000e-05	2.903873e-02	-1.555907e+01
2.068000e-05	2.869477e-02	-1.562062e+01
2.069000e-05	2.752517e-02	-1.564265e+01
2.070000e-05	3.315218e-02	-1.566578e+01
2.071000e-05	3.220028e-02	-1.570833e+01
2.072000e-05	3.242746e-02	-1.568573e+01
2.073000e-05	3.534187e-02	-1.570733e+01
2.074000e-05	4.492418e-02	-1.573596e+01
2.075000e-05	4.988758e-02	-1.571533e+01
2.076000e-05	5.018669e-02	-1.566528e+01
2.077000e-05	5.006240e-02	-1.568268e+01
2.078000e-05	5.847179e-02	-1.565425e+01
2.079000e-05	6.862416e-02	-1.560217e+01
2.080000e-05	7.954245e-02	-1.555812e+01
2.081000e-05	9.156988e-02	-1.553789e+01
2.082000e-05	1.142201e-01	-1.548733e+01
2.083000e-05	1.476211e-01	-1.543525e+01
2.084000e-05	2.009738e-01	-1.535009e+01
2.085000e-05	2.430969e-01	-1.532689e+01
2.086000e-05	2.500000e-01	-1.524525e+01
2.087000e-05	2.500000e-01	-1.516107e+01
2.088000e-05	2.500000e-01	-1.509631e+01
2.089000e-05	2.486847e-01	-1.500259e+01
2.090000e-05	2.042032e-01	-1.489841e+01
2.091000e-05	1.444769e-01	-1.485322e+01
2.092000e-05	1.031558e-01	-1.474799e+01
2.093000e-05	8.068067e-02	-1.463482e+01
2.094000e-05	5.893257e-02	-1.453946e+01
2.095000e-05	4.629495e-02	-1.442265e+01
2.096000e-05	3.820902e-02	-1.427636e+01
2.097000e-05	3.187243e-02	-1.418846e+01
2.098000e-05	2.348578e-02	-1.403224e+01
2.099000e-05	1.879183e-02	-1.386483e+01
2.100000e-05	1.621339e-02	-1.372786e+01
2.101000e-05	1.859462e-02	-1.354957e+01
2.102000e-05	1.572558e-02	-1.341372e+01
2.103000e-05	1.233392e-02	-1.326430e+01
2.104000e-05	8.398509e-03	-1.312686e+01
2.105000e-05	9.820377e-03	-1.298046e+01
2.106000e-05	9.918090e-03	-1.277259e+01
2.107000e-05	8.074426e-03	-1.259270e+01
2.108000e-05	5.465135e-03	-1.248470e+01
2.109000e-05	5.917140e-03	-1.226477e+01
2.110000e-05	6.576607e-03	-1.207583e+01
2.111000e-05	4.334573e-03	-1.188637e+01
2.112000e-05	1.490347e-03	-1.162520e+01
2.113000e-05	1.572338e-03	-1.139222e+01
2.114000e-05	4.196200e-03	-1.119017e+01
2.115000e-05	4.714023e-03	-1.100212e+01
2.116000e-05	1.964556e-03	-1.079005e+01
2.117000e-05	-8.897851e-04	-1.056912e+01
2.118000e-05	3.455696e-04	-1.037954e+01
2.119000e-05	2.587501e-03	-1.016746e+01
2.120000e-05	8.220099e-04	-9.897912e+00
2.121000e-05	-2.901398e-03	-9.704458e+00
2.122000e-05	-1.447983e-03	-9.475328e+00
2.123000e-05	8.563488e-04	-9.212177e+00
2.124000e-05	-3.132642e-04	-9.021023e+00
2.125000e-05	-3.061313e-03	-8.770169e+00
2.126000e-05	-3.983484e-03	-8.518959e+00
2.127000e-05	-1.823199e-03	-8.255808e+00
2.128000e-05	2.629085e-05	-7.994224e+00
2.129000e-05	-1.945272e-03	-7.740562e+00
2.130000e-05	-4.623843e-03	-7.423906e+00
2.131000e-05	-3.488023e-03	-7.183223e+00
2.132000e-05	-3.371835e-03	-6.937444e+00
2.133000e-05	-4.129682e-03	-6.675781e+00
2.134000e-05	-6.014099e-03	-6.424205e+00
2.135000e-05	-4.406369e-03	-6.118013e+00
2.136000e-05	-4.458545e-03	-5.865808e+00
2.137000e-05	-2.599864e-03	-5.583624e+00
2.138000e-05	-6.875281e-03	-5.287925e+00
2.139000e-05	-7.008091e-03	-4.993224e+00
2.140000e-05	-5.907670e-03	-4.706302e+00
2.141000e-05	-3.936991e-03	-4.413100e+00
2.142000e-05	-5.902688e-03	-4.180147e+00
2.143000e-05	-7.793975e-03	-3.908860e+00
2.144000e-05	-7.622182e-03	-3.582649e+00
2.145000e-05	-7.580926e-03	-3.348520e+00
2.146000e-05	-6.748807e-03	-3.022731e+00
2.147000e-05	-8.477481e-03	-2.718990e+00
2.148000e-05	-6.134926e-03	-2.433258e+00
2.149000e-05	-6.220302e-03	-2.191517e+00
2.150000e-05	-5.284249e-03	-1.876784e+00
2.151000e-05	-9.159007e-03	-1.610625e+00
2.152000e-05	-9.836945e-03	-1.313759e+00
2.153000e-05	-1.048416e-02	-9.595461e-01
2.154000e-05	-8.484678e-03	-6.768892e-01
2.155000e-05	-7.926113e-03	-3.805233e-01
2.156000e-05	-7.099972e-03	-1.059369e-01
2.157000e-05	2.394796e-03	1.662737e-01
2.158000e-05	3.374792e-03	4.720078e-01
2.159000e-05	-2.727186e-03	7.046395e-01
2.160000e-05	-6.606326e-04	9.578301e-01
2.161000e-05	-5.644038e-03	1.294638e+00
2.162000e-05	-9.977561e-04	1.590325e+00
2.163000e-05	-6.370911e-04	1.872084e+00
2.164000e-05	2.339646e-02	2.073607e+00
2.165000e-05	8.342099e-02	2.317249e+00
2.166000e-05	1.732045e-02	2.723687e+00
2.167000e-05	-7.822020e-02	3.048975e+00
2.168000e-05	-3.032538e-02	3.332120e+00
2.169000e-05	-3.293817e-02	3.629424e+00
2.170000e-05	-3.938489e-02	3.861053e+00
2.171000e-05	-6.461429e-02	4.059556e+00
2.172000e-05	9.351201e-02	4.315690e+00
2.173000e-05	-4.911872e-05	4.641954e+00
2.174000e-05	-4.992003e-02	4.872036e+00
2.175000e-05	1.416832e-01	5.196951e+00
2.176000e-05	-1.505139e-01	5.503638e+00
2.177000e-05	5.943427e-02	5.757846e+00
2.178000e-05	-3.742485e-02	6.082106e+00
2.179000e-05	1.585888e-02	6.295158e+00
2.180000e-05	3.387042e-02	6.577897e+00
2.181000e-05	-6.942316e-02	6.905208e+00
2.182000e-05	4.267797e-02	7.136166e+00
2.183000e-05	-5.993524e-02	7.411926e+00
2.184000e-05	3.586745e-02	7.704163e+00
2.185000e-05	-4.636668e-02	8.019395e+00
2.186000e-05	1.377824e-02	8.243077e+00
2.187000e-05	3.044636e-02	8.503581e+00
2.188000e-05	-3.294543e-02	8.684661e+00
2.189000e-05	1.851642e-02	8.966746e+00
2.190000e-05	-5.901755e-02	9.188398e+00
2.191000e-05	7.070094e-03	9.440974e+00
2.192000e-05	-1.524398e-03	9.651181e+00
2.193000e-05	1.319656e-02	9.904155e+00
2.194000e-05	-1.837791e-02	1.008626e+01
2.195000e-05	-1.555733e-02	1.034686e+01
2.196000e-05	6.231583e-03	1.056629e+01
2.197000e-05	-2.287105e-02	1.081894e+01
2.198000e-05	-7.521833e-03	1.097947e+01
2.199000e-05	-2.457074e-02	1.119649e+01
2.200000e-05	9.636093e-03	1.143205e+01
2.201000e-05	-5.328544e-03	1.165257e+01
2.202000e-05	-9.267126e-03	1.189210e+01
2.203000e-05	-3.067376e-02	1.203150e+01
2.204000e-05	-1.043058e-02	1.223155e+01
2.205000e-05	-3.270213e-03	1.244987e+01
2.206000e-05	-1.357605e-03	1.258732e+01
2.207000e-05	-1.789999e-02	1.276889e+01
2.208000e-05	-1.993979e-02	1.295584e+01
2.209000e-05	-1.069796e-02	1.306518e+01
2.210000e-05	-1.353863e-02	1.326258e+01
2.211000e-05	-1.932037e-02	1.341092e+01
2.212000e-05	-2.457067e-02	1.353836e+01
2.213000e-05	-4.238629e-03	1.371526e+01
2.214000e-05	-6.945707e-03	1.386313e+01
2.215000e-05	-1.185014e-02	1.396999e+01
2.216000e-05	-3.378350e-02	1.418744e+01
2.217000e-05	-2.260149e-02	1.429515e+01
2.218000e-05	-1.653302e-02	1.444205e+01
2.219000e-05	-1.141862e-02	1.453779e+01
2.220000e-05	-2.287395e-02	1.466205e+01
2.221000e-05	-2.450855e-02	1.474837e+01
2.222000e-05	-1.446280e-02	1.483260e+01
2.223000e-05	-2.007932e-02	1.492628e+01
2.224000e-05	-2.445531e-02	1.499050e+01
2.225000e-05	-3.452299e-02	1.508423e+01
2.226000e-05	-2.075215e-02	1.519039e+01
2.227000e-05	-2.053246e-02	1.523007e+01
2.228000e-05	-2.277471e-02	1.526573e+01
2.229000e-05	-3.584493e-02	1.535794e+01
2.230000e-05	-3.529059e-02	1.541350e+01
2.231000e-05	-2.687872e-02	1.547425e+01
2.232000e-05	-2.645266e-02	1.550633e+01
2.233000e-05	-3.388781e-02	1.552891e+01
2.234000e-05	-3.935875e-02	1.560054e+01
2.235000e-05	-3.282362e-02	1.561009e+01
2.236000e-05	-3.563690e-02	1.559157e+01
2.237000e-05	-4.239076e-02	1.565263e+01
2.238000e-05	-5.095875e-02	1.561462e+01
2.239000e-05	-4.693021e-02	1.566265e+01
2.240000e-05	-4.282844e-02	1.563368e+01
2.241000e-05	-4.839680e-02	1.563217e+01
2.242000e-05	-5.982938e-02	1.564360e+01
2.243000e-05	-6.891116e-02	1.562307e+01
2.244000e-05	-6.747689e-02	1.558107e+01
2.245000e-05	-7.726268e-02	1.554941e+01
2.246000e-05	-9.191783e-02	1.552786e+01
2.247000e-05	-1.121373e-01	1.548683e+01
2.248000e-05	-1.307723e-01	1.542210e+01
2.249000e-05	-1.654533e-01	1.534994e+01
2.250000e-05	-2.234083e-01	1.534841e+01
2.251000e-05	-2.494794e-01	1.524420e+01
2.252000e-05	-2.500000e-01	1.517252e+01
2.253000e-05	-2.500000e-01	1.511729e+01
2.254000e-05	-2.500000e-01	1.504377e+01
2.255000e-05	-2.461194e-01	1.495891e+01
2.256000e-05	-1.970754e-01	1.483675e+01
2.257000e-05	-1.365644e-01	1.476844e+01
2.258000e-05	-9.824645e-02	1.464573e+01
2.259000e-05	-8.047815e-02	1.453834e+01
2.260000e-05	-6.466701e-02	1.446325e+01
2.261000e-05	-5.243465e-02	1.433839e+01
2.262000e-05	-3.844942e-02	1.420199e+01
2.263000e-05	-3.732190e-02	1.403628e+01
2.264000e-05	-3.622255e-02	1.392788e+01
2.265000e-05	-3.369268e-02	1.376102e+01
2.266000e-05	-2.469082e-02	1.362225e+01
2.267000e-05	-2.166654e-02	1.347533e+01
2.268000e-05	-2.458558e-02	1.334883e+01
2.269000e-05	-2.403336e-02	1.313799e+01
2.270000e-05	-2.019655e-02	1.301514e+01
2.271000e-05	-1.496215e-02	1.287575e+01
2.272000e-05	-1.822264e-02	1.271528e+01
2.273000e-05	-2.011855e-02	1.252698e+01
2.274000e-05	-1.919142e-02	1.233894e+01
2.275000e-05	-1.358008e-02	1.215993e+01
2.276000e-05	-1.443002e-02	1.199141e+01
2.277000e-05	-1.744738e-02	1.177001e+01
2.278000e-05	-1.816953e-02	1.151991e+01
2.279000e-05	-1.331752e-02	1.131899e+01
2.280000e-05	-1.016714e-02	1.109788e+01
2.281000e-05	-1.242738e-02	1.092888e+01
2.282000e-05	-1.518839e-02	1.070946e+01
2.283000e-05	-1.300575e-02	1.050575e+01
2.284000e-05	-1.032358e-02	1.028383e+01
2.285000e-05	-1.204064e-02	1.004517e+01
2.286000e-05	-1.434964e-02	9.802598e+00
2.287000e-05	-1.398312e-02	9.562070e+00
2.288000e-05	-1.045295e-02	9.370965e+00
2.289000e-05	-8.875868e-03	9.157363e+00
2.290000e-05	-1.169816e-02	8.887257e+00
2.291000e-05	-1.276137e-02	8.654200e+00
2.292000e-05	-1.013702e-02	8.432624e+00
2.293000e-05	-7.660980e-03	8.138937e+00
2.294000e-05	-9.301877e-03	7.896358e+00
2.295000e-05	-1.234688e-02	7.634174e+00
2.296000e-05	-1.105607e-02	7.311516e+00
2.297000e-05	-8.520525e-03	7.086232e+00
2.298000e-05	-8.419467e-03	6.835176e+00
2.299000e-05	-1.092683e-02	6.600019e+00
2.300000e-05	-9.928040e-03	6.286281e+00
2.301000e-05	-7.311027e-03	6.045726e+00
2.302000e-05	-5.704748e-03	5.762522e+00
2.303000e-05	-8.092751e-03	5.515309e+00
2.304000e-05	-1.110043e-02	5.213596e+00
2.305000e-05	-9.578810e-03	4.855826e+00
2.306000e-05	-6.841280e-03	4.581575e+00
2.307000e-05	-6.621094e-03	4.309966e+00
2.308000e-05	-8.041789e-03	4.005679e+00
2.309000e-05	-8.256304e-03	3.756993e+00
2.310000e-05	-5.766306e-03	3.466833e+00
2.311000e-05	-4.897971e-03	3.150441e+00
2.312000e-05	-7.836696e-03	2.886362e+00
2.313000e-05	-8.526056e-03	2.662624e+00
2.314000e-05	-7.368616e-03	2.327388e+00
2.315000e-05	-5.772187e-03	2.053680e+00
2.316000e-05	-5.400674e-03	1.759098e+00
2.317000e-05	-7.983405e-03	1.463179e+00
2.318000e-05	-6.785094e-03	1.129965e+00
2.319000e-05	-5.007596e-03	8.331238e-01
2.320000e-05	-3.408751e-03	5.478919e-01
2.321000e-05	-5.393073e-03	2.862803e-01
2.322000e-05	-4.001702e-03	-4.000914e-02
2.323000e-05	7.205995e-03	-3.242908e-01
2.324000e-05	4.166795e-03	-6.158240e-01
2.325000e-05	-2.049790e-04	-8.721095e-01
2.326000e-05	-1.637303e-03	-1.115170e+00
2.327000e-05	-6.293552e-04	-1.449557e+00
2.328000e-05	1.122338e-03	-1.672665e+00
2.329000e-05	1.959600e-02	-1.926292e+00
2.330000e-05	8.670162e-02	-2.116878e+00
2.331000e-05	6.434834e-02	-2.523767e+00
2.332000e-05	-8.046237e-02	-2.934721e+00
2.333000e-05	-4.778342e-03	-3.294741e+00
2.334000e-05	-4.829554e-02	-3.555269e+00
2.335000e-05	-4.268204e-02	-3.735792e+00
2.336000e-05	-4.463442e-02	-3.989445e+00
2.337000e-05	1.784240e-01	-4.166293e+00
2.338000e-05	-1.611620e-01	-4.430028e+00
2.339000e-05	1.356382e-01	-4.737843e+00
2.340000e-05	1.272126e-02	-4.998452e+00
2.341000e-05	-8.446773e-02	-5.438422e+00
2.342000e-05	1.294741e-01	-5.620983e+00
2.343000e-05	-1.777648e-01	-5.924661e+00
2.344000e-05	1.768100e-01	-6.197973e+00
2.345000e-05	-5.327726e-02	-6.449481e+00
2.346000e-05	1.149807e-02	-6.797345e+00
2.347000e-05	5.791079e-02	-6.999477e+00
2.348000e-05	-1.199863e-01	-7.345291e+00
2.349000e-05	1.307130e-01	-7.576899e+00
2.350000e-05	-1.104448e-01	-7.851629e+00
2.351000e-05	1.096525e-01	-8.135266e+00
2.352000e-05	-1.963421e-02	-8.337321e+00
2.353000e-05	-1.034304e-02	-8.681103e+00
2.354000e-05	7.204881e-02	-8.863682e+00
2.355000e-05	-1.129272e-01	-9.125761e+00
2.356000e-05	9.698319e-02	-9.295816e+00
2.357000e-05	-7.809837e-02	-9.597915e+00
2.358000e-05	1.112080e-01	-9.801026e+00
2.359000e-05	-4.044511e-02	-1.002005e+01
2.360000e-05	3.413144e-02	-1.031261e+01
2.361000e-05	-7.065392e-03	-1.050269e+01
2.362000e-05	-1.466876e-02	-1.076484e+01
2.363000e-05	4.238609e-02	-1.089372e+01
2.364000e-05	-3.655516e-02	-1.115631e+01
2.365000e-05	6.186225e-02	-1.134634e+01
2.366000e-05	-3.312745e-02	-1.156697e+01
2.367000e-05	5.656973e-02	-1.179989e+01
2.368000e-05	-3.645047e-02	-1.198985e+01
2.369000e-05	3.083233e-02	-1.219700e+01
2.370000e-05	-1.066269e-02	-1.233734e+01
2.371000e-05	3.948426e-02	-1.253739e+01
2.372000e-05	8.923540e-03	-1.272478e+01
2.373000e-05	8.886321e-03	-1.289479e+01
2.374000e-05	3.116601e-03	-1.306208e+01
2.375000e-05	4.869242e-03	-1.324165e+01
2.376000e-05	1.788143e-02	-1.337642e+01
2.377000e-05	2.406763e-03	-1.353584e+01
2.378000e-05	2.490268e-02	-1.366528e+01
2.379000e-05	1.070548e-02	-1.380170e+01
2.380000e-05	2.877344e-02	-1.397897e+01
2.381000e-05	-5.950341e-04	-1.407584e+01
2.382000e-05	1.173674e-02	-1.424273e+01
2.383000e-05	2.716657e-03	-1.437944e+01
2.384000e-05	2.805486e-02	-1.450436e+01
2.385000e-05	1.590474e-02	-1.459208e+01
2.386000e-05	2.070390e-02	-1.470741e+01
2.387000e-05	8.926616e-03	-1.478910e+01
2.388000e-05	2.034911e-02	-1.491583e+01
2.389000e-05	1.789030e-02	-1.498097e+01
2.390000e-05	1.690581e-02	-1.510421e+01
2.391000e-05	1.850024e-02	-1.516849e+01
2.392000e-05	2.178004e-02	-1.523220e+01
2.393000e-05	2.753475e-02	-1.534428e+01
2.394000e-05	1.824585e-02	-1.533996e+01
2.395000e-05	1.763518e-02	-1.545258e+01
2.396000e-05	1.741035e-02	-1.548376e+01
2.397000e-05	3.036838e-02	-1.553699e+01
2.398000e-05	2.964923e-02	-1.558104e+01
2.399000e-05	2.931960e-02	-1.563215e+01
2.400000e-05	2.680425e-02	-1.564112e+01
2.401000e-05	3.075836e-02	-1.567277e+01
2.402000e-05	3.348300e-02	-1.569826e+01
2.403000e-05	3.272853e-02	-1.574681e+01
2.404000e-05	3.364501e-02	-1.569583e+01
2.405000e-05	4.065243e-02	-1.571828e+01
2.406000e-05	4.791660e-02	-1.573786e+01
2.407000e-05	5.024636e-02	-1.568528e+01
2.408000e-05	4.742339e-02	-1.566476e+01
2.409000e-05	5.319453e-02	-1.566470e+01
2.410000e-05	6.385845e-02	-1.562370e+01
2.411000e-05	7.636187e-02	-1.556912e+01
2.412000e-05	8.581858e-02	-1.555002e+01
2.413000e-05	1.016321e-01	-1.550538e+01
2.414000e-05	1.309359e-01	-1.548516e+01
2.415000e-05	1.742114e-01	-1.539020e+01
2.416000e-05	2.294265e-01	-1.537892e+01
2.417000e-05	2.493844e-01	-1.528623e+01
2.418000e-05	2.500000e-01	-1.522267e+01
2.419000e-05	2.500000e-01	-1.511941e+01
2.420000e-05	2.500000e-01	-1.502318e+01
2.421000e-05	2.349928e-01	-1.496049e+01
2.422000e-05	1.712725e-01	-1.487583e+01
2.423000e-05	1.226168e-01	-1.476007e+01
2.424000e-05	9.132552e-02	-1.467726e+01
2.425000e-05	6.724444e-02	-1.459052e+01
2.426000e-05	4.963038e-02	-1.445433e+01
2.427000e-05	3.952868e-02	-1.433947e+01
2.428000e-05	3.458739e-02	-1.421272e+01
2.429000e-05	2.835980e-02	-1.411830e+01
2.430000e-05	2.112220e-02	-1.394802e+01
2.431000e-05	1.889371e-02	-1.380104e+01
2.432000e-05	1.914919e-02	-1.366277e+01
2.433000e-05	1.836403e-02	-1.349576e+01
2.434000e-05	1.271951e-02	-1.338039e+01
2.435000e-05	9.140238e-03	-1.317162e+01
2.436000e-05	9.255624e-03	-1.302312e+01
2.437000e-05	1.056229e-02	-1.285578e+01
2.438000e-05	8.934401e-03	-1.268586e+01
2.439000e-05	5.634561e-03	-1.254748e+01
2.440000e-05	5.984279e-03	-1.235806e+01
2.441000e-05	6.621189e-03	-1.213997e+01
2.442000e-05	6.238261e-03	-1.194200e+01
2.443000e-05	2.124603e-03	-1.175951e+01
2.444000e-05	1.435487e-03	-1.153858e+01
2.445000e-05	2.109961e-03	-1.128591e+01
2.446000e-05	4.223089e-03	-1.108475e+01
2.447000e-05	2.703117e-03	-1.088440e+01
2.448000e-05	-4.936147e-04	-1.068635e+01
2.449000e-05	2.931915e-04	-1.051586e+01
2.450000e-05	2.213098e-03	-1.027425e+01
2.451000e-05	1.918877e-03	-9.990724e+00
2.452000e-05	-1.211880e-03	-9.791097e+00
2.453000e-05	-1.141922e-03	-9.571115e+00
2.454000e-05	-3.370871e-04	-9.357539e+00
2.455000e-05	3.970084e-04	-9.086836e+00
2.456000e-05	-2.408990e-03	-8.876829e+00
2.457000e-05	-3.880576e-03	-8.664179e+00
2.458000e-05	-3.145906e-03	-8.382622e+00
2.459000e-05	-6.944260e-04	-8.188565e+00
2.460000e-05	-7.967424e-04	-7.875833e+00
2.461000e-05	-3.730232e-03	-7.568694e+00
2.462000e-05	-3.934758e-03	-7.327985e+00
2.463000e-05	-3.491275e-03	-7.074853e+00
2.464000e-05	-1.805669e-03	-6.772118e+00
2.465000e-05	-6.092411e-03	-6.549492e+00
2.466000e-05	-4.490824e-03	-6.336338e+00
2.467000e-05	-5.574385e-03	-5.981146e+00
2.468000e-05	-3.369224e-03	-5.747862e+00
2.469000e-05	-6.003888e-03	-5.414233e+00
2.470000e-05	-6.141310e-03	-5.108962e+00
2.471000e-05	-7.297591e-03	-4.824145e+00
2.472000e-05	-4.101231e-03	-4.557363e+00
2.473000e-05	-5.371408e-03	-4.305835e+00
2.474000e-05	-7.112578e-03	-4.072252e+00
2.475000e-05	-8.099692e-03	-3.719443e+00
2.476000e-05	-7.518948e-03	-3.466308e+00
2.477000e-05	-7.518897e-03	-3.180721e+00
2.478000e-05	-8.559936e-03	-2.854883e+00
2.479000e-05	-7.687433e-03	-2.613175e+00
2.480000e-05	-6.438803e-03	-2.327965e+00
2.481000e-05	-5.540016e-03	-1.981152e+00
2.482000e-05	-6.865363e-03	-1.738990e+00
2.483000e-05	-8.856130e-03	-1.464278e+00
2.484000e-05	-9.772494e-03	-1.095361e+00
2.485000e-05	-8.197974e-03	-8.422276e-01
2.486000e-05	-9.313441e-03	-4.769882e-01
2.487000e-05	-7.530341e-03	-2.647578e-01
2.488000e-05	-4.680874e-03	4.113413e-02
2.489000e-05	7.019568e-03	3.357409e-01
2.490000e-05	-4.448234e-03	5.688464e-01
2.491000e-05	2.466813e-03	8.620568e-01
2.492000e-05	-5.757074e-03	1.218219e+00
2.493000e-05	5.672398e-05	1.429455e+00
2.494000e-05	-4.390977e-03	1.766820e+00
2.495000e-05	1.257616e-02	1.978949e+00
2.496000e-05	4.907162e-02	2.231450e+00
2.497000e-05	8.517960e-02	2.574197e+00
2.498000e-05	-6.921151e-02	2.893636e+00
2.499000e-05	-3.901599e-02	3.168273e+00
2.500000e-05	-4.167671e-02	3.472181e+00
2.501000e-05	-1.980543e-02	3.726721e+00
2.502000e-05	-7.600474e-02	3.967315e+00
2.503000e-05	1.296985e-02	4.187848e+00
2.504000e-05	1.065004e-01	4.484163e+00
2.505000e-05	-1.171427e-01	4.768370e+00
2.506000e-05	1.319919e-01	5.020503e+00
2.507000e-05	-4.477733e-02	5.408474e+00
2.508000e-05	-6.062292e-02	5.640980e+00
2.509000e-05	4.852099e-02	5.956215e+00
2.510000e-05	-5.867037e-02	6.218475e+00
2.511000e-05	7.802729e-02	6.450507e+00
2.512000e-05	-5.704768e-02	6.777315e+00
2.513000e-05	5.619343e-03	7.019448e+00
2.514000e-05	-8.468051e-03	7.272615e+00
2.515000e-05	-2.343197e-02	7.596370e+00
2.516000e-05	1.722705e-02	7.861978e+00
2.517000e-05	-5.114567e-02	8.165791e+00
2.518000e-05	5.743945e-02	8.409444e+00
2.519000e-05	-2.314147e-02	8.589497e+00
2.520000e-05	-3.708367e-03	8.830451e+00
2.521000e-05	-1.443352e-02	9.082656e+00
2.522000e-05	-5.030070e-02	9.314159e+00
2.523000e-05	3.357221e-02	9.546312e+00
2.524000e-05	-1.701667e-02	9.758945e+00
2.525000e-05	2.254338e-02	1.002053e+01
2.526000e-05	-4.148160e-02	1.023203e+01
2.527000e-05	1.342465e-02	1.046463e+01
2.528000e-05	-1.927234e-02	1.069366e+01
2.529000e-05	-1.668479e-02	1.085421e+01
2.530000e-05	-1.515006e-02	1.111411e+01
2.531000e-05	-1.548147e-02	1.130526e+01
2.532000e-05	1.785975e-02	1.153782e+01
2.533000e-05	-1.775913e-02	1.177534e+01
2.534000e-05	-9.611178e-03	1.192674e+01
2.535000e-05	-3.408879e-02	1.213833e+01
2.536000e-05	2.724043e-03	1.233474e+01
2.537000e-05	-8.022880e-03	1.252479e+01
2.538000e-05	-7.789504e-03	1.266568e+01
2.539000e-05	-2.232501e-02	1.284215e+01
2.540000e-05	-1.691747e-02	1.302189e+01
2.541000e-05	-7.181422e-03	1.317991e+01
2.542000e-05	-1.994532e-02	1.332629e+01
2.543000e-05	-1.858243e-02	1.351423e+01
2.544000e-05	-1.866689e-02	1.366265e+01
2.545000e-05	4.114628e-04	1.379092e+01
2.546000e-05	-1.175064e-02	1.393679e+01
2.547000e-05	-2.393270e-02	1.409525e+01
2.548000e-05	-3.103773e-02	1.423305e+01
2.549000e-05	-2.004152e-02	1.430991e+01
2.550000e-05	-1.072696e-02	1.448523e+01
2.551000e-05	-1.980591e-02	1.462192e+01
2.552000e-05	-2.256571e-02	1.471323e+01
2.553000e-05	-2.170282e-02	1.478254e+01
2.554000e-05	-1.283937e-02	1.486363e+01
2.555000e-05	-2.292797e-02	1.495679e+01
2.556000e-05	-3.009748e-02	1.504410e+01
2.557000e-05	-2.961103e-02	1.512778e+01
2.558000e-05	-2.045395e-02	1.520999e+01
2.559000e-05	-1.889139e-02	1.526265e+01
2.560000e-05	-3.304612e-02	1.529739e+01
2.561000e-05	-3.504700e-02	1.537949e+01
2.562000e-05	-3.403088e-02	1.544305e+01
2.563000e-05	-2.190042e-02	1.546670e+01
2.564000e-05	-3.083292e-02	1.556591e+01
2.565000e-05	-3.614033e-02	1.555054e+01
2.566000e-05	-3.732956e-02	1.554951e+01
2.567000e-05	-3.276505e-02	1.561312e+01
2.568000e-05	-3.812993e-02	1.567165e+01
2.569000e-05	-4.956822e-02	1.565323e+01
2.570000e-05	-4.931786e-02	1.565360e+01
2.571000e-05	-4.592896e-02	1.564422e+01
2.572000e-05	-4.264446e-02	1.564513e+01
2.573000e-05	-5.507467e-02	1.563265e+01
2.574000e-05	-6.407546e-02	1.558164e+01
2.575000e-05	-6.837971e-02	1.556104e+01
2.576000e-05	-7.061420e-02	1.557944e+01
2.577000e-05	-8.407223e-02	1.554794e+01
2.578000e-05	-1.036283e-01	1.550521e+01
2.579000e-05	-1.205945e-01	1.543370e+01
2.580000e-05	-1.475148e-01	1.543159e+01
2.581000e-05	-1.941630e-01	1.533988e+01
2.582000e-05	-2.442820e-01	1.531376e+01
2.583000e-05	-2.500000e-01	1.523114e+01
2.584000e-05	-2.500000e-01	1.512957e+01
2.585000e-05	-2.500000e-01	1.508383e+01
2.586000e-05	-2.496500e-01	1.501365e+01
2.587000e-05	-2.263482e-01	1.489691e+01
2.588000e-05	-1.619966e-01	1.478162e+01
2.589000e-05	-1.139400e-01	1.470691e+01
2.590000e-05	-8.748609e-02	1.462052e+01
2.591000e-05	-7.220660e-02	1.449575e+01
2.592000e-05	-5.920597e-02	1.437004e+01
2.593000e-05	-4.392787e-02	1.427420e+01
2.594000e-05	-3.792873e-02	1.412498e+01
2.595000e-05	-3.550077e-02	1.397015e+01
2.596000e-05	-3.654039e-02	1.385520e+01
2.597000e-05	-2.794507e-02	1.368783e+01
2.598000e-05	-2.378143e-02	1.350839e+01
2.599000e-05	-2.230637e-02	1.341302e+01
2.600000e-05	-2.638945e-02	1.324365e+01
2.601000e-05	-2.278923e-02	1.308733e+01
2.602000e-05	-1.806440e-02	1.291841e+01
2.603000e-05	-1.636616e-02	1.271054e+01
2.604000e-05	-2.020572e-02	1.258259e+01
2.605000e-05	-2.035168e-02	1.242460e+01
2.606000e-05	-1.499754e-02	1.220570e+01
2.607000e-05	-1.361397e-02	1.207477e+01
2.608000e-05	-1.533057e-02	1.185520e+01
2.609000e-05	-2.017424e-02	1.162423e+01
2.610000e-05	-1.609953e-02	1.141367e+01
2.611000e-05	-1.174170e-02	1.122312e+01
2.612000e-05	-1.083318e-02	1.101157e+01
2.613000e-05	-1.419770e-02	1.077307e+01
2.614000e-05	-1.493668e-02	1.063104e+01
2.615000e-05	-1.045904e-02	1.032967e+01
2.616000e-05	-1.156948e-02	1.016049e+01
2.617000e-05	-1.271397e-02	9.908889e+00
2.618000e-05	-1.476748e-02	9.708803e+00
2.619000e-05	-1.141027e-02	9.442726e+00
2.620000e-05	-8.870650e-03	9.203120e+00
2.621000e-05	-1.017986e-02	9.032046e+00
2.622000e-05	-1.266885e-02	8.718439e+00
2.623000e-05	-1.242399e-02	8.528963e+00
2.624000e-05	-8.132443e-03	8.257334e+00
2.625000e-05	-6.981421e-03	8.012697e+00
2.626000e-05	-1.052898e-02	7.769517e+00
2.627000e-05	-1.196463e-02	7.478336e+00
2.628000e-05	-9.648710e-03	7.200120e+00
2.629000e-05	-8.048657e-03	6.969492e+00
2.630000e-05	-9.341085e-03	6.686886e+00
2.631000e-05	-1.119885e-02	6.403223e+00
2.632000e-05	-8.980283e-03	6.148493e+00
2.633000e-05	-5.127375e-03	5.927808e+00
2.634000e-05	-6.537327e-03	5.635200e+00
2.635000e-05	-9.127836e-03	5.369938e+00
2.636000e-05	-1.062551e-02	5.005148e+00
2.637000e-05	-7.122694e-03	4.666887e+00
2.638000e-05	-7.139002e-03	4.443127e+00
2.639000e-05	-7.998928e-03	4.131366e+00
2.640000e-05	-9.394037e-03	3.866260e+00
2.641000e-05	-6.806471e-03	3.603174e+00
2.642000e-05	-5.379483e-03	3.288487e+00
2.643000e-05	-6.513580e-03	3.003654e+00
2.644000e-05	-7.641267e-03	2.780540e+00
2.645000e-05	-8.114039e-03	2.446704e+00
2.646000e-05	-4.688232e-03	2.161019e+00
2.647000e-05	-6.051362e-03	1.926334e+00
2.648000e-05	-6.425768e-03	1.584147e+00
2.649000e-05	-7.997430e-03	1.326834e+00
2.650000e-05	-5.922298e-03	1.019493e+00
2.651000e-05	-4.027035e-03	6.852577e-01
2.652000e-05	-4.955840e-03	3.701775e-01
2.653000e-05	-4.156028e-03	1.172868e-01
2.654000e-05	7.297736e-04	-2.288976e-01
2.655000e-05	1.193044e-02	-4.219777e-01
2.656000e-05	-3.748349e-03	-7.667685e-01
2.657000e-05	3.966440e-03	-9.994226e-01
2.658000e-05	-4.820554e-03	-1.312566e+00
2.659000e-05	3.156044e-03	-1.587975e+00
2.660000e-05	4.612598e-03	-1.810477e+00
2.661000e-05	4.633919e-02	-2.052105e+00
2.662000e-05	1.162295e-01	-2.366370e+00
2.663000e-05	-4.822194e-02	-2.785719e+00
2.664000e-05	-2.942307e-02	-3.175295e+00
2.665000e-05	-3.342211e-02	-3.440050e+00
2.666000e-05	-2.810718e-02	-3.631029e+00
2.667000e-05	-8.672182e-02	-3.903707e+00
2.668000e-05	1.141950e-01	-4.074112e+00
2.669000e-05	1.570208e-02	-4.315189e+00
2.670000e-05	-7.171404e-02	-4.638279e+00
2.671000e-05	1.679478e-01	-4.891708e+00
2.672000e-05	-1.887141e-01	-5.209854e+00
2.673000e-05	1.335748e-01	-5.557391e+00
2.674000e-05	-7.675595e-02	-5.747298e+00
2.675000e-05	-1.658643e-02	-6.102181e+00
2.676000e-05	1.261690e-01	-6.313682e+00
2.677000e-05	-1.263745e-01	-6.630505e+00
2.678000e-05	1.390453e-01	-6.932636e+00
2.679000e-05	-1.185846e-01	-7.187871e+00
2.680000e-05	5.388612e-02	-7.432628e+00
2.681000e-05	1.050504e-02	-7.724138e+00
2.682000e-05	-4.337645e-02	-8.038948e+00
2.683000e-05	1.235864e-01	-8.230604e+00
2.684000e-05	-1.111080e-01	-8.481664e+00
2.685000e-05	1.253060e-01	-8.807998e+00
2.686000e-05	-9.170685e-02	-9.009978e+00
2.687000e-05	2.808316e-02	-9.211529e+00
2.688000e-05	6.749881e-04	-9.431556e+00
2.689000e-05	1.054765e-03	-9.696786e+00
2.690000e-05	7.744451e-02	-9.884185e+00
2.691000e-05	-6.062348e-02	-1.015789e+01
2.692000e-05	7.442849e-02	-1.037797e+01
2.693000e-05	-7.496540e-02	-1.062805e+01
2.694000e-05	7.246549e-02	-1.080957e+01
2.695000e-05	-4.328569e-02	-1.104902e+01
2.696000e-05	4.619164e-02	-1.121153e+01
2.697000e-05	-4.438514e-03	-1.143265e+01
2.698000e-05	2.215248e-02	-1.171418e+01
2.699000e-05	1.109297e-02	-1.190461e+01
2.700000e-05	-1.422941e-02	-1.210481e+01
2.701000e-05	2.213562e-02	-1.226415e+01
2.702000e-05	-2.376308e-03	-1.247171e+01
2.703000e-05	4.482434e-02	-1.263210e+01
2.704000e-05	-1.150632e-02	-1.280997e+01
2.705000e-05	2.251514e-02	-1.300800e+01
2.706000e-05	-1.247238e-02	-1.311739e+01
2.707000e-05	2.729225e-02	-1.330433e+01
2.708000e-05	-1.839198e-03	-1.347218e+01
2.709000e-05	2.474615e-02	-1.358057e+01
2.710000e-05	1.028386e-02	-1.374732e+01
2.711000e-05	2.708347e-02	-1.393689e+01
2.712000e-05	8.835430e-03	-1.408065e+01
2.713000e-05	6.936382e-03	-1.419697e+01
2.714000e-05	4.362452e-03	-1.430583e+01
2.715000e-05	1.648410e-02	-1.445320e+01
2.716000e-05	2.463604e-02	-1.455694e+01
2.717000e-05	1.820295e-02	-1.467373e+01
2.718000e-05	1.777966e-02	-1.474897e+01
2.719000e-05	1.021506e-02	-1.486323e+01
2.720000e-05	2.247749e-02	-1.491986e+01
2.721000e-05	1.199124e-02	-1.505270e+01
2.722000e-05	2.027521e-02	-1.511741e+01
2.723000e-05	1.598953e-02	-1.519060e+01
2.724000e-05	2.963330e-02	-1.527270e+01
2.725000e-05	2.126272e-02	-1.535894e+01
2.726000e-05	1.966953e-02	-1.542205e+01
2.727000e-05	1.471055e-02	-1.546368e+01
2.728000e-05	2.423649e-02	-1.551686e+01
2.729000e-05	3.027875e-02	-1.559694e+01
2.730000e-05	2.917896e-02	-1.557109e+01
2.731000e-05	2.669506e-02	-1.562262e+01
2.732000e-05	2.773222e-02	-1.566283e+01
2.733000e-05	3.322516e-02	-1.567573e+01
2.734000e-05	3.198705e-02	-1.568381e+01
2.735000e-05	3.243005e-02	-1.568781e+01
2.736000e-05	3.606853e-02	-1.569483e+01
2.737000e-05	4.577767e-02	-1.569685e+01
2.738000e-05	5.016102e-02	-1.572728e+01
2.739000e-05	4.842359e-02	-1.565475e+01
2.740000e-05	4.944059e-02	-1.567525e+01
2.741000e-05	5.767561e-02	-1.564225e+01
2.742000e-05	6.993287e-02	-1.561112e+01
2.743000e-05	8.111080e-02	-1.559902e+01
2.744000e-05	9.333469e-02	-1.548699e+01
2.745000e-05	1.160073e-01	-1.547588e+01
2.746000e-05	1.528493e-01	-1.544375e+01
2.747000e-05	2.033288e-01	-1.535112e+01
2.748000e-05	2.450855e-01	-1.533741e+01
2.749000e-05	2.500000e-01	-1.525380e+01
2.750000e-05	2.500000e-01	-1.515051e+01
2.751000e-05	2.500000e-01	-1.508633e+01
2.752000e-05	2.476496e-01	-1.496210e+01
2.753000e-05	2.018523e-01	-1.491738e+01
2.754000e-05	1.420625e-01	-1.486170e+01
2.755000e-05	1.046417e-01	-1.469849e+01
2.756000e-05	7.856763e-02	-1.466462e+01
2.757000e-05	5.737933e-02	-1.453842e+01
2.758000e-05	4.326636e-02	-1.439185e+01
2.759000e-05	3.683669e-02	-1.424433e+01
2.760000e-05	3.210022e-02	-1.413951e+01
2.761000e-05	2.336902e-02	-1.404020e+01
2.762000e-05	1.828421e-02	-1.387478e+01
2.763000e-05	1.800212e-02	-1.373738e+01
2.764000e-05	1.955790e-02	-1.355157e+01
2.765000e-05	1.633717e-02	-1.344417e+01
2.766000e-05	1.148538e-02	-1.325476e+01
2.767000e-05	8.846349e-03	-1.307636e+01
2.768000e-05	9.209674e-03	-1.294799e+01
2.769000e-05	9.867948e-03	-1.275952e+01
2.770000e-05	6.009548e-03	-1.264315e+01
2.771000e-05	5.632369e-03	-1.242220e+01
2.772000e-05	6.779653e-03	-1.223165e+01
2.773000e-05	7.739755e-03	-1.204435e+01
2.774000e-05	4.436532e-03	-1.184635e+01
2.775000e-05	1.893812e-03	-1.162370e+01
2.776000e-05	2.902366e-03	-1.138267e+01
2.777000e-05	3.833364e-03	-1.120158e+01
2.778000e-05	4.019321e-03	-1.096062e+01
2.779000e-05	8.806667e-04	-1.078107e+01
2.780000e-05	-4.485380e-04	-1.056002e+01
2.781000e-05	6.727337e-04	-1.034951e+01
2.782000e-05	2.169934e-03	-1.007836e+01
2.783000e-05	5.810504e-05	-9.896432e+00
2.784000e-05	-1.521366e-03	-9.688431e+00
2.785000e-05	-4.467022e-04	-9.483332e+00
2.786000e-05	1.418758e-03	-9.221696e+00
2.787000e-05	-7.211280e-04	-8.969595e+00
2.788000e-05	-2.970801e-03	-8.759089e+00
2.789000e-05	-3.588670e-03	-8.488510e+00
2.790000e-05	-1.799738e-03	-8.266283e+00
2.791000e-05	-1.425501e-03	-7.974170e+00
2.792000e-05	-2.461491e-03	-7.718487e+00
2.793000e-05	-4.257323e-03	-7.453754e+00
2.794000e-05	-4.225513e-03	-7.161247e+00
2.795000e-05	-2.639985e-03	-6.947458e+00
2.796000e-05	-3.779247e-03	-6.634807e+00
2.797000e-05	-5.587170e-03	-6.412069e+00
2.798000e-05	-5.046607e-03	-6.139463e+00
2.799000e-05	-4.754909e-03	-5.825779e+00
2.800000e-05	-4.668906e-03	-5.611646e+00
2.801000e-05	-7.066545e-03	-5.246906e+00
2.802000e-05	-6.328768e-03	-4.990994e+00
2.803000e-05	-5.474476e-03	-4.653779e+00
2.804000e-05	-5.243266e-03	-4.401623e+00
2.805000e-05	-5.383435e-03	-4.168042e+00
2.806000e-05	-7.111201e-03	-3.856760e+00
2.807000e-05	-6.445516e-03	-3.590598e+00
2.808000e-05	-7.553849e-03	-3.336942e+00
2.809000e-05	-7.415128e-03	-3.042678e+00
2.810000e-05	-9.843459e-03	-2.708437e+00
2.811000e-05	-7.031026e-03	-2.453657e+00
2.812000e-05	-6.621726e-03	-2.119440e+00
2.813000e-05	-5.974364e-03	-1.876280e+00
2.814000e-05	-8.473419e-03	-1.602099e+00
2.815000e-05	-8.668735e-03	-1.214179e+00
2.816000e-05	-8.629882e-03	-9.499957e-01
2.817000e-05	-8.137899e-03	-6.864028e-01
2.818000e-05	-8.267683e-03	-3.399722e-01
2.819000e-05	-7.807228e-03	-1.168092e-01
2.820000e-05	3.053051e-03	1.988002e-01
2.821000e-05	1.742978e-03	4.820844e-01
2.822000e-05	-2.255330e-03	7.346946e-01
2.823000e-05	-1.591616e-03	9.867538e-01
2.824000e-05	-4.206386e-03	1.274657e+00
2.825000e-05	-2.215233e-03	1.579374e+00
2.826000e-05	1.900667e-03	1.913539e+00
2.827000e-05	2.570472e-02	2.103688e+00
2.828000e-05	8.830468e-02	2.398350e+00
2.829000e-05	5.990482e-03	2.736664e+00
2.830000e-05	-7.450234e-02	3.072508e+00
2.831000e-05	-3.270598e-02	3.325222e+00
2.832000e-05	-3.184187e-02	3.640927e+00
2.833000e-05	-4.469486e-02	3.842561e+00
2.834000e-05	-5.754171e-02	4.064084e+00
2.835000e-05	1.027428e-01	4.326291e+00
2.836000e-05	-1.742571e-02	4.650604e+00
2.837000e-05	-2.781760e-02	4.863709e+00
2.838000e-05	1.267636e-01	5.238954e+00
2.839000e-05	-1.504650e-01	5.526310e+00
2.840000e-05	6.516805e-02	5.839374e+00
2.841000e-05	-4.673143e-02	6.114211e+00
2.842000e-05	2.751560e-02	6.315710e+00
2.843000e-05	2.360384e-02	6.650899e+00
2.844000e-05	-6.331312e-02	6.934658e+00
2.845000e-05	4.219092e-02	7.158394e+00
2.846000e-05	-6.102292e-02	7.472553e+00
2.847000e-05	4.081834e-02	7.725236e+00
2.848000e-05	-5.247877e-02	8.051922e+00
2.849000e-05	2.402940e-02	8.262558e+00
2.850000e-05	2.223153e-02	8.486104e+00
2.851000e-05	-3.027717e-02	8.706760e+00
2.852000e-05	1.617185e-02	8.938793e+00
2.853000e-05	-6.002105e-02	9.198946e+00
2.854000e-05	1.345739e-02	9.452451e+00
2.855000e-05	-5.849453e-03	9.683653e+00
2.856000e-05	1.730647e-02	9.904765e+00
2.857000e-05	-2.285575e-02	1.012727e+01
2.858000e-05	-1.039749e-02	1.038684e+01
2.859000e-05	2.201368e-03	1.057937e+01
2.860000e-05	-2.391383e-02	1.079847e+01
2.861000e-05	-9.743339e-03	1.102148e+01
2.862000e-05	-2.513425e-02	1.121050e+01
2.863000e-05	1.181944e-02	1.144461e+01
2.864000e-05	-7.668063e-03	1.167310e+01
2.865000e-05	-8.017684e-03	1.185458e+01
2.866000e-05	-3.166885e-02	1.204358e+01
2.867000e-05	-7.985794e-03	1.227308e+01
2.868000e-05	-5.145722e-03	1.243105e+01
2.869000e-05	-2.125175e-03	1.259095e+01
2.870000e-05	-1.966157e-02	1.274832e+01
2.871000e-05	-2.017778e-02	1.292781e+01
2.872000e-05	-1.012207e-02	1.311583e+01
2.873000e-05	-1.449042e-02	1.325322e+01
2.874000e-05	-1.906012e-02	1.343057e+01
2.875000e-05	-2.467998e-02	1.355989e+01
2.876000e-05	-3.171919e-03	1.370786e+01
2.877000e-05	-8.214668e-03	1.381315e+01
2.878000e-05	-1.281379e-02	1.404004e+01
2.879000e-05	-3.564051e-02	1.417784e+01
2.880000e-05	-2.220883e-02	1.425626e+01
2.881000e-05	-1.647929e-02	1.441307e+01
2.882000e-05	-1.224457e-02	1.455686e+01
2.883000e-05	-2.369816e-02	1.466360e+01
2.884000e-05	-2.463334e-02	1.476939e+01
2.885000e-05	-1.424706e-02	1.485258e+01
2.886000e-05	-1.939338e-02	1.487583e+01
2.887000e-05	-2.458089e-02	1.497097e+01
2.888000e-05	-3.470132e-02	1.508573e+01
2.889000e-05	-2.069625e-02	1.519884e+01
2.890000e-05	-1.930898e-02	1.523110e+01
2.891000e-05	-2.353637e-02	1.527778e+01
2.892000e-05	-3.697562e-02	1.531994e+01
2.893000e-05	-3.557915e-02	1.544302e+01
2.894000e-05	-2.572235e-02	1.547265e+01
2.895000e-05	-2.651719e-02	1.554628e+01
2.896000e-05	-3.381822e-02	1.557896e+01
2.897000e-05	-3.965469e-02	1.553951e+01
2.898000e-05	-3.169263e-02	1.558155e+01
2.899000e-05	-3.471462e-02	1.562162e+01
2.900000e-05	-4.336608e-02	1.564310e+01
2.901000e-05	-5.169674e-02	1.562410e+01
2.902000e-05	-4.844480e-02	1.566265e+01
2.903000e-05	-4.232643e-02	1.567565e+01
2.904000e-05	-4.864725e-02	1.562370e+01
2.905000e-05	-5.991176e-02	1.564307e+01
2.906000e-05	-6.834865e-02	1.560155e+01
2.907000e-05	-6.598501e-02	1.560154e+01
2.908000e-05	-7.661043e-02	1.557794e+01
2.909000e-05	-9.336206e-02	1.549638e+01
2.910000e-05	-1.144670e-01	1.545585e+01
2.911000e-05	-1.324335e-01	1.543270e+01
2.912000e-05	-1.687781e-01	1.536851e+01
2.913000e-05	-2.266881e-01	1.530826e+01
2.914000e-05	-2.495996e-01	1.528317e+01
2.915000e-05	-2.500000e-01	1.520059e+01
2.916000e-05	-2.500000e-01	1.511541e+01
2.917000e-05	-2.500000e-01	1.503170e+01
2.918000e-05	-2.446643e-01	1.493843e+01
2.919000e-05	-1.913196e-01	1.484365e+01
2.920000e-05	-1.329569e-01	1.478051e+01
2.921000e-05	-9.730332e-02	1.464560e+01
2.922000e-05	-8.048825e-02	1.457787e+01
2.923000e-05	-6.703944e-02	1.444220e+01
2.924000e-05	-5.204871e-02	1.431789e+01
2.925000e-05	-3.793440e-02	1.419159e+01
2.926000e-05	-3.534912e-02	1.401365e+01
2.927000e-05	-3.523558e-02	1.390791e+01
2.928000e-05	-3.294610e-02	1.377149e+01
2.929000e-05	-2.471444e-02	1.357312e+01
2.930000e-05	-2.230058e-02	1.343528e+01
2.931000e-05	-2.587887e-02	1.336886e+01
2.932000e-05	-2.567542e-02	1.315851e+01
2.933000e-05	-2.019238e-02	1.300262e+01
2.934000e-05	-1.364167e-02	1.281222e+01
2.935000e-05	-1.753682e-02	1.264383e+01
2.936000e-05	-2.095059e-02	1.248693e+01
2.937000e-05	-1.924704e-02	1.233749e+01
2.938000e-05	-1.367297e-02	1.215841e+01
2.939000e-05	-1.426997e-02	1.191951e+01
2.940000e-05	-1.865669e-02	1.175951e+01
2.941000e-05	-1.896844e-02	1.157091e+01
2.942000e-05	-1.348668e-02	1.135741e+01
2.943000e-05	-1.002205e-02	1.109581e+01
2.944000e-05	-1.334190e-02	1.090691e+01
2.945000e-05	-1.485918e-02	1.068924e+01
2.946000e-05	-1.270103e-02	1.046875e+01
2.947000e-05	-9.200731e-03	1.024628e+01
2.948000e-05	-1.155724e-02	1.001320e+01
2.949000e-05	-1.525835e-02	9.771570e+00
2.950000e-05	-1.496921e-02	9.560563e+00
2.951000e-05	-1.038096e-02	9.348940e+00
2.952000e-05	-8.339701e-03	9.097332e+00
2.953000e-05	-1.177899e-02	8.845300e+00
2.954000e-05	-1.263860e-02	8.622599e+00
2.955000e-05	-9.248753e-03	8.423047e+00
2.956000e-05	-6.262640e-03	8.170515e+00
2.957000e-05	-9.426367e-03	7.855408e+00
2.958000e-05	-1.265234e-02	7.604621e+00
2.959000e-05	-1.132834e-02	7.318912e+00
2.960000e-05	-7.924796e-03	7.076254e+00
2.961000e-05	-7.996975e-03	6.815247e+00
2.962000e-05	-1.074628e-02	6.498540e+00
2.963000e-05	-1.067233e-02	6.266782e+00
2.964000e-05	-6.590711e-03	6.023701e+00
2.965000e-05	-5.779849e-03	5.740540e+00
2.966000e-05	-7.837779e-03	5.445809e+00
2.967000e-05	-1.027000e-02	5.201068e+00
2.968000e-05	-8.439055e-03	4.803229e+00
2.969000e-05	-5.526362e-03	4.548968e+00
2.970000e-05	-7.324329e-03	4.337888e+00
2.971000e-05	-9.831833e-03	3.981571e+00
2.972000e-05	-8.826054e-03	3.717415e+00
2.973000e-05	-4.701615e-03	3.495176e+00
2.974000e-05	-4.552998e-03	3.148942e+00
2.975000e-05	-6.943942e-03	2.886311e+00
2.976000e-05	-8.833056e-03	2.603154e+00
2.977000e-05	-6.224080e-03	2.296384e+00
2.978000e-05	-5.062389e-03	2.054151e+00
2.979000e-05	-5.727724e-03	1.758097e+00
2.980000e-05	-7.931923e-03	1.444154e+00
2.981000e-05	-7.229298e-03	1.158488e+00
2.982000e-05	-4.602081e-03	7.624961e-01
2.983000e-05	-3.719841e-03	5.069094e-01
2.984000e-05	-5.567874e-03	2.641026e-01
2.985000e-05	-3.386097e-03	-8.256058e-02
2.986000e-05	8.175566e-03	-3.352910e-01
2.987000e-05	4.332164e-03	-6.083463e-01
2.988000e-05	9.622760e-04	-8.746407e-01
2.989000e-05	-1.188034e-03	-1.124771e+00
2.990000e-05	-2.805094e-04	-1.442658e+00
2.991000e-05	1.265053e-03	-1.685216e+00
2.992000e-05	2.066396e-02	-1.957369e+00
2.993000e-05	9.176102e-02	-2.217829e+00
2.994000e-05	5.086771e-02	-2.566195e+00
2.995000e-05	-7.717152e-02	-2.997250e+00
2.996000e-05	-6.506870e-03	-3.335815e+00
2.997000e-05	-4.656328e-02	-3.505843e+00
2.998000e-05	-4.904672e-02	-3.807300e+00
2.999000e-05	-3.004789e-02	-4.020452e+00
3.000000e-05	1.698609e-01	-4.177323e+00
3.001000e-05	-1.686164e-01	-4.462611e+00
3.002000e-05	1.636121e-01	-4.798873e+00
3.003000e-05	-1.595607e-02	-5.009478e+00
3.004000e-05	-6.186619e-02	-5.420499e+00
3.005000e-05	1.097465e-01	-5.641557e+00
3.006000e-05	-1.661674e-01	-5.935264e+00
3.007000e-05	1.890112e-01	-6.239949e+00
3.008000e-05	-7.308273e-02	-6.513561e+00
3.009000e-05	3.496406e-02	-6.839972e+00
3.010000e-05	3.641642e-02	-7.039953e+00
3.011000e-05	-1.055507e-01	-7.327319e+00
3.012000e-05	1.244891e-01	-7.588925e+00
3.013000e-05	-1.151597e-01	-7.922107e+00
3.014000e-05	1.243587e-01	-8.177341e+00
3.015000e-05	-3.958570e-02	-8.347894e+00
3.016000e-05	1.117056e-02	-8.643606e+00
3.017000e-05	5.411731e-02	-8.912211e+00
3.018000e-05	-1.003990e-01	-9.147367e+00
3.019000e-05	9.368714e-02	-9.328344e+00
3.020000e-05	-7.720150e-02	-9.618944e+00
3.021000e-05	1.168545e-01	-9.810577e+00
3.022000e-05	-5.098021e-02	-1.005100e+01
3.023000e-05	4.590518e-02	-1.030271e+01
3.024000e-05	-2.130020e-02	-1.049519e+01
3.025000e-05	-1.204295e-03	-1.077571e+01
3.026000e-05	3.096573e-02	-1.094621e+01
3.027000e-05	-2.668840e-02	-1.116726e+01
3.028000e-05	5.749688e-02	-1.136682e+01
3.029000e-05	-2.826542e-02	-1.162940e+01
3.030000e-05	5.499415e-02	-1.178984e+01
3.031000e-05	-3.706368e-02	-1.198897e+01
3.032000e-05	3.214240e-02	-1.220950e+01
3.033000e-05	-1.412303e-02	-1.237632e+01
3.034000e-05	4.158662e-02	-1.257844e+01
3.035000e-05	4.601275e-03	-1.272429e+01
3.036000e-05	1.261641e-02	-1.291533e+01
3.037000e-05	1.105733e-03	-1.304413e+01
3.038000e-05	8.423055e-03	-1.323210e+01
3.039000e-05	1.616460e-02	-1.337942e+01
3.040000e-05	5.188311e-03	-1.354689e+01
3.041000e-05	2.314930e-02	-1.370429e+01
3.042000e-05	1.206523e-02	-1.384360e+01
3.043000e-05	2.475245e-02	-1.400102e+01
3.044000e-05	8.671903e-04	-1.410373e+01
3.045000e-05	9.906109e-03	-1.425360e+01
3.046000e-05	5.753311e-03	-1.436894e+01
3.047000e-05	2.951723e-02	-1.448536e+01
3.048000e-05	1.584355e-02	-1.463007e+01
3.049000e-05	2.365554e-02	-1.472839e+01
3.050000e-05	6.661946e-03	-1.480057e+01
3.051000e-05	2.047528e-02	-1.491681e+01
3.052000e-05	1.387483e-02	-1.500044e+01
3.053000e-05	1.817335e-02	-1.507478e+01
3.054000e-05	1.864769e-02	-1.517049e+01
3.055000e-05	2.428661e-02	-1.521212e+01
3.056000e-05	2.800152e-02	-1.529741e+01
3.057000e-05	1.893612e-02	-1.535050e+01
3.058000e-05	1.713693e-02	-1.542258e+01
3.059000e-05	1.683620e-02	-1.549578e+01
3.060000e-05	2.806427e-02	-1.555951e+01
3.061000e-05	2.882035e-02	-1.559007e+01
3.062000e-05	2.907675e-02	-1.560267e+01
3.063000e-05	2.763033e-02	-1.564420e+01
3.064000e-05	3.097971e-02	-1.566380e+01
3.065000e-05	3.253250e-02	-1.569380e+01
3.066000e-05	3.277508e-02	-1.568588e+01
3.067000e-05	3.387201e-02	-1.571734e+01
3.068000e-05	4.151386e-02	-1.570636e+01
3.069000e-05	4.742317e-02	-1.570583e+01
3.070000e-05	4.925251e-02	-1.571535e+01
3.071000e-05	4.783394e-02	-1.566482e+01
3.072000e-05	5.385290e-02	-1.567370e+01
3.073000e-05	6.416239e-02	-1.565320e+01
3.074000e-05	7.616003e-02	-1.559002e+01
3.075000e-05	8.631915e-02	-1.556957e+01
3.076000e-05	1.038221e-01	-1.548741e+01
3.077000e-05	1.333348e-01	-1.549430e+01
3.078000e-05	1.766434e-01	-1.538262e+01
3.079000e-05	2.316810e-01	-1.534749e+01
3.080000e-05	2.495845e-01	-1.529486e+01
3.081000e-05	2.500000e-01	-1.518112e+01
3.082000e-05	2.500000e-01	-1.512646e+01
3.083000e-05	2.499800e-01	-1.504525e+01
3.084000e-05	2.312637e-01	-1.498151e+01
3.085000e-05	1.677368e-01	-1.489472e+01
3.086000e-05	1.198796e-01	-1.478007e+01
3.087000e-05	8.992016e-02	-1.464623e+01
3.088000e-05	6.735860e-02	-1.458107e+01
3.089000e-05	4.974491e-02	-1.448378e+01
3.090000e-05	3.992556e-02	-1.432791e+01
3.091000e-05	3.361904e-02	-1.421159e+01
3.092000e-05	2.696059e-02	-1.406578e+01
3.093000e-05	2.080618e-02	-1.393796e+01
3.094000e-05	1.794412e-02	-1.379050e+01
3.095000e-05	1.934761e-02	-1.365368e+01
3.096000e-05	1.831608e-02	-1.349583e+01
3.097000e-05	1.310431e-02	-1.331846e+01
3.098000e-05	1.031496e-02	-1.318117e+01
3.099000e-05	9.204792e-03	-1.301310e+01
3.100000e-05	1.003298e-02	-1.285533e+01
3.101000e-05	8.453230e-03	-1.269633e+01
3.102000e-05	5.995356e-03	-1.249791e+01
3.103000e-05	5.311182e-03	-1.233756e+01
3.104000e-05	6.033338e-03	-1.216954e+01
3.105000e-05	5.204922e-03	-1.194059e+01
3.106000e-05	2.300851e-03	-1.177054e+01
3.107000e-05	1.768688e-03	-1.152744e+01
3.108000e-05	3.754210e-03	-1.128535e+01
3.109000e-05	4.711050e-03	-1.106540e+01
3.110000e-05	3.863915e-03	-1.085323e+01
3.111000e-05	1.473154e-04	-1.067828e+01
3.112000e-05	2.633155e-04	-1.047481e+01
3.113000e-05	1.894210e-03	-1.020220e+01
3.114000e-05	-1.076324e-03	-9.972146e+00
3.115000e-05	-1.678489e-04	-9.791047e+00
3.116000e-05	-2.884287e-03	-9.568565e+00
3.117000e-05	2.703816e-03	-9.309464e+00
3.118000e-05	1.901165e-03	-9.056860e+00
3.119000e-05	-1.679534e-03	-8.866356e+00
3.120000e-05	-2.489704e-03	-8.643701e+00
3.121000e-05	-4.840254e-03	-8.369094e+00
3.122000e-05	-1.702145e-03	-8.116884e+00
3.123000e-05	-5.167715e-03	-7.885253e+00
3.124000e-05	-5.206696e-03	-7.580191e+00
3.125000e-05	-2.885362e-03	-7.306936e+00
3.126000e-05	-2.909357e-03	-7.034303e+00
3.127000e-05	-5.823635e-04	-6.769069e+00
3.128000e-05	-5.400907e-03	-6.537516e+00
3.129000e-05	-4.512317e-03	-6.254780e+00
3.130000e-05	-6.369356e-03	-5.960642e+00
3.131000e-05	-5.052637e-03	-5.726912e+00
3.132000e-05	-6.749675e-03	-5.451227e+00
3.133000e-05	-7.300091e-03	-5.108513e+00
3.134000e-05	-6.471670e-03	-4.832196e+00
3.135000e-05	-3.635424e-03	-4.547388e+00
3.136000e-05	-5.209663e-03	-4.256806e+00
3.137000e-05	-6.622934e-03	-3.970648e+00
3.138000e-05	-7.889137e-03	-3.706988e+00
3.139000e-05	-7.327094e-03	-3.442782e+00
3.140000e-05	-7.717527e-03	-3.140046e+00
3.141000e-05	-8.232977e-03	-2.823780e+00
3.142000e-05	-8.110474e-03	-2.592125e+00
3.143000e-05	-5.910148e-03	-2.316911e+00
3.144000e-05	-6.329511e-03	-2.001601e+00
3.145000e-05	-8.648424e-03	-1.727916e+00
3.146000e-05	-9.553609e-03	-1.412153e+00
3.147000e-05	-9.297223e-03	-1.117308e+00
3.148000e-05	-6.939476e-03	-8.021752e-01
3.149000e-05	-8.026230e-03	-5.243645e-01
3.150000e-05	-7.326843e-03	-2.131798e-01
3.151000e-05	-3.497552e-03	7.197763e-02
3.152000e-05	6.770805e-03	3.572197e-01
3.153000e-05	-5.746698e-03	6.493227e-01
3.154000e-05	1.316032e-03	8.615592e-01
3.155000e-05	-6.296355e-03	1.178841e+00
3.156000e-05	9.385213e-04	1.491026e+00
3.157000e-05	-3.657925e-03	1.776324e+00
3.158000e-05	1.481396e-02	2.000873e+00
3.159000e-05	5.343771e-02	2.251510e+00
3.160000e-05	8.137184e-02	2.558769e+00
3.161000e-05	-7.435263e-02	2.953665e+00
3.162000e-05	-3.702893e-02	3.198848e+00
3.163000e-05	-4.339230e-02	3.512686e+00
3.164000e-05	-2.084248e-02	3.716791e+00
3.165000e-05	-7.813075e-02	3.976870e+00
3.166000e-05	2.413750e-02	4.229497e+00
3.167000e-05	9.827606e-02	4.485666e+00
3.168000e-05	-1.168947e-01	4.798468e+00
3.169000e-05	1.460173e-01	5.090106e+00
3.170000e-05	-6.499386e-02	5.399450e+00
3.171000e-05	-4.209441e-02	5.644007e+00
3.172000e-05	3.794531e-02	5.965715e+00
3.173000e-05	-5.230246e-02	6.269978e+00
3.174000e-05	7.767933e-02	6.463061e+00
3.175000e-05	-6.365140e-02	6.808442e+00
3.176000e-05	1.495319e-02	7.051428e+00
3.177000e-05	-1.777491e-02	7.315210e+00
3.178000e-05	-1.311124e-02	7.588423e+00
3.179000e-05	9.099487e-03	7.873607e+00
3.180000e-05	-4.506516e-02	8.176939e+00
3.181000e-05	5.705736e-02	8.408921e+00
3.182000e-05	-2.622736e-02	8.639947e+00
3.183000e-05	1.741114e-03	8.871531e+00
3.184000e-05	-2.014470e-02	9.123757e+00
3.185000e-05	-4.328899e-02	9.375744e+00
3.186000e-05	3.019544e-02	9.547267e+00
3.187000e-05	-1.458716e-02	9.819895e+00
3.188000e-05	1.897626e-02	1.004158e+01
3.189000e-05	-4.021192e-02	1.030366e+01
3.190000e-05	1.313498e-02	1.047416e+01
3.191000e-05	-2.012377e-02	1.070518e+01
3.192000e-05	-1.440553e-02	1.088586e+01
3.193000e-05	-1.645504e-02	1.111461e+01
3.194000e-05	-1.294667e-02	1.131581e+01
3.195000e-05	1.455968e-02	1.160584e+01
3.196000e-05	-1.851264e-02	1.175744e+01
3.197000e-05	-1.157938e-02	1.193927e+01
3.198000e-05	-3.185491e-02	1.215784e+01
3.199000e-05	3.849353e-03	1.235681e+01
3.200000e-05	-6.543261e-03	1.255482e+01
3.201000e-05	-8.095217e-03	1.269568e+01
3.202000e-05	-2.229153e-02	1.286311e+01
3.203000e-05	-1.640642e-02	1.305200e+01
3.204000e-05	-8.658352e-03	1.319854e+01
3.205000e-05	-2.098312e-02	1.336730e+01
3.206000e-05	-2.015056e-02	1.348518e+01
3.207000e-05	-1.805481e-02	1.367220e+01
3.208000e-05	2.950144e-04	1.378094e+01
3.209000e-05	-1.041586e-02	1.394739e+01
3.210000e-05	-2.523692e-02	1.413373e+01
3.211000e-05	-2.920163e-02	1.425313e+01
3.212000e-05	-1.981215e-02	1.437894e+01
3.213000e-05	-1.039824e-02	1.452475e+01
3.214000e-05	-2.190114e-02	1.461059e+01
3.215000e-05	-2.306682e-02	1.470679e+01
3.216000e-05	-2.078666e-02	1.482254e+01
3.217000e-05	-1.319512e-02	1.491323e+01
3.218000e-05	-2.210525e-02	1.495891e+01
3.219000e-05	-3.034187e-02	1.507465e+01
3.220000e-05	-2.710595e-02	1.514838e+01
3.221000e-05	-2.020865e-02	1.519994e+01
3.222000e-05	-1.900013e-02	1.526315e+01
3.223000e-05	-3.370490e-02	1.530726e+01
3.224000e-05	-3.659896e-02	1.540142e+01
3.225000e-05	-3.364873e-02	1.546367e+01
3.226000e-05	-2.254296e-02	1.550523e+01
3.227000e-05	-3.038327e-02	1.554884e+01
3.228000e-05	-3.669069e-02	1.554952e+01
3.229000e-05	-3.468015e-02	1.558161e+01
3.230000e-05	-3.202977e-02	1.561257e+01
3.231000e-05	-3.776994e-02	1.565317e+01
3.232000e-05	-5.060128e-02	1.562370e+01
3.233000e-05	-5.028347e-02	1.566412e+01
3.234000e-05	-4.606688e-02	1.566170e+01
3.235000e-05	-4.317697e-02	1.559415e+01
3.236000e-05	-5.579821e-02	1.564262e+01
3.237000e-05	-6.409056e-02	1.559357e+01
3.238000e-05	-6.730347e-02	1.559159e+01
3.239000e-05	-7.051125e-02	1.555947e+01
3.240000e-05	-8.363631e-02	1.555846e+01
3.241000e-05	-1.056043e-01	1.549535e+01
3.242000e-05	-1.225915e-01	1.545415e+01
3.243000e-05	-1.507790e-01	1.542262e+01
3.244000e-05	-1.980774e-01	1.532881e+01
3.245000e-05	-2.454253e-01	1.531568e+01
3.246000e-05	-2.500000e-01	1.521212e+01
3.247000e-05	-2.500000e-01	1.515906e+01
3.248000e-05	-2.500000e-01	1.509420e+01
3.249000e-05	-2.492399e-01	1.499312e+01
3.250000e-05	-2.230288e-01	1.489380e+01
3.251000e-05	-1.586117e-01	1.482152e+01
3.252000e-05	-1.122793e-01	1.470636e+01
3.253000e-05	-8.563539e-02	1.457145e+01
3.254000e-05	-7.149116e-02	1.448633e+01
3.255000e-05	-5.951012e-02	1.439101e+01
3.256000e-05	-4.334172e-02	1.425528e+01
3.257000e-05	-3.723992e-02	1.410944e+01
3.258000e-05	-3.460845e-02	1.399009e+01
3.259000e-05	-3.588689e-02	1.385620e+01
3.260000e-05	-2.686437e-02	1.370978e+01
3.261000e-05	-2.301158e-02	1.351756e+01
3.262000e-05	-2.258758e-02	1.340252e+01
3.263000e-05	-2.750827e-02	1.320522e+01
3.264000e-05	-2.272383e-02	1.310533e+01
3.265000e-05	-1.843938e-02	1.291785e+01
3.266000e-05	-1.591494e-02	1.274041e+01
3.267000e-05	-1.931981e-02	1.257207e+01
3.268000e-05	-2.116383e-02	1.239164e+01
3.269000e-05	-1.534090e-02	1.225368e+01
3.270000e-05	-1.344980e-02	1.202525e+01
3.271000e-05	-1.480632e-02	1.182420e+01
3.272000e-05	-1.968595e-02	1.166475e+01
3.273000e-05	-1.632845e-02	1.142370e+01
3.274000e-05	-1.181173e-02	1.119010e+01
3.275000e-05	-1.154691e-02	1.099107e+01
3.276000e-05	-1.472785e-02	1.080062e+01
3.277000e-05	-1.544380e-02	1.056099e+01
3.278000e-05	-1.057908e-02	1.034052e+01
3.279000e-05	-1.050800e-02	1.014001e+01
3.280000e-05	-1.164539e-02	9.887457e+00
3.281000e-05	-1.477715e-02	9.674700e+00
3.282000e-05	-1.156958e-02	9.412124e+00
3.283000e-05	-9.748043e-03	9.212169e+00
3.284000e-05	-1.013323e-02	8.972519e+00
3.285000e-05	-1.332681e-02	8.766961e+00
3.286000e-05	-1.204383e-02	8.486857e+00
3.287000e-05	-7.936158e-03	8.264678e+00
3.288000e-05	-7.495748e-03	7.992199e+00
3.289000e-05	-1.000036e-02	7.727561e+00
3.290000e-05	-1.179001e-02	7.506227e+00
3.291000e-05	-9.251517e-03	7.151541e+00
3.292000e-05	-7.263483e-03	6.968487e+00
3.293000e-05	-8.942927e-03	6.686911e+00
3.294000e-05	-1.098205e-02	6.391171e+00
3.295000e-05	-9.386610e-03	6.119016e+00
3.296000e-05	-6.605555e-03	5.917434e+00
3.297000e-05	-6.428733e-03	5.643199e+00
3.298000e-05	-8.673735e-03	5.318882e+00
3.299000e-05	-1.004528e-02	5.009598e+00
3.300000e-05	-6.781945e-03	4.665333e+00
3.301000e-05	-6.411588e-03	4.423648e+00
3.302000e-05	-7.993850e-03	4.147985e+00
3.303000e-05	-8.482898e-03	3.832779e+00
3.304000e-05	-7.877349e-03	3.601593e+00
3.305000e-05	-5.248449e-03	3.297886e+00
3.306000e-05	-6.104543e-03	3.012196e+00
3.307000e-05	-8.055716e-03	2.720019e+00
3.308000e-05	-8.357073e-03	2.402801e+00
3.309000e-05	-4.985709e-03	2.127941e+00
3.310000e-05	-5.353556e-03	1.887363e+00
3.311000e-05	-6.321054e-03	1.591018e+00
3.312000e-05	-7.512789e-03	1.285858e+00
3.313000e-05	-5.405625e-03	9.289658e-01
3.314000e-05	-5.899566e-03	6.557037e-01
3.315000e-05	-3.431780e-03	3.910473e-01
3.316000e-05	-6.161626e-03	7.625665e-02
3.317000e-05	2.794180e-03	-2.193989e-01
3.318000e-05	1.153514e-02	-4.510067e-01
3.319000e-05	-3.051067e-03	-7.684425e-01
3.320000e-05	4.034462e-03	-1.038454e+00
3.321000e-05	-6.610178e-03	-1.282162e+00
3.322000e-05	2.360016e-03	-1.617924e+00
3.323000e-05	3.879409e-03	-1.870480e+00
3.324000e-05	5.126030e-02	-2.042538e+00
3.325000e-05	1.149870e-01	-2.386925e+00
3.326000e-05	-5.732350e-02	-2.787298e+00
3.327000e-05	-2.321932e-02	-3.216918e+00
3.328000e-05	-3.767264e-02	-3.420534e+00
3.329000e-05	-2.737446e-02	-3.631009e+00
3.330000e-05	-8.975428e-02	-3.924187e+00
3.331000e-05	1.317867e-01	-4.103636e+00
3.332000e-05	-9.371699e-03	-4.314236e+00
3.333000e-05	-5.214138e-02	-4.650532e+00
3.334000e-05	1.489683e-01	-4.874138e+00
3.335000e-05	-1.834154e-01	-5.190503e+00
3.336000e-05	1.490112e-01	-5.536494e+00
3.337000e-05	-1.051495e-01	-5.758373e+00
3.338000e-05	1.046469e-02	-6.141662e+00
3.339000e-05	1.079410e-01	-6.356861e+00
3.340000e-05	-1.163450e-01	-6.661052e+00
3.341000e-05	1.386761e-01	-6.904741e+00
3.342000e-05	-1.276417e-01	-7.157522e+00
3.343000e-05	7.374585e-02	-7.494661e+00
3.344000e-05	-1.161495e-02	-7.715790e+00
3.345000e-05	-2.399566e-02	-8.042077e+00
3.346000e-05	1.085326e-01	-8.261628e+00
3.347000e-05	-1.063127e-01	-8.535093e+00
3.348000e-05	1.280767e-01	-8.756989e+00
3.349000e-05	-1.033613e-01	-9.050401e+00
3.350000e-05	4.511092e-02	-9.272586e+00
3.351000e-05	-1.293723e-02	-9.452557e+00
3.352000e-05	1.785943e-02	-9.695761e+00
3.353000e-05	6.147841e-02	-9.936287e+00
3.354000e-05	-5.167332e-02	-1.018932e+01
3.355000e-05	6.890159e-02	-1.041795e+01
3.356000e-05	-7.241143e-02	-1.063100e+01
3.357000e-05	7.404874e-02	-1.084953e+01
3.358000e-05	-4.825687e-02	-1.101107e+01
3.359000e-05	5.279592e-02	-1.125163e+01
3.360000e-05	-1.157040e-02	-1.147121e+01
3.361000e-05	3.018169e-02	-1.173318e+01
3.362000e-05	2.773542e-03	-1.188370e+01
3.363000e-05	-6.351787e-03	-1.214623e+01
3.364000e-05	1.821528e-02	-1.224463e+01
3.365000e-05	2.522562e-03	-1.246523e+01
3.366000e-05	4.136032e-02	-1.264410e+01
3.367000e-05	-9.923420e-03	-1.279052e+01
3.368000e-05	2.231285e-02	-1.301192e+01
3.369000e-05	-1.136383e-02	-1.313591e+01
3.370000e-05	2.701515e-02	-1.334480e+01
3.371000e-05	-2.866202e-03	-1.345318e+01
3.372000e-05	2.648007e-02	-1.360057e+01
3.373000e-05	9.537892e-03	-1.374850e+01
3.374000e-05	2.827247e-02	-1.395738e+01
3.375000e-05	6.338093e-03	-1.403165e+01
3.376000e-05	7.659792e-03	-1.423847e+01
3.377000e-05	3.451788e-03	-1.431583e+01
3.378000e-05	1.875211e-02	-1.448312e+01
3.379000e-05	2.253527e-02	-1.455689e+01
3.380000e-05	1.878774e-02	-1.464376e+01
3.381000e-05	1.762414e-02	-1.477854e+01
3.382000e-05	1.259513e-02	-1.489323e+01
3.383000e-05	2.166742e-02	-1.495987e+01
3.384000e-05	1.245302e-02	-1.505312e+01
3.385000e-05	1.992562e-02	-1.513644e+01
3.386000e-05	1.597227e-02	-1.524057e+01
3.387000e-05	2.781236e-02	-1.528521e+01
3.388000e-05	1.987844e-02	-1.534896e+01
3.389000e-05	1.919428e-02	-1.544250e+01
3.390000e-05	1.664268e-02	-1.543473e+01
3.391000e-05	2.511732e-02	-1.552686e+01
3.392000e-05	3.093887e-02	-1.557897e+01
3.393000e-05	2.918467e-02	-1.557050e+01
3.394000e-05	2.780489e-02	-1.561317e+01
3.395000e-05	2.667885e-02	-1.567470e+01
3.396000e-05	3.227799e-02	-1.568528e+01
3.397000e-05	3.108062e-02	-1.570683e+01
3.398000e-05	3.284867e-02	-1.569536e+01
3.399000e-05	3.693308e-02	-1.570738e+01
3.400000e-05	4.597374e-02	-1.570726e+01
3.401000e-05	5.011027e-02	-1.569578e+01
3.402000e-05	4.908465e-02	-1.568678e+01
3.403000e-05	5.000736e-02	-1.565421e+01
3.404000e-05	5.866069e-02	-1.566217e+01
3.405000e-05	7.004846e-02	-1.562112e+01
3.406000e-05	8.120853e-02	-1.554904e+01
3.407000e-05	9.364897e-02	-1.553846e+01
3.408000e-05	1.170184e-01	-1.548681e+01
3.409000e-05	1.553875e-01	-1.543270e+01
3.410000e-05	2.065441e-01	-1.537054e+01
3.411000e-05	2.461475e-01	-1.528591e+01
3.412000e-05	2.500000e-01	-1.523472e+01
3.413000e-05	2.500000e-01	-1.519959e+01
3.414000e-05	2.500000e-01	-1.509538e+01
3.415000e-05	2.464095e-01	-1.500257e+01
3.416000e-05	1.974142e-01	-1.491836e+01
3.417000e-05	1.383761e-01	-1.486220e+01
3.418000e-05	1.023127e-01	-1.470747e+01
3.419000e-05	7.719246e-02	-1.462170e+01
3.420000e-05	5.653059e-02	-1.450741e+01
3.421000e-05	4.363067e-02	-1.441222e+01
3.422000e-05	3.768025e-02	-1.425427e+01
3.423000e-05	3.088594e-02	-1.411997e+01
3.424000e-05	2.345583e-02	-1.400061e+01
3.425000e-05	1.839198e-02	-1.383517e+01
3.426000e-05	1.787711e-02	-1.370583e+01
3.427000e-05	1.787297e-02	-1.353854e+01
3.428000e-05	1.615991e-02	-1.337260e+01
3.429000e-05	1.059858e-02	-1.329470e+01
3.430000e-05	9.463666e-03	-1.308583e+01
3.431000e-05	1.008270e-02	-1.295893e+01
3.432000e-05	1.014699e-02	-1.281012e+01
3.433000e-05	6.534529e-03	-1.258110e+01
3.434000e-05	5.458630e-03	-1.244325e+01
3.435000e-05	6.550648e-03	-1.223378e+01
3.436000e-05	7.208645e-03	-1.199333e+01
3.437000e-05	3.445285e-03	-1.185625e+01
3.438000e-05	1.614723e-03	-1.162220e+01
3.439000e-05	2.800748e-03	-1.137104e+01
3.440000e-05	5.256531e-03	-1.117117e+01
3.441000e-05	4.751176e-03	-1.095999e+01
3.442000e-05	1.173099e-03	-1.073052e+01
3.443000e-05	5.302771e-04	-1.060152e+01
3.444000e-05	1.883478e-03	-1.035752e+01
3.445000e-05	1.209579e-03	-1.009685e+01
3.446000e-05	-4.897863e-05	-9.874936e+00
3.447000e-05	-1.954311e-03	-9.684830e+00
3.448000e-05	-2.462758e-04	-9.423203e+00
3.449000e-05	2.669174e-04	-9.221170e+00
3.450000e-05	-1.067588e-03	-8.959093e+00
3.451000e-05	-2.579606e-03	-8.730964e+00
3.452000e-05	-3.563979e-03	-8.466335e+00
3.453000e-05	-1.984390e-03	-8.194278e+00
3.454000e-05	-1.051108e-03	-7.983571e+00
3.455000e-05	-5.053174e-03	-7.747935e+00
3.456000e-05	-5.770840e-03	-7.412779e+00
3.457000e-05	-3.784927e-03	-7.171614e+00
3.458000e-05	-2.378527e-03	-6.848016e+00
3.459000e-05	-3.447282e-03	-6.614752e+00
3.460000e-05	-4.249565e-03	-6.381094e+00
3.461000e-05	-4.946945e-03	-6.097912e+00
3.462000e-05	-3.941413e-03	-5.804756e+00
3.463000e-05	-7.598012e-03	-5.541569e+00
3.464000e-05	-8.741916e-03	-5.266812e+00
3.465000e-05	-8.446742e-03	-4.971616e+00
3.466000e-05	-3.376870e-03	-4.623254e+00
3.467000e-05	-3.272718e-03	-4.391096e+00
3.468000e-05	-4.259973e-03	-4.136565e+00
3.469000e-05	-7.396072e-03	-3.844732e+00
3.470000e-05	-7.106613e-03	-3.571044e+00
3.471000e-05	-9.221148e-03	-3.297887e+00
3.472000e-05	-8.705526e-03	-2.970720e+00
3.473000e-05	-9.445979e-03	-2.706834e+00
3.474000e-05	-6.504588e-03	-2.393675e+00
3.475000e-05	-5.637547e-03	-2.157467e+00
3.476000e-05	-5.968215e-03	-1.863754e+00
3.477000e-05	-8.729474e-03	-1.590046e+00
3.478000e-05	-8.863497e-03	-1.262231e+00
3.479000e-05	-9.693161e-03	-9.479632e-01
3.480000e-05	-7.946001e-03	-6.537341e-01
3.481000e-05	-8.404546e-03	-3.499921e-01
3.482000e-05	-6.145349e-03	-7.433421e-02
3.483000e-05	3.686901e-03	2.083526e-01
3.484000e-05	5.651590e-04	4.841120e-01
3.485000e-05	-1.033518e-03	7.752421e-01
3.486000e-05	-2.175523e-03	1.047780e+00
3.487000e-05	-3.854498e-03	1.304190e+00
3.488000e-05	-2.350035e-03	1.618355e+00
3.489000e-05	3.235067e-03	1.884263e+00
3.490000e-05	2.705895e-02	2.125720e+00
3.491000e-05	9.087589e-02	2.398852e+00
3.492000e-05	-5.692385e-03	2.776891e+00
3.493000e-05	-6.865553e-02	3.051106e+00
3.494000e-05	-3.404219e-02	3.357243e+00
3.495000e-05	-2.803259e-02	3.670528e+00
3.496000e-05	-4.930708e-02	3.933632e+00
3.497000e-05	-4.967357e-02	4.053536e+00
3.498000e-05	1.090026e-01	4.366846e+00
3.499000e-05	-3.676923e-02	4.681028e+00
3.500000e-05	-6.309643e-03	4.955716e+00
3.501000e-05	1.093830e-01	5.251079e+00
3.502000e-05	-1.458149e-01	5.547215e+00
3.503000e-05	7.152932e-02	5.831880e+00
3.504000e-05	-5.405064e-02	6.105638e+00
3.505000e-05	3.902030e-02	6.357665e+00
3.506000e-05	1.257437e-02	6.669977e+00
3.507000e-05	-5.559166e-02	6.924211e+00
3.508000e-05	3.743537e-02	7.199270e+00
3.509000e-05	-6.096593e-02	7.442054e+00
3.510000e-05	4.094451e-02	7.746265e+00
3.511000e-05	-5.748594e-02	8.051973e+00
3.512000e-05	3.079120e-02	8.294707e+00
3.513000e-05	1.756862e-02	8.514689e+00
3.514000e-05	-2.708596e-02	8.727269e+00
3.515000e-05	1.533392e-02	9.008925e+00
3.516000e-05	-6.388103e-02	9.220472e+00
3.517000e-05	1.750499e-02	9.462577e+00
3.518000e-05	-1.191732e-02	9.684133e+00
3.519000e-05	1.927326e-02	9.926735e+00
3.520000e-05	-2.766924e-02	1.015832e+01
3.521000e-05	-5.863036e-03	1.038827e+01
3.522000e-05	2.875601e-04	1.063850e+01
3.523000e-05	-2.147327e-02	1.082947e+01
3.524000e-05	-9.082560e-03	1.102995e+01
3.525000e-05	-2.556997e-02	1.125098e+01
3.526000e-05	1.350517e-02	1.146260e+01
3.527000e-05	-1.136741e-02	1.167455e+01
3.528000e-05	-6.542972e-03	1.188308e+01
3.529000e-05	-3.470145e-02	1.207368e+01
3.530000e-05	-5.570510e-03	1.224358e+01
3.531000e-05	-5.917240e-03	1.245155e+01
3.532000e-05	-1.712129e-03	1.259195e+01
3.533000e-05	-2.095063e-02	1.277897e+01
3.534000e-05	-1.906372e-02	1.295737e+01
3.535000e-05	-8.749533e-03	1.315573e+01
3.536000e-05	-1.554543e-02	1.328273e+01
3.537000e-05	-1.996678e-02	1.344255e+01
3.538000e-05	-2.695847e-02	1.361892e+01
3.539000e-05	-2.549243e-03	1.369779e+01
3.540000e-05	-8.700365e-03	1.389466e+01
3.541000e-05	-1.352731e-02	1.402160e+01
3.542000e-05	-3.304767e-02	1.418894e+01
3.543000e-05	-2.014598e-02	1.431728e+01
3.544000e-05	-1.473353e-02	1.442257e+01
3.545000e-05	-1.413776e-02	1.455739e+01
3.546000e-05	-2.491422e-02	1.465357e+01
3.547000e-05	-2.544687e-02	1.477837e+01
3.548000e-05	-1.402942e-02	1.483358e+01
3.549000e-05	-2.060407e-02	1.492683e+01
3.550000e-05	-2.411217e-02	1.498100e+01
3.551000e-05	-3.297201e-02	1.512538e+01
3.552000e-05	-1.952727e-02	1.513851e+01
3.553000e-05	-1.861352e-02	1.525258e+01
3.554000e-05	-2.553429e-02	1.529518e+01
3.555000e-05	-3.648240e-02	1.536142e+01
3.556000e-05	-3.525315e-02	1.543255e+01
3.557000e-05	-2.555699e-02	1.550420e+01
3.558000e-05	-2.854415e-02	1.551583e+01
3.559000e-05	-3.384906e-02	1.554946e+01
3.560000e-05	-3.863311e-02	1.560949e+01
3.561000e-05	-3.086996e-02	1.560155e+01
3.562000e-05	-3.499665e-02	1.562060e+01
3.563000e-05	-4.352074e-02	1.564308e+01
3.564000e-05	-5.135618e-02	1.563220e+01
3.565000e-05	-4.775518e-02	1.565465e+01
3.566000e-05	-4.242535e-02	1.567418e+01
3.567000e-05	-5.028493e-02	1.565362e+01
3.568000e-05	-6.105021e-02	1.560262e+01
3.569000e-05	-6.869049e-02	1.560259e+01
3.570000e-05	-6.698018e-02	1.559954e+01
3.571000e-05	-7.806553e-02	1.556939e+01
3.572000e-05	-9.361448e-02	1.549641e+01
3.573000e-05	-1.141311e-01	1.550578e+01
3.574000e-05	-1.341328e-01	1.540320e+01
3.575000e-05	-1.715580e-01	1.538299e+01
3.576000e-05	-2.300457e-01	1.531038e+01
3.577000e-05	-2.496996e-01	1.525375e+01
3.578000e-05	-2.500000e-01	1.518159e+01
3.579000e-05	-2.500000e-01	1.511588e+01
3.580000e-05	-2.500000e-01	1.504412e+01
3.581000e-05	-2.428892e-01	1.493844e+01
3.582000e-05	-1.881259e-01	1.484425e+01
3.583000e-05	-1.309951e-01	1.474694e+01
3.584000e-05	-9.542301e-02	1.462720e+01
3.585000e-05	-7.786122e-02	1.449789e+01
3.586000e-05	-6.452728e-02	1.443362e+01
3.587000e-05	-5.133261e-02	1.429746e+01
3.588000e-05	-3.908655e-02	1.418149e+01
3.589000e-05	-3.688318e-02	1.406375e+01
3.590000e-05	-3.714948e-02	1.392628e+01
3.591000e-05	-3.252090e-02	1.376141e+01
3.592000e-05	-2.506507e-02	1.363317e+01
3.593000e-05	-2.151505e-02	1.346378e+01
3.594000e-05	-2.503963e-02	1.330538e+01
3.595000e-05	-2.507292e-02	1.315904e+01
3.596000e-05	-2.135115e-02	1.302257e+01
3.597000e-05	-1.650460e-02	1.281267e+01
3.598000e-05	-1.946662e-02	1.262383e+01
3.599000e-05	-2.080154e-02	1.250686e+01
3.600000e-05	-1.897845e-02	1.231583e+01
3.601000e-05	-1.332492e-02	1.213939e+01
3.602000e-05	-1.391069e-02	1.190906e+01
3.603000e-05	-1.860249e-02	1.173851e+01
3.604000e-05	-1.762224e-02	1.153691e+01
3.605000e-05	-1.341497e-02	1.136638e+01
3.606000e-05	-1.031442e-02	1.103538e+01
3.607000e-05	-1.403742e-02	1.089686e+01
3.608000e-05	-1.552259e-02	1.070530e+01
3.609000e-05	-1.258960e-02	1.043727e+01
3.610000e-05	-9.875694e-03	1.020565e+01
3.611000e-05	-1.146313e-02	1.002267e+01
3.612000e-05	-1.349617e-02	9.769494e+00
3.613000e-05	-1.287564e-02	9.538987e+00
3.614000e-05	-9.590483e-03	9.326361e+00
3.615000e-05	-8.970371e-03	9.069359e+00
3.616000e-05	-1.271274e-02	8.847246e+00
3.617000e-05	-1.276160e-02	8.602571e+00
3.618000e-05	-1.045353e-02	8.362019e+00
3.619000e-05	-6.739337e-03	8.140461e+00
3.620000e-05	-8.841681e-03	7.845327e+00
3.621000e-05	-1.184209e-02	7.604049e+00
3.622000e-05	-9.452863e-03	7.319960e+00
3.623000e-05	-7.730513e-03	7.055678e+00
3.624000e-05	-7.588791e-03	6.763648e+00
3.625000e-05	-1.085462e-02	6.500437e+00
3.626000e-05	-1.011309e-02	6.295807e+00
3.627000e-05	-7.789475e-03	6.022251e+00
3.628000e-05	-6.778493e-03	5.738388e+00
3.629000e-05	-8.982341e-03	5.444228e+00
3.630000e-05	-1.022480e-02	5.168991e+00
3.631000e-05	-8.005000e-03	4.831626e+00
3.632000e-05	-5.635753e-03	4.539515e+00
3.633000e-05	-6.516892e-03	4.276806e+00
3.634000e-05	-7.981429e-03	3.959067e+00
3.635000e-05	-7.239896e-03	3.699337e+00
3.636000e-05	-6.327740e-03	3.424228e+00
3.637000e-05	-5.712416e-03	3.129413e+00
3.638000e-05	-7.973165e-03	2.875255e+00
3.639000e-05	-8.207052e-03	2.570571e+00
3.640000e-05	-6.330615e-03	2.284328e+00
3.641000e-05	-4.980421e-03	2.012578e+00
3.642000e-05	-5.983484e-03	1.715966e+00
3.643000e-05	-7.262034e-03	1.402127e+00
3.644000e-05	-5.880403e-03	1.097363e+00
3.645000e-05	-4.384855e-03	7.920223e-01
3.646000e-05	-4.802290e-03	5.047606e-01
3.647000e-05	-6.129904e-03	2.326986e-01
3.648000e-05	-3.759385e-03	-9.161296e-02
3.649000e-05	8.799086e-03	-3.662908e-01
3.650000e-05	1.733439e-03	-5.889293e-01
3.651000e-05	1.405833e-03	-8.831144e-01
3.652000e-05	-2.156184e-03	-1.146773e+00
3.653000e-05	1.133412e-03	-1.432182e+00
3.654000e-05	4.382605e-04	-1.715242e+00
3.655000e-05	2.362804e-02	-1.957294e+00
3.656000e-05	9.700387e-02	-2.220479e+00
3.657000e-05	3.698531e-02	-2.588748e+00
3.658000e-05	-7.358523e-02	-3.026877e+00
3.659000e-05	-9.514569e-03	-3.344794e+00
3.660000e-05	-4.512531e-02	-3.546296e+00
3.661000e-05	-5.444873e-02	-3.807843e+00
3.662000e-05	-1.146998e-02	-4.010078e+00
3.663000e-05	1.557231e-01	-4.187972e+00
3.664000e-05	-1.697277e-01	-4.505166e+00
3.665000e-05	1.901097e-01	-4.799073e+00
3.666000e-05	-4.542371e-02	-5.050511e+00
3.667000e-05	-3.635621e-02	-5.421051e+00
3.668000e-05	8.730998e-02	-5.680558e+00
3.669000e-05	-1.512300e-01	-5.966347e+00
3.670000e-05	1.939108e-01	-6.229002e+00
3.671000e-05	-9.194527e-02	-6.461686e+00
3.672000e-05	5.614900e-02	-6.780495e+00
3.673000e-05	1.251627e-02	-7.071532e+00
3.674000e-05	-8.496933e-02	-7.337871e+00
3.675000e-05	1.166105e-01	-7.590452e+00
3.676000e-05	-1.142585e-01	-7.925058e+00
3.677000e-05	1.325668e-01	-8.167914e+00
3.678000e-05	-5.772192e-02	-8.377872e+00
3.679000e-05	3.107431e-02	-8.693180e+00
3.680000e-05	3.349822e-02	-8.913237e+00
3.681000e-05	-8.767280e-02	-9.168919e+00
3.682000e-05	8.755039e-02	-9.358839e+00
3.683000e-05	-7.305577e-02	-9.598893e+00
3.684000e-05	1.216314e-01	-9.842078e+00
3.685000e-05	-6.047280e-02	-1.007045e+01
3.686000e-05	5.609293e-02	-1.027371e+01
3.687000e-05	-3.451339e-02	-1.050484e+01
3.688000e-05	1.232379e-02	-1.072686e+01
3.689000e-05	1.916320e-02	-1.095581e+01
3.690000e-05	-1.793885e-02	-1.121787e+01
3.691000e-05	5.030315e-02	-1.135789e+01
3.692000e-05	-2.403001e-02	-1.158895e+01
3.693000e-05	5.304333e-02	-1.180900e+01
3.694000e-05	-3.726645e-02	-1.201150e+01
3.695000e-05	3.209703e-02	-1.221050e+01
3.696000e-05	-1.388204e-02	-1.239837e+01
3.697000e-05	4.482848e-02	-1.255642e+01
3.698000e-05	1.649907e-03	-1.275584e+01
3.699000e-05	1.615570e-02	-1.293488e+01
3.700000e-05	-3.366707e-03	-1.308415e+01
3.701000e-05	1.266929e-02	-1.322160e+01
3.702000e-05	1.035656e-02	-1.338892e+01
3.703000e-05	8.088486e-03	-1.358641e+01
3.704000e-05	1.949471e-02	-1.366273e+01
3.705000e-05	1.654294e-02	-1.386365e+01
3.706000e-05	2.610574e-02	-1.399914e+01
3.707000e-05	7.581854e-04	-1.412678e+01
3.708000e-05	1.159356e-02	-1.426128e+01
3.709000e-05	4.802185e-03	-1.437999e+01
3.710000e-05	2.703379e-02	-1.451439e+01
3.711000e-05	1.321221e-02	-1.462310e+01
3.712000e-05	1.992864e-02	-1.474696e+01
3.713000e-05	9.605417e-03	-1.482107e+01
3.714000e-05	2.314375e-02	-1.489681e+01
3.715000e-05	1.720117e-02	-1.503057e+01
3.716000e-05	1.750814e-02	-1.509521e+01
3.717000e-05	1.663325e-02	-1.521744e+01
3.718000e-05	2.313033e-02	-1.522210e+01
3.719000e-05	2.511392e-02	-1.531626e+01
3.720000e-05	1.794563e-02	-1.536044e+01
3.721000e-05	1.581083e-02	-1.545410e+01
3.722000e-05	1.900209e-02	-1.549420e+01
3.723000e-05	2.996518e-02	-1.551789e+01
3.724000e-05	2.981531e-02	-1.557057e+01
3.725000e-05	2.871292e-02	-1.562254e+01
3.726000e-05	2.755874e-02	-1.565223e+01
3.727000e-05	3.169979e-02	-1.567380e+01
3.728000e-05	3.209709e-02	-1.571831e+01
3.729000e-05	3.050680e-02	-1.573873e+01
3.730000e-05	3.280951e-02	-1.569528e+01
3.731000e-05	4.132441e-02	-1.570731e+01
3.732000e-05	4.785144e-02	-1.570931e+01
3.733000e-05	4.967848e-02	-1.571633e+01
3.734000e-05	4.872735e-02	-1.569430e+01
3.735000e-05	5.515188e-02	-1.565322e+01
3.736000e-05	6.543280e-02	-1.563215e+01
3.737000e-05	7.638407e-02	-1.563009e+01
3.738000e-05	8.560505e-02	-1.553789e+01
3.739000e-05	1.045912e-01	-1.552791e+01
3.740000e-05	1.356873e-01	-1.545473e+01
3.741000e-05	1.804525e-01	-1.540268e+01
3.742000e-05	2.346046e-01	-1.537942e+01
3.743000e-05	2.497997e-01	-1.531375e+01
3.744000e-05	2.500000e-01	-1.523105e+01
3.745000e-05	2.500000e-01	-1.510596e+01
3.746000e-05	2.499450e-01	-1.504475e+01
3.747000e-05	2.280948e-01	-1.496841e+01
3.748000e-05	1.636115e-01	-1.486577e+01
3.749000e-05	1.178797e-01	-1.479962e+01
3.750000e-05	8.765614e-02	-1.465581e+01
3.751000e-05	6.474592e-02	-1.459104e+01
3.752000e-05	4.879332e-02	-1.448375e+01
3.753000e-05	4.027093e-02	-1.431936e+01
3.754000e-05	3.474128e-02	-1.417367e+01
3.755000e-05	2.693055e-02	-1.408273e+01
3.756000e-05	2.117683e-02	-1.390896e+01
3.757000e-05	1.864871e-02	-1.375110e+01
3.758000e-05	1.854477e-02	-1.361472e+01
3.759000e-05	1.709651e-02	-1.346528e+01
3.760000e-05	1.182098e-02	-1.335791e+01
3.761000e-05	9.690235e-03	-1.317009e+01
3.762000e-05	1.010425e-02	-1.300110e+01
3.763000e-05	1.099659e-02	-1.284285e+01
3.764000e-05	8.747655e-03	-1.267486e+01
3.765000e-05	6.009781e-03	-1.253738e+01
3.766000e-05	6.468475e-03	-1.230744e+01
3.767000e-05	6.892153e-03	-1.210798e+01
3.768000e-05	4.974489e-03	-1.194104e+01
3.769000e-05	1.957601e-03	-1.175941e+01
3.770000e-05	1.718469e-03	-1.145804e+01
3.771000e-05	3.569440e-03	-1.127726e+01
3.772000e-05	4.631266e-03	-1.104428e+01
3.773000e-05	3.163291e-03	-1.084431e+01
3.774000e-05	1.516555e-03	-1.065375e+01
3.775000e-05	9.318326e-04	-1.041680e+01
3.776000e-05	1.084525e-03	-1.021210e+01
3.777000e-05	-1.648184e-04	-9.950621e+00
3.778000e-05	-1.167335e-03	-9.771013e+00
3.779000e-05	-2.088723e-03	-9.541044e+00
3.780000e-05	3.422724e-04	-9.307911e+00
3.781000e-05	-4.146912e-04	-9.054779e+00
3.782000e-05	-2.472628e-03	-8.846779e+00
3.783000e-05	-3.425197e-03	-8.623574e+00
3.784000e-05	-2.129968e-03	-8.359091e+00
3.785000e-05	-9.489024e-04	-8.126435e+00
3.786000e-05	-2.353502e-03	-7.883800e+00
3.787000e-05	-4.566325e-03	-7.568116e+00
3.788000e-05	-4.045303e-03	-7.307937e+00
3.789000e-05	-4.608924e-03	-7.065579e+00
3.790000e-05	-4.047151e-03	-6.780144e+00
3.791000e-05	-5.579667e-03	-6.517339e+00
3.792000e-05	-3.950803e-03	-6.265279e+00
3.793000e-05	-4.638568e-03	-5.959540e+00
3.794000e-05	-3.163707e-03	-5.706935e+00
3.795000e-05	-5.928999e-03	-5.441599e+00
3.796000e-05	-7.272587e-03	-5.106908e+00
3.797000e-05	-7.347252e-03	-4.751070e+00
3.798000e-05	-5.420594e-03	-4.485858e+00
3.799000e-05	-5.657376e-03	-4.265809e+00
3.800000e-05	-6.315364e-03	-4.032592e+00
3.801000e-05	-7.075636e-03	-3.707885e+00
3.802000e-05	-6.942010e-03	-3.404728e+00
3.803000e-05	-8.142394e-03	-3.150493e+00
3.804000e-05	-7.604261e-03	-2.813252e+00
3.805000e-05	-8.071753e-03	-2.559019e+00
3.806000e-05	-5.805314e-03	-2.305711e+00
3.807000e-05	-5.480541e-03	-1.959619e+00
3.808000e-05	-7.428206e-03	-1.675838e+00
3.809000e-05	-9.583199e-03	-1.411752e+00
3.810000e-05	-9.488391e-03	-1.074329e+00
3.811000e-05	-9.529294e-03	-7.515748e-01
3.812000e-05	-8.242915e-03	-4.963067e-01
3.813000e-05	-7.058130e-03	-1.730774e-01
3.814000e-05	-1.958192e-03	9.307908e-02
3.815000e-05	7.266280e-03	3.553188e-01
3.816000e-05	-4.709283e-03	6.300240e-01
3.817000e-05	2.587425e-03	8.910581e-01
3.818000e-05	-5.647767e-03	1.197373e+00
3.819000e-05	1.607706e-04	1.472033e+00
3.820000e-05	-3.651077e-03	1.798398e+00
3.821000e-05	1.605870e-02	2.008005e+00
3.822000e-05	5.840361e-02	2.252983e+00
3.823000e-05	7.238903e-02	2.627777e+00
3.824000e-05	-7.821776e-02	2.954742e+00
3.825000e-05	-3.340236e-02	3.207995e+00
3.826000e-05	-4.056266e-02	3.564710e+00
3.827000e-05	-2.092257e-02	3.779319e+00
3.828000e-05	-7.952728e-02	3.988898e+00
3.829000e-05	3.525070e-02	4.261079e+00
3.830000e-05	8.662987e-02	4.536762e+00
3.831000e-05	-1.155284e-01	4.818976e+00
3.832000e-05	1.553649e-01	5.122567e+00
3.833000e-05	-8.582299e-02	5.439028e+00
3.834000e-05	-2.102473e-02	5.692091e+00
3.835000e-05	2.764910e-02	5.977846e+00
3.836000e-05	-4.335075e-02	6.249426e+00
3.837000e-05	7.394769e-02	6.462161e+00
3.838000e-05	-6.964980e-02	6.788423e+00
3.839000e-05	2.252833e-02	7.019481e+00
3.840000e-05	-2.777102e-02	7.325260e+00
3.841000e-05	-5.077247e-03	7.639469e+00
3.842000e-05	5.217553e-05	7.873611e+00
3.843000e-05	-3.649710e-02	8.207948e+00
3.844000e-05	5.570261e-02	8.427476e+00
3.845000e-05	-2.874058e-02	8.641476e+00
3.846000e-05	5.519819e-03	8.861006e+00
3.847000e-05	-2.715851e-02	9.135163e+00
3.848000e-05	-3.572249e-02	9.326816e+00
3.849000e-05	2.595605e-02	9.588893e+00
3.850000e-05	-1.200424e-02	9.841973e+00
3.851000e-05	1.344930e-02	1.003108e+01
3.852000e-05	-3.766475e-02	1.026313e+01
3.853000e-05	1.503310e-02	1.052263e+01
3.854000e-05	-2.115669e-02	1.072323e+01
3.855000e-05	-1.314872e-02	1.092523e+01
3.856000e-05	-1.845051e-02	1.111578e+01
3.857000e-05	-1.056394e-02	1.135677e+01
3.858000e-05	1.184136e-02	1.157999e+01
3.859000e-05	-1.746957e-02	1.177887e+01
3.860000e-05	-1.429473e-02	1.196881e+01
3.861000e-05	-2.779590e-02	1.215732e+01
3.862000e-05	3.005128e-03	1.236836e+01
3.863000e-05	-6.430474e-03	1.253619e+01
3.864000e-05	-1.127583e-02	1.268466e+01
3.865000e-05	-2.218813e-02	1.289421e+01
3.866000e-05	-1.559135e-02	1.303305e+01
3.867000e-05	-7.153543e-03	1.323007e+01
3.868000e-05	-2.107856e-02	1.334032e+01
3.869000e-05	-2.123856e-02	1.350526e+01
3.870000e-05	-1.528529e-02	1.365217e+01
3.871000e-05	-3.561930e-04	1.380940e+01
3.872000e-05	-1.090237e-02	1.397034e+01
3.873000e-05	-2.679451e-02	1.415568e+01
3.874000e-05	-2.773387e-02	1.428305e+01
3.875000e-05	-1.887847e-02	1.440046e+01
3.876000e-05	-1.046351e-02	1.450525e+01
3.877000e-05	-2.232992e-02	1.463152e+01
3.878000e-05	-2.396949e-02	1.470476e+01
3.879000e-05	-1.928760e-02	1.481159e+01
3.880000e-05	-1.393077e-02	1.489468e+01
3.881000e-05	-2.368948e-02	1.496897e+01
3.882000e-05	-3.171157e-02	1.506313e+01
3.883000e-05	-2.600240e-02	1.513836e+01
3.884000e-05	-1.949499e-02	1.523149e+01
3.885000e-05	-1.882561e-02	1.523425e+01
3.886000e-05	-3.425034e-02	1.531734e+01
3.887000e-05	-3.507373e-02	1.538244e+01
3.888000e-05	-3.214246e-02	1.546310e+01
3.889000e-05	-2.383354e-02	1.551323e+01
3.890000e-05	-3.197501e-02	1.553891e+01
3.891000e-05	-3.704618e-02	1.557951e+01
3.892000e-05	-3.485934e-02	1.557010e+01
3.893000e-05	-3.253962e-02	1.561314e+01
3.894000e-05	-3.844054e-02	1.565317e+01
3.895000e-05	-5.051010e-02	1.565357e+01
3.896000e-05	-4.875303e-02	1.562277e+01
3.897000e-05	-4.587391e-02	1.564323e+01
3.898000e-05	-4.373865e-02	1.566370e+01
3.899000e-05	-5.664511e-02	1.566215e+01
3.900000e-05	-6.597098e-02	1.563319e+01
3.901000e-05	-6.774677e-02	1.559354e+01
3.902000e-05	-7.179722e-02	1.555851e+01
3.903000e-05	-8.603819e-02	1.553836e+01
3.904000e-05	-1.069878e-01	1.550733e+01
3.905000e-05	-1.232660e-01	1.546430e+01
3.906000e-05	-1.523667e-01	1.541144e+01
3.907000e-05	-2.013703e-01	1.531938e+01
3.908000e-05	-2.465249e-01	1.527425e+01
3.909000e-05	-2.500000e-01	1.522362e+01
3.910000e-05	-2.500000e-01	1.512886e+01
3.911000e-05	-2.500000e-01	1.506423e+01
3.912000e-05	-2.487199e-01	1.501165e+01
3.913000e-05	-2.190899e-01	1.486480e+01
3.914000e-05	-1.554475e-01	1.482309e+01
3.915000e-05	-1.101873e-01	1.468583e+01
3.916000e-05	-8.458464e-02	1.457197e+01
3.917000e-05	-7.018193e-02	1.447725e+01
3.918000e-05	-5.846045e-02	1.435142e+01
3.919000e-05	-4.374841e-02	1.424467e+01
3.920000e-05	-3.781071e-02	1.409635e+01
3.921000e-05	-3.594567e-02	1.393989e+01
3.922000e-05	-3.649078e-02	1.384322e+01
3.923000e-05	-2.705611e-02	1.365722e+01
3.924000e-05	-2.318576e-02	1.351641e+01
3.925000e-05	-2.239389e-02	1.338102e+01
3.926000e-05	-2.624444e-02	1.322364e+01
3.927000e-05	-2.183489e-02	1.307580e+01
3.928000e-05	-1.733860e-02	1.286683e+01
3.929000e-05	-1.650799e-02	1.271843e+01
3.930000e-05	-2.073446e-02	1.255999e+01
3.931000e-05	-2.125262e-02	1.236162e+01
3.932000e-05	-1.547584e-02	1.220362e+01
3.933000e-05	-1.387966e-02	1.200268e+01
3.934000e-05	-1.531800e-02	1.183370e+01
3.935000e-05	-1.891505e-02	1.161218e+01
3.936000e-05	-1.441226e-02	1.142372e+01
3.937000e-05	-1.206600e-02	1.117062e+01
3.938000e-05	-1.164656e-02	1.099099e+01
3.939000e-05	-1.502082e-02	1.079007e+01
3.940000e-05	-1.553894e-02	1.055044e+01
3.941000e-05	-1.136809e-02	1.033903e+01
3.942000e-05	-1.089456e-02	1.009788e+01
3.943000e-05	-1.233406e-02	9.896807e+00
3.944000e-05	-1.428714e-02	9.643249e+00
3.945000e-05	-1.019198e-02	9.412170e+00
3.946000e-05	-8.774476e-03	9.181621e+00
3.947000e-05	-1.046512e-02	8.951040e+00
3.948000e-05	-1.274647e-02	8.698360e+00
3.949000e-05	-1.192061e-02	8.477327e+00
3.950000e-05	-8.956229e-03	8.245649e+00
3.951000e-05	-8.292967e-03	8.000568e+00
3.952000e-05	-1.108451e-02	7.748464e+00
3.953000e-05	-1.096034e-02	7.453727e+00
3.954000e-05	-7.984381e-03	7.138568e+00
3.955000e-05	-6.283769e-03	6.937915e+00
3.956000e-05	-7.887457e-03	6.665228e+00
3.957000e-05	-1.016752e-02	6.380167e+00
3.958000e-05	-9.030938e-03	6.127916e+00
3.959000e-05	-7.050873e-03	5.866310e+00
3.960000e-05	-8.035658e-03	5.599620e+00
3.961000e-05	-1.061162e-02	5.288412e+00
3.962000e-05	-9.192303e-03	4.961041e+00
3.963000e-05	-5.383919e-03	4.705307e+00
3.964000e-05	-5.250774e-03	4.392126e+00
3.965000e-05	-6.173461e-03	4.138487e+00
3.966000e-05	-8.239343e-03	3.843174e+00
3.967000e-05	-7.350598e-03	3.561072e+00
3.968000e-05	-6.378753e-03	3.245408e+00
3.969000e-05	-7.700704e-03	2.992145e+00
3.970000e-05	-8.898449e-03	2.728338e+00
3.971000e-05	-7.509631e-03	2.431601e+00
3.972000e-05	-5.599471e-03	2.138412e+00
3.973000e-05	-5.641929e-03	1.875806e+00
3.974000e-05	-6.904815e-03	1.540545e+00
3.975000e-05	-6.770887e-03	1.285280e+00
3.976000e-05	-5.130942e-03	9.184356e-01
3.977000e-05	-4.829860e-03	6.241812e-01
3.978000e-05	-5.330658e-03	3.385197e-01
3.979000e-05	-4.746719e-03	3.265520e-02
3.980000e-05	1.771147e-03	-2.378766e-01
3.981000e-05	9.306700e-03	-5.016143e-01
3.982000e-05	-3.246105e-03	-8.184200e-01
3.983000e-05	3.246160e-03	-1.050484e+00
3.984000e-05	-3.349790e-03	-1.373193e+00
3.985000e-05	3.073507e-03	-1.629475e+00
3.986000e-05	7.094511e-03	-1.861538e+00
3.987000e-05	5.522555e-02	-2.042612e+00
3.988000e-05	1.101255e-01	-2.428953e+00
3.989000e-05	-6.600677e-02	-2.828852e+00
3.990000e-05	-1.890330e-02	-3.159021e+00
3.991000e-05	-4.133376e-02	-3.461680e+00
3.992000e-05	-2.678791e-02	-3.663132e+00
3.993000e-05	-8.643877e-02	-3.963185e+00
3.994000e-05	1.495220e-01	-4.074186e+00
3.995000e-05	-3.460308e-02	-4.377268e+00
3.996000e-05	-2.959595e-02	-4.712682e+00
3.997000e-05	1.294090e-01	-4.913716e+00
3.998000e-05	-1.717705e-01	-5.260561e+00
3.999000e-05	1.584394e-01	-5.557443e+00
4.000000e-05	-1.300404e-01	-5.829354e+00
4.001000e-05	3.750708e-02	-6.124692e+00
4.002000e-05	8.645516e-02	-6.336319e+00
4.003000e-05	-1.008508e-01	-6.671031e+00
4.004000e-05	1.344175e-01	-6.915792e+00
4.005000e-05	-1.360042e-01	-7.208501e+00
4.006000e-05	8.992460e-02	-7.483660e+00
4.007000e-05	-3.099761e-02	-7.745244e+00
4.008000e-05	-1.102351e-03	-8.063577e+00
4.009000e-05	9.071859e-02	-8.243054e+00
4.010000e-05	-9.686140e-02	-8.533767e+00
4.011000e-05	1.267512e-01	-8.809001e+00
4.012000e-05	-1.117180e-01	-9.010554e+00
4.013000e-05	6.007145e-02	-9.283157e+00
4.014000e-05	-2.786187e-02	-9.473156e+00
4.015000e-05	3.630646e-02	-9.735892e+00
4.016000e-05	4.668238e-02	-9.945261e+00
4.017000e-05	-3.897157e-02	-1.017942e+01
4.018000e-05	5.927131e-02	-1.041047e+01
4.019000e-05	-6.765111e-02	-1.063258e+01
4.020000e-05	7.342920e-02	-1.086156e+01
4.021000e-05	-5.047828e-02	-1.103105e+01
4.022000e-05	5.934254e-02	-1.128271e+01
4.023000e-05	-1.776530e-02	-1.148306e+01
4.024000e-05	3.765304e-02	-1.170624e+01
4.025000e-05	-4.347132e-03	-1.190466e+01
4.026000e-05	3.698033e-05	-1.213684e+01
4.027000e-05	1.204344e-02	-1.228368e+01
4.028000e-05	8.347911e-03	-1.249273e+01
4.029000e-05	3.717402e-02	-1.264148e+01
4.030000e-05	-6.988340e-03	-1.286065e+01
4.031000e-05	2.039064e-02	-1.302052e+01
4.032000e-05	-9.654516e-03	-1.315686e+01
4.033000e-05	2.740675e-02	-1.330731e+01
4.034000e-05	-2.634429e-03	-1.348413e+01
4.035000e-05	2.575232e-02	-1.362360e+01
4.036000e-05	8.229110e-03	-1.377839e+01
4.037000e-05	2.927519e-02	-1.393636e+01
4.038000e-05	5.233436e-03	-1.404411e+01
4.039000e-05	9.242315e-03	-1.420945e+01
4.040000e-05	2.253335e-03	-1.430684e+01
4.041000e-05	2.025783e-02	-1.444416e+01
4.042000e-05	2.107914e-02	-1.459944e+01
4.043000e-05	1.899630e-02	-1.467678e+01
4.044000e-05	1.410657e-02	-1.477847e+01
4.045000e-05	1.379788e-02	-1.486420e+01
4.046000e-05	2.114881e-02	-1.494951e+01
4.047000e-05	1.437072e-02	-1.506365e+01
4.048000e-05	2.116844e-02	-1.513741e+01
4.049000e-05	1.623328e-02	-1.519060e+01
4.050000e-05	3.078253e-02	-1.530480e+01
4.051000e-05	1.871067e-02	-1.534889e+01
4.052000e-05	1.788502e-02	-1.538258e+01
4.053000e-05	1.218410e-02	-1.547418e+01
4.054000e-05	2.546720e-02	-1.551683e+01
4.055000e-05	3.146313e-02	-1.556844e+01
4.056000e-05	3.110212e-02	-1.561164e+01
4.057000e-05	2.872200e-02	-1.559325e+01
4.058000e-05	3.001270e-02	-1.562275e+01
4.059000e-05	3.328145e-02	-1.564378e+01
4.060000e-05	3.142026e-02	-1.569733e+01
4.061000e-05	3.022876e-02	-1.567681e+01
4.062000e-05	3.593115e-02	-1.569739e+01
4.063000e-05	4.584714e-02	-1.568733e+01
4.064000e-05	5.143721e-02	-1.569731e+01
4.065000e-05	4.914590e-02	-1.568518e+01
4.066000e-05	5.188360e-02	-1.568277e+01
4.067000e-05	6.106059e-02	-1.564218e+01
4.068000e-05	7.180313e-02	-1.560017e+01
4.069000e-05	8.177035e-02	-1.559904e+01
4.070000e-05	9.350547e-02	-1.551799e+01
4.071000e-05	1.180992e-01	-1.547641e+01
4.072000e-05	1.572842e-01	-1.545315e+01
4.073000e-05	2.102751e-01	-1.537000e+01
4.074000e-05	2.468923e-01	-1.533889e+01
4.075000e-05	2.500000e-01	-1.523375e+01
4.076000e-05	2.500000e-01	-1.515901e+01
4.077000e-05	2.500000e-01	-1.506480e+01
4.078000e-05	2.453544e-01	-1.499304e+01
4.079000e-05	1.937201e-01	-1.488793e+01
4.080000e-05	1.354827e-01	-1.482112e+01
4.081000e-05	1.006309e-01	-1.472696e+01
4.082000e-05	7.459253e-02	-1.461320e+01
4.083000e-05	5.519106e-02	-1.452789e+01
4.084000e-05	4.348802e-02	-1.440012e+01
4.085000e-05	3.713320e-02	-1.427476e+01
4.086000e-05	3.139643e-02	-1.414944e+01
4.087000e-05	2.372837e-02	-1.397014e+01
4.088000e-05	1.881580e-02	-1.383288e+01
4.089000e-05	1.825258e-02	-1.371533e+01
4.090000e-05	1.873760e-02	-1.353841e+01
4.091000e-05	1.499672e-02	-1.339267e+01
4.092000e-05	1.007843e-02	-1.325272e+01
4.093000e-05	9.185040e-03	-1.303636e+01
4.094000e-05	1.119665e-02	-1.292739e+01
4.095000e-05	9.968002e-03	-1.273101e+01
4.096000e-05	6.758376e-03	-1.258202e+01
4.097000e-05	4.810174e-03	-1.235122e+01
4.098000e-05	6.914341e-03	-1.223168e+01
4.099000e-05	6.625718e-03	-1.203368e+01
4.100000e-05	3.165706e-03	-1.181530e+01
4.101000e-05	3.022833e-04	-1.160279e+01
4.102000e-05	3.195921e-03	-1.136954e+01
4.103000e-05	4.196809e-03	-1.116904e+01
4.104000e-05	4.205701e-03	-1.091002e+01
4.105000e-05	6.001117e-04	-1.075952e+01
4.106000e-05	8.399773e-04	-1.055004e+01
4.107000e-05	4.729452e-04	-1.033843e+01
4.108000e-05	2.248726e-03	-1.007681e+01
4.109000e-05	-1.233522e-03	-9.894757e+00
4.110000e-05	-1.689061e-03	-9.676306e+00
4.111000e-05	-1.135805e-03	-9.384198e+00
4.112000e-05	4.368734e-04	-9.161170e+00
4.113000e-05	-2.026344e-03	-8.949523e+00
4.114000e-05	-3.655678e-03	-8.728987e+00
4.115000e-05	-3.328396e-03	-8.466306e+00
4.116000e-05	-1.289598e-03	-8.232773e+00
4.117000e-05	-1.898886e-03	-7.960116e+00
4.118000e-05	-4.588222e-03	-7.657408e+00
4.119000e-05	-4.407115e-03	-7.433250e+00
4.120000e-05	-4.189516e-03	-7.161019e+00
4.121000e-05	-3.054120e-03	-6.875809e+00
4.122000e-05	-5.349509e-03	-6.634677e+00
4.123000e-05	-5.232935e-03	-6.400194e+00
4.124000e-05	-5.190546e-03	-6.107879e+00
4.125000e-05	-3.805989e-03	-5.824730e+00
4.126000e-05	-4.509505e-03	-5.519064e+00
4.127000e-05	-7.178378e-03	-5.235826e+00
4.128000e-05	-6.196418e-03	-4.968544e+00
4.129000e-05	-4.695084e-03	-4.593200e+00
4.130000e-05	-5.051009e-03	-4.380520e+00
4.131000e-05	-6.313753e-03	-4.155940e+00
4.132000e-05	-8.086290e-03	-3.824730e+00
4.133000e-05	-6.695860e-03	-3.549968e+00
4.134000e-05	-7.418852e-03	-3.286784e+00
4.135000e-05	-7.137332e-03	-2.980565e+00
4.136000e-05	-8.322780e-03	-2.695360e+00
4.137000e-05	-6.112115e-03	-2.402678e+00
4.138000e-05	-6.571639e-03	-2.137316e+00
4.139000e-05	-7.019814e-03	-1.824205e+00
4.140000e-05	-9.181449e-03	-1.558542e+00
4.141000e-05	-8.548464e-03	-1.182549e+00
4.142000e-05	-8.153637e-03	-9.189381e-01
4.143000e-05	-8.389892e-03	-6.326751e-01
4.144000e-05	-7.392933e-03	-3.164619e-01
4.145000e-05	-7.101891e-03	-5.373527e-02
4.146000e-05	5.355922e-03	2.114301e-01
4.147000e-05	-1.041964e-04	5.141882e-01
4.148000e-05	-3.558457e-04	7.371436e-01
4.149000e-05	-2.066366e-03	1.059479e+00
4.150000e-05	-2.658671e-03	1.365738e+00
4.151000e-05	-2.326070e-03	1.638932e+00
4.152000e-05	4.055724e-03	1.904262e+00
4.153000e-05	3.029441e-02	2.154593e+00
4.154000e-05	9.337419e-02	2.450377e+00
4.155000e-05	-1.644764e-02	2.797950e+00
4.156000e-05	-6.461040e-02	3.094134e+00
4.157000e-05	-3.483278e-02	3.366748e+00
4.158000e-05	-2.552579e-02	3.671532e+00
4.159000e-05	-5.363212e-02	3.883158e+00
4.160000e-05	-4.234116e-02	4.054188e+00
4.161000e-05	1.131701e-01	4.367300e+00
4.162000e-05	-5.314655e-02	4.704611e+00
4.163000e-05	1.748703e-02	4.935720e+00
4.164000e-05	8.808493e-02	5.271132e+00
4.165000e-05	-1.381285e-01	5.597768e+00
4.166000e-05	7.253987e-02	5.839975e+00
4.167000e-05	-5.982119e-02	6.146237e+00
4.168000e-05	4.797270e-02	6.346241e+00
4.169000e-05	1.402371e-04	6.731001e+00
4.170000e-05	-4.741611e-02	6.927316e+00
4.171000e-05	3.348809e-02	7.198796e+00
4.172000e-05	-5.765605e-02	7.503132e+00
4.173000e-05	4.096440e-02	7.779365e+00
4.174000e-05	-6.034657e-02	8.091554e+00
4.175000e-05	3.782583e-02	8.305209e+00
4.176000e-05	1.015132e-02	8.495214e+00
4.177000e-05	-2.434973e-02	8.736716e+00
4.178000e-05	1.242221e-02	8.979370e+00
4.179000e-05	-6.448230e-02	9.241078e+00
4.180000e-05	2.395612e-02	9.474082e+00
4.181000e-05	-1.373855e-02	9.687240e+00
4.182000e-05	2.279544e-02	9.945768e+00
4.183000e-05	-3.219245e-02	1.019685e+01
4.184000e-05	-2.212621e-03	1.038887e+01
4.185000e-05	-3.605772e-03	1.061000e+01
4.186000e-05	-2.228914e-02	1.082002e+01
4.187000e-05	-9.650065e-03	1.105205e+01
4.188000e-05	-2.553644e-02	1.124257e+01
4.189000e-05	1.658406e-02	1.144355e+01
4.190000e-05	-1.316722e-02	1.169366e+01
4.191000e-05	-5.155529e-03	1.189368e+01
4.192000e-05	-3.629164e-02	1.207313e+01
4.193000e-05	-3.685725e-03	1.227415e+01
4.194000e-05	-6.966319e-03	1.245310e+01
4.195000e-05	-2.109967e-03	1.262202e+01
4.196000e-05	-2.108397e-02	1.279954e+01
4.197000e-05	-1.847201e-02	1.295826e+01
4.198000e-05	-7.199911e-03	1.312523e+01
4.199000e-05	-1.634118e-02	1.329323e+01
4.200000e-05	-1.860491e-02	1.344355e+01
4.201000e-05	-2.517401e-02	1.362052e+01
4.202000e-05	-5.717024e-04	1.370631e+01
4.203000e-05	-8.834680e-03	1.386631e+01
4.204000e-05	-1.434187e-02	1.405159e+01
4.205000e-05	-3.382289e-02	1.419147e+01
4.206000e-05	-2.034309e-02	1.432488e+01
4.207000e-05	-1.357059e-02	1.442302e+01
4.208000e-05	-1.366248e-02	1.454896e+01
4.209000e-05	-2.382910e-02	1.469363e+01
4.210000e-05	-2.467167e-02	1.475992e+01
4.211000e-05	-1.257978e-02	1.485313e+01
4.212000e-05	-2.053876e-02	1.494731e+01
4.213000e-05	-2.583053e-02	1.498200e+01
4.214000e-05	-3.292282e-02	1.505623e+01
4.215000e-05	-1.949931e-02	1.518839e+01
4.216000e-05	-1.807377e-02	1.523317e+01
4.217000e-05	-2.547133e-02	1.529478e+01
4.218000e-05	-3.596972e-02	1.531897e+01
4.219000e-05	-3.558755e-02	1.545362e+01
4.220000e-05	-2.353405e-02	1.549410e+01
4.221000e-05	-2.803609e-02	1.550431e+01
4.222000e-05	-3.346895e-02	1.555901e+01
4.223000e-05	-3.903329e-02	1.557956e+01
4.224000e-05	-3.113697e-02	1.560110e+01
4.225000e-05	-3.518678e-02	1.561102e+01
4.226000e-05	-4.463370e-02	1.560315e+01
4.227000e-05	-5.192814e-02	1.566220e+01
4.228000e-05	-4.704553e-02	1.567370e+01
4.229000e-05	-4.108087e-02	1.564411e+01
4.230000e-05	-5.041707e-02	1.564320e+01
4.231000e-05	-6.159668e-02	1.563109e+01
4.232000e-05	-6.948058e-02	1.564262e+01
4.233000e-05	-6.773866e-02	1.558207e+01
4.234000e-05	-7.789253e-02	1.553898e+01
4.235000e-05	-9.584993e-02	1.550786e+01
4.236000e-05	-1.156441e-01	1.550530e+01
4.237000e-05	-1.369874e-01	1.539372e+01
4.238000e-05	-1.736079e-01	1.537096e+01
4.239000e-05	-2.331418e-01	1.531728e+01
4.240000e-05	-2.499998e-01	1.525330e+01
4.241000e-05	-2.500000e-01	1.520049e+01
4.242000e-05	-2.500000e-01	1.510633e+01
4.243000e-05	-2.500000e-01	1.503415e+01
4.244000e-05	-2.416022e-01	1.495738e+01
4.245000e-05	-1.848583e-01	1.484313e+01
4.246000e-05	-1.289514e-01	1.471744e+01
4.247000e-05	-9.362741e-02	1.464360e+01
4.248000e-05	-7.734095e-02	1.452798e+01
4.249000e-05	-6.438895e-02	1.443164e+01
4.250000e-05	-5.021354e-02	1.428789e+01
4.251000e-05	-3.789154e-02	1.423246e+01
4.252000e-05	-3.604108e-02	1.405370e+01
4.253000e-05	-3.754993e-02	1.389883e+01
4.254000e-05	-3.275553e-02	1.375097e+01
4.255000e-05	-2.443186e-02	1.358357e+01
4.256000e-05	-2.157880e-02	1.343523e+01
4.257000e-05	-2.464790e-02	1.330733e+01
4.258000e-05	-2.489037e-02	1.315741e+01
4.259000e-05	-2.055036e-02	1.295202e+01
4.260000e-05	-1.582638e-02	1.281415e+01
4.261000e-05	-1.906933e-02	1.264473e+01
4.262000e-05	-2.025130e-02	1.250733e+01
4.263000e-05	-1.828475e-02	1.230789e+01
4.264000e-05	-1.240591e-02	1.208836e+01
4.265000e-05	-1.440080e-02	1.193846e+01
4.266000e-05	-1.883571e-02	1.172841e+01
4.267000e-05	-1.789275e-02	1.152733e+01
4.268000e-05	-1.337870e-02	1.130583e+01
4.269000e-05	-9.634927e-03	1.105635e+01
4.270000e-05	-1.342538e-02	1.088583e+01
4.271000e-05	-1.432287e-02	1.069530e+01
4.272000e-05	-1.333361e-02	1.046325e+01
4.273000e-05	-9.433049e-03	1.023315e+01
4.274000e-05	-1.149742e-02	1.000154e+01
4.275000e-05	-1.436085e-02	9.783488e+00
4.276000e-05	-1.306003e-02	9.528415e+00
4.277000e-05	-9.620498e-03	9.297357e+00
4.278000e-05	-8.095418e-03	9.095179e+00
4.279000e-05	-1.196679e-02	8.832694e+00
4.280000e-05	-1.352935e-02	8.593046e+00
4.281000e-05	-9.461761e-03	8.350464e+00
4.282000e-05	-7.236834e-03	8.097887e+00
4.283000e-05	-9.371700e-03	7.824177e+00
4.284000e-05	-1.139580e-02	7.570168e+00
4.285000e-05	-1.056695e-02	7.297355e+00
4.286000e-05	-7.524498e-03	7.053749e+00
4.287000e-05	-7.796910e-03	6.772096e+00
4.288000e-05	-1.102556e-02	6.497432e+00
4.289000e-05	-1.072750e-02	6.253753e+00
4.290000e-05	-7.217535e-03	5.981100e+00
4.291000e-05	-5.759426e-03	5.726461e+00
4.292000e-05	-8.281323e-03	5.424230e+00
4.293000e-05	-1.103697e-02	5.138514e+00
4.294000e-05	-8.091976e-03	4.791096e+00
4.295000e-05	-6.264574e-03	4.548886e+00
4.296000e-05	-6.616642e-03	4.265257e+00
4.297000e-05	-9.513056e-03	3.949517e+00
4.298000e-05	-8.609012e-03	3.696257e+00
4.299000e-05	-5.764297e-03	3.443146e+00
4.300000e-05	-5.368373e-03	3.128363e+00
4.301000e-05	-7.754490e-03	2.864759e+00
4.302000e-05	-8.597181e-03	2.609947e+00
4.303000e-05	-6.388048e-03	2.274832e+00
4.304000e-05	-4.816492e-03	2.000569e+00
4.305000e-05	-6.249827e-03	1.676911e+00
4.306000e-05	-8.156134e-03	1.391101e+00
4.307000e-05	-6.822967e-03	1.077907e+00
4.308000e-05	-4.163153e-03	7.290158e-01
4.309000e-05	-4.381388e-03	4.977815e-01
4.310000e-05	-4.788612e-03	2.100747e-01
4.311000e-05	-3.349781e-03	-9.409216e-02
4.312000e-05	8.548113e-03	-3.467699e-01
4.313000e-05	1.494437e-03	-6.714829e-01
4.314000e-05	2.361394e-03	-9.147159e-01
4.315000e-05	-3.235089e-03	-1.198924e+00
4.316000e-05	6.243139e-04	-1.531717e+00
4.317000e-05	1.308392e-03	-1.734770e+00
4.318000e-05	2.636061e-02	-1.977874e+00
4.319000e-05	1.015482e-01	-2.248032e+00
4.320000e-05	2.331159e-02	-2.618908e+00
4.321000e-05	-6.663132e-02	-3.039478e+00
4.322000e-05	-1.165453e-02	-3.377848e+00
4.323000e-05	-4.143474e-02	-3.577393e+00
4.324000e-05	-6.190828e-02	-3.789001e+00
4.325000e-05	6.959210e-03	-4.019025e+00
4.326000e-05	1.387850e-01	-4.189848e+00
4.327000e-05	-1.609464e-01	-4.503769e+00
4.328000e-05	2.084666e-01	-4.808974e+00
4.329000e-05	-7.682552e-02	-5.050557e+00
4.330000e-05	-8.546315e-03	-5.491153e+00
4.331000e-05	6.415858e-02	-5.654111e+00
4.332000e-05	-1.335800e-01	-5.978350e+00
4.333000e-05	1.903557e-01	-6.270553e+00
4.334000e-05	-1.062600e-01	-6.533216e+00
4.335000e-05	7.592874e-02	-6.820047e+00
4.336000e-05	-1.011311e-02	-7.102135e+00
4.337000e-05	-6.564477e-02	-7.398420e+00
4.338000e-05	1.047200e-01	-7.601002e+00
4.339000e-05	-1.112396e-01	-7.924711e+00
4.340000e-05	1.420170e-01	-8.167423e+00
4.341000e-05	-7.240824e-02	-8.389424e+00
4.342000e-05	5.066190e-02	-8.693134e+00
4.343000e-05	1.260105e-02	-8.926237e+00
4.344000e-05	-7.071729e-02	-9.176919e+00
4.345000e-05	7.656120e-02	-9.336769e+00
4.346000e-05	-6.680503e-02	-9.650077e+00
4.347000e-05	1.193889e-01	-9.852029e+00
4.348000e-05	-6.447267e-02	-1.007206e+01
4.349000e-05	6.531850e-02	-1.031331e+01
4.350000e-05	-4.414977e-02	-1.052531e+01
4.351000e-05	2.357108e-02	-1.074786e+01
4.352000e-05	8.781692e-03	-1.095622e+01
4.353000e-05	-7.103421e-03	-1.118794e+01
4.354000e-05	4.249894e-02	-1.138844e+01
4.355000e-05	-1.808879e-02	-1.161058e+01
4.356000e-05	4.876261e-02	-1.183010e+01
4.357000e-05	-3.661029e-02	-1.201060e+01
4.358000e-05	3.564230e-02	-1.220900e+01
4.359000e-05	-1.688703e-02	-1.241797e+01
4.360000e-05	4.899476e-02	-1.259837e+01
4.361000e-05	-1.389863e-03	-1.274789e+01
4.362000e-05	1.875905e-02	-1.296689e+01
4.363000e-05	-3.944821e-03	-1.308361e+01
4.364000e-05	1.286196e-02	-1.326163e+01
4.365000e-05	8.423832e-03	-1.338945e+01
4.366000e-05	9.352840e-03	-1.355691e+01
4.367000e-05	1.936656e-02	-1.368578e+01
4.368000e-05	1.765744e-02	-1.389368e+01
4.369000e-05	2.335270e-02	-1.401050e+01
4.370000e-05	2.458444e-03	-1.412884e+01
4.371000e-05	1.080730e-02	-1.426275e+01
4.372000e-05	5.875660e-03	-1.437949e+01
4.373000e-05	2.539462e-02	-1.453541e+01
4.374000e-05	1.375292e-02	-1.462357e+01
4.375000e-05	2.182533e-02	-1.476789e+01
4.376000e-05	1.016163e-02	-1.481013e+01
4.377000e-05	2.195212e-02	-1.490739e+01
4.378000e-05	1.532247e-02	-1.499152e+01
4.379000e-05	1.864866e-02	-1.511681e+01
4.380000e-05	1.749309e-02	-1.517902e+01
4.381000e-05	2.302422e-02	-1.526308e+01
4.382000e-05	2.492877e-02	-1.530683e+01
4.383000e-05	1.857245e-02	-1.538000e+01
4.384000e-05	1.669711e-02	-1.544322e+01
4.385000e-05	1.961035e-02	-1.549533e+01
4.386000e-05	2.859583e-02	-1.552691e+01
4.387000e-05	2.950937e-02	-1.558962e+01
4.388000e-05	2.958942e-02	-1.562012e+01
4.389000e-05	2.815399e-02	-1.563320e+01
4.390000e-05	3.079980e-02	-1.567473e+01
4.391000e-05	3.206684e-02	-1.566525e+01
4.392000e-05	3.170344e-02	-1.567631e+01
4.393000e-05	3.450210e-02	-1.570578e+01
4.394000e-05	4.199703e-02	-1.569728e+01
4.395000e-05	4.812374e-02	-1.571536e+01
4.396000e-05	4.999550e-02	-1.567621e+01
4.397000e-05	4.927594e-02	-1.567486e+01
4.398000e-05	5.575142e-02	-1.569373e+01
4.399000e-05	6.534356e-02	-1.562070e+01
4.400000e-05	7.689391e-02	-1.560862e+01
4.401000e-05	8.759006e-02	-1.555846e+01
4.402000e-05	1.076206e-01	-1.555738e+01
4.403000e-05	1.381380e-01	-1.543478e+01
4.404000e-05	1.833177e-01	-1.539167e+01
4.405000e-05	2.374462e-01	-1.534641e+01
4.406000e-05	2.499997e-01	-1.527330e+01
4.407000e-05	2.500000e-01	-1.519960e+01
4.408000e-05	2.500000e-01	-1.512689e+01
4.409000e-05	2.499300e-01	-1.504172e+01
4.410000e-05	2.248498e-01	-1.492994e+01
4.411000e-05	1.614103e-01	-1.484427e+01
4.412000e-05	1.146280e-01	-1.476952e+01
4.413000e-05	8.699686e-02	-1.466523e+01
4.414000e-05	6.324970e-02	-1.455807e+01
4.415000e-05	4.835698e-02	-1.447423e+01
4.416000e-05	3.945188e-02	-1.431791e+01
4.417000e-05	3.446408e-02	-1.420110e+01
4.418000e-05	2.682266e-02	-1.404380e+01
4.419000e-05	2.157003e-02	-1.389744e+01
4.420000e-05	1.842166e-02	-1.378859e+01
4.421000e-05	1.809290e-02	-1.364365e+01
4.422000e-05	1.608069e-02	-1.346481e+01
4.423000e-05	1.201213e-02	-1.333646e+01
4.424000e-05	9.487723e-03	-1.314949e+01
4.425000e-05	1.012554e-02	-1.300012e+01
4.426000e-05	1.088220e-02	-1.284470e+01
4.427000e-05	7.870353e-03	-1.268535e+01
4.428000e-05	5.505985e-03	-1.246531e+01
4.429000e-05	5.453753e-03	-1.228748e+01
4.430000e-05	6.188928e-03	-1.214893e+01
4.431000e-05	4.452508e-03	-1.196846e+01
4.432000e-05	2.446698e-03	-1.170799e+01
4.433000e-05	2.194173e-03	-1.150696e+01
4.434000e-05	2.485561e-03	-1.128420e+01
4.435000e-05	4.516879e-03	-1.104425e+01
4.436000e-05	2.762931e-03	-1.083470e+01
4.437000e-05	1.561030e-03	-1.059370e+01
4.438000e-05	2.316927e-04	-1.045375e+01
4.439000e-05	1.978724e-03	-1.019267e+01
4.440000e-05	-1.477598e-04	-1.000010e+01
4.441000e-05	-1.473046e-03	-9.759518e+00
4.442000e-05	-2.490445e-03	-9.549968e+00
4.443000e-05	-4.142739e-04	-9.288410e+00
4.444000e-05	-4.011588e-04	-9.075255e+00
4.445000e-05	-2.016004e-03	-8.843805e+00
4.446000e-05	-3.372351e-03	-8.570648e+00
4.447000e-05	-2.519700e-03	-8.318462e+00
4.448000e-05	-1.222834e-03	-8.096359e+00
4.449000e-05	-2.953591e-03	-7.813129e+00
4.450000e-05	-5.146477e-03	-7.528590e+00
4.451000e-05	-4.426924e-03	-7.256860e+00
4.452000e-05	-3.359222e-03	-7.061149e+00
4.453000e-05	-3.970829e-03	-6.728962e+00
4.454000e-05	-5.762770e-03	-6.485407e+00
4.455000e-05	-4.974561e-03	-6.263799e+00
4.456000e-05	-5.368121e-03	-5.958420e+00
4.457000e-05	-3.571990e-03	-5.684834e+00
4.458000e-05	-5.789948e-03	-5.402147e+00
4.459000e-05	-6.225441e-03	-5.086436e+00
4.460000e-05	-6.237289e-03	-4.749045e+00
4.461000e-05	-5.430947e-03	-4.465732e+00
4.462000e-05	-5.199886e-03	-4.243753e+00
4.463000e-05	-7.281398e-03	-3.981124e+00
4.464000e-05	-6.854081e-03	-3.682858e+00
4.465000e-05	-8.042251e-03	-3.432702e+00
4.466000e-05	-7.127443e-03	-3.149967e+00
4.467000e-05	-7.492738e-03	-2.831198e+00
4.468000e-05	-6.279683e-03	-2.548440e+00
4.469000e-05	-7.056757e-03	-2.275907e+00
4.470000e-05	-6.193401e-03	-1.939992e+00
4.471000e-05	-7.904414e-03	-1.686384e+00
4.472000e-05	-9.102688e-03	-1.330145e+00
4.473000e-05	-9.536315e-03	-1.033755e+00
4.474000e-05	-7.929851e-03	-8.200448e-01
4.475000e-05	-7.284248e-03	-4.737815e-01
4.476000e-05	-6.742297e-03	-2.000996e-01
4.477000e-05	-1.476893e-03	8.198677e-02
4.478000e-05	5.666552e-03	3.798714e-01
4.479000e-05	-5.386192e-03	6.404315e-01
4.480000e-05	2.013310e-03	9.135843e-01
4.481000e-05	-6.538427e-03	1.230450e+00
4.482000e-05	1.796363e-04	1.492088e+00
4.483000e-05	-3.503682e-03	1.809953e+00
4.484000e-05	1.820247e-02	2.020504e+00
4.485000e-05	6.413035e-02	2.304158e+00
4.486000e-05	6.472413e-02	2.628378e+00
4.487000e-05	-7.887573e-02	2.944720e+00
4.488000e-05	-3.268535e-02	3.221479e+00
4.489000e-05	-4.116488e-02	3.564691e+00
4.490000e-05	-2.491650e-02	3.787325e+00
4.491000e-05	-7.924246e-02	3.987998e+00
4.492000e-05	4.730208e-02	4.250507e+00
4.493000e-05	7.381646e-02	4.557296e+00
4.494000e-05	-1.083460e-01	4.810947e+00
4.495000e-05	1.599748e-01	5.112136e+00
4.496000e-05	-1.035404e-01	5.450525e+00
4.497000e-05	-4.900582e-03	5.674088e+00
4.498000e-05	1.348514e-02	6.008873e+00
4.499000e-05	-3.432738e-02	6.230531e+00
4.500000e-05	6.919302e-02	6.504191e+00
4.501000e-05	-7.235013e-02	6.809026e+00
4.502000e-05	2.928049e-02	7.042053e+00
4.503000e-05	-3.562971e-02	7.347239e+00
4.504000e-05	4.766673e-03	7.630500e+00
4.505000e-05	-9.584863e-03	7.905660e+00
4.506000e-05	-2.803824e-02	8.168470e+00
4.507000e-05	5.086222e-02	8.419428e+00
4.508000e-05	-3.239965e-02	8.640527e+00
4.509000e-05	8.362085e-03	8.862103e+00
4.510000e-05	-3.275717e-02	9.135259e+00
4.511000e-05	-2.643969e-02	9.397894e+00
4.512000e-05	2.250915e-02	9.567393e+00
4.513000e-05	-6.885288e-03	9.861452e+00
4.514000e-05	7.526986e-03	1.007060e+01
4.515000e-05	-3.601213e-02	1.025563e+01
4.516000e-05	1.179771e-02	1.050621e+01
4.517000e-05	-2.340005e-02	1.070571e+01
4.518000e-05	-1.159943e-02	1.089726e+01
4.519000e-05	-1.788993e-02	1.113621e+01
4.520000e-05	-4.644189e-03	1.132781e+01
4.521000e-05	1.078822e-02	1.160847e+01
4.522000e-05	-1.690073e-02	1.177795e+01
4.523000e-05	-1.833378e-02	1.198837e+01
4.524000e-05	-2.699398e-02	1.215837e+01
4.525000e-05	1.969903e-03	1.235787e+01
4.526000e-05	-4.728079e-03	1.256679e+01
4.527000e-05	-1.113691e-02	1.270671e+01
4.528000e-05	-2.118635e-02	1.290518e+01
4.529000e-05	-1.464493e-02	1.306253e+01
4.530000e-05	-8.989800e-03	1.322997e+01
4.531000e-05	-2.115864e-02	1.335995e+01
4.532000e-05	-2.210611e-02	1.351778e+01
4.533000e-05	-1.268935e-02	1.368365e+01
4.534000e-05	-6.377780e-04	1.386197e+01
4.535000e-05	-9.459264e-03	1.397734e+01
4.536000e-05	-2.833521e-02	1.410623e+01
4.537000e-05	-2.691460e-02	1.427408e+01
4.538000e-05	-1.926751e-02	1.439142e+01
4.539000e-05	-1.025975e-02	1.451623e+01
4.540000e-05	-2.213121e-02	1.461214e+01
4.541000e-05	-2.319499e-02	1.474631e+01
4.542000e-05	-1.806210e-02	1.481102e+01
4.543000e-05	-1.378002e-02	1.491621e+01
4.544000e-05	-2.317662e-02	1.498992e+01
4.545000e-05	-3.213617e-02	1.502565e+01
4.546000e-05	-2.478839e-02	1.514734e+01
4.547000e-05	-2.016965e-02	1.522012e+01
4.548000e-05	-1.968922e-02	1.528418e+01
4.549000e-05	-3.469114e-02	1.533889e+01
4.550000e-05	-3.499401e-02	1.538144e+01
4.551000e-05	-3.039503e-02	1.542313e+01
4.552000e-05	-2.274010e-02	1.551533e+01
4.553000e-05	-3.180785e-02	1.554796e+01
4.554000e-05	-3.792464e-02	1.555056e+01
4.555000e-05	-3.493466e-02	1.560997e+01
4.556000e-05	-3.321251e-02	1.562257e+01
4.557000e-05	-3.880206e-02	1.563260e+01
4.558000e-05	-5.143038e-02	1.566517e+01
4.559000e-05	-4.832530e-02	1.567462e+01
4.560000e-05	-4.484427e-02	1.564365e+01
4.561000e-05	-4.417599e-02	1.564317e+01
4.562000e-05	-5.808158e-02	1.563415e+01
4.563000e-05	-6.725512e-02	1.561312e+01
4.564000e-05	-6.702953e-02	1.556107e+01
4.565000e-05	-7.206021e-02	1.557049e+01
4.566000e-05	-8.537362e-02	1.553938e+01
4.567000e-05	-1.082471e-01	1.550778e+01
4.568000e-05	-1.244800e-01	1.548420e+01
4.569000e-05	-1.542865e-01	1.537307e+01
4.570000e-05	-2.062163e-01	1.532878e+01
4.571000e-05	-2.472007e-01	1.527523e+01
4.572000e-05	-2.500000e-01	1.520212e+01
4.573000e-05	-2.500000e-01	1.514801e+01
4.574000e-05	-2.500000e-01	1.505431e+01
4.575000e-05	-2.483898e-01	1.501249e+01
4.576000e-05	-2.158466e-01	1.487625e+01
4.577000e-05	-1.521687e-01	1.479164e+01
4.578000e-05	-1.076938e-01	1.471683e+01
4.579000e-05	-8.407537e-02	1.459012e+01
4.580000e-05	-7.061522e-02	1.446678e+01
4.581000e-05	-5.725660e-02	1.439201e+01
4.582000e-05	-4.198933e-02	1.424370e+01
4.583000e-05	-3.743521e-02	1.409588e+01
4.584000e-05	-3.617026e-02	1.393049e+01
4.585000e-05	-3.525605e-02	1.383270e+01
4.586000e-05	-2.558997e-02	1.367373e+01
4.587000e-05	-2.209169e-02	1.353636e+01
4.588000e-05	-2.292947e-02	1.336099e+01
4.589000e-05	-2.663248e-02	1.321265e+01
4.590000e-05	-2.242256e-02	1.305473e+01
4.591000e-05	-1.710551e-02	1.288681e+01
4.592000e-05	-1.732626e-02	1.270893e+01
4.593000e-05	-2.006000e-02	1.257049e+01
4.594000e-05	-2.067256e-02	1.236199e+01
4.595000e-05	-1.387467e-02	1.221315e+01
4.596000e-05	-1.309197e-02	1.203367e+01
4.597000e-05	-1.630994e-02	1.179314e+01
4.598000e-05	-1.953424e-02	1.166265e+01
4.599000e-05	-1.435887e-02	1.138167e+01
4.600000e-05	-1.062343e-02	1.115202e+01
4.601000e-05	-1.172902e-02	1.098051e+01
4.602000e-05	-1.508306e-02	1.075104e+01
4.603000e-05	-1.499385e-02	1.056046e+01
4.604000e-05	-9.962386e-03	1.031646e+01
4.605000e-05	-9.529694e-03	1.009938e+01
4.606000e-05	-1.271656e-02	9.894781e+00
4.607000e-05	-1.464674e-02	9.633747e+00
4.608000e-05	-1.108864e-02	9.423020e+00
4.609000e-05	-8.235898e-03	9.150574e+00
4.610000e-05	-1.154553e-02	8.949462e+00
4.611000e-05	-1.317835e-02	8.697886e+00
4.612000e-05	-1.123617e-02	8.465803e+00
4.613000e-05	-6.334938e-03	8.224677e+00
4.614000e-05	-7.814490e-03	7.949119e+00
4.615000e-05	-9.719824e-03	7.727859e+00
4.616000e-05	-1.198152e-02	7.464099e+00
4.617000e-05	-7.628610e-03	7.150991e+00
4.618000e-05	-7.857965e-03	6.906860e+00
4.619000e-05	-9.843087e-03	6.625175e+00
4.620000e-05	-1.160333e-02	6.349369e+00
4.621000e-05	-8.589894e-03	6.117888e+00
4.622000e-05	-6.126003e-03	5.824280e+00
4.623000e-05	-6.962930e-03	5.560466e+00
4.624000e-05	-9.788729e-03	5.287382e+00
4.625000e-05	-9.797190e-03	4.960414e+00
4.626000e-05	-6.258103e-03	4.663304e+00
4.627000e-05	-6.597512e-03	4.351074e+00
4.628000e-05	-8.868177e-03	4.097357e+00
4.629000e-05	-9.482092e-03	3.832646e+00
4.630000e-05	-7.073169e-03	3.530067e+00
4.631000e-05	-5.491714e-03	3.244783e+00
4.632000e-05	-7.119127e-03	2.950045e+00
4.633000e-05	-8.626059e-03	2.698964e+00
4.634000e-05	-7.510501e-03	2.420121e+00
4.635000e-05	-5.199945e-03	2.098411e+00
4.636000e-05	-5.252649e-03	1.874280e+00
4.637000e-05	-7.753597e-03	1.538912e+00
4.638000e-05	-8.394856e-03	1.252679e+00
4.639000e-05	-5.578180e-03	8.478578e-01
4.640000e-05	-4.489759e-03	6.016723e-01
4.641000e-05	-5.147181e-03	3.479571e-01
4.642000e-05	-4.659517e-03	2.367620e-02
4.643000e-05	2.091991e-03	-2.499555e-01
4.644000e-05	8.956391e-03	-4.910943e-01
4.645000e-05	-2.865631e-03	-7.895013e-01
4.646000e-05	2.540959e-03	-1.061132e+00
4.647000e-05	-2.912459e-03	-1.375774e+00
4.648000e-05	2.102006e-03	-1.651556e+00
4.649000e-05	9.696058e-03	-1.893110e+00
4.650000e-05	6.029825e-02	-2.133667e+00
4.651000e-05	1.037683e-01	-2.468856e+00
4.652000e-05	-7.194827e-02	-2.860907e+00
4.653000e-05	-1.377831e-02	-3.240631e+00
4.654000e-05	-4.318258e-02	-3.464207e+00
4.655000e-05	-2.770070e-02	-3.664112e+00
4.656000e-05	-8.313982e-02	-3.946837e+00
4.657000e-05	1.634085e-01	-4.084215e+00
4.658000e-05	-5.921944e-02	-4.386769e+00
4.659000e-05	-4.517017e-03	-4.683157e+00
4.660000e-05	1.077675e-01	-4.935194e+00
4.661000e-05	-1.566004e-01	-5.273033e+00
4.662000e-05	1.631770e-01	-5.578949e+00
4.663000e-05	-1.514200e-01	-5.850574e+00
4.664000e-05	6.589654e-02	-6.115794e+00
4.665000e-05	6.170547e-02	-6.396848e+00
4.666000e-05	-8.231163e-02	-6.672662e+00
4.667000e-05	1.256088e-01	-6.997316e+00
4.668000e-05	-1.386651e-01	-7.241002e+00
4.669000e-05	1.028208e-01	-7.514762e+00
4.670000e-05	-4.960361e-02	-7.765866e+00
4.671000e-05	2.048262e-02	-8.023113e+00
4.672000e-05	7.229421e-02	-8.303660e+00
4.673000e-05	-8.467580e-02	-8.586795e+00
4.674000e-05	1.229810e-01	-8.830427e+00
4.675000e-05	-1.170049e-01	-9.051081e+00
4.676000e-05	7.106527e-02	-9.254211e+00
4.677000e-05	-4.083876e-02	-9.494709e+00
4.678000e-05	5.156993e-02	-9.747340e+00
4.679000e-05	2.919002e-02	-9.966739e+00
4.680000e-05	-2.619209e-02	-1.021047e+01
4.681000e-05	4.837742e-02	-1.042001e+01
4.682000e-05	-6.000297e-02	-1.067318e+01
4.683000e-05	7.096899e-02	-1.084108e+01
4.684000e-05	-5.000897e-02	-1.107208e+01
4.685000e-05	6.218722e-02	-1.125423e+01
4.686000e-05	-2.315008e-02	-1.146420e+01
4.687000e-05	4.254975e-02	-1.173691e+01
4.688000e-05	-1.213104e-02	-1.197581e+01
4.689000e-05	6.966931e-03	-1.213626e+01
4.690000e-05	7.326079e-03	-1.230518e+01
4.691000e-05	1.374214e-02	-1.250423e+01
4.692000e-05	3.179803e-02	-1.268213e+01
4.693000e-05	-5.187353e-03	-1.282318e+01
4.694000e-05	1.771814e-02	-1.302103e+01
4.695000e-05	-8.318284e-03	-1.320789e+01
4.696000e-05	2.654074e-02	-1.332679e+01
4.697000e-05	-1.954645e-03	-1.348268e+01
4.698000e-05	2.680610e-02	-1.362315e+01
4.699000e-05	8.262885e-03	-1.375697e+01
4.700000e-05	2.882071e-02	-1.392841e+01
4.701000e-05	3.228791e-03	-1.406273e+01
4.702000e-05	9.250988e-03	-1.420305e+01
4.703000e-05	1.527841e-03	-1.432694e+01
4.704000e-05	2.201870e-02	-1.448270e+01
4.705000e-05	2.037825e-02	-1.457990e+01
4.706000e-05	2.026718e-02	-1.465526e+01
4.707000e-05	1.429439e-02	-1.479047e+01
4.708000e-05	1.469271e-02	-1.488371e+01
4.709000e-05	2.078774e-02	-1.495747e+01
4.710000e-05	1.376177e-02	-1.506273e+01
4.711000e-05	1.863830e-02	-1.514891e+01
4.712000e-05	1.631635e-02	-1.525059e+01
4.713000e-05	2.801706e-02	-1.528480e+01
4.714000e-05	1.941906e-02	-1.534697e+01
4.715000e-05	1.958293e-02	-1.542120e+01
4.716000e-05	1.610811e-02	-1.545425e+01
4.717000e-05	2.797226e-02	-1.549746e+01
4.718000e-05	3.095115e-02	-1.556806e+01
4.719000e-05	2.987451e-02	-1.559809e+01
4.720000e-05	2.658375e-02	-1.559217e+01
4.721000e-05	2.810348e-02	-1.567272e+01
4.722000e-05	3.203537e-02	-1.567730e+01
4.723000e-05	3.137375e-02	-1.568583e+01
4.724000e-05	3.342053e-02	-1.570736e+01
4.725000e-05	3.874686e-02	-1.568486e+01
4.726000e-05	4.715452e-02	-1.574884e+01
4.727000e-05	5.232181e-02	-1.570484e+01
4.728000e-05	4.917211e-02	-1.570370e+01
4.729000e-05	5.116400e-02	-1.564275e+01
4.730000e-05	5.938500e-02	-1.564327e+01
4.731000e-05	7.211061e-02	-1.562215e+01
4.732000e-05	8.247595e-02	-1.554801e+01
4.733000e-05	9.624620e-02	-1.553794e+01
4.734000e-05	1.211605e-01	-1.549541e+01
4.735000e-05	1.611183e-01	-1.545365e+01
4.736000e-05	2.139977e-01	-1.538007e+01
4.737000e-05	2.472810e-01	-1.531729e+01
4.738000e-05	2.500000e-01	-1.525277e+01
4.739000e-05	2.500000e-01	-1.513856e+01
4.740000e-05	2.500000e-01	-1.508626e+01
4.741000e-05	2.433892e-01	-1.501212e+01
4.742000e-05	1.884973e-01	-1.489678e+01
4.743000e-05	1.339529e-01	-1.480162e+01
4.744000e-05	9.941869e-02	-1.469796e+01
4.745000e-05	7.456834e-02	-1.461320e+01
4.746000e-05	5.591979e-02	-1.452591e+01
4.747000e-05	4.363280e-02	-1.437052e+01
4.748000e-05	3.642123e-02	-1.425180e+01
4.749000e-05	3.042260e-02	-1.407788e+01
4.750000e-05	2.220867e-02	-1.399851e+01
4.751000e-05	1.895975e-02	-1.379322e+01
4.752000e-05	1.834005e-02	-1.369588e+01
4.753000e-05	1.861933e-02	-1.352796e+01
4.754000e-05	1.384916e-02	-1.336162e+01
4.755000e-05	1.013673e-02	-1.324267e+01
4.756000e-05	9.266737e-03	-1.306486e+01
4.757000e-05	1.112565e-02	-1.294741e+01
4.758000e-05	9.579351e-03	-1.273851e+01
4.759000e-05	6.766709e-03	-1.253254e+01
4.760000e-05	5.462456e-03	-1.237959e+01
4.761000e-05	5.326555e-03	-1.220424e+01
4.762000e-05	5.440977e-03	-1.200417e+01
4.763000e-05	2.583702e-03	-1.184477e+01
4.764000e-05	1.371260e-03	-1.161022e+01
4.765000e-05	3.108166e-03	-1.137004e+01
4.766000e-05	4.297559e-03	-1.115759e+01
4.767000e-05	3.903539e-03	-1.090896e+01
4.768000e-05	1.058623e-03	-1.074954e+01
4.769000e-05	2.295026e-04	-1.055946e+01
4.770000e-05	5.843729e-05	-1.032641e+01
4.771000e-05	2.939806e-04	-1.004536e+01
4.772000e-05	-1.563023e-03	-9.855282e+00
4.773000e-05	-2.778981e-03	-9.624752e+00
4.774000e-05	6.013419e-05	-9.411098e+00
4.775000e-05	-1.387107e-04	-9.150566e+00
4.776000e-05	-1.492654e-03	-8.948964e+00
4.777000e-05	-2.828658e-03	-8.707960e+00
4.778000e-05	-2.983378e-03	-8.455329e+00
4.779000e-05	-2.340301e-03	-8.192650e+00
4.780000e-05	-2.081631e-03	-7.949116e+00
4.781000e-05	-4.749395e-03	-7.684881e+00
4.782000e-05	-4.339560e-03	-7.421078e+00
4.783000e-05	-4.294038e-03	-7.147442e+00
4.784000e-05	-2.982497e-03	-6.834357e+00
4.785000e-05	-4.937552e-03	-6.612625e+00
4.786000e-05	-3.820137e-03	-6.381019e+00
4.787000e-05	-4.837099e-03	-6.056331e+00
4.788000e-05	-4.592012e-03	-5.801196e+00
4.789000e-05	-5.493319e-03	-5.519986e+00
4.790000e-05	-7.622614e-03	-5.214228e+00
4.791000e-05	-6.739114e-03	-4.885439e+00
4.792000e-05	-3.508309e-03	-4.600650e+00
4.793000e-05	-5.841147e-03	-4.360018e+00
4.794000e-05	-6.886761e-03	-4.106437e+00
4.795000e-05	-8.432130e-03	-3.813121e+00
4.796000e-05	-5.661822e-03	-3.520989e+00
4.797000e-05	-6.732152e-03	-3.246832e+00
4.798000e-05	-5.215318e-03	-2.969595e+00
4.799000e-05	-6.640801e-03	-2.683806e+00
4.800000e-05	-6.219415e-03	-2.390645e+00
4.801000e-05	-9.210880e-03	-2.065935e+00
4.802000e-05	-9.801835e-03	-1.813725e+00
4.803000e-05	-1.168739e-02	-1.538947e+00
4.804000e-05	-8.214102e-03	-1.200647e+00
4.805000e-05	-7.187792e-03	-9.058344e-01
4.806000e-05	-5.524425e-03	-6.022025e-01
4.807000e-05	-6.048875e-03	-3.258382e-01
4.808000e-05	-5.297163e-03	-6.223283e-02
4.809000e-05	4.293703e-03	2.919580e-01
4.810000e-05	-2.402383e-03	5.452156e-01
4.811000e-05	-1.738773e-04	7.272974e-01
4.812000e-05	-3.203663e-03	1.060509e+00
4.813000e-05	-1.332357e-03	1.345766e+00
4.814000e-05	-2.963464e-03	1.702507e+00
4.815000e-05	6.411104e-03	1.926192e+00
4.816000e-05	3.354132e-02	2.135742e+00
4.817000e-05	9.381585e-02	2.451434e+00
4.818000e-05	-2.682741e-02	2.809376e+00
4.819000e-05	-5.993106e-02	3.084662e+00
4.820000e-05	-3.658965e-02	3.399353e+00
4.821000e-05	-2.512794e-02	3.673611e+00
4.822000e-05	-5.962724e-02	3.904708e+00
4.823000e-05	-3.487833e-02	4.103644e+00
4.824000e-05	1.156204e-01	4.429399e+00
4.825000e-05	-6.838570e-02	4.723236e+00
4.826000e-05	4.143468e-02	4.926669e+00
4.827000e-05	6.550048e-02	5.332133e+00
4.828000e-05	-1.269181e-01	5.617826e+00
4.829000e-05	7.291941e-02	5.842507e+00
4.830000e-05	-6.382348e-02	6.115769e+00
4.831000e-05	5.476326e-02	6.379244e+00
4.832000e-05	-1.361096e-02	6.701055e+00
4.833000e-05	-3.856977e-02	6.964839e+00
4.834000e-05	2.765197e-02	7.189877e+00
4.835000e-05	-5.157131e-02	7.505182e+00
4.836000e-05	4.010618e-02	7.759423e+00
4.837000e-05	-6.090372e-02	8.073506e+00
4.838000e-05	4.375172e-02	8.325164e+00
4.839000e-05	2.779058e-03	8.515318e+00
4.840000e-05	-2.172754e-02	8.717819e+00
4.841000e-05	7.380939e-03	9.058899e+00
4.842000e-05	-6.367026e-02	9.233077e+00
4.843000e-05	2.790723e-02	9.503181e+00
4.844000e-05	-1.488768e-02	9.725213e+00
4.845000e-05	2.476647e-02	9.966866e+00
4.846000e-05	-3.381896e-02	1.017832e+01
4.847000e-05	2.174459e-03	1.040037e+01
4.848000e-05	-7.181269e-03	1.062095e+01
4.849000e-05	-2.154525e-02	1.083105e+01
4.850000e-05	-1.181140e-02	1.102305e+01
4.851000e-05	-2.393048e-02	1.125105e+01
4.852000e-05	1.857335e-02	1.149321e+01
4.853000e-05	-1.444180e-02	1.167371e+01
4.854000e-05	-6.000264e-03	1.189466e+01
4.855000e-05	-3.629872e-02	1.208314e+01
4.856000e-05	-9.531116e-04	1.228320e+01
4.857000e-05	-7.211589e-03	1.244212e+01
4.858000e-05	-2.950093e-03	1.263110e+01
4.859000e-05	-2.121256e-02	1.280210e+01
4.860000e-05	-1.764328e-02	1.296834e+01
4.861000e-05	-7.281776e-03	1.312679e+01
4.862000e-05	-1.781903e-02	1.330275e+01
4.863000e-05	-1.925956e-02	1.344313e+01
4.864000e-05	-2.428298e-02	1.362152e+01
4.865000e-05	-3.862791e-04	1.374784e+01
4.866000e-05	-9.700500e-03	1.387420e+01
4.867000e-05	-1.616586e-02	1.404157e+01
4.868000e-05	-3.290298e-02	1.420054e+01
4.869000e-05	-1.930279e-02	1.432676e+01
4.870000e-05	-1.241599e-02	1.444210e+01
4.871000e-05	-1.521541e-02	1.455989e+01
4.872000e-05	-2.352540e-02	1.468373e+01
4.873000e-05	-2.430114e-02	1.482002e+01
4.874000e-05	-1.188878e-02	1.486270e+01
4.875000e-05	-2.167259e-02	1.491731e+01
4.876000e-05	-2.621519e-02	1.498257e+01
4.877000e-05	-3.175969e-02	1.506675e+01
4.878000e-05	-1.850488e-02	1.520039e+01
4.879000e-05	-1.829422e-02	1.525160e+01
4.880000e-05	-2.717866e-02	1.531720e+01
4.881000e-05	-3.663203e-02	1.533039e+01
4.882000e-05	-3.520079e-02	1.540162e+01
4.883000e-05	-2.419605e-02	1.547365e+01
4.884000e-05	-2.969879e-02	1.554646e+01
4.885000e-05	-3.485870e-02	1.556789e+01
4.886000e-05	-3.818185e-02	1.557206e+01
4.887000e-05	-3.075933e-02	1.561057e+01
4.888000e-05	-3.567886e-02	1.562267e+01
4.889000e-05	-4.520265e-02	1.562310e+01
4.890000e-05	-5.082898e-02	1.562365e+01
4.891000e-05	-4.739896e-02	1.568515e+01
4.892000e-05	-4.242888e-02	1.567327e+01
4.893000e-05	-5.325191e-02	1.563412e+01
4.894000e-05	-6.287413e-02	1.563315e+01
4.895000e-05	-6.901030e-02	1.560157e+01
4.896000e-05	-6.727849e-02	1.554952e+01
4.897000e-05	-7.959538e-02	1.552989e+01
4.898000e-05	-9.739918e-02	1.552731e+01
4.899000e-05	-1.161564e-01	1.549528e+01
4.900000e-05	-1.382660e-01	1.542325e+01
4.901000e-05	-1.778446e-01	1.536036e+01
4.902000e-05	-2.361709e-01	1.525930e+01
4.903000e-05	-2.499998e-01	1.522420e+01
4.904000e-05	-2.500000e-01	1.517057e+01
4.905000e-05	-2.500000e-01	1.506688e+01
4.906000e-05	-2.499900e-01	1.503220e+01
4.907000e-05	-2.383803e-01	1.493741e+01
4.908000e-05	-1.797773e-01	1.483267e+01
4.909000e-05	-1.249237e-01	1.474744e+01
4.910000e-05	-9.234061e-02	1.463570e+01
4.911000e-05	-7.790334e-02	1.451688e+01
4.912000e-05	-6.363435e-02	1.443267e+01
4.913000e-05	-4.906637e-02	1.428683e+01
4.914000e-05	-3.799441e-02	1.418996e+01
4.915000e-05	-3.653686e-02	1.403232e+01
4.916000e-05	-3.674547e-02	1.387475e+01
4.917000e-05	-3.034050e-02	1.376984e+01
4.918000e-05	-2.361114e-02	1.359206e+01
4.919000e-05	-2.169930e-02	1.343367e+01
4.920000e-05	-2.632314e-02	1.329486e+01
4.921000e-05	-2.428858e-02	1.309841e+01
4.922000e-05	-1.944399e-02	1.296142e+01
4.923000e-05	-1.520016e-02	1.276367e+01
4.924000e-05	-2.009073e-02	1.263318e+01
4.925000e-05	-2.042631e-02	1.250478e+01
4.926000e-05	-1.725234e-02	1.228533e+01
4.927000e-05	-1.252536e-02	1.209828e+01
4.928000e-05	-1.402182e-02	1.192686e+01
4.929000e-05	-1.875096e-02	1.170841e+01
4.930000e-05	-1.674089e-02	1.148586e+01
4.931000e-05	-1.229153e-02	1.125485e+01
4.932000e-05	-1.042583e-02	1.105413e+01
4.933000e-05	-1.502653e-02	1.086483e+01
4.934000e-05	-1.504402e-02	1.064535e+01
4.935000e-05	-1.253853e-02	1.043375e+01
4.936000e-05	-8.585999e-03	1.022107e+01
4.937000e-05	-1.140395e-02	9.971145e+00
4.938000e-05	-1.435958e-02	9.720064e+00
4.939000e-05	-1.217788e-02	9.507435e+00
4.940000e-05	-8.783586e-03	9.297803e+00
4.941000e-05	-9.257220e-03	9.035655e+00
4.942000e-05	-1.331855e-02	8.782747e+00
4.943000e-05	-1.294324e-02	8.580097e+00
4.944000e-05	-9.611018e-03	8.348988e+00
4.945000e-05	-7.471546e-03	8.089379e+00
4.946000e-05	-9.593903e-03	7.815250e+00
4.947000e-05	-1.128727e-02	7.571570e+00
4.948000e-05	-9.235150e-03	7.256878e+00
4.949000e-05	-6.279635e-03	7.034152e+00
4.950000e-05	-8.810352e-03	6.791618e+00
4.951000e-05	-1.153326e-02	6.457857e+00
4.952000e-05	-1.110009e-02	6.233202e+00
4.953000e-05	-8.085437e-03	5.961046e+00
4.954000e-05	-5.620236e-03	5.696434e+00
4.955000e-05	-8.762858e-03	5.453725e+00
4.956000e-05	-1.032273e-02	5.126486e+00
4.957000e-05	-8.510715e-03	4.750521e+00
4.958000e-05	-5.724492e-03	4.506882e+00
4.959000e-05	-7.246671e-03	4.302331e+00
4.960000e-05	-8.944483e-03	3.969436e+00
4.961000e-05	-8.694997e-03	3.704308e+00
4.962000e-05	-6.209907e-03	3.391625e+00
4.963000e-05	-6.655507e-03	3.108862e+00
4.964000e-05	-8.586478e-03	2.813153e+00
4.965000e-05	-9.006231e-03	2.558444e+00
4.966000e-05	-5.663776e-03	2.223205e+00
4.967000e-05	-5.577572e-03	1.970520e+00
4.968000e-05	-5.830517e-03	1.687383e+00
4.969000e-05	-7.994004e-03	1.360097e+00
4.970000e-05	-6.805511e-03	1.065859e+00
4.971000e-05	-5.607263e-03	7.384660e-01
4.972000e-05	-5.106028e-03	4.647856e-01
4.973000e-05	-5.548385e-03	1.714971e-01
4.974000e-05	-2.139815e-03	-9.621586e-02
4.975000e-05	9.766384e-03	-3.478214e-01
4.976000e-05	-8.626304e-05	-6.005819e-01
4.977000e-05	3.679848e-03	-9.147436e-01
4.978000e-05	-3.980446e-03	-1.177351e+00
4.979000e-05	2.532603e-03	-1.535713e+00
4.980000e-05	1.751972e-04	-1.775746e+00
4.981000e-05	2.849176e-02	-1.978400e+00
4.982000e-05	1.053912e-01	-2.300038e+00
4.983000e-05	1.027418e-02	-2.608932e+00
4.984000e-05	-6.119890e-02	-3.069107e+00
4.985000e-05	-1.456676e-02	-3.377421e+00
4.986000e-05	-3.882426e-02	-3.577399e+00
4.987000e-05	-6.712485e-02	-3.799907e+00
4.988000e-05	2.669912e-02	-4.021482e+00
4.989000e-05	1.194498e-01	-4.219904e+00
4.990000e-05	-1.468234e-01	-4.496294e+00
4.991000e-05	2.113784e-01	-4.839426e+00
4.992000e-05	-1.059140e-01	-5.123061e+00
4.993000e-05	2.001892e-02	-5.482706e+00
4.994000e-05	3.705773e-02	-5.663611e+00
4.995000e-05	-1.159604e-01	-5.978497e+00
4.996000e-05	1.825895e-01	-6.240679e+00
4.997000e-05	-1.172084e-01	-6.517314e+00
4.998000e-05	9.121729e-02	-6.830556e+00
4.999000e-05	-3.212651e-02	-7.082661e+00
