# 260528_14:54:43.508392
t	CH1	CH2
0.000000e+00	-4.510494e-03	4.201990e-01
1.000000e-08	-4.403410e-03	9.646193e-02
2.000000e-08	-3.263336e-03	-1.688010e-01
3.000000e-08	1.240269e-02	-3.904500e-01
4.000000e-08	-2.560306e-03	-7.052620e-01
5.000000e-08	5.359272e-03	-9.884261e-01
6.000000e-08	-6.032217e-03	-1.253065e+00
7.000000e-08	3.526612e-03	-1.589879e+00
8.000000e-08	1.902758e-03	-1.808404e+00
9.000000e-08	3.506556e-02	-2.070006e+00
1.000000e-07	1.201210e-01	-2.355802e+00
1.100000e-07	-2.195967e-02	-2.703696e+00
1.200000e-07	-4.498565e-02	-3.136275e+00
1.300000e-07	-2.610926e-02	-3.461028e+00
1.400000e-07	-2.934322e-02	-3.608984e+00
1.500000e-07	-8.375326e-02	-3.881692e+00
1.600000e-07	6.310365e-02	-4.053087e+00
1.700000e-07	9.859054e-02	-4.254162e+00
1.800000e-07	-1.489167e-01	-4.652578e+00
1.900000e-07	2.054041e-01	-4.872637e+00
2.000000e-07	-1.609750e-01	-5.188378e+00
2.100000e-07	8.428301e-02	-5.546318e+00
2.200000e-07	-1.166448e-02	-5.756370e+00
2.300000e-07	-9.481507e-02	-6.062691e+00
2.400000e-07	1.789922e-01	-6.304273e+00
2.500000e-07	-1.416135e-01	-6.590025e+00
2.600000e-07	1.290873e-01	-6.893641e+00
2.700000e-07	-7.997187e-02	-7.157380e+00
2.800000e-07	8.954405e-04	-7.451238e+00
2.900000e-07	6.517608e-02	-7.753292e+00
3.000000e-07	-9.094528e-02	-7.988986e+00
3.100000e-07	1.546620e-01	-8.272613e+00
3.200000e-07	-1.147854e-01	-8.513237e+00
3.300000e-07	1.054034e-01	-8.767479e+00
3.400000e-07	-5.068881e-02	-8.988533e+00
3.500000e-07	-1.273325e-02	-9.222639e+00
3.600000e-07	4.209654e-02	-9.431159e+00
3.700000e-07	-3.960413e-02	-9.695194e+00
3.800000e-07	1.101345e-01	-9.923773e+00
3.900000e-07	-7.875048e-02	-1.014590e+01
4.000000e-07	8.720002e-02	-1.038803e+01
4.100000e-07	-7.458432e-02	-1.058861e+01
4.200000e-07	6.450112e-02	-1.083061e+01
4.300000e-07	-2.676121e-02	-1.100959e+01
4.400000e-07	2.804910e-02	-1.125164e+01
4.500000e-07	1.381458e-02	-1.146066e+01
4.600000e-07	7.433463e-04	-1.168480e+01
4.700000e-07	3.070094e-02	-1.190282e+01
4.800000e-07	-2.562454e-02	-1.208592e+01
4.900000e-07	3.595267e-02	-1.229272e+01
5.000000e-07	-1.112363e-02	-1.250375e+01
5.100000e-07	5.274517e-02	-1.261129e+01
5.200000e-07	-1.307912e-02	-1.281071e+01
5.300000e-07	2.419020e-02	-1.298913e+01
5.400000e-07	-1.382052e-02	-1.314700e+01
5.500000e-07	2.379132e-02	-1.330393e+01
5.600000e-07	2.623278e-03	-1.349177e+01
5.700000e-07	2.169677e-02	-1.359219e+01
5.800000e-07	1.512074e-02	-1.377758e+01
5.900000e-07	2.228808e-02	-1.394698e+01
6.000000e-07	1.437618e-02	-1.406224e+01
6.100000e-07	3.328471e-03	-1.420914e+01
6.200000e-07	6.707897e-03	-1.434860e+01
6.300000e-07	1.194855e-02	-1.444232e+01
6.400000e-07	2.543324e-02	-1.459803e+01
6.500000e-07	1.749924e-02	-1.472437e+01
6.600000e-07	2.061045e-02	-1.476966e+01
6.700000e-07	9.575089e-03	-1.487337e+01
6.800000e-07	2.319450e-02	-1.500813e+01
6.900000e-07	1.313602e-02	-1.508274e+01
7.000000e-07	2.021007e-02	-1.520603e+01
7.100000e-07	1.470982e-02	-1.524926e+01
7.200000e-07	2.696299e-02	-1.532492e+01
7.300000e-07	2.152128e-02	-1.538018e+01
7.400000e-07	1.816652e-02	-1.548028e+01
7.500000e-07	1.684509e-02	-1.549402e+01
7.600000e-07	2.140796e-02	-1.551606e+01
7.700000e-07	3.215492e-02	-1.562014e+01
7.800000e-07	2.997697e-02	-1.564134e+01
7.900000e-07	2.762853e-02	-1.566189e+01
8.000000e-07	2.594467e-02	-1.569387e+01
8.100000e-07	2.842099e-02	-1.572400e+01
8.200000e-07	3.055883e-02	-1.572598e+01
8.300000e-07	3.158017e-02	-1.575665e+01
8.400000e-07	3.696564e-02	-1.573758e+01
8.500000e-07	4.589021e-02	-1.579718e+01
8.600000e-07	5.214644e-02	-1.575465e+01
8.700000e-07	5.063994e-02	-1.574553e+01
8.800000e-07	5.117873e-02	-1.567552e+01
8.900000e-07	6.172786e-02	-1.569245e+01
9.000000e-07	7.561708e-02	-1.566042e+01
9.100000e-07	9.514236e-02	-1.558981e+01
9.200000e-07	1.185034e-01	-1.555869e+01
9.300000e-07	1.624124e-01	-1.555813e+01
9.400000e-07	2.238325e-01	-1.549297e+01
9.500000e-07	2.494822e-01	-1.544981e+01
9.600000e-07	2.500000e-01	-1.537818e+01
9.700000e-07	2.500000e-01	-1.530600e+01
9.800000e-07	2.500000e-01	-1.520934e+01
9.900000e-07	2.220502e-01	-1.515610e+01
1.000000e-06	1.477322e-01	-1.510186e+01
1.010000e-06	9.530400e-02	-1.499666e+01
1.020000e-06	6.777572e-02	-1.492395e+01
1.030000e-06	5.045344e-02	-1.482974e+01
1.040000e-06	3.882942e-02	-1.471497e+01
1.050000e-06	2.846816e-02	-1.458811e+01
1.060000e-06	2.452800e-02	-1.447237e+01
1.070000e-06	2.144353e-02	-1.434412e+01
1.080000e-06	1.912224e-02	-1.422029e+01
1.090000e-06	1.347570e-02	-1.409192e+01
1.100000e-06	1.162745e-02	-1.395558e+01
1.110000e-06	1.195448e-02	-1.373768e+01
1.120000e-06	1.274693e-02	-1.364134e+01
1.130000e-06	1.094880e-02	-1.350189e+01
1.140000e-06	8.262197e-03	-1.331605e+01
1.150000e-06	6.573899e-03	-1.315698e+01
1.160000e-06	7.461918e-03	-1.301083e+01
1.170000e-06	6.624097e-03	-1.283241e+01
1.180000e-06	4.904633e-03	-1.270242e+01
1.190000e-06	4.240970e-03	-1.250497e+01
1.200000e-06	5.446440e-03	-1.230607e+01
1.210000e-06	5.167130e-03	-1.212750e+01
1.220000e-06	3.379400e-03	-1.193655e+01
1.230000e-06	2.042106e-03	-1.173700e+01
1.240000e-06	2.133739e-03	-1.146547e+01
1.250000e-06	3.358021e-03	-1.130084e+01
1.260000e-06	2.689379e-03	-1.104134e+01
1.270000e-06	1.202312e-03	-1.087333e+01
1.280000e-06	8.962022e-04	-1.066176e+01
1.290000e-06	1.542103e-03	-1.043276e+01
1.300000e-06	1.574511e-03	-1.020765e+01
1.310000e-06	1.207921e-04	-9.966102e+00
1.320000e-06	-1.411693e-03	-9.758125e+00
1.330000e-06	-2.171498e-04	-9.525475e+00
1.340000e-06	-3.974732e-05	-9.274818e+00
1.350000e-06	-9.246227e-04	-9.040808e+00
1.360000e-06	-2.846329e-03	-8.800710e+00
1.370000e-06	-2.567098e-03	-8.547604e+00
1.380000e-06	-2.828080e-03	-8.296070e+00
1.390000e-06	-8.413205e-04	-8.083888e+00
1.400000e-06	-3.129181e-03	-7.789183e+00
1.410000e-06	-3.284490e-03	-7.565597e+00
1.420000e-06	-4.108059e-03	-7.283313e+00
1.430000e-06	-2.799155e-03	-6.990154e+00
1.440000e-06	-5.551312e-03	-6.735522e+00
1.450000e-06	-5.172962e-03	-6.504838e+00
1.460000e-06	-4.138005e-03	-6.168183e+00
1.470000e-06	-4.227337e-03	-5.946043e+00
1.480000e-06	-3.777536e-03	-5.643713e+00
1.490000e-06	-5.920504e-03	-5.387053e+00
1.500000e-06	-5.459772e-03	-5.023861e+00
1.510000e-06	-5.603221e-03	-4.695941e+00
1.520000e-06	-5.302624e-03	-4.483735e+00
1.530000e-06	-6.580985e-03	-4.242208e+00
1.540000e-06	-7.836537e-03	-3.947550e+00
1.550000e-06	-6.982368e-03	-3.652833e+00
1.560000e-06	-6.968310e-03	-3.380174e+00
1.570000e-06	-7.646254e-03	-3.114963e+00
1.580000e-06	-8.228002e-03	-2.798574e+00
1.590000e-06	-5.694290e-03	-2.496941e+00
1.600000e-06	-5.712766e-03	-2.231211e+00
1.610000e-06	-6.722998e-03	-1.956966e+00
1.620000e-06	-9.227088e-03	-1.632757e+00
1.630000e-06	-9.373356e-03	-1.346996e+00
1.640000e-06	-9.280215e-03	-1.012553e+00
1.650000e-06	-8.552083e-03	-7.694474e-01
1.660000e-06	-8.695246e-03	-4.027527e-01
1.670000e-06	-7.436965e-03	-1.185149e-01
1.680000e-06	1.287400e-03	1.157395e-01
1.690000e-06	4.231582e-03	3.999512e-01
1.700000e-06	-4.661675e-03	6.525055e-01
1.710000e-06	-4.610778e-04	9.351718e-01
1.720000e-06	-5.992996e-03	1.251503e+00
1.730000e-06	-8.668823e-04	1.535746e+00
1.740000e-06	-2.507340e-03	1.790479e+00
1.750000e-06	1.905637e-02	2.072056e+00
1.760000e-06	7.961995e-02	2.325789e+00
1.770000e-06	3.868250e-02	2.724634e+00
1.780000e-06	-7.965033e-02	2.987976e+00
1.790000e-06	-3.204830e-02	3.223610e+00
1.800000e-06	-3.751198e-02	3.568377e+00
1.810000e-06	-3.121936e-02	3.830008e+00
1.820000e-06	-7.424615e-02	4.020554e+00
1.830000e-06	7.351065e-02	4.254713e+00
1.840000e-06	3.876890e-02	4.598404e+00
1.850000e-06	-9.226610e-02	4.863081e+00
1.860000e-06	1.720878e-01	5.125826e+00
1.870000e-06	-1.532200e-01	5.503637e+00
1.880000e-06	4.341750e-02	5.724940e+00
1.890000e-06	-2.121545e-02	6.061559e+00
1.900000e-06	-3.701007e-03	6.243137e+00
1.910000e-06	5.297667e-02	6.547921e+00
1.920000e-06	-8.295565e-02	6.831061e+00
1.930000e-06	4.934003e-02	7.103214e+00
1.940000e-06	-6.205724e-02	7.398601e+00
1.950000e-06	3.416225e-02	7.643188e+00
1.960000e-06	-4.078762e-02	7.949926e+00
1.970000e-06	-2.668503e-04	8.249583e+00
1.980000e-06	3.935233e-02	8.461716e+00
1.990000e-06	-3.568207e-02	8.681689e+00
2.000000e-06	1.631901e-02	8.905743e+00
2.010000e-06	-5.409135e-02	9.137499e+00
2.020000e-06	-2.842790e-03	9.378551e+00
2.030000e-06	4.956284e-03	9.618133e+00
2.040000e-06	8.421035e-03	9.849157e+00
2.050000e-06	-1.331313e-02	1.011184e+01
2.060000e-06	-2.353180e-02	1.030327e+01
2.070000e-06	7.966039e-03	1.054500e+01
2.080000e-06	-2.316378e-02	1.077595e+01
2.090000e-06	-1.007171e-02	1.094602e+01
2.100000e-06	-2.484778e-02	1.118598e+01
2.110000e-06	5.461663e-03	1.138806e+01
2.120000e-06	1.415067e-05	1.163659e+01
2.130000e-06	-1.092775e-02	1.176956e+01
2.140000e-06	-3.021218e-02	1.200818e+01
2.150000e-06	-1.580512e-02	1.219716e+01
2.160000e-06	-2.850612e-03	1.241861e+01
2.170000e-06	-7.922679e-04	1.258650e+01
2.180000e-06	-1.836607e-02	1.276498e+01
2.190000e-06	-2.125606e-02	1.288487e+01
2.200000e-06	-1.337429e-02	1.305077e+01
2.210000e-06	-1.153640e-02	1.327169e+01
2.220000e-06	-1.986389e-02	1.340813e+01
2.230000e-06	-2.604678e-02	1.353698e+01
2.240000e-06	-6.922546e-03	1.371434e+01
2.250000e-06	-5.438919e-03	1.383921e+01
2.260000e-06	-1.048824e-02	1.398608e+01
2.270000e-06	-3.546531e-02	1.413702e+01
2.280000e-06	-2.382399e-02	1.429282e+01
2.290000e-06	-1.713547e-02	1.442876e+01
2.300000e-06	-9.564622e-03	1.450342e+01
2.310000e-06	-2.264816e-02	1.464119e+01
2.320000e-06	-2.552929e-02	1.472647e+01
2.330000e-06	-1.635188e-02	1.480929e+01
2.340000e-06	-1.795642e-02	1.495339e+01
2.350000e-06	-2.302083e-02	1.498808e+01
2.360000e-06	-3.553379e-02	1.508284e+01
2.370000e-06	-2.206824e-02	1.514760e+01
2.380000e-06	-2.004106e-02	1.522016e+01
2.390000e-06	-2.001304e-02	1.527292e+01
2.400000e-06	-3.606554e-02	1.535462e+01
2.410000e-06	-3.555231e-02	1.539923e+01
2.420000e-06	-2.659191e-02	1.545129e+01
2.430000e-06	-2.468516e-02	1.555337e+01
2.440000e-06	-3.163636e-02	1.553655e+01
2.450000e-06	-4.026329e-02	1.557615e+01
2.460000e-06	-3.232958e-02	1.558966e+01
2.470000e-06	-3.359642e-02	1.561129e+01
2.480000e-06	-3.938946e-02	1.563984e+01
2.490000e-06	-5.134634e-02	1.565124e+01
2.500000e-06	-4.835368e-02	1.565334e+01
2.510000e-06	-4.221757e-02	1.563287e+01
2.520000e-06	-4.730680e-02	1.561179e+01
2.530000e-06	-6.037528e-02	1.562931e+01
2.540000e-06	-7.367535e-02	1.562876e+01
2.550000e-06	-7.336731e-02	1.561866e+01
2.560000e-06	-8.637938e-02	1.558511e+01
2.570000e-06	-1.072467e-01	1.552448e+01
2.580000e-06	-1.453853e-01	1.550252e+01
2.590000e-06	-1.894835e-01	1.543189e+01
2.600000e-06	-2.400505e-01	1.538666e+01
2.610000e-06	-2.500000e-01	1.534402e+01
2.620000e-06	-2.500000e-01	1.534189e+01
2.630000e-06	-2.500000e-01	1.518021e+01
2.640000e-06	-2.478941e-01	1.515507e+01
2.650000e-06	-1.978408e-01	1.505289e+01
2.660000e-06	-1.330689e-01	1.493660e+01
2.670000e-06	-9.993305e-02	1.484287e+01
2.680000e-06	-7.008881e-02	1.478813e+01
2.690000e-06	-5.007974e-02	1.466140e+01
2.700000e-06	-4.203766e-02	1.460658e+01
2.710000e-06	-4.090981e-02	1.443132e+01
2.720000e-06	-3.575543e-02	1.438663e+01
2.730000e-06	-2.565295e-02	1.423971e+01
2.740000e-06	-2.366447e-02	1.410390e+01
2.750000e-06	-2.634753e-02	1.392257e+01
2.760000e-06	-2.737936e-02	1.378763e+01
2.770000e-06	-2.102066e-02	1.366141e+01
2.780000e-06	-1.643479e-02	1.347241e+01
2.790000e-06	-1.856815e-02	1.334645e+01
2.800000e-06	-2.232497e-02	1.318864e+01
2.810000e-06	-2.057611e-02	1.303973e+01
2.820000e-06	-1.346131e-02	1.285081e+01
2.830000e-06	-1.527186e-02	1.270347e+01
2.840000e-06	-1.813966e-02	1.253347e+01
2.850000e-06	-2.058876e-02	1.235665e+01
2.860000e-06	-1.330100e-02	1.217863e+01
2.870000e-06	-1.205500e-02	1.196760e+01
2.880000e-06	-1.539081e-02	1.176763e+01
2.890000e-06	-1.845553e-02	1.157658e+01
2.900000e-06	-1.527698e-02	1.134652e+01
2.910000e-06	-9.965605e-03	1.111407e+01
2.920000e-06	-1.147881e-02	1.093547e+01
2.930000e-06	-1.416178e-02	1.075555e+01
2.940000e-06	-1.542848e-02	1.053545e+01
2.950000e-06	-1.056689e-02	1.029436e+01
2.960000e-06	-1.070963e-02	1.006129e+01
2.970000e-06	-1.327403e-02	9.829728e+00
2.980000e-06	-1.503524e-02	9.567701e+00
2.990000e-06	-1.165080e-02	9.360026e+00
3.000000e-06	-7.967298e-03	9.136523e+00
3.010000e-06	-1.165600e-02	8.853341e+00
3.020000e-06	-1.305385e-02	8.651809e+00
3.030000e-06	-1.270233e-02	8.409682e+00
3.040000e-06	-7.843589e-03	8.167575e+00
3.050000e-06	-8.669401e-03	7.886993e+00
3.060000e-06	-1.147573e-02	7.661335e+00
3.070000e-06	-1.198517e-02	7.368674e+00
3.080000e-06	-9.718029e-03	7.116492e+00
3.090000e-06	-6.846744e-03	6.852908e+00
3.100000e-06	-9.890831e-03	6.579091e+00
3.110000e-06	-1.209441e-02	6.325487e+00
3.120000e-06	-9.560540e-03	6.061758e+00
3.130000e-06	-6.868170e-03	5.747625e+00
3.140000e-06	-7.863463e-03	5.504362e+00
3.150000e-06	-1.031809e-02	5.220182e+00
3.160000e-06	-1.111094e-02	4.843912e+00
3.170000e-06	-7.632132e-03	4.569075e+00
3.180000e-06	-6.098368e-03	4.315989e+00
3.190000e-06	-8.721415e-03	4.012304e+00
3.200000e-06	-9.659173e-03	3.766470e+00
3.210000e-06	-7.142511e-03	3.496812e+00
3.220000e-06	-5.632079e-03	3.191148e+00
3.230000e-06	-7.328681e-03	2.924367e+00
3.240000e-06	-9.338364e-03	2.642680e+00
3.250000e-06	-8.110410e-03	2.316038e+00
3.260000e-06	-5.693173e-03	2.043203e+00
3.270000e-06	-4.866688e-03	1.748597e+00
3.280000e-06	-7.258030e-03	1.453259e+00
3.290000e-06	-8.114399e-03	1.165920e+00
3.300000e-06	-5.869401e-03	8.401501e-01
3.310000e-06	-3.889509e-03	5.274446e-01
3.320000e-06	-5.247643e-03	3.147829e-01
3.330000e-06	-3.908609e-03	-7.145400e-02
3.340000e-06	4.764301e-03	-3.356893e-01
3.350000e-06	6.108340e-03	-6.287526e-01
3.360000e-06	3.614384e-04	-8.631540e-01
3.370000e-06	-7.547378e-05	-1.126318e+00
3.380000e-06	-2.331504e-03	-1.462558e+00
3.390000e-06	2.646692e-04	-1.684187e+00
3.400000e-06	1.647680e-02	-1.935844e+00
3.410000e-06	7.513520e-02	-2.176896e+00
3.420000e-06	8.547820e-02	-2.506241e+00
3.430000e-06	-8.353728e-02	-2.987294e+00
3.440000e-06	-1.533523e-03	-3.306764e+00
3.450000e-06	-4.961454e-02	-3.545295e+00
3.460000e-06	-2.995265e-02	-3.808371e+00
3.470000e-06	-8.077945e-02	-4.010055e+00
3.480000e-06	1.955859e-01	-4.179901e+00
3.490000e-06	-1.437277e-01	-4.459612e+00
3.500000e-06	1.079795e-01	-4.777851e+00
3.510000e-06	5.576428e-02	-4.987956e+00
3.520000e-06	-1.395309e-01	-5.412430e+00
3.530000e-06	1.664296e-01	-5.611688e+00
3.540000e-06	-1.877810e-01	-5.894791e+00
3.550000e-06	1.503023e-01	-6.250080e+00
3.560000e-06	-2.292876e-02	-6.461110e+00
3.570000e-06	-2.362680e-02	-6.768428e+00
3.580000e-06	9.324215e-02	-7.010108e+00
3.590000e-06	-1.405845e-01	-7.347822e+00
3.600000e-06	1.384532e-01	-7.606530e+00
3.610000e-06	-1.062793e-01	-7.831140e+00
3.620000e-06	9.177550e-02	-8.116450e+00
3.630000e-06	1.110733e-02	-8.356925e+00
3.640000e-06	-3.962798e-02	-8.652084e+00
3.650000e-06	1.001057e-01	-8.874246e+00
3.660000e-06	-1.257564e-01	-9.105275e+00
3.670000e-06	1.040980e-01	-9.337001e+00
3.680000e-06	-7.984806e-02	-9.567030e+00
3.690000e-06	1.025094e-01	-9.828108e+00
3.700000e-06	-2.718706e-02	-1.002061e+01
3.710000e-06	2.114407e-02	-1.029275e+01
3.720000e-06	1.079804e-02	-1.049329e+01
3.730000e-06	-2.817029e-02	-1.075537e+01
3.740000e-06	5.658490e-02	-1.087387e+01
3.750000e-06	-4.674706e-02	-1.114600e+01
3.760000e-06	7.010608e-02	-1.134605e+01
3.770000e-06	-3.737055e-02	-1.154968e+01
3.780000e-06	5.801865e-02	-1.180866e+01
3.790000e-06	-3.513311e-02	-1.205019e+01
3.800000e-06	3.075611e-02	-1.218809e+01
3.810000e-06	-6.927569e-03	-1.235701e+01
3.820000e-06	3.508155e-02	-1.255648e+01
3.830000e-06	1.509583e-02	-1.274395e+01
3.840000e-06	4.567681e-03	-1.290703e+01
3.850000e-06	9.270232e-03	-1.308069e+01
3.860000e-06	-1.186739e-03	-1.324367e+01
3.870000e-06	2.254978e-02	-1.339908e+01
3.880000e-06	1.078672e-04	-1.354688e+01
3.890000e-06	2.897851e-02	-1.370327e+01
3.900000e-06	8.681683e-03	-1.389177e+01
3.910000e-06	3.008724e-02	-1.399919e+01
3.920000e-06	-7.500103e-04	-1.414755e+01
3.930000e-06	1.303592e-02	-1.427430e+01
3.940000e-06	2.335002e-03	-1.438859e+01
3.950000e-06	2.688557e-02	-1.451600e+01
3.960000e-06	1.645206e-02	-1.465024e+01
3.970000e-06	2.187249e-02	-1.474708e+01
3.980000e-06	1.035711e-02	-1.483181e+01
3.990000e-06	1.808267e-02	-1.490560e+01
4.000000e-06	1.732873e-02	-1.504074e+01
4.010000e-06	1.642638e-02	-1.513495e+01
4.020000e-06	1.922928e-02	-1.520801e+01
4.030000e-06	2.015165e-02	-1.526337e+01
4.040000e-06	2.653421e-02	-1.534753e+01
4.050000e-06	1.699386e-02	-1.539859e+01
4.060000e-06	1.819997e-02	-1.547090e+01
4.070000e-06	1.544766e-02	-1.552595e+01
4.080000e-06	2.886488e-02	-1.559768e+01
4.090000e-06	2.808845e-02	-1.560129e+01
4.100000e-06	2.950736e-02	-1.568084e+01
4.110000e-06	2.634905e-02	-1.566142e+01
4.120000e-06	2.924954e-02	-1.569552e+01
4.130000e-06	3.099142e-02	-1.569301e+01
4.140000e-06	3.147533e-02	-1.576658e+01
4.150000e-06	3.334756e-02	-1.574521e+01
4.160000e-06	3.965812e-02	-1.572666e+01
4.170000e-06	4.748753e-02	-1.572713e+01
4.180000e-06	4.996537e-02	-1.575508e+01
4.190000e-06	5.083419e-02	-1.573498e+01
4.200000e-06	5.765738e-02	-1.566348e+01
4.210000e-06	6.938867e-02	-1.567194e+01
4.220000e-06	8.665441e-02	-1.562131e+01
4.230000e-06	1.058521e-01	-1.561929e+01
4.240000e-06	1.386054e-01	-1.555963e+01
4.250000e-06	1.940782e-01	-1.552705e+01
4.260000e-06	2.435161e-01	-1.549142e+01
4.270000e-06	2.500000e-01	-1.542123e+01
4.280000e-06	2.500000e-01	-1.533755e+01
4.290000e-06	2.500000e-01	-1.524194e+01
4.300000e-06	2.452444e-01	-1.516626e+01
4.310000e-06	1.817512e-01	-1.514444e+01
4.320000e-06	1.150424e-01	-1.502929e+01
4.330000e-06	7.811791e-02	-1.492555e+01
4.340000e-06	5.758619e-02	-1.484034e+01
4.350000e-06	4.463294e-02	-1.473665e+01
4.360000e-06	3.316454e-02	-1.467139e+01
4.370000e-06	2.605931e-02	-1.450605e+01
4.380000e-06	2.267660e-02	-1.440883e+01
4.390000e-06	2.072778e-02	-1.426192e+01
4.400000e-06	1.670004e-02	-1.414733e+01
4.410000e-06	1.134357e-02	-1.399923e+01
4.420000e-06	1.194986e-02	-1.385239e+01
4.430000e-06	1.315808e-02	-1.368500e+01
4.440000e-06	1.297940e-02	-1.355615e+01
4.450000e-06	8.272684e-03	-1.342869e+01
4.460000e-06	6.630278e-03	-1.323134e+01
4.470000e-06	7.504988e-03	-1.307400e+01
4.480000e-06	8.647162e-03	-1.294592e+01
4.490000e-06	6.170227e-03	-1.275658e+01
4.500000e-06	3.849984e-03	-1.260763e+01
4.510000e-06	4.329626e-03	-1.237873e+01
4.520000e-06	5.156213e-03	-1.221178e+01
4.530000e-06	3.996330e-03	-1.203981e+01
4.540000e-06	1.233537e-03	-1.183033e+01
4.550000e-06	1.921880e-03	-1.160080e+01
4.560000e-06	4.586392e-03	-1.137965e+01
4.570000e-06	4.954965e-03	-1.114718e+01
4.580000e-06	3.331239e-03	-1.091615e+01
4.590000e-06	8.239898e-05	-1.072712e+01
4.600000e-06	5.372115e-04	-1.055797e+01
4.610000e-06	9.838809e-04	-1.032499e+01
4.620000e-06	2.583621e-04	-1.008434e+01
4.630000e-06	-1.396297e-03	-9.833464e+00
4.640000e-06	-1.106385e-03	-9.632812e+00
4.650000e-06	6.341279e-04	-9.410208e+00
4.660000e-06	1.435001e-04	-9.158125e+00
4.670000e-06	-2.124750e-03	-8.957572e+00
4.680000e-06	-3.488488e-03	-8.724516e+00
4.690000e-06	-9.820919e-04	-8.463308e+00
4.700000e-06	-4.546722e-04	-8.189254e+00
4.710000e-06	-2.041488e-03	-7.947201e+00
4.720000e-06	-4.700491e-03	-7.682286e+00
4.730000e-06	-4.214473e-03	-7.389678e+00
4.740000e-06	-3.914641e-03	-7.154595e+00
4.750000e-06	-3.347566e-03	-6.844784e+00
4.760000e-06	-5.257864e-03	-6.578629e+00
4.770000e-06	-2.765578e-03	-6.316624e+00
4.780000e-06	-3.265605e-03	-6.073861e+00
4.790000e-06	-3.518069e-03	-5.800078e+00
4.800000e-06	-6.041711e-03	-5.515493e+00
4.810000e-06	-8.035389e-03	-5.191248e+00
4.820000e-06	-6.799790e-03	-4.883917e+00
4.830000e-06	-4.907005e-03	-4.550629e+00
4.840000e-06	-5.778335e-03	-4.317944e+00
4.850000e-06	-6.013049e-03	-4.094288e+00
4.860000e-06	-6.511791e-03	-3.788077e+00
4.870000e-06	-5.465253e-03	-3.495940e+00
4.880000e-06	-7.665224e-03	-3.252260e+00
4.890000e-06	-7.399034e-03	-2.907020e+00
4.900000e-06	-8.794975e-03	-2.651232e+00
4.910000e-06	-5.489414e-03	-2.388521e+00
4.920000e-06	-7.316054e-03	-2.052283e+00
4.930000e-06	-7.523959e-03	-1.811100e+00
4.940000e-06	-1.056306e-02	-1.506817e+00
4.950000e-06	-9.664044e-03	-1.156971e+00
4.960000e-06	-9.249899e-03	-8.633077e-01
4.970000e-06	-8.248590e-03	-5.995922e-01
4.980000e-06	-6.569515e-03	-2.723343e-01
4.990000e-06	-3.779784e-03	-1.167652e-02
5.000000e-06	7.413668e-03	2.851117e-01
5.010000e-06	-6.423629e-03	5.372448e-01
5.020000e-06	1.734388e-03	8.084013e-01
5.030000e-06	-6.083504e-03	1.085688e+00
5.040000e-06	1.952875e-04	1.437895e+00
5.050000e-06	-5.059741e-03	1.756767e+00
5.060000e-06	1.130947e-02	1.957320e+00
5.070000e-06	4.056570e-02	2.198400e+00
5.080000e-06	9.775856e-02	2.523534e+00
5.090000e-06	-6.358004e-02	2.873008e+00
5.100000e-06	-4.269294e-02	3.136743e+00
5.110000e-06	-4.483471e-02	3.410506e+00
5.120000e-06	-1.584860e-02	3.715212e+00
5.130000e-06	-7.665519e-02	3.915318e+00
5.140000e-06	-1.235247e-02	4.187874e+00
5.150000e-06	1.268838e-01	4.441510e+00
5.160000e-06	-1.185645e-01	4.735870e+00
5.170000e-06	1.131739e-01	4.958925e+00
5.180000e-06	-6.478286e-03	5.327301e+00
5.190000e-06	-8.905214e-02	5.598904e+00
5.200000e-06	6.514122e-02	5.925220e+00
5.210000e-06	-7.079036e-02	6.197352e+00
5.220000e-06	7.913865e-02	6.388533e+00
5.230000e-06	-5.069369e-02	6.715716e+00
5.240000e-06	-8.832270e-03	6.967397e+00
5.250000e-06	5.084660e-03	7.292587e+00
5.260000e-06	-3.710865e-02	7.506828e+00
5.270000e-06	3.293234e-02	7.820133e+00
5.280000e-06	-6.466981e-02	8.124797e+00
5.290000e-06	5.651493e-02	8.305875e+00
5.300000e-06	-1.574545e-02	8.567475e+00
5.310000e-06	-1.061117e-02	8.770059e+00
5.320000e-06	-3.437569e-03	9.050664e+00
5.330000e-06	-6.010688e-02	9.263816e+00
5.340000e-06	3.743787e-02	9.493771e+00
5.350000e-06	-2.275572e-02	9.727453e+00
5.360000e-06	2.626078e-02	1.000848e+01
5.370000e-06	-4.579248e-02	1.026908e+01
5.380000e-06	1.161360e-02	1.042164e+01
5.390000e-06	-1.429273e-02	1.064969e+01
5.400000e-06	-1.910846e-02	1.087424e+01
5.410000e-06	-1.272109e-02	1.107167e+01
5.420000e-06	-2.275943e-02	1.130382e+01
5.430000e-06	2.051302e-02	1.150435e+01
5.440000e-06	-2.128857e-02	1.171335e+01
5.450000e-06	-6.765178e-03	1.192432e+01
5.460000e-06	-3.803630e-02	1.209487e+01
5.470000e-06	4.837296e-03	1.233427e+01
5.480000e-06	-8.060755e-03	1.250332e+01
5.490000e-06	-6.923394e-03	1.264971e+01
5.500000e-06	-2.286236e-02	1.286074e+01
5.510000e-06	-1.960482e-02	1.298716e+01
5.520000e-06	-4.986963e-03	1.318695e+01
5.530000e-06	-2.132034e-02	1.327447e+01
5.540000e-06	-1.954990e-02	1.347180e+01
5.550000e-06	-2.263026e-02	1.363926e+01
5.560000e-06	2.069911e-03	1.376805e+01
5.570000e-06	-1.318652e-02	1.391232e+01
5.580000e-06	-2.128738e-02	1.405287e+01
5.590000e-06	-3.320151e-02	1.420163e+01
5.600000e-06	-1.707990e-02	1.436598e+01
5.610000e-06	-8.757599e-03	1.449129e+01
5.620000e-06	-1.974973e-02	1.457611e+01
5.630000e-06	-2.380662e-02	1.466185e+01
5.640000e-06	-2.532747e-02	1.480661e+01
5.650000e-06	-1.264194e-02	1.486430e+01
5.660000e-06	-2.429829e-02	1.496645e+01
5.670000e-06	-2.775185e-02	1.502976e+01
5.680000e-06	-2.844509e-02	1.508394e+01
5.690000e-06	-1.643394e-02	1.517961e+01
5.700000e-06	-1.592791e-02	1.523134e+01
5.710000e-06	-3.222934e-02	1.529502e+01
5.720000e-06	-3.725311e-02	1.539763e+01
5.730000e-06	-3.622264e-02	1.543074e+01
5.740000e-06	-2.247951e-02	1.548187e+01
5.750000e-06	-3.081874e-02	1.554360e+01
5.760000e-06	-3.477425e-02	1.553661e+01
5.770000e-06	-3.547779e-02	1.559814e+01
5.780000e-06	-3.005852e-02	1.559024e+01
5.790000e-06	-3.533130e-02	1.564126e+01
5.800000e-06	-5.007313e-02	1.563224e+01
5.810000e-06	-4.994345e-02	1.563031e+01
5.820000e-06	-4.746217e-02	1.565327e+01
5.830000e-06	-4.216433e-02	1.567189e+01
5.840000e-06	-5.765334e-02	1.564979e+01
5.850000e-06	-6.783392e-02	1.565032e+01
5.860000e-06	-7.329066e-02	1.560866e+01
5.870000e-06	-7.667617e-02	1.558718e+01
5.880000e-06	-9.576093e-02	1.555357e+01
5.890000e-06	-1.277851e-01	1.553435e+01
5.900000e-06	-1.649202e-01	1.547144e+01
5.910000e-06	-2.213117e-01	1.540866e+01
5.920000e-06	-2.488405e-01	1.535455e+01
5.930000e-06	-2.500000e-01	1.529390e+01
5.940000e-06	-2.500000e-01	1.523076e+01
5.950000e-06	-2.500000e-01	1.516758e+01
5.960000e-06	-2.275237e-01	1.511240e+01
5.970000e-06	-1.589793e-01	1.498976e+01
5.980000e-06	-1.135743e-01	1.490394e+01
5.990000e-06	-8.284462e-02	1.479028e+01
6.000000e-06	-5.755032e-02	1.471502e+01
6.010000e-06	-4.539304e-02	1.461126e+01
6.020000e-06	-4.268213e-02	1.453508e+01
6.030000e-06	-3.840594e-02	1.437868e+01
6.040000e-06	-2.797468e-02	1.428144e+01
6.050000e-06	-2.430485e-02	1.412748e+01
6.060000e-06	-2.519494e-02	1.400823e+01
6.070000e-06	-2.946195e-02	1.384086e+01
6.080000e-06	-2.249449e-02	1.371602e+01
6.090000e-06	-1.823417e-02	1.351815e+01
6.100000e-06	-1.653202e-02	1.339773e+01
6.110000e-06	-2.351850e-02	1.328384e+01
6.120000e-06	-2.144602e-02	1.309244e+01
6.130000e-06	-1.644209e-02	1.294592e+01
6.140000e-06	-1.301886e-02	1.271715e+01
6.150000e-06	-1.707913e-02	1.261873e+01
6.160000e-06	-2.017811e-02	1.244134e+01
6.170000e-06	-1.529077e-02	1.228089e+01
6.180000e-06	-1.187481e-02	1.204181e+01
6.190000e-06	-1.371209e-02	1.187239e+01
6.200000e-06	-1.964980e-02	1.164336e+01
6.210000e-06	-1.702007e-02	1.145129e+01
6.220000e-06	-1.151052e-02	1.123976e+01
6.230000e-06	-9.863007e-03	1.102113e+01
6.240000e-06	-1.395417e-02	1.080181e+01
6.250000e-06	-1.605104e-02	1.062823e+01
6.260000e-06	-1.221569e-02	1.038816e+01
6.270000e-06	-1.039592e-02	1.012560e+01
6.280000e-06	-1.174787e-02	9.947020e+00
6.290000e-06	-1.575061e-02	9.685417e+00
6.300000e-06	-1.273087e-02	9.461786e+00
6.310000e-06	-8.483954e-03	9.251234e+00
6.320000e-06	-9.142509e-03	9.000151e+00
6.330000e-06	-1.311887e-02	8.758100e+00
6.340000e-06	-1.333123e-02	8.535418e+00
6.350000e-06	-8.775495e-03	8.294012e+00
6.360000e-06	-7.848868e-03	8.052258e+00
6.370000e-06	-1.067438e-02	7.768672e+00
6.380000e-06	-1.322047e-02	7.516516e+00
6.390000e-06	-9.969083e-03	7.200781e+00
6.400000e-06	-7.706100e-03	6.957046e+00
6.410000e-06	-9.812596e-03	6.715491e+00
6.420000e-06	-1.184774e-02	6.460738e+00
6.430000e-06	-9.926542e-03	6.197548e+00
6.440000e-06	-7.269245e-03	5.946015e+00
6.450000e-06	-7.017529e-03	5.611735e+00
6.460000e-06	-9.432012e-03	5.369047e+00
6.470000e-06	-1.117200e-02	5.041301e+00
6.480000e-06	-7.704479e-03	4.745495e+00
6.490000e-06	-7.167117e-03	4.451229e+00
6.500000e-06	-7.568243e-03	4.167097e+00
6.510000e-06	-1.037949e-02	3.873888e+00
6.520000e-06	-7.546810e-03	3.630203e+00
6.530000e-06	-5.900022e-03	3.294392e+00
6.540000e-06	-6.073763e-03	3.033250e+00
6.550000e-06	-9.395276e-03	2.789547e+00
6.560000e-06	-8.457986e-03	2.473379e+00
6.570000e-06	-6.037031e-03	2.159573e+00
6.580000e-06	-4.768405e-03	1.894312e+00
6.590000e-06	-6.769461e-03	1.591600e+00
6.600000e-06	-8.344391e-03	1.295861e+00
6.610000e-06	-7.159713e-03	9.680198e-01
6.620000e-06	-5.214140e-03	6.437578e-01
6.630000e-06	-5.114775e-03	4.106263e-01
6.640000e-06	-4.642322e-03	1.232843e-01
6.650000e-06	-1.042349e-03	-2.084262e-01
6.660000e-06	1.327347e-02	-4.220027e-01
6.670000e-06	-3.507774e-03	-7.777711e-01
6.680000e-06	4.195259e-03	-1.008428e+00
6.690000e-06	-6.400850e-03	-1.311659e+00
6.700000e-06	3.336347e-03	-1.589979e+00
6.710000e-06	2.088704e-03	-1.801530e+00
6.720000e-06	3.850877e-02	-2.052036e+00
6.730000e-06	1.249916e-01	-2.377902e+00
6.740000e-06	-3.784823e-02	-2.745698e+00
6.750000e-06	-3.549530e-02	-3.178226e+00
6.760000e-06	-3.282790e-02	-3.461530e+00
6.770000e-06	-2.481149e-02	-3.622584e+00
6.780000e-06	-9.153609e-02	-3.915391e+00
6.790000e-06	9.247674e-02	-4.103663e+00
6.800000e-06	6.440583e-02	-4.284691e+00
6.810000e-06	-1.281239e-01	-4.641584e+00
6.820000e-06	2.050724e-01	-4.893743e+00
6.830000e-06	-1.776362e-01	-5.238983e+00
6.840000e-06	1.147615e-01	-5.597451e+00
6.850000e-06	-4.913089e-02	-5.798451e+00
6.860000e-06	-5.687589e-02	-6.104318e+00
6.870000e-06	1.665082e-01	-6.363746e+00
6.880000e-06	-1.404040e-01	-6.659658e+00
6.890000e-06	1.414309e-01	-6.903923e+00
6.900000e-06	-1.041302e-01	-7.158432e+00
6.910000e-06	2.900883e-02	-7.504637e+00
6.920000e-06	4.080999e-02	-7.733845e+00
6.930000e-06	-7.101737e-02	-8.041109e+00
6.940000e-06	1.471488e-01	-8.272160e+00
6.950000e-06	-1.210718e-01	-8.514268e+00
6.960000e-06	1.194149e-01	-8.811058e+00
6.970000e-06	-7.566351e-02	-9.029581e+00
6.980000e-06	1.042217e-02	-9.243713e+00
6.990000e-06	2.281734e-02	-9.460188e+00
7.000000e-06	-1.882784e-02	-9.735921e+00
7.010000e-06	9.731624e-02	-9.935872e+00
7.020000e-06	-7.337208e-02	-1.019900e+01
7.030000e-06	8.514043e-02	-1.038861e+01
7.040000e-06	-7.994544e-02	-1.062963e+01
7.050000e-06	7.281707e-02	-1.080068e+01
7.060000e-06	-3.794164e-02	-1.104016e+01
7.070000e-06	4.096766e-02	-1.127174e+01
7.080000e-06	2.923512e-03	-1.148227e+01
7.090000e-06	1.262760e-02	-1.171432e+01
7.100000e-06	2.042632e-02	-1.192490e+01
7.110000e-06	-1.907542e-02	-1.212592e+01
7.120000e-06	2.957980e-02	-1.228222e+01
7.130000e-06	-7.483682e-03	-1.248282e+01
7.140000e-06	5.092531e-02	-1.264924e+01
7.150000e-06	-1.197625e-02	-1.288219e+01
7.160000e-06	2.550247e-02	-1.300916e+01
7.170000e-06	-1.452336e-02	-1.316756e+01
7.180000e-06	2.615303e-02	-1.334595e+01
7.190000e-06	8.654357e-05	-1.349292e+01
7.200000e-06	2.334056e-02	-1.364127e+01
7.210000e-06	1.259151e-02	-1.381868e+01
7.220000e-06	2.467144e-02	-1.397793e+01
7.230000e-06	1.256645e-02	-1.405182e+01
7.240000e-06	7.065297e-03	-1.419079e+01
7.250000e-06	4.879438e-03	-1.433662e+01
7.260000e-06	1.580085e-02	-1.448330e+01
7.270000e-06	2.419641e-02	-1.461761e+01
7.280000e-06	1.658423e-02	-1.472402e+01
7.290000e-06	1.778208e-02	-1.484926e+01
7.300000e-06	7.125336e-03	-1.487239e+01
7.310000e-06	2.442969e-02	-1.497960e+01
7.320000e-06	1.199198e-02	-1.508342e+01
7.330000e-06	2.421075e-02	-1.518708e+01
7.340000e-06	1.675167e-02	-1.523179e+01
7.350000e-06	2.803388e-02	-1.531545e+01
7.360000e-06	2.088714e-02	-1.536871e+01
7.370000e-06	1.635512e-02	-1.548079e+01
7.380000e-06	1.342483e-02	-1.551502e+01
7.390000e-06	2.039129e-02	-1.558560e+01
7.400000e-06	3.116024e-02	-1.561019e+01
7.410000e-06	3.027821e-02	-1.561134e+01
7.420000e-06	2.925970e-02	-1.567192e+01
7.430000e-06	2.793805e-02	-1.565300e+01
7.440000e-06	3.194355e-02	-1.566445e+01
7.450000e-06	2.949519e-02	-1.576600e+01
7.460000e-06	3.121362e-02	-1.576660e+01
7.470000e-06	3.348613e-02	-1.574705e+01
7.480000e-06	4.417577e-02	-1.570613e+01
7.490000e-06	5.078262e-02	-1.573715e+01
7.500000e-06	5.183753e-02	-1.575458e+01
7.510000e-06	5.334698e-02	-1.572400e+01
7.520000e-06	6.377870e-02	-1.568342e+01
7.530000e-06	7.954431e-02	-1.564192e+01
7.540000e-06	9.677875e-02	-1.564979e+01
7.550000e-06	1.202436e-01	-1.558863e+01
7.560000e-06	1.634440e-01	-1.551563e+01
7.570000e-06	2.272899e-01	-1.548244e+01
7.580000e-06	2.496995e-01	-1.541937e+01
7.590000e-06	2.500000e-01	-1.538908e+01
7.600000e-06	2.500000e-01	-1.528352e+01
7.610000e-06	2.499987e-01	-1.520979e+01
7.620000e-06	2.179133e-01	-1.515508e+01
7.630000e-06	1.429967e-01	-1.505236e+01
7.640000e-06	9.149863e-02	-1.498715e+01
7.650000e-06	6.430848e-02	-1.489289e+01
7.660000e-06	4.983438e-02	-1.477814e+01
7.670000e-06	3.795911e-02	-1.470245e+01
7.680000e-06	2.860687e-02	-1.456771e+01
7.690000e-06	2.428177e-02	-1.447332e+01
7.700000e-06	2.160139e-02	-1.433408e+01
7.710000e-06	1.971069e-02	-1.420963e+01
7.720000e-06	1.295663e-02	-1.410297e+01
7.730000e-06	1.063754e-02	-1.391463e+01
7.740000e-06	1.205046e-02	-1.375815e+01
7.750000e-06	1.478018e-02	-1.363089e+01
7.760000e-06	1.072231e-02	-1.348139e+01
7.770000e-06	7.125342e-03	-1.331497e+01
7.780000e-06	4.913702e-03	-1.313808e+01
7.790000e-06	6.866071e-03	-1.298973e+01
7.800000e-06	8.133637e-03	-1.284074e+01
7.810000e-06	5.520142e-03	-1.264192e+01
7.820000e-06	4.834223e-03	-1.248489e+01
7.830000e-06	6.199476e-03	-1.230499e+01
7.840000e-06	7.027317e-03	-1.209560e+01
7.850000e-06	2.612603e-03	-1.194404e+01
7.860000e-06	-2.771556e-04	-1.170537e+01
7.870000e-06	1.420386e-03	-1.147444e+01
7.880000e-06	4.325786e-03	-1.124084e+01
7.890000e-06	4.502498e-03	-1.104079e+01
7.900000e-06	1.130146e-03	-1.081076e+01
7.910000e-06	2.010012e-04	-1.068171e+01
7.920000e-06	9.210655e-04	-1.042078e+01
7.930000e-06	1.873668e-03	-1.021062e+01
7.940000e-06	-1.256567e-03	-9.957525e+00
7.950000e-06	-2.248259e-03	-9.746077e+00
7.960000e-06	-3.910034e-04	-9.514525e+00
7.970000e-06	1.119212e-03	-9.275341e+00
7.980000e-06	-1.149327e-03	-9.010153e+00
7.990000e-06	-3.184647e-03	-8.800684e+00
8.000000e-06	-3.705893e-03	-8.545052e+00
8.010000e-06	-6.851587e-04	-8.324991e+00
8.020000e-06	-9.306304e-04	-8.042787e+00
8.030000e-06	-2.868115e-03	-7.788156e+00
8.040000e-06	-5.001788e-03	-7.535093e+00
8.050000e-06	-3.947426e-03	-7.241258e+00
8.060000e-06	-2.470630e-03	-6.967696e+00
8.070000e-06	-4.751588e-03	-6.705018e+00
8.080000e-06	-5.670674e-03	-6.472756e+00
8.090000e-06	-3.755389e-03	-6.159105e+00
8.100000e-06	-3.128021e-03	-5.935468e+00
8.110000e-06	-3.323483e-03	-5.670707e+00
8.120000e-06	-7.267675e-03	-5.328570e+00
8.130000e-06	-7.055582e-03	-5.052733e+00
8.140000e-06	-5.162949e-03	-4.734416e+00
8.150000e-06	-4.340827e-03	-4.412307e+00
8.160000e-06	-5.216232e-03	-4.213228e+00
8.170000e-06	-8.480407e-03	-3.986069e+00
8.180000e-06	-6.385739e-03	-3.631254e+00
8.190000e-06	-7.486892e-03	-3.367026e+00
8.200000e-06	-7.568938e-03	-3.063438e+00
8.210000e-06	-9.667653e-03	-2.760599e+00
8.220000e-06	-6.522535e-03	-2.485313e+00
8.230000e-06	-6.033253e-03	-2.221650e+00
8.240000e-06	-5.500043e-03	-1.944864e+00
8.250000e-06	-9.349251e-03	-1.652680e+00
8.260000e-06	-9.594471e-03	-1.303786e+00
8.270000e-06	-9.746891e-03	-1.021076e+00
8.280000e-06	-7.631190e-03	-7.279661e-01
8.290000e-06	-8.639240e-03	-4.106015e-01
8.300000e-06	-7.358318e-03	-1.599911e-01
8.310000e-06	2.498630e-03	1.452170e-01
8.320000e-06	3.239301e-03	4.305303e-01
8.330000e-06	-2.891183e-03	6.937104e-01
8.340000e-06	-1.230465e-03	9.456932e-01
8.350000e-06	-5.483447e-03	1.242010e+00
8.360000e-06	-9.050061e-04	1.565320e+00
8.370000e-06	-5.809367e-04	1.823985e+00
8.380000e-06	2.025917e-02	2.041110e+00
8.390000e-06	8.591960e-02	2.317243e+00
8.400000e-06	2.039440e-02	2.735168e+00
8.410000e-06	-7.420808e-02	3.010552e+00
8.420000e-06	-3.387129e-02	3.272692e+00
8.430000e-06	-3.253829e-02	3.580429e+00
8.440000e-06	-3.628634e-02	3.851478e+00
8.450000e-06	-6.940900e-02	4.000105e+00
8.460000e-06	8.879045e-02	4.315297e+00
8.470000e-06	1.332313e-02	4.630006e+00
8.480000e-06	-6.970091e-02	4.851588e+00
8.490000e-06	1.588675e-01	5.198431e+00
8.500000e-06	-1.592570e-01	5.483741e+00
8.510000e-06	6.071275e-02	5.788346e+00
8.520000e-06	-3.445305e-02	6.062659e+00
8.530000e-06	1.128005e-02	6.314188e+00
8.540000e-06	4.080282e-02	6.587924e+00
8.550000e-06	-7.968206e-02	6.863638e+00
8.560000e-06	4.962989e-02	7.134798e+00
8.570000e-06	-6.894217e-02	7.428087e+00
8.580000e-06	4.157408e-02	7.714242e+00
8.590000e-06	-5.035868e-02	7.996979e+00
8.600000e-06	1.342947e-02	8.213160e+00
8.610000e-06	3.207621e-02	8.473740e+00
8.620000e-06	-3.527270e-02	8.723717e+00
8.630000e-06	1.747555e-02	8.925795e+00
8.640000e-06	-6.066553e-02	9.197955e+00
8.650000e-06	7.039659e-03	9.379058e+00
8.660000e-06	-3.505561e-03	9.641642e+00
8.670000e-06	1.377632e-02	9.891667e+00
8.680000e-06	-2.017352e-02	1.010427e+01
8.690000e-06	-1.693398e-02	1.031375e+01
8.700000e-06	4.682261e-03	1.053647e+01
8.710000e-06	-2.323446e-02	1.076796e+01
8.720000e-06	-8.724276e-03	1.096798e+01
8.730000e-06	-2.595851e-02	1.117955e+01
8.740000e-06	9.207880e-03	1.138856e+01
8.750000e-06	-6.057572e-03	1.163221e+01
8.760000e-06	-9.439564e-03	1.180966e+01
8.770000e-06	-3.269126e-02	1.206164e+01
8.780000e-06	-1.026888e-02	1.223811e+01
8.790000e-06	-4.342914e-03	1.239911e+01
8.800000e-06	-1.059782e-03	1.263861e+01
8.810000e-06	-1.967541e-02	1.276645e+01
8.820000e-06	-2.038630e-02	1.291492e+01
8.830000e-06	-1.261796e-02	1.309334e+01
8.840000e-06	-1.358346e-02	1.326089e+01
8.850000e-06	-1.906817e-02	1.341059e+01
8.860000e-06	-2.611456e-02	1.355758e+01
8.870000e-06	-4.453529e-03	1.371444e+01
8.880000e-06	-8.357781e-03	1.385071e+01
8.890000e-06	-1.139039e-02	1.400808e+01
8.900000e-06	-3.561198e-02	1.415753e+01
8.910000e-06	-2.235119e-02	1.426237e+01
8.920000e-06	-1.653197e-02	1.440971e+01
8.930000e-06	-1.075542e-02	1.453393e+01
8.940000e-06	-2.285601e-02	1.465122e+01
8.950000e-06	-2.569613e-02	1.473450e+01
8.960000e-06	-1.389425e-02	1.482081e+01
8.970000e-06	-2.016155e-02	1.490337e+01
8.980000e-06	-2.292628e-02	1.497760e+01
8.990000e-06	-3.384578e-02	1.510286e+01
9.000000e-06	-1.995185e-02	1.514513e+01
9.010000e-06	-1.930200e-02	1.521974e+01
9.020000e-06	-2.262884e-02	1.526285e+01
9.030000e-06	-3.678825e-02	1.537665e+01
9.040000e-06	-3.580096e-02	1.539766e+01
9.050000e-06	-2.584035e-02	1.546232e+01
9.060000e-06	-2.587302e-02	1.553287e+01
9.070000e-06	-3.092156e-02	1.556413e+01
9.080000e-06	-3.926690e-02	1.554716e+01
9.090000e-06	-3.076749e-02	1.559924e+01
9.100000e-06	-3.430882e-02	1.562879e+01
9.110000e-06	-4.158415e-02	1.559929e+01
9.120000e-06	-5.207173e-02	1.568129e+01
9.130000e-06	-4.795479e-02	1.565134e+01
9.140000e-06	-4.238335e-02	1.567234e+01
9.150000e-06	-4.973547e-02	1.566179e+01
9.160000e-06	-6.209992e-02	1.566227e+01
9.170000e-06	-7.298972e-02	1.565926e+01
9.180000e-06	-7.229861e-02	1.559679e+01
9.190000e-06	-8.763903e-02	1.558608e+01
9.200000e-06	-1.108436e-01	1.557595e+01
9.210000e-06	-1.484509e-01	1.547292e+01
9.220000e-06	-1.928041e-01	1.545084e+01
9.230000e-06	-2.420916e-01	1.536758e+01
9.240000e-06	-2.500000e-01	1.531502e+01
9.250000e-06	-2.500000e-01	1.526237e+01
9.260000e-06	-2.500000e-01	1.518930e+01
9.270000e-06	-2.467379e-01	1.515552e+01
9.280000e-06	-1.923797e-01	1.501136e+01
9.290000e-06	-1.306243e-01	1.495760e+01
9.300000e-06	-9.675181e-02	1.482184e+01
9.310000e-06	-6.773354e-02	1.478660e+01
9.320000e-06	-4.895351e-02	1.464179e+01
9.330000e-06	-4.350956e-02	1.455760e+01
9.340000e-06	-3.997859e-02	1.445031e+01
9.350000e-06	-3.400989e-02	1.433453e+01
9.360000e-06	-2.396752e-02	1.421873e+01
9.370000e-06	-2.546944e-02	1.406284e+01
9.380000e-06	-2.723475e-02	1.395310e+01
9.390000e-06	-2.651347e-02	1.378871e+01
9.400000e-06	-1.982033e-02	1.360029e+01
9.410000e-06	-1.670043e-02	1.346290e+01
9.420000e-06	-2.052562e-02	1.330705e+01
9.430000e-06	-2.193944e-02	1.316763e+01
9.440000e-06	-1.948615e-02	1.302813e+01
9.450000e-06	-1.336337e-02	1.288126e+01
9.460000e-06	-1.650322e-02	1.269196e+01
9.470000e-06	-1.851430e-02	1.251507e+01
9.480000e-06	-1.823330e-02	1.233649e+01
9.490000e-06	-1.269720e-02	1.216710e+01
9.500000e-06	-1.336656e-02	1.194760e+01
9.510000e-06	-1.730551e-02	1.177715e+01
9.520000e-06	-1.769541e-02	1.153710e+01
9.530000e-06	-1.504750e-02	1.132554e+01
9.540000e-06	-9.469470e-03	1.107557e+01
9.550000e-06	-1.266953e-02	1.093447e+01
9.560000e-06	-1.428168e-02	1.074447e+01
9.570000e-06	-1.369575e-02	1.048444e+01
9.580000e-06	-9.671419e-03	1.028186e+01
9.590000e-06	-1.104196e-02	1.004129e+01
9.600000e-06	-1.355811e-02	9.829225e+00
9.610000e-06	-1.382617e-02	9.547205e+00
9.620000e-06	-1.031302e-02	9.355474e+00
9.630000e-06	-9.075789e-03	9.114995e+00
9.640000e-06	-1.213773e-02	8.872314e+00
9.650000e-06	-1.354696e-02	8.640712e+00
9.660000e-06	-1.117992e-02	8.410153e+00
9.670000e-06	-7.969133e-03	8.136524e+00
9.680000e-06	-8.312540e-03	7.883363e+00
9.690000e-06	-1.085892e-02	7.609804e+00
9.700000e-06	-1.285891e-02	7.366045e+00
9.710000e-06	-7.828986e-03	7.094434e+00
9.720000e-06	-9.993849e-03	6.811732e+00
9.730000e-06	-8.837064e-03	6.577096e+00
9.740000e-06	-1.026746e-02	6.284363e+00
9.750000e-06	-8.452130e-03	6.031733e+00
9.760000e-06	-5.431730e-03	5.748675e+00
9.770000e-06	-9.591451e-03	5.515917e+00
9.780000e-06	-1.241684e-02	5.161154e+00
9.790000e-06	-1.178431e-02	4.781410e+00
9.800000e-06	-7.857489e-03	4.589021e+00
9.810000e-06	-4.321261e-03	4.317017e+00
9.820000e-06	-8.030541e-03	3.991150e+00
9.830000e-06	-7.281070e-03	3.696913e+00
9.840000e-06	-6.383213e-03	3.473860e+00
9.850000e-06	-5.493164e-03	3.167149e+00
9.860000e-06	-9.668143e-03	2.874362e+00
9.870000e-06	-1.114620e-02	2.651180e+00
9.880000e-06	-8.414595e-03	2.313890e+00
9.890000e-06	-5.187601e-03	2.031229e+00
9.900000e-06	-4.488289e-03	1.760491e+00
9.910000e-06	-7.076904e-03	1.441709e+00
9.920000e-06	-6.677912e-03	1.099491e+00
9.930000e-06	-4.586897e-03	8.105510e-01
9.940000e-06	-4.880172e-03	5.259147e-01
9.950000e-06	-6.558183e-03	2.027792e-01
9.960000e-06	-4.485750e-03	-7.305907e-02
9.970000e-06	7.045519e-03	-3.062682e-01
9.980000e-06	4.783888e-03	-5.779025e-01
9.990000e-06	7.579160e-04	-8.641343e-01
1.000000e-05	-1.012339e-03	-1.147772e+00
1.001000e-05	-2.443140e-04	-1.502609e+00
1.002000e-05	3.012421e-04	-1.705242e+00
1.003000e-05	1.807296e-02	-1.946872e+00
1.004000e-05	8.332351e-02	-2.228980e+00
1.005000e-05	6.966509e-02	-2.557771e+00
1.006000e-05	-8.157292e-02	-3.027394e+00
1.007000e-05	-2.567177e-03	-3.336820e+00
1.008000e-05	-4.763836e-02	-3.556370e+00
1.009000e-05	-3.580413e-02	-3.779420e+00
1.010000e-05	-6.407587e-02	-4.000083e+00
1.011000e-05	1.973494e-01	-4.178376e+00
1.012000e-05	-1.661723e-01	-4.464163e+00
1.013000e-05	1.379687e-01	-4.800402e+00
1.014000e-05	9.653153e-03	-5.000533e+00
1.015000e-05	-1.124953e-01	-5.461585e+00
1.016000e-05	1.528615e-01	-5.602662e+00
1.017000e-05	-1.882441e-01	-5.967352e+00
1.018000e-05	1.731234e-01	-6.239037e+00
1.019000e-05	-5.379510e-02	-6.463164e+00
1.020000e-05	6.255180e-03	-6.799482e+00
1.021000e-05	6.823041e-02	-7.063112e+00
1.022000e-05	-1.263360e-01	-7.336927e+00
1.023000e-05	1.413304e-01	-7.611484e+00
1.024000e-05	-1.190436e-01	-7.882717e+00
1.025000e-05	1.127248e-01	-8.176955e+00
1.026000e-05	-1.846433e-02	-8.368976e+00
1.027000e-05	-1.433272e-02	-8.702191e+00
1.028000e-05	8.180567e-02	-8.884918e+00
1.029000e-05	-1.162555e-01	-9.177427e+00
1.030000e-05	1.040538e-01	-9.345951e+00
1.031000e-05	-8.410008e-02	-9.598563e+00
1.032000e-05	1.177604e-01	-9.841658e+00
1.033000e-05	-4.690364e-02	-1.007219e+01
1.034000e-05	3.885344e-02	-1.028382e+01
1.035000e-05	-1.006763e-02	-1.054435e+01
1.036000e-05	-1.021731e-02	-1.074648e+01
1.037000e-05	4.675159e-02	-1.093495e+01
1.038000e-05	-3.827655e-02	-1.118753e+01
1.039000e-05	6.721338e-02	-1.137760e+01
1.040000e-05	-3.834346e-02	-1.159863e+01
1.041000e-05	6.040877e-02	-1.186076e+01
1.042000e-05	-4.115683e-02	-1.201116e+01
1.043000e-05	3.511516e-02	-1.219961e+01
1.044000e-05	-1.219648e-02	-1.239821e+01
1.045000e-05	4.278000e-02	-1.256713e+01
1.046000e-05	1.029098e-02	-1.275548e+01
1.047000e-05	1.024257e-02	-1.295598e+01
1.048000e-05	5.168360e-03	-1.310332e+01
1.049000e-05	2.331570e-03	-1.323279e+01
1.050000e-05	1.862761e-02	-1.336716e+01
1.051000e-05	1.581532e-03	-1.357795e+01
1.052000e-05	2.626006e-02	-1.374547e+01
1.053000e-05	9.760070e-03	-1.386282e+01
1.054000e-05	2.853423e-02	-1.402921e+01
1.055000e-05	-4.361277e-04	-1.414500e+01
1.056000e-05	1.334533e-02	-1.429287e+01
1.057000e-05	3.262471e-03	-1.443014e+01
1.058000e-05	2.849428e-02	-1.454603e+01
1.059000e-05	1.510230e-02	-1.464079e+01
1.060000e-05	2.207539e-02	-1.476761e+01
1.061000e-05	9.015631e-03	-1.486076e+01
1.062000e-05	1.839390e-02	-1.495802e+01
1.063000e-05	1.686120e-02	-1.502971e+01
1.064000e-05	1.733082e-02	-1.516403e+01
1.065000e-05	1.926166e-02	-1.522819e+01
1.066000e-05	2.135000e-02	-1.529297e+01
1.067000e-05	2.620214e-02	-1.533708e+01
1.068000e-05	1.756188e-02	-1.542078e+01
1.069000e-05	1.780969e-02	-1.553292e+01
1.070000e-05	1.630785e-02	-1.552705e+01
1.071000e-05	2.864356e-02	-1.554819e+01
1.072000e-05	2.809024e-02	-1.564129e+01
1.073000e-05	2.947791e-02	-1.563232e+01
1.074000e-05	2.566685e-02	-1.568384e+01
1.075000e-05	2.981446e-02	-1.568447e+01
1.076000e-05	3.168370e-02	-1.571553e+01
1.077000e-05	3.163569e-02	-1.575598e+01
1.078000e-05	3.476276e-02	-1.576508e+01
1.079000e-05	4.047338e-02	-1.576765e+01
1.080000e-05	4.756193e-02	-1.577465e+01
1.081000e-05	4.950163e-02	-1.575608e+01
1.082000e-05	5.006682e-02	-1.573555e+01
1.083000e-05	5.768876e-02	-1.570447e+01
1.084000e-05	6.999700e-02	-1.569240e+01
1.085000e-05	8.843947e-02	-1.568184e+01
1.086000e-05	1.082090e-01	-1.556976e+01
1.087000e-05	1.426170e-01	-1.557909e+01
1.088000e-05	1.991851e-01	-1.553550e+01
1.089000e-05	2.453289e-01	-1.545244e+01
1.090000e-05	2.500000e-01	-1.542058e+01
1.091000e-05	2.500000e-01	-1.535763e+01
1.092000e-05	2.500000e-01	-1.524294e+01
1.093000e-05	2.437624e-01	-1.515825e+01
1.094000e-05	1.758673e-01	-1.512200e+01
1.095000e-05	1.111623e-01	-1.499014e+01
1.096000e-05	7.628191e-02	-1.495510e+01
1.097000e-05	5.633920e-02	-1.481119e+01
1.098000e-05	4.323075e-02	-1.474713e+01
1.099000e-05	3.213065e-02	-1.463131e+01
1.100000e-05	2.538221e-02	-1.448400e+01
1.101000e-05	2.287135e-02	-1.442021e+01
1.102000e-05	1.992247e-02	-1.433124e+01
1.103000e-05	1.581470e-02	-1.415557e+01
1.104000e-05	1.208739e-02	-1.400921e+01
1.105000e-05	1.204535e-02	-1.382031e+01
1.106000e-05	1.336554e-02	-1.369295e+01
1.107000e-05	1.254493e-02	-1.355447e+01
1.108000e-05	8.311173e-03	-1.339915e+01
1.109000e-05	5.924471e-03	-1.322087e+01
1.110000e-05	7.346669e-03	-1.307244e+01
1.111000e-05	8.005023e-03	-1.290599e+01
1.112000e-05	6.528789e-03	-1.276760e+01
1.113000e-05	4.910775e-03	-1.257808e+01
1.114000e-05	5.617230e-03	-1.243018e+01
1.115000e-05	5.739845e-03	-1.219918e+01
1.116000e-05	3.554485e-03	-1.204128e+01
1.117000e-05	1.883899e-03	-1.184081e+01
1.118000e-05	1.171162e-03	-1.161576e+01
1.119000e-05	3.647171e-03	-1.133760e+01
1.120000e-05	3.854967e-03	-1.113605e+01
1.121000e-05	2.644024e-03	-1.091447e+01
1.122000e-05	5.512424e-04	-1.072654e+01
1.123000e-05	1.178581e-03	-1.055544e+01
1.124000e-05	4.647504e-04	-1.028396e+01
1.125000e-05	8.037269e-05	-1.006281e+01
1.126000e-05	-1.377961e-03	-9.831284e+00
1.127000e-05	-3.001515e-04	-9.641260e+00
1.128000e-05	3.399499e-04	-9.419154e+00
1.129000e-05	-8.953208e-04	-9.147597e+00
1.130000e-05	-2.119074e-03	-8.925367e+00
1.131000e-05	-3.376879e-03	-8.724393e+00
1.132000e-05	-1.799791e-03	-8.440262e+00
1.133000e-05	-1.547595e-03	-8.198151e+00
1.134000e-05	-2.299811e-03	-7.914049e+00
1.135000e-05	-3.920278e-03	-7.652284e+00
1.136000e-05	-3.184995e-03	-7.357629e+00
1.137000e-05	-3.379047e-03	-7.084044e+00
1.138000e-05	-3.053358e-03	-6.831258e+00
1.139000e-05	-5.756988e-03	-6.577127e+00
1.140000e-05	-3.874693e-03	-6.305938e+00
1.141000e-05	-3.710852e-03	-5.990782e+00
1.142000e-05	-3.779095e-03	-5.768095e+00
1.143000e-05	-6.242957e-03	-5.495888e+00
1.144000e-05	-6.655966e-03	-5.157550e+00
1.145000e-05	-5.807276e-03	-4.880858e+00
1.146000e-05	-4.532292e-03	-4.559570e+00
1.147000e-05	-5.858507e-03	-4.345991e+00
1.148000e-05	-5.981436e-03	-4.092808e+00
1.149000e-05	-7.433727e-03	-3.758621e+00
1.150000e-05	-6.310135e-03	-3.484318e+00
1.151000e-05	-8.585158e-03	-3.241753e+00
1.152000e-05	-7.548354e-03	-2.927939e+00
1.153000e-05	-8.289414e-03	-2.642232e+00
1.154000e-05	-5.569288e-03	-2.338973e+00
1.155000e-05	-6.232066e-03	-2.042726e+00
1.156000e-05	-7.064925e-03	-1.778096e+00
1.157000e-05	-9.391419e-03	-1.454887e+00
1.158000e-05	-9.285015e-03	-1.126540e+00
1.159000e-05	-8.302263e-03	-8.217590e-01
1.160000e-05	-9.422077e-03	-5.254434e-01
1.161000e-05	-7.523051e-03	-2.542829e-01
1.162000e-05	-3.738998e-03	-9.601385e-03
1.163000e-05	5.803163e-03	3.152169e-01
1.164000e-05	-4.304919e-03	5.782948e-01
1.165000e-05	8.943993e-04	7.909275e-01
1.166000e-05	-3.334125e-03	1.127738e+00
1.167000e-05	7.977221e-04	1.397859e+00
1.168000e-05	-4.367168e-03	1.716818e+00
1.169000e-05	1.252875e-02	1.965871e+00
1.170000e-05	4.271472e-02	2.199003e+00
1.171000e-05	9.245569e-02	2.515746e+00
1.172000e-05	-7.432160e-02	2.911088e+00
1.173000e-05	-3.763630e-02	3.177326e+00
1.174000e-05	-4.354225e-02	3.512635e+00
1.175000e-05	-1.250570e-02	3.705345e+00
1.176000e-05	-7.796537e-02	3.946870e+00
1.177000e-05	1.939658e-03	4.155348e+00
1.178000e-05	1.221561e-01	4.492610e+00
1.179000e-05	-1.324675e-01	4.736375e+00
1.180000e-05	1.357927e-01	4.979507e+00
1.181000e-05	-4.053820e-02	5.368400e+00
1.182000e-05	-6.523510e-02	5.641510e+00
1.183000e-05	5.509009e-02	5.935196e+00
1.184000e-05	-6.584386e-02	6.205901e+00
1.185000e-05	8.379390e-02	6.429456e+00
1.186000e-05	-6.137941e-02	6.734824e+00
1.187000e-05	4.680115e-03	6.968930e+00
1.188000e-05	-9.862199e-03	7.303248e+00
1.189000e-05	-2.554418e-02	7.556853e+00
1.190000e-05	2.122792e-02	7.830163e+00
1.191000e-05	-5.725380e-02	8.125921e+00
1.192000e-05	5.785872e-02	8.376950e+00
1.193000e-05	-1.988826e-02	8.607428e+00
1.194000e-05	-4.883135e-03	8.800028e+00
1.195000e-05	-9.983178e-03	9.061712e+00
1.196000e-05	-5.427184e-02	9.334846e+00
1.197000e-05	3.486043e-02	9.535370e+00
1.198000e-05	-2.114282e-02	9.777053e+00
1.199000e-05	2.287083e-02	1.001000e+01
1.200000e-05	-4.596148e-02	1.019871e+01
1.201000e-05	1.337200e-02	1.043218e+01
1.202000e-05	-1.687537e-02	1.067166e+01
1.203000e-05	-1.660125e-02	1.088277e+01
1.204000e-05	-1.335603e-02	1.111424e+01
1.205000e-05	-1.997639e-02	1.132477e+01
1.206000e-05	1.905210e-02	1.155445e+01
1.207000e-05	-2.148783e-02	1.172748e+01
1.208000e-05	-9.799252e-03	1.193432e+01
1.209000e-05	-3.668482e-02	1.214587e+01
1.210000e-05	3.185738e-03	1.234495e+01
1.211000e-05	-6.628225e-03	1.246487e+01
1.212000e-05	-8.040433e-03	1.264017e+01
1.213000e-05	-2.223266e-02	1.282471e+01
1.214000e-05	-1.903241e-02	1.300903e+01
1.215000e-05	-6.084701e-03	1.319810e+01
1.216000e-05	-2.130288e-02	1.333545e+01
1.217000e-05	-2.043263e-02	1.348271e+01
1.218000e-05	-2.167323e-02	1.366224e+01
1.219000e-05	1.575431e-03	1.380716e+01
1.220000e-05	-9.467699e-03	1.391435e+01
1.221000e-05	-2.386732e-02	1.405382e+01
1.222000e-05	-3.154718e-02	1.421079e+01
1.223000e-05	-2.050848e-02	1.434503e+01
1.224000e-05	-8.359225e-03	1.449382e+01
1.225000e-05	-1.993480e-02	1.457614e+01
1.226000e-05	-2.454323e-02	1.471382e+01
1.227000e-05	-2.484432e-02	1.480863e+01
1.228000e-05	-1.245088e-02	1.487229e+01
1.229000e-05	-2.173075e-02	1.494708e+01
1.230000e-05	-3.012025e-02	1.506029e+01
1.231000e-05	-2.842992e-02	1.513597e+01
1.232000e-05	-1.960599e-02	1.519023e+01
1.233000e-05	-1.623307e-02	1.525130e+01
1.234000e-05	-3.298978e-02	1.531297e+01
1.235000e-05	-3.587737e-02	1.539816e+01
1.236000e-05	-3.461047e-02	1.544176e+01
1.237000e-05	-2.103871e-02	1.551289e+01
1.238000e-05	-2.966281e-02	1.556405e+01
1.239000e-05	-3.631598e-02	1.557611e+01
1.240000e-05	-3.597695e-02	1.559773e+01
1.241000e-05	-3.131192e-02	1.561931e+01
1.242000e-05	-3.444914e-02	1.563031e+01
1.243000e-05	-5.009693e-02	1.565087e+01
1.244000e-05	-4.963129e-02	1.561142e+01
1.245000e-05	-4.668284e-02	1.567189e+01
1.246000e-05	-4.250766e-02	1.566039e+01
1.247000e-05	-5.675695e-02	1.568031e+01
1.248000e-05	-6.834160e-02	1.559984e+01
1.249000e-05	-7.415338e-02	1.562921e+01
1.250000e-05	-7.935518e-02	1.561711e+01
1.251000e-05	-9.759207e-02	1.553308e+01
1.252000e-05	-1.315385e-01	1.556200e+01
1.253000e-05	-1.690258e-01	1.546082e+01
1.254000e-05	-2.255718e-01	1.540770e+01
1.255000e-05	-2.492825e-01	1.535607e+01
1.256000e-05	-2.500000e-01	1.529242e+01
1.257000e-05	-2.500000e-01	1.523086e+01
1.258000e-05	-2.500000e-01	1.516763e+01
1.259000e-05	-2.232319e-01	1.506439e+01
1.260000e-05	-1.535293e-01	1.499876e+01
1.261000e-05	-1.115814e-01	1.489297e+01
1.262000e-05	-8.019889e-02	1.479871e+01
1.263000e-05	-5.745161e-02	1.473292e+01
1.264000e-05	-4.386337e-02	1.467018e+01
1.265000e-05	-4.177386e-02	1.451415e+01
1.266000e-05	-3.886865e-02	1.440916e+01
1.267000e-05	-2.895719e-02	1.428139e+01
1.268000e-05	-2.391120e-02	1.413450e+01
1.269000e-05	-2.433830e-02	1.396761e+01
1.270000e-05	-2.877133e-02	1.384029e+01
1.271000e-05	-2.278234e-02	1.371447e+01
1.272000e-05	-1.838061e-02	1.356807e+01
1.273000e-05	-1.700456e-02	1.341866e+01
1.274000e-05	-2.238990e-02	1.325084e+01
1.275000e-05	-2.130682e-02	1.311246e+01
1.276000e-05	-1.633305e-02	1.293297e+01
1.277000e-05	-1.407300e-02	1.273710e+01
1.278000e-05	-1.777349e-02	1.257870e+01
1.279000e-05	-2.046405e-02	1.243173e+01
1.280000e-05	-1.478998e-02	1.224181e+01
1.281000e-05	-1.187018e-02	1.208336e+01
1.282000e-05	-1.374116e-02	1.183289e+01
1.283000e-05	-1.893205e-02	1.166181e+01
1.284000e-05	-1.679021e-02	1.143976e+01
1.285000e-05	-1.228965e-02	1.119876e+01
1.286000e-05	-1.131019e-02	1.102970e+01
1.287000e-05	-1.397610e-02	1.080118e+01
1.288000e-05	-1.601448e-02	1.055965e+01
1.289000e-05	-1.022603e-02	1.032765e+01
1.290000e-05	-1.018428e-02	1.014753e+01
1.291000e-05	-1.149439e-02	9.925518e+00
1.292000e-05	-1.616419e-02	9.682341e+00
1.293000e-05	-1.224049e-02	9.441336e+00
1.294000e-05	-9.663043e-03	9.209184e+00
1.295000e-05	-9.484634e-03	8.988176e+00
1.296000e-05	-1.323218e-02	8.755645e+00
1.297000e-05	-1.309260e-02	8.496942e+00
1.298000e-05	-8.319359e-03	8.284864e+00
1.299000e-05	-7.480150e-03	8.029676e+00
1.300000e-05	-9.541377e-03	7.766091e+00
1.301000e-05	-1.294533e-02	7.473862e+00
1.302000e-05	-8.691685e-03	7.171603e+00
1.303000e-05	-8.143308e-03	6.958544e+00
1.304000e-05	-8.716354e-03	6.724910e+00
1.305000e-05	-1.183541e-02	6.378174e+00
1.306000e-05	-1.053134e-02	6.159569e+00
1.307000e-05	-6.276184e-03	5.893987e+00
1.308000e-05	-7.121118e-03	5.602701e+00
1.309000e-05	-9.273124e-03	5.327517e+00
1.310000e-05	-1.105207e-02	4.997203e+00
1.311000e-05	-7.748909e-03	4.705387e+00
1.312000e-05	-7.305013e-03	4.391704e+00
1.313000e-05	-8.168146e-03	4.125516e+00
1.314000e-05	-1.021341e-02	3.873730e+00
1.315000e-05	-8.075701e-03	3.580175e+00
1.316000e-05	-5.466168e-03	3.305834e+00
1.317000e-05	-6.113503e-03	3.021175e+00
1.318000e-05	-8.576478e-03	2.758992e+00
1.319000e-05	-8.775345e-03	2.401782e+00
1.320000e-05	-5.480041e-03	2.168471e+00
1.321000e-05	-5.560905e-03	1.873809e+00
1.322000e-05	-6.526948e-03	1.569070e+00
1.323000e-05	-9.255436e-03	1.245309e+00
1.324000e-05	-6.469977e-03	9.359634e-01
1.325000e-05	-4.277038e-03	6.332005e-01
1.326000e-05	-4.465543e-03	3.600687e-01
1.327000e-05	-5.199043e-03	5.420172e-02
1.328000e-05	-1.702112e-03	-2.394786e-01
1.329000e-05	1.244075e-02	-4.435115e-01
1.330000e-05	-3.860747e-03	-7.368972e-01
1.331000e-05	5.088899e-03	-1.021984e+00
1.332000e-05	-5.575158e-03	-1.255268e+00
1.333000e-05	3.623914e-03	-1.631058e+00
1.334000e-05	3.828828e-03	-1.862034e+00
1.335000e-05	4.216960e-02	-2.092663e+00
1.336000e-05	1.250303e-01	-2.349881e+00
1.337000e-05	-5.245766e-02	-2.757782e+00
1.338000e-05	-2.647793e-02	-3.199005e+00
1.339000e-05	-3.711853e-02	-3.470055e+00
1.340000e-05	-2.183282e-02	-3.641111e+00
1.341000e-05	-9.860486e-02	-3.935842e+00
1.342000e-05	1.183598e-01	-4.113264e+00
1.343000e-05	2.718903e-02	-4.333318e+00
1.344000e-05	-9.981908e-02	-4.703143e+00
1.345000e-05	2.018017e-01	-4.891267e+00
1.346000e-05	-1.876799e-01	-5.302035e+00
1.347000e-05	1.402832e-01	-5.559004e+00
1.348000e-05	-8.465580e-02	-5.817954e+00
1.349000e-05	-1.798668e-02	-6.135815e+00
1.350000e-05	1.455375e-01	-6.355396e+00
1.351000e-05	-1.340188e-01	-6.672639e+00
1.352000e-05	1.493730e-01	-6.945394e+00
1.353000e-05	-1.251815e-01	-7.218484e+00
1.354000e-05	5.540113e-02	-7.543769e+00
1.355000e-05	1.292846e-02	-7.755370e+00
1.356000e-05	-4.717078e-02	-8.030140e+00
1.357000e-05	1.348392e-01	-8.272213e+00
1.358000e-05	-1.208399e-01	-8.556373e+00
1.359000e-05	1.303522e-01	-8.809560e+00
1.360000e-05	-9.566791e-02	-9.020563e+00
1.361000e-05	3.422828e-02	-9.263264e+00
1.362000e-05	1.539115e-03	-9.470664e+00
1.363000e-05	2.119056e-03	-9.766923e+00
1.364000e-05	8.095164e-02	-9.954473e+00
1.365000e-05	-6.396393e-02	-1.017893e+01
1.366000e-05	8.041473e-02	-1.043011e+01
1.367000e-05	-8.191411e-02	-1.062116e+01
1.368000e-05	7.818573e-02	-1.083221e+01
1.369000e-05	-4.694534e-02	-1.101119e+01
1.370000e-05	5.273764e-02	-1.130239e+01
1.371000e-05	-7.724325e-03	-1.150330e+01
1.372000e-05	2.443991e-02	-1.175492e+01
1.373000e-05	1.101170e-02	-1.192692e+01
1.374000e-05	-1.167026e-02	-1.212738e+01
1.375000e-05	2.308798e-02	-1.230287e+01
1.376000e-05	-3.336998e-03	-1.256487e+01
1.377000e-05	4.731530e-02	-1.267127e+01
1.378000e-05	-1.189485e-02	-1.286174e+01
1.379000e-05	2.468403e-02	-1.305066e+01
1.380000e-05	-1.430964e-02	-1.318853e+01
1.381000e-05	2.904712e-02	-1.339653e+01
1.382000e-05	-1.677268e-03	-1.353539e+01
1.383000e-05	2.506431e-02	-1.367179e+01
1.384000e-05	1.017961e-02	-1.379713e+01
1.385000e-05	2.588504e-02	-1.397603e+01
1.386000e-05	9.067521e-03	-1.406292e+01
1.387000e-05	7.832565e-03	-1.423024e+01
1.388000e-05	3.267780e-03	-1.439600e+01
1.389000e-05	1.698900e-02	-1.447342e+01
1.390000e-05	2.296261e-02	-1.459766e+01
1.391000e-05	1.984189e-02	-1.472487e+01
1.392000e-05	1.791667e-02	-1.480018e+01
1.393000e-05	1.095108e-02	-1.488347e+01
1.394000e-05	2.184517e-02	-1.503774e+01
1.395000e-05	1.292459e-02	-1.510242e+01
1.396000e-05	2.010280e-02	-1.518558e+01
1.397000e-05	1.461312e-02	-1.523127e+01
1.398000e-05	2.746683e-02	-1.538508e+01
1.399000e-05	2.081517e-02	-1.535713e+01
1.400000e-05	2.046760e-02	-1.545189e+01
1.401000e-05	1.449020e-02	-1.549343e+01
1.402000e-05	2.397144e-02	-1.556653e+01
1.403000e-05	2.911954e-02	-1.561024e+01
1.404000e-05	2.801318e-02	-1.563991e+01
1.405000e-05	2.739802e-02	-1.568194e+01
1.406000e-05	2.567229e-02	-1.566295e+01
1.407000e-05	3.206594e-02	-1.571447e+01
1.408000e-05	3.066168e-02	-1.574555e+01
1.409000e-05	3.289939e-02	-1.573658e+01
1.410000e-05	3.566358e-02	-1.577655e+01
1.411000e-05	4.498316e-02	-1.577515e+01
1.412000e-05	5.067284e-02	-1.574616e+01
1.413000e-05	5.116803e-02	-1.575558e+01
1.414000e-05	5.334823e-02	-1.571202e+01
1.415000e-05	6.413486e-02	-1.567242e+01
1.416000e-05	7.909796e-02	-1.564239e+01
1.417000e-05	9.816866e-02	-1.563086e+01
1.418000e-05	1.229618e-01	-1.558866e+01
1.419000e-05	1.697882e-01	-1.552652e+01
1.420000e-05	2.313440e-01	-1.547249e+01
1.421000e-05	2.499900e-01	-1.548981e+01
1.422000e-05	2.500000e-01	-1.536861e+01
1.423000e-05	2.500000e-01	-1.531295e+01
1.424000e-05	2.499823e-01	-1.519971e+01
1.425000e-05	2.118480e-01	-1.514558e+01
1.426000e-05	1.367203e-01	-1.507141e+01
1.427000e-05	8.945130e-02	-1.495713e+01
1.428000e-05	6.408455e-02	-1.492294e+01
1.429000e-05	5.044960e-02	-1.480871e+01
1.430000e-05	3.762445e-02	-1.468392e+01
1.431000e-05	2.858203e-02	-1.456816e+01
1.432000e-05	2.326928e-02	-1.447239e+01
1.433000e-05	2.107673e-02	-1.433463e+01
1.434000e-05	1.828519e-02	-1.422928e+01
1.435000e-05	1.389347e-02	-1.407184e+01
1.436000e-05	1.127456e-02	-1.391355e+01
1.437000e-05	1.242720e-02	-1.375763e+01
1.438000e-05	1.403870e-02	-1.360776e+01
1.439000e-05	1.066656e-02	-1.351184e+01
1.440000e-05	6.906761e-03	-1.328537e+01
1.441000e-05	6.710711e-03	-1.315558e+01
1.442000e-05	9.023725e-03	-1.296961e+01
1.443000e-05	7.577685e-03	-1.281931e+01
1.444000e-05	5.378465e-03	-1.265286e+01
1.445000e-05	4.005238e-03	-1.244284e+01
1.446000e-05	5.229346e-03	-1.232397e+01
1.447000e-05	4.599492e-03	-1.210452e+01
1.448000e-05	2.677575e-03	-1.195465e+01
1.449000e-05	1.019006e-03	-1.169487e+01
1.450000e-05	2.712202e-03	-1.143199e+01
1.451000e-05	4.293037e-03	-1.124979e+01
1.452000e-05	4.148845e-03	-1.100073e+01
1.453000e-05	1.158401e-03	-1.081173e+01
1.454000e-05	5.212521e-04	-1.063071e+01
1.455000e-05	1.443496e-03	-1.039968e+01
1.456000e-05	1.375800e-03	-1.012652e+01
1.457000e-05	-8.312940e-04	-9.956475e+00
1.458000e-05	-2.078317e-03	-9.745516e+00
1.459000e-05	-1.046721e-03	-9.503345e+00
1.460000e-05	9.727506e-04	-9.263785e+00
1.461000e-05	-2.174620e-04	-9.048858e+00
1.462000e-05	-1.568767e-03	-8.800230e+00
1.463000e-05	-2.205682e-03	-8.554525e+00
1.464000e-05	-9.437898e-04	-8.264964e+00
1.465000e-05	-2.003584e-03	-8.042763e+00
1.466000e-05	-3.695304e-03	-7.817150e+00
1.467000e-05	-5.525509e-03	-7.475413e+00
1.468000e-05	-3.820597e-03	-7.270259e+00
1.469000e-05	-2.481967e-03	-6.947600e+00
1.470000e-05	-3.367852e-03	-6.694414e+00
1.471000e-05	-4.430545e-03	-6.472758e+00
1.472000e-05	-2.964539e-03	-6.178075e+00
1.473000e-05	-4.888407e-03	-5.914942e+00
1.474000e-05	-4.147261e-03	-5.591703e+00
1.475000e-05	-8.020034e-03	-5.284968e+00
1.476000e-05	-6.294472e-03	-4.990609e+00
1.477000e-05	-5.653355e-03	-4.703885e+00
1.478000e-05	-4.701543e-03	-4.453254e+00
1.479000e-05	-4.717201e-03	-4.200625e+00
1.480000e-05	-7.406773e-03	-3.895838e+00
1.481000e-05	-6.401080e-03	-3.579701e+00
1.482000e-05	-7.779099e-03	-3.328445e+00
1.483000e-05	-7.830764e-03	-3.072733e+00
1.484000e-05	-9.175638e-03	-2.777520e+00
1.485000e-05	-6.364275e-03	-2.494341e+00
1.486000e-05	-5.770454e-03	-2.158076e+00
1.487000e-05	-5.887563e-03	-1.883862e+00
1.488000e-05	-9.273071e-03	-1.620654e+00
1.489000e-05	-9.602932e-03	-1.253286e+00
1.490000e-05	-1.009853e-02	-9.578700e-01
1.491000e-05	-8.645618e-03	-7.279182e-01
1.492000e-05	-8.163128e-03	-3.996463e-01
1.493000e-05	-7.083180e-03	-8.488948e-02
1.494000e-05	2.989682e-03	1.962947e-01
1.495000e-05	1.871452e-03	4.625553e-01
1.496000e-05	-9.277367e-04	7.156855e-01
1.497000e-05	-1.642330e-03	9.988723e-01
1.498000e-05	-4.579366e-03	1.301188e+00
1.499000e-05	-1.955826e-03	1.548821e+00
1.500000e-05	1.144573e-03	1.842608e+00
1.501000e-05	2.260379e-02	2.072636e+00
1.502000e-05	9.132779e-02	2.368447e+00
1.503000e-05	6.598402e-03	2.758248e+00
1.504000e-05	-7.162526e-02	3.029486e+00
1.505000e-05	-3.333300e-02	3.314191e+00
1.506000e-05	-3.086567e-02	3.599934e+00
1.507000e-05	-4.358945e-02	3.851634e+00
1.508000e-05	-6.440251e-02	4.012034e+00
1.509000e-05	1.004089e-01	4.327297e+00
1.510000e-05	-1.085089e-02	4.641959e+00
1.511000e-05	-4.247367e-02	4.861133e+00
1.512000e-05	1.446905e-01	5.217504e+00
1.513000e-05	-1.609380e-01	5.514265e+00
1.514000e-05	7.053609e-02	5.757976e+00
1.515000e-05	-4.869211e-02	6.084612e+00
1.516000e-05	2.570781e-02	6.335262e+00
1.517000e-05	2.585397e-02	6.608979e+00
1.518000e-05	-7.142204e-02	6.841688e+00
1.519000e-05	4.970573e-02	7.124823e+00
1.520000e-05	-6.807822e-02	7.449608e+00
1.521000e-05	4.633748e-02	7.693294e+00
1.522000e-05	-6.008914e-02	8.028531e+00
1.523000e-05	2.239921e-02	8.242738e+00
1.524000e-05	2.424752e-02	8.524693e+00
1.525000e-05	-3.327068e-02	8.702792e+00
1.526000e-05	1.820493e-02	8.927946e+00
1.527000e-05	-6.542939e-02	9.189004e+00
1.528000e-05	1.596348e-02	9.419180e+00
1.529000e-05	-9.376061e-03	9.653160e+00
1.530000e-05	1.924822e-02	9.933293e+00
1.531000e-05	-2.715566e-02	1.013585e+01
1.532000e-05	-9.754976e-03	1.035545e+01
1.533000e-05	1.672597e-03	1.055755e+01
1.534000e-05	-2.316718e-02	1.078850e+01
1.535000e-05	-9.819250e-03	1.095905e+01
1.536000e-05	-2.824134e-02	1.120153e+01
1.537000e-05	1.273425e-02	1.141963e+01
1.538000e-05	-9.924057e-03	1.165314e+01
1.539000e-05	-6.665299e-03	1.186111e+01
1.540000e-05	-3.658945e-02	1.205274e+01
1.541000e-05	-7.247816e-03	1.222921e+01
1.542000e-05	-6.729577e-03	1.239953e+01
1.543000e-05	-9.187866e-04	1.258758e+01
1.544000e-05	-2.067012e-02	1.277708e+01
1.545000e-05	-2.043792e-02	1.292562e+01
1.546000e-05	-1.070708e-02	1.309332e+01
1.547000e-05	-1.414845e-02	1.327274e+01
1.548000e-05	-1.866085e-02	1.343909e+01
1.549000e-05	-2.757348e-02	1.358803e+01
1.550000e-05	-2.746298e-03	1.372437e+01
1.551000e-05	-7.491554e-03	1.385177e+01
1.552000e-05	-1.091399e-02	1.397653e+01
1.553000e-05	-3.535155e-02	1.417908e+01
1.554000e-05	-2.160478e-02	1.428387e+01
1.555000e-05	-1.559039e-02	1.444023e+01
1.556000e-05	-1.251261e-02	1.454593e+01
1.557000e-05	-2.367990e-02	1.463024e+01
1.558000e-05	-2.628893e-02	1.478647e+01
1.559000e-05	-1.329242e-02	1.486026e+01
1.560000e-05	-2.067967e-02	1.492537e+01
1.561000e-05	-2.264123e-02	1.502814e+01
1.562000e-05	-3.476183e-02	1.511189e+01
1.563000e-05	-2.000906e-02	1.516655e+01
1.564000e-05	-1.868948e-02	1.524023e+01
1.565000e-05	-2.295379e-02	1.529394e+01
1.566000e-05	-3.612767e-02	1.535807e+01
1.567000e-05	-3.580950e-02	1.543871e+01
1.568000e-05	-2.538511e-02	1.550124e+01
1.569000e-05	-2.671444e-02	1.551442e+01
1.570000e-05	-3.201725e-02	1.557500e+01
1.571000e-05	-3.956784e-02	1.558716e+01
1.572000e-05	-3.015090e-02	1.563917e+01
1.573000e-05	-3.383186e-02	1.560079e+01
1.574000e-05	-4.240783e-02	1.562072e+01
1.575000e-05	-5.109046e-02	1.563089e+01
1.576000e-05	-4.810365e-02	1.568079e+01
1.577000e-05	-4.267335e-02	1.566034e+01
1.578000e-05	-5.103363e-02	1.562236e+01
1.579000e-05	-6.254168e-02	1.567079e+01
1.580000e-05	-7.387099e-02	1.561817e+01
1.581000e-05	-7.351859e-02	1.558616e+01
1.582000e-05	-8.904912e-02	1.556608e+01
1.583000e-05	-1.134206e-01	1.555192e+01
1.584000e-05	-1.501992e-01	1.547341e+01
1.585000e-05	-1.975696e-01	1.545974e+01
1.586000e-05	-2.438759e-01	1.543753e+01
1.587000e-05	-2.500000e-01	1.531449e+01
1.588000e-05	-2.500000e-01	1.527092e+01
1.589000e-05	-2.500000e-01	1.524921e+01
1.590000e-05	-2.449550e-01	1.510455e+01
1.591000e-05	-1.866301e-01	1.501184e+01
1.592000e-05	-1.266158e-01	1.494667e+01
1.593000e-05	-9.335563e-02	1.484084e+01
1.594000e-05	-6.599997e-02	1.474710e+01
1.595000e-05	-4.849578e-02	1.467186e+01
1.596000e-05	-4.314180e-02	1.453806e+01
1.597000e-05	-3.970845e-02	1.448131e+01
1.598000e-05	-3.328480e-02	1.430455e+01
1.599000e-05	-2.498279e-02	1.418918e+01
1.600000e-05	-2.516006e-02	1.405039e+01
1.601000e-05	-2.696245e-02	1.390440e+01
1.602000e-05	-2.543406e-02	1.377665e+01
1.603000e-05	-2.006642e-02	1.361926e+01
1.604000e-05	-1.722193e-02	1.346239e+01
1.605000e-05	-2.127823e-02	1.331490e+01
1.606000e-05	-2.159141e-02	1.314558e+01
1.607000e-05	-1.976978e-02	1.298868e+01
1.608000e-05	-1.385958e-02	1.281081e+01
1.609000e-05	-1.677860e-02	1.268289e+01
1.610000e-05	-1.834205e-02	1.249294e+01
1.611000e-05	-1.752260e-02	1.236597e+01
1.612000e-05	-1.250836e-02	1.212687e+01
1.613000e-05	-1.225615e-02	1.194757e+01
1.614000e-05	-1.705999e-02	1.171660e+01
1.615000e-05	-1.739601e-02	1.155402e+01
1.616000e-05	-1.510181e-02	1.129687e+01
1.617000e-05	-1.115500e-02	1.109394e+01
1.618000e-05	-1.294944e-02	1.088544e+01
1.619000e-05	-1.458059e-02	1.069396e+01
1.620000e-05	-1.403186e-02	1.045289e+01
1.621000e-05	-1.036582e-02	1.023233e+01
1.622000e-05	-1.094642e-02	1.000881e+01
1.623000e-05	-1.378417e-02	9.777675e+00
1.624000e-05	-1.391221e-02	9.505602e+00
1.625000e-05	-1.078869e-02	9.295493e+00
1.626000e-05	-8.161212e-03	9.094919e+00
1.627000e-05	-1.179744e-02	8.823234e+00
1.628000e-05	-1.317144e-02	8.589280e+00
1.629000e-05	-1.138297e-02	8.369700e+00
1.630000e-05	-8.083408e-03	8.145468e+00
1.631000e-05	-9.260196e-03	7.892762e+00
1.632000e-05	-1.152748e-02	7.612254e+00
1.633000e-05	-1.109015e-02	7.335494e+00
1.634000e-05	-8.302394e-03	7.072259e+00
1.635000e-05	-8.550318e-03	6.800656e+00
1.636000e-05	-1.136063e-02	6.537392e+00
1.637000e-05	-1.173688e-02	6.261784e+00
1.638000e-05	-8.672541e-03	6.021129e+00
1.639000e-05	-6.985464e-03	5.774968e+00
1.640000e-05	-7.898391e-03	5.454362e+00
1.641000e-05	-1.044377e-02	5.158498e+00
1.642000e-05	-9.205549e-03	4.821283e+00
1.643000e-05	-7.247804e-03	4.565068e+00
1.644000e-05	-6.227131e-03	4.285339e+00
1.645000e-05	-9.439730e-03	3.959201e+00
1.646000e-05	-9.362378e-03	3.725863e+00
1.647000e-05	-6.341391e-03	3.443787e+00
1.648000e-05	-5.683684e-03	3.127892e+00
1.649000e-05	-7.777607e-03	2.874282e+00
1.650000e-05	-9.446709e-03	2.579771e+00
1.651000e-05	-6.699954e-03	2.304312e+00
1.652000e-05	-5.584910e-03	1.991224e+00
1.653000e-05	-4.542242e-03	1.746339e+00
1.654000e-05	-8.286110e-03	1.401678e+00
1.655000e-05	-6.773394e-03	1.125412e+00
1.656000e-05	-5.753145e-03	7.590212e-01
1.657000e-05	-4.899559e-03	4.758592e-01
1.658000e-05	-5.072966e-03	1.906003e-01
1.659000e-05	-4.210611e-03	-1.051856e-01
1.660000e-05	8.267799e-03	-3.768209e-01
1.661000e-05	2.192178e-03	-6.300064e-01
1.662000e-05	2.836688e-03	-8.951644e-01
1.663000e-05	-2.684125e-03	-1.148351e+00
1.664000e-05	1.183843e-03	-1.525169e+00
1.665000e-05	1.720012e-04	-1.744367e+00
1.666000e-05	2.126375e-02	-1.969373e+00
1.667000e-05	9.138247e-02	-2.260610e+00
1.668000e-05	5.239154e-02	-2.619351e+00
1.669000e-05	-7.724593e-02	-2.991456e+00
1.670000e-05	-4.578084e-03	-3.377374e+00
1.671000e-05	-4.502213e-02	-3.576396e+00
1.672000e-05	-4.303814e-02	-3.828406e+00
1.673000e-05	-4.526576e-02	-4.020006e+00
1.674000e-05	1.897554e-01	-4.199001e+00
1.675000e-05	-1.797370e-01	-4.552689e+00
1.676000e-05	1.633978e-01	-4.840580e+00
1.677000e-05	-3.535158e-02	-5.021063e+00
1.678000e-05	-7.347199e-02	-5.492662e+00
1.679000e-05	1.326547e-01	-5.664688e+00
1.680000e-05	-1.832090e-01	-5.966931e+00
1.681000e-05	1.879707e-01	-6.241135e+00
1.682000e-05	-8.258109e-02	-6.524743e+00
1.683000e-05	3.594827e-02	-6.819555e+00
1.684000e-05	3.892612e-02	-7.070691e+00
1.685000e-05	-1.082228e-01	-7.347425e+00
1.686000e-05	1.358446e-01	-7.621210e+00
1.687000e-05	-1.251865e-01	-7.924773e+00
1.688000e-05	1.335560e-01	-8.187451e+00
1.689000e-05	-4.254069e-02	-8.378481e+00
1.690000e-05	1.190596e-02	-8.682800e+00
1.691000e-05	5.690424e-02	-8.926372e+00
1.692000e-05	-1.045163e-01	-9.155926e+00
1.693000e-05	9.995398e-02	-9.438454e+00
1.694000e-05	-8.426342e-02	-9.621114e+00
1.695000e-05	1.256296e-01	-9.871189e+00
1.696000e-05	-5.862897e-02	-1.006027e+01
1.697000e-05	5.442293e-02	-1.031495e+01
1.698000e-05	-2.542708e-02	-1.054737e+01
1.699000e-05	3.584180e-03	-1.075805e+01
1.700000e-05	3.095391e-02	-1.097547e+01
1.701000e-05	-2.795578e-02	-1.118808e+01
1.702000e-05	5.973375e-02	-1.135753e+01
1.703000e-05	-3.185747e-02	-1.162126e+01
1.704000e-05	5.969971e-02	-1.184069e+01
1.705000e-05	-4.047146e-02	-1.207367e+01
1.706000e-05	3.853863e-02	-1.223016e+01
1.707000e-05	-1.625291e-02	-1.242016e+01
1.708000e-05	4.618022e-02	-1.262864e+01
1.709000e-05	2.624544e-03	-1.276506e+01
1.710000e-05	1.387159e-02	-1.295703e+01
1.711000e-05	-4.586363e-04	-1.311382e+01
1.712000e-05	8.336265e-03	-1.327232e+01
1.713000e-05	1.628927e-02	-1.343013e+01
1.714000e-05	6.618258e-03	-1.360858e+01
1.715000e-05	2.563421e-02	-1.374493e+01
1.716000e-05	1.177831e-02	-1.387342e+01
1.717000e-05	2.600175e-02	-1.400971e+01
1.718000e-05	-8.993866e-04	-1.414756e+01
1.719000e-05	1.159639e-02	-1.429295e+01
1.720000e-05	3.159711e-03	-1.445019e+01
1.721000e-05	2.774077e-02	-1.454608e+01
1.722000e-05	1.599677e-02	-1.470025e+01
1.723000e-05	2.343900e-02	-1.476760e+01
1.724000e-05	8.987856e-03	-1.486334e+01
1.725000e-05	1.998635e-02	-1.493713e+01
1.726000e-05	1.627984e-02	-1.505122e+01
1.727000e-05	1.691070e-02	-1.517498e+01
1.728000e-05	1.729838e-02	-1.519824e+01
1.729000e-05	2.171674e-02	-1.530437e+01
1.730000e-05	2.567468e-02	-1.533656e+01
1.731000e-05	1.776001e-02	-1.544869e+01
1.732000e-05	1.753333e-02	-1.552332e+01
1.733000e-05	1.785256e-02	-1.554508e+01
1.734000e-05	3.097056e-02	-1.557869e+01
1.735000e-05	2.813416e-02	-1.561969e+01
1.736000e-05	2.876490e-02	-1.568239e+01
1.737000e-05	2.527133e-02	-1.566449e+01
1.738000e-05	2.998186e-02	-1.573245e+01
1.739000e-05	3.066384e-02	-1.580605e+01
1.740000e-05	3.032908e-02	-1.574461e+01
1.741000e-05	3.365309e-02	-1.579610e+01
1.742000e-05	4.241967e-02	-1.574555e+01
1.743000e-05	4.946410e-02	-1.574558e+01
1.744000e-05	5.045230e-02	-1.575455e+01
1.745000e-05	5.033711e-02	-1.573398e+01
1.746000e-05	5.829669e-02	-1.570350e+01
1.747000e-05	7.180432e-02	-1.570242e+01
1.748000e-05	8.863579e-02	-1.562242e+01
1.749000e-05	1.084590e-01	-1.561764e+01
1.750000e-05	1.445264e-01	-1.557660e+01
1.751000e-05	2.048859e-01	-1.551402e+01
1.752000e-05	2.466864e-01	-1.547037e+01
1.753000e-05	2.500000e-01	-1.540733e+01
1.754000e-05	2.500000e-01	-1.536650e+01
1.755000e-05	2.500000e-01	-1.527242e+01
1.756000e-05	2.397145e-01	-1.516659e+01
1.757000e-05	1.695792e-01	-1.514192e+01
1.758000e-05	1.068841e-01	-1.500774e+01
1.759000e-05	7.388569e-02	-1.491547e+01
1.760000e-05	5.598658e-02	-1.480986e+01
1.761000e-05	4.429550e-02	-1.471602e+01
1.762000e-05	3.190084e-02	-1.461877e+01
1.763000e-05	2.541152e-02	-1.450547e+01
1.764000e-05	2.223457e-02	-1.437771e+01
1.765000e-05	1.946875e-02	-1.425092e+01
1.766000e-05	1.539494e-02	-1.414403e+01
1.767000e-05	1.184400e-02	-1.393971e+01
1.768000e-05	1.227741e-02	-1.386173e+01
1.769000e-05	1.364489e-02	-1.371542e+01
1.770000e-05	1.242649e-02	-1.353705e+01
1.771000e-05	7.691474e-03	-1.335808e+01
1.772000e-05	5.745112e-03	-1.323128e+01
1.773000e-05	7.069074e-03	-1.309234e+01
1.774000e-05	8.183957e-03	-1.288492e+01
1.775000e-05	6.399848e-03	-1.273418e+01
1.776000e-05	4.315150e-03	-1.255655e+01
1.777000e-05	4.953587e-03	-1.233619e+01
1.778000e-05	5.768248e-03	-1.220026e+01
1.779000e-05	4.114877e-03	-1.197879e+01
1.780000e-05	1.265444e-03	-1.182063e+01
1.781000e-05	1.109349e-03	-1.157818e+01
1.782000e-05	4.633460e-03	-1.136652e+01
1.783000e-05	3.793707e-03	-1.111400e+01
1.784000e-05	2.004746e-03	-1.089534e+01
1.785000e-05	3.200313e-04	-1.071404e+01
1.786000e-05	5.186164e-04	-1.049555e+01
1.787000e-05	1.578655e-03	-1.030189e+01
1.788000e-05	3.662383e-04	-1.005231e+01
1.789000e-05	-1.178458e-03	-9.851733e+00
1.790000e-05	-3.968591e-04	-9.620761e+00
1.791000e-05	6.877739e-04	-9.358025e+00
1.792000e-05	-7.178985e-04	-9.136592e+00
1.793000e-05	-2.541882e-03	-8.895868e+00
1.794000e-05	-3.779657e-03	-8.682391e+00
1.795000e-05	-2.280567e-03	-8.421329e+00
1.796000e-05	-2.036999e-04	-8.167049e+00
1.797000e-05	-1.657022e-03	-7.936072e+00
1.798000e-05	-4.226359e-03	-7.600706e+00
1.799000e-05	-3.998686e-03	-7.360147e+00
1.800000e-05	-4.403249e-03	-7.113342e+00
1.801000e-05	-3.542072e-03	-6.801703e+00
1.802000e-05	-6.110524e-03	-6.567021e+00
1.803000e-05	-4.139761e-03	-6.295492e+00
1.804000e-05	-4.481385e-03	-6.011708e+00
1.805000e-05	-2.850630e-03	-5.757546e+00
1.806000e-05	-5.796499e-03	-5.503335e+00
1.807000e-05	-6.256015e-03	-5.178597e+00
1.808000e-05	-5.683052e-03	-4.781729e+00
1.809000e-05	-4.370771e-03	-4.558518e+00
1.810000e-05	-5.545661e-03	-4.287418e+00
1.811000e-05	-6.460310e-03	-4.032730e+00
1.812000e-05	-7.735473e-03	-3.746544e+00
1.813000e-05	-6.265914e-03	-3.454312e+00
1.814000e-05	-7.581446e-03	-3.189604e+00
1.815000e-05	-7.691658e-03	-2.894412e+00
1.816000e-05	-7.547323e-03	-2.590179e+00
1.817000e-05	-5.997246e-03	-2.326387e+00
1.818000e-05	-6.361499e-03	-2.000725e+00
1.819000e-05	-7.814516e-03	-1.746520e+00
1.820000e-05	-1.037985e-02	-1.472760e+00
1.821000e-05	-1.002049e-02	-1.116338e+00
1.822000e-05	-8.428911e-03	-8.317291e-01
1.823000e-05	-8.549089e-03	-4.952644e-01
1.824000e-05	-6.672146e-03	-2.526829e-01
1.825000e-05	-3.862225e-03	3.002881e-02
1.826000e-05	9.052793e-03	3.473496e-01
1.827000e-05	-6.069255e-03	6.188761e-01
1.828000e-05	2.110226e-03	8.305279e-01
1.829000e-05	-7.360314e-03	1.136271e+00
1.830000e-05	6.067935e-04	1.428479e+00
1.831000e-05	-5.715915e-03	1.757772e+00
1.832000e-05	1.416350e-02	1.939850e+00
1.833000e-05	5.012936e-02	2.210008e+00
1.834000e-05	8.760652e-02	2.536245e+00
1.835000e-05	-7.864485e-02	2.904666e+00
1.836000e-05	-3.420193e-02	3.176901e+00
1.837000e-05	-4.556708e-02	3.433112e+00
1.838000e-05	-1.481546e-02	3.746297e+00
1.839000e-05	-8.217420e-02	3.947870e+00
1.840000e-05	1.318828e-02	4.179001e+00
1.841000e-05	1.137662e-01	4.494692e+00
1.842000e-05	-1.349004e-01	4.757430e+00
1.843000e-05	1.578740e-01	5.009601e+00
1.844000e-05	-7.064441e-02	5.358380e+00
1.845000e-05	-4.228014e-02	5.641584e+00
1.846000e-05	4.269270e-02	5.957471e+00
1.847000e-05	-5.991823e-02	6.189529e+00
1.848000e-05	8.238023e-02	6.442062e+00
1.849000e-05	-7.212975e-02	6.717429e+00
1.850000e-05	1.802708e-02	7.000580e+00
1.851000e-05	-2.122948e-02	7.285219e+00
1.852000e-05	-1.280860e-02	7.586404e+00
1.853000e-05	1.053741e-02	7.901138e+00
1.854000e-05	-4.805428e-02	8.165477e+00
1.855000e-05	5.863646e-02	8.389449e+00
1.856000e-05	-2.626170e-02	8.631033e+00
1.857000e-05	2.429865e-04	8.839083e+00
1.858000e-05	-1.912921e-02	9.093242e+00
1.859000e-05	-4.577063e-02	9.305870e+00
1.860000e-05	3.045581e-02	9.546924e+00
1.861000e-05	-1.678630e-02	9.778604e+00
1.862000e-05	1.757060e-02	1.003014e+01
1.863000e-05	-4.193528e-02	1.027008e+01
1.864000e-05	1.438097e-02	1.044124e+01
1.865000e-05	-1.957754e-02	1.071282e+01
1.866000e-05	-1.647312e-02	1.091342e+01
1.867000e-05	-1.580839e-02	1.112332e+01
1.868000e-05	-1.636280e-02	1.135390e+01
1.869000e-05	1.606101e-02	1.157492e+01
1.870000e-05	-2.023454e-02	1.173648e+01
1.871000e-05	-1.330039e-02	1.194700e+01
1.872000e-05	-3.314520e-02	1.215547e+01
1.873000e-05	3.642961e-03	1.236550e+01
1.874000e-05	-5.811272e-03	1.253590e+01
1.875000e-05	-8.039719e-03	1.267079e+01
1.876000e-05	-2.109460e-02	1.286319e+01
1.877000e-05	-1.679566e-02	1.304066e+01
1.878000e-05	-7.283439e-03	1.317851e+01
1.879000e-05	-2.408413e-02	1.333500e+01
1.880000e-05	-2.321833e-02	1.350435e+01
1.881000e-05	-1.996268e-02	1.365069e+01
1.882000e-05	2.751171e-03	1.378855e+01
1.883000e-05	-9.202669e-03	1.394490e+01
1.884000e-05	-2.375487e-02	1.407575e+01
1.885000e-05	-2.876184e-02	1.424019e+01
1.886000e-05	-1.943316e-02	1.435861e+01
1.887000e-05	-1.030236e-02	1.448230e+01
1.888000e-05	-2.322153e-02	1.460709e+01
1.889000e-05	-2.465935e-02	1.471397e+01
1.890000e-05	-2.114017e-02	1.482068e+01
1.891000e-05	-1.221458e-02	1.488287e+01
1.892000e-05	-2.093465e-02	1.496705e+01
1.893000e-05	-3.036653e-02	1.502123e+01
1.894000e-05	-2.688991e-02	1.513497e+01
1.895000e-05	-2.035698e-02	1.520168e+01
1.896000e-05	-1.752230e-02	1.527287e+01
1.897000e-05	-3.481422e-02	1.532450e+01
1.898000e-05	-3.536351e-02	1.539913e+01
1.899000e-05	-3.193686e-02	1.548081e+01
1.900000e-05	-2.125500e-02	1.552136e+01
1.901000e-05	-2.962548e-02	1.554510e+01
1.902000e-05	-3.726374e-02	1.556566e+01
1.903000e-05	-3.529023e-02	1.558731e+01
1.904000e-05	-3.207739e-02	1.562931e+01
1.905000e-05	-3.616716e-02	1.564124e+01
1.906000e-05	-5.057014e-02	1.565181e+01
1.907000e-05	-4.886473e-02	1.564087e+01
1.908000e-05	-4.554917e-02	1.563139e+01
1.909000e-05	-4.328746e-02	1.566232e+01
1.910000e-05	-5.846142e-02	1.564126e+01
1.911000e-05	-7.049428e-02	1.560974e+01
1.912000e-05	-7.413468e-02	1.558875e+01
1.913000e-05	-8.070220e-02	1.559711e+01
1.914000e-05	-9.863975e-02	1.555452e+01
1.915000e-05	-1.340089e-01	1.553239e+01
1.916000e-05	-1.717730e-01	1.544031e+01
1.917000e-05	-2.292077e-01	1.541823e+01
1.918000e-05	-2.495890e-01	1.534420e+01
1.919000e-05	-2.500000e-01	1.527137e+01
1.920000e-05	-2.500000e-01	1.521121e+01
1.921000e-05	-2.499984e-01	1.515658e+01
1.922000e-05	-2.187843e-01	1.505447e+01
1.923000e-05	-1.490390e-01	1.497833e+01
1.924000e-05	-1.087554e-01	1.490399e+01
1.925000e-05	-7.678561e-02	1.480016e+01
1.926000e-05	-5.483949e-02	1.469152e+01
1.927000e-05	-4.454221e-02	1.463919e+01
1.928000e-05	-4.227407e-02	1.449502e+01
1.929000e-05	-3.822926e-02	1.436763e+01
1.930000e-05	-2.754315e-02	1.428338e+01
1.931000e-05	-2.445016e-02	1.410597e+01
1.932000e-05	-2.537093e-02	1.397773e+01
1.933000e-05	-2.853847e-02	1.380978e+01
1.934000e-05	-2.130665e-02	1.369142e+01
1.935000e-05	-1.779164e-02	1.354702e+01
1.936000e-05	-1.711005e-02	1.336758e+01
1.937000e-05	-2.311710e-02	1.325131e+01
1.938000e-05	-2.149782e-02	1.306236e+01
1.939000e-05	-1.636953e-02	1.290550e+01
1.940000e-05	-1.445414e-02	1.274607e+01
1.941000e-05	-1.800617e-02	1.256860e+01
1.942000e-05	-2.048945e-02	1.243971e+01
1.943000e-05	-1.395996e-02	1.225978e+01
1.944000e-05	-1.239673e-02	1.207086e+01
1.945000e-05	-1.379946e-02	1.182138e+01
1.946000e-05	-1.946482e-02	1.164283e+01
1.947000e-05	-1.657884e-02	1.142028e+01
1.948000e-05	-1.094054e-02	1.115762e+01
1.949000e-05	-1.112702e-02	1.101018e+01
1.950000e-05	-1.472409e-02	1.081863e+01
1.951000e-05	-1.615290e-02	1.059810e+01
1.952000e-05	-1.067379e-02	1.035720e+01
1.953000e-05	-1.054978e-02	1.010504e+01
1.954000e-05	-1.248902e-02	9.902018e+00
1.955000e-05	-1.536987e-02	9.660261e+00
1.956000e-05	-1.111141e-02	9.430732e+00
1.957000e-05	-9.189552e-03	9.220180e+00
1.958000e-05	-1.003816e-02	8.958500e+00
1.959000e-05	-1.325947e-02	8.744144e+00
1.960000e-05	-1.267426e-02	8.474464e+00
1.961000e-05	-8.401740e-03	8.272833e+00
1.962000e-05	-8.829068e-03	7.969727e+00
1.963000e-05	-1.113443e-02	7.754998e+00
1.964000e-05	-1.150581e-02	7.421808e+00
1.965000e-05	-9.454367e-03	7.188650e+00
1.966000e-05	-7.889049e-03	6.906970e+00
1.967000e-05	-9.650007e-03	6.713360e+00
1.968000e-05	-1.170102e-02	6.367202e+00
1.969000e-05	-1.049192e-02	6.146916e+00
1.970000e-05	-6.970341e-03	5.904790e+00
1.971000e-05	-7.907480e-03	5.558100e+00
1.972000e-05	-1.020252e-02	5.314417e+00
1.973000e-05	-1.070983e-02	4.990525e+00
1.974000e-05	-6.858111e-03	4.682382e+00
1.975000e-05	-6.510378e-03	4.391153e+00
1.976000e-05	-8.203836e-03	4.095988e+00
1.977000e-05	-9.494157e-03	3.891753e+00
1.978000e-05	-8.101143e-03	3.558121e+00
1.979000e-05	-5.780507e-03	3.254457e+00
1.980000e-05	-7.118838e-03	2.999595e+00
1.981000e-05	-8.930342e-03	2.748491e+00
1.982000e-05	-8.594493e-03	2.381226e+00
1.983000e-05	-5.709697e-03	2.116938e+00
1.984000e-05	-5.192610e-03	1.894335e+00
1.985000e-05	-6.697353e-03	1.568941e+00
1.986000e-05	-7.831284e-03	1.263753e+00
1.987000e-05	-5.256011e-03	8.743571e-01
1.988000e-05	-4.930995e-03	6.421566e-01
1.989000e-05	-5.237567e-03	3.680162e-01
1.990000e-05	-5.071513e-03	1.172647e-02
1.991000e-05	-6.084674e-04	-2.295063e-01
1.992000e-05	1.132344e-02	-4.531377e-01
1.993000e-05	-3.622340e-03	-7.688761e-01
1.994000e-05	3.606805e-03	-1.052059e+00
1.995000e-05	-4.778861e-03	-1.375322e+00
1.996000e-05	4.136451e-03	-1.630479e+00
1.997000e-05	5.473832e-03	-1.882634e+00
1.998000e-05	4.565293e-02	-2.104715e+00
1.999000e-05	1.234464e-01	-2.420528e+00
2.000000e-05	-6.297482e-02	-2.797936e+00
2.001000e-05	-1.755804e-02	-3.218432e+00
2.002000e-05	-4.306683e-02	-3.483211e+00
2.003000e-05	-2.108836e-02	-3.683135e+00
2.004000e-05	-1.030163e-01	-3.938347e+00
2.005000e-05	1.436656e-01	-4.123267e+00
2.006000e-05	-1.101590e-02	-4.346772e+00
2.007000e-05	-5.866984e-02	-4.722142e+00
2.008000e-05	1.902096e-01	-4.913216e+00
2.009000e-05	-1.890098e-01	-5.274062e+00
2.010000e-05	1.599567e-01	-5.609055e+00
2.011000e-05	-1.182035e-01	-5.818055e+00
2.012000e-05	2.091097e-02	-6.125921e+00
2.013000e-05	1.185622e-01	-6.378002e+00
2.014000e-05	-1.209468e-01	-6.713220e+00
2.015000e-05	1.499302e-01	-6.936494e+00
2.016000e-05	-1.406042e-01	-7.242059e+00
2.017000e-05	8.165128e-02	-7.536925e+00
2.018000e-05	-1.498918e-02	-7.777497e+00
2.019000e-05	-2.093352e-02	-8.103735e+00
2.020000e-05	1.159679e-01	-8.252764e+00
2.021000e-05	-1.137856e-01	-8.577476e+00
2.022000e-05	1.353083e-01	-8.761139e+00
2.023000e-05	-1.125764e-01	-9.050214e+00
2.024000e-05	5.364630e-02	-9.335320e+00
2.025000e-05	-1.749404e-02	-9.493342e+00
2.026000e-05	2.660300e-02	-9.746499e+00
2.027000e-05	6.228961e-02	-9.945405e+00
2.028000e-05	-5.211422e-02	-1.018906e+01
2.029000e-05	7.161660e-02	-1.044107e+01
2.030000e-05	-7.830942e-02	-1.068274e+01
2.031000e-05	8.068833e-02	-1.085216e+01
2.032000e-05	-5.334751e-02	-1.107029e+01
2.033000e-05	6.099039e-02	-1.129539e+01
2.034000e-05	-1.655691e-02	-1.151435e+01
2.035000e-05	3.450364e-02	-1.174500e+01
2.036000e-05	-8.029230e-04	-1.196488e+01
2.037000e-05	-3.444392e-03	-1.213798e+01
2.038000e-05	1.736152e-02	-1.229545e+01
2.039000e-05	4.191220e-03	-1.252527e+01
2.040000e-05	4.212000e-02	-1.267282e+01
2.041000e-05	-1.076920e-02	-1.291174e+01
2.042000e-05	2.336433e-02	-1.300959e+01
2.043000e-05	-1.387881e-02	-1.318816e+01
2.044000e-05	2.982343e-02	-1.336548e+01
2.045000e-05	-3.485668e-03	-1.353375e+01
2.046000e-05	2.835025e-02	-1.367174e+01
2.047000e-05	8.936978e-03	-1.380911e+01
2.048000e-05	2.870451e-02	-1.398863e+01
2.049000e-05	5.514753e-03	-1.413287e+01
2.050000e-05	8.466709e-03	-1.422926e+01
2.051000e-05	3.016136e-03	-1.435515e+01
2.052000e-05	1.967899e-02	-1.449337e+01
2.053000e-05	2.157659e-02	-1.460118e+01
2.054000e-05	1.936199e-02	-1.476445e+01
2.055000e-05	1.619720e-02	-1.480924e+01
2.056000e-05	1.250408e-02	-1.490547e+01
2.057000e-05	2.195892e-02	-1.502716e+01
2.058000e-05	1.265223e-02	-1.510240e+01
2.059000e-05	2.027016e-02	-1.519863e+01
2.060000e-05	1.557933e-02	-1.526227e+01
2.061000e-05	2.748494e-02	-1.533603e+01
2.062000e-05	1.801360e-02	-1.542918e+01
2.063000e-05	1.942630e-02	-1.547124e+01
2.064000e-05	1.494054e-02	-1.554497e+01
2.065000e-05	2.639074e-02	-1.557808e+01
2.066000e-05	2.979164e-02	-1.561826e+01
2.067000e-05	2.950893e-02	-1.566082e+01
2.068000e-05	2.726927e-02	-1.565292e+01
2.069000e-05	2.701071e-02	-1.568345e+01
2.070000e-05	3.121406e-02	-1.573655e+01
2.071000e-05	3.096709e-02	-1.572557e+01
2.072000e-05	3.250006e-02	-1.575510e+01
2.073000e-05	3.615333e-02	-1.576708e+01
2.074000e-05	4.543383e-02	-1.575655e+01
2.075000e-05	5.036566e-02	-1.571555e+01
2.076000e-05	5.079852e-02	-1.570558e+01
2.077000e-05	5.473202e-02	-1.572350e+01
2.078000e-05	6.495097e-02	-1.566455e+01
2.079000e-05	8.093255e-02	-1.568287e+01
2.080000e-05	9.912209e-02	-1.560934e+01
2.081000e-05	1.251913e-01	-1.557863e+01
2.082000e-05	1.726156e-01	-1.556702e+01
2.083000e-05	2.341843e-01	-1.548537e+01
2.084000e-05	2.500000e-01	-1.545081e+01
2.085000e-05	2.500000e-01	-1.536726e+01
2.086000e-05	2.500000e-01	-1.529394e+01
2.087000e-05	2.491658e-01	-1.517924e+01
2.088000e-05	2.060546e-01	-1.515608e+01
2.089000e-05	1.323877e-01	-1.510036e+01
2.090000e-05	8.609073e-02	-1.496613e+01
2.091000e-05	6.212053e-02	-1.489294e+01
2.092000e-05	4.891632e-02	-1.480768e+01
2.093000e-05	3.712887e-02	-1.464342e+01
2.094000e-05	2.780880e-02	-1.457661e+01
2.095000e-05	2.293798e-02	-1.445182e+01
2.096000e-05	2.122756e-02	-1.431457e+01
2.097000e-05	1.851745e-02	-1.417915e+01
2.098000e-05	1.257390e-02	-1.406187e+01
2.099000e-05	1.065916e-02	-1.388244e+01
2.100000e-05	1.219472e-02	-1.375808e+01
2.101000e-05	1.417826e-02	-1.357131e+01
2.102000e-05	1.099140e-02	-1.345079e+01
2.103000e-05	6.916314e-03	-1.330444e+01
2.104000e-05	5.995309e-03	-1.312805e+01
2.105000e-05	8.974928e-03	-1.301863e+01
2.106000e-05	8.537875e-03	-1.281973e+01
2.107000e-05	4.406571e-03	-1.266031e+01
2.108000e-05	3.214191e-03	-1.245186e+01
2.109000e-05	4.759148e-03	-1.227439e+01
2.110000e-05	5.046530e-03	-1.206497e+01
2.111000e-05	3.226290e-03	-1.188340e+01
2.112000e-05	1.042161e-03	-1.169392e+01
2.113000e-05	3.385536e-03	-1.145191e+01
2.114000e-05	5.024519e-03	-1.123921e+01
2.115000e-05	3.853573e-03	-1.101770e+01
2.116000e-05	5.775762e-06	-1.080068e+01
2.117000e-05	2.242192e-04	-1.061023e+01
2.118000e-05	6.673790e-04	-1.039762e+01
2.119000e-05	2.073699e-03	-1.014702e+01
2.120000e-05	-6.986877e-04	-9.936023e+00
2.121000e-05	-1.539732e-03	-9.695970e+00
2.122000e-05	-7.163469e-04	-9.502415e+00
2.123000e-05	6.929945e-04	-9.240817e+00
2.124000e-05	-1.909244e-03	-9.029181e+00
2.125000e-05	-3.268382e-03	-8.789105e+00
2.126000e-05	-3.568551e-03	-8.507494e+00
2.127000e-05	-1.247853e-03	-8.313312e+00
2.128000e-05	-1.355156e-03	-8.032634e+00
2.129000e-05	-3.938497e-03	-7.787077e+00
2.130000e-05	-3.956841e-03	-7.464314e+00
2.131000e-05	-3.578005e-03	-7.221705e+00
2.132000e-05	-2.584961e-03	-6.925893e+00
2.133000e-05	-4.841939e-03	-6.671886e+00
2.134000e-05	-4.624640e-03	-6.411657e+00
2.135000e-05	-3.709204e-03	-6.187418e+00
2.136000e-05	-3.826692e-03	-5.862836e+00
2.137000e-05	-4.310234e-03	-5.569653e+00
2.138000e-05	-6.538148e-03	-5.274438e+00
2.139000e-05	-7.205122e-03	-5.010628e+00
2.140000e-05	-5.543504e-03	-4.654889e+00
2.141000e-05	-5.836549e-03	-4.391619e+00
2.142000e-05	-5.082075e-03	-4.199571e+00
2.143000e-05	-8.513466e-03	-3.915290e+00
2.144000e-05	-6.350366e-03	-3.590153e+00
2.145000e-05	-8.208766e-03	-3.334414e+00
2.146000e-05	-6.430700e-03	-3.053230e+00
2.147000e-05	-9.236069e-03	-2.716894e+00
2.148000e-05	-6.164092e-03	-2.481753e+00
2.149000e-05	-6.820039e-03	-2.187971e+00
2.150000e-05	-5.869664e-03	-1.873263e+00
2.151000e-05	-8.841999e-03	-1.579625e+00
2.152000e-05	-8.635224e-03	-1.233805e+00
2.153000e-05	-9.075688e-03	-9.269961e-01
2.154000e-05	-8.226120e-03	-6.837133e-01
2.155000e-05	-7.199393e-03	-3.484676e-01
2.156000e-05	-7.353806e-03	-4.438435e-02
2.157000e-05	4.646652e-03	1.593548e-01
2.158000e-05	-2.549860e-04	4.621343e-01
2.159000e-05	2.353944e-04	6.981869e-01
2.160000e-05	-2.979349e-03	9.972763e-01
2.161000e-05	-3.693702e-03	1.284609e+00
2.162000e-05	-3.376552e-03	1.669377e+00
2.163000e-05	3.956661e-03	1.873685e+00
2.164000e-05	2.521378e-02	2.092658e+00
2.165000e-05	9.635756e-02	2.367901e+00
2.166000e-05	-9.580313e-03	2.779876e+00
2.167000e-05	-6.602881e-02	3.043035e+00
2.168000e-05	-3.604220e-02	3.324744e+00
2.169000e-05	-2.757381e-02	3.610556e+00
2.170000e-05	-5.135692e-02	3.863187e+00
2.171000e-05	-5.652816e-02	4.073140e+00
2.172000e-05	1.115744e-01	4.356297e+00
2.173000e-05	-3.639991e-02	4.631133e+00
2.174000e-05	-1.277208e-02	4.932268e+00
2.175000e-05	1.221654e-01	5.222107e+00
2.176000e-05	-1.565263e-01	5.515892e+00
2.177000e-05	7.795135e-02	5.818003e+00
2.178000e-05	-5.923443e-02	6.093242e+00
2.179000e-05	3.978616e-02	6.325320e+00
2.180000e-05	1.109631e-02	6.640531e+00
2.181000e-05	-6.200890e-02	6.934294e+00
2.182000e-05	4.480678e-02	7.154900e+00
2.183000e-05	-6.876661e-02	7.430609e+00
2.184000e-05	4.881667e-02	7.725396e+00
2.185000e-05	-6.590000e-02	8.019132e+00
2.186000e-05	3.352511e-02	8.263742e+00
2.187000e-05	1.646922e-02	8.503767e+00
2.188000e-05	-3.105492e-02	8.704742e+00
2.189000e-05	1.657381e-02	9.018571e+00
2.190000e-05	-6.862221e-02	9.220057e+00
2.191000e-05	2.436323e-02	9.441108e+00
2.192000e-05	-1.511423e-02	9.703166e+00
2.193000e-05	2.502538e-02	9.914322e+00
2.194000e-05	-3.380679e-02	1.013690e+01
2.195000e-05	-5.238538e-03	1.034593e+01
2.196000e-05	-2.669579e-03	1.057748e+01
2.197000e-05	-2.390248e-02	1.078850e+01
2.198000e-05	-9.324111e-03	1.100908e+01
2.199000e-05	-2.727565e-02	1.122121e+01
2.200000e-05	1.672080e-02	1.145031e+01
2.201000e-05	-1.385325e-02	1.167364e+01
2.202000e-05	-5.235882e-03	1.186166e+01
2.203000e-05	-3.912269e-02	1.207279e+01
2.204000e-05	-4.277921e-03	1.231214e+01
2.205000e-05	-7.636801e-03	1.245026e+01
2.206000e-05	-4.988376e-04	1.257763e+01
2.207000e-05	-2.340771e-02	1.276750e+01
2.208000e-05	-1.937720e-02	1.294600e+01
2.209000e-05	-9.298509e-03	1.310337e+01
2.210000e-05	-1.464137e-02	1.329384e+01
2.211000e-05	-1.648089e-02	1.344864e+01
2.212000e-05	-2.672869e-02	1.357906e+01
2.213000e-05	1.405103e-03	1.374400e+01
2.214000e-05	-1.177717e-02	1.391321e+01
2.215000e-05	-1.417432e-02	1.401979e+01
2.216000e-05	-3.890628e-02	1.416700e+01
2.217000e-05	-2.113496e-02	1.433340e+01
2.218000e-05	-1.287292e-02	1.445026e+01
2.219000e-05	-1.114512e-02	1.452457e+01
2.220000e-05	-2.031152e-02	1.466082e+01
2.221000e-05	-2.532905e-02	1.475697e+01
2.222000e-05	-1.207397e-02	1.482031e+01
2.223000e-05	-2.311763e-02	1.494552e+01
2.224000e-05	-2.614222e-02	1.501816e+01
2.225000e-05	-3.561850e-02	1.508287e+01
2.226000e-05	-1.959897e-02	1.515910e+01
2.227000e-05	-1.740062e-02	1.525026e+01
2.228000e-05	-2.374019e-02	1.530594e+01
2.229000e-05	-3.452538e-02	1.534505e+01
2.230000e-05	-3.501458e-02	1.541871e+01
2.231000e-05	-2.360679e-02	1.549129e+01
2.232000e-05	-2.913773e-02	1.552342e+01
2.233000e-05	-3.338713e-02	1.554558e+01
2.234000e-05	-4.097779e-02	1.558615e+01
2.235000e-05	-3.074734e-02	1.561074e+01
2.236000e-05	-3.496988e-02	1.565029e+01
2.237000e-05	-4.286269e-02	1.563927e+01
2.238000e-05	-5.030651e-02	1.566137e+01
2.239000e-05	-4.695748e-02	1.566232e+01
2.240000e-05	-4.075408e-02	1.563287e+01
2.241000e-05	-5.257804e-02	1.564184e+01
2.242000e-05	-6.438963e-02	1.566034e+01
2.243000e-05	-7.525160e-02	1.562876e+01
2.244000e-05	-7.417353e-02	1.555766e+01
2.245000e-05	-9.081700e-02	1.551655e+01
2.246000e-05	-1.156436e-01	1.554292e+01
2.247000e-05	-1.529260e-01	1.553287e+01
2.248000e-05	-2.016858e-01	1.542073e+01
2.249000e-05	-2.454763e-01	1.537615e+01
2.250000e-05	-2.500000e-01	1.532307e+01
2.251000e-05	-2.500000e-01	1.527289e+01
2.252000e-05	-2.500000e-01	1.517970e+01
2.253000e-05	-2.430712e-01	1.510600e+01
2.254000e-05	-1.814319e-01	1.504024e+01
2.255000e-05	-1.255575e-01	1.492657e+01
2.256000e-05	-9.132846e-02	1.484086e+01
2.257000e-05	-6.346901e-02	1.476600e+01
2.258000e-05	-4.631024e-02	1.466981e+01
2.259000e-05	-4.314014e-02	1.459850e+01
2.260000e-05	-4.016450e-02	1.444178e+01
2.261000e-05	-3.244844e-02	1.428602e+01
2.262000e-05	-2.458214e-02	1.420721e+01
2.263000e-05	-2.470885e-02	1.403279e+01
2.264000e-05	-2.856790e-02	1.392299e+01
2.265000e-05	-2.505989e-02	1.377662e+01
2.266000e-05	-1.904547e-02	1.361068e+01
2.267000e-05	-1.521740e-02	1.346286e+01
2.268000e-05	-2.127556e-02	1.330592e+01
2.269000e-05	-2.155536e-02	1.314457e+01
2.270000e-05	-1.934944e-02	1.295813e+01
2.271000e-05	-1.442001e-02	1.279378e+01
2.272000e-05	-1.753798e-02	1.268294e+01
2.273000e-05	-1.994884e-02	1.246439e+01
2.274000e-05	-1.741785e-02	1.234506e+01
2.275000e-05	-1.201840e-02	1.211349e+01
2.276000e-05	-1.211381e-02	1.194560e+01
2.277000e-05	-1.818180e-02	1.173547e+01
2.278000e-05	-1.717120e-02	1.150450e+01
2.279000e-05	-1.266891e-02	1.129539e+01
2.280000e-05	-1.048775e-02	1.106394e+01
2.281000e-05	-1.329253e-02	1.087482e+01
2.282000e-05	-1.749396e-02	1.070241e+01
2.283000e-05	-1.236252e-02	1.042139e+01
2.284000e-05	-1.095141e-02	1.026173e+01
2.285000e-05	-8.865559e-03	9.988779e+00
2.286000e-05	-1.392298e-02	9.767599e+00
2.287000e-05	-1.297511e-02	9.515972e+00
2.288000e-05	-9.041573e-03	9.285917e+00
2.289000e-05	-1.014255e-02	9.102938e+00
2.290000e-05	-1.423260e-02	8.811734e+00
2.291000e-05	-1.701336e-02	8.569652e+00
2.292000e-05	-1.173013e-02	8.359603e+00
2.293000e-05	-5.486266e-03	8.104920e+00
2.294000e-05	-8.385495e-03	7.860807e+00
2.295000e-05	-1.129945e-02	7.569654e+00
2.296000e-05	-1.075612e-02	7.304941e+00
2.297000e-05	-7.435714e-03	7.072763e+00
2.298000e-05	-9.039374e-03	6.780631e+00
2.299000e-05	-1.318288e-02	6.544463e+00
2.300000e-05	-1.274417e-02	6.241286e+00
2.301000e-05	-7.880461e-03	5.999630e+00
2.302000e-05	-6.097308e-03	5.686465e+00
2.303000e-05	-8.407676e-03	5.452232e+00
2.304000e-05	-1.172450e-02	5.127044e+00
2.305000e-05	-7.570532e-03	4.781175e+00
2.306000e-05	-6.261605e-03	4.566942e+00
2.307000e-05	-7.006769e-03	4.264261e+00
2.308000e-05	-1.175976e-02	3.959597e+00
2.309000e-05	-9.325347e-03	3.653814e+00
2.310000e-05	-7.617310e-03	3.460732e+00
2.311000e-05	-6.678717e-03	3.117390e+00
2.312000e-05	-8.288222e-03	2.842283e+00
2.313000e-05	-8.644881e-03	2.577495e+00
2.314000e-05	-5.256654e-03	2.225282e+00
2.315000e-05	-3.360468e-03	1.990099e+00
2.316000e-05	-5.664985e-03	1.716264e+00
2.317000e-05	-8.664314e-03	1.371149e+00
2.318000e-05	-9.338225e-03	1.106807e+00
2.319000e-05	-6.913818e-03	7.584173e-01
2.320000e-05	-6.501264e-03	4.523082e-01
2.321000e-05	-5.059331e-03	1.991438e-01
2.322000e-05	-2.646159e-03	-7.621446e-02
2.323000e-05	1.161783e-02	-3.678260e-01
2.324000e-05	2.620666e-03	-6.626340e-01
2.325000e-05	3.368301e-03	-9.467709e-01
2.326000e-05	-4.318419e-03	-1.198429e+00
2.327000e-05	-7.917040e-04	-1.546746e+00
2.328000e-05	-1.368911e-03	-1.736325e+00
2.329000e-05	2.246731e-02	-1.968476e+00
2.330000e-05	1.009619e-01	-2.254485e+00
2.331000e-05	3.603254e-02	-2.628851e+00
2.332000e-05	-7.028080e-02	-3.032135e+00
2.333000e-05	-6.903544e-03	-3.387454e+00
2.334000e-05	-4.093881e-02	-3.578319e+00
2.335000e-05	-5.291985e-02	-3.841033e+00
2.336000e-05	-2.326131e-02	-4.071608e+00
2.337000e-05	1.785142e-01	-4.220483e+00
2.338000e-05	-1.863430e-01	-4.555743e+00
2.339000e-05	1.821159e-01	-4.863059e+00
2.340000e-05	-7.291491e-02	-5.082165e+00
2.341000e-05	-3.158232e-02	-5.491617e+00
2.342000e-05	1.025846e-01	-5.703141e+00
2.343000e-05	-1.730131e-01	-5.979506e+00
2.344000e-05	1.972155e-01	-6.262588e+00
2.345000e-05	-1.047218e-01	-6.514844e+00
2.346000e-05	6.272606e-02	-6.843084e+00
2.347000e-05	1.174438e-02	-7.101766e+00
2.348000e-05	-8.574141e-02	-7.459029e+00
2.349000e-05	1.283183e-01	-7.662139e+00
2.350000e-05	-1.274416e-01	-7.915322e+00
2.351000e-05	1.462895e-01	-8.199529e+00
2.352000e-05	-6.862818e-02	-8.390084e+00
2.353000e-05	3.791992e-02	-8.703720e+00
2.354000e-05	3.264888e-02	-8.957394e+00
2.355000e-05	-8.462330e-02	-9.188503e+00
2.356000e-05	9.288309e-02	-9.368528e+00
2.357000e-05	-8.049961e-02	-9.651042e+00
2.358000e-05	1.283069e-01	-9.843216e+00
2.359000e-05	-7.143875e-02	-1.010384e+01
2.360000e-05	6.729240e-02	-1.035588e+01
2.361000e-05	-4.148400e-02	-1.057747e+01
2.362000e-05	2.107016e-02	-1.077813e+01
2.363000e-05	1.753134e-02	-1.098646e+01
2.364000e-05	-1.470743e-02	-1.119851e+01
2.365000e-05	5.008625e-02	-1.138711e+01
2.366000e-05	-2.670637e-02	-1.163121e+01
2.367000e-05	5.509472e-02	-1.186069e+01
2.368000e-05	-3.975322e-02	-1.210224e+01
2.369000e-05	4.125207e-02	-1.223021e+01
2.370000e-05	-1.827996e-02	-1.242216e+01
2.371000e-05	4.999095e-02	-1.262961e+01
2.372000e-05	-2.545097e-03	-1.276586e+01
2.373000e-05	1.682017e-02	-1.298710e+01
2.374000e-05	-3.301637e-03	-1.310627e+01
2.375000e-05	1.249774e-02	-1.327390e+01
2.376000e-05	1.400549e-02	-1.345973e+01
2.377000e-05	9.512810e-03	-1.357716e+01
2.378000e-05	2.293659e-02	-1.371695e+01
2.379000e-05	1.323379e-02	-1.391395e+01
2.380000e-05	2.437185e-02	-1.402124e+01
2.381000e-05	8.697266e-04	-1.420706e+01
2.382000e-05	1.113401e-02	-1.430545e+01
2.383000e-05	4.341376e-03	-1.442879e+01
2.384000e-05	2.746617e-02	-1.459695e+01
2.385000e-05	1.524071e-02	-1.469282e+01
2.386000e-05	2.201368e-02	-1.480998e+01
2.387000e-05	8.266410e-03	-1.484339e+01
2.388000e-05	2.162788e-02	-1.493750e+01
2.389000e-05	1.530828e-02	-1.507987e+01
2.390000e-05	1.889823e-02	-1.514650e+01
2.391000e-05	1.573847e-02	-1.522974e+01
2.392000e-05	2.241471e-02	-1.529290e+01
2.393000e-05	2.409247e-02	-1.539761e+01
2.394000e-05	1.859846e-02	-1.545124e+01
2.395000e-05	1.721337e-02	-1.548284e+01
2.396000e-05	1.892549e-02	-1.554598e+01
2.397000e-05	3.027341e-02	-1.555913e+01
2.398000e-05	2.889487e-02	-1.560977e+01
2.399000e-05	2.820283e-02	-1.566139e+01
2.400000e-05	2.543574e-02	-1.569337e+01
2.401000e-05	2.966536e-02	-1.570552e+01
2.402000e-05	3.074278e-02	-1.573700e+01
2.403000e-05	3.184384e-02	-1.573655e+01
2.404000e-05	3.435772e-02	-1.577716e+01
2.405000e-05	4.264786e-02	-1.578611e+01
2.406000e-05	4.951443e-02	-1.575463e+01
2.407000e-05	5.081743e-02	-1.576410e+01
2.408000e-05	5.117788e-02	-1.569507e+01
2.409000e-05	5.936604e-02	-1.570392e+01
2.410000e-05	7.322712e-02	-1.564297e+01
2.411000e-05	9.140262e-02	-1.563294e+01
2.412000e-05	1.115680e-01	-1.558014e+01
2.413000e-05	1.483286e-01	-1.557908e+01
2.414000e-05	2.093266e-01	-1.550350e+01
2.415000e-05	2.474502e-01	-1.547132e+01
2.416000e-05	2.500000e-01	-1.538771e+01
2.417000e-05	2.500000e-01	-1.534608e+01
2.418000e-05	2.500000e-01	-1.525295e+01
2.419000e-05	2.359631e-01	-1.520770e+01
2.420000e-05	1.643772e-01	-1.508234e+01
2.421000e-05	1.037492e-01	-1.501921e+01
2.422000e-05	7.170516e-02	-1.489497e+01
2.423000e-05	5.371407e-02	-1.479886e+01
2.424000e-05	4.295973e-02	-1.472460e+01
2.425000e-05	3.096449e-02	-1.459921e+01
2.426000e-05	2.450825e-02	-1.449550e+01
2.427000e-05	2.165908e-02	-1.435721e+01
2.428000e-05	1.980357e-02	-1.420181e+01
2.429000e-05	1.502560e-02	-1.410450e+01
2.430000e-05	1.083419e-02	-1.395715e+01
2.431000e-05	1.179985e-02	-1.377031e+01
2.432000e-05	1.336406e-02	-1.368537e+01
2.433000e-05	1.242465e-02	-1.350552e+01
2.434000e-05	7.702016e-03	-1.337710e+01
2.435000e-05	6.076366e-03	-1.318966e+01
2.436000e-05	5.979041e-03	-1.307131e+01
2.437000e-05	7.743855e-03	-1.289484e+01
2.438000e-05	6.224176e-03	-1.271158e+01
2.439000e-05	4.500528e-03	-1.252555e+01
2.440000e-05	4.731617e-03	-1.235960e+01
2.441000e-05	5.583102e-03	-1.220921e+01
2.442000e-05	3.503714e-03	-1.199820e+01
2.443000e-05	1.321755e-03	-1.180615e+01
2.444000e-05	1.441124e-03	-1.155863e+01
2.445000e-05	4.595595e-03	-1.129657e+01
2.446000e-05	4.047345e-03	-1.108494e+01
2.447000e-05	2.409236e-03	-1.087344e+01
2.448000e-05	-2.324449e-04	-1.069382e+01
2.449000e-05	4.160096e-04	-1.051437e+01
2.450000e-05	1.454098e-03	-1.026036e+01
2.451000e-05	4.410050e-04	-1.001076e+01
2.452000e-05	-1.571618e-03	-9.820179e+00
2.453000e-05	-1.016590e-03	-9.590179e+00
2.454000e-05	4.497380e-04	-9.338597e+00
2.455000e-05	-9.304505e-04	-9.065992e+00
2.456000e-05	-2.948045e-03	-8.873888e+00
2.457000e-05	-3.382494e-03	-8.682334e+00
2.458000e-05	-1.213985e-03	-8.368553e+00
2.459000e-05	-1.024965e-03	-8.146472e+00
2.460000e-05	-2.007588e-03	-7.932918e+00
2.461000e-05	-4.617044e-03	-7.610132e+00
2.462000e-05	-3.794026e-03	-7.358047e+00
2.463000e-05	-3.775526e-03	-7.085307e+00
2.464000e-05	-3.058705e-03	-6.738652e+00
2.465000e-05	-6.259195e-03	-6.537023e+00
2.466000e-05	-4.304734e-03	-6.285388e+00
2.467000e-05	-5.476692e-03	-5.990254e+00
2.468000e-05	-2.901395e-03	-5.743947e+00
2.469000e-05	-6.701556e-03	-5.441782e+00
2.470000e-05	-5.320238e-03	-5.145990e+00
2.471000e-05	-7.009102e-03	-4.799683e+00
2.472000e-05	-3.721257e-03	-4.523992e+00
2.473000e-05	-5.649921e-03	-4.294888e+00
2.474000e-05	-7.108597e-03	-4.008805e+00
2.475000e-05	-7.562622e-03	-3.695047e+00
2.476000e-05	-7.067969e-03	-3.463781e+00
2.477000e-05	-7.939498e-03	-3.188726e+00
2.478000e-05	-7.894205e-03	-2.832258e+00
2.479000e-05	-7.203411e-03	-2.580520e+00
2.480000e-05	-5.523062e-03	-2.347388e+00
2.481000e-05	-5.716745e-03	-2.020047e+00
2.482000e-05	-8.405589e-03	-1.735942e+00
2.483000e-05	-9.825977e-03	-1.431730e+00
2.484000e-05	-1.017634e-02	-1.065338e+00
2.485000e-05	-7.705062e-03	-7.801514e-01
2.486000e-05	-8.923628e-03	-4.963932e-01
2.487000e-05	-8.364522e-03	-2.522029e-01
2.488000e-05	-1.858613e-03	5.210639e-02
2.489000e-05	8.276151e-03	3.678185e-01
2.490000e-05	-5.761768e-03	5.883998e-01
2.491000e-05	1.310403e-03	8.426115e-01
2.492000e-05	-6.733356e-03	1.149424e+00
2.493000e-05	3.472190e-04	1.430559e+00
2.494000e-05	-5.188511e-03	1.759350e+00
2.495000e-05	1.387570e-02	1.979950e+00
2.496000e-05	5.722741e-02	2.221031e+00
2.497000e-05	7.879482e-02	2.610296e+00
2.498000e-05	-8.140172e-02	2.894688e+00
2.499000e-05	-3.305553e-02	3.179503e+00
2.500000e-05	-4.467969e-02	3.525234e+00
2.501000e-05	-1.650209e-02	3.776820e+00
2.502000e-05	-8.190250e-02	3.936347e+00
2.503000e-05	2.837417e-02	4.228052e+00
2.504000e-05	1.016938e-01	4.535343e+00
2.505000e-05	-1.348293e-01	4.808948e+00
2.506000e-05	1.716694e-01	5.052635e+00
2.507000e-05	-9.913082e-02	5.409509e+00
2.508000e-05	-1.928843e-02	5.672610e+00
2.509000e-05	2.658030e-02	5.977900e+00
2.510000e-05	-4.793068e-02	6.178556e+00
2.511000e-05	7.995096e-02	6.453188e+00
2.512000e-05	-7.928746e-02	6.767480e+00
2.513000e-05	2.799774e-02	7.011109e+00
2.514000e-05	-3.367748e-02	7.304817e+00
2.515000e-05	6.464297e-04	7.600626e+00
2.516000e-05	-1.597030e-03	7.893264e+00
2.517000e-05	-3.864398e-02	8.169026e+00
2.518000e-05	5.517587e-02	8.428428e+00
2.519000e-05	-3.075113e-02	8.600104e+00
2.520000e-05	5.314572e-03	8.851660e+00
2.521000e-05	-2.750418e-02	9.123268e+00
2.522000e-05	-3.627846e-02	9.325491e+00
2.523000e-05	2.663825e-02	9.557529e+00
2.524000e-05	-1.153869e-02	9.819105e+00
2.525000e-05	1.111584e-02	1.007016e+01
2.526000e-05	-4.005924e-02	1.025118e+01
2.527000e-05	1.277812e-02	1.049332e+01
2.528000e-05	-2.058901e-02	1.070482e+01
2.529000e-05	-1.439702e-02	1.089584e+01
2.530000e-05	-1.815831e-02	1.109532e+01
2.531000e-05	-1.168157e-02	1.137547e+01
2.532000e-05	1.336073e-02	1.155793e+01
2.533000e-05	-1.807245e-02	1.174858e+01
2.534000e-05	-1.747031e-02	1.194648e+01
2.535000e-05	-2.973590e-02	1.214545e+01
2.536000e-05	1.949089e-03	1.236515e+01
2.537000e-05	-3.783119e-03	1.253595e+01
2.538000e-05	-1.270506e-02	1.271429e+01
2.539000e-05	-2.184960e-02	1.287234e+01
2.540000e-05	-1.713177e-02	1.303973e+01
2.541000e-05	-5.951142e-03	1.324956e+01
2.542000e-05	-2.157861e-02	1.336550e+01
2.543000e-05	-2.157821e-02	1.354437e+01
2.544000e-05	-1.617102e-02	1.365279e+01
2.545000e-05	-7.279441e-04	1.379969e+01
2.546000e-05	-9.840338e-03	1.397500e+01
2.547000e-05	-2.927340e-02	1.407490e+01
2.548000e-05	-2.773539e-02	1.425081e+01
2.549000e-05	-1.997768e-02	1.439659e+01
2.550000e-05	-6.889317e-03	1.449194e+01
2.551000e-05	-2.228613e-02	1.461060e+01
2.552000e-05	-2.374452e-02	1.473489e+01
2.553000e-05	-2.056494e-02	1.477913e+01
2.554000e-05	-1.383886e-02	1.490427e+01
2.555000e-05	-2.280368e-02	1.493753e+01
2.556000e-05	-3.265686e-02	1.508076e+01
2.557000e-05	-2.518699e-02	1.512495e+01
2.558000e-05	-1.927126e-02	1.520068e+01
2.559000e-05	-1.697385e-02	1.525239e+01
2.560000e-05	-3.463434e-02	1.535297e+01
2.561000e-05	-3.538300e-02	1.543856e+01
2.562000e-05	-3.148023e-02	1.545131e+01
2.563000e-05	-2.278732e-02	1.548139e+01
2.564000e-05	-3.014423e-02	1.557347e+01
2.565000e-05	-3.820055e-02	1.554803e+01
2.566000e-05	-3.539230e-02	1.558921e+01
2.567000e-05	-3.211356e-02	1.560969e+01
2.568000e-05	-3.678247e-02	1.564079e+01
2.569000e-05	-4.936845e-02	1.562126e+01
2.570000e-05	-4.812178e-02	1.567187e+01
2.571000e-05	-4.443343e-02	1.564379e+01
2.572000e-05	-4.357203e-02	1.567231e+01
2.573000e-05	-6.053753e-02	1.562279e+01
2.574000e-05	-7.208130e-02	1.560936e+01
2.575000e-05	-7.535709e-02	1.557876e+01
2.576000e-05	-8.157412e-02	1.558613e+01
2.577000e-05	-9.968359e-02	1.551447e+01
2.578000e-05	-1.359594e-01	1.552445e+01
2.579000e-05	-1.748950e-01	1.548079e+01
2.580000e-05	-2.316562e-01	1.539858e+01
2.581000e-05	-2.499997e-01	1.529510e+01
2.582000e-05	-2.500000e-01	1.526344e+01
2.583000e-05	-2.500000e-01	1.520828e+01
2.584000e-05	-2.499870e-01	1.515810e+01
2.585000e-05	-2.133669e-01	1.503094e+01
2.586000e-05	-1.443880e-01	1.498810e+01
2.587000e-05	-1.057515e-01	1.486447e+01
2.588000e-05	-7.412717e-02	1.478863e+01
2.589000e-05	-5.264165e-02	1.472349e+01
2.590000e-05	-4.263224e-02	1.458868e+01
2.591000e-05	-4.175284e-02	1.448392e+01
2.592000e-05	-3.861116e-02	1.440818e+01
2.593000e-05	-2.792091e-02	1.422028e+01
2.594000e-05	-2.465119e-02	1.411550e+01
2.595000e-05	-2.471654e-02	1.396715e+01
2.596000e-05	-2.903170e-02	1.384876e+01
2.597000e-05	-2.070378e-02	1.364392e+01
2.598000e-05	-1.657814e-02	1.352555e+01
2.599000e-05	-1.676939e-02	1.339760e+01
2.600000e-05	-2.310758e-02	1.321079e+01
2.601000e-05	-2.114825e-02	1.305183e+01
2.602000e-05	-1.585606e-02	1.290402e+01
2.603000e-05	-1.648649e-02	1.273452e+01
2.604000e-05	-1.886671e-02	1.257853e+01
2.605000e-05	-2.048330e-02	1.239921e+01
2.606000e-05	-1.245528e-02	1.223028e+01
2.607000e-05	-1.141326e-02	1.204068e+01
2.608000e-05	-1.346574e-02	1.183133e+01
2.609000e-05	-1.828781e-02	1.160833e+01
2.610000e-05	-1.620005e-02	1.138870e+01
2.611000e-05	-1.190012e-02	1.115817e+01
2.612000e-05	-1.270562e-02	1.096965e+01
2.613000e-05	-1.495374e-02	1.075922e+01
2.614000e-05	-1.644849e-02	1.056712e+01
2.615000e-05	-1.033145e-02	1.030514e+01
2.616000e-05	-9.841722e-03	1.009549e+01
2.617000e-05	-1.089897e-02	9.904863e+00
2.618000e-05	-1.489175e-02	9.633313e+00
2.619000e-05	-1.203841e-02	9.389203e+00
2.620000e-05	-9.568380e-03	9.199098e+00
2.621000e-05	-1.160371e-02	8.946997e+00
2.622000e-05	-1.393287e-02	8.716089e+00
2.623000e-05	-1.282129e-02	8.463411e+00
2.624000e-05	-7.210449e-03	8.250257e+00
2.625000e-05	-7.374195e-03	7.958199e+00
2.626000e-05	-1.001547e-02	7.704441e+00
2.627000e-05	-1.283042e-02	7.481756e+00
2.628000e-05	-9.189947e-03	7.149570e+00
2.629000e-05	-8.519514e-03	6.953870e+00
2.630000e-05	-9.673430e-03	6.653284e+00
2.631000e-05	-1.292992e-02	6.356570e+00
2.632000e-05	-1.060648e-02	6.125365e+00
2.633000e-05	-6.917857e-03	5.893858e+00
2.634000e-05	-7.424151e-03	5.589172e+00
2.635000e-05	-9.882892e-03	5.275388e+00
2.636000e-05	-1.033525e-02	4.946071e+00
2.637000e-05	-7.384455e-03	4.693234e+00
2.638000e-05	-7.126849e-03	4.400178e+00
2.639000e-05	-8.810237e-03	4.123959e+00
2.640000e-05	-1.078866e-02	3.800201e+00
2.641000e-05	-7.775532e-03	3.559069e+00
2.642000e-05	-5.764772e-03	3.281306e+00
2.643000e-05	-6.491112e-03	2.970046e+00
2.644000e-05	-9.451625e-03	2.726365e+00
2.645000e-05	-8.216250e-03	2.390969e+00
2.646000e-05	-6.419997e-03	2.113862e+00
2.647000e-05	-5.038734e-03	1.833233e+00
2.648000e-05	-7.863049e-03	1.526391e+00
2.649000e-05	-7.921030e-03	1.232699e+00
2.650000e-05	-7.013976e-03	8.743807e-01
2.651000e-05	-4.986653e-03	5.805489e-01
2.652000e-05	-4.943891e-03	3.789411e-01
2.653000e-05	-4.517618e-03	2.175277e-02
2.654000e-05	1.109125e-03	-2.519814e-01
2.655000e-05	1.109377e-02	-5.026628e-01
2.656000e-05	-2.982005e-03	-7.620311e-01
2.657000e-05	3.821266e-03	-1.062113e+00
2.658000e-05	-5.011543e-03	-1.396929e+00
2.659000e-05	1.741316e-03	-1.642508e+00
2.660000e-05	7.512603e-03	-1.884187e+00
2.661000e-05	5.171064e-02	-2.146217e+00
2.662000e-05	1.185276e-01	-2.441584e+00
2.663000e-05	-7.309978e-02	-2.833136e+00
2.664000e-05	-1.174623e-02	-3.272060e+00
2.665000e-05	-4.637879e-02	-3.474164e+00
2.666000e-05	-2.006278e-02	-3.715263e+00
2.667000e-05	-1.049524e-01	-3.969949e+00
2.668000e-05	1.641743e-01	-4.124867e+00
2.669000e-05	-4.909028e-02	-4.348876e+00
2.670000e-05	-1.422065e-02	-4.763800e+00
2.671000e-05	1.706821e-01	-4.915846e+00
2.672000e-05	-1.894263e-01	-5.324242e+00
2.673000e-05	1.730201e-01	-5.652105e+00
2.674000e-05	-1.441409e-01	-5.871484e+00
2.675000e-05	5.842509e-02	-6.157950e+00
2.676000e-05	8.579301e-02	-6.398501e+00
2.677000e-05	-1.033227e-01	-6.743742e+00
2.678000e-05	1.460595e-01	-6.957578e+00
2.679000e-05	-1.498708e-01	-7.252662e+00
2.680000e-05	1.020005e-01	-7.545323e+00
2.681000e-05	-4.242759e-02	-7.788929e+00
2.682000e-05	6.435598e-03	-8.083263e+00
2.683000e-05	9.568048e-02	-8.283717e+00
2.684000e-05	-1.030612e-01	-8.568055e+00
2.685000e-05	1.363698e-01	-8.861210e+00
2.686000e-05	-1.242096e-01	-9.082136e+00
2.687000e-05	7.334223e-02	-9.325771e+00
2.688000e-05	-3.892412e-02	-9.515318e+00
2.689000e-05	4.644833e-02	-9.809054e+00
2.690000e-05	3.926958e-02	-9.975980e+00
2.691000e-05	-3.599888e-02	-1.023809e+01
2.692000e-05	5.973081e-02	-1.046214e+01
2.693000e-05	-6.975611e-02	-1.068222e+01
2.694000e-05	8.034673e-02	-1.088322e+01
2.695000e-05	-5.585541e-02	-1.110324e+01
2.696000e-05	6.823118e-02	-1.132485e+01
2.697000e-05	-2.572688e-02	-1.155480e+01
2.698000e-05	4.295857e-02	-1.177796e+01
2.699000e-05	-1.084851e-02	-1.198645e+01
2.700000e-05	5.994142e-03	-1.215703e+01
2.701000e-05	1.085166e-02	-1.235588e+01
2.702000e-05	1.192996e-02	-1.254492e+01
2.703000e-05	3.672110e-02	-1.269180e+01
2.704000e-05	-7.014090e-03	-1.290427e+01
2.705000e-05	2.035567e-02	-1.306069e+01
2.706000e-05	-1.145296e-02	-1.320111e+01
2.707000e-05	2.851395e-02	-1.336660e+01
2.708000e-05	-3.611800e-03	-1.353342e+01
2.709000e-05	2.841716e-02	-1.368274e+01
2.710000e-05	7.239856e-03	-1.384971e+01
2.711000e-05	2.959009e-02	-1.399806e+01
2.712000e-05	3.251195e-03	-1.410240e+01
2.713000e-05	1.008850e-02	-1.426184e+01
2.714000e-05	1.089215e-03	-1.439748e+01
2.715000e-05	2.224602e-02	-1.450693e+01
2.716000e-05	2.043899e-02	-1.462871e+01
2.717000e-05	2.003156e-02	-1.476598e+01
2.718000e-05	1.433472e-02	-1.483128e+01
2.719000e-05	1.362211e-02	-1.491493e+01
2.720000e-05	2.125658e-02	-1.500758e+01
2.721000e-05	1.362773e-02	-1.512192e+01
2.722000e-05	2.004893e-02	-1.515608e+01
2.723000e-05	1.657963e-02	-1.530292e+01
2.724000e-05	2.883246e-02	-1.534697e+01
2.725000e-05	1.802308e-02	-1.541021e+01
2.726000e-05	1.913659e-02	-1.546272e+01
2.727000e-05	1.460658e-02	-1.556492e+01
2.728000e-05	2.680939e-02	-1.556963e+01
2.729000e-05	2.955937e-02	-1.562971e+01
2.730000e-05	2.850646e-02	-1.565089e+01
2.731000e-05	2.697893e-02	-1.567286e+01
2.732000e-05	2.728570e-02	-1.566345e+01
2.733000e-05	3.138364e-02	-1.572337e+01
2.734000e-05	3.001638e-02	-1.573658e+01
2.735000e-05	3.283142e-02	-1.576665e+01
2.736000e-05	3.734778e-02	-1.576806e+01
2.737000e-05	4.755338e-02	-1.574813e+01
2.738000e-05	5.074546e-02	-1.571688e+01
2.739000e-05	5.073935e-02	-1.574460e+01
2.740000e-05	5.511903e-02	-1.568550e+01
2.741000e-05	6.633390e-02	-1.567492e+01
2.742000e-05	8.223178e-02	-1.563144e+01
2.743000e-05	1.003042e-01	-1.562079e+01
2.744000e-05	1.277910e-01	-1.559868e+01
2.745000e-05	1.785715e-01	-1.559702e+01
2.746000e-05	2.368511e-01	-1.545189e+01
2.747000e-05	2.500000e-01	-1.541918e+01
2.748000e-05	2.500000e-01	-1.538560e+01
2.749000e-05	2.500000e-01	-1.527439e+01
2.750000e-05	2.488245e-01	-1.518126e+01
2.751000e-05	2.008304e-01	-1.511405e+01
2.752000e-05	1.276849e-01	-1.503031e+01
2.753000e-05	8.423033e-02	-1.497653e+01
2.754000e-05	6.127004e-02	-1.484192e+01
2.755000e-05	4.601346e-02	-1.475816e+01
2.756000e-05	3.551734e-02	-1.469331e+01
2.757000e-05	2.662938e-02	-1.454753e+01
2.758000e-05	2.370196e-02	-1.444086e+01
2.759000e-05	2.114235e-02	-1.433347e+01
2.760000e-05	1.796541e-02	-1.419561e+01
2.761000e-05	1.212697e-02	-1.407283e+01
2.762000e-05	1.175821e-02	-1.391487e+01
2.763000e-05	1.273518e-02	-1.376695e+01
2.764000e-05	1.275882e-02	-1.359971e+01
2.765000e-05	9.075408e-03	-1.350036e+01
2.766000e-05	6.311049e-03	-1.329439e+01
2.767000e-05	7.040431e-03	-1.314605e+01
2.768000e-05	8.149835e-03	-1.297815e+01
2.769000e-05	7.742480e-03	-1.282876e+01
2.770000e-05	4.821448e-03	-1.266028e+01
2.771000e-05	4.899996e-03	-1.243126e+01
2.772000e-05	5.392639e-03	-1.225336e+01
2.773000e-05	4.526398e-03	-1.208294e+01
2.774000e-05	2.189906e-03	-1.191292e+01
2.775000e-05	9.613877e-04	-1.168184e+01
2.776000e-05	2.761755e-03	-1.143126e+01
2.777000e-05	3.923078e-03	-1.118725e+01
2.778000e-05	3.558257e-03	-1.098965e+01
2.779000e-05	1.041251e-03	-1.077963e+01
2.780000e-05	2.938617e-04	-1.062975e+01
2.781000e-05	9.564179e-04	-1.036868e+01
2.782000e-05	7.586599e-04	-1.011537e+01
2.783000e-05	-4.888573e-04	-9.885045e+00
2.784000e-05	-9.695079e-04	-9.744842e+00
2.785000e-05	3.147559e-04	-9.452936e+00
2.786000e-05	-1.800948e-04	-9.221309e+00
2.787000e-05	-1.799766e-03	-9.000104e+00
2.788000e-05	-3.047755e-03	-8.779176e+00
2.789000e-05	-2.318812e-03	-8.513520e+00
2.790000e-05	-1.579586e-03	-8.244358e+00
2.791000e-05	-1.888075e-03	-8.039156e+00
2.792000e-05	-3.810375e-03	-7.765992e+00
2.793000e-05	-3.810547e-03	-7.453287e+00
2.794000e-05	-4.079882e-03	-7.138704e+00
2.795000e-05	-3.923877e-03	-6.876495e+00
2.796000e-05	-5.340170e-03	-6.661858e+00
2.797000e-05	-4.221346e-03	-6.442178e+00
2.798000e-05	-3.500920e-03	-6.116518e+00
2.799000e-05	-4.395519e-03	-5.872807e+00
2.800000e-05	-4.845050e-03	-5.559618e+00
2.801000e-05	-6.474930e-03	-5.254785e+00
2.802000e-05	-6.264768e-03	-4.999125e+00
2.803000e-05	-5.258660e-03	-4.632760e+00
2.804000e-05	-5.882948e-03	-4.389049e+00
2.805000e-05	-5.878262e-03	-4.157049e+00
2.806000e-05	-6.382124e-03	-3.864858e+00
2.807000e-05	-7.104374e-03	-3.570571e+00
2.808000e-05	-9.028936e-03	-3.325341e+00
2.809000e-05	-7.037853e-03	-3.031153e+00
2.810000e-05	-8.088052e-03	-2.723462e+00
2.811000e-05	-5.588759e-03	-2.432174e+00
2.812000e-05	-6.860862e-03	-2.115538e+00
2.813000e-05	-6.940261e-03	-1.854230e+00
2.814000e-05	-9.380913e-03	-1.590043e+00
2.815000e-05	-9.396301e-03	-1.253150e+00
2.816000e-05	-8.915111e-03	-9.388648e-01
2.817000e-05	-9.268493e-03	-6.738866e-01
2.818000e-05	-6.695906e-03	-3.579424e-01
2.819000e-05	-5.863259e-03	-4.481046e-02
2.820000e-05	5.726971e-03	2.293774e-01
2.821000e-05	-2.933163e-03	5.011143e-01
2.822000e-05	7.655628e-05	7.482921e-01
2.823000e-05	-4.383470e-03	1.039877e+00
2.824000e-05	-2.167908e-03	1.323763e+00
2.825000e-05	-3.804823e-03	1.622481e+00
2.826000e-05	5.181622e-03	1.945213e+00
2.827000e-05	2.756404e-02	2.095139e+00
2.828000e-05	9.960828e-02	2.400460e+00
2.829000e-05	-2.439337e-02	2.737430e+00
2.830000e-05	-6.075298e-02	3.063663e+00
2.831000e-05	-3.817107e-02	3.367375e+00
2.832000e-05	-2.473990e-02	3.651512e+00
2.833000e-05	-5.822377e-02	3.914184e+00
2.834000e-05	-4.895367e-02	4.075164e+00
2.835000e-05	1.207453e-01	4.358456e+00
2.836000e-05	-6.170751e-02	4.672689e+00
2.837000e-05	1.927358e-02	4.913917e+00
2.838000e-05	9.448078e-02	5.273061e+00
2.839000e-05	-1.472634e-01	5.577350e+00
2.840000e-05	8.071284e-02	5.842055e+00
2.841000e-05	-6.679109e-02	6.104766e+00
2.842000e-05	5.306477e-02	6.324820e+00
2.843000e-05	-4.990501e-03	6.692160e+00
2.844000e-05	-5.108118e-02	6.914269e+00
2.845000e-05	3.737249e-02	7.158053e+00
2.846000e-05	-6.457968e-02	7.462215e+00
2.847000e-05	4.891110e-02	7.735399e+00
2.848000e-05	-6.937046e-02	8.039618e+00
2.849000e-05	4.203241e-02	8.284293e+00
2.850000e-05	9.173601e-03	8.505321e+00
2.851000e-05	-2.713357e-02	8.734373e+00
2.852000e-05	1.423935e-02	9.017002e+00
2.853000e-05	-7.109912e-02	9.230656e+00
2.854000e-05	3.016584e-02	9.440112e+00
2.855000e-05	-1.963194e-02	9.745321e+00
2.856000e-05	2.841641e-02	9.933925e+00
2.857000e-05	-3.830106e-02	1.013800e+01
2.858000e-05	9.720892e-04	1.035863e+01
2.859000e-05	-5.161325e-03	1.059861e+01
2.860000e-05	-2.202145e-02	1.080958e+01
2.861000e-05	-1.042222e-02	1.104854e+01
2.862000e-05	-2.878123e-02	1.127011e+01
2.863000e-05	1.882980e-02	1.143226e+01
2.864000e-05	-1.575698e-02	1.168324e+01
2.865000e-05	-3.430353e-03	1.189427e+01
2.866000e-05	-4.005382e-02	1.205324e+01
2.867000e-05	-3.764229e-04	1.228174e+01
2.868000e-05	-8.554933e-03	1.247272e+01
2.869000e-05	-2.283340e-03	1.260013e+01
2.870000e-05	-2.240015e-02	1.280915e+01
2.871000e-05	-1.982164e-02	1.294643e+01
2.872000e-05	-7.118815e-03	1.314389e+01
2.873000e-05	-1.746791e-02	1.330187e+01
2.874000e-05	-1.767722e-02	1.345781e+01
2.875000e-05	-2.808980e-02	1.358959e+01
2.876000e-05	4.090561e-04	1.371405e+01
2.877000e-05	-1.032695e-02	1.387132e+01
2.878000e-05	-1.549123e-02	1.400966e+01
2.879000e-05	-3.572422e-02	1.418205e+01
2.880000e-05	-2.095220e-02	1.435600e+01
2.881000e-05	-1.259444e-02	1.446067e+01
2.882000e-05	-1.471113e-02	1.454398e+01
2.883000e-05	-2.361997e-02	1.467234e+01
2.884000e-05	-2.566839e-02	1.476653e+01
2.885000e-05	-1.174804e-02	1.485124e+01
2.886000e-05	-2.109686e-02	1.492587e+01
2.887000e-05	-2.512229e-02	1.502823e+01
2.888000e-05	-3.435928e-02	1.506292e+01
2.889000e-05	-1.965408e-02	1.517856e+01
2.890000e-05	-1.888914e-02	1.522074e+01
2.891000e-05	-2.615396e-02	1.527344e+01
2.892000e-05	-3.594301e-02	1.531763e+01
2.893000e-05	-3.575007e-02	1.543069e+01
2.894000e-05	-2.195663e-02	1.551034e+01
2.895000e-05	-2.803113e-02	1.554392e+01
2.896000e-05	-3.322802e-02	1.555660e+01
2.897000e-05	-3.970560e-02	1.558713e+01
2.898000e-05	-3.044959e-02	1.558972e+01
2.899000e-05	-3.472183e-02	1.561973e+01
2.900000e-05	-4.475995e-02	1.567186e+01
2.901000e-05	-5.114103e-02	1.561231e+01
2.902000e-05	-4.787227e-02	1.566179e+01
2.903000e-05	-4.081549e-02	1.568237e+01
2.904000e-05	-5.385755e-02	1.563981e+01
2.905000e-05	-6.481767e-02	1.565124e+01
2.906000e-05	-7.454303e-02	1.556874e+01
2.907000e-05	-7.461063e-02	1.560921e+01
2.908000e-05	-9.143764e-02	1.555613e+01
2.909000e-05	-1.197197e-01	1.553352e+01
2.910000e-05	-1.572012e-01	1.549286e+01
2.911000e-05	-2.076036e-01	1.543023e+01
2.912000e-05	-2.464815e-01	1.539708e+01
2.913000e-05	-2.500000e-01	1.529350e+01
2.914000e-05	-2.500000e-01	1.524139e+01
2.915000e-05	-2.500000e-01	1.520913e+01
2.916000e-05	-2.400208e-01	1.509450e+01
2.917000e-05	-1.754814e-01	1.504081e+01
2.918000e-05	-1.225130e-01	1.494502e+01
2.919000e-05	-8.952877e-02	1.481174e+01
2.920000e-05	-6.255925e-02	1.477495e+01
2.921000e-05	-4.482294e-02	1.463282e+01
2.922000e-05	-4.296654e-02	1.453455e+01
2.923000e-05	-4.007825e-02	1.438881e+01
2.924000e-05	-3.270221e-02	1.427454e+01
2.925000e-05	-2.419205e-02	1.421010e+01
2.926000e-05	-2.358911e-02	1.406027e+01
2.927000e-05	-2.844639e-02	1.391387e+01
2.928000e-05	-2.483274e-02	1.371710e+01
2.929000e-05	-1.922692e-02	1.358975e+01
2.930000e-05	-1.589259e-02	1.343339e+01
2.931000e-05	-2.254055e-02	1.329439e+01
2.932000e-05	-2.116332e-02	1.314600e+01
2.933000e-05	-1.824570e-02	1.296865e+01
2.934000e-05	-1.274404e-02	1.279971e+01
2.935000e-05	-1.669405e-02	1.264294e+01
2.936000e-05	-1.983686e-02	1.246486e+01
2.937000e-05	-1.744797e-02	1.231239e+01
2.938000e-05	-1.299456e-02	1.211597e+01
2.939000e-05	-1.229467e-02	1.191449e+01
2.940000e-05	-1.888814e-02	1.171644e+01
2.941000e-05	-1.708542e-02	1.150399e+01
2.942000e-05	-1.315439e-02	1.129479e+01
2.943000e-05	-9.603911e-03	1.105171e+01
2.944000e-05	-1.465769e-02	1.089334e+01
2.945000e-05	-1.551595e-02	1.068381e+01
2.946000e-05	-1.296150e-02	1.045184e+01
2.947000e-05	-9.470480e-03	1.026068e+01
2.948000e-05	-1.099449e-02	9.960159e+00
2.949000e-05	-1.520279e-02	9.706946e+00
2.950000e-05	-1.376111e-02	9.515040e+00
2.951000e-05	-9.851222e-03	9.314862e+00
2.952000e-05	-9.044156e-03	9.121863e+00
2.953000e-05	-1.224841e-02	8.850253e+00
2.954000e-05	-1.357312e-02	8.598123e+00
2.955000e-05	-1.035093e-02	8.336998e+00
2.956000e-05	-7.569329e-03	8.074394e+00
2.957000e-05	-1.014589e-02	7.812205e+00
2.958000e-05	-1.306595e-02	7.569099e+00
2.959000e-05	-1.114397e-02	7.303312e+00
2.960000e-05	-7.829732e-03	7.001157e+00
2.961000e-05	-8.265288e-03	6.769100e+00
2.962000e-05	-1.207400e-02	6.473863e+00
2.963000e-05	-1.138995e-02	6.221731e+00
2.964000e-05	-8.208201e-03	5.968125e+00
2.965000e-05	-5.773071e-03	5.714362e+00
2.966000e-05	-9.135812e-03	5.432778e+00
2.967000e-05	-1.143858e-02	5.126889e+00
2.968000e-05	-8.832976e-03	4.769122e+00
2.969000e-05	-6.481725e-03	4.514866e+00
2.970000e-05	-7.443112e-03	4.257236e+00
2.971000e-05	-1.107022e-02	3.910092e+00
2.972000e-05	-9.187697e-03	3.643786e+00
2.973000e-05	-6.618880e-03	3.409652e+00
2.974000e-05	-5.284409e-03	3.135885e+00
2.975000e-05	-7.905740e-03	2.831703e+00
2.976000e-05	-9.864853e-03	2.486443e+00
2.977000e-05	-6.422599e-03	2.232154e+00
2.978000e-05	-5.835312e-03	1.989499e+00
2.979000e-05	-5.977304e-03	1.662758e+00
2.980000e-05	-8.396612e-03	1.380040e+00
2.981000e-05	-6.442596e-03	1.043179e+00
2.982000e-05	-5.034869e-03	7.469172e-01
2.983000e-05	-4.128793e-03	4.328015e-01
2.984000e-05	-5.593384e-03	1.194924e-01
2.985000e-05	-3.713137e-03	-9.664342e-02
2.986000e-05	1.018883e-02	-3.488737e-01
2.987000e-05	-6.501809e-04	-6.830378e-01
2.988000e-05	3.229755e-03	-9.352949e-01
2.989000e-05	-5.003075e-03	-1.231006e+00
2.990000e-05	1.466089e-03	-1.547673e+00
2.991000e-05	-2.124314e-04	-1.746323e+00
2.992000e-05	2.671312e-02	-1.969954e+00
2.993000e-05	1.085950e-01	-2.323110e+00
2.994000e-05	1.575285e-02	-2.661507e+00
2.995000e-05	-6.363941e-02	-3.083592e+00
2.996000e-05	-1.296201e-02	-3.380406e+00
2.997000e-05	-3.679332e-02	-3.568955e+00
2.998000e-05	-6.383436e-02	-3.852063e+00
2.999000e-05	3.357224e-03	-4.092134e+00
3.000000e-05	1.617261e-01	-4.271608e+00
3.001000e-05	-1.834826e-01	-4.566348e+00
3.002000e-05	1.951812e-01	-4.861081e+00
3.003000e-05	-1.071551e-01	-5.123698e+00
3.004000e-05	9.256306e-03	-5.504290e+00
3.005000e-05	6.811560e-02	-5.704768e+00
3.006000e-05	-1.574808e-01	-6.011512e+00
3.007000e-05	1.983269e-01	-6.271168e+00
3.008000e-05	-1.241797e-01	-6.546348e+00
3.009000e-05	8.876458e-02	-6.861665e+00
3.010000e-05	-1.924744e-02	-7.113268e+00
3.011000e-05	-5.909082e-02	-7.451585e+00
3.012000e-05	1.129996e-01	-7.671191e+00
3.013000e-05	-1.207597e-01	-7.946896e+00
3.014000e-05	1.553639e-01	-8.219109e+00
3.015000e-05	-9.015592e-02	-8.421112e+00
3.016000e-05	6.151204e-02	-8.766851e+00
3.017000e-05	5.142761e-03	-8.958476e+00
3.018000e-05	-6.343674e-02	-9.189485e+00
3.019000e-05	8.084137e-02	-9.388055e+00
3.020000e-05	-7.117808e-02	-9.673217e+00
3.021000e-05	1.281882e-01	-9.894268e+00
3.022000e-05	-7.836604e-02	-1.012435e+01
3.023000e-05	7.735385e-02	-1.036745e+01
3.024000e-05	-5.632973e-02	-1.055750e+01
3.025000e-05	3.706731e-02	-1.079906e+01
3.026000e-05	2.223502e-03	-1.099653e+01
3.027000e-05	-1.972233e-04	-1.123911e+01
3.028000e-05	4.009728e-02	-1.142009e+01
3.029000e-05	-1.872422e-02	-1.165380e+01
3.030000e-05	4.842063e-02	-1.186119e+01
3.031000e-05	-3.668221e-02	-1.208235e+01
3.032000e-05	4.055714e-02	-1.223919e+01
3.033000e-05	-1.760814e-02	-1.247014e+01
3.034000e-05	5.185260e-02	-1.264018e+01
3.035000e-05	-7.144456e-03	-1.280908e+01
3.036000e-05	2.046445e-02	-1.295806e+01
3.037000e-05	-8.305470e-03	-1.314690e+01
3.038000e-05	1.652028e-02	-1.331192e+01
3.039000e-05	1.002148e-02	-1.345174e+01
3.040000e-05	1.398528e-02	-1.359961e+01
3.041000e-05	2.079480e-02	-1.373703e+01
3.042000e-05	1.589765e-02	-1.392585e+01
3.043000e-05	2.101086e-02	-1.405079e+01
3.044000e-05	9.238572e-04	-1.421813e+01
3.045000e-05	9.785222e-03	-1.432495e+01
3.046000e-05	7.023610e-03	-1.444824e+01
3.047000e-05	2.745908e-02	-1.453856e+01
3.048000e-05	1.674448e-02	-1.470079e+01
3.049000e-05	2.201164e-02	-1.482108e+01
3.050000e-05	7.905075e-03	-1.487184e+01
3.051000e-05	2.131776e-02	-1.497861e+01
3.052000e-05	1.354518e-02	-1.510084e+01
3.053000e-05	1.978643e-02	-1.515450e+01
3.054000e-05	1.617015e-02	-1.520969e+01
3.055000e-05	2.385025e-02	-1.530442e+01
3.056000e-05	2.331032e-02	-1.539816e+01
3.057000e-05	1.930112e-02	-1.544034e+01
3.058000e-05	1.684996e-02	-1.554484e+01
3.059000e-05	1.954171e-02	-1.552660e+01
3.060000e-05	2.990768e-02	-1.558974e+01
3.061000e-05	2.829986e-02	-1.564029e+01
3.062000e-05	2.860243e-02	-1.566287e+01
3.063000e-05	2.528622e-02	-1.568397e+01
3.064000e-05	3.109763e-02	-1.571547e+01
3.065000e-05	3.063120e-02	-1.578505e+01
3.066000e-05	3.244663e-02	-1.579713e+01
3.067000e-05	3.475347e-02	-1.574706e+01
3.068000e-05	4.247026e-02	-1.575761e+01
3.069000e-05	4.962001e-02	-1.572653e+01
3.070000e-05	5.058824e-02	-1.574505e+01
3.071000e-05	5.208594e-02	-1.566603e+01
3.072000e-05	6.023642e-02	-1.572500e+01
3.073000e-05	7.329723e-02	-1.565292e+01
3.074000e-05	9.215879e-02	-1.563129e+01
3.075000e-05	1.133428e-01	-1.561011e+01
3.076000e-05	1.522892e-01	-1.554723e+01
3.077000e-05	2.145559e-01	-1.552437e+01
3.078000e-05	2.484242e-01	-1.548226e+01
3.079000e-05	2.500000e-01	-1.537926e+01
3.080000e-05	2.500000e-01	-1.533658e+01
3.081000e-05	2.500000e-01	-1.525132e+01
3.082000e-05	2.309971e-01	-1.515613e+01
3.083000e-05	1.577897e-01	-1.512134e+01
3.084000e-05	1.012590e-01	-1.498971e+01
3.085000e-05	7.090176e-02	-1.494455e+01
3.086000e-05	5.377970e-02	-1.483981e+01
3.087000e-05	4.136464e-02	-1.471602e+01
3.088000e-05	3.061340e-02	-1.462923e+01
3.089000e-05	2.448166e-02	-1.447494e+01
3.090000e-05	2.239588e-02	-1.439713e+01
3.091000e-05	1.878940e-02	-1.426131e+01
3.092000e-05	1.544305e-02	-1.413300e+01
3.093000e-05	1.134262e-02	-1.394708e+01
3.094000e-05	1.214871e-02	-1.381066e+01
3.095000e-05	1.325236e-02	-1.364292e+01
3.096000e-05	1.208961e-02	-1.353347e+01
3.097000e-05	7.303771e-03	-1.335658e+01
3.098000e-05	6.700431e-03	-1.322123e+01
3.099000e-05	6.781951e-03	-1.305134e+01
3.100000e-05	7.109686e-03	-1.289487e+01
3.101000e-05	5.290689e-03	-1.271542e+01
3.102000e-05	4.216288e-03	-1.252557e+01
3.103000e-05	5.150865e-03	-1.233810e+01
3.104000e-05	5.247021e-03	-1.217773e+01
3.105000e-05	3.163059e-03	-1.199725e+01
3.106000e-05	1.691816e-03	-1.174703e+01
3.107000e-05	2.178905e-03	-1.152510e+01
3.108000e-05	3.614966e-03	-1.130596e+01
3.109000e-05	3.500204e-03	-1.109387e+01
3.110000e-05	1.315164e-03	-1.087339e+01
3.111000e-05	8.249354e-04	-1.070179e+01
3.112000e-05	7.563425e-04	-1.049232e+01
3.113000e-05	1.406146e-03	-1.020126e+01
3.114000e-05	-3.955889e-04	-1.002968e+01
3.115000e-05	-1.570467e-03	-9.799680e+00
3.116000e-05	2.958564e-05	-9.538630e+00
3.117000e-05	2.465620e-04	-9.325899e+00
3.118000e-05	-1.311142e-03	-9.096014e+00
3.119000e-05	-2.508879e-03	-8.853286e+00
3.120000e-05	-2.538967e-03	-8.650285e+00
3.121000e-05	-1.278160e-03	-8.347123e+00
3.122000e-05	-7.689159e-04	-8.125419e+00
3.123000e-05	-2.965557e-03	-7.923909e+00
3.124000e-05	-3.843630e-03	-7.568676e+00
3.125000e-05	-3.384730e-03	-7.346520e+00
3.126000e-05	-4.259726e-03	-7.054283e+00
3.127000e-05	-3.645899e-03	-6.789625e+00
3.128000e-05	-5.759008e-03	-6.515468e+00
3.129000e-05	-2.817711e-03	-6.302283e+00
3.130000e-05	-5.276767e-03	-5.968152e+00
3.131000e-05	-3.682407e-03	-5.701895e+00
3.132000e-05	-7.746230e-03	-5.452583e+00
3.133000e-05	-5.410678e-03	-5.125837e+00
3.134000e-05	-6.340706e-03	-4.800080e+00
3.135000e-05	-4.379015e-03	-4.524386e+00
3.136000e-05	-5.758539e-03	-4.282810e+00
3.137000e-05	-7.313795e-03	-4.002126e+00
3.138000e-05	-6.495899e-03	-3.705310e+00
3.139000e-05	-8.346863e-03	-3.442734e+00
3.140000e-05	-7.672978e-03	-3.158046e+00
3.141000e-05	-8.623884e-03	-2.821152e+00
3.142000e-05	-6.012297e-03	-2.589023e+00
3.143000e-05	-6.673757e-03	-2.296313e+00
3.144000e-05	-6.113978e-03	-1.970024e+00
3.145000e-05	-8.691806e-03	-1.734862e+00
3.146000e-05	-9.310383e-03	-1.421726e+00
3.147000e-05	-1.043879e-02	-1.122786e+00
3.148000e-05	-8.284793e-03	-8.111464e-01
3.149000e-05	-8.037451e-03	-4.837841e-01
3.150000e-05	-7.210880e-03	-2.215028e-01
3.151000e-05	-1.766581e-03	9.308271e-02
3.152000e-05	6.393274e-03	3.778746e-01
3.153000e-05	-5.618398e-03	6.104776e-01
3.154000e-05	1.328515e-03	8.440839e-01
3.155000e-05	-6.161308e-03	1.178854e+00
3.156000e-05	2.499778e-04	1.471141e+00
3.157000e-05	-4.441080e-03	1.819476e+00
3.158000e-05	1.673649e-02	2.000480e+00
3.159000e-05	6.433167e-02	2.263159e+00
3.160000e-05	6.654572e-02	2.597975e+00
3.161000e-05	-8.335177e-02	2.936793e+00
3.162000e-05	-3.118831e-02	3.249481e+00
3.163000e-05	-4.315823e-02	3.557263e+00
3.164000e-05	-2.031523e-02	3.789396e+00
3.165000e-05	-8.214922e-02	3.978925e+00
3.166000e-05	4.285776e-02	4.240157e+00
3.167000e-05	8.595192e-02	4.536774e+00
3.168000e-05	-1.280840e-01	4.780405e+00
3.169000e-05	1.792277e-01	5.091764e+00
3.170000e-05	-1.222579e-01	5.431634e+00
3.171000e-05	3.966014e-03	5.664115e+00
3.172000e-05	1.079061e-02	5.999902e+00
3.173000e-05	-3.658721e-02	6.211534e+00
3.174000e-05	7.381201e-02	6.515741e+00
3.175000e-05	-8.354218e-02	6.768006e+00
3.176000e-05	3.812633e-02	7.052159e+00
3.177000e-05	-4.524052e-02	7.386826e+00
3.178000e-05	1.218908e-02	7.640605e+00
3.179000e-05	-1.434057e-02	7.894269e+00
3.180000e-05	-2.611951e-02	8.191982e+00
3.181000e-05	5.134797e-02	8.400530e+00
3.182000e-05	-3.424344e-02	8.678062e+00
3.183000e-05	8.780909e-03	8.885787e+00
3.184000e-05	-3.634373e-02	9.114294e+00
3.185000e-05	-2.603707e-02	9.338023e+00
3.186000e-05	2.063002e-02	9.576534e+00
3.187000e-05	-5.416824e-03	9.839580e+00
3.188000e-05	4.421632e-03	1.008322e+01
3.189000e-05	-3.566274e-02	1.031119e+01
3.190000e-05	1.249289e-02	1.050679e+01
3.191000e-05	-2.254630e-02	1.075639e+01
3.192000e-05	-1.201178e-02	1.094690e+01
3.193000e-05	-1.986468e-02	1.117440e+01
3.194000e-05	-5.445278e-03	1.137603e+01
3.195000e-05	9.393068e-03	1.157603e+01
3.196000e-05	-1.640510e-02	1.178803e+01
3.197000e-05	-2.021364e-02	1.195800e+01
3.198000e-05	-2.507947e-02	1.217755e+01
3.199000e-05	1.156218e-03	1.237653e+01
3.200000e-05	-3.435153e-03	1.255695e+01
3.201000e-05	-1.518115e-02	1.271187e+01
3.202000e-05	-2.179175e-02	1.288332e+01
3.203000e-05	-1.687038e-02	1.303221e+01
3.204000e-05	-7.815800e-03	1.319959e+01
3.205000e-05	-2.112059e-02	1.337651e+01
3.206000e-05	-2.254453e-02	1.354590e+01
3.207000e-05	-1.227875e-02	1.365287e+01
3.208000e-05	-3.221932e-03	1.385966e+01
3.209000e-05	-1.003577e-02	1.394602e+01
3.210000e-05	-3.226482e-02	1.412442e+01
3.211000e-05	-2.580961e-02	1.424077e+01
3.212000e-05	-1.916963e-02	1.437663e+01
3.213000e-05	-7.893552e-03	1.449390e+01
3.214000e-05	-2.255655e-02	1.464861e+01
3.215000e-05	-2.429200e-02	1.473497e+01
3.216000e-05	-1.792060e-02	1.478916e+01
3.217000e-05	-1.560398e-02	1.489485e+01
3.218000e-05	-2.312499e-02	1.498813e+01
3.219000e-05	-3.372026e-02	1.506229e+01
3.220000e-05	-2.386776e-02	1.515647e+01
3.221000e-05	-1.958646e-02	1.520966e+01
3.222000e-05	-1.864259e-02	1.522237e+01
3.223000e-05	-3.576412e-02	1.536502e+01
3.224000e-05	-3.548234e-02	1.540968e+01
3.225000e-05	-2.944636e-02	1.544176e+01
3.226000e-05	-2.250430e-02	1.548237e+01
3.227000e-05	-3.040103e-02	1.555255e+01
3.228000e-05	-3.803834e-02	1.557860e+01
3.229000e-05	-3.262092e-02	1.561871e+01
3.230000e-05	-3.349935e-02	1.558819e+01
3.231000e-05	-3.819498e-02	1.564179e+01
3.232000e-05	-5.313965e-02	1.567019e+01
3.233000e-05	-4.873442e-02	1.567189e+01
3.234000e-05	-4.404205e-02	1.566184e+01
3.235000e-05	-4.428802e-02	1.566171e+01
3.236000e-05	-5.900632e-02	1.561129e+01
3.237000e-05	-7.094889e-02	1.561876e+01
3.238000e-05	-7.268225e-02	1.557874e+01
3.239000e-05	-8.362673e-02	1.555755e+01
3.240000e-05	-1.042701e-01	1.555507e+01
3.241000e-05	-1.408218e-01	1.551384e+01
3.242000e-05	-1.796995e-01	1.544081e+01
3.243000e-05	-2.340088e-01	1.540813e+01
3.244000e-05	-2.500000e-01	1.534593e+01
3.245000e-05	-2.500000e-01	1.531344e+01
3.246000e-05	-2.500000e-01	1.523068e+01
3.247000e-05	-2.493758e-01	1.513613e+01
3.248000e-05	-2.096187e-01	1.505047e+01
3.249000e-05	-1.418727e-01	1.495813e+01
3.250000e-05	-1.044105e-01	1.488439e+01
3.251000e-05	-7.375620e-02	1.476715e+01
3.252000e-05	-5.202660e-02	1.468384e+01
3.253000e-05	-4.312512e-02	1.458665e+01
3.254000e-05	-4.152676e-02	1.455184e+01
3.255000e-05	-3.713774e-02	1.430700e+01
3.256000e-05	-2.607873e-02	1.423036e+01
3.257000e-05	-2.433997e-02	1.409549e+01
3.258000e-05	-2.580720e-02	1.396763e+01
3.259000e-05	-2.835871e-02	1.382819e+01
3.260000e-05	-2.017694e-02	1.366339e+01
3.261000e-05	-1.622376e-02	1.351554e+01
3.262000e-05	-1.781676e-02	1.335857e+01
3.263000e-05	-2.250024e-02	1.319026e+01
3.264000e-05	-2.122018e-02	1.304979e+01
3.265000e-05	-1.411228e-02	1.285339e+01
3.266000e-05	-1.550033e-02	1.270404e+01
3.267000e-05	-1.862534e-02	1.257750e+01
3.268000e-05	-2.027467e-02	1.237823e+01
3.269000e-05	-1.324506e-02	1.218018e+01
3.270000e-05	-1.197596e-02	1.199921e+01
3.271000e-05	-1.395836e-02	1.180021e+01
3.272000e-05	-1.910927e-02	1.159718e+01
3.273000e-05	-1.545545e-02	1.139718e+01
3.274000e-05	-1.061164e-02	1.112617e+01
3.275000e-05	-1.151762e-02	1.096808e+01
3.276000e-05	-1.437476e-02	1.076511e+01
3.277000e-05	-1.467760e-02	1.053652e+01
3.278000e-05	-9.817099e-03	1.033600e+01
3.279000e-05	-1.010468e-02	1.012444e+01
3.280000e-05	-1.388041e-02	9.830882e+00
3.281000e-05	-1.619115e-02	9.602759e+00
3.282000e-05	-1.206454e-02	9.359154e+00
3.283000e-05	-8.234875e-03	9.160049e+00
3.284000e-05	-1.057954e-02	8.924922e+00
3.285000e-05	-1.288257e-02	8.673337e+00
3.286000e-05	-1.242771e-02	8.492812e+00
3.287000e-05	-7.684299e-03	8.219758e+00
3.288000e-05	-8.309424e-03	7.948068e+00
3.289000e-05	-1.059928e-02	7.703391e+00
3.290000e-05	-1.184705e-02	7.439684e+00
3.291000e-05	-1.054887e-02	7.186541e+00
3.292000e-05	-6.782581e-03	6.915861e+00
3.293000e-05	-1.189495e-02	6.622155e+00
3.294000e-05	-1.106576e-02	6.336490e+00
3.295000e-05	-1.148686e-02	6.094912e+00
3.296000e-05	-4.103912e-03	5.861705e+00
3.297000e-05	-7.319168e-03	5.546566e+00
3.298000e-05	-9.740973e-03	5.244311e+00
3.299000e-05	-1.028958e-02	4.946890e+00
3.300000e-05	-8.631769e-03	4.651680e+00
3.301000e-05	-8.516178e-03	4.388600e+00
3.302000e-05	-1.046771e-02	4.062357e+00
3.303000e-05	-9.658631e-03	3.790544e+00
3.304000e-05	-4.868452e-03	3.548469e+00
3.305000e-05	-3.717997e-03	3.242810e+00
3.306000e-05	-5.726988e-03	2.968466e+00
3.307000e-05	-9.757182e-03	2.654333e+00
3.308000e-05	-9.869591e-03	2.350043e+00
3.309000e-05	-6.755399e-03	2.064361e+00
3.310000e-05	-7.282435e-03	1.820302e+00
3.311000e-05	-7.545480e-03	1.484816e+00
3.312000e-05	-7.670246e-03	1.201025e+00
3.313000e-05	-4.793444e-03	8.617044e-01
3.314000e-05	-3.405302e-03	5.895702e-01
3.315000e-05	-5.551174e-03	3.373621e-01
3.316000e-05	-4.490333e-03	2.057128e-02
3.317000e-05	1.378765e-03	-2.625603e-01
3.318000e-05	9.729591e-03	-5.642144e-01
3.319000e-05	-3.302874e-03	-8.199814e-01
3.320000e-05	2.362057e-03	-1.093591e+00
3.321000e-05	-3.506499e-03	-1.379927e+00
3.322000e-05	1.881858e-03	-1.642111e+00
3.323000e-05	1.071846e-02	-1.885791e+00
3.324000e-05	5.834200e-02	-2.164692e+00
3.325000e-05	1.120123e-01	-2.482463e+00
3.326000e-05	-7.926406e-02	-2.864167e+00
3.327000e-05	-6.848377e-03	-3.253613e+00
3.328000e-05	-4.980559e-02	-3.515188e+00
3.329000e-05	-2.165822e-02	-3.755316e+00
3.330000e-05	-1.026257e-01	-3.978953e+00
3.331000e-05	1.818578e-01	-4.145345e+00
3.332000e-05	-8.543022e-02	-4.388974e+00
3.333000e-05	2.965434e-02	-4.726751e+00
3.334000e-05	1.404721e-01	-4.937423e+00
3.335000e-05	-1.853435e-01	-5.345772e+00
3.336000e-05	1.815175e-01	-5.620604e+00
3.337000e-05	-1.661836e-01	-5.862139e+00
3.338000e-05	9.207005e-02	-6.198579e+00
3.339000e-05	4.893124e-02	-6.409932e+00
3.340000e-05	-8.011848e-02	-6.746773e+00
3.341000e-05	1.344898e-01	-6.978554e+00
3.342000e-05	-1.548930e-01	-7.313194e+00
3.343000e-05	1.178532e-01	-7.565875e+00
3.344000e-05	-6.876794e-02	-7.808559e+00
3.345000e-05	3.467068e-02	-8.115867e+00
3.346000e-05	7.235770e-02	-8.363821e+00
3.347000e-05	-8.554848e-02	-8.588558e+00
3.348000e-05	1.306889e-01	-8.872790e+00
3.349000e-05	-1.306023e-01	-9.063317e+00
3.350000e-05	8.632607e-02	-9.335322e+00
3.351000e-05	-5.492557e-02	-9.554854e+00
3.352000e-05	6.597902e-02	-9.828530e+00
3.353000e-05	1.822372e-02	-9.998557e+00
3.354000e-05	-1.895722e-02	-1.027166e+01
3.355000e-05	4.724911e-02	-1.051272e+01
3.356000e-05	-6.026388e-02	-1.068372e+01
3.357000e-05	7.592865e-02	-1.089334e+01
3.358000e-05	-5.584885e-02	-1.109329e+01
3.359000e-05	7.168410e-02	-1.135592e+01
3.360000e-05	-3.057183e-02	-1.158850e+01
3.361000e-05	4.929521e-02	-1.179703e+01
3.362000e-05	-1.965546e-02	-1.200758e+01
3.363000e-05	1.316809e-02	-1.219756e+01
3.364000e-05	3.916740e-03	-1.237803e+01
3.365000e-05	1.905515e-02	-1.255598e+01
3.366000e-05	3.046011e-02	-1.272485e+01
3.367000e-05	-3.177957e-03	-1.290442e+01
3.368000e-05	1.864060e-02	-1.307072e+01
3.369000e-05	-7.904851e-03	-1.323816e+01
3.370000e-05	2.643733e-02	-1.338658e+01
3.371000e-05	-3.176034e-03	-1.354440e+01
3.372000e-05	2.852304e-02	-1.371482e+01
3.373000e-05	7.243204e-03	-1.389167e+01
3.374000e-05	2.988065e-02	-1.403023e+01
3.375000e-05	1.776961e-03	-1.412205e+01
3.376000e-05	1.223227e-02	-1.428282e+01
3.377000e-05	1.686079e-03	-1.441608e+01
3.378000e-05	2.340156e-02	-1.452645e+01
3.379000e-05	1.859987e-02	-1.467868e+01
3.380000e-05	2.038205e-02	-1.474750e+01
3.381000e-05	1.295701e-02	-1.481014e+01
3.382000e-05	1.505003e-02	-1.492548e+01
3.383000e-05	1.892789e-02	-1.505019e+01
3.384000e-05	1.407994e-02	-1.510290e+01
3.385000e-05	2.031352e-02	-1.519961e+01
3.386000e-05	1.742934e-02	-1.526375e+01
3.387000e-05	2.841818e-02	-1.532760e+01
3.388000e-05	1.778960e-02	-1.541774e+01
3.389000e-05	1.946145e-02	-1.549084e+01
3.390000e-05	1.522275e-02	-1.552552e+01
3.391000e-05	2.738187e-02	-1.556863e+01
3.392000e-05	2.882446e-02	-1.562129e+01
3.393000e-05	2.868710e-02	-1.563184e+01
3.394000e-05	2.750968e-02	-1.567387e+01
3.395000e-05	2.743181e-02	-1.571403e+01
3.396000e-05	3.215282e-02	-1.573505e+01
3.397000e-05	3.063010e-02	-1.576658e+01
3.398000e-05	3.369728e-02	-1.574708e+01
3.399000e-05	3.759844e-02	-1.574761e+01
3.400000e-05	4.653872e-02	-1.574908e+01
3.401000e-05	5.117610e-02	-1.572508e+01
3.402000e-05	5.028105e-02	-1.571497e+01
3.403000e-05	5.553996e-02	-1.575552e+01
3.404000e-05	6.634034e-02	-1.565497e+01
3.405000e-05	8.466478e-02	-1.564937e+01
3.406000e-05	1.025370e-01	-1.562126e+01
3.407000e-05	1.317963e-01	-1.557816e+01
3.408000e-05	1.825355e-01	-1.555600e+01
3.409000e-05	2.395485e-01	-1.551339e+01
3.410000e-05	2.500000e-01	-1.540879e+01
3.411000e-05	2.500000e-01	-1.539856e+01
3.412000e-05	2.500000e-01	-1.531292e+01
3.413000e-05	2.471688e-01	-1.518974e+01
3.414000e-05	1.947546e-01	-1.514447e+01
3.415000e-05	1.237422e-01	-1.506014e+01
3.416000e-05	8.242856e-02	-1.495653e+01
3.417000e-05	5.940186e-02	-1.481339e+01
3.418000e-05	4.662385e-02	-1.475706e+01
3.419000e-05	3.582788e-02	-1.467141e+01
3.420000e-05	2.679720e-02	-1.450757e+01
3.421000e-05	2.212204e-02	-1.443979e+01
3.422000e-05	2.074283e-02	-1.433397e+01
3.423000e-05	1.741727e-02	-1.418611e+01
3.424000e-05	1.313963e-02	-1.403126e+01
3.425000e-05	1.095464e-02	-1.386294e+01
3.426000e-05	1.228885e-02	-1.376507e+01
3.427000e-05	1.364730e-02	-1.356971e+01
3.428000e-05	1.066759e-02	-1.342979e+01
3.429000e-05	6.289738e-03	-1.326389e+01
3.430000e-05	5.590052e-03	-1.311602e+01
3.431000e-05	7.297092e-03	-1.296955e+01
3.432000e-05	6.959497e-03	-1.279875e+01
3.433000e-05	4.835727e-03	-1.264031e+01
3.434000e-05	4.919399e-03	-1.243126e+01
3.435000e-05	5.149185e-03	-1.226184e+01
3.436000e-05	5.240331e-03	-1.205337e+01
3.437000e-05	2.399674e-03	-1.187239e+01
3.438000e-05	4.057968e-04	-1.167229e+01
3.439000e-05	2.220245e-03	-1.137983e+01
3.440000e-05	4.206662e-03	-1.119921e+01
3.441000e-05	3.767809e-03	-1.095767e+01
3.442000e-05	8.252813e-04	-1.077905e+01
3.443000e-05	-3.795211e-04	-1.058770e+01
3.444000e-05	8.836378e-04	-1.034512e+01
3.445000e-05	1.059406e-03	-1.014549e+01
3.446000e-05	-4.567378e-04	-9.884341e+00
3.447000e-05	-1.903982e-03	-9.692864e+00
3.448000e-05	8.568976e-05	-9.461384e+00
3.449000e-05	3.047509e-04	-9.221083e+00
3.450000e-05	-1.111387e-03	-8.978625e+00
3.451000e-05	-3.799592e-03	-8.726600e+00
3.452000e-05	-3.122565e-03	-8.483867e+00
3.453000e-05	-1.230415e-03	-8.242783e+00
3.454000e-05	-6.424637e-04	-7.997629e+00
3.455000e-05	-3.629203e-03	-7.755367e+00
3.456000e-05	-4.014982e-03	-7.413658e+00
3.457000e-05	-3.508864e-03	-7.198104e+00
3.458000e-05	-2.831673e-03	-6.834789e+00
3.459000e-05	-4.775760e-03	-6.641761e+00
3.460000e-05	-4.442083e-03	-6.360578e+00
3.461000e-05	-4.126013e-03	-6.096412e+00
3.462000e-05	-3.470498e-03	-5.823780e+00
3.463000e-05	-4.540815e-03	-5.558542e+00
3.464000e-05	-7.047291e-03	-5.212832e+00
3.465000e-05	-7.185464e-03	-4.936970e+00
3.466000e-05	-5.247320e-03	-4.622230e+00
3.467000e-05	-4.856272e-03	-4.399524e+00
3.468000e-05	-6.580029e-03	-4.134971e+00
3.469000e-05	-8.124738e-03	-3.862809e+00
3.470000e-05	-6.294454e-03	-3.567045e+00
3.471000e-05	-8.325597e-03	-3.295312e+00
3.472000e-05	-6.497881e-03	-2.990601e+00
3.473000e-05	-8.337115e-03	-2.685864e+00
3.474000e-05	-6.088700e-03	-2.411180e+00
3.475000e-05	-6.850031e-03	-2.104335e+00
3.476000e-05	-6.427919e-03	-1.831204e+00
3.477000e-05	-9.808898e-03	-1.566571e+00
3.478000e-05	-9.996783e-03	-1.212198e+00
3.479000e-05	-9.172133e-03	-9.362872e-01
3.480000e-05	-8.637389e-03	-6.111277e-01
3.481000e-05	-7.330309e-03	-3.278423e-01
3.482000e-05	-6.428664e-03	-7.278171e-02
3.483000e-05	6.788022e-03	2.824550e-01
3.484000e-05	-3.576610e-03	5.246855e-01
3.485000e-05	1.259981e-03	7.472437e-01
3.486000e-05	-4.762600e-03	1.010979e+00
3.487000e-05	-1.925852e-03	1.316263e+00
3.488000e-05	-4.168387e-03	1.681055e+00
3.489000e-05	7.500459e-03	1.924791e+00
3.490000e-05	3.044681e-02	2.147221e+00
3.491000e-05	1.021627e-01	2.411458e+00
3.492000e-05	-3.859929e-02	2.790405e+00
3.493000e-05	-5.408783e-02	3.074140e+00
3.494000e-05	-4.135238e-02	3.348374e+00
3.495000e-05	-2.065543e-02	3.652110e+00
3.496000e-05	-6.592376e-02	3.905711e+00
3.497000e-05	-3.847442e-02	4.083191e+00
3.498000e-05	1.265151e-01	4.390534e+00
3.499000e-05	-8.459677e-02	4.724243e+00
3.500000e-05	5.182341e-02	4.957444e+00
3.501000e-05	6.435474e-02	5.282167e+00
3.502000e-05	-1.311152e-01	5.557352e+00
3.503000e-05	7.996124e-02	5.860185e+00
3.504000e-05	-7.234590e-02	6.136347e+00
3.505000e-05	6.399538e-02	6.356375e+00
3.506000e-05	-2.112099e-02	6.682139e+00
3.507000e-05	-3.763608e-02	6.935396e+00
3.508000e-05	2.807562e-02	7.178980e+00
3.509000e-05	-5.680975e-02	7.510736e+00
3.510000e-05	4.668399e-02	7.755953e+00
3.511000e-05	-7.149271e-02	8.083210e+00
3.512000e-05	4.830630e-02	8.305822e+00
3.513000e-05	1.058731e-04	8.555846e+00
3.514000e-05	-2.250574e-02	8.738374e+00
3.515000e-05	1.007977e-02	9.019080e+00
3.516000e-05	-6.921530e-02	9.261162e+00
3.517000e-05	3.458445e-02	9.461187e+00
3.518000e-05	-2.157464e-02	9.714324e+00
3.519000e-05	2.882472e-02	9.957473e+00
3.520000e-05	-4.204175e-02	1.017750e+01
3.521000e-05	4.837174e-03	1.038063e+01
3.522000e-05	-8.491795e-03	1.058808e+01
3.523000e-05	-2.132702e-02	1.082958e+01
3.524000e-05	-1.039807e-02	1.103061e+01
3.525000e-05	-2.732253e-02	1.127224e+01
3.526000e-05	2.039026e-02	1.145324e+01
3.527000e-05	-1.926782e-02	1.166335e+01
3.528000e-05	-4.402007e-03	1.191177e+01
3.529000e-05	-4.050647e-02	1.204432e+01
3.530000e-05	2.179215e-03	1.231224e+01
3.531000e-05	-7.940700e-03	1.245322e+01
3.532000e-05	-3.196078e-03	1.264864e+01
3.533000e-05	-2.311759e-02	1.281068e+01
3.534000e-05	-2.006857e-02	1.296503e+01
3.535000e-05	-5.963312e-03	1.315700e+01
3.536000e-05	-1.879441e-02	1.327532e+01
3.537000e-05	-1.837214e-02	1.346921e+01
3.538000e-05	-2.638424e-02	1.359914e+01
3.539000e-05	1.287382e-03	1.375502e+01
3.540000e-05	-1.071368e-02	1.385182e+01
3.541000e-05	-1.715979e-02	1.404026e+01
3.542000e-05	-3.461926e-02	1.421073e+01
3.543000e-05	-2.002121e-02	1.430648e+01
3.544000e-05	-1.077804e-02	1.442977e+01
3.545000e-05	-1.654698e-02	1.456600e+01
3.546000e-05	-2.303566e-02	1.467389e+01
3.547000e-05	-2.593058e-02	1.476808e+01
3.548000e-05	-1.083142e-02	1.484029e+01
3.549000e-05	-2.215199e-02	1.492612e+01
3.550000e-05	-2.579037e-02	1.501866e+01
3.551000e-05	-3.242920e-02	1.507189e+01
3.552000e-05	-1.880138e-02	1.519916e+01
3.553000e-05	-1.681657e-02	1.525129e+01
3.554000e-05	-2.905266e-02	1.527387e+01
3.555000e-05	-3.592863e-02	1.537656e+01
3.556000e-05	-3.571224e-02	1.544069e+01
3.557000e-05	-2.205821e-02	1.552185e+01
3.558000e-05	-2.902708e-02	1.551495e+01
3.559000e-05	-3.395399e-02	1.557503e+01
3.560000e-05	-3.853809e-02	1.559813e+01
3.561000e-05	-3.066326e-02	1.563024e+01
3.562000e-05	-3.459246e-02	1.562071e+01
3.563000e-05	-4.695116e-02	1.565084e+01
3.564000e-05	-5.009016e-02	1.565136e+01
3.565000e-05	-4.766904e-02	1.564284e+01
3.566000e-05	-4.105672e-02	1.565229e+01
3.567000e-05	-5.441165e-02	1.564287e+01
3.568000e-05	-6.469599e-02	1.563026e+01
3.569000e-05	-7.421472e-02	1.557918e+01
3.570000e-05	-7.528916e-02	1.558718e+01
3.571000e-05	-9.383418e-02	1.557665e+01
3.572000e-05	-1.226936e-01	1.555345e+01
3.573000e-05	-1.601780e-01	1.548290e+01
3.574000e-05	-2.119339e-01	1.547976e+01
3.575000e-05	-2.476748e-01	1.539605e+01
3.576000e-05	-2.500000e-01	1.530390e+01
3.577000e-05	-2.500000e-01	1.526179e+01
3.578000e-05	-2.500000e-01	1.520668e+01
3.579000e-05	-2.364611e-01	1.511505e+01
3.580000e-05	-1.704567e-01	1.501081e+01
3.581000e-05	-1.192568e-01	1.491657e+01
3.582000e-05	-8.717738e-02	1.485328e+01
3.583000e-05	-6.005323e-02	1.471555e+01
3.584000e-05	-4.501202e-02	1.464074e+01
3.585000e-05	-4.152302e-02	1.451657e+01
3.586000e-05	-4.001738e-02	1.441174e+01
3.587000e-05	-3.074364e-02	1.428397e+01
3.588000e-05	-2.389603e-02	1.413960e+01
3.589000e-05	-2.392952e-02	1.402028e+01
3.590000e-05	-2.914007e-02	1.389241e+01
3.591000e-05	-2.360576e-02	1.373502e+01
3.592000e-05	-1.884853e-02	1.360756e+01
3.593000e-05	-1.563681e-02	1.343131e+01
3.594000e-05	-2.268862e-02	1.326241e+01
3.595000e-05	-2.143243e-02	1.311458e+01
3.596000e-05	-1.761034e-02	1.295610e+01
3.597000e-05	-1.232373e-02	1.282773e+01
3.598000e-05	-1.738032e-02	1.262981e+01
3.599000e-05	-1.932715e-02	1.247329e+01
3.600000e-05	-1.657406e-02	1.227442e+01
3.601000e-05	-1.239246e-02	1.209545e+01
3.602000e-05	-1.296272e-02	1.191494e+01
3.603000e-05	-1.830450e-02	1.169497e+01
3.604000e-05	-1.652163e-02	1.147391e+01
3.605000e-05	-1.238486e-02	1.130486e+01
3.606000e-05	-9.297942e-03	1.106289e+01
3.607000e-05	-1.394791e-02	1.085281e+01
3.608000e-05	-1.704362e-02	1.066974e+01
3.609000e-05	-1.194283e-02	1.038081e+01
3.610000e-05	-9.749222e-03	1.026963e+01
3.611000e-05	-1.080712e-02	1.002815e+01
3.612000e-05	-1.569205e-02	9.737417e+00
3.613000e-05	-1.249814e-02	9.444913e+00
3.614000e-05	-9.514640e-03	9.282338e+00
3.615000e-05	-8.861477e-03	9.060785e+00
3.616000e-05	-1.413990e-02	8.809657e+00
3.617000e-05	-1.357814e-02	8.597625e+00
3.618000e-05	-9.369745e-03	8.327946e+00
3.619000e-05	-7.038668e-03	8.064411e+00
3.620000e-05	-1.029918e-02	7.809705e+00
3.621000e-05	-1.321657e-02	7.586151e+00
3.622000e-05	-1.032429e-02	7.282313e+00
3.623000e-05	-8.291307e-03	7.001159e+00
3.624000e-05	-7.859033e-03	6.747551e+00
3.625000e-05	-1.221194e-02	6.442409e+00
3.626000e-05	-1.089229e-02	6.239052e+00
3.627000e-05	-7.974160e-03	5.969051e+00
3.628000e-05	-6.146998e-03	5.673362e+00
3.629000e-05	-9.278183e-03	5.400155e+00
3.630000e-05	-1.157816e-02	5.094359e+00
3.631000e-05	-8.783286e-03	4.758049e+00
3.632000e-05	-5.446584e-03	4.484863e+00
3.633000e-05	-6.934829e-03	4.242580e+00
3.634000e-05	-1.043298e-02	3.926470e+00
3.635000e-05	-8.969003e-03	3.641756e+00
3.636000e-05	-6.873498e-03	3.418071e+00
3.637000e-05	-5.903968e-03	3.114837e+00
3.638000e-05	-8.055279e-03	2.800176e+00
3.639000e-05	-9.404183e-03	2.555464e+00
3.640000e-05	-6.205801e-03	2.191122e+00
3.641000e-05	-5.279420e-03	1.978518e+00
3.642000e-05	-5.910292e-03	1.693204e+00
3.643000e-05	-9.032279e-03	1.337867e+00
3.644000e-05	-6.602856e-03	1.022224e+00
3.645000e-05	-4.596065e-03	6.868896e-01
3.646000e-05	-4.370517e-03	4.506502e-01
3.647000e-05	-5.262407e-03	9.846336e-02
3.648000e-05	-3.382798e-03	-1.667920e-01
3.649000e-05	1.150513e-02	-3.794774e-01
3.650000e-05	-1.496413e-03	-6.971906e-01
3.651000e-05	4.999060e-03	-9.683486e-01
3.652000e-05	-4.826944e-03	-1.230561e+00
3.653000e-05	3.577529e-03	-1.557300e+00
3.654000e-05	4.234249e-04	-1.809379e+00
3.655000e-05	2.990279e-02	-2.010479e+00
3.656000e-05	1.155805e-01	-2.314236e+00
3.657000e-05	-1.763954e-03	-2.683639e+00
3.658000e-05	-5.512393e-02	-3.093268e+00
3.659000e-05	-1.947439e-02	-3.430005e+00
3.660000e-05	-3.234650e-02	-3.589976e+00
3.661000e-05	-7.371151e-02	-3.892108e+00
3.662000e-05	3.246297e-02	-4.062110e+00
3.663000e-05	1.369652e-01	-4.251035e+00
3.664000e-05	-1.751251e-01	-4.556480e+00
3.665000e-05	2.030453e-01	-4.833560e+00
3.666000e-05	-1.362757e-01	-5.138223e+00
3.667000e-05	4.626317e-02	-5.544326e+00
3.668000e-05	2.963680e-02	-5.724744e+00
3.669000e-05	-1.312337e-01	-6.073060e+00
3.670000e-05	1.959964e-01	-6.303266e+00
3.671000e-05	-1.364287e-01	-6.598826e+00
3.672000e-05	1.096425e-01	-6.875715e+00
3.673000e-05	-5.037600e-02	-7.196268e+00
3.674000e-05	-3.103828e-02	-7.473160e+00
3.675000e-05	9.349345e-02	-7.656214e+00
3.676000e-05	-1.095987e-01	-8.006409e+00
3.677000e-05	1.592466e-01	-8.220158e+00
3.678000e-05	-1.053121e-01	-8.463112e+00
3.679000e-05	8.370896e-02	-8.765402e+00
3.680000e-05	-2.334278e-02	-8.967950e+00
3.681000e-05	-4.196331e-02	-9.211483e+00
3.682000e-05	6.420175e-02	-9.450159e+00
3.683000e-05	-5.620945e-02	-9.703717e+00
3.684000e-05	1.235203e-01	-9.862267e+00
3.685000e-05	-8.060696e-02	-1.015593e+01
3.686000e-05	8.291579e-02	-1.039798e+01
3.687000e-05	-6.805779e-02	-1.055903e+01
3.688000e-05	4.965630e-02	-1.082951e+01
3.689000e-05	-1.225688e-02	-1.100001e+01
3.690000e-05	1.272905e-02	-1.125159e+01
3.691000e-05	2.895391e-02	-1.141926e+01
3.692000e-05	-8.895359e-03	-1.168177e+01
3.693000e-05	4.162345e-02	-1.189324e+01
3.694000e-05	-3.349697e-02	-1.211542e+01
3.695000e-05	3.798563e-02	-1.228124e+01
3.696000e-05	-1.658827e-02	-1.245319e+01
3.697000e-05	5.325264e-02	-1.264216e+01
3.698000e-05	-9.786504e-03	-1.280011e+01
3.699000e-05	2.265062e-02	-1.299810e+01
3.700000e-05	-1.059649e-02	-1.312795e+01
3.701000e-05	1.986246e-02	-1.329387e+01
3.702000e-05	6.076742e-03	-1.346224e+01
3.703000e-05	1.653026e-02	-1.363071e+01
3.704000e-05	1.843692e-02	-1.377808e+01
3.705000e-05	1.955719e-02	-1.393702e+01
3.706000e-05	1.850773e-02	-1.407132e+01
3.707000e-05	1.605463e-03	-1.421019e+01
3.708000e-05	6.709881e-03	-1.432355e+01
3.709000e-05	8.006847e-03	-1.445479e+01
3.710000e-05	2.682068e-02	-1.456763e+01
3.711000e-05	1.662964e-02	-1.468335e+01
3.712000e-05	2.267326e-02	-1.475916e+01
3.713000e-05	9.774881e-03	-1.488342e+01
3.714000e-05	2.323151e-02	-1.497908e+01
3.715000e-05	1.282038e-02	-1.507232e+01
3.716000e-05	1.915752e-02	-1.516598e+01
3.717000e-05	1.386745e-02	-1.523974e+01
3.718000e-05	2.449039e-02	-1.530540e+01
3.719000e-05	2.264416e-02	-1.538766e+01
3.720000e-05	1.989573e-02	-1.544026e+01
3.721000e-05	1.647616e-02	-1.549494e+01
3.722000e-05	2.177781e-02	-1.556603e+01
3.723000e-05	3.055866e-02	-1.562971e+01
3.724000e-05	2.748623e-02	-1.561031e+01
3.725000e-05	2.776568e-02	-1.563086e+01
3.726000e-05	2.492290e-02	-1.571439e+01
3.727000e-05	3.089598e-02	-1.571505e+01
3.728000e-05	3.046925e-02	-1.576703e+01
3.729000e-05	3.245148e-02	-1.573758e+01
3.730000e-05	3.555016e-02	-1.577656e+01
3.731000e-05	4.475320e-02	-1.575660e+01
3.732000e-05	4.973001e-02	-1.574716e+01
3.733000e-05	5.073996e-02	-1.573558e+01
3.734000e-05	5.132078e-02	-1.570495e+01
3.735000e-05	6.055873e-02	-1.569445e+01
3.736000e-05	7.465132e-02	-1.571145e+01
3.737000e-05	9.274023e-02	-1.563384e+01
3.738000e-05	1.159731e-01	-1.558966e+01
3.739000e-05	1.567449e-01	-1.559063e+01
3.740000e-05	2.191464e-01	-1.550497e+01
3.741000e-05	2.489597e-01	-1.546086e+01
3.742000e-05	2.500000e-01	-1.538870e+01
3.743000e-05	2.500000e-01	-1.531555e+01
3.744000e-05	2.500000e-01	-1.524031e+01
3.745000e-05	2.266185e-01	-1.515505e+01
3.746000e-05	1.531552e-01	-1.509182e+01
3.747000e-05	9.822353e-02	-1.496066e+01
3.748000e-05	6.923118e-02	-1.492555e+01
3.749000e-05	5.233298e-02	-1.477083e+01
3.750000e-05	4.075859e-02	-1.468300e+01
3.751000e-05	3.029506e-02	-1.460016e+01
3.752000e-05	2.385834e-02	-1.450347e+01
3.753000e-05	2.167150e-02	-1.435560e+01
3.754000e-05	1.890256e-02	-1.423171e+01
3.755000e-05	1.425702e-02	-1.408442e+01
3.756000e-05	1.136916e-02	-1.391555e+01
3.757000e-05	1.216564e-02	-1.383023e+01
3.758000e-05	1.343312e-02	-1.361339e+01
3.759000e-05	1.169335e-02	-1.351381e+01
3.760000e-05	7.958045e-03	-1.341666e+01
3.761000e-05	6.169419e-03	-1.319025e+01
3.762000e-05	6.876326e-03	-1.305079e+01
3.763000e-05	7.843686e-03	-1.287336e+01
3.764000e-05	5.607901e-03	-1.267342e+01
3.765000e-05	4.579803e-03	-1.248502e+01
3.766000e-05	5.433310e-03	-1.230755e+01
3.767000e-05	6.305944e-03	-1.214713e+01
3.768000e-05	2.599321e-03	-1.197563e+01
3.769000e-05	1.272128e-03	-1.176650e+01
3.770000e-05	1.767667e-03	-1.151610e+01
3.771000e-05	4.278941e-03	-1.131449e+01
3.772000e-05	3.552448e-03	-1.108231e+01
3.773000e-05	9.931510e-04	-1.083332e+01
3.774000e-05	-2.015483e-04	-1.067132e+01
3.775000e-05	7.636726e-04	-1.050181e+01
3.776000e-05	1.495171e-03	-1.024073e+01
3.777000e-05	-2.732641e-04	-1.001976e+01
3.778000e-05	-1.388161e-03	-9.778671e+00
3.779000e-05	1.964496e-04	-9.557133e+00
3.780000e-05	1.192898e-03	-9.314964e+00
3.781000e-05	-1.360945e-03	-9.072862e+00
3.782000e-05	-2.437692e-03	-8.833333e+00
3.783000e-05	-2.975711e-03	-8.640075e+00
3.784000e-05	-7.596473e-04	-8.337605e+00
3.785000e-05	-1.180905e-03	-8.105515e+00
3.786000e-05	-3.400491e-03	-7.902784e+00
3.787000e-05	-4.551051e-03	-7.526574e+00
3.788000e-05	-3.498579e-03	-7.334913e+00
3.789000e-05	-4.115853e-03	-7.030204e+00
3.790000e-05	-3.966462e-03	-6.787070e+00
3.791000e-05	-5.979974e-03	-6.535812e+00
3.792000e-05	-3.509739e-03	-6.252261e+00
3.793000e-05	-5.576120e-03	-5.945974e+00
3.794000e-05	-3.382689e-03	-5.694284e+00
3.795000e-05	-8.026325e-03	-5.380599e+00
3.796000e-05	-5.609698e-03	-5.093315e+00
3.797000e-05	-5.997376e-03	-4.737621e+00
3.798000e-05	-4.202976e-03	-4.464909e+00
3.799000e-05	-6.184912e-03	-4.273812e+00
3.800000e-05	-7.494740e-03	-4.000150e+00
3.801000e-05	-6.948033e-03	-3.683309e+00
3.802000e-05	-6.806009e-03	-3.412125e+00
3.803000e-05	-8.167491e-03	-3.156444e+00
3.804000e-05	-7.811641e-03	-2.821676e+00
3.805000e-05	-6.653047e-03	-2.518020e+00
3.806000e-05	-6.010410e-03	-2.263761e+00
3.807000e-05	-6.097976e-03	-1.969070e+00
3.808000e-05	-9.056332e-03	-1.673811e+00
3.809000e-05	-8.952351e-03	-1.357599e+00
3.810000e-05	-9.014476e-03	-1.051654e+00
3.811000e-05	-8.192770e-03	-8.091201e-01
3.812000e-05	-9.226300e-03	-4.427055e-01
3.813000e-05	-6.785476e-03	-2.194962e-01
3.814000e-05	-2.744648e-06	4.511409e-02
3.815000e-05	6.178576e-03	3.804472e-01
3.816000e-05	-4.662293e-03	6.620540e-01
3.817000e-05	5.078014e-04	8.846641e-01
3.818000e-05	-5.647805e-03	1.210953e+00
3.819000e-05	-7.432055e-05	1.482639e+00
3.820000e-05	-3.829855e-03	1.822427e+00
3.821000e-05	1.750465e-02	2.010080e+00
3.822000e-05	7.100179e-02	2.314738e+00
3.823000e-05	5.452603e-02	2.621105e+00
3.824000e-05	-8.243044e-02	2.945875e+00
3.825000e-05	-3.053369e-02	3.211506e+00
3.826000e-05	-4.088864e-02	3.577849e+00
3.827000e-05	-2.376192e-02	3.779901e+00
3.828000e-05	-7.911041e-02	3.971526e+00
3.829000e-05	5.784649e-02	4.271086e+00
3.830000e-05	6.484169e-02	4.567848e+00
3.831000e-05	-1.153860e-01	4.839130e+00
3.832000e-05	1.812264e-01	5.084315e+00
3.833000e-05	-1.400359e-01	5.473135e+00
3.834000e-05	2.461017e-02	5.694744e+00
3.835000e-05	-5.392290e-03	6.012007e+00
3.836000e-05	-2.291417e-02	6.261608e+00
3.837000e-05	6.523262e-02	6.536343e+00
3.838000e-05	-8.511603e-02	6.841082e+00
3.839000e-05	4.517188e-02	7.063214e+00
3.840000e-05	-5.381328e-02	7.356897e+00
3.841000e-05	2.419044e-02	7.651615e+00
3.842000e-05	-2.752944e-02	7.945344e+00
3.843000e-05	-1.437548e-02	8.169557e+00
3.844000e-05	4.532137e-02	8.421159e+00
3.845000e-05	-3.606325e-02	8.649636e+00
3.846000e-05	1.380007e-02	8.873768e+00
3.847000e-05	-4.477359e-02	9.137423e+00
3.848000e-05	-1.514067e-02	9.357479e+00
3.849000e-05	1.219202e-02	9.617585e+00
3.850000e-05	1.555280e-03	9.870183e+00
3.851000e-05	-4.264672e-03	1.004474e+01
3.852000e-05	-2.986231e-02	1.033324e+01
3.853000e-05	9.719818e-03	1.045539e+01
3.854000e-05	-2.243592e-02	1.075687e+01
3.855000e-05	-1.135298e-02	1.092800e+01
3.856000e-05	-2.204538e-02	1.115748e+01
3.857000e-05	-1.096291e-03	1.136860e+01
3.858000e-05	4.289114e-03	1.160811e+01
3.859000e-05	-1.357897e-02	1.176003e+01
3.860000e-05	-2.551531e-02	1.197813e+01
3.861000e-05	-2.077860e-02	1.218758e+01
3.862000e-05	-1.813409e-03	1.237698e+01
3.863000e-05	-1.756140e-03	1.253652e+01
3.864000e-05	-1.630229e-02	1.273592e+01
3.865000e-05	-2.079216e-02	1.289487e+01
3.866000e-05	-1.539546e-02	1.306126e+01
3.867000e-05	-9.386145e-03	1.324071e+01
3.868000e-05	-2.036658e-02	1.336698e+01
3.869000e-05	-2.512428e-02	1.355547e+01
3.870000e-05	-1.118667e-02	1.367331e+01
3.871000e-05	-4.247923e-03	1.380871e+01
3.872000e-05	-9.716453e-03	1.400497e+01
3.873000e-05	-3.288041e-02	1.413700e+01
3.874000e-05	-2.406098e-02	1.429282e+01
3.875000e-05	-1.781085e-02	1.440968e+01
3.876000e-05	-8.126652e-03	1.451487e+01
3.877000e-05	-2.313158e-02	1.467174e+01
3.878000e-05	-2.560545e-02	1.472547e+01
3.879000e-05	-1.841015e-02	1.480168e+01
3.880000e-05	-1.706671e-02	1.492485e+01
3.881000e-05	-2.179632e-02	1.498755e+01
3.882000e-05	-3.427774e-02	1.506231e+01
3.883000e-05	-2.243018e-02	1.514708e+01
3.884000e-05	-1.913411e-02	1.521074e+01
3.885000e-05	-1.967204e-02	1.526284e+01
3.886000e-05	-3.666896e-02	1.537498e+01
3.887000e-05	-3.616726e-02	1.540918e+01
3.888000e-05	-2.875236e-02	1.546074e+01
3.889000e-05	-2.388350e-02	1.551295e+01
3.890000e-05	-3.060530e-02	1.555508e+01
3.891000e-05	-3.871658e-02	1.557866e+01
3.892000e-05	-3.221440e-02	1.562076e+01
3.893000e-05	-3.381676e-02	1.560172e+01
3.894000e-05	-3.834211e-02	1.566029e+01
3.895000e-05	-5.128038e-02	1.565181e+01
3.896000e-05	-4.773894e-02	1.565179e+01
3.897000e-05	-4.478146e-02	1.564382e+01
3.898000e-05	-4.739376e-02	1.567337e+01
3.899000e-05	-6.066219e-02	1.561176e+01
3.900000e-05	-7.230427e-02	1.564976e+01
3.901000e-05	-7.186631e-02	1.560768e+01
3.902000e-05	-8.448552e-02	1.556610e+01
3.903000e-05	-1.048772e-01	1.553397e+01
3.904000e-05	-1.424461e-01	1.551138e+01
3.905000e-05	-1.843273e-01	1.545079e+01
3.906000e-05	-2.377775e-01	1.538763e+01
3.907000e-05	-2.500000e-01	1.536400e+01
3.908000e-05	-2.500000e-01	1.528137e+01
3.909000e-05	-2.500000e-01	1.522931e+01
3.910000e-05	-2.484193e-01	1.515713e+01
3.911000e-05	-2.044484e-01	1.505189e+01
3.912000e-05	-1.374115e-01	1.496818e+01
3.913000e-05	-1.006127e-01	1.486286e+01
3.914000e-05	-7.110823e-02	1.479915e+01
3.915000e-05	-5.195406e-02	1.469386e+01
3.916000e-05	-4.411533e-02	1.458771e+01
3.917000e-05	-4.142434e-02	1.449339e+01
3.918000e-05	-3.508980e-02	1.434710e+01
3.919000e-05	-2.624197e-02	1.421033e+01
3.920000e-05	-2.389339e-02	1.409191e+01
3.921000e-05	-2.646323e-02	1.393512e+01
3.922000e-05	-2.764636e-02	1.380723e+01
3.923000e-05	-2.071208e-02	1.367234e+01
3.924000e-05	-1.697737e-02	1.351199e+01
3.925000e-05	-1.918081e-02	1.335650e+01
3.926000e-05	-2.193453e-02	1.319875e+01
3.927000e-05	-2.000970e-02	1.307118e+01
3.928000e-05	-1.464964e-02	1.289334e+01
3.929000e-05	-1.646259e-02	1.271339e+01
3.930000e-05	-1.840349e-02	1.254607e+01
3.931000e-05	-1.859828e-02	1.236963e+01
3.932000e-05	-1.323320e-02	1.216825e+01
3.933000e-05	-1.206624e-02	1.194020e+01
3.934000e-05	-1.605793e-02	1.179873e+01
3.935000e-05	-1.884181e-02	1.157921e+01
3.936000e-05	-1.510770e-02	1.133755e+01
3.937000e-05	-1.190060e-02	1.111652e+01
3.938000e-05	-1.238911e-02	1.091799e+01
3.939000e-05	-1.501981e-02	1.072662e+01
3.940000e-05	-1.414254e-02	1.051492e+01
3.941000e-05	-8.584199e-03	1.028439e+01
3.942000e-05	-1.020000e-02	1.009494e+01
3.943000e-05	-1.177467e-02	9.872383e+00
3.944000e-05	-1.595201e-02	9.629678e+00
3.945000e-05	-1.304807e-02	9.398145e+00
3.946000e-05	-1.078646e-02	9.149643e+00
3.947000e-05	-1.247765e-02	8.896441e+00
3.948000e-05	-1.214419e-02	8.664410e+00
3.949000e-05	-1.089943e-02	8.412231e+00
3.950000e-05	-6.562545e-03	8.229152e+00
3.951000e-05	-7.856051e-03	7.957018e+00
3.952000e-05	-1.076979e-02	7.664336e+00
3.953000e-05	-1.348630e-02	7.379550e+00
3.954000e-05	-1.181784e-02	7.096022e+00
3.955000e-05	-9.084022e-03	6.863337e+00
3.956000e-05	-1.032308e-02	6.600653e+00
3.957000e-05	-1.095987e-02	6.305990e+00
3.958000e-05	-8.529239e-03	6.084336e+00
3.959000e-05	-5.718994e-03	5.790653e+00
3.960000e-05	-5.759456e-03	5.545917e+00
3.961000e-05	-1.023033e-02	5.242307e+00
3.962000e-05	-1.079153e-02	4.895888e+00
3.963000e-05	-8.161126e-03	4.610626e+00
3.964000e-05	-7.407306e-03	4.328045e+00
3.965000e-05	-9.528377e-03	4.053779e+00
3.966000e-05	-9.045864e-03	3.790546e+00
3.967000e-05	-7.552743e-03	3.516790e+00
3.968000e-05	-5.167204e-03	3.200625e+00
3.969000e-05	-6.858447e-03	2.925890e+00
3.970000e-05	-8.846279e-03	2.703854e+00
3.971000e-05	-7.714324e-03	2.357517e+00
3.972000e-05	-6.971536e-03	2.064262e+00
3.973000e-05	-6.581597e-03	1.809175e+00
3.974000e-05	-9.360174e-03	1.484736e+00
3.975000e-05	-7.282259e-03	1.201097e+00
3.976000e-05	-5.290986e-03	8.222003e-01
3.977000e-05	-3.220920e-03	5.485421e-01
3.978000e-05	-4.456980e-03	3.244370e-01
3.979000e-05	-3.721600e-03	-4.088125e-02
3.980000e-05	3.583876e-03	-2.846618e-01
3.981000e-05	6.677833e-03	-5.477471e-01
3.982000e-05	-2.356819e-03	-8.635602e-01
3.983000e-05	2.782337e-05	-1.076689e+00
3.984000e-05	-2.820090e-03	-1.442533e+00
3.985000e-05	1.218427e-03	-1.693112e+00
3.986000e-05	1.257034e-02	-1.924743e+00
3.987000e-05	6.673299e-02	-2.177399e+00
3.988000e-05	1.022053e-01	-2.463142e+00
3.989000e-05	-8.214788e-02	-2.914689e+00
3.990000e-05	-4.597376e-03	-3.304137e+00
3.991000e-05	-5.090360e-02	-3.545763e+00
3.992000e-05	-2.531063e-02	-3.736795e+00
3.993000e-05	-9.542265e-02	-4.000979e+00
3.994000e-05	1.911741e-01	-4.156770e+00
3.995000e-05	-1.175489e-01	-4.408481e+00
3.996000e-05	7.052968e-02	-4.767946e+00
3.997000e-05	1.017377e-01	-4.977402e+00
3.998000e-05	-1.707234e-01	-5.359900e+00
3.999000e-05	1.785411e-01	-5.632110e+00
4.000000e-05	-1.811246e-01	-5.932693e+00
4.001000e-05	1.209487e-01	-6.218560e+00
4.002000e-05	1.419215e-02	-6.450582e+00
4.003000e-05	-5.598580e-02	-6.766826e+00
4.004000e-05	1.183274e-01	-7.010034e+00
4.005000e-05	-1.503340e-01	-7.327746e+00
4.006000e-05	1.330410e-01	-7.597428e+00
4.007000e-05	-8.832350e-02	-7.848685e+00
4.008000e-05	6.236686e-02	-8.136870e+00
4.009000e-05	4.297995e-02	-8.326375e+00
4.010000e-05	-6.629023e-02	-8.642638e+00
4.011000e-05	1.173508e-01	-8.893142e+00
4.012000e-05	-1.328281e-01	-9.135319e+00
4.013000e-05	9.796764e-02	-9.336471e+00
4.014000e-05	-6.686991e-02	-9.527404e+00
4.015000e-05	8.735214e-02	-9.819530e+00
4.016000e-05	-4.097340e-03	-1.003101e+01
4.017000e-05	1.748177e-04	-1.030019e+01
4.018000e-05	2.957129e-02	-1.046437e+01
4.019000e-05	-4.703499e-02	-1.070637e+01
4.020000e-05	6.705627e-02	-1.090385e+01
4.021000e-05	-5.358753e-02	-1.111590e+01
4.022000e-05	7.301158e-02	-1.137595e+01
4.023000e-05	-3.416184e-02	-1.154853e+01
4.024000e-05	5.562908e-02	-1.181858e+01
4.025000e-05	-2.702192e-02	-1.200898e+01
4.026000e-05	2.199378e-02	-1.219861e+01
4.027000e-05	-2.604601e-03	-1.234900e+01
4.028000e-05	2.536776e-02	-1.253653e+01
4.029000e-05	2.286554e-02	-1.269387e+01
4.030000e-05	-7.535405e-05	-1.291597e+01
4.031000e-05	1.450916e-02	-1.306225e+01
4.032000e-05	-4.998303e-03	-1.326121e+01
4.033000e-05	2.619750e-02	-1.341913e+01
4.034000e-05	-2.302666e-03	-1.353490e+01
4.035000e-05	3.000997e-02	-1.371335e+01
4.036000e-05	7.495550e-03	-1.386181e+01
4.037000e-05	3.031728e-02	-1.400818e+01
4.038000e-05	5.057951e-04	-1.415502e+01
4.039000e-05	1.195845e-02	-1.430132e+01
4.040000e-05	1.452603e-03	-1.438814e+01
4.041000e-05	2.547838e-02	-1.450595e+01
4.042000e-05	1.784997e-02	-1.465171e+01
4.043000e-05	2.204771e-02	-1.476708e+01
4.044000e-05	1.233759e-02	-1.483227e+01
4.045000e-05	1.660352e-02	-1.495495e+01
4.046000e-05	1.922425e-02	-1.507074e+01
4.047000e-05	1.425125e-02	-1.513542e+01
4.048000e-05	1.865702e-02	-1.518869e+01
4.049000e-05	1.772137e-02	-1.532435e+01
4.050000e-05	2.766322e-02	-1.534553e+01
4.051000e-05	1.720094e-02	-1.545913e+01
4.052000e-05	1.965025e-02	-1.553324e+01
4.053000e-05	1.671068e-02	-1.556503e+01
4.054000e-05	2.926746e-02	-1.560763e+01
4.055000e-05	2.897125e-02	-1.564969e+01
4.056000e-05	2.889481e-02	-1.564239e+01
4.057000e-05	2.523411e-02	-1.569290e+01
4.058000e-05	2.824093e-02	-1.567348e+01
4.059000e-05	3.186525e-02	-1.574563e+01
4.060000e-05	3.110980e-02	-1.577610e+01
4.061000e-05	3.299054e-02	-1.573708e+01
4.062000e-05	3.926370e-02	-1.576805e+01
4.063000e-05	4.822948e-02	-1.572665e+01
4.064000e-05	4.995916e-02	-1.574753e+01
4.065000e-05	4.990851e-02	-1.575508e+01
4.066000e-05	5.654532e-02	-1.570352e+01
4.067000e-05	6.938333e-02	-1.567287e+01
4.068000e-05	8.474387e-02	-1.565284e+01
4.069000e-05	1.036989e-01	-1.562978e+01
4.070000e-05	1.341110e-01	-1.556813e+01
4.071000e-05	1.885193e-01	-1.552452e+01
4.072000e-05	2.420506e-01	-1.546239e+01
4.073000e-05	2.500000e-01	-1.543063e+01
4.074000e-05	2.500000e-01	-1.536863e+01
4.075000e-05	2.500000e-01	-1.528392e+01
4.076000e-05	2.461667e-01	-1.518776e+01
4.077000e-05	1.885806e-01	-1.514395e+01
4.078000e-05	1.187886e-01	-1.506076e+01
4.079000e-05	7.981718e-02	-1.494549e+01
4.080000e-05	6.014242e-02	-1.487129e+01
4.081000e-05	4.564676e-02	-1.475808e+01
4.082000e-05	3.332435e-02	-1.464136e+01
4.083000e-05	2.591502e-02	-1.453800e+01
4.084000e-05	2.426783e-02	-1.441074e+01
4.085000e-05	2.103422e-02	-1.429304e+01
4.086000e-05	1.706831e-02	-1.414753e+01
4.087000e-05	1.211993e-02	-1.403123e+01
4.088000e-05	1.213726e-02	-1.388287e+01
4.089000e-05	1.313635e-02	-1.374694e+01
4.090000e-05	1.302361e-02	-1.359663e+01
4.091000e-05	8.253595e-03	-1.344923e+01
4.092000e-05	7.210646e-03	-1.326234e+01
4.093000e-05	7.847024e-03	-1.311299e+01
4.094000e-05	7.210213e-03	-1.296702e+01
4.095000e-05	5.966297e-03	-1.276755e+01
4.096000e-05	3.504481e-03	-1.263868e+01
4.097000e-05	5.694063e-03	-1.244179e+01
4.098000e-05	6.237363e-03	-1.224126e+01
4.099000e-05	4.520864e-03	-1.204236e+01
4.100000e-05	1.626239e-03	-1.185386e+01
4.101000e-05	1.217544e-03	-1.164083e+01
4.102000e-05	4.053606e-03	-1.138913e+01
4.103000e-05	3.911772e-03	-1.117765e+01
4.104000e-05	2.857357e-03	-1.099760e+01
4.105000e-05	1.886870e-04	-1.074805e+01
4.106000e-05	1.028025e-03	-1.060763e+01
4.107000e-05	2.124668e-03	-1.030552e+01
4.108000e-05	9.668687e-06	-1.012534e+01
4.109000e-05	-8.656953e-04	-9.873786e+00
4.110000e-05	-1.059586e-03	-9.633810e+00
4.111000e-05	6.115089e-04	-9.448756e+00
4.112000e-05	-6.676156e-04	-9.158126e+00
4.113000e-05	-2.903281e-03	-8.988047e+00
4.114000e-05	-3.598764e-03	-8.765024e+00
4.115000e-05	-2.445315e-03	-8.492862e+00
4.116000e-05	-1.530808e-03	-8.221183e+00
4.117000e-05	-1.989747e-03	-7.971078e+00
4.118000e-05	-4.214753e-03	-7.683414e+00
4.119000e-05	-3.205276e-03	-7.450680e+00
4.120000e-05	-3.580352e-03	-7.148100e+00
4.121000e-05	-3.142371e-03	-6.854862e+00
4.122000e-05	-5.778796e-03	-6.600656e+00
4.123000e-05	-4.213668e-03	-6.378627e+00
4.124000e-05	-4.521504e-03	-6.053809e+00
4.125000e-05	-3.898336e-03	-5.832629e+00
4.126000e-05	-5.669531e-03	-5.536521e+00
4.127000e-05	-6.873615e-03	-5.221179e+00
4.128000e-05	-6.229441e-03	-4.946518e+00
4.129000e-05	-4.206499e-03	-4.600700e+00
4.130000e-05	-4.454221e-03	-4.368501e+00
4.131000e-05	-6.482949e-03	-4.086315e+00
4.132000e-05	-7.805062e-03	-3.830632e+00
4.133000e-05	-6.417979e-03	-3.546919e+00
4.134000e-05	-8.917016e-03	-3.303310e+00
4.135000e-05	-7.559690e-03	-2.967470e+00
4.136000e-05	-1.013009e-02	-2.694363e+00
4.137000e-05	-6.087908e-03	-2.409598e+00
4.138000e-05	-6.510351e-03	-2.094833e+00
4.139000e-05	-5.935635e-03	-1.820653e+00
4.140000e-05	-9.486157e-03	-1.556991e+00
4.141000e-05	-8.978384e-03	-1.160048e+00
4.142000e-05	-9.185617e-03	-9.038170e-01
4.143000e-05	-9.814176e-03	-6.196789e-01
4.144000e-05	-8.555232e-03	-3.163380e-01
4.145000e-05	-6.623866e-03	-2.170289e-02
4.146000e-05	8.125274e-03	2.816115e-01
4.147000e-05	-3.982610e-03	5.547407e-01
4.148000e-05	2.475426e-03	7.483711e-01
4.149000e-05	-5.523784e-03	1.073134e+00
4.150000e-05	-1.057467e-03	1.358847e+00
4.151000e-05	-5.271590e-03	1.683735e+00
4.152000e-05	8.676979e-03	1.935266e+00
4.153000e-05	3.369779e-02	2.155874e+00
4.154000e-05	1.015605e-01	2.422012e+00
4.155000e-05	-5.140495e-02	2.821932e+00
4.156000e-05	-4.809648e-02	3.104265e+00
4.157000e-05	-4.310387e-02	3.409530e+00
4.158000e-05	-1.865177e-02	3.663737e+00
4.159000e-05	-7.129107e-02	3.893868e+00
4.160000e-05	-2.748527e-02	4.124320e+00
4.161000e-05	1.291419e-01	4.408485e+00
4.162000e-05	-1.032757e-01	4.684342e+00
4.163000e-05	8.192384e-02	4.946471e+00
4.164000e-05	2.994912e-02	5.313793e+00
4.165000e-05	-1.138585e-01	5.578925e+00
4.166000e-05	7.551101e-02	5.882189e+00
4.167000e-05	-7.403961e-02	6.146425e+00
4.168000e-05	7.297960e-02	6.366927e+00
4.169000e-05	-3.562378e-02	6.672717e+00
4.170000e-05	-2.437102e-02	6.975875e+00
4.171000e-05	1.731745e-02	7.198588e+00
4.172000e-05	-4.871961e-02	7.483319e+00
4.173000e-05	4.143432e-02	7.777029e+00
4.174000e-05	-6.851713e-02	8.073214e+00
4.175000e-05	5.467821e-02	8.344876e+00
4.176000e-05	-7.145481e-03	8.547874e+00
4.177000e-05	-1.741498e-02	8.766977e+00
4.178000e-05	4.454280e-03	9.010184e+00
4.179000e-05	-6.623134e-02	9.293213e+00
4.180000e-05	3.563578e-02	9.493271e+00
4.181000e-05	-2.315686e-02	9.755352e+00
4.182000e-05	2.840859e-02	9.987428e+00
4.183000e-05	-4.430136e-02	1.020756e+01
4.184000e-05	8.865900e-03	1.039814e+01
4.185000e-05	-1.045156e-02	1.066016e+01
4.186000e-05	-1.984068e-02	1.083971e+01
4.187000e-05	-1.135846e-02	1.106071e+01
4.188000e-05	-2.694003e-02	1.127232e+01
4.189000e-05	1.918237e-02	1.155390e+01
4.190000e-05	-2.007709e-02	1.169484e+01
4.191000e-05	-6.257683e-03	1.194479e+01
4.192000e-05	-4.050514e-02	1.213387e+01
4.193000e-05	3.066373e-03	1.230481e+01
4.194000e-05	-6.223629e-03	1.249387e+01
4.195000e-05	-3.294334e-03	1.264076e+01
4.196000e-05	-2.216366e-02	1.279026e+01
4.197000e-05	-2.020179e-02	1.294763e+01
4.198000e-05	-7.437195e-03	1.315703e+01
4.199000e-05	-2.206622e-02	1.330485e+01
4.200000e-05	-2.037999e-02	1.348924e+01
4.201000e-05	-2.678579e-02	1.360114e+01
4.202000e-05	3.223807e-03	1.375748e+01
4.203000e-05	-9.174642e-03	1.390285e+01
4.204000e-05	-1.684544e-02	1.407021e+01
4.205000e-05	-3.262943e-02	1.422914e+01
4.206000e-05	-2.066677e-02	1.432798e+01
4.207000e-05	-1.182626e-02	1.444119e+01
4.208000e-05	-1.999441e-02	1.457758e+01
4.209000e-05	-2.412886e-02	1.467174e+01
4.210000e-05	-2.553955e-02	1.480908e+01
4.211000e-05	-1.085383e-02	1.484927e+01
4.212000e-05	-2.169585e-02	1.494552e+01
4.213000e-05	-2.676981e-02	1.501876e+01
4.214000e-05	-3.078492e-02	1.509345e+01
4.215000e-05	-1.912142e-02	1.518718e+01
4.216000e-05	-1.723686e-02	1.524084e+01
4.217000e-05	-3.071888e-02	1.529402e+01
4.218000e-05	-3.629518e-02	1.534608e+01
4.219000e-05	-3.568526e-02	1.547026e+01
4.220000e-05	-2.146078e-02	1.553287e+01
4.221000e-05	-2.901636e-02	1.552400e+01
4.222000e-05	-3.433011e-02	1.556707e+01
4.223000e-05	-3.661107e-02	1.557816e+01
4.224000e-05	-3.038545e-02	1.557871e+01
4.225000e-05	-3.440305e-02	1.559867e+01
4.226000e-05	-4.791056e-02	1.565429e+01
4.227000e-05	-5.096973e-02	1.565231e+01
4.228000e-05	-4.805352e-02	1.567081e+01
4.229000e-05	-4.159924e-02	1.564130e+01
4.230000e-05	-5.578057e-02	1.567226e+01
4.231000e-05	-6.708717e-02	1.566186e+01
4.232000e-05	-7.346340e-02	1.562771e+01
4.233000e-05	-7.668575e-02	1.555615e+01
4.234000e-05	-9.321730e-02	1.553510e+01
4.235000e-05	-1.242755e-01	1.552239e+01
4.236000e-05	-1.619822e-01	1.548136e+01
4.237000e-05	-2.156757e-01	1.540973e+01
4.238000e-05	-2.483072e-01	1.535655e+01
4.239000e-05	-2.500000e-01	1.531500e+01
4.240000e-05	-2.500000e-01	1.527081e+01
4.241000e-05	-2.500000e-01	1.515915e+01
4.242000e-05	-2.323172e-01	1.514341e+01
4.243000e-05	-1.632303e-01	1.499076e+01
4.244000e-05	-1.161944e-01	1.492452e+01
4.245000e-05	-8.454935e-02	1.478921e+01
4.246000e-05	-6.031904e-02	1.472450e+01
4.247000e-05	-4.563256e-02	1.463883e+01
4.248000e-05	-4.331814e-02	1.455402e+01
4.249000e-05	-3.932215e-02	1.436828e+01
4.250000e-05	-3.001804e-02	1.427492e+01
4.251000e-05	-2.377926e-02	1.417658e+01
4.252000e-05	-2.286890e-02	1.402883e+01
4.253000e-05	-2.833075e-02	1.391181e+01
4.254000e-05	-2.329630e-02	1.370602e+01
4.255000e-05	-1.958604e-02	1.356753e+01
4.256000e-05	-1.598947e-02	1.343036e+01
4.257000e-05	-2.281604e-02	1.327189e+01
4.258000e-05	-2.114272e-02	1.314502e+01
4.259000e-05	-1.818153e-02	1.297652e+01
4.260000e-05	-1.350601e-02	1.274713e+01
4.261000e-05	-1.655238e-02	1.262978e+01
4.262000e-05	-1.935562e-02	1.241284e+01
4.263000e-05	-1.552941e-02	1.230182e+01
4.264000e-05	-1.229010e-02	1.208439e+01
4.265000e-05	-1.293126e-02	1.187394e+01
4.266000e-05	-1.863936e-02	1.166387e+01
4.267000e-05	-1.686746e-02	1.149241e+01
4.268000e-05	-1.320954e-02	1.123381e+01
4.269000e-05	-9.454229e-03	1.104078e+01
4.270000e-05	-1.297908e-02	1.082231e+01
4.271000e-05	-1.499557e-02	1.061018e+01
4.272000e-05	-1.128736e-02	1.039771e+01
4.273000e-05	-1.058566e-02	1.018968e+01
4.274000e-05	-1.096817e-02	9.948129e+00
4.275000e-05	-1.564339e-02	9.685867e+00
4.276000e-05	-1.302262e-02	9.482288e+00
4.277000e-05	-1.030791e-02	9.264285e+00
4.278000e-05	-9.317152e-03	9.049828e+00
4.279000e-05	-1.273739e-02	8.808626e+00
4.280000e-05	-1.333084e-02	8.535446e+00
4.281000e-05	-1.047159e-02	8.333969e+00
4.282000e-05	-7.228898e-03	8.062284e+00
4.283000e-05	-8.683685e-03	7.798179e+00
4.284000e-05	-1.181078e-02	7.515491e+00
4.285000e-05	-1.118651e-02	7.241710e+00
4.286000e-05	-8.405029e-03	6.980599e+00
4.287000e-05	-9.506372e-03	6.727567e+00
4.288000e-05	-1.158050e-02	6.455259e+00
4.289000e-05	-1.070929e-02	6.199128e+00
4.290000e-05	-7.834834e-03	5.978020e+00
4.291000e-05	-5.809565e-03	5.642258e+00
4.292000e-05	-8.636897e-03	5.410677e+00
4.293000e-05	-1.126486e-02	5.081786e+00
4.294000e-05	-9.131142e-03	4.716943e+00
4.295000e-05	-7.416303e-03	4.492859e+00
4.296000e-05	-7.274993e-03	4.199100e+00
4.297000e-05	-8.865536e-03	3.894312e+00
4.298000e-05	-7.753542e-03	3.632182e+00
4.299000e-05	-6.457180e-03	3.326995e+00
4.300000e-05	-5.880526e-03	3.051735e+00
4.301000e-05	-7.801542e-03	2.830571e+00
4.302000e-05	-8.847363e-03	2.463408e+00
4.303000e-05	-6.804407e-03	2.190096e+00
4.304000e-05	-5.241120e-03	1.945918e+00
4.305000e-05	-5.812142e-03	1.640177e+00
4.306000e-05	-8.146244e-03	1.346942e+00
4.307000e-05	-7.036763e-03	9.886026e-01
4.308000e-05	-4.832526e-03	6.743345e-01
4.309000e-05	-4.430569e-03	4.316741e-01
4.310000e-05	-5.758867e-03	9.583711e-02
4.311000e-05	-3.122649e-03	-1.482920e-01
4.312000e-05	1.228932e-02	-4.214788e-01
4.313000e-05	-2.134839e-03	-7.477944e-01
4.314000e-05	5.111653e-03	-9.789274e-01
4.315000e-05	-5.240150e-03	-1.262588e+00
4.316000e-05	3.456695e-03	-1.599776e+00
4.317000e-05	1.422393e-03	-1.789905e+00
4.318000e-05	3.272066e-02	-2.040031e+00
4.319000e-05	1.205933e-01	-2.324796e+00
4.320000e-05	-2.101690e-02	-2.684718e+00
4.321000e-05	-4.621801e-02	-3.125247e+00
4.322000e-05	-2.520477e-02	-3.419980e+00
4.323000e-05	-2.916896e-02	-3.630481e+00
4.324000e-05	-8.248317e-02	-3.862694e+00
4.325000e-05	6.116013e-02	-4.053713e+00
4.326000e-05	1.057705e-01	-4.292637e+00
4.327000e-05	-1.590065e-01	-4.609960e+00
4.328000e-05	2.087994e-01	-4.862688e+00
4.329000e-05	-1.586749e-01	-5.168426e+00
4.330000e-05	8.116621e-02	-5.576872e+00
4.331000e-05	-7.564622e-03	-5.736320e+00
4.332000e-05	-9.816711e-02	-6.104244e+00
4.333000e-05	1.865975e-01	-6.305789e+00
4.334000e-05	-1.412474e-01	-6.599532e+00
4.335000e-05	1.284937e-01	-6.874794e+00
4.336000e-05	-7.761401e-02	-7.157405e+00
4.337000e-05	-3.444384e-03	-7.442693e+00
4.338000e-05	6.896901e-02	-7.724392e+00
4.339000e-05	-9.511390e-02	-8.040509e+00
4.340000e-05	1.553225e-01	-8.240608e+00
4.341000e-05	-1.151736e-01	-8.492667e+00
4.342000e-05	1.032871e-01	-8.758506e+00
4.343000e-05	-4.639773e-02	-8.978554e+00
4.344000e-05	-1.796069e-02	-9.232610e+00
4.345000e-05	4.504151e-02	-9.461060e+00
4.346000e-05	-4.119020e-02	-9.725295e+00
4.347000e-05	1.127496e-01	-9.913297e+00
4.348000e-05	-7.890466e-02	-1.016653e+01
4.349000e-05	8.646043e-02	-1.040056e+01
4.350000e-05	-7.460618e-02	-1.061806e+01
4.351000e-05	6.189698e-02	-1.082114e+01
4.352000e-05	-2.617681e-02	-1.103063e+01
4.353000e-05	2.503975e-02	-1.130319e+01
4.354000e-05	1.659383e-02	-1.145222e+01
4.355000e-05	2.105182e-03	-1.171430e+01
4.356000e-05	3.256392e-02	-1.192135e+01
4.357000e-05	-2.828624e-02	-1.212494e+01
4.358000e-05	3.325648e-02	-1.227227e+01
4.359000e-05	-1.292835e-02	-1.247382e+01
4.360000e-05	5.247164e-02	-1.265024e+01
4.361000e-05	-1.208996e-02	-1.286216e+01
4.362000e-05	2.370254e-02	-1.300863e+01
4.363000e-05	-1.134732e-02	-1.318848e+01
4.364000e-05	2.424725e-02	-1.331500e+01
4.365000e-05	3.456643e-03	-1.348129e+01
4.366000e-05	1.856807e-02	-1.361169e+01
4.367000e-05	1.413687e-02	-1.376808e+01
4.368000e-05	2.202173e-02	-1.394600e+01
4.369000e-05	1.543162e-02	-1.405084e+01
4.370000e-05	3.278509e-03	-1.424871e+01
4.371000e-05	6.176454e-03	-1.434703e+01
4.372000e-05	1.247270e-02	-1.447534e+01
4.373000e-05	2.621171e-02	-1.456856e+01
4.374000e-05	1.617515e-02	-1.469585e+01
4.375000e-05	1.896244e-02	-1.481921e+01
4.376000e-05	9.085692e-03	-1.488289e+01
4.377000e-05	2.350353e-02	-1.493816e+01
4.378000e-05	1.335477e-02	-1.511132e+01
4.379000e-05	1.954401e-02	-1.515753e+01
4.380000e-05	1.398655e-02	-1.524124e+01
4.381000e-05	2.593907e-02	-1.533500e+01
4.382000e-05	2.204212e-02	-1.536718e+01
4.383000e-05	1.964707e-02	-1.543029e+01
4.384000e-05	1.529181e-02	-1.548287e+01
4.385000e-05	2.245850e-02	-1.556795e+01
4.386000e-05	3.101950e-02	-1.560909e+01
4.387000e-05	2.789695e-02	-1.564179e+01
4.388000e-05	2.669628e-02	-1.566284e+01
4.389000e-05	2.535177e-02	-1.570400e+01
4.390000e-05	3.271126e-02	-1.572395e+01
4.391000e-05	3.074552e-02	-1.577553e+01
4.392000e-05	3.181043e-02	-1.573705e+01
4.393000e-05	3.380173e-02	-1.573658e+01
4.394000e-05	4.447847e-02	-1.575715e+01
4.395000e-05	5.009700e-02	-1.574658e+01
4.396000e-05	4.987583e-02	-1.574603e+01
4.397000e-05	5.137968e-02	-1.574400e+01
4.398000e-05	6.215129e-02	-1.569395e+01
4.399000e-05	7.722185e-02	-1.569244e+01
4.400000e-05	9.501156e-02	-1.564132e+01
4.401000e-05	1.174099e-01	-1.562921e+01
4.402000e-05	1.596902e-01	-1.552813e+01
4.403000e-05	2.240463e-01	-1.551342e+01
4.404000e-05	2.493870e-01	-1.541082e+01
4.405000e-05	2.500000e-01	-1.538966e+01
4.406000e-05	2.500000e-01	-1.531547e+01
4.407000e-05	2.499989e-01	-1.523186e+01
4.408000e-05	2.216853e-01	-1.516610e+01
4.409000e-05	1.481596e-01	-1.506077e+01
4.410000e-05	9.571231e-02	-1.499915e+01
4.411000e-05	6.763742e-02	-1.491292e+01
4.412000e-05	5.254947e-02	-1.479028e+01
4.413000e-05	3.939102e-02	-1.474292e+01
4.414000e-05	2.865896e-02	-1.457914e+01
4.415000e-05	2.399961e-02	-1.447387e+01
4.416000e-05	2.201857e-02	-1.437560e+01
4.417000e-05	1.909680e-02	-1.422123e+01
4.418000e-05	1.343463e-02	-1.409244e+01
4.419000e-05	1.084133e-02	-1.395805e+01
4.420000e-05	1.222715e-02	-1.375711e+01
4.421000e-05	1.461465e-02	-1.367186e+01
4.422000e-05	1.145578e-02	-1.347497e+01
4.423000e-05	7.413081e-03	-1.333447e+01
4.424000e-05	5.190260e-03	-1.317868e+01
4.425000e-05	7.277463e-03	-1.303869e+01
4.426000e-05	7.208414e-03	-1.287189e+01
4.427000e-05	5.932098e-03	-1.267352e+01
4.428000e-05	4.010512e-03	-1.250442e+01
4.429000e-05	5.724797e-03	-1.228555e+01
4.430000e-05	5.959333e-03	-1.217757e+01
4.431000e-05	3.173572e-03	-1.198665e+01
4.432000e-05	2.628907e-04	-1.174655e+01
4.433000e-05	2.425777e-03	-1.148557e+01
4.434000e-05	5.227303e-03	-1.128289e+01
4.435000e-05	3.683639e-03	-1.108281e+01
4.436000e-05	1.550101e-03	-1.084228e+01
4.437000e-05	2.222600e-04	-1.069172e+01
4.438000e-05	1.109400e-03	-1.044124e+01
4.439000e-05	1.799193e-03	-1.023768e+01
4.440000e-05	-5.190424e-04	-9.959176e+00
4.441000e-05	-9.060735e-04	-9.728175e+00
4.442000e-05	-6.498062e-04	-9.546998e+00
4.443000e-05	7.460154e-04	-9.324942e+00
4.444000e-05	-1.345371e-03	-9.082808e+00
4.445000e-05	-3.268339e-03	-8.840733e+00
4.446000e-05	-2.904583e-03	-8.568127e+00
4.447000e-05	-1.178670e-03	-8.326520e+00
4.448000e-05	-3.142737e-03	-8.085839e+00
4.449000e-05	-1.556081e-03	-7.831708e+00
4.450000e-05	-4.532296e-03	-7.534492e+00
4.451000e-05	-2.376785e-03	-7.275287e+00
4.452000e-05	-1.769423e-03	-6.989683e+00
4.453000e-05	-4.884432e-03	-6.736470e+00
4.454000e-05	-4.102357e-03	-6.483341e+00
4.455000e-05	-6.838945e-03	-6.239654e+00
4.456000e-05	-5.670582e-03	-5.958044e+00
4.457000e-05	-5.582535e-03	-5.641809e+00
4.458000e-05	-5.331198e-03	-5.388949e+00
4.459000e-05	-3.195798e-03	-5.073809e+00
4.460000e-05	-4.656475e-03	-4.737068e+00
4.461000e-05	-3.372838e-03	-4.464331e+00
4.462000e-05	-6.794734e-03	-4.252182e+00
4.463000e-05	-7.792664e-03	-3.949147e+00
4.464000e-05	-9.272589e-03	-3.621757e+00
4.465000e-05	-8.455886e-03	-3.399074e+00
4.466000e-05	-7.413645e-03	-3.158463e+00
4.467000e-05	-6.274342e-03	-2.791074e+00
4.468000e-05	-5.534326e-03	-2.537917e+00
4.469000e-05	-5.827576e-03	-2.211752e+00
4.470000e-05	-5.825949e-03	-1.946942e+00
4.471000e-05	-8.988209e-03	-1.673258e+00
4.472000e-05	-9.443412e-03	-1.356969e+00
4.473000e-05	-1.161448e-02	-1.051700e+00
4.474000e-05	-9.124191e-03	-7.669937e-01
4.475000e-05	-8.195263e-03	-4.306242e-01
4.476000e-05	-6.025869e-03	-1.390675e-01
4.477000e-05	9.718755e-04	7.563797e-02
4.478000e-05	5.601170e-03	4.209224e-01
4.479000e-05	-3.367404e-03	6.540053e-01
4.480000e-05	1.050270e-03	8.841682e-01
4.481000e-05	-6.234001e-03	1.232056e+00
4.482000e-05	-1.466720e-03	1.513722e+00
4.483000e-05	-2.853071e-03	1.820506e+00
4.484000e-05	1.941098e-02	2.051031e+00
4.485000e-05	7.959542e-02	2.266267e+00
4.486000e-05	3.960543e-02	2.662058e+00
4.487000e-05	-8.058662e-02	2.978925e+00
4.488000e-05	-3.123975e-02	3.241612e+00
4.489000e-05	-3.878476e-02	3.579404e+00
4.490000e-05	-3.045345e-02	3.829477e+00
4.491000e-05	-7.598937e-02	3.988904e+00
4.492000e-05	7.248706e-02	4.251665e+00
4.493000e-05	4.325457e-02	4.598476e+00
4.494000e-05	-9.714762e-02	4.841031e+00
4.495000e-05	1.754926e-01	5.134793e+00
4.496000e-05	-1.540424e-01	5.492185e+00
4.497000e-05	4.288223e-02	5.735743e+00
4.498000e-05	-1.944877e-02	6.042135e+00
4.499000e-05	-6.132976e-03	6.272216e+00
4.500000e-05	5.494701e-02	6.546372e+00
4.501000e-05	-8.333389e-02	6.842589e+00
4.502000e-05	4.880143e-02	7.102712e+00
4.503000e-05	-6.179889e-02	7.377927e+00
4.504000e-05	3.307230e-02	7.662212e+00
4.505000e-05	-3.952069e-02	7.916425e+00
4.506000e-05	-8.492994e-04	8.230109e+00
4.507000e-05	4.041863e-02	8.441689e+00
4.508000e-05	-3.604390e-02	8.682738e+00
4.509000e-05	1.560292e-02	8.903867e+00
4.510000e-05	-5.375040e-02	9.136401e+00
4.511000e-05	-4.842849e-03	9.368056e+00
4.512000e-05	5.556312e-03	9.631061e+00
4.513000e-05	7.761442e-03	9.860765e+00
4.514000e-05	-1.154122e-02	1.011472e+01
4.515000e-05	-2.393944e-02	1.031374e+01
4.516000e-05	7.867156e-03	1.054440e+01
4.517000e-05	-2.310364e-02	1.075593e+01
4.518000e-05	-1.150100e-02	1.097698e+01
4.519000e-05	-2.386409e-02	1.117760e+01
4.520000e-05	3.473188e-03	1.143866e+01
4.521000e-05	-2.055197e-04	1.164906e+01
4.522000e-05	-1.234163e-02	1.181856e+01
4.523000e-05	-2.863752e-02	1.200163e+01
4.524000e-05	-1.599695e-02	1.216998e+01
4.525000e-05	-2.403099e-03	1.241763e+01
4.526000e-05	-1.915029e-03	1.257695e+01
4.527000e-05	-1.859631e-02	1.274647e+01
4.528000e-05	-2.124409e-02	1.288294e+01
4.529000e-05	-1.366807e-02	1.306174e+01
4.530000e-05	-1.102470e-02	1.326221e+01
4.531000e-05	-2.063811e-02	1.342705e+01
4.532000e-05	-2.596756e-02	1.354508e+01
4.533000e-05	-6.835573e-03	1.370485e+01
4.534000e-05	-5.708152e-03	1.386966e+01
4.535000e-05	-1.107130e-02	1.395765e+01
4.536000e-05	-3.565501e-02	1.412758e+01
4.537000e-05	-2.376400e-02	1.424287e+01
4.538000e-05	-1.758077e-02	1.442813e+01
4.539000e-05	-8.821095e-03	1.455395e+01
4.540000e-05	-2.424502e-02	1.463119e+01
4.541000e-05	-2.510713e-02	1.472595e+01
4.542000e-05	-1.584596e-02	1.479076e+01
4.543000e-05	-1.735702e-02	1.488489e+01
4.544000e-05	-2.389377e-02	1.498858e+01
4.545000e-05	-3.485371e-02	1.504141e+01
4.546000e-05	-2.164549e-02	1.516658e+01
4.547000e-05	-1.798153e-02	1.523079e+01
4.548000e-05	-2.009646e-02	1.525387e+01
4.549000e-05	-3.686532e-02	1.532555e+01
4.550000e-05	-3.702161e-02	1.544966e+01
4.551000e-05	-2.747383e-02	1.547234e+01
4.552000e-05	-2.495818e-02	1.551347e+01
4.553000e-05	-3.184054e-02	1.555408e+01
4.554000e-05	-4.042433e-02	1.557963e+01
4.555000e-05	-3.114953e-02	1.557966e+01
4.556000e-05	-3.342001e-02	1.566031e+01
4.557000e-05	-4.010450e-02	1.565079e+01
4.558000e-05	-5.239416e-02	1.571132e+01
4.559000e-05	-4.821604e-02	1.561092e+01
4.560000e-05	-4.329021e-02	1.564384e+01
4.561000e-05	-4.777798e-02	1.561984e+01
4.562000e-05	-6.126873e-02	1.561082e+01
4.563000e-05	-7.332263e-02	1.563084e+01
4.564000e-05	-7.248679e-02	1.556863e+01
4.565000e-05	-8.550725e-02	1.555668e+01
4.566000e-05	-1.078927e-01	1.554557e+01
4.567000e-05	-1.456966e-01	1.550342e+01
4.568000e-05	-1.879332e-01	1.544124e+01
4.569000e-05	-2.396142e-01	1.539571e+01
4.570000e-05	-2.500000e-01	1.532600e+01
4.571000e-05	-2.500000e-01	1.526291e+01
4.572000e-05	-2.500000e-01	1.519971e+01
4.573000e-05	-2.471833e-01	1.509705e+01
4.574000e-05	-1.983786e-01	1.503134e+01
4.575000e-05	-1.337354e-01	1.495815e+01
4.576000e-05	-9.886692e-02	1.486244e+01
4.577000e-05	-6.918442e-02	1.476615e+01
4.578000e-05	-5.102516e-02	1.470194e+01
4.579000e-05	-4.336741e-02	1.458663e+01
4.580000e-05	-4.216807e-02	1.446234e+01
4.581000e-05	-3.677553e-02	1.432750e+01
4.582000e-05	-2.391864e-02	1.420036e+01
4.583000e-05	-2.442634e-02	1.405642e+01
4.584000e-05	-2.520452e-02	1.392499e+01
4.585000e-05	-2.739326e-02	1.377768e+01
4.586000e-05	-1.969133e-02	1.364138e+01
4.587000e-05	-1.689544e-02	1.347244e+01
4.588000e-05	-2.225221e-02	1.332707e+01
4.589000e-05	-2.448688e-02	1.319020e+01
4.590000e-05	-2.190016e-02	1.306070e+01
4.591000e-05	-1.166979e-02	1.284236e+01
4.592000e-05	-1.487826e-02	1.269439e+01
4.593000e-05	-1.667543e-02	1.250492e+01
4.594000e-05	-1.885036e-02	1.235755e+01
4.595000e-05	-1.321266e-02	1.216757e+01
4.596000e-05	-1.322960e-02	1.194968e+01
4.597000e-05	-1.815124e-02	1.180668e+01
4.598000e-05	-1.906617e-02	1.155715e+01
4.599000e-05	-1.551840e-02	1.131702e+01
4.600000e-05	-8.416636e-03	1.115550e+01
4.601000e-05	-1.211997e-02	1.093697e+01
4.602000e-05	-1.422906e-02	1.076652e+01
4.603000e-05	-1.500428e-02	1.052592e+01
4.604000e-05	-9.581606e-03	1.027389e+01
4.605000e-05	-1.102365e-02	1.009232e+01
4.606000e-05	-1.394098e-02	9.859705e+00
4.607000e-05	-1.499558e-02	9.598730e+00
4.608000e-05	-1.175295e-02	9.367046e+00
4.609000e-05	-8.540078e-03	9.146043e+00
4.610000e-05	-1.117878e-02	8.854812e+00
4.611000e-05	-1.293868e-02	8.652362e+00
4.612000e-05	-1.146310e-02	8.401182e+00
4.613000e-05	-7.584508e-03	8.187074e+00
4.614000e-05	-8.245227e-03	7.906012e+00
4.615000e-05	-1.176324e-02	7.661284e+00
4.616000e-05	-1.235972e-02	7.327421e+00
4.617000e-05	-8.931467e-03	7.073936e+00
4.618000e-05	-7.558886e-03	6.861734e+00
4.619000e-05	-1.053541e-02	6.598048e+00
4.620000e-05	-1.173508e-02	6.335992e+00
4.621000e-05	-8.946418e-03	6.062787e+00
4.622000e-05	-6.231601e-03	5.799550e+00
4.623000e-05	-7.299887e-03	5.526891e+00
4.624000e-05	-1.091448e-02	5.240234e+00
4.625000e-05	-9.634314e-03	4.833410e+00
4.626000e-05	-6.520470e-03	4.588546e+00
4.627000e-05	-5.925070e-03	4.359521e+00
4.628000e-05	-9.342658e-03	4.001701e+00
4.629000e-05	-1.025242e-02	3.738520e+00
4.630000e-05	-7.784141e-03	3.524885e+00
4.631000e-05	-5.093183e-03	3.169545e+00
4.632000e-05	-6.877922e-03	2.883438e+00
4.633000e-05	-8.621533e-03	2.664678e+00
4.634000e-05	-7.584884e-03	2.316016e+00
4.635000e-05	-4.992859e-03	2.043255e+00
4.636000e-05	-5.992336e-03	1.779041e+00
4.637000e-05	-8.386920e-03	1.464234e+00
4.638000e-05	-8.661987e-03	1.178520e+00
4.639000e-05	-4.962963e-03	8.211227e-01
4.640000e-05	-3.914552e-03	5.465146e-01
4.641000e-05	-4.463180e-03	3.038067e-01
4.642000e-05	-4.810925e-03	-2.143257e-02
4.643000e-05	5.082702e-03	-3.161892e-01
4.644000e-05	6.400325e-03	-5.579274e-01
4.645000e-05	6.869161e-04	-8.635591e-01
4.646000e-05	-3.182229e-04	-1.125292e+00
4.647000e-05	-2.050237e-03	-1.472537e+00
4.648000e-05	4.496805e-06	-1.674138e+00
4.649000e-05	1.612790e-02	-1.965426e+00
4.650000e-05	7.397292e-02	-2.177897e+00
4.651000e-05	8.698609e-02	-2.564667e+00
4.652000e-05	-8.240744e-02	-3.005295e+00
4.653000e-05	-1.533719e-03	-3.303718e+00
4.654000e-05	-4.857596e-02	-3.527846e+00
4.655000e-05	-3.018925e-02	-3.757442e+00
4.656000e-05	-8.445873e-02	-4.019556e+00
4.657000e-05	1.983273e-01	-4.136950e+00
4.658000e-05	-1.442418e-01	-4.441611e+00
4.659000e-05	1.043639e-01	-4.789378e+00
4.660000e-05	5.641640e-02	-5.019451e+00
4.661000e-05	-1.458818e-01	-5.408006e+00
4.662000e-05	1.728171e-01	-5.653237e+00
4.663000e-05	-1.885639e-01	-5.954772e+00
4.664000e-05	1.471302e-01	-6.211007e+00
4.665000e-05	-1.929953e-02	-6.462635e+00
4.666000e-05	-2.692455e-02	-6.797927e+00
4.667000e-05	9.802835e-02	-7.030182e+00
4.668000e-05	-1.414715e-01	-7.346420e+00
4.669000e-05	1.390244e-01	-7.600929e+00
4.670000e-05	-1.053496e-01	-7.881186e+00
4.671000e-05	8.764398e-02	-8.136400e+00
4.672000e-05	1.425442e-02	-8.358398e+00
4.673000e-05	-4.358841e-02	-8.680193e+00
4.674000e-05	1.031193e-01	-8.923269e+00
4.675000e-05	-1.253957e-01	-9.164849e+00
4.676000e-05	1.042520e-01	-9.347551e+00
4.677000e-05	-7.747416e-02	-9.566009e+00
4.678000e-05	1.005022e-01	-9.809632e+00
4.679000e-05	-2.423423e-02	-1.008269e+01
4.680000e-05	1.830166e-02	-1.030327e+01
4.681000e-05	1.184984e-02	-1.048485e+01
4.682000e-05	-3.166406e-02	-1.074487e+01
4.683000e-05	5.810718e-02	-1.090587e+01
4.684000e-05	-4.667102e-02	-1.116548e+01
4.685000e-05	7.027340e-02	-1.139700e+01
4.686000e-05	-3.718709e-02	-1.158898e+01
4.687000e-05	5.784868e-02	-1.181758e+01
4.688000e-05	-3.193460e-02	-1.199859e+01
4.689000e-05	3.032002e-02	-1.222813e+01
4.690000e-05	-7.582425e-03	-1.237955e+01
4.691000e-05	3.224492e-02	-1.255648e+01
4.692000e-05	1.518252e-02	-1.276440e+01
4.693000e-05	4.331068e-03	-1.290495e+01
4.694000e-05	9.965020e-03	-1.308332e+01
4.695000e-05	-1.434123e-03	-1.326137e+01
4.696000e-05	2.415080e-02	-1.339863e+01
4.697000e-05	1.646925e-03	-1.357551e+01
4.698000e-05	2.897272e-02	-1.373537e+01
4.699000e-05	7.145767e-03	-1.388271e+01
4.700000e-05	2.818433e-02	-1.403916e+01
4.701000e-05	-3.241636e-04	-1.414545e+01
4.702000e-05	1.281759e-02	-1.433242e+01
4.703000e-05	2.189692e-03	-1.441914e+01
4.704000e-05	2.617025e-02	-1.456513e+01
4.705000e-05	1.673829e-02	-1.467074e+01
4.706000e-05	2.249456e-02	-1.478853e+01
4.707000e-05	1.094200e-02	-1.484117e+01
4.708000e-05	1.751514e-02	-1.495597e+01
4.709000e-05	1.809289e-02	-1.504071e+01
4.710000e-05	1.591609e-02	-1.514442e+01
4.711000e-05	1.922636e-02	-1.520918e+01
4.712000e-05	1.882876e-02	-1.528334e+01
4.713000e-05	2.605049e-02	-1.532658e+01
4.714000e-05	1.715873e-02	-1.539866e+01
4.715000e-05	1.915674e-02	-1.546232e+01
4.716000e-05	1.640783e-02	-1.554695e+01
4.717000e-05	2.946600e-02	-1.558021e+01
4.718000e-05	2.870246e-02	-1.565071e+01
4.719000e-05	2.835021e-02	-1.564184e+01
4.720000e-05	2.482310e-02	-1.567245e+01
4.721000e-05	2.847711e-02	-1.572342e+01
4.722000e-05	3.200697e-02	-1.574600e+01
4.723000e-05	3.169495e-02	-1.575710e+01
4.724000e-05	3.420338e-02	-1.577663e+01
4.725000e-05	3.907755e-02	-1.581615e+01
4.726000e-05	4.646249e-02	-1.573853e+01
4.727000e-05	5.071653e-02	-1.579655e+01
4.728000e-05	5.018710e-02	-1.576607e+01
4.729000e-05	5.737394e-02	-1.571497e+01
4.730000e-05	6.932262e-02	-1.570292e+01
4.731000e-05	8.589442e-02	-1.564336e+01
4.732000e-05	1.053084e-01	-1.563169e+01
4.733000e-05	1.378923e-01	-1.554806e+01
4.734000e-05	1.926589e-01	-1.554500e+01
4.735000e-05	2.428167e-01	-1.544237e+01
4.736000e-05	2.500000e-01	-1.538983e+01
4.737000e-05	2.500000e-01	-1.537660e+01
4.738000e-05	2.500000e-01	-1.527187e+01
4.739000e-05	2.431108e-01	-1.520874e+01
4.740000e-05	1.823628e-01	-1.511385e+01
4.741000e-05	1.164065e-01	-1.503122e+01
4.742000e-05	7.899492e-02	-1.495605e+01
4.743000e-05	5.709794e-02	-1.481132e+01
4.744000e-05	4.427528e-02	-1.476412e+01
4.745000e-05	3.329517e-02	-1.466081e+01
4.746000e-05	2.594876e-02	-1.453750e+01
4.747000e-05	2.207541e-02	-1.440876e+01
4.748000e-05	2.006535e-02	-1.431331e+01
4.749000e-05	1.715253e-02	-1.417753e+01
4.750000e-05	1.211005e-02	-1.399966e+01
4.751000e-05	1.133298e-02	-1.386184e+01
4.752000e-05	1.163023e-02	-1.367592e+01
4.753000e-05	1.181235e-02	-1.354715e+01
4.754000e-05	9.182565e-03	-1.340918e+01
4.755000e-05	6.871134e-03	-1.329136e+01
4.756000e-05	7.256303e-03	-1.308442e+01
4.757000e-05	6.776235e-03	-1.289752e+01
4.758000e-05	6.633542e-03	-1.278863e+01
4.759000e-05	4.786237e-03	-1.257813e+01
4.760000e-05	4.830674e-03	-1.241971e+01
4.761000e-05	6.092717e-03	-1.224271e+01
4.762000e-05	4.016311e-03	-1.206176e+01
4.763000e-05	2.275324e-03	-1.187031e+01
4.764000e-05	9.147965e-04	-1.166123e+01
4.765000e-05	3.133520e-03	-1.140918e+01
4.766000e-05	2.791044e-03	-1.117845e+01
4.767000e-05	2.348262e-03	-1.091502e+01
4.768000e-05	6.071369e-04	-1.076602e+01
4.769000e-05	1.421449e-03	-1.057952e+01
4.770000e-05	1.048397e-03	-1.037342e+01
4.771000e-05	7.228575e-04	-1.008286e+01
4.772000e-05	-9.807762e-04	-9.852712e+00
4.773000e-05	-7.821212e-04	-9.633787e+00
4.774000e-05	-3.345406e-04	-9.419156e+00
4.775000e-05	-8.107651e-04	-9.138571e+00
4.776000e-05	-1.285761e-03	-8.946525e+00
4.777000e-05	-2.561769e-03	-8.703937e+00
4.778000e-05	-2.105279e-03	-8.402232e+00
4.779000e-05	-1.651219e-03	-8.209655e+00
4.780000e-05	-2.316033e-03	-7.968076e+00
4.781000e-05	-4.724663e-03	-7.643360e+00
4.782000e-05	-3.310646e-03	-7.398605e+00
4.783000e-05	-4.499899e-03	-7.175471e+00
4.784000e-05	-3.069404e-03	-6.822284e+00
4.785000e-05	-5.491455e-03	-6.581626e+00
4.786000e-05	-3.497976e-03	-6.377497e+00
4.787000e-05	-4.911855e-03	-6.063263e+00
4.788000e-05	-4.267286e-03	-5.809100e+00
4.789000e-05	-5.244230e-03	-5.535466e+00
4.790000e-05	-6.041400e-03	-5.200600e+00
4.791000e-05	-6.121486e-03	-4.875364e+00
4.792000e-05	-5.018591e-03	-4.600100e+00
4.793000e-05	-5.660679e-03	-4.398496e+00
4.794000e-05	-6.532025e-03	-4.105417e+00
4.795000e-05	-7.574832e-03	-3.812178e+00
4.796000e-05	-7.011604e-03	-3.516843e+00
4.797000e-05	-7.787737e-03	-3.254233e+00
4.798000e-05	-6.731927e-03	-2.904344e+00
4.799000e-05	-8.045462e-03	-2.643208e+00
4.800000e-05	-5.881022e-03	-2.382100e+00
4.801000e-05	-7.506341e-03	-2.063309e+00
4.802000e-05	-7.120305e-03	-1.789599e+00
4.803000e-05	-9.094569e-03	-1.537489e+00
4.804000e-05	-8.580119e-03	-1.118997e+00
4.805000e-05	-8.846720e-03	-8.738343e-01
4.806000e-05	-8.810836e-03	-6.084212e-01
4.807000e-05	-7.043382e-03	-2.752359e-01
4.808000e-05	-5.164947e-03	-4.162657e-02
4.809000e-05	7.591941e-03	2.827142e-01
4.810000e-05	-5.038759e-03	5.467433e-01
4.811000e-05	2.541841e-03	7.484024e-01
4.812000e-05	-6.028972e-03	1.083688e+00
4.813000e-05	-1.033243e-03	1.367426e+00
4.814000e-05	-6.336641e-03	1.694167e+00
4.815000e-05	1.049589e-02	1.936870e+00
4.816000e-05	3.941205e-02	2.157877e+00
4.817000e-05	9.926973e-02	2.512562e+00
4.818000e-05	-6.175418e-02	2.831662e+00
4.819000e-05	-4.336359e-02	3.134294e+00
4.820000e-05	-4.442132e-02	3.431032e+00
4.821000e-05	-1.550398e-02	3.724216e+00
4.822000e-05	-7.564984e-02	3.895368e+00
4.823000e-05	-1.491113e-02	4.126797e+00
4.824000e-05	1.298533e-01	4.461560e+00
4.825000e-05	-1.185967e-01	4.735896e+00
4.826000e-05	1.099958e-01	4.966476e+00
4.827000e-05	-3.411758e-03	5.356825e+00
4.828000e-05	-9.279258e-02	5.587977e+00
4.829000e-05	6.709690e-02	5.903717e+00
4.830000e-05	-7.190128e-02	6.135850e+00
4.831000e-05	7.903535e-02	6.370556e+00
4.832000e-05	-4.772064e-02	6.713798e+00
4.833000e-05	-1.020208e-02	6.927502e+00
4.834000e-05	4.854153e-03	7.241639e+00
4.835000e-05	-3.828927e-02	7.554393e+00
4.836000e-05	3.253161e-02	7.810561e+00
4.837000e-05	-6.469994e-02	8.124844e+00
4.838000e-05	5.719185e-02	8.345846e+00
4.839000e-05	-1.449568e-02	8.546926e+00
4.840000e-05	-1.238448e-02	8.768085e+00
4.841000e-05	-1.362502e-03	9.069209e+00
4.842000e-05	-6.095438e-02	9.323766e+00
4.843000e-05	3.693257e-02	9.515193e+00
4.844000e-05	-2.268098e-02	9.746424e+00
4.845000e-05	2.621505e-02	9.969505e+00
4.846000e-05	-4.588831e-02	1.019854e+01
4.847000e-05	1.021320e-02	1.042126e+01
4.848000e-05	-1.441110e-02	1.065014e+01
4.849000e-05	-1.868812e-02	1.088319e+01
4.850000e-05	-1.077978e-02	1.107271e+01
4.851000e-05	-2.221953e-02	1.128477e+01
4.852000e-05	2.103124e-02	1.152237e+01
4.853000e-05	-2.182476e-02	1.176540e+01
4.854000e-05	-7.574340e-03	1.193480e+01
4.855000e-05	-3.973800e-02	1.212487e+01
4.856000e-05	3.444948e-03	1.229287e+01
4.857000e-05	-7.695300e-03	1.247282e+01
4.858000e-05	-5.276500e-03	1.266021e+01
4.859000e-05	-2.165072e-02	1.282169e+01
4.860000e-05	-1.919457e-02	1.300808e+01
4.861000e-05	-5.552148e-03	1.316600e+01
4.862000e-05	-2.242037e-02	1.330735e+01
4.863000e-05	-1.984031e-02	1.346130e+01
4.864000e-05	-2.426293e-02	1.362119e+01
4.865000e-05	1.333366e-03	1.376708e+01
4.866000e-05	-1.055742e-02	1.390292e+01
4.867000e-05	-2.031651e-02	1.410382e+01
4.868000e-05	-3.137168e-02	1.421926e+01
4.869000e-05	-2.007099e-02	1.436650e+01
4.870000e-05	-1.016864e-02	1.446974e+01
4.871000e-05	-1.969363e-02	1.457811e+01
4.872000e-05	-2.301120e-02	1.468585e+01
4.873000e-05	-2.388307e-02	1.479856e+01
4.874000e-05	-1.232038e-02	1.487281e+01
4.875000e-05	-2.262029e-02	1.494700e+01
4.876000e-05	-2.892424e-02	1.501026e+01
4.877000e-05	-3.013445e-02	1.512590e+01
4.878000e-05	-1.950121e-02	1.519865e+01
4.879000e-05	-1.710575e-02	1.525182e+01
4.880000e-05	-3.099724e-02	1.529552e+01
4.881000e-05	-3.523963e-02	1.540606e+01
4.882000e-05	-3.527094e-02	1.544124e+01
4.883000e-05	-2.233973e-02	1.550242e+01
4.884000e-05	-2.985512e-02	1.551395e+01
4.885000e-05	-3.519529e-02	1.557661e+01
4.886000e-05	-3.635310e-02	1.562813e+01
4.887000e-05	-3.147592e-02	1.561869e+01
4.888000e-05	-3.482422e-02	1.563026e+01
4.889000e-05	-4.890854e-02	1.561329e+01
4.890000e-05	-4.934180e-02	1.565119e+01
4.891000e-05	-4.761616e-02	1.568386e+01
4.892000e-05	-4.204725e-02	1.565332e+01
4.893000e-05	-5.613561e-02	1.564084e+01
4.894000e-05	-6.687050e-02	1.563269e+01
4.895000e-05	-7.474583e-02	1.559973e+01
4.896000e-05	-7.795706e-02	1.558666e+01
4.897000e-05	-9.545490e-02	1.556602e+01
4.898000e-05	-1.277774e-01	1.554297e+01
4.899000e-05	-1.655853e-01	1.547087e+01
4.900000e-05	-2.201641e-01	1.538765e+01
4.901000e-05	-2.489657e-01	1.536561e+01
4.902000e-05	-2.500000e-01	1.530292e+01
4.903000e-05	-2.500000e-01	1.523079e+01
4.904000e-05	-2.500000e-01	1.517811e+01
4.905000e-05	-2.277648e-01	1.510449e+01
4.906000e-05	-1.596432e-01	1.497923e+01
4.907000e-05	-1.141261e-01	1.490494e+01
4.908000e-05	-8.292934e-02	1.480920e+01
4.909000e-05	-5.802256e-02	1.468502e+01
4.910000e-05	-4.489327e-02	1.464028e+01
4.911000e-05	-4.171022e-02	1.452400e+01
4.912000e-05	-3.879471e-02	1.442806e+01
4.913000e-05	-2.888773e-02	1.427349e+01
4.914000e-05	-2.406517e-02	1.416615e+01
4.915000e-05	-2.431390e-02	1.402876e+01
4.916000e-05	-2.897177e-02	1.386934e+01
4.917000e-05	-2.399703e-02	1.371547e+01
4.918000e-05	-1.971675e-02	1.354705e+01
4.919000e-05	-1.615314e-02	1.340865e+01
4.920000e-05	-2.206926e-02	1.323384e+01
4.921000e-05	-2.022802e-02	1.309444e+01
4.922000e-05	-1.673839e-02	1.292602e+01
4.923000e-05	-1.323862e-02	1.275713e+01
4.924000e-05	-1.780675e-02	1.262868e+01
4.925000e-05	-2.009946e-02	1.242276e+01
4.926000e-05	-1.581906e-02	1.229136e+01
4.927000e-05	-1.297046e-02	1.209391e+01
4.928000e-05	-1.230706e-02	1.188496e+01
4.929000e-05	-1.854206e-02	1.162289e+01
4.930000e-05	-1.610093e-02	1.144231e+01
4.931000e-05	-1.214706e-02	1.120131e+01
4.932000e-05	-1.053970e-02	1.102076e+01
4.933000e-05	-1.426857e-02	1.082176e+01
4.934000e-05	-1.625162e-02	1.061778e+01
4.935000e-05	-1.237450e-02	1.040070e+01
4.936000e-05	-1.048746e-02	1.013755e+01
4.937000e-05	-1.126265e-02	9.925968e+00
4.938000e-05	-1.474727e-02	9.675417e+00
4.939000e-05	-1.210671e-02	9.461283e+00
4.940000e-05	-9.722628e-03	9.272258e+00
4.941000e-05	-9.521176e-03	9.000626e+00
4.942000e-05	-1.315944e-02	8.788574e+00
4.943000e-05	-1.347065e-02	8.536420e+00
4.944000e-05	-1.019688e-02	8.294362e+00
4.945000e-05	-8.572144e-03	8.029709e+00
4.946000e-05	-1.017199e-02	7.758049e+00
4.947000e-05	-1.241424e-02	7.503390e+00
4.948000e-05	-9.900435e-03	7.201654e+00
4.949000e-05	-8.698973e-03	6.998075e+00
4.950000e-05	-9.313802e-03	6.745963e+00
4.951000e-05	-1.161844e-02	6.410679e+00
4.952000e-05	-1.044176e-02	6.157549e+00
4.953000e-05	-7.455878e-03	5.927466e+00
4.954000e-05	-6.796581e-03	5.591853e+00
4.955000e-05	-9.540184e-03	5.358024e+00
4.956000e-05	-1.086734e-02	5.013627e+00
4.957000e-05	-7.815961e-03	4.725966e+00
4.958000e-05	-7.016654e-03	4.412781e+00
4.959000e-05	-8.070495e-03	4.157547e+00
4.960000e-05	-9.961611e-03	3.854382e+00
4.961000e-05	-7.809474e-03	3.600674e+00
4.962000e-05	-6.504504e-03	3.284386e+00
4.963000e-05	-7.204702e-03	3.053204e+00
4.964000e-05	-7.952068e-03	2.760121e+00
4.965000e-05	-9.163910e-03	2.453739e+00
4.966000e-05	-5.702200e-03	2.148517e+00
4.967000e-05	-6.231833e-03	1.958340e+00
4.968000e-05	-6.837727e-03	1.588623e+00
4.969000e-05	-7.837513e-03	1.324316e+00
4.970000e-05	-6.456523e-03	9.785161e-01
4.971000e-05	-4.906736e-03	6.647829e-01
4.972000e-05	-5.166397e-03	4.106439e-01
4.973000e-05	-4.848122e-03	6.583704e-02
4.974000e-05	-1.627655e-03	-1.778312e-01
4.975000e-05	1.187697e-02	-4.320063e-01
4.976000e-05	-3.987665e-03	-7.387721e-01
4.977000e-05	4.750925e-03	-1.031976e+00
4.978000e-05	-4.900183e-03	-1.293612e+00
4.979000e-05	3.035575e-03	-1.609979e+00
4.980000e-05	1.999657e-03	-1.850528e+00
4.981000e-05	3.718963e-02	-2.032580e+00
4.982000e-05	1.253238e-01	-2.337800e+00
4.983000e-05	-3.539915e-02	-2.757801e+00
4.984000e-05	-3.749234e-02	-3.188880e+00
4.985000e-05	-3.223465e-02	-3.452508e+00
4.986000e-05	-2.492377e-02	-3.653584e+00
4.987000e-05	-9.254712e-02	-3.934243e+00
4.988000e-05	8.825567e-02	-4.103742e+00
4.989000e-05	6.842862e-02	-4.293791e+00
4.990000e-05	-1.331991e-01	-4.621038e+00
4.991000e-05	2.121022e-01	-4.883688e+00
4.992000e-05	-1.736916e-01	-5.189984e+00
4.993000e-05	1.103005e-01	-5.627928e+00
4.994000e-05	-4.612036e-02	-5.757450e+00
4.995000e-05	-6.174529e-02	-6.134767e+00
4.996000e-05	1.705008e-01	-6.345326e+00
4.997000e-05	-1.411610e-01	-6.649583e+00
4.998000e-05	1.401578e-01	-6.856346e+00
4.999000e-05	-1.013352e-01	-7.207976e+00
