# 260528_14:54:30.854297
t	CH1	CH2
0.000000e+00	-4.846406e-03	4.636378e-01
1.000000e-08	-4.452780e-03	1.558764e-01
2.000000e-08	-1.852671e-03	-1.468321e-01
3.000000e-08	1.066227e-02	-3.980173e-01
4.000000e-08	-1.726828e-03	-7.052242e-01
5.000000e-08	2.516411e-03	-9.678907e-01
6.000000e-08	-5.094390e-03	-1.150548e+00
7.000000e-08	1.503979e-03	-1.547315e+00
8.000000e-08	7.719486e-04	-1.817466e+00
9.000000e-08	3.047129e-02	-1.989545e+00
1.000000e-07	1.109075e-01	-2.276695e+00
1.100000e-07	-1.534939e-04	-2.633275e+00
1.200000e-07	-5.366264e-02	-3.084277e+00
1.300000e-07	-2.168025e-02	-3.379943e+00
1.400000e-07	-3.536504e-02	-3.578396e+00
1.500000e-07	-7.657981e-02	-3.863700e+00
1.600000e-07	4.651606e-02	-4.053182e+00
1.700000e-07	9.888824e-02	-4.242596e+00
1.800000e-07	-1.315873e-01	-4.564862e+00
1.900000e-07	1.976858e-01	-4.863127e+00
2.000000e-07	-1.114588e-01	-5.126809e+00
2.100000e-07	4.237956e-02	-5.535861e+00
2.200000e-07	1.151762e-02	-5.715283e+00
2.300000e-07	-9.903621e-02	-6.060623e+00
2.400000e-07	1.687296e-01	-6.263803e+00
2.500000e-07	-1.081287e-01	-6.535965e+00
2.600000e-07	9.418325e-02	-6.872199e+00
2.700000e-07	-4.979383e-02	-7.115881e+00
2.800000e-07	-2.348488e-02	-7.442171e+00
2.900000e-07	7.080431e-02	-7.662727e+00
3.000000e-07	-8.776819e-02	-7.948013e+00
3.100000e-07	1.357528e-01	-8.190621e+00
3.200000e-07	-8.522134e-02	-8.490573e+00
3.300000e-07	7.380064e-02	-8.727358e+00
3.400000e-07	-2.222166e-02	-8.968968e+00
3.500000e-07	-3.773777e-02	-9.221519e+00
3.600000e-07	4.908180e-02	-9.362075e+00
3.700000e-07	-4.212883e-02	-9.655774e+00
3.800000e-07	1.033755e-01	-9.875308e+00
3.900000e-07	-6.364062e-02	-1.009684e+01
4.000000e-07	6.673927e-02	-1.035636e+01
4.100000e-07	-5.447094e-02	-1.055947e+01
4.200000e-07	4.088764e-02	-1.078112e+01
4.300000e-07	-1.010321e-02	-1.098009e+01
4.400000e-07	9.275805e-03	-1.118213e+01
4.500000e-07	2.469082e-02	-1.144162e+01
4.600000e-07	-4.985749e-03	-1.162380e+01
4.700000e-07	3.520400e-02	-1.186531e+01
4.800000e-07	-2.784872e-02	-1.205378e+01
4.900000e-07	2.955311e-02	-1.224460e+01
5.000000e-07	-1.124291e-02	-1.243272e+01
5.100000e-07	4.618654e-02	-1.258313e+01
5.200000e-07	-8.279651e-03	-1.279062e+01
5.300000e-07	1.866413e-02	-1.295060e+01
5.400000e-07	-9.153846e-03	-1.310831e+01
5.500000e-07	1.983172e-02	-1.326633e+01
5.600000e-07	7.652996e-03	-1.344371e+01
5.700000e-07	1.177221e-02	-1.354105e+01
5.800000e-07	1.558525e-02	-1.370847e+01
5.900000e-07	1.355421e-02	-1.390846e+01
6.000000e-07	1.717932e-02	-1.402280e+01
6.100000e-07	6.360478e-04	-1.419255e+01
6.200000e-07	8.411404e-03	-1.427744e+01
6.300000e-07	1.005325e-02	-1.443270e+01
6.400000e-07	2.583483e-02	-1.452147e+01
6.500000e-07	1.382859e-02	-1.464531e+01
6.600000e-07	1.659952e-02	-1.473902e+01
6.700000e-07	6.034768e-03	-1.486578e+01
6.800000e-07	1.909717e-02	-1.494004e+01
6.900000e-07	1.277416e-02	-1.505681e+01
7.000000e-07	1.769532e-02	-1.513946e+01
7.100000e-07	1.450673e-02	-1.517153e+01
7.200000e-07	2.243392e-02	-1.529629e+01
7.300000e-07	2.117187e-02	-1.534947e+01
7.400000e-07	1.598626e-02	-1.541360e+01
7.500000e-07	1.358296e-02	-1.546674e+01
7.600000e-07	1.817627e-02	-1.549799e+01
7.700000e-07	2.761125e-02	-1.559004e+01
7.800000e-07	2.539050e-02	-1.560360e+01
7.900000e-07	2.465177e-02	-1.563325e+01
8.000000e-07	2.273058e-02	-1.564581e+01
8.100000e-07	2.824410e-02	-1.567731e+01
8.200000e-07	2.882226e-02	-1.567949e+01
8.300000e-07	2.912703e-02	-1.572741e+01
8.400000e-07	3.123854e-02	-1.571986e+01
8.500000e-07	3.830901e-02	-1.571945e+01
8.600000e-07	4.413527e-02	-1.569989e+01
8.700000e-07	4.361062e-02	-1.567837e+01
8.800000e-07	4.465587e-02	-1.570639e+01
8.900000e-07	5.289848e-02	-1.563576e+01
9.000000e-07	6.547872e-02	-1.563416e+01
9.100000e-07	7.839388e-02	-1.561366e+01
9.200000e-07	9.282054e-02	-1.558205e+01
9.300000e-07	1.184554e-01	-1.551849e+01
9.400000e-07	1.616306e-01	-1.546631e+01
9.500000e-07	2.190006e-01	-1.542363e+01
9.600000e-07	2.485976e-01	-1.534155e+01
9.700000e-07	2.500000e-01	-1.526824e+01
9.800000e-07	2.500000e-01	-1.518305e+01
9.900000e-07	2.475587e-01	-1.511884e+01
1.000000e-06	1.993144e-01	-1.502731e+01
1.010000e-06	1.320488e-01	-1.496050e+01
1.020000e-06	9.150691e-02	-1.490724e+01
1.030000e-06	6.949584e-02	-1.478108e+01
1.040000e-06	5.358758e-02	-1.466586e+01
1.050000e-06	3.805567e-02	-1.457205e+01
1.060000e-06	2.972768e-02	-1.437473e+01
1.070000e-06	2.549257e-02	-1.432837e+01
1.080000e-06	2.172634e-02	-1.417216e+01
1.090000e-06	1.417002e-02	-1.405719e+01
1.100000e-06	1.131717e-02	-1.388839e+01
1.110000e-06	1.350545e-02	-1.376253e+01
1.120000e-06	1.581080e-02	-1.359358e+01
1.130000e-06	1.478309e-02	-1.348681e+01
1.140000e-06	9.426624e-03	-1.329884e+01
1.150000e-06	6.752509e-03	-1.314902e+01
1.160000e-06	7.551621e-03	-1.301208e+01
1.170000e-06	4.200645e-03	-1.281413e+01
1.180000e-06	3.653295e-03	-1.268434e+01
1.190000e-06	1.865439e-03	-1.248682e+01
1.200000e-06	6.603947e-03	-1.225637e+01
1.210000e-06	5.779193e-03	-1.212735e+01
1.220000e-06	3.949158e-03	-1.190789e+01
1.230000e-06	1.499661e-03	-1.172990e+01
1.240000e-06	2.387242e-03	-1.148735e+01
1.250000e-06	3.156822e-03	-1.122572e+01
1.260000e-06	1.944885e-03	-1.107574e+01
1.270000e-06	-7.127771e-05	-1.086268e+01
1.280000e-06	-2.041369e-03	-1.062463e+01
1.290000e-06	6.083910e-04	-1.038521e+01
1.300000e-06	4.199544e-04	-1.017253e+01
1.310000e-06	-1.073206e-04	-9.958451e+00
1.320000e-06	-1.945605e-03	-9.719950e+00
1.330000e-06	7.601112e-04	-9.558374e+00
1.340000e-06	1.267955e-03	-9.257345e+00
1.350000e-06	-1.796002e-03	-9.053687e+00
1.360000e-06	-5.619799e-03	-8.853038e+00
1.370000e-06	-5.534300e-03	-8.570476e+00
1.380000e-06	-2.975649e-03	-8.338396e+00
1.390000e-06	-3.050934e-03	-8.106767e+00
1.400000e-06	-3.353840e-03	-7.814115e+00
1.410000e-06	-3.998555e-03	-7.527924e+00
1.420000e-06	-2.237602e-03	-7.285239e+00
1.430000e-06	-3.191224e-03	-7.021081e+00
1.440000e-06	-4.617544e-03	-6.737326e+00
1.450000e-06	-7.047466e-03	-6.484267e+00
1.460000e-06	-5.450015e-03	-6.201634e+00
1.470000e-06	-4.941834e-03	-5.929872e+00
1.480000e-06	-3.977801e-03	-5.704687e+00
1.490000e-06	-6.937897e-03	-5.350409e+00
1.500000e-06	-6.802496e-03	-5.035692e+00
1.510000e-06	-5.484180e-03	-4.756446e+00
1.520000e-06	-4.538835e-03	-4.443164e+00
1.530000e-06	-4.909625e-03	-4.224109e+00
1.540000e-06	-7.878756e-03	-3.969455e+00
1.550000e-06	-7.201986e-03	-3.674646e+00
1.560000e-06	-7.781768e-03	-3.390481e+00
1.570000e-06	-8.543609e-03	-3.137195e+00
1.580000e-06	-1.011512e-02	-2.811005e+00
1.590000e-06	-7.241170e-03	-2.525848e+00
1.600000e-06	-6.191730e-03	-2.262564e+00
1.610000e-06	-4.681601e-03	-1.936346e+00
1.620000e-06	-7.860167e-03	-1.664164e+00
1.630000e-06	-8.596784e-03	-1.369402e+00
1.640000e-06	-9.506471e-03	-9.915867e-01
1.650000e-06	-8.613786e-03	-7.499012e-01
1.660000e-06	-8.604678e-03	-4.820628e-01
1.670000e-06	-8.082247e-03	-1.589026e-01
1.680000e-06	3.402869e-04	1.056828e-01
1.690000e-06	5.368932e-03	4.119986e-01
1.700000e-06	-2.105659e-03	6.631801e-01
1.710000e-06	9.980618e-04	9.177306e-01
1.720000e-06	-5.217935e-03	1.231595e+00
1.730000e-06	5.982155e-04	1.526257e+00
1.740000e-06	-1.351737e-03	1.841130e+00
1.750000e-06	1.860155e-02	2.010624e+00
1.760000e-06	7.251474e-02	2.283311e+00
1.770000e-06	4.644054e-02	2.650774e+00
1.780000e-06	-7.574523e-02	2.958942e+00
1.790000e-06	-3.382216e-02	3.282154e+00
1.800000e-06	-3.745918e-02	3.560538e+00
1.810000e-06	-3.011426e-02	3.829096e+00
1.820000e-06	-7.163504e-02	3.979449e+00
1.830000e-06	6.663311e-02	4.284750e+00
1.840000e-06	4.200693e-02	4.579590e+00
1.850000e-06	-8.248317e-02	4.802700e+00
1.860000e-06	1.515371e-01	5.128807e+00
1.870000e-06	-1.208445e-01	5.444751e+00
1.880000e-06	2.043012e-02	5.674309e+00
1.890000e-06	-6.529631e-03	6.041600e+00
1.900000e-06	-1.211302e-02	6.234199e+00
1.910000e-06	5.423448e-02	6.526358e+00
1.920000e-06	-6.937417e-02	6.832101e+00
1.930000e-06	3.395787e-02	7.063706e+00
1.940000e-06	-4.518452e-02	7.370988e+00
1.950000e-06	1.964751e-02	7.634628e+00
1.960000e-06	-2.547501e-02	7.958914e+00
1.970000e-06	-1.120692e-02	8.203120e+00
1.980000e-06	4.290997e-02	8.431675e+00
1.990000e-06	-3.112807e-02	8.634228e+00
2.000000e-06	1.249110e-02	8.907354e+00
2.010000e-06	-4.270120e-02	9.119562e+00
2.020000e-06	-1.269831e-02	9.370016e+00
2.030000e-06	1.194466e-02	9.570598e+00
2.040000e-06	3.384134e-03	9.863127e+00
2.050000e-06	-4.130685e-03	1.004631e+01
2.060000e-06	-2.561759e-02	1.029689e+01
2.070000e-06	9.495043e-03	1.053641e+01
2.080000e-06	-2.102286e-02	1.074939e+01
2.090000e-06	-9.467365e-03	1.095099e+01
2.100000e-06	-2.193734e-02	1.118104e+01
2.110000e-06	3.108594e-04	1.141158e+01
2.120000e-06	3.429369e-03	1.158352e+01
2.130000e-06	-1.159669e-02	1.176305e+01
2.140000e-06	-2.344048e-02	1.199023e+01
2.150000e-06	-1.749727e-02	1.222365e+01
2.160000e-06	5.520912e-05	1.238099e+01
2.170000e-06	-2.104650e-03	1.255852e+01
2.180000e-06	-1.444456e-02	1.274046e+01
2.190000e-06	-2.111812e-02	1.289636e+01
2.200000e-06	-1.196939e-02	1.306626e+01
2.210000e-06	-9.543615e-03	1.321275e+01
2.220000e-06	-1.689235e-02	1.334112e+01
2.230000e-06	-2.210358e-02	1.349839e+01
2.240000e-06	-7.540456e-03	1.363636e+01
2.250000e-06	-3.649212e-03	1.381262e+01
2.260000e-06	-9.766967e-03	1.395002e+01
2.270000e-06	-2.990551e-02	1.408746e+01
2.280000e-06	-2.327763e-02	1.425523e+01
2.290000e-06	-1.518774e-02	1.438123e+01
2.300000e-06	-8.722551e-03	1.449786e+01
2.310000e-06	-2.000396e-02	1.459257e+01
2.320000e-06	-2.216204e-02	1.467899e+01
2.330000e-06	-1.436406e-02	1.479318e+01
2.340000e-06	-1.528404e-02	1.488688e+01
2.350000e-06	-2.024004e-02	1.496107e+01
2.360000e-06	-3.069327e-02	1.503536e+01
2.370000e-06	-2.100163e-02	1.509997e+01
2.380000e-06	-1.789131e-02	1.518213e+01
2.390000e-06	-1.830898e-02	1.523584e+01
2.400000e-06	-3.255777e-02	1.533055e+01
2.410000e-06	-3.285569e-02	1.539313e+01
2.420000e-06	-2.526917e-02	1.546735e+01
2.430000e-06	-2.134930e-02	1.552889e+01
2.440000e-06	-2.740552e-02	1.549949e+01
2.450000e-06	-3.566124e-02	1.553052e+01
2.460000e-06	-3.039159e-02	1.558163e+01
2.470000e-06	-3.053430e-02	1.560418e+01
2.480000e-06	-3.596933e-02	1.558416e+01
2.490000e-06	-4.697843e-02	1.563578e+01
2.500000e-06	-4.420660e-02	1.564523e+01
2.510000e-06	-3.952372e-02	1.561431e+01
2.520000e-06	-4.172578e-02	1.559513e+01
2.530000e-06	-5.353392e-02	1.562431e+01
2.540000e-06	-6.416066e-02	1.559418e+01
2.550000e-06	-6.393845e-02	1.559203e+01
2.560000e-06	-7.229285e-02	1.550905e+01
2.570000e-06	-8.803285e-02	1.547799e+01
2.580000e-06	-1.148369e-01	1.547788e+01
2.590000e-06	-1.401668e-01	1.541418e+01
2.600000e-06	-1.832135e-01	1.536410e+01
2.610000e-06	-2.346803e-01	1.529997e+01
2.620000e-06	-2.500000e-01	1.523574e+01
2.630000e-06	-2.500000e-01	1.519370e+01
2.640000e-06	-2.500000e-01	1.510749e+01
2.650000e-06	-2.378731e-01	1.504580e+01
2.660000e-06	-1.818199e-01	1.495107e+01
2.670000e-06	-1.298276e-01	1.483576e+01
2.680000e-06	-9.155208e-02	1.473205e+01
2.690000e-06	-6.582450e-02	1.468726e+01
2.700000e-06	-5.386933e-02	1.454148e+01
2.710000e-06	-4.671756e-02	1.445623e+01
2.720000e-06	-4.026724e-02	1.432947e+01
2.730000e-06	-2.876252e-02	1.423570e+01
2.740000e-06	-2.688347e-02	1.404729e+01
2.750000e-06	-2.779011e-02	1.395002e+01
2.760000e-06	-2.914930e-02	1.377253e+01
2.770000e-06	-2.144141e-02	1.366681e+01
2.780000e-06	-1.794534e-02	1.347637e+01
2.790000e-06	-1.910160e-02	1.335003e+01
2.800000e-06	-2.241129e-02	1.314108e+01
2.810000e-06	-1.967315e-02	1.299273e+01
2.820000e-06	-1.395854e-02	1.285772e+01
2.830000e-06	-1.412933e-02	1.267747e+01
2.840000e-06	-1.737394e-02	1.250897e+01
2.850000e-06	-1.796545e-02	1.233145e+01
2.860000e-06	-1.257604e-02	1.220206e+01
2.870000e-06	-1.189764e-02	1.197203e+01
2.880000e-06	-1.538094e-02	1.180253e+01
2.890000e-06	-1.704944e-02	1.156260e+01
2.900000e-06	-1.318820e-02	1.136053e+01
2.910000e-06	-8.969378e-03	1.114050e+01
2.920000e-06	-1.066161e-02	1.094950e+01
2.930000e-06	-1.315845e-02	1.072990e+01
2.940000e-06	-1.254084e-02	1.052990e+01
2.950000e-06	-8.798319e-03	1.028589e+01
2.960000e-06	-9.483411e-03	1.006730e+01
2.970000e-06	-1.241315e-02	9.854214e+00
2.980000e-06	-1.376596e-02	9.582109e+00
2.990000e-06	-1.011648e-02	9.340504e+00
3.000000e-06	-8.380581e-03	9.119452e+00
3.010000e-06	-1.032444e-02	8.948377e+00
3.020000e-06	-1.190549e-02	8.635290e+00
3.030000e-06	-1.006618e-02	8.465212e+00
3.040000e-06	-6.365697e-03	8.220553e+00
3.050000e-06	-7.199506e-03	7.890470e+00
3.060000e-06	-9.833899e-03	7.665843e+00
3.070000e-06	-1.058005e-02	7.372031e+00
3.080000e-06	-7.919700e-03	7.126795e+00
3.090000e-06	-6.665673e-03	6.864292e+00
3.100000e-06	-9.548462e-03	6.621660e+00
3.110000e-06	-1.051902e-02	6.326849e+00
3.120000e-06	-7.732618e-03	6.076217e+00
3.130000e-06	-6.107326e-03	5.831037e+00
3.140000e-06	-6.791975e-03	5.558450e+00
3.150000e-06	-9.426158e-03	5.243164e+00
3.160000e-06	-8.410838e-03	4.876820e+00
3.170000e-06	-6.945367e-03	4.592060e+00
3.180000e-06	-6.590303e-03	4.368404e+00
3.190000e-06	-8.791373e-03	4.055288e+00
3.200000e-06	-8.232608e-03	3.760508e+00
3.210000e-06	-7.239119e-03	3.528350e+00
3.220000e-06	-5.034850e-03	3.244084e+00
3.230000e-06	-7.051393e-03	2.935924e+00
3.240000e-06	-7.782615e-03	2.653638e+00
3.250000e-06	-7.323398e-03	2.328428e+00
3.260000e-06	-5.389419e-03	2.064716e+00
3.270000e-06	-5.646913e-03	1.821014e+00
3.280000e-06	-6.788381e-03	1.465767e+00
3.290000e-06	-7.669155e-03	1.199908e+00
3.300000e-06	-6.085247e-03	8.242155e-01
3.310000e-06	-5.261854e-03	5.599498e-01
3.320000e-06	-5.448488e-03	3.272732e-01
3.330000e-06	-4.346515e-03	5.811856e-04
3.340000e-06	4.635176e-03	-2.622051e-01
3.350000e-06	6.816577e-03	-5.552620e-01
3.360000e-06	-5.265168e-04	-8.600763e-01
3.370000e-06	4.611834e-04	-1.116254e+00
3.380000e-06	-3.075050e-03	-1.432088e+00
3.390000e-06	5.865980e-04	-1.703703e+00
3.400000e-06	1.208404e-02	-1.905785e+00
3.410000e-06	7.113292e-02	-2.157863e+00
3.420000e-06	8.740244e-02	-2.473879e+00
3.430000e-06	-7.283406e-02	-2.893229e+00
3.440000e-06	-1.216255e-02	-3.284757e+00
3.450000e-06	-4.289458e-02	-3.506359e+00
3.460000e-06	-3.431692e-02	-3.734859e+00
3.470000e-06	-7.039615e-02	-3.987970e+00
3.480000e-06	1.716372e-01	-4.125862e+00
3.490000e-06	-1.013698e-01	-4.461045e+00
3.500000e-06	5.460464e-02	-4.737887e+00
3.510000e-06	6.053694e-02	-4.998416e+00
3.520000e-06	-1.292339e-01	-5.399053e+00
3.530000e-06	1.472450e-01	-5.611125e+00
3.540000e-06	-1.598281e-01	-5.863727e+00
3.550000e-06	1.007651e-01	-6.198544e+00
3.560000e-06	1.109366e-02	-6.439675e+00
3.570000e-06	-4.039803e-02	-6.755886e+00
3.580000e-06	9.097890e-02	-6.967943e+00
3.590000e-06	-1.228037e-01	-7.295783e+00
3.600000e-06	1.085973e-01	-7.529913e+00
3.610000e-06	-7.522968e-02	-7.831189e+00
3.620000e-06	5.424525e-02	-8.136883e+00
3.630000e-06	3.442527e-02	-8.357815e+00
3.640000e-06	-5.247830e-02	-8.611668e+00
3.650000e-06	9.983677e-02	-8.875278e+00
3.660000e-06	-1.074404e-01	-9.085257e+00
3.670000e-06	7.919068e-02	-9.305912e+00
3.680000e-06	-5.316727e-02	-9.506514e+00
3.690000e-06	7.148916e-02	-9.789519e+00
3.700000e-06	-2.450546e-03	-1.001057e+01
3.710000e-06	-2.175030e-03	-1.025368e+01
3.720000e-06	2.307209e-02	-1.048371e+01
3.730000e-06	-3.678687e-02	-1.070573e+01
3.740000e-06	5.939627e-02	-1.089631e+01
3.750000e-06	-4.109849e-02	-1.110635e+01
3.760000e-06	5.988408e-02	-1.132644e+01
3.770000e-06	-2.751117e-02	-1.156801e+01
3.780000e-06	4.299077e-02	-1.178252e+01
3.790000e-06	-2.158588e-02	-1.194057e+01
3.800000e-06	1.440356e-02	-1.216060e+01
3.810000e-06	4.268405e-04	-1.233794e+01
3.820000e-06	2.268062e-02	-1.256946e+01
3.830000e-06	2.241205e-02	-1.269836e+01
3.840000e-06	-1.066300e-03	-1.288688e+01
3.850000e-06	1.079946e-02	-1.304420e+01
3.860000e-06	-3.845888e-03	-1.318167e+01
3.870000e-06	2.216457e-02	-1.336894e+01
3.880000e-06	-8.039503e-04	-1.353694e+01
3.890000e-06	2.365417e-02	-1.366629e+01
3.900000e-06	6.483428e-03	-1.381318e+01
3.910000e-06	2.454873e-02	-1.398112e+01
3.920000e-06	1.226078e-03	-1.411891e+01
3.930000e-06	8.941451e-03	-1.421428e+01
3.940000e-06	4.005712e-03	-1.435997e+01
3.950000e-06	2.276920e-02	-1.446691e+01
3.960000e-06	1.659380e-02	-1.458261e+01
3.970000e-06	1.661225e-02	-1.474794e+01
3.980000e-06	9.376448e-03	-1.482165e+01
3.990000e-06	1.416774e-02	-1.491797e+01
4.000000e-06	1.743098e-02	-1.499260e+01
4.010000e-06	1.375021e-02	-1.508846e+01
4.020000e-06	1.657756e-02	-1.516059e+01
4.030000e-06	1.657138e-02	-1.523365e+01
4.040000e-06	2.437563e-02	-1.529947e+01
4.050000e-06	1.637176e-02	-1.537147e+01
4.060000e-06	1.594547e-02	-1.544430e+01
4.070000e-06	1.377643e-02	-1.548691e+01
4.080000e-06	2.559467e-02	-1.556002e+01
4.090000e-06	2.635172e-02	-1.560110e+01
4.100000e-06	2.599002e-02	-1.563313e+01
4.110000e-06	2.205924e-02	-1.566326e+01
4.120000e-06	2.568852e-02	-1.567584e+01
4.130000e-06	2.900134e-02	-1.569841e+01
4.140000e-06	2.910465e-02	-1.572697e+01
4.150000e-06	3.007542e-02	-1.571144e+01
4.160000e-06	3.443331e-02	-1.571782e+01
4.170000e-06	4.259356e-02	-1.571005e+01
4.180000e-06	4.388528e-02	-1.572649e+01
4.190000e-06	4.327867e-02	-1.568741e+01
4.200000e-06	4.836610e-02	-1.566584e+01
4.210000e-06	5.909410e-02	-1.567533e+01
4.220000e-06	7.233041e-02	-1.563218e+01
4.230000e-06	8.524274e-02	-1.559217e+01
4.240000e-06	1.044594e-01	-1.554902e+01
4.250000e-06	1.399833e-01	-1.550781e+01
4.260000e-06	1.931554e-01	-1.542328e+01
4.270000e-06	2.404959e-01	-1.540200e+01
4.280000e-06	2.500000e-01	-1.529845e+01
4.290000e-06	2.500000e-01	-1.522663e+01
4.300000e-06	2.500000e-01	-1.517050e+01
4.310000e-06	2.289064e-01	-1.509831e+01
4.320000e-06	1.613020e-01	-1.497368e+01
4.330000e-06	1.079127e-01	-1.491772e+01
4.340000e-06	7.733622e-02	-1.481518e+01
4.350000e-06	5.939443e-02	-1.472997e+01
4.360000e-06	4.390986e-02	-1.464313e+01
4.370000e-06	3.199158e-02	-1.451789e+01
4.380000e-06	2.659676e-02	-1.440508e+01
4.390000e-06	2.379615e-02	-1.428674e+01
4.400000e-06	2.008426e-02	-1.412947e+01
4.410000e-06	1.440483e-02	-1.395150e+01
4.420000e-06	1.220428e-02	-1.385523e+01
4.430000e-06	1.249892e-02	-1.367582e+01
4.440000e-06	1.356814e-02	-1.352952e+01
4.450000e-06	1.003801e-02	-1.341350e+01
4.460000e-06	6.444700e-03	-1.319616e+01
4.470000e-06	6.901777e-03	-1.307524e+01
4.480000e-06	7.940640e-03	-1.291647e+01
4.490000e-06	6.300068e-03	-1.273090e+01
4.500000e-06	3.358683e-03	-1.256347e+01
4.510000e-06	2.893170e-03	-1.239156e+01
4.520000e-06	4.832520e-03	-1.222313e+01
4.530000e-06	3.920489e-03	-1.198323e+01
4.540000e-06	1.771607e-03	-1.185231e+01
4.550000e-06	-2.916891e-04	-1.159258e+01
4.560000e-06	1.889794e-03	-1.136050e+01
4.570000e-06	3.561413e-03	-1.114740e+01
4.580000e-06	2.085055e-03	-1.092742e+01
4.590000e-06	-8.658182e-04	-1.073692e+01
4.600000e-06	-1.250074e-03	-1.052690e+01
4.610000e-06	3.600552e-04	-1.025631e+01
4.620000e-06	5.107133e-04	-1.009577e+01
4.630000e-06	-2.172805e-03	-9.835684e+00
4.640000e-06	-2.821302e-03	-9.614661e+00
4.650000e-06	-2.149265e-04	-9.409707e+00
4.660000e-06	-2.145740e-04	-9.172028e+00
4.670000e-06	-1.872937e-03	-8.897953e+00
4.680000e-06	-4.848225e-03	-8.677769e+00
4.690000e-06	-3.582365e-03	-8.474662e+00
4.700000e-06	-2.472024e-03	-8.221557e+00
4.710000e-06	-2.304104e-03	-7.950371e+00
4.720000e-06	-4.607359e-03	-7.646319e+00
4.730000e-06	-4.601856e-03	-7.381454e+00
4.740000e-06	-3.778025e-03	-7.129770e+00
4.750000e-06	-3.105968e-03	-6.834188e+00
4.760000e-06	-5.633997e-03	-6.570534e+00
4.770000e-06	-4.981367e-03	-6.347926e+00
4.780000e-06	-5.434262e-03	-6.103738e+00
4.790000e-06	-3.997958e-03	-5.811034e+00
4.800000e-06	-5.559784e-03	-5.528370e+00
4.810000e-06	-7.185653e-03	-5.202559e+00
4.820000e-06	-6.100333e-03	-4.886322e+00
4.830000e-06	-4.853688e-03	-4.599554e+00
4.840000e-06	-4.984614e-03	-4.338847e+00
4.850000e-06	-7.040804e-03	-4.115740e+00
4.860000e-06	-7.174265e-03	-3.820559e+00
4.870000e-06	-6.674884e-03	-3.548772e+00
4.880000e-06	-7.500889e-03	-3.243612e+00
4.890000e-06	-7.078779e-03	-2.917323e+00
4.900000e-06	-8.748519e-03	-2.643608e+00
4.910000e-06	-6.287051e-03	-2.369000e+00
4.920000e-06	-5.876083e-03	-2.104243e+00
4.930000e-06	-6.946614e-03	-1.802034e+00
4.940000e-06	-9.050926e-03	-1.497699e+00
4.950000e-06	-8.968241e-03	-1.179950e+00
4.960000e-06	-7.858782e-03	-8.921682e-01
4.970000e-06	-6.857895e-03	-5.689302e-01
4.980000e-06	-7.461310e-03	-3.147184e-01
4.990000e-06	-4.888010e-03	-3.153032e-02
5.000000e-06	6.373537e-03	2.741739e-01
5.010000e-06	-3.612919e-03	5.358118e-01
5.020000e-06	8.936265e-04	7.469374e-01
5.030000e-06	-5.131928e-03	1.096754e+00
5.040000e-06	-1.658458e-03	1.398921e+00
5.050000e-06	-3.222476e-03	1.696254e+00
5.060000e-06	9.579262e-03	1.925810e+00
5.070000e-06	3.978014e-02	2.148515e+00
5.080000e-06	9.373035e-02	2.465205e+00
5.090000e-06	-4.295306e-02	2.841101e+00
5.100000e-06	-5.198234e-02	3.105783e+00
5.110000e-06	-4.117626e-02	3.430170e+00
5.120000e-06	-2.106061e-02	3.684256e+00
5.130000e-06	-6.642858e-02	3.896259e+00
5.140000e-06	-1.743369e-02	4.149363e+00
5.150000e-06	1.170692e-01	4.421221e+00
5.160000e-06	-9.151648e-02	4.716736e+00
5.170000e-06	8.293711e-02	4.969113e+00
5.180000e-06	1.753427e-02	5.307433e+00
5.190000e-06	-9.591666e-02	5.568497e+00
5.200000e-06	6.000280e-02	5.903827e+00
5.210000e-06	-6.163429e-02	6.137412e+00
5.220000e-06	6.288463e-02	6.370046e+00
5.230000e-06	-3.028075e-02	6.686328e+00
5.240000e-06	-1.824806e-02	6.957970e+00
5.250000e-06	1.104924e-02	7.222221e+00
5.260000e-06	-3.503722e-02	7.558858e+00
5.270000e-06	3.027445e-02	7.819572e+00
5.280000e-06	-5.653131e-02	8.065858e+00
5.290000e-06	4.628505e-02	8.306990e+00
5.300000e-06	-7.372827e-03	8.538018e+00
5.310000e-06	-1.507656e-02	8.760090e+00
5.320000e-06	9.054347e-04	9.042596e+00
5.330000e-06	-5.549526e-02	9.215328e+00
5.340000e-06	2.961887e-02	9.487303e+00
5.350000e-06	-1.349417e-02	9.718914e+00
5.360000e-06	2.102757e-02	9.959541e+00
5.370000e-06	-3.710474e-02	1.018257e+01
5.380000e-06	4.862571e-03	1.041267e+01
5.390000e-06	-9.626374e-03	1.062428e+01
5.400000e-06	-1.792919e-02	1.084415e+01
5.410000e-06	-9.778981e-03	1.102531e+01
5.420000e-06	-2.023507e-02	1.124725e+01
5.430000e-06	1.752738e-02	1.148683e+01
5.440000e-06	-1.614715e-02	1.170746e+01
5.450000e-06	-8.314229e-03	1.187736e+01
5.460000e-06	-3.338965e-02	1.212679e+01
5.470000e-06	1.248122e-03	1.227626e+01
5.480000e-06	-3.944293e-03	1.247633e+01
5.490000e-06	-4.083418e-03	1.262376e+01
5.500000e-06	-2.036510e-02	1.282222e+01
5.510000e-06	-1.907081e-02	1.297310e+01
5.520000e-06	-6.657673e-03	1.312054e+01
5.530000e-06	-1.762206e-02	1.328834e+01
5.540000e-06	-1.747563e-02	1.343583e+01
5.550000e-06	-1.999784e-02	1.360368e+01
5.560000e-06	1.473579e-03	1.375202e+01
5.570000e-06	-7.552607e-03	1.385689e+01
5.580000e-06	-1.879768e-02	1.402431e+01
5.590000e-06	-3.075830e-02	1.416317e+01
5.600000e-06	-1.861476e-02	1.432101e+01
5.610000e-06	-9.576173e-03	1.447630e+01
5.620000e-06	-1.522518e-02	1.454152e+01
5.630000e-06	-2.174045e-02	1.466878e+01
5.640000e-06	-2.190662e-02	1.473207e+01
5.650000e-06	-1.153373e-02	1.484476e+01
5.660000e-06	-1.888411e-02	1.495852e+01
5.670000e-06	-2.444840e-02	1.499418e+01
5.680000e-06	-2.799834e-02	1.508741e+01
5.690000e-06	-1.750338e-02	1.515157e+01
5.700000e-06	-1.597119e-02	1.524376e+01
5.710000e-06	-2.765966e-02	1.527899e+01
5.720000e-06	-3.333602e-02	1.538209e+01
5.730000e-06	-3.168064e-02	1.542668e+01
5.740000e-06	-1.955790e-02	1.542786e+01
5.750000e-06	-2.529564e-02	1.550944e+01
5.760000e-06	-3.161607e-02	1.551054e+01
5.770000e-06	-3.449229e-02	1.559115e+01
5.780000e-06	-2.953777e-02	1.559313e+01
5.790000e-06	-3.214370e-02	1.557261e+01
5.800000e-06	-4.467979e-02	1.559416e+01
5.810000e-06	-4.548943e-02	1.562419e+01
5.820000e-06	-4.286366e-02	1.563526e+01
5.830000e-06	-3.736579e-02	1.557621e+01
5.840000e-06	-4.932094e-02	1.557463e+01
5.850000e-06	-5.985124e-02	1.562218e+01
5.860000e-06	-6.550516e-02	1.558113e+01
5.870000e-06	-6.653047e-02	1.554147e+01
5.880000e-06	-7.924278e-02	1.548005e+01
5.890000e-06	-1.022300e-01	1.546836e+01
5.900000e-06	-1.273014e-01	1.545691e+01
5.910000e-06	-1.611522e-01	1.539418e+01
5.920000e-06	-2.144934e-01	1.534110e+01
5.930000e-06	-2.485789e-01	1.529694e+01
5.940000e-06	-2.500000e-01	1.519466e+01
5.950000e-06	-2.500000e-01	1.512105e+01
5.960000e-06	-2.490649e-01	1.510944e+01
5.970000e-06	-2.125940e-01	1.501421e+01
5.980000e-06	-1.520023e-01	1.486690e+01
5.990000e-06	-1.081057e-01	1.477323e+01
6.000000e-06	-7.581253e-02	1.474982e+01
6.010000e-06	-5.663552e-02	1.460363e+01
6.020000e-06	-4.998280e-02	1.448785e+01
6.030000e-06	-4.333089e-02	1.436210e+01
6.040000e-06	-3.408936e-02	1.427836e+01
6.050000e-06	-2.845441e-02	1.413990e+01
6.060000e-06	-2.656500e-02	1.399263e+01
6.070000e-06	-3.177538e-02	1.385729e+01
6.080000e-06	-2.310849e-02	1.368837e+01
6.090000e-06	-1.931959e-02	1.356408e+01
6.100000e-06	-1.408580e-02	1.344320e+01
6.110000e-06	-2.037085e-02	1.327669e+01
6.120000e-06	-2.099112e-02	1.310984e+01
6.130000e-06	-1.590827e-02	1.292050e+01
6.140000e-06	-1.561161e-02	1.277010e+01
6.150000e-06	-1.834676e-02	1.259415e+01
6.160000e-06	-2.068507e-02	1.242514e+01
6.170000e-06	-1.421401e-02	1.227579e+01
6.180000e-06	-8.433880e-03	1.206635e+01
6.190000e-06	-1.009643e-02	1.187589e+01
6.200000e-06	-1.538247e-02	1.164727e+01
6.210000e-06	-1.542327e-02	1.147481e+01
6.220000e-06	-1.203876e-02	1.120621e+01
6.230000e-06	-1.161211e-02	1.100371e+01
6.240000e-06	-1.488629e-02	1.080407e+01
6.250000e-06	-1.456152e-02	1.062326e+01
6.260000e-06	-9.901525e-03	1.037319e+01
6.270000e-06	-7.386217e-03	1.016005e+01
6.280000e-06	-9.426455e-03	9.950500e+00
6.290000e-06	-1.283466e-02	9.698446e+00
6.300000e-06	-1.139281e-02	9.494742e+00
6.310000e-06	-9.336943e-03	9.245215e+00
6.320000e-06	-8.886000e-03	8.972657e+00
6.330000e-06	-1.300470e-02	8.782479e+00
6.340000e-06	-1.236485e-02	8.530476e+00
6.350000e-06	-8.486229e-03	8.307341e+00
6.360000e-06	-6.563090e-03	8.074173e+00
6.370000e-06	-7.405847e-03	7.751530e+00
6.380000e-06	-1.099363e-02	7.559950e+00
6.390000e-06	-8.432988e-03	7.214240e+00
6.400000e-06	-7.028660e-03	6.980581e+00
6.410000e-06	-8.684418e-03	6.737347e+00
6.420000e-06	-1.163288e-02	6.474217e+00
6.430000e-06	-1.039431e-02	6.189605e+00
6.440000e-06	-6.939283e-03	5.919350e+00
6.450000e-06	-5.090251e-03	5.683587e+00
6.460000e-06	-7.864860e-03	5.412028e+00
6.470000e-06	-9.519517e-03	5.035167e+00
6.480000e-06	-6.492467e-03	4.747825e+00
6.490000e-06	-5.724198e-03	4.456188e+00
6.500000e-06	-7.582325e-03	4.182062e+00
6.510000e-06	-9.978165e-03	3.918802e+00
6.520000e-06	-9.020832e-03	3.623609e+00
6.530000e-06	-5.455793e-03	3.308947e+00
6.540000e-06	-5.801651e-03	3.005192e+00
6.550000e-06	-7.918757e-03	2.812576e+00
6.560000e-06	-8.194839e-03	2.496821e+00
6.570000e-06	-5.516788e-03	2.221531e+00
6.580000e-06	-4.973339e-03	1.947400e+00
6.590000e-06	-6.121442e-03	1.634710e+00
6.600000e-06	-8.088513e-03	1.328375e+00
6.610000e-06	-6.602277e-03	1.021612e+00
6.620000e-06	-4.911903e-03	7.157947e-01
6.630000e-06	-5.662825e-03	4.225579e-01
6.640000e-06	-5.991422e-03	1.153747e-01
6.650000e-06	-1.952646e-03	-1.768833e-01
6.660000e-06	1.146774e-02	-3.704950e-01
6.670000e-06	-8.162660e-04	-6.938044e-01
6.680000e-06	3.336033e-03	-9.584159e-01
6.690000e-06	-4.237844e-03	-1.263628e+00
6.700000e-06	1.435135e-03	-1.578435e+00
6.710000e-06	1.632699e-03	-1.839898e+00
6.720000e-06	3.371579e-02	-2.039999e+00
6.730000e-06	1.122433e-01	-2.293883e+00
6.740000e-06	-1.464551e-02	-2.736757e+00
6.750000e-06	-4.595585e-02	-3.123353e+00
6.760000e-06	-2.564423e-02	-3.371619e+00
6.770000e-06	-3.260945e-02	-3.640545e+00
6.780000e-06	-8.134881e-02	-3.904277e+00
6.790000e-06	6.537888e-02	-4.083153e+00
6.800000e-06	7.486876e-02	-4.262205e+00
6.810000e-06	-1.126410e-01	-4.609922e+00
6.820000e-06	1.988644e-01	-4.870102e+00
6.830000e-06	-1.356802e-01	-5.167787e+00
6.840000e-06	6.592354e-02	-5.546792e+00
6.850000e-06	-1.511684e-02	-5.756938e+00
6.860000e-06	-7.514766e-02	-6.091752e+00
6.870000e-06	1.541680e-01	-6.293736e+00
6.880000e-06	-1.146801e-01	-6.589019e+00
6.890000e-06	1.068769e-01	-6.905781e+00
6.900000e-06	-6.702589e-02	-7.146460e+00
6.910000e-06	1.038356e-03	-7.423755e+00
6.920000e-06	5.384567e-02	-7.694728e+00
6.930000e-06	-7.424635e-02	-7.999573e+00
6.940000e-06	1.325748e-01	-8.192048e+00
6.950000e-06	-9.390885e-02	-8.473779e+00
6.960000e-06	8.601215e-02	-8.727381e+00
6.970000e-06	-4.145964e-02	-8.980967e+00
6.980000e-06	-1.844826e-02	-9.220670e+00
6.990000e-06	3.784199e-02	-9.432629e+00
7.000000e-06	-2.825716e-02	-9.695853e+00
7.010000e-06	9.558069e-02	-9.915737e+00
7.020000e-06	-6.212198e-02	-1.010796e+01
7.030000e-06	6.822401e-02	-1.034997e+01
7.040000e-06	-6.084535e-02	-1.060205e+01
7.050000e-06	4.822023e-02	-1.075110e+01
7.060000e-06	-2.070624e-02	-1.098114e+01
7.070000e-06	1.980986e-02	-1.125205e+01
7.080000e-06	1.645481e-02	-1.142265e+01
7.090000e-06	3.217411e-03	-1.164585e+01
7.100000e-06	2.839489e-02	-1.184578e+01
7.110000e-06	-2.297751e-02	-1.209634e+01
7.120000e-06	2.857305e-02	-1.225468e+01
7.130000e-06	-1.022546e-02	-1.243315e+01
7.140000e-06	4.338416e-02	-1.263463e+01
7.150000e-06	-1.047006e-02	-1.278255e+01
7.160000e-06	1.852916e-02	-1.295097e+01
7.170000e-06	-8.911545e-03	-1.314899e+01
7.180000e-06	2.061789e-02	-1.327591e+01
7.190000e-06	4.485067e-03	-1.344573e+01
7.200000e-06	1.673420e-02	-1.361015e+01
7.210000e-06	1.399872e-02	-1.372894e+01
7.220000e-06	1.835822e-02	-1.388591e+01
7.230000e-06	1.265639e-02	-1.408323e+01
7.240000e-06	2.138977e-03	-1.422257e+01
7.250000e-06	5.394025e-03	-1.429841e+01
7.260000e-06	1.047040e-02	-1.440368e+01
7.270000e-06	2.301099e-02	-1.455950e+01
7.280000e-06	1.468537e-02	-1.469579e+01
7.290000e-06	1.748154e-02	-1.475007e+01
7.300000e-06	8.803973e-03	-1.487581e+01
7.310000e-06	2.043759e-02	-1.497045e+01
7.320000e-06	1.214630e-02	-1.507478e+01
7.330000e-06	1.653522e-02	-1.512894e+01
7.340000e-06	1.349787e-02	-1.518112e+01
7.350000e-06	2.201201e-02	-1.530784e+01
7.360000e-06	1.956074e-02	-1.535947e+01
7.370000e-06	1.703100e-02	-1.542310e+01
7.380000e-06	1.498190e-02	-1.547584e+01
7.390000e-06	2.071353e-02	-1.547844e+01
7.400000e-06	2.859925e-02	-1.556162e+01
7.410000e-06	2.572041e-02	-1.561265e+01
7.420000e-06	2.432465e-02	-1.566378e+01
7.430000e-06	2.181302e-02	-1.564786e+01
7.440000e-06	2.764588e-02	-1.566589e+01
7.450000e-06	2.792356e-02	-1.574004e+01
7.460000e-06	2.986034e-02	-1.573844e+01
7.470000e-06	3.178163e-02	-1.573951e+01
7.480000e-06	4.018565e-02	-1.575802e+01
7.490000e-06	4.481217e-02	-1.573792e+01
7.500000e-06	4.460436e-02	-1.569787e+01
7.510000e-06	4.502102e-02	-1.568739e+01
7.520000e-06	5.337447e-02	-1.565434e+01
7.530000e-06	6.531116e-02	-1.567426e+01
7.540000e-06	7.885803e-02	-1.561218e+01
7.550000e-06	9.408054e-02	-1.558113e+01
7.560000e-06	1.216285e-01	-1.551947e+01
7.570000e-06	1.664196e-01	-1.547789e+01
7.580000e-06	2.227914e-01	-1.541316e+01
7.590000e-06	2.491997e-01	-1.534047e+01
7.600000e-06	2.500000e-01	-1.530539e+01
7.610000e-06	2.500000e-01	-1.521263e+01
7.620000e-06	2.458017e-01	-1.514992e+01
7.630000e-06	1.948339e-01	-1.504628e+01
7.640000e-06	1.287929e-01	-1.496955e+01
7.650000e-06	8.954425e-02	-1.485526e+01
7.660000e-06	6.725641e-02	-1.475203e+01
7.670000e-06	5.094535e-02	-1.467569e+01
7.680000e-06	3.712290e-02	-1.458095e+01
7.690000e-06	2.867701e-02	-1.438418e+01
7.700000e-06	2.469576e-02	-1.433737e+01
7.710000e-06	2.216920e-02	-1.419158e+01
7.720000e-06	1.623316e-02	-1.405476e+01
7.730000e-06	1.293231e-02	-1.388792e+01
7.740000e-06	1.304175e-02	-1.377055e+01
7.750000e-06	1.306673e-02	-1.361166e+01
7.760000e-06	1.150424e-02	-1.345431e+01
7.770000e-06	7.467881e-03	-1.329942e+01
7.780000e-06	6.454657e-03	-1.312742e+01
7.790000e-06	7.496880e-03	-1.301208e+01
7.800000e-06	6.915948e-03	-1.285456e+01
7.810000e-06	4.487160e-03	-1.266474e+01
7.820000e-06	2.791378e-03	-1.246784e+01
7.830000e-06	4.281261e-03	-1.230679e+01
7.840000e-06	4.484357e-03	-1.210635e+01
7.850000e-06	2.397503e-03	-1.192740e+01
7.860000e-06	8.134717e-04	-1.168885e+01
7.870000e-06	1.005996e-03	-1.147619e+01
7.880000e-06	2.928679e-03	-1.122423e+01
7.890000e-06	2.798668e-03	-1.103318e+01
7.900000e-06	3.168867e-04	-1.083253e+01
7.910000e-06	-7.690901e-04	-1.060479e+01
7.920000e-06	-4.053015e-04	-1.043258e+01
7.930000e-06	-1.324271e-04	-1.018158e+01
7.940000e-06	-1.423933e-03	-9.968498e+00
7.950000e-06	-2.014169e-03	-9.727451e+00
7.960000e-06	-1.219816e-03	-9.498397e+00
7.970000e-06	9.400721e-05	-9.256766e+00
7.980000e-06	-1.519750e-03	-9.045583e+00
7.990000e-06	-3.995206e-03	-8.780553e+00
8.000000e-06	-4.154855e-03	-8.549478e+00
8.010000e-06	-2.521069e-03	-8.326847e+00
8.020000e-06	-3.314322e-03	-8.064163e+00
8.030000e-06	-4.165395e-03	-7.809083e+00
8.040000e-06	-4.660411e-03	-7.495795e+00
8.050000e-06	-4.598342e-03	-7.264239e+00
8.060000e-06	-3.759561e-03	-7.013012e+00
8.070000e-06	-4.346514e-03	-6.746296e+00
8.080000e-06	-4.508388e-03	-6.485191e+00
8.090000e-06	-3.697228e-03	-6.180004e+00
8.100000e-06	-5.870122e-03	-5.916824e+00
8.110000e-06	-5.427111e-03	-5.635187e+00
8.120000e-06	-6.759926e-03	-5.348306e+00
8.130000e-06	-6.229640e-03	-5.045713e+00
8.140000e-06	-6.669867e-03	-4.726893e+00
8.150000e-06	-4.857078e-03	-4.453137e+00
8.160000e-06	-4.093112e-03	-4.241584e+00
8.170000e-06	-6.311514e-03	-3.927325e+00
8.180000e-06	-6.772160e-03	-3.663609e+00
8.190000e-06	-8.502612e-03	-3.381980e+00
8.200000e-06	-7.820651e-03	-3.116813e+00
8.210000e-06	-7.846299e-03	-2.770481e+00
8.220000e-06	-6.453193e-03	-2.504799e+00
8.230000e-06	-6.906035e-03	-2.241959e+00
8.240000e-06	-6.014723e-03	-1.925797e+00
8.250000e-06	-7.842332e-03	-1.691666e+00
8.260000e-06	-7.864439e-03	-1.366344e+00
8.270000e-06	-9.467561e-03	-1.021535e+00
8.280000e-06	-8.634465e-03	-7.468750e-01
8.290000e-06	-7.723595e-03	-4.220091e-01
8.300000e-06	-6.419146e-03	-1.788485e-01
8.310000e-06	7.317480e-04	1.369094e-01
8.320000e-06	3.179839e-03	3.920501e-01
8.330000e-06	-3.208541e-03	6.641328e-01
8.340000e-06	1.134920e-03	9.368855e-01
8.350000e-06	-4.153309e-03	1.231623e+00
8.360000e-06	-3.012988e-04	1.557436e+00
8.370000e-06	-1.236088e-03	1.822098e+00
8.380000e-06	2.072088e-02	2.061650e+00
8.390000e-06	7.814224e-02	2.315861e+00
8.400000e-06	3.373968e-02	2.644700e+00
8.410000e-06	-7.588172e-02	2.959047e+00
8.420000e-06	-3.298126e-02	3.253750e+00
8.430000e-06	-3.598014e-02	3.581520e+00
8.440000e-06	-3.487686e-02	3.810099e+00
8.450000e-06	-7.086491e-02	4.021572e+00
8.460000e-06	7.790868e-02	4.273254e+00
8.470000e-06	2.327532e-02	4.580567e+00
8.480000e-06	-6.478891e-02	4.853625e+00
8.490000e-06	1.463409e-01	5.158960e+00
8.500000e-06	-1.292530e-01	5.434681e+00
8.510000e-06	3.434905e-02	5.718889e+00
8.520000e-06	-1.903019e-02	6.053149e+00
8.530000e-06	-1.969990e-03	6.213753e+00
8.540000e-06	4.413910e-02	6.597933e+00
8.550000e-06	-6.822617e-02	6.833727e+00
8.560000e-06	3.651451e-02	7.085338e+00
8.570000e-06	-4.902766e-02	7.359444e+00
8.580000e-06	2.641800e-02	7.625678e+00
8.590000e-06	-3.408299e-02	7.910091e+00
8.600000e-06	-9.111563e-04	8.222171e+00
8.610000e-06	3.785513e-02	8.454653e+00
8.620000e-06	-3.204462e-02	8.664303e+00
8.630000e-06	1.366424e-02	8.915483e+00
8.640000e-06	-4.820216e-02	9.119566e+00
8.650000e-06	-3.338375e-03	9.371645e+00
8.660000e-06	6.878809e-03	9.611121e+00
8.670000e-06	7.727291e-03	9.865754e+00
8.680000e-06	-1.045509e-02	1.008731e+01
8.690000e-06	-2.129919e-02	1.029696e+01
8.700000e-06	7.766269e-03	1.048794e+01
8.710000e-06	-2.148503e-02	1.074802e+01
8.720000e-06	-9.140238e-03	1.094099e+01
8.730000e-06	-2.182204e-02	1.118069e+01
8.740000e-06	4.617540e-03	1.142155e+01
8.750000e-06	7.160155e-05	1.159215e+01
8.760000e-06	-1.079599e-02	1.180260e+01
8.770000e-06	-2.569395e-02	1.199362e+01
8.780000e-06	-1.371333e-02	1.220310e+01
8.790000e-06	-7.170499e-04	1.240159e+01
8.800000e-06	-1.617670e-03	1.253902e+01
8.810000e-06	-1.520510e-02	1.272844e+01
8.820000e-06	-1.978250e-02	1.288639e+01
8.830000e-06	-1.084796e-02	1.306576e+01
8.840000e-06	-1.036534e-02	1.319313e+01
8.850000e-06	-1.717486e-02	1.339310e+01
8.860000e-06	-2.287075e-02	1.350999e+01
8.870000e-06	-5.931846e-03	1.369644e+01
8.880000e-06	-4.428344e-03	1.381425e+01
8.890000e-06	-1.030014e-02	1.393060e+01
8.900000e-06	-3.038425e-02	1.407849e+01
8.910000e-06	-2.149361e-02	1.426636e+01
8.920000e-06	-1.394044e-02	1.439315e+01
8.930000e-06	-8.975208e-03	1.447894e+01
8.940000e-06	-2.132672e-02	1.460273e+01
8.950000e-06	-2.380040e-02	1.470948e+01
8.960000e-06	-1.399121e-02	1.485264e+01
8.970000e-06	-1.557939e-02	1.488734e+01
8.980000e-06	-2.050587e-02	1.496159e+01
8.990000e-06	-3.020671e-02	1.503641e+01
9.000000e-06	-1.896840e-02	1.515104e+01
9.010000e-06	-1.726538e-02	1.521325e+01
9.020000e-06	-1.969908e-02	1.526736e+01
9.030000e-06	-3.421450e-02	1.530091e+01
9.040000e-06	-3.344103e-02	1.539515e+01
9.050000e-06	-2.455654e-02	1.539633e+01
9.060000e-06	-2.139053e-02	1.546836e+01
9.070000e-06	-2.903231e-02	1.548891e+01
9.080000e-06	-3.607481e-02	1.555150e+01
9.090000e-06	-3.035946e-02	1.558303e+01
9.100000e-06	-3.064282e-02	1.557308e+01
9.110000e-06	-3.709725e-02	1.560163e+01
9.120000e-06	-4.773330e-02	1.558521e+01
9.130000e-06	-4.419059e-02	1.561466e+01
9.140000e-06	-3.958410e-02	1.560736e+01
9.150000e-06	-4.293498e-02	1.560468e+01
9.160000e-06	-5.596566e-02	1.559311e+01
9.170000e-06	-6.495979e-02	1.559361e+01
9.180000e-06	-6.377514e-02	1.558152e+01
9.190000e-06	-7.264343e-02	1.554102e+01
9.200000e-06	-8.968084e-02	1.550789e+01
9.210000e-06	-1.169102e-01	1.548731e+01
9.220000e-06	-1.429521e-01	1.540370e+01
9.230000e-06	-1.882894e-01	1.536365e+01
9.240000e-06	-2.369895e-01	1.531004e+01
9.250000e-06	-2.500000e-01	1.523469e+01
9.260000e-06	-2.500000e-01	1.520263e+01
9.270000e-06	-2.500000e-01	1.512849e+01
9.280000e-06	-2.350031e-01	1.504788e+01
9.290000e-06	-1.771031e-01	1.493202e+01
9.300000e-06	-1.267332e-01	1.486774e+01
9.310000e-06	-8.887451e-02	1.474102e+01
9.320000e-06	-6.451698e-02	1.467684e+01
9.330000e-06	-5.286828e-02	1.452202e+01
9.340000e-06	-4.687680e-02	1.444579e+01
9.350000e-06	-3.993971e-02	1.428847e+01
9.360000e-06	-2.869223e-02	1.420508e+01
9.370000e-06	-2.731739e-02	1.405679e+01
9.380000e-06	-2.749141e-02	1.390090e+01
9.390000e-06	-2.728881e-02	1.380260e+01
9.400000e-06	-2.077664e-02	1.364668e+01
9.410000e-06	-1.743721e-02	1.345842e+01
9.420000e-06	-1.989498e-02	1.332987e+01
9.430000e-06	-2.126007e-02	1.315255e+01
9.440000e-06	-1.910905e-02	1.302426e+01
9.450000e-06	-1.412825e-02	1.284526e+01
9.460000e-06	-1.518005e-02	1.269544e+01
9.470000e-06	-1.701925e-02	1.252892e+01
9.480000e-06	-1.750979e-02	1.233095e+01
9.490000e-06	-1.203425e-02	1.213053e+01
9.500000e-06	-1.225889e-02	1.194158e+01
9.510000e-06	-1.447322e-02	1.176193e+01
9.520000e-06	-1.668591e-02	1.155945e+01
9.530000e-06	-1.345211e-02	1.134000e+01
9.540000e-06	-1.005402e-02	1.110640e+01
9.550000e-06	-1.050105e-02	1.092890e+01
9.560000e-06	-1.290828e-02	1.070843e+01
9.570000e-06	-1.275569e-02	1.050792e+01
9.580000e-06	-9.185726e-03	1.029726e+01
9.590000e-06	-9.278927e-03	1.004469e+01
9.600000e-06	-1.182753e-02	9.872683e+00
9.610000e-06	-1.230189e-02	9.593129e+00
9.620000e-06	-9.995680e-03	9.331001e+00
9.630000e-06	-8.395423e-03	9.088430e+00
9.640000e-06	-1.084905e-02	8.937317e+00
9.650000e-06	-1.241558e-02	8.655189e+00
9.660000e-06	-1.081065e-02	8.403057e+00
9.670000e-06	-7.191684e-03	8.141503e+00
9.680000e-06	-7.800781e-03	7.910345e+00
9.690000e-06	-9.826814e-03	7.674165e+00
9.700000e-06	-1.036043e-02	7.370627e+00
9.710000e-06	-8.189744e-03	7.107316e+00
9.720000e-06	-7.677882e-03	6.856166e+00
9.730000e-06	-1.061139e-02	6.560028e+00
9.740000e-06	-1.053188e-02	6.285842e+00
9.750000e-06	-8.412078e-03	6.064668e+00
9.760000e-06	-6.375005e-03	5.770657e+00
9.770000e-06	-7.573689e-03	5.496798e+00
9.780000e-06	-9.785450e-03	5.245163e+00
9.790000e-06	-8.531254e-03	4.876370e+00
9.800000e-06	-6.120771e-03	4.612004e+00
9.810000e-06	-6.236272e-03	4.369401e+00
9.820000e-06	-9.131997e-03	4.014614e+00
9.830000e-06	-9.055326e-03	3.739924e+00
9.840000e-06	-7.418341e-03	3.485747e+00
9.850000e-06	-5.449184e-03	3.170553e+00
9.860000e-06	-7.564149e-03	2.918795e+00
9.870000e-06	-8.477640e-03	2.655692e+00
9.880000e-06	-7.097750e-03	2.307348e+00
9.890000e-06	-5.188486e-03	2.054664e+00
9.900000e-06	-5.559743e-03	1.800479e+00
9.910000e-06	-7.786153e-03	1.464763e+00
9.920000e-06	-7.469171e-03	1.158952e+00
9.930000e-06	-5.068975e-03	8.316866e-01
9.940000e-06	-4.352997e-03	5.488724e-01
9.950000e-06	-5.983397e-03	2.446920e-01
9.960000e-06	-4.422079e-03	-4.155258e-02
9.970000e-06	5.253000e-03	-3.037003e-01
9.980000e-06	5.802303e-03	-5.859394e-01
9.990000e-06	-6.487706e-04	-9.026288e-01
1.000000e-05	8.888379e-04	-1.134812e+00
1.001000e-05	-1.773145e-03	-1.431051e+00
1.002000e-05	1.245865e-03	-1.683205e+00
1.003000e-05	1.504409e-02	-1.916357e+00
1.004000e-05	7.845222e-02	-2.147941e+00
1.005000e-05	7.601880e-02	-2.532383e+00
1.006000e-05	-7.429259e-02	-2.915834e+00
1.007000e-05	-1.006925e-02	-3.303808e+00
1.008000e-05	-4.320526e-02	-3.516334e+00
1.009000e-05	-3.873797e-02	-3.776916e+00
1.010000e-05	-5.935588e-02	-3.967522e+00
1.011000e-05	1.753513e-01	-4.157994e+00
1.012000e-05	-1.227970e-01	-4.453073e+00
1.013000e-05	7.695822e-02	-4.747887e+00
1.014000e-05	3.260602e-02	-4.978492e+00
1.015000e-05	-1.084946e-01	-5.390015e+00
1.016000e-05	1.389596e-01	-5.642654e+00
1.017000e-05	-1.673235e-01	-5.926306e+00
1.018000e-05	1.255178e-01	-6.189020e+00
1.019000e-05	-1.280741e-02	-6.442048e+00
1.020000e-05	-2.042333e-02	-6.747391e+00
1.021000e-05	7.567222e-02	-7.032570e+00
1.022000e-05	-1.160546e-01	-7.298333e+00
1.023000e-05	1.160973e-01	-7.599417e+00
1.024000e-05	-8.614941e-02	-7.853149e+00
1.025000e-05	7.631987e-02	-8.127436e+00
1.026000e-05	9.315978e-03	-8.326937e+00
1.027000e-05	-3.537668e-02	-8.643146e+00
1.028000e-05	8.474373e-02	-8.873806e+00
1.029000e-05	-1.042762e-01	-9.114834e+00
1.030000e-05	8.580344e-02	-9.328391e+00
1.031000e-05	-5.978478e-02	-9.556917e+00
1.032000e-05	8.716165e-02	-9.790097e+00
1.033000e-05	-1.898879e-02	-1.005052e+01
1.034000e-05	1.036574e-02	-1.031468e+01
1.035000e-05	6.443009e-03	-1.050481e+01
1.036000e-05	-2.700379e-02	-1.072736e+01
1.037000e-05	5.228526e-02	-1.088531e+01
1.038000e-05	-3.539275e-02	-1.110536e+01
1.039000e-05	5.990621e-02	-1.133641e+01
1.040000e-05	-2.843463e-02	-1.156949e+01
1.041000e-05	4.618136e-02	-1.179050e+01
1.042000e-05	-2.735548e-02	-1.195054e+01
1.043000e-05	2.014605e-02	-1.218954e+01
1.044000e-05	-3.550781e-03	-1.232897e+01
1.045000e-05	2.863592e-02	-1.257002e+01
1.046000e-05	1.671346e-02	-1.268736e+01
1.047000e-05	1.915471e-03	-1.288641e+01
1.048000e-05	7.734066e-03	-1.305518e+01
1.049000e-05	-4.860958e-04	-1.320107e+01
1.050000e-05	2.161939e-02	-1.338045e+01
1.051000e-05	1.099978e-03	-1.351939e+01
1.052000e-05	2.372451e-02	-1.368431e+01
1.053000e-05	6.684861e-03	-1.382425e+01
1.054000e-05	2.369570e-02	-1.403207e+01
1.055000e-05	-9.727914e-04	-1.412841e+01
1.056000e-05	9.526717e-03	-1.427728e+01
1.057000e-05	3.752176e-03	-1.436952e+01
1.058000e-05	2.495066e-02	-1.450686e+01
1.059000e-05	1.667969e-02	-1.460410e+01
1.060000e-05	1.754880e-02	-1.472951e+01
1.061000e-05	8.632566e-03	-1.482307e+01
1.062000e-05	1.386949e-02	-1.493789e+01
1.063000e-05	1.636982e-02	-1.499220e+01
1.064000e-05	1.447666e-02	-1.509886e+01
1.065000e-05	1.644520e-02	-1.516257e+01
1.066000e-05	1.816376e-02	-1.523473e+01
1.067000e-05	2.455402e-02	-1.531842e+01
1.068000e-05	1.595243e-02	-1.540205e+01
1.069000e-05	1.619136e-02	-1.542578e+01
1.070000e-05	1.420713e-02	-1.552744e+01
1.071000e-05	2.697328e-02	-1.554905e+01
1.072000e-05	2.656996e-02	-1.562250e+01
1.073000e-05	2.539109e-02	-1.563328e+01
1.074000e-05	2.230375e-02	-1.566624e+01
1.075000e-05	2.527404e-02	-1.566684e+01
1.076000e-05	2.924143e-02	-1.572897e+01
1.077000e-05	2.893685e-02	-1.574144e+01
1.078000e-05	3.037946e-02	-1.572087e+01
1.079000e-05	3.609448e-02	-1.574002e+01
1.080000e-05	4.317744e-02	-1.574842e+01
1.081000e-05	4.473844e-02	-1.570844e+01
1.082000e-05	4.316095e-02	-1.570839e+01
1.083000e-05	4.823711e-02	-1.565736e+01
1.084000e-05	6.021065e-02	-1.567476e+01
1.085000e-05	7.443731e-02	-1.559472e+01
1.086000e-05	8.679124e-02	-1.560162e+01
1.087000e-05	1.068719e-01	-1.553957e+01
1.088000e-05	1.425913e-01	-1.549839e+01
1.089000e-05	1.972156e-01	-1.544573e+01
1.090000e-05	2.421882e-01	-1.539058e+01
1.091000e-05	2.500000e-01	-1.531079e+01
1.092000e-05	2.500000e-01	-1.522573e+01
1.093000e-05	2.500000e-01	-1.516048e+01
1.094000e-05	2.247254e-01	-1.508639e+01
1.095000e-05	1.557248e-01	-1.499203e+01
1.096000e-05	1.034800e-01	-1.491785e+01
1.097000e-05	7.578595e-02	-1.479323e+01
1.098000e-05	5.834017e-02	-1.471742e+01
1.099000e-05	4.276712e-02	-1.460301e+01
1.100000e-05	3.208435e-02	-1.446534e+01
1.101000e-05	2.621469e-02	-1.437103e+01
1.102000e-05	2.397930e-02	-1.422469e+01
1.103000e-05	1.886961e-02	-1.414842e+01
1.104000e-05	1.376839e-02	-1.397058e+01
1.105000e-05	1.210075e-02	-1.384366e+01
1.106000e-05	1.389763e-02	-1.368641e+01
1.107000e-05	1.302836e-02	-1.351892e+01
1.108000e-05	8.620273e-03	-1.341050e+01
1.109000e-05	4.868656e-03	-1.322513e+01
1.110000e-05	6.822922e-03	-1.304631e+01
1.111000e-05	8.103608e-03	-1.287740e+01
1.112000e-05	6.171949e-03	-1.273042e+01
1.113000e-05	3.884601e-03	-1.257300e+01
1.114000e-05	3.505288e-03	-1.239410e+01
1.115000e-05	4.660577e-03	-1.221206e+01
1.116000e-05	3.370045e-03	-1.199413e+01
1.117000e-05	3.773692e-04	-1.182061e+01
1.118000e-05	-4.124143e-04	-1.163260e+01
1.119000e-05	2.251479e-03	-1.135897e+01
1.120000e-05	3.872173e-03	-1.110889e+01
1.121000e-05	2.401812e-03	-1.093889e+01
1.122000e-05	-6.287388e-04	-1.073589e+01
1.123000e-05	-7.953658e-04	-1.051792e+01
1.124000e-05	2.409327e-04	-1.026634e+01
1.125000e-05	-5.251468e-04	-1.001619e+01
1.126000e-05	-2.764669e-03	-9.854133e+00
1.127000e-05	-2.321079e-03	-9.645108e+00
1.128000e-05	-3.088474e-04	-9.391684e+00
1.129000e-05	1.135413e-05	-9.146477e+00
1.130000e-05	-2.988120e-03	-8.936826e+00
1.131000e-05	-4.144737e-03	-8.655367e+00
1.132000e-05	-2.879181e-03	-8.403715e+00
1.133000e-05	-1.823446e-03	-8.180429e+00
1.134000e-05	-2.949375e-03	-7.898850e+00
1.135000e-05	-4.972462e-03	-7.614814e+00
1.136000e-05	-4.924555e-03	-7.380451e+00
1.137000e-05	-4.522592e-03	-7.127846e+00
1.138000e-05	-3.929775e-03	-6.823688e+00
1.139000e-05	-6.119875e-03	-6.560404e+00
1.140000e-05	-4.658896e-03	-6.339325e+00
1.141000e-05	-4.592197e-03	-6.043187e+00
1.142000e-05	-3.974978e-03	-5.789478e+00
1.143000e-05	-6.171108e-03	-5.486194e+00
1.144000e-05	-6.686841e-03	-5.180431e+00
1.145000e-05	-7.069341e-03	-4.865140e+00
1.146000e-05	-4.796657e-03	-4.517954e+00
1.147000e-05	-5.937974e-03	-4.337424e+00
1.148000e-05	-7.206106e-03	-4.015264e+00
1.149000e-05	-7.311256e-03	-3.757503e+00
1.150000e-05	-6.628334e-03	-3.486795e+00
1.151000e-05	-7.154051e-03	-3.222583e+00
1.152000e-05	-7.088691e-03	-2.927250e+00
1.153000e-05	-7.277063e-03	-2.623138e+00
1.154000e-05	-5.805822e-03	-2.359504e+00
1.155000e-05	-5.974112e-03	-2.024214e+00
1.156000e-05	-7.968144e-03	-1.811403e+00
1.157000e-05	-9.643976e-03	-1.514717e+00
1.158000e-05	-9.811439e-03	-1.157374e+00
1.159000e-05	-7.552141e-03	-8.742406e-01
1.160000e-05	-7.729334e-03	-5.368776e-01
1.161000e-05	-6.866725e-03	-2.736420e-01
1.162000e-05	-5.071271e-03	-1.110399e-02
1.163000e-05	7.289665e-03	2.938589e-01
1.164000e-05	-3.290618e-03	5.568644e-01
1.165000e-05	1.264130e-03	7.985198e-01
1.166000e-05	-4.855385e-03	1.117229e+00
1.167000e-05	-1.145644e-03	1.369468e+00
1.168000e-05	-3.731061e-03	1.717409e+00
1.169000e-05	1.039863e-02	1.905365e+00
1.170000e-05	4.350977e-02	2.209471e+00
1.171000e-05	8.998750e-02	2.515957e+00
1.172000e-05	-5.187472e-02	2.863704e+00
1.173000e-05	-4.671425e-02	3.077836e+00
1.174000e-05	-4.061519e-02	3.420223e+00
1.175000e-05	-1.997147e-02	3.695759e+00
1.176000e-05	-6.949213e-02	3.916337e+00
1.177000e-05	-6.034277e-03	4.107488e+00
1.178000e-05	1.120247e-01	4.453724e+00
1.179000e-05	-1.025062e-01	4.717417e+00
1.180000e-05	1.031845e-01	4.977496e+00
1.181000e-05	-8.572930e-03	5.358936e+00
1.182000e-05	-7.852792e-02	5.610524e+00
1.183000e-05	5.534273e-02	5.873803e+00
1.184000e-05	-5.787531e-02	6.158417e+00
1.185000e-05	6.730560e-02	6.400096e+00
1.186000e-05	-4.155165e-02	6.706407e+00
1.187000e-05	-8.282403e-03	6.979541e+00
1.188000e-05	-1.275022e-04	7.243200e+00
1.189000e-05	-2.786578e-02	7.546958e+00
1.190000e-05	2.411686e-02	7.801621e+00
1.191000e-05	-5.133898e-02	8.105882e+00
1.192000e-05	5.066791e-02	8.348391e+00
1.193000e-05	-1.189360e-02	8.559993e+00
1.194000e-05	-9.917672e-03	8.801095e+00
1.195000e-05	-5.011508e-03	9.043100e+00
1.196000e-05	-5.262794e-02	9.297883e+00
1.197000e-05	2.907870e-02	9.516938e+00
1.198000e-05	-1.345511e-02	9.748466e+00
1.199000e-05	2.099127e-02	9.980072e+00
1.200000e-05	-3.740404e-02	1.023165e+01
1.201000e-05	7.879318e-03	1.047320e+01
1.202000e-05	-1.144548e-02	1.067566e+01
1.203000e-05	-1.607469e-02	1.084423e+01
1.204000e-05	-1.137130e-02	1.107470e+01
1.205000e-05	-1.881736e-02	1.129731e+01
1.206000e-05	1.663172e-02	1.148784e+01
1.207000e-05	-1.595439e-02	1.170796e+01
1.208000e-05	-8.844053e-03	1.192693e+01
1.209000e-05	-3.228007e-02	1.213794e+01
1.210000e-05	2.812346e-03	1.225686e+01
1.211000e-05	-4.155053e-03	1.248641e+01
1.212000e-05	-5.411477e-03	1.262468e+01
1.213000e-05	-2.026886e-02	1.277325e+01
1.214000e-05	-1.783548e-02	1.299157e+01
1.215000e-05	-5.941790e-03	1.315054e+01
1.216000e-05	-1.811601e-02	1.328693e+01
1.217000e-05	-1.768214e-02	1.343523e+01
1.218000e-05	-1.912341e-02	1.357225e+01
1.219000e-05	1.230175e-03	1.378319e+01
1.220000e-05	-7.967502e-03	1.389844e+01
1.221000e-05	-1.959290e-02	1.401521e+01
1.222000e-05	-2.927610e-02	1.422118e+01
1.223000e-05	-1.739811e-02	1.433104e+01
1.224000e-05	-8.488026e-03	1.444578e+01
1.225000e-05	-1.630532e-02	1.456004e+01
1.226000e-05	-2.216588e-02	1.475079e+01
1.227000e-05	-2.182611e-02	1.475080e+01
1.228000e-05	-1.205328e-02	1.485531e+01
1.229000e-05	-1.945927e-02	1.490897e+01
1.230000e-05	-2.601655e-02	1.498378e+01
1.231000e-05	-2.642092e-02	1.508794e+01
1.232000e-05	-1.758116e-02	1.518107e+01
1.233000e-05	-1.616727e-02	1.522575e+01
1.234000e-05	-2.912328e-02	1.532792e+01
1.235000e-05	-3.347162e-02	1.536108e+01
1.236000e-05	-3.152969e-02	1.542523e+01
1.237000e-05	-2.005256e-02	1.546633e+01
1.238000e-05	-2.665904e-02	1.549692e+01
1.239000e-05	-3.292290e-02	1.557049e+01
1.240000e-05	-3.364725e-02	1.556258e+01
1.241000e-05	-2.912361e-02	1.556116e+01
1.242000e-05	-3.212665e-02	1.560108e+01
1.243000e-05	-4.443324e-02	1.558473e+01
1.244000e-05	-4.568359e-02	1.557526e+01
1.245000e-05	-4.306024e-02	1.563369e+01
1.246000e-05	-3.950443e-02	1.562416e+01
1.247000e-05	-5.081712e-02	1.562363e+01
1.248000e-05	-6.134003e-02	1.560213e+01
1.249000e-05	-6.518985e-02	1.557165e+01
1.250000e-05	-6.706355e-02	1.553210e+01
1.251000e-05	-8.053481e-02	1.550004e+01
1.252000e-05	-1.041228e-01	1.546791e+01
1.253000e-05	-1.284905e-01	1.542578e+01
1.254000e-05	-1.646066e-01	1.540468e+01
1.255000e-05	-2.175227e-01	1.535057e+01
1.256000e-05	-2.489996e-01	1.525672e+01
1.257000e-05	-2.500000e-01	1.524323e+01
1.258000e-05	-2.500000e-01	1.514005e+01
1.259000e-05	-2.479493e-01	1.510687e+01
1.260000e-05	-2.074873e-01	1.501321e+01
1.261000e-05	-1.479900e-01	1.491637e+01
1.262000e-05	-1.042308e-01	1.479413e+01
1.263000e-05	-7.397360e-02	1.471887e+01
1.264000e-05	-5.591749e-02	1.459268e+01
1.265000e-05	-4.927522e-02	1.450689e+01
1.266000e-05	-4.377403e-02	1.441310e+01
1.267000e-05	-3.370150e-02	1.425781e+01
1.268000e-05	-2.816935e-02	1.413994e+01
1.269000e-05	-2.653351e-02	1.398213e+01
1.270000e-05	-2.896451e-02	1.384531e+01
1.271000e-05	-2.306632e-02	1.372744e+01
1.272000e-05	-1.843470e-02	1.354905e+01
1.273000e-05	-1.754198e-02	1.337231e+01
1.274000e-05	-2.203521e-02	1.323576e+01
1.275000e-05	-2.054718e-02	1.309842e+01
1.276000e-05	-1.620037e-02	1.288897e+01
1.277000e-05	-1.359338e-02	1.273100e+01
1.278000e-05	-1.703178e-02	1.257213e+01
1.279000e-05	-1.831095e-02	1.243418e+01
1.280000e-05	-1.435564e-02	1.225529e+01
1.281000e-05	-1.149435e-02	1.206627e+01
1.282000e-05	-1.233617e-02	1.187527e+01
1.283000e-05	-1.616467e-02	1.164472e+01
1.284000e-05	-1.454700e-02	1.146576e+01
1.285000e-05	-1.144141e-02	1.121426e+01
1.286000e-05	-9.963039e-03	1.100366e+01
1.287000e-05	-1.316803e-02	1.080306e+01
1.288000e-05	-1.383477e-02	1.060271e+01
1.289000e-05	-1.123148e-02	1.037361e+01
1.290000e-05	-8.628275e-03	1.016110e+01
1.291000e-05	-1.063763e-02	9.919951e+00
1.292000e-05	-1.280378e-02	9.655770e+00
1.293000e-05	-1.127238e-02	9.455264e+00
1.294000e-05	-8.215654e-03	9.235112e+00
1.295000e-05	-9.678460e-03	8.981584e+00
1.296000e-05	-1.191576e-02	8.769503e+00
1.297000e-05	-1.252126e-02	8.518898e+00
1.298000e-05	-8.284077e-03	8.316719e+00
1.299000e-05	-8.027280e-03	8.014662e+00
1.300000e-05	-8.128571e-03	7.771054e+00
1.301000e-05	-1.137818e-02	7.466224e+00
1.302000e-05	-9.063659e-03	7.203559e+00
1.303000e-05	-7.808412e-03	6.948933e+00
1.304000e-05	-7.837298e-03	6.738900e+00
1.305000e-05	-1.073373e-02	6.403567e+00
1.306000e-05	-9.858056e-03	6.170503e+00
1.307000e-05	-7.200365e-03	5.877872e+00
1.308000e-05	-6.901111e-03	5.614765e+00
1.309000e-05	-8.731992e-03	5.361481e+00
1.310000e-05	-1.013175e-02	5.043240e+00
1.311000e-05	-7.172749e-03	4.698300e+00
1.312000e-05	-6.106002e-03	4.435290e+00
1.313000e-05	-7.454444e-03	4.188983e+00
1.314000e-05	-8.480242e-03	3.925868e+00
1.315000e-05	-8.100180e-03	3.623608e+00
1.316000e-05	-5.901894e-03	3.276429e+00
1.317000e-05	-6.817393e-03	3.033613e+00
1.318000e-05	-9.667585e-03	2.790501e+00
1.319000e-05	-8.185414e-03	2.485719e+00
1.320000e-05	-6.803292e-03	2.181009e+00
1.321000e-05	-2.861398e-03	1.908345e+00
1.322000e-05	-4.815605e-03	1.641059e+00
1.323000e-05	-7.735625e-03	1.296797e+00
1.324000e-05	-6.223260e-03	9.800828e-01
1.325000e-05	-6.904185e-03	6.642656e-01
1.326000e-05	-6.201485e-03	3.910814e-01
1.327000e-05	-6.043107e-03	1.152234e-01
1.328000e-05	1.719255e-04	-1.888635e-01
1.329000e-05	1.179710e-02	-3.990225e-01
1.330000e-05	-4.342444e-04	-7.179008e-01
1.331000e-05	5.305851e-03	-9.699909e-01
1.332000e-05	-4.496241e-03	-1.324200e+00
1.333000e-05	1.724800e-03	-1.548389e+00
1.334000e-05	1.958690e-03	-1.819996e+00
1.335000e-05	3.811889e-02	-2.030047e+00
1.336000e-05	1.133488e-01	-2.387412e+00
1.337000e-05	-2.597230e-02	-2.706358e+00
1.338000e-05	-3.996798e-02	-3.127881e+00
1.339000e-05	-2.776927e-02	-3.431120e+00
1.340000e-05	-3.074988e-02	-3.642127e+00
1.341000e-05	-8.508393e-02	-3.894758e+00
1.342000e-05	8.915825e-02	-4.053682e+00
1.343000e-05	4.335397e-02	-4.293677e+00
1.344000e-05	-8.723739e-02	-4.641068e+00
1.345000e-05	1.917776e-01	-4.862153e+00
1.346000e-05	-1.559981e-01	-5.199191e+00
1.347000e-05	8.837986e-02	-5.566887e+00
1.348000e-05	-3.853364e-02	-5.757465e+00
1.349000e-05	-4.519927e-02	-6.084679e+00
1.350000e-05	1.430172e-01	-6.305833e+00
1.351000e-05	-1.130259e-01	-6.651069e+00
1.352000e-05	1.157923e-01	-6.895806e+00
1.353000e-05	-8.690409e-02	-7.157489e+00
1.354000e-05	2.285418e-02	-7.474726e+00
1.355000e-05	3.309312e-02	-7.676355e+00
1.356000e-05	-5.861841e-02	-8.031642e+00
1.357000e-05	1.262907e-01	-8.222127e+00
1.358000e-05	-9.812103e-02	-8.483756e+00
1.359000e-05	9.808665e-02	-8.747440e+00
1.360000e-05	-6.038462e-02	-8.969971e+00
1.361000e-05	-4.959722e-04	-9.273201e+00
1.362000e-05	2.219551e-02	-9.464654e+00
1.363000e-05	-1.313258e-02	-9.737386e+00
1.364000e-05	8.564708e-02	-9.888386e+00
1.365000e-05	-5.933408e-02	-1.012046e+01
1.366000e-05	6.704267e-02	-1.033157e+01
1.367000e-05	-6.475400e-02	-1.058115e+01
1.368000e-05	5.652878e-02	-1.079112e+01
1.369000e-05	-2.878190e-02	-1.103212e+01
1.370000e-05	2.977513e-02	-1.123373e+01
1.371000e-05	8.010176e-03	-1.146318e+01
1.372000e-05	1.063496e-02	-1.171580e+01
1.373000e-05	2.000166e-02	-1.187536e+01
1.374000e-05	-1.796629e-02	-1.207791e+01
1.375000e-05	2.514217e-02	-1.226478e+01
1.376000e-05	-5.490959e-03	-1.245381e+01
1.377000e-05	4.223604e-02	-1.265413e+01
1.378000e-05	-1.098656e-02	-1.279067e+01
1.379000e-05	1.732823e-02	-1.301160e+01
1.380000e-05	-1.066005e-02	-1.318802e+01
1.381000e-05	2.260174e-02	-1.331639e+01
1.382000e-05	3.114414e-03	-1.344478e+01
1.383000e-05	1.961487e-02	-1.365163e+01
1.384000e-05	1.301295e-02	-1.375907e+01
1.385000e-05	2.037288e-02	-1.391841e+01
1.386000e-05	1.029339e-02	-1.403533e+01
1.387000e-05	2.664728e-03	-1.422212e+01
1.388000e-05	3.993935e-03	-1.429892e+01
1.389000e-05	1.248930e-02	-1.446531e+01
1.390000e-05	2.288811e-02	-1.456057e+01
1.391000e-05	1.543092e-02	-1.467679e+01
1.392000e-05	1.643935e-02	-1.480107e+01
1.393000e-05	9.750845e-03	-1.487533e+01
1.394000e-05	2.131023e-02	-1.495155e+01
1.395000e-05	1.214920e-02	-1.506521e+01
1.396000e-05	1.671763e-02	-1.513899e+01
1.397000e-05	1.279157e-02	-1.519315e+01
1.398000e-05	2.298740e-02	-1.528626e+01
1.399000e-05	1.871469e-02	-1.538103e+01
1.400000e-05	1.696391e-02	-1.544423e+01
1.401000e-05	1.428151e-02	-1.545593e+01
1.402000e-05	2.203188e-02	-1.550844e+01
1.403000e-05	2.836962e-02	-1.558110e+01
1.404000e-05	2.659087e-02	-1.562470e+01
1.405000e-05	2.463823e-02	-1.563428e+01
1.406000e-05	2.253388e-02	-1.566586e+01
1.407000e-05	2.861647e-02	-1.571489e+01
1.408000e-05	2.759552e-02	-1.572792e+01
1.409000e-05	2.874792e-02	-1.571742e+01
1.410000e-05	3.149132e-02	-1.571797e+01
1.411000e-05	4.009665e-02	-1.570945e+01
1.412000e-05	4.512105e-02	-1.568997e+01
1.413000e-05	4.557952e-02	-1.572632e+01
1.414000e-05	4.618812e-02	-1.566689e+01
1.415000e-05	5.510351e-02	-1.567576e+01
1.416000e-05	6.663595e-02	-1.565371e+01
1.417000e-05	7.856561e-02	-1.562258e+01
1.418000e-05	9.465113e-02	-1.554005e+01
1.419000e-05	1.230382e-01	-1.551839e+01
1.420000e-05	1.699240e-01	-1.546731e+01
1.421000e-05	2.264916e-01	-1.539468e+01
1.422000e-05	2.493995e-01	-1.533942e+01
1.423000e-05	2.500000e-01	-1.525477e+01
1.424000e-05	2.500000e-01	-1.518266e+01
1.425000e-05	2.435115e-01	-1.512799e+01
1.426000e-05	1.900165e-01	-1.503626e+01
1.427000e-05	1.241899e-01	-1.493050e+01
1.428000e-05	8.611561e-02	-1.489523e+01
1.429000e-05	6.530478e-02	-1.475052e+01
1.430000e-05	4.938989e-02	-1.466534e+01
1.431000e-05	3.631750e-02	-1.456950e+01
1.432000e-05	2.860344e-02	-1.441319e+01
1.433000e-05	2.551168e-02	-1.431527e+01
1.434000e-05	2.206131e-02	-1.418160e+01
1.435000e-05	1.628584e-02	-1.403621e+01
1.436000e-05	1.203644e-02	-1.390741e+01
1.437000e-05	1.151113e-02	-1.376097e+01
1.438000e-05	1.338999e-02	-1.358153e+01
1.439000e-05	1.099796e-02	-1.345534e+01
1.440000e-05	6.439686e-03	-1.328737e+01
1.441000e-05	5.617167e-03	-1.313950e+01
1.442000e-05	7.443096e-03	-1.299955e+01
1.443000e-05	7.948688e-03	-1.282318e+01
1.444000e-05	4.941674e-03	-1.264514e+01
1.445000e-05	3.241740e-03	-1.249521e+01
1.446000e-05	3.682310e-03	-1.231532e+01
1.447000e-05	3.729113e-03	-1.208582e+01
1.448000e-05	1.743088e-03	-1.188787e+01
1.449000e-05	-4.887237e-04	-1.168635e+01
1.450000e-05	7.562491e-04	-1.143576e+01
1.451000e-05	3.495412e-03	-1.123461e+01
1.452000e-05	3.527593e-03	-1.099268e+01
1.453000e-05	1.292655e-03	-1.084353e+01
1.454000e-05	-1.289108e-03	-1.062405e+01
1.455000e-05	4.985021e-04	-1.041003e+01
1.456000e-05	7.391135e-04	-1.012900e+01
1.457000e-05	-1.043283e-03	-9.966972e+00
1.458000e-05	-3.310970e-03	-9.728947e+00
1.459000e-05	-1.740749e-03	-9.497243e+00
1.460000e-05	-4.155517e-05	-9.265313e+00
1.461000e-05	-1.581274e-03	-9.031636e+00
1.462000e-05	-3.995889e-03	-8.801479e+00
1.463000e-05	-3.295316e-03	-8.540025e+00
1.464000e-05	-1.132825e-03	-8.315191e+00
1.465000e-05	-1.728504e-03	-8.054661e+00
1.466000e-05	-3.785091e-03	-7.750510e+00
1.467000e-05	-5.187803e-03	-7.495818e+00
1.468000e-05	-4.111015e-03	-7.241687e+00
1.469000e-05	-3.514289e-03	-6.979003e+00
1.470000e-05	-5.296828e-03	-6.696343e+00
1.471000e-05	-5.899230e-03	-6.445159e+00
1.472000e-05	-3.956957e-03	-6.149028e+00
1.473000e-05	-4.264067e-03	-5.895292e+00
1.474000e-05	-4.209210e-03	-5.632657e+00
1.475000e-05	-6.993871e-03	-5.327375e+00
1.476000e-05	-6.468288e-03	-5.030538e+00
1.477000e-05	-5.093386e-03	-4.686870e+00
1.478000e-05	-5.337142e-03	-4.442162e+00
1.479000e-05	-7.275499e-03	-4.200984e+00
1.480000e-05	-8.261391e-03	-3.939347e+00
1.481000e-05	-6.557249e-03	-3.622658e+00
1.482000e-05	-6.914225e-03	-3.399954e+00
1.483000e-05	-5.957773e-03	-3.062691e+00
1.484000e-05	-8.122842e-03	-2.767976e+00
1.485000e-05	-6.041189e-03	-2.494317e+00
1.486000e-05	-6.135654e-03	-2.210883e+00
1.487000e-05	-6.594958e-03	-1.874772e+00
1.488000e-05	-9.974054e-03	-1.662662e+00
1.489000e-05	-9.694096e-03	-1.296749e+00
1.490000e-05	-9.168500e-03	-9.614766e-01
1.491000e-05	-7.426101e-03	-7.373224e-01
1.492000e-05	-7.833902e-03	-4.100551e-01
1.493000e-05	-6.312621e-03	-1.367710e-01
1.494000e-05	2.790199e-03	1.474395e-01
1.495000e-05	3.013175e-03	4.136738e-01
1.496000e-05	-2.051104e-03	7.042840e-01
1.497000e-05	-4.620575e-04	9.568894e-01
1.498000e-05	-4.686136e-03	1.273205e+00
1.499000e-05	-1.197047e-03	1.561412e+00
1.500000e-05	5.945328e-04	1.843181e+00
1.501000e-05	2.192435e-02	2.062207e+00
1.502000e-05	8.261244e-02	2.347887e+00
1.503000e-05	2.182692e-02	2.664878e+00
1.504000e-05	-7.271607e-02	3.001596e+00
1.505000e-05	-3.334474e-02	3.295210e+00
1.506000e-05	-3.355343e-02	3.601071e+00
1.507000e-05	-4.014574e-02	3.833600e+00
1.508000e-05	-6.583819e-02	4.023176e+00
1.509000e-05	8.987123e-02	4.264886e+00
1.510000e-05	3.100941e-03	4.619147e+00
1.511000e-05	-4.619552e-02	4.865228e+00
1.512000e-05	1.352593e-01	5.189041e+00
1.513000e-05	-1.339774e-01	5.474762e+00
1.514000e-05	4.641905e-02	5.759016e+00
1.515000e-05	-2.995358e-02	6.033604e+00
1.516000e-05	1.104303e-02	6.255782e+00
1.517000e-05	3.554300e-02	6.580042e+00
1.518000e-05	-6.371397e-02	6.824704e+00
1.519000e-05	3.565577e-02	7.107887e+00
1.520000e-05	-5.206790e-02	7.371550e+00
1.521000e-05	3.122390e-02	7.697235e+00
1.522000e-05	-4.118751e-02	7.959641e+00
1.523000e-05	8.112151e-03	8.244227e+00
1.524000e-05	3.214580e-02	8.475229e+00
1.525000e-05	-2.983191e-02	8.674786e+00
1.526000e-05	1.597159e-02	8.926461e+00
1.527000e-05	-5.200341e-02	9.167990e+00
1.528000e-05	3.707765e-03	9.400545e+00
1.529000e-05	1.109275e-03	9.644170e+00
1.530000e-05	1.111925e-02	9.855306e+00
1.531000e-05	-1.617537e-02	1.010734e+01
1.532000e-05	-1.755085e-02	1.031886e+01
1.533000e-05	4.934202e-03	1.051062e+01
1.534000e-05	-1.974066e-02	1.070802e+01
1.535000e-05	-6.521636e-03	1.095949e+01
1.536000e-05	-2.277299e-02	1.118039e+01
1.537000e-05	7.561652e-03	1.139215e+01
1.538000e-05	-3.206771e-03	1.160417e+01
1.539000e-05	-9.197339e-03	1.179270e+01
1.540000e-05	-2.942638e-02	1.203215e+01
1.541000e-05	-1.191499e-02	1.220220e+01
1.542000e-05	-1.959485e-03	1.242265e+01
1.543000e-05	-5.927960e-04	1.253907e+01
1.544000e-05	-1.504612e-02	1.274894e+01
1.545000e-05	-1.940938e-02	1.287694e+01
1.546000e-05	-1.011236e-02	1.306733e+01
1.547000e-05	-1.107940e-02	1.323373e+01
1.548000e-05	-1.646078e-02	1.339460e+01
1.549000e-05	-2.407373e-02	1.348602e+01
1.550000e-05	-4.834447e-03	1.367741e+01
1.551000e-05	-6.026445e-03	1.385475e+01
1.552000e-05	-1.113038e-02	1.397015e+01
1.553000e-05	-3.137382e-02	1.412854e+01
1.554000e-05	-2.176782e-02	1.422636e+01
1.555000e-05	-1.280732e-02	1.439462e+01
1.556000e-05	-9.172403e-03	1.454891e+01
1.557000e-05	-2.072950e-02	1.464418e+01
1.558000e-05	-2.435099e-02	1.469789e+01
1.559000e-05	-1.428976e-02	1.479320e+01
1.560000e-05	-1.686446e-02	1.488889e+01
1.561000e-05	-2.104356e-02	1.498107e+01
1.562000e-05	-3.131401e-02	1.505626e+01
1.563000e-05	-1.966310e-02	1.514154e+01
1.564000e-05	-1.568474e-02	1.521268e+01
1.565000e-05	-1.934062e-02	1.528534e+01
1.566000e-05	-3.321803e-02	1.533042e+01
1.567000e-05	-3.326950e-02	1.541515e+01
1.568000e-05	-2.422272e-02	1.546631e+01
1.569000e-05	-2.269930e-02	1.547846e+01
1.570000e-05	-3.054459e-02	1.552900e+01
1.571000e-05	-3.765509e-02	1.552102e+01
1.572000e-05	-3.026893e-02	1.555160e+01
1.573000e-05	-2.983760e-02	1.563473e+01
1.574000e-05	-3.775786e-02	1.561266e+01
1.575000e-05	-4.652026e-02	1.563623e+01
1.576000e-05	-4.398940e-02	1.560421e+01
1.577000e-05	-3.820491e-02	1.562371e+01
1.578000e-05	-4.478532e-02	1.560418e+01
1.579000e-05	-5.661277e-02	1.561271e+01
1.580000e-05	-6.661261e-02	1.559210e+01
1.581000e-05	-6.427952e-02	1.556205e+01
1.582000e-05	-7.447944e-02	1.549999e+01
1.583000e-05	-9.213688e-02	1.551895e+01
1.584000e-05	-1.174838e-01	1.543739e+01
1.585000e-05	-1.442871e-01	1.541581e+01
1.586000e-05	-1.909027e-01	1.535210e+01
1.587000e-05	-2.391039e-01	1.528747e+01
1.588000e-05	-2.500000e-01	1.526524e+01
1.589000e-05	-2.500000e-01	1.518110e+01
1.590000e-05	-2.500000e-01	1.509752e+01
1.591000e-05	-2.313242e-01	1.505531e+01
1.592000e-05	-1.732224e-01	1.494000e+01
1.593000e-05	-1.234000e-01	1.480377e+01
1.594000e-05	-8.589246e-02	1.471953e+01
1.595000e-05	-6.177832e-02	1.465629e+01
1.596000e-05	-5.252987e-02	1.458143e+01
1.597000e-05	-4.650978e-02	1.443474e+01
1.598000e-05	-3.857761e-02	1.429902e+01
1.599000e-05	-2.819517e-02	1.420361e+01
1.600000e-05	-2.728313e-02	1.402779e+01
1.601000e-05	-2.911600e-02	1.391789e+01
1.602000e-05	-2.736207e-02	1.378408e+01
1.603000e-05	-2.029436e-02	1.361471e+01
1.604000e-05	-1.586141e-02	1.345539e+01
1.605000e-05	-1.939880e-02	1.327039e+01
1.606000e-05	-2.131598e-02	1.314063e+01
1.607000e-05	-1.846840e-02	1.301371e+01
1.608000e-05	-1.313743e-02	1.283469e+01
1.609000e-05	-1.635913e-02	1.265637e+01
1.610000e-05	-1.801052e-02	1.246842e+01
1.611000e-05	-1.761061e-02	1.233897e+01
1.612000e-05	-1.125976e-02	1.215900e+01
1.613000e-05	-1.148145e-02	1.195155e+01
1.614000e-05	-1.477515e-02	1.170102e+01
1.615000e-05	-1.615604e-02	1.154942e+01
1.616000e-05	-1.294892e-02	1.135900e+01
1.617000e-05	-8.742573e-03	1.109890e+01
1.618000e-05	-1.173634e-02	1.088792e+01
1.619000e-05	-1.450274e-02	1.073837e+01
1.620000e-05	-1.368747e-02	1.047729e+01
1.621000e-05	-9.211387e-03	1.022624e+01
1.622000e-05	-1.035593e-02	1.000374e+01
1.623000e-05	-1.241425e-02	9.782693e+00
1.624000e-05	-1.266091e-02	9.509960e+00
1.625000e-05	-9.777758e-03	9.309529e+00
1.626000e-05	-6.955960e-03	9.105794e+00
1.627000e-05	-1.038551e-02	8.875842e+00
1.628000e-05	-1.275805e-02	8.652607e+00
1.629000e-05	-1.142366e-02	8.443557e+00
1.630000e-05	-7.715720e-03	8.150951e+00
1.631000e-05	-8.228472e-03	7.886820e+00
1.632000e-05	-1.064002e-02	7.612614e+00
1.633000e-05	-1.053183e-02	7.330576e+00
1.634000e-05	-7.606435e-03	7.075242e+00
1.635000e-05	-6.270997e-03	6.783763e+00
1.636000e-05	-9.262213e-03	6.570884e+00
1.637000e-05	-1.106355e-02	6.274793e+00
1.638000e-05	-7.921626e-03	6.025235e+00
1.639000e-05	-6.504098e-03	5.761506e+00
1.640000e-05	-8.464204e-03	5.516346e+00
1.641000e-05	-1.086870e-02	5.161104e+00
1.642000e-05	-8.836428e-03	4.845716e+00
1.643000e-05	-6.368813e-03	4.559479e+00
1.644000e-05	-5.905701e-03	4.307822e+00
1.645000e-05	-8.423179e-03	4.021560e+00
1.646000e-05	-7.988952e-03	3.725852e+00
1.647000e-05	-6.852391e-03	3.495170e+00
1.648000e-05	-5.388481e-03	3.142525e+00
1.649000e-05	-8.167796e-03	2.905869e+00
1.650000e-05	-9.706609e-03	2.594983e+00
1.651000e-05	-7.723981e-03	2.317343e+00
1.652000e-05	-5.202319e-03	2.072585e+00
1.653000e-05	-5.697185e-03	1.768977e+00
1.654000e-05	-7.199096e-03	1.403117e+00
1.655000e-05	-6.873658e-03	1.188301e+00
1.656000e-05	-4.160644e-03	7.915614e-01
1.657000e-05	-4.127488e-03	5.268248e-01
1.658000e-05	-5.381705e-03	2.025405e-01
1.659000e-05	-4.605988e-03	-8.170145e-02
1.660000e-05	6.013177e-03	-3.052843e-01
1.661000e-05	4.715303e-03	-5.584185e-01
1.662000e-05	2.981861e-04	-8.932805e-01
1.663000e-05	-5.046528e-04	-1.107909e+00
1.664000e-05	-5.927815e-04	-1.442149e+00
1.665000e-05	2.322503e-03	-1.712762e+00
1.666000e-05	1.847097e-02	-1.936887e+00
1.667000e-05	8.617759e-02	-2.179512e+00
1.668000e-05	6.350416e-02	-2.566382e+00
1.669000e-05	-7.404424e-02	-2.977459e+00
1.670000e-05	-1.066945e-02	-3.336833e+00
1.671000e-05	-4.347775e-02	-3.515838e+00
1.672000e-05	-4.482751e-02	-3.778341e+00
1.673000e-05	-4.356741e-02	-4.011996e+00
1.674000e-05	1.732653e-01	-4.188435e+00
1.675000e-05	-1.410032e-01	-4.464200e+00
1.676000e-05	1.013248e-01	-4.807969e+00
1.677000e-05	4.620400e-03	-5.000048e+00
1.678000e-05	-8.449944e-02	-5.411089e+00
1.679000e-05	1.234966e-01	-5.664202e+00
1.680000e-05	-1.675065e-01	-5.936808e+00
1.681000e-05	1.482769e-01	-6.201128e+00
1.682000e-05	-3.576263e-02	-6.452699e+00
1.683000e-05	2.727737e-03	-6.758966e+00
1.684000e-05	5.468986e-02	-7.031497e+00
1.685000e-05	-1.047797e-01	-7.326312e+00
1.686000e-05	1.161020e-01	-7.599519e+00
1.687000e-05	-9.335808e-02	-7.844228e+00
1.688000e-05	9.419698e-02	-8.179364e+00
1.689000e-05	-1.035140e-02	-8.377886e+00
1.690000e-05	-1.736977e-02	-8.643627e+00
1.691000e-05	6.860745e-02	-8.895837e+00
1.692000e-05	-1.000160e-01	-9.147411e+00
1.693000e-05	8.389204e-02	-9.338444e+00
1.694000e-05	-6.133598e-02	-9.558615e+00
1.695000e-05	9.550843e-02	-9.832149e+00
1.696000e-05	-2.961422e-02	-1.006222e+01
1.697000e-05	2.502099e-02	-1.028738e+01
1.698000e-05	-4.392667e-03	-1.048428e+01
1.699000e-05	-1.521133e-02	-1.074733e+01
1.700000e-05	4.067038e-02	-1.090688e+01
1.701000e-05	-3.196241e-02	-1.112691e+01
1.702000e-05	5.502825e-02	-1.133897e+01
1.703000e-05	-2.750796e-02	-1.156004e+01
1.704000e-05	4.754504e-02	-1.184310e+01
1.705000e-05	-2.893788e-02	-1.202059e+01
1.706000e-05	2.565736e-02	-1.219962e+01
1.707000e-05	-6.407223e-03	-1.235904e+01
1.708000e-05	3.309064e-02	-1.259802e+01
1.709000e-05	1.113859e-02	-1.269786e+01
1.710000e-05	4.068508e-03	-1.292738e+01
1.711000e-05	3.748213e-03	-1.308326e+01
1.712000e-05	1.426962e-03	-1.324315e+01
1.713000e-05	1.879611e-02	-1.338205e+01
1.714000e-05	3.585102e-03	-1.349804e+01
1.715000e-05	2.454082e-02	-1.365736e+01
1.716000e-05	9.583155e-03	-1.386425e+01
1.717000e-05	2.407420e-02	-1.401100e+01
1.718000e-05	-3.840592e-04	-1.413796e+01
1.719000e-05	9.043008e-03	-1.427683e+01
1.720000e-05	2.639038e-03	-1.438052e+01
1.721000e-05	2.385717e-02	-1.448752e+01
1.722000e-05	1.605588e-02	-1.461373e+01
1.723000e-05	1.872996e-02	-1.472954e+01
1.724000e-05	9.031875e-03	-1.483263e+01
1.725000e-05	1.646373e-02	-1.495791e+01
1.726000e-05	1.630676e-02	-1.501320e+01
1.727000e-05	1.584632e-02	-1.510686e+01
1.728000e-05	1.642773e-02	-1.513958e+01
1.729000e-05	1.839798e-02	-1.523266e+01
1.730000e-05	2.324375e-02	-1.528742e+01
1.731000e-05	1.566086e-02	-1.539167e+01
1.732000e-05	1.497437e-02	-1.544623e+01
1.733000e-05	1.554432e-02	-1.551634e+01
1.734000e-05	2.735360e-02	-1.555904e+01
1.735000e-05	2.661488e-02	-1.560360e+01
1.736000e-05	2.679421e-02	-1.561218e+01
1.737000e-05	2.400490e-02	-1.564473e+01
1.738000e-05	2.726207e-02	-1.567784e+01
1.739000e-05	2.787749e-02	-1.570837e+01
1.740000e-05	2.821205e-02	-1.572847e+01
1.741000e-05	3.005695e-02	-1.571807e+01
1.742000e-05	3.651675e-02	-1.570802e+01
1.743000e-05	4.317926e-02	-1.573752e+01
1.744000e-05	4.472937e-02	-1.572889e+01
1.745000e-05	4.486319e-02	-1.566737e+01
1.746000e-05	5.006876e-02	-1.565481e+01
1.747000e-05	6.163779e-02	-1.563468e+01
1.748000e-05	7.383598e-02	-1.560421e+01
1.749000e-05	8.465606e-02	-1.559962e+01
1.750000e-05	1.090772e-01	-1.554947e+01
1.751000e-05	1.447210e-01	-1.549539e+01
1.752000e-05	2.031011e-01	-1.541428e+01
1.753000e-05	2.446586e-01	-1.540360e+01
1.754000e-05	2.500000e-01	-1.531837e+01
1.755000e-05	2.500000e-01	-1.521521e+01
1.756000e-05	2.500000e-01	-1.514997e+01
1.757000e-05	2.210045e-01	-1.504679e+01
1.758000e-05	1.486195e-01	-1.499205e+01
1.759000e-05	1.022459e-01	-1.488882e+01
1.760000e-05	7.539371e-02	-1.477213e+01
1.761000e-05	5.758145e-02	-1.468804e+01
1.762000e-05	4.217578e-02	-1.459361e+01
1.763000e-05	3.141419e-02	-1.449587e+01
1.764000e-05	2.645181e-02	-1.434202e+01
1.765000e-05	2.215175e-02	-1.423421e+01
1.766000e-05	1.776201e-02	-1.410987e+01
1.767000e-05	1.207934e-02	-1.397105e+01
1.768000e-05	1.270724e-02	-1.382218e+01
1.769000e-05	1.405040e-02	-1.364537e+01
1.770000e-05	1.296097e-02	-1.352899e+01
1.771000e-05	8.408587e-03	-1.337215e+01
1.772000e-05	6.559735e-03	-1.320216e+01
1.773000e-05	6.933400e-03	-1.305386e+01
1.774000e-05	7.106412e-03	-1.288584e+01
1.775000e-05	5.045527e-03	-1.269892e+01
1.776000e-05	3.285757e-03	-1.255847e+01
1.777000e-05	3.687131e-03	-1.238903e+01
1.778000e-05	5.019140e-03	-1.218101e+01
1.779000e-05	3.692828e-03	-1.198103e+01
1.780000e-05	1.759488e-03	-1.180166e+01
1.781000e-05	7.204738e-04	-1.158105e+01
1.782000e-05	3.152980e-03	-1.133938e+01
1.783000e-05	2.369871e-03	-1.108839e+01
1.784000e-05	1.308288e-03	-1.089690e+01
1.785000e-05	-1.486425e-03	-1.072682e+01
1.786000e-05	-3.366096e-04	-1.048640e+01
1.787000e-05	9.786011e-04	-1.028269e+01
1.788000e-05	-3.145424e-04	-1.004419e+01
1.789000e-05	-2.324299e-03	-9.832637e+00
1.790000e-05	-2.004352e-03	-9.612482e+00
1.791000e-05	-7.293515e-04	-9.370475e+00
1.792000e-05	-1.828376e-03	-9.097967e+00
1.793000e-05	-3.814220e-03	-8.915795e+00
1.794000e-05	-3.983083e-03	-8.616241e+00
1.795000e-05	-2.734409e-03	-8.423179e+00
1.796000e-05	-2.402447e-03	-8.147549e+00
1.797000e-05	-3.085504e-03	-7.916798e+00
1.798000e-05	-4.387920e-03	-7.642153e+00
1.799000e-05	-3.842832e-03	-7.369999e+00
1.800000e-05	-3.819513e-03	-7.107221e+00
1.801000e-05	-4.197690e-03	-6.814134e+00
1.802000e-05	-6.750775e-03	-6.560975e+00
1.803000e-05	-4.204931e-03	-6.307845e+00
1.804000e-05	-4.943321e-03	-6.013033e+00
1.805000e-05	-4.149687e-03	-5.730479e+00
1.806000e-05	-6.259130e-03	-5.516722e+00
1.807000e-05	-5.850985e-03	-5.127905e+00
1.808000e-05	-5.431934e-03	-4.842163e+00
1.809000e-05	-4.677990e-03	-4.525896e+00
1.810000e-05	-5.549650e-03	-4.325821e+00
1.811000e-05	-7.679279e-03	-4.073635e+00
1.812000e-05	-7.776840e-03	-3.758350e+00
1.813000e-05	-8.483834e-03	-3.494716e+00
1.814000e-05	-8.407864e-03	-3.222586e+00
1.815000e-05	-7.497871e-03	-2.886743e+00
1.816000e-05	-7.006172e-03	-2.612532e+00
1.817000e-05	-5.516450e-03	-2.277329e+00
1.818000e-05	-5.311028e-03	-2.061663e+00
1.819000e-05	-7.792133e-03	-1.728950e+00
1.820000e-05	-8.944111e-03	-1.433791e+00
1.821000e-05	-1.042023e-02	-1.136300e+00
1.822000e-05	-8.627357e-03	-8.531143e-01
1.823000e-05	-9.131137e-03	-5.663239e-01
1.824000e-05	-7.567558e-03	-2.736895e-01
1.825000e-05	-4.340610e-03	-1.150269e-02
1.826000e-05	7.713847e-03	3.068067e-01
1.827000e-05	-3.121956e-03	5.574434e-01
1.828000e-05	1.796180e-03	8.095500e-01
1.829000e-05	-5.144447e-03	1.117386e+00
1.830000e-05	-6.562897e-04	1.389945e+00
1.831000e-05	-4.654388e-03	1.727886e+00
1.832000e-05	1.063117e-02	1.928887e+00
1.833000e-05	4.768925e-02	2.220019e+00
1.834000e-05	8.400543e-02	2.567837e+00
1.835000e-05	-5.917013e-02	2.864728e+00
1.836000e-05	-4.294511e-02	3.148417e+00
1.837000e-05	-3.954209e-02	3.463649e+00
1.838000e-05	-2.027957e-02	3.706334e+00
1.839000e-05	-7.181513e-02	3.938487e+00
1.840000e-05	7.221166e-03	4.166989e+00
1.841000e-05	1.049126e-01	4.465730e+00
1.842000e-05	-1.093500e-01	4.767370e+00
1.843000e-05	1.200776e-01	4.990018e+00
1.844000e-05	-3.376137e-02	5.369488e+00
1.845000e-05	-6.130060e-02	5.613100e+00
1.846000e-05	4.682873e-02	5.905961e+00
1.847000e-05	-5.321278e-02	6.169519e+00
1.848000e-05	7.107389e-02	6.441099e+00
1.849000e-05	-4.931749e-02	6.748462e+00
1.850000e-05	1.568035e-03	6.990645e+00
1.851000e-05	-9.935491e-03	7.284777e+00
1.852000e-05	-2.014442e-02	7.547983e+00
1.853000e-05	1.574827e-02	7.813297e+00
1.854000e-05	-4.731941e-02	8.146912e+00
1.855000e-05	5.240204e-02	8.338467e+00
1.856000e-05	-1.631056e-02	8.601019e+00
1.857000e-05	-4.421478e-03	8.802170e+00
1.858000e-05	-1.052387e-02	9.064773e+00
1.859000e-05	-4.620313e-02	9.316881e+00
1.860000e-05	2.813975e-02	9.528388e+00
1.861000e-05	-1.208292e-02	9.750992e+00
1.862000e-05	1.672086e-02	9.972147e+00
1.863000e-05	-3.784929e-02	1.022105e+01
1.864000e-05	9.040029e-03	1.046427e+01
1.865000e-05	-1.342240e-02	1.063578e+01
1.866000e-05	-1.406235e-02	1.088528e+01
1.867000e-05	-1.253385e-02	1.107726e+01
1.868000e-05	-1.486285e-02	1.127839e+01
1.869000e-05	1.621774e-02	1.150836e+01
1.870000e-05	-1.530735e-02	1.175699e+01
1.871000e-05	-1.147443e-02	1.194794e+01
1.872000e-05	-3.116382e-02	1.208944e+01
1.873000e-05	1.797108e-03	1.228684e+01
1.874000e-05	-4.276116e-03	1.248686e+01
1.875000e-05	-7.606519e-03	1.267473e+01
1.876000e-05	-1.989526e-02	1.284270e+01
1.877000e-05	-1.609647e-02	1.302304e+01
1.878000e-05	-4.296360e-03	1.317012e+01
1.879000e-05	-1.715780e-02	1.331739e+01
1.880000e-05	-1.836043e-02	1.346629e+01
1.881000e-05	-1.799955e-02	1.357475e+01
1.882000e-05	-7.909684e-05	1.377114e+01
1.883000e-05	-9.427534e-03	1.390736e+01
1.884000e-05	-2.200021e-02	1.404585e+01
1.885000e-05	-2.851097e-02	1.420216e+01
1.886000e-05	-1.655229e-02	1.433157e+01
1.887000e-05	-7.973101e-03	1.447634e+01
1.888000e-05	-1.684957e-02	1.456257e+01
1.889000e-05	-2.222120e-02	1.468831e+01
1.890000e-05	-2.031575e-02	1.478012e+01
1.891000e-05	-1.265407e-02	1.487680e+01
1.892000e-05	-2.040696e-02	1.493012e+01
1.893000e-05	-2.797006e-02	1.502631e+01
1.894000e-05	-2.631444e-02	1.507839e+01
1.895000e-05	-1.762731e-02	1.517207e+01
1.896000e-05	-1.573994e-02	1.524483e+01
1.897000e-05	-2.893771e-02	1.529947e+01
1.898000e-05	-3.219374e-02	1.537205e+01
1.899000e-05	-3.070555e-02	1.543575e+01
1.900000e-05	-2.034855e-02	1.545786e+01
1.901000e-05	-2.796999e-02	1.551992e+01
1.902000e-05	-3.396961e-02	1.554952e+01
1.903000e-05	-3.348278e-02	1.554158e+01
1.904000e-05	-3.017059e-02	1.558163e+01
1.905000e-05	-3.255321e-02	1.559260e+01
1.906000e-05	-4.387156e-02	1.564420e+01
1.907000e-05	-4.555854e-02	1.562468e+01
1.908000e-05	-4.178512e-02	1.563818e+01
1.909000e-05	-3.952570e-02	1.559573e+01
1.910000e-05	-5.036559e-02	1.560516e+01
1.911000e-05	-6.176514e-02	1.559260e+01
1.912000e-05	-6.553415e-02	1.559258e+01
1.913000e-05	-6.898861e-02	1.552147e+01
1.914000e-05	-8.194999e-02	1.549047e+01
1.915000e-05	-1.060403e-01	1.549839e+01
1.916000e-05	-1.297488e-01	1.545676e+01
1.917000e-05	-1.684134e-01	1.541273e+01
1.918000e-05	-2.204443e-01	1.536154e+01
1.919000e-05	-2.492997e-01	1.529591e+01
1.920000e-05	-2.500000e-01	1.519473e+01
1.921000e-05	-2.500000e-01	1.515907e+01
1.922000e-05	-2.463064e-01	1.507689e+01
1.923000e-05	-2.031663e-01	1.500220e+01
1.924000e-05	-1.447447e-01	1.487787e+01
1.925000e-05	-1.022019e-01	1.477113e+01
1.926000e-05	-7.219094e-02	1.466544e+01
1.927000e-05	-5.505218e-02	1.458513e+01
1.928000e-05	-4.858639e-02	1.449779e+01
1.929000e-05	-4.177239e-02	1.438358e+01
1.930000e-05	-3.230439e-02	1.428534e+01
1.931000e-05	-2.833827e-02	1.409048e+01
1.932000e-05	-2.680660e-02	1.394163e+01
1.933000e-05	-2.988952e-02	1.380681e+01
1.934000e-05	-2.365933e-02	1.365844e+01
1.935000e-05	-1.902597e-02	1.353008e+01
1.936000e-05	-1.663295e-02	1.339113e+01
1.937000e-05	-2.104743e-02	1.321314e+01
1.938000e-05	-1.983963e-02	1.308739e+01
1.939000e-05	-1.611761e-02	1.291739e+01
1.940000e-05	-1.372731e-02	1.270963e+01
1.941000e-05	-1.663721e-02	1.254268e+01
1.942000e-05	-1.957305e-02	1.240311e+01
1.943000e-05	-1.471482e-02	1.223677e+01
1.944000e-05	-1.192903e-02	1.197469e+01
1.945000e-05	-1.220195e-02	1.186471e+01
1.946000e-05	-1.780184e-02	1.161466e+01
1.947000e-05	-1.495215e-02	1.141323e+01
1.948000e-05	-1.097281e-02	1.118516e+01
1.949000e-05	-8.859451e-03	1.098155e+01
1.950000e-05	-1.236892e-02	1.081356e+01
1.951000e-05	-1.371118e-02	1.059369e+01
1.952000e-05	-1.108908e-02	1.037258e+01
1.953000e-05	-9.922909e-03	1.011998e+01
1.954000e-05	-1.109775e-02	9.889321e+00
1.955000e-05	-1.438636e-02	9.676242e+00
1.956000e-05	-1.107897e-02	9.404263e+00
1.957000e-05	-7.945817e-03	9.184612e+00
1.958000e-05	-8.939380e-03	8.969484e+00
1.959000e-05	-1.168071e-02	8.708970e+00
1.960000e-05	-1.192076e-02	8.509345e+00
1.961000e-05	-9.083406e-03	8.245718e+00
1.962000e-05	-7.867452e-03	8.002590e+00
1.963000e-05	-1.023833e-02	7.722003e+00
1.964000e-05	-1.260958e-02	7.487721e+00
1.965000e-05	-9.163967e-03	7.185084e+00
1.966000e-05	-7.580952e-03	6.928476e+00
1.967000e-05	-8.102301e-03	6.698744e+00
1.968000e-05	-1.123504e-02	6.404558e+00
1.969000e-05	-9.272908e-03	6.149551e+00
1.970000e-05	-6.727030e-03	5.917221e+00
1.971000e-05	-6.135377e-03	5.651139e+00
1.972000e-05	-9.524609e-03	5.340403e+00
1.973000e-05	-1.093161e-02	4.971115e+00
1.974000e-05	-7.844149e-03	4.666795e+00
1.975000e-05	-6.490119e-03	4.454210e+00
1.976000e-05	-7.559515e-03	4.167377e+00
1.977000e-05	-8.972552e-03	3.853738e+00
1.978000e-05	-7.489558e-03	3.582533e+00
1.979000e-05	-4.704611e-03	3.298266e+00
1.980000e-05	-5.992041e-03	3.013159e+00
1.981000e-05	-8.030709e-03	2.780450e+00
1.982000e-05	-8.731964e-03	2.454137e+00
1.983000e-05	-6.078153e-03	2.129379e+00
1.984000e-05	-6.466584e-03	1.875793e+00
1.985000e-05	-6.117064e-03	1.578411e+00
1.986000e-05	-7.180481e-03	1.294796e+00
1.987000e-05	-5.806987e-03	9.483262e-01
1.988000e-05	-3.750330e-03	6.326180e-01
1.989000e-05	-4.067422e-03	3.995563e-01
1.990000e-05	-4.066499e-03	7.379565e-02
1.991000e-05	-2.767396e-04	-2.204436e-01
1.992000e-05	9.483762e-03	-4.620728e-01
1.993000e-05	-2.266485e-03	-7.789106e-01
1.994000e-05	3.268595e-03	-1.029096e+00
1.995000e-05	-3.875063e-03	-1.314280e+00
1.996000e-05	2.154783e-03	-1.590521e+00
1.997000e-05	5.680440e-03	-1.860095e+00
1.998000e-05	4.420800e-02	-2.073024e+00
1.999000e-05	1.131367e-01	-2.378467e+00
2.000000e-05	-3.910990e-02	-2.747910e+00
2.001000e-05	-3.295345e-02	-3.209462e+00
2.002000e-05	-3.192119e-02	-3.463149e+00
2.003000e-05	-2.887520e-02	-3.662177e+00
2.004000e-05	-8.862827e-02	-3.856330e+00
2.005000e-05	1.071041e-01	-4.075762e+00
2.006000e-05	1.279994e-02	-4.265734e+00
2.007000e-05	-6.183051e-02	-4.662672e+00
2.008000e-05	1.780227e-01	-4.883707e+00
2.009000e-05	-1.680868e-01	-5.231069e+00
2.010000e-05	1.107249e-01	-5.538912e+00
2.011000e-05	-6.182621e-02	-5.789015e+00
2.012000e-05	-1.588432e-02	-6.116382e+00
2.013000e-05	1.227420e-01	-6.337357e+00
2.014000e-05	-1.095231e-01	-6.622148e+00
2.015000e-05	1.207458e-01	-6.916753e+00
2.016000e-05	-9.947897e-02	-7.158545e+00
2.017000e-05	4.329062e-02	-7.494255e+00
2.018000e-05	1.225194e-02	-7.715963e+00
2.019000e-05	-4.110522e-02	-8.040125e+00
2.020000e-05	1.150171e-01	-8.234125e+00
2.021000e-05	-9.665263e-02	-8.556407e+00
2.022000e-05	1.069731e-01	-8.771120e+00
2.023000e-05	-7.504591e-02	-9.002046e+00
2.024000e-05	1.821013e-02	-9.265754e+00
2.025000e-05	6.085884e-03	-9.452253e+00
2.026000e-05	4.242290e-04	-9.745937e+00
2.027000e-05	7.039002e-02	-9.936836e+00
2.028000e-05	-5.196326e-02	-1.019149e+01
2.029000e-05	6.475888e-02	-1.039009e+01
2.030000e-05	-6.329116e-02	-1.065210e+01
2.031000e-05	6.115803e-02	-1.082120e+01
2.032000e-05	-3.415087e-02	-1.106305e+01
2.033000e-05	3.662524e-02	-1.122320e+01
2.034000e-05	-4.360477e-04	-1.146628e+01
2.035000e-05	1.730585e-02	-1.169836e+01
2.036000e-05	1.251078e-02	-1.185731e+01
2.037000e-05	-1.316839e-02	-1.211791e+01
2.038000e-05	2.118800e-02	-1.228526e+01
2.039000e-05	-9.146624e-04	-1.249583e+01
2.040000e-05	4.090581e-02	-1.260475e+01
2.041000e-05	-9.002748e-03	-1.282212e+01
2.042000e-05	1.894774e-02	-1.299105e+01
2.043000e-05	-1.090036e-02	-1.316894e+01
2.044000e-05	2.302795e-02	-1.329996e+01
2.045000e-05	-3.372163e-04	-1.345573e+01
2.046000e-05	2.088974e-02	-1.361215e+01
2.047000e-05	1.133031e-02	-1.378050e+01
2.048000e-05	2.290843e-02	-1.394957e+01
2.049000e-05	9.640183e-03	-1.405376e+01
2.050000e-05	4.701325e-03	-1.420470e+01
2.051000e-05	4.784574e-03	-1.431896e+01
2.052000e-05	1.481893e-02	-1.442375e+01
2.053000e-05	2.187160e-02	-1.456960e+01
2.054000e-05	1.538613e-02	-1.471734e+01
2.055000e-05	1.477654e-02	-1.478110e+01
2.056000e-05	9.875474e-03	-1.487586e+01
2.057000e-05	2.002896e-02	-1.500007e+01
2.058000e-05	1.265017e-02	-1.504731e+01
2.059000e-05	1.844891e-02	-1.515941e+01
2.060000e-05	1.464989e-02	-1.522215e+01
2.061000e-05	2.462410e-02	-1.528729e+01
2.062000e-05	1.800737e-02	-1.539059e+01
2.063000e-05	1.706516e-02	-1.544366e+01
2.064000e-05	1.316244e-02	-1.545634e+01
2.065000e-05	2.208530e-02	-1.551894e+01
2.066000e-05	2.739761e-02	-1.556310e+01
2.067000e-05	2.612235e-02	-1.562365e+01
2.068000e-05	2.479047e-02	-1.565423e+01
2.069000e-05	2.393467e-02	-1.567727e+01
2.070000e-05	2.939530e-02	-1.571746e+01
2.071000e-05	2.860611e-02	-1.571784e+01
2.072000e-05	2.897640e-02	-1.573992e+01
2.073000e-05	3.233896e-02	-1.572942e+01
2.074000e-05	4.102906e-02	-1.572841e+01
2.075000e-05	4.332681e-02	-1.572847e+01
2.076000e-05	4.328494e-02	-1.568741e+01
2.077000e-05	4.571385e-02	-1.566629e+01
2.078000e-05	5.594245e-02	-1.566529e+01
2.079000e-05	6.888047e-02	-1.559319e+01
2.080000e-05	8.235358e-02	-1.560371e+01
2.081000e-05	9.700580e-02	-1.555157e+01
2.082000e-05	1.274866e-01	-1.551747e+01
2.083000e-05	1.734004e-01	-1.546641e+01
2.084000e-05	2.283375e-01	-1.540226e+01
2.085000e-05	2.495998e-01	-1.533947e+01
2.086000e-05	2.500000e-01	-1.529479e+01
2.087000e-05	2.500000e-01	-1.520108e+01
2.088000e-05	2.414031e-01	-1.510794e+01
2.089000e-05	1.844720e-01	-1.505576e+01
2.090000e-05	1.216193e-01	-1.493747e+01
2.091000e-05	8.523105e-02	-1.486414e+01
2.092000e-05	6.479636e-02	-1.480953e+01
2.093000e-05	4.850061e-02	-1.465531e+01
2.094000e-05	3.518271e-02	-1.452947e+01
2.095000e-05	2.741782e-02	-1.441476e+01
2.096000e-05	2.402379e-02	-1.431537e+01
2.097000e-05	2.001689e-02	-1.416205e+01
2.098000e-05	1.528433e-02	-1.403469e+01
2.099000e-05	1.344611e-02	-1.389726e+01
2.100000e-05	1.391730e-02	-1.375792e+01
2.101000e-05	1.533737e-02	-1.359053e+01
2.102000e-05	1.112679e-02	-1.346471e+01
2.103000e-05	5.652045e-03	-1.328732e+01
2.104000e-05	4.118375e-03	-1.313845e+01
2.105000e-05	6.542759e-03	-1.298200e+01
2.106000e-05	6.052984e-03	-1.281358e+01
2.107000e-05	4.441520e-03	-1.262324e+01
2.108000e-05	3.591584e-03	-1.245424e+01
2.109000e-05	5.112750e-03	-1.229537e+01
2.110000e-05	4.969863e-03	-1.208532e+01
2.111000e-05	2.414078e-03	-1.185731e+01
2.112000e-05	-8.618595e-05	-1.166481e+01
2.113000e-05	1.691103e-03	-1.140376e+01
2.114000e-05	2.953974e-03	-1.122218e+01
2.115000e-05	2.506499e-03	-1.096410e+01
2.116000e-05	-1.572659e-03	-1.080308e+01
2.117000e-05	-1.113312e-03	-1.061303e+01
2.118000e-05	2.879662e-04	-1.035050e+01
2.119000e-05	1.910812e-03	-1.015050e+01
2.120000e-05	1.217642e-04	-9.927870e+00
2.121000e-05	-1.640839e-03	-9.686820e+00
2.122000e-05	-1.291674e-03	-9.516819e+00
2.123000e-05	-3.458721e-04	-9.262690e+00
2.124000e-05	-3.004648e-03	-9.002155e+00
2.125000e-05	-5.279149e-03	-8.791504e+00
2.126000e-05	-3.764790e-03	-8.559344e+00
2.127000e-05	-2.375253e-03	-8.275192e+00
2.128000e-05	-1.609779e-03	-8.003130e+00
2.129000e-05	-3.611938e-03	-7.750475e+00
2.130000e-05	-4.446859e-03	-7.475718e+00
2.131000e-05	-3.419017e-03	-7.253135e+00
2.132000e-05	-3.100014e-03	-6.927978e+00
2.133000e-05	-5.642779e-03	-6.694213e+00
2.134000e-05	-5.957260e-03	-6.424185e+00
2.135000e-05	-5.999543e-03	-6.168929e+00
2.136000e-05	-5.536108e-03	-5.893738e+00
2.137000e-05	-4.800027e-03	-5.612107e+00
2.138000e-05	-6.824660e-03	-5.316770e+00
2.139000e-05	-6.440422e-03	-5.033029e+00
2.140000e-05	-4.511270e-03	-4.676143e+00
2.141000e-05	-4.996870e-03	-4.422107e+00
2.142000e-05	-5.995773e-03	-4.179855e+00
2.143000e-05	-9.092938e-03	-3.906797e+00
2.144000e-05	-7.019468e-03	-3.602554e+00
2.145000e-05	-8.420174e-03	-3.348399e+00
2.146000e-05	-7.432624e-03	-3.063088e+00
2.147000e-05	-1.009835e-02	-2.727924e+00
2.148000e-05	-6.010383e-03	-2.443688e+00
2.149000e-05	-5.840082e-03	-2.159478e+00
2.150000e-05	-5.332453e-03	-1.874788e+00
2.151000e-05	-8.792645e-03	-1.611058e+00
2.152000e-05	-9.585808e-03	-1.274173e+00
2.153000e-05	-9.490774e-03	-9.490039e-01
2.154000e-05	-9.106459e-03	-7.152185e-01
2.155000e-05	-8.150823e-03	-3.784999e-01
2.156000e-05	-8.022053e-03	-1.162423e-01
2.157000e-05	2.867153e-03	1.479645e-01
2.158000e-05	1.720191e-03	4.216801e-01
2.159000e-05	-9.405037e-04	7.142815e-01
2.160000e-05	-1.259510e-03	9.985168e-01
2.161000e-05	-3.815521e-03	1.283254e+00
2.162000e-05	-1.623839e-03	1.611538e+00
2.163000e-05	2.004547e-03	1.844206e+00
2.164000e-05	2.394111e-02	2.074730e+00
2.165000e-05	8.689706e-02	2.319387e+00
2.166000e-05	7.949130e-03	2.665882e+00
2.167000e-05	-7.123002e-02	2.982147e+00
2.168000e-05	-3.405631e-02	3.326862e+00
2.169000e-05	-3.098223e-02	3.621571e+00
2.170000e-05	-4.478127e-02	3.853632e+00
2.171000e-05	-5.925787e-02	4.012103e+00
2.172000e-05	9.919753e-02	4.284965e+00
2.173000e-05	-1.682820e-02	4.652674e+00
2.174000e-05	-2.365832e-02	4.844706e+00
2.175000e-05	1.197666e-01	5.190116e+00
2.176000e-05	-1.342715e-01	5.516831e+00
2.177000e-05	5.558314e-02	5.780013e+00
2.178000e-05	-3.945258e-02	6.056258e+00
2.179000e-05	2.119190e-02	6.284886e+00
2.180000e-05	2.239769e-02	6.589571e+00
2.181000e-05	-5.808861e-02	6.856786e+00
2.182000e-05	3.506371e-02	7.117438e+00
2.183000e-05	-5.109057e-02	7.412623e+00
2.184000e-05	3.682413e-02	7.677361e+00
2.185000e-05	-4.608821e-02	8.033197e+00
2.186000e-05	1.649547e-02	8.235329e+00
2.187000e-05	2.364544e-02	8.505807e+00
2.188000e-05	-3.037512e-02	8.665935e+00
2.189000e-05	1.401009e-02	8.958410e+00
2.190000e-05	-5.392458e-02	9.190524e+00
2.191000e-05	1.179831e-02	9.391623e+00
2.192000e-05	-1.002895e-03	9.683254e+00
2.193000e-05	1.567888e-02	9.905331e+00
2.194000e-05	-1.976732e-02	1.010939e+01
2.195000e-05	-1.252843e-02	1.031994e+01
2.196000e-05	2.416715e-03	1.058052e+01
2.197000e-05	-2.211487e-02	1.073915e+01
2.198000e-05	-7.552097e-03	1.097062e+01
2.199000e-05	-2.348057e-02	1.118112e+01
2.200000e-05	1.126002e-02	1.143325e+01
2.201000e-05	-5.793780e-03	1.161473e+01
2.202000e-05	-6.908531e-03	1.184270e+01
2.203000e-05	-2.872326e-02	1.199325e+01
2.204000e-05	-6.995228e-03	1.222465e+01
2.205000e-05	-1.907074e-03	1.236308e+01
2.206000e-05	-2.286341e-03	1.260257e+01
2.207000e-05	-1.774116e-02	1.271897e+01
2.208000e-05	-2.125049e-02	1.291791e+01
2.209000e-05	-9.261788e-03	1.305683e+01
2.210000e-05	-1.260113e-02	1.328580e+01
2.211000e-05	-1.513806e-02	1.338365e+01
2.212000e-05	-2.194438e-02	1.349709e+01
2.213000e-05	-8.986067e-04	1.371794e+01
2.214000e-05	-5.840576e-03	1.384623e+01
2.215000e-05	-1.303566e-02	1.398257e+01
2.216000e-05	-3.278808e-02	1.409699e+01
2.217000e-05	-2.163060e-02	1.428693e+01
2.218000e-05	-1.360630e-02	1.441570e+01
2.219000e-05	-1.035504e-02	1.447697e+01
2.220000e-05	-1.998774e-02	1.460613e+01
2.221000e-05	-2.155691e-02	1.470854e+01
2.222000e-05	-1.174026e-02	1.479321e+01
2.223000e-05	-1.776526e-02	1.490901e+01
2.224000e-05	-2.216361e-02	1.498110e+01
2.225000e-05	-3.193448e-02	1.506788e+01
2.226000e-05	-1.971022e-02	1.516907e+01
2.227000e-05	-1.731721e-02	1.519323e+01
2.228000e-05	-2.202956e-02	1.524588e+01
2.229000e-05	-3.314618e-02	1.534057e+01
2.230000e-05	-3.270503e-02	1.541515e+01
2.231000e-05	-2.215472e-02	1.545776e+01
2.232000e-05	-2.236969e-02	1.550839e+01
2.233000e-05	-2.935352e-02	1.549952e+01
2.234000e-05	-3.646917e-02	1.554003e+01
2.235000e-05	-2.982670e-02	1.557260e+01
2.236000e-05	-3.188845e-02	1.556318e+01
2.237000e-05	-3.961929e-02	1.560321e+01
2.238000e-05	-4.781518e-02	1.561368e+01
2.239000e-05	-4.342957e-02	1.562318e+01
2.240000e-05	-3.802234e-02	1.560419e+01
2.241000e-05	-4.376781e-02	1.562519e+01
2.242000e-05	-5.602754e-02	1.559256e+01
2.243000e-05	-6.512573e-02	1.559353e+01
2.244000e-05	-6.477940e-02	1.552103e+01
2.245000e-05	-7.534068e-02	1.554850e+01
2.246000e-05	-9.487900e-02	1.550895e+01
2.247000e-05	-1.198976e-01	1.548786e+01
2.248000e-05	-1.475451e-01	1.541526e+01
2.249000e-05	-1.945231e-01	1.532163e+01
2.250000e-05	-2.410938e-01	1.532792e+01
2.251000e-05	-2.500000e-01	1.525476e+01
2.252000e-05	-2.500000e-01	1.517360e+01
2.253000e-05	-2.500000e-01	1.509744e+01
2.254000e-05	-2.285336e-01	1.505378e+01
2.255000e-05	-1.695968e-01	1.492945e+01
2.256000e-05	-1.223280e-01	1.478479e+01
2.257000e-05	-8.502799e-02	1.474003e+01
2.258000e-05	-6.122965e-02	1.467781e+01
2.259000e-05	-5.208400e-02	1.451950e+01
2.260000e-05	-4.508831e-02	1.444524e+01
2.261000e-05	-3.740386e-02	1.427747e+01
2.262000e-05	-2.710310e-02	1.417258e+01
2.263000e-05	-2.606815e-02	1.400664e+01
2.264000e-05	-2.836232e-02	1.387686e+01
2.265000e-05	-2.680999e-02	1.373010e+01
2.266000e-05	-2.078920e-02	1.353374e+01
2.267000e-05	-1.670928e-02	1.343629e+01
2.268000e-05	-2.044232e-02	1.326795e+01
2.269000e-05	-2.164886e-02	1.315000e+01
2.270000e-05	-1.806238e-02	1.300260e+01
2.271000e-05	-1.247203e-02	1.280423e+01
2.272000e-05	-1.512303e-02	1.265526e+01
2.273000e-05	-1.750336e-02	1.249684e+01
2.274000e-05	-1.726739e-02	1.230840e+01
2.275000e-05	-1.209294e-02	1.212255e+01
2.276000e-05	-1.297105e-02	1.192998e+01
2.277000e-05	-1.662089e-02	1.173192e+01
2.278000e-05	-1.738728e-02	1.151848e+01
2.279000e-05	-1.199219e-02	1.129787e+01
2.280000e-05	-8.532613e-03	1.111839e+01
2.281000e-05	-1.152489e-02	1.091745e+01
2.282000e-05	-1.315998e-02	1.069684e+01
2.283000e-05	-1.185686e-02	1.044630e+01
2.284000e-05	-9.621994e-03	1.028524e+01
2.285000e-05	-1.120994e-02	1.000311e+01
2.286000e-05	-1.389941e-02	9.783028e+00
2.287000e-05	-1.324246e-02	9.540000e+00
2.288000e-05	-9.693648e-03	9.318897e+00
2.289000e-05	-8.715183e-03	9.106817e+00
2.290000e-05	-1.087433e-02	8.815313e+00
2.291000e-05	-1.201238e-02	8.622583e+00
2.292000e-05	-9.489944e-03	8.392057e+00
2.293000e-05	-6.760415e-03	8.139426e+00
2.294000e-05	-8.821236e-03	7.866288e+00
2.295000e-05	-1.072841e-02	7.592060e+00
2.296000e-05	-1.102226e-02	7.337872e+00
2.297000e-05	-8.499661e-03	7.015242e+00
2.298000e-05	-7.748983e-03	6.822112e+00
2.299000e-05	-1.050164e-02	6.538425e+00
2.300000e-05	-9.705589e-03	6.255314e+00
2.301000e-05	-7.594328e-03	6.024213e+00
2.302000e-05	-5.827587e-03	5.740449e+00
2.303000e-05	-7.774221e-03	5.444741e+00
2.304000e-05	-1.100185e-02	5.130108e+00
2.305000e-05	-9.347305e-03	4.787692e+00
2.306000e-05	-7.024615e-03	4.550579e+00
2.307000e-05	-6.599221e-03	4.304747e+00
2.308000e-05	-8.323113e-03	3.991080e+00
2.309000e-05	-7.927945e-03	3.745818e+00
2.310000e-05	-5.734632e-03	3.464690e+00
2.311000e-05	-3.973488e-03	3.160425e+00
2.312000e-05	-7.464086e-03	2.875766e+00
2.313000e-05	-8.732793e-03	2.621507e+00
2.314000e-05	-7.745519e-03	2.295742e+00
2.315000e-05	-5.979093e-03	2.011561e+00
2.316000e-05	-6.758906e-03	1.770453e+00
2.317000e-05	-7.881395e-03	1.402087e+00
2.318000e-05	-6.246369e-03	1.097825e+00
2.319000e-05	-4.147088e-03	7.504788e-01
2.320000e-05	-2.915091e-03	5.161933e-01
2.321000e-05	-4.973896e-03	2.130341e-01
2.322000e-05	-4.306290e-03	-7.213169e-02
2.323000e-05	7.125088e-03	-3.153120e-01
2.324000e-05	1.902093e-03	-5.915175e-01
2.325000e-05	4.340409e-04	-8.937252e-01
2.326000e-05	-1.780034e-03	-1.207337e+00
2.327000e-05	7.982743e-04	-1.444275e+00
2.328000e-05	2.219729e-03	-1.744285e+00
2.329000e-05	2.115662e-02	-1.986885e+00
2.330000e-05	9.232328e-02	-2.210097e+00
2.331000e-05	4.932137e-02	-2.587413e+00
2.332000e-05	-7.243154e-02	-2.996988e+00
2.333000e-05	-1.207157e-02	-3.316416e+00
2.334000e-05	-4.249373e-02	-3.566937e+00
2.335000e-05	-5.087148e-02	-3.769942e+00
2.336000e-05	-2.570869e-02	-4.031098e+00
2.337000e-05	1.635307e-01	-4.187542e+00
2.338000e-05	-1.533151e-01	-4.493704e+00
2.339000e-05	1.280789e-01	-4.740518e+00
2.340000e-05	-2.127135e-02	-5.060098e+00
2.341000e-05	-5.629076e-02	-5.420520e+00
2.342000e-05	1.041880e-01	-5.674151e+00
2.343000e-05	-1.568801e-01	-5.938536e+00
2.344000e-05	1.635715e-01	-6.231624e+00
2.345000e-05	-5.709200e-02	-6.474777e+00
2.346000e-05	2.540763e-02	-6.779641e+00
2.347000e-05	3.174826e-02	-7.002629e+00
2.348000e-05	-8.883201e-02	-7.369887e+00
2.349000e-05	1.128822e-01	-7.590099e+00
2.350000e-05	-9.778244e-02	-7.865247e+00
2.351000e-05	1.079527e-01	-8.178422e+00
2.352000e-05	-3.371251e-02	-8.349540e+00
2.353000e-05	1.451694e-03	-8.624780e+00
2.354000e-05	4.852936e-02	-8.925759e+00
2.355000e-05	-8.733964e-02	-9.136891e+00
2.356000e-05	8.340483e-02	-9.358041e+00
2.357000e-05	-6.024987e-02	-9.592015e+00
2.358000e-05	1.031921e-01	-9.791597e+00
2.359000e-05	-4.244071e-02	-1.005175e+01
2.360000e-05	3.523682e-02	-1.031534e+01
2.361000e-05	-2.077167e-02	-1.049786e+01
2.362000e-05	-1.817561e-03	-1.076844e+01
2.363000e-05	2.922225e-02	-1.091794e+01
2.364000e-05	-2.167901e-02	-1.116046e+01
2.365000e-05	5.075378e-02	-1.134952e+01
2.366000e-05	-2.399940e-02	-1.158062e+01
2.367000e-05	4.649945e-02	-1.181067e+01
2.368000e-05	-3.172117e-02	-1.200267e+01
2.369000e-05	2.781517e-02	-1.217257e+01
2.370000e-05	-1.083504e-02	-1.237914e+01
2.371000e-05	3.729354e-02	-1.260200e+01
2.372000e-05	6.030672e-03	-1.271838e+01
2.373000e-05	9.885421e-03	-1.289496e+01
2.374000e-05	1.409170e-03	-1.305729e+01
2.375000e-05	7.078191e-03	-1.324570e+01
2.376000e-05	1.563009e-02	-1.342263e+01
2.377000e-05	5.611705e-03	-1.352096e+01
2.378000e-05	2.095671e-02	-1.371728e+01
2.379000e-05	9.737325e-03	-1.385476e+01
2.380000e-05	2.243766e-02	-1.400258e+01
2.381000e-05	5.063550e-04	-1.416044e+01
2.382000e-05	9.697617e-03	-1.425578e+01
2.383000e-05	4.936292e-03	-1.439257e+01
2.384000e-05	2.512489e-02	-1.447882e+01
2.385000e-05	1.508463e-02	-1.462520e+01
2.386000e-05	1.858683e-02	-1.470904e+01
2.387000e-05	8.336416e-03	-1.482370e+01
2.388000e-05	1.717175e-02	-1.495804e+01
2.389000e-05	1.566367e-02	-1.501462e+01
2.390000e-05	1.578046e-02	-1.514741e+01
2.391000e-05	1.561113e-02	-1.516253e+01
2.392000e-05	1.993972e-02	-1.525523e+01
2.393000e-05	2.225805e-02	-1.532789e+01
2.394000e-05	1.703622e-02	-1.540313e+01
2.395000e-05	1.518529e-02	-1.544431e+01
2.396000e-05	1.638079e-02	-1.548686e+01
2.397000e-05	2.668016e-02	-1.557997e+01
2.398000e-05	2.731014e-02	-1.559360e+01
2.399000e-05	2.559407e-02	-1.558468e+01
2.400000e-05	2.242775e-02	-1.563726e+01
2.401000e-05	2.570039e-02	-1.568586e+01
2.402000e-05	2.871127e-02	-1.569841e+01
2.403000e-05	2.950423e-02	-1.574897e+01
2.404000e-05	3.081778e-02	-1.575100e+01
2.405000e-05	3.783859e-02	-1.574037e+01
2.406000e-05	4.357478e-02	-1.571850e+01
2.407000e-05	4.430729e-02	-1.570736e+01
2.408000e-05	4.381783e-02	-1.572634e+01
2.409000e-05	5.022558e-02	-1.566631e+01
2.410000e-05	6.111918e-02	-1.567421e+01
2.411000e-05	7.453288e-02	-1.558366e+01
2.412000e-05	8.828468e-02	-1.554057e+01
2.413000e-05	1.114721e-01	-1.555802e+01
2.414000e-05	1.498473e-01	-1.550484e+01
2.415000e-05	2.059363e-01	-1.540436e+01
2.416000e-05	2.459767e-01	-1.537202e+01
2.417000e-05	2.500000e-01	-1.530992e+01
2.418000e-05	2.500000e-01	-1.521266e+01
2.419000e-05	2.497950e-01	-1.513997e+01
2.420000e-05	2.161559e-01	-1.507684e+01
2.421000e-05	1.468910e-01	-1.497155e+01
2.422000e-05	9.928381e-02	-1.488786e+01
2.423000e-05	7.328094e-02	-1.480318e+01
2.424000e-05	5.670139e-02	-1.469834e+01
2.425000e-05	4.113795e-02	-1.462030e+01
2.426000e-05	3.051178e-02	-1.446574e+01
2.427000e-05	2.515188e-02	-1.434000e+01
2.428000e-05	2.303565e-02	-1.421478e+01
2.429000e-05	1.791333e-02	-1.406687e+01
2.430000e-05	1.402364e-02	-1.394158e+01
2.431000e-05	1.224230e-02	-1.382268e+01
2.432000e-05	1.388757e-02	-1.365479e+01
2.433000e-05	1.389713e-02	-1.352584e+01
2.434000e-05	8.661465e-03	-1.336008e+01
2.435000e-05	6.544477e-03	-1.319358e+01
2.436000e-05	6.516051e-03	-1.301473e+01
2.437000e-05	7.170232e-03	-1.287532e+01
2.438000e-05	5.320479e-03	-1.269784e+01
2.439000e-05	3.284502e-03	-1.255840e+01
2.440000e-05	4.192635e-03	-1.240903e+01
2.441000e-05	4.404951e-03	-1.219200e+01
2.442000e-05	4.238431e-03	-1.198156e+01
2.443000e-05	9.178342e-04	-1.182055e+01
2.444000e-05	7.330099e-04	-1.153898e+01
2.445000e-05	2.263028e-03	-1.128744e+01
2.446000e-05	3.838232e-03	-1.109776e+01
2.447000e-05	1.173428e-03	-1.088634e+01
2.448000e-05	-4.435801e-04	-1.068517e+01
2.449000e-05	-8.577801e-04	-1.048830e+01
2.450000e-05	1.017247e-03	-1.026226e+01
2.451000e-05	-7.333084e-04	-1.002461e+01
2.452000e-05	-1.689874e-03	-9.802577e+00
2.453000e-05	-2.273618e-03	-9.621580e+00
2.454000e-05	3.761847e-05	-9.358949e+00
2.455000e-05	-9.175825e-04	-9.079344e+00
2.456000e-05	-2.967926e-03	-8.944591e+00
2.457000e-05	-4.554741e-03	-8.644185e+00
2.458000e-05	-2.602746e-03	-8.410052e+00
2.459000e-05	-2.020563e-03	-8.158975e+00
2.460000e-05	-2.891912e-03	-7.907192e+00
2.461000e-05	-4.842196e-03	-7.592633e+00
2.462000e-05	-3.832395e-03	-7.368874e+00
2.463000e-05	-4.150256e-03	-7.096767e+00
2.464000e-05	-3.408126e-03	-6.781528e+00
2.465000e-05	-5.442675e-03	-6.557945e+00
2.466000e-05	-4.237404e-03	-6.286768e+00
2.467000e-05	-5.541994e-03	-5.981606e+00
2.468000e-05	-4.830620e-03	-5.757374e+00
2.469000e-05	-6.755283e-03	-5.473639e+00
2.470000e-05	-7.036683e-03	-5.159303e+00
2.471000e-05	-6.055634e-03	-4.841553e+00
2.472000e-05	-4.476558e-03	-4.554897e+00
2.473000e-05	-5.198664e-03	-4.286293e+00
2.474000e-05	-6.978016e-03	-4.012160e+00
2.475000e-05	-7.635325e-03	-3.757950e+00
2.476000e-05	-7.704664e-03	-3.473616e+00
2.477000e-05	-8.110310e-03	-3.199030e+00
2.478000e-05	-8.099580e-03	-2.874238e+00
2.479000e-05	-7.519527e-03	-2.570003e+00
2.480000e-05	-6.862952e-03	-2.316300e+00
2.481000e-05	-6.697475e-03	-2.022530e+00
2.482000e-05	-7.999859e-03	-1.647296e+00
2.483000e-05	-9.109972e-03	-1.434167e+00
2.484000e-05	-9.493306e-03	-1.095348e+00
2.485000e-05	-8.405714e-03	-8.430353e-01
2.486000e-05	-9.142815e-03	-5.247724e-01
2.487000e-05	-8.092388e-03	-2.727119e-01
2.488000e-05	-3.045026e-03	9.263040e-02
2.489000e-05	6.547572e-03	3.263041e-01
2.490000e-05	-4.593109e-03	5.994646e-01
2.491000e-05	1.183615e-03	8.320226e-01
2.492000e-05	-5.115071e-03	1.167943e+00
2.493000e-05	-6.501973e-05	1.452000e+00
2.494000e-05	-4.056596e-03	1.759892e+00
2.495000e-05	1.216510e-02	1.958920e+00
2.496000e-05	5.302574e-02	2.241024e+00
2.497000e-05	7.823202e-02	2.567391e+00
2.498000e-05	-6.613004e-02	2.874780e+00
2.499000e-05	-3.996294e-02	3.157866e+00
2.500000e-05	-4.075644e-02	3.484775e+00
2.501000e-05	-2.136634e-02	3.757912e+00
2.502000e-05	-7.383356e-02	3.967920e+00
2.503000e-05	2.026539e-02	4.218991e+00
2.504000e-05	9.511878e-02	4.496733e+00
2.505000e-05	-1.083558e-01	4.768444e+00
2.506000e-05	1.341763e-01	5.042220e+00
2.507000e-05	-5.708130e-02	5.381471e+00
2.508000e-05	-4.285255e-02	5.672605e+00
2.509000e-05	3.594002e-02	5.928014e+00
2.510000e-05	-4.833300e-02	6.189548e+00
2.511000e-05	7.111912e-02	6.464200e+00
2.512000e-05	-5.674393e-02	6.707964e+00
2.513000e-05	1.124403e-02	6.990596e+00
2.514000e-05	-1.934094e-02	7.293787e+00
2.515000e-05	-1.020490e-02	7.560087e+00
2.516000e-05	6.750864e-03	7.844276e+00
2.517000e-05	-3.982963e-02	8.137968e+00
2.518000e-05	5.091322e-02	8.358039e+00
2.519000e-05	-2.186564e-02	8.590546e+00
2.520000e-05	-1.015650e-03	8.821747e+00
2.521000e-05	-1.819078e-02	9.045255e+00
2.522000e-05	-3.936002e-02	9.316815e+00
2.523000e-05	2.585844e-02	9.538918e+00
2.524000e-05	-8.349847e-03	9.761519e+00
2.525000e-05	1.390745e-02	9.995201e+00
2.526000e-05	-3.465583e-02	1.021320e+01
2.527000e-05	9.936747e-03	1.048628e+01
2.528000e-05	-1.601674e-02	1.065523e+01
2.529000e-05	-1.421018e-02	1.088783e+01
2.530000e-05	-1.415948e-02	1.109774e+01
2.531000e-05	-1.281995e-02	1.130849e+01
2.532000e-05	1.403687e-02	1.153047e+01
2.533000e-05	-1.620161e-02	1.170754e+01
2.534000e-05	-1.229272e-02	1.191849e+01
2.535000e-05	-2.823999e-02	1.212904e+01
2.536000e-05	2.790494e-03	1.231891e+01
2.537000e-05	-3.757267e-03	1.249789e+01
2.538000e-05	-8.378500e-03	1.265631e+01
2.539000e-05	-2.018547e-02	1.280423e+01
2.540000e-05	-1.613060e-02	1.300215e+01
2.541000e-05	-5.986284e-03	1.312944e+01
2.542000e-05	-1.766815e-02	1.333944e+01
2.543000e-05	-1.822393e-02	1.345691e+01
2.544000e-05	-1.567404e-02	1.362468e+01
2.545000e-05	-8.613312e-05	1.378263e+01
2.546000e-05	-9.488283e-03	1.388954e+01
2.547000e-05	-2.400248e-02	1.403738e+01
2.548000e-05	-2.832274e-02	1.419428e+01
2.549000e-05	-1.696942e-02	1.438207e+01
2.550000e-05	-8.651944e-03	1.442529e+01
2.551000e-05	-1.748611e-02	1.456268e+01
2.552000e-05	-2.302217e-02	1.466743e+01
2.553000e-05	-1.890150e-02	1.475173e+01
2.554000e-05	-1.245208e-02	1.485431e+01
2.555000e-05	-1.879504e-02	1.496102e+01
2.556000e-05	-2.821086e-02	1.501523e+01
2.557000e-05	-2.405518e-02	1.512786e+01
2.558000e-05	-1.836287e-02	1.518212e+01
2.559000e-05	-1.625997e-02	1.528531e+01
2.560000e-05	-3.103833e-02	1.529802e+01
2.561000e-05	-3.334781e-02	1.543355e+01
2.562000e-05	-2.930911e-02	1.544723e+01
2.563000e-05	-1.979878e-02	1.544689e+01
2.564000e-05	-2.670855e-02	1.550994e+01
2.565000e-05	-3.404127e-02	1.552052e+01
2.566000e-05	-3.348684e-02	1.554155e+01
2.567000e-05	-2.933480e-02	1.559318e+01
2.568000e-05	-3.310649e-02	1.555411e+01
2.569000e-05	-4.568164e-02	1.560325e+01
2.570000e-05	-4.475265e-02	1.563519e+01
2.571000e-05	-4.100477e-02	1.559521e+01
2.572000e-05	-3.944499e-02	1.561571e+01
2.573000e-05	-5.131763e-02	1.562273e+01
2.574000e-05	-6.207042e-02	1.558218e+01
2.575000e-05	-6.443594e-02	1.558165e+01
2.576000e-05	-6.893582e-02	1.558050e+01
2.577000e-05	-8.343747e-02	1.552947e+01
2.578000e-05	-1.080110e-01	1.544742e+01
2.579000e-05	-1.337205e-01	1.544629e+01
2.580000e-05	-1.708274e-01	1.535370e+01
2.581000e-05	-2.239647e-01	1.530099e+01
2.582000e-05	-2.496998e-01	1.528624e+01
2.583000e-05	-2.500000e-01	1.519368e+01
2.584000e-05	-2.500000e-01	1.513855e+01
2.585000e-05	-2.446339e-01	1.509636e+01
2.586000e-05	-1.980356e-01	1.499313e+01
2.587000e-05	-1.410802e-01	1.481476e+01
2.588000e-05	-9.868422e-02	1.479115e+01
2.589000e-05	-6.969956e-02	1.463787e+01
2.590000e-05	-5.426731e-02	1.456003e+01
2.591000e-05	-4.773413e-02	1.448577e+01
2.592000e-05	-4.217988e-02	1.436300e+01
2.593000e-05	-3.167560e-02	1.424478e+01
2.594000e-05	-2.834961e-02	1.408994e+01
2.595000e-05	-2.754046e-02	1.395107e+01
2.596000e-05	-2.915796e-02	1.380329e+01
2.597000e-05	-2.178728e-02	1.365737e+01
2.598000e-05	-1.744319e-02	1.349894e+01
2.599000e-05	-1.767438e-02	1.336303e+01
2.600000e-05	-2.226518e-02	1.320371e+01
2.601000e-05	-2.031153e-02	1.306481e+01
2.602000e-05	-1.566734e-02	1.289689e+01
2.603000e-05	-1.445539e-02	1.271998e+01
2.604000e-05	-1.678345e-02	1.257298e+01
2.605000e-05	-1.825656e-02	1.239105e+01
2.606000e-05	-1.361490e-02	1.219261e+01
2.607000e-05	-1.158444e-02	1.204474e+01
2.608000e-05	-1.438437e-02	1.183474e+01
2.609000e-05	-1.827658e-02	1.159612e+01
2.610000e-05	-1.472761e-02	1.140271e+01
2.611000e-05	-1.040512e-02	1.114261e+01
2.612000e-05	-1.034149e-02	1.097058e+01
2.613000e-05	-1.329275e-02	1.076208e+01
2.614000e-05	-1.392970e-02	1.056846e+01
2.615000e-05	-1.041734e-02	1.034100e+01
2.616000e-05	-9.588685e-03	1.011985e+01
2.617000e-05	-1.213736e-02	9.896417e+00
2.618000e-05	-1.273610e-02	9.645668e+00
2.619000e-05	-1.110763e-02	9.433584e+00
2.620000e-05	-8.151829e-03	9.193059e+00
2.621000e-05	-1.059477e-02	8.931978e+00
2.622000e-05	-1.285720e-02	8.748369e+00
2.623000e-05	-1.146891e-02	8.485845e+00
2.624000e-05	-6.987817e-03	8.286216e+00
2.625000e-05	-7.962471e-03	7.993584e+00
2.626000e-05	-9.721936e-03	7.727950e+00
2.627000e-05	-1.192857e-02	7.425188e+00
2.628000e-05	-7.619135e-03	7.152477e+00
2.629000e-05	-8.490448e-03	6.958400e+00
2.630000e-05	-8.779420e-03	6.658269e+00
2.631000e-05	-1.101665e-02	6.442553e+00
2.632000e-05	-8.407288e-03	6.169400e+00
2.633000e-05	-6.194860e-03	5.856216e+00
2.634000e-05	-7.146579e-03	5.613055e+00
2.635000e-05	-9.666750e-03	5.278376e+00
2.636000e-05	-9.378908e-03	4.981961e+00
2.637000e-05	-6.673416e-03	4.686291e+00
2.638000e-05	-6.450775e-03	4.402685e+00
2.639000e-05	-8.070373e-03	4.098327e+00
2.640000e-05	-9.522679e-03	3.824137e+00
2.641000e-05	-7.133655e-03	3.591531e+00
2.642000e-05	-5.163516e-03	3.295793e+00
2.643000e-05	-6.706258e-03	2.992633e+00
2.644000e-05	-8.512591e-03	2.748876e+00
2.645000e-05	-8.313984e-03	2.472012e+00
2.646000e-05	-4.834057e-03	2.097399e+00
2.647000e-05	-5.203484e-03	1.846269e+00
2.648000e-05	-8.435666e-03	1.559978e+00
2.649000e-05	-6.927901e-03	1.285142e+00
2.650000e-05	-5.479779e-03	9.373249e-01
2.651000e-05	-2.621602e-03	6.525854e-01
2.652000e-05	-4.761085e-03	3.699773e-01
2.653000e-05	-4.955796e-03	9.211670e-02
2.654000e-05	1.481120e-03	-2.100686e-01
2.655000e-05	8.388169e-03	-4.641292e-01
2.656000e-05	-3.393517e-03	-7.664648e-01
2.657000e-05	1.530631e-03	-1.040101e+00
2.658000e-05	-2.049529e-03	-1.324359e+00
2.659000e-05	4.310505e-03	-1.630023e+00
2.660000e-05	7.501825e-03	-1.872176e+00
2.661000e-05	4.885856e-02	-2.113203e+00
2.662000e-05	1.084712e-01	-2.408946e+00
2.663000e-05	-4.900899e-02	-2.787465e+00
2.664000e-05	-2.900017e-02	-3.211092e+00
2.665000e-05	-3.514975e-02	-3.463202e+00
2.666000e-05	-2.945065e-02	-3.653278e+00
2.667000e-05	-8.678496e-02	-3.907386e+00
2.668000e-05	1.245501e-01	-4.103761e+00
2.669000e-05	-1.405493e-02	-4.335756e+00
2.670000e-05	-3.641076e-02	-4.634179e+00
2.671000e-05	1.566862e-01	-4.926232e+00
2.672000e-05	-1.714571e-01	-5.270694e+00
2.673000e-05	1.290509e-01	-5.588489e+00
2.674000e-05	-8.589173e-02	-5.780045e+00
2.675000e-05	1.160243e-02	-6.116384e+00
2.676000e-05	1.011802e-01	-6.355366e+00
2.677000e-05	-9.920372e-02	-6.632698e+00
2.678000e-05	1.199825e-01	-6.948361e+00
2.679000e-05	-1.120796e-01	-7.230614e+00
2.680000e-05	6.241571e-02	-7.444353e+00
2.681000e-05	-9.514707e-03	-7.758412e+00
2.682000e-05	-2.073681e-02	-8.042703e+00
2.683000e-05	9.955213e-02	-8.254179e+00
2.684000e-05	-9.223989e-02	-8.549862e+00
2.685000e-05	1.106183e-01	-8.780143e+00
2.686000e-05	-8.660559e-02	-9.010647e+00
2.687000e-05	3.458560e-02	-9.262853e+00
2.688000e-05	-8.134385e-03	-9.456202e+00
2.689000e-05	1.709667e-02	-9.728442e+00
2.690000e-05	5.638765e-02	-9.947890e+00
2.691000e-05	-4.462457e-02	-1.017207e+01
2.692000e-05	5.636944e-02	-1.043208e+01
2.693000e-05	-6.164737e-02	-1.060368e+01
2.694000e-05	6.390211e-02	-1.083273e+01
2.695000e-05	-3.789796e-02	-1.106415e+01
2.696000e-05	4.533280e-02	-1.127421e+01
2.697000e-05	-6.684289e-03	-1.150491e+01
2.698000e-05	2.575645e-02	-1.170699e+01
2.699000e-05	3.902649e-03	-1.187593e+01
2.700000e-05	-7.525349e-03	-1.211947e+01
2.701000e-05	1.472510e-02	-1.231733e+01
2.702000e-05	2.612222e-03	-1.248586e+01
2.703000e-05	3.794931e-02	-1.266521e+01
2.704000e-05	-8.350997e-03	-1.284370e+01
2.705000e-05	1.840935e-02	-1.298255e+01
2.706000e-05	-8.515363e-03	-1.316904e+01
2.707000e-05	2.570646e-02	-1.329894e+01
2.708000e-05	-4.358070e-04	-1.348486e+01
2.709000e-05	2.052520e-02	-1.362313e+01
2.710000e-05	8.086015e-03	-1.377208e+01
2.711000e-05	2.396241e-02	-1.389901e+01
2.712000e-05	7.911613e-03	-1.406628e+01
2.713000e-05	6.303866e-03	-1.422415e+01
2.714000e-05	4.175012e-03	-1.431987e+01
2.715000e-05	1.640443e-02	-1.443373e+01
2.716000e-05	2.100721e-02	-1.456205e+01
2.717000e-05	1.625705e-02	-1.466631e+01
2.718000e-05	1.333806e-02	-1.477205e+01
2.719000e-05	1.112589e-02	-1.492393e+01
2.720000e-05	2.113867e-02	-1.497102e+01
2.721000e-05	1.307879e-02	-1.507680e+01
2.722000e-05	1.697069e-02	-1.512002e+01
2.723000e-05	1.408500e-02	-1.522315e+01
2.724000e-05	2.494016e-02	-1.531784e+01
2.725000e-05	1.895167e-02	-1.533955e+01
2.726000e-05	1.663475e-02	-1.543415e+01
2.727000e-05	1.306695e-02	-1.549633e+01
2.728000e-05	2.337221e-02	-1.552947e+01
2.729000e-05	2.758271e-02	-1.554205e+01
2.730000e-05	2.723049e-02	-1.562470e+01
2.731000e-05	2.330860e-02	-1.564521e+01
2.732000e-05	2.390009e-02	-1.565533e+01
2.733000e-05	2.844777e-02	-1.568846e+01
2.734000e-05	2.798491e-02	-1.573997e+01
2.735000e-05	2.894388e-02	-1.571697e+01
2.736000e-05	3.378843e-02	-1.574895e+01
2.737000e-05	4.215005e-02	-1.573747e+01
2.738000e-05	4.640087e-02	-1.570992e+01
2.739000e-05	4.474751e-02	-1.570632e+01
2.740000e-05	4.633493e-02	-1.568631e+01
2.741000e-05	5.517192e-02	-1.567623e+01
2.742000e-05	6.833979e-02	-1.566368e+01
2.743000e-05	8.106364e-02	-1.556158e+01
2.744000e-05	9.836929e-02	-1.556959e+01
2.745000e-05	1.287694e-01	-1.551799e+01
2.746000e-05	1.781394e-01	-1.547379e+01
2.747000e-05	2.315478e-01	-1.539303e+01
2.748000e-05	2.499999e-01	-1.532940e+01
2.749000e-05	2.500000e-01	-1.525479e+01
2.750000e-05	2.500000e-01	-1.518955e+01
2.751000e-05	2.387725e-01	-1.507584e+01
2.752000e-05	1.783178e-01	-1.497271e+01
2.753000e-05	1.173436e-01	-1.492842e+01
2.754000e-05	8.253647e-02	-1.484366e+01
2.755000e-05	6.353923e-02	-1.473852e+01
2.756000e-05	4.785767e-02	-1.467331e+01
2.757000e-05	3.523036e-02	-1.449890e+01
2.758000e-05	2.840755e-02	-1.438260e+01
2.759000e-05	2.468445e-02	-1.430889e+01
2.760000e-05	2.064773e-02	-1.416948e+01
2.761000e-05	1.459609e-02	-1.405508e+01
2.762000e-05	1.089563e-02	-1.388479e+01
2.763000e-05	1.235811e-02	-1.372842e+01
2.764000e-05	1.343491e-02	-1.357048e+01
2.765000e-05	1.127096e-02	-1.341274e+01
2.766000e-05	7.504538e-03	-1.328432e+01
2.767000e-05	6.425915e-03	-1.310787e+01
2.768000e-05	7.904887e-03	-1.294048e+01
2.769000e-05	6.969359e-03	-1.277153e+01
2.770000e-05	3.928908e-03	-1.261261e+01
2.771000e-05	2.787614e-03	-1.244366e+01
2.772000e-05	3.936406e-03	-1.225534e+01
2.773000e-05	5.096134e-03	-1.204672e+01
2.774000e-05	3.079849e-03	-1.186734e+01
2.775000e-05	-7.290195e-04	-1.166576e+01
2.776000e-05	1.294583e-03	-1.144373e+01
2.777000e-05	3.855628e-03	-1.117155e+01
2.778000e-05	3.213267e-03	-1.097957e+01
2.779000e-05	2.380140e-05	-1.078050e+01
2.780000e-05	-1.243953e-03	-1.061208e+01
2.781000e-05	-2.801975e-04	-1.034850e+01
2.782000e-05	5.535814e-04	-1.008842e+01
2.783000e-05	-1.744071e-03	-9.886316e+00
2.784000e-05	-2.419855e-03	-9.685319e+00
2.785000e-05	-9.884657e-04	-9.454741e+00
2.786000e-05	-1.593460e-04	-9.233630e+00
2.787000e-05	-1.890718e-03	-8.971053e+00
2.788000e-05	-3.846052e-03	-8.748425e+00
2.789000e-05	-4.059791e-03	-8.497846e+00
2.790000e-05	-2.249552e-03	-8.263716e+00
2.791000e-05	-1.656532e-03	-8.002585e+00
2.792000e-05	-4.258654e-03	-7.696825e+00
2.793000e-05	-5.109443e-03	-7.453742e+00
2.794000e-05	-5.111003e-03	-7.181552e+00
2.795000e-05	-3.424726e-03	-6.897901e+00
2.796000e-05	-5.726073e-03	-6.663712e+00
2.797000e-05	-4.512529e-03	-6.412133e+00
2.798000e-05	-5.512383e-03	-6.128428e+00
2.799000e-05	-4.066659e-03	-5.854692e+00
2.800000e-05	-5.494763e-03	-5.530003e+00
2.801000e-05	-7.018928e-03	-5.295193e+00
2.802000e-05	-7.789839e-03	-4.951955e+00
2.803000e-05	-5.258700e-03	-4.651688e+00
2.804000e-05	-5.085520e-03	-4.432106e+00
2.805000e-05	-5.910076e-03	-4.168333e+00
2.806000e-05	-8.163057e-03	-3.906216e+00
2.807000e-05	-7.896222e-03	-3.590981e+00
2.808000e-05	-8.039534e-03	-3.287299e+00
2.809000e-05	-7.122254e-03	-3.013063e+00
2.810000e-05	-8.425331e-03	-2.726346e+00
2.811000e-05	-7.028504e-03	-2.504136e+00
2.812000e-05	-6.607097e-03	-2.138301e+00
2.813000e-05	-7.131993e-03	-1.884137e+00
2.814000e-05	-9.498594e-03	-1.591957e+00
2.815000e-05	-9.648198e-03	-1.222091e+00
2.816000e-05	-8.670249e-03	-9.272786e-01
2.817000e-05	-7.676549e-03	-6.536932e-01
2.818000e-05	-7.362019e-03	-3.683253e-01
2.819000e-05	-6.350892e-03	-1.052158e-01
2.820000e-05	3.056217e-03	2.004646e-01
2.821000e-05	-2.779746e-04	4.847279e-01
2.822000e-05	-1.459146e-03	7.063854e-01
2.823000e-05	-2.752229e-03	1.020988e+00
2.824000e-05	-2.811698e-03	1.314758e+00
2.825000e-05	-1.957529e-03	1.600618e+00
2.826000e-05	3.277182e-03	1.864277e+00
2.827000e-05	2.663262e-02	2.056283e+00
2.828000e-05	8.971852e-02	2.380469e+00
2.829000e-05	-3.957227e-03	2.717988e+00
2.830000e-05	-6.733856e-02	3.062749e+00
2.831000e-05	-3.509022e-02	3.347338e+00
2.832000e-05	-2.771800e-02	3.634074e+00
2.833000e-05	-4.958208e-02	3.863233e+00
2.834000e-05	-5.270755e-02	4.041131e+00
2.835000e-05	1.068751e-01	4.367011e+00
2.836000e-05	-3.631742e-02	4.652654e+00
2.837000e-05	-1.024365e-07	4.865809e+00
2.838000e-05	1.014536e-01	5.211201e+00
2.839000e-05	-1.321455e-01	5.535810e+00
2.840000e-05	6.136772e-02	5.791570e+00
2.841000e-05	-4.753099e-02	6.105262e+00
2.842000e-05	3.274301e-02	6.296311e+00
2.843000e-05	1.092098e-02	6.641119e+00
2.844000e-05	-5.112549e-02	6.906757e+00
2.845000e-05	3.120958e-02	7.127615e+00
2.846000e-05	-5.019642e-02	7.442597e+00
2.847000e-05	3.709894e-02	7.736436e+00
2.848000e-05	-5.068562e-02	7.961671e+00
2.849000e-05	2.576461e-02	8.275802e+00
2.850000e-05	1.871376e-02	8.466836e+00
2.851000e-05	-2.777126e-02	8.736890e+00
2.852000e-05	1.305588e-02	8.951488e+00
2.853000e-05	-5.787188e-02	9.191674e+00
2.854000e-05	1.667466e-02	9.452083e+00
2.855000e-05	-6.031256e-03	9.686429e+00
2.856000e-05	1.732050e-02	9.937837e+00
2.857000e-05	-2.529080e-02	1.015894e+01
2.858000e-05	-8.339776e-03	1.033992e+01
2.859000e-05	3.587983e-04	1.058055e+01
2.860000e-05	-2.139730e-02	1.077112e+01
2.861000e-05	-7.295862e-03	1.098365e+01
2.862000e-05	-2.287382e-02	1.116175e+01
2.863000e-05	1.353114e-02	1.144470e+01
2.864000e-05	-9.249928e-03	1.167575e+01
2.865000e-05	-7.482854e-03	1.186573e+01
2.866000e-05	-3.151353e-02	1.202371e+01
2.867000e-05	-5.143356e-03	1.224458e+01
2.868000e-05	-3.109217e-03	1.237320e+01
2.869000e-05	-2.481008e-03	1.256312e+01
2.870000e-05	-1.743082e-02	1.273009e+01
2.871000e-05	-1.945942e-02	1.294092e+01
2.872000e-05	-7.613914e-03	1.310586e+01
2.873000e-05	-1.467146e-02	1.322785e+01
2.874000e-05	-1.762603e-02	1.342415e+01
2.875000e-05	-2.285631e-02	1.357215e+01
2.876000e-05	-8.423063e-04	1.370690e+01
2.877000e-05	-7.184169e-03	1.387636e+01
2.878000e-05	-1.279223e-02	1.399213e+01
2.879000e-05	-3.114273e-02	1.411057e+01
2.880000e-05	-1.990301e-02	1.429791e+01
2.881000e-05	-1.240536e-02	1.441417e+01
2.882000e-05	-1.272734e-02	1.450841e+01
2.883000e-05	-2.145896e-02	1.461563e+01
2.884000e-05	-2.282690e-02	1.473054e+01
2.885000e-05	-1.178602e-02	1.482323e+01
2.886000e-05	-1.813156e-02	1.487736e+01
2.887000e-05	-2.318378e-02	1.499365e+01
2.888000e-05	-3.080656e-02	1.505836e+01
2.889000e-05	-1.838520e-02	1.515007e+01
2.890000e-05	-1.652911e-02	1.523331e+01
2.891000e-05	-2.278698e-02	1.524581e+01
2.892000e-05	-3.269054e-02	1.533050e+01
2.893000e-05	-3.201145e-02	1.540663e+01
2.894000e-05	-2.186828e-02	1.546576e+01
2.895000e-05	-2.401563e-02	1.549799e+01
2.896000e-05	-3.007807e-02	1.548799e+01
2.897000e-05	-3.546213e-02	1.557155e+01
2.898000e-05	-2.862741e-02	1.554260e+01
2.899000e-05	-3.118213e-02	1.561160e+01
2.900000e-05	-4.015547e-02	1.561418e+01
2.901000e-05	-4.698301e-02	1.562523e+01
2.902000e-05	-4.400816e-02	1.563531e+01
2.903000e-05	-3.852511e-02	1.559469e+01
2.904000e-05	-4.574554e-02	1.563423e+01
2.905000e-05	-5.632864e-02	1.558363e+01
2.906000e-05	-6.535953e-02	1.558263e+01
2.907000e-05	-6.512572e-02	1.554202e+01
2.908000e-05	-7.638437e-02	1.549947e+01
2.909000e-05	-9.529576e-02	1.548794e+01
2.910000e-05	-1.203683e-01	1.550636e+01
2.911000e-05	-1.498450e-01	1.537473e+01
2.912000e-05	-1.993478e-01	1.537205e+01
2.913000e-05	-2.440777e-01	1.531784e+01
2.914000e-05	-2.500000e-01	1.523671e+01
2.915000e-05	-2.500000e-01	1.517165e+01
2.916000e-05	-2.500000e-01	1.506694e+01
2.917000e-05	-2.250399e-01	1.502376e+01
2.918000e-05	-1.652987e-01	1.492957e+01
2.919000e-05	-1.170147e-01	1.480328e+01
2.920000e-05	-8.144311e-02	1.473894e+01
2.921000e-05	-6.076435e-02	1.461521e+01
2.922000e-05	-5.147872e-02	1.448947e+01
2.923000e-05	-4.483857e-02	1.437371e+01
2.924000e-05	-3.639798e-02	1.430790e+01
2.925000e-05	-2.798475e-02	1.415455e+01
2.926000e-05	-2.774086e-02	1.399431e+01
2.927000e-05	-2.933173e-02	1.391932e+01
2.928000e-05	-2.534219e-02	1.375157e+01
2.929000e-05	-1.950983e-02	1.360409e+01
2.930000e-05	-1.713532e-02	1.345576e+01
2.931000e-05	-2.163882e-02	1.329930e+01
2.932000e-05	-2.070323e-02	1.317042e+01
2.933000e-05	-1.786874e-02	1.299168e+01
2.934000e-05	-1.375305e-02	1.280321e+01
2.935000e-05	-1.733953e-02	1.262424e+01
2.936000e-05	-1.868610e-02	1.247776e+01
2.937000e-05	-1.574075e-02	1.226984e+01
2.938000e-05	-1.129882e-02	1.212835e+01
2.939000e-05	-1.249324e-02	1.192995e+01
2.940000e-05	-1.733212e-02	1.168982e+01
2.941000e-05	-1.653483e-02	1.151787e+01
2.942000e-05	-1.194705e-02	1.127784e+01
2.943000e-05	-1.024908e-02	1.109681e+01
2.944000e-05	-1.211086e-02	1.091492e+01
2.945000e-05	-1.347571e-02	1.065587e+01
2.946000e-05	-1.160795e-02	1.044569e+01
2.947000e-05	-9.261680e-03	1.023423e+01
2.948000e-05	-1.149920e-02	1.001354e+01
2.949000e-05	-1.385278e-02	9.760057e+00
2.950000e-05	-1.195560e-02	9.518396e+00
2.951000e-05	-8.789684e-03	9.328295e+00
2.952000e-05	-8.770120e-03	9.065318e+00
2.953000e-05	-1.145029e-02	8.804612e+00
2.954000e-05	-1.218347e-02	8.592628e+00
2.955000e-05	-9.865539e-03	8.351453e+00
2.956000e-05	-7.022737e-03	8.088395e+00
2.957000e-05	-8.833630e-03	7.845663e+00
2.958000e-05	-1.084169e-02	7.593031e+00
2.959000e-05	-9.925133e-03	7.277370e+00
2.960000e-05	-7.913764e-03	7.054686e+00
2.961000e-05	-8.773918e-03	6.782580e+00
2.962000e-05	-1.092847e-02	6.496799e+00
2.963000e-05	-9.806987e-03	6.213641e+00
2.964000e-05	-6.766261e-03	6.033105e+00
2.965000e-05	-5.502896e-03	5.699325e+00
2.966000e-05	-8.109060e-03	5.474213e+00
2.967000e-05	-1.030021e-02	5.131026e+00
2.968000e-05	-7.715912e-03	4.793007e+00
2.969000e-05	-6.208803e-03	4.548977e+00
2.970000e-05	-6.734277e-03	4.254665e+00
2.971000e-05	-9.676792e-03	3.988959e+00
2.972000e-05	-8.348541e-03	3.696321e+00
2.973000e-05	-6.015262e-03	3.392038e+00
2.974000e-05	-5.375356e-03	3.116878e+00
2.975000e-05	-7.879599e-03	2.874664e+00
2.976000e-05	-8.313106e-03	2.549505e+00
2.977000e-05	-6.240632e-03	2.263719e+00
2.978000e-05	-5.056924e-03	1.992058e+00
2.979000e-05	-6.111215e-03	1.687346e+00
2.980000e-05	-7.811303e-03	1.391533e+00
2.981000e-05	-6.442445e-03	1.074743e+00
2.982000e-05	-4.760154e-03	7.698774e-01
2.983000e-05	-5.209177e-03	5.052684e-01
2.984000e-05	-5.358857e-03	1.994375e-01
2.985000e-05	-3.899118e-03	-8.270778e-02
2.986000e-05	9.425579e-03	-3.463621e-01
2.987000e-05	2.533521e-03	-6.515675e-01
2.988000e-05	1.760576e-03	-8.842831e-01
2.989000e-05	-3.028240e-03	-1.187364e+00
2.990000e-05	5.962534e-04	-1.543802e+00
2.991000e-05	1.224991e-03	-1.745912e+00
2.992000e-05	2.197517e-02	-1.967987e+00
2.993000e-05	9.771952e-02	-2.243145e+00
2.994000e-05	3.598917e-02	-2.609115e+00
2.995000e-05	-6.752792e-02	-3.042061e+00
2.996000e-05	-1.386161e-02	-3.357436e+00
2.997000e-05	-4.114185e-02	-3.547912e+00
2.998000e-05	-5.935498e-02	-3.780421e+00
2.999000e-05	-6.067092e-03	-4.021125e+00
3.000000e-05	1.481255e-01	-4.190519e+00
3.001000e-05	-1.538315e-01	-4.495361e+00
3.002000e-05	1.550942e-01	-4.761046e+00
3.003000e-05	-4.231030e-02	-5.032728e+00
3.004000e-05	-2.881575e-02	-5.464725e+00
3.005000e-05	8.193625e-02	-5.684179e+00
3.006000e-05	-1.444211e-01	-5.989016e+00
3.007000e-05	1.715971e-01	-6.243700e+00
3.008000e-05	-7.373746e-02	-6.485758e+00
3.009000e-05	4.633286e-02	-6.811124e+00
3.010000e-05	9.420399e-03	-7.063744e+00
3.011000e-05	-7.490600e-02	-7.359040e+00
3.012000e-05	1.026959e-01	-7.620575e+00
3.013000e-05	-9.830821e-02	-7.866329e+00
3.014000e-05	1.181717e-01	-8.180016e+00
3.015000e-05	-4.838406e-02	-8.378573e+00
3.016000e-05	2.236411e-02	-8.664779e+00
3.017000e-05	3.181332e-02	-8.916938e+00
3.018000e-05	-7.679202e-02	-9.128891e+00
3.019000e-05	7.486068e-02	-9.391547e+00
3.020000e-05	-5.792823e-02	-9.621095e+00
3.021000e-05	1.048143e-01	-9.814147e+00
3.022000e-05	-4.874993e-02	-1.008378e+01
3.023000e-05	4.501645e-02	-1.031733e+01
3.024000e-05	-2.906145e-02	-1.057851e+01
3.025000e-05	8.405646e-03	-1.077744e+01
3.026000e-05	1.989274e-02	-1.095002e+01
3.027000e-05	-1.458438e-02	-1.115997e+01
3.028000e-05	4.496555e-02	-1.136102e+01
3.029000e-05	-1.900753e-02	-1.163214e+01
3.030000e-05	4.428965e-02	-1.181313e+01
3.031000e-05	-3.096862e-02	-1.201363e+01
3.032000e-05	2.859935e-02	-1.221367e+01
3.033000e-05	-1.054703e-02	-1.239115e+01
3.034000e-05	3.965506e-02	-1.259302e+01
3.035000e-05	3.247419e-03	-1.270796e+01
3.036000e-05	1.064426e-02	-1.291792e+01
3.037000e-05	-1.265652e-03	-1.309633e+01
3.038000e-05	8.887008e-03	-1.323380e+01
3.039000e-05	1.373730e-02	-1.340112e+01
3.040000e-05	8.013839e-03	-1.356994e+01
3.041000e-05	2.026662e-02	-1.370846e+01
3.042000e-05	1.187340e-02	-1.386581e+01
3.043000e-05	2.107247e-02	-1.401175e+01
3.044000e-05	6.947818e-04	-1.414041e+01
3.045000e-05	8.328565e-03	-1.426586e+01
3.046000e-05	5.738856e-03	-1.438265e+01
3.047000e-05	2.531140e-02	-1.450889e+01
3.048000e-05	1.587945e-02	-1.463525e+01
3.049000e-05	1.937750e-02	-1.472949e+01
3.050000e-05	7.486152e-03	-1.481171e+01
3.051000e-05	1.776418e-02	-1.493802e+01
3.052000e-05	1.466307e-02	-1.501625e+01
3.053000e-05	1.600648e-02	-1.511891e+01
3.054000e-05	1.461057e-02	-1.515000e+01
3.055000e-05	2.040340e-02	-1.528589e+01
3.056000e-05	2.150398e-02	-1.530942e+01
3.057000e-05	1.726080e-02	-1.539265e+01
3.058000e-05	1.427141e-02	-1.549526e+01
3.059000e-05	1.632573e-02	-1.551681e+01
3.060000e-05	2.701549e-02	-1.556897e+01
3.061000e-05	2.734038e-02	-1.562368e+01
3.062000e-05	2.546121e-02	-1.564475e+01
3.063000e-05	2.208856e-02	-1.566529e+01
3.064000e-05	2.649895e-02	-1.567944e+01
3.065000e-05	2.881536e-02	-1.569891e+01
3.066000e-05	2.961683e-02	-1.575797e+01
3.067000e-05	3.031983e-02	-1.571889e+01
3.068000e-05	3.733639e-02	-1.571837e+01
3.069000e-05	4.435045e-02	-1.572797e+01
3.070000e-05	4.513357e-02	-1.572584e+01
3.071000e-05	4.424459e-02	-1.565634e+01
3.072000e-05	4.995455e-02	-1.570824e+01
3.073000e-05	6.195303e-02	-1.566376e+01
3.074000e-05	7.626837e-02	-1.563413e+01
3.075000e-05	8.982609e-02	-1.558060e+01
3.076000e-05	1.131703e-01	-1.555844e+01
3.077000e-05	1.529269e-01	-1.545689e+01
3.078000e-05	2.095289e-01	-1.542415e+01
3.079000e-05	2.468624e-01	-1.536150e+01
3.080000e-05	2.500000e-01	-1.528744e+01
3.081000e-05	2.500000e-01	-1.521308e+01
3.082000e-05	2.490649e-01	-1.510959e+01
3.083000e-05	2.129820e-01	-1.505729e+01
3.084000e-05	1.427152e-01	-1.496900e+01
3.085000e-05	9.615380e-02	-1.489579e+01
3.086000e-05	7.198882e-02	-1.477008e+01
3.087000e-05	5.589838e-02	-1.471744e+01
3.088000e-05	4.045980e-02	-1.458298e+01
3.089000e-05	3.036604e-02	-1.444577e+01
3.090000e-05	2.542407e-02	-1.431047e+01
3.091000e-05	2.300732e-02	-1.420228e+01
3.092000e-05	1.802452e-02	-1.406729e+01
3.093000e-05	1.311233e-02	-1.399050e+01
3.094000e-05	1.253545e-02	-1.377218e+01
3.095000e-05	1.450370e-02	-1.361463e+01
3.096000e-05	1.378068e-02	-1.348639e+01
3.097000e-05	8.058355e-03	-1.330895e+01
3.098000e-05	5.340200e-03	-1.317247e+01
3.099000e-05	6.713636e-03	-1.301321e+01
3.100000e-05	7.646480e-03	-1.286487e+01
3.101000e-05	5.931162e-03	-1.270732e+01
3.102000e-05	3.204348e-03	-1.250692e+01
3.103000e-05	3.726178e-03	-1.231990e+01
3.104000e-05	4.845502e-03	-1.219000e+01
3.105000e-05	4.242083e-03	-1.196200e+01
3.106000e-05	1.327091e-03	-1.175893e+01
3.107000e-05	1.833893e-04	-1.150847e+01
3.108000e-05	2.739268e-03	-1.128536e+01
3.109000e-05	3.713942e-03	-1.109529e+01
3.110000e-05	1.960069e-03	-1.087431e+01
3.111000e-05	-7.422989e-04	-1.068479e+01
3.112000e-05	-1.405730e-03	-1.043521e+01
3.113000e-05	8.917797e-04	-1.028321e+01
3.114000e-05	7.084774e-05	-1.000111e+01
3.115000e-05	-2.362439e-03	-9.812080e+00
3.116000e-05	-2.664000e-03	-9.569877e+00
3.117000e-05	-7.316244e-04	-9.317951e+00
3.118000e-05	-7.593475e-04	-9.095768e+00
3.119000e-05	-3.341622e-03	-8.866241e+00
3.120000e-05	-4.118642e-03	-8.613138e+00
3.121000e-05	-2.929233e-03	-8.390025e+00
3.122000e-05	-9.942364e-04	-8.145449e+00
3.123000e-05	-2.474151e-03	-7.884268e+00
3.124000e-05	-4.855708e-03	-7.563051e+00
3.125000e-05	-5.121516e-03	-7.335920e+00
3.126000e-05	-4.090159e-03	-7.045138e+00
3.127000e-05	-4.006058e-03	-6.790904e+00
3.128000e-05	-6.023915e-03	-6.567425e+00
3.129000e-05	-5.265223e-03	-6.255692e+00
3.130000e-05	-5.356545e-03	-5.991531e+00
3.131000e-05	-4.004403e-03	-5.736772e+00
3.132000e-05	-6.521863e-03	-5.422062e+00
3.133000e-05	-7.438929e-03	-5.105869e+00
3.134000e-05	-7.111977e-03	-4.770534e+00
3.135000e-05	-5.158560e-03	-4.515293e+00
3.136000e-05	-5.794611e-03	-4.265267e+00
3.137000e-05	-7.465103e-03	-4.021979e+00
3.138000e-05	-7.858409e-03	-3.695801e+00
3.139000e-05	-7.453408e-03	-3.434136e+00
3.140000e-05	-6.793739e-03	-3.230448e+00
3.141000e-05	-8.005745e-03	-2.812109e+00
3.142000e-05	-7.904400e-03	-2.589453e+00
3.143000e-05	-6.841359e-03	-2.326266e+00
3.144000e-05	-6.321051e-03	-1.979480e+00
3.145000e-05	-8.566385e-03	-1.726347e+00
3.146000e-05	-1.029612e-02	-1.440534e+00
3.147000e-05	-9.665706e-03	-1.095212e+00
3.148000e-05	-8.485478e-03	-8.225591e-01
3.149000e-05	-7.597775e-03	-5.047670e-01
3.150000e-05	-7.673944e-03	-2.119603e-01
3.151000e-05	-2.785865e-03	7.207408e-02
3.152000e-05	5.896579e-03	3.389130e-01
3.153000e-05	-3.377125e-03	6.195723e-01
3.154000e-05	1.939105e-03	8.421828e-01
3.155000e-05	-6.107292e-03	1.158462e+00
3.156000e-05	3.991124e-05	1.442095e+00
3.157000e-05	-3.256070e-03	1.768391e+00
3.158000e-05	1.488638e-02	2.029119e+00
3.159000e-05	5.969487e-02	2.253201e+00
3.160000e-05	7.015160e-02	2.569965e+00
3.161000e-05	-6.929952e-02	2.925308e+00
3.162000e-05	-3.660511e-02	3.189516e+00
3.163000e-05	-4.009254e-02	3.485327e+00
3.164000e-05	-2.520833e-02	3.717515e+00
3.165000e-05	-7.496534e-02	4.028465e+00
3.166000e-05	3.371210e-02	4.213119e+00
3.167000e-05	8.232044e-02	4.507381e+00
3.168000e-05	-1.055040e-01	4.769517e+00
3.169000e-05	1.429062e-01	5.053578e+00
3.170000e-05	-7.711149e-02	5.411620e+00
3.171000e-05	-2.394802e-02	5.675180e+00
3.172000e-05	2.479377e-02	5.977990e+00
3.173000e-05	-3.942184e-02	6.220675e+00
3.174000e-05	6.776229e-02	6.504256e+00
3.175000e-05	-6.076632e-02	6.801616e+00
3.176000e-05	1.845793e-02	7.044624e+00
3.177000e-05	-2.711353e-02	7.325408e+00
3.178000e-05	-2.161860e-03	7.561540e+00
3.179000e-05	-1.954461e-03	7.875755e+00
3.180000e-05	-3.218589e-02	8.191013e+00
3.181000e-05	5.017727e-02	8.379595e+00
3.182000e-05	-2.550794e-02	8.591118e+00
3.183000e-05	3.310814e-03	8.813723e+00
3.184000e-05	-2.510447e-02	9.084852e+00
3.185000e-05	-3.214282e-02	9.357415e+00
3.186000e-05	2.144325e-02	9.569597e+00
3.187000e-05	-6.054931e-03	9.813619e+00
3.188000e-05	1.000917e-02	9.982225e+00
3.189000e-05	-3.304435e-02	1.024488e+01
3.190000e-05	9.715284e-03	1.049488e+01
3.191000e-05	-1.784388e-02	1.066679e+01
3.192000e-05	-1.263879e-02	1.084638e+01
3.193000e-05	-1.576721e-02	1.108796e+01
3.194000e-05	-8.690905e-03	1.131056e+01
3.195000e-05	1.085451e-02	1.155009e+01
3.196000e-05	-1.491828e-02	1.175992e+01
3.197000e-05	-1.616636e-02	1.196902e+01
3.198000e-05	-2.583823e-02	1.215952e+01
3.199000e-05	1.563619e-03	1.232046e+01
3.200000e-05	-4.192929e-03	1.250744e+01
3.201000e-05	-9.739974e-03	1.266626e+01
3.202000e-05	-2.027255e-02	1.285529e+01
3.203000e-05	-1.392531e-02	1.302575e+01
3.204000e-05	-6.380719e-03	1.317117e+01
3.205000e-05	-1.755609e-02	1.333104e+01
3.206000e-05	-2.073893e-02	1.348736e+01
3.207000e-05	-1.420091e-02	1.367579e+01
3.208000e-05	-1.867983e-03	1.377262e+01
3.209000e-05	-9.868131e-03	1.394196e+01
3.210000e-05	-2.538028e-02	1.406681e+01
3.211000e-05	-2.542066e-02	1.421493e+01
3.212000e-05	-1.567012e-02	1.439210e+01
3.213000e-05	-6.521374e-03	1.447538e+01
3.214000e-05	-1.947878e-02	1.459215e+01
3.215000e-05	-2.271718e-02	1.465629e+01
3.216000e-05	-1.847825e-02	1.474265e+01
3.217000e-05	-1.331903e-02	1.487641e+01
3.218000e-05	-1.909451e-02	1.494005e+01
3.219000e-05	-2.863503e-02	1.501533e+01
3.220000e-05	-2.167611e-02	1.508904e+01
3.221000e-05	-1.796691e-02	1.516260e+01
3.222000e-05	-1.732546e-02	1.523576e+01
3.223000e-05	-3.312687e-02	1.529899e+01
3.224000e-05	-3.467184e-02	1.538462e+01
3.225000e-05	-2.668757e-02	1.542631e+01
3.226000e-05	-1.977699e-02	1.546786e+01
3.227000e-05	-2.530440e-02	1.551749e+01
3.228000e-05	-3.352923e-02	1.556103e+01
3.229000e-05	-3.103211e-02	1.557208e+01
3.230000e-05	-2.990576e-02	1.558163e+01
3.231000e-05	-3.570616e-02	1.561315e+01
3.232000e-05	-4.718354e-02	1.558473e+01
3.233000e-05	-4.505498e-02	1.561276e+01
3.234000e-05	-3.928128e-02	1.561569e+01
3.235000e-05	-3.946635e-02	1.567569e+01
3.236000e-05	-5.112806e-02	1.557426e+01
3.237000e-05	-6.174772e-02	1.560366e+01
3.238000e-05	-6.372010e-02	1.556210e+01
3.239000e-05	-6.983363e-02	1.551950e+01
3.240000e-05	-8.523923e-02	1.550945e+01
3.241000e-05	-1.100073e-01	1.546589e+01
3.242000e-05	-1.344178e-01	1.544576e+01
3.243000e-05	-1.742185e-01	1.540318e+01
3.244000e-05	-2.267394e-01	1.533854e+01
3.245000e-05	-2.495999e-01	1.528729e+01
3.246000e-05	-2.500000e-01	1.519318e+01
3.247000e-05	-2.500000e-01	1.510000e+01
3.248000e-05	-2.425675e-01	1.503687e+01
3.249000e-05	-1.924463e-01	1.495108e+01
3.250000e-05	-1.375969e-01	1.487842e+01
3.251000e-05	-9.578925e-02	1.474258e+01
3.252000e-05	-6.872590e-02	1.468687e+01
3.253000e-05	-5.516520e-02	1.456053e+01
3.254000e-05	-4.902813e-02	1.445777e+01
3.255000e-05	-4.112412e-02	1.435200e+01
3.256000e-05	-3.082768e-02	1.420381e+01
3.257000e-05	-2.768233e-02	1.413724e+01
3.258000e-05	-2.786637e-02	1.396207e+01
3.259000e-05	-2.808538e-02	1.380416e+01
3.260000e-05	-2.077093e-02	1.367531e+01
3.261000e-05	-1.802058e-02	1.348897e+01
3.262000e-05	-1.910034e-02	1.337103e+01
3.263000e-05	-2.324603e-02	1.318254e+01
3.264000e-05	-1.991310e-02	1.302627e+01
3.265000e-05	-1.537031e-02	1.288772e+01
3.266000e-05	-1.530908e-02	1.274795e+01
3.267000e-05	-1.674351e-02	1.254155e+01
3.268000e-05	-1.738927e-02	1.236051e+01
3.269000e-05	-1.241795e-02	1.219521e+01
3.270000e-05	-1.290466e-02	1.201371e+01
3.271000e-05	-1.492184e-02	1.185213e+01
3.272000e-05	-1.765841e-02	1.159368e+01
3.273000e-05	-1.384959e-02	1.137565e+01
3.274000e-05	-1.037835e-02	1.121108e+01
3.275000e-05	-1.058669e-02	1.097305e+01
3.276000e-05	-1.312036e-02	1.079248e+01
3.277000e-05	-1.416609e-02	1.055000e+01
3.278000e-05	-1.005853e-02	1.032050e+01
3.279000e-05	-1.034182e-02	1.008897e+01
3.280000e-05	-1.173892e-02	9.885795e+00
3.281000e-05	-1.230923e-02	9.624262e+00
3.282000e-05	-9.805082e-03	9.381655e+00
3.283000e-05	-8.253513e-03	9.174005e+00
3.284000e-05	-1.110362e-02	8.951451e+00
3.285000e-05	-1.294075e-02	8.696444e+00
3.286000e-05	-1.213316e-02	8.455792e+00
3.287000e-05	-7.640743e-03	8.222137e+00
3.288000e-05	-7.468625e-03	7.940501e+00
3.289000e-05	-9.370648e-03	7.727400e+00
3.290000e-05	-1.045394e-02	7.474216e+00
3.291000e-05	-7.794549e-03	7.160905e+00
3.292000e-05	-6.975399e-03	6.898295e+00
3.293000e-05	-9.897853e-03	6.682693e+00
3.294000e-05	-1.058234e-02	6.401029e+00
3.295000e-05	-9.377611e-03	6.126347e+00
3.296000e-05	-6.763273e-03	5.844218e+00
3.297000e-05	-7.732594e-03	5.570480e+00
3.298000e-05	-8.979056e-03	5.297373e+00
3.299000e-05	-8.384205e-03	4.959878e+00
3.300000e-05	-5.754797e-03	4.644664e+00
3.301000e-05	-6.044841e-03	4.421608e+00
3.302000e-05	-7.630450e-03	4.116347e+00
3.303000e-05	-9.756619e-03	3.782163e+00
3.304000e-05	-8.145166e-03	3.579955e+00
3.305000e-05	-5.620706e-03	3.274715e+00
3.306000e-05	-6.162561e-03	2.959031e+00
3.307000e-05	-7.747275e-03	2.719350e+00
3.308000e-05	-5.286949e-03	2.409584e+00
3.309000e-05	-5.348875e-03	2.125325e+00
3.310000e-05	-6.183702e-03	1.866217e+00
3.311000e-05	-8.855261e-03	1.548903e+00
3.312000e-05	-7.587725e-03	1.244140e+00
3.313000e-05	-5.777222e-03	9.076760e-01
3.314000e-05	-3.618613e-03	6.026378e-01
3.315000e-05	-4.691640e-03	3.273487e-01
3.316000e-05	-4.957682e-03	6.301021e-02
3.317000e-05	1.519559e-03	-2.804976e-01
3.318000e-05	8.528579e-03	-4.941817e-01
3.319000e-05	-2.265207e-03	-7.984423e-01
3.320000e-05	1.568885e-03	-1.060624e+00
3.321000e-05	-2.729517e-03	-1.346465e+00
3.322000e-05	2.156855e-03	-1.632153e+00
3.323000e-05	7.399701e-03	-1.882228e+00
3.324000e-05	5.450869e-02	-2.085257e+00
3.325000e-05	1.036616e-01	-2.432625e+00
3.326000e-05	-5.704817e-02	-2.811122e+00
3.327000e-05	-2.247444e-02	-3.250641e+00
3.328000e-05	-3.732313e-02	-3.473675e+00
3.329000e-05	-3.010684e-02	-3.683229e+00
3.330000e-05	-8.535456e-02	-3.957431e+00
3.331000e-05	1.406566e-01	-4.106789e+00
3.332000e-05	-3.791430e-02	-4.347885e+00
3.333000e-05	-1.123847e-02	-4.676328e+00
3.334000e-05	1.299386e-01	-4.936306e+00
3.335000e-05	-1.602552e-01	-5.294302e+00
3.336000e-05	1.400686e-01	-5.570502e+00
3.337000e-05	-1.110493e-01	-5.821048e+00
3.338000e-05	3.446475e-02	-6.129362e+00
3.339000e-05	7.501972e-02	-6.369415e+00
3.340000e-05	-8.603490e-02	-6.674779e+00
3.341000e-05	1.143568e-01	-6.957916e+00
3.342000e-05	-1.177891e-01	-7.262201e+00
3.343000e-05	7.868953e-02	-7.527262e+00
3.344000e-05	-2.701758e-02	-7.748857e+00
3.345000e-05	-7.791933e-07	-8.094779e+00
3.346000e-05	8.204923e-02	-8.243758e+00
3.347000e-05	-8.448632e-02	-8.548414e+00
3.348000e-05	1.100875e-01	-8.814074e+00
3.349000e-05	-9.543519e-02	-9.032600e+00
3.350000e-05	4.810766e-02	-9.274859e+00
3.351000e-05	-2.371936e-02	-9.486806e+00
3.352000e-05	3.407466e-02	-9.699439e+00
3.353000e-05	4.063719e-02	-9.958465e+00
3.354000e-05	-3.093017e-02	-1.020207e+01
3.355000e-05	5.073462e-02	-1.041205e+01
3.356000e-05	-5.675001e-02	-1.069480e+01
3.357000e-05	6.508882e-02	-1.082067e+01
3.358000e-05	-4.269831e-02	-1.109376e+01
3.359000e-05	4.754939e-02	-1.129629e+01
3.360000e-05	-1.597085e-02	-1.151683e+01
3.361000e-05	3.021724e-02	-1.172899e+01
3.362000e-05	3.319945e-04	-1.191731e+01
3.363000e-05	-6.235717e-04	-1.209789e+01
3.364000e-05	1.388276e-02	-1.229534e+01
3.365000e-05	8.440130e-03	-1.252639e+01
3.366000e-05	3.424766e-02	-1.265578e+01
3.367000e-05	-9.441435e-03	-1.284480e+01
3.368000e-05	1.510138e-02	-1.304405e+01
3.369000e-05	-8.776569e-03	-1.317055e+01
3.370000e-05	2.535675e-02	-1.334901e+01
3.371000e-05	8.096572e-04	-1.348585e+01
3.372000e-05	2.319363e-02	-1.361373e+01
3.373000e-05	9.419447e-03	-1.380313e+01
3.374000e-05	2.435135e-02	-1.393947e+01
3.375000e-05	5.767342e-03	-1.407683e+01
3.376000e-05	5.623895e-03	-1.423468e+01
3.377000e-05	1.543551e-03	-1.432992e+01
3.378000e-05	1.803869e-02	-1.447426e+01
3.379000e-05	2.027746e-02	-1.461260e+01
3.380000e-05	1.673442e-02	-1.469639e+01
3.381000e-05	1.338023e-02	-1.477110e+01
3.382000e-05	1.226835e-02	-1.492588e+01
3.383000e-05	2.009651e-02	-1.497050e+01
3.384000e-05	1.377945e-02	-1.510673e+01
3.385000e-05	1.767291e-02	-1.515107e+01
3.386000e-05	1.452086e-02	-1.520271e+01
3.387000e-05	2.442372e-02	-1.526736e+01
3.388000e-05	1.653259e-02	-1.540010e+01
3.389000e-05	1.594531e-02	-1.541376e+01
3.390000e-05	1.325615e-02	-1.550634e+01
3.391000e-05	2.361315e-02	-1.552899e+01
3.392000e-05	2.851378e-02	-1.558110e+01
3.393000e-05	2.609025e-02	-1.561368e+01
3.394000e-05	2.397471e-02	-1.563328e+01
3.395000e-05	2.328983e-02	-1.568581e+01
3.396000e-05	2.816180e-02	-1.571636e+01
3.397000e-05	2.719201e-02	-1.573935e+01
3.398000e-05	2.873189e-02	-1.573097e+01
3.399000e-05	3.287574e-02	-1.575849e+01
3.400000e-05	4.209636e-02	-1.570795e+01
3.401000e-05	4.602583e-02	-1.571842e+01
3.402000e-05	4.500156e-02	-1.570639e+01
3.403000e-05	4.725833e-02	-1.569736e+01
3.404000e-05	5.618532e-02	-1.568526e+01
3.405000e-05	6.969103e-02	-1.563371e+01
3.406000e-05	8.185388e-02	-1.559105e+01
3.407000e-05	9.893336e-02	-1.558055e+01
3.408000e-05	1.310639e-01	-1.550842e+01
3.409000e-05	1.824390e-01	-1.545531e+01
3.410000e-05	2.336151e-01	-1.537308e+01
3.411000e-05	2.500000e-01	-1.534844e+01
3.412000e-05	2.500000e-01	-1.523526e+01
3.413000e-05	2.500000e-01	-1.519101e+01
3.414000e-05	2.360041e-01	-1.511692e+01
3.415000e-05	1.746085e-01	-1.501568e+01
3.416000e-05	1.137838e-01	-1.489887e+01
3.417000e-05	8.134028e-02	-1.483221e+01
3.418000e-05	6.220149e-02	-1.471152e+01
3.419000e-05	4.724634e-02	-1.465478e+01
3.420000e-05	3.409455e-02	-1.450845e+01
3.421000e-05	2.775481e-02	-1.438256e+01
3.422000e-05	2.532166e-02	-1.428629e+01
3.423000e-05	2.171171e-02	-1.415195e+01
3.424000e-05	1.514419e-02	-1.399213e+01
3.425000e-05	1.183478e-02	-1.383578e+01
3.426000e-05	1.200156e-02	-1.371884e+01
3.427000e-05	1.386932e-02	-1.353953e+01
3.428000e-05	1.039317e-02	-1.340371e+01
3.429000e-05	6.804658e-03	-1.326429e+01
3.430000e-05	5.916252e-03	-1.307639e+01
3.431000e-05	8.728774e-03	-1.293097e+01
3.432000e-05	7.922993e-03	-1.277045e+01
3.433000e-05	4.490724e-03	-1.257366e+01
3.434000e-05	3.348546e-03	-1.242318e+01
3.435000e-05	5.103702e-03	-1.223518e+01
3.436000e-05	4.495316e-03	-1.204614e+01
3.437000e-05	1.304026e-03	-1.187574e+01
3.438000e-05	-7.207882e-04	-1.163261e+01
3.439000e-05	2.406675e-03	-1.144158e+01
3.440000e-05	3.949968e-03	-1.116103e+01
3.441000e-05	2.821352e-03	-1.099955e+01
3.442000e-05	-7.373273e-04	-1.073948e+01
3.443000e-05	-1.433955e-03	-1.057953e+01
3.444000e-05	3.077657e-04	-1.032995e+01
3.445000e-05	1.307789e-03	-1.010687e+01
3.446000e-05	-1.710426e-03	-9.867236e+00
3.447000e-05	-2.951665e-03	-9.686790e+00
3.448000e-05	-1.383706e-03	-9.433615e+00
3.449000e-05	3.869262e-04	-9.223084e+00
3.450000e-05	-2.421698e-03	-8.981528e+00
3.451000e-05	-4.198224e-03	-8.768396e+00
3.452000e-05	-3.483497e-03	-8.505794e+00
3.453000e-05	-1.826086e-03	-8.254209e+00
3.454000e-05	-2.025608e-03	-7.991484e+00
3.455000e-05	-4.632061e-03	-7.685876e+00
3.456000e-05	-5.283032e-03	-7.412133e+00
3.457000e-05	-4.506061e-03	-7.200504e+00
3.458000e-05	-3.475661e-03	-6.878268e+00
3.459000e-05	-6.283288e-03	-6.653186e+00
3.460000e-05	-5.552445e-03	-6.381581e+00
3.461000e-05	-6.070314e-03	-6.107871e+00
3.462000e-05	-4.340155e-03	-5.823159e+00
3.463000e-05	-5.079292e-03	-5.600001e+00
3.464000e-05	-7.772998e-03	-5.294217e+00
3.465000e-05	-7.332906e-03	-4.969454e+00
3.466000e-05	-5.267288e-03	-4.623661e+00
3.467000e-05	-5.199892e-03	-4.399528e+00
3.468000e-05	-6.655984e-03	-4.153894e+00
3.469000e-05	-8.745271e-03	-3.852663e+00
3.470000e-05	-7.227252e-03	-3.599054e+00
3.471000e-05	-7.394412e-03	-3.295218e+00
3.472000e-05	-7.213368e-03	-3.010029e+00
3.473000e-05	-8.625865e-03	-2.696842e+00
3.474000e-05	-6.590590e-03	-2.442084e+00
3.475000e-05	-6.739895e-03	-2.155875e+00
3.476000e-05	-7.027831e-03	-1.832612e+00
3.477000e-05	-9.715932e-03	-1.570478e+00
3.478000e-05	-9.669668e-03	-1.242065e+00
3.479000e-05	-8.461340e-03	-9.774199e-01
3.480000e-05	-7.565833e-03	-6.426145e-01
3.481000e-05	-7.546767e-03	-3.173511e-01
3.482000e-05	-6.655851e-03	-9.214208e-02
3.483000e-05	5.129527e-03	1.700686e-01
3.484000e-05	-1.107125e-03	4.857817e-01
3.485000e-05	-7.136689e-04	7.373584e-01
3.486000e-05	-3.743399e-03	1.031122e+00
3.487000e-05	-3.210533e-03	1.285807e+00
3.488000e-05	-2.411127e-03	1.622525e+00
3.489000e-05	4.987889e-03	1.905758e+00
3.490000e-05	3.026489e-02	2.114337e+00
3.491000e-05	9.182504e-02	2.409572e+00
3.492000e-05	-1.497991e-02	2.729492e+00
3.493000e-05	-6.293035e-02	3.061727e+00
3.494000e-05	-3.531477e-02	3.378013e+00
3.495000e-05	-2.599222e-02	3.662628e+00
3.496000e-05	-5.501212e-02	3.864255e+00
3.497000e-05	-4.334746e-02	4.068279e+00
3.498000e-05	1.112258e-01	4.379494e+00
3.499000e-05	-5.425279e-02	4.675251e+00
3.500000e-05	2.225960e-02	4.896331e+00
3.501000e-05	7.855822e-02	5.233230e+00
3.502000e-05	-1.239003e-01	5.547392e+00
3.503000e-05	6.432313e-02	5.842669e+00
3.504000e-05	-5.138825e-02	6.107340e+00
3.505000e-05	4.313878e-02	6.337463e+00
3.506000e-05	-1.598753e-03	6.702722e+00
3.507000e-05	-4.397839e-02	6.916836e+00
3.508000e-05	2.394703e-02	7.178518e+00
3.509000e-05	-4.877637e-02	7.503776e+00
3.510000e-05	3.606675e-02	7.768917e+00
3.511000e-05	-5.136653e-02	8.003698e+00
3.512000e-05	3.370985e-02	8.286838e+00
3.513000e-05	1.235389e-02	8.506961e+00
3.514000e-05	-2.447568e-02	8.729437e+00
3.515000e-05	9.326380e-03	8.981565e+00
3.516000e-05	-5.897494e-02	9.172678e+00
3.517000e-05	1.945552e-02	9.474275e+00
3.518000e-05	-9.331047e-03	9.668906e+00
3.519000e-05	1.989106e-02	9.916965e+00
3.520000e-05	-2.823352e-02	1.014097e+01
3.521000e-05	-3.409080e-03	1.034952e+01
3.522000e-05	-2.131403e-03	1.058315e+01
3.523000e-05	-2.034866e-02	1.080157e+01
3.524000e-05	-7.917333e-03	1.100312e+01
3.525000e-05	-2.381074e-02	1.124233e+01
3.526000e-05	1.377916e-02	1.146683e+01
3.527000e-05	-1.171112e-02	1.167476e+01
3.528000e-05	-7.330710e-03	1.186581e+01
3.529000e-05	-3.211137e-02	1.206486e+01
3.530000e-05	-2.906866e-03	1.223473e+01
3.531000e-05	-3.862939e-03	1.241313e+01
3.532000e-05	-2.204090e-03	1.262213e+01
3.533000e-05	-1.805774e-02	1.277057e+01
3.534000e-05	-2.009928e-02	1.296899e+01
3.535000e-05	-7.736005e-03	1.309849e+01
3.536000e-05	-1.516238e-02	1.325381e+01
3.537000e-05	-1.779501e-02	1.340523e+01
3.538000e-05	-2.290050e-02	1.358010e+01
3.539000e-05	-4.509887e-04	1.373946e+01
3.540000e-05	-6.794184e-03	1.388589e+01
3.541000e-05	-1.429152e-02	1.402363e+01
3.542000e-05	-3.056704e-02	1.416909e+01
3.543000e-05	-1.906082e-02	1.428836e+01
3.544000e-05	-1.125350e-02	1.438513e+01
3.545000e-05	-1.319567e-02	1.456039e+01
3.546000e-05	-2.162364e-02	1.462523e+01
3.547000e-05	-2.310147e-02	1.479107e+01
3.548000e-05	-1.182522e-02	1.483379e+01
3.549000e-05	-1.798522e-02	1.491696e+01
3.550000e-05	-2.317427e-02	1.501313e+01
3.551000e-05	-2.864185e-02	1.507831e+01
3.552000e-05	-1.773359e-02	1.513857e+01
3.553000e-05	-1.552960e-02	1.522275e+01
3.554000e-05	-2.393517e-02	1.526642e+01
3.555000e-05	-3.350854e-02	1.535957e+01
3.556000e-05	-3.280297e-02	1.537365e+01
3.557000e-05	-2.119633e-02	1.548581e+01
3.558000e-05	-2.495329e-02	1.547894e+01
3.559000e-05	-3.051731e-02	1.552952e+01
3.560000e-05	-3.502666e-02	1.554907e+01
3.561000e-05	-2.836911e-02	1.557265e+01
3.562000e-05	-3.008306e-02	1.557261e+01
3.563000e-05	-4.110317e-02	1.561363e+01
3.564000e-05	-4.702474e-02	1.560326e+01
3.565000e-05	-4.337914e-02	1.567466e+01
3.566000e-05	-3.801242e-02	1.560523e+01
3.567000e-05	-4.697452e-02	1.561376e+01
3.568000e-05	-5.748720e-02	1.557313e+01
3.569000e-05	-6.430766e-02	1.556116e+01
3.570000e-05	-6.526270e-02	1.554150e+01
3.571000e-05	-7.631722e-02	1.552850e+01
3.572000e-05	-9.742181e-02	1.553741e+01
3.573000e-05	-1.221957e-01	1.546736e+01
3.574000e-05	-1.531637e-01	1.540371e+01
3.575000e-05	-2.039547e-01	1.536060e+01
3.576000e-05	-2.454561e-01	1.529837e+01
3.577000e-05	-2.500000e-01	1.525476e+01
3.578000e-05	-2.500000e-01	1.513210e+01
3.579000e-05	-2.499850e-01	1.510797e+01
3.580000e-05	-2.213658e-01	1.502576e+01
3.581000e-05	-1.618113e-01	1.489947e+01
3.582000e-05	-1.145885e-01	1.482368e+01
3.583000e-05	-8.097475e-02	1.473999e+01
3.584000e-05	-5.883970e-02	1.458273e+01
3.585000e-05	-5.071141e-02	1.450895e+01
3.586000e-05	-4.448601e-02	1.449471e+01
3.587000e-05	-3.633084e-02	1.427579e+01
3.588000e-05	-2.780621e-02	1.415010e+01
3.589000e-05	-2.757092e-02	1.399513e+01
3.590000e-05	-2.895595e-02	1.389842e+01
3.591000e-05	-2.487698e-02	1.373902e+01
3.592000e-05	-1.902992e-02	1.356218e+01
3.593000e-05	-1.686241e-02	1.346581e+01
3.594000e-05	-2.103818e-02	1.329685e+01
3.595000e-05	-2.114580e-02	1.311997e+01
3.596000e-05	-1.759115e-02	1.295998e+01
3.597000e-05	-1.319249e-02	1.280263e+01
3.598000e-05	-1.572313e-02	1.262524e+01
3.599000e-05	-1.815082e-02	1.244616e+01
3.600000e-05	-1.575324e-02	1.228684e+01
3.601000e-05	-1.135101e-02	1.208985e+01
3.602000e-05	-1.258879e-02	1.190800e+01
3.603000e-05	-1.632140e-02	1.166832e+01
3.604000e-05	-1.529450e-02	1.149737e+01
3.605000e-05	-1.202071e-02	1.130829e+01
3.606000e-05	-9.160446e-03	1.103579e+01
3.607000e-05	-1.266031e-02	1.086629e+01
3.608000e-05	-1.402029e-02	1.068431e+01
3.609000e-05	-1.173204e-02	1.040674e+01
3.610000e-05	-9.234351e-03	1.023461e+01
3.611000e-05	-1.024015e-02	9.983059e+00
3.612000e-05	-1.342609e-02	9.718831e+00
3.613000e-05	-1.174569e-02	9.498982e+00
3.614000e-05	-9.449373e-03	9.294791e+00
3.615000e-05	-8.179014e-03	9.105240e+00
3.616000e-05	-1.236151e-02	8.803556e+00
3.617000e-05	-1.152562e-02	8.581056e+00
3.618000e-05	-8.975061e-03	8.360425e+00
3.619000e-05	-5.961051e-03	8.078944e+00
3.620000e-05	-8.948175e-03	7.794612e+00
3.621000e-05	-1.132201e-02	7.559453e+00
3.622000e-05	-9.092189e-03	7.247293e+00
3.623000e-05	-8.233947e-03	7.013659e+00
3.624000e-05	-8.116606e-03	6.762504e+00
3.625000e-05	-1.124989e-02	6.477767e+00
3.626000e-05	-9.324627e-03	6.244159e+00
3.627000e-05	-6.492326e-03	6.002028e+00
3.628000e-05	-5.708724e-03	5.706399e+00
3.629000e-05	-9.237708e-03	5.424162e+00
3.630000e-05	-1.044899e-02	5.137300e+00
3.631000e-05	-7.595377e-03	4.803029e+00
3.632000e-05	-5.783713e-03	4.527822e+00
3.633000e-05	-6.727791e-03	4.241714e+00
3.634000e-05	-8.949631e-03	3.939824e+00
3.635000e-05	-7.514394e-03	3.673643e+00
3.636000e-05	-5.786183e-03	3.422507e+00
3.637000e-05	-5.987561e-03	3.075767e+00
3.638000e-05	-8.823183e-03	2.874137e+00
3.639000e-05	-9.140300e-03	2.539430e+00
3.640000e-05	-5.828550e-03	2.245616e+00
3.641000e-05	-4.701394e-03	1.971432e+00
3.642000e-05	-6.249673e-03	1.684725e+00
3.643000e-05	-7.706872e-03	1.390454e+00
3.644000e-05	-6.168697e-03	1.064141e+00
3.645000e-05	-4.276187e-03	7.389236e-01
3.646000e-05	-4.410618e-03	4.831644e-01
3.647000e-05	-6.210968e-03	1.899078e-01
3.648000e-05	-3.805156e-03	-9.523185e-02
3.649000e-05	9.404052e-03	-3.589160e-01
3.650000e-05	6.105940e-04	-6.317226e-01
3.651000e-05	1.494275e-03	-9.173857e-01
3.652000e-05	-3.012217e-03	-1.248918e+00
3.653000e-05	1.580611e-03	-1.544782e+00
3.654000e-05	1.962860e-03	-1.748336e+00
3.655000e-05	2.521499e-02	-1.969946e+00
3.656000e-05	1.015652e-01	-2.262198e+00
3.657000e-05	2.116896e-02	-2.601620e+00
3.658000e-05	-6.346841e-02	-3.052174e+00
3.659000e-05	-1.629360e-02	-3.380440e+00
3.660000e-05	-3.928830e-02	-3.568445e+00
3.661000e-05	-6.579856e-02	-3.861001e+00
3.662000e-05	1.420993e-02	-4.061628e+00
3.663000e-05	1.300464e-01	-4.221596e+00
3.664000e-05	-1.467663e-01	-4.535336e+00
3.665000e-05	1.774705e-01	-4.831578e+00
3.666000e-05	-6.578421e-02	-5.094300e+00
3.667000e-05	-3.015389e-05	-5.482203e+00
3.668000e-05	5.496769e-02	-5.714308e+00
3.669000e-05	-1.274868e-01	-6.040070e+00
3.670000e-05	1.709247e-01	-6.263225e+00
3.671000e-05	-8.694255e-02	-6.537386e+00
3.672000e-05	6.514300e-02	-6.850598e+00
3.673000e-05	-1.346067e-02	-7.064728e+00
3.674000e-05	-5.616158e-02	-7.398620e+00
3.675000e-05	9.079869e-02	-7.652651e+00
3.676000e-05	-9.468771e-02	-7.936813e+00
3.677000e-05	1.255332e-01	-8.209973e+00
3.678000e-05	-6.313949e-02	-8.411569e+00
3.679000e-05	4.141914e-02	-8.695331e+00
3.680000e-05	1.082155e-02	-8.965940e+00
3.681000e-05	-6.226030e-02	-9.209992e+00
3.682000e-05	6.557779e-02	-9.401494e+00
3.683000e-05	-5.180262e-02	-9.654774e+00
3.684000e-05	1.042488e-01	-9.843604e+00
3.685000e-05	-5.446473e-02	-1.009490e+01
3.686000e-05	5.255795e-02	-1.031834e+01
3.687000e-05	-3.981466e-02	-1.054794e+01
3.688000e-05	2.019433e-02	-1.076052e+01
3.689000e-05	8.791871e-03	-1.094051e+01
3.690000e-05	-4.568278e-03	-1.119007e+01
3.691000e-05	3.762519e-02	-1.138208e+01
3.692000e-05	-1.397472e-02	-1.163372e+01
3.693000e-05	4.016305e-02	-1.183465e+01
3.694000e-05	-2.938277e-02	-1.204325e+01
3.695000e-05	2.913683e-02	-1.223112e+01
3.696000e-05	-1.081855e-02	-1.243217e+01
3.697000e-05	4.153881e-02	-1.260205e+01
3.698000e-05	-9.424184e-05	-1.274994e+01
3.699000e-05	1.244829e-02	-1.295894e+01
3.700000e-05	-4.258196e-03	-1.311733e+01
3.701000e-05	1.135254e-02	-1.324523e+01
3.702000e-05	1.205034e-02	-1.341370e+01
3.703000e-05	9.949275e-03	-1.358942e+01
3.704000e-05	1.867041e-02	-1.373739e+01
3.705000e-05	1.296308e-02	-1.391783e+01
3.706000e-05	1.957838e-02	-1.399315e+01
3.707000e-05	1.289618e-03	-1.414152e+01
3.708000e-05	7.219379e-03	-1.426831e+01
3.709000e-05	6.759373e-03	-1.439267e+01
3.710000e-05	2.398885e-02	-1.454989e+01
3.711000e-05	1.557338e-02	-1.465471e+01
3.712000e-05	1.804297e-02	-1.475904e+01
3.713000e-05	7.640177e-03	-1.484328e+01
3.714000e-05	1.817224e-02	-1.494044e+01
3.715000e-05	1.407533e-02	-1.503573e+01
3.716000e-05	1.593793e-02	-1.511841e+01
3.717000e-05	1.425015e-02	-1.518259e+01
3.718000e-05	2.048647e-02	-1.526581e+01
3.719000e-05	2.114719e-02	-1.534154e+01
3.720000e-05	1.670988e-02	-1.539315e+01
3.721000e-05	1.408693e-02	-1.547533e+01
3.722000e-05	1.661625e-02	-1.551744e+01
3.723000e-05	2.771021e-02	-1.555055e+01
3.724000e-05	2.687581e-02	-1.564260e+01
3.725000e-05	2.566162e-02	-1.564266e+01
3.726000e-05	2.220608e-02	-1.565686e+01
3.727000e-05	2.682435e-02	-1.568931e+01
3.728000e-05	2.864127e-02	-1.572694e+01
3.729000e-05	2.840964e-02	-1.572992e+01
3.730000e-05	3.042171e-02	-1.571844e+01
3.731000e-05	3.801075e-02	-1.570097e+01
3.732000e-05	4.499859e-02	-1.573939e+01
3.733000e-05	4.524042e-02	-1.570742e+01
3.734000e-05	4.460350e-02	-1.570696e+01
3.735000e-05	5.081529e-02	-1.570629e+01
3.736000e-05	6.281967e-02	-1.565481e+01
3.737000e-05	7.698412e-02	-1.560318e+01
3.738000e-05	9.103472e-02	-1.558152e+01
3.739000e-05	1.151225e-01	-1.551892e+01
3.740000e-05	1.571455e-01	-1.547531e+01
3.741000e-05	2.130732e-01	-1.542323e+01
3.742000e-05	2.479526e-01	-1.536352e+01
3.743000e-05	2.500000e-01	-1.528737e+01
3.744000e-05	2.500000e-01	-1.518516e+01
3.745000e-05	2.484044e-01	-1.514900e+01
3.746000e-05	2.081602e-01	-1.504579e+01
3.747000e-05	1.379449e-01	-1.495107e+01
3.748000e-05	9.423711e-02	-1.487529e+01
3.749000e-05	7.005543e-02	-1.476163e+01
3.750000e-05	5.446918e-02	-1.467684e+01
3.751000e-05	4.000529e-02	-1.457258e+01
3.752000e-05	3.070144e-02	-1.445424e+01
3.753000e-05	2.629665e-02	-1.433047e+01
3.754000e-05	2.273494e-02	-1.420268e+01
3.755000e-05	1.712391e-02	-1.407534e+01
3.756000e-05	1.205780e-02	-1.391755e+01
3.757000e-05	1.106837e-02	-1.377155e+01
3.758000e-05	1.438231e-02	-1.362271e+01
3.759000e-05	1.386079e-02	-1.350636e+01
3.760000e-05	9.563053e-03	-1.331889e+01
3.761000e-05	6.668289e-03	-1.317003e+01
3.762000e-05	7.110682e-03	-1.301368e+01
3.763000e-05	7.918970e-03	-1.286229e+01
3.764000e-05	4.918458e-03	-1.268686e+01
3.765000e-05	3.464209e-03	-1.250937e+01
3.766000e-05	3.780203e-03	-1.233935e+01
3.767000e-05	5.472098e-03	-1.217795e+01
3.768000e-05	3.773376e-03	-1.197050e+01
3.769000e-05	4.062471e-04	-1.173890e+01
3.770000e-05	9.452183e-04	-1.148782e+01
3.771000e-05	2.866599e-03	-1.128436e+01
3.772000e-05	3.402909e-03	-1.106472e+01
3.773000e-05	1.251744e-03	-1.085566e+01
3.774000e-05	-8.236093e-04	-1.065616e+01
3.775000e-05	-4.576603e-05	-1.046522e+01
3.776000e-05	4.822169e-05	-1.021169e+01
3.777000e-05	-3.956479e-04	-1.000206e+01
3.778000e-05	-2.501539e-03	-9.751003e+00
3.779000e-05	-1.925745e-03	-9.580954e+00
3.780000e-05	-4.918375e-04	-9.317345e+00
3.781000e-05	-9.237217e-04	-9.084212e+00
3.782000e-05	-3.589487e-03	-8.853138e+00
3.783000e-05	-4.315975e-03	-8.609586e+00
3.784000e-05	-3.002590e-03	-8.309504e+00
3.785000e-05	-1.967684e-03	-8.107347e+00
3.786000e-05	-3.277548e-03	-7.844688e+00
3.787000e-05	-4.918632e-03	-7.580874e+00
3.788000e-05	-5.216130e-03	-7.297274e+00
3.789000e-05	-3.814348e-03	-7.041159e+00
3.790000e-05	-4.640751e-03	-6.717453e+00
3.791000e-05	-6.026496e-03	-6.525921e+00
3.792000e-05	-5.268361e-03	-6.194161e+00
3.793000e-05	-4.918104e-03	-5.977975e+00
3.794000e-05	-3.910872e-03	-5.704322e+00
3.795000e-05	-6.411585e-03	-5.420507e+00
3.796000e-05	-7.367682e-03	-5.105299e+00
3.797000e-05	-6.369195e-03	-4.790530e+00
3.798000e-05	-4.940932e-03	-4.505293e+00
3.799000e-05	-5.789761e-03	-4.283692e+00
3.800000e-05	-7.205309e-03	-4.009980e+00
3.801000e-05	-7.465721e-03	-3.705270e+00
3.802000e-05	-8.138353e-03	-3.444034e+00
3.803000e-05	-7.803120e-03	-3.149879e+00
3.804000e-05	-8.145837e-03	-2.832608e+00
3.805000e-05	-7.809231e-03	-2.565852e+00
3.806000e-05	-6.315265e-03	-2.276139e+00
3.807000e-05	-5.905130e-03	-1.949949e+00
3.808000e-05	-7.943242e-03	-1.713668e+00
3.809000e-05	-9.503673e-03	-1.390483e+00
3.810000e-05	-8.529200e-03	-1.063661e+00
3.811000e-05	-8.052771e-03	-8.509565e-01
3.812000e-05	-8.896913e-03	-4.536392e-01
3.813000e-05	-7.772503e-03	-1.909315e-01
3.814000e-05	-9.093300e-04	5.377771e-02
3.815000e-05	5.647340e-03	3.594147e-01
3.816000e-05	-2.623735e-03	6.220725e-01
3.817000e-05	1.735658e-03	8.637329e-01
3.818000e-05	-4.928196e-03	1.219969e+00
3.819000e-05	-4.047550e-04	1.502730e+00
3.820000e-05	-3.184170e-03	1.820941e+00
3.821000e-05	1.512238e-02	2.001021e+00
3.822000e-05	6.365708e-02	2.262725e+00
3.823000e-05	6.024836e-02	2.600045e+00
3.824000e-05	-7.237971e-02	2.947438e+00
3.825000e-05	-3.453417e-02	3.220100e+00
3.826000e-05	-3.809641e-02	3.527408e+00
3.827000e-05	-2.576460e-02	3.757941e+00
3.828000e-05	-7.393802e-02	3.981021e+00
3.829000e-05	4.643167e-02	4.241674e+00
3.830000e-05	6.569033e-02	4.547863e+00
3.831000e-05	-9.791947e-02	4.790470e+00
3.832000e-05	1.461736e-01	5.095802e+00
3.833000e-05	-9.448500e-02	5.424222e+00
3.834000e-05	-7.370491e-03	5.675783e+00
3.835000e-05	1.280305e-02	5.970541e+00
3.836000e-05	-2.782525e-02	6.224694e+00
3.837000e-05	6.323002e-02	6.486903e+00
3.838000e-05	-6.492984e-02	6.812096e+00
3.839000e-05	2.359913e-02	7.033177e+00
3.840000e-05	-3.493523e-02	7.286936e+00
3.841000e-05	4.525739e-03	7.611645e+00
3.842000e-05	-1.167009e-02	7.878230e+00
3.843000e-05	-2.458607e-02	8.140066e+00
3.844000e-05	4.873856e-02	8.392624e+00
3.845000e-05	-2.604165e-02	8.633698e+00
3.846000e-05	7.332469e-03	8.854276e+00
3.847000e-05	-3.179735e-02	9.145883e+00
3.848000e-05	-2.616066e-02	9.311438e+00
3.849000e-05	1.736467e-02	9.550092e+00
3.850000e-05	-2.823447e-03	9.851599e+00
3.851000e-05	4.161306e-03	1.005586e+01
3.852000e-05	-3.027004e-02	1.027428e+01
3.853000e-05	9.691397e-03	1.047588e+01
3.854000e-05	-1.936908e-02	1.067791e+01
3.855000e-05	-1.184406e-02	1.093744e+01
3.856000e-05	-1.815359e-02	1.117839e+01
3.857000e-05	-5.383952e-03	1.138966e+01
3.858000e-05	8.305771e-03	1.153202e+01
3.859000e-05	-1.363441e-02	1.178112e+01
3.860000e-05	-1.892881e-02	1.196849e+01
3.861000e-05	-2.279176e-02	1.217002e+01
3.862000e-05	-9.128074e-09	1.233837e+01
3.863000e-05	-3.362120e-03	1.252844e+01
3.864000e-05	-1.112952e-02	1.269639e+01
3.865000e-05	-1.993344e-02	1.288633e+01
3.866000e-05	-1.330986e-02	1.302575e+01
3.867000e-05	-7.497185e-03	1.320162e+01
3.868000e-05	-1.753698e-02	1.333052e+01
3.869000e-05	-2.081088e-02	1.349838e+01
3.870000e-05	-1.211668e-02	1.363528e+01
3.871000e-05	-2.175792e-03	1.382360e+01
3.872000e-05	-1.013787e-02	1.394109e+01
3.873000e-05	-2.688180e-02	1.409644e+01
3.874000e-05	-2.515666e-02	1.423575e+01
3.875000e-05	-1.587048e-02	1.436260e+01
3.876000e-05	-7.731651e-03	1.447879e+01
3.877000e-05	-1.826380e-02	1.457155e+01
3.878000e-05	-2.232760e-02	1.470794e+01
3.879000e-05	-1.649251e-02	1.478213e+01
3.880000e-05	-1.518868e-02	1.487776e+01
3.881000e-05	-2.157479e-02	1.494304e+01
3.882000e-05	-3.045102e-02	1.505628e+01
3.883000e-05	-2.260196e-02	1.510794e+01
3.884000e-05	-1.656125e-02	1.521315e+01
3.885000e-05	-1.569081e-02	1.523628e+01
3.886000e-05	-3.103037e-02	1.533042e+01
3.887000e-05	-3.315303e-02	1.537510e+01
3.888000e-05	-2.861845e-02	1.542625e+01
3.889000e-05	-2.191811e-02	1.548644e+01
3.890000e-05	-2.820956e-02	1.549796e+01
3.891000e-05	-3.420482e-02	1.553102e+01
3.892000e-05	-3.070926e-02	1.556110e+01
3.893000e-05	-2.900278e-02	1.561311e+01
3.894000e-05	-3.418551e-02	1.559413e+01
3.895000e-05	-4.576342e-02	1.562368e+01
3.896000e-05	-4.520186e-02	1.561368e+01
3.897000e-05	-4.039127e-02	1.560513e+01
3.898000e-05	-4.121617e-02	1.561369e+01
3.899000e-05	-5.323371e-02	1.560419e+01
3.900000e-05	-6.283495e-02	1.560163e+01
3.901000e-05	-6.487581e-02	1.556213e+01
3.902000e-05	-7.050715e-02	1.553047e+01
3.903000e-05	-8.586537e-02	1.546941e+01
3.904000e-05	-1.114543e-01	1.550781e+01
3.905000e-05	-1.366022e-01	1.540628e+01
3.906000e-05	-1.777348e-01	1.535453e+01
3.907000e-05	-2.291953e-01	1.534039e+01
3.908000e-05	-2.500000e-01	1.527486e+01
3.909000e-05	-2.500000e-01	1.519373e+01
3.910000e-05	-2.500000e-01	1.511897e+01
3.911000e-05	-2.402457e-01	1.505579e+01
3.912000e-05	-1.889550e-01	1.499108e+01
3.913000e-05	-1.341785e-01	1.484729e+01
3.914000e-05	-9.338913e-02	1.477105e+01
3.915000e-05	-6.662497e-02	1.468784e+01
3.916000e-05	-5.373226e-02	1.461212e+01
3.917000e-05	-4.807167e-02	1.444534e+01
3.918000e-05	-4.208437e-02	1.433000e+01
3.919000e-05	-3.017507e-02	1.423423e+01
3.920000e-05	-2.659220e-02	1.406737e+01
3.921000e-05	-2.920077e-02	1.395045e+01
3.922000e-05	-2.649883e-02	1.378368e+01
3.923000e-05	-2.234230e-02	1.362584e+01
3.924000e-05	-1.579975e-02	1.349649e+01
3.925000e-05	-1.748045e-02	1.337003e+01
3.926000e-05	-2.221656e-02	1.316311e+01
3.927000e-05	-1.909224e-02	1.306474e+01
3.928000e-05	-1.620694e-02	1.287632e+01
3.929000e-05	-1.503171e-02	1.270892e+01
3.930000e-05	-1.939948e-02	1.253002e+01
3.931000e-05	-1.789606e-02	1.235200e+01
3.932000e-05	-1.264187e-02	1.218218e+01
3.933000e-05	-1.128963e-02	1.199314e+01
3.934000e-05	-1.309938e-02	1.180256e+01
3.935000e-05	-1.686887e-02	1.160216e+01
3.936000e-05	-1.297492e-02	1.140258e+01
3.937000e-05	-1.172031e-02	1.117050e+01
3.938000e-05	-1.122301e-02	1.096050e+01
3.939000e-05	-1.401975e-02	1.076047e+01
3.940000e-05	-1.278421e-02	1.051950e+01
3.941000e-05	-1.037797e-02	1.032794e+01
3.942000e-05	-8.866831e-03	1.008722e+01
3.943000e-05	-1.084839e-02	9.864715e+00
3.944000e-05	-1.147513e-02	9.596659e+00
3.945000e-05	-9.436191e-03	9.400032e+00
3.946000e-05	-8.387467e-03	9.162004e+00
3.947000e-05	-1.049469e-02	8.888871e+00
3.948000e-05	-1.252435e-02	8.674841e+00
3.949000e-05	-1.154569e-02	8.455740e+00
3.950000e-05	-8.062961e-03	8.194111e+00
3.951000e-05	-7.283450e-03	7.988425e+00
3.952000e-05	-9.435874e-03	7.687747e+00
3.953000e-05	-9.674371e-03	7.462214e+00
3.954000e-05	-7.648162e-03	7.149425e+00
3.955000e-05	-6.823124e-03	6.916871e+00
3.956000e-05	-8.980621e-03	6.654609e+00
3.957000e-05	-1.095667e-02	6.309450e+00
3.958000e-05	-8.446171e-03	6.107317e+00
3.959000e-05	-6.489820e-03	5.873585e+00
3.960000e-05	-6.283133e-03	5.558974e+00
3.961000e-05	-8.829933e-03	5.256267e+00
3.962000e-05	-8.288222e-03	4.908370e+00
3.963000e-05	-6.915828e-03	4.633088e+00
3.964000e-05	-6.320941e-03	4.392029e+00
3.965000e-05	-8.532952e-03	4.065243e+00
3.966000e-05	-8.443334e-03	3.822530e+00
3.967000e-05	-7.047408e-03	3.509449e+00
3.968000e-05	-5.538997e-03	3.214664e+00
3.969000e-05	-6.330854e-03	2.978508e+00
3.970000e-05	-7.819143e-03	2.667869e+00
3.971000e-05	-7.999076e-03	2.400483e+00
3.972000e-05	-6.503235e-03	2.085722e+00
3.973000e-05	-5.113672e-03	1.843609e+00
3.974000e-05	-6.108341e-03	1.495296e+00
3.975000e-05	-7.155593e-03	1.243036e+00
3.976000e-05	-5.861334e-03	8.546670e-01
3.977000e-05	-4.684542e-03	5.910076e-01
3.978000e-05	-5.246436e-03	3.273499e-01
3.979000e-05	-4.728881e-03	-7.997312e-03
3.980000e-05	1.672513e-03	-2.626265e-01
3.981000e-05	7.288480e-03	-5.053092e-01
3.982000e-05	-9.910403e-04	-8.200226e-01
3.983000e-05	1.999912e-03	-1.091700e+00
3.984000e-05	-3.117173e-03	-1.378938e+00
3.985000e-05	8.209332e-04	-1.641656e+00
3.986000e-05	1.021733e-02	-1.884203e+00
3.987000e-05	6.242273e-02	-2.136281e+00
3.988000e-05	9.721047e-02	-2.473649e+00
3.989000e-05	-6.422847e-02	-2.863098e+00
3.990000e-05	-1.906904e-02	-3.242603e+00
3.991000e-05	-3.815489e-02	-3.496207e+00
3.992000e-05	-3.180826e-02	-3.745812e+00
3.993000e-05	-7.960380e-02	-3.957938e+00
3.994000e-05	1.543693e-01	-4.135787e+00
3.995000e-05	-5.734895e-02	-4.368414e+00
3.996000e-05	1.154795e-02	-4.696429e+00
3.997000e-05	1.006051e-01	-4.958358e+00
3.998000e-05	-1.485276e-01	-5.324883e+00
3.999000e-05	1.441307e-01	-5.588967e+00
4.000000e-05	-1.322171e-01	-5.871174e+00
4.001000e-05	5.676619e-02	-6.129367e+00
4.002000e-05	4.997143e-02	-6.409042e+00
4.003000e-05	-7.002807e-02	-6.736806e+00
4.004000e-05	1.053618e-01	-6.939519e+00
4.005000e-05	-1.200922e-01	-7.255225e+00
4.006000e-05	9.013506e-02	-7.567761e+00
4.007000e-05	-4.406980e-02	-7.770567e+00
4.008000e-05	2.243214e-02	-8.125832e+00
4.009000e-05	6.564512e-02	-8.284783e+00
4.010000e-05	-7.341469e-02	-8.560938e+00
4.011000e-05	1.053149e-01	-8.832649e+00
4.012000e-05	-1.016838e-01	-9.063225e+00
4.013000e-05	5.771786e-02	-9.326857e+00
4.014000e-05	-3.272170e-02	-9.535433e+00
4.015000e-05	4.843138e-02	-9.740569e+00
4.016000e-05	2.772893e-02	-9.968467e+00
4.017000e-05	-1.957309e-02	-1.022360e+01
4.018000e-05	3.979371e-02	-1.045267e+01
4.019000e-05	-4.953900e-02	-1.060530e+01
4.020000e-05	5.793840e-02	-1.086518e+01
4.021000e-05	-4.202237e-02	-1.108576e+01
4.022000e-05	5.012671e-02	-1.127383e+01
4.023000e-05	-1.567132e-02	-1.150591e+01
4.024000e-05	3.609284e-02	-1.176099e+01
4.025000e-05	-7.196592e-03	-1.193899e+01
4.026000e-05	6.582503e-03	-1.212902e+01
4.027000e-05	8.268659e-03	-1.233749e+01
4.028000e-05	1.300677e-02	-1.249794e+01
4.029000e-05	2.648209e-02	-1.266483e+01
4.030000e-05	-4.576087e-03	-1.287726e+01
4.031000e-05	1.316635e-02	-1.303220e+01
4.032000e-05	-5.939338e-03	-1.317112e+01
4.033000e-05	2.287228e-02	-1.337997e+01
4.034000e-05	1.125144e-04	-1.348636e+01
4.035000e-05	2.471274e-02	-1.364425e+01
4.036000e-05	8.666017e-03	-1.383425e+01
4.037000e-05	2.490440e-02	-1.394099e+01
4.038000e-05	3.088413e-03	-1.408684e+01
4.039000e-05	6.755137e-03	-1.422518e+01
4.040000e-05	1.111431e-03	-1.434901e+01
4.041000e-05	1.850194e-02	-1.447534e+01
4.042000e-05	1.821283e-02	-1.459213e+01
4.043000e-05	1.819038e-02	-1.471844e+01
4.044000e-05	1.328672e-02	-1.477360e+01
4.045000e-05	1.332141e-02	-1.489639e+01
4.046000e-05	1.872903e-02	-1.498152e+01
4.047000e-05	1.286655e-02	-1.509883e+01
4.048000e-05	1.546397e-02	-1.515154e+01
4.049000e-05	1.455818e-02	-1.518231e+01
4.050000e-05	2.493995e-02	-1.530939e+01
4.051000e-05	1.477118e-02	-1.538065e+01
4.052000e-05	1.779229e-02	-1.544573e+01
4.053000e-05	1.235319e-02	-1.546633e+01
4.054000e-05	2.681352e-02	-1.553997e+01
4.055000e-05	2.833207e-02	-1.559217e+01
4.056000e-05	2.635359e-02	-1.560413e+01
4.057000e-05	2.361234e-02	-1.563686e+01
4.058000e-05	2.182210e-02	-1.565736e+01
4.059000e-05	2.782931e-02	-1.570689e+01
4.060000e-05	2.456564e-02	-1.571044e+01
4.061000e-05	3.039862e-02	-1.569847e+01
4.062000e-05	3.560542e-02	-1.573899e+01
4.063000e-05	4.492512e-02	-1.571947e+01
4.064000e-05	4.629567e-02	-1.572699e+01
4.065000e-05	4.449682e-02	-1.569744e+01
4.066000e-05	4.660755e-02	-1.568631e+01
4.067000e-05	5.448200e-02	-1.562828e+01
4.068000e-05	6.866489e-02	-1.563263e+01
4.069000e-05	8.293982e-02	-1.559261e+01
4.070000e-05	1.035033e-01	-1.556100e+01
4.071000e-05	1.367190e-01	-1.553892e+01
4.072000e-05	1.878513e-01	-1.545636e+01
4.073000e-05	2.368862e-01	-1.539260e+01
4.074000e-05	2.500000e-01	-1.525990e+01
4.075000e-05	2.500000e-01	-1.522521e+01
4.076000e-05	2.500000e-01	-1.517203e+01
4.077000e-05	2.325606e-01	-1.509739e+01
4.078000e-05	1.684487e-01	-1.502365e+01
4.079000e-05	1.116534e-01	-1.492794e+01
4.080000e-05	8.004450e-02	-1.483461e+01
4.081000e-05	6.211563e-02	-1.473947e+01
4.082000e-05	4.696895e-02	-1.463418e+01
4.083000e-05	3.463249e-02	-1.449989e+01
4.084000e-05	2.698148e-02	-1.438253e+01
4.085000e-05	2.315482e-02	-1.425736e+01
4.086000e-05	1.898426e-02	-1.413992e+01
4.087000e-05	1.388474e-02	-1.401263e+01
4.088000e-05	1.295102e-02	-1.384624e+01
4.089000e-05	1.285139e-02	-1.372789e+01
4.090000e-05	1.445578e-02	-1.353997e+01
4.091000e-05	1.118804e-02	-1.339313e+01
4.092000e-05	7.499264e-03	-1.324418e+01
4.093000e-05	6.584932e-03	-1.303631e+01
4.094000e-05	6.738878e-03	-1.292995e+01
4.095000e-05	6.212125e-03	-1.281095e+01
4.096000e-05	4.005618e-03	-1.260110e+01
4.097000e-05	4.174034e-03	-1.243063e+01
4.098000e-05	3.928437e-03	-1.221466e+01
4.099000e-05	4.511912e-03	-1.201526e+01
4.100000e-05	2.604086e-03	-1.185319e+01
4.101000e-05	7.546572e-04	-1.158311e+01
4.102000e-05	2.104013e-03	-1.140255e+01
4.103000e-05	2.818099e-03	-1.114200e+01
4.104000e-05	2.296172e-03	-1.097094e+01
4.105000e-05	-1.353200e-03	-1.077852e+01
4.106000e-05	-1.117767e-03	-1.050903e+01
4.107000e-05	-1.594494e-04	-1.030795e+01
4.108000e-05	4.367689e-04	-1.009684e+01
4.109000e-05	-8.186101e-04	-9.896789e+00
4.110000e-05	-1.595404e-03	-9.684740e+00
4.111000e-05	-8.333349e-04	-9.432562e+00
4.112000e-05	-9.718185e-04	-9.193553e+00
4.113000e-05	-3.641424e-03	-8.940425e+00
4.114000e-05	-4.947636e-03	-8.748821e+00
4.115000e-05	-4.079719e-03	-8.444838e+00
4.116000e-05	-2.007506e-03	-8.222162e+00
4.117000e-05	-1.728611e-03	-7.951026e+00
4.118000e-05	-3.532105e-03	-7.637770e+00
4.119000e-05	-4.298685e-03	-7.413107e+00
4.120000e-05	-4.207968e-03	-7.199453e+00
4.121000e-05	-3.682650e-03	-6.885268e+00
4.122000e-05	-5.593893e-03	-6.642608e+00
4.123000e-05	-5.354645e-03	-6.380480e+00
4.124000e-05	-5.509638e-03	-6.085721e+00
4.125000e-05	-4.911083e-03	-5.821558e+00
4.126000e-05	-5.689597e-03	-5.560926e+00
4.127000e-05	-6.503754e-03	-5.283611e+00
4.128000e-05	-6.233595e-03	-4.947826e+00
4.129000e-05	-4.318263e-03	-4.631656e+00
4.130000e-05	-4.676813e-03	-4.389478e+00
4.131000e-05	-6.321543e-03	-4.156395e+00
4.132000e-05	-8.131943e-03	-3.801586e+00
4.133000e-05	-7.353216e-03	-3.547375e+00
4.134000e-05	-8.638534e-03	-3.283766e+00
4.135000e-05	-7.894330e-03	-2.979485e+00
4.136000e-05	-8.447022e-03	-2.663742e+00
4.137000e-05	-5.903615e-03	-2.451583e+00
4.138000e-05	-6.010433e-03	-2.114792e+00
4.139000e-05	-6.537020e-03	-1.831087e+00
4.140000e-05	-9.056369e-03	-1.558927e+00
4.141000e-05	-9.038381e-03	-1.209512e+00
4.142000e-05	-8.527397e-03	-9.252949e-01
4.143000e-05	-8.856049e-03	-5.910605e-01
4.144000e-05	-7.403302e-03	-3.263497e-01
4.145000e-05	-7.170482e-03	-5.210940e-02
4.146000e-05	5.561401e-03	2.606236e-01
4.147000e-05	-2.844133e-04	5.168080e-01
4.148000e-05	-1.598765e-03	7.284383e-01
4.149000e-05	-2.156296e-03	1.061626e+00
4.150000e-05	-4.135887e-03	1.306836e+00
4.151000e-05	4.817875e-04	1.634724e+00
4.152000e-05	6.679530e-03	1.905307e+00
4.153000e-05	3.399802e-02	2.166362e+00
4.154000e-05	9.250190e-02	2.402100e+00
4.155000e-05	-2.813883e-02	2.791641e+00
4.156000e-05	-6.048620e-02	3.075730e+00
4.157000e-05	-3.954258e-02	3.378990e+00
4.158000e-05	-2.386501e-02	3.663707e+00
4.159000e-05	-5.535567e-02	3.885732e+00
4.160000e-05	-3.192221e-02	4.077235e+00
4.161000e-05	1.151936e-01	4.392117e+00
4.162000e-05	-6.933023e-02	4.695779e+00
4.163000e-05	4.497299e-02	4.908916e+00
4.164000e-05	5.347583e-02	5.266807e+00
4.165000e-05	-1.163973e-01	5.549391e+00
4.166000e-05	6.219072e-02	5.841578e+00
4.167000e-05	-5.473510e-02	6.107362e+00
4.168000e-05	5.195373e-02	6.348415e+00
4.169000e-05	-1.058384e-02	6.654801e+00
4.170000e-05	-3.247516e-02	6.937865e+00
4.171000e-05	2.055814e-02	7.179496e+00
4.172000e-05	-4.325032e-02	7.493802e+00
4.173000e-05	3.140803e-02	7.747593e+00
4.174000e-05	-5.450932e-02	8.075132e+00
4.175000e-05	3.655655e-02	8.305836e+00
4.176000e-05	5.023077e-03	8.506915e+00
4.177000e-05	-2.021910e-02	8.778442e+00
4.178000e-05	7.301936e-03	8.992570e+00
4.179000e-05	-5.612393e-02	9.224227e+00
4.180000e-05	2.455619e-02	9.444257e+00
4.181000e-05	-1.108777e-02	9.728330e+00
4.182000e-05	1.920630e-02	9.928991e+00
4.183000e-05	-3.259910e-02	1.017152e+01
4.184000e-05	-1.978067e-03	1.036102e+01
4.185000e-05	-5.228028e-03	1.063317e+01
4.186000e-05	-1.910930e-02	1.082327e+01
4.187000e-05	-7.656033e-03	1.102515e+01
4.188000e-05	-2.084542e-02	1.122528e+01
4.189000e-05	1.603417e-02	1.145628e+01
4.190000e-05	-1.272193e-02	1.167536e+01
4.191000e-05	-8.633726e-03	1.190631e+01
4.192000e-05	-3.364790e-02	1.203528e+01
4.193000e-05	-1.674502e-03	1.224581e+01
4.194000e-05	-3.691681e-03	1.242373e+01
4.195000e-05	-3.670348e-03	1.261515e+01
4.196000e-05	-1.928211e-02	1.276155e+01
4.197000e-05	-1.876432e-02	1.296357e+01
4.198000e-05	-7.113321e-03	1.309786e+01
4.199000e-05	-1.553348e-02	1.326636e+01
4.200000e-05	-1.576933e-02	1.343318e+01
4.201000e-05	-2.077764e-02	1.356215e+01
4.202000e-05	8.914006e-04	1.373859e+01
4.203000e-05	-8.782869e-03	1.385636e+01
4.204000e-05	-1.737924e-02	1.397273e+01
4.205000e-05	-3.230683e-02	1.413100e+01
4.206000e-05	-1.945241e-02	1.433941e+01
4.207000e-05	-9.474065e-03	1.444430e+01
4.208000e-05	-1.218779e-02	1.453997e+01
4.209000e-05	-1.979089e-02	1.464678e+01
4.210000e-05	-2.216667e-02	1.475149e+01
4.211000e-05	-1.211565e-02	1.483273e+01
4.212000e-05	-2.016054e-02	1.494891e+01
4.213000e-05	-2.471419e-02	1.502213e+01
4.214000e-05	-2.937108e-02	1.509889e+01
4.215000e-05	-1.705820e-02	1.511108e+01
4.216000e-05	-1.500421e-02	1.521221e+01
4.217000e-05	-2.443809e-02	1.527939e+01
4.218000e-05	-3.327928e-02	1.536202e+01
4.219000e-05	-3.273144e-02	1.537431e+01
4.220000e-05	-2.106804e-02	1.545628e+01
4.221000e-05	-2.506673e-02	1.546839e+01
4.222000e-05	-3.077924e-02	1.553200e+01
4.223000e-05	-3.564278e-02	1.555107e+01
4.224000e-05	-2.908055e-02	1.555063e+01
4.225000e-05	-3.209562e-02	1.560518e+01
4.226000e-05	-4.218374e-02	1.560363e+01
4.227000e-05	-4.582840e-02	1.558476e+01
4.228000e-05	-4.270389e-02	1.561426e+01
4.229000e-05	-3.703567e-02	1.560616e+01
4.230000e-05	-4.779217e-02	1.559463e+01
4.231000e-05	-5.901720e-02	1.558416e+01
4.232000e-05	-6.654303e-02	1.559313e+01
4.233000e-05	-6.544490e-02	1.554155e+01
4.234000e-05	-7.808515e-02	1.555044e+01
4.235000e-05	-9.947990e-02	1.550844e+01
4.236000e-05	-1.239481e-01	1.547634e+01
4.237000e-05	-1.568425e-01	1.539373e+01
4.238000e-05	-2.080534e-01	1.532002e+01
4.239000e-05	-2.472074e-01	1.528837e+01
4.240000e-05	-2.500000e-01	1.522381e+01
4.241000e-05	-2.500000e-01	1.519213e+01
4.242000e-05	-2.493699e-01	1.507594e+01
4.243000e-05	-2.174527e-01	1.500263e+01
4.244000e-05	-1.580489e-01	1.490847e+01
4.245000e-05	-1.127945e-01	1.479521e+01
4.246000e-05	-7.901035e-02	1.470837e+01
4.247000e-05	-5.866140e-02	1.458469e+01
4.248000e-05	-5.113379e-02	1.447792e+01
4.249000e-05	-4.329070e-02	1.437368e+01
4.250000e-05	-3.503592e-02	1.429886e+01
4.251000e-05	-2.763048e-02	1.414200e+01
4.252000e-05	-2.738428e-02	1.400414e+01
4.253000e-05	-2.969901e-02	1.390779e+01
4.254000e-05	-2.545541e-02	1.371892e+01
4.255000e-05	-1.950354e-02	1.355213e+01
4.256000e-05	-1.702580e-02	1.343411e+01
4.257000e-05	-2.153689e-02	1.325577e+01
4.258000e-05	-2.074073e-02	1.307897e+01
4.259000e-05	-1.706500e-02	1.298952e+01
4.260000e-05	-1.350344e-02	1.279161e+01
4.261000e-05	-1.622844e-02	1.260423e+01
4.262000e-05	-1.830453e-02	1.245524e+01
4.263000e-05	-1.519208e-02	1.225737e+01
4.264000e-05	-1.098665e-02	1.207790e+01
4.265000e-05	-1.192557e-02	1.187679e+01
4.266000e-05	-1.710967e-02	1.169582e+01
4.267000e-05	-1.552648e-02	1.145682e+01
4.268000e-05	-1.224954e-02	1.122632e+01
4.269000e-05	-9.469111e-03	1.102519e+01
4.270000e-05	-1.218794e-02	1.082466e+01
4.271000e-05	-1.334369e-02	1.064626e+01
4.272000e-05	-1.062505e-02	1.041463e+01
4.273000e-05	-8.525356e-03	1.022308e+01
4.274000e-05	-1.055218e-02	9.941454e+00
4.275000e-05	-1.356863e-02	9.738501e+00
4.276000e-05	-1.196862e-02	9.456819e+00
4.277000e-05	-9.631874e-03	9.306265e+00
4.278000e-05	-7.928320e-03	8.996164e+00
4.279000e-05	-1.103592e-02	8.811535e+00
4.280000e-05	-1.146360e-02	8.539007e+00
4.281000e-05	-8.288351e-03	8.308375e+00
4.282000e-05	-6.610519e-03	8.085770e+00
4.283000e-05	-7.851734e-03	7.791637e+00
4.284000e-05	-1.109737e-02	7.539477e+00
4.285000e-05	-1.015734e-02	7.256240e+00
4.286000e-05	-8.648025e-03	7.021609e+00
4.287000e-05	-7.810455e-03	6.740050e+00
4.288000e-05	-1.064990e-02	6.484819e+00
4.289000e-05	-9.693311e-03	6.203110e+00
4.290000e-05	-7.096981e-03	6.001478e+00
4.291000e-05	-5.439761e-03	5.665267e+00
4.292000e-05	-7.371368e-03	5.403062e+00
4.293000e-05	-1.004404e-02	5.055849e+00
4.294000e-05	-7.527407e-03	4.760455e+00
4.295000e-05	-6.255351e-03	4.466817e+00
4.296000e-05	-6.778199e-03	4.180617e+00
4.297000e-05	-8.983575e-03	3.947376e+00
4.298000e-05	-8.613573e-03	3.674662e+00
4.299000e-05	-5.948949e-03	3.359480e+00
4.300000e-05	-5.452512e-03	3.075743e+00
4.301000e-05	-6.870928e-03	2.843634e+00
4.302000e-05	-7.729747e-03	2.527897e+00
4.303000e-05	-6.328658e-03	2.232058e+00
4.304000e-05	-5.608806e-03	1.979929e+00
4.305000e-05	-6.562798e-03	1.664567e+00
4.306000e-05	-8.861909e-03	1.360954e+00
4.307000e-05	-6.645841e-03	1.014062e+00
4.308000e-05	-4.305636e-03	6.968245e-01
4.309000e-05	-4.703137e-03	4.331155e-01
4.310000e-05	-4.528207e-03	1.479039e-01
4.311000e-05	-3.146472e-03	-1.258632e-01
4.312000e-05	9.338906e-03	-3.879400e-01
4.313000e-05	-6.142724e-04	-6.927028e-01
4.314000e-05	2.815816e-03	-9.258622e-01
4.315000e-05	-2.905187e-03	-1.251096e+00
4.316000e-05	9.969817e-04	-1.546286e+00
4.317000e-05	6.852128e-04	-1.787966e+00
4.318000e-05	2.829114e-02	-2.010544e+00
4.319000e-05	1.061594e-01	-2.315225e+00
4.320000e-05	8.360406e-03	-2.642647e+00
4.321000e-05	-5.696689e-02	-3.065200e+00
4.322000e-05	-1.930702e-02	-3.379442e+00
4.323000e-05	-3.692828e-02	-3.599470e+00
4.324000e-05	-7.204927e-02	-3.854646e+00
4.325000e-05	3.467521e-02	-4.063128e+00
4.326000e-05	1.078275e-01	-4.212173e+00
4.327000e-05	-1.307092e-01	-4.577883e+00
4.328000e-05	1.913542e-01	-4.821650e+00
4.329000e-05	-8.961640e-02	-5.155333e+00
4.330000e-05	2.398606e-02	-5.527882e+00
4.331000e-05	2.565505e-02	-5.715259e+00
4.332000e-05	-1.077169e-01	-6.029700e+00
4.333000e-05	1.655851e-01	-6.293703e+00
4.334000e-05	-9.666738e-02	-6.578413e+00
4.335000e-05	8.091641e-02	-6.836226e+00
4.336000e-05	-3.381518e-02	-7.136386e+00
4.337000e-05	-3.441459e-02	-7.391095e+00
4.338000e-05	7.586800e-02	-7.674751e+00
4.339000e-05	-8.685957e-02	-7.966438e+00
4.340000e-05	1.276865e-01	-8.182571e+00
4.341000e-05	-7.254025e-02	-8.411170e+00
4.342000e-05	5.867103e-02	-8.726881e+00
4.343000e-05	-8.186562e-03	-8.927462e+00
4.344000e-05	-4.607475e-02	-9.191072e+00
4.345000e-05	5.536854e-02	-9.391596e+00
4.346000e-05	-4.250334e-02	-9.655229e+00
4.347000e-05	9.992562e-02	-9.902804e+00
4.348000e-05	-5.770198e-02	-1.010693e+01
4.349000e-05	5.711008e-02	-1.034694e+01
4.350000e-05	-4.558296e-02	-1.054996e+01
4.351000e-05	3.179293e-02	-1.078049e+01
4.352000e-05	-9.213992e-04	-1.098054e+01
4.353000e-05	4.230555e-03	-1.118964e+01
4.354000e-05	2.997031e-02	-1.139352e+01
4.355000e-05	-8.113200e-03	-1.164325e+01
4.356000e-05	3.468950e-02	-1.185573e+01
4.357000e-05	-2.822578e-02	-1.204431e+01
4.358000e-05	2.822217e-02	-1.222368e+01
4.359000e-05	-9.028047e-03	-1.244178e+01
4.360000e-05	4.229645e-02	-1.262110e+01
4.361000e-05	-3.204609e-03	-1.281204e+01
4.362000e-05	1.411697e-02	-1.294952e+01
4.363000e-05	-3.736359e-03	-1.310786e+01
4.364000e-05	1.362438e-02	-1.326481e+01
4.365000e-05	8.546822e-03	-1.343415e+01
4.366000e-05	1.020658e-02	-1.359109e+01
4.367000e-05	1.745365e-02	-1.370692e+01
4.368000e-05	1.484733e-02	-1.388736e+01
4.369000e-05	1.750309e-02	-1.402478e+01
4.370000e-05	2.696251e-04	-1.420157e+01
4.371000e-05	6.754306e-03	-1.427786e+01
4.372000e-05	8.394009e-03	-1.440365e+01
4.373000e-05	2.469397e-02	-1.456994e+01
4.374000e-05	1.519572e-02	-1.463473e+01
4.375000e-05	1.759051e-02	-1.474999e+01
4.376000e-05	6.734926e-03	-1.484530e+01
4.377000e-05	1.953612e-02	-1.497109e+01
4.378000e-05	1.282722e-02	-1.504483e+01
4.379000e-05	1.631781e-02	-1.514844e+01
4.380000e-05	1.435523e-02	-1.521105e+01
4.381000e-05	2.224983e-02	-1.525523e+01
4.382000e-05	2.155554e-02	-1.535012e+01
4.383000e-05	1.611671e-02	-1.545315e+01
4.384000e-05	1.365834e-02	-1.547678e+01
4.385000e-05	1.892772e-02	-1.553844e+01
4.386000e-05	2.788709e-02	-1.555112e+01
4.387000e-05	2.626084e-02	-1.559173e+01
4.388000e-05	2.484661e-02	-1.564473e+01
4.389000e-05	2.233846e-02	-1.566531e+01
4.390000e-05	2.801459e-02	-1.570481e+01
4.391000e-05	2.832238e-02	-1.567047e+01
4.392000e-05	2.870726e-02	-1.572889e+01
4.393000e-05	3.053107e-02	-1.574789e+01
4.394000e-05	3.954606e-02	-1.572647e+01
4.395000e-05	4.452825e-02	-1.573847e+01
4.396000e-05	4.390538e-02	-1.570937e+01
4.397000e-05	4.378435e-02	-1.566832e+01
4.398000e-05	5.252234e-02	-1.568589e+01
4.399000e-05	6.519725e-02	-1.563473e+01
4.400000e-05	7.832570e-02	-1.561365e+01
4.401000e-05	9.165302e-02	-1.556255e+01
4.402000e-05	1.183163e-01	-1.552844e+01
4.403000e-05	1.614718e-01	-1.544731e+01
4.404000e-05	2.172795e-01	-1.541418e+01
4.405000e-05	2.484843e-01	-1.535153e+01
4.406000e-05	2.500000e-01	-1.525824e+01
4.407000e-05	2.500000e-01	-1.521368e+01
4.408000e-05	2.468125e-01	-1.511894e+01
4.409000e-05	2.035152e-01	-1.507723e+01
4.410000e-05	1.347525e-01	-1.496250e+01
4.411000e-05	9.267231e-02	-1.487776e+01
4.412000e-05	7.015793e-02	-1.477207e+01
4.413000e-05	5.318397e-02	-1.469584e+01
4.414000e-05	3.834959e-02	-1.458195e+01
4.415000e-05	2.883271e-02	-1.444514e+01
4.416000e-05	2.579974e-02	-1.429890e+01
4.417000e-05	2.245040e-02	-1.424310e+01
4.418000e-05	1.642573e-02	-1.408526e+01
4.419000e-05	1.216395e-02	-1.390640e+01
4.420000e-05	1.217588e-02	-1.377153e+01
4.421000e-05	1.384468e-02	-1.361316e+01
4.422000e-05	1.292606e-02	-1.348629e+01
4.423000e-05	7.681488e-03	-1.331794e+01
4.424000e-05	5.777294e-03	-1.315158e+01
4.425000e-05	7.544094e-03	-1.298260e+01
4.426000e-05	7.579547e-03	-1.284411e+01
4.427000e-05	4.542938e-03	-1.265482e+01
4.428000e-05	3.268012e-03	-1.250687e+01
4.429000e-05	4.278341e-03	-1.229745e+01
4.430000e-05	2.947683e-03	-1.211898e+01
4.431000e-05	5.045430e-03	-1.190995e+01
4.432000e-05	-1.435442e-03	-1.172940e+01
4.433000e-05	3.634874e-03	-1.148730e+01
4.434000e-05	4.585096e-03	-1.123419e+01
4.435000e-05	2.453070e-03	-1.105519e+01
4.436000e-05	1.385386e-03	-1.083411e+01
4.437000e-05	-3.994213e-03	-1.068318e+01
4.438000e-05	-6.664939e-04	-1.042374e+01
4.439000e-05	-1.366116e-03	-1.020214e+01
4.440000e-05	1.530596e-04	-9.990555e+00
4.441000e-05	-6.775038e-04	-9.739953e+00
4.442000e-05	7.104104e-04	-9.529374e+00
4.443000e-05	1.908972e-03	-9.325867e+00
4.444000e-05	-2.198731e-03	-9.035738e+00
4.445000e-05	-4.776250e-03	-8.863137e+00
4.446000e-05	-6.526311e-03	-8.599508e+00
4.447000e-05	-4.136062e-03	-8.339923e+00
4.448000e-05	-2.023406e-03	-8.095217e+00
4.449000e-05	-1.778907e-03	-7.871585e+00
4.450000e-05	-4.257604e-03	-7.537928e+00
4.451000e-05	-3.227364e-03	-7.286742e+00
4.452000e-05	-3.986112e-03	-7.000562e+00
4.453000e-05	-4.481050e-03	-6.728855e+00
4.454000e-05	-6.183753e-03	-6.484266e+00
4.455000e-05	-5.320780e-03	-6.252585e+00
4.456000e-05	-5.537119e-03	-5.927778e+00
4.457000e-05	-3.798695e-03	-5.665317e+00
4.458000e-05	-7.198765e-03	-5.370509e+00
4.459000e-05	-6.852313e-03	-5.063269e+00
4.460000e-05	-6.018627e-03	-4.748424e+00
4.461000e-05	-4.428369e-03	-4.463717e+00
4.462000e-05	-5.079180e-03	-4.224662e+00
4.463000e-05	-7.395885e-03	-4.000005e+00
4.464000e-05	-7.343771e-03	-3.666271e+00
4.465000e-05	-8.902693e-03	-3.421007e+00
4.466000e-05	-7.896459e-03	-3.127749e+00
4.467000e-05	-9.254747e-03	-2.831533e+00
4.468000e-05	-7.066957e-03	-2.535374e+00
4.469000e-05	-5.875287e-03	-2.232293e+00
4.470000e-05	-4.986617e-03	-1.956348e+00
4.471000e-05	-7.467741e-03	-1.684190e+00
4.472000e-05	-9.930698e-03	-1.307907e+00
4.473000e-05	-1.038935e-02	-1.062591e+00
4.474000e-05	-8.489492e-03	-7.784763e-01
4.475000e-05	-8.848323e-03	-4.320618e-01
4.476000e-05	-6.867096e-03	-1.694312e-01
4.477000e-05	-2.959076e-04	1.347028e-01
4.478000e-05	5.873548e-03	3.904973e-01
4.479000e-05	-1.764939e-03	6.715975e-01
4.480000e-05	2.089167e-03	8.937801e-01
4.481000e-05	-6.120888e-03	1.201124e+00
4.482000e-05	-1.373786e-04	1.504254e+00
4.483000e-05	-2.081110e-03	1.822475e+00
4.484000e-05	1.771544e-02	2.021678e+00
4.485000e-05	6.892323e-02	2.294326e+00
4.486000e-05	5.005118e-02	2.613045e+00
4.487000e-05	-7.232126e-02	2.967387e+00
4.488000e-05	-3.349874e-02	3.253124e+00
4.489000e-05	-3.797438e-02	3.529437e+00
4.490000e-05	-3.099408e-02	3.769071e+00
4.491000e-05	-7.401612e-02	3.990497e+00
4.492000e-05	5.806053e-02	4.242675e+00
4.493000e-05	4.900591e-02	4.556989e+00
4.494000e-05	-8.540472e-02	4.821549e+00
4.495000e-05	1.479206e-01	5.115332e+00
4.496000e-05	-1.065799e-01	5.443148e+00
4.497000e-05	9.455059e-03	5.706833e+00
4.498000e-05	-1.524853e-04	6.011596e+00
4.499000e-05	-1.992849e-02	6.223599e+00
4.500000e-05	5.491046e-02	6.547907e+00
4.501000e-05	-6.621476e-02	6.792146e+00
4.502000e-05	2.818783e-02	7.053728e+00
4.503000e-05	-3.901764e-02	7.351414e+00
4.504000e-05	1.319153e-02	7.621701e+00
4.505000e-05	-1.759446e-02	7.917356e+00
4.506000e-05	-1.656061e-02	8.213170e+00
4.507000e-05	4.358047e-02	8.433144e+00
4.508000e-05	-3.044244e-02	8.654245e+00
4.509000e-05	9.295795e-03	8.875832e+00
4.510000e-05	-3.790421e-02	9.096933e+00
4.511000e-05	-1.724809e-02	9.350519e+00
4.512000e-05	1.400476e-02	9.580070e+00
4.513000e-05	1.884695e-03	9.814129e+00
4.514000e-05	-7.150286e-04	1.005671e+01
4.515000e-05	-2.685656e-02	1.027676e+01
4.516000e-05	9.122952e-03	1.051636e+01
4.517000e-05	-2.047194e-02	1.069936e+01
4.518000e-05	-1.080034e-02	1.090889e+01
4.519000e-05	-2.068195e-02	1.114899e+01
4.520000e-05	-2.272739e-03	1.133105e+01
4.521000e-05	5.152869e-03	1.157299e+01
4.522000e-05	-1.171566e-02	1.176150e+01
4.523000e-05	-2.145895e-02	1.201007e+01
4.524000e-05	-1.915811e-02	1.216212e+01
4.525000e-05	-6.578437e-05	1.234054e+01
4.526000e-05	-4.839411e-03	1.253747e+01
4.527000e-05	-1.246397e-02	1.273641e+01
4.528000e-05	-2.066878e-02	1.289684e+01
4.529000e-05	-1.082075e-02	1.302670e+01
4.530000e-05	-7.864947e-03	1.318220e+01
4.531000e-05	-1.702378e-02	1.336157e+01
4.532000e-05	-2.172024e-02	1.348751e+01
4.533000e-05	-1.130222e-02	1.363441e+01
4.534000e-05	-3.891983e-03	1.381475e+01
4.535000e-05	-1.138832e-02	1.392102e+01
4.536000e-05	-2.656417e-02	1.404788e+01
4.537000e-05	-2.322878e-02	1.423475e+01
4.538000e-05	-1.361618e-02	1.439315e+01
4.539000e-05	-8.491008e-03	1.447641e+01
4.540000e-05	-1.912150e-02	1.459270e+01
4.541000e-05	-2.383032e-02	1.470989e+01
4.542000e-05	-1.792195e-02	1.479268e+01
4.543000e-05	-1.598588e-02	1.486529e+01
4.544000e-05	-2.039602e-02	1.496115e+01
4.545000e-05	-2.800219e-02	1.502731e+01
4.546000e-05	-2.024183e-02	1.512944e+01
4.547000e-05	-1.661217e-02	1.521270e+01
4.548000e-05	-1.859029e-02	1.525634e+01
4.549000e-05	-3.270909e-02	1.531959e+01
4.550000e-05	-3.406462e-02	1.538225e+01
4.551000e-05	-2.715532e-02	1.544676e+01
4.552000e-05	-2.213566e-02	1.548741e+01
4.553000e-05	-2.719542e-02	1.550949e+01
4.554000e-05	-3.443610e-02	1.552957e+01
4.555000e-05	-3.009588e-02	1.556350e+01
4.556000e-05	-3.030973e-02	1.560311e+01
4.557000e-05	-3.615862e-02	1.561365e+01
4.558000e-05	-4.681847e-02	1.559570e+01
4.559000e-05	-4.503182e-02	1.560523e+01
4.560000e-05	-4.075545e-02	1.563421e+01
4.561000e-05	-4.239566e-02	1.561326e+01
4.562000e-05	-5.419737e-02	1.557521e+01
4.563000e-05	-6.364296e-02	1.559363e+01
4.564000e-05	-6.445588e-02	1.556110e+01
4.565000e-05	-7.086228e-02	1.557250e+01
4.566000e-05	-8.788321e-02	1.548894e+01
4.567000e-05	-1.137196e-01	1.547636e+01
4.568000e-05	-1.398847e-01	1.543578e+01
4.569000e-05	-1.829355e-01	1.535163e+01
4.570000e-05	-2.322279e-01	1.534002e+01
4.571000e-05	-2.500000e-01	1.526581e+01
4.572000e-05	-2.500000e-01	1.520215e+01
4.573000e-05	-2.500000e-01	1.511889e+01
4.574000e-05	-2.374435e-01	1.503429e+01
4.575000e-05	-1.838647e-01	1.494105e+01
4.576000e-05	-1.304153e-01	1.486679e+01
4.577000e-05	-9.202311e-02	1.472000e+01
4.578000e-05	-6.588249e-02	1.462679e+01
4.579000e-05	-5.530018e-02	1.456252e+01
4.580000e-05	-4.734155e-02	1.447731e+01
4.581000e-05	-4.087596e-02	1.431095e+01
4.582000e-05	-2.903913e-02	1.423566e+01
4.583000e-05	-2.692977e-02	1.407732e+01
4.584000e-05	-2.751554e-02	1.395097e+01
4.585000e-05	-2.903531e-02	1.383308e+01
4.586000e-05	-2.079558e-02	1.367471e+01
4.587000e-05	-1.831422e-02	1.348837e+01
4.588000e-05	-2.062259e-02	1.334997e+01
4.589000e-05	-2.091673e-02	1.316360e+01
4.590000e-05	-1.976887e-02	1.302536e+01
4.591000e-05	-1.239357e-02	1.283632e+01
4.592000e-05	-1.458348e-02	1.271739e+01
4.593000e-05	-1.753391e-02	1.254087e+01
4.594000e-05	-1.665597e-02	1.233995e+01
4.595000e-05	-1.376415e-02	1.213110e+01
4.596000e-05	-1.172848e-02	1.196161e+01
4.597000e-05	-1.629398e-02	1.178158e+01
4.598000e-05	-1.605469e-02	1.155103e+01
4.599000e-05	-1.264451e-02	1.136010e+01
4.600000e-05	-9.713455e-03	1.111899e+01
4.601000e-05	-1.036263e-02	1.093004e+01
4.602000e-05	-1.269403e-02	1.073000e+01
4.603000e-05	-1.169257e-02	1.050042e+01
4.604000e-05	-9.786775e-03	1.028732e+01
4.605000e-05	-1.097852e-02	1.003482e+01
4.606000e-05	-1.243708e-02	9.825265e+00
4.607000e-05	-1.256301e-02	9.601659e+00
4.608000e-05	-9.288865e-03	9.362052e+00
4.609000e-05	-8.098264e-03	9.130952e+00
4.610000e-05	-1.021185e-02	8.897845e+00
4.611000e-05	-1.068119e-02	8.655236e+00
4.612000e-05	-9.817112e-03	8.455212e+00
4.613000e-05	-7.745219e-03	8.191587e+00
4.614000e-05	-8.563222e-03	7.918454e+00
4.615000e-05	-1.005132e-02	7.647266e+00
4.616000e-05	-1.077295e-02	7.390559e+00
4.617000e-05	-8.574565e-03	7.120372e+00
4.618000e-05	-7.007908e-03	6.854242e+00
4.619000e-05	-9.951670e-03	6.582584e+00
4.620000e-05	-9.482101e-03	6.349324e+00
4.621000e-05	-7.914824e-03	6.054243e+00
4.622000e-05	-6.154746e-03	5.771637e+00
4.623000e-05	-8.258594e-03	5.508900e+00
4.624000e-05	-9.605499e-03	5.235140e+00
4.625000e-05	-9.539554e-03	4.897321e+00
4.626000e-05	-6.885719e-03	4.632107e+00
4.627000e-05	-6.879489e-03	4.390975e+00
4.628000e-05	-8.082523e-03	4.045816e+00
4.629000e-05	-7.584001e-03	3.749455e+00
4.630000e-05	-6.477826e-03	3.516901e+00
4.631000e-05	-6.201807e-03	3.251059e+00
4.632000e-05	-7.156339e-03	2.928424e+00
4.633000e-05	-8.381155e-03	2.665696e+00
4.634000e-05	-7.235375e-03	2.318851e+00
4.635000e-05	-5.948952e-03	2.085144e+00
4.636000e-05	-5.896671e-03	1.803060e+00
4.637000e-05	-6.565117e-03	1.507798e+00
4.638000e-05	-6.961196e-03	1.222010e+00
4.639000e-05	-5.225395e-03	8.836382e-01
4.640000e-05	-4.207694e-03	5.699789e-01
4.641000e-05	-5.523619e-03	2.763185e-01
4.642000e-05	-4.195129e-03	-2.099375e-02
4.643000e-05	3.198727e-03	-2.821502e-01
4.644000e-05	6.373637e-03	-5.348293e-01
4.645000e-05	-1.265585e-03	-8.610238e-01
4.646000e-05	1.535836e-03	-1.091678e+00
4.647000e-05	-1.752466e-03	-1.398612e+00
4.648000e-05	1.014412e-03	-1.693684e+00
4.649000e-05	1.193864e-02	-1.896332e+00
4.650000e-05	6.910141e-02	-2.126387e+00
4.651000e-05	8.884594e-02	-2.502755e+00
4.652000e-05	-6.714290e-02	-2.905228e+00
4.653000e-05	-1.643416e-02	-3.283725e+00
4.654000e-05	-4.082333e-02	-3.484708e+00
4.655000e-05	-3.493700e-02	-3.764308e+00
4.656000e-05	-7.081915e-02	-3.969542e+00
4.657000e-05	1.637965e-01	-4.115860e+00
4.658000e-05	-8.070696e-02	-4.429549e+00
4.659000e-05	3.230475e-02	-4.766887e+00
4.660000e-05	7.249091e-02	-4.987888e+00
4.661000e-05	-1.333091e-01	-5.317406e+00
4.662000e-05	1.416411e-01	-5.632098e+00
4.663000e-05	-1.491818e-01	-5.901730e+00
4.664000e-05	8.006258e-02	-6.179967e+00
4.665000e-05	2.590146e-02	-6.422546e+00
4.666000e-05	-5.073776e-02	-6.715884e+00
4.667000e-05	9.373411e-02	-6.991971e+00
4.668000e-05	-1.188251e-01	-7.306281e+00
4.669000e-05	1.003456e-01	-7.558441e+00
4.670000e-05	-5.906644e-02	-7.792545e+00
4.671000e-05	4.158890e-02	-8.066837e+00
4.672000e-05	4.401454e-02	-8.296334e+00
4.673000e-05	-5.891070e-02	-8.581023e+00
4.674000e-05	9.727718e-02	-8.823778e+00
4.675000e-05	-1.024102e-01	-9.106310e+00
4.676000e-05	6.667387e-02	-9.336359e+00
4.677000e-05	-4.164593e-02	-9.546911e+00
4.678000e-05	6.250697e-02	-9.791999e+00
4.679000e-05	1.113993e-02	-1.000112e+01
4.680000e-05	-9.495723e-03	-1.026515e+01
4.681000e-05	2.747968e-02	-1.044568e+01
4.682000e-05	-4.182229e-02	-1.071576e+01
4.683000e-05	5.691437e-02	-1.086576e+01
4.684000e-05	-3.966180e-02	-1.107631e+01
4.685000e-05	5.439650e-02	-1.133894e+01
4.686000e-05	-2.010245e-02	-1.154703e+01
4.687000e-05	3.936982e-02	-1.178106e+01
4.688000e-05	-1.458140e-02	-1.197997e+01
4.689000e-05	9.110352e-03	-1.216945e+01
4.690000e-05	4.129931e-03	-1.234694e+01
4.691000e-05	1.761190e-02	-1.253891e+01
4.692000e-05	2.475620e-02	-1.266583e+01
4.693000e-05	-2.920885e-03	-1.285528e+01
4.694000e-05	1.146275e-02	-1.303362e+01
4.695000e-05	-3.941118e-03	-1.320010e+01
4.696000e-05	2.245644e-02	-1.337894e+01
4.697000e-05	6.511056e-04	-1.353739e+01
4.698000e-05	2.283786e-02	-1.365426e+01
4.699000e-05	8.719637e-03	-1.384213e+01
4.700000e-05	2.347807e-02	-1.396102e+01
4.701000e-05	2.197591e-03	-1.412939e+01
4.702000e-05	6.739193e-03	-1.423520e+01
4.703000e-05	1.875761e-03	-1.437102e+01
4.704000e-05	2.134435e-02	-1.450886e+01
4.705000e-05	1.845312e-02	-1.462215e+01
4.706000e-05	1.777359e-02	-1.471981e+01
4.707000e-05	1.061626e-02	-1.479063e+01
4.708000e-05	1.252387e-02	-1.491696e+01
4.709000e-05	1.750521e-02	-1.497365e+01
4.710000e-05	1.245427e-02	-1.510734e+01
4.711000e-05	1.627027e-02	-1.518004e+01
4.712000e-05	1.611557e-02	-1.523468e+01
4.713000e-05	2.413845e-02	-1.528742e+01
4.714000e-05	1.736025e-02	-1.541157e+01
4.715000e-05	1.620444e-02	-1.544370e+01
4.716000e-05	1.529030e-02	-1.552634e+01
4.717000e-05	2.477845e-02	-1.553844e+01
4.718000e-05	2.729013e-02	-1.559313e+01
4.719000e-05	2.493735e-02	-1.561378e+01
4.720000e-05	2.322430e-02	-1.563326e+01
4.721000e-05	2.433810e-02	-1.570679e+01
4.722000e-05	2.894050e-02	-1.566796e+01
4.723000e-05	2.853179e-02	-1.572994e+01
4.724000e-05	3.023251e-02	-1.574052e+01
4.725000e-05	3.470097e-02	-1.570940e+01
4.726000e-05	4.244799e-02	-1.575942e+01
4.727000e-05	4.575843e-02	-1.571894e+01
4.728000e-05	4.445748e-02	-1.567889e+01
4.729000e-05	4.776375e-02	-1.569789e+01
4.730000e-05	5.748508e-02	-1.565521e+01
4.731000e-05	7.198836e-02	-1.561273e+01
4.732000e-05	8.433715e-02	-1.555265e+01
4.733000e-05	1.039304e-01	-1.553945e+01
4.734000e-05	1.383622e-01	-1.547794e+01
4.735000e-05	1.918611e-01	-1.543520e+01
4.736000e-05	2.386968e-01	-1.539208e+01
4.737000e-05	2.500000e-01	-1.528889e+01
4.738000e-05	2.500000e-01	-1.522524e+01
4.739000e-05	2.500000e-01	-1.514957e+01
4.740000e-05	2.295567e-01	-1.510736e+01
4.741000e-05	1.646238e-01	-1.499318e+01
4.742000e-05	1.085045e-01	-1.493732e+01
4.743000e-05	7.811577e-02	-1.485511e+01
4.744000e-05	6.032934e-02	-1.472894e+01
4.745000e-05	4.477848e-02	-1.463418e+01
4.746000e-05	3.172733e-02	-1.449939e+01
4.747000e-05	2.644011e-02	-1.437153e+01
4.748000e-05	2.437199e-02	-1.427726e+01
4.749000e-05	2.025422e-02	-1.412787e+01
4.750000e-05	1.335165e-02	-1.399205e+01
4.751000e-05	1.189659e-02	-1.384471e+01
4.752000e-05	1.286957e-02	-1.369484e+01
4.753000e-05	1.412275e-02	-1.352100e+01
4.754000e-05	1.016756e-02	-1.339400e+01
4.755000e-05	5.719003e-03	-1.328416e+01
4.756000e-05	6.135706e-03	-1.307481e+01
4.757000e-05	8.393303e-03	-1.294942e+01
4.758000e-05	6.404628e-03	-1.275895e+01
4.759000e-05	3.844750e-03	-1.259058e+01
4.760000e-05	3.492357e-03	-1.239196e+01
4.761000e-05	4.837779e-03	-1.220361e+01
4.762000e-05	4.209790e-03	-1.200423e+01
4.763000e-05	8.590298e-04	-1.183281e+01
4.764000e-05	-1.751765e-04	-1.156508e+01
4.765000e-05	2.224179e-03	-1.139100e+01
4.766000e-05	3.400841e-03	-1.113938e+01
4.767000e-05	2.402687e-03	-1.090842e+01
4.768000e-05	-7.587668e-04	-1.071890e+01
4.769000e-05	-7.566463e-04	-1.053003e+01
4.770000e-05	8.207572e-04	-1.029730e+01
4.771000e-05	6.009341e-04	-1.008637e+01
4.772000e-05	-1.891324e-03	-9.854637e+00
4.773000e-05	-2.702044e-03	-9.664186e+00
4.774000e-05	-9.282752e-04	-9.423662e+00
4.775000e-05	-6.929823e-04	-9.162005e+00
4.776000e-05	-2.002377e-03	-8.938423e+00
4.777000e-05	-3.776529e-03	-8.706701e+00
4.778000e-05	-2.958689e-03	-8.446138e+00
4.779000e-05	-1.314338e-03	-8.191609e+00
4.780000e-05	-2.041669e-03	-7.948927e+00
4.781000e-05	-4.791659e-03	-7.697269e+00
4.782000e-05	-4.542429e-03	-7.390007e+00
4.783000e-05	-4.009851e-03	-7.170398e+00
4.784000e-05	-3.244083e-03	-6.875665e+00
4.785000e-05	-5.569261e-03	-6.621609e+00
4.786000e-05	-4.770364e-03	-6.370549e+00
4.787000e-05	-5.942974e-03	-6.074167e+00
4.788000e-05	-2.886528e-03	-5.782029e+00
4.789000e-05	-4.668364e-03	-5.529324e+00
4.790000e-05	-6.493565e-03	-5.202084e+00
4.791000e-05	-6.962392e-03	-4.926824e+00
4.792000e-05	-4.856785e-03	-4.599951e+00
4.793000e-05	-4.903917e-03	-4.370381e+00
4.794000e-05	-6.336965e-03	-4.096270e+00
4.795000e-05	-8.472081e-03	-3.821061e+00
4.796000e-05	-6.961415e-03	-3.516345e+00
4.797000e-05	-7.875310e-03	-3.283587e+00
4.798000e-05	-6.391969e-03	-2.957324e+00
4.799000e-05	-8.077778e-03	-2.654215e+00
4.800000e-05	-6.260339e-03	-2.421429e+00
4.801000e-05	-6.626626e-03	-2.135187e+00
4.802000e-05	-6.872825e-03	-1.810010e+00
4.803000e-05	-9.739648e-03	-1.548770e+00
4.804000e-05	-9.283726e-03	-1.147354e+00
4.805000e-05	-8.080486e-03	-9.042198e-01
4.806000e-05	-7.634867e-03	-5.994805e-01
4.807000e-05	-6.887907e-03	-3.157435e-01
4.808000e-05	-5.619042e-03	-5.305907e-02
4.809000e-05	6.538024e-03	2.532238e-01
4.810000e-05	-1.551195e-03	5.353318e-01
4.811000e-05	1.223034e-03	7.494921e-01
4.812000e-05	-4.375411e-03	1.053254e+00
4.813000e-05	-1.998975e-03	1.366387e+00
4.814000e-05	-3.567951e-03	1.673799e+00
4.815000e-05	8.302325e-03	1.916363e+00
4.816000e-05	3.832998e-02	2.127466e+00
4.817000e-05	8.977961e-02	2.452725e+00
4.818000e-05	-3.506672e-02	2.831596e+00
4.819000e-05	-5.466750e-02	3.097837e+00
4.820000e-05	-3.685487e-02	3.378541e+00
4.821000e-05	-2.292063e-02	3.665133e+00
4.822000e-05	-6.229399e-02	3.895757e+00
4.823000e-05	-2.315172e-02	4.097463e+00
4.824000e-05	1.137828e-01	4.402646e+00
4.825000e-05	-8.226179e-02	4.705360e+00
4.826000e-05	6.664092e-02	4.950435e+00
4.827000e-05	3.135829e-02	5.314878e+00
4.828000e-05	-1.019780e-01	5.559045e+00
4.829000e-05	6.055495e-02	5.812679e+00
4.830000e-05	-5.740836e-02	6.147865e+00
4.831000e-05	5.748579e-02	6.359517e+00
4.832000e-05	-2.351832e-02	6.654229e+00
4.833000e-05	-2.385421e-02	6.958965e+00
4.834000e-05	1.179270e-02	7.209124e+00
4.835000e-05	-3.674267e-02	7.495357e+00
4.836000e-05	2.921467e-02	7.790622e+00
4.837000e-05	-5.175889e-02	8.045328e+00
4.838000e-05	4.198058e-02	8.297413e+00
4.839000e-05	-1.823842e-03	8.519966e+00
4.840000e-05	-1.746237e-02	8.738994e+00
4.841000e-05	3.048549e-03	8.982073e+00
4.842000e-05	-5.504286e-02	9.254278e+00
4.843000e-05	2.475239e-02	9.455304e+00
4.844000e-05	-1.224791e-02	9.728963e+00
4.845000e-05	1.958150e-02	9.948066e+00
4.846000e-05	-3.404895e-02	1.016110e+01
4.847000e-05	2.585910e-03	1.043162e+01
4.848000e-05	-6.350143e-03	1.060415e+01
4.849000e-05	-1.719310e-02	1.079265e+01
4.850000e-05	-9.825740e-03	1.099420e+01
4.851000e-05	-2.123193e-02	1.126475e+01
4.852000e-05	1.436406e-02	1.145578e+01
4.853000e-05	-1.400424e-02	1.167988e+01
4.854000e-05	-7.957144e-03	1.188686e+01
4.855000e-05	-3.189878e-02	1.206936e+01
4.856000e-05	1.491587e-04	1.225576e+01
4.857000e-05	-4.144132e-03	1.246424e+01
4.858000e-05	-4.082292e-03	1.264315e+01
4.859000e-05	-1.990134e-02	1.280215e+01
4.860000e-05	-1.835058e-02	1.296112e+01
4.861000e-05	-6.577214e-03	1.313994e+01
4.862000e-05	-1.672309e-02	1.328534e+01
4.863000e-05	-1.714991e-02	1.346678e+01
4.864000e-05	-2.080000e-02	1.359168e+01
4.865000e-05	1.214264e-04	1.375097e+01
4.866000e-05	-7.710353e-03	1.385886e+01
4.867000e-05	-1.793324e-02	1.401383e+01
4.868000e-05	-3.032802e-02	1.418155e+01
4.869000e-05	-1.809688e-02	1.432046e+01
4.870000e-05	-1.001377e-02	1.443578e+01
4.871000e-05	-1.429770e-02	1.450095e+01
4.872000e-05	-2.098966e-02	1.468633e+01
4.873000e-05	-2.297080e-02	1.479205e+01
4.874000e-05	-1.132267e-02	1.484471e+01
4.875000e-05	-1.882077e-02	1.493997e+01
4.876000e-05	-2.533364e-02	1.500525e+01
4.877000e-05	-2.803585e-02	1.506681e+01
4.878000e-05	-1.814591e-02	1.514055e+01
4.879000e-05	-1.589338e-02	1.521473e+01
4.880000e-05	-2.675838e-02	1.531804e+01
4.881000e-05	-3.333980e-02	1.534110e+01
4.882000e-05	-3.235431e-02	1.543520e+01
4.883000e-05	-2.169892e-02	1.544738e+01
4.884000e-05	-2.607648e-02	1.549744e+01
4.885000e-05	-3.204695e-02	1.554100e+01
4.886000e-05	-3.423896e-02	1.554159e+01
4.887000e-05	-2.838630e-02	1.560163e+01
4.888000e-05	-3.220031e-02	1.560258e+01
4.889000e-05	-4.310119e-02	1.559363e+01
4.890000e-05	-4.656441e-02	1.561368e+01
4.891000e-05	-4.347014e-02	1.561616e+01
4.892000e-05	-3.947352e-02	1.560574e+01
4.893000e-05	-4.968497e-02	1.557523e+01
4.894000e-05	-6.015368e-02	1.558366e+01
4.895000e-05	-6.567166e-02	1.557260e+01
4.896000e-05	-6.593751e-02	1.552205e+01
4.897000e-05	-7.843402e-02	1.553794e+01
4.898000e-05	-1.012749e-01	1.546887e+01
4.899000e-05	-1.253190e-01	1.545731e+01
4.900000e-05	-1.593769e-01	1.541363e+01
4.901000e-05	-2.120967e-01	1.537207e+01
4.902000e-05	-2.480636e-01	1.528639e+01
4.903000e-05	-2.500000e-01	1.524474e+01
4.904000e-05	-2.500000e-01	1.513218e+01
4.905000e-05	-2.485594e-01	1.506734e+01
4.906000e-05	-2.135470e-01	1.501473e+01
4.907000e-05	-1.532863e-01	1.489892e+01
4.908000e-05	-1.090054e-01	1.478268e+01
4.909000e-05	-7.738672e-02	1.468892e+01
4.910000e-05	-5.813518e-02	1.460465e+01
4.911000e-05	-5.130149e-02	1.447747e+01
4.912000e-05	-4.419334e-02	1.439363e+01
4.913000e-05	-3.455613e-02	1.427736e+01
4.914000e-05	-2.729481e-02	1.411897e+01
4.915000e-05	-2.693337e-02	1.398161e+01
4.916000e-05	-2.884333e-02	1.385729e+01
4.917000e-05	-2.368251e-02	1.368942e+01
4.918000e-05	-1.856021e-02	1.354045e+01
4.919000e-05	-1.694288e-02	1.339360e+01
4.920000e-05	-2.158533e-02	1.323531e+01
4.921000e-05	-2.122313e-02	1.309792e+01
4.922000e-05	-1.713665e-02	1.295008e+01
4.923000e-05	-1.396428e-02	1.277353e+01
4.924000e-05	-1.676148e-02	1.263314e+01
4.925000e-05	-1.813251e-02	1.244576e+01
4.926000e-05	-1.464678e-02	1.226632e+01
4.927000e-05	-1.087239e-02	1.208621e+01
4.928000e-05	-1.178877e-02	1.184632e+01
4.929000e-05	-1.695908e-02	1.167682e+01
4.930000e-05	-1.513075e-02	1.144782e+01
4.931000e-05	-1.233395e-02	1.125369e+01
4.932000e-05	-9.203280e-03	1.103321e+01
4.933000e-05	-1.297913e-02	1.079466e+01
4.934000e-05	-1.361445e-02	1.060316e+01
4.935000e-05	-1.145155e-02	1.038268e+01
4.936000e-05	-8.455794e-03	1.015305e+01
4.937000e-05	-1.050119e-02	9.960435e+00
4.938000e-05	-1.301896e-02	9.676900e+00
4.939000e-05	-1.145460e-02	9.495795e+00
4.940000e-05	-8.662306e-03	9.235316e+00
4.941000e-05	-8.566977e-03	9.024215e+00
4.942000e-05	-1.232142e-02	8.761533e+00
4.943000e-05	-1.292519e-02	8.549450e+00
4.944000e-05	-8.136430e-03	8.307945e+00
4.945000e-05	-6.547328e-03	8.024263e+00
4.946000e-05	-7.808418e-03	7.792086e+00
4.947000e-05	-1.053772e-02	7.470424e+00
4.948000e-05	-8.848290e-03	7.253692e+00
4.949000e-05	-7.381372e-03	6.961109e+00
4.950000e-05	-8.435260e-03	6.709479e+00
4.951000e-05	-1.168886e-02	6.484213e+00
4.952000e-05	-1.050602e-02	6.173528e+00
4.953000e-05	-6.683606e-03	5.989953e+00
4.954000e-05	-5.527245e-03	5.636291e+00
4.955000e-05	-7.621051e-03	5.401580e+00
4.956000e-05	-9.860740e-03	5.045195e+00
4.957000e-05	-7.032968e-03	4.740379e+00
4.958000e-05	-5.865214e-03	4.484342e+00
4.959000e-05	-7.372104e-03	4.241509e+00
4.960000e-05	-9.548167e-03	3.887322e+00
4.961000e-05	-8.212813e-03	3.644080e+00
4.962000e-05	-5.915195e-03	3.351484e+00
4.963000e-05	-5.426471e-03	3.044265e+00
4.964000e-05	-7.935333e-03	2.812081e+00
4.965000e-05	-8.381416e-03	2.496170e+00
4.966000e-05	-5.869501e-03	2.182505e+00
4.967000e-05	-5.737658e-03	1.939399e+00
4.968000e-05	-6.004686e-03	1.664140e+00
4.969000e-05	-8.160950e-03	1.327874e+00
4.970000e-05	-5.996267e-03	1.001484e+00
4.971000e-05	-4.772312e-03	6.778470e-01
4.972000e-05	-3.773375e-03	4.235854e-01
4.973000e-05	-4.982539e-03	9.779993e-02
4.974000e-05	-1.546402e-03	-1.677634e-01
4.975000e-05	9.249252e-03	-4.105186e-01
4.976000e-05	-5.600901e-04	-7.252054e-01
4.977000e-05	3.202381e-03	-9.964385e-01
4.978000e-05	-3.001905e-03	-1.302547e+00
4.979000e-05	2.648382e-03	-1.586961e+00
4.980000e-05	3.014262e-03	-1.777467e+00
4.981000e-05	3.270396e-02	-2.040996e+00
4.982000e-05	1.095836e-01	-2.323229e+00
4.983000e-05	-4.446290e-03	-2.683200e+00
4.984000e-05	-5.113857e-02	-3.116357e+00
4.985000e-05	-2.222665e-02	-3.420975e+00
4.986000e-05	-3.384560e-02	-3.659520e+00
4.987000e-05	-7.697562e-02	-3.862673e+00
4.988000e-05	5.515227e-02	-4.043180e+00
4.989000e-05	8.470260e-02	-4.253227e+00
4.990000e-05	-1.135780e-01	-4.589540e+00
4.991000e-05	1.947446e-01	-4.822655e+00
4.992000e-05	-1.180585e-01	-5.118884e+00
4.993000e-05	4.517486e-02	-5.507856e+00
4.994000e-05	1.106023e-03	-5.765862e+00
4.995000e-05	-8.445892e-02	-6.033200e+00
4.996000e-05	1.551027e-01	-6.244654e+00
4.997000e-05	-1.027706e-01	-6.589516e+00
4.998000e-05	9.426601e-02	-6.885183e+00
4.999000e-05	-5.152949e-02	-7.134836e+00
