# 260528_14:50:35.318106
t	CH1	CH2
0.000000e+00	1.319084e-03	-1.790779e-01
1.000000e-08	9.624233e-03	-4.411833e-01
2.000000e-08	-2.883367e-03	-7.763226e-01
3.000000e-08	1.938814e-03	-1.011631e+00
4.000000e-08	-4.345909e-03	-1.344818e+00
5.000000e-08	1.115337e-03	-1.630633e+00
6.000000e-08	1.334307e-02	-1.872208e+00
7.000000e-08	9.208099e-02	-2.124348e+00
8.000000e-08	6.509269e-02	-2.493269e+00
9.000000e-08	-8.392655e-02	-2.934868e+00
1.000000e-07	-1.464987e-02	-3.292738e+00
1.100000e-07	-4.907627e-02	-3.504864e+00
1.200000e-07	-6.553595e-02	-3.774340e+00
1.300000e-07	3.013377e-02	-3.947397e+00
1.400000e-07	1.072186e-01	-4.135948e+00
1.500000e-07	-1.491667e-01	-4.502791e+00
1.600000e-07	2.035965e-01	-4.774897e+00
1.700000e-07	-1.135709e-01	-5.022190e+00
1.800000e-07	3.826079e-02	-5.429158e+00
1.900000e-07	2.501712e-02	-5.661683e+00
2.000000e-07	-1.151914e-01	-5.997451e+00
2.100000e-07	1.823262e-01	-6.259612e+00
2.200000e-07	-1.180240e-01	-6.555323e+00
2.300000e-07	1.135937e-01	-6.850708e+00
2.400000e-07	-5.884760e-02	-7.083259e+00
2.500000e-07	-3.380171e-02	-7.429558e+00
2.600000e-07	8.076914e-02	-7.641238e+00
2.700000e-07	-1.040738e-01	-7.986523e+00
2.800000e-07	1.398532e-01	-8.250030e+00
2.900000e-07	-1.000230e-01	-8.500236e+00
3.000000e-07	8.561742e-02	-8.806529e+00
3.100000e-07	-1.647689e-02	-8.998951e+00
3.200000e-07	-4.709791e-02	-9.292136e+00
3.300000e-07	4.071140e-02	-9.489636e+00
3.400000e-07	-5.923577e-02	-9.773845e+00
3.500000e-07	1.172031e-01	-1.001442e+01
3.600000e-07	-7.002558e-02	-1.021600e+01
3.700000e-07	6.826211e-02	-1.043911e+01
3.800000e-07	-6.870085e-02	-1.068121e+01
3.900000e-07	4.470426e-02	-1.096168e+01
4.000000e-07	-1.302276e-02	-1.110827e+01
4.100000e-07	3.201857e-03	-1.137387e+01
4.200000e-07	1.483442e-02	-1.158230e+01
4.300000e-07	-7.894088e-03	-1.184646e+01
4.400000e-07	3.960900e-02	-1.206853e+01
4.500000e-07	-3.438542e-02	-1.223010e+01
4.600000e-07	1.954441e-02	-1.242750e+01
4.700000e-07	-2.280848e-02	-1.263650e+01
4.800000e-07	4.684314e-02	-1.281795e+01
4.900000e-07	-8.067452e-03	-1.298692e+01
5.000000e-07	1.311023e-02	-1.314436e+01
5.100000e-07	-1.892390e-02	-1.334429e+01
5.200000e-07	1.582213e-02	-1.349034e+01
5.300000e-07	1.831848e-03	-1.363108e+01
5.400000e-07	7.847935e-03	-1.388003e+01
5.500000e-07	1.254680e-03	-1.402692e+01
5.600000e-07	1.380809e-02	-1.419242e+01
5.700000e-07	1.556360e-02	-1.431966e+01
5.800000e-07	8.974422e-05	-1.449053e+01
5.900000e-07	-5.813953e-03	-1.457485e+01
6.000000e-07	-2.216119e-03	-1.468216e+01
6.100000e-07	2.064076e-02	-1.484750e+01
6.200000e-07	1.096267e-02	-1.496392e+01
6.300000e-07	1.088569e-02	-1.505861e+01
6.400000e-07	-3.838687e-03	-1.512427e+01
6.500000e-07	1.481188e-02	-1.531011e+01
6.600000e-07	7.854594e-03	-1.537534e+01
6.700000e-07	1.059523e-02	-1.544805e+01
6.800000e-07	1.044888e-03	-1.558427e+01
6.900000e-07	1.545978e-02	-1.563855e+01
7.000000e-07	1.678501e-02	-1.570063e+01
7.100000e-07	1.206418e-02	-1.575492e+01
7.200000e-07	2.617489e-03	-1.578700e+01
7.300000e-07	6.694597e-03	-1.590968e+01
7.400000e-07	2.146156e-02	-1.593226e+01
7.500000e-07	2.203075e-02	-1.602380e+01
7.600000e-07	1.657513e-02	-1.606750e+01
7.700000e-07	1.012926e-02	-1.610008e+01
7.800000e-07	1.846248e-02	-1.613963e+01
7.900000e-07	2.183552e-02	-1.612271e+01
8.000000e-07	2.033332e-02	-1.616376e+01
8.100000e-07	1.854478e-02	-1.620326e+01
8.200000e-07	2.750281e-02	-1.613531e+01
8.300000e-07	3.751892e-02	-1.617134e+01
8.400000e-07	3.546322e-02	-1.617476e+01
8.500000e-07	2.954663e-02	-1.613419e+01
8.600000e-07	3.490630e-02	-1.612160e+01
8.700000e-07	5.061612e-02	-1.611010e+01
8.800000e-07	6.280571e-02	-1.607858e+01
8.900000e-07	7.111231e-02	-1.604745e+01
9.000000e-07	8.636367e-02	-1.601329e+01
9.100000e-07	1.209394e-01	-1.591126e+01
9.200000e-07	1.713825e-01	-1.583963e+01
9.300000e-07	2.241616e-01	-1.584752e+01
9.400000e-07	2.498448e-01	-1.575379e+01
9.500000e-07	2.500000e-01	-1.571065e+01
9.600000e-07	2.496999e-01	-1.562787e+01
9.700000e-07	2.120503e-01	-1.551169e+01
9.800000e-07	1.375260e-01	-1.542795e+01
9.900000e-07	8.789277e-02	-1.534368e+01
1.000000e-06	6.604067e-02	-1.523897e+01
1.010000e-06	5.138993e-02	-1.514324e+01
1.020000e-06	3.562589e-02	-1.505644e+01
1.030000e-06	2.217693e-02	-1.490223e+01
1.040000e-06	1.940055e-02	-1.480537e+01
1.050000e-06	1.964119e-02	-1.467163e+01
1.060000e-06	1.506307e-02	-1.453519e+01
1.070000e-06	5.990423e-03	-1.443642e+01
1.080000e-06	4.794415e-03	-1.428853e+01
1.090000e-06	9.141441e-03	-1.411123e+01
1.100000e-06	1.001930e-02	-1.395436e+01
1.110000e-06	4.146129e-03	-1.379736e+01
1.120000e-06	-6.593009e-04	-1.365695e+01
1.130000e-06	1.795980e-03	-1.347105e+01
1.140000e-06	5.652668e-03	-1.330066e+01
1.150000e-06	3.629078e-03	-1.314414e+01
1.160000e-06	-1.795539e-03	-1.295581e+01
1.170000e-06	-1.182250e-03	-1.281534e+01
1.180000e-06	2.737180e-03	-1.259691e+01
1.190000e-06	1.919056e-03	-1.239684e+01
1.200000e-06	-4.054482e-03	-1.220952e+01
1.210000e-06	-6.358229e-03	-1.198732e+01
1.220000e-06	-2.194369e-03	-1.186644e+01
1.230000e-06	1.882907e-03	-1.154473e+01
1.240000e-06	-1.290021e-03	-1.129308e+01
1.250000e-06	-5.367219e-03	-1.111063e+01
1.260000e-06	-4.633612e-03	-1.088203e+01
1.270000e-06	-1.795487e-03	-1.067063e+01
1.280000e-06	-2.928874e-03	-1.044840e+01
1.290000e-06	-8.538089e-03	-1.019481e+01
1.300000e-06	-8.521634e-03	-9.935790e+00
1.310000e-06	-3.664569e-03	-9.744207e+00
1.320000e-06	-2.058558e-03	-9.482179e+00
1.330000e-06	-5.690081e-03	-9.220877e+00
1.340000e-06	-8.433114e-03	-8.977418e+00
1.350000e-06	-6.118820e-03	-8.786245e+00
1.360000e-06	-4.089200e-03	-8.512131e+00
1.370000e-06	-6.535867e-03	-8.229500e+00
1.380000e-06	-9.343692e-03	-7.977843e+00
1.390000e-06	-9.707974e-03	-7.692154e+00
1.400000e-06	-5.553931e-03	-7.408943e+00
1.410000e-06	-5.277416e-03	-7.135208e+00
1.420000e-06	-7.790126e-03	-6.842499e+00
1.430000e-06	-9.884521e-03	-6.568919e+00
1.440000e-06	-8.025207e-03	-6.305214e+00
1.450000e-06	-5.423673e-03	-6.040500e+00
1.460000e-06	-8.848885e-03	-5.766363e+00
1.470000e-06	-1.010534e-02	-5.461608e+00
1.480000e-06	-9.105084e-03	-5.136859e+00
1.490000e-06	-5.308303e-03	-4.849421e+00
1.500000e-06	-5.404755e-03	-4.527238e+00
1.510000e-06	-9.501252e-03	-4.263706e+00
1.520000e-06	-1.067570e-02	-4.029573e+00
1.530000e-06	-9.105288e-03	-3.694209e+00
1.540000e-06	-6.576568e-03	-3.389996e+00
1.550000e-06	-9.948197e-03	-3.167214e+00
1.560000e-06	-1.035640e-02	-2.801022e+00
1.570000e-06	-8.737798e-03	-2.557737e+00
1.580000e-06	-5.628090e-03	-2.220427e+00
1.590000e-06	-7.887419e-03	-1.936285e+00
1.600000e-06	-1.033872e-02	-1.643079e+00
1.610000e-06	-1.083221e-02	-1.365184e+00
1.620000e-06	-7.917813e-03	-1.011898e+00
1.630000e-06	-6.500671e-03	-6.862338e-01
1.640000e-06	-8.383963e-03	-3.899182e-01
1.650000e-06	-8.489987e-03	-8.673521e-02
1.660000e-06	2.363554e-03	1.684293e-01
1.670000e-06	4.978344e-03	4.631359e-01
1.680000e-06	-2.852775e-03	7.148698e-01
1.690000e-06	-9.229927e-04	1.039987e+00
1.700000e-06	-5.400997e-03	1.304821e+00
1.710000e-06	2.275093e-03	1.650606e+00
1.720000e-06	6.761863e-03	1.894792e+00
1.730000e-06	4.861106e-02	2.155871e+00
1.740000e-06	9.318165e-02	2.513166e+00
1.750000e-06	-5.011910e-02	2.849662e+00
1.760000e-06	-5.141513e-02	3.106375e+00
1.770000e-06	-3.766447e-02	3.451636e+00
1.780000e-06	-2.909495e-02	3.724722e+00
1.790000e-06	-8.333541e-02	3.945871e+00
1.800000e-06	6.319120e-02	4.166352e+00
1.810000e-06	6.872007e-02	4.524345e+00
1.820000e-06	-1.179970e-01	4.745400e+00
1.830000e-06	1.775029e-01	5.092264e+00
1.840000e-06	-1.107809e-01	5.437559e+00
1.850000e-06	1.513724e-02	5.691766e+00
1.860000e-06	-5.937798e-03	6.029001e+00
1.870000e-06	-3.892145e-02	6.249113e+00
1.880000e-06	8.043910e-02	6.564348e+00
1.890000e-06	-5.456954e-02	6.848656e+00
1.900000e-06	3.722756e-02	7.122274e+00
1.910000e-06	-5.712602e-02	7.396024e+00
1.920000e-06	1.771859e-02	7.682182e+00
1.930000e-06	-5.963722e-03	8.005376e+00
1.940000e-06	-1.992169e-02	8.239683e+00
1.950000e-06	5.066297e-02	8.491691e+00
1.960000e-06	-3.489349e-02	8.755341e+00
1.970000e-06	2.854679e-02	8.995895e+00
1.980000e-06	-2.656443e-02	9.239604e+00
1.990000e-06	-2.580093e-02	9.480708e+00
2.000000e-06	7.157950e-03	9.734241e+00
2.010000e-06	2.480254e-03	9.986946e+00
2.020000e-06	2.468801e-02	1.020700e+01
2.030000e-06	-2.741916e-02	1.044748e+01
2.040000e-06	1.138750e-02	1.065819e+01
2.050000e-06	-2.674017e-02	1.094026e+01
2.060000e-06	5.084192e-03	1.111126e+01
2.070000e-06	-1.385526e-02	1.133184e+01
2.080000e-06	-3.035925e-03	1.154290e+01
2.090000e-06	3.542066e-03	1.181600e+01
2.100000e-06	-1.090323e-03	1.202753e+01
2.110000e-06	-5.822487e-03	1.219700e+01
2.120000e-06	-1.994432e-02	1.241605e+01
2.130000e-06	-2.446400e-03	1.264747e+01
2.140000e-06	-8.445477e-04	1.277685e+01
2.150000e-06	4.765015e-03	1.297337e+01
2.160000e-06	-1.023516e-02	1.315219e+01
2.170000e-06	-1.262822e-02	1.330227e+01
2.180000e-06	-9.394781e-03	1.350066e+01
2.190000e-06	-7.770116e-03	1.367913e+01
2.200000e-06	-9.392271e-03	1.384690e+01
2.210000e-06	-8.593167e-03	1.400527e+01
2.220000e-06	-1.917588e-03	1.419329e+01
2.230000e-06	-3.372220e-04	1.433169e+01
2.240000e-06	-1.170462e-02	1.451858e+01
2.250000e-06	-1.768914e-02	1.457600e+01
2.260000e-06	-1.769852e-02	1.476227e+01
2.270000e-06	-5.289306e-03	1.488008e+01
2.280000e-06	-6.159385e-03	1.497382e+01
2.290000e-06	-9.635835e-03	1.508863e+01
2.300000e-06	-1.430467e-02	1.516389e+01
2.310000e-06	-1.133587e-02	1.529813e+01
2.320000e-06	-1.022752e-02	1.538371e+01
2.330000e-06	-1.603598e-02	1.545800e+01
2.340000e-06	-1.588339e-02	1.558269e+01
2.350000e-06	-1.405206e-02	1.562788e+01
2.360000e-06	-9.178973e-03	1.568074e+01
2.370000e-06	-1.772500e-02	1.578177e+01
2.380000e-06	-2.326037e-02	1.583847e+01
2.390000e-06	-2.455690e-02	1.589003e+01
2.400000e-06	-1.701227e-02	1.592423e+01
2.410000e-06	-1.459064e-02	1.598484e+01
2.420000e-06	-2.108290e-02	1.605600e+01
2.430000e-06	-2.358872e-02	1.603757e+01
2.440000e-06	-2.443746e-02	1.609865e+01
2.450000e-06	-2.485045e-02	1.610068e+01
2.460000e-06	-3.254946e-02	1.617221e+01
2.470000e-06	-3.562705e-02	1.613121e+01
2.480000e-06	-3.525776e-02	1.618179e+01
2.490000e-06	-3.145812e-02	1.614121e+01
2.500000e-06	-3.665734e-02	1.615123e+01
2.510000e-06	-4.687062e-02	1.610021e+01
2.520000e-06	-5.303185e-02	1.610905e+01
2.530000e-06	-5.723321e-02	1.608803e+01
2.540000e-06	-6.412486e-02	1.602700e+01
2.550000e-06	-8.275687e-02	1.597592e+01
2.560000e-06	-1.039435e-01	1.598326e+01
2.570000e-06	-1.361020e-01	1.591213e+01
2.580000e-06	-1.824459e-01	1.583805e+01
2.590000e-06	-2.361577e-01	1.582640e+01
2.600000e-06	-2.500000e-01	1.574329e+01
2.610000e-06	-2.500000e-01	1.566860e+01
2.620000e-06	-2.459449e-01	1.562532e+01
2.630000e-06	-1.975986e-01	1.555214e+01
2.640000e-06	-1.371839e-01	1.543495e+01
2.650000e-06	-9.595613e-02	1.531218e+01
2.660000e-06	-6.974736e-02	1.520692e+01
2.670000e-06	-5.071958e-02	1.510121e+01
2.680000e-06	-4.161702e-02	1.499789e+01
2.690000e-06	-3.652041e-02	1.487963e+01
2.700000e-06	-2.786631e-02	1.475327e+01
2.710000e-06	-2.279624e-02	1.462900e+01
2.720000e-06	-1.985239e-02	1.456229e+01
2.730000e-06	-2.232003e-02	1.440584e+01
2.740000e-06	-1.966271e-02	1.424857e+01
2.750000e-06	-1.639204e-02	1.415105e+01
2.760000e-06	-1.271138e-02	1.396116e+01
2.770000e-06	-1.425018e-02	1.378479e+01
2.780000e-06	-1.456195e-02	1.361739e+01
2.790000e-06	-1.286234e-02	1.344894e+01
2.800000e-06	-1.068599e-02	1.327958e+01
2.810000e-06	-1.132121e-02	1.311058e+01
2.820000e-06	-1.350885e-02	1.294963e+01
2.830000e-06	-1.148793e-02	1.275171e+01
2.840000e-06	-8.828612e-03	1.254681e+01
2.850000e-06	-7.925966e-03	1.240474e+01
2.860000e-06	-9.857783e-03	1.216331e+01
2.870000e-06	-1.118437e-02	1.196484e+01
2.880000e-06	-1.012607e-02	1.178474e+01
2.890000e-06	-7.491747e-03	1.148168e+01
2.900000e-06	-8.612267e-03	1.129160e+01
2.910000e-06	-8.781177e-03	1.106955e+01
2.920000e-06	-7.588198e-03	1.089005e+01
2.930000e-06	-5.128283e-03	1.063795e+01
2.940000e-06	-6.858849e-03	1.043834e+01
2.950000e-06	-8.830725e-03	1.017686e+01
2.960000e-06	-8.888335e-03	9.972685e+00
2.970000e-06	-6.148615e-03	9.671077e+00
2.980000e-06	-5.905476e-03	9.438976e+00
2.990000e-06	-6.768808e-03	9.196823e+00
3.000000e-06	-8.306304e-03	8.955283e+00
3.010000e-06	-5.924321e-03	8.701059e+00
3.020000e-06	-5.376773e-03	8.441528e+00
3.030000e-06	-5.493501e-03	8.208892e+00
3.040000e-06	-7.052251e-03	7.973759e+00
3.050000e-06	-6.024402e-03	7.662103e+00
3.060000e-06	-6.103052e-03	7.367870e+00
3.070000e-06	-6.008528e-03	7.052579e+00
3.080000e-06	-8.076659e-03	6.868950e+00
3.090000e-06	-6.964051e-03	6.525283e+00
3.100000e-06	-5.984707e-03	6.291131e+00
3.110000e-06	-4.767951e-03	5.998974e+00
3.120000e-06	-5.604522e-03	5.715759e+00
3.130000e-06	-6.851930e-03	5.440998e+00
3.140000e-06	-6.186517e-03	5.146705e+00
3.150000e-06	-4.761326e-03	4.778397e+00
3.160000e-06	-6.176441e-03	4.535210e+00
3.170000e-06	-7.413394e-03	4.250548e+00
3.180000e-06	-6.698041e-03	3.936209e+00
3.190000e-06	-5.599849e-03	3.661025e+00
3.200000e-06	-5.279066e-03	3.427914e+00
3.210000e-06	-5.830934e-03	3.063102e+00
3.220000e-06	-6.413380e-03	2.769467e+00
3.230000e-06	-5.660303e-03	2.459550e+00
3.240000e-06	-5.546262e-03	2.158441e+00
3.250000e-06	-5.662889e-03	1.914152e+00
3.260000e-06	-6.591595e-03	1.576867e+00
3.270000e-06	-6.196571e-03	1.295078e+00
3.280000e-06	-5.052758e-03	9.168351e-01
3.290000e-06	-5.856484e-03	6.420259e-01
3.300000e-06	-6.066504e-03	3.582907e-01
3.310000e-06	-3.453924e-03	5.154463e-02
3.320000e-06	3.982170e-03	-2.426095e-01
3.330000e-06	7.834935e-03	-5.368401e-01
3.340000e-06	-2.084295e-03	-8.205541e-01
3.350000e-06	1.585508e-03	-1.073262e+00
3.360000e-06	-3.225816e-03	-1.372028e+00
3.370000e-06	8.723688e-04	-1.613662e+00
3.380000e-06	2.099615e-02	-1.904792e+00
3.390000e-06	1.104922e-01	-2.156997e+00
3.400000e-06	1.877583e-02	-2.586998e+00
3.410000e-06	-7.166596e-02	-2.999557e+00
3.420000e-06	-2.014632e-02	-3.345821e+00
3.430000e-06	-4.835229e-02	-3.546373e+00
3.440000e-06	-7.499669e-02	-3.758903e+00
3.450000e-06	9.212341e-02	-4.016998e+00
3.460000e-06	3.086320e-02	-4.217531e+00
3.470000e-06	-8.224727e-02	-4.566898e+00
3.480000e-06	1.779367e-01	-4.798928e+00
3.490000e-06	-1.697961e-01	-5.124369e+00
3.500000e-06	1.204875e-01	-5.521710e+00
3.510000e-06	-6.491821e-02	-5.745846e+00
3.520000e-06	-4.172316e-02	-6.051583e+00
3.530000e-06	1.362983e-01	-6.271165e+00
3.540000e-06	-1.225010e-01	-6.570081e+00
3.550000e-06	1.470392e-01	-6.882214e+00
3.560000e-06	-1.271241e-01	-7.197999e+00
3.570000e-06	4.720463e-02	-7.489735e+00
3.580000e-06	1.407761e-02	-7.795396e+00
3.590000e-06	-5.420207e-02	-8.068133e+00
3.600000e-06	1.186391e-01	-8.271613e+00
3.610000e-06	-1.159607e-01	-8.534345e+00
3.620000e-06	1.291490e-01	-8.828129e+00
3.630000e-06	-8.063898e-02	-9.070657e+00
3.640000e-06	1.481031e-02	-9.352241e+00
3.650000e-06	-1.119417e-02	-9.505269e+00
3.660000e-06	-6.548355e-03	-9.818974e+00
3.670000e-06	8.451754e-02	-1.001950e+01
3.680000e-06	-6.091419e-02	-1.025118e+01
3.690000e-06	6.482023e-02	-1.053224e+01
3.700000e-06	-8.138335e-02	-1.073282e+01
3.710000e-06	7.104029e-02	-1.095384e+01
3.720000e-06	-4.406624e-02	-1.113342e+01
3.730000e-06	3.451139e-02	-1.138755e+01
3.740000e-06	-1.476491e-02	-1.165648e+01
3.750000e-06	2.120229e-02	-1.186019e+01
3.760000e-06	1.366542e-02	-1.203973e+01
3.770000e-06	-1.930057e-02	-1.229061e+01
3.780000e-06	8.144425e-03	-1.243796e+01
3.790000e-06	-1.055718e-02	-1.268018e+01
3.800000e-06	4.338432e-02	-1.279808e+01
3.810000e-06	-1.281178e-02	-1.301808e+01
3.820000e-06	1.160135e-02	-1.320595e+01
3.830000e-06	-2.269256e-02	-1.341492e+01
3.840000e-06	2.464965e-02	-1.356176e+01
3.850000e-06	-4.079719e-03	-1.374126e+01
3.860000e-06	1.486060e-02	-1.392066e+01
3.870000e-06	-3.915785e-03	-1.405703e+01
3.880000e-06	2.056220e-02	-1.420543e+01
3.890000e-06	7.330194e-03	-1.432284e+01
3.900000e-06	4.743640e-04	-1.452919e+01
3.910000e-06	-1.053722e-02	-1.458594e+01
3.920000e-06	4.723302e-03	-1.475375e+01
3.930000e-06	1.946398e-02	-1.487815e+01
3.940000e-06	1.414263e-02	-1.500542e+01
3.950000e-06	7.094213e-03	-1.506963e+01
3.960000e-06	-2.138387e-03	-1.521640e+01
3.970000e-06	1.547987e-02	-1.533121e+01
3.980000e-06	8.045265e-03	-1.539637e+01
3.990000e-06	9.556399e-03	-1.548958e+01
4.000000e-06	1.088019e-03	-1.558387e+01
4.010000e-06	1.616035e-02	-1.563808e+01
4.020000e-06	1.671481e-02	-1.573126e+01
4.030000e-06	1.095954e-02	-1.579392e+01
4.040000e-06	1.754097e-03	-1.583710e+01
4.050000e-06	9.917446e-03	-1.594018e+01
4.060000e-06	2.264642e-02	-1.596329e+01
4.070000e-06	2.137076e-02	-1.600395e+01
4.080000e-06	1.494316e-02	-1.606753e+01
4.090000e-06	1.111524e-02	-1.608916e+01
4.100000e-06	1.973004e-02	-1.608116e+01
4.110000e-06	2.199919e-02	-1.614276e+01
4.120000e-06	1.939539e-02	-1.614481e+01
4.130000e-06	1.967752e-02	-1.615476e+01
4.140000e-06	2.935704e-02	-1.612472e+01
4.150000e-06	3.832131e-02	-1.614332e+01
4.160000e-06	3.532619e-02	-1.616521e+01
4.170000e-06	3.031412e-02	-1.616274e+01
4.180000e-06	3.648460e-02	-1.613066e+01
4.190000e-06	5.226379e-02	-1.609961e+01
4.200000e-06	6.443911e-02	-1.607846e+01
4.210000e-06	7.285952e-02	-1.600540e+01
4.220000e-06	9.222705e-02	-1.599231e+01
4.230000e-06	1.302757e-01	-1.590968e+01
4.240000e-06	1.833029e-01	-1.587811e+01
4.250000e-06	2.328671e-01	-1.581489e+01
4.260000e-06	2.499649e-01	-1.574974e+01
4.270000e-06	2.500000e-01	-1.571006e+01
4.280000e-06	2.462409e-01	-1.561587e+01
4.290000e-06	1.970687e-01	-1.548916e+01
4.300000e-06	1.243893e-01	-1.539687e+01
4.310000e-06	8.132935e-02	-1.534168e+01
4.320000e-06	6.229603e-02	-1.520787e+01
4.330000e-06	4.831439e-02	-1.514066e+01
4.340000e-06	3.127049e-02	-1.501542e+01
4.350000e-06	2.149372e-02	-1.491066e+01
4.360000e-06	1.978533e-02	-1.480534e+01
4.370000e-06	1.871968e-02	-1.466000e+01
4.380000e-06	1.217233e-02	-1.453324e+01
4.390000e-06	4.913638e-03	-1.441334e+01
4.400000e-06	4.929177e-03	-1.425644e+01
4.410000e-06	9.995322e-03	-1.408958e+01
4.420000e-06	9.787593e-03	-1.389319e+01
4.430000e-06	2.968810e-03	-1.376334e+01
4.440000e-06	8.045299e-04	-1.360690e+01
4.450000e-06	2.336950e-03	-1.345795e+01
4.460000e-06	5.543804e-03	-1.330963e+01
4.470000e-06	7.709766e-04	-1.308111e+01
4.480000e-06	-2.448829e-03	-1.293363e+01
4.490000e-06	-1.014093e-03	-1.275374e+01
4.500000e-06	2.569121e-03	-1.258482e+01
4.510000e-06	8.013638e-04	-1.235382e+01
4.520000e-06	-4.542111e-03	-1.219536e+01
4.530000e-06	-4.723825e-03	-1.198632e+01
4.540000e-06	-1.352816e-03	-1.178379e+01
4.550000e-06	4.262408e-04	-1.149951e+01
4.560000e-06	-1.899065e-03	-1.123800e+01
4.570000e-06	-5.964974e-03	-1.104892e+01
4.580000e-06	-4.122493e-03	-1.080942e+01
4.590000e-06	-2.688324e-03	-1.064942e+01
4.600000e-06	-4.399267e-03	-1.041619e+01
4.610000e-06	-7.783701e-03	-1.015476e+01
4.620000e-06	-5.295383e-03	-9.911155e+00
4.630000e-06	-3.293427e-03	-9.673755e+00
4.640000e-06	-3.440157e-03	-9.439520e+00
4.650000e-06	-6.848508e-03	-9.197414e+00
4.660000e-06	-8.337801e-03	-8.956791e+00
4.670000e-06	-5.887043e-03	-8.724057e+00
4.680000e-06	-4.154107e-03	-8.448574e+00
4.690000e-06	-5.789383e-03	-8.235392e+00
4.700000e-06	-8.911447e-03	-7.924707e+00
4.710000e-06	-8.889109e-03	-7.629472e+00
4.720000e-06	-5.412326e-03	-7.314265e+00
4.730000e-06	-6.833274e-03	-7.091107e+00
4.740000e-06	-7.547948e-03	-6.789419e+00
4.750000e-06	-8.431702e-03	-6.535759e+00
4.760000e-06	-5.403732e-03	-6.281028e+00
4.770000e-06	-5.115808e-03	-5.979365e+00
4.780000e-06	-7.984008e-03	-5.714159e+00
4.790000e-06	-1.161688e-02	-5.399868e+00
4.800000e-06	-8.678894e-03	-5.070633e+00
4.810000e-06	-6.455299e-03	-4.728310e+00
4.820000e-06	-6.533919e-03	-4.483056e+00
4.830000e-06	-9.908089e-03	-4.230473e+00
4.840000e-06	-9.605703e-03	-3.938865e+00
4.850000e-06	-8.320913e-03	-3.601052e+00
4.860000e-06	-6.772825e-03	-3.378416e+00
4.870000e-06	-8.694645e-03	-3.092027e+00
4.880000e-06	-9.081896e-03	-2.767367e+00
4.890000e-06	-8.244660e-03	-2.454680e+00
4.900000e-06	-6.506278e-03	-2.137893e+00
4.910000e-06	-9.218654e-03	-1.903606e+00
4.920000e-06	-1.156833e-02	-1.620418e+00
4.930000e-06	-1.019503e-02	-1.232547e+00
4.940000e-06	-7.435720e-03	-9.272642e-01
4.950000e-06	-6.895076e-03	-6.120023e-01
4.960000e-06	-7.523877e-03	-3.382854e-01
4.970000e-06	-6.034717e-03	-6.367601e-02
4.980000e-06	5.060924e-03	2.526835e-01
4.990000e-06	1.348149e-03	5.153460e-01
5.000000e-06	-1.870809e-03	7.495026e-01
5.010000e-06	-3.440670e-03	1.103814e+00
5.020000e-06	-2.013117e-03	1.379000e+00
5.030000e-06	3.674816e-04	1.694917e+00
5.040000e-06	1.244883e-02	1.925946e+00
5.050000e-06	6.342771e-02	2.191082e+00
5.060000e-06	7.942664e-02	2.555375e+00
5.070000e-06	-7.344326e-02	2.924292e+00
5.080000e-06	-3.890135e-02	3.238029e+00
5.090000e-06	-4.046898e-02	3.473795e+00
5.100000e-06	-3.583529e-02	3.776021e+00
5.110000e-06	-7.957301e-02	3.957322e+00
5.120000e-06	1.056484e-01	4.232533e+00
5.130000e-06	-2.033923e-03	4.588000e+00
5.140000e-06	-5.779277e-02	4.808552e+00
5.150000e-06	1.538352e-01	5.174898e+00
5.160000e-06	-1.444809e-01	5.501362e+00
5.170000e-06	6.176087e-02	5.782770e+00
5.180000e-06	-5.299922e-02	6.089756e+00
5.190000e-06	1.177461e-02	6.281815e+00
5.200000e-06	4.772702e-02	6.589003e+00
5.210000e-06	-4.564133e-02	6.922735e+00
5.220000e-06	3.376579e-02	7.143896e+00
5.230000e-06	-6.541290e-02	7.520081e+00
5.240000e-06	4.153594e-02	7.765371e+00
5.250000e-06	-3.533472e-02	8.048127e+00
5.260000e-06	1.017292e-02	8.304818e+00
5.270000e-06	3.139842e-02	8.542767e+00
5.280000e-06	-3.059192e-02	8.776549e+00
5.290000e-06	3.340615e-02	9.029625e+00
5.300000e-06	-4.737026e-02	9.291186e+00
5.310000e-06	-4.002068e-03	9.523214e+00
5.320000e-06	-5.829280e-03	9.754470e+00
5.330000e-06	2.231444e-02	1.002650e+01
5.340000e-06	3.324313e-03	1.024958e+01
5.350000e-06	-1.702005e-02	1.049023e+01
5.360000e-06	4.324920e-03	1.073337e+01
5.370000e-06	-2.212425e-02	1.095432e+01
5.380000e-06	6.722899e-03	1.119329e+01
5.390000e-06	-1.853035e-02	1.137442e+01
5.400000e-06	6.146559e-03	1.167648e+01
5.410000e-06	-2.113780e-03	1.184910e+01
5.420000e-06	4.900056e-03	1.208911e+01
5.430000e-06	-1.753683e-02	1.227801e+01
5.440000e-06	-1.284256e-02	1.247016e+01
5.450000e-06	-5.956245e-03	1.262856e+01
5.460000e-06	5.931530e-03	1.283698e+01
5.470000e-06	3.363604e-04	1.300555e+01
5.480000e-06	-1.125547e-02	1.320642e+01
5.490000e-06	-1.227690e-02	1.336287e+01
5.500000e-06	-9.076454e-03	1.355179e+01
5.510000e-06	-5.544112e-03	1.369171e+01
5.520000e-06	-1.318876e-02	1.386856e+01
5.530000e-06	-4.331774e-03	1.401497e+01
5.540000e-06	-3.005390e-03	1.423495e+01
5.550000e-06	8.454911e-04	1.435239e+01
5.560000e-06	-1.591502e-02	1.448963e+01
5.570000e-06	-1.758353e-02	1.463805e+01
5.580000e-06	-1.586247e-02	1.482439e+01
5.590000e-06	-2.378810e-03	1.485961e+01
5.600000e-06	-8.101723e-03	1.499634e+01
5.610000e-06	-1.261757e-02	1.510011e+01
5.620000e-06	-1.342298e-02	1.520642e+01
5.630000e-06	-1.199218e-02	1.527858e+01
5.640000e-06	-9.985848e-03	1.539344e+01
5.650000e-06	-1.834028e-02	1.549808e+01
5.660000e-06	-1.438295e-02	1.554529e+01
5.670000e-06	-1.324116e-02	1.563703e+01
5.680000e-06	-9.247540e-03	1.575076e+01
5.690000e-06	-2.003360e-02	1.577386e+01
5.700000e-06	-2.532124e-02	1.583805e+01
5.710000e-06	-2.287000e-02	1.591166e+01
5.720000e-06	-1.657868e-02	1.596332e+01
5.730000e-06	-1.776424e-02	1.598440e+01
5.740000e-06	-2.180357e-02	1.606750e+01
5.750000e-06	-2.480265e-02	1.604858e+01
5.760000e-06	-2.218494e-02	1.611115e+01
5.770000e-06	-2.376960e-02	1.608016e+01
5.780000e-06	-3.394542e-02	1.614173e+01
5.790000e-06	-3.609667e-02	1.610271e+01
5.800000e-06	-3.557527e-02	1.613126e+01
5.810000e-06	-3.421219e-02	1.615121e+01
5.820000e-06	-4.024549e-02	1.616113e+01
5.830000e-06	-4.885636e-02	1.610075e+01
5.840000e-06	-5.197744e-02	1.613018e+01
5.850000e-06	-5.652367e-02	1.605900e+01
5.860000e-06	-6.568904e-02	1.604990e+01
5.870000e-06	-8.770117e-02	1.601591e+01
5.880000e-06	-1.111914e-01	1.596376e+01
5.890000e-06	-1.458230e-01	1.591111e+01
5.900000e-06	-1.976649e-01	1.585955e+01
5.910000e-06	-2.433791e-01	1.580537e+01
5.920000e-06	-2.500000e-01	1.575271e+01
5.930000e-06	-2.500000e-01	1.567007e+01
5.940000e-06	-2.393007e-01	1.558479e+01
5.950000e-06	-1.828486e-01	1.554108e+01
5.960000e-06	-1.284426e-01	1.537497e+01
5.970000e-06	-9.053104e-02	1.534116e+01
5.980000e-06	-6.542234e-02	1.517381e+01
5.990000e-06	-4.839092e-02	1.506101e+01
6.000000e-06	-4.095556e-02	1.497379e+01
6.010000e-06	-3.496703e-02	1.487158e+01
6.020000e-06	-2.680661e-02	1.476421e+01
6.030000e-06	-2.107292e-02	1.463592e+01
6.040000e-06	-2.085573e-02	1.452168e+01
6.050000e-06	-2.165874e-02	1.435326e+01
6.060000e-06	-1.880010e-02	1.421850e+01
6.070000e-06	-1.470877e-02	1.406045e+01
6.080000e-06	-1.323963e-02	1.390966e+01
6.090000e-06	-1.399119e-02	1.374276e+01
6.100000e-06	-1.434333e-02	1.358467e+01
6.110000e-06	-1.172397e-02	1.338784e+01
6.120000e-06	-1.110179e-02	1.325697e+01
6.130000e-06	-1.238923e-02	1.305950e+01
6.140000e-06	-1.400491e-02	1.288060e+01
6.150000e-06	-1.097746e-02	1.269116e+01
6.160000e-06	-7.122359e-03	1.256466e+01
6.170000e-06	-7.292535e-03	1.232268e+01
6.180000e-06	-1.054585e-02	1.214223e+01
6.190000e-06	-1.110181e-02	1.190259e+01
6.200000e-06	-8.844307e-03	1.173118e+01
6.210000e-06	-8.089953e-03	1.150102e+01
6.220000e-06	-9.294339e-03	1.127847e+01
6.230000e-06	-9.205681e-03	1.102797e+01
6.240000e-06	-5.889453e-03	1.082890e+01
6.250000e-06	-4.687815e-03	1.061444e+01
6.260000e-06	-6.352891e-03	1.034576e+01
6.270000e-06	-8.851191e-03	1.012271e+01
6.280000e-06	-7.984164e-03	9.899649e+00
6.290000e-06	-6.535422e-03	9.588450e+00
6.300000e-06	-6.731130e-03	9.397342e+00
6.310000e-06	-6.782221e-03	9.132735e+00
6.320000e-06	-8.227823e-03	8.941703e+00
6.330000e-06	-5.032225e-03	8.649578e+00
6.340000e-06	-5.151424e-03	8.410400e+00
6.350000e-06	-5.884720e-03	8.165236e+00
6.360000e-06	-7.773317e-03	7.912576e+00
6.370000e-06	-6.064776e-03	7.607394e+00
6.380000e-06	-5.364887e-03	7.324630e+00
6.390000e-06	-5.798800e-03	7.030474e+00
6.400000e-06	-7.484497e-03	6.777396e+00
6.410000e-06	-7.539619e-03	6.532685e+00
6.420000e-06	-5.472199e-03	6.240498e+00
6.430000e-06	-5.470649e-03	5.947340e+00
6.440000e-06	-7.069791e-03	5.682027e+00
6.450000e-06	-6.779326e-03	5.379418e+00
6.460000e-06	-5.194738e-03	5.091972e+00
6.470000e-06	-3.830072e-03	4.726811e+00
6.480000e-06	-6.367951e-03	4.483575e+00
6.490000e-06	-7.359355e-03	4.188289e+00
6.500000e-06	-6.760828e-03	3.912579e+00
6.510000e-06	-5.066923e-03	3.610422e+00
6.520000e-06	-5.107731e-03	3.283203e+00
6.530000e-06	-7.115253e-03	3.029446e+00
6.540000e-06	-6.855836e-03	2.726181e+00
6.550000e-06	-5.831399e-03	2.400417e+00
6.560000e-06	-4.713987e-03	2.124735e+00
6.570000e-06	-6.184216e-03	1.862699e+00
6.580000e-06	-6.398827e-03	1.518209e+00
6.590000e-06	-6.650986e-03	1.252371e+00
6.600000e-06	-4.842356e-03	8.540486e-01
6.610000e-06	-5.625669e-03	5.788606e-01
6.620000e-06	-5.675954e-03	3.452111e-01
6.630000e-06	-4.196402e-03	-3.113433e-02
6.640000e-06	6.923785e-03	-2.832386e-01
6.650000e-06	4.133626e-03	-5.269280e-01
6.660000e-06	-6.763243e-05	-8.836870e-01
6.670000e-06	-6.411767e-04	-1.145874e+00
6.680000e-06	-8.678822e-04	-1.451162e+00
6.690000e-06	2.438118e-03	-1.724319e+00
6.700000e-06	3.482190e-02	-1.956923e+00
6.710000e-06	1.203977e-01	-2.201687e+00
6.720000e-06	-2.847260e-02	-2.652214e+00
6.730000e-06	-4.926495e-02	-3.051843e+00
6.740000e-06	-2.973754e-02	-3.358125e+00
6.750000e-06	-4.598540e-02	-3.558028e+00
6.760000e-06	-7.421273e-02	-3.779082e+00
6.770000e-06	1.448498e-01	-4.049103e+00
6.780000e-06	-5.350650e-02	-4.251768e+00
6.790000e-06	-1.537723e-02	-4.578058e+00
6.800000e-06	1.126658e-01	-4.848534e+00
6.810000e-06	-1.597937e-01	-5.229056e+00
6.820000e-06	1.622703e-01	-5.503820e+00
6.830000e-06	-1.492480e-01	-5.778454e+00
6.840000e-06	4.387564e-02	-6.132235e+00
6.850000e-06	6.675841e-02	-6.355268e+00
6.860000e-06	-8.188514e-02	-6.682712e+00
6.870000e-06	1.345568e-01	-6.943815e+00
6.880000e-06	-1.593304e-01	-7.238653e+00
6.890000e-06	1.093173e-01	-7.512842e+00
6.900000e-06	-5.585500e-02	-7.796427e+00
6.910000e-06	1.697461e-02	-8.102211e+00
6.920000e-06	6.446518e-02	-8.284789e+00
6.930000e-06	-9.015585e-02	-8.587077e+00
6.940000e-06	1.319948e-01	-8.921156e+00
6.950000e-06	-1.193399e-01	-9.111218e+00
6.960000e-06	6.411039e-02	-9.373817e+00
6.970000e-06	-5.938674e-02	-9.607077e+00
6.980000e-06	5.335867e-02	-9.859555e+00
6.990000e-06	3.159683e-02	-1.006966e+01
7.000000e-06	-2.642931e-02	-1.029324e+01
7.010000e-06	3.782044e-02	-1.055242e+01
7.020000e-06	-6.656563e-02	-1.078500e+01
7.030000e-06	7.313985e-02	-1.097542e+01
7.040000e-06	-5.780972e-02	-1.122863e+01
7.050000e-06	5.399432e-02	-1.147755e+01
7.060000e-06	-3.591893e-02	-1.165911e+01
7.070000e-06	4.620165e-02	-1.192334e+01
7.080000e-06	-1.418984e-02	-1.213219e+01
7.090000e-06	1.117918e-03	-1.232279e+01
7.100000e-06	-7.377185e-03	-1.245268e+01
7.110000e-06	8.416574e-03	-1.270119e+01
7.120000e-06	3.065554e-02	-1.290069e+01
7.130000e-06	-8.590617e-03	-1.306021e+01
7.140000e-06	6.183658e-03	-1.324851e+01
7.150000e-06	-1.789027e-02	-1.340492e+01
7.160000e-06	2.394333e-02	-1.356737e+01
7.170000e-06	-6.452942e-03	-1.375336e+01
7.180000e-06	1.702817e-02	-1.396219e+01
7.190000e-06	-4.105137e-03	-1.408009e+01
7.200000e-06	2.487449e-02	-1.418753e+01
7.210000e-06	1.409733e-03	-1.438382e+01
7.220000e-06	1.970149e-03	-1.452226e+01
7.230000e-06	-1.259981e-02	-1.461803e+01
7.240000e-06	1.131060e-02	-1.479587e+01
7.250000e-06	1.603660e-02	-1.490968e+01
7.260000e-06	1.433048e-02	-1.502552e+01
7.270000e-06	2.646845e-03	-1.513069e+01
7.280000e-06	3.218688e-03	-1.523745e+01
7.290000e-06	1.455510e-02	-1.529128e+01
7.300000e-06	8.253583e-03	-1.540845e+01
7.310000e-06	6.818060e-03	-1.544018e+01
7.320000e-06	3.856850e-03	-1.562592e+01
7.330000e-06	1.836757e-02	-1.569115e+01
7.340000e-06	1.530321e-02	-1.574381e+01
7.350000e-06	1.020019e-02	-1.581444e+01
7.360000e-06	2.041060e-03	-1.585761e+01
7.370000e-06	1.420793e-02	-1.594229e+01
7.380000e-06	2.242575e-02	-1.598539e+01
7.390000e-06	2.047716e-02	-1.599447e+01
7.400000e-06	1.315424e-02	-1.607802e+01
7.410000e-06	1.287905e-02	-1.606768e+01
7.420000e-06	2.064268e-02	-1.610113e+01
7.430000e-06	2.243726e-02	-1.617069e+01
7.440000e-06	1.952268e-02	-1.614436e+01
7.450000e-06	2.152030e-02	-1.615282e+01
7.460000e-06	3.175450e-02	-1.618232e+01
7.470000e-06	3.863368e-02	-1.615434e+01
7.480000e-06	3.430193e-02	-1.615276e+01
7.490000e-06	3.185118e-02	-1.610216e+01
7.500000e-06	3.967744e-02	-1.611118e+01
7.510000e-06	5.601288e-02	-1.609916e+01
7.520000e-06	6.562112e-02	-1.605802e+01
7.530000e-06	7.646170e-02	-1.602439e+01
7.540000e-06	9.913836e-02	-1.593129e+01
7.550000e-06	1.405897e-01	-1.592019e+01
7.560000e-06	1.951056e-01	-1.588901e+01
7.570000e-06	2.385839e-01	-1.580547e+01
7.580000e-06	2.500000e-01	-1.572178e+01
7.590000e-06	2.500000e-01	-1.564652e+01
7.600000e-06	2.389863e-01	-1.557379e+01
7.610000e-06	1.805302e-01	-1.547073e+01
7.620000e-06	1.131485e-01	-1.541684e+01
7.630000e-06	7.644898e-02	-1.533118e+01
7.640000e-06	5.861612e-02	-1.520437e+01
7.650000e-06	4.374266e-02	-1.511070e+01
7.660000e-06	2.861084e-02	-1.499339e+01
7.670000e-06	2.057471e-02	-1.492010e+01
7.680000e-06	1.920402e-02	-1.478277e+01
7.690000e-06	1.762630e-02	-1.462697e+01
7.700000e-06	1.055733e-02	-1.450161e+01
7.710000e-06	5.446641e-03	-1.435534e+01
7.720000e-06	6.086886e-03	-1.419584e+01
7.730000e-06	1.023383e-02	-1.407850e+01
7.740000e-06	7.268104e-03	-1.391118e+01
7.750000e-06	1.474995e-03	-1.372271e+01
7.760000e-06	-5.615105e-04	-1.358429e+01
7.770000e-06	3.904496e-03	-1.336597e+01
7.780000e-06	4.755313e-03	-1.321995e+01
7.790000e-06	5.457946e-04	-1.305100e+01
7.800000e-06	-2.747207e-03	-1.290957e+01
7.810000e-06	4.076889e-04	-1.271168e+01
7.820000e-06	2.311268e-03	-1.252110e+01
7.830000e-06	-1.120682e-03	-1.231218e+01
7.840000e-06	-5.247210e-03	-1.214463e+01
7.850000e-06	-4.479986e-03	-1.194361e+01
7.860000e-06	-6.529319e-04	-1.166113e+01
7.870000e-06	1.303115e-04	-1.146932e+01
7.880000e-06	-3.666206e-03	-1.119444e+01
7.890000e-06	-5.980698e-03	-1.092684e+01
7.900000e-06	-3.719207e-03	-1.075684e+01
7.910000e-06	-2.774681e-03	-1.054629e+01
7.920000e-06	-4.530797e-03	-1.034314e+01
7.930000e-06	-7.068658e-03	-1.012161e+01
7.940000e-06	-5.555180e-03	-9.851502e+00
7.950000e-06	-4.131851e-03	-9.629048e+00
7.960000e-06	-4.871068e-03	-9.376913e+00
7.970000e-06	-7.868913e-03	-9.126235e+00
7.980000e-06	-7.190159e-03	-8.872682e+00
7.990000e-06	-4.815668e-03	-8.651121e+00
8.000000e-06	-3.696706e-03	-8.367866e+00
8.010000e-06	-6.562975e-03	-8.145809e+00
8.020000e-06	-8.268112e-03	-7.880025e+00
8.030000e-06	-8.192703e-03	-7.556813e+00
8.040000e-06	-5.905780e-03	-7.263680e+00
8.050000e-06	-8.395365e-03	-7.020971e+00
8.060000e-06	-8.211612e-03	-6.735737e+00
8.070000e-06	-8.069728e-03	-6.452180e+00
8.080000e-06	-4.729339e-03	-6.219866e+00
8.090000e-06	-6.487477e-03	-5.945684e+00
8.100000e-06	-7.640323e-03	-5.651024e+00
8.110000e-06	-1.012955e-02	-5.366286e+00
8.120000e-06	-7.561707e-03	-4.980976e+00
8.130000e-06	-6.309507e-03	-4.712680e+00
8.140000e-06	-8.412286e-03	-4.401497e+00
8.150000e-06	-1.013798e-02	-4.148970e+00
8.160000e-06	-9.861871e-03	-3.853650e+00
8.170000e-06	-8.295615e-03	-3.558841e+00
8.180000e-06	-7.241481e-03	-3.315232e+00
8.190000e-06	-8.656218e-03	-2.979917e+00
8.200000e-06	-8.055124e-03	-2.705159e+00
8.210000e-06	-7.469102e-03	-2.399971e+00
8.220000e-06	-7.629120e-03	-2.095133e+00
8.230000e-06	-1.050868e-02	-1.822501e+00
8.240000e-06	-1.137773e-02	-1.517285e+00
8.250000e-06	-1.008021e-02	-1.159918e+00
8.260000e-06	-7.766875e-03	-9.041277e-01
8.270000e-06	-7.374883e-03	-5.484169e-01
8.280000e-06	-6.910927e-03	-3.136300e-01
8.290000e-06	-4.794637e-03	-1.442109e-03
8.300000e-06	7.198739e-03	3.368426e-01
8.310000e-06	-2.831257e-03	5.774478e-01
8.320000e-06	9.186380e-05	8.235294e-01
8.330000e-06	-5.291494e-03	1.146399e+00
8.340000e-06	-4.255999e-04	1.479111e+00
8.350000e-06	-1.200076e-03	1.786930e+00
8.360000e-06	1.818579e-02	1.987528e+00
8.370000e-06	7.863919e-02	2.272264e+00
8.380000e-06	4.965550e-02	2.598158e+00
8.390000e-06	-8.129738e-02	2.986973e+00
8.400000e-06	-3.240510e-02	3.282584e+00
8.410000e-06	-3.594588e-02	3.577499e+00
8.420000e-06	-4.856476e-02	3.829605e+00
8.430000e-06	-5.945972e-02	4.019553e+00
8.440000e-06	1.320628e-01	4.324891e+00
8.450000e-06	-7.314301e-02	4.658106e+00
8.460000e-06	1.976661e-02	4.889155e+00
8.470000e-06	9.696316e-02	5.260157e+00
8.480000e-06	-1.356693e-01	5.515420e+00
8.490000e-06	8.121181e-02	5.778029e+00
8.500000e-06	-8.420560e-02	6.143265e+00
8.510000e-06	5.833860e-02	6.415319e+00
8.520000e-06	6.599074e-03	6.661708e+00
8.530000e-06	-2.257498e-02	6.975319e+00
8.540000e-06	1.683489e-02	7.278528e+00
8.550000e-06	-5.868708e-02	7.523217e+00
8.560000e-06	4.962985e-02	7.777050e+00
8.570000e-06	-5.407566e-02	8.124289e+00
8.580000e-06	3.818368e-02	8.355870e+00
8.590000e-06	8.060241e-03	8.606899e+00
8.600000e-06	-1.684907e-02	8.858583e+00
8.610000e-06	2.791021e-02	9.080613e+00
8.620000e-06	-5.819837e-02	9.343344e+00
8.630000e-06	1.228061e-02	9.614923e+00
8.640000e-06	-1.562888e-02	9.829534e+00
8.650000e-06	3.724403e-02	1.006911e+01
8.660000e-06	-1.676680e-02	1.035121e+01
8.670000e-06	-1.714615e-03	1.056334e+01
8.680000e-06	-6.417981e-03	1.079642e+01
8.690000e-06	-1.520958e-02	1.097482e+01
8.700000e-06	4.133487e-03	1.120840e+01
8.710000e-06	-1.939118e-02	1.143805e+01
8.720000e-06	1.203106e-02	1.167016e+01
8.730000e-06	-7.535187e-03	1.192378e+01
8.740000e-06	7.225732e-03	1.213073e+01
8.750000e-06	-2.594793e-02	1.229211e+01
8.760000e-06	-5.369369e-03	1.249966e+01
8.770000e-06	-7.670454e-03	1.267018e+01
8.780000e-06	9.556623e-03	1.287013e+01
8.790000e-06	-4.067104e-03	1.304898e+01
8.800000e-06	-1.062787e-02	1.320603e+01
8.810000e-06	-1.007730e-02	1.341647e+01
8.820000e-06	-9.114364e-03	1.354332e+01
8.830000e-06	-5.791022e-03	1.377226e+01
8.840000e-06	-1.507004e-02	1.390066e+01
8.850000e-06	-9.059748e-04	1.409861e+01
8.860000e-06	-2.864350e-03	1.426653e+01
8.870000e-06	7.198452e-04	1.436534e+01
8.880000e-06	-1.955498e-02	1.453291e+01
8.890000e-06	-1.695344e-02	1.466806e+01
8.900000e-06	-1.311658e-02	1.478494e+01
8.910000e-06	-2.874780e-03	1.491113e+01
8.920000e-06	-8.186026e-03	1.499490e+01
8.930000e-06	-1.423692e-02	1.511074e+01
8.940000e-06	-1.152369e-02	1.523790e+01
8.950000e-06	-1.297940e-02	1.532923e+01
8.960000e-06	-1.065487e-02	1.541447e+01
8.970000e-06	-1.947795e-02	1.547958e+01
8.980000e-06	-1.486648e-02	1.561391e+01
8.990000e-06	-1.166683e-02	1.566808e+01
9.000000e-06	-1.053632e-02	1.572274e+01
9.010000e-06	-2.100580e-02	1.577487e+01
9.020000e-06	-2.640976e-02	1.587998e+01
9.030000e-06	-2.060645e-02	1.590266e+01
9.040000e-06	-1.715756e-02	1.595331e+01
9.050000e-06	-1.597902e-02	1.600590e+01
9.060000e-06	-2.496252e-02	1.603650e+01
9.070000e-06	-2.349375e-02	1.610753e+01
9.080000e-06	-2.533355e-02	1.608761e+01
9.090000e-06	-2.668505e-02	1.612015e+01
9.100000e-06	-3.494946e-02	1.613028e+01
9.110000e-06	-3.626066e-02	1.618178e+01
9.120000e-06	-3.150089e-02	1.614228e+01
9.130000e-06	-3.359066e-02	1.612023e+01
9.140000e-06	-3.974025e-02	1.615168e+01
9.150000e-06	-5.296409e-02	1.612966e+01
9.160000e-06	-5.496186e-02	1.607903e+01
9.170000e-06	-5.993322e-02	1.609850e+01
9.180000e-06	-7.032292e-02	1.601645e+01
9.190000e-06	-9.155822e-02	1.599489e+01
9.200000e-06	-1.162182e-01	1.595274e+01
9.210000e-06	-1.521170e-01	1.591113e+01
9.220000e-06	-2.089906e-01	1.584902e+01
9.230000e-06	-2.477879e-01	1.578489e+01
9.240000e-06	-2.500000e-01	1.572208e+01
9.250000e-06	-2.500000e-01	1.566900e+01
9.260000e-06	-2.308538e-01	1.557379e+01
9.270000e-06	-1.699590e-01	1.549008e+01
9.280000e-06	-1.181499e-01	1.541589e+01
9.290000e-06	-8.381383e-02	1.528810e+01
9.300000e-06	-5.833776e-02	1.518382e+01
9.310000e-06	-4.478105e-02	1.505060e+01
9.320000e-06	-3.797586e-02	1.495481e+01
9.330000e-06	-3.386364e-02	1.486147e+01
9.340000e-06	-2.542048e-02	1.472311e+01
9.350000e-06	-2.137381e-02	1.461540e+01
9.360000e-06	-2.111007e-02	1.449110e+01
9.370000e-06	-2.117262e-02	1.431173e+01
9.380000e-06	-1.837739e-02	1.420382e+01
9.390000e-06	-1.277708e-02	1.406592e+01
9.400000e-06	-1.270495e-02	1.388850e+01
9.410000e-06	-1.424801e-02	1.370118e+01
9.420000e-06	-1.428914e-02	1.353171e+01
9.430000e-06	-1.136340e-02	1.337429e+01
9.440000e-06	-1.138034e-02	1.323579e+01
9.450000e-06	-1.196833e-02	1.301642e+01
9.460000e-06	-1.338288e-02	1.283890e+01
9.470000e-06	-1.015361e-02	1.265907e+01
9.480000e-06	-7.509447e-03	1.248108e+01
9.490000e-06	-8.723896e-03	1.231063e+01
9.500000e-06	-1.072732e-02	1.208015e+01
9.510000e-06	-1.028807e-02	1.187067e+01
9.520000e-06	-7.229675e-03	1.165950e+01
9.530000e-06	-7.605256e-03	1.143644e+01
9.540000e-06	-8.651169e-03	1.119879e+01
9.550000e-06	-9.832608e-03	1.098687e+01
9.560000e-06	-6.926339e-03	1.080432e+01
9.570000e-06	-5.360750e-03	1.054373e+01
9.580000e-06	-7.695213e-03	1.031213e+01
9.590000e-06	-8.241232e-03	1.012063e+01
9.600000e-06	-7.284835e-03	9.828443e+00
9.610000e-06	-4.244411e-03	9.555839e+00
9.620000e-06	-8.345823e-03	9.314734e+00
9.630000e-06	-7.392278e-03	9.143130e+00
9.640000e-06	-9.228467e-03	8.840526e+00
9.650000e-06	-3.569035e-03	8.597323e+00
9.660000e-06	-4.032845e-03	8.327842e+00
9.670000e-06	-6.157130e-03	8.101180e+00
9.680000e-06	-5.046330e-03	7.858998e+00
9.690000e-06	-8.435740e-03	7.514282e+00
9.700000e-06	-6.746948e-03	7.251080e+00
9.710000e-06	-9.266645e-03	6.957888e+00
9.720000e-06	-8.202701e-03	6.744159e+00
9.730000e-06	-3.883028e-03	6.429448e+00
9.740000e-06	-4.162934e-03	6.156967e+00
9.750000e-06	-3.413447e-03	5.893156e+00
9.760000e-06	-6.655430e-03	5.578468e+00
9.770000e-06	-7.216105e-03	5.306258e+00
9.780000e-06	-7.448386e-03	4.988838e+00
9.790000e-06	-6.083058e-03	4.692079e+00
9.800000e-06	-7.006451e-03	4.410473e+00
9.810000e-06	-5.617830e-03	4.122729e+00
9.820000e-06	-5.464501e-03	3.787972e+00
9.830000e-06	-4.497656e-03	3.526338e+00
9.840000e-06	-5.804488e-03	3.201447e+00
9.850000e-06	-6.757108e-03	2.937735e+00
9.860000e-06	-7.588264e-03	2.692128e+00
9.870000e-06	-5.969626e-03	2.328312e+00
9.880000e-06	-5.982652e-03	2.072180e+00
9.890000e-06	-6.551360e-03	1.776890e+00
9.900000e-06	-6.775805e-03	1.432102e+00
9.910000e-06	-6.300686e-03	1.148737e+00
9.920000e-06	-4.421067e-03	7.598959e-01
9.930000e-06	-5.114385e-03	5.056825e-01
9.940000e-06	-4.711503e-03	2.225258e-01
9.950000e-06	-2.258102e-03	-8.381229e-02
9.960000e-06	9.258051e-03	-3.563991e-01
9.970000e-06	-4.752696e-04	-6.011570e-01
9.980000e-06	6.200218e-04	-8.667638e-01
9.990000e-06	-3.468738e-03	-1.207981e+00
1.000000e-05	1.229576e-03	-1.515394e+00
1.001000e-05	4.915983e-03	-1.767850e+00
1.002000e-05	5.363708e-02	-2.009029e+00
1.003000e-05	1.154857e-01	-2.314320e+00
1.004000e-05	-6.587482e-02	-2.735477e+00
1.005000e-05	-2.876674e-02	-3.156422e+00
1.006000e-05	-4.066442e-02	-3.449629e+00
1.007000e-05	-4.755548e-02	-3.628532e+00
1.008000e-05	-5.337310e-02	-3.840691e+00
1.009000e-05	1.696993e-01	-4.071637e+00
1.010000e-05	-1.346703e-01	-4.336429e+00
1.011000e-05	7.704676e-02	-4.680686e+00
1.012000e-05	4.002803e-02	-4.923346e+00
1.013000e-05	-9.977178e-02	-5.292291e+00
1.014000e-05	1.423218e-01	-5.567399e+00
1.015000e-05	-1.857614e-01	-5.872185e+00
1.016000e-05	1.326033e-01	-6.176315e+00
1.017000e-05	-1.646165e-02	-6.388029e+00
1.018000e-05	-1.077339e-02	-6.784371e+00
1.019000e-05	7.847463e-02	-6.975945e+00
1.020000e-05	-1.423982e-01	-7.311766e+00
1.021000e-05	1.353789e-01	-7.568445e+00
1.022000e-05	-1.048614e-01	-7.859663e+00
1.023000e-05	8.634608e-02	-8.186821e+00
1.024000e-05	-6.004031e-03	-8.356425e+00
1.025000e-05	-3.321623e-02	-8.690311e+00
1.026000e-05	9.706659e-02	-8.924741e+00
1.027000e-05	-1.216757e-01	-9.176348e+00
1.028000e-05	8.413809e-02	-9.427925e+00
1.029000e-05	-8.716564e-02	-9.629033e+00
1.030000e-05	1.036342e-01	-9.882709e+00
1.031000e-05	-2.239064e-02	-1.012274e+01
1.032000e-05	1.692669e-02	-1.039545e+01
1.033000e-05	-5.514965e-03	-1.059600e+01
1.034000e-05	-3.071634e-02	-1.083808e+01
1.035000e-05	5.064249e-02	-1.104700e+01
1.036000e-05	-4.972735e-02	-1.125911e+01
1.037000e-05	5.300531e-02	-1.149014e+01
1.038000e-05	-3.971999e-02	-1.174377e+01
1.039000e-05	5.779140e-02	-1.196435e+01
1.040000e-05	-3.363341e-02	-1.218492e+01
1.041000e-05	1.600983e-02	-1.239587e+01
1.042000e-05	-2.025701e-02	-1.254379e+01
1.043000e-05	2.862508e-02	-1.275486e+01
1.044000e-05	1.385275e-02	-1.293222e+01
1.045000e-05	-1.150400e-03	-1.316214e+01
1.046000e-05	-4.587608e-03	-1.328164e+01
1.047000e-05	-6.935037e-03	-1.347756e+01
1.048000e-05	1.812815e-02	-1.358743e+01
1.049000e-05	-3.803404e-03	-1.381497e+01
1.050000e-05	1.249151e-02	-1.397319e+01
1.051000e-05	1.010367e-03	-1.409026e+01
1.052000e-05	2.451465e-02	-1.426811e+01
1.053000e-05	-1.183604e-03	-1.441551e+01
1.054000e-05	-2.549299e-04	-1.457326e+01
1.055000e-05	-1.083140e-02	-1.469813e+01
1.056000e-05	1.710329e-02	-1.483587e+01
1.057000e-05	1.287878e-02	-1.492176e+01
1.058000e-05	1.358295e-02	-1.507706e+01
1.059000e-05	-1.094492e-03	-1.515209e+01
1.060000e-05	8.184900e-03	-1.522848e+01
1.061000e-05	1.261737e-02	-1.534076e+01
1.062000e-05	9.714790e-03	-1.544760e+01
1.063000e-05	5.253417e-03	-1.552116e+01
1.064000e-05	7.756254e-03	-1.563690e+01
1.065000e-05	1.836398e-02	-1.569956e+01
1.066000e-05	1.279942e-02	-1.576234e+01
1.067000e-05	6.261702e-03	-1.580542e+01
1.068000e-05	2.179420e-03	-1.588913e+01
1.069000e-05	1.787174e-02	-1.592081e+01
1.070000e-05	2.344567e-02	-1.597332e+01
1.071000e-05	2.004845e-02	-1.605595e+01
1.072000e-05	1.216442e-02	-1.605803e+01
1.073000e-05	1.525855e-02	-1.610163e+01
1.074000e-05	2.157393e-02	-1.613173e+01
1.075000e-05	2.151875e-02	-1.614319e+01
1.076000e-05	1.777304e-02	-1.612382e+01
1.077000e-05	2.288654e-02	-1.617382e+01
1.078000e-05	3.406006e-02	-1.618472e+01
1.079000e-05	3.839522e-02	-1.614379e+01
1.080000e-05	3.303455e-02	-1.612376e+01
1.081000e-05	3.257989e-02	-1.613221e+01
1.082000e-05	4.445624e-02	-1.609161e+01
1.083000e-05	5.947751e-02	-1.608758e+01
1.084000e-05	6.810323e-02	-1.605703e+01
1.085000e-05	7.809311e-02	-1.599490e+01
1.086000e-05	1.057602e-01	-1.592273e+01
1.087000e-05	1.506017e-01	-1.591968e+01
1.088000e-05	2.079497e-01	-1.587705e+01
1.089000e-05	2.443775e-01	-1.578479e+01
1.090000e-05	2.500000e-01	-1.575161e+01
1.091000e-05	2.500000e-01	-1.566697e+01
1.092000e-05	2.309849e-01	-1.554329e+01
1.093000e-05	1.641362e-01	-1.545105e+01
1.094000e-05	1.025935e-01	-1.536536e+01
1.095000e-05	7.163070e-02	-1.527915e+01
1.096000e-05	5.578419e-02	-1.523384e+01
1.097000e-05	3.985793e-02	-1.506953e+01
1.098000e-05	2.525573e-02	-1.497281e+01
1.099000e-05	1.990496e-02	-1.481904e+01
1.100000e-05	1.974356e-02	-1.476268e+01
1.101000e-05	1.769993e-02	-1.459642e+01
1.102000e-05	8.093687e-03	-1.450003e+01
1.103000e-05	3.843875e-03	-1.430314e+01
1.104000e-05	7.177003e-03	-1.416331e+01
1.105000e-05	1.065282e-02	-1.405704e+01
1.106000e-05	5.410971e-03	-1.386005e+01
1.107000e-05	1.011816e-03	-1.370066e+01
1.108000e-05	6.289038e-04	-1.356266e+01
1.109000e-05	4.851609e-03	-1.337536e+01
1.110000e-05	3.423498e-03	-1.321587e+01
1.111000e-05	-8.160725e-04	-1.301844e+01
1.112000e-05	-2.476955e-03	-1.281205e+01
1.113000e-05	1.988482e-03	-1.263858e+01
1.114000e-05	3.367828e-03	-1.249118e+01
1.115000e-05	-2.110718e-03	-1.234166e+01
1.116000e-05	-5.883472e-03	-1.205258e+01
1.117000e-05	-3.548142e-03	-1.193060e+01
1.118000e-05	1.871016e-04	-1.168895e+01
1.119000e-05	-1.123618e-03	-1.139539e+01
1.120000e-05	-4.718542e-03	-1.115517e+01
1.121000e-05	-5.264797e-03	-1.094519e+01
1.122000e-05	-2.505969e-03	-1.075622e+01
1.123000e-05	-3.117189e-03	-1.050115e+01
1.124000e-05	-6.278914e-03	-1.026955e+01
1.125000e-05	-7.793122e-03	-1.002995e+01
1.126000e-05	-4.719335e-03	-9.799901e+00
1.127000e-05	-2.397588e-03	-9.566797e+00
1.128000e-05	-5.033357e-03	-9.335158e+00
1.129000e-05	-7.271467e-03	-9.072131e+00
1.130000e-05	-7.437839e-03	-8.841575e+00
1.131000e-05	-4.176704e-03	-8.627863e+00
1.132000e-05	-4.911766e-03	-8.333709e+00
1.133000e-05	-7.069397e-03	-8.083580e+00
1.134000e-05	-8.137510e-03	-7.825445e+00
1.135000e-05	-6.031308e-03	-7.485684e+00
1.136000e-05	-5.749182e-03	-7.239477e+00
1.137000e-05	-7.558395e-03	-6.937362e+00
1.138000e-05	-9.224134e-03	-6.681078e+00
1.139000e-05	-7.595433e-03	-6.420026e+00
1.140000e-05	-4.422077e-03	-6.166288e+00
1.141000e-05	-7.057069e-03	-5.863555e+00
1.142000e-05	-8.359337e-03	-5.589417e+00
1.143000e-05	-1.027829e-02	-5.280531e+00
1.144000e-05	-6.433639e-03	-4.956739e+00
1.145000e-05	-6.477067e-03	-4.601526e+00
1.146000e-05	-8.849668e-03	-4.367917e+00
1.147000e-05	-9.733201e-03	-4.105210e+00
1.148000e-05	-9.063927e-03	-3.790375e+00
1.149000e-05	-7.349049e-03	-3.536784e+00
1.150000e-05	-8.433171e-03	-3.261602e+00
1.151000e-05	-8.031674e-03	-2.934711e+00
1.152000e-05	-8.988814e-03	-2.651976e+00
1.153000e-05	-6.029835e-03	-2.357913e+00
1.154000e-05	-7.634239e-03	-2.011498e+00
1.155000e-05	-1.019407e-02	-1.748842e+00
1.156000e-05	-1.195816e-02	-1.453050e+00
1.157000e-05	-9.156695e-03	-1.125209e+00
1.158000e-05	-7.717254e-03	-7.930471e-01
1.159000e-05	-7.660481e-03	-5.056326e-01
1.160000e-05	-7.839860e-03	-2.314995e-01
1.161000e-05	-3.587456e-03	6.466191e-02
1.162000e-05	8.644446e-03	3.560253e-01
1.163000e-05	-5.143617e-03	6.226331e-01
1.164000e-05	1.683638e-03	8.837237e-01
1.165000e-05	-7.704654e-03	1.251604e+00
1.166000e-05	8.561157e-04	1.505765e+00
1.167000e-05	-6.714773e-04	1.810181e+00
1.168000e-05	2.818867e-02	2.071637e+00
1.169000e-05	9.036332e-02	2.305298e+00
1.170000e-05	1.187080e-02	2.723321e+00
1.171000e-05	-7.665895e-02	3.020136e+00
1.172000e-05	-3.147297e-02	3.344846e+00
1.173000e-05	-3.242204e-02	3.640083e+00
1.174000e-05	-6.404891e-02	3.872162e+00
1.175000e-05	-2.149270e-02	4.100633e+00
1.176000e-05	1.354675e-01	4.357529e+00
1.177000e-05	-1.248148e-01	4.681289e+00
1.178000e-05	1.021701e-01	4.945843e+00
1.179000e-05	1.681024e-02	5.343819e+00
1.180000e-05	-9.158309e-02	5.566500e+00
1.181000e-05	6.806376e-02	5.891812e+00
1.182000e-05	-8.948489e-02	6.176899e+00
1.183000e-05	8.893411e-02	6.418078e+00
1.184000e-05	-2.983042e-02	6.744345e+00
1.185000e-05	5.675324e-03	6.977029e+00
1.186000e-05	-1.252278e-02	7.340287e+00
1.187000e-05	-3.632698e-02	7.585997e+00
1.188000e-05	3.969249e-02	7.861133e+00
1.189000e-05	-5.563603e-02	8.156048e+00
1.190000e-05	5.581938e-02	8.377973e+00
1.191000e-05	-1.543112e-02	8.628979e+00
1.192000e-05	9.796467e-04	8.950142e+00
1.193000e-05	1.245278e-02	9.143817e+00
1.194000e-05	-5.401825e-02	9.385424e+00
1.195000e-05	1.907678e-02	9.658529e+00
1.196000e-05	-1.719488e-02	9.871263e+00
1.197000e-05	4.267574e-02	1.012277e+01
1.198000e-05	-2.988700e-02	1.035332e+01
1.199000e-05	8.565536e-03	1.062550e+01
1.200000e-05	-1.757895e-02	1.084703e+01
1.201000e-05	-6.132032e-03	1.100750e+01
1.202000e-05	-1.205713e-03	1.126868e+01
1.203000e-05	-1.565029e-02	1.150914e+01
1.204000e-05	1.329098e-02	1.173324e+01
1.205000e-05	-7.737209e-03	1.194281e+01
1.206000e-05	7.078348e-03	1.216481e+01
1.207000e-05	-2.831951e-02	1.237324e+01
1.208000e-05	-5.777616e-04	1.253179e+01
1.209000e-05	-8.347327e-03	1.274274e+01
1.210000e-05	1.046369e-02	1.291226e+01
1.211000e-05	-7.573451e-03	1.309071e+01
1.212000e-05	-1.184402e-02	1.329908e+01
1.213000e-05	-9.053967e-03	1.343648e+01
1.214000e-05	-8.222264e-03	1.363742e+01
1.215000e-05	-6.539569e-03	1.377340e+01
1.216000e-05	-1.437139e-02	1.390086e+01
1.217000e-05	-3.340425e-04	1.416121e+01
1.218000e-05	-2.788384e-03	1.425806e+01
1.219000e-05	-4.084850e-03	1.444553e+01
1.220000e-05	-2.011953e-02	1.455237e+01
1.221000e-05	-1.668320e-02	1.468968e+01
1.222000e-05	-1.030139e-02	1.481600e+01
1.223000e-05	-4.356066e-03	1.492177e+01
1.224000e-05	-9.224450e-03	1.505690e+01
1.225000e-05	-1.488444e-02	1.514126e+01
1.226000e-05	-1.177801e-02	1.526545e+01
1.227000e-05	-1.262482e-02	1.532379e+01
1.228000e-05	-1.312225e-02	1.541500e+01
1.229000e-05	-1.936831e-02	1.549926e+01
1.230000e-05	-1.487563e-02	1.557737e+01
1.231000e-05	-1.030955e-02	1.566963e+01
1.232000e-05	-1.379621e-02	1.575426e+01
1.233000e-05	-2.104968e-02	1.581542e+01
1.234000e-05	-2.620752e-02	1.586855e+01
1.235000e-05	-1.918156e-02	1.593118e+01
1.236000e-05	-1.705627e-02	1.600431e+01
1.237000e-05	-1.841513e-02	1.603500e+01
1.238000e-05	-2.584521e-02	1.605848e+01
1.239000e-05	-2.390811e-02	1.610863e+01
1.240000e-05	-2.467446e-02	1.610913e+01
1.241000e-05	-2.951504e-02	1.614066e+01
1.242000e-05	-3.389016e-02	1.615371e+01
1.243000e-05	-3.544278e-02	1.616018e+01
1.244000e-05	-3.095281e-02	1.616421e+01
1.245000e-05	-3.457098e-02	1.617178e+01
1.246000e-05	-4.205756e-02	1.612076e+01
1.247000e-05	-5.283470e-02	1.614818e+01
1.248000e-05	-5.571651e-02	1.610965e+01
1.249000e-05	-6.199542e-02	1.606760e+01
1.250000e-05	-7.564845e-02	1.601535e+01
1.251000e-05	-9.525692e-02	1.596289e+01
1.252000e-05	-1.234419e-01	1.595324e+01
1.253000e-05	-1.629723e-01	1.589058e+01
1.254000e-05	-2.196717e-01	1.584647e+01
1.255000e-05	-2.498448e-01	1.574376e+01
1.256000e-05	-2.500000e-01	1.569116e+01
1.257000e-05	-2.500000e-01	1.560697e+01
1.258000e-05	-2.203595e-01	1.558226e+01
1.259000e-05	-1.571257e-01	1.548905e+01
1.260000e-05	-1.098934e-01	1.535231e+01
1.261000e-05	-7.822254e-02	1.525802e+01
1.262000e-05	-5.479504e-02	1.514381e+01
1.263000e-05	-4.191315e-02	1.502845e+01
1.264000e-05	-3.663981e-02	1.494326e+01
1.265000e-05	-3.097865e-02	1.484657e+01
1.266000e-05	-2.419639e-02	1.473163e+01
1.267000e-05	-2.216358e-02	1.458332e+01
1.268000e-05	-2.069912e-02	1.446800e+01
1.269000e-05	-2.177632e-02	1.427126e+01
1.270000e-05	-1.643435e-02	1.417471e+01
1.271000e-05	-1.142764e-02	1.404427e+01
1.272000e-05	-1.297146e-02	1.383747e+01
1.273000e-05	-1.351280e-02	1.371057e+01
1.274000e-05	-1.622700e-02	1.350108e+01
1.275000e-05	-1.086679e-02	1.334228e+01
1.276000e-05	-1.276291e-02	1.316329e+01
1.277000e-05	-1.043475e-02	1.299539e+01
1.278000e-05	-1.127636e-02	1.280642e+01
1.279000e-05	-7.851558e-03	1.262847e+01
1.280000e-05	-6.365129e-03	1.243945e+01
1.281000e-05	-9.895160e-03	1.225000e+01
1.282000e-05	-1.196357e-02	1.204845e+01
1.283000e-05	-1.310871e-02	1.183948e+01
1.284000e-05	-8.464908e-03	1.158737e+01
1.285000e-05	-6.762800e-03	1.140441e+01
1.286000e-05	-6.895415e-03	1.115424e+01
1.287000e-05	-7.262120e-03	1.095628e+01
1.288000e-05	-6.082645e-03	1.071266e+01
1.289000e-05	-6.365659e-03	1.053068e+01
1.290000e-05	-8.901321e-03	1.022955e+01
1.291000e-05	-1.026769e-02	1.002992e+01
1.292000e-05	-8.896279e-03	9.764860e+00
1.293000e-05	-5.564375e-03	9.523207e+00
1.294000e-05	-6.849111e-03	9.283104e+00
1.295000e-05	-6.207505e-03	9.039018e+00
1.296000e-05	-6.872722e-03	8.777868e+00
1.297000e-05	-4.620250e-03	8.605863e+00
1.298000e-05	-6.149235e-03	8.315185e+00
1.299000e-05	-7.028610e-03	8.010602e+00
1.300000e-05	-7.034109e-03	7.757338e+00
1.301000e-05	-6.690688e-03	7.482206e+00
1.302000e-05	-5.643912e-03	7.198341e+00
1.303000e-05	-7.494125e-03	6.934835e+00
1.304000e-05	-6.659122e-03	6.652026e+00
1.305000e-05	-5.634973e-03	6.387768e+00
1.306000e-05	-4.805898e-03	6.132734e+00
1.307000e-05	-5.127723e-03	5.870647e+00
1.308000e-05	-7.356672e-03	5.546335e+00
1.309000e-05	-7.171343e-03	5.263997e+00
1.310000e-05	-6.030146e-03	4.875709e+00
1.311000e-05	-5.863615e-03	4.629473e+00
1.312000e-05	-6.847302e-03	4.356889e+00
1.313000e-05	-6.573227e-03	4.020180e+00
1.314000e-05	-5.356938e-03	3.736812e+00
1.315000e-05	-5.243679e-03	3.474654e+00
1.316000e-05	-5.387790e-03	3.157913e+00
1.317000e-05	-7.126383e-03	2.914158e+00
1.318000e-05	-5.076678e-03	2.650921e+00
1.319000e-05	-6.285578e-03	2.284109e+00
1.320000e-05	-6.243416e-03	1.990949e+00
1.321000e-05	-7.000214e-03	1.718659e+00
1.322000e-05	-6.215019e-03	1.390969e+00
1.323000e-05	-5.214905e-03	1.072529e+00
1.324000e-05	-4.156639e-03	7.668366e-01
1.325000e-05	-4.662639e-03	4.326250e-01
1.326000e-05	-4.101254e-03	1.363753e-01
1.327000e-05	-2.724194e-04	-1.563502e-01
1.328000e-05	9.962089e-03	-4.095053e-01
1.329000e-05	-3.380270e-03	-7.308689e-01
1.330000e-05	2.514201e-03	-9.674779e-01
1.331000e-05	-3.836192e-03	-1.242185e+00
1.332000e-05	2.645671e-03	-1.589028e+00
1.333000e-05	8.430404e-03	-1.809530e+00
1.334000e-05	7.641431e-02	-2.111063e+00
1.335000e-05	9.312740e-02	-2.408529e+00
1.336000e-05	-8.245078e-02	-2.848610e+00
1.337000e-05	-1.554235e-02	-3.270532e+00
1.338000e-05	-4.854650e-02	-3.463737e+00
1.339000e-05	-5.713508e-02	-3.722263e+00
1.340000e-05	-1.138813e-02	-3.915290e+00
1.341000e-05	1.487978e-01	-4.124788e+00
1.342000e-05	-1.671864e-01	-4.397111e+00
1.343000e-05	1.730093e-01	-4.733713e+00
1.344000e-05	-4.645618e-02	-4.957449e+00
1.345000e-05	-2.542752e-02	-5.396454e+00
1.346000e-05	7.686454e-02	-5.639553e+00
1.347000e-05	-1.602312e-01	-5.923346e+00
1.348000e-05	1.803047e-01	-6.186951e+00
1.349000e-05	-8.714126e-02	-6.501212e+00
1.350000e-05	6.850166e-02	-6.786551e+00
1.351000e-05	-1.395191e-03	-7.019008e+00
1.352000e-05	-8.750731e-02	-7.397924e+00
1.353000e-05	1.172859e-01	-7.670480e+00
1.354000e-05	-1.184402e-01	-7.942873e+00
1.355000e-05	1.311406e-01	-8.218452e+00
1.356000e-05	-7.096101e-02	-8.439027e+00
1.357000e-05	3.841569e-02	-8.715269e+00
1.358000e-05	3.440657e-02	-8.993346e+00
1.359000e-05	-8.689441e-02	-9.259033e+00
1.360000e-05	6.816079e-02	-9.478582e+00
1.361000e-05	-8.327176e-02	-9.740760e+00
1.362000e-05	1.237044e-01	-9.944262e+00
1.363000e-05	-5.993311e-02	-1.020487e+01
1.364000e-05	5.400329e-02	-1.045853e+01
1.365000e-05	-4.871244e-02	-1.064913e+01
1.366000e-05	1.471817e-02	-1.089221e+01
1.367000e-05	1.475329e-02	-1.107960e+01
1.368000e-05	-2.193553e-02	-1.136229e+01
1.369000e-05	3.394940e-02	-1.150324e+01
1.370000e-05	-2.665774e-02	-1.179496e+01
1.371000e-05	5.210586e-02	-1.198645e+01
1.372000e-05	-3.802216e-02	-1.220643e+01
1.373000e-05	2.172729e-02	-1.241648e+01
1.374000e-05	-2.643765e-02	-1.260587e+01
1.375000e-05	4.230312e-02	-1.278590e+01
1.376000e-05	-4.843517e-04	-1.297532e+01
1.377000e-05	8.536833e-03	-1.315279e+01
1.378000e-05	-1.575554e-02	-1.330279e+01
1.379000e-05	6.134182e-03	-1.347068e+01
1.380000e-05	9.228260e-03	-1.366753e+01
1.381000e-05	2.460876e-03	-1.385608e+01
1.382000e-05	5.381472e-03	-1.395529e+01
1.383000e-05	7.231344e-03	-1.414387e+01
1.384000e-05	2.075814e-02	-1.428173e+01
1.385000e-05	-2.635104e-04	-1.441798e+01
1.386000e-05	-3.289370e-03	-1.458437e+01
1.387000e-05	-7.781222e-03	-1.468119e+01
1.388000e-05	1.981967e-02	-1.483798e+01
1.389000e-05	1.221345e-02	-1.492334e+01
1.390000e-05	1.300457e-02	-1.507808e+01
1.391000e-05	-3.627595e-03	-1.515230e+01
1.392000e-05	1.227163e-02	-1.528008e+01
1.393000e-05	1.057058e-02	-1.537324e+01
1.394000e-05	1.092582e-02	-1.544005e+01
1.395000e-05	2.478725e-03	-1.556274e+01
1.396000e-05	1.111483e-02	-1.562602e+01
1.397000e-05	1.860083e-02	-1.574970e+01
1.398000e-05	1.309625e-02	-1.575184e+01
1.399000e-05	4.392987e-03	-1.582652e+01
1.400000e-05	4.425481e-03	-1.588918e+01
1.401000e-05	2.001141e-02	-1.594274e+01
1.402000e-05	2.313304e-02	-1.598490e+01
1.403000e-05	1.935476e-02	-1.602653e+01
1.404000e-05	1.105835e-02	-1.607758e+01
1.405000e-05	1.812807e-02	-1.613013e+01
1.406000e-05	2.257123e-02	-1.612021e+01
1.407000e-05	2.183809e-02	-1.612269e+01
1.408000e-05	1.849960e-02	-1.616181e+01
1.409000e-05	2.481581e-02	-1.615474e+01
1.410000e-05	3.564748e-02	-1.610326e+01
1.411000e-05	3.738978e-02	-1.614186e+01
1.412000e-05	3.187325e-02	-1.610163e+01
1.413000e-05	3.448181e-02	-1.614121e+01
1.414000e-05	4.695113e-02	-1.607918e+01
1.415000e-05	6.131418e-02	-1.612008e+01
1.416000e-05	6.989722e-02	-1.603795e+01
1.417000e-05	8.320016e-02	-1.598679e+01
1.418000e-05	1.142162e-01	-1.593271e+01
1.419000e-05	1.623075e-01	-1.589958e+01
1.420000e-05	2.180883e-01	-1.584697e+01
1.421000e-05	2.486437e-01	-1.579384e+01
1.422000e-05	2.500000e-01	-1.569911e+01
1.423000e-05	2.500000e-01	-1.563694e+01
1.424000e-05	2.204923e-01	-1.551166e+01
1.425000e-05	1.491780e-01	-1.542800e+01
1.426000e-05	9.364530e-02	-1.533379e+01
1.427000e-05	6.795567e-02	-1.525950e+01
1.428000e-05	5.188433e-02	-1.517479e+01
1.429000e-05	3.717110e-02	-1.503752e+01
1.430000e-05	2.318826e-02	-1.497121e+01
1.431000e-05	1.919779e-02	-1.484700e+01
1.432000e-05	1.970982e-02	-1.471061e+01
1.433000e-05	1.533401e-02	-1.459534e+01
1.434000e-05	7.329492e-03	-1.445994e+01
1.435000e-05	4.032070e-03	-1.429859e+01
1.436000e-05	7.970596e-03	-1.414181e+01
1.437000e-05	1.012447e-02	-1.397744e+01
1.438000e-05	5.260760e-03	-1.380892e+01
1.439000e-05	2.662712e-04	-1.364958e+01
1.440000e-05	8.729757e-04	-1.350113e+01
1.441000e-05	3.760686e-03	-1.334331e+01
1.442000e-05	2.465068e-03	-1.315329e+01
1.443000e-05	-1.358878e-03	-1.296682e+01
1.444000e-05	-1.933659e-03	-1.282689e+01
1.445000e-05	1.654833e-03	-1.264700e+01
1.446000e-05	2.328681e-03	-1.240860e+01
1.447000e-05	-3.001912e-03	-1.224000e+01
1.448000e-05	-5.188704e-03	-1.202903e+01
1.449000e-05	-2.642323e-03	-1.182950e+01
1.450000e-05	2.569782e-05	-1.160632e+01
1.451000e-05	-1.751052e-03	-1.135426e+01
1.452000e-05	-4.766909e-03	-1.109261e+01
1.453000e-05	-5.087451e-03	-1.090316e+01
1.454000e-05	-2.004153e-03	-1.073160e+01
1.455000e-05	-2.379350e-03	-1.045152e+01
1.456000e-05	-6.095912e-03	-1.021547e+01
1.457000e-05	-6.492466e-03	-9.966889e+00
1.458000e-05	-4.430022e-03	-9.778368e+00
1.459000e-05	-3.597329e-03	-9.534133e+00
1.460000e-05	-5.828112e-03	-9.262580e+00
1.461000e-05	-7.810389e-03	-9.038947e+00
1.462000e-05	-6.339385e-03	-8.799418e+00
1.463000e-05	-3.618572e-03	-8.534254e+00
1.464000e-05	-4.549649e-03	-8.232080e+00
1.465000e-05	-7.458598e-03	-8.041022e+00
1.466000e-05	-9.037626e-03	-7.775285e+00
1.467000e-05	-5.480416e-03	-7.442047e+00
1.468000e-05	-5.270702e-03	-7.198294e+00
1.469000e-05	-7.252871e-03	-6.873755e+00
1.470000e-05	-9.689765e-03	-6.611026e+00
1.471000e-05	-7.192526e-03	-6.346442e+00
1.472000e-05	-5.267410e-03	-6.082153e+00
1.473000e-05	-7.142683e-03	-5.797973e+00
1.474000e-05	-9.980499e-03	-5.524238e+00
1.475000e-05	-8.250059e-03	-5.168893e+00
1.476000e-05	-6.528215e-03	-4.893634e+00
1.477000e-05	-5.185756e-03	-4.596862e+00
1.478000e-05	-9.584232e-03	-4.337783e+00
1.479000e-05	-9.841262e-03	-4.061605e+00
1.480000e-05	-1.010388e-02	-3.707241e+00
1.481000e-05	-6.586878e-03	-3.462050e+00
1.482000e-05	-8.637149e-03	-3.187994e+00
1.483000e-05	-8.511772e-03	-2.862627e+00
1.484000e-05	-9.256503e-03	-2.568995e+00
1.485000e-05	-6.105668e-03	-2.294131e+00
1.486000e-05	-8.202339e-03	-1.947920e+00
1.487000e-05	-1.014690e-02	-1.665185e+00
1.488000e-05	-1.088043e-02	-1.389839e+00
1.489000e-05	-9.123142e-03	-1.031074e+00
1.490000e-05	-7.249258e-03	-7.398905e-01
1.491000e-05	-8.485454e-03	-4.125011e-01
1.492000e-05	-7.966709e-03	-1.277930e-01
1.493000e-05	-9.748085e-04	1.258216e-01
1.494000e-05	6.417804e-03	4.405817e-01
1.495000e-05	-5.167848e-03	6.532396e-01
1.496000e-05	1.750943e-03	9.588788e-01
1.497000e-05	-6.040285e-03	1.292186e+00
1.498000e-05	1.869620e-03	1.609049e+00
1.499000e-05	1.263685e-03	1.912208e+00
1.500000e-05	3.874541e-02	2.113292e+00
1.501000e-05	9.655510e-02	2.458105e+00
1.502000e-05	-2.682382e-02	2.807554e+00
1.503000e-05	-6.411515e-02	3.063788e+00
1.504000e-05	-3.560807e-02	3.367977e+00
1.505000e-05	-2.795181e-02	3.691710e+00
1.506000e-05	-7.843570e-02	3.914266e+00
1.507000e-05	2.600735e-02	4.122765e+00
1.508000e-05	1.050929e-01	4.501160e+00
1.509000e-05	-1.379511e-01	4.724297e+00
1.510000e-05	1.622988e-01	5.059029e+00
1.511000e-05	-6.547097e-02	5.396527e+00
1.512000e-05	-2.890093e-02	5.608529e+00
1.513000e-05	2.922073e-02	5.994498e+00
1.514000e-05	-6.605759e-02	6.228482e+00
1.515000e-05	9.302986e-02	6.530717e+00
1.516000e-05	-5.170232e-02	6.798025e+00
1.517000e-05	2.810048e-02	7.010708e+00
1.518000e-05	-4.053223e-02	7.393347e+00
1.519000e-05	-4.089937e-03	7.668604e+00
1.520000e-05	1.515277e-02	7.944297e+00
1.521000e-05	-4.156598e-02	8.236550e+00
1.522000e-05	5.876839e-02	8.460682e+00
1.523000e-05	-2.936296e-02	8.680713e+00
1.524000e-05	1.996104e-02	8.932812e+00
1.525000e-05	-1.151754e-02	9.189000e+00
1.526000e-05	-4.040637e-02	9.418075e+00
1.527000e-05	1.578821e-02	9.700686e+00
1.528000e-05	-7.964814e-03	9.913793e+00
1.529000e-05	3.513377e-02	1.017537e+01
1.530000e-05	-3.272567e-02	1.037653e+01
1.531000e-05	1.464994e-02	1.065750e+01
1.532000e-05	-2.352143e-02	1.089018e+01
1.533000e-05	1.309216e-03	1.105961e+01
1.534000e-05	-9.088810e-03	1.129023e+01
1.535000e-05	-8.806417e-03	1.153227e+01
1.536000e-05	1.003306e-02	1.178437e+01
1.537000e-05	-3.951734e-03	1.200495e+01
1.538000e-05	1.105007e-03	1.221437e+01
1.539000e-05	-2.453666e-02	1.243392e+01
1.540000e-05	-9.156294e-04	1.257445e+01
1.541000e-05	-4.070276e-03	1.281532e+01
1.542000e-05	7.019371e-03	1.298181e+01
1.543000e-05	-9.460434e-03	1.313171e+01
1.544000e-05	-1.261171e-02	1.331122e+01
1.545000e-05	-7.647374e-03	1.346761e+01
1.546000e-05	-8.016185e-03	1.363803e+01
1.547000e-05	-8.289774e-03	1.382545e+01
1.548000e-05	-1.200135e-02	1.397229e+01
1.549000e-05	-5.459281e-04	1.412328e+01
1.550000e-05	-1.875647e-03	1.430916e+01
1.551000e-05	-8.891387e-03	1.445508e+01
1.552000e-05	-1.907556e-02	1.460489e+01
1.553000e-05	-1.726308e-02	1.474081e+01
1.554000e-05	-6.447568e-03	1.485803e+01
1.555000e-05	-4.965412e-03	1.495427e+01
1.556000e-05	-9.892761e-03	1.503695e+01
1.557000e-05	-1.475953e-02	1.516227e+01
1.558000e-05	-1.064954e-02	1.528855e+01
1.559000e-05	-1.085975e-02	1.534329e+01
1.560000e-05	-1.551841e-02	1.546850e+01
1.561000e-05	-1.846823e-02	1.552118e+01
1.562000e-05	-1.533442e-02	1.562692e+01
1.563000e-05	-9.454085e-03	1.564008e+01
1.564000e-05	-1.734124e-02	1.574434e+01
1.565000e-05	-2.272035e-02	1.580600e+01
1.566000e-05	-2.530844e-02	1.586700e+01
1.567000e-05	-1.749268e-02	1.592328e+01
1.568000e-05	-1.589249e-02	1.596482e+01
1.569000e-05	-2.109918e-02	1.602540e+01
1.570000e-05	-2.502260e-02	1.607755e+01
1.571000e-05	-2.483421e-02	1.612908e+01
1.572000e-05	-2.460167e-02	1.610113e+01
1.573000e-05	-3.164959e-02	1.610113e+01
1.574000e-05	-3.547536e-02	1.611065e+01
1.575000e-05	-3.567930e-02	1.613026e+01
1.576000e-05	-3.022837e-02	1.614121e+01
1.577000e-05	-3.618135e-02	1.613273e+01
1.578000e-05	-4.532510e-02	1.613081e+01
1.579000e-05	-5.288773e-02	1.610063e+01
1.580000e-05	-5.623620e-02	1.609955e+01
1.581000e-05	-6.307969e-02	1.604952e+01
1.582000e-05	-8.007901e-02	1.604500e+01
1.583000e-05	-1.006727e-01	1.596439e+01
1.584000e-05	-1.303636e-01	1.594019e+01
1.585000e-05	-1.726370e-01	1.587963e+01
1.586000e-05	-2.297347e-01	1.579697e+01
1.587000e-05	-2.499799e-01	1.574467e+01
1.588000e-05	-2.500000e-01	1.568263e+01
1.589000e-05	-2.483842e-01	1.564637e+01
1.590000e-05	-2.080279e-01	1.554214e+01
1.591000e-05	-1.460894e-01	1.545905e+01
1.592000e-05	-1.015890e-01	1.534124e+01
1.593000e-05	-7.245055e-02	1.525752e+01
1.594000e-05	-5.209958e-02	1.516119e+01
1.595000e-05	-4.139132e-02	1.499597e+01
1.596000e-05	-3.529888e-02	1.491271e+01
1.597000e-05	-2.873512e-02	1.481536e+01
1.598000e-05	-2.253056e-02	1.465955e+01
1.599000e-05	-2.101535e-02	1.455281e+01
1.600000e-05	-2.221135e-02	1.441542e+01
1.601000e-05	-1.960805e-02	1.429908e+01
1.602000e-05	-1.649427e-02	1.411263e+01
1.603000e-05	-1.102600e-02	1.399276e+01
1.604000e-05	-1.379384e-02	1.379586e+01
1.605000e-05	-1.443991e-02	1.364000e+01
1.606000e-05	-1.292261e-02	1.347908e+01
1.607000e-05	-1.043307e-02	1.328255e+01
1.608000e-05	-1.115765e-02	1.311121e+01
1.609000e-05	-1.242831e-02	1.298329e+01
1.610000e-05	-1.175843e-02	1.278526e+01
1.611000e-05	-8.502971e-03	1.260684e+01
1.612000e-05	-8.014589e-03	1.241582e+01
1.613000e-05	-1.069130e-02	1.221592e+01
1.614000e-05	-1.156685e-02	1.198845e+01
1.615000e-05	-1.018828e-02	1.178579e+01
1.616000e-05	-6.985446e-03	1.161477e+01
1.617000e-05	-7.554297e-03	1.133421e+01
1.618000e-05	-8.479053e-03	1.108308e+01
1.619000e-05	-7.744840e-03	1.090271e+01
1.620000e-05	-5.942656e-03	1.069065e+01
1.621000e-05	-6.258316e-03	1.042000e+01
1.622000e-05	-8.710595e-03	1.020844e+01
1.623000e-05	-9.048621e-03	9.977267e+00
1.624000e-05	-7.676619e-03	9.731229e+00
1.625000e-05	-6.883461e-03	9.481579e+00
1.626000e-05	-8.617410e-03	9.251047e+00
1.627000e-05	-7.099304e-03	9.005392e+00
1.628000e-05	-6.065915e-03	8.744784e+00
1.629000e-05	-2.566209e-03	8.492707e+00
1.630000e-05	-4.367089e-03	8.260475e+00
1.631000e-05	-6.283617e-03	7.995463e+00
1.632000e-05	-7.554344e-03	7.735178e+00
1.633000e-05	-9.105233e-03	7.429018e+00
1.634000e-05	-8.457749e-03	7.136237e+00
1.635000e-05	-9.218595e-03	6.902602e+00
1.636000e-05	-6.068360e-03	6.628367e+00
1.637000e-05	-4.050371e-03	6.313734e+00
1.638000e-05	-2.765797e-03	6.062576e+00
1.639000e-05	-3.662935e-03	5.849913e+00
1.640000e-05	-6.553419e-03	5.535155e+00
1.641000e-05	-7.345190e-03	5.188369e+00
1.642000e-05	-9.076054e-03	4.810427e+00
1.643000e-05	-8.437264e-03	4.537840e+00
1.644000e-05	-7.596236e-03	4.264179e+00
1.645000e-05	-5.860154e-03	3.967363e+00
1.646000e-05	-4.606665e-03	3.713734e+00
1.647000e-05	-3.903572e-03	3.420899e+00
1.648000e-05	-4.180536e-03	3.104113e+00
1.649000e-05	-5.178608e-03	2.841949e+00
1.650000e-05	-5.100566e-03	2.515783e+00
1.651000e-05	-6.778655e-03	2.232047e+00
1.652000e-05	-6.822999e-03	1.927340e+00
1.653000e-05	-8.016276e-03	1.643575e+00
1.654000e-05	-6.995624e-03	1.347290e+00
1.655000e-05	-5.798289e-03	1.029894e+00
1.656000e-05	-4.022420e-03	6.756048e-01
1.657000e-05	-3.568118e-03	4.004495e-01
1.658000e-05	-1.310658e-03	8.463244e-02
1.659000e-05	2.747720e-03	-1.994305e-01
1.660000e-05	8.784173e-03	-4.196822e-01
1.661000e-05	-4.664150e-03	-7.679753e-01
1.662000e-05	1.452794e-03	-1.039559e+00
1.663000e-05	-4.389465e-03	-1.355894e+00
1.664000e-05	1.912048e-03	-1.630507e+00
1.665000e-05	1.585020e-02	-1.862162e+00
1.666000e-05	1.011745e-01	-2.094269e+00
1.667000e-05	5.476959e-02	-2.505269e+00
1.668000e-05	-8.035840e-02	-2.944344e+00
1.669000e-05	-1.575935e-02	-3.302262e+00
1.670000e-05	-4.984978e-02	-3.525641e+00
1.671000e-05	-6.899262e-02	-3.745263e+00
1.672000e-05	4.629257e-02	-3.926320e+00
1.673000e-05	8.667860e-02	-4.147427e+00
1.674000e-05	-1.321184e-01	-4.522241e+00
1.675000e-05	2.071193e-01	-4.757440e+00
1.676000e-05	-1.375955e-01	-5.041636e+00
1.677000e-05	6.796139e-02	-5.441174e+00
1.678000e-05	-7.437727e-04	-5.693158e+00
1.679000e-05	-9.734910e-02	-6.017082e+00
1.680000e-05	1.703357e-01	-6.259955e+00
1.681000e-05	-1.280894e-01	-6.553940e+00
1.682000e-05	1.286776e-01	-6.820634e+00
1.683000e-05	-8.224019e-02	-7.153341e+00
1.684000e-05	-6.766093e-03	-7.429604e+00
1.685000e-05	6.482476e-02	-7.692213e+00
1.686000e-05	-9.167389e-02	-7.997029e+00
1.687000e-05	1.370636e-01	-8.219607e+00
1.688000e-05	-1.118234e-01	-8.521162e+00
1.689000e-05	9.954464e-02	-8.787499e+00
1.690000e-05	-3.828440e-02	-8.979050e+00
1.691000e-05	-2.770792e-02	-9.300707e+00
1.692000e-05	2.706313e-02	-9.481717e+00
1.693000e-05	-4.559212e-02	-9.775873e+00
1.694000e-05	1.101736e-01	-9.964421e+00
1.695000e-05	-7.144490e-02	-1.023643e+01
1.696000e-05	6.971560e-02	-1.049061e+01
1.697000e-05	-7.727575e-02	-1.067969e+01
1.698000e-05	5.385267e-02	-1.092174e+01
1.699000e-05	-2.436379e-02	-1.111374e+01
1.700000e-05	1.346019e-02	-1.136392e+01
1.701000e-05	4.615823e-03	-1.159438e+01
1.702000e-05	2.866208e-04	-1.184805e+01
1.703000e-05	3.185463e-02	-1.207753e+01
1.704000e-05	-3.042739e-02	-1.219953e+01
1.705000e-05	1.683380e-02	-1.243803e+01
1.706000e-05	-2.036882e-02	-1.265646e+01
1.707000e-05	4.613713e-02	-1.284652e+01
1.708000e-05	-1.039437e-02	-1.300742e+01
1.709000e-05	1.313653e-02	-1.317585e+01
1.710000e-05	-2.159632e-02	-1.333327e+01
1.711000e-05	1.816660e-02	-1.351176e+01
1.712000e-05	4.310119e-04	-1.365114e+01
1.713000e-05	1.106047e-02	-1.387961e+01
1.714000e-05	-3.601378e-05	-1.399745e+01
1.715000e-05	1.566412e-02	-1.419389e+01
1.716000e-05	1.235641e-02	-1.431124e+01
1.717000e-05	7.859717e-04	-1.448974e+01
1.718000e-05	-8.127993e-03	-1.460492e+01
1.719000e-05	-3.917589e-04	-1.478314e+01
1.720000e-05	2.054942e-02	-1.484846e+01
1.721000e-05	1.167986e-02	-1.497337e+01
1.722000e-05	1.087339e-02	-1.507863e+01
1.723000e-05	-3.531962e-03	-1.519442e+01
1.724000e-05	1.541402e-02	-1.529168e+01
1.725000e-05	8.707891e-03	-1.535534e+01
1.726000e-05	1.091110e-02	-1.546901e+01
1.727000e-05	1.613001e-03	-1.557386e+01
1.728000e-05	1.668076e-02	-1.567958e+01
1.729000e-05	1.817176e-02	-1.572073e+01
1.730000e-05	1.223537e-02	-1.579339e+01
1.731000e-05	2.501196e-03	-1.580798e+01
1.732000e-05	8.122482e-03	-1.587014e+01
1.733000e-05	2.121438e-02	-1.591129e+01
1.734000e-05	2.190924e-02	-1.597642e+01
1.735000e-05	1.558125e-02	-1.603653e+01
1.736000e-05	1.101726e-02	-1.605010e+01
1.737000e-05	1.935263e-02	-1.609166e+01
1.738000e-05	2.364757e-02	-1.612026e+01
1.739000e-05	2.066329e-02	-1.613281e+01
1.740000e-05	1.987682e-02	-1.617377e+01
1.741000e-05	2.712801e-02	-1.617376e+01
1.742000e-05	3.695417e-02	-1.618379e+01
1.743000e-05	3.500181e-02	-1.613534e+01
1.744000e-05	3.105786e-02	-1.611221e+01
1.745000e-05	3.616515e-02	-1.610071e+01
1.746000e-05	5.105349e-02	-1.610108e+01
1.747000e-05	6.423769e-02	-1.604855e+01
1.748000e-05	7.244756e-02	-1.603647e+01
1.749000e-05	8.829064e-02	-1.595330e+01
1.750000e-05	1.223667e-01	-1.591976e+01
1.751000e-05	1.731699e-01	-1.585905e+01
1.752000e-05	2.268355e-01	-1.583702e+01
1.753000e-05	2.496098e-01	-1.576172e+01
1.754000e-05	2.500000e-01	-1.570860e+01
1.755000e-05	2.489844e-01	-1.563487e+01
1.756000e-05	2.077531e-01	-1.552168e+01
1.757000e-05	1.340166e-01	-1.542643e+01
1.758000e-05	8.704509e-02	-1.533218e+01
1.759000e-05	6.441325e-02	-1.520740e+01
1.760000e-05	4.897734e-02	-1.519182e+01
1.761000e-05	3.283952e-02	-1.497900e+01
1.762000e-05	2.159535e-02	-1.492071e+01
1.763000e-05	1.886828e-02	-1.479487e+01
1.764000e-05	1.918304e-02	-1.465958e+01
1.765000e-05	1.319442e-02	-1.455484e+01
1.766000e-05	6.254721e-03	-1.441685e+01
1.767000e-05	4.491409e-03	-1.427112e+01
1.768000e-05	9.366742e-03	-1.415083e+01
1.769000e-05	9.238713e-03	-1.398484e+01
1.770000e-05	4.101828e-03	-1.379639e+01
1.771000e-05	3.379368e-04	-1.364845e+01
1.772000e-05	1.839084e-03	-1.346853e+01
1.773000e-05	4.191083e-03	-1.331125e+01
1.774000e-05	8.094227e-04	-1.309323e+01
1.775000e-05	-1.896469e-03	-1.295526e+01
1.776000e-05	-7.922483e-04	-1.282589e+01
1.777000e-05	2.656395e-03	-1.258592e+01
1.778000e-05	1.364646e-03	-1.238684e+01
1.779000e-05	-3.190518e-03	-1.218985e+01
1.780000e-05	-4.739376e-03	-1.200587e+01
1.781000e-05	-2.283852e-03	-1.180552e+01
1.782000e-05	1.418108e-03	-1.156476e+01
1.783000e-05	-2.135298e-03	-1.131063e+01
1.784000e-05	-4.838925e-03	-1.107050e+01
1.785000e-05	-3.931197e-03	-1.083003e+01
1.786000e-05	-1.316970e-03	-1.067105e+01
1.787000e-05	-3.484882e-03	-1.041837e+01
1.788000e-05	-6.216890e-03	-1.021636e+01
1.789000e-05	-6.240886e-03	-9.946212e+00
1.790000e-05	-3.313453e-03	-9.693610e+00
1.791000e-05	-2.922634e-03	-9.491126e+00
1.792000e-05	-5.827442e-03	-9.188397e+00
1.793000e-05	-7.991191e-03	-8.995422e+00
1.794000e-05	-5.908394e-03	-8.764687e+00
1.795000e-05	-3.593820e-03	-8.502105e+00
1.796000e-05	-5.569028e-03	-8.218372e+00
1.797000e-05	-7.614249e-03	-7.955819e+00
1.798000e-05	-8.039174e-03	-7.662649e+00
1.799000e-05	-4.554126e-03	-7.417918e+00
1.800000e-05	-6.346618e-03	-7.124659e+00
1.801000e-05	-6.914763e-03	-6.820525e+00
1.802000e-05	-9.077581e-03	-6.577939e+00
1.803000e-05	-6.219444e-03	-6.324237e+00
1.804000e-05	-5.234175e-03	-6.029996e+00
1.805000e-05	-7.404568e-03	-5.746215e+00
1.806000e-05	-1.024112e-02	-5.452523e+00
1.807000e-05	-7.759423e-03	-5.137862e+00
1.808000e-05	-7.276292e-03	-4.839990e+00
1.809000e-05	-5.596958e-03	-4.535660e+00
1.810000e-05	-9.894012e-03	-4.275128e+00
1.811000e-05	-9.224500e-03	-3.958347e+00
1.812000e-05	-8.991803e-03	-3.662655e+00
1.813000e-05	-6.193420e-03	-3.400976e+00
1.814000e-05	-9.627650e-03	-3.124740e+00
1.815000e-05	-8.641485e-03	-2.800971e+00
1.816000e-05	-8.348398e-03	-2.516209e+00
1.817000e-05	-7.031433e-03	-2.211523e+00
1.818000e-05	-8.634188e-03	-1.915762e+00
1.819000e-05	-1.153834e-02	-1.594526e+00
1.820000e-05	-1.032607e-02	-1.306184e+00
1.821000e-05	-8.529818e-03	-1.010447e+00
1.822000e-05	-6.938807e-03	-6.851340e-01
1.823000e-05	-9.084517e-03	-3.789496e-01
1.824000e-05	-7.529990e-03	-1.151877e-01
1.825000e-05	2.353537e-03	2.207365e-01
1.826000e-05	4.590320e-03	4.726894e-01
1.827000e-05	-3.664063e-03	7.543397e-01
1.828000e-05	-1.424427e-03	1.031086e+00
1.829000e-05	-5.059911e-03	1.355245e+00
1.830000e-05	2.330071e-04	1.682209e+00
1.831000e-05	7.322623e-03	1.925295e+00
1.832000e-05	5.277322e-02	2.148549e+00
1.833000e-05	9.129108e-02	2.573213e+00
1.834000e-05	-5.946713e-02	2.880115e+00
1.835000e-05	-4.758614e-02	3.134873e+00
1.836000e-05	-3.981705e-02	3.432189e+00
1.837000e-05	-2.987549e-02	3.754817e+00
1.838000e-05	-8.451036e-02	3.925321e+00
1.839000e-05	7.600641e-02	4.195973e+00
1.840000e-05	4.858139e-02	4.534817e+00
1.841000e-05	-1.047571e-01	4.776492e+00
1.842000e-05	1.776716e-01	5.090165e+00
1.843000e-05	-1.262524e-01	5.469509e+00
1.844000e-05	3.214251e-02	5.701337e+00
1.845000e-05	-2.033929e-02	6.019131e+00
1.846000e-05	-2.335038e-02	6.290157e+00
1.847000e-05	7.349512e-02	6.574319e+00
1.848000e-05	-5.386767e-02	6.880602e+00
1.849000e-05	3.793546e-02	7.123742e+00
1.850000e-05	-6.217479e-02	7.447478e+00
1.851000e-05	2.652484e-02	7.730716e+00
1.852000e-05	-1.557711e-02	7.996953e+00
1.853000e-05	-1.279020e-02	8.310108e+00
1.854000e-05	4.714440e-02	8.531268e+00
1.855000e-05	-3.389718e-02	8.764821e+00
1.856000e-05	3.178347e-02	8.976424e+00
1.857000e-05	-3.390123e-02	9.280133e+00
1.858000e-05	-1.862795e-02	9.490186e+00
1.859000e-05	4.104833e-03	9.773714e+00
1.860000e-05	9.670962e-03	1.002649e+01
1.861000e-05	1.921757e-02	1.019908e+01
1.862000e-05	-2.504381e-02	1.046906e+01
1.863000e-05	1.008384e-02	1.070216e+01
1.864000e-05	-2.514938e-02	1.090174e+01
1.865000e-05	7.267801e-03	1.111179e+01
1.866000e-05	-1.582763e-02	1.143179e+01
1.867000e-05	9.607602e-04	1.157640e+01
1.868000e-05	3.491544e-03	1.185750e+01
1.869000e-05	1.984055e-03	1.205803e+01
1.870000e-05	-9.610125e-03	1.224605e+01
1.871000e-05	-1.830640e-02	1.242650e+01
1.872000e-05	-5.026977e-03	1.261697e+01
1.873000e-05	8.854875e-04	1.283700e+01
1.874000e-05	4.149955e-03	1.300342e+01
1.875000e-05	-1.213449e-02	1.316327e+01
1.876000e-05	-9.808299e-03	1.337232e+01
1.877000e-05	-9.943347e-03	1.355073e+01
1.878000e-05	-4.919149e-03	1.367916e+01
1.879000e-05	-1.107774e-02	1.386652e+01
1.880000e-05	-7.225000e-03	1.398540e+01
1.881000e-05	-9.558929e-04	1.420135e+01
1.882000e-05	-2.245727e-03	1.433279e+01
1.883000e-05	-1.533305e-02	1.449858e+01
1.884000e-05	-2.080148e-02	1.462743e+01
1.885000e-05	-1.691389e-02	1.475429e+01
1.886000e-05	-2.763379e-03	1.485866e+01
1.887000e-05	-5.232731e-03	1.495485e+01
1.888000e-05	-9.950621e-03	1.508906e+01
1.889000e-05	-1.340193e-02	1.519432e+01
1.890000e-05	-1.280708e-02	1.525963e+01
1.891000e-05	-1.327037e-02	1.539279e+01
1.892000e-05	-1.955495e-02	1.544756e+01
1.893000e-05	-1.701494e-02	1.559164e+01
1.894000e-05	-1.350505e-02	1.562558e+01
1.895000e-05	-8.421542e-03	1.571013e+01
1.896000e-05	-1.800242e-02	1.577384e+01
1.897000e-05	-2.242780e-02	1.586000e+01
1.898000e-05	-2.394733e-02	1.590106e+01
1.899000e-05	-1.695443e-02	1.596279e+01
1.900000e-05	-1.656173e-02	1.599429e+01
1.901000e-05	-2.393878e-02	1.604640e+01
1.902000e-05	-2.430684e-02	1.608918e+01
1.903000e-05	-2.625440e-02	1.611765e+01
1.904000e-05	-2.532202e-02	1.612016e+01
1.905000e-05	-3.250194e-02	1.614121e+01
1.906000e-05	-3.405342e-02	1.615229e+01
1.907000e-05	-3.274189e-02	1.616223e+01
1.908000e-05	-3.078564e-02	1.613271e+01
1.909000e-05	-3.711302e-02	1.615126e+01
1.910000e-05	-4.974967e-02	1.613070e+01
1.911000e-05	-5.550309e-02	1.614058e+01
1.912000e-05	-5.946145e-02	1.610813e+01
1.913000e-05	-6.526916e-02	1.609653e+01
1.914000e-05	-8.192853e-02	1.602439e+01
1.915000e-05	-1.041932e-01	1.594429e+01
1.916000e-05	-1.358055e-01	1.592311e+01
1.917000e-05	-1.862010e-01	1.586852e+01
1.918000e-05	-2.384026e-01	1.584597e+01
1.919000e-05	-2.500000e-01	1.575319e+01
1.920000e-05	-2.500000e-01	1.570855e+01
1.921000e-05	-2.435343e-01	1.561687e+01
1.922000e-05	-1.929900e-01	1.551171e+01
1.923000e-05	-1.325869e-01	1.545600e+01
1.924000e-05	-9.258441e-02	1.535069e+01
1.925000e-05	-6.699717e-02	1.523640e+01
1.926000e-05	-4.895983e-02	1.512116e+01
1.927000e-05	-4.141858e-02	1.499592e+01
1.928000e-05	-3.604299e-02	1.489308e+01
1.929000e-05	-2.865783e-02	1.480539e+01
1.930000e-05	-2.222812e-02	1.467748e+01
1.931000e-05	-1.970022e-02	1.454123e+01
1.932000e-05	-2.170282e-02	1.436386e+01
1.933000e-05	-1.881379e-02	1.422955e+01
1.934000e-05	-1.469609e-02	1.409958e+01
1.935000e-05	-1.153700e-02	1.392311e+01
1.936000e-05	-1.299417e-02	1.379333e+01
1.937000e-05	-1.522040e-02	1.358539e+01
1.938000e-05	-1.280225e-02	1.340842e+01
1.939000e-05	-1.175800e-02	1.326047e+01
1.940000e-05	-1.055565e-02	1.309163e+01
1.941000e-05	-1.309377e-02	1.292118e+01
1.942000e-05	-1.040721e-02	1.276319e+01
1.943000e-05	-8.687380e-03	1.255381e+01
1.944000e-05	-7.549786e-03	1.237424e+01
1.945000e-05	-1.070707e-02	1.220431e+01
1.946000e-05	-1.198345e-02	1.195481e+01
1.947000e-05	-9.691543e-03	1.176474e+01
1.948000e-05	-7.408639e-03	1.152166e+01
1.949000e-05	-7.744565e-03	1.127108e+01
1.950000e-05	-9.312456e-03	1.110053e+01
1.951000e-05	-7.282081e-03	1.084005e+01
1.952000e-05	-6.216880e-03	1.064854e+01
1.953000e-05	-6.097012e-03	1.037684e+01
1.954000e-05	-8.531874e-03	1.015432e+01
1.955000e-05	-8.630678e-03	9.912710e+00
1.956000e-05	-6.364953e-03	9.669955e+00
1.957000e-05	-5.733720e-03	9.409996e+00
1.958000e-05	-7.019979e-03	9.218347e+00
1.959000e-05	-9.018914e-03	8.924806e+00
1.960000e-05	-7.173365e-03	8.691151e+00
1.961000e-05	-5.179109e-03	8.460002e+00
1.962000e-05	-5.281464e-03	8.196390e+00
1.963000e-05	-6.158481e-03	7.914710e+00
1.964000e-05	-6.524151e-03	7.620100e+00
1.965000e-05	-6.476435e-03	7.355816e+00
1.966000e-05	-6.264728e-03	7.101104e+00
1.967000e-05	-8.150443e-03	6.858547e+00
1.968000e-05	-8.494965e-03	6.524784e+00
1.969000e-05	-6.115157e-03	6.272076e+00
1.970000e-05	-5.048109e-03	6.040495e+00
1.971000e-05	-4.852212e-03	5.732256e+00
1.972000e-05	-6.455179e-03	5.451552e+00
1.973000e-05	-6.344789e-03	5.114231e+00
1.974000e-05	-4.955618e-03	4.779373e+00
1.975000e-05	-6.344617e-03	4.503734e+00
1.976000e-05	-6.628776e-03	4.231917e+00
1.977000e-05	-7.619551e-03	3.916685e+00
1.978000e-05	-6.078368e-03	3.621530e+00
1.979000e-05	-4.806898e-03	3.375837e+00
1.980000e-05	-5.520990e-03	3.042600e+00
1.981000e-05	-6.574913e-03	2.767493e+00
1.982000e-05	-5.697706e-03	2.452102e+00
1.983000e-05	-5.526333e-03	2.147342e+00
1.984000e-05	-5.766150e-03	1.905155e+00
1.985000e-05	-6.750073e-03	1.557889e+00
1.986000e-05	-7.483476e-03	1.284130e+00
1.987000e-05	-5.427806e-03	9.357365e-01
1.988000e-05	-4.325069e-03	6.115220e-01
1.989000e-05	-2.850530e-03	3.468380e-01
1.990000e-05	-2.425641e-03	9.734250e-04
1.991000e-05	5.588590e-03	-2.422345e-01
1.992000e-05	7.079388e-03	-5.443387e-01
1.993000e-05	-1.983081e-03	-8.406069e-01
1.994000e-05	1.182236e-03	-1.124710e+00
1.995000e-05	-3.629335e-03	-1.399655e+00
1.996000e-05	1.543652e-03	-1.672687e+00
1.997000e-05	2.621848e-02	-1.935392e+00
1.998000e-05	1.168817e-01	-2.189024e+00
1.999000e-05	5.276089e-03	-2.577001e+00
2.000000e-05	-6.449727e-02	-3.019586e+00
2.001000e-05	-2.120697e-02	-3.316374e+00
2.002000e-05	-4.628339e-02	-3.556923e+00
2.003000e-05	-7.811789e-02	-3.786926e+00
2.004000e-05	1.103403e-01	-3.947000e+00
2.005000e-05	6.175360e-03	-4.260084e+00
2.006000e-05	-6.679781e-02	-4.535845e+00
2.007000e-05	1.646948e-01	-4.779001e+00
2.008000e-05	-1.746812e-01	-5.145875e+00
2.009000e-05	1.411526e-01	-5.472341e+00
2.010000e-05	-8.938253e-02	-5.757443e+00
2.011000e-05	-2.000103e-02	-6.042183e+00
2.012000e-05	1.193752e-01	-6.323188e+00
2.013000e-05	-1.171648e-01	-6.619099e+00
2.014000e-05	1.486519e-01	-6.910214e+00
2.015000e-05	-1.411838e-01	-7.177978e+00
2.016000e-05	6.908905e-02	-7.522760e+00
2.017000e-05	-7.527083e-03	-7.753842e+00
2.018000e-05	-3.436497e-02	-8.069658e+00
2.019000e-05	1.063265e-01	-8.263186e+00
2.020000e-05	-1.134284e-01	-8.546372e+00
2.021000e-05	1.345245e-01	-8.838578e+00
2.022000e-05	-9.758198e-02	-9.071633e+00
2.023000e-05	3.187426e-02	-9.323889e+00
2.024000e-05	-2.804427e-02	-9.544796e+00
2.025000e-05	1.023900e-02	-9.786925e+00
2.026000e-05	6.908208e-02	-9.995552e+00
2.027000e-05	-5.340418e-02	-1.028118e+01
2.028000e-05	5.922540e-02	-1.052177e+01
2.029000e-05	-8.043044e-02	-1.074334e+01
2.030000e-05	7.396627e-02	-1.098384e+01
2.031000e-05	-5.143390e-02	-1.116645e+01
2.032000e-05	4.177496e-02	-1.137736e+01
2.033000e-05	-2.278855e-02	-1.166648e+01
2.034000e-05	2.916961e-02	-1.190019e+01
2.035000e-05	4.103125e-03	-1.208119e+01
2.036000e-05	-1.375346e-02	-1.229014e+01
2.037000e-05	4.058699e-03	-1.249068e+01
2.038000e-05	-5.049288e-03	-1.268918e+01
2.039000e-05	4.003735e-02	-1.287960e+01
2.040000e-05	-1.203137e-02	-1.304703e+01
2.041000e-05	1.091075e-02	-1.323600e+01
2.042000e-05	-2.268784e-02	-1.340497e+01
2.043000e-05	2.414805e-02	-1.357424e+01
2.044000e-05	-6.686407e-03	-1.372329e+01
2.045000e-05	1.542438e-02	-1.393111e+01
2.046000e-05	-4.171591e-03	-1.402755e+01
2.047000e-05	2.296254e-02	-1.418544e+01
2.048000e-05	5.794137e-03	-1.436224e+01
2.049000e-05	1.981692e-03	-1.451169e+01
2.050000e-05	-1.158654e-02	-1.462748e+01
2.051000e-05	7.355076e-03	-1.479434e+01
2.052000e-05	1.861188e-02	-1.485908e+01
2.053000e-05	1.370596e-02	-1.500492e+01
2.054000e-05	5.114994e-03	-1.514113e+01
2.055000e-05	-2.206026e-04	-1.519743e+01
2.056000e-05	1.611327e-02	-1.533118e+01
2.057000e-05	8.431658e-03	-1.540492e+01
2.058000e-05	9.295723e-03	-1.548908e+01
2.059000e-05	2.334640e-03	-1.559440e+01
2.060000e-05	1.800803e-02	-1.566958e+01
2.061000e-05	1.584076e-02	-1.572971e+01
2.062000e-05	1.062377e-02	-1.575590e+01
2.063000e-05	2.179321e-03	-1.583603e+01
2.064000e-05	1.151662e-02	-1.592176e+01
2.065000e-05	2.277667e-02	-1.596137e+01
2.066000e-05	2.168611e-02	-1.601537e+01
2.067000e-05	1.450833e-02	-1.596705e+01
2.068000e-05	1.207015e-02	-1.610906e+01
2.069000e-05	2.024739e-02	-1.612008e+01
2.070000e-05	2.322198e-02	-1.612071e+01
2.071000e-05	2.002012e-02	-1.615427e+01
2.072000e-05	1.984418e-02	-1.618476e+01
2.073000e-05	2.915228e-02	-1.617429e+01
2.074000e-05	3.849647e-02	-1.616482e+01
2.075000e-05	3.464431e-02	-1.614226e+01
2.076000e-05	3.121113e-02	-1.614213e+01
2.077000e-05	3.736495e-02	-1.609211e+01
2.078000e-05	5.343360e-02	-1.607018e+01
2.079000e-05	6.484069e-02	-1.604553e+01
2.080000e-05	7.317205e-02	-1.600535e+01
2.081000e-05	9.365156e-02	-1.596329e+01
2.082000e-05	1.320900e-01	-1.588116e+01
2.083000e-05	1.860404e-01	-1.587902e+01
2.084000e-05	2.347189e-01	-1.582499e+01
2.085000e-05	2.499799e-01	-1.575081e+01
2.086000e-05	2.500000e-01	-1.568908e+01
2.087000e-05	2.437349e-01	-1.561632e+01
2.088000e-05	1.921465e-01	-1.548863e+01
2.089000e-05	1.207047e-01	-1.535737e+01
2.090000e-05	7.994825e-02	-1.529220e+01
2.091000e-05	6.103039e-02	-1.522787e+01
2.092000e-05	4.641754e-02	-1.510224e+01
2.093000e-05	3.054641e-02	-1.498589e+01
2.094000e-05	2.131782e-02	-1.490115e+01
2.095000e-05	1.890379e-02	-1.476426e+01
2.096000e-05	1.841500e-02	-1.463852e+01
2.097000e-05	1.143378e-02	-1.454368e+01
2.098000e-05	4.626248e-03	-1.438637e+01
2.099000e-05	5.353661e-03	-1.420695e+01
2.100000e-05	9.138353e-03	-1.407960e+01
2.101000e-05	8.323171e-03	-1.389213e+01
2.102000e-05	3.076335e-03	-1.375686e+01
2.103000e-05	5.402195e-04	-1.358632e+01
2.104000e-05	3.466685e-03	-1.343652e+01
2.105000e-05	4.839149e-03	-1.330053e+01
2.106000e-05	7.802559e-04	-1.307163e+01
2.107000e-05	-2.552135e-03	-1.290270e+01
2.108000e-05	-1.005175e-03	-1.274319e+01
2.109000e-05	2.176656e-03	-1.253324e+01
2.110000e-05	7.595130e-06	-1.231276e+01
2.111000e-05	-4.125497e-03	-1.215586e+01
2.112000e-05	-3.996646e-03	-1.196369e+01
2.113000e-05	-3.276789e-04	-1.178180e+01
2.114000e-05	9.790950e-04	-1.146060e+01
2.115000e-05	-2.885403e-03	-1.124057e+01
2.116000e-05	-5.457665e-03	-1.100344e+01
2.117000e-05	-3.873761e-03	-1.078950e+01
2.118000e-05	-2.213723e-03	-1.060744e+01
2.119000e-05	-4.155896e-03	-1.036484e+01
2.120000e-05	-6.572509e-03	-1.010226e+01
2.121000e-05	-4.995654e-03	-9.894160e+00
2.122000e-05	-2.618686e-03	-9.693104e+00
2.123000e-05	-3.329279e-03	-9.417573e+00
2.124000e-05	-6.285874e-03	-9.197788e+00
2.125000e-05	-7.534088e-03	-8.905234e+00
2.126000e-05	-5.152083e-03	-8.732059e+00
2.127000e-05	-3.629161e-03	-8.420051e+00
2.128000e-05	-6.476611e-03	-8.157367e+00
2.129000e-05	-8.436432e-03	-7.922588e+00
2.130000e-05	-7.895181e-03	-7.599471e+00
2.131000e-05	-4.402438e-03	-7.314189e+00
2.132000e-05	-6.415694e-03	-7.061546e+00
2.133000e-05	-7.592979e-03	-6.749249e+00
2.134000e-05	-9.078925e-03	-6.495734e+00
2.135000e-05	-5.558343e-03	-6.272077e+00
2.136000e-05	-5.859962e-03	-5.947319e+00
2.137000e-05	-7.755446e-03	-5.683655e+00
2.138000e-05	-1.072524e-02	-5.439863e+00
2.139000e-05	-6.850392e-03	-5.083054e+00
2.140000e-05	-6.221008e-03	-4.735291e+00
2.141000e-05	-7.139413e-03	-4.482155e+00
2.142000e-05	-1.078527e-02	-4.221997e+00
2.143000e-05	-9.530514e-03	-3.946384e+00
2.144000e-05	-7.963024e-03	-3.633101e+00
2.145000e-05	-7.789681e-03	-3.356841e+00
2.146000e-05	-9.932225e-03	-3.022005e+00
2.147000e-05	-9.622511e-03	-2.736721e+00
2.148000e-05	-7.928631e-03	-2.462626e+00
2.149000e-05	-6.818289e-03	-2.178842e+00
2.150000e-05	-9.208410e-03	-1.852679e+00
2.151000e-05	-1.133016e-02	-1.599466e+00
2.152000e-05	-9.869233e-03	-1.200545e+00
2.153000e-05	-7.927626e-03	-9.558393e-01
2.154000e-05	-7.398232e-03	-6.000972e-01
2.155000e-05	-8.559257e-03	-3.262893e-01
2.156000e-05	-5.849556e-03	-4.362482e-02
2.157000e-05	5.200883e-03	2.605845e-01
2.158000e-05	-2.301422e-04	5.468488e-01
2.159000e-05	-1.727415e-03	8.164252e-01
2.160000e-05	-4.704074e-03	1.113268e+00
2.161000e-05	-1.569299e-03	1.397452e+00
2.162000e-05	-9.549464e-05	1.674791e+00
2.163000e-05	1.363235e-02	1.967995e+00
2.164000e-05	6.795633e-02	2.240499e+00
2.165000e-05	7.174371e-02	2.564400e+00
2.166000e-05	-7.874505e-02	2.935447e+00
2.167000e-05	-3.681035e-02	3.208552e+00
2.168000e-05	-3.931426e-02	3.495816e+00
2.169000e-05	-3.853999e-02	3.787424e+00
2.170000e-05	-7.510123e-02	4.016975e+00
2.171000e-05	1.166420e-01	4.221136e+00
2.172000e-05	-2.398376e-02	4.588453e+00
2.173000e-05	-3.521794e-02	4.848576e+00
2.174000e-05	1.401067e-01	5.174975e+00
2.175000e-05	-1.476010e-01	5.521762e+00
2.176000e-05	7.101027e-02	5.764867e+00
2.177000e-05	-6.504810e-02	6.091706e+00
2.178000e-05	2.668964e-02	6.351815e+00
2.179000e-05	3.667666e-02	6.628047e+00
2.180000e-05	-3.917629e-02	6.922762e+00
2.181000e-05	3.105198e-02	7.194022e+00
2.182000e-05	-6.636282e-02	7.472186e+00
2.183000e-05	4.657312e-02	7.765367e+00
2.184000e-05	-4.233355e-02	8.079137e+00
2.185000e-05	1.990280e-02	8.344315e+00
2.186000e-05	2.483937e-02	8.545444e+00
2.187000e-05	-2.648110e-02	8.803899e+00
2.188000e-05	3.421824e-02	9.068604e+00
2.189000e-05	-5.143625e-02	9.340235e+00
2.190000e-05	1.206031e-03	9.511738e+00
2.191000e-05	-9.284860e-03	9.814423e+00
2.192000e-05	2.714813e-02	1.009808e+01
2.193000e-05	-2.959040e-03	1.027066e+01
2.194000e-05	-1.105463e-02	1.053066e+01
2.195000e-05	2.561128e-03	1.076232e+01
2.196000e-05	-1.891531e-02	1.095334e+01
2.197000e-05	7.051583e-03	1.115437e+01
2.198000e-05	-2.034783e-02	1.142445e+01
2.199000e-05	7.394630e-03	1.166805e+01
2.200000e-05	-4.328213e-03	1.187809e+01
2.201000e-05	7.219767e-03	1.208908e+01
2.202000e-05	-1.898405e-02	1.226908e+01
2.203000e-05	-9.866377e-03	1.247066e+01
2.204000e-05	-6.187735e-03	1.262053e+01
2.205000e-05	6.413027e-03	1.285746e+01
2.206000e-05	-2.760997e-03	1.300644e+01
2.207000e-05	-1.175345e-02	1.318640e+01
2.208000e-05	-1.189638e-02	1.337284e+01
2.209000e-05	-8.075436e-03	1.355229e+01
2.210000e-05	-5.634772e-03	1.371171e+01
2.211000e-05	-1.439280e-02	1.390706e+01
2.212000e-05	-4.781733e-03	1.404905e+01
2.213000e-05	-4.195695e-03	1.420647e+01
2.214000e-05	5.634542e-04	1.434392e+01
2.215000e-05	-1.753703e-02	1.451974e+01
2.216000e-05	-1.731435e-02	1.464805e+01
2.217000e-05	-1.560162e-02	1.477537e+01
2.218000e-05	-3.752327e-03	1.488969e+01
2.219000e-05	-8.618810e-03	1.501547e+01
2.220000e-05	-1.423547e-02	1.509971e+01
2.221000e-05	-1.349182e-02	1.515342e+01
2.222000e-05	-1.272508e-02	1.528021e+01
2.223000e-05	-9.680676e-03	1.539389e+01
2.224000e-05	-1.902753e-02	1.552861e+01
2.225000e-05	-1.495839e-02	1.556134e+01
2.226000e-05	-1.405024e-02	1.565805e+01
2.227000e-05	-1.069106e-02	1.574068e+01
2.228000e-05	-2.063534e-02	1.582484e+01
2.229000e-05	-2.570369e-02	1.581750e+01
2.230000e-05	-2.212119e-02	1.588213e+01
2.231000e-05	-1.653510e-02	1.597371e+01
2.232000e-05	-1.595795e-02	1.599437e+01
2.233000e-05	-2.459792e-02	1.602702e+01
2.234000e-05	-2.362856e-02	1.603748e+01
2.235000e-05	-2.530428e-02	1.612021e+01
2.236000e-05	-2.611942e-02	1.612118e+01
2.237000e-05	-3.357451e-02	1.614073e+01
2.238000e-05	-3.577399e-02	1.614134e+01
2.239000e-05	-3.376353e-02	1.614323e+01
2.240000e-05	-3.194339e-02	1.617126e+01
2.241000e-05	-3.947165e-02	1.617126e+01
2.242000e-05	-5.059435e-02	1.612073e+01
2.243000e-05	-5.413429e-02	1.607911e+01
2.244000e-05	-5.852522e-02	1.606760e+01
2.245000e-05	-6.764233e-02	1.599647e+01
2.246000e-05	-8.792167e-02	1.603542e+01
2.247000e-05	-1.117251e-01	1.595436e+01
2.248000e-05	-1.461153e-01	1.592161e+01
2.249000e-05	-1.999059e-01	1.585800e+01
2.250000e-05	-2.444914e-01	1.577491e+01
2.251000e-05	-2.500000e-01	1.573121e+01
2.252000e-05	-2.500000e-01	1.567957e+01
2.253000e-05	-2.370767e-01	1.561537e+01
2.254000e-05	-1.785614e-01	1.553004e+01
2.255000e-05	-1.249167e-01	1.540594e+01
2.256000e-05	-8.811032e-02	1.532068e+01
2.257000e-05	-6.305756e-02	1.521392e+01
2.258000e-05	-4.643424e-02	1.506115e+01
2.259000e-05	-3.988082e-02	1.498582e+01
2.260000e-05	-3.413144e-02	1.489008e+01
2.261000e-05	-2.602651e-02	1.475224e+01
2.262000e-05	-2.075792e-02	1.461794e+01
2.263000e-05	-1.993320e-02	1.453216e+01
2.264000e-05	-2.213727e-02	1.437274e+01
2.265000e-05	-1.880872e-02	1.420655e+01
2.266000e-05	-1.324006e-02	1.402795e+01
2.267000e-05	-1.236307e-02	1.390068e+01
2.268000e-05	-1.375693e-02	1.374416e+01
2.269000e-05	-1.454368e-02	1.354484e+01
2.270000e-05	-1.194949e-02	1.341644e+01
2.271000e-05	-1.064497e-02	1.323845e+01
2.272000e-05	-1.155815e-02	1.305852e+01
2.273000e-05	-1.373850e-02	1.288060e+01
2.274000e-05	-1.053169e-02	1.268156e+01
2.275000e-05	-7.695967e-03	1.250368e+01
2.276000e-05	-8.134913e-03	1.228111e+01
2.277000e-05	-1.090182e-02	1.211213e+01
2.278000e-05	-1.139660e-02	1.192208e+01
2.279000e-05	-8.860961e-03	1.166208e+01
2.280000e-05	-7.535658e-03	1.146857e+01
2.281000e-05	-9.546519e-03	1.124845e+01
2.282000e-05	-9.235780e-03	1.099744e+01
2.283000e-05	-6.995808e-03	1.079735e+01
2.284000e-05	-5.075651e-03	1.057426e+01
2.285000e-05	-6.591917e-03	1.031421e+01
2.286000e-05	-9.138548e-03	1.012363e+01
2.287000e-05	-8.663254e-03	9.849048e+00
2.288000e-05	-6.086025e-03	9.598971e+00
2.289000e-05	-5.813214e-03	9.346817e+00
2.290000e-05	-7.942258e-03	9.153689e+00
2.291000e-05	-8.872540e-03	8.902206e+00
2.292000e-05	-7.077752e-03	8.620050e+00
2.293000e-05	-5.023543e-03	8.357370e+00
2.294000e-05	-6.018027e-03	8.144881e+00
2.295000e-05	-6.681119e-03	7.860600e+00
2.296000e-05	-5.622601e-03	7.607947e+00
2.297000e-05	-4.794111e-03	7.263208e+00
2.298000e-05	-6.442990e-03	7.030974e+00
2.299000e-05	-8.088295e-03	6.787867e+00
2.300000e-05	-7.619533e-03	6.504105e+00
2.301000e-05	-5.785210e-03	6.218948e+00
2.302000e-05	-5.838831e-03	5.927363e+00
2.303000e-05	-5.434815e-03	5.621131e+00
2.304000e-05	-6.688371e-03	5.408913e+00
2.305000e-05	-5.094600e-03	5.020593e+00
2.306000e-05	-3.759279e-03	4.725209e+00
2.307000e-05	-4.924774e-03	4.441075e+00
2.308000e-05	-6.827992e-03	4.156334e+00
2.309000e-05	-6.609689e-03	3.812576e+00
2.310000e-05	-6.024545e-03	3.590445e+00
2.311000e-05	-6.294118e-03	3.302626e+00
2.312000e-05	-6.281832e-03	2.978497e+00
2.313000e-05	-6.081331e-03	2.725279e+00
2.314000e-05	-4.934936e-03	2.419316e+00
2.315000e-05	-4.028354e-03	2.095734e+00
2.316000e-05	-5.488501e-03	1.811100e+00
2.317000e-05	-5.724526e-03	1.506331e+00
2.318000e-05	-5.938911e-03	1.171521e+00
2.319000e-05	-4.698529e-03	8.321051e-01
2.320000e-05	-4.937896e-03	5.489357e-01
2.321000e-05	-5.018319e-03	2.961275e-01
2.322000e-05	-3.132740e-03	-8.205706e-03
2.323000e-05	7.971198e-03	-3.257649e-01
2.324000e-05	3.647676e-03	-5.874728e-01
2.325000e-05	1.620138e-03	-8.731859e-01
2.326000e-05	-8.606070e-04	-1.167921e+00
2.327000e-05	2.630372e-04	-1.492736e+00
2.328000e-05	2.362810e-03	-1.725367e+00
2.329000e-05	3.954226e-02	-1.956924e+00
2.330000e-05	1.218244e-01	-2.312587e+00
2.331000e-05	-4.164678e-02	-2.672240e+00
2.332000e-05	-4.186200e-02	-3.074298e+00
2.333000e-05	-3.233181e-02	-3.408473e+00
2.334000e-05	-4.480663e-02	-3.589530e+00
2.335000e-05	-7.147220e-02	-3.841133e+00
2.336000e-05	1.572121e-01	-4.018555e+00
2.337000e-05	-7.999800e-02	-4.303744e+00
2.338000e-05	1.096804e-02	-4.649553e+00
2.339000e-05	9.178392e-02	-4.860735e+00
2.340000e-05	-1.452425e-01	-5.280084e+00
2.341000e-05	1.641487e-01	-5.556897e+00
2.342000e-05	-1.693001e-01	-5.809054e+00
2.343000e-05	7.253637e-02	-6.092795e+00
2.344000e-05	4.376354e-02	-6.366371e+00
2.345000e-05	-6.334093e-02	-6.662641e+00
2.346000e-05	1.230176e-01	-6.945841e+00
2.347000e-05	-1.592744e-01	-7.269158e+00
2.348000e-05	1.215817e-01	-7.553268e+00
2.349000e-05	-7.445285e-02	-7.807529e+00
2.350000e-05	3.769072e-02	-8.122290e+00
2.351000e-05	4.422112e-02	-8.314787e+00
2.352000e-05	-7.680796e-02	-8.628558e+00
2.353000e-05	1.272795e-01	-8.944138e+00
2.354000e-05	-1.248541e-01	-9.133765e+00
2.355000e-05	7.396456e-02	-9.367869e+00
2.356000e-05	-7.145057e-02	-9.597550e+00
2.357000e-05	7.039626e-02	-9.831153e+00
2.358000e-05	1.349028e-02	-1.008961e+01
2.359000e-05	-1.513147e-02	-1.034387e+01
2.360000e-05	2.492466e-02	-1.057424e+01
2.361000e-05	-5.854972e-02	-1.078695e+01
2.362000e-05	6.907892e-02	-1.099447e+01
2.363000e-05	-5.720722e-02	-1.122803e+01
2.364000e-05	5.595403e-02	-1.148911e+01
2.365000e-05	-3.904781e-02	-1.166064e+01
2.366000e-05	5.123335e-02	-1.192281e+01
2.367000e-05	-2.061852e-02	-1.215474e+01
2.368000e-05	5.619450e-03	-1.231222e+01
2.369000e-05	-1.264713e-02	-1.254226e+01
2.370000e-05	1.400292e-02	-1.272014e+01
2.371000e-05	2.626613e-02	-1.291014e+01
2.372000e-05	-6.319226e-03	-1.307060e+01
2.373000e-05	3.023776e-03	-1.326751e+01
2.374000e-05	-1.493938e-02	-1.342598e+01
2.375000e-05	2.311104e-02	-1.359492e+01
2.376000e-05	-5.445854e-03	-1.377439e+01
2.377000e-05	1.526900e-02	-1.388322e+01
2.378000e-05	-3.683513e-03	-1.404811e+01
2.379000e-05	2.455175e-02	-1.422703e+01
2.380000e-05	1.079909e-03	-1.435635e+01
2.381000e-05	1.135000e-03	-1.456121e+01
2.382000e-05	-1.234615e-02	-1.463848e+01
2.383000e-05	1.398640e-02	-1.483489e+01
2.384000e-05	1.630504e-02	-1.487871e+01
2.385000e-05	1.508274e-02	-1.503752e+01
2.386000e-05	1.027180e-03	-1.509069e+01
2.387000e-05	4.183399e-03	-1.521643e+01
2.388000e-05	1.398941e-02	-1.532171e+01
2.389000e-05	9.073671e-03	-1.543645e+01
2.390000e-05	6.978434e-03	-1.551123e+01
2.391000e-05	4.386707e-03	-1.562692e+01
2.392000e-05	1.897501e-02	-1.570866e+01
2.393000e-05	1.514634e-02	-1.575176e+01
2.394000e-05	9.149869e-03	-1.577539e+01
2.395000e-05	1.062959e-03	-1.583756e+01
2.396000e-05	1.461660e-02	-1.593219e+01
2.397000e-05	2.323657e-02	-1.595169e+01
2.398000e-05	2.152684e-02	-1.602539e+01
2.399000e-05	1.241858e-02	-1.605708e+01
2.400000e-05	1.269459e-02	-1.607058e+01
2.401000e-05	2.129437e-02	-1.615268e+01
2.402000e-05	2.234532e-02	-1.612224e+01
2.403000e-05	1.839919e-02	-1.616326e+01
2.404000e-05	2.042748e-02	-1.613331e+01
2.405000e-05	3.159166e-02	-1.616381e+01
2.406000e-05	3.811034e-02	-1.616331e+01
2.407000e-05	3.414231e-02	-1.614372e+01
2.408000e-05	3.077733e-02	-1.614221e+01
2.409000e-05	4.050868e-02	-1.607166e+01
2.410000e-05	5.629783e-02	-1.607965e+01
2.411000e-05	6.746886e-02	-1.603750e+01
2.412000e-05	7.557214e-02	-1.599587e+01
2.413000e-05	9.981127e-02	-1.597182e+01
2.414000e-05	1.423865e-01	-1.592960e+01
2.415000e-05	1.986347e-01	-1.585707e+01
2.416000e-05	2.413259e-01	-1.581487e+01
2.417000e-05	2.500000e-01	-1.571163e+01
2.418000e-05	2.500000e-01	-1.568848e+01
2.419000e-05	2.375786e-01	-1.559334e+01
2.420000e-05	1.752221e-01	-1.544960e+01
2.421000e-05	1.095397e-01	-1.537532e+01
2.422000e-05	7.422203e-02	-1.529110e+01
2.423000e-05	5.802029e-02	-1.519539e+01
2.424000e-05	4.320925e-02	-1.509968e+01
2.425000e-05	2.776715e-02	-1.497387e+01
2.426000e-05	1.935035e-02	-1.488016e+01
2.427000e-05	1.841458e-02	-1.475479e+01
2.428000e-05	1.826581e-02	-1.461705e+01
2.429000e-05	1.084634e-02	-1.451028e+01
2.430000e-05	4.309613e-03	-1.433469e+01
2.431000e-05	6.123022e-03	-1.419685e+01
2.432000e-05	9.771235e-03	-1.407897e+01
2.433000e-05	7.626552e-03	-1.391013e+01
2.434000e-05	1.409084e-03	-1.370321e+01
2.435000e-05	1.006032e-03	-1.355474e+01
2.436000e-05	3.186063e-03	-1.337649e+01
2.437000e-05	4.856551e-03	-1.321854e+01
2.438000e-05	1.835115e-04	-1.302007e+01
2.439000e-05	-2.632228e-03	-1.289163e+01
2.440000e-05	-1.719382e-04	-1.273213e+01
2.441000e-05	2.963627e-03	-1.250216e+01
2.442000e-05	-4.079092e-04	-1.231163e+01
2.443000e-05	-4.835734e-03	-1.213323e+01
2.444000e-05	-3.515055e-03	-1.191326e+01
2.445000e-05	4.365814e-04	-1.168063e+01
2.446000e-05	9.252879e-04	-1.145842e+01
2.447000e-05	-4.082016e-03	-1.118639e+01
2.448000e-05	-5.200396e-03	-1.100627e+01
2.449000e-05	-2.674910e-03	-1.077484e+01
2.450000e-05	-1.272410e-03	-1.056571e+01
2.451000e-05	-4.336822e-03	-1.029061e+01
2.452000e-05	-7.361247e-03	-1.008015e+01
2.453000e-05	-5.568373e-03	-9.871074e+00
2.454000e-05	-2.201809e-03	-9.639450e+00
2.455000e-05	-3.679763e-03	-9.366941e+00
2.456000e-05	-7.082011e-03	-9.113258e+00
2.457000e-05	-7.495362e-03	-8.902602e+00
2.458000e-05	-4.530731e-03	-8.619492e+00
2.459000e-05	-3.871991e-03	-8.375411e+00
2.460000e-05	-7.637595e-03	-8.114285e+00
2.461000e-05	-8.952608e-03	-7.870931e+00
2.462000e-05	-6.839460e-03	-7.546260e+00
2.463000e-05	-4.587371e-03	-7.291608e+00
2.464000e-05	-7.059699e-03	-6.978970e+00
2.465000e-05	-7.936928e-03	-6.755788e+00
2.466000e-05	-9.284062e-03	-6.463080e+00
2.467000e-05	-3.843544e-03	-6.177945e+00
2.468000e-05	-6.621846e-03	-5.893731e+00
2.469000e-05	-8.029307e-03	-5.653021e+00
2.470000e-05	-1.041797e-02	-5.295780e+00
2.471000e-05	-7.336813e-03	-4.978947e+00
2.472000e-05	-6.791558e-03	-4.643156e+00
2.473000e-05	-9.307688e-03	-4.418475e+00
2.474000e-05	-1.111855e-02	-4.168837e+00
2.475000e-05	-9.856728e-03	-3.851553e+00
2.476000e-05	-7.271798e-03	-3.549914e+00
2.477000e-05	-7.099564e-03	-3.325108e+00
2.478000e-05	-8.776765e-03	-2.958843e+00
2.479000e-05	-7.956655e-03	-2.694631e+00
2.480000e-05	-6.956559e-03	-2.379022e+00
2.481000e-05	-8.027997e-03	-2.074661e+00
2.482000e-05	-1.106047e-02	-1.808944e+00
2.483000e-05	-1.279895e-02	-1.527259e+00
2.484000e-05	-9.884342e-03	-1.157816e+00
2.485000e-05	-7.690440e-03	-8.636313e-01
2.486000e-05	-6.367504e-03	-5.363393e-01
2.487000e-05	-7.509918e-03	-2.737063e-01
2.488000e-05	-3.878206e-03	3.208540e-02
2.489000e-05	8.013850e-03	3.339187e-01
2.490000e-05	-3.846830e-03	5.595004e-01
2.491000e-05	-3.862687e-04	8.401805e-01
2.492000e-05	-5.878817e-03	1.167546e+00
2.493000e-05	2.255029e-04	1.470187e+00
2.494000e-05	-8.783687e-04	1.807578e+00
2.495000e-05	2.226067e-02	2.009082e+00
2.496000e-05	8.353895e-02	2.253739e+00
2.497000e-05	3.964157e-02	2.623091e+00
2.498000e-05	-8.145994e-02	2.998021e+00
2.499000e-05	-3.180481e-02	3.261262e+00
2.500000e-05	-3.468492e-02	3.607527e+00
2.501000e-05	-5.368722e-02	3.840104e+00
2.502000e-05	-5.022513e-02	4.069029e+00
2.503000e-05	1.384952e-01	4.285444e+00
2.504000e-05	-9.221626e-02	4.661108e+00
2.505000e-05	4.341123e-02	4.881679e+00
2.506000e-05	7.666033e-02	5.252735e+00
2.507000e-05	-1.259102e-01	5.517292e+00
2.508000e-05	8.381355e-02	5.849082e+00
2.509000e-05	-8.859554e-02	6.125267e+00
2.510000e-05	7.052407e-02	6.365850e+00
2.511000e-05	-5.062183e-03	6.711762e+00
2.512000e-05	-1.583149e-02	6.964370e+00
2.513000e-05	7.994510e-03	7.237555e+00
2.514000e-05	-5.526718e-02	7.554892e+00
2.515000e-05	5.104090e-02	7.838553e+00
2.516000e-05	-5.386502e-02	8.131817e+00
2.517000e-05	4.812518e-02	8.395874e+00
2.518000e-05	1.018588e-03	8.617049e+00
2.519000e-05	-1.265454e-02	8.868031e+00
2.520000e-05	2.440925e-02	9.100708e+00
2.521000e-05	-5.864053e-02	9.362890e+00
2.522000e-05	1.451123e-02	9.605445e+00
2.523000e-05	-1.786163e-02	9.838507e+00
2.524000e-05	4.094931e-02	1.011021e+01
2.525000e-05	-1.934702e-02	1.031079e+01
2.526000e-05	3.286574e-03	1.054429e+01
2.527000e-05	-9.012149e-03	1.080697e+01
2.528000e-05	-1.204808e-02	1.101584e+01
2.529000e-05	2.746411e-03	1.123492e+01
2.530000e-05	-2.093034e-02	1.147748e+01
2.531000e-05	1.127482e-02	1.172066e+01
2.532000e-05	-9.602561e-03	1.195231e+01
2.533000e-05	8.999129e-03	1.211224e+01
2.534000e-05	-2.518560e-02	1.232966e+01
2.535000e-05	-2.835779e-03	1.250171e+01
2.536000e-05	-7.561546e-03	1.267966e+01
2.537000e-05	1.016382e-02	1.287813e+01
2.538000e-05	-5.781997e-03	1.303861e+01
2.539000e-05	-1.269101e-02	1.325753e+01
2.540000e-05	-1.158711e-02	1.342555e+01
2.541000e-05	-9.834194e-03	1.360534e+01
2.542000e-05	-5.647234e-03	1.377186e+01
2.543000e-05	-1.579826e-02	1.393006e+01
2.544000e-05	-8.422034e-04	1.407914e+01
2.545000e-05	-4.568631e-03	1.426813e+01
2.546000e-05	-6.107861e-04	1.440492e+01
2.547000e-05	-2.003141e-02	1.455122e+01
2.548000e-05	-1.722524e-02	1.468013e+01
2.549000e-05	-1.346513e-02	1.479637e+01
2.550000e-05	-3.672993e-03	1.496121e+01
2.551000e-05	-8.774659e-03	1.499545e+01
2.552000e-05	-1.493677e-02	1.507963e+01
2.553000e-05	-1.199141e-02	1.524540e+01
2.554000e-05	-1.211457e-02	1.530021e+01
2.555000e-05	-1.085065e-02	1.543397e+01
2.556000e-05	-1.916015e-02	1.551021e+01
2.557000e-05	-1.495873e-02	1.561477e+01
2.558000e-05	-1.216884e-02	1.567805e+01
2.559000e-05	-1.180981e-02	1.572218e+01
2.560000e-05	-2.181688e-02	1.579482e+01
2.561000e-05	-2.687772e-02	1.586808e+01
2.562000e-05	-2.114663e-02	1.591120e+01
2.563000e-05	-1.653865e-02	1.594434e+01
2.564000e-05	-1.625158e-02	1.603642e+01
2.565000e-05	-2.544892e-02	1.608705e+01
2.566000e-05	-2.349909e-02	1.611958e+01
2.567000e-05	-2.502628e-02	1.610911e+01
2.568000e-05	-2.719867e-02	1.612166e+01
2.569000e-05	-3.437346e-02	1.614023e+01
2.570000e-05	-3.655332e-02	1.614129e+01
2.571000e-05	-3.160640e-02	1.618124e+01
2.572000e-05	-3.312025e-02	1.613176e+01
2.573000e-05	-4.026503e-02	1.614128e+01
2.574000e-05	-5.228642e-02	1.613965e+01
2.575000e-05	-5.475728e-02	1.609808e+01
2.576000e-05	-5.962089e-02	1.609755e+01
2.577000e-05	-7.128726e-02	1.602647e+01
2.578000e-05	-9.207545e-02	1.597584e+01
2.579000e-05	-1.186551e-01	1.596274e+01
2.580000e-05	-1.548244e-01	1.586916e+01
2.581000e-05	-2.115228e-01	1.585805e+01
2.582000e-05	-2.481921e-01	1.582589e+01
2.583000e-05	-2.500000e-01	1.577110e+01
2.584000e-05	-2.500000e-01	1.562997e+01
2.585000e-05	-2.279695e-01	1.556472e+01
2.586000e-05	-1.644436e-01	1.547904e+01
2.587000e-05	-1.158383e-01	1.541444e+01
2.588000e-05	-8.219053e-02	1.530913e+01
2.589000e-05	-5.750899e-02	1.514381e+01
2.590000e-05	-4.313286e-02	1.509055e+01
2.591000e-05	-3.838450e-02	1.495276e+01
2.592000e-05	-3.222756e-02	1.484750e+01
2.593000e-05	-2.482618e-02	1.475271e+01
2.594000e-05	-2.064270e-02	1.458542e+01
2.595000e-05	-2.102803e-02	1.448013e+01
2.596000e-05	-2.138074e-02	1.435178e+01
2.597000e-05	-1.858274e-02	1.418477e+01
2.598000e-05	-1.197438e-02	1.399785e+01
2.599000e-05	-1.298934e-02	1.383852e+01
2.600000e-05	-1.399776e-02	1.371073e+01
2.601000e-05	-1.535401e-02	1.350311e+01
2.602000e-05	-1.097503e-02	1.335328e+01
2.603000e-05	-1.076484e-02	1.316481e+01
2.604000e-05	-1.189401e-02	1.301742e+01
2.605000e-05	-1.318193e-02	1.282847e+01
2.606000e-05	-1.036725e-02	1.262955e+01
2.607000e-05	-7.389972e-03	1.243053e+01
2.608000e-05	-9.417171e-03	1.226863e+01
2.609000e-05	-1.144693e-02	1.208110e+01
2.610000e-05	-1.169897e-02	1.186055e+01
2.611000e-05	-7.549459e-03	1.163650e+01
2.612000e-05	-7.689763e-03	1.143640e+01
2.613000e-05	-8.822086e-03	1.119789e+01
2.614000e-05	-1.018184e-02	1.095741e+01
2.615000e-05	-7.133086e-03	1.076576e+01
2.616000e-05	-5.300262e-03	1.052226e+01
2.617000e-05	-7.667274e-03	1.027160e+01
2.618000e-05	-9.386630e-03	1.003108e+01
2.619000e-05	-8.890584e-03	9.807468e+00
2.620000e-05	-5.541834e-03	9.526716e+00
2.621000e-05	-6.411291e-03	9.334332e+00
2.622000e-05	-8.034204e-03	9.090634e+00
2.623000e-05	-8.104898e-03	8.847947e+00
2.624000e-05	-6.501735e-03	8.546462e+00
2.625000e-05	-4.539128e-03	8.345339e+00
2.626000e-05	-6.176757e-03	8.071652e+00
2.627000e-05	-7.382310e-03	7.817496e+00
2.628000e-05	-6.456801e-03	7.546263e+00
2.629000e-05	-4.797020e-03	7.231000e+00
2.630000e-05	-5.372110e-03	7.008395e+00
2.631000e-05	-8.058493e-03	6.692608e+00
2.632000e-05	-6.988062e-03	6.417925e+00
2.633000e-05	-5.088882e-03	6.186341e+00
2.634000e-05	-4.634121e-03	5.885159e+00
2.635000e-05	-6.075660e-03	5.568521e+00
2.636000e-05	-6.431542e-03	5.335264e+00
2.637000e-05	-5.919781e-03	4.966739e+00
2.638000e-05	-4.173212e-03	4.682050e+00
2.639000e-05	-5.908060e-03	4.378970e+00
2.640000e-05	-7.147759e-03	4.083582e+00
2.641000e-05	-5.929939e-03	3.789921e+00
2.642000e-05	-4.366138e-03	3.535760e+00
2.643000e-05	-5.322329e-03	3.189469e+00
2.644000e-05	-5.897461e-03	2.926260e+00
2.645000e-05	-7.356499e-03	2.661576e+00
2.646000e-05	-4.889183e-03	2.334259e+00
2.647000e-05	-4.646169e-03	2.062601e+00
2.648000e-05	-5.699921e-03	1.738840e+00
2.649000e-05	-5.720031e-03	1.433077e+00
2.650000e-05	-5.039226e-03	1.117789e+00
2.651000e-05	-4.352064e-03	8.009209e-01
2.652000e-05	-4.942569e-03	4.842113e-01
2.653000e-05	-5.332198e-03	1.999955e-01
2.654000e-05	-1.434252e-03	-9.471604e-02
2.655000e-05	1.010337e-02	-3.254489e-01
2.656000e-05	-1.234836e-03	-6.825919e-01
2.657000e-05	2.743414e-03	-9.258201e-01
2.658000e-05	-3.796303e-03	-1.219058e+00
2.659000e-05	2.085235e-03	-1.527373e+00
2.660000e-05	5.818353e-03	-1.777025e+00
2.661000e-05	6.043304e-02	-1.987978e+00
2.662000e-05	1.112465e-01	-2.366799e+00
2.663000e-05	-7.272926e-02	-2.806998e+00
2.664000e-05	-2.423363e-02	-3.186953e+00
2.665000e-05	-4.379325e-02	-3.479634e+00
2.666000e-05	-5.039092e-02	-3.630659e+00
2.667000e-05	-4.458130e-02	-3.892264e+00
2.668000e-05	1.699080e-01	-4.090685e+00
2.669000e-05	-1.517941e-01	-4.376478e+00
2.670000e-05	1.105346e-01	-4.693788e+00
2.671000e-05	1.786634e-02	-4.914344e+00
2.672000e-05	-8.005372e-02	-5.326294e+00
2.673000e-05	1.270928e-01	-5.597979e+00
2.674000e-05	-1.859677e-01	-5.891738e+00
2.675000e-05	1.545486e-01	-6.155391e+00
2.676000e-05	-4.078345e-02	-6.418107e+00
2.677000e-05	1.291979e-02	-6.772924e+00
2.678000e-05	5.661204e-02	-6.988502e+00
2.679000e-05	-1.300852e-01	-7.333894e+00
2.680000e-05	1.355904e-01	-7.616951e+00
2.681000e-05	-1.139867e-01	-7.890267e+00
2.682000e-05	1.029135e-01	-8.195843e+00
2.683000e-05	-2.744551e-02	-8.396925e+00
2.684000e-05	-1.327389e-02	-8.699690e+00
2.685000e-05	8.002696e-02	-8.953296e+00
2.686000e-05	-1.159748e-01	-9.174551e+00
2.687000e-05	8.271930e-02	-9.406477e+00
2.688000e-05	-8.965767e-02	-9.690557e+00
2.689000e-05	1.142833e-01	-9.900733e+00
2.690000e-05	-3.638184e-02	-1.010229e+01
2.691000e-05	2.957502e-02	-1.036453e+01
2.692000e-05	-1.937739e-02	-1.061498e+01
2.693000e-05	-1.787813e-02	-1.087058e+01
2.694000e-05	4.033116e-02	-1.102856e+01
2.695000e-05	-4.281972e-02	-1.126973e+01
2.696000e-05	4.942246e-02	-1.153011e+01
2.697000e-05	-3.694115e-02	-1.175232e+01
2.698000e-05	5.878559e-02	-1.200527e+01
2.699000e-05	-3.628733e-02	-1.216444e+01
2.700000e-05	1.858822e-02	-1.234526e+01
2.701000e-05	-2.272378e-02	-1.254332e+01
2.702000e-05	3.449424e-02	-1.272484e+01
2.703000e-05	9.035088e-03	-1.293221e+01
2.704000e-05	2.296189e-03	-1.313269e+01
2.705000e-05	-8.678208e-03	-1.331063e+01
2.706000e-05	-2.208217e-03	-1.347806e+01
2.707000e-05	1.511909e-02	-1.361798e+01
2.708000e-05	-9.039015e-04	-1.378497e+01
2.709000e-05	1.185776e-02	-1.395335e+01
2.710000e-05	4.060213e-03	-1.412076e+01
2.711000e-05	2.439843e-02	-1.428961e+01
2.712000e-05	-9.640533e-04	-1.443750e+01
2.713000e-05	-1.626113e-03	-1.455382e+01
2.714000e-05	-1.171093e-02	-1.465861e+01
2.715000e-05	1.820970e-02	-1.482647e+01
2.716000e-05	1.351437e-02	-1.496269e+01
2.717000e-05	1.354338e-02	-1.504658e+01
2.718000e-05	-1.535345e-03	-1.513221e+01
2.719000e-05	1.058449e-02	-1.524706e+01
2.720000e-05	1.303906e-02	-1.531229e+01
2.721000e-05	1.056066e-02	-1.543710e+01
2.722000e-05	3.531787e-03	-1.556379e+01
2.723000e-05	8.108522e-03	-1.562497e+01
2.724000e-05	1.803516e-02	-1.569110e+01
2.725000e-05	1.248777e-02	-1.577229e+01
2.726000e-05	4.726688e-03	-1.579555e+01
2.727000e-05	2.089063e-03	-1.590018e+01
2.728000e-05	1.821670e-02	-1.595071e+01
2.729000e-05	2.425681e-02	-1.599329e+01
2.730000e-05	1.953473e-02	-1.603753e+01
2.731000e-05	1.118400e-02	-1.602853e+01
2.732000e-05	1.570491e-02	-1.612018e+01
2.733000e-05	2.140529e-02	-1.610914e+01
2.734000e-05	2.049953e-02	-1.615273e+01
2.735000e-05	1.707246e-02	-1.612321e+01
2.736000e-05	2.301326e-02	-1.615376e+01
2.737000e-05	3.473192e-02	-1.613431e+01
2.738000e-05	3.925270e-02	-1.616421e+01
2.739000e-05	3.193722e-02	-1.616274e+01
2.740000e-05	3.249777e-02	-1.612224e+01
2.741000e-05	4.408746e-02	-1.611060e+01
2.742000e-05	5.947399e-02	-1.609056e+01
2.743000e-05	6.786343e-02	-1.606650e+01
2.744000e-05	7.865760e-02	-1.599387e+01
2.745000e-05	1.073781e-01	-1.596224e+01
2.746000e-05	1.533787e-01	-1.591911e+01
2.747000e-05	2.108479e-01	-1.580747e+01
2.748000e-05	2.457767e-01	-1.579482e+01
2.749000e-05	2.500000e-01	-1.569023e+01
2.750000e-05	2.500000e-01	-1.566800e+01
2.751000e-05	2.285005e-01	-1.554171e+01
2.752000e-05	1.580668e-01	-1.546955e+01
2.753000e-05	9.923887e-02	-1.536627e+01
2.754000e-05	6.958607e-02	-1.527907e+01
2.755000e-05	5.545305e-02	-1.516429e+01
2.756000e-05	3.976055e-02	-1.508943e+01
2.757000e-05	2.545745e-02	-1.497234e+01
2.758000e-05	1.952276e-02	-1.485002e+01
2.759000e-05	2.069660e-02	-1.473273e+01
2.760000e-05	1.658232e-02	-1.458837e+01
2.761000e-05	7.060050e-03	-1.447855e+01
2.762000e-05	3.620274e-03	-1.430166e+01
2.763000e-05	7.199666e-03	-1.414479e+01
2.764000e-05	1.036267e-02	-1.404638e+01
2.765000e-05	5.716264e-03	-1.385000e+01
2.766000e-05	-2.349657e-04	-1.369162e+01
2.767000e-05	1.157192e-03	-1.351271e+01
2.768000e-05	5.552167e-03	-1.334481e+01
2.769000e-05	4.504443e-03	-1.319632e+01
2.770000e-05	-4.578893e-04	-1.301955e+01
2.771000e-05	-1.846028e-03	-1.283847e+01
2.772000e-05	1.501337e-03	-1.265912e+01
2.773000e-05	2.106381e-03	-1.246008e+01
2.774000e-05	-3.064201e-03	-1.226208e+01
2.775000e-05	-5.609671e-03	-1.203000e+01
2.776000e-05	-2.222980e-03	-1.188158e+01
2.777000e-05	2.535147e-03	-1.162845e+01
2.778000e-05	-3.713709e-04	-1.136732e+01
2.779000e-05	-4.701211e-03	-1.114381e+01
2.780000e-05	-5.625918e-03	-1.093514e+01
2.781000e-05	-1.782497e-03	-1.073564e+01
2.782000e-05	-2.208393e-03	-1.052418e+01
2.783000e-05	-5.293450e-03	-1.027915e+01
2.784000e-05	-7.259353e-03	-9.990925e+00
2.785000e-05	-4.343027e-03	-9.778469e+00
2.786000e-05	-2.035505e-03	-9.598894e+00
2.787000e-05	-4.739426e-03	-9.303155e+00
2.788000e-05	-8.281310e-03	-9.070579e+00
2.789000e-05	-6.465470e-03	-8.821523e+00
2.790000e-05	-3.038451e-03	-8.585366e+00
2.791000e-05	-3.918786e-03	-8.293655e+00
2.792000e-05	-8.752772e-03	-8.031577e+00
2.793000e-05	-8.961093e-03	-7.806389e+00
2.794000e-05	-6.942165e-03	-7.504656e+00
2.795000e-05	-4.537121e-03	-7.187476e+00
2.796000e-05	-6.834962e-03	-6.916289e+00
2.797000e-05	-9.081702e-03	-6.693631e+00
2.798000e-05	-8.627726e-03	-6.410020e+00
2.799000e-05	-4.955324e-03	-6.094734e+00
2.800000e-05	-6.947924e-03	-5.861955e+00
2.801000e-05	-8.517237e-03	-5.588335e+00
2.802000e-05	-1.004844e-02	-5.251101e+00
2.803000e-05	-6.937972e-03	-4.925315e+00
2.804000e-05	-5.886935e-03	-4.620470e+00
2.805000e-05	-1.028997e-02	-4.356868e+00
2.806000e-05	-1.116178e-02	-4.115207e+00
2.807000e-05	-9.495176e-03	-3.758946e+00
2.808000e-05	-6.756267e-03	-3.514762e+00
2.809000e-05	-7.712685e-03	-3.251052e+00
2.810000e-05	-9.298700e-03	-2.905204e+00
2.811000e-05	-9.266811e-03	-2.629552e+00
2.812000e-05	-6.774243e-03	-2.328304e+00
2.813000e-05	-8.192189e-03	-1.992572e+00
2.814000e-05	-1.150109e-02	-1.738290e+00
2.815000e-05	-1.163566e-02	-1.441526e+00
2.816000e-05	-9.379845e-03	-1.054184e+00
2.817000e-05	-7.755396e-03	-8.315484e-01
2.818000e-05	-7.242038e-03	-4.841602e-01
2.819000e-05	-8.082031e-03	-1.919745e-01
2.820000e-05	-3.004725e-03	7.521190e-02
2.821000e-05	7.878797e-03	3.785016e-01
2.822000e-05	-4.736855e-03	6.506068e-01
2.823000e-05	9.693869e-04	9.633122e-01
2.824000e-05	-6.705062e-03	1.251231e+00
2.825000e-05	1.258308e-03	1.532292e+00
2.826000e-05	-4.150014e-05	1.851133e+00
2.827000e-05	3.120802e-02	2.060134e+00
2.828000e-05	9.382120e-02	2.354922e+00
2.829000e-05	7.583305e-04	2.773895e+00
2.830000e-05	-7.315444e-02	3.041081e+00
2.831000e-05	-3.164337e-02	3.354867e+00
2.832000e-05	-3.065434e-02	3.660154e+00
2.833000e-05	-6.919582e-02	3.892759e+00
2.834000e-05	-8.504601e-03	4.080733e+00
2.835000e-05	1.317450e-01	4.388580e+00
2.836000e-05	-1.344885e-01	4.693762e+00
2.837000e-05	1.255626e-01	4.985843e+00
2.838000e-05	-8.787508e-03	5.344343e+00
2.839000e-05	-7.255949e-02	5.608375e+00
2.840000e-05	6.019183e-02	5.893838e+00
2.841000e-05	-8.668244e-02	6.186445e+00
2.842000e-05	9.294194e-02	6.419153e+00
2.843000e-05	-3.851662e-02	6.783846e+00
2.844000e-05	1.507609e-02	6.987954e+00
2.845000e-05	-2.143643e-02	7.321216e+00
2.846000e-05	-2.579730e-02	7.607550e+00
2.847000e-05	3.469648e-02	7.881586e+00
2.848000e-05	-5.220113e-02	8.186000e+00
2.849000e-05	5.894007e-02	8.419028e+00
2.850000e-05	-2.079348e-02	8.660606e+00
2.851000e-05	6.055713e-03	8.922133e+00
2.852000e-05	7.507155e-03	9.204442e+00
2.853000e-05	-5.043093e-02	9.387499e+00
2.854000e-05	1.987233e-02	9.659078e+00
2.855000e-05	-1.602785e-02	9.870716e+00
2.856000e-05	4.171714e-02	1.017334e+01
2.857000e-05	-3.226688e-02	1.037290e+01
2.858000e-05	1.181722e-02	1.057495e+01
2.859000e-05	-2.132068e-02	1.081116e+01
2.860000e-05	-2.756184e-03	1.103853e+01
2.861000e-05	-2.714029e-03	1.126916e+01
2.862000e-05	-1.325845e-02	1.152128e+01
2.863000e-05	1.219415e-02	1.175189e+01
2.864000e-05	-8.561043e-03	1.198479e+01
2.865000e-05	4.465703e-03	1.216332e+01
2.866000e-05	-2.832799e-02	1.235387e+01
2.867000e-05	-6.279812e-04	1.252329e+01
2.868000e-05	-6.483029e-03	1.272326e+01
2.869000e-05	1.061402e-02	1.287019e+01
2.870000e-05	-8.084018e-03	1.310213e+01
2.871000e-05	-1.221652e-02	1.326918e+01
2.872000e-05	-1.068199e-02	1.342710e+01
2.873000e-05	-1.006856e-02	1.358792e+01
2.874000e-05	-7.087107e-03	1.380450e+01
2.875000e-05	-1.303783e-02	1.392084e+01
2.876000e-05	-4.954201e-04	1.415121e+01
2.877000e-05	-3.076197e-03	1.428018e+01
2.878000e-05	-5.747405e-03	1.443597e+01
2.879000e-05	-2.004552e-02	1.457377e+01
2.880000e-05	-1.779993e-02	1.473156e+01
2.881000e-05	-9.039208e-03	1.481742e+01
2.882000e-05	-4.875399e-03	1.494122e+01
2.883000e-05	-8.407561e-03	1.503500e+01
2.884000e-05	-1.483612e-02	1.512119e+01
2.885000e-05	-1.223003e-02	1.524803e+01
2.886000e-05	-1.318608e-02	1.533124e+01
2.887000e-05	-1.361450e-02	1.544652e+01
2.888000e-05	-1.863721e-02	1.549911e+01
2.889000e-05	-1.456159e-02	1.561692e+01
2.890000e-05	-9.932800e-03	1.569011e+01
2.891000e-05	-1.509824e-02	1.572331e+01
2.892000e-05	-2.183029e-02	1.578685e+01
2.893000e-05	-2.645502e-02	1.587858e+01
2.894000e-05	-1.907960e-02	1.597219e+01
2.895000e-05	-1.623547e-02	1.598382e+01
2.896000e-05	-1.875686e-02	1.602637e+01
2.897000e-05	-2.513510e-02	1.609905e+01
2.898000e-05	-2.400699e-02	1.613008e+01
2.899000e-05	-2.445519e-02	1.612810e+01
2.900000e-05	-2.977635e-02	1.614121e+01
2.901000e-05	-3.428592e-02	1.617026e+01
2.902000e-05	-3.456076e-02	1.610264e+01
2.903000e-05	-3.148613e-02	1.614124e+01
2.904000e-05	-3.501758e-02	1.616023e+01
2.905000e-05	-4.325896e-02	1.612116e+01
2.906000e-05	-5.230339e-02	1.609816e+01
2.907000e-05	-5.546501e-02	1.608955e+01
2.908000e-05	-6.161137e-02	1.604758e+01
2.909000e-05	-7.647826e-02	1.601692e+01
2.910000e-05	-9.583892e-02	1.599437e+01
2.911000e-05	-1.247912e-01	1.593176e+01
2.912000e-05	-1.653418e-01	1.588057e+01
2.913000e-05	-2.230945e-01	1.586645e+01
2.914000e-05	-2.498648e-01	1.578379e+01
2.915000e-05	-2.500000e-01	1.572110e+01
2.916000e-05	-2.500000e-01	1.564742e+01
2.917000e-05	-2.171256e-01	1.553221e+01
2.918000e-05	-1.539104e-01	1.548698e+01
2.919000e-05	-1.069686e-01	1.536429e+01
2.920000e-05	-7.663672e-02	1.527765e+01
2.921000e-05	-5.350226e-02	1.516373e+01
2.922000e-05	-4.249549e-02	1.503805e+01
2.923000e-05	-3.549980e-02	1.494281e+01
2.924000e-05	-3.099758e-02	1.479700e+01
2.925000e-05	-2.512573e-02	1.469161e+01
2.926000e-05	-2.140163e-02	1.456284e+01
2.927000e-05	-2.260645e-02	1.446907e+01
2.928000e-05	-2.031158e-02	1.426168e+01
2.929000e-05	-1.728675e-02	1.413367e+01
2.930000e-05	-1.250399e-02	1.398437e+01
2.931000e-05	-1.360426e-02	1.383597e+01
2.932000e-05	-1.426457e-02	1.367957e+01
2.933000e-05	-1.462054e-02	1.348111e+01
2.934000e-05	-1.184311e-02	1.332426e+01
2.935000e-05	-1.167444e-02	1.313381e+01
2.936000e-05	-1.310264e-02	1.298486e+01
2.937000e-05	-1.212306e-02	1.281724e+01
2.938000e-05	-1.050853e-02	1.259694e+01
2.939000e-05	-7.949796e-03	1.240692e+01
2.940000e-05	-1.013126e-02	1.221704e+01
2.941000e-05	-1.173245e-02	1.206002e+01
2.942000e-05	-1.029176e-02	1.180835e+01
2.943000e-05	-7.294234e-03	1.162539e+01
2.944000e-05	-8.484502e-03	1.136283e+01
2.945000e-05	-8.889973e-03	1.111461e+01
2.946000e-05	-9.337390e-03	1.095476e+01
2.947000e-05	-7.548365e-03	1.073270e+01
2.948000e-05	-6.310988e-03	1.052118e+01
2.949000e-05	-7.903367e-03	1.024995e+01
2.950000e-05	-8.057779e-03	1.001692e+01
2.951000e-05	-7.507644e-03	9.755262e+00
2.952000e-05	-5.483627e-03	9.483707e+00
2.953000e-05	-6.703470e-03	9.263079e+00
2.954000e-05	-8.091040e-03	9.028442e+00
2.955000e-05	-8.494918e-03	8.767892e+00
2.956000e-05	-5.398948e-03	8.534738e+00
2.957000e-05	-5.544896e-03	8.291631e+00
2.958000e-05	-6.089085e-03	8.001000e+00
2.959000e-05	-6.637927e-03	7.797813e+00
2.960000e-05	-5.114812e-03	7.491029e+00
2.961000e-05	-5.161393e-03	7.137319e+00
2.962000e-05	-6.102619e-03	6.925662e+00
2.963000e-05	-7.784856e-03	6.660977e+00
2.964000e-05	-6.413000e-03	6.365288e+00
2.965000e-05	-4.653337e-03	6.113233e+00
2.966000e-05	-5.601209e-03	5.840997e+00
2.967000e-05	-6.528056e-03	5.527763e+00
2.968000e-05	-7.136610e-03	5.262072e+00
2.969000e-05	-5.107181e-03	4.902180e+00
2.970000e-05	-4.755131e-03	4.580468e+00
2.971000e-05	-5.329406e-03	4.336342e+00
2.972000e-05	-6.022398e-03	4.020498e+00
2.973000e-05	-4.609999e-03	3.757785e+00
2.974000e-05	-5.342208e-03	3.463129e+00
2.975000e-05	-5.969410e-03	3.166939e+00
2.976000e-05	-6.955028e-03	2.864656e+00
2.977000e-05	-6.012728e-03	2.619444e+00
2.978000e-05	-5.284896e-03	2.253579e+00
2.979000e-05	-4.811831e-03	2.000470e+00
2.980000e-05	-5.757342e-03	1.694231e+00
2.981000e-05	-5.643366e-03	1.349894e+00
2.982000e-05	-5.290973e-03	1.033609e+00
2.983000e-05	-4.934743e-03	7.058116e-01
2.984000e-05	-5.568547e-03	4.530275e-01
2.985000e-05	-3.924369e-03	1.173353e-01
2.986000e-05	3.299795e-04	-1.453450e-01
2.987000e-05	1.039203e-02	-4.105028e-01
2.988000e-05	-3.250518e-03	-7.328449e-01
2.989000e-05	3.537673e-03	-1.007950e+00
2.990000e-05	-4.153155e-03	-1.302136e+00
2.991000e-05	2.815279e-03	-1.579500e+00
2.992000e-05	9.254658e-03	-1.849581e+00
2.993000e-05	8.289350e-02	-2.072637e+00
2.994000e-05	8.213134e-02	-2.429133e+00
2.995000e-05	-8.473828e-02	-2.871692e+00
2.996000e-05	-1.573115e-02	-3.229127e+00
2.997000e-05	-4.838978e-02	-3.484262e+00
2.998000e-05	-6.024917e-02	-3.682140e+00
2.999000e-05	5.965771e-03	-3.914893e+00
3.000000e-05	1.362272e-01	-4.123790e+00
3.001000e-05	-1.656765e-01	-4.450133e+00
3.002000e-05	1.916045e-01	-4.712293e+00
3.003000e-05	-7.687991e-02	-5.039003e+00
3.004000e-05	4.070657e-04	-5.426953e+00
3.005000e-05	5.512467e-02	-5.669079e+00
3.006000e-05	-1.444920e-01	-5.955472e+00
3.007000e-05	1.855426e-01	-6.206474e+00
3.008000e-05	-1.045846e-01	-6.511742e+00
3.009000e-05	8.998633e-02	-6.838604e+00
3.010000e-05	-2.686017e-02	-7.060115e+00
3.011000e-05	-6.645057e-02	-7.407503e+00
3.012000e-05	1.053191e-01	-7.668579e+00
3.013000e-05	-1.158545e-01	-7.974347e+00
3.014000e-05	1.379072e-01	-8.227502e+00
3.015000e-05	-8.697728e-02	-8.467652e+00
3.016000e-05	6.012523e-02	-8.754892e+00
3.017000e-05	1.249806e-02	-8.975950e+00
3.018000e-05	-7.180786e-02	-9.259579e+00
3.019000e-05	5.813741e-02	-9.438606e+00
3.020000e-05	-7.525218e-02	-9.702216e+00
3.021000e-05	1.248803e-01	-9.943770e+00
3.022000e-05	-6.713503e-02	-1.019355e+01
3.023000e-05	6.207734e-02	-1.046658e+01
3.024000e-05	-6.059025e-02	-1.066911e+01
3.025000e-05	2.798116e-02	-1.092021e+01
3.026000e-05	7.881875e-04	-1.110166e+01
3.027000e-05	-1.206693e-02	-1.133269e+01
3.028000e-05	2.642288e-02	-1.156374e+01
3.029000e-05	-1.808382e-02	-1.179792e+01
3.030000e-05	4.907273e-02	-1.201598e+01
3.031000e-05	-3.601888e-02	-1.222850e+01
3.032000e-05	2.266585e-02	-1.238640e+01
3.033000e-05	-2.585576e-02	-1.258592e+01
3.034000e-05	4.373625e-02	-1.278535e+01
3.035000e-05	-6.302297e-03	-1.295389e+01
3.036000e-05	9.796428e-03	-1.316234e+01
3.037000e-05	-1.751492e-02	-1.333219e+01
3.038000e-05	1.278293e-02	-1.349968e+01
3.039000e-05	5.455880e-03	-1.365858e+01
3.040000e-05	8.666300e-03	-1.383748e+01
3.041000e-05	3.469118e-03	-1.399335e+01
3.042000e-05	1.137303e-02	-1.416182e+01
3.043000e-05	1.813145e-02	-1.428219e+01
3.044000e-05	-9.589268e-04	-1.447858e+01
3.045000e-05	-3.860678e-03	-1.459587e+01
3.046000e-05	-8.104882e-03	-1.470116e+01
3.047000e-05	2.079201e-02	-1.481653e+01
3.048000e-05	1.009627e-02	-1.496182e+01
3.049000e-05	1.485455e-02	-1.503921e+01
3.050000e-05	-3.506744e-03	-1.514277e+01
3.051000e-05	1.534498e-02	-1.526811e+01
3.052000e-05	9.960300e-03	-1.533279e+01
3.053000e-05	1.140136e-02	-1.545853e+01
3.054000e-05	9.859957e-04	-1.553277e+01
3.055000e-05	1.041031e-02	-1.568513e+01
3.056000e-05	1.702655e-02	-1.569066e+01
3.057000e-05	1.180590e-02	-1.578479e+01
3.058000e-05	4.231643e-03	-1.582600e+01
3.059000e-05	4.878572e-03	-1.590011e+01
3.060000e-05	2.142836e-02	-1.593274e+01
3.061000e-05	2.237211e-02	-1.600639e+01
3.062000e-05	1.795019e-02	-1.600695e+01
3.063000e-05	1.057030e-02	-1.606908e+01
3.064000e-05	1.676991e-02	-1.612368e+01
3.065000e-05	2.191468e-02	-1.611223e+01
3.066000e-05	1.972671e-02	-1.614371e+01
3.067000e-05	1.735817e-02	-1.615226e+01
3.068000e-05	2.403783e-02	-1.614479e+01
3.069000e-05	3.649479e-02	-1.617331e+01
3.070000e-05	3.690959e-02	-1.613181e+01
3.071000e-05	3.295506e-02	-1.616374e+01
3.072000e-05	3.433873e-02	-1.612118e+01
3.073000e-05	4.749566e-02	-1.609013e+01
3.074000e-05	6.124898e-02	-1.610010e+01
3.075000e-05	6.904069e-02	-1.602437e+01
3.076000e-05	8.271579e-02	-1.596434e+01
3.077000e-05	1.153706e-01	-1.592171e+01
3.078000e-05	1.649120e-01	-1.590006e+01
3.079000e-05	2.205471e-01	-1.583697e+01
3.080000e-05	2.487384e-01	-1.574234e+01
3.081000e-05	2.500000e-01	-1.571161e+01
3.082000e-05	2.500000e-01	-1.557542e+01
3.083000e-05	2.169689e-01	-1.553171e+01
3.084000e-05	1.438946e-01	-1.544895e+01
3.085000e-05	9.160353e-02	-1.532418e+01
3.086000e-05	6.506203e-02	-1.522858e+01
3.087000e-05	5.172450e-02	-1.514329e+01
3.088000e-05	3.556154e-02	-1.507847e+01
3.089000e-05	2.287681e-02	-1.493224e+01
3.090000e-05	1.938246e-02	-1.478647e+01
3.091000e-05	2.031001e-02	-1.469111e+01
3.092000e-05	1.669858e-02	-1.457483e+01
3.093000e-05	8.085676e-03	-1.441892e+01
3.094000e-05	4.624941e-03	-1.427060e+01
3.095000e-05	8.791047e-03	-1.413226e+01
3.096000e-05	9.131769e-03	-1.398436e+01
3.097000e-05	4.465322e-03	-1.379842e+01
3.098000e-05	-9.557511e-04	-1.363755e+01
3.099000e-05	1.767465e-03	-1.349913e+01
3.100000e-05	5.339335e-03	-1.334376e+01
3.101000e-05	4.594541e-03	-1.312224e+01
3.102000e-05	-7.591522e-04	-1.298684e+01
3.103000e-05	2.143184e-04	-1.277645e+01
3.104000e-05	2.466430e-03	-1.260697e+01
3.105000e-05	1.821254e-03	-1.243992e+01
3.106000e-05	-3.684824e-03	-1.223842e+01
3.107000e-05	-6.220086e-03	-1.205895e+01
3.108000e-05	-2.496925e-03	-1.187862e+01
3.109000e-05	1.439612e-03	-1.154432e+01
3.110000e-05	-7.687889e-04	-1.131166e+01
3.111000e-05	-3.717901e-03	-1.106168e+01
3.112000e-05	-3.638556e-03	-1.085211e+01
3.113000e-05	-1.477621e-03	-1.069263e+01
3.114000e-05	-3.637636e-03	-1.043905e+01
3.115000e-05	-6.625819e-03	-1.019687e+01
3.116000e-05	-8.434369e-03	-9.946338e+00
3.117000e-05	-4.395982e-03	-9.765866e+00
3.118000e-05	-2.867118e-03	-9.493607e+00
3.119000e-05	-4.969301e-03	-9.271154e+00
3.120000e-05	-6.777234e-03	-9.008945e+00
3.121000e-05	-5.470274e-03	-8.766846e+00
3.122000e-05	-3.802647e-03	-8.535229e+00
3.123000e-05	-5.521778e-03	-8.252580e+00
3.124000e-05	-8.681193e-03	-7.987968e+00
3.125000e-05	-8.942329e-03	-7.743732e+00
3.126000e-05	-5.874600e-03	-7.472075e+00
3.127000e-05	-5.583807e-03	-7.168869e+00
3.128000e-05	-7.203928e-03	-6.862755e+00
3.129000e-05	-8.861191e-03	-6.660972e+00
3.130000e-05	-8.248296e-03	-6.346892e+00
3.131000e-05	-5.441865e-03	-6.031605e+00
3.132000e-05	-8.057499e-03	-5.839972e+00
3.133000e-05	-9.454997e-03	-5.483231e+00
3.134000e-05	-8.867339e-03	-5.169818e+00
3.135000e-05	-7.023018e-03	-4.883604e+00
3.136000e-05	-5.830614e-03	-4.507293e+00
3.137000e-05	-9.776522e-03	-4.296141e+00
3.138000e-05	-9.857306e-03	-4.029501e+00
3.139000e-05	-1.003984e-02	-3.736212e+00
3.140000e-05	-6.621371e-03	-3.463079e+00
3.141000e-05	-9.546365e-03	-3.149321e+00
3.142000e-05	-8.563803e-03	-2.811504e+00
3.143000e-05	-9.341776e-03	-2.548937e+00
3.144000e-05	-6.231789e-03	-2.252604e+00
3.145000e-05	-8.313908e-03	-1.949818e+00
3.146000e-05	-9.934179e-03	-1.704259e+00
3.147000e-05	-1.161365e-02	-1.379296e+00
3.148000e-05	-8.694766e-03	-1.002077e+00
3.149000e-05	-7.338215e-03	-7.588915e-01
3.150000e-05	-7.673538e-03	-4.120511e-01
3.151000e-05	-7.167942e-03	-1.377932e-01
3.152000e-05	8.436821e-04	1.653940e-01
3.153000e-05	6.623791e-03	4.611605e-01
3.154000e-05	-3.289007e-03	7.157358e-01
3.155000e-05	2.827899e-04	9.874450e-01
3.156000e-05	-6.568458e-03	1.292212e+00
3.157000e-05	1.311260e-03	1.599028e+00
3.158000e-05	4.388995e-03	1.892734e+00
3.159000e-05	4.372975e-02	2.103869e+00
3.160000e-05	9.703761e-02	2.449659e+00
3.161000e-05	-3.744212e-02	2.799083e+00
3.162000e-05	-5.854886e-02	3.103837e+00
3.163000e-05	-3.627452e-02	3.409052e+00
3.164000e-05	-2.702215e-02	3.692737e+00
3.165000e-05	-8.147054e-02	3.923816e+00
3.166000e-05	4.078106e-02	4.143817e+00
3.167000e-05	9.309816e-02	4.510710e+00
3.168000e-05	-1.337431e-01	4.766396e+00
3.169000e-05	1.736759e-01	5.038983e+00
3.170000e-05	-8.791101e-02	5.397504e+00
3.171000e-05	-8.188530e-03	5.668586e+00
3.172000e-05	1.564432e-02	5.976999e+00
3.173000e-05	-5.625668e-02	6.219028e+00
3.174000e-05	9.025744e-02	6.532837e+00
3.175000e-05	-5.379146e-02	6.847000e+00
3.176000e-05	3.357024e-02	7.051607e+00
3.177000e-05	-4.876683e-02	7.373396e+00
3.178000e-05	5.791595e-03	7.660633e+00
3.179000e-05	6.807265e-03	7.953397e+00
3.180000e-05	-3.207259e-02	8.227076e+00
3.181000e-05	5.707857e-02	8.461680e+00
3.182000e-05	-3.222417e-02	8.722240e+00
3.183000e-05	2.284403e-02	8.953346e+00
3.184000e-05	-1.698659e-02	9.237029e+00
3.185000e-05	-3.407414e-02	9.479080e+00
3.186000e-05	1.213040e-02	9.691662e+00
3.187000e-05	-4.507464e-03	9.943795e+00
3.188000e-05	3.109497e-02	1.017542e+01
3.189000e-05	-3.162387e-02	1.041598e+01
3.190000e-05	1.356131e-02	1.065650e+01
3.191000e-05	-2.517152e-02	1.090018e+01
3.192000e-05	3.656599e-03	1.111021e+01
3.193000e-05	-1.082030e-02	1.134124e+01
3.194000e-05	-5.250122e-03	1.154332e+01
3.195000e-05	7.050366e-03	1.179687e+01
3.196000e-05	-4.618474e-03	1.203537e+01
3.197000e-05	-2.121305e-03	1.217550e+01
3.198000e-05	-2.348073e-02	1.238495e+01
3.199000e-05	-1.638779e-03	1.261497e+01
3.200000e-05	-3.775549e-03	1.277427e+01
3.201000e-05	6.415219e-03	1.294389e+01
3.202000e-05	-1.011439e-02	1.311221e+01
3.203000e-05	-1.217502e-02	1.333079e+01
3.204000e-05	-9.583000e-03	1.347918e+01
3.205000e-05	-7.647842e-03	1.366955e+01
3.206000e-05	-9.395439e-03	1.380600e+01
3.207000e-05	-1.119337e-02	1.399435e+01
3.208000e-05	-2.258055e-03	1.413289e+01
3.209000e-05	-2.280597e-03	1.426983e+01
3.210000e-05	-1.029968e-02	1.447811e+01
3.211000e-05	-1.859346e-02	1.458409e+01
3.212000e-05	-1.623708e-02	1.474364e+01
3.213000e-05	-5.355881e-03	1.484505e+01
3.214000e-05	-5.797594e-03	1.495379e+01
3.215000e-05	-9.964433e-03	1.505753e+01
3.216000e-05	-1.445140e-02	1.514131e+01
3.217000e-05	-1.233602e-02	1.525663e+01
3.218000e-05	-1.168320e-02	1.539184e+01
3.219000e-05	-1.615161e-02	1.547708e+01
3.220000e-05	-1.692879e-02	1.554121e+01
3.221000e-05	-1.446871e-02	1.562547e+01
3.222000e-05	-9.260684e-03	1.572056e+01
3.223000e-05	-1.734426e-02	1.577482e+01
3.224000e-05	-2.180756e-02	1.581547e+01
3.225000e-05	-2.481045e-02	1.592115e+01
3.226000e-05	-1.786296e-02	1.595029e+01
3.227000e-05	-1.607673e-02	1.597537e+01
3.228000e-05	-2.088848e-02	1.605602e+01
3.229000e-05	-2.408695e-02	1.607902e+01
3.230000e-05	-2.462937e-02	1.608857e+01
3.231000e-05	-2.453012e-02	1.611071e+01
3.232000e-05	-3.166837e-02	1.612076e+01
3.233000e-05	-3.333290e-02	1.613024e+01
3.234000e-05	-3.459299e-02	1.613069e+01
3.235000e-05	-3.139417e-02	1.616279e+01
3.236000e-05	-3.656912e-02	1.610169e+01
3.237000e-05	-4.611490e-02	1.613116e+01
3.238000e-05	-5.277456e-02	1.609768e+01
3.239000e-05	-5.743165e-02	1.608008e+01
3.240000e-05	-6.376442e-02	1.604802e+01
3.241000e-05	-8.000007e-02	1.602647e+01
3.242000e-05	-1.008389e-01	1.595429e+01
3.243000e-05	-1.317641e-01	1.590171e+01
3.244000e-05	-1.765640e-01	1.585858e+01
3.245000e-05	-2.326768e-01	1.582743e+01
3.246000e-05	-2.499799e-01	1.574426e+01
3.247000e-05	-2.500000e-01	1.567105e+01
3.248000e-05	-2.478729e-01	1.561740e+01
3.249000e-05	-2.049907e-01	1.553121e+01
3.250000e-05	-1.423188e-01	1.545600e+01
3.251000e-05	-9.863639e-02	1.533224e+01
3.252000e-05	-7.171485e-02	1.523687e+01
3.253000e-05	-5.094261e-02	1.511121e+01
3.254000e-05	-4.145508e-02	1.502792e+01
3.255000e-05	-3.585191e-02	1.492116e+01
3.256000e-05	-2.951727e-02	1.478549e+01
3.257000e-05	-2.382621e-02	1.463958e+01
3.258000e-05	-2.091205e-02	1.458231e+01
3.259000e-05	-2.171960e-02	1.438644e+01
3.260000e-05	-1.960158e-02	1.425906e+01
3.261000e-05	-1.667151e-02	1.412258e+01
3.262000e-05	-1.213383e-02	1.396226e+01
3.263000e-05	-1.356324e-02	1.380334e+01
3.264000e-05	-1.396197e-02	1.362744e+01
3.265000e-05	-1.385773e-02	1.342948e+01
3.266000e-05	-1.118822e-02	1.331108e+01
3.267000e-05	-1.199386e-02	1.308026e+01
3.268000e-05	-1.345093e-02	1.291323e+01
3.269000e-05	-1.168149e-02	1.273576e+01
3.270000e-05	-9.228976e-03	1.254684e+01
3.271000e-05	-8.199420e-03	1.238589e+01
3.272000e-05	-1.115737e-02	1.218589e+01
3.273000e-05	-1.086825e-02	1.198679e+01
3.274000e-05	-9.593167e-03	1.175636e+01
3.275000e-05	-7.817688e-03	1.152478e+01
3.276000e-05	-7.520155e-03	1.131116e+01
3.277000e-05	-9.621629e-03	1.107018e+01
3.278000e-05	-7.876508e-03	1.089215e+01
3.279000e-05	-7.492561e-03	1.064960e+01
3.280000e-05	-6.746526e-03	1.044005e+01
3.281000e-05	-8.347649e-03	1.018794e+01
3.282000e-05	-8.133103e-03	9.934288e+00
3.283000e-05	-7.346169e-03	9.703204e+00
3.284000e-05	-5.388195e-03	9.471030e+00
3.285000e-05	-6.468051e-03	9.231025e+00
3.286000e-05	-7.325725e-03	8.996865e+00
3.287000e-05	-6.519362e-03	8.705708e+00
3.288000e-05	-5.804671e-03	8.492605e+00
3.289000e-05	-5.470125e-03	8.230542e+00
3.290000e-05	-6.873953e-03	8.006363e+00
3.291000e-05	-6.506689e-03	7.723230e+00
3.292000e-05	-4.968335e-03	7.428490e+00
3.293000e-05	-5.575881e-03	7.105659e+00
3.294000e-05	-5.632488e-03	6.881653e+00
3.295000e-05	-7.012662e-03	6.568915e+00
3.296000e-05	-5.354982e-03	6.344136e+00
3.297000e-05	-5.077597e-03	6.082026e+00
3.298000e-05	-4.878626e-03	5.756914e+00
3.299000e-05	-6.796873e-03	5.472655e+00
3.300000e-05	-6.472355e-03	5.197788e+00
3.301000e-05	-4.843933e-03	4.839978e+00
3.302000e-05	-4.847917e-03	4.535338e+00
3.303000e-05	-5.955264e-03	4.272630e+00
3.304000e-05	-6.359607e-03	3.946789e+00
3.305000e-05	-4.923687e-03	3.663209e+00
3.306000e-05	-5.001586e-03	3.400898e+00
3.307000e-05	-5.190165e-03	3.103685e+00
3.308000e-05	-6.931600e-03	2.810497e+00
3.309000e-05	-5.672554e-03	2.555231e+00
3.310000e-05	-5.138706e-03	2.180969e+00
3.311000e-05	-5.618488e-03	1.947234e+00
3.312000e-05	-6.184998e-03	1.631000e+00
3.313000e-05	-5.546047e-03	1.305213e+00
3.314000e-05	-4.867232e-03	9.382703e-01
3.315000e-05	-4.747846e-03	6.751276e-01
3.316000e-05	-4.758093e-03	3.589974e-01
3.317000e-05	-3.996278e-03	6.467382e-02
3.318000e-05	2.686611e-03	-2.101016e-01
3.319000e-05	8.924531e-03	-4.637382e-01
3.320000e-05	-3.344889e-03	-7.769490e-01
3.321000e-05	2.085259e-03	-1.040133e+00
3.322000e-05	-3.074483e-03	-1.385949e+00
3.323000e-05	2.740284e-03	-1.639557e+00
3.324000e-05	1.749888e-02	-1.843758e+00
3.325000e-05	1.049656e-01	-2.164294e+00
3.326000e-05	3.773526e-02	-2.542791e+00
3.327000e-05	-7.793584e-02	-2.935500e+00
3.328000e-05	-1.721145e-02	-3.334740e+00
3.329000e-05	-4.847476e-02	-3.514241e+00
3.330000e-05	-7.334145e-02	-3.725361e+00
3.331000e-05	6.778436e-02	-3.964942e+00
3.332000e-05	6.315133e-02	-4.185975e+00
3.333000e-05	-1.140898e-01	-4.513719e+00
3.334000e-05	1.962039e-01	-4.806423e+00
3.335000e-05	-1.574481e-01	-5.102719e+00
3.336000e-05	9.578059e-02	-5.481680e+00
3.337000e-05	-2.841632e-02	-5.694263e+00
3.338000e-05	-7.550010e-02	-6.069528e+00
3.339000e-05	1.597703e-01	-6.267661e+00
3.340000e-05	-1.290338e-01	-6.574895e+00
3.341000e-05	1.399818e-01	-6.870158e+00
3.342000e-05	-1.044617e-01	-7.122216e+00
3.343000e-05	1.693414e-02	-7.489107e+00
3.344000e-05	4.367680e-02	-7.690262e+00
3.345000e-05	-7.866026e-02	-8.048004e+00
3.346000e-05	1.334002e-01	-8.259554e+00
3.347000e-05	-1.167800e-01	-8.512740e+00
3.348000e-05	1.156315e-01	-8.795979e+00
3.349000e-05	-5.786430e-02	-9.018051e+00
3.350000e-05	-9.392532e-03	-9.302212e+00
3.351000e-05	1.006544e-02	-9.521689e+00
3.352000e-05	-3.102046e-02	-9.785895e+00
3.353000e-05	1.007662e-01	-9.996897e+00
3.354000e-05	-6.924492e-02	-1.022648e+01
3.355000e-05	7.179904e-02	-1.052026e+01
3.356000e-05	-8.059593e-02	-1.072212e+01
3.357000e-05	6.424782e-02	-1.094171e+01
3.358000e-05	-3.429791e-02	-1.113479e+01
3.359000e-05	2.275563e-02	-1.141542e+01
3.360000e-05	-4.888802e-03	-1.158493e+01
3.361000e-05	9.995586e-03	-1.183705e+01
3.362000e-05	2.501271e-02	-1.203963e+01
3.363000e-05	-2.492726e-02	-1.227055e+01
3.364000e-05	1.440800e-02	-1.241753e+01
3.365000e-05	-1.717116e-02	-1.266750e+01
3.366000e-05	4.627015e-02	-1.285645e+01
3.367000e-05	-1.224521e-02	-1.299745e+01
3.368000e-05	1.444485e-02	-1.323647e+01
3.369000e-05	-2.318578e-02	-1.339381e+01
3.370000e-05	2.191603e-02	-1.351224e+01
3.371000e-05	-2.621357e-03	-1.368871e+01
3.372000e-05	1.326248e-02	-1.389058e+01
3.373000e-05	-2.636660e-03	-1.401655e+01
3.374000e-05	1.765770e-02	-1.419534e+01
3.375000e-05	1.167627e-02	-1.436281e+01
3.376000e-05	1.883500e-03	-1.448013e+01
3.377000e-05	-1.013206e-02	-1.460537e+01
3.378000e-05	2.471994e-03	-1.477229e+01
3.379000e-05	1.748674e-02	-1.486808e+01
3.380000e-05	1.371316e-02	-1.498437e+01
3.381000e-05	9.608209e-03	-1.505771e+01
3.382000e-05	-2.866472e-03	-1.519537e+01
3.383000e-05	1.669282e-02	-1.527816e+01
3.384000e-05	6.610545e-03	-1.538432e+01
3.385000e-05	9.669958e-03	-1.547011e+01
3.386000e-05	-1.483703e-03	-1.558339e+01
3.387000e-05	1.649468e-02	-1.566908e+01
3.388000e-05	1.677414e-02	-1.570019e+01
3.389000e-05	1.352291e-02	-1.580387e+01
3.390000e-05	3.396214e-03	-1.584700e+01
3.391000e-05	8.557397e-03	-1.591168e+01
3.392000e-05	2.120567e-02	-1.596219e+01
3.393000e-05	1.942589e-02	-1.600482e+01
3.394000e-05	1.401842e-02	-1.606797e+01
3.395000e-05	1.010346e-02	-1.606104e+01
3.396000e-05	1.958524e-02	-1.612071e+01
3.397000e-05	2.293870e-02	-1.615116e+01
3.398000e-05	2.054300e-02	-1.618326e+01
3.399000e-05	1.848050e-02	-1.616174e+01
3.400000e-05	2.837607e-02	-1.616379e+01
3.401000e-05	3.684826e-02	-1.617329e+01
3.402000e-05	3.380059e-02	-1.614423e+01
3.403000e-05	2.984037e-02	-1.612221e+01
3.404000e-05	3.663734e-02	-1.613913e+01
3.405000e-05	5.029438e-02	-1.609009e+01
3.406000e-05	6.253770e-02	-1.605850e+01
3.407000e-05	7.266924e-02	-1.600640e+01
3.408000e-05	9.064768e-02	-1.597279e+01
3.409000e-05	1.283905e-01	-1.588916e+01
3.410000e-05	1.776044e-01	-1.589756e+01
3.411000e-05	2.287717e-01	-1.584540e+01
3.412000e-05	2.498898e-01	-1.574273e+01
3.413000e-05	2.500000e-01	-1.570060e+01
3.414000e-05	2.467784e-01	-1.558487e+01
3.415000e-05	2.026211e-01	-1.548271e+01
3.416000e-05	1.319666e-01	-1.541402e+01
3.417000e-05	8.712885e-02	-1.531318e+01
3.418000e-05	6.567898e-02	-1.524643e+01
3.419000e-05	4.947065e-02	-1.511371e+01
3.420000e-05	3.076051e-02	-1.502545e+01
3.421000e-05	2.025055e-02	-1.495123e+01
3.422000e-05	1.749417e-02	-1.479627e+01
3.423000e-05	1.983533e-02	-1.467960e+01
3.424000e-05	1.323988e-02	-1.455331e+01
3.425000e-05	7.191288e-03	-1.440637e+01
3.426000e-05	6.102943e-03	-1.424805e+01
3.427000e-05	1.117002e-02	-1.410969e+01
3.428000e-05	9.338107e-03	-1.393326e+01
3.429000e-05	2.906805e-03	-1.373689e+01
3.430000e-05	1.852260e-04	-1.364795e+01
3.431000e-05	1.650632e-03	-1.344057e+01
3.432000e-05	4.684073e-03	-1.327055e+01
3.433000e-05	4.186493e-04	-1.311266e+01
3.434000e-05	-2.514680e-03	-1.290329e+01
3.435000e-05	2.387107e-04	-1.275479e+01
3.436000e-05	4.054981e-03	-1.258379e+01
3.437000e-05	2.333984e-03	-1.238626e+01
3.438000e-05	-3.574682e-03	-1.217737e+01
3.439000e-05	-4.487905e-03	-1.198737e+01
3.440000e-05	-1.848360e-03	-1.185491e+01
3.441000e-05	-8.928878e-04	-1.153468e+01
3.442000e-05	-3.956918e-03	-1.129208e+01
3.443000e-05	-5.184244e-03	-1.107990e+01
3.444000e-05	-4.129291e-03	-1.083995e+01
3.445000e-05	-9.584584e-04	-1.062853e+01
3.446000e-05	-2.463428e-03	-1.039694e+01
3.447000e-05	-6.642810e-03	-1.013579e+01
3.448000e-05	-6.660786e-03	-9.914764e+00
3.449000e-05	-3.243481e-03	-9.742310e+00
3.450000e-05	-4.314194e-03	-9.460533e+00
3.451000e-05	-6.962368e-03	-9.208924e+00
3.452000e-05	-8.816240e-03	-8.996369e+00
3.453000e-05	-5.875744e-03	-8.695812e+00
3.454000e-05	-3.839193e-03	-8.461078e+00
3.455000e-05	-5.975535e-03	-8.178922e+00
3.456000e-05	-7.599666e-03	-7.958318e+00
3.457000e-05	-7.518000e-03	-7.661577e+00
3.458000e-05	-5.455327e-03	-7.348921e+00
3.459000e-05	-7.081187e-03	-7.124259e+00
3.460000e-05	-9.495424e-03	-6.839521e+00
3.461000e-05	-1.009805e-02	-6.577918e+00
3.462000e-05	-6.715981e-03	-6.313160e+00
3.463000e-05	-5.453922e-03	-5.999925e+00
3.464000e-05	-8.574342e-03	-5.706213e+00
3.465000e-05	-8.921613e-03	-5.458895e+00
3.466000e-05	-7.917878e-03	-5.125686e+00
3.467000e-05	-6.226643e-03	-4.839917e+00
3.468000e-05	-7.192822e-03	-4.504658e+00
3.469000e-05	-1.101802e-02	-4.284555e+00
3.470000e-05	-9.395810e-03	-3.967470e+00
3.471000e-05	-9.117539e-03	-3.662630e+00
3.472000e-05	-6.501967e-03	-3.370950e+00
3.473000e-05	-1.019367e-02	-3.085204e+00
3.474000e-05	-8.265081e-03	-2.779372e+00
3.475000e-05	-7.230079e-03	-2.504709e+00
3.476000e-05	-5.897050e-03	-2.219923e+00
3.477000e-05	-9.330072e-03	-1.945787e+00
3.478000e-05	-1.118245e-02	-1.661576e+00
3.479000e-05	-1.025235e-02	-1.235284e+00
3.480000e-05	-8.397721e-03	-9.589207e-01
3.481000e-05	-7.823084e-03	-6.957052e-01
3.482000e-05	-9.177977e-03	-3.393921e-01
3.483000e-05	-5.982845e-03	-8.565884e-02
3.484000e-05	4.711797e-03	2.091328e-01
3.485000e-05	3.177238e-03	4.942133e-01
3.486000e-05	-3.137551e-03	7.778699e-01
3.487000e-05	-1.058596e-03	1.041633e+00
3.488000e-05	-3.219903e-03	1.365797e+00
3.489000e-05	1.161328e-03	1.662815e+00
3.490000e-05	8.324945e-03	1.945839e+00
3.491000e-05	5.668717e-02	2.176953e+00
3.492000e-05	8.795475e-02	2.533740e+00
3.493000e-05	-6.592197e-02	2.882288e+00
3.494000e-05	-4.261529e-02	3.166371e+00
3.495000e-05	-3.935160e-02	3.441716e+00
3.496000e-05	-2.977256e-02	3.775342e+00
3.497000e-05	-8.356244e-02	3.977396e+00
3.498000e-05	9.038724e-02	4.229470e+00
3.499000e-05	2.756601e-02	4.564844e+00
3.500000e-05	-8.746180e-02	4.856948e+00
3.501000e-05	1.716129e-01	5.132770e+00
3.502000e-05	-1.365574e-01	5.481182e+00
3.503000e-05	4.676850e-02	5.712713e+00
3.504000e-05	-3.512458e-02	6.039574e+00
3.505000e-05	-8.780911e-03	6.281661e+00
3.506000e-05	6.442346e-02	6.565869e+00
3.507000e-05	-5.135153e-02	6.869081e+00
3.508000e-05	3.872146e-02	7.143770e+00
3.509000e-05	-6.487421e-02	7.416479e+00
3.510000e-05	3.474663e-02	7.751213e+00
3.511000e-05	-2.531785e-02	7.996050e+00
3.512000e-05	-3.446342e-03	8.340157e+00
3.513000e-05	4.090380e-02	8.562341e+00
3.514000e-05	-3.213350e-02	8.753851e+00
3.515000e-05	3.509503e-02	8.984448e+00
3.516000e-05	-4.003055e-02	9.270157e+00
3.517000e-05	-1.269502e-02	9.502161e+00
3.518000e-05	-7.016552e-04	9.764270e+00
3.519000e-05	1.504018e-02	1.001693e+01
3.520000e-05	1.114457e-02	1.023903e+01
3.521000e-05	-2.136589e-02	1.047056e+01
3.522000e-05	7.436245e-03	1.066163e+01
3.523000e-05	-2.385885e-02	1.093324e+01
3.524000e-05	6.393913e-03	1.110284e+01
3.525000e-05	-1.814651e-02	1.134274e+01
3.526000e-05	2.132622e-03	1.162747e+01
3.527000e-05	5.678361e-04	1.181795e+01
3.528000e-05	2.891140e-03	1.204853e+01
3.529000e-05	-1.216805e-02	1.227898e+01
3.530000e-05	-1.589190e-02	1.244755e+01
3.531000e-05	-5.089203e-03	1.262700e+01
3.532000e-05	2.553982e-03	1.280845e+01
3.533000e-05	9.054195e-04	1.300489e+01
3.534000e-05	-1.152774e-02	1.319527e+01
3.535000e-05	-1.171927e-02	1.330327e+01
3.536000e-05	-8.087223e-03	1.353171e+01
3.537000e-05	-5.498729e-03	1.369005e+01
3.538000e-05	-1.201397e-02	1.383855e+01
3.539000e-05	-6.071514e-03	1.402697e+01
3.540000e-05	-3.007700e-03	1.423484e+01
3.541000e-05	-4.314158e-05	1.437232e+01
3.542000e-05	-1.514901e-02	1.449851e+01
3.543000e-05	-1.772789e-02	1.461750e+01
3.544000e-05	-1.650337e-02	1.474386e+01
3.545000e-05	-3.612348e-03	1.488013e+01
3.546000e-05	-7.257385e-03	1.497329e+01
3.547000e-05	-1.191188e-02	1.506963e+01
3.548000e-05	-1.299414e-02	1.518231e+01
3.549000e-05	-1.166038e-02	1.529958e+01
3.550000e-05	-1.007869e-02	1.536339e+01
3.551000e-05	-1.823224e-02	1.546808e+01
3.552000e-05	-1.578576e-02	1.554234e+01
3.553000e-05	-1.447523e-02	1.560650e+01
3.554000e-05	-1.023417e-02	1.569916e+01
3.555000e-05	-1.862137e-02	1.577334e+01
3.556000e-05	-2.328033e-02	1.581700e+01
3.557000e-05	-2.263673e-02	1.586961e+01
3.558000e-05	-1.650402e-02	1.595134e+01
3.559000e-05	-1.474726e-02	1.596687e+01
3.560000e-05	-2.302814e-02	1.603695e+01
3.561000e-05	-2.407481e-02	1.608915e+01
3.562000e-05	-2.547007e-02	1.612710e+01
3.563000e-05	-2.512669e-02	1.610063e+01
3.564000e-05	-3.340726e-02	1.611176e+01
3.565000e-05	-3.493742e-02	1.616223e+01
3.566000e-05	-3.384365e-02	1.618378e+01
3.567000e-05	-3.169136e-02	1.613226e+01
3.568000e-05	-3.736239e-02	1.614126e+01
3.569000e-05	-4.824790e-02	1.612106e+01
3.570000e-05	-5.282915e-02	1.608911e+01
3.571000e-05	-5.856482e-02	1.605753e+01
3.572000e-05	-6.608069e-02	1.601695e+01
3.573000e-05	-8.558932e-02	1.600689e+01
3.574000e-05	-1.077325e-01	1.594279e+01
3.575000e-05	-1.405520e-01	1.591121e+01
3.576000e-05	-1.897555e-01	1.588945e+01
3.577000e-05	-2.394665e-01	1.576590e+01
3.578000e-05	-2.500000e-01	1.574478e+01
3.579000e-05	-2.500000e-01	1.567008e+01
3.580000e-05	-2.425213e-01	1.560642e+01
3.581000e-05	-1.898531e-01	1.554313e+01
3.582000e-05	-1.322788e-01	1.542395e+01
3.583000e-05	-9.264327e-02	1.530121e+01
3.584000e-05	-6.668697e-02	1.523486e+01
3.585000e-05	-4.867818e-02	1.513118e+01
3.586000e-05	-4.088164e-02	1.500792e+01
3.587000e-05	-3.490518e-02	1.490860e+01
3.588000e-05	-2.704474e-02	1.479379e+01
3.589000e-05	-2.308225e-02	1.464450e+01
3.590000e-05	-2.055076e-02	1.450068e+01
3.591000e-05	-2.240482e-02	1.438534e+01
3.592000e-05	-2.000053e-02	1.421900e+01
3.593000e-05	-1.609236e-02	1.408057e+01
3.594000e-05	-1.252245e-02	1.393213e+01
3.595000e-05	-1.394524e-02	1.375229e+01
3.596000e-05	-1.501852e-02	1.356539e+01
3.597000e-05	-1.276951e-02	1.344745e+01
3.598000e-05	-1.138818e-02	1.327905e+01
3.599000e-05	-1.116141e-02	1.308852e+01
3.600000e-05	-1.379965e-02	1.294108e+01
3.601000e-05	-1.179764e-02	1.270268e+01
3.602000e-05	-9.163176e-03	1.253174e+01
3.603000e-05	-8.495315e-03	1.235524e+01
3.604000e-05	-1.102338e-02	1.216481e+01
3.605000e-05	-1.137644e-02	1.191326e+01
3.606000e-05	-8.741229e-03	1.174324e+01
3.607000e-05	-6.933719e-03	1.147213e+01
3.608000e-05	-7.584504e-03	1.127155e+01
3.609000e-05	-9.760833e-03	1.104900e+01
3.610000e-05	-7.719190e-03	1.086002e+01
3.611000e-05	-6.257331e-03	1.057849e+01
3.612000e-05	-6.936892e-03	1.036681e+01
3.613000e-05	-8.926381e-03	1.011624e+01
3.614000e-05	-8.786822e-03	9.902553e+00
3.615000e-05	-5.916022e-03	9.660025e+00
3.616000e-05	-7.584784e-03	9.417975e+00
3.617000e-05	-4.876236e-03	9.157868e+00
3.618000e-05	-8.960533e-03	8.906229e+00
3.619000e-05	-4.464183e-03	8.662031e+00
3.620000e-05	-4.548856e-03	8.432024e+00
3.621000e-05	-5.659222e-03	8.226861e+00
3.622000e-05	-5.922710e-03	7.912680e+00
3.623000e-05	-8.226605e-03	7.641452e+00
3.624000e-05	-6.272880e-03	7.334780e+00
3.625000e-05	-7.293508e-03	7.111004e+00
3.626000e-05	-6.051446e-03	6.800573e+00
3.627000e-05	-5.568350e-03	6.575736e+00
3.628000e-05	-3.684234e-03	6.251501e+00
3.629000e-05	-2.627569e-03	6.000470e+00
3.630000e-05	-5.254002e-03	5.693683e+00
3.631000e-05	-6.833425e-03	5.431523e+00
3.632000e-05	-8.536535e-03	5.094589e+00
3.633000e-05	-6.542100e-03	4.736364e+00
3.634000e-05	-5.743331e-03	4.473134e+00
3.635000e-05	-4.895412e-03	4.259917e+00
3.636000e-05	-5.735285e-03	3.906188e+00
3.637000e-05	-4.882410e-03	3.630050e+00
3.638000e-05	-4.451812e-03	3.335259e+00
3.639000e-05	-5.775092e-03	3.061527e+00
3.640000e-05	-7.067090e-03	2.767866e+00
3.641000e-05	-6.111201e-03	2.401576e+00
3.642000e-05	-5.661158e-03	2.138267e+00
3.643000e-05	-5.538495e-03	1.883682e+00
3.644000e-05	-6.806389e-03	1.576914e+00
3.645000e-05	-7.025770e-03	1.252654e+00
3.646000e-05	-5.141794e-03	9.261564e-01
3.647000e-05	-3.732833e-03	6.009197e-01
3.648000e-05	-4.342921e-03	3.277904e-01
3.649000e-05	-2.480648e-03	1.945875e-03
3.650000e-05	4.704635e-03	-2.636844e-01
3.651000e-05	4.324068e-03	-5.349476e-01
3.652000e-05	-2.128371e-03	-8.505793e-01
3.653000e-05	-2.256618e-04	-1.083767e+00
3.654000e-05	-1.579135e-03	-1.410653e+00
3.655000e-05	1.442986e-03	-1.683713e+00
3.656000e-05	2.934681e-02	-1.925296e+00
3.657000e-05	1.197942e-01	-2.208128e+00
3.658000e-05	-1.007370e-02	-2.618454e+00
3.659000e-05	-5.877822e-02	-3.071114e+00
3.660000e-05	-2.545038e-02	-3.385452e+00
3.661000e-05	-4.609401e-02	-3.547420e+00
3.662000e-05	-7.916460e-02	-3.807604e+00
3.663000e-05	1.272518e-01	-4.018476e+00
3.664000e-05	-1.998500e-02	-4.221133e+00
3.665000e-05	-4.625358e-02	-4.608423e+00
3.666000e-05	1.477804e-01	-4.847506e+00
3.667000e-05	-1.722957e-01	-5.196523e+00
3.668000e-05	1.546682e-01	-5.523763e+00
3.669000e-05	-1.162216e-01	-5.765398e+00
3.670000e-05	7.252357e-03	-6.110680e+00
3.671000e-05	1.000248e-01	-6.331639e+00
3.672000e-05	-1.056196e-01	-6.660682e+00
3.673000e-05	1.463698e-01	-6.902764e+00
3.674000e-05	-1.529003e-01	-7.217978e+00
3.675000e-05	8.840471e-02	-7.513713e+00
3.676000e-05	-2.873518e-02	-7.746370e+00
3.677000e-05	-1.299088e-02	-8.080184e+00
3.678000e-05	9.124349e-02	-8.281691e+00
3.679000e-05	-1.062237e-01	-8.596449e+00
3.680000e-05	1.372929e-01	-8.910183e+00
3.681000e-05	-1.104083e-01	-9.071662e+00
3.682000e-05	4.797623e-02	-9.322740e+00
3.683000e-05	-4.287630e-02	-9.583918e+00
3.684000e-05	3.080650e-02	-9.838500e+00
3.685000e-05	5.357187e-02	-1.004800e+01
3.686000e-05	-4.280986e-02	-1.034973e+01
3.687000e-05	5.280497e-02	-1.056076e+01
3.688000e-05	-7.657712e-02	-1.076382e+01
3.689000e-05	7.671168e-02	-1.098537e+01
3.690000e-05	-5.572831e-02	-1.122635e+01
3.691000e-05	4.930620e-02	-1.140743e+01
3.692000e-05	-2.819498e-02	-1.165803e+01
3.693000e-05	3.769178e-02	-1.191071e+01
3.694000e-05	-4.598219e-03	-1.211121e+01
3.695000e-05	-7.425532e-03	-1.230061e+01
3.696000e-05	-4.483006e-04	-1.247113e+01
3.697000e-05	1.554120e-03	-1.269069e+01
3.698000e-05	3.684703e-02	-1.287858e+01
3.699000e-05	-1.066362e-02	-1.304848e+01
3.700000e-05	9.945325e-03	-1.323702e+01
3.701000e-05	-2.088656e-02	-1.338492e+01
3.702000e-05	2.491658e-02	-1.354427e+01
3.703000e-05	-6.770689e-03	-1.371274e+01
3.704000e-05	1.622119e-02	-1.394174e+01
3.705000e-05	-4.627476e-03	-1.406800e+01
3.706000e-05	2.323034e-02	-1.421497e+01
3.707000e-05	3.678721e-03	-1.433137e+01
3.708000e-05	2.434463e-03	-1.453371e+01
3.709000e-05	-1.150513e-02	-1.461643e+01
3.710000e-05	1.022198e-02	-1.477490e+01
3.711000e-05	1.771390e-02	-1.487911e+01
3.712000e-05	1.421454e-02	-1.502447e+01
3.713000e-05	3.742901e-03	-1.508016e+01
3.714000e-05	5.184502e-05	-1.521397e+01
3.715000e-05	1.422414e-02	-1.529163e+01
3.716000e-05	8.429105e-03	-1.540495e+01
3.717000e-05	8.819670e-03	-1.553120e+01
3.718000e-05	3.249839e-03	-1.559494e+01
3.719000e-05	1.870366e-02	-1.568960e+01
3.720000e-05	1.523059e-02	-1.574171e+01
3.721000e-05	9.369756e-03	-1.579447e+01
3.722000e-05	1.072044e-03	-1.585658e+01
3.723000e-05	1.131668e-02	-1.591967e+01
3.724000e-05	2.270562e-02	-1.596324e+01
3.725000e-05	2.091853e-02	-1.600542e+01
3.726000e-05	1.443309e-02	-1.602498e+01
3.727000e-05	1.167378e-02	-1.607111e+01
3.728000e-05	2.073258e-02	-1.611019e+01
3.729000e-05	2.223762e-02	-1.613473e+01
3.730000e-05	1.916822e-02	-1.618172e+01
3.731000e-05	2.014359e-02	-1.617469e+01
3.732000e-05	3.063286e-02	-1.613482e+01
3.733000e-05	3.752330e-02	-1.617436e+01
3.734000e-05	3.404928e-02	-1.618281e+01
3.735000e-05	3.064576e-02	-1.614121e+01
3.736000e-05	3.823956e-02	-1.610113e+01
3.737000e-05	5.484215e-02	-1.608111e+01
3.738000e-05	6.572038e-02	-1.604603e+01
3.739000e-05	7.487148e-02	-1.603545e+01
3.740000e-05	9.602198e-02	-1.597380e+01
3.741000e-05	1.357560e-01	-1.587968e+01
3.742000e-05	1.900796e-01	-1.588805e+01
3.743000e-05	2.360858e-01	-1.580392e+01
3.744000e-05	2.499999e-01	-1.573129e+01
3.745000e-05	2.500000e-01	-1.566763e+01
3.746000e-05	2.425166e-01	-1.557539e+01
3.747000e-05	1.861164e-01	-1.546910e+01
3.748000e-05	1.192357e-01	-1.539637e+01
3.749000e-05	7.751753e-02	-1.526218e+01
3.750000e-05	6.073236e-02	-1.521640e+01
3.751000e-05	4.593872e-02	-1.512176e+01
3.752000e-05	3.060271e-02	-1.500594e+01
3.753000e-05	2.118651e-02	-1.488011e+01
3.754000e-05	1.969974e-02	-1.475324e+01
3.755000e-05	1.951355e-02	-1.461900e+01
3.756000e-05	9.450566e-03	-1.451371e+01
3.757000e-05	2.746513e-03	-1.437432e+01
3.758000e-05	3.334314e-03	-1.424642e+01
3.759000e-05	1.080812e-02	-1.405160e+01
3.760000e-05	1.077609e-02	-1.393263e+01
3.761000e-05	4.635333e-03	-1.375431e+01
3.762000e-05	1.014960e-03	-1.356484e+01
3.763000e-05	3.698119e-03	-1.340745e+01
3.764000e-05	4.093132e-03	-1.325798e+01
3.765000e-05	-9.028197e-04	-1.307060e+01
3.766000e-05	-5.722556e-03	-1.290358e+01
3.767000e-05	-1.126203e-04	-1.273374e+01
3.768000e-05	3.239819e-03	-1.253238e+01
3.769000e-05	1.778377e-03	-1.234474e+01
3.770000e-05	-4.112585e-03	-1.215471e+01
3.771000e-05	-3.655241e-03	-1.193532e+01
3.772000e-05	-1.311773e-04	-1.171323e+01
3.773000e-05	2.692795e-04	-1.143205e+01
3.774000e-05	-3.705751e-03	-1.122955e+01
3.775000e-05	-7.431475e-03	-1.099884e+01
3.776000e-05	-4.697213e-03	-1.075792e+01
3.777000e-05	-3.082223e-03	-1.056887e+01
3.778000e-05	-4.084161e-03	-1.033369e+01
3.779000e-05	-6.922309e-03	-1.014221e+01
3.780000e-05	-4.483476e-03	-9.830110e+00
3.781000e-05	-1.641207e-03	-9.640579e+00
3.782000e-05	-3.684250e-03	-9.405995e+00
3.783000e-05	-8.347111e-03	-9.136740e+00
3.784000e-05	-9.289459e-03	-8.905335e+00
3.785000e-05	-6.140380e-03	-8.661129e+00
3.786000e-05	-4.772954e-03	-8.398521e+00
3.787000e-05	-6.584390e-03	-8.177691e+00
3.788000e-05	-8.213479e-03	-7.911686e+00
3.789000e-05	-7.002939e-03	-7.607497e+00
3.790000e-05	-3.970978e-03	-7.304184e+00
3.791000e-05	-6.815133e-03	-7.090151e+00
3.792000e-05	-7.935524e-03	-6.757367e+00
3.793000e-05	-1.084693e-02	-6.524738e+00
3.794000e-05	-5.724119e-03	-6.251976e+00
3.795000e-05	-7.870512e-03	-5.966792e+00
3.796000e-05	-8.516646e-03	-5.724727e+00
3.797000e-05	-1.130997e-02	-5.367792e+00
3.798000e-05	-7.088691e-03	-5.062551e+00
3.799000e-05	-4.719845e-03	-4.726184e+00
3.800000e-05	-6.600924e-03	-4.413101e+00
3.801000e-05	-9.761206e-03	-4.189420e+00
3.802000e-05	-9.871717e-03	-3.895687e+00
3.803000e-05	-8.650334e-03	-3.590551e+00
3.804000e-05	-8.074747e-03	-3.316316e+00
3.805000e-05	-9.926104e-03	-3.022026e+00
3.806000e-05	-1.021782e-02	-2.726360e+00
3.807000e-05	-8.146429e-03	-2.492579e+00
3.808000e-05	-6.615892e-03	-2.157263e+00
3.809000e-05	-8.087517e-03	-1.843603e+00
3.810000e-05	-1.091542e-02	-1.580043e+00
3.811000e-05	-8.290471e-03	-1.202548e+00
3.812000e-05	-7.516688e-03	-9.258077e-01
3.813000e-05	-6.793649e-03	-5.890722e-01
3.814000e-05	-8.165228e-03	-3.063118e-01
3.815000e-05	-6.560237e-03	-1.577506e-03
3.816000e-05	4.615308e-03	2.727135e-01
3.817000e-05	-1.538327e-03	5.773463e-01
3.818000e-05	4.265576e-05	8.174503e-01
3.819000e-05	-2.727631e-03	1.173821e+00
3.820000e-05	8.095071e-04	1.397929e+00
3.821000e-05	9.405326e-04	1.767394e+00
3.822000e-05	1.673978e-02	1.957970e+00
3.823000e-05	7.136806e-02	2.211083e+00
3.824000e-05	6.270052e-02	2.616451e+00
3.825000e-05	-8.167447e-02	2.934323e+00
3.826000e-05	-3.463231e-02	3.178504e+00
3.827000e-05	-3.813976e-02	3.534319e+00
3.828000e-05	-4.086156e-02	3.798525e+00
3.829000e-05	-6.855143e-02	4.006975e+00
3.830000e-05	1.282019e-01	4.280188e+00
3.831000e-05	-4.541800e-02	4.598001e+00
3.832000e-05	-1.237864e-02	4.831053e+00
3.833000e-05	1.233836e-01	5.208999e+00
3.834000e-05	-1.462097e-01	5.511739e+00
3.835000e-05	7.833943e-02	5.777346e+00
3.836000e-05	-7.569606e-02	6.110761e+00
3.837000e-05	4.185902e-02	6.324263e+00
3.838000e-05	2.453509e-02	6.649129e+00
3.839000e-05	-3.159889e-02	6.942835e+00
3.840000e-05	2.622418e-02	7.186923e+00
3.841000e-05	-6.465348e-02	7.444183e+00
3.842000e-05	4.900345e-02	7.786371e+00
3.843000e-05	-4.858254e-02	8.080160e+00
3.844000e-05	2.807185e-02	8.362794e+00
3.845000e-05	1.818819e-02	8.555893e+00
3.846000e-05	-2.399969e-02	8.817473e+00
3.847000e-05	3.258192e-02	9.061157e+00
3.848000e-05	-5.484973e-02	9.351783e+00
3.849000e-05	7.217783e-03	9.521787e+00
3.850000e-05	-1.259927e-02	9.805870e+00
3.851000e-05	3.283170e-02	1.009906e+01
3.852000e-05	-9.733890e-03	1.026011e+01
3.853000e-05	-6.758291e-03	1.051284e+01
3.854000e-05	-1.832500e-03	1.074277e+01
3.855000e-05	-1.782888e-02	1.095477e+01
3.856000e-05	4.230396e-03	1.124487e+01
3.857000e-05	-2.124986e-02	1.141687e+01
3.858000e-05	9.745536e-03	1.163908e+01
3.859000e-05	-4.848424e-03	1.187066e+01
3.860000e-05	8.060404e-03	1.212066e+01
3.861000e-05	-2.134125e-02	1.226008e+01
3.862000e-05	-6.648292e-03	1.248961e+01
3.863000e-05	-7.207822e-03	1.268858e+01
3.864000e-05	8.052165e-03	1.284905e+01
3.865000e-05	-4.571427e-03	1.302752e+01
3.866000e-05	-1.294326e-02	1.320595e+01
3.867000e-05	-1.082650e-02	1.338389e+01
3.868000e-05	-8.468229e-03	1.355416e+01
3.869000e-05	-5.027270e-03	1.370163e+01
3.870000e-05	-1.398835e-02	1.386620e+01
3.871000e-05	-1.982059e-03	1.404895e+01
3.872000e-05	-3.459433e-03	1.425500e+01
3.873000e-05	2.467946e-05	1.439437e+01
3.874000e-05	-1.936128e-02	1.451071e+01
3.875000e-05	-1.760346e-02	1.468757e+01
3.876000e-05	-1.443140e-02	1.476532e+01
3.877000e-05	-3.415852e-03	1.488110e+01
3.878000e-05	-7.609722e-03	1.501645e+01
3.879000e-05	-1.309455e-02	1.513013e+01
3.880000e-05	-1.109401e-02	1.521385e+01
3.881000e-05	-1.204597e-02	1.531968e+01
3.882000e-05	-1.026112e-02	1.542392e+01
3.883000e-05	-1.975150e-02	1.550863e+01
3.884000e-05	-1.463648e-02	1.561482e+01
3.885000e-05	-1.244503e-02	1.563855e+01
3.886000e-05	-1.101041e-02	1.574014e+01
3.887000e-05	-2.106940e-02	1.578487e+01
3.888000e-05	-2.488173e-02	1.586850e+01
3.889000e-05	-2.088399e-02	1.591121e+01
3.890000e-05	-1.568233e-02	1.597326e+01
3.891000e-05	-1.555222e-02	1.600492e+01
3.892000e-05	-2.423746e-02	1.606745e+01
3.893000e-05	-2.339772e-02	1.603803e+01
3.894000e-05	-2.517625e-02	1.607958e+01
3.895000e-05	-2.597584e-02	1.612115e+01
3.896000e-05	-3.421554e-02	1.614966e+01
3.897000e-05	-3.591267e-02	1.612119e+01
3.898000e-05	-3.266049e-02	1.616326e+01
3.899000e-05	-3.235792e-02	1.615329e+01
3.900000e-05	-3.939623e-02	1.614076e+01
3.901000e-05	-4.991075e-02	1.611013e+01
3.902000e-05	-5.314419e-02	1.609160e+01
3.903000e-05	-5.855964e-02	1.606802e+01
3.904000e-05	-6.934055e-02	1.607700e+01
3.905000e-05	-8.977455e-02	1.599644e+01
3.906000e-05	-1.142364e-01	1.595471e+01
3.907000e-05	-1.498471e-01	1.588063e+01
3.908000e-05	-2.044782e-01	1.584757e+01
3.909000e-05	-2.449614e-01	1.578482e+01
3.910000e-05	-2.500000e-01	1.571411e+01
3.911000e-05	-2.500000e-01	1.566805e+01
3.912000e-05	-2.350004e-01	1.557432e+01
3.913000e-05	-1.755040e-01	1.550118e+01
3.914000e-05	-1.224610e-01	1.542539e+01
3.915000e-05	-8.681750e-02	1.528115e+01
3.916000e-05	-6.221678e-02	1.518434e+01
3.917000e-05	-4.713376e-02	1.508208e+01
3.918000e-05	-3.860592e-02	1.495484e+01
3.919000e-05	-3.419195e-02	1.486950e+01
3.920000e-05	-2.630689e-02	1.475376e+01
3.921000e-05	-2.223163e-02	1.464635e+01
3.922000e-05	-2.036977e-02	1.447170e+01
3.923000e-05	-2.149473e-02	1.436326e+01
3.924000e-05	-1.848166e-02	1.418645e+01
3.925000e-05	-1.387012e-02	1.407045e+01
3.926000e-05	-1.413821e-02	1.390065e+01
3.927000e-05	-1.508773e-02	1.370118e+01
3.928000e-05	-1.598205e-02	1.356321e+01
3.929000e-05	-1.240386e-02	1.339639e+01
3.930000e-05	-1.090444e-02	1.323937e+01
3.931000e-05	-1.143978e-02	1.303802e+01
3.932000e-05	-1.243070e-02	1.287100e+01
3.933000e-05	-1.022161e-02	1.264213e+01
3.934000e-05	-8.917602e-03	1.252263e+01
3.935000e-05	-1.038574e-02	1.232118e+01
3.936000e-05	-1.214862e-02	1.213223e+01
3.937000e-05	-1.104391e-02	1.188213e+01
3.938000e-05	-7.496361e-03	1.167213e+01
3.939000e-05	-7.330421e-03	1.145812e+01
3.940000e-05	-6.991596e-03	1.118890e+01
3.941000e-05	-9.434295e-03	1.100747e+01
3.942000e-05	-6.999603e-03	1.079797e+01
3.943000e-05	-6.129956e-03	1.055329e+01
3.944000e-05	-7.178241e-03	1.033371e+01
3.945000e-05	-8.712867e-03	1.008310e+01
3.946000e-05	-7.841403e-03	9.880548e+00
3.947000e-05	-6.569689e-03	9.567470e+00
3.948000e-05	-7.053759e-03	9.377768e+00
3.949000e-05	-6.533168e-03	9.101785e+00
3.950000e-05	-8.094037e-03	8.860604e+00
3.951000e-05	-5.644726e-03	8.637499e+00
3.952000e-05	-5.068622e-03	8.398372e+00
3.953000e-05	-5.515816e-03	8.132233e+00
3.954000e-05	-6.954187e-03	7.881052e+00
3.955000e-05	-6.236374e-03	7.587393e+00
3.956000e-05	-5.967323e-03	7.292105e+00
3.957000e-05	-6.098811e-03	7.018500e+00
3.958000e-05	-8.036458e-03	6.757290e+00
3.959000e-05	-6.377694e-03	6.421575e+00
3.960000e-05	-5.437887e-03	6.177948e+00
3.961000e-05	-4.228659e-03	5.945815e+00
3.962000e-05	-5.399755e-03	5.610501e+00
3.963000e-05	-6.392892e-03	5.357383e+00
3.964000e-05	-6.030725e-03	4.999047e+00
3.965000e-05	-5.502396e-03	4.693183e+00
3.966000e-05	-6.148767e-03	4.431075e+00
3.967000e-05	-7.169608e-03	4.134312e+00
3.968000e-05	-6.921054e-03	3.851503e+00
3.969000e-05	-5.646821e-03	3.558391e+00
3.970000e-05	-4.863406e-03	3.261701e+00
3.971000e-05	-5.919391e-03	2.968968e+00
3.972000e-05	-6.567379e-03	2.726756e+00
3.973000e-05	-5.905247e-03	2.348343e+00
3.974000e-05	-5.202608e-03	2.115209e+00
3.975000e-05	-6.198654e-03	1.831445e+00
3.976000e-05	-6.119578e-03	1.516233e+00
3.977000e-05	-6.895015e-03	1.150943e+00
3.978000e-05	-5.556391e-03	8.120511e-01
3.979000e-05	-4.992169e-03	5.573155e-01
3.980000e-05	-4.641421e-03	2.421786e-01
3.981000e-05	-2.543075e-03	-6.268446e-02
3.982000e-05	9.077146e-03	-3.063172e-01
3.983000e-05	2.230612e-03	-6.200543e-01
3.984000e-05	1.249526e-03	-9.232634e-01
3.985000e-05	-3.099445e-03	-1.166874e+00
3.986000e-05	-5.839640e-04	-1.464242e+00
3.987000e-05	1.682347e-03	-1.706797e+00
3.988000e-05	4.484915e-02	-2.006349e+00
3.989000e-05	1.211477e-01	-2.332791e+00
3.990000e-05	-5.270065e-02	-2.702687e+00
3.991000e-05	-3.644796e-02	-3.124871e+00
3.992000e-05	-3.578123e-02	-3.397508e+00
3.993000e-05	-4.478789e-02	-3.659102e+00
3.994000e-05	-6.698934e-02	-3.820605e+00
3.995000e-05	1.657071e-01	-4.039080e+00
3.996000e-05	-1.061778e-01	-4.324242e+00
3.997000e-05	4.246112e-02	-4.640131e+00
3.998000e-05	7.043641e-02	-4.901138e+00
3.999000e-05	-1.299093e-01	-5.291712e+00
4.000000e-05	1.587905e-01	-5.593771e+00
4.001000e-05	-1.792561e-01	-5.829057e+00
4.002000e-05	1.001700e-01	-6.144440e+00
4.003000e-05	1.811537e-02	-6.363468e+00
4.004000e-05	-4.216493e-02	-6.693266e+00
4.005000e-05	1.076280e-01	-6.962324e+00
4.006000e-05	-1.554914e-01	-7.300685e+00
4.007000e-05	1.310800e-01	-7.584824e+00
4.008000e-05	-9.098413e-02	-7.838559e+00
4.009000e-05	5.975621e-02	-8.132741e+00
4.010000e-05	2.394859e-02	-8.334247e+00
4.011000e-05	-5.874167e-02	-8.659032e+00
4.012000e-05	1.188710e-01	-8.930736e+00
4.013000e-05	-1.266671e-01	-9.143295e+00
4.014000e-05	8.113191e-02	-9.385419e+00
4.015000e-05	-8.112452e-02	-9.648003e+00
4.016000e-05	8.625622e-02	-9.859079e+00
4.017000e-05	-2.169912e-03	-1.013071e+01
4.018000e-05	-8.913525e-04	-1.036384e+01
4.019000e-05	1.413050e-02	-1.057547e+01
4.020000e-05	-4.711561e-02	-1.083598e+01
4.021000e-05	6.300926e-02	-1.103742e+01
4.022000e-05	-5.573561e-02	-1.127856e+01
4.023000e-05	5.683373e-02	-1.150108e+01
4.024000e-05	-3.996380e-02	-1.173019e+01
4.025000e-05	5.610572e-02	-1.196276e+01
4.026000e-05	-2.707611e-02	-1.213384e+01
4.027000e-05	1.094572e-02	-1.234224e+01
4.028000e-05	-1.688182e-02	-1.251181e+01
4.029000e-05	2.141864e-02	-1.279229e+01
4.030000e-05	2.035061e-02	-1.291119e+01
4.031000e-05	-3.249733e-03	-1.305021e+01
4.032000e-05	7.437874e-04	-1.328910e+01
4.033000e-05	-1.033580e-02	-1.342753e+01
4.034000e-05	2.150158e-02	-1.359542e+01
4.035000e-05	-5.628106e-03	-1.380281e+01
4.036000e-05	1.334454e-02	-1.395322e+01
4.037000e-05	-2.756262e-03	-1.410056e+01
4.038000e-05	2.529994e-02	-1.423808e+01
4.039000e-05	-1.819897e-04	-1.439492e+01
4.040000e-05	1.029711e-03	-1.454179e+01
4.041000e-05	-1.248035e-02	-1.461802e+01
4.042000e-05	1.533914e-02	-1.478590e+01
4.043000e-05	1.440926e-02	-1.490924e+01
4.044000e-05	1.371793e-02	-1.500750e+01
4.045000e-05	-7.965456e-04	-1.513973e+01
4.046000e-05	6.510214e-03	-1.520645e+01
4.047000e-05	1.353345e-02	-1.532224e+01
4.048000e-05	8.984242e-03	-1.539747e+01
4.049000e-05	5.233898e-03	-1.555169e+01
4.050000e-05	5.376844e-03	-1.560495e+01
4.051000e-05	1.864439e-02	-1.568003e+01
4.052000e-05	1.495021e-02	-1.574231e+01
4.053000e-05	7.771413e-03	-1.583303e+01
4.054000e-05	2.462759e-03	-1.587858e+01
4.055000e-05	1.510943e-02	-1.595224e+01
4.056000e-05	2.331066e-02	-1.597442e+01
4.057000e-05	1.907479e-02	-1.602695e+01
4.058000e-05	1.011637e-02	-1.606800e+01
4.059000e-05	1.519512e-02	-1.607014e+01
4.060000e-05	2.107401e-02	-1.611061e+01
4.061000e-05	2.408265e-02	-1.618224e+01
4.062000e-05	1.862678e-02	-1.610321e+01
4.063000e-05	2.151022e-02	-1.614527e+01
4.064000e-05	3.265695e-02	-1.619422e+01
4.065000e-05	3.621944e-02	-1.613266e+01
4.066000e-05	3.231025e-02	-1.616379e+01
4.067000e-05	2.997195e-02	-1.612116e+01
4.068000e-05	4.352315e-02	-1.612966e+01
4.069000e-05	5.874586e-02	-1.607760e+01
4.070000e-05	6.799530e-02	-1.604897e+01
4.071000e-05	7.769968e-02	-1.603437e+01
4.072000e-05	1.031138e-01	-1.597479e+01
4.073000e-05	1.466713e-01	-1.592068e+01
4.074000e-05	2.013192e-01	-1.582747e+01
4.075000e-05	2.422172e-01	-1.577534e+01
4.076000e-05	2.500000e-01	-1.576073e+01
4.077000e-05	2.500000e-01	-1.563852e+01
4.078000e-05	2.353116e-01	-1.555484e+01
4.079000e-05	1.711882e-01	-1.545050e+01
4.080000e-05	1.076683e-01	-1.538434e+01
4.081000e-05	7.506078e-02	-1.527215e+01
4.082000e-05	5.788880e-02	-1.519737e+01
4.083000e-05	4.123675e-02	-1.507059e+01
4.084000e-05	2.619802e-02	-1.497494e+01
4.085000e-05	1.941648e-02	-1.485950e+01
4.086000e-05	2.004059e-02	-1.474421e+01
4.087000e-05	1.760922e-02	-1.461845e+01
4.088000e-05	9.858748e-03	-1.450205e+01
4.089000e-05	4.201756e-03	-1.437426e+01
4.090000e-05	7.233474e-03	-1.420387e+01
4.091000e-05	1.070152e-02	-1.405100e+01
4.092000e-05	6.981880e-03	-1.387111e+01
4.093000e-05	7.036547e-04	-1.370268e+01
4.094000e-05	1.444965e-03	-1.355421e+01
4.095000e-05	3.998088e-03	-1.339639e+01
4.096000e-05	4.099077e-03	-1.323795e+01
4.097000e-05	-1.495992e-03	-1.298947e+01
4.098000e-05	-3.110119e-03	-1.288166e+01
4.099000e-05	1.164160e-03	-1.270161e+01
4.100000e-05	2.753966e-03	-1.250316e+01
4.101000e-05	-1.191809e-03	-1.229171e+01
4.102000e-05	-5.039368e-03	-1.209171e+01
4.103000e-05	-3.094507e-03	-1.192271e+01
4.104000e-05	8.280896e-04	-1.165010e+01
4.105000e-05	-3.063389e-04	-1.138892e+01
4.106000e-05	-4.486331e-03	-1.113436e+01
4.107000e-05	-5.753827e-03	-1.092534e+01
4.108000e-05	-3.116756e-03	-1.078684e+01
4.109000e-05	-1.970845e-03	-1.052576e+01
4.110000e-05	-5.523242e-03	-1.029211e+01
4.111000e-05	-6.943168e-03	-1.003062e+01
4.112000e-05	-4.458412e-03	-9.860624e+00
4.113000e-05	-3.128331e-03	-9.617897e+00
4.114000e-05	-5.098862e-03	-9.336317e+00
4.115000e-05	-8.271027e-03	-9.074688e+00
4.116000e-05	-7.090281e-03	-8.882654e+00
4.117000e-05	-4.027195e-03	-8.629499e+00
4.118000e-05	-3.686102e-03	-8.334838e+00
4.119000e-05	-8.632577e-03	-8.082708e+00
4.120000e-05	-9.596097e-03	-7.879550e+00
4.121000e-05	-8.178368e-03	-7.545689e+00
4.122000e-05	-5.023063e-03	-7.263130e+00
4.123000e-05	-7.204520e-03	-6.988391e+00
4.124000e-05	-8.105207e-03	-6.705736e+00
4.125000e-05	-7.862204e-03	-6.462601e+00
4.126000e-05	-4.022806e-03	-6.168812e+00
4.127000e-05	-7.590279e-03	-5.923684e+00
4.128000e-05	-9.892156e-03	-5.627075e+00
4.129000e-05	-1.077474e-02	-5.292709e+00
4.130000e-05	-7.188496e-03	-4.978975e+00
4.131000e-05	-6.004969e-03	-4.653104e+00
4.132000e-05	-8.607582e-03	-4.379470e+00
4.133000e-05	-1.062596e-02	-4.157863e+00
4.134000e-05	-8.715559e-03	-3.853627e+00
4.135000e-05	-6.668101e-03	-3.558841e+00
4.136000e-05	-8.470437e-03	-3.243158e+00
4.137000e-05	-9.358071e-03	-2.959938e+00
4.138000e-05	-9.242809e-03	-2.684133e+00
4.139000e-05	-6.527012e-03	-2.380422e+00
4.140000e-05	-8.052133e-03	-2.054660e+00
4.141000e-05	-1.025796e-02	-1.788972e+00
4.142000e-05	-1.176458e-02	-1.477308e+00
4.143000e-05	-7.758348e-03	-1.148866e+00
4.144000e-05	-7.390720e-03	-8.736575e-01
4.145000e-05	-7.204957e-03	-4.882381e-01
4.146000e-05	-7.670228e-03	-2.426023e-01
4.147000e-05	-2.531560e-03	4.047663e-02
4.148000e-05	7.452630e-03	3.463499e-01
4.149000e-05	-4.403335e-03	5.990789e-01
4.150000e-05	-1.402189e-04	8.496591e-01
4.151000e-05	-5.721616e-03	1.237950e+00
4.152000e-05	1.459007e-03	1.488634e+00
4.153000e-05	-1.219786e-04	1.808478e+00
4.154000e-05	2.562537e-02	2.030107e+00
4.155000e-05	8.739624e-02	2.293738e+00
4.156000e-05	2.834540e-02	2.712765e+00
4.157000e-05	-7.978368e-02	3.007498e+00
4.158000e-05	-3.203343e-02	3.332689e+00
4.159000e-05	-3.441933e-02	3.607553e+00
4.160000e-05	-5.768729e-02	3.840004e+00
4.161000e-05	-3.869463e-02	4.079500e+00
4.162000e-05	1.410518e-01	4.365394e+00
4.163000e-05	-1.098276e-01	4.640611e+00
4.164000e-05	7.082291e-02	4.923713e+00
4.165000e-05	5.110824e-02	5.291186e+00
4.166000e-05	-1.127064e-01	5.534840e+00
4.167000e-05	7.686957e-02	5.839704e+00
4.168000e-05	-9.164191e-02	6.143815e+00
4.169000e-05	7.949529e-02	6.405447e+00
4.170000e-05	-1.705605e-02	6.682636e+00
4.171000e-05	-5.573963e-03	6.973920e+00
4.172000e-05	5.187694e-04	7.288027e+00
4.173000e-05	-4.704814e-02	7.554371e+00
4.174000e-05	4.739642e-02	7.819978e+00
4.175000e-05	-5.778385e-02	8.153242e+00
4.176000e-05	5.041575e-02	8.396923e+00
4.177000e-05	-6.904586e-03	8.596479e+00
4.178000e-05	-6.932633e-03	8.899054e+00
4.179000e-05	1.938923e-02	9.091287e+00
4.180000e-05	-5.883806e-02	9.374318e+00
4.181000e-05	1.771798e-02	9.585870e+00
4.182000e-05	-1.792086e-02	9.907555e+00
4.183000e-05	4.301062e-02	1.007014e+01
4.184000e-05	-2.489057e-02	1.036224e+01
4.185000e-05	5.525334e-03	1.055387e+01
4.186000e-05	-1.376230e-02	1.077692e+01
4.187000e-05	-9.477259e-03	1.098690e+01
4.188000e-05	9.535712e-04	1.127705e+01
4.189000e-05	-1.958718e-02	1.146916e+01
4.190000e-05	1.341759e-02	1.173318e+01
4.191000e-05	-9.042546e-03	1.192963e+01
4.192000e-05	9.534105e-03	1.213121e+01
4.193000e-05	-2.793654e-02	1.233184e+01
4.194000e-05	-2.816418e-03	1.250326e+01
4.195000e-05	-8.649119e-03	1.272168e+01
4.196000e-05	9.449964e-03	1.289016e+01
4.197000e-05	-7.367442e-03	1.305953e+01
4.198000e-05	-1.241958e-02	1.325855e+01
4.199000e-05	-9.507084e-03	1.339644e+01
4.200000e-05	-8.097562e-03	1.356544e+01
4.201000e-05	-4.376402e-03	1.378237e+01
4.202000e-05	-1.472544e-02	1.392066e+01
4.203000e-05	-9.300814e-04	1.414056e+01
4.204000e-05	-4.826367e-03	1.425768e+01
4.205000e-05	-2.595296e-03	1.439440e+01
4.206000e-05	-2.027508e-02	1.451229e+01
4.207000e-05	-1.586162e-02	1.468908e+01
4.208000e-05	-1.047544e-02	1.482589e+01
4.209000e-05	-2.313777e-03	1.491118e+01
4.210000e-05	-7.537577e-03	1.499395e+01
4.211000e-05	-1.579182e-02	1.513223e+01
4.212000e-05	-1.183158e-02	1.524650e+01
4.213000e-05	-1.285954e-02	1.534016e+01
4.214000e-05	-1.161722e-02	1.541542e+01
4.215000e-05	-1.836811e-02	1.551069e+01
4.216000e-05	-1.323360e-02	1.558529e+01
4.217000e-05	-1.021400e-02	1.567900e+01
4.218000e-05	-1.225312e-02	1.573159e+01
4.219000e-05	-2.135187e-02	1.579539e+01
4.220000e-05	-2.713499e-02	1.585010e+01
4.221000e-05	-2.011729e-02	1.591216e+01
4.222000e-05	-1.694920e-02	1.599476e+01
4.223000e-05	-1.662547e-02	1.602595e+01
4.224000e-05	-2.498306e-02	1.602850e+01
4.225000e-05	-2.207983e-02	1.606910e+01
4.226000e-05	-2.437354e-02	1.611108e+01
4.227000e-05	-2.727316e-02	1.612968e+01
4.228000e-05	-3.458484e-02	1.613168e+01
4.229000e-05	-3.680577e-02	1.617066e+01
4.230000e-05	-3.239203e-02	1.618231e+01
4.231000e-05	-3.409957e-02	1.610213e+01
4.232000e-05	-4.181543e-02	1.613169e+01
4.233000e-05	-5.153300e-02	1.612008e+01
4.234000e-05	-5.417538e-02	1.608863e+01
4.235000e-05	-6.026253e-02	1.607852e+01
4.236000e-05	-7.366663e-02	1.602705e+01
4.237000e-05	-9.427091e-02	1.598232e+01
4.238000e-05	-1.204543e-01	1.592271e+01
4.239000e-05	-1.603242e-01	1.589011e+01
4.240000e-05	-2.147726e-01	1.579602e+01
4.241000e-05	-2.486326e-01	1.576684e+01
4.242000e-05	-2.500000e-01	1.573213e+01
4.243000e-05	-2.500000e-01	1.566747e+01
4.244000e-05	-2.257972e-01	1.554369e+01
4.245000e-05	-1.609362e-01	1.548113e+01
4.246000e-05	-1.155791e-01	1.539341e+01
4.247000e-05	-8.202076e-02	1.526863e+01
4.248000e-05	-6.019000e-02	1.517436e+01
4.249000e-05	-4.314067e-02	1.506005e+01
4.250000e-05	-3.676961e-02	1.497531e+01
4.251000e-05	-3.070971e-02	1.485952e+01
4.252000e-05	-2.384168e-02	1.471211e+01
4.253000e-05	-2.096626e-02	1.459537e+01
4.254000e-05	-2.187710e-02	1.445908e+01
4.255000e-05	-2.246740e-02	1.430273e+01
4.256000e-05	-1.930036e-02	1.416529e+01
4.257000e-05	-1.275864e-02	1.402790e+01
4.258000e-05	-1.222232e-02	1.383902e+01
4.259000e-05	-1.415051e-02	1.370053e+01
4.260000e-05	-1.499050e-02	1.350115e+01
4.261000e-05	-1.178108e-02	1.335426e+01
4.262000e-05	-1.070524e-02	1.317684e+01
4.263000e-05	-1.216462e-02	1.303639e+01
4.264000e-05	-1.283784e-02	1.282845e+01
4.265000e-05	-1.093349e-02	1.260950e+01
4.266000e-05	-7.347476e-03	1.245008e+01
4.267000e-05	-9.194292e-03	1.226963e+01
4.268000e-05	-1.157113e-02	1.204120e+01
4.269000e-05	-1.143732e-02	1.182900e+01
4.270000e-05	-7.177324e-03	1.166834e+01
4.271000e-05	-6.749728e-03	1.138694e+01
4.272000e-05	-7.809854e-03	1.116727e+01
4.273000e-05	-1.028248e-02	1.098586e+01
4.274000e-05	-6.987818e-03	1.074476e+01
4.275000e-05	-5.921022e-03	1.055421e+01
4.276000e-05	-6.785022e-03	1.027110e+01
4.277000e-05	-8.489818e-03	1.006300e+01
4.278000e-05	-7.511390e-03	9.777467e+00
4.279000e-05	-5.285092e-03	9.544784e+00
4.280000e-05	-5.515538e-03	9.334733e+00
4.281000e-05	-8.162274e-03	9.062131e+00
4.282000e-05	-8.292195e-03	8.838501e+00
4.283000e-05	-6.392751e-03	8.558341e+00
4.284000e-05	-4.651932e-03	8.363762e+00
4.285000e-05	-5.998893e-03	8.081579e+00
4.286000e-05	-6.561657e-03	7.777470e+00
4.287000e-05	-5.723827e-03	7.514259e+00
4.288000e-05	-4.827875e-03	7.199502e+00
4.289000e-05	-6.016843e-03	6.976364e+00
4.290000e-05	-8.054898e-03	6.705061e+00
4.291000e-05	-7.088845e-03	6.409898e+00
4.292000e-05	-5.580160e-03	6.145837e+00
4.293000e-05	-5.354917e-03	5.870631e+00
4.294000e-05	-6.811628e-03	5.557918e+00
4.295000e-05	-6.734591e-03	5.296133e+00
4.296000e-05	-6.206438e-03	4.965812e+00
4.297000e-05	-4.549322e-03	4.642004e+00
4.298000e-05	-5.568539e-03	4.388493e+00
4.299000e-05	-6.235612e-03	4.043678e+00
4.300000e-05	-6.910766e-03	3.797918e+00
4.301000e-05	-6.364458e-03	3.496711e+00
4.302000e-05	-5.732405e-03	3.219975e+00
4.303000e-05	-7.317103e-03	2.926288e+00
4.304000e-05	-7.304068e-03	2.602996e+00
4.305000e-05	-5.280347e-03	2.325209e+00
4.306000e-05	-3.956157e-03	2.032550e+00
4.307000e-05	-5.590886e-03	1.746208e+00
4.308000e-05	-6.248818e-03	1.434024e+00
4.309000e-05	-6.982887e-03	1.104733e+00
4.310000e-05	-5.638357e-03	7.293920e-01
4.311000e-05	-5.423790e-03	4.952341e-01
4.312000e-05	-5.668163e-03	2.088470e-01
4.313000e-05	-1.606495e-03	-1.147660e-01
4.314000e-05	9.937003e-03	-3.774513e-01
4.315000e-05	-1.165943e-03	-6.733095e-01
4.316000e-05	3.050347e-03	-9.369225e-01
4.317000e-05	-3.860471e-03	-1.249105e+00
4.318000e-05	1.301007e-03	-1.557395e+00
4.319000e-05	6.745970e-03	-1.808978e+00
4.320000e-05	6.585363e-02	-2.058603e+00
4.321000e-05	1.043666e-01	-2.325024e+00
4.322000e-05	-7.956378e-02	-2.827531e+00
4.323000e-05	-2.060435e-02	-3.237525e+00
4.324000e-05	-4.564482e-02	-3.461102e+00
4.325000e-05	-5.143379e-02	-3.689580e+00
4.326000e-05	-3.307102e-02	-3.902788e+00
4.327000e-05	1.669953e-01	-4.082182e+00
4.328000e-05	-1.636936e-01	-4.398000e+00
4.329000e-05	1.389257e-01	-4.682736e+00
4.330000e-05	-1.269932e-02	-4.934848e+00
4.331000e-05	-5.698975e-02	-5.365300e+00
4.332000e-05	1.099974e-01	-5.627953e+00
4.333000e-05	-1.787886e-01	-5.893316e+00
4.334000e-05	1.697248e-01	-6.184296e+00
4.335000e-05	-6.335265e-02	-6.430053e+00
4.336000e-05	3.904216e-02	-6.776894e+00
4.337000e-05	3.461718e-02	-7.016977e+00
4.338000e-05	-1.142086e-01	-7.383392e+00
4.339000e-05	1.301634e-01	-7.637923e+00
4.340000e-05	-1.202219e-01	-7.921812e+00
4.341000e-05	1.169591e-01	-8.174921e+00
4.342000e-05	-4.737798e-02	-8.397473e+00
4.343000e-05	9.007987e-03	-8.714240e+00
4.344000e-05	6.407164e-02	-8.955919e+00
4.345000e-05	-1.038314e-01	-9.205474e+00
4.346000e-05	8.123994e-02	-9.407502e+00
4.347000e-05	-8.895480e-02	-9.671758e+00
4.348000e-05	1.199576e-01	-9.911291e+00
4.349000e-05	-4.897553e-02	-1.012329e+01
4.350000e-05	3.982630e-02	-1.043642e+01
4.351000e-05	-3.344633e-02	-1.057647e+01
4.352000e-05	-4.167657e-03	-1.085013e+01
4.353000e-05	3.211256e-02	-1.105758e+01
4.354000e-05	-3.293869e-02	-1.127122e+01
4.355000e-05	4.501818e-02	-1.154226e+01
4.356000e-05	-3.376138e-02	-1.175337e+01
4.357000e-05	5.692138e-02	-1.202392e+01
4.358000e-05	-3.922568e-02	-1.217492e+01
4.359000e-05	2.042979e-02	-1.236289e+01
4.360000e-05	-2.540215e-02	-1.259389e+01
4.361000e-05	3.780997e-02	-1.277439e+01
4.362000e-05	4.257075e-03	-1.297429e+01
4.363000e-05	5.398110e-03	-1.315329e+01
4.364000e-05	-1.111564e-02	-1.332078e+01
4.365000e-05	1.260472e-03	-1.348108e+01
4.366000e-05	1.334242e-02	-1.365705e+01
4.367000e-05	1.290066e-03	-1.382495e+01
4.368000e-05	9.567658e-03	-1.398331e+01
4.369000e-05	3.422015e-03	-1.417224e+01
4.370000e-05	2.130476e-02	-1.430018e+01
4.371000e-05	-1.996593e-03	-1.442602e+01
4.372000e-05	-2.561147e-03	-1.457321e+01
4.373000e-05	-9.720195e-03	-1.471168e+01
4.374000e-05	1.970893e-02	-1.482687e+01
4.375000e-05	1.313853e-02	-1.495064e+01
4.376000e-05	1.405734e-02	-1.506601e+01
4.377000e-05	-3.201171e-03	-1.513132e+01
4.378000e-05	1.042201e-02	-1.527801e+01
4.379000e-05	1.079435e-02	-1.535416e+01
4.380000e-05	9.555478e-03	-1.543852e+01
4.381000e-05	2.746643e-03	-1.555274e+01
4.382000e-05	9.694055e-03	-1.563752e+01
4.383000e-05	1.822432e-02	-1.569866e+01
4.384000e-05	1.316434e-02	-1.575274e+01
4.385000e-05	5.827635e-03	-1.580639e+01
4.386000e-05	3.425517e-03	-1.589968e+01
4.387000e-05	1.926635e-02	-1.597019e+01
4.388000e-05	2.260165e-02	-1.600379e+01
4.389000e-05	1.997795e-02	-1.601595e+01
4.390000e-05	9.985970e-03	-1.607908e+01
4.391000e-05	1.598616e-02	-1.614166e+01
4.392000e-05	2.141398e-02	-1.612216e+01
4.393000e-05	2.071969e-02	-1.615224e+01
4.394000e-05	1.778532e-02	-1.614369e+01
4.395000e-05	2.462282e-02	-1.616419e+01
4.396000e-05	3.601419e-02	-1.618471e+01
4.397000e-05	3.772863e-02	-1.615276e+01
4.398000e-05	3.221452e-02	-1.612281e+01
4.399000e-05	3.288058e-02	-1.614316e+01
4.400000e-05	4.509758e-02	-1.610114e+01
4.401000e-05	5.953433e-02	-1.610963e+01
4.402000e-05	6.880619e-02	-1.605943e+01
4.403000e-05	8.124840e-02	-1.596437e+01
4.404000e-05	1.102822e-01	-1.594121e+01
4.405000e-05	1.577558e-01	-1.590869e+01
4.406000e-05	2.143328e-01	-1.586653e+01
4.407000e-05	2.469192e-01	-1.576436e+01
4.408000e-05	2.500000e-01	-1.571068e+01
4.409000e-05	2.500000e-01	-1.564745e+01
4.410000e-05	2.256859e-01	-1.553424e+01
4.411000e-05	1.550730e-01	-1.541902e+01
4.412000e-05	9.742424e-02	-1.534379e+01
4.413000e-05	6.889617e-02	-1.525853e+01
4.414000e-05	5.490119e-02	-1.517581e+01
4.415000e-05	3.891100e-02	-1.506858e+01
4.416000e-05	2.560350e-02	-1.498429e+01
4.417000e-05	2.011383e-02	-1.481855e+01
4.418000e-05	1.964587e-02	-1.473271e+01
4.419000e-05	1.622062e-02	-1.459484e+01
4.420000e-05	7.946237e-03	-1.444010e+01
4.421000e-05	2.685562e-03	-1.433114e+01
4.422000e-05	6.645605e-03	-1.412444e+01
4.423000e-05	1.063460e-02	-1.406797e+01
4.424000e-05	6.614454e-03	-1.383895e+01
4.425000e-05	1.355838e-03	-1.369110e+01
4.426000e-05	1.377682e-03	-1.353069e+01
4.427000e-05	5.601644e-03	-1.335382e+01
4.428000e-05	3.313635e-03	-1.317484e+01
4.429000e-05	-2.954866e-03	-1.299744e+01
4.430000e-05	-4.176292e-03	-1.282993e+01
4.431000e-05	-1.790676e-03	-1.265848e+01
4.432000e-05	4.963807e-03	-1.245010e+01
4.433000e-05	-2.781036e-03	-1.224956e+01
4.434000e-05	-3.162255e-03	-1.205903e+01
4.435000e-05	-9.680048e-04	-1.187003e+01
4.436000e-05	1.248460e-03	-1.164752e+01
4.437000e-05	4.419191e-04	-1.138581e+01
4.438000e-05	-9.225158e-03	-1.110474e+01
4.439000e-05	-6.594974e-03	-1.092361e+01
4.440000e-05	-5.444217e-03	-1.071524e+01
4.441000e-05	-8.069262e-04	-1.047321e+01
4.442000e-05	-6.705245e-03	-1.024152e+01
4.443000e-05	-6.199632e-03	-9.977000e+00
4.444000e-05	-2.775187e-03	-9.778895e+00
4.445000e-05	-1.754825e-03	-9.566243e+00
4.446000e-05	-5.933719e-03	-9.273686e+00
4.447000e-05	-1.182657e-02	-9.091552e+00
4.448000e-05	-7.933824e-03	-8.821026e+00
4.449000e-05	-4.235587e-03	-8.577814e+00
4.450000e-05	-3.538293e-03	-8.284659e+00
4.451000e-05	-8.775993e-03	-8.052628e+00
4.452000e-05	-8.446689e-03	-7.777839e+00
4.453000e-05	-5.603257e-03	-7.483680e+00
4.454000e-05	-4.145198e-03	-7.199950e+00
4.455000e-05	-8.503267e-03	-6.866232e+00
4.456000e-05	-9.438079e-03	-6.693130e+00
4.457000e-05	-7.496459e-03	-6.400376e+00
4.458000e-05	-4.362263e-03	-6.094209e+00
4.459000e-05	-7.625223e-03	-5.850500e+00
4.460000e-05	-1.101165e-02	-5.557892e+00
4.461000e-05	-9.979912e-03	-5.220554e+00
4.462000e-05	-6.409819e-03	-4.897135e+00
4.463000e-05	-4.779008e-03	-4.568451e+00
4.464000e-05	-8.314135e-03	-4.378789e+00
4.465000e-05	-9.927746e-03	-4.092156e+00
4.466000e-05	-8.863174e-03	-3.749999e+00
4.467000e-05	-7.441064e-03	-3.484683e+00
4.468000e-05	-8.722608e-03	-3.180528e+00
4.469000e-05	-9.867050e-03	-2.906711e+00
4.470000e-05	-9.197067e-03	-2.540001e+00
4.471000e-05	-6.299976e-03	-2.337212e+00
4.472000e-05	-7.070318e-03	-2.011025e+00
4.473000e-05	-9.496553e-03	-1.747863e+00
4.474000e-05	-1.171550e-02	-1.430126e+00
4.475000e-05	-7.999742e-03	-1.053163e+00
4.476000e-05	-7.157873e-03	-7.815249e-01
4.477000e-05	-7.099911e-03	-4.856540e-01
4.478000e-05	-8.204429e-03	-1.704223e-01
4.479000e-05	-1.259948e-03	9.268434e-02
4.480000e-05	7.428960e-03	4.391038e-01
4.481000e-05	-4.401733e-03	6.826303e-01
4.482000e-05	7.139058e-04	9.332197e-01
4.483000e-05	-6.344434e-03	1.249109e+00
4.484000e-05	1.848813e-03	1.553870e+00
4.485000e-05	1.722560e-03	1.889584e+00
4.486000e-05	3.492319e-02	2.082208e+00
4.487000e-05	9.552614e-02	2.375899e+00
4.488000e-05	-1.278882e-02	2.776374e+00
4.489000e-05	-6.904419e-02	3.081661e+00
4.490000e-05	-3.364156e-02	3.415923e+00
4.491000e-05	-2.776189e-02	3.680654e+00
4.492000e-05	-7.351278e-02	3.862188e+00
4.493000e-05	4.331991e-03	4.120135e+00
4.494000e-05	1.231700e-01	4.438081e+00
4.495000e-05	-1.410131e-01	4.732716e+00
4.496000e-05	1.445648e-01	5.026824e+00
4.497000e-05	-3.465350e-02	5.394419e+00
4.498000e-05	-5.418482e-02	5.598974e+00
4.499000e-05	4.924284e-02	5.924366e+00
4.500000e-05	-7.834419e-02	6.188425e+00
4.501000e-05	9.539221e-02	6.449107e+00
4.502000e-05	-4.521428e-02	6.775396e+00
4.503000e-05	1.982740e-02	7.008503e+00
4.504000e-05	-3.152856e-02	7.320163e+00
4.505000e-05	-1.912424e-02	7.627028e+00
4.506000e-05	2.704883e-02	7.891184e+00
4.507000e-05	-4.782496e-02	8.187547e+00
4.508000e-05	6.176202e-02	8.448978e+00
4.509000e-05	-2.436713e-02	8.660086e+00
4.510000e-05	1.279990e-02	8.952209e+00
4.511000e-05	-1.197718e-03	9.175347e+00
4.512000e-05	-4.792498e-02	9.387946e+00
4.513000e-05	1.752069e-02	9.680608e+00
4.514000e-05	-1.445212e-02	9.912238e+00
4.515000e-05	3.968794e-02	1.016329e+01
4.516000e-05	-3.140945e-02	1.040584e+01
4.517000e-05	1.447278e-02	1.057592e+01
4.518000e-05	-2.148783e-02	1.087010e+01
4.519000e-05	-3.711389e-04	1.102908e+01
4.520000e-05	-5.933676e-03	1.129059e+01
4.521000e-05	-1.299514e-02	1.153966e+01
4.522000e-05	1.050220e-02	1.176321e+01
4.523000e-05	-8.140731e-03	1.196339e+01
4.524000e-05	3.926958e-03	1.218472e+01
4.525000e-05	-2.615852e-02	1.235484e+01
4.526000e-05	1.325567e-04	1.255179e+01
4.527000e-05	-4.642156e-03	1.278384e+01
4.528000e-05	9.750243e-03	1.294221e+01
4.529000e-05	-8.156691e-03	1.310173e+01
4.530000e-05	-1.186787e-02	1.325961e+01
4.531000e-05	-8.842632e-03	1.344848e+01
4.532000e-05	-8.525153e-03	1.364650e+01
4.533000e-05	-6.970509e-03	1.380587e+01
4.534000e-05	-1.338975e-02	1.399184e+01
4.535000e-05	-4.862709e-04	1.416013e+01
4.536000e-05	-1.712884e-03	1.430874e+01
4.537000e-05	-4.969383e-03	1.446602e+01
4.538000e-05	-1.813372e-02	1.458332e+01
4.539000e-05	-1.720946e-02	1.472166e+01
4.540000e-05	-7.357276e-03	1.482847e+01
4.541000e-05	-5.537362e-03	1.496376e+01
4.542000e-05	-1.020805e-02	1.504692e+01
4.543000e-05	-1.546785e-02	1.516271e+01
4.544000e-05	-1.134046e-02	1.525893e+01
4.545000e-05	-1.169656e-02	1.533279e+01
4.546000e-05	-1.285012e-02	1.543645e+01
4.547000e-05	-1.739398e-02	1.552069e+01
4.548000e-05	-1.419749e-02	1.560590e+01
4.549000e-05	-9.091997e-03	1.569963e+01
4.550000e-05	-1.570181e-02	1.573279e+01
4.551000e-05	-2.201843e-02	1.580489e+01
4.552000e-05	-2.624800e-02	1.587910e+01
4.553000e-05	-1.878420e-02	1.594179e+01
4.554000e-05	-1.636709e-02	1.597381e+01
4.555000e-05	-1.896115e-02	1.603550e+01
4.556000e-05	-2.442834e-02	1.607745e+01
4.557000e-05	-2.427197e-02	1.610961e+01
4.558000e-05	-2.481936e-02	1.610916e+01
4.559000e-05	-3.013336e-02	1.610116e+01
4.560000e-05	-3.416447e-02	1.614174e+01
4.561000e-05	-3.532644e-02	1.612166e+01
4.562000e-05	-3.210338e-02	1.614223e+01
4.563000e-05	-3.658647e-02	1.610979e+01
4.564000e-05	-4.468959e-02	1.610273e+01
4.565000e-05	-5.348058e-02	1.610963e+01
4.566000e-05	-5.588379e-02	1.609898e+01
4.567000e-05	-6.167199e-02	1.603853e+01
4.568000e-05	-7.735257e-02	1.597537e+01
4.569000e-05	-9.756317e-02	1.599334e+01
4.570000e-05	-1.272208e-01	1.595321e+01
4.571000e-05	-1.696629e-01	1.589003e+01
4.572000e-05	-2.266285e-01	1.584845e+01
4.573000e-05	-2.496548e-01	1.576326e+01
4.574000e-05	-2.500000e-01	1.570208e+01
4.575000e-05	-2.493990e-01	1.562695e+01
4.576000e-05	-2.140475e-01	1.555371e+01
4.577000e-05	-1.506045e-01	1.548908e+01
4.578000e-05	-1.046711e-01	1.535331e+01
4.579000e-05	-7.564412e-02	1.522792e+01
4.580000e-05	-5.341463e-02	1.516473e+01
4.581000e-05	-4.261775e-02	1.501905e+01
4.582000e-05	-3.557035e-02	1.493321e+01
4.583000e-05	-2.972816e-02	1.478895e+01
4.584000e-05	-2.467115e-02	1.469963e+01
4.585000e-05	-2.135141e-02	1.455379e+01
4.586000e-05	-2.246609e-02	1.443592e+01
4.587000e-05	-1.954346e-02	1.429071e+01
4.588000e-05	-1.665515e-02	1.415421e+01
4.589000e-05	-1.163326e-02	1.400539e+01
4.590000e-05	-1.373176e-02	1.381742e+01
4.591000e-05	-1.365536e-02	1.363055e+01
4.592000e-05	-1.418727e-02	1.346010e+01
4.593000e-05	-1.306886e-02	1.333321e+01
4.594000e-05	-1.168578e-02	1.315469e+01
4.595000e-05	-1.276991e-02	1.295332e+01
4.596000e-05	-1.074873e-02	1.274642e+01
4.597000e-05	-9.658265e-03	1.259744e+01
4.598000e-05	-7.317694e-03	1.241847e+01
4.599000e-05	-9.085549e-03	1.221792e+01
4.600000e-05	-9.821799e-03	1.203895e+01
4.601000e-05	-9.902763e-03	1.181845e+01
4.602000e-05	-7.968899e-03	1.157742e+01
4.603000e-05	-8.105968e-03	1.134436e+01
4.604000e-05	-9.075681e-03	1.110316e+01
4.605000e-05	-8.766389e-03	1.091369e+01
4.606000e-05	-7.174879e-03	1.070268e+01
4.607000e-05	-6.310262e-03	1.048063e+01
4.608000e-05	-7.073314e-03	1.025902e+01
4.609000e-05	-7.735528e-03	1.002787e+01
4.610000e-05	-6.993035e-03	9.733736e+00
4.611000e-05	-5.908408e-03	9.483655e+00
4.612000e-05	-6.637662e-03	9.261576e+00
4.613000e-05	-8.215028e-03	9.018968e+00
4.614000e-05	-7.968672e-03	8.746784e+00
4.615000e-05	-6.098926e-03	8.504682e+00
4.616000e-05	-5.552124e-03	8.292653e+00
4.617000e-05	-6.325654e-03	7.970947e+00
4.618000e-05	-6.631091e-03	7.734387e+00
4.619000e-05	-5.859533e-03	7.470924e+00
4.620000e-05	-5.759180e-03	7.146336e+00
4.621000e-05	-6.026793e-03	6.895258e+00
4.622000e-05	-8.258603e-03	6.601047e+00
4.623000e-05	-7.130067e-03	6.346839e+00
4.624000e-05	-6.377216e-03	6.073682e+00
4.625000e-05	-5.278407e-03	5.828447e+00
4.626000e-05	-7.210632e-03	5.525310e+00
4.627000e-05	-6.410339e-03	5.201021e+00
4.628000e-05	-5.895420e-03	4.872053e+00
4.629000e-05	-4.324147e-03	4.568446e+00
4.630000e-05	-5.606303e-03	4.306785e+00
4.631000e-05	-6.716132e-03	3.988495e+00
4.632000e-05	-6.980235e-03	3.744709e+00
4.633000e-05	-6.172945e-03	3.463102e+00
4.634000e-05	-6.078432e-03	3.146811e+00
4.635000e-05	-7.036631e-03	2.872654e+00
4.636000e-05	-6.294565e-03	2.579341e+00
4.637000e-05	-5.359656e-03	2.272575e+00
4.638000e-05	-5.458417e-03	1.968896e+00
4.639000e-05	-5.921523e-03	1.654186e+00
4.640000e-05	-6.136841e-03	1.348768e+00
4.641000e-05	-6.175134e-03	1.041026e+00
4.642000e-05	-5.077056e-03	7.077065e-01
4.643000e-05	-5.557799e-03	4.236250e-01
4.644000e-05	-4.550251e-03	1.052379e-01
4.645000e-05	9.027047e-05	-1.558500e-01
4.646000e-05	9.428756e-03	-4.099791e-01
4.647000e-05	-3.025989e-03	-7.258948e-01
4.648000e-05	4.004018e-03	-9.985526e-01
4.649000e-05	-3.019491e-03	-1.303238e+00
4.650000e-05	2.112344e-03	-1.607555e+00
4.651000e-05	1.179851e-02	-1.861155e+00
4.652000e-05	8.827726e-02	-2.100683e+00
4.653000e-05	7.122549e-02	-2.470632e+00
4.654000e-05	-8.527543e-02	-2.912260e+00
4.655000e-05	-1.465798e-02	-3.231158e+00
4.656000e-05	-4.847582e-02	-3.503257e+00
4.657000e-05	-6.311366e-02	-3.714742e+00
4.658000e-05	2.343941e-02	-3.945816e+00
4.659000e-05	1.193068e-01	-4.124291e+00
4.660000e-05	-1.568434e-01	-4.471235e+00
4.661000e-05	2.018050e-01	-4.733840e+00
4.662000e-05	-1.060594e-01	-5.009532e+00
4.663000e-05	2.970545e-02	-5.457557e+00
4.664000e-05	3.019077e-02	-5.651154e+00
4.665000e-05	-1.285556e-01	-6.015397e+00
4.666000e-05	1.825715e-01	-6.209030e+00
4.667000e-05	-1.161688e-01	-6.522737e+00
4.668000e-05	1.093834e-01	-6.838050e+00
4.669000e-05	-5.015493e-02	-7.090736e+00
4.670000e-05	-4.160558e-02	-7.439473e+00
4.671000e-05	8.983639e-02	-7.650559e+00
4.672000e-05	-1.096183e-01	-7.953347e+00
4.673000e-05	1.403455e-01	-8.229500e+00
4.674000e-05	-9.942587e-02	-8.490658e+00
4.675000e-05	7.925175e-02	-8.775999e+00
4.676000e-05	-9.065435e-03	-8.995926e+00
4.677000e-05	-5.396906e-02	-9.269582e+00
4.678000e-05	4.720348e-02	-9.488636e+00
4.679000e-05	-6.383857e-02	-9.732339e+00
4.680000e-05	1.213606e-01	-9.983769e+00
4.681000e-05	-7.191887e-02	-1.022543e+01
4.682000e-05	6.745478e-02	-1.043913e+01
4.683000e-05	-6.829534e-02	-1.068963e+01
4.684000e-05	3.991416e-02	-1.089076e+01
4.685000e-05	-1.000167e-02	-1.108819e+01
4.686000e-05	-1.593015e-03	-1.134386e+01
4.687000e-05	1.769946e-02	-1.160495e+01
4.688000e-05	-1.086100e-02	-1.181550e+01
4.689000e-05	4.260811e-02	-1.202758e+01
4.690000e-05	-3.527720e-02	-1.225850e+01
4.691000e-05	2.113095e-02	-1.241850e+01
4.692000e-05	-2.391860e-02	-1.262699e+01
4.693000e-05	4.558786e-02	-1.278492e+01
4.694000e-05	-8.353280e-03	-1.299534e+01
4.695000e-05	1.138405e-02	-1.317430e+01
4.696000e-05	-2.034570e-02	-1.336279e+01
4.697000e-05	1.452792e-02	-1.350019e+01
4.698000e-05	2.783069e-03	-1.371818e+01
4.699000e-05	8.378704e-03	-1.385858e+01
4.700000e-05	1.888012e-03	-1.405437e+01
4.701000e-05	1.225304e-02	-1.417479e+01
4.702000e-05	1.552959e-02	-1.430313e+01
4.703000e-05	-1.483996e-04	-1.448005e+01
4.704000e-05	-6.392271e-03	-1.459639e+01
4.705000e-05	-3.926520e-03	-1.474221e+01
4.706000e-05	1.981250e-02	-1.484750e+01
4.707000e-05	1.218050e-02	-1.498379e+01
4.708000e-05	1.173604e-02	-1.506803e+01
4.709000e-05	-3.420469e-03	-1.519324e+01
4.710000e-05	1.539718e-02	-1.529108e+01
4.711000e-05	9.047971e-03	-1.540519e+01
4.712000e-05	1.095177e-02	-1.545915e+01
4.713000e-05	1.171373e-03	-1.558324e+01
4.714000e-05	1.314042e-02	-1.564658e+01
4.715000e-05	1.669207e-02	-1.575016e+01
4.716000e-05	1.190584e-02	-1.579236e+01
4.717000e-05	3.396392e-03	-1.583658e+01
4.718000e-05	6.913332e-03	-1.590911e+01
4.719000e-05	2.191828e-02	-1.593114e+01
4.720000e-05	2.304303e-02	-1.600389e+01
4.721000e-05	1.803290e-02	-1.601697e+01
4.722000e-05	1.047923e-02	-1.607955e+01
4.723000e-05	1.810264e-02	-1.611016e+01
4.724000e-05	2.212562e-02	-1.614321e+01
4.725000e-05	2.061712e-02	-1.616229e+01
4.726000e-05	1.799815e-02	-1.613432e+01
4.727000e-05	2.621161e-02	-1.616374e+01
4.728000e-05	3.718904e-02	-1.616529e+01
4.729000e-05	3.745819e-02	-1.615273e+01
4.730000e-05	3.186810e-02	-1.616224e+01
4.731000e-05	3.496742e-02	-1.615118e+01
4.732000e-05	4.924118e-02	-1.609220e+01
4.733000e-05	6.293858e-02	-1.603750e+01
4.734000e-05	7.078891e-02	-1.604832e+01
4.735000e-05	8.455554e-02	-1.599439e+01
4.736000e-05	1.183557e-01	-1.592222e+01
4.737000e-05	1.691527e-01	-1.589865e+01
4.738000e-05	2.234896e-01	-1.582497e+01
4.739000e-05	2.490735e-01	-1.573426e+01
4.740000e-05	2.500000e-01	-1.571118e+01
4.741000e-05	2.496000e-01	-1.559642e+01
4.742000e-05	2.133551e-01	-1.552361e+01
4.743000e-05	1.408766e-01	-1.540850e+01
4.744000e-05	8.822764e-02	-1.534319e+01
4.745000e-05	6.522811e-02	-1.528052e+01
4.746000e-05	5.113629e-02	-1.513423e+01
4.747000e-05	3.530507e-02	-1.505705e+01
4.748000e-05	2.212186e-02	-1.495275e+01
4.749000e-05	1.936750e-02	-1.479645e+01
4.750000e-05	2.012832e-02	-1.469116e+01
4.751000e-05	1.501708e-02	-1.457629e+01
4.752000e-05	6.392110e-03	-1.442843e+01
4.753000e-05	3.886913e-03	-1.430005e+01
4.754000e-05	8.120690e-03	-1.410123e+01
4.755000e-05	9.116971e-03	-1.397639e+01
4.756000e-05	3.495012e-03	-1.380740e+01
4.757000e-05	-3.476300e-04	-1.362850e+01
4.758000e-05	2.721523e-03	-1.349206e+01
4.759000e-05	5.484586e-03	-1.332169e+01
4.760000e-05	2.988176e-03	-1.312331e+01
4.761000e-05	-1.806457e-03	-1.293632e+01
4.762000e-05	-1.806672e-03	-1.279837e+01
4.763000e-05	1.927369e-03	-1.260539e+01
4.764000e-05	1.458830e-03	-1.240690e+01
4.765000e-05	-3.634678e-03	-1.221942e+01
4.766000e-05	-5.561004e-03	-1.202638e+01
4.767000e-05	-2.632985e-03	-1.182902e+01
4.768000e-05	1.163248e-03	-1.156529e+01
4.769000e-05	-1.868314e-03	-1.134424e+01
4.770000e-05	-5.555259e-03	-1.111071e+01
4.771000e-05	-4.628441e-03	-1.086115e+01
4.772000e-05	-2.006716e-03	-1.065260e+01
4.773000e-05	-3.103195e-03	-1.042801e+01
4.774000e-05	-6.737794e-03	-1.018847e+01
4.775000e-05	-7.213178e-03	-9.917768e+00
4.776000e-05	-3.999336e-03	-9.746392e+00
4.777000e-05	-3.607843e-03	-9.514212e+00
4.778000e-05	-6.040537e-03	-9.249529e+00
4.779000e-05	-7.711875e-03	-9.018849e+00
4.780000e-05	-5.726002e-03	-8.758323e+00
4.781000e-05	-3.673643e-03	-8.454207e+00
4.782000e-05	-4.953234e-03	-8.252579e+00
4.783000e-05	-1.020386e-02	-8.058447e+00
4.784000e-05	-9.232770e-03	-7.703256e+00
4.785000e-05	-6.574577e-03	-7.410951e+00
4.786000e-05	-5.075724e-03	-7.157364e+00
4.787000e-05	-6.831924e-03	-6.872130e+00
4.788000e-05	-7.994888e-03	-6.630425e+00
4.789000e-05	-5.460986e-03	-6.317261e+00
4.790000e-05	-5.136121e-03	-6.022078e+00
4.791000e-05	-9.963171e-03	-5.779896e+00
4.792000e-05	-1.162433e-02	-5.494604e+00
4.793000e-05	-1.087777e-02	-5.148922e+00
4.794000e-05	-4.437414e-03	-4.831521e+00
4.795000e-05	-4.960438e-03	-4.507336e+00
4.796000e-05	-7.600788e-03	-4.274661e+00
4.797000e-05	-9.280009e-03	-4.011551e+00
4.798000e-05	-8.632144e-03	-3.686236e+00
4.799000e-05	-8.114865e-03	-3.412626e+00
4.800000e-05	-1.113670e-02	-3.129896e+00
4.801000e-05	-8.850744e-03	-2.831051e+00
4.802000e-05	-8.251965e-03	-2.538391e+00
4.803000e-05	-4.119400e-03	-2.242105e+00
4.804000e-05	-7.911840e-03	-1.968844e+00
4.805000e-05	-9.421861e-03	-1.684683e+00
4.806000e-05	-1.156868e-02	-1.318294e+00
4.807000e-05	-8.322226e-03	-1.021577e+00
4.808000e-05	-8.840718e-03	-7.182922e-01
4.809000e-05	-8.679082e-03	-3.810250e-01
4.810000e-05	-6.907934e-03	-1.278943e-01
4.811000e-05	2.171012e-03	1.563474e-01
4.812000e-05	6.127725e-03	4.921305e-01
4.813000e-05	-3.846791e-03	6.738434e-01
4.814000e-05	1.146929e-04	1.007474e+00
4.815000e-05	-5.816222e-03	1.284235e+00
4.816000e-05	5.998654e-04	1.628500e+00
4.817000e-05	4.158450e-03	1.913687e+00
4.818000e-05	4.593978e-02	2.155416e+00
4.819000e-05	9.575372e-02	2.439134e+00
4.820000e-05	-4.671318e-02	2.849602e+00
4.821000e-05	-5.221489e-02	3.103293e+00
4.822000e-05	-3.755027e-02	3.428530e+00
4.823000e-05	-2.744705e-02	3.714359e+00
4.824000e-05	-8.517500e-02	3.914266e+00
4.825000e-05	5.419859e-02	4.164270e+00
4.826000e-05	7.419685e-02	4.521788e+00
4.827000e-05	-1.255371e-01	4.784817e+00
4.828000e-05	1.799225e-01	5.069607e+00
4.829000e-05	-1.058717e-01	5.436575e+00
4.830000e-05	1.067161e-02	5.678552e+00
4.831000e-05	1.316189e-04	5.996952e+00
4.832000e-05	-4.426310e-02	6.229553e+00
4.833000e-05	8.340437e-02	6.552337e+00
4.834000e-05	-5.646870e-02	6.817978e+00
4.835000e-05	3.607666e-02	7.111683e+00
4.836000e-05	-5.571859e-02	7.425399e+00
4.837000e-05	1.556554e-02	7.651659e+00
4.838000e-05	-3.011947e-03	7.964440e+00
4.839000e-05	-2.376680e-02	8.258083e+00
4.840000e-05	5.335544e-02	8.471584e+00
4.841000e-05	-3.287324e-02	8.722711e+00
4.842000e-05	2.810804e-02	8.952842e+00
4.843000e-05	-2.502096e-02	9.248500e+00
4.844000e-05	-2.817770e-02	9.469553e+00
4.845000e-05	8.574766e-03	9.692212e+00
4.846000e-05	5.414989e-04	9.993343e+00
4.847000e-05	2.641913e-02	1.019747e+01
4.848000e-05	-2.945134e-02	1.044700e+01
4.849000e-05	1.344208e-02	1.070966e+01
4.850000e-05	-2.375699e-02	1.090113e+01
4.851000e-05	5.412017e-03	1.110213e+01
4.852000e-05	-1.345419e-02	1.134323e+01
4.853000e-05	-3.580582e-03	1.153427e+01
4.854000e-05	6.001031e-03	1.180489e+01
4.855000e-05	-1.107587e-03	1.203690e+01
4.856000e-05	-6.039417e-03	1.220587e+01
4.857000e-05	-2.259138e-02	1.243592e+01
4.858000e-05	-1.272807e-03	1.260484e+01
4.859000e-05	-6.271370e-05	1.282537e+01
4.860000e-05	7.161889e-03	1.300640e+01
4.861000e-05	-8.693791e-03	1.315131e+01
4.862000e-05	-1.117709e-02	1.334216e+01
4.863000e-05	-8.553626e-03	1.349063e+01
4.864000e-05	-9.912541e-03	1.369955e+01
4.865000e-05	-1.256068e-02	1.381447e+01
4.866000e-05	-1.145263e-02	1.398432e+01
4.867000e-05	3.943379e-04	1.417234e+01
4.868000e-05	2.186861e-03	1.433073e+01
4.869000e-05	-7.574568e-03	1.446810e+01
4.870000e-05	-1.628496e-02	1.464385e+01
4.871000e-05	-1.606601e-02	1.473321e+01
4.872000e-05	-6.427542e-03	1.484700e+01
4.873000e-05	-9.332012e-03	1.495531e+01
4.874000e-05	-1.241148e-02	1.505757e+01
4.875000e-05	-1.456656e-02	1.515279e+01
4.876000e-05	-1.079536e-02	1.526950e+01
4.877000e-05	-9.450904e-03	1.536389e+01
4.878000e-05	-1.485660e-02	1.546695e+01
4.879000e-05	-1.552682e-02	1.556124e+01
4.880000e-05	-1.488851e-02	1.561600e+01
4.881000e-05	-9.277209e-03	1.569163e+01
4.882000e-05	-1.867126e-02	1.578376e+01
4.883000e-05	-2.422862e-02	1.582598e+01
4.884000e-05	-2.611837e-02	1.588168e+01
4.885000e-05	-1.721819e-02	1.593176e+01
4.886000e-05	-1.477263e-02	1.599492e+01
4.887000e-05	-2.120424e-02	1.603698e+01
4.888000e-05	-2.359634e-02	1.610753e+01
4.889000e-05	-2.538399e-02	1.611820e+01
4.890000e-05	-2.379605e-02	1.611016e+01
4.891000e-05	-3.396456e-02	1.613019e+01
4.892000e-05	-3.512600e-02	1.615174e+01
4.893000e-05	-3.589844e-02	1.613076e+01
4.894000e-05	-3.086319e-02	1.615071e+01
4.895000e-05	-3.708683e-02	1.612223e+01
4.896000e-05	-4.673405e-02	1.610966e+01
4.897000e-05	-5.294348e-02	1.611068e+01
4.898000e-05	-5.725365e-02	1.607763e+01
4.899000e-05	-6.438515e-02	1.602755e+01
4.900000e-05	-8.261509e-02	1.602692e+01
4.901000e-05	-1.038131e-01	1.596377e+01
4.902000e-05	-1.353204e-01	1.594063e+01
4.903000e-05	-1.810113e-01	1.586908e+01
4.904000e-05	-2.348353e-01	1.579550e+01
4.905000e-05	-2.499999e-01	1.574424e+01
4.906000e-05	-2.500000e-01	1.569107e+01
4.907000e-05	-2.459473e-01	1.561639e+01
4.908000e-05	-1.999394e-01	1.552363e+01
4.909000e-05	-1.397628e-01	1.546853e+01
4.910000e-05	-9.753000e-02	1.532326e+01
4.911000e-05	-7.060978e-02	1.524747e+01
4.912000e-05	-5.087208e-02	1.511273e+01
4.913000e-05	-4.091680e-02	1.501597e+01
4.914000e-05	-3.455240e-02	1.494213e+01
4.915000e-05	-2.741772e-02	1.482639e+01
4.916000e-05	-2.256554e-02	1.465813e+01
4.917000e-05	-2.040730e-02	1.450321e+01
4.918000e-05	-2.248663e-02	1.441644e+01
4.919000e-05	-2.048867e-02	1.428810e+01
4.920000e-05	-1.585481e-02	1.411321e+01
4.921000e-05	-1.110345e-02	1.395329e+01
4.922000e-05	-1.386473e-02	1.379241e+01
4.923000e-05	-1.456810e-02	1.360592e+01
4.924000e-05	-1.179138e-02	1.343905e+01
4.925000e-05	-1.050045e-02	1.329065e+01
4.926000e-05	-1.156738e-02	1.309118e+01
4.927000e-05	-1.383320e-02	1.292329e+01
4.928000e-05	-1.241640e-02	1.273326e+01
4.929000e-05	-8.285160e-03	1.257531e+01
4.930000e-05	-8.087504e-03	1.236427e+01
4.931000e-05	-9.733682e-03	1.217487e+01
4.932000e-05	-1.079584e-02	1.195531e+01
4.933000e-05	-7.188658e-03	1.172569e+01
4.934000e-05	-7.167409e-03	1.153418e+01
4.935000e-05	-7.711055e-03	1.131113e+01
4.936000e-05	-1.089698e-02	1.106111e+01
4.937000e-05	-8.908767e-03	1.088058e+01
4.938000e-05	-6.536046e-03	1.061050e+01
4.939000e-05	-6.334817e-03	1.038797e+01
4.940000e-05	-8.618814e-03	1.018692e+01
4.941000e-05	-7.957334e-03	9.924763e+00
4.942000e-05	-5.582318e-03	9.711183e+00
4.943000e-05	-5.797492e-03	9.429504e+00
4.944000e-05	-6.271660e-03	9.220426e+00
4.945000e-05	-9.167794e-03	8.973793e+00
4.946000e-05	-6.822022e-03	8.673739e+00
4.947000e-05	-6.462713e-03	8.472630e+00
4.948000e-05	-6.251886e-03	8.230996e+00
4.949000e-05	-7.254230e-03	7.936816e+00
4.950000e-05	-7.043321e-03	7.712111e+00
4.951000e-05	-5.174275e-03	7.389863e+00
4.952000e-05	-4.967415e-03	7.105210e+00
4.953000e-05	-7.041779e-03	6.832577e+00
4.954000e-05	-7.766100e-03	6.565888e+00
4.955000e-05	-6.104724e-03	6.294135e+00
4.956000e-05	-6.253171e-03	6.061074e+00
4.957000e-05	-6.718797e-03	5.736863e+00
4.958000e-05	-8.289654e-03	5.433058e+00
4.959000e-05	-6.422305e-03	5.146417e+00
4.960000e-05	-5.056898e-03	4.788971e+00
4.961000e-05	-4.951083e-03	4.546760e+00
4.962000e-05	-6.190591e-03	4.271629e+00
4.963000e-05	-6.966365e-03	3.936812e+00
4.964000e-05	-5.685175e-03	3.692634e+00
4.965000e-05	-5.857874e-03	3.360392e+00
4.966000e-05	-6.671324e-03	3.113583e+00
4.967000e-05	-8.135093e-03	2.801526e+00
4.968000e-05	-6.395289e-03	2.504180e+00
4.969000e-05	-4.916795e-03	2.179516e+00
4.970000e-05	-5.126621e-03	1.915794e+00
4.971000e-05	-6.189547e-03	1.614071e+00
4.972000e-05	-5.511585e-03	1.275662e+00
4.973000e-05	-4.358608e-03	9.794178e-01
4.974000e-05	-5.157619e-03	6.546014e-01
4.975000e-05	-5.559116e-03	3.689946e-01
4.976000e-05	-5.036049e-03	4.463007e-02
4.977000e-05	3.115950e-03	-2.491280e-01
4.978000e-05	7.287261e-03	-5.127160e-01
4.979000e-05	-2.722939e-03	-7.974277e-01
4.980000e-05	2.063201e-03	-1.052710e+00
4.981000e-05	-1.863919e-03	-1.346498e+00
4.982000e-05	3.150288e-03	-1.660207e+00
4.983000e-05	2.105215e-02	-1.894686e+00
4.984000e-05	1.095427e-01	-2.176388e+00
4.985000e-05	2.344714e-02	-2.573870e+00
4.986000e-05	-7.273263e-02	-3.018975e+00
4.987000e-05	-1.925991e-02	-3.314340e+00
4.988000e-05	-4.780842e-02	-3.535340e+00
4.989000e-05	-7.618062e-02	-3.718345e+00
4.990000e-05	8.657954e-02	-3.997471e+00
4.991000e-05	3.979375e-02	-4.206950e+00
4.992000e-05	-9.541435e-02	-4.534866e+00
4.993000e-05	1.872987e-01	-4.766374e+00
4.994000e-05	-1.683600e-01	-5.103315e+00
4.995000e-05	1.174156e-01	-5.461139e+00
4.996000e-05	-5.741132e-02	-5.753238e+00
4.997000e-05	-5.208238e-02	-6.051628e+00
4.998000e-05	1.470013e-01	-6.260109e+00
4.999000e-05	-1.268983e-01	-6.606001e+00
