# 260528_14:50:29.017326
t	CH1	CH2
0.000000e+00	2.301105e-03	-2.502357e-01
1.000000e-08	6.487828e-03	-4.754186e-01
2.000000e-08	-1.416670e-03	-7.911567e-01
3.000000e-08	3.294197e-03	-1.044788e+00
4.000000e-08	-1.043860e-03	-1.420658e+00
5.000000e-08	3.485119e-03	-1.672861e+00
6.000000e-08	2.260335e-02	-1.926392e+00
7.000000e-08	1.162738e-01	-2.178651e+00
8.000000e-08	1.106899e-02	-2.546576e+00
9.000000e-08	-7.117258e-02	-2.981728e+00
1.000000e-07	-2.004069e-02	-3.336445e+00
1.100000e-07	-4.773275e-02	-3.527348e+00
1.200000e-07	-7.857808e-02	-3.807030e+00
1.300000e-07	1.091445e-01	-3.948496e+00
1.400000e-07	1.999435e-02	-4.220659e+00
1.500000e-07	-8.922195e-02	-4.547000e+00
1.600000e-07	1.950930e-01	-4.788553e+00
1.700000e-07	-1.916532e-01	-5.157599e+00
1.800000e-07	1.493166e-01	-5.484347e+00
1.900000e-07	-9.249841e-02	-5.735420e+00
2.000000e-07	-3.265441e-02	-6.052759e+00
2.100000e-07	1.421568e-01	-6.243787e+00
2.200000e-07	-1.334115e-01	-6.608149e+00
2.300000e-07	1.650818e-01	-6.923312e+00
2.400000e-07	-1.495185e-01	-7.128100e+00
2.500000e-07	6.772192e-02	-7.485266e+00
2.600000e-07	-1.474952e-04	-7.734471e+00
2.700000e-07	-4.697442e-02	-8.052831e+00
2.800000e-07	1.238560e-01	-8.282236e+00
2.900000e-07	-1.276977e-01	-8.526949e+00
3.000000e-07	1.460498e-01	-8.831082e+00
3.100000e-07	-9.855687e-02	-9.041260e+00
3.200000e-07	2.870546e-02	-9.354812e+00
3.300000e-07	-2.590884e-02	-9.526870e+00
3.400000e-07	2.409369e-03	-9.799979e+00
3.500000e-07	8.085312e-02	-1.002805e+01
3.600000e-07	-5.878254e-02	-1.027219e+01
3.700000e-07	7.150099e-02	-1.051286e+01
3.800000e-07	-8.820600e-02	-1.072632e+01
3.900000e-07	8.240268e-02	-1.099587e+01
4.000000e-07	-5.649429e-02	-1.116650e+01
4.100000e-07	4.320220e-02	-1.142958e+01
4.200000e-07	-2.665488e-02	-1.162762e+01
4.300000e-07	3.098501e-02	-1.186173e+01
4.400000e-07	8.694580e-03	-1.207024e+01
4.500000e-07	-1.237775e-02	-1.227028e+01
4.600000e-07	5.615532e-03	-1.250119e+01
4.700000e-07	-7.668623e-03	-1.264113e+01
4.800000e-07	4.452391e-02	-1.282113e+01
4.900000e-07	-1.381233e-02	-1.306111e+01
5.000000e-07	1.500320e-02	-1.321805e+01
5.100000e-07	-2.404153e-02	-1.339700e+01
5.200000e-07	2.873983e-02	-1.351429e+01
5.300000e-07	-6.234670e-03	-1.369279e+01
5.400000e-07	1.748392e-02	-1.390174e+01
5.500000e-07	-5.328503e-03	-1.407713e+01
5.600000e-07	2.506871e-02	-1.418805e+01
5.700000e-07	8.011898e-03	-1.433340e+01
5.800000e-07	4.088112e-03	-1.450369e+01
5.900000e-07	-9.949479e-03	-1.462910e+01
6.000000e-07	7.877214e-03	-1.474439e+01
6.100000e-07	1.994838e-02	-1.490968e+01
6.200000e-07	1.464924e-02	-1.500942e+01
6.300000e-07	7.165106e-03	-1.510379e+01
6.400000e-07	-9.082733e-04	-1.518553e+01
6.500000e-07	1.846862e-02	-1.527114e+01
6.600000e-07	1.034570e-02	-1.538887e+01
6.700000e-07	1.241714e-02	-1.551064e+01
6.800000e-07	3.158528e-03	-1.557645e+01
6.900000e-07	1.998704e-02	-1.568210e+01
7.000000e-07	1.908058e-02	-1.576379e+01
7.100000e-07	1.251680e-02	-1.580797e+01
7.200000e-07	3.605619e-03	-1.587061e+01
7.300000e-07	1.278117e-02	-1.592371e+01
7.400000e-07	2.529170e-02	-1.594635e+01
7.500000e-07	2.361500e-02	-1.601800e+01
7.600000e-07	1.779766e-02	-1.605963e+01
7.700000e-07	1.446394e-02	-1.607113e+01
7.800000e-07	2.420762e-02	-1.610266e+01
7.900000e-07	2.689682e-02	-1.614437e+01
8.000000e-07	2.298937e-02	-1.614379e+01
8.100000e-07	2.254854e-02	-1.616529e+01
8.200000e-07	3.168416e-02	-1.617879e+01
8.300000e-07	4.137355e-02	-1.617584e+01
8.400000e-07	3.834708e-02	-1.616431e+01
8.500000e-07	3.480262e-02	-1.611529e+01
8.600000e-07	4.182992e-02	-1.612324e+01
8.700000e-07	5.853129e-02	-1.607111e+01
8.800000e-07	6.946592e-02	-1.605953e+01
8.900000e-07	7.434367e-02	-1.603598e+01
9.000000e-07	9.106947e-02	-1.593545e+01
9.100000e-07	1.242031e-01	-1.590319e+01
9.200000e-07	1.715610e-01	-1.586210e+01
9.300000e-07	2.238871e-01	-1.580943e+01
9.400000e-07	2.490948e-01	-1.575474e+01
9.500000e-07	2.500000e-01	-1.572256e+01
9.600000e-07	2.500000e-01	-1.559737e+01
9.700000e-07	2.429826e-01	-1.552263e+01
9.800000e-07	1.867755e-01	-1.541942e+01
9.900000e-07	1.243202e-01	-1.529474e+01
1.000000e-06	9.112643e-02	-1.526745e+01
1.010000e-06	6.858827e-02	-1.514426e+01
1.020000e-06	4.597758e-02	-1.502043e+01
1.030000e-06	3.138404e-02	-1.489356e+01
1.040000e-06	2.727044e-02	-1.479632e+01
1.050000e-06	2.630842e-02	-1.469111e+01
1.060000e-06	1.899369e-02	-1.454324e+01
1.070000e-06	9.923773e-03	-1.439737e+01
1.080000e-06	9.260035e-03	-1.426895e+01
1.090000e-06	1.267843e-02	-1.409356e+01
1.100000e-06	1.214612e-02	-1.395574e+01
1.110000e-06	3.850753e-03	-1.372674e+01
1.120000e-06	1.416035e-03	-1.361800e+01
1.130000e-06	3.449892e-03	-1.342950e+01
1.140000e-06	7.152566e-03	-1.324098e+01
1.150000e-06	3.285052e-03	-1.311313e+01
1.160000e-06	-1.463070e-03	-1.291471e+01
1.170000e-06	6.784819e-05	-1.276516e+01
1.180000e-06	4.391306e-03	-1.256729e+01
1.190000e-06	3.567351e-03	-1.234719e+01
1.200000e-06	-3.199120e-03	-1.215577e+01
1.210000e-06	-4.826711e-03	-1.201729e+01
1.220000e-06	-1.139100e-03	-1.176477e+01
1.230000e-06	2.170184e-03	-1.147416e+01
1.240000e-06	-2.260260e-03	-1.123998e+01
1.250000e-06	-5.324931e-03	-1.106940e+01
1.260000e-06	-3.187407e-03	-1.080948e+01
1.270000e-06	1.189169e-03	-1.061898e+01
1.280000e-06	-9.114842e-04	-1.040724e+01
1.290000e-06	-6.134465e-03	-1.013371e+01
1.300000e-06	-7.300898e-03	-9.914708e+00
1.310000e-06	-3.430552e-03	-9.712609e+00
1.320000e-06	-2.189585e-03	-9.429955e+00
1.330000e-06	-5.584307e-03	-9.176895e+00
1.340000e-06	-9.194313e-03	-8.956241e+00
1.350000e-06	-5.271404e-03	-8.747133e+00
1.360000e-06	-2.742834e-03	-8.450855e+00
1.370000e-06	-4.557688e-03	-8.207271e+00
1.380000e-06	-7.977953e-03	-7.924817e+00
1.390000e-06	-8.226082e-03	-7.640401e+00
1.400000e-06	-4.424018e-03	-7.336766e+00
1.410000e-06	-5.802450e-03	-7.113633e+00
1.420000e-06	-7.865229e-03	-6.819371e+00
1.430000e-06	-1.011646e-02	-6.535765e+00
1.440000e-06	-6.152906e-03	-6.304055e+00
1.450000e-06	-5.151748e-03	-5.966299e+00
1.460000e-06	-7.929361e-03	-5.725204e+00
1.470000e-06	-1.072003e-02	-5.430272e+00
1.480000e-06	-7.900872e-03	-5.093088e+00
1.490000e-06	-5.304371e-03	-4.759270e+00
1.500000e-06	-6.734532e-03	-4.481508e+00
1.510000e-06	-1.080077e-02	-4.228925e+00
1.520000e-06	-1.120530e-02	-3.977741e+00
1.530000e-06	-8.798242e-03	-3.590005e+00
1.540000e-06	-6.112949e-03	-3.388345e+00
1.550000e-06	-9.357178e-03	-3.044533e+00
1.560000e-06	-9.155570e-03	-2.737766e+00
1.570000e-06	-7.692942e-03	-2.493657e+00
1.580000e-06	-5.297093e-03	-2.158250e+00
1.590000e-06	-8.546837e-03	-1.884561e+00
1.600000e-06	-1.208344e-02	-1.579394e+00
1.610000e-06	-1.094172e-02	-1.243537e+00
1.620000e-06	-8.401475e-03	-9.467458e-01
1.630000e-06	-7.364665e-03	-6.524526e-01
1.640000e-06	-9.176012e-03	-3.367907e-01
1.650000e-06	-6.911675e-03	-7.058133e-02
1.660000e-06	5.048632e-03	2.627582e-01
1.670000e-06	2.745269e-03	5.183634e-01
1.680000e-06	-2.002535e-03	7.884764e-01
1.690000e-06	-3.573063e-03	1.093936e+00
1.700000e-06	-3.985618e-03	1.377523e+00
1.710000e-06	7.111327e-04	1.674362e+00
1.720000e-06	1.077467e-02	1.956994e+00
1.730000e-06	6.148161e-02	2.220654e+00
1.740000e-06	8.270320e-02	2.569042e+00
1.750000e-06	-7.880712e-02	2.925862e+00
1.760000e-06	-3.379903e-02	3.171124e+00
1.770000e-06	-4.173683e-02	3.514916e+00
1.780000e-06	-3.337961e-02	3.728995e+00
1.790000e-06	-8.282493e-02	3.908447e+00
1.800000e-06	1.146942e-01	4.251729e+00
1.810000e-06	-1.028275e-02	4.578550e+00
1.820000e-06	-5.889127e-02	4.850628e+00
1.830000e-06	1.665775e-01	5.167024e+00
1.840000e-06	-1.615655e-01	5.481708e+00
1.850000e-06	8.058619e-02	5.755042e+00
1.860000e-06	-6.693807e-02	6.072758e+00
1.870000e-06	1.940777e-02	6.273339e+00
1.880000e-06	4.680318e-02	6.640178e+00
1.890000e-06	-4.347772e-02	6.874235e+00
1.900000e-06	3.506340e-02	7.145917e+00
1.910000e-06	-7.176601e-02	7.482687e+00
1.920000e-06	4.856318e-02	7.757491e+00
1.930000e-06	-4.535765e-02	8.000661e+00
1.940000e-06	1.767464e-02	8.293812e+00
1.950000e-06	2.879304e-02	8.554994e+00
1.960000e-06	-3.147248e-02	8.779025e+00
1.970000e-06	4.057290e-02	9.031179e+00
1.980000e-06	-5.146561e-02	9.294263e+00
1.990000e-06	-1.127757e-03	9.504861e+00
2.000000e-06	-1.167160e-02	9.806495e+00
2.010000e-06	2.506398e-02	1.004913e+01
2.020000e-06	-8.831799e-04	1.025973e+01
2.030000e-06	-1.422851e-02	1.051224e+01
2.040000e-06	6.299468e-03	1.070379e+01
2.050000e-06	-2.322552e-02	1.097582e+01
2.060000e-06	9.774442e-03	1.117434e+01
2.070000e-06	-2.234730e-02	1.136650e+01
2.080000e-06	6.590518e-03	1.162875e+01
2.090000e-06	-5.199428e-03	1.184963e+01
2.100000e-06	5.377378e-03	1.208373e+01
2.110000e-06	-1.837689e-02	1.227063e+01
2.120000e-06	-1.051634e-02	1.244220e+01
2.130000e-06	-8.668638e-03	1.265958e+01
2.140000e-06	4.422141e-03	1.283005e+01
2.150000e-06	-3.247228e-03	1.303008e+01
2.160000e-06	-1.153802e-02	1.320752e+01
2.170000e-06	-1.265055e-02	1.339742e+01
2.180000e-06	-9.160166e-03	1.354536e+01
2.190000e-06	-5.776706e-03	1.374376e+01
2.200000e-06	-1.415295e-02	1.388116e+01
2.210000e-06	-5.476168e-03	1.403010e+01
2.220000e-06	-6.780848e-03	1.423002e+01
2.230000e-06	-8.719057e-04	1.437584e+01
2.240000e-06	-1.892541e-02	1.449326e+01
2.250000e-06	-1.703658e-02	1.462210e+01
2.260000e-06	-1.703721e-02	1.477694e+01
2.270000e-06	-4.221224e-03	1.493173e+01
2.280000e-06	-9.031377e-03	1.498802e+01
2.290000e-06	-1.445085e-02	1.510218e+01
2.300000e-06	-1.444684e-02	1.517747e+01
2.310000e-06	-1.510384e-02	1.531123e+01
2.320000e-06	-1.091232e-02	1.539737e+01
2.330000e-06	-2.087863e-02	1.549265e+01
2.340000e-06	-1.700251e-02	1.554492e+01
2.350000e-06	-1.719338e-02	1.563910e+01
2.360000e-06	-1.147496e-02	1.571568e+01
2.370000e-06	-2.268358e-02	1.580739e+01
2.380000e-06	-2.563869e-02	1.586863e+01
2.390000e-06	-2.421091e-02	1.588363e+01
2.400000e-06	-1.934503e-02	1.596584e+01
2.410000e-06	-1.883196e-02	1.602797e+01
2.420000e-06	-2.747623e-02	1.605752e+01
2.430000e-06	-2.699021e-02	1.606215e+01
2.440000e-06	-2.847393e-02	1.610158e+01
2.450000e-06	-2.857738e-02	1.611221e+01
2.460000e-06	-3.746587e-02	1.614424e+01
2.470000e-06	-3.855187e-02	1.618426e+01
2.480000e-06	-3.683299e-02	1.614276e+01
2.490000e-06	-3.655155e-02	1.611568e+01
2.500000e-06	-4.164296e-02	1.615366e+01
2.510000e-06	-5.396319e-02	1.614263e+01
2.520000e-06	-5.807761e-02	1.612271e+01
2.530000e-06	-6.348777e-02	1.608158e+01
2.540000e-06	-7.064863e-02	1.607002e+01
2.550000e-06	-8.883594e-02	1.599742e+01
2.560000e-06	-1.084214e-01	1.599582e+01
2.570000e-06	-1.371524e-01	1.596221e+01
2.580000e-06	-1.831239e-01	1.587108e+01
2.590000e-06	-2.350900e-01	1.584734e+01
2.600000e-06	-2.500000e-01	1.573419e+01
2.610000e-06	-2.500000e-01	1.569060e+01
2.620000e-06	-2.500000e-01	1.565644e+01
2.630000e-06	-2.385862e-01	1.554469e+01
2.640000e-06	-1.870890e-01	1.544055e+01
2.650000e-06	-1.298584e-01	1.536314e+01
2.660000e-06	-9.347412e-02	1.521992e+01
2.670000e-06	-6.805502e-02	1.513321e+01
2.680000e-06	-5.391493e-02	1.502787e+01
2.690000e-06	-4.467869e-02	1.489453e+01
2.700000e-06	-3.431571e-02	1.482479e+01
2.710000e-06	-2.857791e-02	1.465800e+01
2.720000e-06	-2.702525e-02	1.450306e+01
2.730000e-06	-2.639393e-02	1.439589e+01
2.740000e-06	-2.317697e-02	1.420897e+01
2.750000e-06	-1.772220e-02	1.409255e+01
2.760000e-06	-1.659819e-02	1.393166e+01
2.770000e-06	-1.627823e-02	1.376526e+01
2.780000e-06	-1.738580e-02	1.358679e+01
2.790000e-06	-1.283838e-02	1.343843e+01
2.800000e-06	-1.338289e-02	1.326992e+01
2.810000e-06	-1.295314e-02	1.306050e+01
2.820000e-06	-1.581610e-02	1.293108e+01
2.830000e-06	-1.191276e-02	1.273508e+01
2.840000e-06	-1.131955e-02	1.252471e+01
2.850000e-06	-1.080287e-02	1.232466e+01
2.860000e-06	-1.351649e-02	1.213423e+01
2.870000e-06	-1.220525e-02	1.193461e+01
2.880000e-06	-8.692450e-03	1.169363e+01
2.890000e-06	-8.522511e-03	1.147198e+01
2.900000e-06	-9.149413e-03	1.127100e+01
2.910000e-06	-1.045662e-02	1.104095e+01
2.920000e-06	-8.664184e-03	1.086042e+01
2.930000e-06	-8.218316e-03	1.058692e+01
2.940000e-06	-9.725781e-03	1.036674e+01
2.950000e-06	-9.981203e-03	1.014469e+01
2.960000e-06	-8.920542e-03	9.883154e+00
2.970000e-06	-6.243087e-03	9.630848e+00
2.980000e-06	-5.868471e-03	9.428793e+00
2.990000e-06	-8.122246e-03	9.186215e+00
3.000000e-06	-8.245539e-03	8.943608e+00
3.010000e-06	-7.449937e-03	8.681453e+00
3.020000e-06	-5.433411e-03	8.420893e+00
3.030000e-06	-6.841919e-03	8.188239e+00
3.040000e-06	-7.708166e-03	7.894483e+00
3.050000e-06	-8.129195e-03	7.648424e+00
3.060000e-06	-6.179044e-03	7.354613e+00
3.070000e-06	-5.318516e-03	7.062479e+00
3.080000e-06	-7.653736e-03	6.828892e+00
3.090000e-06	-6.242831e-03	6.514058e+00
3.100000e-06	-5.569323e-03	6.269999e+00
3.110000e-06	-5.599485e-03	5.977847e+00
3.120000e-06	-6.901532e-03	5.743012e+00
3.130000e-06	-7.393981e-03	5.420395e+00
3.140000e-06	-7.108830e-03	5.071505e+00
3.150000e-06	-5.917730e-03	4.735260e+00
3.160000e-06	-5.895592e-03	4.461454e+00
3.170000e-06	-6.072554e-03	4.240218e+00
3.180000e-06	-6.562500e-03	3.934981e+00
3.190000e-06	-5.454508e-03	3.599448e+00
3.200000e-06	-5.470343e-03	3.283584e+00
3.210000e-06	-6.172520e-03	3.059920e+00
3.220000e-06	-6.356082e-03	2.735662e+00
3.230000e-06	-6.058927e-03	2.410391e+00
3.240000e-06	-5.867761e-03	2.146238e+00
3.250000e-06	-6.604257e-03	1.850999e+00
3.260000e-06	-6.056545e-03	1.526136e+00
3.270000e-06	-6.380204e-03	1.230419e+00
3.280000e-06	-4.643907e-03	8.930565e-01
3.290000e-06	-4.167929e-03	5.587934e-01
3.300000e-06	-4.112168e-03	3.366817e-01
3.310000e-06	-3.161338e-03	-2.157652e-02
3.320000e-06	5.947525e-03	-3.048358e-01
3.330000e-06	3.767808e-03	-5.680740e-01
3.340000e-06	-1.040834e-03	-8.532619e-01
3.350000e-06	-1.207406e-03	-1.105419e+00
3.360000e-06	-1.113509e-03	-1.473811e+00
3.370000e-06	1.805372e-03	-1.696368e+00
3.380000e-06	3.320716e-02	-1.946973e+00
3.390000e-06	1.280314e-01	-2.232635e+00
3.400000e-06	-3.029726e-02	-2.671282e+00
3.410000e-06	-4.939133e-02	-3.075917e+00
3.420000e-06	-3.037251e-02	-3.358548e+00
3.430000e-06	-4.473874e-02	-3.587553e+00
3.440000e-06	-8.158802e-02	-3.831704e+00
3.450000e-06	1.554533e-01	-3.980052e+00
3.460000e-06	-6.206173e-02	-4.262817e+00
3.470000e-06	-1.075360e-02	-4.589555e+00
3.480000e-06	1.356359e-01	-4.822708e+00
3.490000e-06	-1.828199e-01	-5.251253e+00
3.500000e-06	1.807723e-01	-5.524891e+00
3.510000e-06	-1.587240e-01	-5.799055e+00
3.520000e-06	5.285945e-02	-6.114237e+00
3.530000e-06	7.406482e-02	-6.335919e+00
3.540000e-06	-9.035876e-02	-6.681837e+00
3.550000e-06	1.461786e-01	-6.984896e+00
3.560000e-06	-1.748909e-01	-7.251157e+00
3.570000e-06	1.224672e-01	-7.486366e+00
3.580000e-06	-6.465324e-02	-7.809572e+00
3.590000e-06	2.180912e-02	-8.124342e+00
3.600000e-06	7.063366e-02	-8.274787e+00
3.610000e-06	-9.912153e-02	-8.589029e+00
3.620000e-06	1.452800e-01	-8.882261e+00
3.630000e-06	-1.324523e-01	-9.073790e+00
3.640000e-06	7.097619e-02	-9.365920e+00
3.650000e-06	-6.921014e-02	-9.558504e+00
3.660000e-06	5.961732e-02	-9.821707e+00
3.670000e-06	3.133699e-02	-1.005258e+01
3.680000e-06	-2.628382e-02	-1.030392e+01
3.690000e-06	4.202458e-02	-1.056687e+01
3.700000e-06	-7.072962e-02	-1.079805e+01
3.710000e-06	8.146124e-02	-1.101897e+01
3.720000e-06	-6.447459e-02	-1.122111e+01
3.730000e-06	5.933147e-02	-1.142858e+01
3.740000e-06	-3.985531e-02	-1.171066e+01
3.750000e-06	5.208545e-02	-1.192431e+01
3.760000e-06	-1.599850e-02	-1.210392e+01
3.770000e-06	3.202449e-03	-1.227479e+01
3.780000e-06	-8.695882e-03	-1.248326e+01
3.790000e-06	1.109019e-02	-1.269231e+01
3.800000e-06	3.253594e-02	-1.287074e+01
3.810000e-06	-8.410630e-03	-1.309113e+01
3.820000e-06	8.566850e-03	-1.323963e+01
3.830000e-06	-1.775596e-02	-1.342858e+01
3.840000e-06	2.744778e-02	-1.357547e+01
3.850000e-06	-7.646056e-03	-1.378587e+01
3.860000e-06	1.698309e-02	-1.393384e+01
3.870000e-06	-4.583087e-03	-1.406168e+01
3.880000e-06	2.835156e-02	-1.422960e+01
3.890000e-06	4.531765e-03	-1.432640e+01
3.900000e-06	4.025495e-03	-1.454581e+01
3.910000e-06	-1.050816e-02	-1.464860e+01
3.920000e-06	1.436777e-02	-1.474747e+01
3.930000e-06	1.777501e-02	-1.491116e+01
3.940000e-06	1.422704e-02	-1.503862e+01
3.950000e-06	3.719000e-03	-1.508276e+01
3.960000e-06	3.545911e-03	-1.521708e+01
3.970000e-06	1.731729e-02	-1.531324e+01
3.980000e-06	1.085166e-02	-1.546797e+01
3.990000e-06	9.913082e-03	-1.551127e+01
4.000000e-06	5.667241e-03	-1.562902e+01
4.010000e-06	2.202580e-02	-1.563108e+01
4.020000e-06	1.704901e-02	-1.580621e+01
4.030000e-06	1.082807e-02	-1.581895e+01
4.040000e-06	3.429873e-03	-1.586106e+01
4.050000e-06	1.587964e-02	-1.588426e+01
4.060000e-06	2.601880e-02	-1.593639e+01
4.070000e-06	2.299536e-02	-1.601007e+01
4.080000e-06	1.577708e-02	-1.603958e+01
4.090000e-06	1.595980e-02	-1.609061e+01
4.100000e-06	2.532314e-02	-1.610319e+01
4.110000e-06	2.618422e-02	-1.615576e+01
4.120000e-06	2.235528e-02	-1.614579e+01
4.130000e-06	2.395868e-02	-1.615532e+01
4.140000e-06	3.477113e-02	-1.614537e+01
4.150000e-06	4.176067e-02	-1.613432e+01
4.160000e-06	3.687728e-02	-1.617521e+01
4.170000e-06	3.463621e-02	-1.613372e+01
4.180000e-06	4.484984e-02	-1.611276e+01
4.190000e-06	6.019289e-02	-1.607311e+01
4.200000e-06	7.039491e-02	-1.606900e+01
4.210000e-06	7.640247e-02	-1.599592e+01
4.220000e-06	9.669066e-02	-1.595587e+01
4.230000e-06	1.316853e-01	-1.589221e+01
4.240000e-06	1.815003e-01	-1.587961e+01
4.250000e-06	2.301816e-01	-1.581737e+01
4.260000e-06	2.499999e-01	-1.573419e+01
4.270000e-06	2.500000e-01	-1.569001e+01
4.280000e-06	2.500000e-01	-1.555334e+01
4.290000e-06	2.363387e-01	-1.552061e+01
4.300000e-06	1.728957e-01	-1.540685e+01
4.310000e-06	1.177072e-01	-1.527013e+01
4.320000e-06	8.722555e-02	-1.522742e+01
4.330000e-06	6.526183e-02	-1.511311e+01
4.340000e-06	4.316534e-02	-1.503492e+01
4.350000e-06	3.049001e-02	-1.487013e+01
4.360000e-06	2.769456e-02	-1.476584e+01
4.370000e-06	2.518251e-02	-1.462993e+01
4.380000e-06	1.615955e-02	-1.448213e+01
4.390000e-06	9.078825e-03	-1.437427e+01
4.400000e-06	1.091638e-02	-1.420695e+01
4.410000e-06	1.459487e-02	-1.408956e+01
4.420000e-06	1.047098e-02	-1.393211e+01
4.430000e-06	4.383506e-03	-1.375421e+01
4.440000e-06	1.467446e-03	-1.361691e+01
4.450000e-06	5.459203e-03	-1.340588e+01
4.460000e-06	5.413416e-03	-1.323945e+01
4.470000e-06	1.836484e-03	-1.307105e+01
4.480000e-06	-1.078454e-03	-1.287263e+01
4.490000e-06	1.725410e-03	-1.269273e+01
4.500000e-06	4.627614e-03	-1.253373e+01
4.510000e-06	1.629255e-03	-1.232313e+01
4.520000e-06	-3.924744e-03	-1.216419e+01
4.530000e-06	-3.916190e-03	-1.192314e+01
4.540000e-06	4.757846e-04	-1.171261e+01
4.550000e-06	1.497058e-03	-1.143047e+01
4.560000e-06	-3.827084e-03	-1.121840e+01
4.570000e-06	-5.295462e-03	-1.094687e+01
4.580000e-06	-2.707780e-03	-1.079837e+01
4.590000e-06	-1.135461e-04	-1.054782e+01
4.600000e-06	-3.153946e-03	-1.037369e+01
4.610000e-06	-7.177409e-03	-1.009211e+01
4.620000e-06	-4.293848e-03	-9.842104e+00
4.630000e-06	-2.124910e-03	-9.621428e+00
4.640000e-06	-2.951646e-03	-9.368849e+00
4.650000e-06	-7.957645e-03	-9.164712e+00
4.660000e-06	-8.288993e-03	-8.944636e+00
4.670000e-06	-4.902378e-03	-8.660103e+00
4.680000e-06	-3.250130e-03	-8.407793e+00
4.690000e-06	-5.775958e-03	-8.145715e+00
4.700000e-06	-8.023855e-03	-7.873555e+00
4.710000e-06	-6.574027e-03	-7.556771e+00
4.720000e-06	-3.812225e-03	-7.304162e+00
4.730000e-06	-6.504584e-03	-7.040925e+00
4.740000e-06	-9.129659e-03	-6.747340e+00
4.750000e-06	-9.891112e-03	-6.482111e+00
4.760000e-06	-5.237008e-03	-6.211499e+00
4.770000e-06	-6.302049e-03	-5.906190e+00
4.780000e-06	-7.846807e-03	-5.652006e+00
4.790000e-06	-1.021078e-02	-5.363162e+00
4.800000e-06	-6.622813e-03	-5.040004e+00
4.810000e-06	-5.073153e-03	-4.692562e+00
4.820000e-06	-7.354650e-03	-4.419500e+00
4.830000e-06	-1.124029e-02	-4.198372e+00
4.840000e-06	-1.028580e-02	-3.905009e+00
4.850000e-06	-8.106354e-03	-3.568424e+00
4.860000e-06	-7.765143e-03	-3.316164e+00
4.870000e-06	-9.544123e-03	-3.000921e+00
4.880000e-06	-8.270683e-03	-2.705662e+00
4.890000e-06	-7.406077e-03	-2.469427e+00
4.900000e-06	-6.599330e-03	-2.124637e+00
4.910000e-06	-8.949454e-03	-1.841480e+00
4.920000e-06	-1.202196e-02	-1.536739e+00
4.930000e-06	-9.545704e-03	-1.179872e+00
4.940000e-06	-8.178174e-03	-9.040329e-01
4.950000e-06	-7.527162e-03	-5.788222e-01
4.960000e-06	-9.078330e-03	-2.936104e-01
4.970000e-06	-6.304862e-03	-1.039993e-02
4.980000e-06	7.353421e-03	2.953382e-01
4.990000e-06	-1.579913e-03	5.585225e-01
5.000000e-06	7.567766e-04	8.006790e-01
5.010000e-06	-4.804324e-03	1.148372e+00
5.020000e-06	-7.059296e-04	1.452205e+00
5.030000e-06	-1.063208e-03	1.788547e+00
5.040000e-06	1.709250e-02	2.000000e+00
5.050000e-06	7.600248e-02	2.243736e+00
5.060000e-06	5.701998e-02	2.659608e+00
5.070000e-06	-8.531977e-02	2.975971e+00
5.080000e-06	-2.996255e-02	3.260757e+00
5.090000e-06	-3.984406e-02	3.537972e+00
5.100000e-06	-4.508738e-02	3.831076e+00
5.110000e-06	-6.361709e-02	3.979075e+00
5.120000e-06	1.410228e-01	4.323842e+00
5.130000e-06	-7.704889e-02	4.619583e+00
5.140000e-06	1.822219e-02	4.881236e+00
5.150000e-06	1.082499e-01	5.230175e+00
5.160000e-06	-1.498832e-01	5.525291e+00
5.170000e-06	9.492933e-02	5.809653e+00
5.180000e-06	-9.651388e-02	6.093861e+00
5.190000e-06	6.315630e-02	6.347475e+00
5.200000e-06	9.288456e-03	6.681714e+00
5.210000e-06	-2.262719e-02	6.945891e+00
5.220000e-06	1.791898e-02	7.260176e+00
5.230000e-06	-6.273054e-02	7.524822e+00
5.240000e-06	5.356170e-02	7.830146e+00
5.250000e-06	-6.034754e-02	8.134308e+00
5.260000e-06	4.336178e-02	8.347919e+00
5.270000e-06	6.979012e-03	8.618102e+00
5.280000e-06	-2.074332e-02	8.869578e+00
5.290000e-06	3.303681e-02	9.122786e+00
5.300000e-06	-6.069737e-02	9.325866e+00
5.310000e-06	1.291175e-02	9.567445e+00
5.320000e-06	-1.913344e-02	9.831105e+00
5.330000e-06	4.018063e-02	1.008273e+01
5.340000e-06	-1.628593e-02	1.028329e+01
5.350000e-06	-8.631348e-04	1.053534e+01
5.360000e-06	-7.580713e-03	1.071697e+01
5.370000e-06	-1.755174e-02	1.098794e+01
5.380000e-06	3.892993e-03	1.117897e+01
5.390000e-06	-2.348117e-02	1.144116e+01
5.400000e-06	1.195817e-02	1.167968e+01
5.410000e-06	-8.845733e-03	1.190228e+01
5.420000e-06	9.957059e-03	1.207329e+01
5.430000e-06	-2.637921e-02	1.230381e+01
5.440000e-06	-5.066612e-03	1.248278e+01
5.450000e-06	-1.110036e-02	1.268273e+01
5.460000e-06	9.438454e-03	1.285373e+01
5.470000e-06	-5.225927e-03	1.303105e+01
5.480000e-06	-1.329746e-02	1.321007e+01
5.490000e-06	-1.249900e-02	1.343797e+01
5.500000e-06	-1.036959e-02	1.360652e+01
5.510000e-06	-5.777262e-03	1.372529e+01
5.520000e-06	-1.609574e-02	1.390213e+01
5.530000e-06	-1.569887e-03	1.407066e+01
5.540000e-06	-5.033250e-03	1.424958e+01
5.550000e-06	-2.424227e-05	1.438847e+01
5.560000e-06	-2.121220e-02	1.456469e+01
5.570000e-06	-1.958719e-02	1.464963e+01
5.580000e-06	-1.671799e-02	1.481889e+01
5.590000e-06	-5.321208e-03	1.487178e+01
5.600000e-06	-9.186026e-03	1.504844e+01
5.610000e-06	-1.507712e-02	1.513176e+01
5.620000e-06	-1.192727e-02	1.524900e+01
5.630000e-06	-1.397541e-02	1.530271e+01
5.640000e-06	-1.246038e-02	1.542942e+01
5.650000e-06	-2.243440e-02	1.550171e+01
5.660000e-06	-1.791880e-02	1.561592e+01
5.670000e-06	-1.557668e-02	1.565058e+01
5.680000e-06	-1.337516e-02	1.575623e+01
5.690000e-06	-2.315451e-02	1.580845e+01
5.700000e-06	-2.773694e-02	1.587008e+01
5.710000e-06	-2.237368e-02	1.594371e+01
5.720000e-06	-1.940174e-02	1.596637e+01
5.730000e-06	-1.814151e-02	1.602900e+01
5.740000e-06	-2.795144e-02	1.605110e+01
5.750000e-06	-2.633952e-02	1.607110e+01
5.760000e-06	-2.839314e-02	1.609366e+01
5.770000e-06	-3.054170e-02	1.610371e+01
5.780000e-06	-3.726927e-02	1.617516e+01
5.790000e-06	-4.021385e-02	1.617524e+01
5.800000e-06	-3.540263e-02	1.615521e+01
5.810000e-06	-3.696029e-02	1.616471e+01
5.820000e-06	-4.300614e-02	1.618479e+01
5.830000e-06	-5.515546e-02	1.612169e+01
5.840000e-06	-5.855782e-02	1.610011e+01
5.850000e-06	-6.395505e-02	1.609148e+01
5.860000e-06	-7.356579e-02	1.602900e+01
5.870000e-06	-9.157161e-02	1.599694e+01
5.880000e-06	-1.133632e-01	1.593676e+01
5.890000e-06	-1.435715e-01	1.592066e+01
5.900000e-06	-1.954127e-01	1.583143e+01
5.910000e-06	-2.392713e-01	1.578682e+01
5.920000e-06	-2.500000e-01	1.574361e+01
5.930000e-06	-2.500000e-01	1.564001e+01
5.940000e-06	-2.500000e-01	1.560784e+01
5.950000e-06	-2.308408e-01	1.550220e+01
5.960000e-06	-1.753387e-01	1.545847e+01
5.970000e-06	-1.222999e-01	1.532311e+01
5.980000e-06	-8.699170e-02	1.518784e+01
5.990000e-06	-6.482727e-02	1.509253e+01
6.000000e-06	-5.261458e-02	1.499819e+01
6.010000e-06	-4.287838e-02	1.484953e+01
6.020000e-06	-3.404862e-02	1.473511e+01
6.030000e-06	-2.747330e-02	1.463882e+01
6.040000e-06	-2.646159e-02	1.453210e+01
6.050000e-06	-2.534437e-02	1.434379e+01
6.060000e-06	-2.282201e-02	1.418774e+01
6.070000e-06	-1.610504e-02	1.402890e+01
6.080000e-06	-1.698839e-02	1.388195e+01
6.090000e-06	-1.601287e-02	1.372411e+01
6.100000e-06	-1.750782e-02	1.355526e+01
6.110000e-06	-1.311919e-02	1.340735e+01
6.120000e-06	-1.280445e-02	1.323842e+01
6.130000e-06	-1.203195e-02	1.303940e+01
6.140000e-06	-1.440037e-02	1.287090e+01
6.150000e-06	-1.187702e-02	1.266258e+01
6.160000e-06	-1.141269e-02	1.248308e+01
6.170000e-06	-1.035254e-02	1.234211e+01
6.180000e-06	-1.273824e-02	1.211508e+01
6.190000e-06	-1.111900e-02	1.191510e+01
6.200000e-06	-8.456838e-03	1.169108e+01
6.210000e-06	-8.273037e-03	1.143100e+01
6.220000e-06	-9.539925e-03	1.124840e+01
6.230000e-06	-1.101083e-02	1.101777e+01
6.240000e-06	-8.771416e-03	1.080932e+01
6.250000e-06	-6.888132e-03	1.055719e+01
6.260000e-06	-8.575543e-03	1.033519e+01
6.270000e-06	-9.688763e-03	1.008365e+01
6.280000e-06	-1.004646e-02	9.910474e+00
6.290000e-06	-6.822042e-03	9.578270e+00
6.300000e-06	-7.103622e-03	9.386841e+00
6.310000e-06	-7.780836e-03	9.125607e+00
6.320000e-06	-7.701197e-03	8.851999e+00
6.330000e-06	-5.781115e-03	8.638471e+00
6.340000e-06	-5.444687e-03	8.387821e+00
6.350000e-06	-7.283042e-03	8.104153e+00
6.360000e-06	-8.596714e-03	7.820476e+00
6.370000e-06	-7.597633e-03	7.606714e+00
6.380000e-06	-5.234666e-03	7.261983e+00
6.390000e-06	-6.498125e-03	7.018374e+00
6.400000e-06	-6.928993e-03	6.766712e+00
6.410000e-06	-6.563241e-03	6.461449e+00
6.420000e-06	-5.426529e-03	6.198369e+00
6.430000e-06	-5.535775e-03	5.946213e+00
6.440000e-06	-6.640811e-03	5.611944e+00
6.450000e-06	-7.579906e-03	5.336717e+00
6.460000e-06	-6.110277e-03	4.978244e+00
6.470000e-06	-5.470134e-03	4.673528e+00
6.480000e-06	-6.601263e-03	4.448920e+00
6.490000e-06	-6.826334e-03	4.086188e+00
6.500000e-06	-6.570296e-03	3.869872e+00
6.510000e-06	-5.124954e-03	3.555865e+00
6.520000e-06	-5.057951e-03	3.253983e+00
6.530000e-06	-6.106329e-03	2.968215e+00
6.540000e-06	-6.212602e-03	2.703580e+00
6.550000e-06	-5.541374e-03	2.366314e+00
6.560000e-06	-5.664550e-03	2.074605e+00
6.570000e-06	-7.011212e-03	1.822345e+00
6.580000e-06	-7.093570e-03	1.503081e+00
6.590000e-06	-6.058316e-03	1.177268e+00
6.600000e-06	-4.737434e-03	7.909262e-01
6.610000e-06	-4.862372e-03	5.362393e-01
6.620000e-06	-4.721966e-03	2.609775e-01
6.630000e-06	-2.545778e-03	-7.223578e-02
6.640000e-06	8.844425e-03	-3.158911e-01
6.650000e-06	2.250646e-04	-6.001069e-01
6.660000e-06	1.133850e-03	-8.852397e-01
6.670000e-06	-2.869610e-03	-1.158551e+00
6.680000e-06	3.097333e-04	-1.485314e+00
6.690000e-06	2.333766e-03	-1.737970e+00
6.700000e-06	4.629585e-02	-1.970075e+00
6.710000e-06	1.256051e-01	-2.304371e+00
6.720000e-06	-6.446682e-02	-2.705571e+00
6.730000e-06	-2.963587e-02	-3.105019e+00
6.740000e-06	-4.039074e-02	-3.412129e+00
6.750000e-06	-4.491546e-02	-3.590646e+00
6.760000e-06	-6.658213e-02	-3.801254e+00
6.770000e-06	1.789773e-01	-4.051234e+00
6.780000e-06	-1.373956e-01	-4.347497e+00
6.790000e-06	7.733986e-02	-4.640159e+00
6.800000e-06	5.646657e-02	-4.903789e+00
6.810000e-06	-1.278487e-01	-5.295417e+00
6.820000e-06	1.711566e-01	-5.526979e+00
6.830000e-06	-1.967985e-01	-5.843764e+00
6.840000e-06	1.294746e-01	-6.163891e+00
6.850000e-06	-3.498551e-03	-6.389075e+00
6.860000e-06	-2.224377e-02	-6.687445e+00
6.870000e-06	9.573080e-02	-6.997576e+00
6.880000e-06	-1.607940e-01	-7.273692e+00
6.890000e-06	1.466088e-01	-7.547949e+00
6.900000e-06	-1.119102e-01	-7.791685e+00
6.910000e-06	8.489501e-02	-8.145394e+00
6.920000e-06	4.535255e-03	-8.355947e+00
6.930000e-06	-4.725791e-02	-8.631765e+00
6.940000e-06	1.144411e-01	-8.924788e+00
6.950000e-06	-1.320023e-01	-9.126945e+00
6.960000e-06	9.124772e-02	-9.406977e+00
6.970000e-06	-9.651614e-02	-9.599675e+00
6.980000e-06	1.045975e-01	-9.861187e+00
6.990000e-06	-1.727884e-02	-1.009383e+01
7.000000e-06	1.483704e-02	-1.033798e+01
7.010000e-06	1.173820e-03	-1.057805e+01
7.020000e-06	-3.833543e-02	-1.082911e+01
7.030000e-06	6.046315e-02	-1.105108e+01
7.040000e-06	-5.529694e-02	-1.128171e+01
7.050000e-06	5.910557e-02	-1.149124e+01
7.060000e-06	-4.533976e-02	-1.173436e+01
7.070000e-06	6.356289e-02	-1.191545e+01
7.080000e-06	-3.346703e-02	-1.214592e+01
7.090000e-06	1.817902e-02	-1.237539e+01
7.100000e-06	-2.345085e-02	-1.253540e+01
7.110000e-06	2.869174e-02	-1.273432e+01
7.120000e-06	1.723022e-02	-1.291426e+01
7.130000e-06	2.084015e-03	-1.309281e+01
7.140000e-06	-2.353948e-03	-1.327213e+01
7.150000e-06	-7.743233e-03	-1.345108e+01
7.160000e-06	2.105057e-02	-1.361047e+01
7.170000e-06	-3.371722e-03	-1.380700e+01
7.180000e-06	1.418517e-02	-1.398534e+01
7.190000e-06	-1.862812e-03	-1.413327e+01
7.200000e-06	2.755188e-02	-1.425011e+01
7.210000e-06	1.634606e-03	-1.436857e+01
7.220000e-06	3.808469e-03	-1.455689e+01
7.230000e-06	-1.083892e-02	-1.467171e+01
7.240000e-06	1.733675e-02	-1.480750e+01
7.250000e-06	1.552044e-02	-1.492331e+01
7.260000e-06	1.565131e-02	-1.501850e+01
7.270000e-06	-3.218199e-04	-1.515426e+01
7.280000e-06	8.018254e-03	-1.519803e+01
7.290000e-06	1.578016e-02	-1.535326e+01
7.300000e-06	1.340251e-02	-1.545098e+01
7.310000e-06	7.844317e-03	-1.552472e+01
7.320000e-06	8.017236e-03	-1.563795e+01
7.330000e-06	2.116549e-02	-1.569271e+01
7.340000e-06	1.628809e-02	-1.576736e+01
7.350000e-06	9.413630e-03	-1.585847e+01
7.360000e-06	2.978617e-03	-1.584063e+01
7.370000e-06	1.821322e-02	-1.591534e+01
7.380000e-06	2.611157e-02	-1.598640e+01
7.390000e-06	2.423743e-02	-1.599893e+01
7.400000e-06	1.549801e-02	-1.606011e+01
7.410000e-06	1.704995e-02	-1.608221e+01
7.420000e-06	2.450095e-02	-1.611419e+01
7.430000e-06	2.525151e-02	-1.615376e+01
7.440000e-06	2.141183e-02	-1.618722e+01
7.450000e-06	2.500449e-02	-1.614429e+01
7.460000e-06	3.617864e-02	-1.616731e+01
7.470000e-06	4.236187e-02	-1.616534e+01
7.480000e-06	3.767716e-02	-1.613381e+01
7.490000e-06	3.622116e-02	-1.611271e+01
7.500000e-06	4.683966e-02	-1.612371e+01
7.510000e-06	6.168924e-02	-1.606063e+01
7.520000e-06	7.059048e-02	-1.600008e+01
7.530000e-06	7.876399e-02	-1.602592e+01
7.540000e-06	1.013511e-01	-1.594377e+01
7.550000e-06	1.402954e-01	-1.590429e+01
7.560000e-06	1.918171e-01	-1.585050e+01
7.570000e-06	2.361456e-01	-1.580742e+01
7.580000e-06	2.500000e-01	-1.572319e+01
7.590000e-06	2.500000e-01	-1.568948e+01
7.600000e-06	2.500000e-01	-1.555729e+01
7.610000e-06	2.274399e-01	-1.548956e+01
7.620000e-06	1.606716e-01	-1.537732e+01
7.630000e-06	1.105494e-01	-1.526156e+01
7.640000e-06	8.301914e-02	-1.518735e+01
7.650000e-06	6.035220e-02	-1.506153e+01
7.660000e-06	4.052566e-02	-1.496832e+01
7.670000e-06	2.972021e-02	-1.486948e+01
7.680000e-06	2.762131e-02	-1.477627e+01
7.690000e-06	2.358695e-02	-1.457740e+01
7.700000e-06	1.594057e-02	-1.450108e+01
7.710000e-06	9.313619e-03	-1.435574e+01
7.720000e-06	1.045085e-02	-1.419682e+01
7.730000e-06	1.412085e-02	-1.402998e+01
7.740000e-06	1.014255e-02	-1.386958e+01
7.750000e-06	3.872183e-03	-1.372416e+01
7.760000e-06	1.218667e-03	-1.353324e+01
7.770000e-06	6.106279e-03	-1.337782e+01
7.780000e-06	6.614301e-03	-1.321795e+01
7.790000e-06	2.233126e-03	-1.305898e+01
7.800000e-06	-1.195702e-03	-1.287105e+01
7.810000e-06	2.312584e-03	-1.269003e+01
7.820000e-06	3.858807e-03	-1.249213e+01
7.830000e-06	9.674600e-04	-1.228463e+01
7.840000e-06	-4.327771e-03	-1.211261e+01
7.850000e-06	-3.176777e-03	-1.190261e+01
7.860000e-06	1.839211e-03	-1.167000e+01
7.870000e-06	1.927112e-03	-1.138995e+01
7.880000e-06	-3.503476e-03	-1.116769e+01
7.890000e-06	-4.961109e-03	-1.091524e+01
7.900000e-06	-2.371212e-03	-1.078727e+01
7.910000e-06	-3.582823e-04	-1.051469e+01
7.920000e-06	-3.982191e-03	-1.029063e+01
7.930000e-06	-6.942597e-03	-1.006043e+01
7.940000e-06	-5.155573e-03	-9.849978e+00
7.950000e-06	-1.676672e-03	-9.619948e+00
7.960000e-06	-3.356263e-03	-9.304722e+00
7.970000e-06	-7.309383e-03	-9.074159e+00
7.980000e-06	-7.970572e-03	-8.871560e+00
7.990000e-06	-4.082621e-03	-8.618925e+00
8.000000e-06	-3.554239e-03	-8.327691e+00
8.010000e-06	-6.911075e-03	-8.103089e+00
8.020000e-06	-8.319155e-03	-7.840449e+00
8.030000e-06	-7.088232e-03	-7.515112e+00
8.040000e-06	-4.408791e-03	-7.281481e+00
8.050000e-06	-7.024573e-03	-6.976347e+00
8.060000e-06	-8.342670e-03	-6.713164e+00
8.070000e-06	-9.570533e-03	-6.471008e+00
8.080000e-06	-4.650609e-03	-6.154265e+00
8.090000e-06	-6.580901e-03	-5.882658e+00
8.100000e-06	-8.766614e-03	-5.589899e+00
8.110000e-06	-1.058735e-02	-5.283003e+00
8.120000e-06	-6.820817e-03	-5.007272e+00
8.130000e-06	-5.801128e-03	-4.661421e+00
8.140000e-06	-8.440343e-03	-4.370347e+00
8.150000e-06	-1.027482e-02	-4.166264e+00
8.160000e-06	-1.013381e-02	-3.813498e+00
8.170000e-06	-6.549949e-03	-3.527272e+00
8.180000e-06	-8.956987e-03	-3.281529e+00
8.190000e-06	-9.314890e-03	-2.966215e+00
8.200000e-06	-9.802059e-03	-2.673480e+00
8.210000e-06	-6.295072e-03	-2.359342e+00
8.220000e-06	-7.399633e-03	-2.052434e+00
8.230000e-06	-9.086822e-03	-1.786350e+00
8.240000e-06	-1.228992e-02	-1.493633e+00
8.250000e-06	-8.738715e-03	-1.154737e+00
8.260000e-06	-7.653669e-03	-8.420063e-01
8.270000e-06	-7.134763e-03	-5.142131e-01
8.280000e-06	-8.521464e-03	-2.820276e-01
8.290000e-06	-5.291234e-03	7.128153e-02
8.300000e-06	8.362223e-03	3.670224e-01
8.310000e-06	-5.309587e-03	5.901014e-01
8.320000e-06	1.208434e-03	8.728307e-01
8.330000e-06	-6.818836e-03	1.212120e+00
8.340000e-06	2.971980e-03	1.494309e+00
8.350000e-06	-4.160589e-04	1.829645e+00
8.360000e-06	2.595243e-02	2.051130e+00
8.370000e-06	8.903889e-02	2.316364e+00
8.380000e-06	2.324815e-02	2.713842e+00
8.390000e-06	-8.143972e-02	3.030652e+00
8.400000e-06	-3.076096e-02	3.314862e+00
8.410000e-06	-3.560813e-02	3.601124e+00
8.420000e-06	-6.042067e-02	3.880655e+00
8.430000e-06	-3.288665e-02	4.010259e+00
8.440000e-06	1.472892e-01	4.377544e+00
8.450000e-06	-1.281815e-01	4.673258e+00
8.460000e-06	9.508636e-02	4.924915e+00
8.470000e-06	3.229049e-02	5.293312e+00
8.480000e-06	-1.091562e-01	5.558471e+00
8.490000e-06	8.211340e-02	5.854333e+00
8.500000e-06	-1.046672e-01	6.186417e+00
8.510000e-06	9.199674e-02	6.419546e+00
8.520000e-06	-2.402596e-02	6.705840e+00
8.530000e-06	3.517297e-03	6.988649e+00
8.540000e-06	-7.516018e-03	7.281357e+00
8.550000e-06	-4.117222e-02	7.535917e+00
8.560000e-06	4.502120e-02	7.880757e+00
8.570000e-06	-6.297312e-02	8.136880e+00
8.580000e-06	5.794045e-02	8.399070e+00
8.590000e-06	-1.541090e-02	8.620176e+00
8.600000e-06	-2.330931e-03	8.922259e+00
8.610000e-06	2.099720e-02	9.104391e+00
8.620000e-06	-5.906528e-02	9.367019e+00
8.630000e-06	1.981499e-02	9.658573e+00
8.640000e-06	-2.152237e-02	9.902687e+00
8.650000e-06	4.549308e-02	1.013484e+01
8.660000e-06	-3.097777e-02	1.032499e+01
8.670000e-06	8.082443e-03	1.055597e+01
8.680000e-06	-1.819280e-02	1.080808e+01
8.690000e-06	-6.997083e-03	1.103005e+01
8.700000e-06	-1.674910e-04	1.127858e+01
8.710000e-06	-1.971032e-02	1.145323e+01
8.720000e-06	1.239572e-02	1.171476e+01
8.730000e-06	-1.030122e-02	1.194339e+01
8.740000e-06	1.034626e-02	1.215581e+01
8.750000e-06	-2.956894e-02	1.229432e+01
8.760000e-06	-1.599151e-03	1.255486e+01
8.770000e-06	-1.142924e-02	1.274486e+01
8.780000e-06	1.067476e-02	1.289421e+01
8.790000e-06	-8.721585e-03	1.306266e+01
8.800000e-06	-1.364209e-02	1.324107e+01
8.810000e-06	-1.179616e-02	1.345847e+01
8.820000e-06	-9.064253e-03	1.361745e+01
8.830000e-06	-5.055430e-03	1.380579e+01
8.840000e-06	-1.655740e-02	1.395331e+01
8.850000e-06	-2.732472e-03	1.407216e+01
8.860000e-06	-5.723165e-03	1.430015e+01
8.870000e-06	-2.653751e-03	1.442750e+01
8.880000e-06	-2.112112e-02	1.454577e+01
8.890000e-06	-1.885788e-02	1.469328e+01
8.900000e-06	-1.233318e-02	1.483855e+01
8.910000e-06	-4.878790e-03	1.490377e+01
8.920000e-06	-9.552873e-03	1.505903e+01
8.930000e-06	-1.729645e-02	1.514223e+01
8.940000e-06	-1.276830e-02	1.521850e+01
8.950000e-06	-1.366061e-02	1.537521e+01
8.960000e-06	-1.218590e-02	1.541800e+01
8.970000e-06	-2.212587e-02	1.553126e+01
8.980000e-06	-1.783258e-02	1.560647e+01
8.990000e-06	-1.418445e-02	1.565863e+01
9.000000e-06	-1.488072e-02	1.573384e+01
9.010000e-06	-2.299001e-02	1.583950e+01
9.020000e-06	-2.856808e-02	1.586913e+01
9.030000e-06	-2.121285e-02	1.597376e+01
9.040000e-06	-1.879797e-02	1.597687e+01
9.050000e-06	-1.929817e-02	1.602847e+01
9.060000e-06	-2.880916e-02	1.609103e+01
9.070000e-06	-2.789656e-02	1.608161e+01
9.080000e-06	-2.799211e-02	1.611271e+01
9.090000e-06	-3.109425e-02	1.614219e+01
9.100000e-06	-3.710707e-02	1.614431e+01
9.110000e-06	-4.067044e-02	1.615576e+01
9.120000e-06	-3.510124e-02	1.614473e+01
9.130000e-06	-3.826159e-02	1.617526e+01
9.140000e-06	-4.508759e-02	1.617469e+01
9.150000e-06	-5.711419e-02	1.613366e+01
9.160000e-06	-5.892085e-02	1.610063e+01
9.170000e-06	-6.395437e-02	1.603008e+01
9.180000e-06	-7.676267e-02	1.602047e+01
9.190000e-06	-9.497543e-02	1.598884e+01
9.200000e-06	-1.196343e-01	1.595691e+01
9.210000e-06	-1.510370e-01	1.593113e+01
9.220000e-06	-2.063396e-01	1.587894e+01
9.230000e-06	-2.438687e-01	1.581681e+01
9.240000e-06	-2.500000e-01	1.576461e+01
9.250000e-06	-2.500000e-01	1.565898e+01
9.260000e-06	-2.500000e-01	1.558444e+01
9.270000e-06	-2.221433e-01	1.550253e+01
9.280000e-06	-1.639859e-01	1.537781e+01
9.290000e-06	-1.155876e-01	1.533205e+01
9.300000e-06	-8.198121e-02	1.518634e+01
9.310000e-06	-6.259793e-02	1.507155e+01
9.320000e-06	-5.110224e-02	1.498419e+01
9.330000e-06	-4.205378e-02	1.487200e+01
9.340000e-06	-3.256241e-02	1.471211e+01
9.350000e-06	-2.634842e-02	1.457839e+01
9.360000e-06	-2.657818e-02	1.449005e+01
9.370000e-06	-2.525294e-02	1.431416e+01
9.380000e-06	-2.315462e-02	1.420729e+01
9.390000e-06	-1.607442e-02	1.400902e+01
9.400000e-06	-1.640148e-02	1.380945e+01
9.410000e-06	-1.600064e-02	1.368303e+01
9.420000e-06	-1.755019e-02	1.352166e+01
9.430000e-06	-1.255851e-02	1.340571e+01
9.440000e-06	-1.267392e-02	1.318734e+01
9.450000e-06	-1.346260e-02	1.301742e+01
9.460000e-06	-1.486627e-02	1.285047e+01
9.470000e-06	-1.195723e-02	1.267092e+01
9.480000e-06	-9.969151e-03	1.247995e+01
9.490000e-06	-1.081799e-02	1.229050e+01
9.500000e-06	-1.208905e-02	1.204950e+01
9.510000e-06	-1.177334e-02	1.185197e+01
9.520000e-06	-8.910627e-03	1.166807e+01
9.530000e-06	-8.305889e-03	1.141932e+01
9.540000e-06	-9.649574e-03	1.118471e+01
9.550000e-06	-1.017183e-02	1.095824e+01
9.560000e-06	-7.709733e-03	1.076521e+01
9.570000e-06	-6.076604e-03	1.050271e+01
9.580000e-06	-8.704667e-03	1.028303e+01
9.590000e-06	-9.916968e-03	1.009205e+01
9.600000e-06	-8.477239e-03	9.787345e+00
9.610000e-06	-6.252465e-03	9.546741e+00
9.620000e-06	-7.083885e-03	9.324636e+00
9.630000e-06	-8.870647e-03	9.093105e+00
9.640000e-06	-7.799714e-03	8.828815e+00
9.650000e-06	-5.752693e-03	8.575794e+00
9.660000e-06	-5.024451e-03	8.344136e+00
9.670000e-06	-7.853684e-03	8.052954e+00
9.680000e-06	-8.045510e-03	7.797792e+00
9.690000e-06	-7.655590e-03	7.535679e+00
9.700000e-06	-5.959202e-03	7.238946e+00
9.710000e-06	-6.739346e-03	6.986318e+00
9.720000e-06	-8.076489e-03	6.694174e+00
9.730000e-06	-6.208243e-03	6.408874e+00
9.740000e-06	-5.373681e-03	6.136243e+00
9.750000e-06	-5.013930e-03	5.925105e+00
9.760000e-06	-6.999697e-03	5.587842e+00
9.770000e-06	-7.107109e-03	5.324629e+00
9.780000e-06	-6.602889e-03	4.946613e+00
9.790000e-06	-5.171900e-03	4.641425e+00
9.800000e-06	-6.937544e-03	4.378286e+00
9.810000e-06	-6.835592e-03	4.061952e+00
9.820000e-06	-6.704791e-03	3.788869e+00
9.830000e-06	-5.267176e-03	3.545259e+00
9.840000e-06	-5.497174e-03	3.168943e+00
9.850000e-06	-6.388889e-03	2.935159e+00
9.860000e-06	-6.551139e-03	2.681498e+00
9.870000e-06	-5.683937e-03	2.334134e+00
9.880000e-06	-5.352677e-03	2.039976e+00
9.890000e-06	-6.807342e-03	1.746536e+00
9.900000e-06	-6.747401e-03	1.419921e+00
9.910000e-06	-6.282657e-03	1.125609e+00
9.920000e-06	-4.724667e-03	7.977672e-01
9.930000e-06	-5.145522e-03	4.846051e-01
9.940000e-06	-4.527603e-03	1.778684e-01
9.950000e-06	-1.778450e-03	-1.073447e-01
9.960000e-06	1.066526e-02	-3.485238e-01
9.970000e-06	-2.657573e-03	-6.428158e-01
9.980000e-06	2.946511e-03	-9.369974e-01
9.990000e-06	-4.443749e-03	-1.189184e+00
1.000000e-05	1.950942e-03	-1.556970e+00
1.001000e-05	5.089767e-03	-1.790574e+00
1.002000e-05	6.463069e-02	-2.032234e+00
1.003000e-05	1.093146e-01	-2.368121e+00
1.004000e-05	-8.326791e-02	-2.781759e+00
1.005000e-05	-1.624059e-02	-3.191153e+00
1.006000e-05	-4.812737e-02	-3.432184e+00
1.007000e-05	-5.120001e-02	-3.672186e+00
1.008000e-05	-3.280011e-02	-3.893337e+00
1.009000e-05	1.733167e-01	-4.022840e+00
1.010000e-05	-1.760819e-01	-4.440179e+00
1.011000e-05	1.519301e-01	-4.684788e+00
1.012000e-05	-2.560893e-02	-4.956972e+00
1.013000e-05	-5.379477e-02	-5.346027e+00
1.014000e-05	1.139616e-01	-5.579555e+00
1.015000e-05	-1.920929e-01	-5.867469e+00
1.016000e-05	1.808209e-01	-6.177524e+00
1.017000e-05	-7.596963e-02	-6.460713e+00
1.018000e-05	5.146245e-02	-6.749072e+00
1.019000e-05	2.509833e-02	-6.969662e+00
1.020000e-05	-1.120251e-01	-7.348446e+00
1.021000e-05	1.366178e-01	-7.618025e+00
1.022000e-05	-1.310490e-01	-7.903841e+00
1.023000e-05	1.305613e-01	-8.198496e+00
1.024000e-05	-5.843324e-02	-8.379628e+00
1.025000e-05	1.849832e-02	-8.734341e+00
1.026000e-05	5.993325e-02	-8.935869e+00
1.027000e-05	-1.053244e-01	-9.209180e+00
1.028000e-05	8.301074e-02	-9.400028e+00
1.029000e-05	-9.480704e-02	-9.684286e+00
1.030000e-05	1.283762e-01	-9.914340e+00
1.031000e-05	-5.673099e-02	-1.016647e+01
1.032000e-05	4.971643e-02	-1.037803e+01
1.033000e-05	-4.040246e-02	-1.064803e+01
1.034000e-05	3.583985e-03	-1.088118e+01
1.035000e-05	2.776577e-02	-1.104263e+01
1.036000e-05	-3.132484e-02	-1.130426e+01
1.037000e-05	4.421541e-02	-1.149287e+01
1.038000e-05	-3.285439e-02	-1.177692e+01
1.039000e-05	5.975854e-02	-1.196755e+01
1.040000e-05	-4.052316e-02	-1.217895e+01
1.041000e-05	2.445596e-02	-1.234697e+01
1.042000e-05	-2.865295e-02	-1.259593e+01
1.043000e-05	4.278376e-02	-1.276487e+01
1.044000e-05	3.137016e-03	-1.295637e+01
1.045000e-05	9.535802e-03	-1.313539e+01
1.046000e-05	-1.275512e-02	-1.326179e+01
1.047000e-05	4.849485e-03	-1.346271e+01
1.048000e-05	1.269176e-02	-1.361955e+01
1.049000e-05	2.653533e-03	-1.383806e+01
1.050000e-05	8.218680e-03	-1.395540e+01
1.051000e-05	5.386889e-03	-1.412524e+01
1.052000e-05	2.324712e-02	-1.426016e+01
1.053000e-05	4.776233e-04	-1.441856e+01
1.054000e-05	-6.541422e-04	-1.453640e+01
1.055000e-05	-6.857411e-03	-1.469321e+01
1.056000e-05	2.158256e-02	-1.482850e+01
1.057000e-05	1.489224e-02	-1.493387e+01
1.058000e-05	1.535912e-02	-1.504208e+01
1.059000e-05	-3.294430e-03	-1.516389e+01
1.060000e-05	1.200114e-02	-1.520965e+01
1.061000e-05	1.252307e-02	-1.538684e+01
1.062000e-05	1.304970e-02	-1.546102e+01
1.063000e-05	4.820109e-03	-1.555331e+01
1.064000e-05	1.244635e-02	-1.565907e+01
1.065000e-05	2.040739e-02	-1.567216e+01
1.066000e-05	1.580038e-02	-1.579627e+01
1.067000e-05	6.794117e-03	-1.585955e+01
1.068000e-05	5.073319e-03	-1.588269e+01
1.069000e-05	2.237040e-02	-1.591374e+01
1.070000e-05	2.541060e-02	-1.598700e+01
1.071000e-05	2.173688e-02	-1.599803e+01
1.072000e-05	1.306780e-02	-1.602008e+01
1.073000e-05	1.943561e-02	-1.607419e+01
1.074000e-05	2.540702e-02	-1.613426e+01
1.075000e-05	2.549364e-02	-1.616532e+01
1.076000e-05	2.230004e-02	-1.612586e+01
1.077000e-05	2.721531e-02	-1.616679e+01
1.078000e-05	3.858899e-02	-1.619527e+01
1.079000e-05	4.148941e-02	-1.619532e+01
1.080000e-05	3.549889e-02	-1.612526e+01
1.081000e-05	3.675764e-02	-1.611571e+01
1.082000e-05	4.977708e-02	-1.609319e+01
1.083000e-05	6.442096e-02	-1.603106e+01
1.084000e-05	7.200529e-02	-1.603845e+01
1.085000e-05	8.193980e-02	-1.596645e+01
1.086000e-05	1.072615e-01	-1.594529e+01
1.087000e-05	1.490968e-01	-1.587156e+01
1.088000e-05	2.022259e-01	-1.586995e+01
1.089000e-05	2.406201e-01	-1.578529e+01
1.090000e-05	2.500000e-01	-1.571461e+01
1.091000e-05	2.500000e-01	-1.568045e+01
1.092000e-05	2.500000e-01	-1.554529e+01
1.093000e-05	2.162723e-01	-1.543045e+01
1.094000e-05	1.492479e-01	-1.537674e+01
1.095000e-05	1.044414e-01	-1.526011e+01
1.096000e-05	7.993031e-02	-1.516580e+01
1.097000e-05	5.753241e-02	-1.506105e+01
1.098000e-05	3.732905e-02	-1.493579e+01
1.099000e-05	2.800794e-02	-1.483903e+01
1.100000e-05	2.703908e-02	-1.470368e+01
1.101000e-05	2.277164e-02	-1.462545e+01
1.102000e-05	1.382397e-02	-1.447000e+01
1.103000e-05	8.750519e-03	-1.432164e+01
1.104000e-05	1.062908e-02	-1.415431e+01
1.105000e-05	1.380128e-02	-1.401687e+01
1.106000e-05	8.339329e-03	-1.386103e+01
1.107000e-05	3.035140e-03	-1.369206e+01
1.108000e-05	2.352982e-03	-1.352409e+01
1.109000e-05	6.537640e-03	-1.338729e+01
1.110000e-05	5.071695e-03	-1.319632e+01
1.111000e-05	2.958279e-05	-1.300640e+01
1.112000e-05	-6.760168e-04	-1.283792e+01
1.113000e-05	2.235119e-03	-1.263140e+01
1.114000e-05	3.904474e-03	-1.246148e+01
1.115000e-05	-4.428580e-04	-1.229003e+01
1.116000e-05	-4.030967e-03	-1.210258e+01
1.117000e-05	-1.990450e-03	-1.188050e+01
1.118000e-05	1.583472e-03	-1.161885e+01
1.119000e-05	1.267344e-04	-1.136427e+01
1.120000e-05	-4.520889e-03	-1.111269e+01
1.121000e-05	-5.172553e-03	-1.093519e+01
1.122000e-05	-2.160229e-03	-1.071616e+01
1.123000e-05	-1.058220e-03	-1.049208e+01
1.124000e-05	-4.521216e-03	-1.022100e+01
1.125000e-05	-6.779943e-03	-1.004938e+01
1.126000e-05	-4.800295e-03	-9.820496e+00
1.127000e-05	-2.300199e-03	-9.566815e+00
1.128000e-05	-4.442290e-03	-9.284186e+00
1.129000e-05	-7.769949e-03	-9.040505e+00
1.130000e-05	-6.518882e-03	-8.838978e+00
1.131000e-05	-4.255619e-03	-8.555293e+00
1.132000e-05	-4.714261e-03	-8.301659e+00
1.133000e-05	-7.826531e-03	-8.080030e+00
1.134000e-05	-8.075326e-03	-7.795326e+00
1.135000e-05	-5.868742e-03	-7.494036e+00
1.136000e-05	-4.550578e-03	-7.197871e+00
1.137000e-05	-6.643402e-03	-6.925191e+00
1.138000e-05	-9.243515e-03	-6.651503e+00
1.139000e-05	-7.984216e-03	-6.399372e+00
1.140000e-05	-5.990112e-03	-6.116117e+00
1.141000e-05	-6.936264e-03	-5.831854e+00
1.142000e-05	-9.482769e-03	-5.558218e+00
1.143000e-05	-9.551140e-03	-5.240876e+00
1.144000e-05	-6.744736e-03	-4.936212e+00
1.145000e-05	-5.444458e-03	-4.579770e+00
1.146000e-05	-8.984493e-03	-4.367815e+00
1.147000e-05	-9.803972e-03	-4.103110e+00
1.148000e-05	-9.576746e-03	-3.789220e+00
1.149000e-05	-7.000626e-03	-3.493587e+00
1.150000e-05	-8.947177e-03	-3.219874e+00
1.151000e-05	-8.836767e-03	-2.874586e+00
1.152000e-05	-8.572532e-03	-2.620374e+00
1.153000e-05	-6.090586e-03	-2.276671e+00
1.154000e-05	-7.783932e-03	-2.019899e+00
1.155000e-05	-1.032795e-02	-1.736741e+00
1.156000e-05	-1.150226e-02	-1.458875e+00
1.157000e-05	-8.356419e-03	-1.074133e+00
1.158000e-05	-6.865509e-03	-8.294501e-01
1.159000e-05	-7.891978e-03	-4.754578e-01
1.160000e-05	-7.408371e-03	-1.603735e-01
1.161000e-05	-2.745234e-03	9.536423e-02
1.162000e-05	8.039264e-03	4.100776e-01
1.163000e-05	-5.877536e-03	6.927579e-01
1.164000e-05	1.760834e-03	8.958684e-01
1.165000e-05	-7.275832e-03	1.244258e+00
1.166000e-05	2.794550e-03	1.584994e+00
1.167000e-05	9.739188e-05	1.831682e+00
1.168000e-05	3.359207e-02	2.114234e+00
1.169000e-05	9.794895e-02	2.398602e+00
1.170000e-05	-1.253341e-02	2.739546e+00
1.171000e-05	-6.941360e-02	3.072710e+00
1.172000e-05	-3.426116e-02	3.378019e+00
1.173000e-05	-2.805362e-02	3.693257e+00
1.174000e-05	-7.580914e-02	3.883813e+00
1.175000e-05	5.484236e-03	4.103836e+00
1.176000e-05	1.282711e-01	4.421729e+00
1.177000e-05	-1.513058e-01	4.735362e+00
1.178000e-05	1.563404e-01	4.988603e+00
1.179000e-05	-4.622381e-02	5.357446e+00
1.180000e-05	-5.092382e-02	5.638624e+00
1.181000e-05	5.065440e-02	5.916367e+00
1.182000e-05	-8.810339e-02	6.209523e+00
1.183000e-05	1.015609e-01	6.481178e+00
1.184000e-05	-4.817768e-02	6.747494e+00
1.185000e-05	2.464384e-02	7.018628e+00
1.186000e-05	-3.349755e-02	7.334964e+00
1.187000e-05	-1.342293e-02	7.617603e+00
1.188000e-05	2.363439e-02	7.942814e+00
1.189000e-05	-5.031732e-02	8.158499e+00
1.190000e-05	6.455026e-02	8.410103e+00
1.191000e-05	-3.037657e-02	8.641183e+00
1.192000e-05	1.288678e-02	8.932818e+00
1.193000e-05	-7.895508e-04	9.157020e+00
1.194000e-05	-5.038307e-02	9.389105e+00
1.195000e-05	1.864441e-02	9.651203e+00
1.196000e-05	-1.408159e-02	9.863316e+00
1.197000e-05	4.205868e-02	1.015692e+01
1.198000e-05	-3.350040e-02	1.039847e+01
1.199000e-05	1.410124e-02	1.061753e+01
1.200000e-05	-2.530128e-02	1.086111e+01
1.201000e-05	-1.787566e-03	1.106163e+01
1.202000e-05	-7.688460e-03	1.127174e+01
1.203000e-05	-1.350344e-02	1.150486e+01
1.204000e-05	1.178367e-02	1.175639e+01
1.205000e-05	-7.823346e-03	1.194597e+01
1.206000e-05	4.606349e-03	1.219889e+01
1.207000e-05	-2.733311e-02	1.234644e+01
1.208000e-05	-1.147411e-03	1.256744e+01
1.209000e-05	-8.596532e-03	1.273583e+01
1.210000e-05	8.031967e-03	1.296479e+01
1.211000e-05	-1.062240e-02	1.307418e+01
1.212000e-05	-1.317945e-02	1.323968e+01
1.213000e-05	-9.987041e-03	1.345123e+01
1.214000e-05	-9.891578e-03	1.362907e+01
1.215000e-05	-7.254959e-03	1.382865e+01
1.216000e-05	-1.364328e-02	1.393644e+01
1.217000e-05	-1.120469e-03	1.415424e+01
1.218000e-05	-4.397615e-03	1.433018e+01
1.219000e-05	-8.278947e-03	1.445912e+01
1.220000e-05	-2.116832e-02	1.457592e+01
1.221000e-05	-1.985634e-02	1.473678e+01
1.222000e-05	-8.921049e-03	1.483902e+01
1.223000e-05	-6.800109e-03	1.495524e+01
1.224000e-05	-9.983211e-03	1.507908e+01
1.225000e-05	-1.551070e-02	1.516437e+01
1.226000e-05	-1.316650e-02	1.529003e+01
1.227000e-05	-1.408849e-02	1.538634e+01
1.228000e-05	-1.551048e-02	1.544905e+01
1.229000e-05	-2.035409e-02	1.551477e+01
1.230000e-05	-1.766399e-02	1.560652e+01
1.231000e-05	-1.177794e-02	1.566111e+01
1.232000e-05	-1.821623e-02	1.576634e+01
1.233000e-05	-2.386261e-02	1.582957e+01
1.234000e-05	-2.818614e-02	1.591069e+01
1.235000e-05	-2.053867e-02	1.595372e+01
1.236000e-05	-1.884872e-02	1.600644e+01
1.237000e-05	-2.167955e-02	1.603803e+01
1.238000e-05	-2.784847e-02	1.602908e+01
1.239000e-05	-2.719390e-02	1.609156e+01
1.240000e-05	-2.758363e-02	1.611368e+01
1.241000e-05	-3.382499e-02	1.614311e+01
1.242000e-05	-3.765706e-02	1.618521e+01
1.243000e-05	-4.052173e-02	1.613329e+01
1.244000e-05	-3.487273e-02	1.616371e+01
1.245000e-05	-4.037539e-02	1.616271e+01
1.246000e-05	-4.752230e-02	1.615314e+01
1.247000e-05	-5.654561e-02	1.610216e+01
1.248000e-05	-6.056279e-02	1.615263e+01
1.249000e-05	-6.625603e-02	1.605005e+01
1.250000e-05	-8.040556e-02	1.604655e+01
1.251000e-05	-9.778980e-02	1.602582e+01
1.252000e-05	-1.239744e-01	1.593329e+01
1.253000e-05	-1.593780e-01	1.594116e+01
1.254000e-05	-2.162600e-01	1.585897e+01
1.255000e-05	-2.480787e-01	1.579737e+01
1.256000e-05	-2.500000e-01	1.574213e+01
1.257000e-05	-2.500000e-01	1.561797e+01
1.258000e-05	-2.490990e-01	1.559371e+01
1.259000e-05	-2.136653e-01	1.549108e+01
1.260000e-05	-1.526820e-01	1.539884e+01
1.261000e-05	-1.085301e-01	1.528048e+01
1.262000e-05	-7.750199e-02	1.517631e+01
1.263000e-05	-6.065214e-02	1.500893e+01
1.264000e-05	-4.905382e-02	1.493513e+01
1.265000e-05	-3.962017e-02	1.482947e+01
1.266000e-05	-3.166474e-02	1.467258e+01
1.267000e-05	-2.603552e-02	1.461732e+01
1.268000e-05	-2.714966e-02	1.444947e+01
1.269000e-05	-2.302957e-02	1.430116e+01
1.270000e-05	-2.109075e-02	1.417469e+01
1.271000e-05	-1.598202e-02	1.401734e+01
1.272000e-05	-1.758072e-02	1.385047e+01
1.273000e-05	-1.615093e-02	1.369045e+01
1.274000e-05	-1.687001e-02	1.350256e+01
1.275000e-05	-1.187408e-02	1.331360e+01
1.276000e-05	-1.315793e-02	1.311374e+01
1.277000e-05	-1.378215e-02	1.296631e+01
1.278000e-05	-1.329237e-02	1.279729e+01
1.279000e-05	-1.068210e-02	1.260892e+01
1.280000e-05	-1.023692e-02	1.246037e+01
1.281000e-05	-1.146698e-02	1.222992e+01
1.282000e-05	-1.152728e-02	1.204897e+01
1.283000e-05	-1.092190e-02	1.179835e+01
1.284000e-05	-8.128478e-03	1.162889e+01
1.285000e-05	-9.046804e-03	1.133469e+01
1.286000e-05	-9.997387e-03	1.114529e+01
1.287000e-05	-1.017313e-02	1.095523e+01
1.288000e-05	-6.877640e-03	1.070311e+01
1.289000e-05	-6.735219e-03	1.049208e+01
1.290000e-05	-9.180476e-03	1.029100e+01
1.291000e-05	-9.486756e-03	1.002839e+01
1.292000e-05	-8.277228e-03	9.756237e+00
1.293000e-05	-7.041537e-03	9.513107e+00
1.294000e-05	-7.523448e-03	9.241577e+00
1.295000e-05	-8.431106e-03	9.040546e+00
1.296000e-05	-6.186304e-03	8.815266e+00
1.297000e-05	-5.682000e-03	8.535236e+00
1.298000e-05	-5.472688e-03	8.293579e+00
1.299000e-05	-7.247972e-03	8.030373e+00
1.300000e-05	-7.883140e-03	7.766739e+00
1.301000e-05	-6.128533e-03	7.492049e+00
1.302000e-05	-5.927204e-03	7.197316e+00
1.303000e-05	-7.156199e-03	6.922632e+00
1.304000e-05	-7.619365e-03	6.663504e+00
1.305000e-05	-5.555500e-03	6.384768e+00
1.306000e-05	-5.248185e-03	6.084658e+00
1.307000e-05	-5.643388e-03	5.819350e+00
1.308000e-05	-6.645490e-03	5.555835e+00
1.309000e-05	-7.377576e-03	5.270970e+00
1.310000e-05	-5.810524e-03	4.913006e+00
1.311000e-05	-5.688446e-03	4.617346e+00
1.312000e-05	-6.612613e-03	4.316756e+00
1.313000e-05	-6.977281e-03	3.968870e+00
1.314000e-05	-6.506453e-03	3.714162e+00
1.315000e-05	-5.473683e-03	3.471524e+00
1.316000e-05	-5.769038e-03	3.135738e+00
1.317000e-05	-7.331335e-03	2.884031e+00
1.318000e-05	-6.121263e-03	2.576220e+00
1.319000e-05	-5.489359e-03	2.263525e+00
1.320000e-05	-5.744497e-03	1.979470e+00
1.321000e-05	-7.315055e-03	1.683033e+00
1.322000e-05	-6.739093e-03	1.407364e+00
1.323000e-05	-5.902633e-03	1.061425e+00
1.324000e-05	-5.033164e-03	6.971356e-01
1.325000e-05	-5.638678e-03	4.605038e-01
1.326000e-05	-4.637450e-03	1.046883e-01
1.327000e-05	-1.000453e-04	-1.490262e-01
1.328000e-05	1.046721e-02	-4.206802e-01
1.329000e-05	-4.367952e-03	-7.079724e-01
1.330000e-05	3.477787e-03	-9.920540e-01
1.331000e-05	-4.747991e-03	-1.304267e+00
1.332000e-05	2.609031e-03	-1.620030e+00
1.333000e-05	9.614712e-03	-1.830686e+00
1.334000e-05	8.545317e-02	-2.064261e+00
1.335000e-05	7.721485e-02	-2.412788e+00
1.336000e-05	-8.705710e-02	-2.862965e+00
1.337000e-05	-1.193428e-02	-3.244311e+00
1.338000e-05	-5.096691e-02	-3.454762e+00
1.339000e-05	-6.230788e-02	-3.744787e+00
1.340000e-05	1.767201e-02	-3.905940e+00
1.341000e-05	1.290443e-01	-4.154946e+00
1.342000e-05	-1.764523e-01	-4.451833e+00
1.343000e-05	2.063371e-01	-4.715390e+00
1.344000e-05	-1.107156e-01	-5.020207e+00
1.345000e-05	2.951337e-02	-5.422083e+00
1.346000e-05	4.130386e-02	-5.673234e+00
1.347000e-05	-1.441159e-01	-5.987497e+00
1.348000e-05	1.953196e-01	-6.188029e+00
1.349000e-05	-1.231211e-01	-6.525317e+00
1.350000e-05	1.146425e-01	-6.848623e+00
1.351000e-05	-5.339667e-02	-7.102313e+00
1.352000e-05	-4.521870e-02	-7.378580e+00
1.353000e-05	9.660492e-02	-7.659654e+00
1.354000e-05	-1.171085e-01	-7.957025e+00
1.355000e-05	1.491581e-01	-8.229078e+00
1.356000e-05	-1.047773e-01	-8.430761e+00
1.357000e-05	8.137186e-02	-8.785521e+00
1.358000e-05	-4.280423e-03	-8.988023e+00
1.359000e-05	-5.710921e-02	-9.231107e+00
1.360000e-05	5.013229e-02	-9.441257e+00
1.361000e-05	-7.067302e-02	-9.715839e+00
1.362000e-05	1.271664e-01	-9.916490e+00
1.363000e-05	-7.429860e-02	-1.015808e+01
1.364000e-05	7.168756e-02	-1.045108e+01
1.365000e-05	-7.170851e-02	-1.067273e+01
1.366000e-05	4.319554e-02	-1.087373e+01
1.367000e-05	-8.770840e-03	-1.108174e+01
1.368000e-05	-9.950488e-04	-1.132789e+01
1.369000e-05	1.807729e-02	-1.156597e+01
1.370000e-05	-1.215178e-02	-1.179915e+01
1.371000e-05	4.569474e-02	-1.200898e+01
1.372000e-05	-3.562041e-02	-1.223013e+01
1.373000e-05	2.159016e-02	-1.239800e+01
1.374000e-05	-2.638979e-02	-1.257901e+01
1.375000e-05	4.913981e-02	-1.279705e+01
1.376000e-05	-7.403782e-03	-1.299950e+01
1.377000e-05	1.397190e-02	-1.314597e+01
1.378000e-05	-2.068861e-02	-1.337484e+01
1.379000e-05	1.687523e-02	-1.348421e+01
1.380000e-05	4.573639e-03	-1.364961e+01
1.381000e-05	9.223929e-03	-1.386055e+01
1.382000e-05	1.819939e-03	-1.400795e+01
1.383000e-05	1.307627e-02	-1.415642e+01
1.384000e-05	1.792855e-02	-1.431171e+01
1.385000e-05	1.396378e-03	-1.447173e+01
1.386000e-05	-4.808939e-03	-1.455700e+01
1.387000e-05	-2.603162e-03	-1.472329e+01
1.388000e-05	2.352909e-02	-1.486856e+01
1.389000e-05	1.391089e-02	-1.497682e+01
1.390000e-05	1.343676e-02	-1.509063e+01
1.391000e-05	-4.925061e-03	-1.513489e+01
1.392000e-05	1.659490e-02	-1.528213e+01
1.393000e-05	1.132662e-02	-1.535437e+01
1.394000e-05	1.327905e-02	-1.546058e+01
1.395000e-05	2.143964e-03	-1.554387e+01
1.396000e-05	1.661647e-02	-1.565908e+01
1.397000e-05	1.991979e-02	-1.573361e+01
1.398000e-05	1.488489e-02	-1.581680e+01
1.399000e-05	4.551166e-03	-1.585103e+01
1.400000e-05	8.497726e-03	-1.592381e+01
1.401000e-05	2.475562e-02	-1.592434e+01
1.402000e-05	2.558898e-02	-1.598740e+01
1.403000e-05	1.984855e-02	-1.599801e+01
1.404000e-05	1.265521e-02	-1.608014e+01
1.405000e-05	2.149758e-02	-1.610268e+01
1.406000e-05	2.577687e-02	-1.614419e+01
1.407000e-05	2.524344e-02	-1.615477e+01
1.408000e-05	2.221136e-02	-1.612527e+01
1.409000e-05	3.073516e-02	-1.614637e+01
1.410000e-05	4.089172e-02	-1.614631e+01
1.411000e-05	4.028910e-02	-1.617682e+01
1.412000e-05	3.522449e-02	-1.612524e+01
1.413000e-05	3.840529e-02	-1.610369e+01
1.414000e-05	5.279936e-02	-1.611271e+01
1.415000e-05	6.672205e-02	-1.609915e+01
1.416000e-05	7.296696e-02	-1.602750e+01
1.417000e-05	8.564702e-02	-1.597585e+01
1.418000e-05	1.143383e-01	-1.595371e+01
1.419000e-05	1.582213e-01	-1.588269e+01
1.420000e-05	2.123254e-01	-1.582090e+01
1.421000e-05	2.438587e-01	-1.576484e+01
1.422000e-05	2.500000e-01	-1.570109e+01
1.423000e-05	2.500000e-01	-1.564845e+01
1.424000e-05	2.489893e-01	-1.552379e+01
1.425000e-05	2.049263e-01	-1.545048e+01
1.426000e-05	1.389706e-01	-1.535662e+01
1.427000e-05	9.894349e-02	-1.524903e+01
1.428000e-05	7.610008e-02	-1.515269e+01
1.429000e-05	5.372540e-02	-1.506998e+01
1.430000e-05	3.495880e-02	-1.493469e+01
1.431000e-05	2.771127e-02	-1.481785e+01
1.432000e-05	2.671225e-02	-1.471116e+01
1.433000e-05	2.107796e-02	-1.456584e+01
1.434000e-05	1.194947e-02	-1.445948e+01
1.435000e-05	7.633773e-03	-1.424306e+01
1.436000e-05	1.283293e-02	-1.413519e+01
1.437000e-05	1.388114e-02	-1.399889e+01
1.438000e-05	7.077669e-03	-1.383033e+01
1.439000e-05	2.135811e-03	-1.364001e+01
1.440000e-05	3.809285e-03	-1.348261e+01
1.441000e-05	7.044655e-03	-1.331374e+01
1.442000e-05	4.544575e-03	-1.315676e+01
1.443000e-05	-1.317274e-03	-1.298382e+01
1.444000e-05	-1.320727e-03	-1.281889e+01
1.445000e-05	3.474225e-03	-1.260900e+01
1.446000e-05	3.372194e-03	-1.244788e+01
1.447000e-05	-1.775270e-03	-1.226145e+01
1.448000e-05	-3.719738e-03	-1.203048e+01
1.449000e-05	-5.561518e-05	-1.182892e+01
1.450000e-05	3.325697e-03	-1.154569e+01
1.451000e-05	-1.542398e-03	-1.130364e+01
1.452000e-05	-6.142547e-03	-1.108311e+01
1.453000e-05	-6.525697e-03	-1.089361e+01
1.454000e-05	-1.992150e-03	-1.070261e+01
1.455000e-05	-1.453058e-03	-1.046150e+01
1.456000e-05	-5.293429e-03	-1.020884e+01
1.457000e-05	-6.330411e-03	-9.989246e+00
1.458000e-05	-2.087246e-03	-9.727273e+00
1.459000e-05	-8.898495e-04	-9.514161e+00
1.460000e-05	-5.325814e-03	-9.262003e+00
1.461000e-05	-8.656875e-03	-9.039421e+00
1.462000e-05	-7.090504e-03	-8.807870e+00
1.463000e-05	-3.927156e-03	-8.553689e+00
1.464000e-05	-4.952569e-03	-8.261555e+00
1.465000e-05	-7.970583e-03	-8.008845e+00
1.466000e-05	-8.234189e-03	-7.714269e+00
1.467000e-05	-4.213834e-03	-7.450455e+00
1.468000e-05	-4.028441e-03	-7.167347e+00
1.469000e-05	-7.228479e-03	-6.884082e+00
1.470000e-05	-9.876730e-03	-6.619902e+00
1.471000e-05	-8.011801e-03	-6.356243e+00
1.472000e-05	-5.334062e-03	-6.030457e+00
1.473000e-05	-7.903597e-03	-5.798349e+00
1.474000e-05	-1.011346e-02	-5.513509e+00
1.475000e-05	-8.902957e-03	-5.210768e+00
1.476000e-05	-6.332456e-03	-4.861032e+00
1.477000e-05	-4.918744e-03	-4.535714e+00
1.478000e-05	-9.999743e-03	-4.295162e+00
1.479000e-05	-9.357827e-03	-4.031551e+00
1.480000e-05	-9.617458e-03	-3.734641e+00
1.481000e-05	-6.172325e-03	-3.462507e+00
1.482000e-05	-9.387168e-03	-3.159817e+00
1.483000e-05	-8.270753e-03	-2.821975e+00
1.484000e-05	-8.258688e-03	-2.577845e+00
1.485000e-05	-5.614351e-03	-2.294032e+00
1.486000e-05	-7.905066e-03	-1.938242e+00
1.487000e-05	-1.095352e-02	-1.713688e+00
1.488000e-05	-1.097015e-02	-1.366821e+00
1.489000e-05	-8.166066e-03	-9.710000e-01
1.490000e-05	-7.249229e-03	-7.586632e-01
1.491000e-05	-8.156292e-03	-4.004537e-01
1.492000e-05	-7.540601e-03	-1.266620e-01
1.493000e-05	-9.387833e-04	1.889960e-01
1.494000e-05	7.074447e-03	4.327555e-01
1.495000e-05	-4.711212e-03	7.148157e-01
1.496000e-05	1.005670e-03	9.981512e-01
1.497000e-05	-6.138111e-03	1.314341e+00
1.498000e-05	2.417449e-03	1.601701e+00
1.499000e-05	2.950377e-03	1.904708e+00
1.500000e-05	4.307803e-02	2.136441e+00
1.501000e-05	9.864410e-02	2.411829e+00
1.502000e-05	-4.513034e-02	2.821178e+00
1.503000e-05	-5.482055e-02	3.114871e+00
1.504000e-05	-3.870176e-02	3.419130e+00
1.505000e-05	-2.657527e-02	3.705384e+00
1.506000e-05	-8.546832e-02	3.966365e+00
1.507000e-05	4.940088e-02	4.146896e+00
1.508000e-05	8.544148e-02	4.513763e+00
1.509000e-05	-1.382493e-01	4.735421e+00
1.510000e-05	1.859715e-01	5.060202e+00
1.511000e-05	-1.112156e-01	5.439575e+00
1.512000e-05	8.306308e-03	5.690733e+00
1.513000e-05	5.316380e-03	5.978550e+00
1.514000e-05	-5.325819e-02	6.230653e+00
1.515000e-05	9.011804e-02	6.535392e+00
1.516000e-05	-5.740974e-02	6.799102e+00
1.517000e-05	3.586605e-02	7.043308e+00
1.518000e-05	-5.642687e-02	7.357521e+00
1.519000e-05	1.442827e-02	7.673107e+00
1.520000e-05	-2.909903e-03	7.985989e+00
1.521000e-05	-2.714312e-02	8.243104e+00
1.522000e-05	5.696742e-02	8.473786e+00
1.523000e-05	-3.751783e-02	8.764836e+00
1.524000e-05	2.724383e-02	8.996396e+00
1.525000e-05	-2.243308e-02	9.208123e+00
1.526000e-05	-3.301275e-02	9.431658e+00
1.527000e-05	9.456938e-03	9.714282e+00
1.528000e-05	-7.779458e-04	9.955892e+00
1.529000e-05	2.791222e-02	1.020792e+01
1.530000e-05	-3.016822e-02	1.042065e+01
1.531000e-05	1.370062e-02	1.066166e+01
1.532000e-05	-2.709443e-02	1.089276e+01
1.533000e-05	4.959465e-03	1.109321e+01
1.534000e-05	-1.427470e-02	1.134681e+01
1.535000e-05	-6.564955e-03	1.155542e+01
1.536000e-05	5.402579e-03	1.181947e+01
1.537000e-05	-3.007124e-03	1.205060e+01
1.538000e-05	-3.738208e-03	1.225802e+01
1.539000e-05	-2.221697e-02	1.232747e+01
1.540000e-05	-2.773273e-03	1.260747e+01
1.541000e-05	-2.691425e-03	1.273744e+01
1.542000e-05	5.026448e-03	1.298692e+01
1.543000e-05	-1.167957e-02	1.312687e+01
1.544000e-05	-1.376397e-02	1.333326e+01
1.545000e-05	-9.016317e-03	1.351223e+01
1.546000e-05	-8.038802e-03	1.371013e+01
1.547000e-05	-1.043197e-02	1.385845e+01
1.548000e-05	-1.161841e-02	1.398547e+01
1.549000e-05	-2.576623e-03	1.415534e+01
1.550000e-05	-2.308829e-03	1.433479e+01
1.551000e-05	-1.184868e-02	1.448113e+01
1.552000e-05	-1.991319e-02	1.460847e+01
1.553000e-05	-1.889353e-02	1.472376e+01
1.554000e-05	-6.646543e-03	1.484860e+01
1.555000e-05	-7.756849e-03	1.499689e+01
1.556000e-05	-1.200649e-02	1.510958e+01
1.557000e-05	-1.638924e-02	1.514539e+01
1.558000e-05	-1.377865e-02	1.529860e+01
1.559000e-05	-1.199242e-02	1.536586e+01
1.560000e-05	-1.772078e-02	1.546102e+01
1.561000e-05	-1.845122e-02	1.553582e+01
1.562000e-05	-1.719472e-02	1.564847e+01
1.563000e-05	-1.124138e-02	1.569116e+01
1.564000e-05	-1.969416e-02	1.577741e+01
1.565000e-05	-2.634698e-02	1.587953e+01
1.566000e-05	-2.799546e-02	1.591211e+01
1.567000e-05	-1.954974e-02	1.594237e+01
1.568000e-05	-1.770167e-02	1.600642e+01
1.569000e-05	-2.359024e-02	1.601803e+01
1.570000e-05	-2.729235e-02	1.611003e+01
1.571000e-05	-2.809306e-02	1.613311e+01
1.572000e-05	-2.757757e-02	1.613266e+01
1.573000e-05	-3.552939e-02	1.614276e+01
1.574000e-05	-3.848215e-02	1.616528e+01
1.575000e-05	-3.925366e-02	1.618523e+01
1.576000e-05	-3.545891e-02	1.615416e+01
1.577000e-05	-4.075717e-02	1.615321e+01
1.578000e-05	-5.038610e-02	1.614316e+01
1.579000e-05	-5.803363e-02	1.611213e+01
1.580000e-05	-6.171914e-02	1.610058e+01
1.581000e-05	-6.710271e-02	1.605895e+01
1.582000e-05	-8.366701e-02	1.602940e+01
1.583000e-05	-1.014727e-01	1.597584e+01
1.584000e-05	-1.290357e-01	1.593216e+01
1.585000e-05	-1.675455e-01	1.587958e+01
1.586000e-05	-2.247517e-01	1.584942e+01
1.587000e-05	-2.495999e-01	1.578674e+01
1.588000e-05	-2.500000e-01	1.568256e+01
1.589000e-05	-2.500000e-01	1.560690e+01
1.590000e-05	-2.461605e-01	1.557379e+01
1.591000e-05	-2.041074e-01	1.544000e+01
1.592000e-05	-1.425240e-01	1.537527e+01
1.593000e-05	-1.015974e-01	1.525153e+01
1.594000e-05	-7.322585e-02	1.513456e+01
1.595000e-05	-5.819318e-02	1.505837e+01
1.596000e-05	-4.839262e-02	1.492466e+01
1.597000e-05	-3.746885e-02	1.482792e+01
1.598000e-05	-3.042245e-02	1.463265e+01
1.599000e-05	-2.466100e-02	1.455431e+01
1.600000e-05	-2.625815e-02	1.441840e+01
1.601000e-05	-2.310981e-02	1.430098e+01
1.602000e-05	-1.950306e-02	1.411213e+01
1.603000e-05	-1.518395e-02	1.398477e+01
1.604000e-05	-1.762996e-02	1.379034e+01
1.605000e-05	-1.657397e-02	1.364942e+01
1.606000e-05	-1.463278e-02	1.345103e+01
1.607000e-05	-1.248031e-02	1.330318e+01
1.608000e-05	-1.302934e-02	1.311466e+01
1.609000e-05	-1.462438e-02	1.293474e+01
1.610000e-05	-1.310455e-02	1.276674e+01
1.611000e-05	-1.051602e-02	1.259429e+01
1.612000e-05	-8.922698e-03	1.242877e+01
1.613000e-05	-1.162548e-02	1.218794e+01
1.614000e-05	-1.185678e-02	1.203629e+01
1.615000e-05	-1.086329e-02	1.176529e+01
1.616000e-05	-8.621504e-03	1.156522e+01
1.617000e-05	-9.353357e-03	1.131368e+01
1.618000e-05	-1.023508e-02	1.109363e+01
1.619000e-05	-8.693681e-03	1.089211e+01
1.620000e-05	-7.191358e-03	1.068165e+01
1.621000e-05	-6.463586e-03	1.042992e+01
1.622000e-05	-8.873413e-03	1.021677e+01
1.623000e-05	-8.954360e-03	9.988183e+00
1.624000e-05	-7.043135e-03	9.723181e+00
1.625000e-05	-6.817307e-03	9.482556e+00
1.626000e-05	-7.297266e-03	9.239850e+00
1.627000e-05	-8.890519e-03	8.987892e+00
1.628000e-05	-7.544109e-03	8.694231e+00
1.629000e-05	-5.525450e-03	8.474578e+00
1.630000e-05	-5.567333e-03	8.289444e+00
1.631000e-05	-7.449674e-03	7.927715e+00
1.632000e-05	-7.465214e-03	7.674163e+00
1.633000e-05	-6.110929e-03	7.448270e+00
1.634000e-05	-5.691431e-03	7.153708e+00
1.635000e-05	-7.268146e-03	6.871079e+00
1.636000e-05	-8.159698e-03	6.597395e+00
1.637000e-05	-6.756013e-03	6.294181e+00
1.638000e-05	-5.764627e-03	6.060879e+00
1.639000e-05	-5.271423e-03	5.818117e+00
1.640000e-05	-7.374159e-03	5.483554e+00
1.641000e-05	-6.056807e-03	5.188263e+00
1.642000e-05	-5.658186e-03	4.812398e+00
1.643000e-05	-5.349952e-03	4.535716e+00
1.644000e-05	-7.007542e-03	4.293079e+00
1.645000e-05	-7.466353e-03	3.977814e+00
1.646000e-05	-6.210447e-03	3.651505e+00
1.647000e-05	-5.774662e-03	3.387345e+00
1.648000e-05	-6.082261e-03	3.064164e+00
1.649000e-05	-7.651650e-03	2.850479e+00
1.650000e-05	-6.328050e-03	2.514062e+00
1.651000e-05	-5.253153e-03	2.229401e+00
1.652000e-05	-5.028156e-03	1.936262e+00
1.653000e-05	-6.515959e-03	1.621450e+00
1.654000e-05	-6.625592e-03	1.317158e+00
1.655000e-05	-5.560191e-03	9.893395e-01
1.656000e-05	-5.070902e-03	6.635061e-01
1.657000e-05	-5.144630e-03	3.888684e-01
1.658000e-05	-4.515819e-03	1.020301e-01
1.659000e-05	1.407642e-03	-1.915801e-01
1.660000e-05	9.702414e-03	-4.622627e-01
1.661000e-05	-2.380195e-03	-7.385275e-01
1.662000e-05	3.121471e-03	-1.022734e+00
1.663000e-05	-3.685329e-03	-1.315974e+00
1.664000e-05	1.847709e-03	-1.611182e+00
1.665000e-05	1.688037e-02	-1.882786e+00
1.666000e-05	1.054157e-01	-2.145497e+00
1.667000e-05	3.592500e-02	-2.525917e+00
1.668000e-05	-7.851519e-02	-2.946501e+00
1.669000e-05	-1.554916e-02	-3.296236e+00
1.670000e-05	-4.840032e-02	-3.545290e+00
1.671000e-05	-7.473746e-02	-3.766449e+00
1.672000e-05	7.455057e-02	-3.957495e+00
1.673000e-05	6.056100e-02	-4.198028e+00
1.674000e-05	-1.237347e-01	-4.515965e+00
1.675000e-05	2.073699e-01	-4.767452e+00
1.676000e-05	-1.678179e-01	-5.064918e+00
1.677000e-05	1.084603e-01	-5.463709e+00
1.678000e-05	-4.358623e-02	-5.693322e+00
1.679000e-05	-7.268100e-02	-6.030677e+00
1.680000e-05	1.667886e-01	-6.232557e+00
1.681000e-05	-1.350753e-01	-6.558074e+00
1.682000e-05	1.512926e-01	-6.902135e+00
1.683000e-05	-1.177819e-01	-7.126944e+00
1.684000e-05	2.750600e-02	-7.460161e+00
1.685000e-05	3.617324e-02	-7.702363e+00
1.686000e-05	-7.480895e-02	-7.980653e+00
1.687000e-05	1.370664e-01	-8.242158e+00
1.688000e-05	-1.237097e-01	-8.513815e+00
1.689000e-05	1.240944e-01	-8.787075e+00
1.690000e-05	-6.649376e-02	-9.041180e+00
1.691000e-05	-2.181940e-03	-9.324266e+00
1.692000e-05	4.753542e-03	-9.492712e+00
1.693000e-05	-2.500098e-02	-9.787970e+00
1.694000e-05	1.011194e-01	-9.967474e+00
1.695000e-05	-6.842232e-02	-1.025168e+01
1.696000e-05	7.327598e-02	-1.048276e+01
1.697000e-05	-8.750917e-02	-1.072384e+01
1.698000e-05	6.818309e-02	-1.095487e+01
1.699000e-05	-4.008579e-02	-1.113672e+01
1.700000e-05	2.973222e-02	-1.134742e+01
1.701000e-05	-6.879420e-03	-1.163850e+01
1.702000e-05	1.535818e-02	-1.184908e+01
1.703000e-05	2.251237e-02	-1.206223e+01
1.704000e-05	-2.296838e-02	-1.226163e+01
1.705000e-05	1.136498e-02	-1.241960e+01
1.706000e-05	-1.686524e-02	-1.262016e+01
1.707000e-05	4.635764e-02	-1.280963e+01
1.708000e-05	-1.178594e-02	-1.299960e+01
1.709000e-05	1.579609e-02	-1.320695e+01
1.710000e-05	-2.297805e-02	-1.339532e+01
1.711000e-05	2.360848e-02	-1.351482e+01
1.712000e-05	-3.194396e-03	-1.371231e+01
1.713000e-05	1.505890e-02	-1.390213e+01
1.714000e-05	-1.750352e-03	-1.403005e+01
1.715000e-05	2.023852e-02	-1.416852e+01
1.716000e-05	1.154370e-02	-1.431276e+01
1.717000e-05	1.959630e-03	-1.447166e+01
1.718000e-05	-9.040466e-03	-1.459745e+01
1.719000e-05	2.829003e-03	-1.474484e+01
1.720000e-05	2.049644e-02	-1.487108e+01
1.721000e-05	1.471026e-02	-1.501744e+01
1.722000e-05	1.138305e-02	-1.508221e+01
1.723000e-05	-4.686181e-05	-1.518745e+01
1.724000e-05	1.748473e-02	-1.528068e+01
1.725000e-05	8.512073e-03	-1.540797e+01
1.726000e-05	1.161406e-02	-1.551216e+01
1.727000e-05	2.284575e-03	-1.557502e+01
1.728000e-05	1.803745e-02	-1.566158e+01
1.729000e-05	1.866681e-02	-1.571274e+01
1.730000e-05	1.415468e-02	-1.577742e+01
1.731000e-05	5.218847e-03	-1.586001e+01
1.732000e-05	1.184571e-02	-1.589483e+01
1.733000e-05	2.459607e-02	-1.593534e+01
1.734000e-05	2.375321e-02	-1.599747e+01
1.735000e-05	1.887052e-02	-1.606008e+01
1.736000e-05	1.390927e-02	-1.608160e+01
1.737000e-05	2.252321e-02	-1.609119e+01
1.738000e-05	2.494412e-02	-1.614629e+01
1.739000e-05	2.296818e-02	-1.616526e+01
1.740000e-05	2.250329e-02	-1.618637e+01
1.741000e-05	3.200222e-02	-1.617735e+01
1.742000e-05	4.216537e-02	-1.616532e+01
1.743000e-05	3.983420e-02	-1.614469e+01
1.744000e-05	3.683123e-02	-1.614523e+01
1.745000e-05	4.106362e-02	-1.609324e+01
1.746000e-05	5.473803e-02	-1.611366e+01
1.747000e-05	6.628615e-02	-1.605901e+01
1.748000e-05	7.445464e-02	-1.603857e+01
1.749000e-05	9.046714e-02	-1.596582e+01
1.750000e-05	1.214056e-01	-1.593329e+01
1.751000e-05	1.673928e-01	-1.588216e+01
1.752000e-05	2.205926e-01	-1.582898e+01
1.753000e-05	2.476532e-01	-1.575424e+01
1.754000e-05	2.500000e-01	-1.569155e+01
1.755000e-05	2.500000e-01	-1.562945e+01
1.756000e-05	2.452377e-01	-1.555414e+01
1.757000e-05	1.947305e-01	-1.539945e+01
1.758000e-05	1.296966e-01	-1.532476e+01
1.759000e-05	9.423211e-02	-1.525745e+01
1.760000e-05	7.146417e-02	-1.510427e+01
1.761000e-05	4.988811e-02	-1.499890e+01
1.762000e-05	3.403224e-02	-1.493319e+01
1.763000e-05	2.872725e-02	-1.479842e+01
1.764000e-05	2.673640e-02	-1.472206e+01
1.765000e-05	1.911511e-02	-1.455429e+01
1.766000e-05	1.068638e-02	-1.440645e+01
1.767000e-05	8.354323e-03	-1.426055e+01
1.768000e-05	1.237487e-02	-1.412313e+01
1.769000e-05	1.289894e-02	-1.392479e+01
1.770000e-05	6.729366e-03	-1.378937e+01
1.771000e-05	3.025888e-03	-1.364947e+01
1.772000e-05	4.847692e-03	-1.348000e+01
1.773000e-05	6.588185e-03	-1.328304e+01
1.774000e-05	3.603135e-03	-1.312471e+01
1.775000e-05	-1.269649e-03	-1.291624e+01
1.776000e-05	1.154282e-04	-1.276477e+01
1.777000e-05	3.311876e-03	-1.262833e+01
1.778000e-05	2.823083e-03	-1.238829e+01
1.779000e-05	-1.843783e-03	-1.218730e+01
1.780000e-05	-4.018777e-03	-1.197887e+01
1.781000e-05	-2.033213e-04	-1.174784e+01
1.782000e-05	1.433489e-03	-1.155219e+01
1.783000e-05	-1.650571e-03	-1.124251e+01
1.784000e-05	-4.824697e-03	-1.105043e+01
1.785000e-05	-3.479759e-03	-1.084003e+01
1.786000e-05	-1.119866e-03	-1.063905e+01
1.787000e-05	-2.618051e-03	-1.043742e+01
1.788000e-05	-5.649024e-03	-1.011632e+01
1.789000e-05	-5.523158e-03	-9.936213e+00
1.790000e-05	-2.849002e-03	-9.744716e+00
1.791000e-05	-2.410571e-03	-9.501558e+00
1.792000e-05	-6.145459e-03	-9.228819e+00
1.793000e-05	-6.972336e-03	-8.997849e+00
1.794000e-05	-5.563054e-03	-8.745712e+00
1.795000e-05	-2.679409e-03	-8.501528e+00
1.796000e-05	-5.069098e-03	-8.221349e+00
1.797000e-05	-7.285022e-03	-7.957214e+00
1.798000e-05	-7.939715e-03	-7.664028e+00
1.799000e-05	-5.208945e-03	-7.379823e+00
1.800000e-05	-6.303783e-03	-7.113663e+00
1.801000e-05	-7.360195e-03	-6.821328e+00
1.802000e-05	-8.063409e-03	-6.598295e+00
1.803000e-05	-5.239332e-03	-6.283643e+00
1.804000e-05	-4.935696e-03	-5.990375e+00
1.805000e-05	-6.814445e-03	-5.725266e+00
1.806000e-05	-9.593808e-03	-5.439852e+00
1.807000e-05	-7.095185e-03	-5.143115e+00
1.808000e-05	-6.258411e-03	-4.826374e+00
1.809000e-05	-6.651129e-03	-4.494712e+00
1.810000e-05	-1.011796e-02	-4.262983e+00
1.811000e-05	-9.003403e-03	-3.999375e+00
1.812000e-05	-8.913918e-03	-3.654484e+00
1.813000e-05	-6.491579e-03	-3.430370e+00
1.814000e-05	-9.541937e-03	-3.084163e+00
1.815000e-05	-7.713583e-03	-2.768871e+00
1.816000e-05	-7.922466e-03	-2.514189e+00
1.817000e-05	-6.302325e-03	-2.219901e+00
1.818000e-05	-9.383111e-03	-1.924689e+00
1.819000e-05	-1.102157e-02	-1.630456e+00
1.820000e-05	-1.068744e-02	-1.292061e+00
1.821000e-05	-7.961214e-03	-9.587447e-01
1.822000e-05	-7.163406e-03	-6.751102e-01
1.823000e-05	-7.837006e-03	-3.578422e-01
1.824000e-05	-6.379299e-03	-3.263809e-02
1.825000e-05	3.691800e-03	2.117012e-01
1.826000e-05	2.998955e-03	4.942867e-01
1.827000e-05	-3.099208e-03	7.275173e-01
1.828000e-05	-2.064075e-03	1.031129e+00
1.829000e-05	-3.801321e-03	1.326042e+00
1.830000e-05	3.229529e-04	1.663757e+00
1.831000e-05	7.884135e-03	1.935915e+00
1.832000e-05	5.520928e-02	2.179100e+00
1.833000e-05	8.984235e-02	2.535866e+00
1.834000e-05	-6.814600e-02	2.874284e+00
1.835000e-05	-4.220030e-02	3.168076e+00
1.836000e-05	-4.018087e-02	3.501781e+00
1.837000e-05	-2.965284e-02	3.777942e+00
1.838000e-05	-8.543325e-02	3.947466e+00
1.839000e-05	9.159153e-02	4.220653e+00
1.840000e-05	2.481467e-02	4.537467e+00
1.841000e-05	-9.151292e-02	4.789046e+00
1.842000e-05	1.801304e-01	5.106440e+00
1.843000e-05	-1.489822e-01	5.441730e+00
1.844000e-05	5.637496e-02	5.715265e+00
1.845000e-05	-4.251645e-02	6.030704e+00
1.846000e-05	-7.215280e-03	6.275233e+00
1.847000e-05	6.423585e-02	6.576070e+00
1.848000e-05	-5.081043e-02	6.902155e+00
1.849000e-05	3.562307e-02	7.154313e+00
1.850000e-05	-6.834284e-02	7.441129e+00
1.851000e-05	3.625969e-02	7.704762e+00
1.852000e-05	-3.087091e-02	8.050602e+00
1.853000e-05	1.061155e-03	8.272687e+00
1.854000e-05	4.111213e-02	8.505365e+00
1.855000e-05	-3.547488e-02	8.776890e+00
1.856000e-05	3.605974e-02	8.969650e+00
1.857000e-05	-4.167202e-02	9.281181e+00
1.858000e-05	-1.451185e-02	9.483810e+00
1.859000e-05	-3.622337e-03	9.756446e+00
1.860000e-05	1.571796e-02	1.001752e+01
1.861000e-05	1.134712e-02	1.024961e+01
1.862000e-05	-2.009412e-02	1.045163e+01
1.863000e-05	7.731232e-03	1.068331e+01
1.864000e-05	-2.629945e-02	1.094532e+01
1.865000e-05	7.232165e-03	1.110281e+01
1.866000e-05	-1.977297e-02	1.138704e+01
1.867000e-05	1.495260e-03	1.160905e+01
1.868000e-05	-1.276258e-04	1.185253e+01
1.869000e-05	3.566768e-03	1.205058e+01
1.870000e-05	-1.327539e-02	1.225065e+01
1.871000e-05	-1.634821e-02	1.243950e+01
1.872000e-05	-7.624663e-03	1.264055e+01
1.873000e-05	2.213247e-03	1.279850e+01
1.874000e-05	1.207487e-03	1.303850e+01
1.875000e-05	-1.203625e-02	1.320589e+01
1.876000e-05	-1.407181e-02	1.333541e+01
1.877000e-05	-9.618427e-03	1.352426e+01
1.878000e-05	-6.515036e-03	1.370171e+01
1.879000e-05	-1.341143e-02	1.385113e+01
1.880000e-05	-8.506353e-03	1.398757e+01
1.881000e-05	-4.792695e-03	1.420652e+01
1.882000e-05	-7.435851e-04	1.435689e+01
1.883000e-05	-1.572637e-02	1.449118e+01
1.884000e-05	-1.822604e-02	1.464760e+01
1.885000e-05	-1.857011e-02	1.477694e+01
1.886000e-05	-4.654241e-03	1.492063e+01
1.887000e-05	-9.003606e-03	1.499592e+01
1.888000e-05	-1.359154e-02	1.510218e+01
1.889000e-05	-1.575714e-02	1.519689e+01
1.890000e-05	-1.500665e-02	1.532111e+01
1.891000e-05	-1.196581e-02	1.539642e+01
1.892000e-05	-2.022260e-02	1.546213e+01
1.893000e-05	-1.702980e-02	1.554437e+01
1.894000e-05	-1.659018e-02	1.562902e+01
1.895000e-05	-1.098052e-02	1.572218e+01
1.896000e-05	-2.119598e-02	1.579734e+01
1.897000e-05	-2.657917e-02	1.587098e+01
1.898000e-05	-2.688740e-02	1.590313e+01
1.899000e-05	-1.973214e-02	1.594439e+01
1.900000e-05	-1.832877e-02	1.600695e+01
1.901000e-05	-2.650305e-02	1.606007e+01
1.902000e-05	-2.703201e-02	1.608010e+01
1.903000e-05	-2.786569e-02	1.608063e+01
1.904000e-05	-2.803145e-02	1.612113e+01
1.905000e-05	-3.671822e-02	1.611269e+01
1.906000e-05	-3.908652e-02	1.615326e+01
1.907000e-05	-3.786519e-02	1.613527e+01
1.908000e-05	-3.552664e-02	1.617276e+01
1.909000e-05	-4.271305e-02	1.616576e+01
1.910000e-05	-5.299713e-02	1.611269e+01
1.911000e-05	-5.817771e-02	1.613263e+01
1.912000e-05	-6.247175e-02	1.607010e+01
1.913000e-05	-6.932896e-02	1.604948e+01
1.914000e-05	-8.730495e-02	1.601792e+01
1.915000e-05	-1.061807e-01	1.598534e+01
1.916000e-05	-1.334809e-01	1.593418e+01
1.917000e-05	-1.769496e-01	1.588955e+01
1.918000e-05	-2.313569e-01	1.580938e+01
1.919000e-05	-2.500000e-01	1.575621e+01
1.920000e-05	-2.500000e-01	1.570056e+01
1.921000e-05	-2.500000e-01	1.561639e+01
1.922000e-05	-2.417831e-01	1.553368e+01
1.923000e-05	-1.934536e-01	1.545008e+01
1.924000e-05	-1.335293e-01	1.532423e+01
1.925000e-05	-9.463773e-02	1.523000e+01
1.926000e-05	-6.995663e-02	1.512366e+01
1.927000e-05	-5.572645e-02	1.497737e+01
1.928000e-05	-4.626437e-02	1.488156e+01
1.929000e-05	-3.571867e-02	1.479486e+01
1.930000e-05	-2.962299e-02	1.466097e+01
1.931000e-05	-2.573194e-02	1.453469e+01
1.932000e-05	-2.686754e-02	1.439582e+01
1.933000e-05	-2.303353e-02	1.428045e+01
1.934000e-05	-1.773262e-02	1.405963e+01
1.935000e-05	-1.476637e-02	1.395429e+01
1.936000e-05	-1.546450e-02	1.377681e+01
1.937000e-05	-1.706874e-02	1.360842e+01
1.938000e-05	-1.377528e-02	1.341795e+01
1.939000e-05	-1.245182e-02	1.326153e+01
1.940000e-05	-1.316809e-02	1.311150e+01
1.941000e-05	-1.504659e-02	1.292311e+01
1.942000e-05	-1.211622e-02	1.273461e+01
1.943000e-05	-9.826278e-03	1.254826e+01
1.944000e-05	-9.011463e-03	1.235579e+01
1.945000e-05	-1.132483e-02	1.214524e+01
1.946000e-05	-1.239973e-02	1.198574e+01
1.947000e-05	-9.474716e-03	1.174371e+01
1.948000e-05	-8.402591e-03	1.152361e+01
1.949000e-05	-9.069261e-03	1.129203e+01
1.950000e-05	-1.054081e-02	1.105105e+01
1.951000e-05	-8.291797e-03	1.085150e+01
1.952000e-05	-6.817025e-03	1.061990e+01
1.953000e-05	-6.930622e-03	1.040729e+01
1.954000e-05	-9.268652e-03	1.013728e+01
1.955000e-05	-8.597485e-03	9.953657e+00
1.956000e-05	-7.229196e-03	9.650925e+00
1.957000e-05	-5.933905e-03	9.398850e+00
1.958000e-05	-8.029181e-03	9.226742e+00
1.959000e-05	-9.192284e-03	8.944642e+00
1.960000e-05	-7.800773e-03	8.703083e+00
1.961000e-05	-5.194976e-03	8.400955e+00
1.962000e-05	-5.699967e-03	8.186845e+00
1.963000e-05	-7.807146e-03	7.913558e+00
1.964000e-05	-7.933477e-03	7.719396e+00
1.965000e-05	-5.436173e-03	7.365737e+00
1.966000e-05	-5.790814e-03	7.093078e+00
1.967000e-05	-7.273309e-03	6.798402e+00
1.968000e-05	-7.856166e-03	6.566164e+00
1.969000e-05	-6.081916e-03	6.251929e+00
1.970000e-05	-4.587234e-03	6.028945e+00
1.971000e-05	-5.645437e-03	5.704635e+00
1.972000e-05	-8.002841e-03	5.450454e+00
1.973000e-05	-7.176868e-03	5.102104e+00
1.974000e-05	-5.243578e-03	4.807791e+00
1.975000e-05	-5.543836e-03	4.483633e+00
1.976000e-05	-6.786990e-03	4.258447e+00
1.977000e-05	-7.286148e-03	3.885613e+00
1.978000e-05	-5.079834e-03	3.609951e+00
1.979000e-05	-5.508456e-03	3.385209e+00
1.980000e-05	-6.439452e-03	3.060952e+00
1.981000e-05	-7.967579e-03	2.808846e+00
1.982000e-05	-6.108285e-03	2.441504e+00
1.983000e-05	-4.667429e-03	2.146765e+00
1.984000e-05	-5.469673e-03	1.883156e+00
1.985000e-05	-7.190551e-03	1.577292e+00
1.986000e-05	-6.296889e-03	1.251555e+00
1.987000e-05	-4.557709e-03	9.241119e-01
1.988000e-05	-5.156856e-03	5.999224e-01
1.989000e-05	-4.887035e-03	3.973132e-01
1.990000e-05	-3.767921e-03	1.049862e-02
1.991000e-05	5.103452e-03	-2.632580e-01
1.992000e-05	6.810061e-03	-5.463670e-01
1.993000e-05	-1.804274e-03	-8.306828e-01
1.994000e-05	5.767275e-04	-1.104912e+00
1.995000e-05	-1.971415e-03	-1.390658e+00
1.996000e-05	1.824400e-03	-1.664237e+00
1.997000e-05	2.718424e-02	-1.926845e+00
1.998000e-05	1.214022e-01	-2.199084e+00
1.999000e-05	-6.973762e-03	-2.608100e+00
2.000000e-05	-6.054698e-02	-3.040731e+00
2.001000e-05	-2.491995e-02	-3.357395e+00
2.002000e-05	-4.629021e-02	-3.557924e+00
2.003000e-05	-7.987077e-02	-3.778579e+00
2.004000e-05	1.292590e-01	-3.981073e+00
2.005000e-05	-1.816084e-02	-4.230709e+00
2.006000e-05	-5.040990e-02	-4.558528e+00
2.007000e-05	1.660269e-01	-4.760649e+00
2.008000e-05	-1.850718e-01	-5.176525e+00
2.009000e-05	1.600522e-01	-5.466236e+00
2.010000e-05	-1.184073e-01	-5.746495e+00
2.011000e-05	6.259490e-03	-6.081762e+00
2.012000e-05	1.081603e-01	-6.263788e+00
2.013000e-05	-1.105048e-01	-6.642257e+00
2.014000e-05	1.534411e-01	-6.924761e+00
2.015000e-05	-1.570333e-01	-7.150078e+00
2.016000e-05	9.118261e-02	-7.503837e+00
2.017000e-05	-2.954407e-02	-7.796974e+00
2.018000e-05	-1.364233e-02	-8.042158e+00
2.019000e-05	9.638259e-02	-8.292685e+00
2.020000e-05	-1.118035e-01	-8.586996e+00
2.021000e-05	1.410877e-01	-8.862208e+00
2.022000e-05	-1.112531e-01	-9.072713e+00
2.023000e-05	4.691800e-02	-9.335741e+00
2.024000e-05	-4.302048e-02	-9.546416e+00
2.025000e-05	2.872065e-02	-9.809451e+00
2.026000e-05	5.751403e-02	-1.002910e+01
2.027000e-05	-4.278253e-02	-1.028334e+01
2.028000e-05	5.208867e-02	-1.051684e+01
2.029000e-05	-7.897394e-02	-1.075594e+01
2.030000e-05	7.688074e-02	-1.096647e+01
2.031000e-05	-5.393856e-02	-1.116805e+01
2.032000e-05	5.131492e-02	-1.143908e+01
2.033000e-05	-3.163521e-02	-1.169766e+01
2.034000e-05	4.041825e-02	-1.189271e+01
2.035000e-05	-4.981281e-03	-1.203274e+01
2.036000e-05	-6.218573e-03	-1.229221e+01
2.037000e-05	-4.099136e-03	-1.249170e+01
2.038000e-05	6.934804e-04	-1.268213e+01
2.039000e-05	3.995040e-02	-1.283066e+01
2.040000e-05	-8.489222e-03	-1.306263e+01
2.041000e-05	1.175082e-02	-1.323902e+01
2.042000e-05	-2.251599e-02	-1.339745e+01
2.043000e-05	2.559957e-02	-1.351637e+01
2.044000e-05	-6.524654e-03	-1.373487e+01
2.045000e-05	1.744277e-02	-1.390274e+01
2.046000e-05	-4.812137e-03	-1.408013e+01
2.047000e-05	2.532772e-02	-1.423003e+01
2.048000e-05	6.082871e-03	-1.432634e+01
2.049000e-05	3.404428e-03	-1.453174e+01
2.050000e-05	-1.081690e-02	-1.462055e+01
2.051000e-05	1.019155e-02	-1.475590e+01
2.052000e-05	1.932805e-02	-1.487116e+01
2.053000e-05	1.640074e-02	-1.501795e+01
2.054000e-05	4.942863e-03	-1.507323e+01
2.055000e-05	-2.143789e-05	-1.522800e+01
2.056000e-05	1.596641e-02	-1.525373e+01
2.057000e-05	1.052459e-02	-1.541790e+01
2.058000e-05	1.211929e-02	-1.549278e+01
2.059000e-05	4.452705e-03	-1.561647e+01
2.060000e-05	2.028419e-02	-1.567066e+01
2.061000e-05	1.778958e-02	-1.568229e+01
2.062000e-05	1.313470e-02	-1.580745e+01
2.063000e-05	1.630086e-03	-1.581750e+01
2.064000e-05	1.324690e-02	-1.593326e+01
2.065000e-05	2.565452e-02	-1.594484e+01
2.066000e-05	2.617507e-02	-1.598795e+01
2.067000e-05	1.717536e-02	-1.605008e+01
2.068000e-05	1.516286e-02	-1.609161e+01
2.069000e-05	2.321920e-02	-1.609171e+01
2.070000e-05	2.610653e-02	-1.614424e+01
2.071000e-05	2.265818e-02	-1.613682e+01
2.072000e-05	2.335284e-02	-1.616784e+01
2.073000e-05	3.333549e-02	-1.615686e+01
2.074000e-05	4.268307e-02	-1.614474e+01
2.075000e-05	3.895212e-02	-1.612669e+01
2.076000e-05	3.549605e-02	-1.614476e+01
2.077000e-05	4.165277e-02	-1.610472e+01
2.078000e-05	5.857378e-02	-1.608268e+01
2.079000e-05	6.978672e-02	-1.606953e+01
2.080000e-05	7.718098e-02	-1.601790e+01
2.081000e-05	9.444002e-02	-1.594487e+01
2.082000e-05	1.281040e-01	-1.589371e+01
2.083000e-05	1.760380e-01	-1.586058e+01
2.084000e-05	2.268100e-01	-1.582788e+01
2.085000e-05	2.493999e-01	-1.573579e+01
2.086000e-05	2.500000e-01	-1.567006e+01
2.087000e-05	2.500000e-01	-1.558689e+01
2.088000e-05	2.401420e-01	-1.551259e+01
2.089000e-05	1.811350e-01	-1.537682e+01
2.090000e-05	1.209238e-01	-1.529416e+01
2.091000e-05	8.882096e-02	-1.521892e+01
2.092000e-05	6.748538e-02	-1.512323e+01
2.093000e-05	4.510933e-02	-1.499893e+01
2.094000e-05	3.168891e-02	-1.491011e+01
2.095000e-05	2.797584e-02	-1.478485e+01
2.096000e-05	2.644225e-02	-1.468045e+01
2.097000e-05	1.854545e-02	-1.451471e+01
2.098000e-05	9.845285e-03	-1.439830e+01
2.099000e-05	9.207029e-03	-1.425855e+01
2.100000e-05	1.295505e-02	-1.409316e+01
2.101000e-05	1.168414e-02	-1.394466e+01
2.102000e-05	5.263442e-03	-1.372374e+01
2.103000e-05	2.025955e-03	-1.362737e+01
2.104000e-05	4.862753e-03	-1.344848e+01
2.105000e-05	6.210800e-03	-1.327150e+01
2.106000e-05	2.349248e-03	-1.307205e+01
2.107000e-05	-5.069624e-04	-1.289416e+01
2.108000e-05	1.470223e-03	-1.274322e+01
2.109000e-05	3.891016e-03	-1.253624e+01
2.110000e-05	1.698666e-03	-1.234681e+01
2.111000e-05	-3.994466e-03	-1.215677e+01
2.112000e-05	-4.085824e-03	-1.194535e+01
2.113000e-05	1.859719e-04	-1.173569e+01
2.114000e-05	1.612817e-03	-1.150258e+01
2.115000e-05	-1.697718e-03	-1.124050e+01
2.116000e-05	-4.000659e-03	-1.100785e+01
2.117000e-05	-2.831483e-03	-1.082843e+01
2.118000e-05	-7.722957e-04	-1.061845e+01
2.119000e-05	-3.345035e-03	-1.038427e+01
2.120000e-05	-6.120596e-03	-1.013519e+01
2.121000e-05	-5.891120e-03	-9.894108e+00
2.122000e-05	-2.061602e-03	-9.681503e+00
2.123000e-05	-3.428392e-03	-9.440473e+00
2.124000e-05	-5.620440e-03	-9.177192e+00
2.125000e-05	-7.382823e-03	-8.954716e+00
2.126000e-05	-4.225770e-03	-8.683182e+00
2.127000e-05	-4.014801e-03	-8.418925e+00
2.128000e-05	-5.101204e-03	-8.157719e+00
2.129000e-05	-7.714280e-03	-7.915214e+00
2.130000e-05	-6.781297e-03	-7.600748e+00
2.131000e-05	-4.642222e-03	-7.334688e+00
2.132000e-05	-6.299163e-03	-7.082007e+00
2.133000e-05	-8.289685e-03	-6.808347e+00
2.134000e-05	-9.281074e-03	-6.484666e+00
2.135000e-05	-4.828263e-03	-6.242029e+00
2.136000e-05	-5.790624e-03	-5.967346e+00
2.137000e-05	-7.329914e-03	-5.681985e+00
2.138000e-05	-1.041981e-02	-5.358770e+00
2.139000e-05	-6.866934e-03	-5.083055e+00
2.140000e-05	-6.227731e-03	-4.704692e+00
2.141000e-05	-6.683667e-03	-4.441478e+00
2.142000e-05	-1.086302e-02	-4.210403e+00
2.143000e-05	-9.609976e-03	-3.915716e+00
2.144000e-05	-9.003117e-03	-3.610429e+00
2.145000e-05	-6.626581e-03	-3.336842e+00
2.146000e-05	-8.912102e-03	-3.051951e+00
2.147000e-05	-7.726336e-03	-2.726737e+00
2.148000e-05	-7.641608e-03	-2.443037e+00
2.149000e-05	-6.345740e-03	-2.174795e+00
2.150000e-05	-9.322993e-03	-1.871480e+00
2.151000e-05	-1.171082e-02	-1.587847e+00
2.152000e-05	-1.008853e-02	-1.191433e+00
2.153000e-05	-8.230636e-03	-9.361658e-01
2.154000e-05	-6.819836e-03	-6.274789e-01
2.155000e-05	-8.639133e-03	-3.457395e-01
2.156000e-05	-6.392151e-03	-3.245506e-02
2.157000e-05	5.533837e-03	3.147306e-01
2.158000e-05	1.983419e-04	5.058934e-01
2.159000e-05	-8.128843e-04	8.091237e-01
2.160000e-05	-3.663944e-03	1.116936e+00
2.161000e-05	-1.740144e-03	1.409048e+00
2.162000e-05	-1.172980e-03	1.694888e+00
2.163000e-05	1.420968e-02	1.978045e+00
2.164000e-05	6.893972e-02	2.201109e+00
2.165000e-05	6.994611e-02	2.607647e+00
2.166000e-05	-8.112198e-02	2.936417e+00
2.167000e-05	-3.317675e-02	3.210127e+00
2.168000e-05	-3.997952e-02	3.474940e+00
2.169000e-05	-3.896284e-02	3.800097e+00
2.170000e-05	-7.389809e-02	3.998476e+00
2.171000e-05	1.247323e-01	4.262708e+00
2.172000e-05	-4.169087e-02	4.608026e+00
2.173000e-05	-2.176439e-02	4.811055e+00
2.174000e-05	1.353277e-01	5.190976e+00
2.175000e-05	-1.526670e-01	5.472834e+00
2.176000e-05	8.431178e-02	5.826572e+00
2.177000e-05	-7.808114e-02	6.073761e+00
2.178000e-05	3.854926e-02	6.324388e+00
2.179000e-05	2.950591e-02	6.620055e+00
2.180000e-05	-3.513063e-02	6.895813e+00
2.181000e-05	2.467247e-02	7.157096e+00
2.182000e-05	-6.582519e-02	7.500830e+00
2.183000e-05	4.849089e-02	7.778544e+00
2.184000e-05	-5.086343e-02	8.092280e+00
2.185000e-05	2.854921e-02	8.315844e+00
2.186000e-05	1.945447e-02	8.577919e+00
2.187000e-05	-2.565797e-02	8.770099e+00
2.188000e-05	3.635358e-02	9.069628e+00
2.189000e-05	-5.504089e-02	9.312337e+00
2.190000e-05	3.227710e-03	9.554365e+00
2.191000e-05	-1.487481e-02	9.845499e+00
2.192000e-05	3.076027e-02	1.006018e+01
2.193000e-05	-7.745840e-03	1.027068e+01
2.194000e-05	-7.804948e-03	1.050379e+01
2.195000e-05	-1.039546e-03	1.068689e+01
2.196000e-05	-1.975539e-02	1.096695e+01
2.197000e-05	6.230997e-03	1.120742e+01
2.198000e-05	-2.188490e-02	1.145803e+01
2.199000e-05	8.628045e-03	1.166055e+01
2.200000e-05	-6.301204e-03	1.186160e+01
2.201000e-05	6.649290e-03	1.209263e+01
2.202000e-05	-2.172549e-02	1.227170e+01
2.203000e-05	-8.923186e-03	1.249374e+01
2.204000e-05	-9.352161e-03	1.268021e+01
2.205000e-05	6.435510e-03	1.286110e+01
2.206000e-05	-3.178843e-03	1.301805e+01
2.207000e-05	-1.128773e-02	1.320902e+01
2.208000e-05	-1.191970e-02	1.337742e+01
2.209000e-05	-9.494254e-03	1.359539e+01
2.210000e-05	-6.715311e-03	1.371431e+01
2.211000e-05	-1.562700e-02	1.386118e+01
2.212000e-05	-4.831292e-03	1.404710e+01
2.213000e-05	-6.324574e-03	1.423043e+01
2.214000e-05	-9.841084e-04	1.436847e+01
2.215000e-05	-1.917937e-02	1.447221e+01
2.216000e-05	-1.711844e-02	1.465003e+01
2.217000e-05	-1.594887e-02	1.477692e+01
2.218000e-05	-4.426013e-03	1.490321e+01
2.219000e-05	-9.249004e-03	1.501790e+01
2.220000e-05	-1.495302e-02	1.510310e+01
2.221000e-05	-1.449459e-02	1.517640e+01
2.222000e-05	-1.541572e-02	1.528216e+01
2.223000e-05	-1.223111e-02	1.540744e+01
2.224000e-05	-2.147290e-02	1.548118e+01
2.225000e-05	-1.696295e-02	1.557539e+01
2.226000e-05	-1.641053e-02	1.565955e+01
2.227000e-05	-1.177334e-02	1.570423e+01
2.228000e-05	-2.168438e-02	1.578695e+01
2.229000e-05	-2.633735e-02	1.586908e+01
2.230000e-05	-2.479069e-02	1.592226e+01
2.231000e-05	-2.126664e-02	1.594586e+01
2.232000e-05	-1.871094e-02	1.598697e+01
2.233000e-05	-2.759169e-02	1.608055e+01
2.234000e-05	-2.698046e-02	1.608168e+01
2.235000e-05	-2.868416e-02	1.612356e+01
2.236000e-05	-2.956441e-02	1.612221e+01
2.237000e-05	-3.667875e-02	1.613319e+01
2.238000e-05	-3.921986e-02	1.619419e+01
2.239000e-05	-3.687256e-02	1.614473e+01
2.240000e-05	-3.777516e-02	1.610224e+01
2.241000e-05	-4.350630e-02	1.615476e+01
2.242000e-05	-5.581621e-02	1.614219e+01
2.243000e-05	-5.916116e-02	1.612308e+01
2.244000e-05	-6.293681e-02	1.610007e+01
2.245000e-05	-7.025584e-02	1.605000e+01
2.246000e-05	-8.931879e-02	1.600695e+01
2.247000e-05	-1.101383e-01	1.598634e+01
2.248000e-05	-1.410634e-01	1.592168e+01
2.249000e-05	-1.895217e-01	1.585008e+01
2.250000e-05	-2.365042e-01	1.579834e+01
2.251000e-05	-2.500000e-01	1.572522e+01
2.252000e-05	-2.500000e-01	1.567197e+01
2.253000e-05	-2.500000e-01	1.559692e+01
2.254000e-05	-2.347364e-01	1.554321e+01
2.255000e-05	-1.813179e-01	1.540789e+01
2.256000e-05	-1.260901e-01	1.536321e+01
2.257000e-05	-9.026231e-02	1.518742e+01
2.258000e-05	-6.647629e-02	1.510108e+01
2.259000e-05	-5.390480e-02	1.497734e+01
2.260000e-05	-4.443525e-02	1.487105e+01
2.261000e-05	-3.481099e-02	1.480479e+01
2.262000e-05	-2.853426e-02	1.464852e+01
2.263000e-05	-2.552589e-02	1.452160e+01
2.264000e-05	-2.629247e-02	1.438527e+01
2.265000e-05	-2.279557e-02	1.423789e+01
2.266000e-05	-1.711473e-02	1.409143e+01
2.267000e-05	-1.584883e-02	1.389111e+01
2.268000e-05	-1.612432e-02	1.370471e+01
2.269000e-05	-1.684847e-02	1.359626e+01
2.270000e-05	-1.290672e-02	1.338782e+01
2.271000e-05	-1.218234e-02	1.323787e+01
2.272000e-05	-1.286965e-02	1.305953e+01
2.273000e-05	-1.468748e-02	1.288158e+01
2.274000e-05	-1.279487e-02	1.269158e+01
2.275000e-05	-9.929030e-03	1.249368e+01
2.276000e-05	-1.003194e-02	1.234268e+01
2.277000e-05	-1.190420e-02	1.213566e+01
2.278000e-05	-1.167586e-02	1.191376e+01
2.279000e-05	-8.655057e-03	1.171300e+01
2.280000e-05	-7.935508e-03	1.146153e+01
2.281000e-05	-9.374989e-03	1.124900e+01
2.282000e-05	-1.036591e-02	1.100940e+01
2.283000e-05	-8.476098e-03	1.081842e+01
2.284000e-05	-7.499975e-03	1.054530e+01
2.285000e-05	-8.430326e-03	1.034621e+01
2.286000e-05	-1.006669e-02	1.011368e+01
2.287000e-05	-8.747094e-03	9.932050e+00
2.288000e-05	-5.829667e-03	9.638819e+00
2.289000e-05	-6.627648e-03	9.397845e+00
2.290000e-05	-7.706854e-03	9.136311e+00
2.291000e-05	-7.957742e-03	8.884082e+00
2.292000e-05	-6.916680e-03	8.641527e+00
2.293000e-05	-6.227935e-03	8.419898e+00
2.294000e-05	-7.050126e-03	8.136140e+00
2.295000e-05	-7.305435e-03	7.852103e+00
2.296000e-05	-6.748922e-03	7.617867e+00
2.297000e-05	-5.890510e-03	7.293532e+00
2.298000e-05	-6.233001e-03	7.060450e+00
2.299000e-05	-6.953442e-03	6.797811e+00
2.300000e-05	-7.042136e-03	6.533558e+00
2.301000e-05	-5.782251e-03	6.200875e+00
2.302000e-05	-6.208411e-03	5.957711e+00
2.303000e-05	-6.751593e-03	5.642955e+00
2.304000e-05	-7.577370e-03	5.409295e+00
2.305000e-05	-6.205777e-03	5.039430e+00
2.306000e-05	-4.738993e-03	4.735710e+00
2.307000e-05	-6.791256e-03	4.461529e+00
2.308000e-05	-8.013064e-03	4.166767e+00
2.309000e-05	-5.604779e-03	3.872055e+00
2.310000e-05	-5.560173e-03	3.589871e+00
2.311000e-05	-4.113911e-03	3.274985e+00
2.312000e-05	-5.642090e-03	2.998867e+00
2.313000e-05	-5.790074e-03	2.746158e+00
2.314000e-05	-6.009322e-03	2.359872e+00
2.315000e-05	-7.367384e-03	2.115211e+00
2.316000e-05	-8.266661e-03	1.852450e+00
2.317000e-05	-7.867437e-03	1.514187e+00
2.318000e-05	-5.301236e-03	1.220846e+00
2.319000e-05	-3.422458e-03	8.410313e-01
2.320000e-05	-3.351153e-03	5.578396e-01
2.321000e-05	-3.034367e-03	2.626365e-01
2.322000e-05	-2.863816e-03	-6.170646e-02
2.323000e-05	7.157547e-03	-3.152647e-01
2.324000e-05	4.139216e-04	-5.475785e-01
2.325000e-05	-9.898114e-04	-8.642617e-01
2.326000e-05	-2.658731e-03	-1.126947e+00
2.327000e-05	1.812304e-03	-1.472789e+00
2.328000e-05	3.010760e-03	-1.715819e+00
2.329000e-05	4.062185e-02	-1.947420e+00
2.330000e-05	1.264370e-01	-2.253806e+00
2.331000e-05	-4.351681e-02	-2.663885e+00
2.332000e-05	-4.047814e-02	-3.074343e+00
2.333000e-05	-3.684486e-02	-3.379074e+00
2.334000e-05	-4.685707e-02	-3.589051e+00
2.335000e-05	-7.424972e-02	-3.831028e+00
2.336000e-05	1.654500e-01	-4.010703e+00
2.337000e-05	-9.418725e-02	-4.303841e+00
2.338000e-05	2.924039e-02	-4.630105e+00
2.339000e-05	9.376567e-02	-4.832259e+00
2.340000e-05	-1.530501e-01	-5.252233e+00
2.341000e-05	1.733607e-01	-5.525417e+00
2.342000e-05	-1.723456e-01	-5.830707e+00
2.343000e-05	8.367306e-02	-6.104391e+00
2.344000e-05	3.651914e-02	-6.315892e+00
2.345000e-05	-5.505944e-02	-6.653211e+00
2.346000e-05	1.211226e-01	-6.955423e+00
2.347000e-05	-1.627841e-01	-7.221659e+00
2.348000e-05	1.300797e-01	-7.534473e+00
2.349000e-05	-8.410497e-02	-7.819176e+00
2.350000e-05	4.909411e-02	-8.154366e+00
2.351000e-05	3.702066e-02	-8.315367e+00
2.352000e-05	-7.297278e-02	-8.608708e+00
2.353000e-05	1.279073e-01	-8.892816e+00
2.354000e-05	-1.275584e-01	-9.096896e+00
2.355000e-05	7.721218e-02	-9.386420e+00
2.356000e-05	-7.863540e-02	-9.567978e+00
2.357000e-05	7.913232e-02	-9.830135e+00
2.358000e-05	9.634050e-03	-1.010128e+01
2.359000e-05	-6.483584e-03	-1.032634e+01
2.360000e-05	2.050102e-02	-1.053642e+01
2.361000e-05	-5.515560e-02	-1.082805e+01
2.362000e-05	6.722629e-02	-1.103652e+01
2.363000e-05	-5.812115e-02	-1.121955e+01
2.364000e-05	5.708753e-02	-1.146173e+01
2.365000e-05	-4.074535e-02	-1.172231e+01
2.366000e-05	5.563204e-02	-1.191382e+01
2.367000e-05	-2.139788e-02	-1.212440e+01
2.368000e-05	9.374629e-03	-1.233487e+01
2.369000e-05	-1.508383e-02	-1.253386e+01
2.370000e-05	1.831923e-02	-1.270386e+01
2.371000e-05	2.511288e-02	-1.287274e+01
2.372000e-05	-4.788078e-03	-1.305223e+01
2.373000e-05	2.438357e-03	-1.326015e+01
2.374000e-05	-1.307485e-02	-1.342908e+01
2.375000e-05	2.446854e-02	-1.357700e+01
2.376000e-05	-4.867701e-03	-1.376597e+01
2.377000e-05	1.627444e-02	-1.391579e+01
2.378000e-05	-2.477992e-03	-1.410274e+01
2.379000e-05	2.720593e-02	-1.423916e+01
2.380000e-05	1.678287e-03	-1.441545e+01
2.381000e-05	2.039511e-03	-1.454331e+01
2.382000e-05	-1.142946e-02	-1.467063e+01
2.383000e-05	1.615108e-02	-1.478695e+01
2.384000e-05	1.738289e-02	-1.490326e+01
2.385000e-05	1.581192e-02	-1.504903e+01
2.386000e-05	2.163376e-03	-1.512379e+01
2.387000e-05	6.149057e-03	-1.519955e+01
2.388000e-05	1.666013e-02	-1.531424e+01
2.389000e-05	1.110705e-02	-1.544040e+01
2.390000e-05	9.002574e-03	-1.549231e+01
2.391000e-05	7.172054e-03	-1.565700e+01
2.392000e-05	2.075446e-02	-1.567208e+01
2.393000e-05	1.623490e-02	-1.574432e+01
2.394000e-05	9.943275e-03	-1.580698e+01
2.395000e-05	4.486808e-03	-1.588158e+01
2.396000e-05	1.771891e-02	-1.591329e+01
2.397000e-05	2.636212e-02	-1.598590e+01
2.398000e-05	2.344321e-02	-1.600755e+01
2.399000e-05	1.577146e-02	-1.605953e+01
2.400000e-05	1.605121e-02	-1.607163e+01
2.401000e-05	2.435424e-02	-1.613329e+01
2.402000e-05	2.631098e-02	-1.612429e+01
2.403000e-05	2.256036e-02	-1.614626e+01
2.404000e-05	2.524804e-02	-1.615622e+01
2.405000e-05	3.570550e-02	-1.617574e+01
2.406000e-05	4.221824e-02	-1.616484e+01
2.407000e-05	3.750827e-02	-1.613529e+01
2.408000e-05	3.647681e-02	-1.613619e+01
2.409000e-05	4.591007e-02	-1.612321e+01
2.410000e-05	6.062383e-02	-1.607213e+01
2.411000e-05	6.961644e-02	-1.601903e+01
2.412000e-05	7.812131e-02	-1.601692e+01
2.413000e-05	9.921736e-02	-1.597332e+01
2.414000e-05	1.359881e-01	-1.590271e+01
2.415000e-05	1.861060e-01	-1.585007e+01
2.416000e-05	2.326495e-01	-1.579830e+01
2.417000e-05	2.499999e-01	-1.574423e+01
2.418000e-05	2.500000e-01	-1.566098e+01
2.419000e-05	2.500000e-01	-1.556537e+01
2.420000e-05	2.312159e-01	-1.549208e+01
2.421000e-05	1.688664e-01	-1.540729e+01
2.422000e-05	1.142193e-01	-1.528316e+01
2.423000e-05	8.531359e-02	-1.519650e+01
2.424000e-05	6.277837e-02	-1.506114e+01
2.425000e-05	4.319768e-02	-1.498889e+01
2.426000e-05	3.084633e-02	-1.488258e+01
2.427000e-05	2.802322e-02	-1.477484e+01
2.428000e-05	2.422244e-02	-1.465950e+01
2.429000e-05	1.605398e-02	-1.450113e+01
2.430000e-05	8.750290e-03	-1.438534e+01
2.431000e-05	9.920572e-03	-1.421947e+01
2.432000e-05	1.311457e-02	-1.406203e+01
2.433000e-05	1.027622e-02	-1.390321e+01
2.434000e-05	3.709147e-03	-1.369521e+01
2.435000e-05	2.866506e-03	-1.359479e+01
2.436000e-05	5.295404e-03	-1.339845e+01
2.437000e-05	6.904735e-03	-1.326898e+01
2.438000e-05	1.066899e-03	-1.304998e+01
2.439000e-05	-6.629495e-04	-1.288203e+01
2.440000e-05	1.827596e-03	-1.268321e+01
2.441000e-05	3.865667e-03	-1.251469e+01
2.442000e-05	4.069327e-04	-1.231469e+01
2.443000e-05	-4.309921e-03	-1.213414e+01
2.444000e-05	-2.859694e-03	-1.193323e+01
2.445000e-05	1.202885e-03	-1.167263e+01
2.446000e-05	1.344590e-03	-1.144798e+01
2.447000e-05	-3.044956e-03	-1.116938e+01
2.448000e-05	-4.231594e-03	-1.097675e+01
2.449000e-05	-2.213633e-03	-1.078685e+01
2.450000e-05	-1.587838e-03	-1.056579e+01
2.451000e-05	-3.999683e-03	-1.029356e+01
2.452000e-05	-6.256158e-03	-1.007256e+01
2.453000e-05	-4.277002e-03	-9.842530e+00
2.454000e-05	-1.528985e-03	-9.649904e+00
2.455000e-05	-3.468945e-03	-9.396325e+00
2.456000e-05	-7.428237e-03	-9.105138e+00
2.457000e-05	-7.221956e-03	-8.923740e+00
2.458000e-05	-3.979948e-03	-8.639879e+00
2.459000e-05	-3.054420e-03	-8.417774e+00
2.460000e-05	-6.420967e-03	-8.134665e+00
2.461000e-05	-7.825556e-03	-7.862456e+00
2.462000e-05	-6.440517e-03	-7.555798e+00
2.463000e-05	-4.851263e-03	-7.294032e+00
2.464000e-05	-7.041494e-03	-6.998804e+00
2.465000e-05	-7.677584e-03	-6.744667e+00
2.466000e-05	-7.972470e-03	-6.492083e+00
2.467000e-05	-4.147789e-03	-6.176272e+00
2.468000e-05	-5.392763e-03	-5.924238e+00
2.469000e-05	-8.567781e-03	-5.610404e+00
2.470000e-05	-1.007802e-02	-5.334683e+00
2.471000e-05	-6.971617e-03	-5.029976e+00
2.472000e-05	-5.507198e-03	-4.641457e+00
2.473000e-05	-8.437740e-03	-4.420923e+00
2.474000e-05	-9.917787e-03	-4.146844e+00
2.475000e-05	-9.886904e-03	-3.891604e+00
2.476000e-05	-8.275109e-03	-3.559399e+00
2.477000e-05	-7.693101e-03	-3.324611e+00
2.478000e-05	-8.706532e-03	-2.997797e+00
2.479000e-05	-7.673786e-03	-2.705584e+00
2.480000e-05	-6.733813e-03	-2.378899e+00
2.481000e-05	-6.759432e-03	-2.082113e+00
2.482000e-05	-9.438890e-03	-1.819950e+00
2.483000e-05	-1.228535e-02	-1.505738e+00
2.484000e-05	-1.042695e-02	-1.148271e+00
2.485000e-05	-8.323257e-03	-8.521090e-01
2.486000e-05	-7.679231e-03	-5.577998e-01
2.487000e-05	-8.000101e-03	-2.931829e-01
2.488000e-05	-5.150490e-03	3.115764e-02
2.489000e-05	8.139350e-03	2.969621e-01
2.490000e-05	-3.471277e-03	6.391001e-01
2.491000e-05	1.478552e-03	8.221813e-01
2.492000e-05	-6.726449e-03	1.148519e+00
2.493000e-05	-1.023857e-04	1.461179e+00
2.494000e-05	-1.906474e-03	1.777420e+00
2.495000e-05	2.113905e-02	2.039075e+00
2.496000e-05	8.176161e-02	2.273338e+00
2.497000e-05	4.132003e-02	2.683752e+00
2.498000e-05	-8.179650e-02	2.958496e+00
2.499000e-05	-2.941084e-02	3.292309e+00
2.500000e-05	-3.747590e-02	3.607999e+00
2.501000e-05	-5.428676e-02	3.844230e+00
2.502000e-05	-5.228227e-02	4.000179e+00
2.503000e-05	1.413589e-01	4.285396e+00
2.504000e-05	-1.002264e-01	4.631632e+00
2.505000e-05	5.471401e-02	4.910385e+00
2.506000e-05	7.112148e-02	5.252651e+00
2.507000e-05	-1.259256e-01	5.558966e+00
2.508000e-05	8.697227e-02	5.840653e+00
2.509000e-05	-9.823799e-02	6.146890e+00
2.510000e-05	7.353610e-02	6.376495e+00
2.511000e-05	-7.128313e-03	6.662863e+00
2.512000e-05	-1.062013e-02	6.947495e+00
2.513000e-05	4.212025e-03	7.262554e+00
2.514000e-05	-5.094793e-02	7.526442e+00
2.515000e-05	4.880034e-02	7.861078e+00
2.516000e-05	-5.906896e-02	8.093841e+00
2.517000e-05	5.015019e-02	8.367416e+00
2.518000e-05	-3.787366e-03	8.619000e+00
2.519000e-05	-1.320547e-02	8.852255e+00
2.520000e-05	2.605584e-02	9.094207e+00
2.521000e-05	-5.863914e-02	9.335419e+00
2.522000e-05	1.482243e-02	9.587519e+00
2.523000e-05	-1.884803e-02	9.850082e+00
2.524000e-05	4.172546e-02	1.011166e+01
2.525000e-05	-2.075780e-02	1.031431e+01
2.526000e-05	3.308294e-03	1.054441e+01
2.527000e-05	-1.305957e-02	1.080840e+01
2.528000e-05	-1.306572e-02	1.099805e+01
2.529000e-05	2.077538e-03	1.125905e+01
2.530000e-05	-2.016401e-02	1.144961e+01
2.531000e-05	1.185191e-02	1.170223e+01
2.532000e-05	-8.972741e-03	1.196231e+01
2.533000e-05	9.125914e-03	1.211484e+01
2.534000e-05	-2.591659e-02	1.230324e+01
2.535000e-05	-3.491929e-03	1.250524e+01
2.536000e-05	-1.210974e-02	1.270373e+01
2.537000e-05	8.535752e-03	1.286168e+01
2.538000e-05	-6.752136e-03	1.307071e+01
2.539000e-05	-1.240169e-02	1.323915e+01
2.540000e-05	-1.189209e-02	1.342905e+01
2.541000e-05	-9.317211e-03	1.357597e+01
2.542000e-05	-5.292560e-03	1.376589e+01
2.543000e-05	-1.553434e-02	1.391224e+01
2.544000e-05	-3.059904e-03	1.410118e+01
2.545000e-05	-6.523694e-03	1.428108e+01
2.546000e-05	-1.978107e-03	1.441692e+01
2.547000e-05	-2.038067e-02	1.451376e+01
2.548000e-05	-1.809917e-02	1.467218e+01
2.549000e-05	-1.477095e-02	1.481742e+01
2.550000e-05	-4.450385e-03	1.489326e+01
2.551000e-05	-9.389771e-03	1.502750e+01
2.552000e-05	-1.586849e-02	1.511281e+01
2.553000e-05	-1.427838e-02	1.520907e+01
2.554000e-05	-1.505785e-02	1.532328e+01
2.555000e-05	-1.230692e-02	1.540840e+01
2.556000e-05	-2.105870e-02	1.549318e+01
2.557000e-05	-1.739381e-02	1.559441e+01
2.558000e-05	-1.503932e-02	1.564013e+01
2.559000e-05	-1.459238e-02	1.573276e+01
2.560000e-05	-2.316956e-02	1.582792e+01
2.561000e-05	-2.925974e-02	1.585211e+01
2.562000e-05	-2.339154e-02	1.592466e+01
2.563000e-05	-1.949004e-02	1.597539e+01
2.564000e-05	-1.877582e-02	1.601690e+01
2.565000e-05	-2.817161e-02	1.604948e+01
2.566000e-05	-2.710103e-02	1.612063e+01
2.567000e-05	-2.800733e-02	1.612266e+01
2.568000e-05	-3.118836e-02	1.611321e+01
2.569000e-05	-3.819530e-02	1.614324e+01
2.570000e-05	-4.012176e-02	1.616577e+01
2.571000e-05	-3.624611e-02	1.613531e+01
2.572000e-05	-3.822071e-02	1.615379e+01
2.573000e-05	-4.375201e-02	1.614324e+01
2.574000e-05	-5.599025e-02	1.612371e+01
2.575000e-05	-5.840606e-02	1.606160e+01
2.576000e-05	-6.416403e-02	1.610006e+01
2.577000e-05	-7.546544e-02	1.605050e+01
2.578000e-05	-9.374448e-02	1.600839e+01
2.579000e-05	-1.158091e-01	1.598526e+01
2.580000e-05	-1.472891e-01	1.595215e+01
2.581000e-05	-1.999193e-01	1.586950e+01
2.582000e-05	-2.408410e-01	1.582789e+01
2.583000e-05	-2.500000e-01	1.578466e+01
2.584000e-05	-2.500000e-01	1.567850e+01
2.585000e-05	-2.500000e-01	1.558537e+01
2.586000e-05	-2.266660e-01	1.550178e+01
2.587000e-05	-1.689027e-01	1.538732e+01
2.588000e-05	-1.192220e-01	1.529266e+01
2.589000e-05	-8.484798e-02	1.518684e+01
2.590000e-05	-6.337038e-02	1.511051e+01
2.591000e-05	-5.130547e-02	1.496684e+01
2.592000e-05	-4.274839e-02	1.486892e+01
2.593000e-05	-3.342201e-02	1.472366e+01
2.594000e-05	-2.987839e-02	1.461844e+01
2.595000e-05	-2.461590e-02	1.449203e+01
2.596000e-05	-2.613527e-02	1.439536e+01
2.597000e-05	-2.033566e-02	1.420679e+01
2.598000e-05	-1.590300e-02	1.407092e+01
2.599000e-05	-1.603389e-02	1.384008e+01
2.600000e-05	-1.492896e-02	1.372408e+01
2.601000e-05	-1.814830e-02	1.357464e+01
2.602000e-05	-1.424740e-02	1.338679e+01
2.603000e-05	-1.409661e-02	1.322732e+01
2.604000e-05	-1.201518e-02	1.300890e+01
2.605000e-05	-1.217428e-02	1.283897e+01
2.606000e-05	-9.885650e-03	1.268148e+01
2.607000e-05	-9.690660e-03	1.249351e+01
2.608000e-05	-1.031862e-02	1.227098e+01
2.609000e-05	-1.251650e-02	1.209153e+01
2.610000e-05	-1.260974e-02	1.189253e+01
2.611000e-05	-8.596854e-03	1.163005e+01
2.612000e-05	-9.062332e-03	1.143890e+01
2.613000e-05	-7.791542e-03	1.118779e+01
2.614000e-05	-9.334784e-03	1.095732e+01
2.615000e-05	-8.037902e-03	1.078627e+01
2.616000e-05	-7.382716e-03	1.057416e+01
2.617000e-05	-8.565266e-03	1.030363e+01
2.618000e-05	-9.379715e-03	1.008203e+01
2.619000e-05	-8.921871e-03	9.851424e+00
2.620000e-05	-6.997015e-03	9.546790e+00
2.621000e-05	-6.853364e-03	9.365760e+00
2.622000e-05	-7.741896e-03	9.143133e+00
2.623000e-05	-8.666856e-03	8.862499e+00
2.624000e-05	-6.665494e-03	8.609344e+00
2.625000e-05	-6.120833e-03	8.366786e+00
2.626000e-05	-6.874228e-03	8.113155e+00
2.627000e-05	-7.548273e-03	7.830371e+00
2.628000e-05	-7.731917e-03	7.585691e+00
2.629000e-05	-6.469143e-03	7.260355e+00
2.630000e-05	-6.358839e-03	6.997920e+00
2.631000e-05	-6.171598e-03	6.766290e+00
2.632000e-05	-6.347495e-03	6.412403e+00
2.633000e-05	-5.694198e-03	6.149293e+00
2.634000e-05	-5.678106e-03	5.924207e+00
2.635000e-05	-7.376061e-03	5.569421e+00
2.636000e-05	-8.051411e-03	5.363731e+00
2.637000e-05	-6.724262e-03	4.967770e+00
2.638000e-05	-4.759512e-03	4.652528e+00
2.639000e-05	-5.506598e-03	4.419868e+00
2.640000e-05	-6.298496e-03	4.124580e+00
2.641000e-05	-6.380388e-03	3.820425e+00
2.642000e-05	-5.662753e-03	3.537816e+00
2.643000e-05	-5.082919e-03	3.221451e+00
2.644000e-05	-6.987344e-03	2.947189e+00
2.645000e-05	-6.821601e-03	2.694580e+00
2.646000e-05	-6.908646e-03	2.336663e+00
2.647000e-05	-5.274095e-03	2.082503e+00
2.648000e-05	-6.020805e-03	1.808767e+00
2.649000e-05	-5.985842e-03	1.471979e+00
2.650000e-05	-5.691198e-03	1.108638e+00
2.651000e-05	-4.437301e-03	7.908437e-01
2.652000e-05	-4.928393e-03	5.056855e-01
2.653000e-05	-4.620959e-03	2.498488e-01
2.654000e-05	-2.717503e-03	-9.426565e-02
2.655000e-05	8.907608e-03	-3.474197e-01
2.656000e-05	-8.766011e-04	-6.516854e-01
2.657000e-05	2.621360e-03	-9.163957e-01
2.658000e-05	-2.691965e-03	-1.190129e+00
2.659000e-05	1.204530e-03	-1.496422e+00
2.660000e-05	4.461126e-03	-1.738401e+00
2.661000e-05	5.522752e-02	-1.980705e+00
2.662000e-05	1.170918e-01	-2.294996e+00
2.663000e-05	-7.112935e-02	-2.738026e+00
2.664000e-05	-2.402751e-02	-3.148599e+00
2.665000e-05	-4.403013e-02	-3.451632e+00
2.666000e-05	-4.844144e-02	-3.643202e+00
2.667000e-05	-4.869255e-02	-3.832233e+00
2.668000e-05	1.743842e-01	-4.081786e+00
2.669000e-05	-1.505574e-01	-4.378076e+00
2.670000e-05	1.068935e-01	-4.621758e+00
2.671000e-05	1.755021e-02	-4.886868e+00
2.672000e-05	-8.786165e-02	-5.364918e+00
2.673000e-05	1.403434e-01	-5.549499e+00
2.674000e-05	-1.912598e-01	-5.873387e+00
2.675000e-05	1.482083e-01	-6.176970e+00
2.676000e-05	-3.514338e-02	-6.347629e+00
2.677000e-05	1.258358e-02	-6.736968e+00
2.678000e-05	5.954401e-02	-7.018577e+00
2.679000e-05	-1.343010e-01	-7.325915e+00
2.680000e-05	1.368440e-01	-7.588023e+00
2.681000e-05	-1.171257e-01	-7.843289e+00
2.682000e-05	1.038416e-01	-8.177419e+00
2.683000e-05	-2.374922e-02	-8.378454e+00
2.684000e-05	-1.446250e-02	-8.672785e+00
2.685000e-05	8.669474e-02	-8.935918e+00
2.686000e-05	-1.170783e-01	-9.157497e+00
2.687000e-05	8.212770e-02	-9.409478e+00
2.688000e-05	-9.199870e-02	-9.651660e+00
2.689000e-05	1.130798e-01	-9.904286e+00
2.690000e-05	-3.353125e-02	-1.013381e+01
2.691000e-05	2.980652e-02	-1.033702e+01
2.692000e-05	-1.858886e-02	-1.058953e+01
2.693000e-05	-1.815705e-02	-1.086968e+01
2.694000e-05	4.160878e-02	-1.102916e+01
2.695000e-05	-4.293349e-02	-1.130126e+01
2.696000e-05	4.891517e-02	-1.145278e+01
2.697000e-05	-3.597639e-02	-1.174636e+01
2.698000e-05	5.993153e-02	-1.197535e+01
2.699000e-05	-3.446658e-02	-1.216845e+01
2.700000e-05	1.893252e-02	-1.234645e+01
2.701000e-05	-2.437705e-02	-1.255582e+01
2.702000e-05	3.373591e-02	-1.271687e+01
2.703000e-05	1.044563e-02	-1.293281e+01
2.704000e-05	4.154280e-03	-1.313384e+01
2.705000e-05	-7.601502e-03	-1.328168e+01
2.706000e-05	-1.592449e-03	-1.347113e+01
2.707000e-05	1.685931e-02	-1.359845e+01
2.708000e-05	-2.873751e-04	-1.380845e+01
2.709000e-05	1.118385e-02	-1.397589e+01
2.710000e-05	2.444126e-03	-1.413379e+01
2.711000e-05	2.495337e-02	-1.425161e+01
2.712000e-05	1.172734e-03	-1.438908e+01
2.713000e-05	1.209972e-04	-1.452579e+01
2.714000e-05	-1.002638e-02	-1.468116e+01
2.715000e-05	1.907709e-02	-1.484645e+01
2.716000e-05	1.526178e-02	-1.496421e+01
2.717000e-05	1.567641e-02	-1.504011e+01
2.718000e-05	-1.321153e-03	-1.514342e+01
2.719000e-05	1.074843e-02	-1.525003e+01
2.720000e-05	1.365064e-02	-1.529437e+01
2.721000e-05	1.214984e-02	-1.546955e+01
2.722000e-05	6.393867e-03	-1.554431e+01
2.723000e-05	9.872459e-03	-1.558655e+01
2.724000e-05	2.151688e-02	-1.572123e+01
2.725000e-05	1.591827e-02	-1.575622e+01
2.726000e-05	7.919167e-03	-1.581952e+01
2.727000e-05	4.089456e-03	-1.584318e+01
2.728000e-05	2.030049e-02	-1.594277e+01
2.729000e-05	2.636001e-02	-1.596589e+01
2.730000e-05	2.279663e-02	-1.599705e+01
2.731000e-05	1.401465e-02	-1.606066e+01
2.732000e-05	1.861313e-02	-1.608173e+01
2.733000e-05	2.471875e-02	-1.612474e+01
2.734000e-05	2.509862e-02	-1.614571e+01
2.735000e-05	2.077458e-02	-1.613584e+01
2.736000e-05	2.650200e-02	-1.616579e+01
2.737000e-05	3.845854e-02	-1.618684e+01
2.738000e-05	4.257060e-02	-1.615584e+01
2.739000e-05	3.684748e-02	-1.614574e+01
2.740000e-05	3.670771e-02	-1.612327e+01
2.741000e-05	4.873548e-02	-1.609474e+01
2.742000e-05	6.297901e-02	-1.605014e+01
2.743000e-05	7.117112e-02	-1.602908e+01
2.744000e-05	7.970634e-02	-1.598692e+01
2.745000e-05	1.035952e-01	-1.592535e+01
2.746000e-05	1.440643e-01	-1.591274e+01
2.747000e-05	1.960247e-01	-1.582992e+01
2.748000e-05	2.376335e-01	-1.580844e+01
2.749000e-05	2.500000e-01	-1.571219e+01
2.750000e-05	2.500000e-01	-1.564208e+01
2.751000e-05	2.500000e-01	-1.559437e+01
2.752000e-05	2.203554e-01	-1.548056e+01
2.753000e-05	1.551826e-01	-1.535840e+01
2.754000e-05	1.062391e-01	-1.529058e+01
2.755000e-05	8.096203e-02	-1.517582e+01
2.756000e-05	5.923803e-02	-1.507011e+01
2.757000e-05	4.039082e-02	-1.497976e+01
2.758000e-05	2.985080e-02	-1.485006e+01
2.759000e-05	2.745462e-02	-1.475179e+01
2.760000e-05	2.270869e-02	-1.462930e+01
2.761000e-05	1.386120e-02	-1.449261e+01
2.762000e-05	7.950195e-03	-1.430422e+01
2.763000e-05	1.118677e-02	-1.416835e+01
2.764000e-05	1.355519e-02	-1.401898e+01
2.765000e-05	8.825837e-03	-1.385153e+01
2.766000e-05	2.953222e-03	-1.370416e+01
2.767000e-05	2.532524e-03	-1.352325e+01
2.768000e-05	6.017404e-03	-1.338782e+01
2.769000e-05	5.381835e-03	-1.317830e+01
2.770000e-05	1.643809e-03	-1.303945e+01
2.771000e-05	8.695748e-04	-1.284048e+01
2.772000e-05	2.622995e-03	-1.266058e+01
2.773000e-05	3.807577e-03	-1.246204e+01
2.774000e-05	-1.592301e-03	-1.226214e+01
2.775000e-05	-4.740787e-03	-1.212361e+01
2.776000e-05	-3.034462e-03	-1.190153e+01
2.777000e-05	1.850725e-03	-1.163098e+01
2.778000e-05	1.970947e-03	-1.140785e+01
2.779000e-05	-2.778732e-03	-1.114527e+01
2.780000e-05	-5.035759e-03	-1.092569e+01
2.781000e-05	-1.888958e-03	-1.074629e+01
2.782000e-05	-2.055021e-03	-1.052469e+01
2.783000e-05	-3.802862e-03	-1.028058e+01
2.784000e-05	-5.820829e-03	-1.004995e+01
2.785000e-05	-3.692242e-03	-9.809501e+00
2.786000e-05	-2.589952e-03	-9.609370e+00
2.787000e-05	-3.378442e-03	-9.314691e+00
2.788000e-05	-7.262124e-03	-9.033561e+00
2.789000e-05	-6.040166e-03	-8.852430e+00
2.790000e-05	-3.740253e-03	-8.568894e+00
2.791000e-05	-3.486787e-03	-8.355215e+00
2.792000e-05	-7.039421e-03	-8.063635e+00
2.793000e-05	-7.885492e-03	-7.789498e+00
2.794000e-05	-6.390690e-03	-7.542633e+00
2.795000e-05	-5.133273e-03	-7.239005e+00
2.796000e-05	-6.437071e-03	-6.967315e+00
2.797000e-05	-8.091482e-03	-6.693632e+00
2.798000e-05	-8.434288e-03	-6.450955e+00
2.799000e-05	-4.572572e-03	-6.116264e+00
2.800000e-05	-6.424597e-03	-5.863104e+00
2.801000e-05	-8.412857e-03	-5.549822e+00
2.802000e-05	-9.138399e-03	-5.292033e+00
2.803000e-05	-6.512847e-03	-4.955719e+00
2.804000e-05	-6.044436e-03	-4.631376e+00
2.805000e-05	-8.349402e-03	-4.357876e+00
2.806000e-05	-9.227350e-03	-4.102738e+00
2.807000e-05	-9.210192e-03	-3.847023e+00
2.808000e-05	-7.080521e-03	-3.526716e+00
2.809000e-05	-8.438504e-03	-3.239559e+00
2.810000e-05	-8.762105e-03	-2.904691e+00
2.811000e-05	-8.812529e-03	-2.650931e+00
2.812000e-05	-6.424851e-03	-2.345842e+00
2.813000e-05	-7.060364e-03	-2.052479e+00
2.814000e-05	-9.476215e-03	-1.766294e+00
2.815000e-05	-1.141100e-02	-1.463633e+00
2.816000e-05	-8.923097e-03	-1.116112e+00
2.817000e-05	-8.918836e-03	-8.205303e-01
2.818000e-05	-7.549313e-03	-5.256917e-01
2.819000e-05	-7.984260e-03	-2.204814e-01
2.820000e-05	-2.800680e-03	4.275666e-02
2.821000e-05	7.848496e-03	3.785188e-01
2.822000e-05	-4.619200e-03	6.016839e-01
2.823000e-05	1.332612e-03	9.252818e-01
2.824000e-05	-7.172994e-03	1.221150e+00
2.825000e-05	1.448528e-03	1.504387e+00
2.826000e-05	-7.774453e-04	1.831676e+00
2.827000e-05	2.904104e-02	2.071154e+00
2.828000e-05	9.249208e-02	2.356966e+00
2.829000e-05	6.571541e-03	2.736467e+00
2.830000e-05	-7.541476e-02	3.010104e+00
2.831000e-05	-3.248889e-02	3.345891e+00
2.832000e-05	-3.128971e-02	3.650629e+00
2.833000e-05	-6.685612e-02	3.862705e+00
2.834000e-05	-1.429278e-02	4.082237e+00
2.835000e-05	1.356408e-01	4.380549e+00
2.836000e-05	-1.361593e-01	4.684234e+00
2.837000e-05	1.202282e-01	4.953367e+00
2.838000e-05	-5.181294e-03	5.315390e+00
2.839000e-05	-8.088522e-02	5.558419e+00
2.840000e-05	6.552864e-02	5.903314e+00
2.841000e-05	-9.370541e-02	6.166917e+00
2.842000e-05	9.381565e-02	6.439630e+00
2.843000e-05	-3.256956e-02	6.715912e+00
2.844000e-05	1.190980e-02	6.997024e+00
2.845000e-05	-2.116663e-02	7.332232e+00
2.846000e-05	-2.807953e-02	7.577952e+00
2.847000e-05	3.314313e-02	7.891282e+00
2.848000e-05	-5.559648e-02	8.147396e+00
2.849000e-05	5.933180e-02	8.440096e+00
2.850000e-05	-2.129883e-02	8.672154e+00
2.851000e-05	4.615595e-03	8.891679e+00
2.852000e-05	1.065230e-02	9.115887e+00
2.853000e-05	-5.334523e-02	9.419471e+00
2.854000e-05	1.845799e-02	9.630098e+00
2.855000e-05	-1.679923e-02	9.892659e+00
2.856000e-05	4.133670e-02	1.012531e+01
2.857000e-05	-3.103118e-02	1.037639e+01
2.858000e-05	9.881973e-03	1.059695e+01
2.859000e-05	-2.008498e-02	1.086915e+01
2.860000e-05	-4.290097e-03	1.101013e+01
2.861000e-05	-3.033538e-03	1.127170e+01
2.862000e-05	-1.649217e-02	1.147221e+01
2.863000e-05	1.194946e-02	1.176327e+01
2.864000e-05	-8.730690e-03	1.195484e+01
2.865000e-05	6.378531e-03	1.217689e+01
2.866000e-05	-2.802723e-02	1.232432e+01
2.867000e-05	-2.279835e-03	1.256484e+01
2.868000e-05	-9.491925e-03	1.273589e+01
2.869000e-05	8.977458e-03	1.296228e+01
2.870000e-05	-9.508308e-03	1.311123e+01
2.871000e-05	-1.343998e-02	1.325003e+01
2.872000e-05	-1.041029e-02	1.346153e+01
2.873000e-05	-8.779977e-03	1.363705e+01
2.874000e-05	-7.028785e-03	1.377777e+01
2.875000e-05	-1.543931e-02	1.393289e+01
2.876000e-05	-2.678788e-03	1.410084e+01
2.877000e-05	-5.179641e-03	1.429263e+01
2.878000e-05	-5.829045e-03	1.441795e+01
2.879000e-05	-2.101198e-02	1.452532e+01
2.880000e-05	-1.937977e-02	1.468274e+01
2.881000e-05	-1.101766e-02	1.483850e+01
2.882000e-05	-5.304987e-03	1.491273e+01
2.883000e-05	-1.014005e-02	1.502800e+01
2.884000e-05	-1.707860e-02	1.513474e+01
2.885000e-05	-1.420074e-02	1.523905e+01
2.886000e-05	-1.556054e-02	1.535376e+01
2.887000e-05	-1.533710e-02	1.543857e+01
2.888000e-05	-2.147177e-02	1.551278e+01
2.889000e-05	-1.740488e-02	1.558745e+01
2.890000e-05	-1.237241e-02	1.568105e+01
2.891000e-05	-1.621768e-02	1.577476e+01
2.892000e-05	-2.329467e-02	1.580945e+01
2.893000e-05	-2.907152e-02	1.589213e+01
2.894000e-05	-2.087361e-02	1.591326e+01
2.895000e-05	-2.058328e-02	1.598439e+01
2.896000e-05	-2.041666e-02	1.602902e+01
2.897000e-05	-2.978122e-02	1.606003e+01
2.898000e-05	-2.730234e-02	1.611113e+01
2.899000e-05	-2.796633e-02	1.611313e+01
2.900000e-05	-3.247594e-02	1.614219e+01
2.901000e-05	-3.710140e-02	1.610416e+01
2.902000e-05	-4.035653e-02	1.615524e+01
2.903000e-05	-3.521219e-02	1.615373e+01
2.904000e-05	-3.980200e-02	1.615176e+01
2.905000e-05	-4.685887e-02	1.612376e+01
2.906000e-05	-5.732086e-02	1.611219e+01
2.907000e-05	-5.992387e-02	1.608213e+01
2.908000e-05	-6.559196e-02	1.607153e+01
2.909000e-05	-7.808228e-02	1.599842e+01
2.910000e-05	-9.587787e-02	1.598690e+01
2.911000e-05	-1.207750e-01	1.595426e+01
2.912000e-05	-1.541269e-01	1.591203e+01
2.913000e-05	-2.103712e-01	1.582898e+01
2.914000e-05	-2.450038e-01	1.576732e+01
2.915000e-05	-2.500000e-01	1.573110e+01
2.916000e-05	-2.500000e-01	1.564043e+01
2.917000e-05	-2.494000e-01	1.556474e+01
2.918000e-05	-2.174329e-01	1.552153e+01
2.919000e-05	-1.590450e-01	1.538782e+01
2.920000e-05	-1.122437e-01	1.531056e+01
2.921000e-05	-7.960160e-02	1.518534e+01
2.922000e-05	-6.075971e-02	1.506895e+01
2.923000e-05	-4.888724e-02	1.494576e+01
2.924000e-05	-4.134153e-02	1.481845e+01
2.925000e-05	-3.219408e-02	1.473561e+01
2.926000e-05	-2.609010e-02	1.457529e+01
2.927000e-05	-2.629604e-02	1.444910e+01
2.928000e-05	-2.426240e-02	1.430156e+01
2.929000e-05	-2.223035e-02	1.416724e+01
2.930000e-05	-1.597748e-02	1.401840e+01
2.931000e-05	-1.658308e-02	1.384057e+01
2.932000e-05	-1.591795e-02	1.367201e+01
2.933000e-05	-1.635138e-02	1.349308e+01
2.934000e-05	-1.233809e-02	1.333524e+01
2.935000e-05	-1.256144e-02	1.319584e+01
2.936000e-05	-1.360478e-02	1.300784e+01
2.937000e-05	-1.452030e-02	1.283685e+01
2.938000e-05	-1.150916e-02	1.259993e+01
2.939000e-05	-9.305087e-03	1.245997e+01
2.940000e-05	-1.098028e-02	1.225950e+01
2.941000e-05	-1.181894e-02	1.205898e+01
2.942000e-05	-1.103463e-02	1.184135e+01
2.943000e-05	-7.981652e-03	1.162787e+01
2.944000e-05	-7.923029e-03	1.136722e+01
2.945000e-05	-1.000639e-02	1.116521e+01
2.946000e-05	-1.053494e-02	1.094572e+01
2.947000e-05	-8.150375e-03	1.073516e+01
2.948000e-05	-7.402456e-03	1.047104e+01
2.949000e-05	-8.978947e-03	1.022100e+01
2.950000e-05	-8.987018e-03	1.005043e+01
2.951000e-05	-8.295831e-03	9.776397e+00
2.952000e-05	-6.400852e-03	9.522183e+00
2.953000e-05	-6.754000e-03	9.302610e+00
2.954000e-05	-8.996090e-03	9.070574e+00
2.955000e-05	-8.089269e-03	8.776816e+00
2.956000e-05	-6.520811e-03	8.545768e+00
2.957000e-05	-6.065460e-03	8.343583e+00
2.958000e-05	-7.303633e-03	8.091029e+00
2.959000e-05	-7.413683e-03	7.795795e+00
2.960000e-05	-5.946739e-03	7.493134e+00
2.961000e-05	-5.409387e-03	7.207874e+00
2.962000e-05	-7.042930e-03	6.955184e+00
2.963000e-05	-7.893923e-03	6.723079e+00
2.964000e-05	-6.521224e-03	6.378344e+00
2.965000e-05	-5.684184e-03	6.155788e+00
2.966000e-05	-5.770565e-03	5.862004e+00
2.967000e-05	-6.962266e-03	5.566241e+00
2.968000e-05	-6.446863e-03	5.263557e+00
2.969000e-05	-5.129426e-03	4.944609e+00
2.970000e-05	-5.423623e-03	4.638872e+00
2.971000e-05	-6.490772e-03	4.375244e+00
2.972000e-05	-7.001427e-03	4.040974e+00
2.973000e-05	-5.188787e-03	3.786864e+00
2.974000e-05	-5.558356e-03	3.503034e+00
2.975000e-05	-5.675244e-03	3.169769e+00
2.976000e-05	-7.110889e-03	2.913609e+00
2.977000e-05	-5.440185e-03	2.570421e+00
2.978000e-05	-5.194115e-03	2.304635e+00
2.979000e-05	-5.169187e-03	2.020397e+00
2.980000e-05	-6.443950e-03	1.695214e+00
2.981000e-05	-6.222502e-03	1.390867e+00
2.982000e-05	-5.484663e-03	1.104530e+00
2.983000e-05	-4.823391e-03	7.172696e-01
2.984000e-05	-4.703969e-03	4.720053e-01
2.985000e-05	-4.096325e-03	1.592669e-01
2.986000e-05	-3.786151e-04	-1.263908e-01
2.987000e-05	1.117042e-02	-3.805788e-01
2.988000e-05	-2.794519e-03	-6.753659e-01
2.989000e-05	3.609522e-03	-9.369751e-01
2.990000e-05	-3.314470e-03	-1.242288e+00
2.991000e-05	2.222115e-03	-1.548925e+00
2.992000e-05	7.433343e-03	-1.810655e+00
2.993000e-05	7.474812e-02	-2.051184e+00
2.994000e-05	9.282660e-02	-2.411655e+00
2.995000e-05	-8.184755e-02	-2.800262e+00
2.996000e-05	-1.475420e-02	-3.232178e+00
2.997000e-05	-4.874856e-02	-3.453209e+00
2.998000e-05	-5.744096e-02	-3.671784e+00
2.999000e-05	-7.333960e-03	-3.904316e+00
3.000000e-05	1.495014e-01	-4.124414e+00
3.001000e-05	-1.722289e-01	-4.451727e+00
3.002000e-05	1.741797e-01	-4.674920e+00
3.003000e-05	-6.096919e-02	-4.999200e+00
3.004000e-05	-1.392386e-02	-5.398476e+00
3.005000e-05	7.813543e-02	-5.580603e+00
3.006000e-05	-1.670135e-01	-5.975846e+00
3.007000e-05	1.834266e-01	-6.207973e+00
3.008000e-05	-9.340178e-02	-6.452812e+00
3.009000e-05	7.807116e-02	-6.808553e+00
3.010000e-05	-1.214376e-02	-7.011686e+00
3.011000e-05	-7.733015e-02	-7.409052e+00
3.012000e-05	1.141680e-01	-7.631054e+00
3.013000e-05	-1.185723e-01	-7.886348e+00
3.014000e-05	1.361083e-01	-8.159474e+00
3.015000e-05	-7.782708e-02	-8.420154e+00
3.016000e-05	4.548388e-02	-8.683871e+00
3.017000e-05	2.892679e-02	-8.958924e+00
3.018000e-05	-8.069319e-02	-9.239679e+00
3.019000e-05	6.292396e-02	-9.460580e+00
3.020000e-05	-8.071399e-02	-9.683265e+00
3.021000e-05	1.246256e-01	-9.924391e+00
3.022000e-05	-6.097522e-02	-1.021795e+01
3.023000e-05	5.762749e-02	-1.037008e+01
3.024000e-05	-5.357868e-02	-1.062963e+01
3.025000e-05	2.148837e-02	-1.088119e+01
3.026000e-05	1.012879e-02	-1.109028e+01
3.027000e-05	-1.650982e-02	-1.134392e+01
3.028000e-05	2.933707e-02	-1.151331e+01
3.029000e-05	-2.134426e-02	-1.178908e+01
3.030000e-05	5.054986e-02	-1.199708e+01
3.031000e-05	-3.597052e-02	-1.222008e+01
3.032000e-05	2.069618e-02	-1.239897e+01
3.033000e-05	-2.501773e-02	-1.256703e+01
3.034000e-05	4.444307e-02	-1.275597e+01
3.035000e-05	-7.744536e-05	-1.293547e+01
3.036000e-05	1.017960e-02	-1.312434e+01
3.037000e-05	-1.730121e-02	-1.330229e+01
3.038000e-05	8.821839e-03	-1.349124e+01
3.039000e-05	8.726342e-03	-1.363113e+01
3.040000e-05	5.600234e-03	-1.382858e+01
3.041000e-05	5.715296e-03	-1.399697e+01
3.042000e-05	9.876336e-03	-1.414582e+01
3.043000e-05	2.154195e-02	-1.426166e+01
3.044000e-05	4.304372e-04	-1.441248e+01
3.045000e-05	-3.080327e-03	-1.455489e+01
3.046000e-05	-5.600362e-03	-1.469281e+01
3.047000e-05	2.186882e-02	-1.481953e+01
3.048000e-05	1.527486e-02	-1.496584e+01
3.049000e-05	1.401699e-02	-1.506113e+01
3.050000e-05	-4.198375e-03	-1.513482e+01
3.051000e-05	1.379975e-02	-1.526068e+01
3.052000e-05	1.191327e-02	-1.533479e+01
3.053000e-05	1.267337e-02	-1.544961e+01
3.054000e-05	4.449432e-03	-1.555431e+01
3.055000e-05	1.431177e-02	-1.566005e+01
3.056000e-05	2.056358e-02	-1.569166e+01
3.057000e-05	1.558158e-02	-1.579540e+01
3.058000e-05	5.010463e-03	-1.587046e+01
3.059000e-05	5.218837e-03	-1.594219e+01
3.060000e-05	2.245535e-02	-1.592586e+01
3.061000e-05	2.539061e-02	-1.603540e+01
3.062000e-05	2.139654e-02	-1.598003e+01
3.063000e-05	1.303783e-02	-1.606016e+01
3.064000e-05	1.998388e-02	-1.607121e+01
3.065000e-05	2.609156e-02	-1.614422e+01
3.066000e-05	2.467422e-02	-1.615426e+01
3.067000e-05	2.065723e-02	-1.615625e+01
3.068000e-05	2.720649e-02	-1.617677e+01
3.069000e-05	3.960502e-02	-1.621779e+01
3.070000e-05	4.139830e-02	-1.614577e+01
3.071000e-05	3.568084e-02	-1.613629e+01
3.072000e-05	3.698133e-02	-1.613121e+01
3.073000e-05	5.150428e-02	-1.608266e+01
3.074000e-05	6.590503e-02	-1.607011e+01
3.075000e-05	7.274104e-02	-1.601955e+01
3.076000e-05	8.272090e-02	-1.598590e+01
3.077000e-05	1.095400e-01	-1.592224e+01
3.078000e-05	1.523481e-01	-1.589264e+01
3.079000e-05	2.057179e-01	-1.581892e+01
3.080000e-05	2.414403e-01	-1.578634e+01
3.081000e-05	2.500000e-01	-1.570316e+01
3.082000e-05	2.500000e-01	-1.563698e+01
3.083000e-05	2.492995e-01	-1.553284e+01
3.084000e-05	2.107008e-01	-1.544158e+01
3.085000e-05	1.435696e-01	-1.534529e+01
3.086000e-05	1.019265e-01	-1.525008e+01
3.087000e-05	7.698541e-02	-1.511637e+01
3.088000e-05	5.486536e-02	-1.507198e+01
3.089000e-05	3.616424e-02	-1.498429e+01
3.090000e-05	2.851959e-02	-1.482938e+01
3.091000e-05	2.756353e-02	-1.471374e+01
3.092000e-05	2.227707e-02	-1.457878e+01
3.093000e-05	1.239724e-02	-1.443906e+01
3.094000e-05	8.142914e-03	-1.433214e+01
3.095000e-05	1.122578e-02	-1.413479e+01
3.096000e-05	1.311641e-02	-1.401985e+01
3.097000e-05	7.531784e-03	-1.384688e+01
3.098000e-05	2.121862e-03	-1.368105e+01
3.099000e-05	2.743915e-03	-1.347221e+01
3.100000e-05	6.832923e-03	-1.328566e+01
3.101000e-05	4.752164e-03	-1.316682e+01
3.102000e-05	-1.751393e-04	-1.301642e+01
3.103000e-05	-1.460161e-03	-1.281945e+01
3.104000e-05	3.087650e-03	-1.265000e+01
3.105000e-05	4.300969e-03	-1.241093e+01
3.106000e-05	-8.476723e-04	-1.227198e+01
3.107000e-05	-4.636643e-03	-1.206050e+01
3.108000e-05	-8.099935e-04	-1.184046e+01
3.109000e-05	2.132865e-03	-1.161690e+01
3.110000e-05	-4.244514e-04	-1.134481e+01
3.111000e-05	-5.486528e-03	-1.110359e+01
3.112000e-05	-4.677307e-03	-1.090464e+01
3.113000e-05	2.816473e-04	-1.067421e+01
3.114000e-05	-5.390050e-04	-1.046311e+01
3.115000e-05	-4.534604e-03	-1.026140e+01
3.116000e-05	-6.880756e-03	-9.998298e+00
3.117000e-05	-3.406981e-03	-9.808373e+00
3.118000e-05	-1.577993e-03	-9.516892e+00
3.119000e-05	-5.408447e-03	-9.272061e+00
3.120000e-05	-8.226931e-03	-9.018983e+00
3.121000e-05	-6.445715e-03	-8.798873e+00
3.122000e-05	-2.632075e-03	-8.545816e+00
3.123000e-05	-3.992027e-03	-8.274159e+00
3.124000e-05	-6.823162e-03	-8.029984e+00
3.125000e-05	-7.720108e-03	-7.754693e+00
3.126000e-05	-3.870743e-03	-7.462505e+00
3.127000e-05	-4.548395e-03	-7.156901e+00
3.128000e-05	-7.477618e-03	-6.864092e+00
3.129000e-05	-9.520383e-03	-6.632029e+00
3.130000e-05	-8.297175e-03	-6.368892e+00
3.131000e-05	-4.701451e-03	-6.063139e+00
3.132000e-05	-7.113079e-03	-5.790973e+00
3.133000e-05	-8.666138e-03	-5.524293e+00
3.134000e-05	-8.370201e-03	-5.189350e+00
3.135000e-05	-5.390789e-03	-4.902712e+00
3.136000e-05	-5.563811e-03	-4.577347e+00
3.137000e-05	-9.793944e-03	-4.337765e+00
3.138000e-05	-9.636546e-03	-4.070532e+00
3.139000e-05	-8.883815e-03	-3.764797e+00
3.140000e-05	-6.220428e-03	-3.484163e+00
3.141000e-05	-8.723018e-03	-3.189405e+00
3.142000e-05	-8.721624e-03	-2.873529e+00
3.143000e-05	-7.569788e-03	-2.598921e+00
3.144000e-05	-6.064038e-03	-2.335165e+00
3.145000e-05	-8.694320e-03	-1.988403e+00
3.146000e-05	-1.091349e-02	-1.726162e+00
3.147000e-05	-1.182742e-02	-1.389798e+00
3.148000e-05	-8.572986e-03	-1.053083e+00
3.149000e-05	-7.686358e-03	-7.487913e-01
3.150000e-05	-8.263970e-03	-4.314791e-01
3.151000e-05	-7.577972e-03	-1.988435e-01
3.152000e-05	-1.182363e-03	1.358894e-01
3.153000e-05	8.162110e-03	4.096526e-01
3.154000e-05	-5.540804e-03	6.937331e-01
3.155000e-05	1.189222e-03	9.569922e-01
3.156000e-05	-6.843822e-03	1.272235e+00
3.157000e-05	1.608163e-03	1.566471e+00
3.158000e-05	8.245950e-04	1.872681e+00
3.159000e-05	3.764426e-02	2.146258e+00
3.160000e-05	9.785178e-02	2.429554e+00
3.161000e-05	-2.587318e-02	2.819974e+00
3.162000e-05	-6.137869e-02	3.104257e+00
3.163000e-05	-3.523489e-02	3.378574e+00
3.164000e-05	-2.816834e-02	3.704233e+00
3.165000e-05	-7.935151e-02	3.897334e+00
3.166000e-05	2.624820e-02	4.156834e+00
3.167000e-05	1.044422e-01	4.433331e+00
3.168000e-05	-1.403781e-01	4.736386e+00
3.169000e-05	1.667371e-01	5.039577e+00
3.170000e-05	-7.317138e-02	5.419048e+00
3.171000e-05	-2.325362e-02	5.689600e+00
3.172000e-05	2.785527e-02	5.925989e+00
3.173000e-05	-6.891939e-02	6.198525e+00
3.174000e-05	9.417024e-02	6.494256e+00
3.175000e-05	-4.933538e-02	6.780021e+00
3.176000e-05	2.753939e-02	7.042183e+00
3.177000e-05	-4.411250e-02	7.357941e+00
3.178000e-05	-2.540303e-04	7.647181e+00
3.179000e-05	1.044132e-02	7.945414e+00
3.180000e-05	-3.832965e-02	8.208998e+00
3.181000e-05	5.978145e-02	8.461706e+00
3.182000e-05	-3.118949e-02	8.673285e+00
3.183000e-05	2.043015e-02	8.923386e+00
3.184000e-05	-1.038332e-02	9.197496e+00
3.185000e-05	-4.182010e-02	9.418073e+00
3.186000e-05	1.308895e-02	9.721309e+00
3.187000e-05	-6.875919e-03	9.936362e+00
3.188000e-05	3.433890e-02	1.021839e+01
3.189000e-05	-3.045203e-02	1.043902e+01
3.190000e-05	1.276358e-02	1.062150e+01
3.191000e-05	-2.470379e-02	1.085116e+01
3.192000e-05	1.638344e-03	1.109163e+01
3.193000e-05	-1.116905e-02	1.132233e+01
3.194000e-05	-1.003449e-02	1.152434e+01
3.195000e-05	8.892424e-03	1.176544e+01
3.196000e-05	-4.508508e-03	1.200842e+01
3.197000e-05	5.581362e-04	1.220999e+01
3.198000e-05	-2.513236e-02	1.235639e+01
3.199000e-05	-3.205626e-03	1.259889e+01
3.200000e-05	-5.991017e-03	1.276789e+01
3.201000e-05	6.522204e-03	1.295481e+01
3.202000e-05	-1.064360e-02	1.312329e+01
3.203000e-05	-1.305119e-02	1.332318e+01
3.204000e-05	-8.822153e-03	1.345120e+01
3.205000e-05	-8.972139e-03	1.365853e+01
3.206000e-05	-9.868305e-03	1.382595e+01
3.207000e-05	-1.341526e-02	1.395499e+01
3.208000e-05	-3.455536e-03	1.417524e+01
3.209000e-05	-4.265864e-03	1.430368e+01
3.210000e-05	-8.838265e-03	1.444855e+01
3.211000e-05	-2.205037e-02	1.459637e+01
3.212000e-05	-1.882450e-02	1.471333e+01
3.213000e-05	-9.079077e-03	1.485948e+01
3.214000e-05	-6.375251e-03	1.493539e+01
3.215000e-05	-9.740955e-03	1.505110e+01
3.216000e-05	-1.592497e-02	1.515634e+01
3.217000e-05	-1.226245e-02	1.527053e+01
3.218000e-05	-1.548307e-02	1.536449e+01
3.219000e-05	-1.916243e-02	1.542158e+01
3.220000e-05	-2.285901e-02	1.553371e+01
3.221000e-05	-1.746579e-02	1.560857e+01
3.222000e-05	-9.119808e-03	1.568070e+01
3.223000e-05	-1.712161e-02	1.574579e+01
3.224000e-05	-2.242143e-02	1.584897e+01
3.225000e-05	-2.786263e-02	1.588171e+01
3.226000e-05	-2.100525e-02	1.596424e+01
3.227000e-05	-2.178368e-02	1.596742e+01
3.228000e-05	-2.533284e-02	1.603997e+01
3.229000e-05	-3.002930e-02	1.607105e+01
3.230000e-05	-2.753818e-02	1.608161e+01
3.231000e-05	-2.658686e-02	1.613266e+01
3.232000e-05	-3.336962e-02	1.611424e+01
3.233000e-05	-3.669502e-02	1.612626e+01
3.234000e-05	-3.872236e-02	1.614274e+01
3.235000e-05	-3.506038e-02	1.615474e+01
3.236000e-05	-4.072255e-02	1.615471e+01
3.237000e-05	-5.033208e-02	1.609471e+01
3.238000e-05	-5.944585e-02	1.611218e+01
3.239000e-05	-6.240303e-02	1.611016e+01
3.240000e-05	-6.726032e-02	1.606953e+01
3.241000e-05	-8.091364e-02	1.601845e+01
3.242000e-05	-9.858276e-02	1.601784e+01
3.243000e-05	-1.246514e-01	1.596223e+01
3.244000e-05	-1.615704e-01	1.587258e+01
3.245000e-05	-2.192190e-01	1.581989e+01
3.246000e-05	-2.485938e-01	1.577626e+01
3.247000e-05	-2.500000e-01	1.570403e+01
3.248000e-05	-2.500000e-01	1.565997e+01
3.249000e-05	-2.478823e-01	1.557279e+01
3.250000e-05	-2.092755e-01	1.546108e+01
3.251000e-05	-1.485432e-01	1.537677e+01
3.252000e-05	-1.039016e-01	1.526003e+01
3.253000e-05	-7.377725e-02	1.517424e+01
3.254000e-05	-5.807615e-02	1.503845e+01
3.255000e-05	-4.830524e-02	1.493366e+01
3.256000e-05	-3.863211e-02	1.481845e+01
3.257000e-05	-3.130936e-02	1.469216e+01
3.258000e-05	-2.706733e-02	1.456534e+01
3.259000e-05	-2.775412e-02	1.444000e+01
3.260000e-05	-2.486555e-02	1.427003e+01
3.261000e-05	-2.005985e-02	1.414466e+01
3.262000e-05	-1.465230e-02	1.402677e+01
3.263000e-05	-1.607849e-02	1.381842e+01
3.264000e-05	-1.580918e-02	1.364955e+01
3.265000e-05	-1.477599e-02	1.351300e+01
3.266000e-05	-1.314719e-02	1.333476e+01
3.267000e-05	-1.400013e-02	1.312323e+01
3.268000e-05	-1.620584e-02	1.298729e+01
3.269000e-05	-1.459942e-02	1.278671e+01
3.270000e-05	-1.061593e-02	1.260834e+01
3.271000e-05	-8.575083e-03	1.243982e+01
3.272000e-05	-1.041020e-02	1.219990e+01
3.273000e-05	-1.187289e-02	1.211887e+01
3.274000e-05	-1.068649e-02	1.178827e+01
3.275000e-05	-9.834782e-03	1.156627e+01
3.276000e-05	-9.975433e-03	1.136524e+01
3.277000e-05	-1.107456e-02	1.113563e+01
3.278000e-05	-9.873959e-03	1.088466e+01
3.279000e-05	-7.673696e-03	1.071413e+01
3.280000e-05	-6.949382e-03	1.049050e+01
3.281000e-05	-9.981617e-03	1.019945e+01
3.282000e-05	-9.377145e-03	9.998815e+00
3.283000e-05	-7.160229e-03	9.734638e+00
3.284000e-05	-6.075363e-03	9.512483e+00
3.285000e-05	-7.595022e-03	9.251480e+00
3.286000e-05	-9.021098e-03	9.038925e+00
3.287000e-05	-7.411197e-03	8.745743e+00
3.288000e-05	-6.302488e-03	8.503682e+00
3.289000e-05	-6.071825e-03	8.282627e+00
3.290000e-05	-8.075877e-03	8.017322e+00
3.291000e-05	-7.480434e-03	7.745162e+00
3.292000e-05	-5.131202e-03	7.412003e+00
3.293000e-05	-6.015210e-03	7.135740e+00
3.294000e-05	-7.639001e-03	6.915136e+00
3.295000e-05	-8.023220e-03	6.648950e+00
3.296000e-05	-6.299487e-03	6.336716e+00
3.297000e-05	-5.652913e-03	6.092557e+00
3.298000e-05	-6.020187e-03	5.839271e+00
3.299000e-05	-7.139056e-03	5.536683e+00
3.300000e-05	-6.228292e-03	5.239266e+00
3.301000e-05	-5.454410e-03	4.831000e+00
3.302000e-05	-5.399698e-03	4.569368e+00
3.303000e-05	-6.801676e-03	4.325207e+00
3.304000e-05	-6.861678e-03	3.969870e+00
3.305000e-05	-5.282521e-03	3.704161e+00
3.306000e-05	-5.442911e-03	3.422396e+00
3.307000e-05	-6.234400e-03	3.154191e+00
3.308000e-05	-7.067734e-03	2.843025e+00
3.309000e-05	-5.776917e-03	2.506196e+00
3.310000e-05	-5.813312e-03	2.231474e+00
3.311000e-05	-5.659886e-03	2.017796e+00
3.312000e-05	-6.826393e-03	1.663959e+00
3.313000e-05	-5.341256e-03	1.357313e+00
3.314000e-05	-4.983716e-03	9.899476e-01
3.315000e-05	-4.241085e-03	6.737093e-01
3.316000e-05	-5.426958e-03	4.209738e-01
3.317000e-05	-3.910689e-03	7.413415e-02
3.318000e-05	5.262439e-04	-1.585514e-01
3.319000e-05	1.034113e-02	-4.116828e-01
3.320000e-05	-4.232555e-03	-7.483773e-01
3.321000e-05	3.974895e-03	-1.020703e+00
3.322000e-05	-3.664869e-03	-1.284413e+00
3.323000e-05	3.507242e-03	-1.650621e+00
3.324000e-05	1.332390e-02	-1.862736e+00
3.325000e-05	9.516047e-02	-2.095940e+00
3.326000e-05	5.750309e-02	-2.444816e+00
3.327000e-05	-8.016154e-02	-2.934996e+00
3.328000e-05	-1.482704e-02	-3.281613e+00
3.329000e-05	-4.915440e-02	-3.514868e+00
3.330000e-05	-6.889617e-02	-3.703866e+00
3.331000e-05	4.531180e-02	-3.907367e+00
3.332000e-05	9.463817e-02	-4.176895e+00
3.333000e-05	-1.454269e-01	-4.484337e+00
3.334000e-05	2.057893e-01	-4.746291e+00
3.335000e-05	-1.307553e-01	-5.021757e+00
3.336000e-05	6.464904e-02	-5.431135e+00
3.337000e-05	9.568597e-05	-5.672761e+00
3.338000e-05	-1.064750e-01	-5.990001e+00
3.339000e-05	1.791632e-01	-6.219630e+00
3.340000e-05	-1.218692e-01	-6.536344e+00
3.341000e-05	1.271156e-01	-6.869153e+00
3.342000e-05	-8.102841e-02	-7.073843e+00
3.343000e-05	-1.175958e-02	-7.399130e+00
3.344000e-05	6.577209e-02	-7.711835e+00
3.345000e-05	-9.352626e-02	-7.978502e+00
3.346000e-05	1.386077e-01	-8.220080e+00
3.347000e-05	-1.093966e-01	-8.520760e+00
3.348000e-05	9.783626e-02	-8.799475e+00
3.349000e-05	-3.131431e-02	-9.010629e+00
3.350000e-05	-3.088676e-02	-9.310785e+00
3.351000e-05	2.598202e-02	-9.452731e+00
3.352000e-05	-4.701620e-02	-9.766846e+00
3.353000e-05	1.112399e-01	-9.996946e+00
3.354000e-05	-6.627014e-02	-1.021858e+01
3.355000e-05	6.806469e-02	-1.050263e+01
3.356000e-05	-7.479753e-02	-1.065176e+01
3.357000e-05	5.290070e-02	-1.090281e+01
3.358000e-05	-2.222923e-02	-1.112234e+01
3.359000e-05	1.145856e-02	-1.139637e+01
3.360000e-05	5.089112e-03	-1.160547e+01
3.361000e-05	1.939393e-03	-1.184156e+01
3.362000e-05	3.338459e-02	-1.198908e+01
3.363000e-05	-2.731294e-02	-1.222960e+01
3.364000e-05	1.550289e-02	-1.239903e+01
3.365000e-05	-1.978622e-02	-1.263908e+01
3.366000e-05	4.647747e-02	-1.277703e+01
3.367000e-05	-7.158764e-03	-1.299905e+01
3.368000e-05	1.362162e-02	-1.318587e+01
3.369000e-05	-2.024747e-02	-1.335532e+01
3.370000e-05	1.958492e-02	-1.352269e+01
3.371000e-05	1.973820e-03	-1.369166e+01
3.372000e-05	1.140488e-02	-1.390218e+01
3.373000e-05	-5.141865e-04	-1.403747e+01
3.374000e-05	1.649246e-02	-1.416692e+01
3.375000e-05	1.474743e-02	-1.430176e+01
3.376000e-05	2.364253e-03	-1.446166e+01
3.377000e-05	-6.679206e-03	-1.461745e+01
3.378000e-05	7.122293e-04	-1.472376e+01
3.379000e-05	2.195816e-02	-1.487058e+01
3.380000e-05	1.462340e-02	-1.499689e+01
3.381000e-05	1.140106e-02	-1.506164e+01
3.382000e-05	-2.541227e-03	-1.515645e+01
3.383000e-05	1.768433e-02	-1.526006e+01
3.384000e-05	1.187434e-02	-1.537692e+01
3.385000e-05	1.286669e-02	-1.549118e+01
3.386000e-05	3.180099e-03	-1.554592e+01
3.387000e-05	1.636734e-02	-1.566058e+01
3.388000e-05	1.971967e-02	-1.572279e+01
3.389000e-05	1.465264e-02	-1.578527e+01
3.390000e-05	4.347334e-03	-1.582103e+01
3.391000e-05	9.254169e-03	-1.586266e+01
3.392000e-05	2.426124e-02	-1.593577e+01
3.393000e-05	2.573621e-02	-1.594648e+01
3.394000e-05	1.989902e-02	-1.601008e+01
3.395000e-05	1.342728e-02	-1.605058e+01
3.396000e-05	2.177741e-02	-1.612224e+01
3.397000e-05	2.624736e-02	-1.611471e+01
3.398000e-05	2.366260e-02	-1.612479e+01
3.399000e-05	2.180384e-02	-1.612529e+01
3.400000e-05	2.972696e-02	-1.618674e+01
3.401000e-05	4.110938e-02	-1.613524e+01
3.402000e-05	4.032841e-02	-1.617571e+01
3.403000e-05	3.569151e-02	-1.614626e+01
3.404000e-05	3.886533e-02	-1.612478e+01
3.405000e-05	5.376345e-02	-1.607108e+01
3.406000e-05	6.637122e-02	-1.601956e+01
3.407000e-05	7.346436e-02	-1.605703e+01
3.408000e-05	8.574878e-02	-1.595487e+01
3.409000e-05	1.168871e-01	-1.594329e+01
3.410000e-05	1.619998e-01	-1.588113e+01
3.411000e-05	2.156780e-01	-1.583745e+01
3.412000e-05	2.450985e-01	-1.574530e+01
3.413000e-05	2.500000e-01	-1.570211e+01
3.414000e-05	2.500000e-01	-1.559038e+01
3.415000e-05	2.473638e-01	-1.551331e+01
3.416000e-05	1.999300e-01	-1.539945e+01
3.417000e-05	1.341973e-01	-1.532127e+01
3.418000e-05	9.687881e-02	-1.524798e+01
3.419000e-05	7.396317e-02	-1.513479e+01
3.420000e-05	5.142630e-02	-1.503996e+01
3.421000e-05	3.371787e-02	-1.493474e+01
3.422000e-05	2.718494e-02	-1.479738e+01
3.423000e-05	2.622595e-02	-1.469416e+01
3.424000e-05	1.967790e-02	-1.457532e+01
3.425000e-05	1.107547e-02	-1.439790e+01
3.426000e-05	8.875041e-03	-1.425103e+01
3.427000e-05	1.286515e-02	-1.410117e+01
3.428000e-05	1.362543e-02	-1.396679e+01
3.429000e-05	7.242282e-03	-1.381685e+01
3.430000e-05	1.512015e-03	-1.367150e+01
3.431000e-05	2.815963e-03	-1.348050e+01
3.432000e-05	5.798731e-03	-1.328522e+01
3.433000e-05	3.414886e-03	-1.310624e+01
3.434000e-05	-1.035509e-03	-1.290575e+01
3.435000e-05	-3.007347e-04	-1.279787e+01
3.436000e-05	4.557150e-03	-1.259685e+01
3.437000e-05	3.581597e-03	-1.240930e+01
3.438000e-05	-1.389568e-03	-1.222995e+01
3.439000e-05	-5.266868e-03	-1.201888e+01
3.440000e-05	-2.340575e-03	-1.176835e+01
3.441000e-05	1.616849e-03	-1.156424e+01
3.442000e-05	-1.054577e-03	-1.131316e+01
3.443000e-05	-3.261800e-03	-1.108158e+01
3.444000e-05	-3.298436e-03	-1.088204e+01
3.445000e-05	6.082469e-04	-1.067098e+01
3.446000e-05	-1.676134e-03	-1.045043e+01
3.447000e-05	-6.684231e-03	-1.016737e+01
3.448000e-05	-8.505249e-03	-9.967741e+00
3.449000e-05	-5.451624e-03	-9.725241e+00
3.450000e-05	-5.960182e-04	-9.534563e+00
3.451000e-05	-4.399169e-03	-9.220379e+00
3.452000e-05	-5.019689e-03	-8.968374e+00
3.453000e-05	-5.363359e-03	-8.747291e+00
3.454000e-05	-2.232019e-03	-8.503638e+00
3.455000e-05	-5.264049e-03	-8.250057e+00
3.456000e-05	-9.788505e-03	-7.998826e+00
3.457000e-05	-8.994825e-03	-7.704034e+00
3.458000e-05	-5.540609e-03	-7.440879e+00
3.459000e-05	-3.794108e-03	-7.146296e+00
3.460000e-05	-6.413396e-03	-6.861507e+00
3.461000e-05	-8.685449e-03	-6.599399e+00
3.462000e-05	-6.113531e-03	-6.364714e+00
3.463000e-05	-4.619324e-03	-6.030979e+00
3.464000e-05	-7.218125e-03	-5.757247e+00
3.465000e-05	-1.038102e-02	-5.473133e+00
3.466000e-05	-9.299256e-03	-5.126690e+00
3.467000e-05	-6.906219e-03	-4.850905e+00
3.468000e-05	-5.911108e-03	-4.544288e+00
3.469000e-05	-1.134205e-02	-4.303184e+00
3.470000e-05	-8.228514e-03	-4.010931e+00
3.471000e-05	-9.061880e-03	-3.664593e+00
3.472000e-05	-4.312545e-03	-3.441954e+00
3.473000e-05	-8.467825e-03	-3.105743e+00
3.474000e-05	-8.821032e-03	-2.779402e+00
3.475000e-05	-8.734649e-03	-2.536741e+00
3.476000e-05	-9.096818e-03	-2.272535e+00
3.477000e-05	-1.017326e-02	-1.955790e+00
3.478000e-05	-1.280875e-02	-1.662435e+00
3.479000e-05	-9.929892e-03	-1.314721e+00
3.480000e-05	-7.201813e-03	-1.020924e+00
3.481000e-05	-5.948684e-03	-6.862157e-01
3.482000e-05	-7.431030e-03	-4.209012e-01
3.483000e-05	-7.290860e-03	-1.062145e-01
3.484000e-05	1.658052e-03	1.776435e-01
3.485000e-05	3.391087e-03	4.627579e-01
3.486000e-05	-5.402336e-03	7.058384e-01
3.487000e-05	-1.861694e-03	1.009069e+00
3.488000e-05	-4.488656e-03	1.323887e+00
3.489000e-05	1.559842e-03	1.651103e+00
3.490000e-05	6.523090e-03	1.934811e+00
3.491000e-05	4.986533e-02	2.156820e+00
3.492000e-05	9.466465e-02	2.442910e+00
3.493000e-05	-5.351406e-02	2.841705e+00
3.494000e-05	-5.051977e-02	3.105343e+00
3.495000e-05	-3.989669e-02	3.411134e+00
3.496000e-05	-3.017218e-02	3.735862e+00
3.497000e-05	-8.398273e-02	3.954865e+00
3.498000e-05	6.955976e-02	4.158994e+00
3.499000e-05	5.621029e-02	4.544892e+00
3.500000e-05	-1.107980e-01	4.737420e+00
3.501000e-05	1.792558e-01	5.091333e+00
3.502000e-05	-1.230803e-01	5.430205e+00
3.503000e-05	2.910493e-02	5.681782e+00
3.504000e-05	-1.773758e-02	6.040001e+00
3.505000e-05	-3.200354e-02	6.241155e+00
3.506000e-05	7.674302e-02	6.525362e+00
3.507000e-05	-5.125624e-02	6.852101e+00
3.508000e-05	3.490986e-02	7.083260e+00
3.509000e-05	-5.854310e-02	7.448551e+00
3.510000e-05	2.559483e-02	7.693286e+00
3.511000e-05	-1.456560e-02	7.988068e+00
3.512000e-05	-1.418323e-02	8.261579e+00
3.513000e-05	4.836436e-02	8.504281e+00
3.514000e-05	-3.531877e-02	8.734837e+00
3.515000e-05	3.070432e-02	8.996495e+00
3.516000e-05	-3.008968e-02	9.269578e+00
3.517000e-05	-2.464850e-02	9.462130e+00
3.518000e-05	3.002217e-03	9.714334e+00
3.519000e-05	8.395881e-03	9.977467e+00
3.520000e-05	2.058100e-02	1.023703e+01
3.521000e-05	-2.355877e-02	1.047018e+01
3.522000e-05	9.844005e-03	1.067276e+01
3.523000e-05	-2.587048e-02	1.093473e+01
3.524000e-05	3.878005e-03	1.109281e+01
3.525000e-05	-1.730272e-02	1.136487e+01
3.526000e-05	-3.405402e-03	1.157585e+01
3.527000e-05	3.799138e-03	1.182797e+01
3.528000e-05	1.359352e-03	1.200907e+01
3.529000e-05	-7.687410e-03	1.223002e+01
3.530000e-05	-1.945777e-02	1.238899e+01
3.531000e-05	-6.511013e-03	1.262805e+01
3.532000e-05	-7.191450e-04	1.280695e+01
3.533000e-05	2.375642e-03	1.299839e+01
3.534000e-05	-1.180654e-02	1.314586e+01
3.535000e-05	-1.364998e-02	1.335339e+01
3.536000e-05	-9.856918e-03	1.350376e+01
3.537000e-05	-7.227630e-03	1.371011e+01
3.538000e-05	-1.198936e-02	1.384057e+01
3.539000e-05	-1.034849e-02	1.395699e+01
3.540000e-05	-4.290357e-03	1.418637e+01
3.541000e-05	-8.772415e-04	1.433476e+01
3.542000e-05	-1.365566e-02	1.444216e+01
3.543000e-05	-2.000306e-02	1.460647e+01
3.544000e-05	-1.952289e-02	1.475429e+01
3.545000e-05	-6.625484e-03	1.487806e+01
3.546000e-05	-7.520668e-03	1.499589e+01
3.547000e-05	-1.269042e-02	1.506113e+01
3.548000e-05	-1.606559e-02	1.516535e+01
3.549000e-05	-1.382299e-02	1.529308e+01
3.550000e-05	-1.175560e-02	1.541634e+01
3.551000e-05	-1.901528e-02	1.548915e+01
3.552000e-05	-1.924119e-02	1.554481e+01
3.553000e-05	-1.850419e-02	1.560752e+01
3.554000e-05	-1.097096e-02	1.567268e+01
3.555000e-05	-1.995819e-02	1.579684e+01
3.556000e-05	-2.551653e-02	1.581860e+01
3.557000e-05	-2.698148e-02	1.592216e+01
3.558000e-05	-2.080664e-02	1.594334e+01
3.559000e-05	-1.785615e-02	1.598592e+01
3.560000e-05	-2.554099e-02	1.603752e+01
3.561000e-05	-2.729141e-02	1.610150e+01
3.562000e-05	-2.824873e-02	1.607021e+01
3.563000e-05	-2.736913e-02	1.612361e+01
3.564000e-05	-3.567712e-02	1.609321e+01
3.565000e-05	-3.925941e-02	1.617476e+01
3.566000e-05	-3.895217e-02	1.613421e+01
3.567000e-05	-3.537857e-02	1.612374e+01
3.568000e-05	-4.044635e-02	1.614379e+01
3.569000e-05	-5.087447e-02	1.614268e+01
3.570000e-05	-5.802967e-02	1.608165e+01
3.571000e-05	-6.154429e-02	1.609260e+01
3.572000e-05	-6.822500e-02	1.603947e+01
3.573000e-05	-8.500821e-02	1.603795e+01
3.574000e-05	-1.046362e-01	1.596684e+01
3.575000e-05	-1.310407e-01	1.591271e+01
3.576000e-05	-1.725368e-01	1.589156e+01
3.577000e-05	-2.271461e-01	1.581842e+01
3.578000e-05	-2.499999e-01	1.575424e+01
3.579000e-05	-2.500000e-01	1.571915e+01
3.580000e-05	-2.500000e-01	1.557690e+01
3.581000e-05	-2.436372e-01	1.555324e+01
3.582000e-05	-2.002033e-01	1.542053e+01
3.583000e-05	-1.400206e-01	1.534324e+01
3.584000e-05	-9.925308e-02	1.523005e+01
3.585000e-05	-7.086149e-02	1.514328e+01
3.586000e-05	-5.586487e-02	1.505842e+01
3.587000e-05	-4.673003e-02	1.490358e+01
3.588000e-05	-3.672635e-02	1.478590e+01
3.589000e-05	-3.031465e-02	1.467048e+01
3.590000e-05	-2.532055e-02	1.454381e+01
3.591000e-05	-2.799997e-02	1.442939e+01
3.592000e-05	-2.358535e-02	1.423190e+01
3.593000e-05	-1.935799e-02	1.410211e+01
3.594000e-05	-1.448271e-02	1.397576e+01
3.595000e-05	-1.676442e-02	1.376622e+01
3.596000e-05	-1.682953e-02	1.364842e+01
3.597000e-05	-1.453312e-02	1.345245e+01
3.598000e-05	-1.282699e-02	1.327298e+01
3.599000e-05	-1.329695e-02	1.307208e+01
3.600000e-05	-1.583882e-02	1.291414e+01
3.601000e-05	-1.376247e-02	1.273624e+01
3.602000e-05	-1.087525e-02	1.256681e+01
3.603000e-05	-8.579238e-03	1.238619e+01
3.604000e-05	-1.211599e-02	1.216745e+01
3.605000e-05	-1.286901e-02	1.197672e+01
3.606000e-05	-1.072447e-02	1.175424e+01
3.607000e-05	-7.647523e-03	1.154519e+01
3.608000e-05	-9.023982e-03	1.132509e+01
3.609000e-05	-1.049695e-02	1.106263e+01
3.610000e-05	-9.878190e-03	1.086201e+01
3.611000e-05	-7.887460e-03	1.068050e+01
3.612000e-05	-7.408915e-03	1.040889e+01
3.613000e-05	-9.117203e-03	1.019934e+01
3.614000e-05	-9.407090e-03	9.974760e+00
3.615000e-05	-6.643167e-03	9.675008e+00
3.616000e-05	-6.053050e-03	9.439503e+00
3.617000e-05	-7.549525e-03	9.240846e+00
3.618000e-05	-1.003662e-02	8.987167e+00
3.619000e-05	-7.927112e-03	8.674662e+00
3.620000e-05	-5.500234e-03	8.473010e+00
3.621000e-05	-5.599014e-03	8.229450e+00
3.622000e-05	-7.398784e-03	7.916713e+00
3.623000e-05	-7.532731e-03	7.693605e+00
3.624000e-05	-6.324700e-03	7.448896e+00
3.625000e-05	-5.214756e-03	7.094581e+00
3.626000e-05	-7.653088e-03	6.849958e+00
3.627000e-05	-7.562777e-03	6.568664e+00
3.628000e-05	-5.824369e-03	6.282708e+00
3.629000e-05	-5.374574e-03	6.061925e+00
3.630000e-05	-5.921252e-03	5.745165e+00
3.631000e-05	-7.493116e-03	5.462979e+00
3.632000e-05	-7.559633e-03	5.165815e+00
3.633000e-05	-4.998577e-03	4.778371e+00
3.634000e-05	-5.378460e-03	4.546162e+00
3.635000e-05	-6.732118e-03	4.272530e+00
3.636000e-05	-6.846055e-03	3.946737e+00
3.637000e-05	-5.994006e-03	3.691031e+00
3.638000e-05	-5.159912e-03	3.450270e+00
3.639000e-05	-5.418908e-03	3.082104e+00
3.640000e-05	-6.678024e-03	2.780447e+00
3.641000e-05	-6.252951e-03	2.492560e+00
3.642000e-05	-4.979366e-03	2.169321e+00
3.643000e-05	-5.877924e-03	1.934086e+00
3.644000e-05	-6.562884e-03	1.609397e+00
3.645000e-05	-6.184098e-03	1.263087e+00
3.646000e-05	-4.988311e-03	9.267431e-01
3.647000e-05	-4.361330e-03	6.225553e-01
3.648000e-05	-4.849877e-03	3.783434e-01
3.649000e-05	-4.414250e-03	2.052875e-02
3.650000e-05	2.933317e-03	-2.317065e-01
3.651000e-05	7.151008e-03	-4.648394e-01
3.652000e-05	-1.874083e-03	-7.901314e-01
3.653000e-05	1.300267e-03	-1.063758e+00
3.654000e-05	-3.199197e-03	-1.387576e+00
3.655000e-05	2.244371e-03	-1.682680e+00
3.656000e-05	2.118227e-02	-1.914914e+00
3.657000e-05	1.124193e-01	-2.188075e+00
3.658000e-05	1.669396e-02	-2.537046e+00
3.659000e-05	-6.910515e-02	-3.011698e+00
3.660000e-05	-2.057783e-02	-3.365843e+00
3.661000e-05	-4.721517e-02	-3.537447e+00
3.662000e-05	-7.667388e-02	-3.778525e+00
3.663000e-05	9.867323e-02	-3.956524e+00
3.664000e-05	2.370505e-02	-4.219156e+00
3.665000e-05	-8.641092e-02	-4.565995e+00
3.666000e-05	1.847313e-01	-4.790475e+00
3.667000e-05	-1.714735e-01	-5.115417e+00
3.668000e-05	1.261448e-01	-5.453660e+00
3.669000e-05	-7.570065e-02	-5.694418e+00
3.670000e-05	-3.414103e-02	-6.081683e+00
3.671000e-05	1.346268e-01	-6.271185e+00
3.672000e-05	-1.173452e-01	-6.618579e+00
3.673000e-05	1.456825e-01	-6.863309e+00
3.674000e-05	-1.294234e-01	-7.127495e+00
3.675000e-05	5.477914e-02	-7.502682e+00
3.676000e-05	5.799295e-03	-7.723941e+00
3.677000e-05	-4.433770e-02	-8.021103e+00
3.678000e-05	1.138980e-01	-8.232133e+00
3.679000e-05	-1.137631e-01	-8.525471e+00
3.680000e-05	1.276353e-01	-8.821632e+00
3.681000e-05	-8.350421e-02	-9.062187e+00
3.682000e-05	1.793321e-02	-9.354291e+00
3.683000e-05	-1.797973e-02	-9.516340e+00
3.684000e-05	-6.230630e-05	-9.777495e+00
3.685000e-05	7.831904e-02	-1.002750e+01
3.686000e-05	-5.320377e-02	-1.028116e+01
3.687000e-05	5.991575e-02	-1.052324e+01
3.688000e-05	-7.929040e-02	-1.069429e+01
3.689000e-05	6.982179e-02	-1.098587e+01
3.690000e-05	-4.442983e-02	-1.115792e+01
3.691000e-05	3.592941e-02	-1.140953e+01
3.692000e-05	-1.679866e-02	-1.160958e+01
3.693000e-05	2.580123e-02	-1.184373e+01
3.694000e-05	1.010415e-02	-1.205121e+01
3.695000e-05	-1.350534e-02	-1.225168e+01
3.696000e-05	4.685958e-03	-1.248118e+01
3.697000e-05	-6.292042e-03	-1.266021e+01
3.698000e-05	4.142741e-02	-1.287060e+01
3.699000e-05	-9.505621e-03	-1.303108e+01
3.700000e-05	1.185435e-02	-1.318750e+01
3.701000e-05	-2.049174e-02	-1.340747e+01
3.702000e-05	2.322873e-02	-1.351639e+01
3.703000e-05	-3.117077e-03	-1.367279e+01
3.704000e-05	1.597663e-02	-1.392166e+01
3.705000e-05	-3.078648e-03	-1.406908e+01
3.706000e-05	2.235294e-02	-1.419850e+01
3.707000e-05	8.661825e-03	-1.430429e+01
3.708000e-05	3.403946e-03	-1.450374e+01
3.709000e-05	-9.829277e-03	-1.466898e+01
3.710000e-05	7.016506e-03	-1.474537e+01
3.711000e-05	2.043958e-02	-1.488163e+01
3.712000e-05	1.533850e-02	-1.499840e+01
3.713000e-05	7.478199e-03	-1.510274e+01
3.714000e-05	-5.292996e-04	-1.519745e+01
3.715000e-05	1.740023e-02	-1.531269e+01
3.716000e-05	1.065029e-02	-1.539695e+01
3.717000e-05	1.201739e-02	-1.548216e+01
3.718000e-05	3.787744e-03	-1.556489e+01
3.719000e-05	1.907192e-02	-1.566106e+01
3.720000e-05	1.847991e-02	-1.574372e+01
3.721000e-05	1.322064e-02	-1.582555e+01
3.722000e-05	4.067941e-03	-1.586111e+01
3.723000e-05	1.232422e-02	-1.589373e+01
3.724000e-05	2.519611e-02	-1.596537e+01
3.725000e-05	2.482371e-02	-1.602795e+01
3.726000e-05	1.791223e-02	-1.604058e+01
3.727000e-05	1.420500e-02	-1.607216e+01
3.728000e-05	2.347149e-02	-1.608214e+01
3.729000e-05	2.622707e-02	-1.613419e+01
3.730000e-05	2.215789e-02	-1.616475e+01
3.731000e-05	2.229056e-02	-1.615529e+01
3.732000e-05	3.218750e-02	-1.617629e+01
3.733000e-05	4.219023e-02	-1.614677e+01
3.734000e-05	3.900916e-02	-1.615689e+01
3.735000e-05	3.495665e-02	-1.613522e+01
3.736000e-05	4.147314e-02	-1.613421e+01
3.737000e-05	5.667399e-02	-1.610124e+01
3.738000e-05	6.833989e-02	-1.607008e+01
3.739000e-05	7.513774e-02	-1.602748e+01
3.740000e-05	9.045442e-02	-1.594485e+01
3.741000e-05	1.240674e-01	-1.590417e+01
3.742000e-05	1.708480e-01	-1.583161e+01
3.743000e-05	2.226282e-01	-1.581994e+01
3.744000e-05	2.485983e-01	-1.577477e+01
3.745000e-05	2.500000e-01	-1.567358e+01
3.746000e-05	2.500000e-01	-1.560842e+01
3.747000e-05	2.423184e-01	-1.550319e+01
3.748000e-05	1.890998e-01	-1.544740e+01
3.749000e-05	1.255331e-01	-1.528363e+01
3.750000e-05	9.170289e-02	-1.522703e+01
3.751000e-05	6.971551e-02	-1.510421e+01
3.752000e-05	4.732152e-02	-1.503940e+01
3.753000e-05	3.167316e-02	-1.494224e+01
3.754000e-05	2.780277e-02	-1.480880e+01
3.755000e-05	2.602557e-02	-1.467051e+01
3.756000e-05	1.920111e-02	-1.452474e+01
3.757000e-05	9.731215e-03	-1.440740e+01
3.758000e-05	8.564498e-03	-1.424153e+01
3.759000e-05	1.278888e-02	-1.410161e+01
3.760000e-05	1.255876e-02	-1.393576e+01
3.761000e-05	5.924458e-03	-1.380682e+01
3.762000e-05	1.721652e-03	-1.359695e+01
3.763000e-05	4.616918e-03	-1.344891e+01
3.764000e-05	6.938183e-03	-1.327263e+01
3.765000e-05	3.591674e-03	-1.310264e+01
3.766000e-05	-1.584320e-03	-1.292467e+01
3.767000e-05	6.028717e-04	-1.275629e+01
3.768000e-05	4.325830e-03	-1.256732e+01
3.769000e-05	2.350652e-03	-1.237774e+01
3.770000e-05	-3.098701e-03	-1.214837e+01
3.771000e-05	-3.600343e-03	-1.196637e+01
3.772000e-05	-2.150111e-04	-1.172674e+01
3.773000e-05	1.920174e-03	-1.152266e+01
3.774000e-05	-1.974508e-03	-1.127058e+01
3.775000e-05	-4.731285e-03	-1.104000e+01
3.776000e-05	-3.712180e-03	-1.084000e+01
3.777000e-05	-3.208017e-04	-1.065143e+01
3.778000e-05	-2.732481e-03	-1.039932e+01
3.779000e-05	-6.502209e-03	-1.015427e+01
3.780000e-05	-5.784225e-03	-9.924661e+00
3.781000e-05	-2.701281e-03	-9.684663e+00
3.782000e-05	-2.091179e-03	-9.462454e+00
3.783000e-05	-7.070459e-03	-9.197845e+00
3.784000e-05	-7.673899e-03	-8.969292e+00
3.785000e-05	-4.796840e-03	-8.745635e+00
3.786000e-05	-2.572381e-03	-8.460983e+00
3.787000e-05	-5.594228e-03	-8.218926e+00
3.788000e-05	-8.478715e-03	-7.956767e+00
3.789000e-05	-7.197458e-03	-7.641928e+00
3.790000e-05	-4.486049e-03	-7.347770e+00
3.791000e-05	-5.864948e-03	-7.103611e+00
3.792000e-05	-7.735112e-03	-6.778399e+00
3.793000e-05	-9.599149e-03	-6.556718e+00
3.794000e-05	-4.784531e-03	-6.284087e+00
3.795000e-05	-5.492562e-03	-6.009850e+00
3.796000e-05	-7.471487e-03	-5.754161e+00
3.797000e-05	-1.115444e-02	-5.438401e+00
3.798000e-05	-7.481114e-03	-5.114660e+00
3.799000e-05	-5.780794e-03	-4.808799e+00
3.800000e-05	-6.298074e-03	-4.463112e+00
3.801000e-05	-1.035282e-02	-4.272008e+00
3.802000e-05	-1.008156e-02	-3.958345e+00
3.803000e-05	-8.746176e-03	-3.633431e+00
3.804000e-05	-7.265872e-03	-3.378870e+00
3.805000e-05	-9.675583e-03	-3.113109e+00
3.806000e-05	-9.242076e-03	-2.758372e+00
3.807000e-05	-7.521752e-03	-2.483567e+00
3.808000e-05	-6.115347e-03	-2.207850e+00
3.809000e-05	-8.220203e-03	-1.915212e+00
3.810000e-05	-1.183794e-02	-1.581953e+00
3.811000e-05	-1.030992e-02	-1.283085e+00
3.812000e-05	-8.157862e-03	-9.378234e-01
3.813000e-05	-7.482252e-03	-6.440018e-01
3.814000e-05	-8.438388e-03	-3.673197e-01
3.815000e-05	-7.104117e-03	-6.411034e-02
3.816000e-05	4.339917e-03	1.996305e-01
3.817000e-05	2.354467e-03	5.054094e-01
3.818000e-05	-2.041913e-03	7.964185e-01
3.819000e-05	-3.241105e-03	1.093284e+00
3.820000e-05	-3.570570e-03	1.388966e+00
3.821000e-05	1.368574e-05	1.724312e+00
3.822000e-05	1.110288e-02	1.926442e+00
3.823000e-05	6.206963e-02	2.209151e+00
3.824000e-05	7.950868e-02	2.586418e+00
3.825000e-05	-7.092089e-02	2.895262e+00
3.826000e-05	-3.968243e-02	3.167020e+00
3.827000e-05	-4.044999e-02	3.473311e+00
3.828000e-05	-3.547772e-02	3.767495e+00
3.829000e-05	-7.789802e-02	3.947442e+00
3.830000e-05	1.067578e-01	4.241626e+00
3.831000e-05	-5.045577e-03	4.618116e+00
3.832000e-05	-5.623709e-02	4.838575e+00
3.833000e-05	1.546788e-01	5.147471e+00
3.834000e-05	-1.449990e-01	5.470158e+00
3.835000e-05	6.570724e-02	5.705888e+00
3.836000e-05	-5.575701e-02	6.052706e+00
3.837000e-05	1.221535e-02	6.295233e+00
3.838000e-05	4.857133e-02	6.588600e+00
3.839000e-05	-4.200910e-02	6.901709e+00
3.840000e-05	2.966475e-02	7.187345e+00
3.841000e-05	-6.385872e-02	7.432179e+00
3.842000e-05	4.077955e-02	7.746390e+00
3.843000e-05	-3.786728e-02	8.039599e+00
3.844000e-05	1.342251e-02	8.283307e+00
3.845000e-05	3.024498e-02	8.526891e+00
3.846000e-05	-3.117574e-02	8.796990e+00
3.847000e-05	3.452305e-02	9.050102e+00
3.848000e-05	-4.550950e-02	9.303206e+00
3.849000e-05	-6.449244e-03	9.502334e+00
3.850000e-05	-7.426907e-03	9.755967e+00
3.851000e-05	2.273256e-02	1.000765e+01
3.852000e-05	2.491135e-03	1.025010e+01
3.853000e-05	-1.442087e-02	1.056231e+01
3.854000e-05	2.406546e-03	1.070571e+01
3.855000e-05	-2.255403e-02	1.094581e+01
3.856000e-05	5.877650e-03	1.112489e+01
3.857000e-05	-1.939597e-02	1.139797e+01
3.858000e-05	4.613518e-03	1.157855e+01
3.859000e-05	-2.843155e-03	1.185060e+01
3.860000e-05	4.512128e-03	1.208216e+01
3.861000e-05	-1.685416e-02	1.226211e+01
3.862000e-05	-1.246649e-02	1.247958e+01
3.863000e-05	-9.020915e-03	1.265065e+01
3.864000e-05	3.973323e-03	1.283697e+01
3.865000e-05	-1.420335e-03	1.301008e+01
3.866000e-05	-1.222520e-02	1.317639e+01
3.867000e-05	-1.384061e-02	1.336444e+01
3.868000e-05	-1.035458e-02	1.355429e+01
3.869000e-05	-6.501236e-03	1.373328e+01
3.870000e-05	-1.365214e-02	1.388160e+01
3.871000e-05	-6.425491e-03	1.404810e+01
3.872000e-05	-5.636784e-03	1.421949e+01
3.873000e-05	-8.901035e-04	1.435536e+01
3.874000e-05	-1.771057e-02	1.450121e+01
3.875000e-05	-1.913551e-02	1.461002e+01
3.876000e-05	-1.847905e-02	1.477546e+01
3.877000e-05	-4.940850e-03	1.487018e+01
3.878000e-05	-8.543773e-03	1.500692e+01
3.879000e-05	-1.382147e-02	1.510060e+01
3.880000e-05	-1.445566e-02	1.518539e+01
3.881000e-05	-1.506999e-02	1.528066e+01
3.882000e-05	-1.234747e-02	1.540594e+01
3.883000e-05	-2.070365e-02	1.546213e+01
3.884000e-05	-1.809947e-02	1.559542e+01
3.885000e-05	-1.752695e-02	1.561905e+01
3.886000e-05	-1.167032e-02	1.573181e+01
3.887000e-05	-2.110543e-02	1.576744e+01
3.888000e-05	-2.625399e-02	1.585005e+01
3.889000e-05	-2.502200e-02	1.594226e+01
3.890000e-05	-2.014827e-02	1.597534e+01
3.891000e-05	-1.819305e-02	1.599849e+01
3.892000e-05	-2.666495e-02	1.605945e+01
3.893000e-05	-2.770311e-02	1.608963e+01
3.894000e-05	-2.886821e-02	1.612311e+01
3.895000e-05	-2.871248e-02	1.612313e+01
3.896000e-05	-3.637717e-02	1.615434e+01
3.897000e-05	-3.890186e-02	1.615473e+01
3.898000e-05	-3.725432e-02	1.614429e+01
3.899000e-05	-3.655266e-02	1.612316e+01
3.900000e-05	-4.185007e-02	1.617519e+01
3.901000e-05	-5.410380e-02	1.610314e+01
3.902000e-05	-5.857874e-02	1.609361e+01
3.903000e-05	-6.295738e-02	1.609008e+01
3.904000e-05	-7.001908e-02	1.608000e+01
3.905000e-05	-8.762128e-02	1.602732e+01
3.906000e-05	-1.076064e-01	1.597626e+01
3.907000e-05	-1.368844e-01	1.594123e+01
3.908000e-05	-1.829473e-01	1.588101e+01
3.909000e-05	-2.332969e-01	1.580889e+01
3.910000e-05	-2.500000e-01	1.573473e+01
3.911000e-05	-2.500000e-01	1.568103e+01
3.912000e-05	-2.500000e-01	1.559692e+01
3.913000e-05	-2.374183e-01	1.551269e+01
3.914000e-05	-1.886519e-01	1.543039e+01
3.915000e-05	-1.312819e-01	1.531311e+01
3.916000e-05	-9.373242e-02	1.522840e+01
3.917000e-05	-6.829432e-02	1.514268e+01
3.918000e-05	-5.389157e-02	1.496689e+01
3.919000e-05	-4.482628e-02	1.487811e+01
3.920000e-05	-3.483261e-02	1.476680e+01
3.921000e-05	-2.893776e-02	1.465853e+01
3.922000e-05	-2.623471e-02	1.450414e+01
3.923000e-05	-2.651229e-02	1.438732e+01
3.924000e-05	-2.316800e-02	1.422040e+01
3.925000e-05	-1.785440e-02	1.407161e+01
3.926000e-05	-1.618303e-02	1.391318e+01
3.927000e-05	-1.655371e-02	1.376329e+01
3.928000e-05	-1.793827e-02	1.356629e+01
3.929000e-05	-1.396412e-02	1.343739e+01
3.930000e-05	-1.295408e-02	1.325900e+01
3.931000e-05	-1.305448e-02	1.305053e+01
3.932000e-05	-1.458209e-02	1.290258e+01
3.933000e-05	-1.245612e-02	1.270368e+01
3.934000e-05	-1.029227e-02	1.254466e+01
3.935000e-05	-9.347072e-03	1.237571e+01
3.936000e-05	-1.214003e-02	1.217566e+01
3.937000e-05	-1.214928e-02	1.192619e+01
3.938000e-05	-9.981704e-03	1.171313e+01
3.939000e-05	-1.044080e-02	1.151258e+01
3.940000e-05	-7.752424e-03	1.125960e+01
3.941000e-05	-1.218536e-02	1.108862e+01
3.942000e-05	-6.851306e-03	1.082993e+01
3.943000e-05	-6.534708e-03	1.058842e+01
3.944000e-05	-7.752056e-03	1.037626e+01
3.945000e-05	-7.335101e-03	1.013519e+01
3.946000e-05	-1.125742e-02	9.893057e+00
3.947000e-05	-7.669809e-03	9.601406e+00
3.948000e-05	-1.004251e-02	9.408848e+00
3.949000e-05	-7.415235e-03	9.197740e+00
3.950000e-05	-7.273608e-03	8.902616e+00
3.951000e-05	-5.376839e-03	8.690608e+00
3.952000e-05	-4.315686e-03	8.430428e+00
3.953000e-05	-5.800850e-03	8.156316e+00
3.954000e-05	-7.565288e-03	7.903158e+00
3.955000e-05	-9.116520e-03	7.649924e+00
3.956000e-05	-7.244567e-03	7.314690e+00
3.957000e-05	-6.885042e-03	7.072455e+00
3.958000e-05	-6.777209e-03	6.798847e+00
3.959000e-05	-7.470357e-03	6.525108e+00
3.960000e-05	-5.434669e-03	6.262005e+00
3.961000e-05	-4.699133e-03	6.018374e+00
3.962000e-05	-4.996771e-03	5.671557e+00
3.963000e-05	-6.836204e-03	5.409424e+00
3.964000e-05	-6.992551e-03	5.093132e+00
3.965000e-05	-5.543253e-03	4.776290e+00
3.966000e-05	-6.789960e-03	4.473058e+00
3.967000e-05	-6.860047e-03	4.238822e+00
3.968000e-05	-7.649799e-03	3.894084e+00
3.969000e-05	-4.882924e-03	3.619923e+00
3.970000e-05	-4.994240e-03	3.324612e+00
3.971000e-05	-5.107504e-03	3.029921e+00
3.972000e-05	-5.754761e-03	2.766766e+00
3.973000e-05	-5.870281e-03	2.400950e+00
3.974000e-05	-5.459157e-03	2.156313e+00
3.975000e-05	-6.774001e-03	1.873104e+00
3.976000e-05	-6.910315e-03	1.536216e+00
3.977000e-05	-6.596872e-03	1.250478e+00
3.978000e-05	-5.061655e-03	8.946104e-01
3.979000e-05	-4.598915e-03	5.899750e-01
3.980000e-05	-3.769595e-03	2.861582e-01
3.981000e-05	-2.199320e-03	-1.601379e-03
3.982000e-05	6.388725e-03	-2.838130e-01
3.983000e-05	4.756441e-03	-5.369926e-01
3.984000e-05	-1.613592e-03	-8.226317e-01
3.985000e-05	-5.727200e-04	-1.126441e+00
3.986000e-05	-1.452532e-03	-1.451257e+00
3.987000e-05	1.981660e-03	-1.723816e+00
3.988000e-05	3.205052e-02	-1.916866e+00
3.989000e-05	1.219525e-01	-2.209204e+00
3.990000e-05	-2.161802e-02	-2.659258e+00
3.991000e-05	-5.107269e-02	-3.073863e+00
3.992000e-05	-2.935724e-02	-3.346525e+00
3.993000e-05	-4.660474e-02	-3.558978e+00
3.994000e-05	-7.570940e-02	-3.829599e+00
3.995000e-05	1.412957e-01	-4.050603e+00
3.996000e-05	-5.135811e-02	-4.242711e+00
3.997000e-05	-1.303078e-02	-4.620525e+00
3.998000e-05	1.288306e-01	-4.830680e+00
3.999000e-05	-1.671094e-01	-5.230155e+00
4.000000e-05	1.612042e-01	-5.486314e+00
4.001000e-05	-1.382049e-01	-5.778600e+00
4.002000e-05	3.929108e-02	-6.092841e+00
4.003000e-05	7.162164e-02	-6.295346e+00
4.004000e-05	-8.187867e-02	-6.643208e+00
4.005000e-05	1.322485e-01	-6.954366e+00
4.006000e-05	-1.549506e-01	-7.190154e+00
4.007000e-05	1.047974e-01	-7.546341e+00
4.008000e-05	-5.241690e-02	-7.788974e+00
4.009000e-05	1.393176e-02	-8.103287e+00
4.010000e-05	6.610249e-02	-8.283242e+00
4.011000e-05	-8.881445e-02	-8.597498e+00
4.012000e-05	1.311460e-01	-8.811708e+00
4.013000e-05	-1.126634e-01	-9.104241e+00
4.014000e-05	5.686361e-02	-9.374945e+00
4.015000e-05	-5.679886e-02	-9.546921e+00
4.016000e-05	4.948981e-02	-9.830105e+00
4.017000e-05	3.480674e-02	-1.003066e+01
4.018000e-05	-2.483340e-02	-1.030369e+01
4.019000e-05	3.660797e-02	-1.057589e+01
4.020000e-05	-6.376379e-02	-1.081695e+01
4.021000e-05	7.046220e-02	-1.100705e+01
4.022000e-05	-5.266645e-02	-1.119858e+01
4.023000e-05	5.050443e-02	-1.142113e+01
4.024000e-05	-3.236796e-02	-1.167118e+01
4.025000e-05	4.447500e-02	-1.186421e+01
4.026000e-05	-1.018901e-02	-1.214526e+01
4.027000e-05	1.754721e-04	-1.227431e+01
4.028000e-05	-7.920292e-03	-1.249374e+01
4.029000e-05	9.780436e-03	-1.266421e+01
4.030000e-05	3.279704e-02	-1.288168e+01
4.031000e-05	-5.162031e-03	-1.308210e+01
4.032000e-05	6.259043e-03	-1.324910e+01
4.033000e-05	-1.622254e-02	-1.340995e+01
4.034000e-05	2.417701e-02	-1.355489e+01
4.035000e-05	-4.366392e-03	-1.371737e+01
4.036000e-05	1.737439e-02	-1.390371e+01
4.037000e-05	-5.783172e-03	-1.410921e+01
4.038000e-05	2.716346e-02	-1.422901e+01
4.039000e-05	4.753555e-03	-1.437690e+01
4.040000e-05	5.204671e-03	-1.451521e+01
4.041000e-05	-9.622377e-03	-1.459953e+01
4.042000e-05	1.172499e-02	-1.476790e+01
4.043000e-05	2.057105e-02	-1.492168e+01
4.044000e-05	1.307017e-02	-1.500857e+01
4.045000e-05	3.034321e-03	-1.510216e+01
4.046000e-05	-1.839964e-04	-1.522803e+01
4.047000e-05	1.807409e-02	-1.533429e+01
4.048000e-05	1.322704e-02	-1.538795e+01
4.049000e-05	1.194136e-02	-1.554164e+01
4.050000e-05	6.574469e-03	-1.560745e+01
4.051000e-05	2.025899e-02	-1.568163e+01
4.052000e-05	1.683939e-02	-1.575627e+01
4.053000e-05	9.681087e-03	-1.582842e+01
4.054000e-05	1.379807e-03	-1.589156e+01
4.055000e-05	1.495356e-02	-1.590326e+01
4.056000e-05	2.684815e-02	-1.595687e+01
4.057000e-05	2.523537e-02	-1.600903e+01
4.058000e-05	1.709933e-02	-1.607913e+01
4.059000e-05	1.524295e-02	-1.613058e+01
4.060000e-05	2.390550e-02	-1.614366e+01
4.061000e-05	2.572698e-02	-1.610622e+01
4.062000e-05	2.196689e-02	-1.614727e+01
4.063000e-05	2.264419e-02	-1.619480e+01
4.064000e-05	3.310403e-02	-1.618582e+01
4.065000e-05	4.234345e-02	-1.617627e+01
4.066000e-05	3.873438e-02	-1.613627e+01
4.067000e-05	3.538934e-02	-1.611429e+01
4.068000e-05	4.390506e-02	-1.611224e+01
4.069000e-05	6.019182e-02	-1.610216e+01
4.070000e-05	7.017920e-02	-1.607950e+01
4.071000e-05	7.600986e-02	-1.599703e+01
4.072000e-05	9.512763e-02	-1.598684e+01
4.073000e-05	1.304756e-01	-1.589271e+01
4.074000e-05	1.807734e-01	-1.590108e+01
4.075000e-05	2.283867e-01	-1.580795e+01
4.076000e-05	2.499999e-01	-1.576374e+01
4.077000e-05	2.500000e-01	-1.567113e+01
4.078000e-05	2.500000e-01	-1.557590e+01
4.079000e-05	2.359472e-01	-1.550119e+01
4.080000e-05	1.748869e-01	-1.538740e+01
4.081000e-05	1.167998e-01	-1.530464e+01
4.082000e-05	8.730201e-02	-1.521750e+01
4.083000e-05	6.550441e-02	-1.511371e+01
4.084000e-05	4.419630e-02	-1.499940e+01
4.085000e-05	3.117941e-02	-1.491111e+01
4.086000e-05	2.748109e-02	-1.477732e+01
4.087000e-05	2.583128e-02	-1.467106e+01
4.088000e-05	1.711763e-02	-1.450321e+01
4.089000e-05	9.044383e-03	-1.436639e+01
4.090000e-05	8.954134e-03	-1.422990e+01
4.091000e-05	1.286295e-02	-1.410008e+01
4.092000e-05	1.111101e-02	-1.393467e+01
4.093000e-05	4.404596e-03	-1.373519e+01
4.094000e-05	1.950956e-03	-1.358589e+01
4.095000e-05	5.217958e-03	-1.341898e+01
4.096000e-05	7.330632e-03	-1.323198e+01
4.097000e-05	2.653063e-03	-1.309219e+01
4.098000e-05	-1.658601e-03	-1.288308e+01
4.099000e-05	6.124279e-04	-1.274224e+01
4.100000e-05	3.487560e-03	-1.254679e+01
4.101000e-05	3.432362e-04	-1.231526e+01
4.102000e-05	-3.520976e-03	-1.213574e+01
4.103000e-05	-3.329909e-03	-1.191442e+01
4.104000e-05	1.338949e-03	-1.171469e+01
4.105000e-05	2.868519e-03	-1.148253e+01
4.106000e-05	-2.497772e-03	-1.126055e+01
4.107000e-05	-5.193398e-03	-1.100732e+01
4.108000e-05	-3.431107e-03	-1.082990e+01
4.109000e-05	-1.089887e-03	-1.058887e+01
4.110000e-05	-3.263636e-03	-1.036629e+01
4.111000e-05	-6.557040e-03	-1.009461e+01
4.112000e-05	-5.516670e-03	-9.852509e+00
4.113000e-05	-1.987440e-03	-9.662106e+00
4.114000e-05	-2.713673e-03	-9.417900e+00
4.115000e-05	-6.364293e-03	-9.135241e+00
4.116000e-05	-6.995479e-03	-8.905293e+00
4.117000e-05	-4.080326e-03	-8.653657e+00
4.118000e-05	-3.072995e-03	-8.396323e+00
4.119000e-05	-6.905234e-03	-8.159320e+00
4.120000e-05	-8.196031e-03	-7.892183e+00
4.121000e-05	-8.130152e-03	-7.587348e+00
4.122000e-05	-4.366048e-03	-7.315720e+00
4.123000e-05	-6.576527e-03	-7.011507e+00
4.124000e-05	-7.482738e-03	-6.797295e+00
4.125000e-05	-9.592683e-03	-6.496211e+00
4.126000e-05	-4.679667e-03	-6.191954e+00
4.127000e-05	-5.788681e-03	-5.948287e+00
4.128000e-05	-9.110735e-03	-5.682034e+00
4.129000e-05	-1.083556e-02	-5.366271e+00
4.130000e-05	-7.156397e-03	-5.041582e+00
4.131000e-05	-6.048194e-03	-4.724092e+00
4.132000e-05	-6.319475e-03	-4.460485e+00
4.133000e-05	-1.021156e-02	-4.200371e+00
4.134000e-05	-9.621242e-03	-3.924708e+00
4.135000e-05	-7.763368e-03	-3.568405e+00
4.136000e-05	-7.442899e-03	-3.375790e+00
4.137000e-05	-9.687428e-03	-3.029908e+00
4.138000e-05	-8.912640e-03	-2.735716e+00
4.139000e-05	-7.762126e-03	-2.441459e+00
4.140000e-05	-6.605295e-03	-2.156691e+00
4.141000e-05	-9.123903e-03	-1.822553e+00
4.142000e-05	-1.173976e-02	-1.558346e+00
4.143000e-05	-9.538451e-03	-1.200875e+00
4.144000e-05	-7.924251e-03	-9.251407e-01
4.145000e-05	-7.567402e-03	-5.905013e-01
4.146000e-05	-8.039520e-03	-2.946132e-01
4.147000e-05	-5.477506e-03	-3.102889e-02
4.148000e-05	6.639465e-03	2.947595e-01
4.149000e-05	-1.046976e-03	5.554159e-01
4.150000e-05	-3.649097e-05	8.099776e-01
4.151000e-05	-4.699670e-03	1.146842e+00
4.152000e-05	-1.044997e-03	1.420676e+00
4.153000e-05	-6.676761e-04	1.755387e+00
4.154000e-05	1.749975e-02	1.989972e+00
4.155000e-05	7.552698e-02	2.282653e+00
4.156000e-05	5.578859e-02	2.629525e+00
4.157000e-05	-7.940564e-02	3.006045e+00
4.158000e-05	-3.342566e-02	3.221204e+00
4.159000e-05	-3.795828e-02	3.556022e+00
4.160000e-05	-4.628230e-02	3.829624e+00
4.161000e-05	-6.211561e-02	4.019575e+00
4.162000e-05	1.305882e-01	4.294285e+00
4.163000e-05	-6.485686e-02	4.650521e+00
4.164000e-05	1.318016e-02	4.860754e+00
4.165000e-05	1.034439e-01	5.241529e+00
4.166000e-05	-1.371899e-01	5.515284e+00
4.167000e-05	8.226981e-02	5.788521e+00
4.168000e-05	-8.383282e-02	6.123337e+00
4.169000e-05	5.149433e-02	6.345889e+00
4.170000e-05	1.473004e-02	6.640628e+00
4.171000e-05	-2.320442e-02	6.955291e+00
4.172000e-05	1.532619e-02	7.229525e+00
4.173000e-05	-5.628153e-02	7.485311e+00
4.174000e-05	4.666097e-02	7.797569e+00
4.175000e-05	-5.320958e-02	8.091712e+00
4.176000e-05	3.671527e-02	8.355341e+00
4.177000e-05	9.221833e-03	8.587443e+00
4.178000e-05	-2.011053e-02	8.838548e+00
4.179000e-05	2.988269e-02	9.064156e+00
4.180000e-05	-5.390801e-02	9.365243e+00
4.181000e-05	7.325547e-03	9.554418e+00
4.182000e-05	-1.531994e-02	9.830574e+00
4.183000e-05	3.433975e-02	1.005166e+01
4.184000e-05	-1.361103e-02	1.025271e+01
4.185000e-05	-2.908531e-03	1.058436e+01
4.186000e-05	-7.242710e-03	1.070644e+01
4.187000e-05	-1.655097e-02	1.099849e+01
4.188000e-05	3.983291e-03	1.121797e+01
4.189000e-05	-2.041892e-02	1.145818e+01
4.190000e-05	8.091477e-03	1.165060e+01
4.191000e-05	-7.481144e-03	1.187225e+01
4.192000e-05	7.366409e-03	1.209276e+01
4.193000e-05	-2.288151e-02	1.227918e+01
4.194000e-05	-6.443606e-03	1.247266e+01
4.195000e-05	-1.030943e-02	1.268171e+01
4.196000e-05	6.893484e-03	1.289213e+01
4.197000e-05	-5.017381e-03	1.304068e+01
4.198000e-05	-1.300204e-02	1.322855e+01
4.199000e-05	-1.222811e-02	1.338589e+01
4.200000e-05	-1.038986e-02	1.352589e+01
4.201000e-05	-6.043678e-03	1.377486e+01
4.202000e-05	-1.433768e-02	1.391226e+01
4.203000e-05	-3.923066e-03	1.403105e+01
4.204000e-05	-6.431859e-03	1.423745e+01
4.205000e-05	-1.735978e-03	1.438744e+01
4.206000e-05	-1.977678e-02	1.450226e+01
4.207000e-05	-1.836280e-02	1.467152e+01
4.208000e-05	-1.574009e-02	1.480644e+01
4.209000e-05	-4.819221e-03	1.489271e+01
4.210000e-05	-8.387492e-03	1.502887e+01
4.211000e-05	-1.585915e-02	1.509216e+01
4.212000e-05	-1.431107e-02	1.520747e+01
4.213000e-05	-1.520350e-02	1.531323e+01
4.214000e-05	-1.242992e-02	1.543842e+01
4.215000e-05	-2.070364e-02	1.549270e+01
4.216000e-05	-1.708681e-02	1.559685e+01
4.217000e-05	-1.541769e-02	1.565955e+01
4.218000e-05	-1.356428e-02	1.570368e+01
4.219000e-05	-2.294257e-02	1.579842e+01
4.220000e-05	-2.760682e-02	1.587018e+01
4.221000e-05	-2.410385e-02	1.589328e+01
4.222000e-05	-1.953139e-02	1.599384e+01
4.223000e-05	-1.879035e-02	1.604787e+01
4.224000e-05	-2.776219e-02	1.606903e+01
4.225000e-05	-2.740725e-02	1.609113e+01
4.226000e-05	-2.850839e-02	1.609116e+01
4.227000e-05	-3.015271e-02	1.611216e+01
4.228000e-05	-3.667401e-02	1.612421e+01
4.229000e-05	-3.928141e-02	1.617271e+01
4.230000e-05	-3.623014e-02	1.614574e+01
4.231000e-05	-3.819382e-02	1.614414e+01
4.232000e-05	-4.408373e-02	1.616421e+01
4.233000e-05	-5.595851e-02	1.612269e+01
4.234000e-05	-5.940176e-02	1.614208e+01
4.235000e-05	-6.345084e-02	1.609958e+01
4.236000e-05	-7.232440e-02	1.604750e+01
4.237000e-05	-9.085386e-02	1.600837e+01
4.238000e-05	-1.132744e-01	1.596529e+01
4.239000e-05	-1.439550e-01	1.591123e+01
4.240000e-05	-1.949697e-01	1.588948e+01
4.241000e-05	-2.381030e-01	1.579737e+01
4.242000e-05	-2.500000e-01	1.571426e+01
4.243000e-05	-2.500000e-01	1.568005e+01
4.244000e-05	-2.500000e-01	1.560534e+01
4.245000e-05	-2.302310e-01	1.550219e+01
4.246000e-05	-1.764284e-01	1.541887e+01
4.247000e-05	-1.233689e-01	1.534258e+01
4.248000e-05	-8.744285e-02	1.522736e+01
4.249000e-05	-6.520283e-02	1.509051e+01
4.250000e-05	-5.419066e-02	1.496529e+01
4.251000e-05	-4.353727e-02	1.488155e+01
4.252000e-05	-3.576606e-02	1.472319e+01
4.253000e-05	-2.879536e-02	1.464893e+01
4.254000e-05	-2.667898e-02	1.452206e+01
4.255000e-05	-2.466016e-02	1.434533e+01
4.256000e-05	-2.123595e-02	1.423792e+01
4.257000e-05	-1.564970e-02	1.406145e+01
4.258000e-05	-1.534977e-02	1.389358e+01
4.259000e-05	-1.784472e-02	1.374364e+01
4.260000e-05	-1.906877e-02	1.355481e+01
4.261000e-05	-1.582420e-02	1.342740e+01
4.262000e-05	-1.397619e-02	1.325897e+01
4.263000e-05	-1.188151e-02	1.302790e+01
4.264000e-05	-1.392486e-02	1.285893e+01
4.265000e-05	-9.705146e-03	1.271160e+01
4.266000e-05	-9.795436e-03	1.247306e+01
4.267000e-05	-9.248051e-03	1.228316e+01
4.268000e-05	-1.300035e-02	1.213366e+01
4.269000e-05	-1.368342e-02	1.190304e+01
4.270000e-05	-1.051192e-02	1.167153e+01
4.271000e-05	-9.520614e-03	1.143902e+01
4.272000e-05	-8.498228e-03	1.123687e+01
4.273000e-05	-1.016637e-02	1.099735e+01
4.274000e-05	-7.426938e-03	1.078779e+01
4.275000e-05	-5.852618e-03	1.054625e+01
4.276000e-05	-7.526689e-03	1.033566e+01
4.277000e-05	-1.028193e-02	1.010406e+01
4.278000e-05	-9.931122e-03	9.880550e+00
4.279000e-05	-7.724911e-03	9.587793e+00
4.280000e-05	-7.647503e-03	9.376845e+00
4.281000e-05	-8.516152e-03	9.176686e+00
4.282000e-05	-8.266121e-03	8.860553e+00
4.283000e-05	-6.319090e-03	8.648499e+00
4.284000e-05	-5.179298e-03	8.398267e+00
4.285000e-05	-6.272753e-03	8.104609e+00
4.286000e-05	-6.779226e-03	7.851008e+00
4.287000e-05	-6.392749e-03	7.606866e+00
4.288000e-05	-5.904326e-03	7.312931e+00
4.289000e-05	-6.791054e-03	7.027471e+00
4.290000e-05	-8.065288e-03	6.766712e+00
4.291000e-05	-7.942834e-03	6.461957e+00
4.292000e-05	-6.090211e-03	6.208495e+00
4.293000e-05	-4.467224e-03	5.945738e+00
4.294000e-05	-5.037684e-03	5.601401e+00
4.295000e-05	-6.597435e-03	5.376841e+00
4.296000e-05	-5.846496e-03	5.040424e+00
4.297000e-05	-4.798145e-03	4.733111e+00
4.298000e-05	-5.990753e-03	4.450429e+00
4.299000e-05	-7.546495e-03	4.115142e+00
4.300000e-05	-7.517105e-03	3.820527e+00
4.301000e-05	-5.888772e-03	3.568345e+00
4.302000e-05	-4.727197e-03	3.233534e+00
4.303000e-05	-5.451818e-03	2.968368e+00
4.304000e-05	-6.268382e-03	2.682210e+00
4.305000e-05	-5.414776e-03	2.336822e+00
4.306000e-05	-4.556558e-03	2.094136e+00
4.307000e-05	-6.710591e-03	1.828924e+00
4.308000e-05	-7.435326e-03	1.493083e+00
4.309000e-05	-7.211302e-03	1.178269e+00
4.310000e-05	-5.232494e-03	8.410000e-01
4.311000e-05	-4.357443e-03	5.257670e-01
4.312000e-05	-4.448431e-03	2.425317e-01
4.313000e-05	-2.340329e-03	-7.423290e-02
4.314000e-05	8.849645e-03	-3.468860e-01
4.315000e-05	1.945080e-03	-6.101776e-01
4.316000e-05	1.544536e-03	-9.043345e-01
4.317000e-05	-1.948007e-03	-1.158443e+00
4.318000e-05	-4.616954e-04	-1.465261e+00
4.319000e-05	3.412487e-03	-1.726368e+00
4.320000e-05	4.532084e-02	-1.959099e+00
4.321000e-05	1.185713e-01	-2.295365e+00
4.322000e-05	-5.451145e-02	-2.695465e+00
4.323000e-05	-3.347722e-02	-3.146920e+00
4.324000e-05	-3.657322e-02	-3.399079e+00
4.325000e-05	-4.669483e-02	-3.590153e+00
4.326000e-05	-6.116498e-02	-3.873684e+00
4.327000e-05	1.638344e-01	-4.041208e+00
4.328000e-05	-1.160498e-01	-4.315896e+00
4.329000e-05	5.727872e-02	-4.650733e+00
4.330000e-05	5.697955e-02	-4.862243e+00
4.331000e-05	-1.192964e-01	-5.314282e+00
4.332000e-05	1.550548e-01	-5.557471e+00
4.333000e-05	-1.760366e-01	-5.820706e+00
4.334000e-05	1.096077e-01	-6.126766e+00
4.335000e-05	3.542745e-03	-6.327502e+00
4.336000e-05	-2.225546e-02	-6.685365e+00
4.337000e-05	9.035398e-02	-6.967449e+00
4.338000e-05	-1.441754e-01	-7.233785e+00
4.339000e-05	1.292256e-01	-7.574970e+00
4.340000e-05	-9.833241e-02	-7.861655e+00
4.341000e-05	6.968192e-02	-8.116368e+00
4.342000e-05	6.694192e-03	-8.307420e+00
4.343000e-05	-4.257769e-02	-8.642209e+00
4.344000e-05	1.086809e-01	-8.904340e+00
4.345000e-05	-1.142348e-01	-9.155419e+00
4.346000e-05	7.601609e-02	-9.408549e+00
4.347000e-05	-8.034012e-02	-9.598551e+00
4.348000e-05	8.879554e-02	-9.862708e+00
4.349000e-05	-1.139160e-02	-1.008323e+01
4.350000e-05	7.464241e-03	-1.037485e+01
4.351000e-05	3.175892e-03	-1.054642e+01
4.352000e-05	-3.281808e-02	-1.081055e+01
4.353000e-05	5.626378e-02	-1.105001e+01
4.354000e-05	-4.704758e-02	-1.123215e+01
4.355000e-05	5.009600e-02	-1.148168e+01
4.356000e-05	-3.656094e-02	-1.171426e+01
4.357000e-05	5.425047e-02	-1.191634e+01
4.358000e-05	-2.610727e-02	-1.214742e+01
4.359000e-05	1.298831e-02	-1.234484e+01
4.360000e-05	-1.782252e-02	-1.255479e+01
4.361000e-05	2.560896e-02	-1.270331e+01
4.362000e-05	1.763200e-02	-1.287524e+01
4.363000e-05	6.170080e-04	-1.308329e+01
4.364000e-05	-2.482253e-03	-1.325163e+01
4.365000e-05	-4.761577e-03	-1.343953e+01
4.366000e-05	2.076350e-02	-1.358000e+01
4.367000e-05	-1.501364e-03	-1.379595e+01
4.368000e-05	1.212729e-02	-1.395589e+01
4.369000e-05	-8.701675e-04	-1.409369e+01
4.370000e-05	2.482341e-02	-1.423111e+01
4.371000e-05	2.178589e-03	-1.439845e+01
4.372000e-05	2.315484e-03	-1.453627e+01
4.373000e-05	-8.761287e-03	-1.465106e+01
4.374000e-05	1.794574e-02	-1.479695e+01
4.375000e-05	1.643967e-02	-1.495476e+01
4.376000e-05	1.525450e-02	-1.502053e+01
4.377000e-05	1.990467e-04	-1.510471e+01
4.378000e-05	7.259149e-03	-1.518808e+01
4.379000e-05	1.580810e-02	-1.530324e+01
4.380000e-05	1.139082e-02	-1.543950e+01
4.381000e-05	7.904812e-03	-1.551324e+01
4.382000e-05	8.982568e-03	-1.562847e+01
4.383000e-05	2.072420e-02	-1.569113e+01
4.384000e-05	1.658247e-02	-1.577637e+01
4.385000e-05	9.028105e-03	-1.579892e+01
4.386000e-05	4.472773e-03	-1.585108e+01
4.387000e-05	1.855239e-02	-1.593374e+01
4.388000e-05	2.499178e-02	-1.592487e+01
4.389000e-05	2.188272e-02	-1.600748e+01
4.390000e-05	1.424266e-02	-1.604961e+01
4.391000e-05	1.772312e-02	-1.610123e+01
4.392000e-05	2.589086e-02	-1.612319e+01
4.393000e-05	2.605692e-02	-1.612327e+01
4.394000e-05	2.198725e-02	-1.614584e+01
4.395000e-05	2.488927e-02	-1.619732e+01
4.396000e-05	3.625260e-02	-1.615477e+01
4.397000e-05	4.215859e-02	-1.614627e+01
4.398000e-05	3.655776e-02	-1.619432e+01
4.399000e-05	3.630419e-02	-1.611319e+01
4.400000e-05	4.693405e-02	-1.612316e+01
4.401000e-05	6.209590e-02	-1.608006e+01
4.402000e-05	7.058047e-02	-1.603750e+01
4.403000e-05	7.788399e-02	-1.599690e+01
4.404000e-05	1.010273e-01	-1.592470e+01
4.405000e-05	1.404906e-01	-1.593416e+01
4.406000e-05	1.913610e-01	-1.586056e+01
4.407000e-05	2.341423e-01	-1.576685e+01
4.408000e-05	2.500000e-01	-1.572516e+01
4.409000e-05	2.500000e-01	-1.565011e+01
4.410000e-05	2.500000e-01	-1.558471e+01
4.411000e-05	2.264920e-01	-1.552308e+01
4.412000e-05	1.630945e-01	-1.538672e+01
4.413000e-05	1.117680e-01	-1.531116e+01
4.414000e-05	8.380796e-02	-1.519795e+01
4.415000e-05	6.187932e-02	-1.509314e+01
4.416000e-05	4.013439e-02	-1.498642e+01
4.417000e-05	2.946147e-02	-1.489256e+01
4.418000e-05	2.765590e-02	-1.474581e+01
4.419000e-05	2.406789e-02	-1.462840e+01
4.420000e-05	1.532578e-02	-1.449411e+01
4.421000e-05	8.543749e-03	-1.433569e+01
4.422000e-05	1.005049e-02	-1.417785e+01
4.423000e-05	1.342366e-02	-1.403846e+01
4.424000e-05	9.435410e-03	-1.389106e+01
4.425000e-05	2.873857e-03	-1.370516e+01
4.426000e-05	2.618130e-03	-1.358530e+01
4.427000e-05	6.816244e-03	-1.340842e+01
4.428000e-05	5.690024e-03	-1.319045e+01
4.429000e-05	3.320930e-04	-1.303000e+01
4.430000e-05	-1.707660e-03	-1.287106e+01
4.431000e-05	1.901026e-03	-1.268151e+01
4.432000e-05	4.140559e-03	-1.251369e+01
4.433000e-05	3.463024e-04	-1.233413e+01
4.434000e-05	-4.499287e-03	-1.209413e+01
4.435000e-05	-2.236041e-03	-1.190311e+01
4.436000e-05	1.049765e-03	-1.167161e+01
4.437000e-05	5.116128e-04	-1.140943e+01
4.438000e-05	-4.030225e-03	-1.121937e+01
4.439000e-05	-5.280890e-03	-1.099632e+01
4.440000e-05	-6.494149e-04	-1.076735e+01
4.441000e-05	-3.717921e-04	-1.054569e+01
4.442000e-05	-4.667775e-03	-1.028311e+01
4.443000e-05	-7.645639e-03	-1.005358e+01
4.444000e-05	-4.061092e-03	-9.832530e+00
4.445000e-05	-2.284725e-03	-9.599978e+00
4.446000e-05	-3.834737e-03	-9.335719e+00
4.447000e-05	-8.162774e-03	-9.074638e+00
4.448000e-05	-7.446495e-03	-8.852582e+00
4.449000e-05	-3.244113e-03	-8.600029e+00
4.450000e-05	-4.270432e-03	-8.335769e+00
4.451000e-05	-7.617716e-03	-8.115667e+00
4.452000e-05	-9.316826e-03	-7.851032e+00
4.453000e-05	-6.310223e-03	-7.547671e+00
4.454000e-05	-4.721489e-03	-7.281658e+00
4.455000e-05	-7.220537e-03	-6.997874e+00
4.456000e-05	-9.425671e-03	-6.714693e+00
4.457000e-05	-8.380516e-03	-6.463483e+00
4.458000e-05	-4.552066e-03	-6.168848e+00
4.459000e-05	-6.527964e-03	-5.893112e+00
4.460000e-05	-9.101461e-03	-5.649850e+00
4.461000e-05	-1.066476e-02	-5.294062e+00
4.462000e-05	-6.265177e-03	-4.986928e+00
4.463000e-05	-5.974869e-03	-4.661459e+00
4.464000e-05	-8.755764e-03	-4.379401e+00
4.465000e-05	-1.127906e-02	-4.176815e+00
4.466000e-05	-9.118961e-03	-3.872983e+00
4.467000e-05	-6.088750e-03	-3.556845e+00
4.468000e-05	-8.556775e-03	-3.274638e+00
4.469000e-05	-9.332167e-03	-2.957849e+00
4.470000e-05	-8.787002e-03	-2.652134e+00
4.471000e-05	-6.616749e-03	-2.389324e+00
4.472000e-05	-8.163056e-03	-2.093037e+00
4.473000e-05	-1.060884e-02	-1.788899e+00
4.474000e-05	-1.203414e-02	-1.503088e+00
4.475000e-05	-8.135266e-03	-1.126770e+00
4.476000e-05	-6.974124e-03	-8.630853e-01
4.477000e-05	-7.675173e-03	-5.262420e-01
4.478000e-05	-8.083040e-03	-2.535080e-01
4.479000e-05	-4.413621e-03	5.115626e-02
4.480000e-05	8.350944e-03	3.485120e-01
4.481000e-05	-4.510658e-03	6.180237e-01
4.482000e-05	4.734257e-04	8.832063e-01
4.483000e-05	-5.942482e-03	1.169044e+00
4.484000e-05	1.148311e-03	1.472233e+00
4.485000e-05	-4.813112e-04	1.799548e+00
4.486000e-05	2.316009e-02	2.049631e+00
4.487000e-05	8.641436e-02	2.314888e+00
4.488000e-05	2.559374e-02	2.684787e+00
4.489000e-05	-7.649517e-02	2.968601e+00
4.490000e-05	-3.227709e-02	3.312336e+00
4.491000e-05	-3.409439e-02	3.651521e+00
4.492000e-05	-5.942896e-02	3.861676e+00
4.493000e-05	-3.386918e-02	4.051151e+00
4.494000e-05	1.350971e-01	4.375513e+00
4.495000e-05	-1.126583e-01	4.653154e+00
4.496000e-05	7.885308e-02	4.944812e+00
4.497000e-05	4.044041e-02	5.274234e+00
4.498000e-05	-1.030445e-01	5.556991e+00
4.499000e-05	7.516611e-02	5.852181e+00
4.500000e-05	-9.165453e-02	6.186413e+00
4.501000e-05	7.927171e-02	6.428995e+00
4.502000e-05	-1.525059e-02	6.682837e+00
4.503000e-05	-2.675291e-03	6.968040e+00
4.504000e-05	-9.256678e-03	7.252203e+00
4.505000e-05	-4.055637e-02	7.554793e+00
4.506000e-05	4.046171e-02	7.840628e+00
4.507000e-05	-5.342914e-02	8.135313e+00
4.508000e-05	5.336320e-02	8.377421e+00
4.509000e-05	-9.591198e-03	8.638525e+00
4.510000e-05	-4.917356e-03	8.861779e+00
4.511000e-05	1.810641e-02	9.095236e+00
4.512000e-05	-5.685216e-02	9.355415e+00
4.513000e-05	1.284804e-02	9.618473e+00
4.514000e-05	-1.712448e-02	9.841657e+00
4.515000e-05	4.073750e-02	1.011324e+01
4.516000e-05	-2.371451e-02	1.030584e+01
4.517000e-05	5.590735e-03	1.060482e+01
4.518000e-05	-1.489933e-02	1.075897e+01
4.519000e-05	-8.316831e-03	1.099952e+01
4.520000e-05	-1.162931e-04	1.122910e+01
4.521000e-05	-1.931727e-02	1.148016e+01
4.522000e-05	9.962780e-03	1.170321e+01
4.523000e-05	-8.834563e-03	1.193334e+01
4.524000e-05	7.312720e-03	1.215376e+01
4.525000e-05	-2.607304e-02	1.232429e+01
4.526000e-05	-4.134910e-03	1.251429e+01
4.527000e-05	-9.057386e-03	1.270384e+01
4.528000e-05	9.059240e-03	1.293321e+01
4.529000e-05	-7.347474e-03	1.306218e+01
4.530000e-05	-1.464643e-02	1.323902e+01
4.531000e-05	-1.198827e-02	1.342748e+01
4.532000e-05	-9.946717e-03	1.358542e+01
4.533000e-05	-5.848591e-03	1.379524e+01
4.534000e-05	-1.558499e-02	1.394371e+01
4.535000e-05	-3.165612e-03	1.410173e+01
4.536000e-05	-5.622979e-03	1.429010e+01
4.537000e-05	-2.901063e-03	1.438854e+01
4.538000e-05	-2.026737e-02	1.456424e+01
4.539000e-05	-1.826542e-02	1.467166e+01
4.540000e-05	-1.262618e-02	1.481692e+01
4.541000e-05	-5.315970e-03	1.494569e+01
4.542000e-05	-9.674492e-03	1.501647e+01
4.543000e-05	-1.621941e-02	1.514221e+01
4.544000e-05	-1.340094e-02	1.522750e+01
4.545000e-05	-1.380781e-02	1.534378e+01
4.546000e-05	-1.287020e-02	1.544945e+01
4.547000e-05	-2.074786e-02	1.550268e+01
4.548000e-05	-1.823026e-02	1.561784e+01
4.549000e-05	-1.371826e-02	1.569007e+01
4.550000e-05	-1.492751e-02	1.578474e+01
4.551000e-05	-2.335004e-02	1.579950e+01
4.552000e-05	-2.886792e-02	1.590018e+01
4.553000e-05	-2.206670e-02	1.595171e+01
4.554000e-05	-1.864472e-02	1.597629e+01
4.555000e-05	-1.896454e-02	1.603639e+01
4.556000e-05	-2.766735e-02	1.607953e+01
4.557000e-05	-2.704603e-02	1.611055e+01
4.558000e-05	-2.865804e-02	1.613268e+01
4.559000e-05	-3.179932e-02	1.615416e+01
4.560000e-05	-3.690168e-02	1.615426e+01
4.561000e-05	-3.996789e-02	1.614429e+01
4.562000e-05	-3.576637e-02	1.617521e+01
4.563000e-05	-3.883122e-02	1.616371e+01
4.564000e-05	-4.540984e-02	1.615424e+01
4.565000e-05	-5.702047e-02	1.611271e+01
4.566000e-05	-5.915884e-02	1.611321e+01
4.567000e-05	-6.439685e-02	1.606053e+01
4.568000e-05	-7.541223e-02	1.604844e+01
4.569000e-05	-9.440120e-02	1.600896e+01
4.570000e-05	-1.185270e-01	1.598376e+01
4.571000e-05	-1.516689e-01	1.592270e+01
4.572000e-05	-2.063154e-01	1.587995e+01
4.573000e-05	-2.424331e-01	1.578686e+01
4.574000e-05	-2.500000e-01	1.573358e+01
4.575000e-05	-2.500000e-01	1.568900e+01
4.576000e-05	-2.497000e-01	1.556477e+01
4.577000e-05	-2.220500e-01	1.552013e+01
4.578000e-05	-1.658905e-01	1.540642e+01
4.579000e-05	-1.165888e-01	1.529211e+01
4.580000e-05	-8.269468e-02	1.520484e+01
4.581000e-05	-6.232735e-02	1.509098e+01
4.582000e-05	-5.154856e-02	1.496477e+01
4.583000e-05	-4.192527e-02	1.488005e+01
4.584000e-05	-3.330625e-02	1.472214e+01
4.585000e-05	-2.752303e-02	1.461734e+01
4.586000e-05	-2.726487e-02	1.448150e+01
4.587000e-05	-2.449002e-02	1.435366e+01
4.588000e-05	-2.213674e-02	1.415735e+01
4.589000e-05	-1.623040e-02	1.405845e+01
4.590000e-05	-1.677327e-02	1.384950e+01
4.591000e-05	-1.713259e-02	1.372108e+01
4.592000e-05	-1.769310e-02	1.353319e+01
4.593000e-05	-1.284385e-02	1.335721e+01
4.594000e-05	-1.293352e-02	1.320534e+01
4.595000e-05	-1.348097e-02	1.299740e+01
4.596000e-05	-1.344835e-02	1.284887e+01
4.597000e-05	-1.109216e-02	1.264855e+01
4.598000e-05	-9.798433e-03	1.249250e+01
4.599000e-05	-1.083791e-02	1.229056e+01
4.600000e-05	-1.271034e-02	1.206101e+01
4.601000e-05	-1.150421e-02	1.187095e+01
4.602000e-05	-9.801537e-03	1.164945e+01
4.603000e-05	-8.341859e-03	1.141927e+01
4.604000e-05	-1.011377e-02	1.117626e+01
4.605000e-05	-8.880826e-03	1.096584e+01
4.606000e-05	-6.937462e-03	1.076521e+01
4.607000e-05	-6.983381e-03	1.051424e+01
4.608000e-05	-7.716917e-03	1.028355e+01
4.609000e-05	-1.074893e-02	1.005197e+01
4.610000e-05	-9.275804e-03	9.799397e+00
4.611000e-05	-8.432566e-03	9.596715e+00
4.612000e-05	-8.003958e-03	9.334163e+00
4.613000e-05	-6.269878e-03	9.102059e+00
4.614000e-05	-7.919265e-03	8.819900e+00
4.615000e-05	-5.190015e-03	8.587798e+00
4.616000e-05	-5.638958e-03	8.335287e+00
4.617000e-05	-7.457659e-03	8.082534e+00
4.618000e-05	-8.808617e-03	7.839897e+00
4.619000e-05	-9.491488e-03	7.523688e+00
4.620000e-05	-6.181436e-03	7.220399e+00
4.621000e-05	-6.897405e-03	6.997297e+00
4.622000e-05	-6.267464e-03	6.735682e+00
4.623000e-05	-6.465883e-03	6.441400e+00
4.624000e-05	-6.030210e-03	6.165315e+00
4.625000e-05	-4.534763e-03	5.893657e+00
4.626000e-05	-7.102933e-03	5.577890e+00
4.627000e-05	-7.376316e-03	5.323156e+00
4.628000e-05	-7.085157e-03	4.945240e+00
4.629000e-05	-5.348932e-03	4.652475e+00
4.630000e-05	-6.242540e-03	4.388894e+00
4.631000e-05	-6.847210e-03	4.061987e+00
4.632000e-05	-6.675220e-03	3.788946e+00
4.633000e-05	-5.834695e-03	3.525737e+00
4.634000e-05	-5.498010e-03	3.219899e+00
4.635000e-05	-5.433853e-03	2.925738e+00
4.636000e-05	-6.519277e-03	2.660506e+00
4.637000e-05	-5.859435e-03	2.324688e+00
4.638000e-05	-6.207946e-03	2.070976e+00
4.639000e-05	-6.533333e-03	1.756166e+00
4.640000e-05	-6.537307e-03	1.431453e+00
4.641000e-05	-5.931388e-03	1.137612e+00
4.642000e-05	-4.768143e-03	7.778435e-01
4.643000e-05	-3.958453e-03	4.750604e-01
4.644000e-05	-4.530443e-03	1.897737e-01
4.645000e-05	-2.181241e-03	-8.481453e-02
4.646000e-05	8.975179e-03	-3.479737e-01
4.647000e-05	-1.882761e-03	-6.533367e-01
4.648000e-05	2.418386e-03	-9.478974e-01
4.649000e-05	-3.409153e-03	-1.209581e+00
4.650000e-05	1.245501e-03	-1.538470e+00
4.651000e-05	5.215870e-03	-1.810029e+00
4.652000e-05	6.381753e-02	-2.002054e+00
4.653000e-05	1.034170e-01	-2.337044e+00
4.654000e-05	-7.322174e-02	-2.777075e+00
4.655000e-05	-2.160955e-02	-3.201101e+00
4.656000e-05	-4.482732e-02	-3.431679e+00
4.657000e-05	-5.334103e-02	-3.631706e+00
4.658000e-05	-2.877218e-02	-3.904161e+00
4.659000e-05	1.585046e-01	-4.082182e+00
4.660000e-05	-1.578177e-01	-4.409025e+00
4.661000e-05	1.316748e-01	-4.663785e+00
4.662000e-05	-1.464568e-02	-4.965372e+00
4.663000e-05	-5.381024e-02	-5.368374e+00
4.664000e-05	1.080818e-01	-5.579074e+00
4.665000e-05	-1.780975e-01	-5.872841e+00
4.666000e-05	1.601187e-01	-6.167920e+00
4.667000e-05	-5.798695e-02	-6.420684e+00
4.668000e-05	4.008559e-02	-6.736947e+00
4.669000e-05	2.733370e-02	-7.028577e+00
4.670000e-05	-1.046364e-01	-7.345419e+00
4.671000e-05	1.219595e-01	-7.630051e+00
4.672000e-05	-1.116395e-01	-7.872264e+00
4.673000e-05	1.134234e-01	-8.187421e+00
4.674000e-05	-4.553216e-02	-8.407549e+00
4.675000e-05	1.138694e-02	-8.705313e+00
4.676000e-05	5.814126e-02	-8.957921e+00
4.677000e-05	-9.548236e-02	-9.189149e+00
4.678000e-05	7.013432e-02	-9.430975e+00
4.679000e-05	-8.091186e-02	-9.672232e+00
4.680000e-05	1.140552e-01	-9.913837e+00
4.681000e-05	-4.234543e-02	-1.013639e+01
4.682000e-05	3.967595e-02	-1.037647e+01
4.683000e-05	-3.317622e-02	-1.062103e+01
4.684000e-05	-3.230138e-04	-1.084071e+01
4.685000e-05	2.675103e-02	-1.107111e+01
4.686000e-05	-2.906073e-02	-1.128231e+01
4.687000e-05	3.846554e-02	-1.149379e+01
4.688000e-05	-2.712544e-02	-1.177497e+01
4.689000e-05	5.370474e-02	-1.197947e+01
4.690000e-05	-3.260032e-02	-1.217897e+01
4.691000e-05	1.838569e-02	-1.238587e+01
4.692000e-05	-2.274476e-02	-1.259694e+01
4.693000e-05	3.725886e-02	-1.275587e+01
4.694000e-05	6.326435e-03	-1.293440e+01
4.695000e-05	6.073563e-03	-1.312484e+01
4.696000e-05	-1.101930e-02	-1.334319e+01
4.697000e-05	4.642957e-03	-1.346158e+01
4.698000e-05	1.325620e-02	-1.360855e+01
4.699000e-05	3.180929e-03	-1.379852e+01
4.700000e-05	8.472152e-03	-1.396540e+01
4.701000e-05	6.298857e-03	-1.414279e+01
4.702000e-05	2.254492e-02	-1.429213e+01
4.703000e-05	1.727551e-03	-1.442748e+01
4.704000e-05	-2.110908e-03	-1.455690e+01
4.705000e-05	-6.446671e-03	-1.470171e+01
4.706000e-05	2.045841e-02	-1.480900e+01
4.707000e-05	1.545989e-02	-1.494431e+01
4.708000e-05	1.460882e-02	-1.504163e+01
4.709000e-05	-2.009974e-03	-1.515477e+01
4.710000e-05	1.205918e-02	-1.519801e+01
4.711000e-05	1.316683e-02	-1.534427e+01
4.712000e-05	1.306432e-02	-1.542055e+01
4.713000e-05	4.121422e-03	-1.555384e+01
4.714000e-05	1.133789e-02	-1.565993e+01
4.715000e-05	2.062486e-02	-1.568123e+01
4.716000e-05	1.636482e-02	-1.578537e+01
4.717000e-05	7.424317e-03	-1.580903e+01
4.718000e-05	5.735747e-03	-1.587221e+01
4.719000e-05	2.152582e-02	-1.594327e+01
4.720000e-05	2.566382e-02	-1.595695e+01
4.721000e-05	2.152565e-02	-1.601950e+01
4.722000e-05	1.311644e-02	-1.602013e+01
4.723000e-05	1.933648e-02	-1.609416e+01
4.724000e-05	2.556135e-02	-1.613374e+01
4.725000e-05	2.533001e-02	-1.617419e+01
4.726000e-05	2.078209e-02	-1.616779e+01
4.727000e-05	2.659982e-02	-1.616627e+01
4.728000e-05	3.916553e-02	-1.617684e+01
4.729000e-05	4.185184e-02	-1.611727e+01
4.730000e-05	3.611616e-02	-1.617477e+01
4.731000e-05	3.685918e-02	-1.611473e+01
4.732000e-05	4.966954e-02	-1.607214e+01
4.733000e-05	6.327486e-02	-1.605164e+01
4.734000e-05	7.199825e-02	-1.601760e+01
4.735000e-05	8.110739e-02	-1.599493e+01
4.736000e-05	1.076302e-01	-1.594532e+01
4.737000e-05	1.498096e-01	-1.593214e+01
4.738000e-05	2.017419e-01	-1.581098e+01
4.739000e-05	2.388291e-01	-1.578742e+01
4.740000e-05	2.500000e-01	-1.570411e+01
4.741000e-05	2.500000e-01	-1.562991e+01
4.742000e-05	2.498000e-01	-1.556532e+01
4.743000e-05	2.155247e-01	-1.547053e+01
4.744000e-05	1.504756e-01	-1.533524e+01
4.745000e-05	1.054963e-01	-1.528158e+01
4.746000e-05	8.014467e-02	-1.517490e+01
4.747000e-05	5.835500e-02	-1.508013e+01
4.748000e-05	3.806379e-02	-1.496732e+01
4.749000e-05	2.945892e-02	-1.486796e+01
4.750000e-05	2.820990e-02	-1.471474e+01
4.751000e-05	2.357814e-02	-1.462893e+01
4.752000e-05	1.306974e-02	-1.447156e+01
4.753000e-05	7.399254e-03	-1.428416e+01
4.754000e-05	1.087235e-02	-1.413784e+01
4.755000e-05	1.406782e-02	-1.401786e+01
4.756000e-05	9.454963e-03	-1.387000e+01
4.757000e-05	2.929994e-03	-1.365156e+01
4.758000e-05	2.509244e-03	-1.351169e+01
4.759000e-05	6.821866e-03	-1.335627e+01
4.760000e-05	5.931187e-03	-1.317735e+01
4.761000e-05	-1.764167e-04	-1.303093e+01
4.762000e-05	-1.723774e-03	-1.284993e+01
4.763000e-05	2.608146e-03	-1.264103e+01
4.764000e-05	4.546813e-03	-1.246111e+01
4.765000e-05	-2.847964e-04	-1.228316e+01
4.766000e-05	-4.537063e-03	-1.208358e+01
4.767000e-05	-2.156758e-03	-1.187303e+01
4.768000e-05	1.822200e-03	-1.164988e+01
4.769000e-05	5.820085e-04	-1.134837e+01
4.770000e-05	-4.103500e-03	-1.111674e+01
4.771000e-05	-5.314545e-03	-1.089422e+01
4.772000e-05	-2.005982e-03	-1.075419e+01
4.773000e-05	-1.673644e-03	-1.046416e+01
4.774000e-05	-4.517427e-03	-1.025151e+01
4.775000e-05	-9.180062e-03	-1.004988e+01
4.776000e-05	-3.794281e-03	-9.809450e+00
4.777000e-05	-2.544297e-03	-9.557324e+00
4.778000e-05	-2.294532e-03	-9.323236e+00
4.779000e-05	-7.061351e-03	-9.052583e+00
4.780000e-05	-6.696339e-03	-8.859902e+00
4.781000e-05	-2.605656e-03	-8.607949e+00
4.782000e-05	-4.593626e-03	-8.303162e+00
4.783000e-05	-9.252870e-03	-8.072010e+00
4.784000e-05	-1.057370e-02	-7.806424e+00
4.785000e-05	-7.977730e-03	-7.473561e+00
4.786000e-05	-2.000918e-03	-7.199482e+00
4.787000e-05	-6.639367e-03	-6.935242e+00
4.788000e-05	-6.995325e-03	-6.672036e+00
4.789000e-05	-8.118595e-03	-6.389924e+00
4.790000e-05	-4.231333e-03	-6.095191e+00
4.791000e-05	-8.522249e-03	-5.852529e+00
4.792000e-05	-1.132834e-02	-5.516320e+00
4.793000e-05	-1.077236e-02	-5.230458e+00
4.794000e-05	-7.619308e-03	-4.926766e+00
4.795000e-05	-4.867793e-03	-4.600429e+00
4.796000e-05	-8.212444e-03	-4.336766e+00
4.797000e-05	-9.371312e-03	-4.094162e+00
4.798000e-05	-8.279496e-03	-3.788900e+00
4.799000e-05	-7.238902e-03	-3.514116e+00
4.800000e-05	-8.452806e-03	-3.231033e+00
4.801000e-05	-9.451765e-03	-2.934686e+00
4.802000e-05	-9.258550e-03	-2.631525e+00
4.803000e-05	-6.596396e-03	-2.355820e+00
4.804000e-05	-7.686763e-03	-1.999975e+00
4.805000e-05	-9.310743e-03	-1.734316e+00
4.806000e-05	-1.077336e-02	-1.410830e+00
4.807000e-05	-8.622408e-03	-1.075613e+00
4.808000e-05	-7.292709e-03	-7.805025e-01
4.809000e-05	-8.010764e-03	-4.935904e-01
4.810000e-05	-8.402859e-03	-2.009500e-01
4.811000e-05	-3.722542e-03	7.426040e-02
4.812000e-05	7.757968e-03	3.995236e-01
4.813000e-05	-4.627692e-03	6.526277e-01
4.814000e-05	2.206370e-03	9.639434e-01
4.815000e-05	-6.269800e-03	1.241176e+00
4.816000e-05	1.852390e-03	1.546866e+00
4.817000e-05	2.149150e-04	1.871158e+00
4.818000e-05	3.297266e-02	2.092282e+00
4.819000e-05	9.349007e-02	2.368517e+00
4.820000e-05	-7.672672e-03	2.738995e+00
4.821000e-05	-6.836742e-02	3.051655e+00
4.822000e-05	-3.412832e-02	3.375992e+00
4.823000e-05	-2.980754e-02	3.622232e+00
4.824000e-05	-7.172643e-02	3.914205e+00
4.825000e-05	3.234875e-03	4.083282e+00
4.826000e-05	1.191886e-01	4.410577e+00
4.827000e-05	-1.331685e-01	4.704761e+00
4.828000e-05	1.349424e-01	4.987595e+00
4.829000e-05	-3.301927e-02	5.345890e+00
4.830000e-05	-5.399817e-02	5.599072e+00
4.831000e-05	4.745497e-02	5.935311e+00
4.832000e-05	-8.072978e-02	6.178442e+00
4.833000e-05	9.051803e-02	6.450728e+00
4.834000e-05	-3.781250e-02	6.757468e+00
4.835000e-05	1.792505e-02	7.028025e+00
4.836000e-05	-3.054699e-02	7.351363e+00
4.837000e-05	-1.539757e-02	7.589072e+00
4.838000e-05	2.202047e-02	7.922358e+00
4.839000e-05	-4.586455e-02	8.187542e+00
4.840000e-05	5.764760e-02	8.440577e+00
4.841000e-05	-2.467460e-02	8.660604e+00
4.842000e-05	1.018781e-02	8.924280e+00
4.843000e-05	6.356476e-04	9.146866e+00
4.844000e-05	-4.707045e-02	9.418950e+00
4.845000e-05	1.403705e-02	9.670653e+00
4.846000e-05	-1.097092e-02	9.894258e+00
4.847000e-05	3.674740e-02	1.016539e+01
4.848000e-05	-2.948590e-02	1.036686e+01
4.849000e-05	9.560956e-03	1.061894e+01
4.850000e-05	-2.162762e-02	1.084105e+01
4.851000e-05	-2.569989e-03	1.102920e+01
4.852000e-05	-6.326381e-03	1.132015e+01
4.853000e-05	-1.341975e-02	1.151426e+01
4.854000e-05	9.510441e-03	1.179679e+01
4.855000e-05	-7.237718e-03	1.198539e+01
4.856000e-05	2.911556e-03	1.219534e+01
4.857000e-05	-2.561525e-02	1.233739e+01
4.858000e-05	-2.332578e-03	1.259684e+01
4.859000e-05	-6.983226e-03	1.275482e+01
4.860000e-05	7.841859e-03	1.293274e+01
4.861000e-05	-8.514206e-03	1.310274e+01
4.862000e-05	-1.397651e-02	1.328113e+01
4.863000e-05	-1.032292e-02	1.346010e+01
4.864000e-05	-9.535200e-03	1.365698e+01
4.865000e-05	-8.110043e-03	1.383887e+01
4.866000e-05	-1.361002e-02	1.395439e+01
4.867000e-05	-2.753349e-03	1.414376e+01
4.868000e-05	-4.620559e-03	1.430218e+01
4.869000e-05	-6.586980e-03	1.444003e+01
4.870000e-05	-1.877615e-02	1.455534e+01
4.871000e-05	-1.848500e-02	1.473371e+01
4.872000e-05	-9.557788e-03	1.483852e+01
4.873000e-05	-7.269065e-03	1.496423e+01
4.874000e-05	-1.093910e-02	1.501902e+01
4.875000e-05	-1.757137e-02	1.515471e+01
4.876000e-05	-1.254254e-02	1.528105e+01
4.877000e-05	-1.542982e-02	1.537434e+01
4.878000e-05	-1.484454e-02	1.543900e+01
4.879000e-05	-2.010365e-02	1.552368e+01
4.880000e-05	-1.618027e-02	1.560642e+01
4.881000e-05	-1.207759e-02	1.570953e+01
4.882000e-05	-1.695375e-02	1.574484e+01
4.883000e-05	-2.192579e-02	1.581895e+01
4.884000e-05	-2.917689e-02	1.585063e+01
4.885000e-05	-2.268092e-02	1.597373e+01
4.886000e-05	-2.208914e-02	1.595684e+01
4.887000e-05	-2.213827e-02	1.604800e+01
4.888000e-05	-2.703986e-02	1.607053e+01
4.889000e-05	-2.651309e-02	1.610063e+01
4.890000e-05	-2.611082e-02	1.615416e+01
4.891000e-05	-3.220528e-02	1.617363e+01
4.892000e-05	-3.690236e-02	1.614323e+01
4.893000e-05	-4.057637e-02	1.613522e+01
4.894000e-05	-3.820305e-02	1.617419e+01
4.895000e-05	-4.107778e-02	1.613474e+01
4.896000e-05	-4.775640e-02	1.613418e+01
4.897000e-05	-5.663130e-02	1.614316e+01
4.898000e-05	-5.965320e-02	1.608153e+01
4.899000e-05	-6.498787e-02	1.608003e+01
4.900000e-05	-7.785543e-02	1.604795e+01
4.901000e-05	-9.761362e-02	1.597536e+01
4.902000e-05	-1.234993e-01	1.598379e+01
4.903000e-05	-1.596441e-01	1.591361e+01
4.904000e-05	-2.156001e-01	1.582995e+01
4.905000e-05	-2.463551e-01	1.579674e+01
4.906000e-05	-2.500000e-01	1.570260e+01
4.907000e-05	-2.500000e-01	1.563655e+01
4.908000e-05	-2.479988e-01	1.558534e+01
4.909000e-05	-2.143343e-01	1.549058e+01
4.910000e-05	-1.520077e-01	1.538879e+01
4.911000e-05	-1.099117e-01	1.530108e+01
4.912000e-05	-7.644951e-02	1.514569e+01
4.913000e-05	-6.026845e-02	1.507045e+01
4.914000e-05	-5.227182e-02	1.493716e+01
4.915000e-05	-3.922109e-02	1.484837e+01
4.916000e-05	-3.442267e-02	1.468213e+01
4.917000e-05	-2.707764e-02	1.459627e+01
4.918000e-05	-2.779111e-02	1.442898e+01
4.919000e-05	-2.193194e-02	1.430261e+01
4.920000e-05	-1.887736e-02	1.417411e+01
4.921000e-05	-1.448453e-02	1.401639e+01
4.922000e-05	-1.689853e-02	1.381940e+01
4.923000e-05	-1.775413e-02	1.366853e+01
4.924000e-05	-1.714691e-02	1.348461e+01
4.925000e-05	-1.457005e-02	1.331363e+01
4.926000e-05	-1.425724e-02	1.317477e+01
4.927000e-05	-1.438946e-02	1.296687e+01
4.928000e-05	-1.187698e-02	1.283684e+01
4.929000e-05	-9.763140e-03	1.263885e+01
4.930000e-05	-9.006130e-03	1.248895e+01
4.931000e-05	-1.118471e-02	1.224995e+01
4.932000e-05	-1.129796e-02	1.201885e+01
4.933000e-05	-1.137817e-02	1.185037e+01
4.934000e-05	-1.011399e-02	1.161787e+01
4.935000e-05	-1.047112e-02	1.138619e+01
4.936000e-05	-1.060370e-02	1.116616e+01
4.937000e-05	-9.606054e-03	1.091418e+01
4.938000e-05	-7.369719e-03	1.070366e+01
4.939000e-05	-5.559654e-03	1.047103e+01
4.940000e-05	-7.360592e-03	1.027138e+01
4.941000e-05	-8.450175e-03	1.003087e+01
4.942000e-05	-8.754322e-03	9.754215e+00
4.943000e-05	-7.750778e-03	9.523662e+00
4.944000e-05	-8.732895e-03	9.302585e+00
4.945000e-05	-8.925532e-03	9.039496e+00
4.946000e-05	-7.380554e-03	8.776790e+00
4.947000e-05	-5.577783e-03	8.555239e+00
4.948000e-05	-4.818991e-03	8.314130e+00
4.949000e-05	-6.199340e-03	8.029525e+00
4.950000e-05	-7.586074e-03	7.766791e+00
4.951000e-05	-7.042028e-03	7.513084e+00
4.952000e-05	-6.493705e-03	7.178271e+00
4.953000e-05	-7.050714e-03	6.914639e+00
4.954000e-05	-8.080685e-03	6.690508e+00
4.955000e-05	-6.152092e-03	6.346391e+00
4.956000e-05	-6.929290e-03	6.124635e+00
4.957000e-05	-5.674686e-03	5.850878e+00
4.958000e-05	-6.536099e-03	5.545261e+00
4.959000e-05	-5.289668e-03	5.249479e+00
4.960000e-05	-5.288247e-03	4.902636e+00
4.961000e-05	-5.268611e-03	4.609418e+00
4.962000e-05	-6.842783e-03	4.336789e+00
4.963000e-05	-7.984092e-03	3.991949e+00
4.964000e-05	-6.428064e-03	3.735266e+00
4.965000e-05	-5.374550e-03	3.494005e+00
4.966000e-05	-5.162971e-03	3.146794e+00
4.967000e-05	-5.886861e-03	2.863058e+00
4.968000e-05	-6.213217e-03	2.588343e+00
4.969000e-05	-5.806454e-03	2.274031e+00
4.970000e-05	-6.804945e-03	2.009424e+00
4.971000e-05	-6.733292e-03	1.642187e+00
4.972000e-05	-6.206302e-03	1.387326e+00
4.973000e-05	-5.305268e-03	1.042024e+00
4.974000e-05	-4.937376e-03	7.256644e-01
4.975000e-05	-5.430695e-03	4.610603e-01
4.976000e-05	-5.089266e-03	1.557684e-01
4.977000e-05	-2.607928e-04	-1.369448e-01
4.978000e-05	9.493623e-03	-4.116263e-01
4.979000e-05	-2.133174e-03	-7.363958e-01
4.980000e-05	3.657432e-03	-9.590974e-01
4.981000e-05	-3.737702e-03	-1.262886e+00
4.982000e-05	1.156026e-03	-1.569073e+00
4.983000e-05	9.965345e-03	-1.842658e+00
4.984000e-05	8.249153e-02	-2.083809e+00
4.985000e-05	7.380437e-02	-2.381679e+00
4.986000e-05	-7.801027e-02	-2.854337e+00
4.987000e-05	-1.641219e-02	-3.223258e+00
4.988000e-05	-4.604964e-02	-3.512709e+00
4.989000e-05	-6.212566e-02	-3.676790e+00
4.990000e-05	1.747115e-02	-3.936337e+00
4.991000e-05	1.210153e-01	-4.106947e+00
4.992000e-05	-1.552866e-01	-4.461682e+00
4.993000e-05	1.795555e-01	-4.714390e+00
4.994000e-05	-9.094009e-02	-5.019179e+00
4.995000e-05	1.962992e-02	-5.399000e+00
4.996000e-05	4.368779e-02	-5.650152e+00
4.997000e-05	-1.356472e-01	-5.947044e+00
4.998000e-05	1.762114e-01	-6.197022e+00
4.999000e-05	-9.916114e-02	-6.503363e+00
