# 260528_14:50:33.516114
t	CH1	CH2
0.000000e+00	3.434460e-03	-2.604760e-01
1.000000e-08	7.262788e-03	-5.255815e-01
2.000000e-08	-2.760347e-03	-8.105036e-01
3.000000e-08	2.295498e-03	-1.102531e+00
4.000000e-08	-3.376187e-03	-1.438901e+00
5.000000e-08	1.905093e-03	-1.663507e+00
6.000000e-08	2.446460e-02	-1.915158e+00
7.000000e-08	1.238424e-01	-2.196763e+00
8.000000e-08	-5.832463e-03	-2.587791e+00
9.000000e-08	-6.672157e-02	-3.048296e+00
1.000000e-07	-1.671168e-02	-3.326762e+00
1.100000e-07	-4.456131e-02	-3.566720e+00
1.200000e-07	-8.979358e-02	-3.797296e+00
1.300000e-07	1.376105e-01	-3.947347e+00
1.400000e-07	-1.282145e-02	-4.229371e+00
1.500000e-07	-8.386728e-02	-4.547216e+00
1.600000e-07	1.994229e-01	-4.777896e+00
1.700000e-07	-2.217456e-01	-5.145140e+00
1.800000e-07	1.971549e-01	-5.515133e+00
1.900000e-07	-1.371909e-01	-5.714135e+00
2.000000e-07	-8.660019e-03	-6.070976e+00
2.100000e-07	1.429219e-01	-6.261006e+00
2.200000e-07	-1.549213e-01	-6.617321e+00
2.300000e-07	1.972663e-01	-6.883133e+00
2.400000e-07	-1.912860e-01	-7.175771e+00
2.500000e-07	1.061440e-01	-7.482137e+00
2.600000e-07	-2.089720e-02	-7.735643e+00
2.700000e-07	-3.928969e-02	-8.058533e+00
2.800000e-07	1.304804e-01	-8.232528e+00
2.900000e-07	-1.578993e-01	-8.564587e+00
3.000000e-07	1.771863e-01	-8.816901e+00
3.100000e-07	-1.373999e-01	-9.010553e+00
3.200000e-07	6.361561e-02	-9.303116e+00
3.300000e-07	-4.038540e-02	-9.493734e+00
3.400000e-07	1.681308e-02	-9.787422e+00
3.500000e-07	8.238504e-02	-9.965821e+00
3.600000e-07	-7.899832e-02	-1.025848e+01
3.700000e-07	8.553509e-02	-1.049263e+01
3.800000e-07	-1.149319e-01	-1.067324e+01
3.900000e-07	1.051611e-01	-1.095474e+01
4.000000e-07	-7.658992e-02	-1.109579e+01
4.100000e-07	6.705785e-02	-1.134685e+01
4.200000e-07	-3.629762e-02	-1.160687e+01
4.300000e-07	4.391265e-02	-1.187006e+01
4.400000e-07	-1.689524e-03	-1.199156e+01
4.500000e-07	-1.440645e-02	-1.224011e+01
4.600000e-07	2.279655e-03	-1.242053e+01
4.700000e-07	-1.403069e-02	-1.262856e+01
4.800000e-07	4.867199e-02	-1.282840e+01
4.900000e-07	-2.015586e-02	-1.300848e+01
5.000000e-07	2.343491e-02	-1.317690e+01
5.100000e-07	-3.059249e-02	-1.335324e+01
5.200000e-07	3.599632e-02	-1.348374e+01
5.300000e-07	-1.429033e-02	-1.365159e+01
5.400000e-07	2.160250e-02	-1.384061e+01
5.500000e-07	-1.317840e-02	-1.396690e+01
5.600000e-07	2.573924e-02	-1.417740e+01
5.700000e-07	2.413728e-03	-1.429423e+01
5.800000e-07	5.096439e-03	-1.447219e+01
5.900000e-07	-1.241585e-02	-1.455592e+01
6.000000e-07	8.950889e-03	-1.469474e+01
6.100000e-07	1.987208e-02	-1.480093e+01
6.200000e-07	1.271197e-02	-1.492632e+01
6.300000e-07	6.052811e-03	-1.502063e+01
6.400000e-07	-3.851414e-03	-1.514585e+01
6.500000e-07	1.787749e-02	-1.521961e+01
6.600000e-07	5.019683e-03	-1.533482e+01
6.700000e-07	1.217206e-02	-1.538953e+01
6.800000e-07	1.170411e-04	-1.549632e+01
6.900000e-07	2.017995e-02	-1.558950e+01
7.000000e-07	1.520053e-02	-1.563214e+01
7.100000e-07	1.253785e-02	-1.570492e+01
7.200000e-07	2.331269e-04	-1.577956e+01
7.300000e-07	1.145530e-02	-1.588061e+01
7.400000e-07	2.184274e-02	-1.588289e+01
7.500000e-07	2.162150e-02	-1.589597e+01
7.600000e-07	1.510694e-02	-1.596693e+01
7.700000e-07	1.193976e-02	-1.599858e+01
7.800000e-07	2.109458e-02	-1.602217e+01
7.900000e-07	2.291463e-02	-1.604169e+01
8.000000e-07	1.946453e-02	-1.605211e+01
8.100000e-07	1.929384e-02	-1.607282e+01
8.200000e-07	2.958019e-02	-1.607279e+01
8.300000e-07	3.862081e-02	-1.605182e+01
8.400000e-07	3.526600e-02	-1.605234e+01
8.500000e-07	3.126598e-02	-1.605224e+01
8.600000e-07	3.767370e-02	-1.604016e+01
8.700000e-07	5.236266e-02	-1.600161e+01
8.800000e-07	6.350671e-02	-1.598945e+01
8.900000e-07	7.198735e-02	-1.595797e+01
9.000000e-07	9.057643e-02	-1.592489e+01
9.100000e-07	1.262528e-01	-1.586114e+01
9.200000e-07	1.754982e-01	-1.578805e+01
9.300000e-07	2.294726e-01	-1.573443e+01
9.400000e-07	2.499659e-01	-1.565331e+01
9.500000e-07	2.500000e-01	-1.558910e+01
9.600000e-07	2.490700e-01	-1.551505e+01
9.700000e-07	2.071634e-01	-1.540966e+01
9.800000e-07	1.325870e-01	-1.527753e+01
9.900000e-07	8.833501e-02	-1.520167e+01
1.000000e-06	6.631413e-02	-1.515747e+01
1.010000e-06	5.094941e-02	-1.500377e+01
1.020000e-06	3.218048e-02	-1.495748e+01
1.030000e-06	2.238802e-02	-1.483266e+01
1.040000e-06	2.032911e-02	-1.471550e+01
1.050000e-06	2.063687e-02	-1.459958e+01
1.060000e-06	1.270749e-02	-1.448132e+01
1.070000e-06	5.664928e-03	-1.431647e+01
1.080000e-06	6.353915e-03	-1.416855e+01
1.090000e-06	1.048586e-02	-1.398116e+01
1.100000e-06	9.708120e-03	-1.384218e+01
1.110000e-06	2.679391e-03	-1.366442e+01
1.120000e-06	-1.477985e-04	-1.353600e+01
1.130000e-06	2.746618e-03	-1.336956e+01
1.140000e-06	4.799704e-03	-1.319926e+01
1.150000e-06	3.983031e-04	-1.303224e+01
1.160000e-06	-2.237639e-03	-1.285434e+01
1.170000e-06	6.561796e-05	-1.268377e+01
1.180000e-06	2.737364e-03	-1.247482e+01
1.190000e-06	1.005781e-03	-1.227492e+01
1.200000e-06	-5.016913e-03	-1.209595e+01
1.210000e-06	-4.616173e-03	-1.190642e+01
1.220000e-06	-9.438630e-04	-1.168530e+01
1.230000e-06	1.067804e-03	-1.135084e+01
1.240000e-06	-3.310785e-03	-1.118013e+01
1.250000e-06	-5.079737e-03	-1.096706e+01
1.260000e-06	-3.933767e-03	-1.075803e+01
1.270000e-06	-1.854703e-03	-1.056808e+01
1.280000e-06	-3.878191e-03	-1.031542e+01
1.290000e-06	-6.255671e-03	-1.005427e+01
1.300000e-06	-5.394557e-03	-9.821814e+00
1.310000e-06	-2.966559e-03	-9.642786e+00
1.320000e-06	-3.329802e-03	-9.361653e+00
1.330000e-06	-7.013851e-03	-9.145998e+00
1.340000e-06	-8.221069e-03	-8.936344e+00
1.350000e-06	-5.101866e-03	-8.622762e+00
1.360000e-06	-3.950803e-03	-8.368677e+00
1.370000e-06	-6.730218e-03	-8.116572e+00
1.380000e-06	-8.680463e-03	-7.834292e+00
1.390000e-06	-7.711294e-03	-7.577504e+00
1.400000e-06	-4.934595e-03	-7.256396e+00
1.410000e-06	-6.603523e-03	-7.031188e+00
1.420000e-06	-8.182977e-03	-6.757996e+00
1.430000e-06	-9.251398e-03	-6.507347e+00
1.440000e-06	-5.112316e-03	-6.174786e+00
1.450000e-06	-5.583344e-03	-5.926999e+00
1.460000e-06	-7.493160e-03	-5.644890e+00
1.470000e-06	-1.062046e-02	-5.347604e+00
1.480000e-06	-7.374220e-03	-5.063317e+00
1.490000e-06	-6.432329e-03	-4.726947e+00
1.500000e-06	-6.815440e-03	-4.443209e+00
1.510000e-06	-1.021559e-02	-4.211606e+00
1.520000e-06	-9.769416e-03	-3.854371e+00
1.530000e-06	-7.961406e-03	-3.591204e+00
1.540000e-06	-6.831503e-03	-3.357447e+00
1.550000e-06	-9.513850e-03	-3.043334e+00
1.560000e-06	-8.699944e-03	-2.737520e+00
1.570000e-06	-7.591792e-03	-2.372807e+00
1.580000e-06	-6.341037e-03	-2.129951e+00
1.590000e-06	-8.970156e-03	-1.824812e+00
1.600000e-06	-1.237756e-02	-1.590154e+00
1.610000e-06	-9.769644e-03	-1.191656e+00
1.620000e-06	-8.117589e-03	-9.369424e-01
1.630000e-06	-7.376420e-03	-6.117606e-01
1.640000e-06	-8.020566e-03	-3.063935e-01
1.650000e-06	-5.832686e-03	-3.418327e-02
1.660000e-06	6.699441e-03	2.824474e-01
1.670000e-06	-1.071023e-03	5.362131e-01
1.680000e-06	3.005196e-05	7.683722e-01
1.690000e-06	-4.832932e-03	1.132058e+00
1.700000e-06	-1.492933e-03	1.367291e+00
1.710000e-06	-1.175854e-03	1.714634e+00
1.720000e-06	1.395130e-02	1.946916e+00
1.730000e-06	6.453286e-02	2.218423e+00
1.740000e-06	8.485839e-02	2.536165e+00
1.750000e-06	-9.804239e-02	2.905134e+00
1.760000e-06	-2.662511e-02	3.177421e+00
1.770000e-06	-4.452342e-02	3.516087e+00
1.780000e-06	-2.832984e-02	3.757295e+00
1.790000e-06	-8.887163e-02	3.946797e+00
1.800000e-06	1.393395e-01	4.230501e+00
1.810000e-06	-4.309422e-02	4.558289e+00
1.820000e-06	-4.003039e-02	4.788995e+00
1.830000e-06	1.682911e-01	5.173242e+00
1.840000e-06	-1.859527e-01	5.450556e+00
1.850000e-06	1.075743e-01	5.713739e+00
1.860000e-06	-9.155586e-02	6.021032e+00
1.870000e-06	4.374611e-02	6.281635e+00
1.880000e-06	3.071647e-02	6.608867e+00
1.890000e-06	-4.572803e-02	6.862084e+00
1.900000e-06	4.361579e-02	7.154264e+00
1.910000e-06	-8.353840e-02	7.399630e+00
1.920000e-06	6.269430e-02	7.742639e+00
1.930000e-06	-5.563776e-02	8.026979e+00
1.940000e-06	2.913571e-02	8.272159e+00
1.950000e-06	2.314393e-02	8.514215e+00
1.960000e-06	-3.796370e-02	8.746387e+00
1.970000e-06	4.605383e-02	8.986449e+00
1.980000e-06	-6.444131e-02	9.220159e+00
1.990000e-06	1.165791e-02	9.472686e+00
2.000000e-06	-1.809650e-02	9.737344e+00
2.010000e-06	3.475288e-02	9.976401e+00
2.020000e-06	-6.279214e-03	1.026008e+01
2.030000e-06	-1.155057e-02	1.042158e+01
2.040000e-06	1.985019e-03	1.066316e+01
2.050000e-06	-2.528146e-02	1.087164e+01
2.060000e-06	1.275365e-02	1.113429e+01
2.070000e-06	-2.408080e-02	1.135577e+01
2.080000e-06	1.403470e-02	1.156797e+01
2.090000e-06	-9.419967e-03	1.177855e+01
2.100000e-06	1.033299e-02	1.197798e+01
2.110000e-06	-2.389801e-02	1.217750e+01
2.120000e-06	-7.137161e-03	1.233803e+01
2.130000e-06	-9.936370e-03	1.256753e+01
2.140000e-06	8.378387e-03	1.275597e+01
2.150000e-06	-1.579764e-03	1.298538e+01
2.160000e-06	-1.111919e-02	1.310532e+01
2.170000e-06	-1.044059e-02	1.329322e+01
2.180000e-06	-1.094310e-02	1.349273e+01
2.190000e-06	-4.459894e-03	1.365067e+01
2.200000e-06	-1.522599e-02	1.377806e+01
2.210000e-06	-6.485792e-04	1.394600e+01
2.220000e-06	-6.115859e-03	1.411387e+01
2.230000e-06	2.488341e-03	1.430319e+01
2.240000e-06	-1.961467e-02	1.441913e+01
2.250000e-06	-1.578329e-02	1.454695e+01
2.260000e-06	-1.697593e-02	1.467277e+01
2.270000e-06	-2.862586e-03	1.479113e+01
2.280000e-06	-7.645756e-03	1.491379e+01
2.290000e-06	-1.355433e-02	1.500906e+01
2.300000e-06	-1.167907e-02	1.507482e+01
2.310000e-06	-1.376456e-02	1.518058e+01
2.320000e-06	-9.310693e-03	1.529632e+01
2.330000e-06	-2.016740e-02	1.540860e+01
2.340000e-06	-1.386978e-02	1.546324e+01
2.350000e-06	-1.558443e-02	1.560800e+01
2.360000e-06	-9.566804e-03	1.559911e+01
2.370000e-06	-1.995481e-02	1.565531e+01
2.380000e-06	-2.688966e-02	1.577697e+01
2.390000e-06	-2.125542e-02	1.580066e+01
2.400000e-06	-1.951657e-02	1.582974e+01
2.410000e-06	-1.178962e-02	1.591435e+01
2.420000e-06	-2.510390e-02	1.592695e+01
2.430000e-06	-2.319830e-02	1.595858e+01
2.440000e-06	-2.599294e-02	1.597816e+01
2.450000e-06	-2.752427e-02	1.601019e+01
2.460000e-06	-3.527023e-02	1.605126e+01
2.470000e-06	-3.831534e-02	1.604224e+01
2.480000e-06	-3.293975e-02	1.603071e+01
2.490000e-06	-3.129063e-02	1.606222e+01
2.500000e-06	-3.627150e-02	1.603116e+01
2.510000e-06	-4.953005e-02	1.603018e+01
2.520000e-06	-5.305683e-02	1.604159e+01
2.530000e-06	-5.972453e-02	1.595913e+01
2.540000e-06	-6.712196e-02	1.592705e+01
2.550000e-06	-8.696963e-02	1.591545e+01
2.560000e-06	-1.061621e-01	1.586327e+01
2.570000e-06	-1.390069e-01	1.582068e+01
2.580000e-06	-1.875603e-01	1.571755e+01
2.590000e-06	-2.424552e-01	1.567340e+01
2.600000e-06	-2.500000e-01	1.563276e+01
2.610000e-06	-2.500000e-01	1.557866e+01
2.620000e-06	-2.461874e-01	1.551397e+01
2.630000e-06	-1.934127e-01	1.544076e+01
2.640000e-06	-1.353844e-01	1.532545e+01
2.650000e-06	-9.558694e-02	1.522274e+01
2.660000e-06	-6.838998e-02	1.510458e+01
2.670000e-06	-5.072477e-02	1.501131e+01
2.680000e-06	-4.061980e-02	1.489447e+01
2.690000e-06	-3.596725e-02	1.476013e+01
2.700000e-06	-2.698755e-02	1.468389e+01
2.710000e-06	-2.251214e-02	1.453798e+01
2.720000e-06	-2.094069e-02	1.441018e+01
2.730000e-06	-2.336843e-02	1.425442e+01
2.740000e-06	-2.068349e-02	1.409855e+01
2.750000e-06	-1.500255e-02	1.398019e+01
2.760000e-06	-1.273053e-02	1.378178e+01
2.770000e-06	-1.291110e-02	1.367379e+01
2.780000e-06	-1.537339e-02	1.348245e+01
2.790000e-06	-1.182658e-02	1.330642e+01
2.800000e-06	-1.238505e-02	1.314811e+01
2.810000e-06	-1.099978e-02	1.295771e+01
2.820000e-06	-1.436955e-02	1.278076e+01
2.830000e-06	-1.035644e-02	1.260126e+01
2.840000e-06	-7.841126e-03	1.245242e+01
2.850000e-06	-8.598120e-03	1.222076e+01
2.860000e-06	-1.126507e-02	1.206589e+01
2.870000e-06	-1.121305e-02	1.183281e+01
2.880000e-06	-7.918949e-03	1.158126e+01
2.890000e-06	-7.471280e-03	1.138121e+01
2.900000e-06	-8.711394e-03	1.114668e+01
2.910000e-06	-1.033467e-02	1.097660e+01
2.920000e-06	-7.714276e-03	1.072561e+01
2.930000e-06	-7.230031e-03	1.050697e+01
2.940000e-06	-7.830240e-03	1.027439e+01
2.950000e-06	-7.927018e-03	1.005292e+01
2.960000e-06	-7.552316e-03	9.811211e+00
2.970000e-06	-4.310310e-03	9.556706e+00
2.980000e-06	-6.101838e-03	9.346475e+00
2.990000e-06	-7.193206e-03	9.095921e+00
3.000000e-06	-8.621705e-03	8.854864e+00
3.010000e-06	-7.336084e-03	8.561209e+00
3.020000e-06	-5.733027e-03	8.358130e+00
3.030000e-06	-6.197972e-03	8.066371e+00
3.040000e-06	-6.147045e-03	7.791708e+00
3.050000e-06	-6.271332e-03	7.519678e+00
3.060000e-06	-4.273153e-03	7.221940e+00
3.070000e-06	-6.484748e-03	6.970683e+00
3.080000e-06	-7.354434e-03	6.717053e+00
3.090000e-06	-8.090500e-03	6.450791e+00
3.100000e-06	-5.083827e-03	6.170653e+00
3.110000e-06	-6.163497e-03	5.906925e+00
3.120000e-06	-7.502307e-03	5.571284e+00
3.130000e-06	-6.796083e-03	5.338548e+00
3.140000e-06	-4.713691e-03	4.982885e+00
3.150000e-06	-4.166837e-03	4.655416e+00
3.160000e-06	-6.454220e-03	4.433188e+00
3.170000e-06	-6.946740e-03	4.097019e+00
3.180000e-06	-6.533850e-03	3.802758e+00
3.190000e-06	-5.789487e-03	3.519075e+00
3.200000e-06	-6.589729e-03	3.233911e+00
3.210000e-06	-7.349817e-03	2.968654e+00
3.220000e-06	-8.832279e-03	2.685399e+00
3.230000e-06	-4.487180e-03	2.369578e+00
3.240000e-06	-5.897545e-03	2.076413e+00
3.250000e-06	-4.277972e-03	1.794678e+00
3.260000e-06	-5.130536e-03	1.465342e+00
3.270000e-06	-5.265416e-03	1.201679e+00
3.280000e-06	-3.267795e-03	8.118608e-01
3.290000e-06	-7.453159e-03	5.385451e-01
3.300000e-06	-6.543995e-03	3.054383e-01
3.310000e-06	-5.768941e-03	-5.902620e-02
3.320000e-06	9.115754e-03	-3.136817e-01
3.330000e-06	3.495196e-03	-6.072379e-01
3.340000e-06	2.740901e-03	-8.541039e-01
3.350000e-06	-6.966653e-04	-1.155662e+00
3.360000e-06	1.381871e-03	-1.451001e+00
3.370000e-06	1.002319e-03	-1.735562e+00
3.380000e-06	3.601023e-02	-1.977767e+00
3.390000e-06	1.371502e-01	-2.322956e+00
3.400000e-06	-5.982632e-02	-2.689426e+00
3.410000e-06	-3.526921e-02	-3.132535e+00
3.420000e-06	-3.461584e-02	-3.338368e+00
3.430000e-06	-3.890772e-02	-3.618423e+00
3.440000e-06	-9.219480e-02	-3.840401e+00
3.450000e-06	1.955293e-01	-4.020401e+00
3.460000e-06	-1.201908e-01	-4.272533e+00
3.470000e-06	4.016144e-02	-4.618372e+00
3.480000e-06	1.267971e-01	-4.798956e+00
3.490000e-06	-1.901176e-01	-5.239349e+00
3.500000e-06	2.106588e-01	-5.524317e+00
3.510000e-06	-2.131926e-01	-5.808268e+00
3.520000e-06	1.070044e-01	-6.111586e+00
3.530000e-06	4.892753e-02	-6.305163e+00
3.540000e-06	-8.074462e-02	-6.671109e+00
3.550000e-06	1.630694e-01	-6.952692e+00
3.560000e-06	-2.078381e-01	-7.207872e+00
3.570000e-06	1.644824e-01	-7.513208e+00
3.580000e-06	-1.059835e-01	-7.776371e+00
3.590000e-06	5.006920e-02	-8.104138e+00
3.600000e-06	5.702432e-02	-8.282107e+00
3.610000e-06	-1.057836e-01	-8.618349e+00
3.620000e-06	1.689287e-01	-8.881531e+00
3.630000e-06	-1.694854e-01	-9.081608e+00
3.640000e-06	1.122623e-01	-9.345318e+00
3.650000e-06	-1.030353e-01	-9.526292e+00
3.660000e-06	9.127857e-02	-9.799005e+00
3.670000e-06	1.069763e-02	-9.998975e+00
3.680000e-06	-2.156544e-02	-1.028361e+01
3.690000e-06	4.030329e-02	-1.050469e+01
3.700000e-06	-8.349515e-02	-1.077730e+01
3.710000e-06	9.821927e-02	-1.096535e+01
3.720000e-06	-8.570643e-02	-1.117797e+01
3.730000e-06	8.215958e-02	-1.136798e+01
3.740000e-06	-6.130900e-02	-1.163948e+01
3.750000e-06	7.097155e-02	-1.187269e+01
3.760000e-06	-3.359247e-02	-1.206916e+01
3.770000e-06	1.080982e-02	-1.223323e+01
3.780000e-06	-1.794945e-02	-1.244011e+01
3.790000e-06	1.457356e-02	-1.264158e+01
3.800000e-06	3.243270e-02	-1.281155e+01
3.810000e-06	-1.206706e-02	-1.302950e+01
3.820000e-06	1.017958e-02	-1.315940e+01
3.830000e-06	-2.340621e-02	-1.339642e+01
3.840000e-06	3.238353e-02	-1.352579e+01
3.850000e-06	-1.506424e-02	-1.366274e+01
3.860000e-06	2.181840e-02	-1.388071e+01
3.870000e-06	-1.152540e-02	-1.399005e+01
3.880000e-06	3.236518e-02	-1.420748e+01
3.890000e-06	-2.994216e-03	-1.430379e+01
3.900000e-06	4.228086e-03	-1.447119e+01
3.910000e-06	-1.660318e-02	-1.457648e+01
3.920000e-06	1.632489e-02	-1.473529e+01
3.930000e-06	1.641133e-02	-1.479906e+01
3.940000e-06	1.543474e-02	-1.496503e+01
3.950000e-06	9.257206e-05	-1.504166e+01
3.960000e-06	2.059998e-03	-1.515845e+01
3.970000e-06	1.532623e-02	-1.526171e+01
3.980000e-06	8.285093e-03	-1.531587e+01
3.990000e-06	7.779196e-03	-1.542919e+01
4.000000e-06	2.979871e-03	-1.554542e+01
4.010000e-06	2.137928e-02	-1.557903e+01
4.020000e-06	1.536554e-02	-1.569219e+01
4.030000e-06	9.884331e-03	-1.573287e+01
4.040000e-06	-4.236711e-04	-1.580703e+01
4.050000e-06	1.529671e-02	-1.585276e+01
4.060000e-06	2.429995e-02	-1.593336e+01
4.070000e-06	2.188904e-02	-1.590695e+01
4.080000e-06	1.146903e-02	-1.593898e+01
4.090000e-06	1.308383e-02	-1.600953e+01
4.100000e-06	2.163717e-02	-1.601013e+01
4.110000e-06	2.377627e-02	-1.605181e+01
4.120000e-06	1.841301e-02	-1.607329e+01
4.130000e-06	2.056803e-02	-1.603332e+01
4.140000e-06	3.192104e-02	-1.606431e+01
4.150000e-06	3.945617e-02	-1.608336e+01
4.160000e-06	3.400158e-02	-1.604331e+01
4.170000e-06	3.061165e-02	-1.603181e+01
4.180000e-06	3.967884e-02	-1.603911e+01
4.190000e-06	5.630330e-02	-1.597056e+01
4.200000e-06	6.601303e-02	-1.598858e+01
4.210000e-06	7.314481e-02	-1.591645e+01
4.220000e-06	9.522806e-02	-1.587377e+01
4.230000e-06	1.341168e-01	-1.585916e+01
4.240000e-06	1.880864e-01	-1.577818e+01
4.250000e-06	2.365875e-01	-1.570447e+01
4.260000e-06	2.499990e-01	-1.564326e+01
4.270000e-06	2.500000e-01	-1.559906e+01
4.280000e-06	2.462772e-01	-1.553292e+01
4.290000e-06	1.916463e-01	-1.539006e+01
4.300000e-06	1.199522e-01	-1.530495e+01
4.310000e-06	8.148266e-02	-1.519026e+01
4.320000e-06	6.292341e-02	-1.512442e+01
4.330000e-06	4.729850e-02	-1.504028e+01
4.340000e-06	2.958792e-02	-1.492647e+01
4.350000e-06	2.127438e-02	-1.478711e+01
4.360000e-06	2.124502e-02	-1.466277e+01
4.370000e-06	2.018751e-02	-1.455753e+01
4.380000e-06	1.081691e-02	-1.442268e+01
4.390000e-06	4.116986e-03	-1.429244e+01
4.400000e-06	6.294366e-03	-1.410600e+01
4.410000e-06	1.144029e-02	-1.399961e+01
4.420000e-06	8.752596e-03	-1.379078e+01
4.430000e-06	1.512042e-03	-1.361529e+01
4.440000e-06	7.711506e-04	-1.349344e+01
4.450000e-06	4.059584e-03	-1.332547e+01
4.460000e-06	4.573399e-03	-1.316810e+01
4.470000e-06	2.517054e-04	-1.296961e+01
4.480000e-06	-2.668901e-03	-1.280971e+01
4.490000e-06	1.180415e-03	-1.264333e+01
4.500000e-06	3.363934e-03	-1.245324e+01
4.510000e-06	1.961052e-04	-1.223289e+01
4.520000e-06	-5.659419e-03	-1.207282e+01
4.530000e-06	-4.035470e-03	-1.186374e+01
4.540000e-06	-5.251632e-04	-1.160276e+01
4.550000e-06	5.301479e-04	-1.135060e+01
4.560000e-06	-4.397909e-03	-1.111760e+01
4.570000e-06	-5.803124e-03	-1.090645e+01
4.580000e-06	-2.883746e-03	-1.072855e+01
4.590000e-06	-1.840598e-03	-1.055547e+01
4.600000e-06	-4.685664e-03	-1.027376e+01
4.610000e-06	-8.169696e-03	-1.002176e+01
4.620000e-06	-5.319784e-03	-9.801183e+00
4.630000e-06	-2.270783e-03	-9.562161e+00
4.640000e-06	-3.082303e-03	-9.287974e+00
4.650000e-06	-7.261991e-03	-9.042267e+00
4.660000e-06	-8.108100e-03	-8.812241e+00
4.670000e-06	-4.841657e-03	-8.600183e+00
4.680000e-06	-3.133172e-03	-8.336595e+00
4.690000e-06	-9.322531e-03	-8.065365e+00
4.700000e-06	-7.448007e-03	-7.795209e+00
4.710000e-06	-7.319948e-03	-7.556447e+00
4.720000e-06	-2.196735e-03	-7.223312e+00
4.730000e-06	-5.726859e-03	-6.938583e+00
4.740000e-06	-9.656293e-03	-6.695918e+00
4.750000e-06	-8.303388e-03	-6.432786e+00
4.760000e-06	-7.051148e-03	-6.180078e+00
4.770000e-06	-7.180639e-03	-5.855893e+00
4.780000e-06	-9.308080e-03	-5.611131e+00
4.790000e-06	-8.861572e-03	-5.304844e+00
4.800000e-06	-4.977264e-03	-5.000653e+00
4.810000e-06	-3.796649e-03	-4.653365e+00
4.820000e-06	-7.046811e-03	-4.369657e+00
4.830000e-06	-1.015190e-02	-4.118024e+00
4.840000e-06	-1.051254e-02	-3.843242e+00
4.850000e-06	-8.040122e-03	-3.568577e+00
4.860000e-06	-9.942269e-03	-3.266345e+00
4.870000e-06	-9.183809e-03	-2.958628e+00
4.880000e-06	-9.276344e-03	-2.684342e+00
4.890000e-06	-5.564929e-03	-2.381678e+00
4.900000e-06	-6.385520e-03	-2.085810e+00
4.910000e-06	-8.668101e-03	-1.801683e+00
4.920000e-06	-1.140519e-02	-1.525924e+00
4.930000e-06	-9.321391e-03	-1.129549e+00
4.940000e-06	-9.124336e-03	-8.637883e-01
4.950000e-06	-8.179116e-03	-5.600513e-01
4.960000e-06	-8.327085e-03	-2.563145e-01
4.970000e-06	-4.713983e-03	3.837599e-02
4.980000e-06	9.778195e-03	3.542094e-01
4.990000e-06	-4.242696e-03	5.588170e-01
5.000000e-06	2.556790e-03	8.194060e-01
5.010000e-06	-7.150291e-03	1.176268e+00
5.020000e-06	1.289287e-03	1.460501e+00
5.030000e-06	-2.952502e-03	1.765896e+00
5.040000e-06	2.111057e-02	2.009349e+00
5.050000e-06	8.155558e-02	2.261581e+00
5.060000e-06	4.987729e-02	2.628875e+00
5.070000e-06	-9.756217e-02	2.947367e+00
5.080000e-06	-2.406824e-02	3.222031e+00
5.090000e-06	-4.059652e-02	3.585397e+00
5.100000e-06	-4.825203e-02	3.809472e+00
5.110000e-06	-5.866108e-02	3.977899e+00
5.120000e-06	1.674407e-01	4.264737e+00
5.130000e-06	-1.275257e-01	4.610531e+00
5.140000e-06	6.752105e-02	4.901533e+00
5.150000e-06	8.313792e-02	5.267926e+00
5.160000e-06	-1.516674e-01	5.505715e+00
5.170000e-06	1.113273e-01	5.768845e+00
5.180000e-06	-1.195644e-01	6.113213e+00
5.190000e-06	9.619721e-02	6.366314e+00
5.200000e-06	-1.650925e-02	6.631057e+00
5.210000e-06	-1.306444e-02	6.944763e+00
5.220000e-06	1.419553e-02	7.179922e+00
5.230000e-06	-6.780221e-02	7.492180e+00
5.240000e-06	6.476455e-02	7.759894e+00
5.250000e-06	-7.369194e-02	8.042209e+00
5.260000e-06	5.836615e-02	8.304766e+00
5.270000e-06	-4.593472e-03	8.589845e+00
5.280000e-06	-1.638006e-02	8.785999e+00
5.290000e-06	3.531656e-02	9.062104e+00
5.300000e-06	-7.163268e-02	9.301613e+00
5.310000e-06	2.916601e-02	9.525242e+00
5.320000e-06	-3.060879e-02	9.788475e+00
5.330000e-06	5.227290e-02	1.002153e+01
5.340000e-06	-3.001898e-02	1.025116e+01
5.350000e-06	6.459138e-03	1.048322e+01
5.360000e-06	-1.284873e-02	1.073547e+01
5.370000e-06	-1.407258e-02	1.096532e+01
5.380000e-06	7.818525e-03	1.113494e+01
5.390000e-06	-2.385003e-02	1.139798e+01
5.400000e-06	1.935975e-02	1.160008e+01
5.410000e-06	-1.474031e-02	1.184063e+01
5.420000e-06	1.490667e-02	1.205061e+01
5.430000e-06	-3.256179e-02	1.225966e+01
5.440000e-06	8.899090e-04	1.242009e+01
5.450000e-06	-1.314513e-02	1.261903e+01
5.460000e-06	1.276461e-02	1.279953e+01
5.470000e-06	-6.349547e-03	1.299845e+01
5.480000e-06	-1.126405e-02	1.313750e+01
5.490000e-06	-1.018315e-02	1.330440e+01
5.500000e-06	-1.064436e-02	1.348376e+01
5.510000e-06	-3.957255e-03	1.363219e+01
5.520000e-06	-1.759472e-02	1.384853e+01
5.530000e-06	2.211434e-04	1.397758e+01
5.540000e-06	-6.415950e-03	1.413448e+01
5.550000e-06	5.767208e-04	1.432587e+01
5.560000e-06	-2.134759e-02	1.444311e+01
5.570000e-06	-1.607363e-02	1.457750e+01
5.580000e-06	-1.347328e-02	1.472534e+01
5.590000e-06	-3.558095e-03	1.485111e+01
5.600000e-06	-7.606810e-03	1.493589e+01
5.610000e-06	-1.524013e-02	1.503013e+01
5.620000e-06	-1.093778e-02	1.513484e+01
5.630000e-06	-1.470312e-02	1.521014e+01
5.640000e-06	-9.691739e-03	1.534445e+01
5.650000e-06	-2.020565e-02	1.540013e+01
5.660000e-06	-1.430677e-02	1.551394e+01
5.670000e-06	-1.291400e-02	1.560803e+01
5.680000e-06	-1.240880e-02	1.563171e+01
5.690000e-06	-2.136263e-02	1.566384e+01
5.700000e-06	-2.759900e-02	1.579810e+01
5.710000e-06	-2.114926e-02	1.579961e+01
5.720000e-06	-1.830008e-02	1.588440e+01
5.730000e-06	-1.497796e-02	1.592637e+01
5.740000e-06	-2.564357e-02	1.596600e+01
5.750000e-06	-2.414540e-02	1.597953e+01
5.760000e-06	-2.599375e-02	1.601766e+01
5.770000e-06	-2.901099e-02	1.599019e+01
5.780000e-06	-3.451456e-02	1.607111e+01
5.790000e-06	-3.612480e-02	1.604174e+01
5.800000e-06	-3.117088e-02	1.602219e+01
5.810000e-06	-3.279927e-02	1.606266e+01
5.820000e-06	-3.993079e-02	1.603281e+01
5.830000e-06	-5.144296e-02	1.602171e+01
5.840000e-06	-5.547388e-02	1.598921e+01
5.850000e-06	-6.136693e-02	1.596911e+01
5.860000e-06	-7.156412e-02	1.595653e+01
5.870000e-06	-8.981753e-02	1.590437e+01
5.880000e-06	-1.114200e-01	1.585187e+01
5.890000e-06	-1.450428e-01	1.574066e+01
5.900000e-06	-2.007161e-01	1.572803e+01
5.910000e-06	-2.463021e-01	1.566394e+01
5.920000e-06	-2.500000e-01	1.562171e+01
5.930000e-06	-2.500000e-01	1.552753e+01
5.940000e-06	-2.404250e-01	1.545289e+01
5.950000e-06	-1.806016e-01	1.542013e+01
5.960000e-06	-1.260945e-01	1.528600e+01
5.970000e-06	-8.847053e-02	1.522918e+01
5.980000e-06	-6.245854e-02	1.509342e+01
5.990000e-06	-4.699220e-02	1.496871e+01
6.000000e-06	-3.964452e-02	1.488482e+01
6.010000e-06	-3.460290e-02	1.474913e+01
6.020000e-06	-2.570654e-02	1.464174e+01
6.030000e-06	-2.298905e-02	1.449705e+01
6.040000e-06	-2.247865e-02	1.436063e+01
6.050000e-06	-2.207978e-02	1.425239e+01
6.060000e-06	-1.827607e-02	1.407745e+01
6.070000e-06	-1.161351e-02	1.395755e+01
6.080000e-06	-1.338944e-02	1.377861e+01
6.090000e-06	-1.359396e-02	1.357069e+01
6.100000e-06	-1.487006e-02	1.343182e+01
6.110000e-06	-1.147749e-02	1.329442e+01
6.120000e-06	-1.281526e-02	1.312642e+01
6.130000e-06	-1.226941e-02	1.294700e+01
6.140000e-06	-1.305962e-02	1.276908e+01
6.150000e-06	-1.013236e-02	1.257971e+01
6.160000e-06	-7.470163e-03	1.235224e+01
6.170000e-06	-9.580438e-03	1.221023e+01
6.180000e-06	-1.071641e-02	1.198166e+01
6.190000e-06	-1.114003e-02	1.180071e+01
6.200000e-06	-7.105645e-03	1.154866e+01
6.210000e-06	-8.399908e-03	1.134958e+01
6.220000e-06	-8.235406e-03	1.107602e+01
6.230000e-06	-8.967116e-03	1.091650e+01
6.240000e-06	-6.397799e-03	1.067510e+01
6.250000e-06	-6.415167e-03	1.047542e+01
6.260000e-06	-8.545984e-03	1.022279e+01
6.270000e-06	-8.459298e-03	1.000168e+01
6.280000e-06	-8.147205e-03	9.748556e+00
6.290000e-06	-5.514123e-03	9.476447e+00
6.300000e-06	-6.811017e-03	9.284345e+00
6.310000e-06	-7.309747e-03	8.991813e+00
6.320000e-06	-7.607321e-03	8.727281e+00
6.330000e-06	-5.977665e-03	8.548598e+00
6.340000e-06	-5.777492e-03	8.265448e+00
6.350000e-06	-7.142826e-03	8.013788e+00
6.360000e-06	-6.597000e-03	7.759626e+00
6.370000e-06	-6.160756e-03	7.454975e+00
6.380000e-06	-5.863363e-03	7.221234e+00
6.390000e-06	-5.904732e-03	6.947025e+00
6.400000e-06	-7.459528e-03	6.683867e+00
6.410000e-06	-6.947138e-03	6.368156e+00
6.420000e-06	-5.859462e-03	6.126520e+00
6.430000e-06	-5.858037e-03	5.856266e+00
6.440000e-06	-6.435783e-03	5.569177e+00
6.450000e-06	-6.183599e-03	5.285948e+00
6.460000e-06	-6.010481e-03	4.896999e+00
6.470000e-06	-5.532108e-03	4.623286e+00
6.480000e-06	-6.164932e-03	4.399654e+00
6.490000e-06	-6.750034e-03	4.015412e+00
6.500000e-06	-6.442885e-03	3.770627e+00
6.510000e-06	-5.628486e-03	3.456971e+00
6.520000e-06	-4.934750e-03	3.200683e+00
6.530000e-06	-6.410129e-03	2.936917e+00
6.540000e-06	-5.707242e-03	2.622817e+00
6.550000e-06	-5.839980e-03	2.306896e+00
6.560000e-06	-5.951897e-03	2.013708e+00
6.570000e-06	-6.477523e-03	1.810175e+00
6.580000e-06	-6.236017e-03	1.421763e+00
6.590000e-06	-5.704060e-03	1.107473e+00
6.600000e-06	-4.957743e-03	7.706729e-01
6.610000e-06	-5.075460e-03	4.868224e-01
6.620000e-06	-4.628518e-03	1.727043e-01
6.630000e-06	-2.374425e-03	-9.310377e-02
6.640000e-06	1.147724e-02	-3.742919e-01
6.650000e-06	-1.893822e-03	-6.793724e-01
6.660000e-06	4.816786e-03	-9.237130e-01
6.670000e-06	-4.278304e-03	-1.198372e+00
6.680000e-06	2.855502e-03	-1.537684e+00
6.690000e-06	8.228169e-04	-1.776820e+00
6.700000e-06	5.383442e-02	-2.030395e+00
6.710000e-06	1.355761e-01	-2.372634e+00
6.720000e-06	-9.377228e-02	-2.785735e+00
6.730000e-06	-1.367177e-02	-3.206794e+00
6.740000e-06	-4.985233e-02	-3.401472e+00
6.750000e-06	-3.992123e-02	-3.609529e+00
6.760000e-06	-6.814674e-02	-3.909980e+00
6.770000e-06	2.103136e-01	-4.051504e+00
6.780000e-06	-1.977587e-01	-4.387714e+00
6.790000e-06	1.617546e-01	-4.612130e+00
6.800000e-06	1.489675e-02	-4.883513e+00
6.810000e-06	-1.092665e-01	-5.323110e+00
6.820000e-06	1.712573e-01	-5.547792e+00
6.830000e-06	-2.250645e-01	-5.860450e+00
6.840000e-06	1.957577e-01	-6.185241e+00
6.850000e-06	-5.853962e-02	-6.386846e+00
6.860000e-06	1.769233e-02	-6.754613e+00
6.870000e-06	8.041584e-02	-7.005767e+00
6.880000e-06	-1.711580e-01	-7.311663e+00
6.890000e-06	1.777235e-01	-7.567344e+00
6.900000e-06	-1.576493e-01	-7.850904e+00
6.910000e-06	1.271352e-01	-8.177268e+00
6.920000e-06	-3.200318e-02	-8.344789e+00
6.930000e-06	-2.345959e-02	-8.660503e+00
6.940000e-06	1.151937e-01	-8.922239e+00
6.950000e-06	-1.547308e-01	-9.115165e+00
6.960000e-06	1.233106e-01	-9.366845e+00
6.970000e-06	-1.314689e-01	-9.629948e+00
6.980000e-06	1.446243e-01	-9.852107e+00
6.990000e-06	-5.691489e-02	-1.007201e+01
7.000000e-06	3.823872e-02	-1.032584e+01
7.010000e-06	-1.957325e-02	-1.057737e+01
7.020000e-06	-2.913923e-02	-1.082845e+01
7.030000e-06	6.101693e-02	-1.096840e+01
7.040000e-06	-6.402287e-02	-1.126051e+01
7.050000e-06	7.287079e-02	-1.143858e+01
7.060000e-06	-6.204048e-02	-1.171209e+01
7.070000e-06	8.024711e-02	-1.191382e+01
7.080000e-06	-5.399741e-02	-1.212374e+01
7.090000e-06	3.082921e-02	-1.230282e+01
7.100000e-06	-3.560911e-02	-1.251422e+01
7.110000e-06	3.984870e-02	-1.269369e+01
7.120000e-06	8.087944e-03	-1.286271e+01
7.130000e-06	3.340174e-03	-1.305166e+01
7.140000e-06	-6.819496e-03	-1.324006e+01
7.150000e-06	-6.720050e-03	-1.342850e+01
7.160000e-06	2.117033e-02	-1.352692e+01
7.170000e-06	-6.597346e-03	-1.369532e+01
7.180000e-06	1.537335e-02	-1.392421e+01
7.190000e-06	-3.938825e-03	-1.406161e+01
7.200000e-06	2.835224e-02	-1.418956e+01
7.210000e-06	-4.780803e-03	-1.432644e+01
7.220000e-06	1.820738e-03	-1.447374e+01
7.230000e-06	-1.481551e-02	-1.462808e+01
7.240000e-06	2.177703e-02	-1.470685e+01
7.250000e-06	1.233666e-02	-1.487111e+01
7.260000e-06	1.684487e-02	-1.498798e+01
7.270000e-06	-4.774684e-03	-1.509166e+01
7.280000e-06	1.004485e-02	-1.517950e+01
7.290000e-06	1.210265e-02	-1.528166e+01
7.300000e-06	1.122844e-02	-1.537543e+01
7.310000e-06	3.469151e-03	-1.545066e+01
7.320000e-06	7.998149e-03	-1.555787e+01
7.330000e-06	1.938472e-02	-1.560008e+01
7.340000e-06	1.318407e-02	-1.568324e+01
7.350000e-06	6.642542e-03	-1.578543e+01
7.360000e-06	1.550261e-03	-1.580063e+01
7.370000e-06	1.994442e-02	-1.589124e+01
7.380000e-06	2.330048e-02	-1.593281e+01
7.390000e-06	2.102499e-02	-1.594797e+01
7.400000e-06	9.785504e-03	-1.599050e+01
7.410000e-06	1.570726e-02	-1.602019e+01
7.420000e-06	2.186234e-02	-1.602176e+01
7.430000e-06	2.211502e-02	-1.606224e+01
7.440000e-06	1.821619e-02	-1.610182e+01
7.450000e-06	2.366650e-02	-1.608277e+01
7.460000e-06	3.533537e-02	-1.607541e+01
7.470000e-06	3.809237e-02	-1.606429e+01
7.480000e-06	3.202465e-02	-1.605221e+01
7.490000e-06	3.033317e-02	-1.601171e+01
7.500000e-06	4.350753e-02	-1.601064e+01
7.510000e-06	5.796036e-02	-1.596761e+01
7.520000e-06	6.666263e-02	-1.594700e+01
7.530000e-06	7.591313e-02	-1.590545e+01
7.540000e-06	1.023288e-01	-1.585284e+01
7.550000e-06	1.448220e-01	-1.580018e+01
7.560000e-06	1.988507e-01	-1.577698e+01
7.570000e-06	2.431005e-01	-1.572535e+01
7.580000e-06	2.500000e-01	-1.563118e+01
7.590000e-06	2.500000e-01	-1.556808e+01
7.600000e-06	2.412649e-01	-1.546337e+01
7.610000e-06	1.741695e-01	-1.536813e+01
7.620000e-06	1.096034e-01	-1.526487e+01
7.630000e-06	7.692233e-02	-1.518018e+01
7.640000e-06	6.058298e-02	-1.511705e+01
7.650000e-06	4.349260e-02	-1.500064e+01
7.660000e-06	2.665577e-02	-1.487532e+01
7.670000e-06	2.009325e-02	-1.476768e+01
7.680000e-06	2.115429e-02	-1.464284e+01
7.690000e-06	1.793439e-02	-1.454603e+01
7.700000e-06	9.457412e-03	-1.436911e+01
7.710000e-06	4.523124e-03	-1.424133e+01
7.720000e-06	7.722946e-03	-1.411585e+01
7.730000e-06	1.101163e-02	-1.396755e+01
7.740000e-06	6.651553e-03	-1.379013e+01
7.750000e-06	1.167847e-03	-1.363021e+01
7.760000e-06	3.263623e-04	-1.350237e+01
7.770000e-06	5.330562e-03	-1.329488e+01
7.780000e-06	4.053869e-03	-1.312498e+01
7.790000e-06	-8.704045e-04	-1.295900e+01
7.800000e-06	-3.124970e-03	-1.275115e+01
7.810000e-06	2.226495e-03	-1.260071e+01
7.820000e-06	2.814157e-03	-1.240121e+01
7.830000e-06	-1.046341e-03	-1.221118e+01
7.840000e-06	-5.550424e-03	-1.197079e+01
7.850000e-06	-3.781464e-03	-1.181121e+01
7.860000e-06	9.007645e-04	-1.160968e+01
7.870000e-06	-1.552080e-04	-1.132700e+01
7.880000e-06	-4.972205e-03	-1.108337e+01
7.890000e-06	-5.669374e-03	-1.087434e+01
7.900000e-06	-1.147930e-03	-1.071494e+01
7.910000e-06	-8.981874e-04	-1.042326e+01
7.920000e-06	-5.547890e-03	-1.022823e+01
7.930000e-06	-7.266204e-03	-9.957654e+00
7.940000e-06	-4.745405e-03	-9.768128e+00
7.950000e-06	-2.132159e-03	-9.507571e+00
7.960000e-06	-4.824264e-03	-9.252417e+00
7.970000e-06	-8.078673e-03	-9.001688e+00
7.980000e-06	-7.403586e-03	-8.830677e+00
7.990000e-06	-2.809891e-03	-8.518427e+00
8.000000e-06	-3.008008e-03	-8.254396e+00
8.010000e-06	-6.037639e-03	-8.033763e+00
8.020000e-06	-7.836910e-03	-7.737975e+00
8.030000e-06	-6.385438e-03	-7.463842e+00
8.040000e-06	-4.832184e-03	-7.180587e+00
8.050000e-06	-8.367186e-03	-6.906469e+00
8.060000e-06	-9.852538e-03	-6.671813e+00
8.070000e-06	-8.464487e-03	-6.380604e+00
8.080000e-06	-2.151208e-03	-6.105968e+00
8.090000e-06	-4.340578e-03	-5.823236e+00
8.100000e-06	-7.608435e-03	-5.568576e+00
8.110000e-06	-9.706628e-03	-5.211309e+00
8.120000e-06	-7.144618e-03	-4.927921e+00
8.130000e-06	-7.091842e-03	-4.570629e+00
8.140000e-06	-1.173435e-02	-4.338049e+00
8.150000e-06	-1.078735e-02	-4.095936e+00
8.160000e-06	-9.315806e-03	-3.801656e+00
8.170000e-06	-4.273688e-03	-3.495441e+00
8.180000e-06	-6.932821e-03	-3.230783e+00
8.190000e-06	-6.790270e-03	-2.896418e+00
8.200000e-06	-9.758943e-03	-2.593180e+00
8.210000e-06	-6.220987e-03	-2.378025e+00
8.220000e-06	-9.101649e-03	-2.031706e+00
8.230000e-06	-1.146807e-02	-1.758998e+00
8.240000e-06	-1.301629e-02	-1.423740e+00
8.250000e-06	-8.178538e-03	-1.117421e+00
8.260000e-06	-5.891036e-03	-8.316279e-01
8.270000e-06	-7.158528e-03	-4.959684e-01
8.280000e-06	-6.242836e-03	-1.921581e-01
8.290000e-06	-3.928556e-03	6.255121e-02
8.300000e-06	1.021252e-02	4.078719e-01
8.310000e-06	-9.106082e-03	6.503987e-01
8.320000e-06	2.206060e-03	9.050540e-01
8.330000e-06	-9.007241e-03	1.228972e+00
8.340000e-06	4.006647e-03	1.483533e+00
8.350000e-06	-2.205431e-03	1.847925e+00
8.360000e-06	3.098725e-02	2.050550e+00
8.370000e-06	9.791025e-02	2.366259e+00
8.380000e-06	4.206549e-03	2.752564e+00
8.390000e-06	-8.067693e-02	3.048921e+00
8.400000e-06	-3.114678e-02	3.295167e+00
8.410000e-06	-3.080174e-02	3.640979e+00
8.420000e-06	-7.400858e-02	3.851108e+00
8.430000e-06	-1.714466e-02	4.030028e+00
8.440000e-06	1.645460e-01	4.385793e+00
8.450000e-06	-1.788804e-01	4.693135e+00
8.460000e-06	1.634128e-01	4.953786e+00
8.470000e-06	-1.789981e-02	5.313112e+00
8.480000e-06	-8.340678e-02	5.527843e+00
8.490000e-06	8.011256e-02	5.850735e+00
8.500000e-06	-1.162280e-01	6.145342e+00
8.510000e-06	1.191215e-01	6.358899e+00
8.520000e-06	-5.407218e-02	6.684237e+00
8.530000e-06	2.154754e-02	6.947346e+00
8.540000e-06	-2.235015e-02	7.272005e+00
8.550000e-06	-3.379261e-02	7.515345e+00
8.560000e-06	4.892097e-02	7.819052e+00
8.570000e-06	-6.944044e-02	8.163742e+00
8.580000e-06	7.272212e-02	8.366920e+00
8.590000e-06	-2.943951e-02	8.639525e+00
8.600000e-06	8.146669e-03	8.832106e+00
8.610000e-06	1.270981e-02	9.064237e+00
8.620000e-06	-6.402569e-02	9.344792e+00
8.630000e-06	3.210823e-02	9.585950e+00
8.640000e-06	-2.930509e-02	9.841029e+00
8.650000e-06	5.582081e-02	1.012161e+01
8.660000e-06	-4.140345e-02	1.027371e+01
8.670000e-06	1.961912e-02	1.057532e+01
8.680000e-06	-2.487277e-02	1.076848e+01
8.690000e-06	-2.373293e-03	1.098907e+01
8.700000e-06	-2.125740e-03	1.118797e+01
8.710000e-06	-2.061534e-02	1.141963e+01
8.720000e-06	1.701303e-02	1.168111e+01
8.730000e-06	-1.383564e-02	1.191124e+01
8.740000e-06	1.308204e-02	1.206274e+01
8.750000e-06	-3.287856e-02	1.227219e+01
8.760000e-06	5.007023e-03	1.249216e+01
8.770000e-06	-1.064659e-02	1.268168e+01
8.780000e-06	1.356136e-02	1.284068e+01
8.790000e-06	-1.064655e-02	1.303958e+01
8.800000e-06	-1.477889e-02	1.317895e+01
8.810000e-06	-1.035187e-02	1.339695e+01
8.820000e-06	-1.024909e-02	1.355435e+01
8.830000e-06	-3.443040e-03	1.370377e+01
8.840000e-06	-1.590359e-02	1.389066e+01
8.850000e-06	2.033619e-03	1.400063e+01
8.860000e-06	-3.986219e-03	1.420755e+01
8.870000e-06	-2.792361e-03	1.438737e+01
8.880000e-06	-2.204178e-02	1.447169e+01
8.890000e-06	-1.895650e-02	1.460856e+01
8.900000e-06	-1.030964e-02	1.472542e+01
8.910000e-06	-4.796446e-03	1.485216e+01
8.920000e-06	-8.138485e-03	1.496695e+01
8.930000e-06	-1.744352e-02	1.502074e+01
8.940000e-06	-9.649373e-03	1.517593e+01
8.950000e-06	-1.254652e-02	1.521276e+01
8.960000e-06	-1.147544e-02	1.535490e+01
8.970000e-06	-2.044343e-02	1.544111e+01
8.980000e-06	-1.649267e-02	1.551644e+01
8.990000e-06	-1.119595e-02	1.557863e+01
9.000000e-06	-1.553760e-02	1.561172e+01
9.010000e-06	-2.213263e-02	1.570485e+01
9.020000e-06	-2.777217e-02	1.574905e+01
9.030000e-06	-1.778223e-02	1.583166e+01
9.040000e-06	-1.567408e-02	1.584339e+01
9.050000e-06	-1.784911e-02	1.591550e+01
9.060000e-06	-2.673057e-02	1.598903e+01
9.070000e-06	-2.518820e-02	1.598864e+01
9.080000e-06	-2.516847e-02	1.601966e+01
9.090000e-06	-3.020832e-02	1.601073e+01
9.100000e-06	-3.451653e-02	1.603174e+01
9.110000e-06	-3.732833e-02	1.606332e+01
9.120000e-06	-2.983450e-02	1.606331e+01
9.130000e-06	-3.470903e-02	1.601166e+01
9.140000e-06	-4.202356e-02	1.604171e+01
9.150000e-06	-5.415468e-02	1.602019e+01
9.160000e-06	-5.545639e-02	1.598005e+01
9.170000e-06	-6.019068e-02	1.595868e+01
9.180000e-06	-7.407803e-02	1.593497e+01
9.190000e-06	-9.252140e-02	1.588447e+01
9.200000e-06	-1.193453e-01	1.584176e+01
9.210000e-06	-1.535654e-01	1.578918e+01
9.220000e-06	-2.144951e-01	1.570595e+01
9.230000e-06	-2.492164e-01	1.567382e+01
9.240000e-06	-2.500000e-01	1.562124e+01
9.250000e-06	-2.500000e-01	1.550700e+01
9.260000e-06	-2.321329e-01	1.546236e+01
9.270000e-06	-1.662355e-01	1.537916e+01
9.280000e-06	-1.166412e-01	1.529345e+01
9.290000e-06	-8.381208e-02	1.518023e+01
9.300000e-06	-5.871069e-02	1.509431e+01
9.310000e-06	-4.609078e-02	1.496816e+01
9.320000e-06	-3.918444e-02	1.484287e+01
9.330000e-06	-3.374698e-02	1.476753e+01
9.340000e-06	-2.508932e-02	1.460933e+01
9.350000e-06	-2.092239e-02	1.450542e+01
9.360000e-06	-2.334363e-02	1.435911e+01
9.370000e-06	-2.130377e-02	1.422118e+01
9.380000e-06	-1.851155e-02	1.404395e+01
9.390000e-06	-1.015505e-02	1.391597e+01
9.400000e-06	-1.240398e-02	1.372706e+01
9.410000e-06	-1.341388e-02	1.357016e+01
9.420000e-06	-1.627455e-02	1.340176e+01
9.430000e-06	-1.224854e-02	1.324187e+01
9.440000e-06	-1.271353e-02	1.309386e+01
9.450000e-06	-1.311744e-02	1.292695e+01
9.460000e-06	-1.269062e-02	1.269762e+01
9.470000e-06	-8.332731e-03	1.257660e+01
9.480000e-06	-5.433569e-03	1.234911e+01
9.490000e-06	-9.375039e-03	1.215021e+01
9.500000e-06	-1.148205e-02	1.194808e+01
9.510000e-06	-1.284358e-02	1.174855e+01
9.520000e-06	-7.988799e-03	1.150648e+01
9.530000e-06	-8.890022e-03	1.128690e+01
9.540000e-06	-8.966141e-03	1.106439e+01
9.550000e-06	-9.182277e-03	1.088437e+01
9.560000e-06	-6.179736e-03	1.065479e+01
9.570000e-06	-6.011348e-03	1.041276e+01
9.580000e-06	-8.100629e-03	1.015916e+01
9.590000e-06	-9.062636e-03	9.949626e+00
9.600000e-06	-7.595258e-03	9.696449e+00
9.610000e-06	-5.784849e-03	9.433886e+00
9.620000e-06	-7.635000e-03	9.232313e+00
9.630000e-06	-8.399408e-03	8.970706e+00
9.640000e-06	-8.610066e-03	8.717021e+00
9.650000e-06	-5.601515e-03	8.474870e+00
9.660000e-06	-5.162816e-03	8.241814e+00
9.670000e-06	-6.840185e-03	7.979209e+00
9.680000e-06	-6.773136e-03	7.717497e+00
9.690000e-06	-6.421060e-03	7.391788e+00
9.700000e-06	-5.663353e-03	7.128073e+00
9.710000e-06	-7.104954e-03	6.865967e+00
9.720000e-06	-8.052075e-03	6.621188e+00
9.730000e-06	-6.527936e-03	6.298546e+00
9.740000e-06	-5.383855e-03	6.085792e+00
9.750000e-06	-5.547707e-03	5.820758e+00
9.760000e-06	-6.815450e-03	5.478471e+00
9.770000e-06	-6.732716e-03	5.202285e+00
9.780000e-06	-5.791271e-03	4.874943e+00
9.790000e-06	-5.252069e-03	4.581101e+00
9.800000e-06	-6.094358e-03	4.297570e+00
9.810000e-06	-6.705173e-03	3.960754e+00
9.820000e-06	-6.166672e-03	3.695472e+00
9.830000e-06	-4.969376e-03	3.425315e+00
9.840000e-06	-5.972991e-03	3.108525e+00
9.850000e-06	-7.195155e-03	2.844263e+00
9.860000e-06	-6.140304e-03	2.599725e+00
9.870000e-06	-4.078236e-03	2.234887e+00
9.880000e-06	-4.262720e-03	1.981653e+00
9.890000e-06	-5.591991e-03	1.664891e+00
9.900000e-06	-6.836243e-03	1.369129e+00
9.910000e-06	-5.697151e-03	1.066389e+00
9.920000e-06	-4.728487e-03	7.379463e-01
9.930000e-06	-5.502820e-03	3.922157e-01
9.940000e-06	-4.444343e-03	1.305463e-01
9.950000e-06	-3.722896e-04	-1.656395e-01
9.960000e-06	1.409293e-02	-4.478484e-01
9.970000e-06	-5.126886e-03	-7.151129e-01
9.980000e-06	5.485015e-03	-1.006265e+00
9.990000e-06	-6.032694e-03	-1.302507e+00
1.000000e-05	4.229984e-03	-1.608321e+00
1.001000e-05	5.242317e-03	-1.859873e+00
1.002000e-05	7.447137e-02	-2.071026e+00
1.003000e-05	1.061768e-01	-2.417392e+00
1.004000e-05	-1.043402e-01	-2.879451e+00
1.005000e-05	-2.549110e-03	-3.258900e+00
1.006000e-05	-5.740422e-02	-3.482579e+00
1.007000e-05	-5.292778e-02	-3.668584e+00
1.008000e-05	-1.381914e-02	-3.904263e+00
1.009000e-05	1.767294e-01	-4.103133e+00
1.010000e-05	-2.144308e-01	-4.419325e+00
1.011000e-05	2.257561e-01	-4.716288e+00
1.012000e-05	-1.115846e-01	-4.974791e+00
1.013000e-05	4.875026e-03	-5.386771e+00
1.014000e-05	8.509506e-02	-5.598975e+00
1.015000e-05	-1.949295e-01	-5.954614e+00
1.016000e-05	2.249357e-01	-6.196395e+00
1.017000e-05	-1.437430e-01	-6.461034e+00
1.018000e-05	1.121568e-01	-6.778375e+00
1.019000e-05	-2.424111e-02	-7.019954e+00
1.020000e-05	-8.966733e-02	-7.375818e+00
1.021000e-05	1.460876e-01	-7.615348e+00
1.022000e-05	-1.616718e-01	-7.885113e+00
1.023000e-05	1.725355e-01	-8.177366e+00
1.024000e-05	-1.129817e-01	-8.408392e+00
1.025000e-05	6.729379e-02	-8.694209e+00
1.026000e-05	2.900256e-02	-8.944792e+00
1.027000e-05	-9.766659e-02	-9.208446e+00
1.028000e-05	9.183268e-02	-9.427026e+00
1.029000e-05	-1.159120e-01	-9.690133e+00
1.030000e-05	1.614351e-01	-9.882187e+00
1.031000e-05	-9.859647e-02	-1.017532e+01
1.032000e-05	8.382201e-02	-1.035690e+01
1.033000e-05	-7.428030e-02	-1.061935e+01
1.034000e-05	3.339791e-02	-1.085201e+01
1.035000e-05	8.634220e-03	-1.101000e+01
1.036000e-05	-2.298891e-02	-1.128111e+01
1.037000e-05	4.091134e-02	-1.147273e+01
1.038000e-05	-3.762901e-02	-1.177629e+01
1.039000e-05	6.790755e-02	-1.192832e+01
1.040000e-05	-5.595487e-02	-1.218584e+01
1.041000e-05	3.637648e-02	-1.229532e+01
1.042000e-05	-4.066871e-02	-1.254582e+01
1.043000e-05	5.699588e-02	-1.274431e+01
1.044000e-05	-1.171680e-02	-1.292222e+01
1.045000e-05	1.594569e-02	-1.308366e+01
1.046000e-05	-2.326251e-02	-1.326219e+01
1.047000e-05	1.210682e-02	-1.345006e+01
1.048000e-05	7.164114e-03	-1.361742e+01
1.049000e-05	5.320144e-03	-1.372549e+01
1.050000e-05	5.387761e-03	-1.391474e+01
1.051000e-05	6.673965e-03	-1.412314e+01
1.052000e-05	2.226169e-02	-1.427158e+01
1.053000e-05	-2.691520e-03	-1.439845e+01
1.054000e-05	-7.914683e-04	-1.451329e+01
1.055000e-05	-1.001139e-02	-1.460006e+01
1.056000e-05	2.442542e-02	-1.474850e+01
1.057000e-05	9.503296e-03	-1.488224e+01
1.058000e-05	1.589672e-02	-1.496890e+01
1.059000e-05	-8.713131e-03	-1.508274e+01
1.060000e-05	1.595549e-02	-1.521850e+01
1.061000e-05	8.793600e-03	-1.526379e+01
1.062000e-05	1.432880e-02	-1.537945e+01
1.063000e-05	7.506204e-04	-1.546026e+01
1.064000e-05	1.264803e-02	-1.560643e+01
1.065000e-05	1.808985e-02	-1.559866e+01
1.066000e-05	1.293946e-02	-1.570232e+01
1.067000e-05	4.289089e-03	-1.575498e+01
1.068000e-05	3.133828e-03	-1.585958e+01
1.069000e-05	2.179898e-02	-1.586321e+01
1.070000e-05	2.251358e-02	-1.593382e+01
1.071000e-05	1.948325e-02	-1.592740e+01
1.072000e-05	8.913269e-03	-1.599905e+01
1.073000e-05	1.829009e-02	-1.600963e+01
1.074000e-05	2.193591e-02	-1.603176e+01
1.075000e-05	2.197693e-02	-1.605279e+01
1.076000e-05	1.770987e-02	-1.605524e+01
1.077000e-05	2.453603e-02	-1.606234e+01
1.078000e-05	3.674840e-02	-1.604527e+01
1.079000e-05	3.737113e-02	-1.606186e+01
1.080000e-05	3.152969e-02	-1.603131e+01
1.081000e-05	3.239890e-02	-1.603216e+01
1.082000e-05	4.771400e-02	-1.602018e+01
1.083000e-05	6.124818e-02	-1.595763e+01
1.084000e-05	6.823311e-02	-1.593801e+01
1.085000e-05	7.902409e-02	-1.591392e+01
1.086000e-05	1.088788e-01	-1.586031e+01
1.087000e-05	1.537089e-01	-1.580019e+01
1.088000e-05	2.090626e-01	-1.575598e+01
1.089000e-05	2.466489e-01	-1.566427e+01
1.090000e-05	2.500000e-01	-1.563318e+01
1.091000e-05	2.500000e-01	-1.553755e+01
1.092000e-05	2.328569e-01	-1.547076e+01
1.093000e-05	1.589743e-01	-1.536805e+01
1.094000e-05	1.009325e-01	-1.525382e+01
1.095000e-05	7.291616e-02	-1.518056e+01
1.096000e-05	5.766689e-02	-1.507440e+01
1.097000e-05	3.998534e-02	-1.496855e+01
1.098000e-05	2.458409e-02	-1.487426e+01
1.099000e-05	1.953719e-02	-1.474851e+01
1.100000e-05	2.087171e-02	-1.463171e+01
1.101000e-05	1.712026e-02	-1.450642e+01
1.102000e-05	7.810496e-03	-1.433758e+01
1.103000e-05	3.921474e-03	-1.422981e+01
1.104000e-05	8.410162e-03	-1.407427e+01
1.105000e-05	1.094195e-02	-1.390455e+01
1.106000e-05	5.261722e-03	-1.372750e+01
1.107000e-05	6.050059e-04	-1.357959e+01
1.108000e-05	6.059398e-04	-1.342134e+01
1.109000e-05	5.431844e-03	-1.330379e+01
1.110000e-05	3.690223e-03	-1.310692e+01
1.111000e-05	-1.601875e-03	-1.289797e+01
1.112000e-05	-2.740112e-03	-1.271703e+01
1.113000e-05	3.055672e-03	-1.253895e+01
1.114000e-05	2.448447e-03	-1.232708e+01
1.115000e-05	-2.828405e-03	-1.219108e+01
1.116000e-05	-5.552695e-03	-1.194906e+01
1.117000e-05	-2.713348e-03	-1.179813e+01
1.118000e-05	2.248295e-03	-1.147705e+01
1.119000e-05	-8.611517e-04	-1.126384e+01
1.120000e-05	-4.759351e-03	-1.103389e+01
1.121000e-05	-5.569073e-03	-1.079229e+01
1.122000e-05	-1.093501e-03	-1.062284e+01
1.123000e-05	-2.181986e-03	-1.036276e+01
1.124000e-05	-6.206630e-03	-1.016745e+01
1.125000e-05	-7.405146e-03	-9.916422e+00
1.126000e-05	-3.498806e-03	-9.736445e+00
1.127000e-05	-2.007117e-03	-9.454942e+00
1.128000e-05	-5.123755e-03	-9.210261e+00
1.129000e-05	-8.736390e-03	-8.981658e+00
1.130000e-05	-6.273175e-03	-8.768048e+00
1.131000e-05	-2.638392e-03	-8.495945e+00
1.132000e-05	-4.528961e-03	-8.193164e+00
1.133000e-05	-7.497915e-03	-8.012185e+00
1.134000e-05	-9.544004e-03	-7.717896e+00
1.135000e-05	-5.276293e-03	-7.381163e+00
1.136000e-05	-5.063205e-03	-7.156924e+00
1.137000e-05	-7.093823e-03	-6.842310e+00
1.138000e-05	-9.444534e-03	-6.609682e+00
1.139000e-05	-7.191777e-03	-6.379525e+00
1.140000e-05	-4.336244e-03	-6.034290e+00
1.141000e-05	-6.991267e-03	-5.789629e+00
1.142000e-05	-9.839925e-03	-5.513795e+00
1.143000e-05	-7.860923e-03	-5.178578e+00
1.144000e-05	-6.240469e-03	-4.852814e+00
1.145000e-05	-4.698195e-03	-4.517576e+00
1.146000e-05	-1.088297e-02	-4.276445e+00
1.147000e-05	-1.008808e-02	-4.051686e+00
1.148000e-05	-1.035614e-02	-3.727493e+00
1.149000e-05	-5.850060e-03	-3.444733e+00
1.150000e-05	-9.350241e-03	-3.189107e+00
1.151000e-05	-7.756499e-03	-2.822278e+00
1.152000e-05	-8.204335e-03	-2.569544e+00
1.153000e-05	-5.494578e-03	-2.295367e+00
1.154000e-05	-8.223246e-03	-1.939052e+00
1.155000e-05	-1.058381e-02	-1.705940e+00
1.156000e-05	-1.225356e-02	-1.380133e+00
1.157000e-05	-9.161886e-03	-1.033657e+00
1.158000e-05	-6.603555e-03	-7.289989e-01
1.159000e-05	-8.974833e-03	-4.131782e-01
1.160000e-05	-7.568687e-03	-1.190214e-01
1.161000e-05	-9.262624e-04	1.046842e-01
1.162000e-05	9.341434e-03	4.394510e-01
1.163000e-05	-6.710466e-03	6.926302e-01
1.164000e-05	2.123395e-03	9.866866e-01
1.165000e-05	-8.645748e-03	1.233108e+00
1.166000e-05	2.500645e-03	1.585639e+00
1.167000e-05	-3.706281e-04	1.872604e+00
1.168000e-05	3.904880e-02	2.083683e+00
1.169000e-05	1.071829e-01	2.429869e+00
1.170000e-05	-4.056920e-02	2.798891e+00
1.171000e-05	-5.724735e-02	3.093031e+00
1.172000e-05	-3.701122e-02	3.337744e+00
1.173000e-05	-2.283015e-02	3.691179e+00
1.174000e-05	-9.442899e-02	3.883085e+00
1.175000e-05	3.473739e-02	4.103563e+00
1.176000e-05	1.215800e-01	4.458978e+00
1.177000e-05	-1.805444e-01	4.713816e+00
1.178000e-05	2.124194e-01	5.007744e+00
1.179000e-05	-1.102798e-01	5.376343e+00
1.180000e-05	-3.223825e-03	5.610447e+00
1.181000e-05	2.468024e-02	5.914266e+00
1.182000e-05	-7.944168e-02	6.167425e+00
1.183000e-05	1.112550e-01	6.449978e+00
1.184000e-05	-7.248646e-02	6.747869e+00
1.185000e-05	4.590153e-02	7.030476e+00
1.186000e-05	-5.733368e-02	7.304667e+00
1.187000e-05	7.336308e-03	7.638425e+00
1.188000e-05	1.650203e-02	7.881641e+00
1.189000e-05	-4.438691e-02	8.186924e+00
1.190000e-05	6.880006e-02	8.420451e+00
1.191000e-05	-4.437633e-02	8.661206e+00
1.192000e-05	2.949669e-02	8.881638e+00
1.193000e-05	-1.742182e-02	9.116363e+00
1.194000e-05	-4.194354e-02	9.396426e+00
1.195000e-05	2.287654e-02	9.650501e+00
1.196000e-05	-1.301401e-02	9.882610e+00
1.197000e-05	4.391779e-02	1.012479e+01
1.198000e-05	-4.132991e-02	1.032642e+01
1.199000e-05	2.178586e-02	1.061800e+01
1.200000e-05	-3.179309e-02	1.081098e+01
1.201000e-05	6.994507e-03	1.105050e+01
1.202000e-05	-1.009576e-02	1.124111e+01
1.203000e-05	-8.739792e-03	1.145219e+01
1.204000e-05	1.122065e-02	1.170479e+01
1.205000e-05	-7.398022e-03	1.192432e+01
1.206000e-05	3.606858e-03	1.215572e+01
1.207000e-05	-2.898163e-02	1.230534e+01
1.208000e-05	2.139778e-03	1.249369e+01
1.209000e-05	-6.262775e-03	1.265284e+01
1.210000e-05	1.022834e-02	1.284229e+01
1.211000e-05	-1.208489e-02	1.307171e+01
1.212000e-05	-1.341860e-02	1.322164e+01
1.213000e-05	-8.656501e-03	1.340903e+01
1.214000e-05	-8.154403e-03	1.353745e+01
1.215000e-05	-6.982746e-03	1.375430e+01
1.216000e-05	-1.180399e-02	1.389421e+01
1.217000e-05	-8.044869e-04	1.402164e+01
1.218000e-05	-1.471732e-03	1.421864e+01
1.219000e-05	-9.944998e-03	1.439690e+01
1.220000e-05	-1.993240e-02	1.452482e+01
1.221000e-05	-1.839780e-02	1.463964e+01
1.222000e-05	-5.544540e-03	1.475693e+01
1.223000e-05	-6.457356e-03	1.486284e+01
1.224000e-05	-9.940994e-03	1.493797e+01
1.225000e-05	-1.599145e-02	1.508284e+01
1.226000e-05	-1.187661e-02	1.515708e+01
1.227000e-05	-1.175386e-02	1.524332e+01
1.228000e-05	-1.608621e-02	1.535645e+01
1.229000e-05	-1.690373e-02	1.545219e+01
1.230000e-05	-1.538882e-02	1.552589e+01
1.231000e-05	-8.696396e-03	1.558811e+01
1.232000e-05	-1.879874e-02	1.561277e+01
1.233000e-05	-2.289369e-02	1.569690e+01
1.234000e-05	-2.693806e-02	1.578800e+01
1.235000e-05	-1.781662e-02	1.583071e+01
1.236000e-05	-1.549681e-02	1.588487e+01
1.237000e-05	-2.023837e-02	1.589643e+01
1.238000e-05	-2.465514e-02	1.597708e+01
1.239000e-05	-2.600233e-02	1.596858e+01
1.240000e-05	-2.414213e-02	1.600058e+01
1.241000e-05	-3.241586e-02	1.600121e+01
1.242000e-05	-3.338192e-02	1.604119e+01
1.243000e-05	-3.600263e-02	1.604329e+01
1.244000e-05	-3.065648e-02	1.606221e+01
1.245000e-05	-3.648140e-02	1.606131e+01
1.246000e-05	-4.534761e-02	1.601166e+01
1.247000e-05	-5.296691e-02	1.599861e+01
1.248000e-05	-5.661837e-02	1.600068e+01
1.249000e-05	-6.025045e-02	1.593708e+01
1.250000e-05	-7.754074e-02	1.592600e+01
1.251000e-05	-9.605591e-02	1.590387e+01
1.252000e-05	-1.252556e-01	1.586171e+01
1.253000e-05	-1.652006e-01	1.579868e+01
1.254000e-05	-2.252167e-01	1.571655e+01
1.255000e-05	-2.499314e-01	1.567337e+01
1.256000e-05	-2.500000e-01	1.557011e+01
1.257000e-05	-2.498000e-01	1.551608e+01
1.258000e-05	-2.210828e-01	1.546274e+01
1.259000e-05	-1.559998e-01	1.535761e+01
1.260000e-05	-1.090999e-01	1.528289e+01
1.261000e-05	-7.935215e-02	1.515758e+01
1.262000e-05	-5.584679e-02	1.506172e+01
1.263000e-05	-4.519996e-02	1.492603e+01
1.264000e-05	-3.760523e-02	1.480281e+01
1.265000e-05	-2.951644e-02	1.474450e+01
1.266000e-05	-2.442966e-02	1.454016e+01
1.267000e-05	-2.041316e-02	1.445437e+01
1.268000e-05	-2.497710e-02	1.434455e+01
1.269000e-05	-2.030684e-02	1.417966e+01
1.270000e-05	-1.750515e-02	1.402079e+01
1.271000e-05	-1.160512e-02	1.390429e+01
1.272000e-05	-1.424241e-02	1.367702e+01
1.273000e-05	-1.450775e-02	1.355013e+01
1.274000e-05	-1.365684e-02	1.338966e+01
1.275000e-05	-1.056537e-02	1.320231e+01
1.276000e-05	-1.169474e-02	1.304336e+01
1.277000e-05	-1.422131e-02	1.286534e+01
1.278000e-05	-1.171658e-02	1.266345e+01
1.279000e-05	-9.305377e-03	1.250950e+01
1.280000e-05	-8.621102e-03	1.230700e+01
1.281000e-05	-1.163241e-02	1.215803e+01
1.282000e-05	-1.134369e-02	1.187605e+01
1.283000e-05	-9.126340e-03	1.171605e+01
1.284000e-05	-7.277445e-03	1.148297e+01
1.285000e-05	-8.020145e-03	1.125489e+01
1.286000e-05	-1.034233e-02	1.102327e+01
1.287000e-05	-9.197111e-03	1.080379e+01
1.288000e-05	-7.237552e-03	1.063121e+01
1.289000e-05	-7.350119e-03	1.039815e+01
1.290000e-05	-9.282856e-03	1.016957e+01
1.291000e-05	-8.042056e-03	9.936520e+00
1.292000e-05	-6.523022e-03	9.643345e+00
1.293000e-05	-6.003647e-03	9.411736e+00
1.294000e-05	-7.767005e-03	9.141259e+00
1.295000e-05	-8.814904e-03	8.907553e+00
1.296000e-05	-7.557695e-03	8.654920e+00
1.297000e-05	-5.999813e-03	8.454792e+00
1.298000e-05	-5.503357e-03	8.201164e+00
1.299000e-05	-7.637647e-03	7.895023e+00
1.300000e-05	-7.349460e-03	7.663841e+00
1.301000e-05	-5.991876e-03	7.359654e+00
1.302000e-05	-5.948745e-03	7.095470e+00
1.303000e-05	-6.005483e-03	6.842238e+00
1.304000e-05	-7.482733e-03	6.538179e+00
1.305000e-05	-5.708949e-03	6.305294e+00
1.306000e-05	-5.592843e-03	6.022734e+00
1.307000e-05	-5.682297e-03	5.759098e+00
1.308000e-05	-7.553071e-03	5.432791e+00
1.309000e-05	-6.805679e-03	5.147154e+00
1.310000e-05	-5.254613e-03	4.762208e+00
1.311000e-05	-4.438185e-03	4.497547e+00
1.312000e-05	-6.226794e-03	4.234837e+00
1.313000e-05	-6.331452e-03	3.928551e+00
1.314000e-05	-6.109971e-03	3.653812e+00
1.315000e-05	-4.667805e-03	3.392103e+00
1.316000e-05	-6.372348e-03	3.085523e+00
1.317000e-05	-7.292017e-03	2.822629e+00
1.318000e-05	-6.514112e-03	2.497021e+00
1.319000e-05	-4.454596e-03	2.200731e+00
1.320000e-05	-4.573200e-03	1.968021e+00
1.321000e-05	-6.226310e-03	1.621756e+00
1.322000e-05	-6.993493e-03	1.297049e+00
1.323000e-05	-4.742282e-03	9.611303e-01
1.324000e-05	-4.239841e-03	6.543611e-01
1.325000e-05	-4.283482e-03	4.001517e-01
1.326000e-05	-4.541055e-03	5.438347e-02
1.327000e-05	9.013918e-04	-2.283458e-01
1.328000e-05	1.215981e-02	-4.525763e-01
1.329000e-05	-5.157267e-03	-8.192420e-01
1.330000e-05	4.201480e-03	-1.060477e+00
1.331000e-05	-4.717771e-03	-1.335562e+00
1.332000e-05	3.367192e-03	-1.630899e+00
1.333000e-05	1.452503e-02	-1.873528e+00
1.334000e-05	9.877028e-02	-2.143560e+00
1.335000e-05	5.589264e-02	-2.493503e+00
1.336000e-05	-9.290452e-02	-2.945141e+00
1.337000e-05	-3.831535e-03	-3.283105e+00
1.338000e-05	-5.411417e-02	-3.513664e+00
1.339000e-05	-7.393358e-02	-3.674062e+00
1.340000e-05	6.066335e-02	-3.926363e+00
1.341000e-05	9.675351e-02	-4.126714e+00
1.342000e-05	-1.788225e-01	-4.533585e+00
1.343000e-05	2.339627e-01	-4.746791e+00
1.344000e-05	-2.006749e-01	-5.089851e+00
1.345000e-05	1.201745e-01	-5.458955e+00
1.346000e-05	-2.427182e-02	-5.631555e+00
1.347000e-05	-1.217827e-01	-5.977872e+00
1.348000e-05	2.054309e-01	-6.208422e+00
1.349000e-05	-1.786606e-01	-6.566215e+00
1.350000e-05	1.789466e-01	-6.810979e+00
1.351000e-05	-1.247711e-01	-7.093130e+00
1.352000e-05	1.002397e-02	-7.401469e+00
1.353000e-05	7.207504e-02	-7.640003e+00
1.354000e-05	-1.178274e-01	-8.007292e+00
1.355000e-05	1.748000e-01	-8.220000e+00
1.356000e-05	-1.582618e-01	-8.440055e+00
1.357000e-05	1.398131e-01	-8.737800e+00
1.358000e-05	-6.257265e-02	-8.976871e+00
1.359000e-05	-1.809138e-02	-9.270512e+00
1.360000e-05	3.137313e-02	-9.452084e+00
1.361000e-05	-6.270083e-02	-9.753242e+00
1.362000e-05	1.382173e-01	-9.914741e+00
1.363000e-05	-1.053912e-01	-1.021732e+01
1.364000e-05	1.019273e-01	-1.042801e+01
1.365000e-05	-1.096606e-01	-1.064158e+01
1.366000e-05	8.199317e-02	-1.088216e+01
1.367000e-05	-4.211038e-02	-1.108208e+01
1.368000e-05	2.550324e-02	-1.131482e+01
1.369000e-05	-8.129768e-04	-1.154524e+01
1.370000e-05	-4.375479e-04	-1.179688e+01
1.371000e-05	3.764409e-02	-1.198795e+01
1.372000e-05	-4.089116e-02	-1.222795e+01
1.373000e-05	2.753798e-02	-1.237835e+01
1.374000e-05	-3.185176e-02	-1.261590e+01
1.375000e-05	6.096348e-02	-1.277637e+01
1.376000e-05	-2.226432e-02	-1.296642e+01
1.377000e-05	2.326513e-02	-1.311332e+01
1.378000e-05	-3.285470e-02	-1.331422e+01
1.379000e-05	2.706673e-02	-1.347318e+01
1.380000e-05	-6.519782e-03	-1.362061e+01
1.381000e-05	1.608317e-02	-1.381847e+01
1.382000e-05	-4.476732e-03	-1.392444e+01
1.383000e-05	1.893263e-02	-1.411377e+01
1.384000e-05	1.248529e-02	-1.428066e+01
1.385000e-05	3.319982e-04	-1.439858e+01
1.386000e-05	-7.189917e-03	-1.451637e+01
1.387000e-05	-1.535809e-03	-1.469071e+01
1.388000e-05	2.251129e-02	-1.478892e+01
1.389000e-05	1.018837e-02	-1.491529e+01
1.390000e-05	1.248634e-02	-1.502853e+01
1.391000e-05	-7.128569e-03	-1.511427e+01
1.392000e-05	1.818476e-02	-1.521005e+01
1.393000e-05	6.605352e-03	-1.525379e+01
1.394000e-05	1.370999e-02	-1.538908e+01
1.395000e-05	2.730205e-05	-1.548269e+01
1.396000e-05	1.724938e-02	-1.554853e+01
1.397000e-05	1.671220e-02	-1.560014e+01
1.398000e-05	1.154185e-02	-1.573389e+01
1.399000e-05	1.889006e-03	-1.576643e+01
1.400000e-05	6.910732e-03	-1.586066e+01
1.401000e-05	2.305210e-02	-1.587276e+01
1.402000e-05	2.214342e-02	-1.593642e+01
1.403000e-05	1.740125e-02	-1.595798e+01
1.404000e-05	9.491974e-03	-1.599948e+01
1.405000e-05	1.894133e-02	-1.598214e+01
1.406000e-05	2.213386e-02	-1.605221e+01
1.407000e-05	2.085671e-02	-1.604124e+01
1.408000e-05	1.835999e-02	-1.605181e+01
1.409000e-05	2.701371e-02	-1.603327e+01
1.410000e-05	3.704003e-02	-1.605274e+01
1.411000e-05	3.562001e-02	-1.604174e+01
1.412000e-05	3.101594e-02	-1.604274e+01
1.413000e-05	3.466173e-02	-1.598968e+01
1.414000e-05	4.999232e-02	-1.603121e+01
1.415000e-05	6.238625e-02	-1.595658e+01
1.416000e-05	6.932381e-02	-1.592698e+01
1.417000e-05	8.436515e-02	-1.589437e+01
1.418000e-05	1.160648e-01	-1.587169e+01
1.419000e-05	1.636201e-01	-1.580811e+01
1.420000e-05	2.196302e-01	-1.573740e+01
1.421000e-05	2.494072e-01	-1.565327e+01
1.422000e-05	2.500000e-01	-1.560913e+01
1.423000e-05	2.500000e-01	-1.550643e+01
1.424000e-05	2.217804e-01	-1.543071e+01
1.425000e-05	1.451039e-01	-1.531602e+01
1.426000e-05	9.370529e-02	-1.524234e+01
1.427000e-05	6.834471e-02	-1.515861e+01
1.428000e-05	5.363160e-02	-1.507129e+01
1.429000e-05	3.551691e-02	-1.497855e+01
1.430000e-05	2.365842e-02	-1.483177e+01
1.431000e-05	2.015083e-02	-1.471705e+01
1.432000e-05	2.068170e-02	-1.458213e+01
1.433000e-05	1.481149e-02	-1.449484e+01
1.434000e-05	6.642516e-03	-1.434755e+01
1.435000e-05	5.142146e-03	-1.419915e+01
1.436000e-05	9.362587e-03	-1.406224e+01
1.437000e-05	1.035364e-02	-1.390395e+01
1.438000e-05	3.619613e-03	-1.372652e+01
1.439000e-05	-6.044103e-04	-1.357802e+01
1.440000e-05	2.097460e-03	-1.339013e+01
1.441000e-05	5.702583e-03	-1.323179e+01
1.442000e-05	2.937797e-03	-1.307329e+01
1.443000e-05	-2.515296e-03	-1.286087e+01
1.444000e-05	-1.499274e-03	-1.269592e+01
1.445000e-05	3.260980e-03	-1.250693e+01
1.446000e-05	2.946573e-03	-1.231650e+01
1.447000e-05	-3.981137e-03	-1.218053e+01
1.448000e-05	-4.672554e-03	-1.193753e+01
1.449000e-05	-1.724952e-03	-1.171700e+01
1.450000e-05	1.648566e-03	-1.146332e+01
1.451000e-05	-2.279410e-03	-1.125231e+01
1.452000e-05	-5.363209e-03	-1.103019e+01
1.453000e-05	-4.052294e-03	-1.080013e+01
1.454000e-05	-4.399111e-04	-1.060206e+01
1.455000e-05	-2.041352e-03	-1.038055e+01
1.456000e-05	-5.924447e-03	-1.010787e+01
1.457000e-05	-6.463265e-03	-9.895395e+00
1.458000e-05	-3.518137e-03	-9.694390e+00
1.459000e-05	-2.542469e-03	-9.451232e+00
1.460000e-05	-5.939839e-03	-9.138056e+00
1.461000e-05	-8.223045e-03	-8.928545e+00
1.462000e-05	-5.500568e-03	-8.676495e+00
1.463000e-05	-3.534050e-03	-8.441787e+00
1.464000e-05	-5.836505e-03	-8.199504e+00
1.465000e-05	-7.708610e-03	-7.916446e+00
1.466000e-05	-8.031053e-03	-7.634864e+00
1.467000e-05	-4.584117e-03	-7.337080e+00
1.468000e-05	-6.379019e-03	-7.064867e+00
1.469000e-05	-7.406241e-03	-6.813232e+00
1.470000e-05	-1.029476e-02	-6.539101e+00
1.471000e-05	-6.128108e-03	-6.254364e+00
1.472000e-05	-5.517243e-03	-5.918084e+00
1.473000e-05	-7.187727e-03	-5.717994e+00
1.474000e-05	-9.839268e-03	-5.412233e+00
1.475000e-05	-7.426219e-03	-5.117897e+00
1.476000e-05	-6.426038e-03	-4.772132e+00
1.477000e-05	-6.993975e-03	-4.485915e+00
1.478000e-05	-1.115477e-02	-4.274865e+00
1.479000e-05	-9.800524e-03	-4.010554e+00
1.480000e-05	-9.093296e-03	-3.673791e+00
1.481000e-05	-6.521636e-03	-3.361608e+00
1.482000e-05	-9.798812e-03	-3.105466e+00
1.483000e-05	-9.512568e-03	-2.770079e+00
1.484000e-05	-8.466079e-03	-2.527416e+00
1.485000e-05	-6.785585e-03	-2.173187e+00
1.486000e-05	-8.246260e-03	-1.916944e+00
1.487000e-05	-1.178530e-02	-1.663736e+00
1.488000e-05	-1.088791e-02	-1.296872e+00
1.489000e-05	-8.717877e-03	-1.012078e+00
1.490000e-05	-7.231454e-03	-6.753673e-01
1.491000e-05	-8.587054e-03	-3.700779e-01
1.492000e-05	-7.363975e-03	-7.639491e-02
1.493000e-05	2.638668e-03	2.482957e-01
1.494000e-05	4.557262e-03	4.640563e-01
1.495000e-05	-3.693220e-03	7.257656e-01
1.496000e-05	-1.183224e-03	9.973683e-01
1.497000e-05	-5.577608e-03	1.305687e+00
1.498000e-05	1.117439e-03	1.660897e+00
1.499000e-05	5.552476e-03	1.905711e+00
1.500000e-05	5.061876e-02	2.135288e+00
1.501000e-05	1.038785e-01	2.453033e+00
1.502000e-05	-7.831416e-02	2.891080e+00
1.503000e-05	-3.824543e-02	3.116742e+00
1.504000e-05	-4.276876e-02	3.451398e+00
1.505000e-05	-1.918554e-02	3.735187e+00
1.506000e-05	-9.971010e-02	3.895718e+00
1.507000e-05	9.011483e-02	4.168241e+00
1.508000e-05	4.921186e-02	4.514662e+00
1.509000e-05	-1.323402e-01	4.725747e+00
1.510000e-05	2.134024e-01	5.042500e+00
1.511000e-05	-1.732566e-01	5.428997e+00
1.512000e-05	6.578795e-02	5.673006e+00
1.513000e-05	-3.783932e-02	6.027419e+00
1.514000e-05	-2.012121e-02	6.230001e+00
1.515000e-05	7.837652e-02	6.522667e+00
1.516000e-05	-6.633079e-02	6.810528e+00
1.517000e-05	5.484740e-02	7.061157e+00
1.518000e-05	-7.891208e-02	7.376418e+00
1.519000e-05	4.004465e-02	7.643083e+00
1.520000e-05	-2.253899e-02	7.934742e+00
1.521000e-05	-1.033863e-02	8.230552e+00
1.522000e-05	5.153430e-02	8.461612e+00
1.523000e-05	-4.745638e-02	8.702737e+00
1.524000e-05	4.484055e-02	8.965743e+00
1.525000e-05	-4.264808e-02	9.238054e+00
1.526000e-05	-1.340214e-02	9.431506e+00
1.527000e-05	2.834287e-03	9.703108e+00
1.528000e-05	9.944872e-03	9.895784e+00
1.529000e-05	1.920518e-02	1.018637e+01
1.530000e-05	-3.026090e-02	1.035642e+01
1.531000e-05	1.417139e-02	1.063950e+01
1.532000e-05	-3.016466e-02	1.081213e+01
1.533000e-05	1.254994e-02	1.103115e+01
1.534000e-05	-1.958330e-02	1.127324e+01
1.535000e-05	3.377961e-03	1.152532e+01
1.536000e-05	1.819853e-04	1.179688e+01
1.537000e-05	2.622475e-03	1.194593e+01
1.538000e-05	-1.090087e-02	1.218845e+01
1.539000e-05	-1.792071e-02	1.230593e+01
1.540000e-05	-4.676770e-03	1.257589e+01
1.541000e-05	1.824351e-03	1.271580e+01
1.542000e-05	3.331318e-03	1.291477e+01
1.543000e-05	-1.144851e-02	1.305228e+01
1.544000e-05	-1.292464e-02	1.325174e+01
1.545000e-05	-9.729605e-03	1.344011e+01
1.546000e-05	-5.565391e-03	1.362908e+01
1.547000e-05	-1.177704e-02	1.376805e+01
1.548000e-05	-7.900352e-03	1.394579e+01
1.549000e-05	-4.484469e-03	1.408229e+01
1.550000e-05	5.118250e-04	1.426271e+01
1.551000e-05	-1.589118e-02	1.437953e+01
1.552000e-05	-1.714865e-02	1.450382e+01
1.553000e-05	-1.921999e-02	1.465066e+01
1.554000e-05	-2.850670e-03	1.474798e+01
1.555000e-05	-7.884363e-03	1.488434e+01
1.556000e-05	-1.178811e-02	1.499950e+01
1.557000e-05	-1.433507e-02	1.508282e+01
1.558000e-05	-1.382472e-02	1.515706e+01
1.559000e-05	-1.006502e-02	1.526239e+01
1.560000e-05	-1.923057e-02	1.536763e+01
1.561000e-05	-1.607785e-02	1.546327e+01
1.562000e-05	-1.649820e-02	1.553747e+01
1.563000e-05	-7.601822e-03	1.557011e+01
1.564000e-05	-2.027519e-02	1.567284e+01
1.565000e-05	-2.411527e-02	1.574545e+01
1.566000e-05	-2.492671e-02	1.576863e+01
1.567000e-05	-1.688840e-02	1.580122e+01
1.568000e-05	-1.498018e-02	1.590342e+01
1.569000e-05	-2.415910e-02	1.595645e+01
1.570000e-05	-2.445013e-02	1.597803e+01
1.571000e-05	-2.670338e-02	1.602066e+01
1.572000e-05	-2.380964e-02	1.600916e+01
1.573000e-05	-3.448331e-02	1.604119e+01
1.574000e-05	-3.501928e-02	1.600329e+01
1.575000e-05	-3.381757e-02	1.604322e+01
1.576000e-05	-3.043731e-02	1.605124e+01
1.577000e-05	-3.730524e-02	1.603227e+01
1.578000e-05	-4.830864e-02	1.605116e+01
1.579000e-05	-5.299491e-02	1.600913e+01
1.580000e-05	-5.808532e-02	1.595015e+01
1.581000e-05	-6.351576e-02	1.594853e+01
1.582000e-05	-8.254436e-02	1.590595e+01
1.583000e-05	-1.010971e-01	1.587384e+01
1.584000e-05	-1.305778e-01	1.583071e+01
1.585000e-05	-1.750402e-01	1.570815e+01
1.586000e-05	-2.345662e-01	1.568550e+01
1.587000e-05	-2.499995e-01	1.564189e+01
1.588000e-05	-2.500000e-01	1.558869e+01
1.589000e-05	-2.486743e-01	1.548637e+01
1.590000e-05	-2.083018e-01	1.546326e+01
1.591000e-05	-1.468474e-01	1.533650e+01
1.592000e-05	-1.009089e-01	1.524276e+01
1.593000e-05	-7.296642e-02	1.514610e+01
1.594000e-05	-5.235569e-02	1.505131e+01
1.595000e-05	-4.272498e-02	1.487652e+01
1.596000e-05	-3.792614e-02	1.484264e+01
1.597000e-05	-2.772061e-02	1.466442e+01
1.598000e-05	-2.416322e-02	1.454806e+01
1.599000e-05	-2.101006e-02	1.443235e+01
1.600000e-05	-2.417752e-02	1.426747e+01
1.601000e-05	-1.940697e-02	1.416763e+01
1.602000e-05	-1.542450e-02	1.397171e+01
1.603000e-05	-1.200538e-02	1.384131e+01
1.604000e-05	-1.451800e-02	1.363535e+01
1.605000e-05	-1.502634e-02	1.348862e+01
1.606000e-05	-1.208896e-02	1.334813e+01
1.607000e-05	-1.145916e-02	1.316966e+01
1.608000e-05	-1.165861e-02	1.298071e+01
1.609000e-05	-1.488522e-02	1.281029e+01
1.610000e-05	-1.062576e-02	1.263229e+01
1.611000e-05	-9.311659e-03	1.249349e+01
1.612000e-05	-8.249964e-03	1.228439e+01
1.613000e-05	-1.200719e-02	1.210694e+01
1.614000e-05	-1.144647e-02	1.187539e+01
1.615000e-05	-9.004115e-03	1.165594e+01
1.616000e-05	-7.246592e-03	1.142177e+01
1.617000e-05	-9.419111e-03	1.120324e+01
1.618000e-05	-1.040439e-02	1.097926e+01
1.619000e-05	-8.267865e-03	1.076119e+01
1.620000e-05	-6.961167e-03	1.055898e+01
1.621000e-05	-6.515789e-03	1.034618e+01
1.622000e-05	-9.225959e-03	1.007495e+01
1.623000e-05	-9.239885e-03	9.842819e+00
1.624000e-05	-6.944529e-03	9.570363e+00
1.625000e-05	-5.679443e-03	9.378153e+00
1.626000e-05	-7.552740e-03	9.117050e+00
1.627000e-05	-8.645440e-03	8.865846e+00
1.628000e-05	-6.299818e-03	8.633387e+00
1.629000e-05	-5.372974e-03	8.431179e+00
1.630000e-05	-6.172043e-03	8.118101e+00
1.631000e-05	-8.616888e-03	7.824392e+00
1.632000e-05	-7.064929e-03	7.599163e+00
1.633000e-05	-5.284657e-03	7.337519e+00
1.634000e-05	-5.755506e-03	7.052288e+00
1.635000e-05	-7.105779e-03	6.779684e+00
1.636000e-05	-7.610868e-03	6.487023e+00
1.637000e-05	-5.388973e-03	6.224763e+00
1.638000e-05	-5.448339e-03	5.979180e+00
1.639000e-05	-5.531251e-03	5.645366e+00
1.640000e-05	-7.042079e-03	5.402157e+00
1.641000e-05	-6.340586e-03	5.006474e+00
1.642000e-05	-4.574136e-03	4.718525e+00
1.643000e-05	-6.252676e-03	4.455387e+00
1.644000e-05	-5.707792e-03	4.192109e+00
1.645000e-05	-6.539668e-03	3.854946e+00
1.646000e-05	-4.380451e-03	3.620109e+00
1.647000e-05	-5.453140e-03	3.298473e+00
1.648000e-05	-5.686127e-03	3.032282e+00
1.649000e-05	-7.260323e-03	2.780126e+00
1.650000e-05	-4.504683e-03	2.401810e+00
1.651000e-05	-4.768184e-03	2.118523e+00
1.652000e-05	-5.744416e-03	1.863870e+00
1.653000e-05	-6.132039e-03	1.557578e+00
1.654000e-05	-5.858072e-03	1.253285e+00
1.655000e-05	-4.259277e-03	8.558972e-01
1.656000e-05	-5.155595e-03	5.621531e-01
1.657000e-05	-4.930578e-03	3.185502e-01
1.658000e-05	-3.299357e-03	-9.321999e-03
1.659000e-05	5.147445e-03	-2.724762e-01
1.660000e-05	7.569401e-03	-5.430079e-01
1.661000e-05	-3.977666e-03	-8.509497e-01
1.662000e-05	1.120121e-03	-1.093510e+00
1.663000e-05	-2.397706e-03	-1.406768e+00
1.664000e-05	1.721247e-03	-1.673106e+00
1.665000e-05	2.415750e-02	-1.935683e+00
1.666000e-05	1.233934e-01	-2.187264e+00
1.667000e-05	-3.460454e-03	-2.576189e+00
1.668000e-05	-6.535353e-02	-2.977297e+00
1.669000e-05	-1.783885e-02	-3.335740e+00
1.670000e-05	-4.479772e-02	-3.537214e+00
1.671000e-05	-9.069523e-02	-3.798219e+00
1.672000e-05	1.376998e-01	-3.986871e+00
1.673000e-05	-1.172927e-02	-4.251422e+00
1.674000e-05	-8.765792e-02	-4.546693e+00
1.675000e-05	2.019864e-01	-4.798348e+00
1.676000e-05	-2.182826e-01	-5.124588e+00
1.677000e-05	1.961624e-01	-5.503232e+00
1.678000e-05	-1.359482e-01	-5.715113e+00
1.679000e-05	-9.926914e-03	-6.058455e+00
1.680000e-05	1.458347e-01	-6.241078e+00
1.681000e-05	-1.560571e-01	-6.638271e+00
1.682000e-05	1.953887e-01	-6.882105e+00
1.683000e-05	-1.910867e-01	-7.137813e+00
1.684000e-05	1.029693e-01	-7.471580e+00
1.685000e-05	-1.843080e-02	-7.724612e+00
1.686000e-05	-3.982155e-02	-8.039003e+00
1.687000e-05	1.326716e-01	-8.251106e+00
1.688000e-05	-1.556679e-01	-8.504142e+00
1.689000e-05	1.760642e-01	-8.838950e+00
1.690000e-05	-1.351347e-01	-9.040527e+00
1.691000e-05	5.902482e-02	-9.294188e+00
1.692000e-05	-4.004182e-02	-9.492214e+00
1.693000e-05	1.483814e-02	-9.776894e+00
1.694000e-05	8.279922e-02	-9.987316e+00
1.695000e-05	-7.676171e-02	-1.023098e+01
1.696000e-05	8.421459e-02	-1.046368e+01
1.697000e-05	-1.117319e-01	-1.068369e+01
1.698000e-05	1.052367e-01	-1.096472e+01
1.699000e-05	-7.630395e-02	-1.110667e+01
1.700000e-05	6.403336e-02	-1.137485e+01
1.701000e-05	-3.829374e-02	-1.157740e+01
1.702000e-05	3.939078e-02	-1.185013e+01
1.703000e-05	-2.279728e-05	-1.202001e+01
1.704000e-05	-1.578653e-02	-1.228106e+01
1.705000e-05	7.554364e-03	-1.238850e+01
1.706000e-05	-1.113278e-02	-1.263856e+01
1.707000e-05	5.216325e-02	-1.281092e+01
1.708000e-05	-2.150953e-02	-1.300792e+01
1.709000e-05	2.045765e-02	-1.310542e+01
1.710000e-05	-3.328269e-02	-1.334482e+01
1.711000e-05	3.372915e-02	-1.350319e+01
1.712000e-05	-1.409883e-02	-1.360211e+01
1.713000e-05	2.236929e-02	-1.381858e+01
1.714000e-05	-1.021608e-02	-1.395747e+01
1.715000e-05	2.835643e-02	-1.416627e+01
1.716000e-05	3.994594e-03	-1.428366e+01
1.717000e-05	3.460594e-03	-1.438059e+01
1.718000e-05	-1.283039e-02	-1.452532e+01
1.719000e-05	8.594715e-03	-1.470374e+01
1.720000e-05	1.971168e-02	-1.478898e+01
1.721000e-05	1.196270e-02	-1.494490e+01
1.722000e-05	6.284540e-03	-1.505958e+01
1.723000e-05	-3.896822e-03	-1.516482e+01
1.724000e-05	1.857459e-02	-1.521066e+01
1.725000e-05	6.538635e-03	-1.530637e+01
1.726000e-05	1.157875e-02	-1.543153e+01
1.727000e-05	1.074575e-04	-1.549384e+01
1.728000e-05	1.978629e-02	-1.559848e+01
1.729000e-05	1.511654e-02	-1.565366e+01
1.730000e-05	1.074550e-02	-1.572535e+01
1.731000e-05	-6.311429e-04	-1.576053e+01
1.732000e-05	1.103199e-02	-1.588171e+01
1.733000e-05	2.383602e-02	-1.588374e+01
1.734000e-05	2.226648e-02	-1.592645e+01
1.735000e-05	1.463545e-02	-1.595698e+01
1.736000e-05	1.110672e-02	-1.600963e+01
1.737000e-05	2.059604e-02	-1.602916e+01
1.738000e-05	2.340985e-02	-1.604214e+01
1.739000e-05	1.947610e-02	-1.607224e+01
1.740000e-05	1.831042e-02	-1.607279e+01
1.741000e-05	2.941057e-02	-1.609482e+01
1.742000e-05	3.828322e-02	-1.607374e+01
1.743000e-05	3.365104e-02	-1.605329e+01
1.744000e-05	2.936051e-02	-1.606269e+01
1.745000e-05	3.737858e-02	-1.603114e+01
1.746000e-05	5.264455e-02	-1.602008e+01
1.747000e-05	6.433764e-02	-1.596808e+01
1.748000e-05	7.047002e-02	-1.593595e+01
1.749000e-05	8.912454e-02	-1.586329e+01
1.750000e-05	1.248453e-01	-1.586018e+01
1.751000e-05	1.750765e-01	-1.578956e+01
1.752000e-05	2.279952e-01	-1.570745e+01
1.753000e-05	2.499374e-01	-1.565229e+01
1.754000e-05	2.500000e-01	-1.556063e+01
1.755000e-05	2.489850e-01	-1.553642e+01
1.756000e-05	2.069408e-01	-1.543076e+01
1.757000e-05	1.318542e-01	-1.530600e+01
1.758000e-05	8.708699e-02	-1.521172e+01
1.759000e-05	6.599153e-02	-1.516652e+01
1.760000e-05	5.052495e-02	-1.506326e+01
1.761000e-05	3.283399e-02	-1.494640e+01
1.762000e-05	2.179527e-02	-1.480271e+01
1.763000e-05	2.016742e-02	-1.469549e+01
1.764000e-05	2.003885e-02	-1.458760e+01
1.765000e-05	1.315402e-02	-1.446324e+01
1.766000e-05	5.261248e-03	-1.429435e+01
1.767000e-05	5.458464e-03	-1.419865e+01
1.768000e-05	1.061989e-02	-1.399028e+01
1.769000e-05	1.003516e-02	-1.383529e+01
1.770000e-05	2.389789e-03	-1.368397e+01
1.771000e-05	-1.154518e-04	-1.351645e+01
1.772000e-05	3.435049e-03	-1.335808e+01
1.773000e-05	5.209385e-03	-1.319023e+01
1.774000e-05	1.620477e-03	-1.303071e+01
1.775000e-05	-2.965035e-03	-1.285378e+01
1.776000e-05	2.731171e-04	-1.270382e+01
1.777000e-05	3.182445e-03	-1.248387e+01
1.778000e-05	1.404200e-03	-1.228402e+01
1.779000e-05	-4.921471e-03	-1.210500e+01
1.780000e-05	-4.147872e-03	-1.190452e+01
1.781000e-05	-2.343622e-04	-1.166339e+01
1.782000e-05	1.337139e-03	-1.140118e+01
1.783000e-05	-3.688097e-03	-1.117903e+01
1.784000e-05	-5.927474e-03	-1.095608e+01
1.785000e-05	-3.579542e-03	-1.075765e+01
1.786000e-05	-1.223036e-03	-1.057060e+01
1.787000e-05	-3.141644e-03	-1.029697e+01
1.788000e-05	-6.408062e-03	-1.005537e+01
1.789000e-05	-5.688008e-03	-9.842810e+00
1.790000e-05	-2.535656e-03	-9.612738e+00
1.791000e-05	-3.503727e-03	-9.360054e+00
1.792000e-05	-6.627387e-03	-9.155927e+00
1.793000e-05	-8.439849e-03	-8.904416e+00
1.794000e-05	-4.966952e-03	-8.631856e+00
1.795000e-05	-3.196929e-03	-8.369203e+00
1.796000e-05	-6.476529e-03	-8.118574e+00
1.797000e-05	-7.770067e-03	-7.895337e+00
1.798000e-05	-7.782557e-03	-7.590126e+00
1.799000e-05	-4.172555e-03	-7.305473e+00
1.800000e-05	-6.933263e-03	-7.012285e+00
1.801000e-05	-8.016047e-03	-6.717524e+00
1.802000e-05	-1.088902e-02	-6.505367e+00
1.803000e-05	-5.064450e-03	-6.233712e+00
1.804000e-05	-6.035721e-03	-5.936554e+00
1.805000e-05	-6.847888e-03	-5.664916e+00
1.806000e-05	-1.092786e-02	-5.348095e+00
1.807000e-05	-7.584056e-03	-5.095290e+00
1.808000e-05	-6.630375e-03	-4.714999e+00
1.809000e-05	-7.229530e-03	-4.443212e+00
1.810000e-05	-9.950312e-03	-4.192659e+00
1.811000e-05	-1.000839e-02	-3.956842e+00
1.812000e-05	-8.455716e-03	-3.611207e+00
1.813000e-05	-7.189233e-03	-3.329022e+00
1.814000e-05	-9.985711e-03	-3.054788e+00
1.815000e-05	-9.626881e-03	-2.717950e+00
1.816000e-05	-7.611624e-03	-2.463760e+00
1.817000e-05	-7.275763e-03	-2.128499e+00
1.818000e-05	-8.018557e-03	-1.843308e+00
1.819000e-05	-1.222566e-02	-1.569053e+00
1.820000e-05	-9.434794e-03	-1.212204e+00
1.821000e-05	-8.766877e-03	-9.173672e-01
1.822000e-05	-7.145370e-03	-6.421644e-01
1.823000e-05	-8.618978e-03	-3.278438e-01
1.824000e-05	-6.427569e-03	-3.423452e-02
1.825000e-05	5.929551e-03	2.314997e-01
1.826000e-05	-7.993103e-04	5.046841e-01
1.827000e-05	-4.407946e-05	7.573921e-01
1.828000e-05	-4.237901e-03	1.096183e+00
1.829000e-05	-1.657319e-03	1.387317e+00
1.830000e-05	-8.593251e-04	1.711685e+00
1.831000e-05	1.365481e-02	1.916338e+00
1.832000e-05	6.412149e-02	2.187447e+00
1.833000e-05	8.529578e-02	2.515189e+00
1.834000e-05	-9.633014e-02	2.923136e+00
1.835000e-05	-2.635751e-02	3.218872e+00
1.836000e-05	-4.410126e-02	3.463563e+00
1.837000e-05	-2.870468e-02	3.746767e+00
1.838000e-05	-8.880592e-02	3.957426e+00
1.839000e-05	1.393611e-01	4.209403e+00
1.840000e-05	-4.059562e-02	4.546791e+00
1.841000e-05	-4.030941e-02	4.778342e+00
1.842000e-05	1.708738e-01	5.153793e+00
1.843000e-05	-1.844367e-01	5.462659e+00
1.844000e-05	1.069385e-01	5.685093e+00
1.845000e-05	-9.004179e-02	6.070086e+00
1.846000e-05	4.339041e-02	6.262133e+00
1.847000e-05	3.127068e-02	6.605847e+00
1.848000e-05	-4.478548e-02	6.860608e+00
1.849000e-05	4.395897e-02	7.125696e+00
1.850000e-05	-8.236849e-02	7.419075e+00
1.851000e-05	6.286976e-02	7.713767e+00
1.852000e-05	-5.468744e-02	8.018958e+00
1.853000e-05	2.812544e-02	8.271208e+00
1.854000e-05	2.437431e-02	8.494339e+00
1.855000e-05	-3.716396e-02	8.744867e+00
1.856000e-05	4.645736e-02	9.008402e+00
1.857000e-05	-6.384597e-02	9.252057e+00
1.858000e-05	1.186093e-02	9.452234e+00
1.859000e-05	-1.677507e-02	9.734795e+00
1.860000e-05	3.590133e-02	9.926901e+00
1.861000e-05	-6.600351e-03	1.020855e+01
1.862000e-05	-1.287286e-02	1.046206e+01
1.863000e-05	1.105486e-03	1.068119e+01
1.864000e-05	-2.464802e-02	1.090267e+01
1.865000e-05	1.210650e-02	1.106226e+01
1.866000e-05	-2.422120e-02	1.134627e+01
1.867000e-05	1.364062e-02	1.155740e+01
1.868000e-05	-8.953784e-03	1.178803e+01
1.869000e-05	1.084211e-02	1.197848e+01
1.870000e-05	-2.391070e-02	1.221953e+01
1.871000e-05	-8.519172e-03	1.236798e+01
1.872000e-05	-1.036502e-02	1.259845e+01
1.873000e-05	7.978206e-03	1.274740e+01
1.874000e-05	-1.270265e-03	1.294592e+01
1.875000e-05	-1.197647e-02	1.315589e+01
1.876000e-05	-1.184091e-02	1.332634e+01
1.877000e-05	-1.142719e-02	1.342271e+01
1.878000e-05	-3.744513e-03	1.359061e+01
1.879000e-05	-1.498433e-02	1.380850e+01
1.880000e-05	-1.908357e-03	1.393402e+01
1.881000e-05	-6.859543e-03	1.408342e+01
1.882000e-05	1.704043e-03	1.430279e+01
1.883000e-05	-1.978764e-02	1.440111e+01
1.884000e-05	-1.667741e-02	1.452740e+01
1.885000e-05	-1.792729e-02	1.466284e+01
1.886000e-05	-2.547839e-03	1.485056e+01
1.887000e-05	-6.901705e-03	1.490440e+01
1.888000e-05	-1.324173e-02	1.499058e+01
1.889000e-05	-1.282669e-02	1.506340e+01
1.890000e-05	-1.532627e-02	1.521961e+01
1.891000e-05	-9.184464e-03	1.529477e+01
1.892000e-05	-1.943140e-02	1.538805e+01
1.893000e-05	-1.388073e-02	1.547187e+01
1.894000e-05	-1.519360e-02	1.552790e+01
1.895000e-05	-1.070937e-02	1.561111e+01
1.896000e-05	-2.146828e-02	1.568429e+01
1.897000e-05	-2.539481e-02	1.574558e+01
1.898000e-05	-2.273880e-02	1.579906e+01
1.899000e-05	-1.683245e-02	1.585187e+01
1.900000e-05	-1.333746e-02	1.589585e+01
1.901000e-05	-2.497810e-02	1.596648e+01
1.902000e-05	-2.364165e-02	1.595858e+01
1.903000e-05	-2.723039e-02	1.599905e+01
1.904000e-05	-2.643064e-02	1.599226e+01
1.905000e-05	-3.363873e-02	1.604069e+01
1.906000e-05	-3.544744e-02	1.603229e+01
1.907000e-05	-3.252240e-02	1.606277e+01
1.908000e-05	-3.278172e-02	1.604479e+01
1.909000e-05	-3.808333e-02	1.603176e+01
1.910000e-05	-5.036760e-02	1.598066e+01
1.911000e-05	-5.242885e-02	1.597861e+01
1.912000e-05	-5.950459e-02	1.597808e+01
1.913000e-05	-6.600716e-02	1.594853e+01
1.914000e-05	-8.541415e-02	1.591640e+01
1.915000e-05	-1.070688e-01	1.586292e+01
1.916000e-05	-1.382655e-01	1.581023e+01
1.917000e-05	-1.881531e-01	1.574800e+01
1.918000e-05	-2.414433e-01	1.567495e+01
1.919000e-05	-2.500000e-01	1.565271e+01
1.920000e-05	-2.500000e-01	1.552918e+01
1.921000e-05	-2.457789e-01	1.548442e+01
1.922000e-05	-1.942566e-01	1.543071e+01
1.923000e-05	-1.358246e-01	1.533650e+01
1.924000e-05	-9.523922e-02	1.525176e+01
1.925000e-05	-6.803549e-02	1.508650e+01
1.926000e-05	-5.020459e-02	1.498928e+01
1.927000e-05	-4.077933e-02	1.487604e+01
1.928000e-05	-3.641637e-02	1.476958e+01
1.929000e-05	-2.707920e-02	1.467229e+01
1.930000e-05	-2.353460e-02	1.453905e+01
1.931000e-05	-2.124286e-02	1.441181e+01
1.932000e-05	-2.246906e-02	1.428347e+01
1.933000e-05	-2.011416e-02	1.408605e+01
1.934000e-05	-1.418069e-02	1.395856e+01
1.935000e-05	-1.370975e-02	1.379929e+01
1.936000e-05	-1.446599e-02	1.364437e+01
1.937000e-05	-1.651460e-02	1.348439e+01
1.938000e-05	-1.174389e-02	1.332653e+01
1.939000e-05	-1.216451e-02	1.312913e+01
1.940000e-05	-1.167918e-02	1.296963e+01
1.941000e-05	-1.388317e-02	1.277168e+01
1.942000e-05	-1.108865e-02	1.260076e+01
1.943000e-05	-8.773210e-03	1.243482e+01
1.944000e-05	-9.699524e-03	1.226179e+01
1.945000e-05	-1.166795e-02	1.206487e+01
1.946000e-05	-1.156620e-02	1.182181e+01
1.947000e-05	-8.754188e-03	1.157284e+01
1.948000e-05	-8.177145e-03	1.138920e+01
1.949000e-05	-8.320398e-03	1.114721e+01
1.950000e-05	-1.088621e-02	1.097807e+01
1.951000e-05	-6.910930e-03	1.072762e+01
1.952000e-05	-6.828268e-03	1.051753e+01
1.953000e-05	-7.925089e-03	1.025392e+01
1.954000e-05	-9.719866e-03	1.001479e+01
1.955000e-05	-8.359108e-03	9.810232e+00
1.956000e-05	-6.356692e-03	9.559652e+00
1.957000e-05	-7.110250e-03	9.356475e+00
1.958000e-05	-8.641658e-03	9.075996e+00
1.959000e-05	-8.148272e-03	8.822867e+00
1.960000e-05	-6.427742e-03	8.561683e+00
1.961000e-05	-5.359621e-03	8.329158e+00
1.962000e-05	-6.247491e-03	8.137544e+00
1.963000e-05	-6.955594e-03	7.792311e+00
1.964000e-05	-6.189405e-03	7.518654e+00
1.965000e-05	-5.574462e-03	7.201262e+00
1.966000e-05	-6.495013e-03	6.951210e+00
1.967000e-05	-6.828681e-03	6.747579e+00
1.968000e-05	-6.298695e-03	6.413337e+00
1.969000e-05	-5.090447e-03	6.181232e+00
1.970000e-05	-5.358382e-03	5.916001e+00
1.971000e-05	-5.954320e-03	5.580711e+00
1.972000e-05	-6.595358e-03	5.340577e+00
1.973000e-05	-6.164801e-03	5.002331e+00
1.974000e-05	-4.855969e-03	4.686017e+00
1.975000e-05	-6.742720e-03	4.431709e+00
1.976000e-05	-6.110582e-03	4.087074e+00
1.977000e-05	-6.048436e-03	3.822361e+00
1.978000e-05	-4.794189e-03	3.549527e+00
1.979000e-05	-5.626383e-03	3.234264e+00
1.980000e-05	-6.401347e-03	2.979129e+00
1.981000e-05	-6.065703e-03	2.684949e+00
1.982000e-05	-4.877322e-03	2.369056e+00
1.983000e-05	-5.231554e-03	2.065441e+00
1.984000e-05	-6.059324e-03	1.764232e+00
1.985000e-05	-5.634133e-03	1.486944e+00
1.986000e-05	-6.124033e-03	1.193183e+00
1.987000e-05	-4.933020e-03	8.333572e-01
1.988000e-05	-4.996103e-03	5.195490e-01
1.989000e-05	-4.854766e-03	2.758671e-01
1.990000e-05	-2.533248e-03	-5.199944e-02
1.991000e-05	8.371396e-03	-3.141588e-01
1.992000e-05	2.113167e-03	-5.876393e-01
1.993000e-05	1.049842e-03	-9.030013e-01
1.994000e-05	-2.313217e-03	-1.166214e+00
1.995000e-05	4.132693e-04	-1.523100e+00
1.996000e-05	3.329708e-04	-1.744189e+00
1.997000e-05	3.810228e-02	-1.986716e+00
1.998000e-05	1.381026e-01	-2.291004e+00
1.999000e-05	-5.769762e-02	-2.679949e+00
2.000000e-05	-3.826599e-02	-3.092108e+00
2.001000e-05	-3.518378e-02	-3.377321e+00
2.002000e-05	-3.890545e-02	-3.599421e+00
2.003000e-05	-9.313160e-02	-3.829842e+00
2.004000e-05	1.930046e-01	-4.027474e+00
2.005000e-05	-1.207246e-01	-4.292008e+00
2.006000e-05	3.941140e-02	-4.639349e+00
2.007000e-05	1.291516e-01	-4.808825e+00
2.008000e-05	-1.903669e-01	-5.219375e+00
2.009000e-05	2.101016e-01	-5.535214e+00
2.010000e-05	-2.121083e-01	-5.798767e+00
2.011000e-05	1.047446e-01	-6.131612e+00
2.012000e-05	4.877641e-02	-6.305636e+00
2.013000e-05	-8.244828e-02	-6.682531e+00
2.014000e-05	1.614608e-01	-6.944114e+00
2.015000e-05	-2.056741e-01	-7.217502e+00
2.016000e-05	1.617710e-01	-7.524138e+00
2.017000e-05	-1.030023e-01	-7.764791e+00
2.018000e-05	4.898687e-02	-8.099689e+00
2.019000e-05	5.786567e-02	-8.293186e+00
2.020000e-05	-1.054396e-01	-8.606847e+00
2.021000e-05	1.675732e-01	-8.860635e+00
2.022000e-05	-1.679645e-01	-9.063084e+00
2.023000e-05	1.093394e-01	-9.375263e+00
2.024000e-05	-1.008111e-01	-9.535741e+00
2.025000e-05	8.904089e-02	-9.819376e+00
2.026000e-05	1.180376e-02	-1.004900e+01
2.027000e-05	-2.161470e-02	-1.027469e+01
2.028000e-05	4.113501e-02	-1.052281e+01
2.029000e-05	-8.178992e-02	-1.074677e+01
2.030000e-05	9.679884e-02	-1.093679e+01
2.031000e-05	-8.397837e-02	-1.116830e+01
2.032000e-05	8.096313e-02	-1.138690e+01
2.033000e-05	-5.965459e-02	-1.162848e+01
2.034000e-05	6.948947e-02	-1.188166e+01
2.035000e-05	-3.222613e-02	-1.206159e+01
2.036000e-05	1.122861e-02	-1.228221e+01
2.037000e-05	-1.616048e-02	-1.246953e+01
2.038000e-05	1.394430e-02	-1.268153e+01
2.039000e-05	3.250854e-02	-1.280006e+01
2.040000e-05	-1.100166e-02	-1.301903e+01
2.041000e-05	9.797951e-03	-1.316838e+01
2.042000e-05	-2.266632e-02	-1.336647e+01
2.043000e-05	3.223976e-02	-1.351489e+01
2.044000e-05	-1.305989e-02	-1.368429e+01
2.045000e-05	2.201435e-02	-1.386019e+01
2.046000e-05	-1.047228e-02	-1.401793e+01
2.047000e-05	3.087073e-02	-1.412851e+01
2.048000e-05	-2.209119e-03	-1.429522e+01
2.049000e-05	4.749470e-03	-1.446316e+01
2.050000e-05	-1.446599e-02	-1.455745e+01
2.051000e-05	1.611349e-02	-1.467587e+01
2.052000e-05	1.708277e-02	-1.480958e+01
2.053000e-05	1.502063e-02	-1.497590e+01
2.054000e-05	-1.064714e-03	-1.502961e+01
2.055000e-05	3.574456e-03	-1.516540e+01
2.056000e-05	1.517089e-02	-1.520961e+01
2.057000e-05	1.116542e-02	-1.533585e+01
2.058000e-05	9.678221e-03	-1.544956e+01
2.059000e-05	4.315691e-03	-1.551580e+01
2.060000e-05	2.125944e-02	-1.557906e+01
2.061000e-05	1.149722e-02	-1.567319e+01
2.062000e-05	7.197222e-03	-1.572590e+01
2.063000e-05	-2.662925e-03	-1.579910e+01
2.064000e-05	1.686875e-02	-1.587974e+01
2.065000e-05	2.541247e-02	-1.590279e+01
2.066000e-05	2.300863e-02	-1.594650e+01
2.067000e-05	1.341964e-02	-1.596693e+01
2.068000e-05	1.331910e-02	-1.599911e+01
2.069000e-05	2.014320e-02	-1.605013e+01
2.070000e-05	2.035287e-02	-1.605274e+01
2.071000e-05	1.727304e-02	-1.605424e+01
2.072000e-05	2.057392e-02	-1.606332e+01
2.073000e-05	3.277871e-02	-1.604379e+01
2.074000e-05	3.871548e-02	-1.606174e+01
2.075000e-05	3.329067e-02	-1.606427e+01
2.076000e-05	3.042099e-02	-1.601168e+01
2.077000e-05	4.119955e-02	-1.601861e+01
2.078000e-05	5.592882e-02	-1.601058e+01
2.079000e-05	6.526126e-02	-1.595801e+01
2.080000e-05	7.133361e-02	-1.592595e+01
2.081000e-05	9.474759e-02	-1.589229e+01
2.082000e-05	1.336431e-01	-1.578069e+01
2.083000e-05	1.864578e-01	-1.577810e+01
2.084000e-05	2.360095e-01	-1.570492e+01
2.085000e-05	2.499890e-01	-1.562286e+01
2.086000e-05	2.500000e-01	-1.558755e+01
2.087000e-05	2.458880e-01	-1.550537e+01
2.088000e-05	1.900465e-01	-1.538013e+01
2.089000e-05	1.198856e-01	-1.530600e+01
2.090000e-05	8.141793e-02	-1.519221e+01
2.091000e-05	6.373453e-02	-1.512695e+01
2.092000e-05	4.747845e-02	-1.505074e+01
2.093000e-05	3.010537e-02	-1.492640e+01
2.094000e-05	2.092265e-02	-1.474066e+01
2.095000e-05	2.156905e-02	-1.469384e+01
2.096000e-05	1.976688e-02	-1.454808e+01
2.097000e-05	1.124328e-02	-1.441024e+01
2.098000e-05	3.721784e-03	-1.429475e+01
2.099000e-05	5.774694e-03	-1.415843e+01
2.100000e-05	1.037742e-02	-1.391963e+01
2.101000e-05	7.239964e-03	-1.383016e+01
2.102000e-05	1.577819e-03	-1.364384e+01
2.103000e-05	1.111040e-03	-1.349547e+01
2.104000e-05	5.518195e-03	-1.331738e+01
2.105000e-05	5.791727e-03	-1.315758e+01
2.106000e-05	9.435658e-04	-1.298971e+01
2.107000e-05	-3.642741e-03	-1.279124e+01
2.108000e-05	6.000657e-05	-1.260321e+01
2.109000e-05	2.940957e-03	-1.244331e+01
2.110000e-05	-7.811094e-04	-1.228282e+01
2.111000e-05	-5.492918e-03	-1.204224e+01
2.112000e-05	-3.300606e-03	-1.190484e+01
2.113000e-05	1.381948e-03	-1.162229e+01
2.114000e-05	1.190027e-03	-1.133916e+01
2.115000e-05	-4.409001e-03	-1.112700e+01
2.116000e-05	-6.419024e-03	-1.091602e+01
2.117000e-05	-3.761701e-03	-1.071699e+01
2.118000e-05	-1.654187e-03	-1.050600e+01
2.119000e-05	-5.339037e-03	-1.027389e+01
2.120000e-05	-7.478459e-03	-1.004231e+01
2.121000e-05	-4.590304e-03	-9.780684e+00
2.122000e-05	-1.727813e-03	-9.580133e+00
2.123000e-05	-2.574870e-03	-9.306973e+00
2.124000e-05	-7.759618e-03	-9.044288e+00
2.125000e-05	-7.990047e-03	-8.843293e+00
2.126000e-05	-5.253105e-03	-8.601158e+00
2.127000e-05	-3.776906e-03	-8.336000e+00
2.128000e-05	-7.740417e-03	-8.093917e+00
2.129000e-05	-9.121172e-03	-7.812738e+00
2.130000e-05	-6.915717e-03	-7.517002e+00
2.131000e-05	-4.037013e-03	-7.234811e+00
2.132000e-05	-7.063382e-03	-6.981158e+00
2.133000e-05	-8.622476e-03	-6.695893e+00
2.134000e-05	-1.001029e-02	-6.453259e+00
2.135000e-05	-4.852046e-03	-6.181030e+00
2.136000e-05	-7.915071e-03	-5.855417e+00
2.137000e-05	-9.298783e-03	-5.592784e+00
2.138000e-05	-1.065701e-02	-5.307476e+00
2.139000e-05	-6.746831e-03	-5.001609e+00
2.140000e-05	-5.236760e-03	-4.691211e+00
2.141000e-05	-8.058654e-03	-4.389105e+00
2.142000e-05	-1.083703e-02	-4.137945e+00
2.143000e-05	-1.024092e-02	-3.844815e+00
2.144000e-05	-7.841486e-03	-3.517602e+00
2.145000e-05	-8.852590e-03	-3.276817e+00
2.146000e-05	-9.951964e-03	-2.979624e+00
2.147000e-05	-9.687384e-03	-2.684917e+00
2.148000e-05	-6.862409e-03	-2.369600e+00
2.149000e-05	-6.247798e-03	-2.076816e+00
2.150000e-05	-9.522875e-03	-1.790605e+00
2.151000e-05	-1.119098e-02	-1.565920e+00
2.152000e-05	-9.184425e-03	-1.149003e+00
2.153000e-05	-8.137257e-03	-8.848673e-01
2.154000e-05	-9.082144e-03	-5.500754e-01
2.155000e-05	-9.090453e-03	-2.847933e-01
2.156000e-05	-6.975558e-03	2.947087e-02
2.157000e-05	9.231823e-03	3.256864e-01
2.158000e-05	-4.756708e-03	6.083921e-01
2.159000e-05	3.692835e-03	8.304498e-01
2.160000e-05	-5.859863e-03	1.156713e+00
2.161000e-05	2.099479e-03	1.449421e+00
2.162000e-05	-3.146389e-03	1.798240e+00
2.163000e-05	2.042648e-02	2.008420e+00
2.164000e-05	8.079286e-02	2.272481e+00
2.165000e-05	4.970826e-02	2.630897e+00
2.166000e-05	-9.576712e-02	2.936742e+00
2.167000e-05	-2.395149e-02	3.260976e+00
2.168000e-05	-3.763940e-02	3.575868e+00
2.169000e-05	-4.764298e-02	3.796968e+00
2.170000e-05	-6.045151e-02	3.988397e+00
2.171000e-05	1.659714e-01	4.275054e+00
2.172000e-05	-1.257470e-01	4.630400e+00
2.173000e-05	6.582441e-02	4.872081e+00
2.174000e-05	8.606437e-02	5.228395e+00
2.175000e-05	-1.506710e-01	5.494735e+00
2.176000e-05	1.113213e-01	5.779421e+00
2.177000e-05	-1.173799e-01	6.102660e+00
2.178000e-05	9.441136e-02	6.325238e+00
2.179000e-05	-1.660480e-02	6.631001e+00
2.180000e-05	-1.277644e-02	6.893262e+00
2.181000e-05	1.538016e-02	7.177923e+00
2.182000e-05	-6.623903e-02	7.464657e+00
2.183000e-05	6.444290e-02	7.776321e+00
2.184000e-05	-7.182354e-02	8.062104e+00
2.185000e-05	5.831652e-02	8.374265e+00
2.186000e-05	-3.036157e-03	8.556343e+00
2.187000e-05	-1.733458e-02	8.775474e+00
2.188000e-05	3.398121e-02	9.062501e+00
2.189000e-05	-7.119982e-02	9.302664e+00
2.190000e-05	2.884490e-02	9.495263e+00
2.191000e-05	-2.951307e-02	9.816819e+00
2.192000e-05	5.215277e-02	1.000107e+01
2.193000e-05	-2.840508e-02	1.022158e+01
2.194000e-05	7.113643e-03	1.047261e+01
2.195000e-05	-1.360818e-02	1.069639e+01
2.196000e-05	-1.589731e-02	1.090539e+01
2.197000e-05	7.213113e-03	1.117587e+01
2.198000e-05	-2.343739e-02	1.139550e+01
2.199000e-05	1.869483e-02	1.160906e+01
2.200000e-05	-1.408182e-02	1.186013e+01
2.201000e-05	1.469201e-02	1.203168e+01
2.202000e-05	-3.258346e-02	1.227063e+01
2.203000e-05	-2.478527e-04	1.241065e+01
2.204000e-05	-1.347940e-02	1.264060e+01
2.205000e-05	1.222717e-02	1.280908e+01
2.206000e-05	-5.529175e-03	1.296690e+01
2.207000e-05	-1.139446e-02	1.312695e+01
2.208000e-05	-1.033401e-02	1.332434e+01
2.209000e-05	-1.169932e-02	1.349437e+01
2.210000e-05	-3.449167e-03	1.366266e+01
2.211000e-05	-1.723099e-02	1.383121e+01
2.212000e-05	8.086381e-04	1.397851e+01
2.213000e-05	-7.237968e-03	1.415488e+01
2.214000e-05	6.658395e-04	1.432694e+01
2.215000e-05	-2.070432e-02	1.444223e+01
2.216000e-05	-1.596180e-02	1.458845e+01
2.217000e-05	-1.498831e-02	1.473390e+01
2.218000e-05	-4.233809e-03	1.484066e+01
2.219000e-05	-7.567727e-03	1.494439e+01
2.220000e-05	-1.517801e-02	1.502063e+01
2.221000e-05	-1.109804e-02	1.516592e+01
2.222000e-05	-1.539777e-02	1.525214e+01
2.223000e-05	-1.004436e-02	1.529537e+01
2.224000e-05	-2.023561e-02	1.544006e+01
2.225000e-05	-1.373401e-02	1.546484e+01
2.226000e-05	-1.294686e-02	1.556757e+01
2.227000e-05	-1.199739e-02	1.560116e+01
2.228000e-05	-2.072439e-02	1.570682e+01
2.229000e-05	-2.658445e-02	1.577705e+01
2.230000e-05	-2.060653e-02	1.584015e+01
2.231000e-05	-1.750375e-02	1.587274e+01
2.232000e-05	-1.451963e-02	1.594597e+01
2.233000e-05	-2.510002e-02	1.593850e+01
2.234000e-05	-2.328493e-02	1.596813e+01
2.235000e-05	-2.619642e-02	1.596016e+01
2.236000e-05	-2.830889e-02	1.601021e+01
2.237000e-05	-3.318503e-02	1.606221e+01
2.238000e-05	-3.682454e-02	1.605381e+01
2.239000e-05	-3.121133e-02	1.605177e+01
2.240000e-05	-3.384632e-02	1.602079e+01
2.241000e-05	-3.886616e-02	1.604019e+01
2.242000e-05	-5.195348e-02	1.602026e+01
2.243000e-05	-5.389034e-02	1.598953e+01
2.244000e-05	-6.036782e-02	1.598858e+01
2.245000e-05	-6.915797e-02	1.593498e+01
2.246000e-05	-8.850762e-02	1.591395e+01
2.247000e-05	-1.116939e-01	1.585139e+01
2.248000e-05	-1.458869e-01	1.578973e+01
2.249000e-05	-2.016772e-01	1.573755e+01
2.250000e-05	-2.467870e-01	1.568437e+01
2.251000e-05	-2.500000e-01	1.560132e+01
2.252000e-05	-2.500000e-01	1.551708e+01
2.253000e-05	-2.405401e-01	1.548432e+01
2.254000e-05	-1.803222e-01	1.538063e+01
2.255000e-05	-1.252045e-01	1.530442e+01
2.256000e-05	-8.919444e-02	1.522168e+01
2.257000e-05	-6.322785e-02	1.508394e+01
2.258000e-05	-4.858201e-02	1.492925e+01
2.259000e-05	-3.935277e-02	1.486389e+01
2.260000e-05	-3.456137e-02	1.474963e+01
2.261000e-05	-2.724575e-02	1.460292e+01
2.262000e-05	-2.273090e-02	1.449747e+01
2.263000e-05	-2.239584e-02	1.440871e+01
2.264000e-05	-2.091813e-02	1.423322e+01
2.265000e-05	-2.050322e-02	1.408502e+01
2.266000e-05	-1.279925e-02	1.391710e+01
2.267000e-05	-1.391827e-02	1.373918e+01
2.268000e-05	-1.399642e-02	1.359326e+01
2.269000e-05	-1.631113e-02	1.344326e+01
2.270000e-05	-1.209532e-02	1.326445e+01
2.271000e-05	-1.247939e-02	1.309645e+01
2.272000e-05	-1.141438e-02	1.291800e+01
2.273000e-05	-1.333525e-02	1.272755e+01
2.274000e-05	-1.065179e-02	1.258961e+01
2.275000e-05	-8.682301e-03	1.235969e+01
2.276000e-05	-1.010608e-02	1.222976e+01
2.277000e-05	-1.127013e-02	1.204132e+01
2.278000e-05	-1.160382e-02	1.179221e+01
2.279000e-05	-7.757567e-03	1.156021e+01
2.280000e-05	-9.158537e-03	1.133748e+01
2.281000e-05	-9.050468e-03	1.107450e+01
2.282000e-05	-1.067119e-02	1.088705e+01
2.283000e-05	-7.310665e-03	1.066560e+01
2.284000e-05	-6.159568e-03	1.049241e+01
2.285000e-05	-6.695005e-03	1.022179e+01
2.286000e-05	-9.627830e-03	9.951208e+00
2.287000e-05	-8.561241e-03	9.788604e+00
2.288000e-05	-5.918222e-03	9.495944e+00
2.289000e-05	-6.263862e-03	9.243966e+00
2.290000e-05	-7.269725e-03	9.032864e+00
2.291000e-05	-8.342546e-03	8.738234e+00
2.292000e-05	-6.205066e-03	8.538099e+00
2.293000e-05	-4.802173e-03	8.254970e+00
2.294000e-05	-6.222228e-03	8.001843e+00
2.295000e-05	-7.038793e-03	7.778604e+00
2.296000e-05	-6.105304e-03	7.495970e+00
2.297000e-05	-5.750695e-03	7.180333e+00
2.298000e-05	-6.390024e-03	6.948028e+00
2.299000e-05	-7.147995e-03	6.654445e+00
2.300000e-05	-7.285715e-03	6.380283e+00
2.301000e-05	-5.516986e-03	6.127001e+00
2.302000e-05	-4.967686e-03	5.854866e+00
2.303000e-05	-6.335236e-03	5.578200e+00
2.304000e-05	-7.266334e-03	5.286071e+00
2.305000e-05	-5.918702e-03	4.896569e+00
2.306000e-05	-4.611120e-03	4.612735e+00
2.307000e-05	-5.858758e-03	4.391127e+00
2.308000e-05	-6.712966e-03	4.033838e+00
2.309000e-05	-6.138827e-03	3.739127e+00
2.310000e-05	-5.146738e-03	3.527448e+00
2.311000e-05	-4.902175e-03	3.159804e+00
2.312000e-05	-7.037031e-03	2.905996e+00
2.313000e-05	-6.883643e-03	2.633388e+00
2.314000e-05	-5.684688e-03	2.287996e+00
2.315000e-05	-4.630128e-03	2.023283e+00
2.316000e-05	-6.069508e-03	1.740144e+00
2.317000e-05	-6.208325e-03	1.432762e+00
2.318000e-05	-5.682561e-03	1.088546e+00
2.319000e-05	-4.654971e-03	8.100729e-01
2.320000e-05	-5.261659e-03	5.063699e-01
2.321000e-05	-4.978221e-03	2.016581e-01
2.322000e-05	-2.400046e-03	-1.130078e-01
2.323000e-05	1.162412e-02	-3.872405e-01
2.324000e-05	-1.890041e-03	-6.504287e-01
2.325000e-05	4.055214e-03	-9.347391e-01
2.326000e-05	-5.115389e-03	-1.228245e+00
2.327000e-05	1.948809e-03	-1.535683e+00
2.328000e-05	1.608060e-03	-1.787241e+00
2.329000e-05	5.300594e-02	-2.021351e+00
2.330000e-05	1.345975e-01	-2.344085e+00
2.331000e-05	-9.415422e-02	-2.735613e+00
2.332000e-05	-1.560149e-02	-3.197865e+00
2.333000e-05	-5.093106e-02	-3.450426e+00
2.334000e-05	-4.059122e-02	-3.650475e+00
2.335000e-05	-6.930421e-02	-3.902651e+00
2.336000e-05	2.103299e-01	-4.040004e+00
2.337000e-05	-1.965731e-01	-4.345741e+00
2.338000e-05	1.580875e-01	-4.673010e+00
2.339000e-05	1.611928e-02	-4.912555e+00
2.340000e-05	-1.138459e-01	-5.283660e+00
2.341000e-05	1.708028e-01	-5.548843e+00
2.342000e-05	-2.229337e-01	-5.900980e+00
2.343000e-05	1.931437e-01	-6.144214e+00
2.344000e-05	-5.703226e-02	-6.356741e+00
2.345000e-05	1.489998e-02	-6.715635e+00
2.346000e-05	8.085510e-02	-6.987821e+00
2.347000e-05	-1.702538e-01	-7.264138e+00
2.348000e-05	1.766098e-01	-7.594821e+00
2.349000e-05	-1.549214e-01	-7.860879e+00
2.350000e-05	1.246198e-01	-8.146292e+00
2.351000e-05	-3.064252e-02	-8.334291e+00
2.352000e-05	-2.428271e-02	-8.652580e+00
2.353000e-05	1.137198e-01	-8.903639e+00
2.354000e-05	-1.536759e-01	-9.134738e+00
2.355000e-05	1.212080e-01	-9.425850e+00
2.356000e-05	-1.280478e-01	-9.597974e+00
2.357000e-05	1.428929e-01	-9.862106e+00
2.358000e-05	-5.372988e-02	-1.005058e+01
2.359000e-05	3.680898e-02	-1.033579e+01
2.360000e-05	-1.688517e-02	-1.056479e+01
2.361000e-05	-2.891200e-02	-1.076742e+01
2.362000e-05	6.097323e-02	-1.095740e+01
2.363000e-05	-6.497187e-02	-1.121010e+01
2.364000e-05	7.163201e-02	-1.144069e+01
2.365000e-05	-5.880920e-02	-1.172109e+01
2.366000e-05	8.004488e-02	-1.189327e+01
2.367000e-05	-5.131074e-02	-1.208564e+01
2.368000e-05	2.992599e-02	-1.230419e+01
2.369000e-05	-3.331513e-02	-1.249221e+01
2.370000e-05	3.890148e-02	-1.268271e+01
2.371000e-05	8.637201e-03	-1.287213e+01
2.372000e-05	1.849024e-03	-1.306216e+01
2.373000e-05	-5.764560e-03	-1.323798e+01
2.374000e-05	-6.112783e-03	-1.342745e+01
2.375000e-05	2.214622e-02	-1.354640e+01
2.376000e-05	-6.549230e-03	-1.372522e+01
2.377000e-05	1.646391e-02	-1.388574e+01
2.378000e-05	-3.980212e-03	-1.406956e+01
2.379000e-05	2.914445e-02	-1.419901e+01
2.380000e-05	-4.520361e-03	-1.433632e+01
2.381000e-05	2.017545e-03	-1.450276e+01
2.382000e-05	-1.431020e-02	-1.458795e+01
2.383000e-05	2.223843e-02	-1.473600e+01
2.384000e-05	1.273383e-02	-1.489071e+01
2.385000e-05	1.661929e-02	-1.498700e+01
2.386000e-05	-5.261539e-03	-1.506271e+01
2.387000e-05	9.787643e-03	-1.515753e+01
2.388000e-05	1.222687e-02	-1.525074e+01
2.389000e-05	1.137265e-02	-1.537692e+01
2.390000e-05	3.436024e-03	-1.545221e+01
2.391000e-05	7.059025e-03	-1.551538e+01
2.392000e-05	1.911626e-02	-1.563960e+01
2.393000e-05	1.308575e-02	-1.568429e+01
2.394000e-05	6.957682e-03	-1.577495e+01
2.395000e-05	1.408164e-03	-1.579956e+01
2.396000e-05	1.944198e-02	-1.589169e+01
2.397000e-05	2.355722e-02	-1.595629e+01
2.398000e-05	2.076451e-02	-1.594640e+01
2.399000e-05	9.163466e-03	-1.597806e+01
2.400000e-05	1.463893e-02	-1.603119e+01
2.401000e-05	2.076234e-02	-1.602266e+01
2.402000e-05	2.224187e-02	-1.606229e+01
2.403000e-05	1.788092e-02	-1.601327e+01
2.404000e-05	2.328277e-02	-1.604329e+01
2.405000e-05	3.456903e-02	-1.607382e+01
2.406000e-05	3.820299e-02	-1.608479e+01
2.407000e-05	3.191422e-02	-1.606179e+01
2.408000e-05	3.035598e-02	-1.600124e+01
2.409000e-05	4.319529e-02	-1.603214e+01
2.410000e-05	5.876442e-02	-1.598908e+01
2.411000e-05	6.719005e-02	-1.595753e+01
2.412000e-05	7.573660e-02	-1.589487e+01
2.413000e-05	1.010448e-01	-1.587277e+01
2.414000e-05	1.438184e-01	-1.578176e+01
2.415000e-05	1.980407e-01	-1.575860e+01
2.416000e-05	2.415937e-01	-1.569440e+01
2.417000e-05	2.500000e-01	-1.563123e+01
2.418000e-05	2.500000e-01	-1.558763e+01
2.419000e-05	2.410606e-01	-1.543326e+01
2.420000e-05	1.749556e-01	-1.536863e+01
2.421000e-05	1.103458e-01	-1.528437e+01
2.422000e-05	7.777931e-02	-1.515964e+01
2.423000e-05	6.073523e-02	-1.511485e+01
2.424000e-05	4.328533e-02	-1.502011e+01
2.425000e-05	2.701284e-02	-1.489534e+01
2.426000e-05	2.118291e-02	-1.476963e+01
2.427000e-05	2.110291e-02	-1.464422e+01
2.428000e-05	1.872490e-02	-1.451597e+01
2.429000e-05	1.044932e-02	-1.435718e+01
2.430000e-05	4.011484e-03	-1.422236e+01
2.431000e-05	7.481201e-03	-1.408648e+01
2.432000e-05	1.147293e-02	-1.393758e+01
2.433000e-05	6.276512e-03	-1.374963e+01
2.434000e-05	1.464201e-03	-1.362071e+01
2.435000e-05	1.084778e-03	-1.344134e+01
2.436000e-05	6.089732e-03	-1.329590e+01
2.437000e-05	4.118133e-03	-1.310403e+01
2.438000e-05	-1.641179e-04	-1.298863e+01
2.439000e-05	-2.508177e-03	-1.278863e+01
2.440000e-05	1.881727e-03	-1.257071e+01
2.441000e-05	2.274669e-03	-1.240176e+01
2.442000e-05	-1.467556e-03	-1.219281e+01
2.443000e-05	-5.377987e-03	-1.197324e+01
2.444000e-05	-2.729272e-03	-1.181121e+01
2.445000e-05	1.029305e-03	-1.157923e+01
2.446000e-05	5.333868e-05	-1.132750e+01
2.447000e-05	-4.584860e-03	-1.106495e+01
2.448000e-05	-5.380226e-03	-1.086487e+01
2.449000e-05	-1.527283e-03	-1.072445e+01
2.450000e-05	-1.617749e-03	-1.044447e+01
2.451000e-05	-5.438597e-03	-1.017918e+01
2.452000e-05	-7.419024e-03	-9.972153e+00
2.453000e-05	-5.606968e-03	-9.759003e+00
2.454000e-05	-3.351339e-03	-9.496501e+00
2.455000e-05	-4.013499e-03	-9.286845e+00
2.456000e-05	-7.694437e-03	-9.041261e+00
2.457000e-05	-5.874222e-03	-8.751133e+00
2.458000e-05	-2.923301e-03	-8.548529e+00
2.459000e-05	-4.465860e-03	-8.244316e+00
2.460000e-05	-7.201762e-03	-8.043316e+00
2.461000e-05	-1.119123e-02	-7.748530e+00
2.462000e-05	-7.629796e-03	-7.455341e+00
2.463000e-05	-7.362790e-03	-7.219760e+00
2.464000e-05	-5.767581e-03	-6.936345e+00
2.465000e-05	-8.426536e-03	-6.615190e+00
2.466000e-05	-5.953507e-03	-6.399658e+00
2.467000e-05	-2.973316e-03	-6.106419e+00
2.468000e-05	-7.256120e-03	-5.802738e+00
2.469000e-05	-9.137766e-03	-5.559047e+00
2.470000e-05	-1.245310e-02	-5.181685e+00
2.471000e-05	-8.057353e-03	-4.937999e+00
2.472000e-05	-7.184357e-03	-4.589207e+00
2.473000e-05	-7.938688e-03	-4.347975e+00
2.474000e-05	-9.596756e-03	-4.096815e+00
2.475000e-05	-8.421088e-03	-3.741183e+00
2.476000e-05	-5.700390e-03	-3.486395e+00
2.477000e-05	-8.123160e-03	-3.250658e+00
2.478000e-05	-8.326116e-03	-2.857391e+00
2.479000e-05	-1.071509e-02	-2.621232e+00
2.480000e-05	-7.323075e-03	-2.307498e+00
2.481000e-05	-9.465330e-03	-2.010678e+00
2.482000e-05	-9.856776e-03	-1.768525e+00
2.483000e-05	-1.242660e-02	-1.393236e+00
2.484000e-05	-8.656613e-03	-1.107292e+00
2.485000e-05	-6.380200e-03	-8.020793e-01
2.486000e-05	-6.647819e-03	-4.869696e-01
2.487000e-05	-6.792270e-03	-2.131581e-01
2.488000e-05	-2.999378e-03	6.315384e-02
2.489000e-05	1.002171e-02	3.972669e-01
2.490000e-05	-8.765512e-03	6.614725e-01
2.491000e-05	3.005540e-03	8.735063e-01
2.492000e-05	-1.064215e-02	1.229025e+00
2.493000e-05	4.456710e-03	1.542108e+00
2.494000e-05	-2.994239e-03	1.820972e+00
2.495000e-05	3.268714e-02	2.059527e+00
2.496000e-05	9.798908e-02	2.305238e+00
2.497000e-05	6.650868e-03	2.733581e+00
2.498000e-05	-8.036591e-02	2.988998e+00
2.499000e-05	-2.981332e-02	3.312636e+00
2.500000e-05	-3.227916e-02	3.669949e+00
2.501000e-05	-7.523861e-02	3.862080e+00
2.502000e-05	-1.834901e-02	4.072079e+00
2.503000e-05	1.650979e-01	4.404866e+00
2.504000e-05	-1.752179e-01	4.683108e+00
2.505000e-05	1.622783e-01	4.893144e+00
2.506000e-05	-1.500994e-02	5.332634e+00
2.507000e-05	-8.373246e-02	5.546870e+00
2.508000e-05	7.950437e-02	5.829680e+00
2.509000e-05	-1.174955e-01	6.135789e+00
2.510000e-05	1.161254e-01	6.386820e+00
2.511000e-05	-5.323087e-02	6.703134e+00
2.512000e-05	2.139619e-02	6.947393e+00
2.513000e-05	-2.045136e-02	7.260531e+00
2.514000e-05	-3.421208e-02	7.505842e+00
2.515000e-05	4.974910e-02	7.829903e+00
2.516000e-05	-6.817755e-02	8.104815e+00
2.517000e-05	7.177034e-02	8.376895e+00
2.518000e-05	-2.998851e-02	8.598451e+00
2.519000e-05	7.467553e-03	8.819554e+00
2.520000e-05	1.218283e-02	9.123321e+00
2.521000e-05	-6.407984e-02	9.375816e+00
2.522000e-05	3.119561e-02	9.597397e+00
2.523000e-05	-2.878554e-02	9.840553e+00
2.524000e-05	5.538775e-02	1.008119e+01
2.525000e-05	-4.104259e-02	1.028419e+01
2.526000e-05	1.788423e-02	1.054524e+01
2.527000e-05	-2.575536e-02	1.075645e+01
2.528000e-05	-4.233178e-03	1.099635e+01
2.529000e-05	-2.248111e-03	1.117695e+01
2.530000e-05	-1.960069e-02	1.149013e+01
2.531000e-05	1.740997e-02	1.163966e+01
2.532000e-05	-1.367020e-02	1.184269e+01
2.533000e-05	1.256111e-02	1.210421e+01
2.534000e-05	-3.312164e-02	1.227264e+01
2.535000e-05	3.348127e-03	1.250224e+01
2.536000e-05	-1.137813e-02	1.266121e+01
2.537000e-05	1.185562e-02	1.287864e+01
2.538000e-05	-9.435791e-03	1.304908e+01
2.539000e-05	-1.277326e-02	1.316693e+01
2.540000e-05	-9.715244e-03	1.338635e+01
2.541000e-05	-1.089435e-02	1.350495e+01
2.542000e-05	-3.329207e-03	1.371369e+01
2.543000e-05	-1.546189e-02	1.386968e+01
2.544000e-05	1.474008e-03	1.400013e+01
2.545000e-05	-4.854285e-03	1.422000e+01
2.546000e-05	-3.773974e-03	1.433537e+01
2.547000e-05	-2.156696e-02	1.446226e+01
2.548000e-05	-1.806128e-02	1.461860e+01
2.549000e-05	-1.043496e-02	1.471640e+01
2.550000e-05	-4.783685e-03	1.487116e+01
2.551000e-05	-7.369237e-03	1.495742e+01
2.552000e-05	-1.513614e-02	1.506126e+01
2.553000e-05	-1.107360e-02	1.514703e+01
2.554000e-05	-1.352016e-02	1.526171e+01
2.555000e-05	-1.197577e-02	1.535545e+01
2.556000e-05	-1.943042e-02	1.545068e+01
2.557000e-05	-1.594588e-02	1.551490e+01
2.558000e-05	-1.029340e-02	1.556866e+01
2.559000e-05	-1.492365e-02	1.562029e+01
2.560000e-05	-2.084298e-02	1.570445e+01
2.561000e-05	-2.662050e-02	1.576868e+01
2.562000e-05	-1.853234e-02	1.582321e+01
2.563000e-05	-1.855927e-02	1.589232e+01
2.564000e-05	-1.523476e-02	1.592500e+01
2.565000e-05	-2.642958e-02	1.594800e+01
2.566000e-05	-2.251475e-02	1.597063e+01
2.567000e-05	-2.450105e-02	1.600009e+01
2.568000e-05	-2.892545e-02	1.601064e+01
2.569000e-05	-3.402478e-02	1.605324e+01
2.570000e-05	-3.913123e-02	1.606031e+01
2.571000e-05	-3.242349e-02	1.604129e+01
2.572000e-05	-3.716530e-02	1.606318e+01
2.573000e-05	-4.014963e-02	1.604168e+01
2.574000e-05	-5.099054e-02	1.598968e+01
2.575000e-05	-5.254684e-02	1.601963e+01
2.576000e-05	-5.998545e-02	1.593903e+01
2.577000e-05	-7.271230e-02	1.590710e+01
2.578000e-05	-9.379972e-02	1.589397e+01
2.579000e-05	-1.219897e-01	1.586179e+01
2.580000e-05	-1.544545e-01	1.577018e+01
2.581000e-05	-2.135828e-01	1.573693e+01
2.582000e-05	-2.479059e-01	1.568329e+01
2.583000e-05	-2.500000e-01	1.558213e+01
2.584000e-05	-2.500000e-01	1.551698e+01
2.585000e-05	-2.317725e-01	1.542379e+01
2.586000e-05	-1.705837e-01	1.539821e+01
2.587000e-05	-1.195008e-01	1.526534e+01
2.588000e-05	-8.660433e-02	1.516916e+01
2.589000e-05	-5.782321e-02	1.506239e+01
2.590000e-05	-4.521326e-02	1.497708e+01
2.591000e-05	-3.569044e-02	1.484337e+01
2.592000e-05	-3.190611e-02	1.477695e+01
2.593000e-05	-2.671610e-02	1.462228e+01
2.594000e-05	-2.208338e-02	1.447497e+01
2.595000e-05	-2.578909e-02	1.433018e+01
2.596000e-05	-2.208985e-02	1.423184e+01
2.597000e-05	-2.000924e-02	1.405332e+01
2.598000e-05	-1.075746e-02	1.391597e+01
2.599000e-05	-1.227771e-02	1.372763e+01
2.600000e-05	-1.305881e-02	1.364964e+01
2.601000e-05	-1.548046e-02	1.340126e+01
2.602000e-05	-1.212866e-02	1.324542e+01
2.603000e-05	-1.242605e-02	1.310242e+01
2.604000e-05	-1.403051e-02	1.289590e+01
2.605000e-05	-1.341177e-02	1.269708e+01
2.606000e-05	-1.050537e-02	1.254850e+01
2.607000e-05	-7.461296e-03	1.232911e+01
2.608000e-05	-9.366422e-03	1.215163e+01
2.609000e-05	-1.023951e-02	1.195920e+01
2.610000e-05	-1.104306e-02	1.177011e+01
2.611000e-05	-7.342387e-03	1.151655e+01
2.612000e-05	-7.979545e-03	1.129598e+01
2.613000e-05	-9.674433e-03	1.108439e+01
2.614000e-05	-9.599613e-03	1.087489e+01
2.615000e-05	-7.651997e-03	1.067336e+01
2.616000e-05	-5.907087e-03	1.042181e+01
2.617000e-05	-7.729236e-03	1.019063e+01
2.618000e-05	-8.678741e-03	9.928207e+00
2.619000e-05	-7.385190e-03	9.708929e+00
2.620000e-05	-5.481382e-03	9.432821e+00
2.621000e-05	-6.601831e-03	9.213790e+00
2.622000e-05	-8.518724e-03	9.011551e+00
2.623000e-05	-7.602220e-03	8.717573e+00
2.624000e-05	-5.500561e-03	8.456449e+00
2.625000e-05	-4.462357e-03	8.254314e+00
2.626000e-05	-7.030890e-03	7.979758e+00
2.627000e-05	-7.489621e-03	7.728071e+00
2.628000e-05	-6.118114e-03	7.432263e+00
2.629000e-05	-5.144571e-03	7.106627e+00
2.630000e-05	-5.593329e-03	6.914370e+00
2.631000e-05	-6.877851e-03	6.593308e+00
2.632000e-05	-5.940859e-03	6.306450e+00
2.633000e-05	-5.066472e-03	6.074919e+00
2.634000e-05	-5.332484e-03	5.773212e+00
2.635000e-05	-7.537143e-03	5.506523e+00
2.636000e-05	-6.647085e-03	5.202665e+00
2.637000e-05	-5.000224e-03	4.846467e+00
2.638000e-05	-3.828543e-03	4.560128e+00
2.639000e-05	-5.606739e-03	4.316996e+00
2.640000e-05	-7.431567e-03	3.981282e+00
2.641000e-05	-6.209643e-03	3.698574e+00
2.642000e-05	-6.062560e-03	3.444792e+00
2.643000e-05	-6.658297e-03	3.177550e+00
2.644000e-05	-5.820570e-03	2.855867e+00
2.645000e-05	-5.830256e-03	2.539755e+00
2.646000e-05	-3.274896e-03	2.263387e+00
2.647000e-05	-2.953155e-03	1.971179e+00
2.648000e-05	-5.417224e-03	1.657894e+00
2.649000e-05	-6.860367e-03	1.369175e+00
2.650000e-05	-8.154476e-03	1.044863e+00
2.651000e-05	-6.211555e-03	7.364489e-01
2.652000e-05	-7.017294e-03	4.138619e-01
2.653000e-05	-3.626132e-03	8.697406e-02
2.654000e-05	-3.913959e-04	-1.661378e-01
2.655000e-05	1.481136e-02	-4.178485e-01
2.656000e-05	-3.710393e-03	-7.050612e-01
2.657000e-05	6.277114e-03	-1.017819e+00
2.658000e-05	-6.416374e-03	-1.291477e+00
2.659000e-05	1.631173e-03	-1.599263e+00
2.660000e-05	4.459615e-03	-1.818972e+00
2.661000e-05	7.328429e-02	-2.041504e+00
2.662000e-05	1.063045e-01	-2.437844e+00
2.663000e-05	-1.039196e-01	-2.859902e+00
2.664000e-05	-2.844782e-03	-3.249821e+00
2.665000e-05	-5.600840e-02	-3.473605e+00
2.666000e-05	-5.246356e-02	-3.682031e+00
2.667000e-05	-1.495730e-02	-3.915159e+00
2.668000e-05	1.760770e-01	-4.123609e+00
2.669000e-05	-2.119650e-01	-4.460921e+00
2.670000e-05	2.223095e-01	-4.724707e+00
2.671000e-05	-1.077944e-01	-5.007263e+00
2.672000e-05	2.017446e-03	-5.367318e+00
2.673000e-05	8.665673e-02	-5.609397e+00
2.674000e-05	-1.936612e-01	-5.924663e+00
2.675000e-05	2.230618e-01	-6.206847e+00
2.676000e-05	-1.415998e-01	-6.481033e+00
2.677000e-05	1.092448e-01	-6.777372e+00
2.678000e-05	-2.380826e-02	-7.037972e+00
2.679000e-05	-9.128680e-02	-7.357719e+00
2.680000e-05	1.438617e-01	-7.568899e+00
2.681000e-05	-1.602647e-01	-7.914633e+00
2.682000e-05	1.704840e-01	-8.196817e+00
2.683000e-05	-1.091190e-01	-8.388346e+00
2.684000e-05	6.580655e-02	-8.692707e+00
2.685000e-05	3.069916e-02	-8.955339e+00
2.686000e-05	-9.782358e-02	-9.187922e+00
2.687000e-05	9.098809e-02	-9.429421e+00
2.688000e-05	-1.140969e-01	-9.661584e+00
2.689000e-05	1.593043e-01	-9.883134e+00
2.690000e-05	-9.576047e-02	-1.014574e+01
2.691000e-05	8.320024e-02	-1.042895e+01
2.692000e-05	-7.214203e-02	-1.059947e+01
2.693000e-05	3.125231e-02	-1.084993e+01
2.694000e-05	9.997895e-03	-1.108248e+01
2.695000e-05	-2.484804e-02	-1.131219e+01
2.696000e-05	4.330761e-02	-1.150156e+01
2.697000e-05	-3.806806e-02	-1.172382e+01
2.698000e-05	6.838126e-02	-1.195582e+01
2.699000e-05	-5.430567e-02	-1.215685e+01
2.700000e-05	3.515034e-02	-1.230737e+01
2.701000e-05	-3.783823e-02	-1.254535e+01
2.702000e-05	5.406994e-02	-1.271432e+01
2.703000e-05	-1.004908e-02	-1.288276e+01
2.704000e-05	1.420678e-02	-1.308324e+01
2.705000e-05	-2.124018e-02	-1.330056e+01
2.706000e-05	1.130915e-02	-1.344060e+01
2.707000e-05	7.932301e-03	-1.359950e+01
2.708000e-05	5.783811e-03	-1.376640e+01
2.709000e-05	7.827844e-03	-1.391274e+01
2.710000e-05	7.985832e-03	-1.412371e+01
2.711000e-05	2.126049e-02	-1.424056e+01
2.712000e-05	-4.524149e-03	-1.436750e+01
2.713000e-05	-3.997362e-03	-1.446431e+01
2.714000e-05	-1.049741e-02	-1.464963e+01
2.715000e-05	2.243772e-02	-1.476697e+01
2.716000e-05	1.191503e-02	-1.487319e+01
2.717000e-05	1.747651e-02	-1.502803e+01
2.718000e-05	-5.237464e-03	-1.508321e+01
2.719000e-05	1.665328e-02	-1.518903e+01
2.720000e-05	7.702150e-03	-1.522222e+01
2.721000e-05	1.099461e-02	-1.537890e+01
2.722000e-05	-2.169533e-03	-1.551221e+01
2.723000e-05	1.150717e-02	-1.555743e+01
2.724000e-05	1.775512e-02	-1.562161e+01
2.725000e-05	1.447062e-02	-1.565426e+01
2.726000e-05	6.072353e-03	-1.574703e+01
2.727000e-05	4.112023e-03	-1.582106e+01
2.728000e-05	2.115646e-02	-1.584234e+01
2.729000e-05	2.102859e-02	-1.590432e+01
2.730000e-05	1.868262e-02	-1.593845e+01
2.731000e-05	7.944571e-03	-1.599758e+01
2.732000e-05	1.732791e-02	-1.601266e+01
2.733000e-05	2.152396e-02	-1.601116e+01
2.734000e-05	2.218615e-02	-1.605234e+01
2.735000e-05	1.768368e-02	-1.604277e+01
2.736000e-05	2.518914e-02	-1.606374e+01
2.737000e-05	3.625487e-02	-1.605389e+01
2.738000e-05	3.686265e-02	-1.606280e+01
2.739000e-05	3.055258e-02	-1.605334e+01
2.740000e-05	3.164384e-02	-1.599114e+01
2.741000e-05	4.573698e-02	-1.600073e+01
2.742000e-05	6.027513e-02	-1.599853e+01
2.743000e-05	6.727217e-02	-1.597748e+01
2.744000e-05	7.980246e-02	-1.593547e+01
2.745000e-05	1.086687e-01	-1.585374e+01
2.746000e-05	1.541140e-01	-1.578966e+01
2.747000e-05	2.094413e-01	-1.574853e+01
2.748000e-05	2.463451e-01	-1.565384e+01
2.749000e-05	2.500000e-01	-1.562176e+01
2.750000e-05	2.500000e-01	-1.556753e+01
2.751000e-05	2.330933e-01	-1.546129e+01
2.752000e-05	1.598699e-01	-1.534955e+01
2.753000e-05	1.012471e-01	-1.524290e+01
2.754000e-05	7.286891e-02	-1.518011e+01
2.755000e-05	5.710284e-02	-1.509279e+01
2.756000e-05	3.974110e-02	-1.498811e+01
2.757000e-05	2.613979e-02	-1.491284e+01
2.758000e-05	2.084728e-02	-1.474757e+01
2.759000e-05	2.117101e-02	-1.462021e+01
2.760000e-05	1.677932e-02	-1.449595e+01
2.761000e-05	8.000927e-03	-1.437113e+01
2.762000e-05	3.827833e-03	-1.417066e+01
2.763000e-05	8.451027e-03	-1.407427e+01
2.764000e-05	1.128515e-02	-1.390442e+01
2.765000e-05	6.192817e-03	-1.374760e+01
2.766000e-05	1.490807e-03	-1.355918e+01
2.767000e-05	2.653155e-03	-1.344074e+01
2.768000e-05	4.753634e-03	-1.328492e+01
2.769000e-05	2.878752e-03	-1.308439e+01
2.770000e-05	-2.289871e-03	-1.292805e+01
2.771000e-05	-2.402802e-03	-1.273906e+01
2.772000e-05	1.833928e-03	-1.252910e+01
2.773000e-05	2.963036e-03	-1.235915e+01
2.774000e-05	-2.200772e-03	-1.218013e+01
2.775000e-05	-5.282556e-03	-1.197913e+01
2.776000e-05	-2.755642e-03	-1.178064e+01
2.777000e-05	1.471321e-03	-1.147360e+01
2.778000e-05	-1.351354e-03	-1.123487e+01
2.779000e-05	-5.760309e-03	-1.106239e+01
2.780000e-05	-4.870388e-03	-1.083316e+01
2.781000e-05	-1.580449e-03	-1.062382e+01
2.782000e-05	-2.814268e-03	-1.040279e+01
2.783000e-05	-5.949708e-03	-1.014955e+01
2.784000e-05	-6.486708e-03	-9.937053e+00
2.785000e-05	-4.316097e-03	-9.738021e+00
2.786000e-05	-2.828522e-03	-9.455444e+00
2.787000e-05	-6.080434e-03	-9.223714e+00
2.788000e-05	-9.562058e-03	-8.980126e+00
2.789000e-05	-7.178649e-03	-8.688077e+00
2.790000e-05	-4.173461e-03	-8.528368e+00
2.791000e-05	-5.707313e-03	-8.193234e+00
2.792000e-05	-7.438996e-03	-8.011159e+00
2.793000e-05	-8.864892e-03	-7.656399e+00
2.794000e-05	-4.303985e-03	-7.372286e+00
2.795000e-05	-5.291603e-03	-7.130102e+00
2.796000e-05	-7.870427e-03	-6.805791e+00
2.797000e-05	-1.032388e-02	-6.571682e+00
2.798000e-05	-8.125037e-03	-6.356097e+00
2.799000e-05	-5.748490e-03	-6.042809e+00
2.800000e-05	-7.751444e-03	-5.748080e+00
2.801000e-05	-9.867310e-03	-5.465319e+00
2.802000e-05	-8.898971e-03	-5.160578e+00
2.803000e-05	-5.413579e-03	-4.813416e+00
2.804000e-05	-5.551482e-03	-4.568525e+00
2.805000e-05	-1.036453e-02	-4.287396e+00
2.806000e-05	-1.044375e-02	-4.032685e+00
2.807000e-05	-1.002375e-02	-3.769525e+00
2.808000e-05	-6.625256e-03	-3.463763e+00
2.809000e-05	-9.554882e-03	-3.171130e+00
2.810000e-05	-7.897276e-03	-2.864283e+00
2.811000e-05	-7.648379e-03	-2.589603e+00
2.812000e-05	-4.806988e-03	-2.255370e+00
2.813000e-05	-8.161880e-03	-1.979600e+00
2.814000e-05	-1.092653e-02	-1.655367e+00
2.815000e-05	-1.190745e-02	-1.351099e+00
2.816000e-05	-9.121073e-03	-1.034732e+00
2.817000e-05	-7.328449e-03	-7.495716e-01
2.818000e-05	-7.996465e-03	-4.357570e-01
2.819000e-05	-6.991676e-03	-1.190253e-01
2.820000e-05	5.058735e-05	1.040814e-01
2.821000e-05	9.435353e-03	4.614761e-01
2.822000e-05	-6.706677e-03	6.830812e-01
2.823000e-05	1.898858e-03	9.457628e-01
2.824000e-05	-7.844886e-03	1.282079e+00
2.825000e-05	3.217676e-03	1.565713e+00
2.826000e-05	-2.034019e-05	1.869506e+00
2.827000e-05	3.878401e-02	2.093133e+00
2.828000e-05	1.070246e-01	2.428321e+00
2.829000e-05	-3.911812e-02	2.797893e+00
2.830000e-05	-5.810514e-02	3.080954e+00
2.831000e-05	-3.666860e-02	3.386248e+00
2.832000e-05	-2.182750e-02	3.681058e+00
2.833000e-05	-9.288141e-02	3.884160e+00
2.834000e-05	3.383485e-02	4.113588e+00
2.835000e-05	1.232047e-01	4.449455e+00
2.836000e-05	-1.814226e-01	4.716235e+00
2.837000e-05	2.115602e-01	4.976767e+00
2.838000e-05	-1.090632e-01	5.387764e+00
2.839000e-05	-5.549517e-03	5.588923e+00
2.840000e-05	2.606359e-02	5.923713e+00
2.841000e-05	-7.905456e-02	6.178468e+00
2.842000e-05	1.112231e-01	6.430404e+00
2.843000e-05	-7.077218e-02	6.734793e+00
2.844000e-05	4.676216e-02	7.019950e+00
2.845000e-05	-5.624685e-02	7.275770e+00
2.846000e-05	3.827003e-03	7.587925e+00
2.847000e-05	1.602166e-02	7.913161e+00
2.848000e-05	-4.662956e-02	8.146420e+00
2.849000e-05	6.827422e-02	8.407996e+00
2.850000e-05	-4.280532e-02	8.640028e+00
2.851000e-05	3.003652e-02	8.893160e+00
2.852000e-05	-1.520702e-02	9.115416e+00
2.853000e-05	-4.286588e-02	9.385900e+00
2.854000e-05	2.123779e-02	9.661478e+00
2.855000e-05	-1.403913e-02	9.882760e+00
2.856000e-05	4.273640e-02	1.013479e+01
2.857000e-05	-4.101445e-02	1.035335e+01
2.858000e-05	2.058992e-02	1.059592e+01
2.859000e-05	-3.117153e-02	1.080953e+01
2.860000e-05	6.557623e-03	1.102755e+01
2.861000e-05	-1.067468e-02	1.124006e+01
2.862000e-05	-9.669637e-03	1.147009e+01
2.863000e-05	1.029188e-02	1.169281e+01
2.864000e-05	-6.750534e-03	1.189371e+01
2.865000e-05	2.454737e-03	1.212380e+01
2.866000e-05	-2.844585e-02	1.233481e+01
2.867000e-05	1.014399e-03	1.248436e+01
2.868000e-05	-4.615717e-03	1.268226e+01
2.869000e-05	9.182578e-03	1.289272e+01
2.870000e-05	-1.081779e-02	1.307121e+01
2.871000e-05	-1.349906e-02	1.325009e+01
2.872000e-05	-8.655157e-03	1.340648e+01
2.873000e-05	-8.834642e-03	1.352650e+01
2.874000e-05	-7.111996e-03	1.377632e+01
2.875000e-05	-1.193932e-02	1.392229e+01
2.876000e-05	-1.193042e-03	1.402174e+01
2.877000e-05	-1.530802e-03	1.425115e+01
2.878000e-05	-8.800290e-03	1.438645e+01
2.879000e-05	-1.912116e-02	1.449429e+01
2.880000e-05	-1.854076e-02	1.463178e+01
2.881000e-05	-5.264615e-03	1.472694e+01
2.882000e-05	-5.816228e-03	1.485234e+01
2.883000e-05	-9.763453e-03	1.498800e+01
2.884000e-05	-1.562603e-02	1.505317e+01
2.885000e-05	-1.218714e-02	1.516600e+01
2.886000e-05	-1.122844e-02	1.524281e+01
2.887000e-05	-1.539539e-02	1.539648e+01
2.888000e-05	-1.715915e-02	1.545121e+01
2.889000e-05	-1.456018e-02	1.554540e+01
2.890000e-05	-7.947223e-03	1.559111e+01
2.891000e-05	-1.678270e-02	1.566374e+01
2.892000e-05	-2.206796e-02	1.574592e+01
2.893000e-05	-2.751331e-02	1.581006e+01
2.894000e-05	-1.852778e-02	1.583122e+01
2.895000e-05	-1.570877e-02	1.588234e+01
2.896000e-05	-2.083373e-02	1.593648e+01
2.897000e-05	-2.384773e-02	1.596901e+01
2.898000e-05	-2.430075e-02	1.600759e+01
2.899000e-05	-2.357540e-02	1.602968e+01
2.900000e-05	-3.303942e-02	1.603868e+01
2.901000e-05	-3.474458e-02	1.605319e+01
2.902000e-05	-3.701890e-02	1.603026e+01
2.903000e-05	-3.012702e-02	1.604977e+01
2.904000e-05	-3.570020e-02	1.604024e+01
2.905000e-05	-4.393434e-02	1.604314e+01
2.906000e-05	-5.214000e-02	1.602971e+01
2.907000e-05	-5.611475e-02	1.598905e+01
2.908000e-05	-6.149159e-02	1.593808e+01
2.909000e-05	-7.865326e-02	1.587495e+01
2.910000e-05	-9.647161e-02	1.587485e+01
2.911000e-05	-1.245979e-01	1.581974e+01
2.912000e-05	-1.635813e-01	1.581910e+01
2.913000e-05	-2.250232e-01	1.569803e+01
2.914000e-05	-2.499154e-01	1.566177e+01
2.915000e-05	-2.500000e-01	1.559966e+01
2.916000e-05	-2.500000e-01	1.549545e+01
2.917000e-05	-2.216601e-01	1.545279e+01
2.918000e-05	-1.569837e-01	1.534813e+01
2.919000e-05	-1.088500e-01	1.527232e+01
2.920000e-05	-7.819899e-02	1.514813e+01
2.921000e-05	-5.569753e-02	1.504139e+01
2.922000e-05	-4.660524e-02	1.491705e+01
2.923000e-05	-3.942240e-02	1.481121e+01
2.924000e-05	-3.093745e-02	1.469745e+01
2.925000e-05	-2.487559e-02	1.457968e+01
2.926000e-05	-2.067927e-02	1.449487e+01
2.927000e-05	-2.438972e-02	1.433560e+01
2.928000e-05	-2.013561e-02	1.418966e+01
2.929000e-05	-1.796889e-02	1.402331e+01
2.930000e-05	-1.224574e-02	1.387387e+01
2.931000e-05	-1.491647e-02	1.369655e+01
2.932000e-05	-1.437366e-02	1.352813e+01
2.933000e-05	-1.407163e-02	1.337908e+01
2.934000e-05	-1.146627e-02	1.321124e+01
2.935000e-05	-1.219391e-02	1.304229e+01
2.936000e-05	-1.377634e-02	1.288442e+01
2.937000e-05	-1.110210e-02	1.267497e+01
2.938000e-05	-9.346447e-03	1.252550e+01
2.939000e-05	-7.302797e-03	1.232705e+01
2.940000e-05	-1.140699e-02	1.212803e+01
2.941000e-05	-1.133560e-02	1.193603e+01
2.942000e-05	-9.858874e-03	1.168603e+01
2.943000e-05	-7.366872e-03	1.147549e+01
2.944000e-05	-8.221138e-03	1.125437e+01
2.945000e-05	-9.610146e-03	1.105229e+01
2.946000e-05	-8.285039e-03	1.079334e+01
2.947000e-05	-6.340787e-03	1.061176e+01
2.948000e-05	-6.061266e-03	1.033923e+01
2.949000e-05	-8.640836e-03	1.010753e+01
2.950000e-05	-8.507764e-03	9.897044e+00
2.951000e-05	-7.003498e-03	9.623423e+00
2.952000e-05	-6.218178e-03	9.393212e+00
2.953000e-05	-7.115106e-03	9.170134e+00
2.954000e-05	-8.377457e-03	8.967003e+00
2.955000e-05	-6.824052e-03	8.654915e+00
2.956000e-05	-5.630012e-03	8.434416e+00
2.957000e-05	-5.292840e-03	8.171713e+00
2.958000e-05	-7.593591e-03	7.916048e+00
2.959000e-05	-6.251944e-03	7.643819e+00
2.960000e-05	-5.837354e-03	7.379654e+00
2.961000e-05	-4.860398e-03	7.054449e+00
2.962000e-05	-6.941563e-03	6.852788e+00
2.963000e-05	-6.937672e-03	6.561161e+00
2.964000e-05	-5.893788e-03	6.256371e+00
2.965000e-05	-5.973288e-03	6.023233e+00
2.966000e-05	-5.464983e-03	5.738025e+00
2.967000e-05	-6.950029e-03	5.474417e+00
2.968000e-05	-5.628117e-03	5.088629e+00
2.969000e-05	-4.897275e-03	4.820181e+00
2.970000e-05	-4.981888e-03	4.527979e+00
2.971000e-05	-7.004758e-03	4.264315e+00
2.972000e-05	-7.657366e-03	3.947075e+00
2.973000e-05	-5.761576e-03	3.655288e+00
2.974000e-05	-5.241478e-03	3.392259e+00
2.975000e-05	-5.579184e-03	3.076395e+00
2.976000e-05	-6.512606e-03	2.802158e+00
2.977000e-05	-6.429982e-03	2.466469e+00
2.978000e-05	-5.368648e-03	2.231683e+00
2.979000e-05	-4.872683e-03	1.956949e+00
2.980000e-05	-6.692123e-03	1.603214e+00
2.981000e-05	-6.531327e-03	1.307974e+00
2.982000e-05	-5.673664e-03	9.116804e-01
2.983000e-05	-4.856569e-03	6.543134e-01
2.984000e-05	-5.557367e-03	4.000555e-01
2.985000e-05	-4.992552e-03	5.499242e-02
2.986000e-05	7.194274e-04	-1.973920e-01
2.987000e-05	1.253855e-02	-4.414786e-01
2.988000e-05	-4.902543e-03	-7.857880e-01
2.989000e-05	3.671927e-03	-1.020476e+00
2.990000e-05	-4.742704e-03	-1.325110e+00
2.991000e-05	2.648751e-03	-1.619953e+00
2.992000e-05	1.316538e-02	-1.893028e+00
2.993000e-05	9.762924e-02	-2.104610e+00
2.994000e-05	5.561008e-02	-2.491505e+00
2.995000e-05	-9.213122e-02	-2.924683e+00
2.996000e-05	-4.425686e-03	-3.274008e+00
2.997000e-05	-5.314043e-02	-3.495112e+00
2.998000e-05	-7.341411e-02	-3.743656e+00
2.999000e-05	5.932477e-02	-3.917309e+00
3.000000e-05	9.779369e-02	-4.166690e+00
3.001000e-05	-1.807069e-01	-4.513460e+00
3.002000e-05	2.315379e-01	-4.724787e+00
3.003000e-05	-1.989260e-01	-5.038521e+00
3.004000e-05	1.165352e-01	-5.459576e+00
3.005000e-05	-2.171435e-02	-5.660932e+00
3.006000e-05	-1.228981e-01	-5.977843e+00
3.007000e-05	2.053785e-01	-6.208448e+00
3.008000e-05	-1.777962e-01	-6.547140e+00
3.009000e-05	1.755248e-01	-6.820501e+00
3.010000e-05	-1.221191e-01	-7.102604e+00
3.011000e-05	9.411089e-03	-7.410902e+00
3.012000e-05	7.563924e-02	-7.651085e+00
3.013000e-05	-1.154243e-01	-7.967270e+00
3.014000e-05	1.733754e-01	-8.219999e+00
3.015000e-05	-1.552892e-01	-8.441006e+00
3.016000e-05	1.364238e-01	-8.737397e+00
3.017000e-05	-6.008947e-02	-8.987896e+00
3.018000e-05	-1.975726e-02	-9.272557e+00
3.019000e-05	3.216723e-02	-9.460106e+00
3.020000e-05	-6.099180e-02	-9.754140e+00
3.021000e-05	1.379733e-01	-9.914764e+00
3.022000e-05	-1.017231e-01	-1.017782e+01
3.023000e-05	9.934360e-02	-1.043001e+01
3.024000e-05	-1.063405e-01	-1.065248e+01
3.025000e-05	7.929005e-02	-1.086261e+01
3.026000e-05	-3.997928e-02	-1.108109e+01
3.027000e-05	2.274264e-02	-1.131517e+01
3.028000e-05	4.694995e-04	-1.153476e+01
3.029000e-05	2.285930e-04	-1.177898e+01
3.030000e-05	3.858845e-02	-1.194752e+01
3.031000e-05	-3.891910e-02	-1.221945e+01
3.032000e-05	2.662008e-02	-1.233587e+01
3.033000e-05	-3.202663e-02	-1.259690e+01
3.034000e-05	5.950746e-02	-1.273634e+01
3.035000e-05	-2.152937e-02	-1.292582e+01
3.036000e-05	2.241944e-02	-1.311329e+01
3.037000e-05	-3.048217e-02	-1.330280e+01
3.038000e-05	2.640250e-02	-1.348221e+01
3.039000e-05	-5.268262e-03	-1.360858e+01
3.040000e-05	1.599063e-02	-1.382900e+01
3.041000e-05	-3.119145e-03	-1.394490e+01
3.042000e-05	1.884169e-02	-1.413527e+01
3.043000e-05	1.141797e-02	-1.426116e+01
3.044000e-05	-2.917518e-04	-1.441005e+01
3.045000e-05	-8.433374e-03	-1.451532e+01
3.046000e-05	-1.000831e-03	-1.468169e+01
3.047000e-05	2.273766e-02	-1.474648e+01
3.048000e-05	1.096826e-02	-1.493477e+01
3.049000e-05	1.311566e-02	-1.503053e+01
3.050000e-05	-7.023773e-03	-1.508389e+01
3.051000e-05	1.807474e-02	-1.519858e+01
3.052000e-05	5.981846e-03	-1.526336e+01
3.053000e-05	1.195817e-02	-1.537915e+01
3.054000e-05	-6.932402e-04	-1.546231e+01
3.055000e-05	1.722648e-02	-1.558802e+01
3.056000e-05	1.665002e-02	-1.560969e+01
3.057000e-05	1.267318e-02	-1.571532e+01
3.058000e-05	2.890227e-03	-1.578693e+01
3.059000e-05	7.487434e-03	-1.586916e+01
3.060000e-05	2.354703e-02	-1.588476e+01
3.061000e-05	2.065140e-02	-1.593387e+01
3.062000e-05	1.703388e-02	-1.598703e+01
3.063000e-05	9.175429e-03	-1.598755e+01
3.064000e-05	1.984196e-02	-1.600921e+01
3.065000e-05	2.222987e-02	-1.602124e+01
3.066000e-05	2.128081e-02	-1.604124e+01
3.067000e-05	1.863315e-02	-1.604387e+01
3.068000e-05	2.724083e-02	-1.604474e+01
3.069000e-05	3.774938e-02	-1.606232e+01
3.070000e-05	3.580446e-02	-1.604232e+01
3.071000e-05	3.130577e-02	-1.604374e+01
3.072000e-05	3.432438e-02	-1.603119e+01
3.073000e-05	5.086300e-02	-1.601064e+01
3.074000e-05	6.263544e-02	-1.601766e+01
3.075000e-05	6.942675e-02	-1.594598e+01
3.076000e-05	8.448461e-02	-1.590484e+01
3.077000e-05	1.171074e-01	-1.583221e+01
3.078000e-05	1.644255e-01	-1.580953e+01
3.079000e-05	2.196250e-01	-1.575745e+01
3.080000e-05	2.488864e-01	-1.562232e+01
3.081000e-05	2.500000e-01	-1.565016e+01
3.082000e-05	2.500000e-01	-1.552755e+01
3.083000e-05	2.220713e-01	-1.544177e+01
3.084000e-05	1.453072e-01	-1.533705e+01
3.085000e-05	9.366944e-02	-1.522374e+01
3.086000e-05	6.979567e-02	-1.514855e+01
3.087000e-05	5.436827e-02	-1.509284e+01
3.088000e-05	3.637147e-02	-1.494901e+01
3.089000e-05	2.415039e-02	-1.481326e+01
3.090000e-05	2.091379e-02	-1.469653e+01
3.091000e-05	2.111576e-02	-1.458966e+01
3.092000e-05	1.523938e-02	-1.445485e+01
3.093000e-05	6.084297e-03	-1.435758e+01
3.094000e-05	4.535352e-03	-1.419113e+01
3.095000e-05	9.496092e-03	-1.404229e+01
3.096000e-05	1.107028e-02	-1.387437e+01
3.097000e-05	3.476560e-03	-1.369755e+01
3.098000e-05	-1.751591e-04	-1.352856e+01
3.099000e-05	2.455415e-03	-1.339966e+01
3.100000e-05	5.499389e-03	-1.324227e+01
3.101000e-05	2.599020e-03	-1.306279e+01
3.102000e-05	-2.348686e-03	-1.291442e+01
3.103000e-05	-1.052896e-03	-1.269542e+01
3.104000e-05	2.847342e-03	-1.252750e+01
3.105000e-05	2.609996e-03	-1.231645e+01
3.106000e-05	-3.884507e-03	-1.208853e+01
3.107000e-05	-5.656089e-03	-1.189850e+01
3.108000e-05	-2.031595e-03	-1.172851e+01
3.109000e-05	1.919051e-03	-1.147339e+01
3.110000e-05	-2.226842e-03	-1.120324e+01
3.111000e-05	-6.221317e-03	-1.101976e+01
3.112000e-05	-4.966631e-03	-1.080116e+01
3.113000e-05	-1.397210e-03	-1.063323e+01
3.114000e-05	-3.676657e-03	-1.035713e+01
3.115000e-05	-6.997353e-03	-1.011797e+01
3.116000e-05	-6.919498e-03	-9.875367e+00
3.117000e-05	-3.065547e-03	-9.685895e+00
3.118000e-05	-2.841589e-03	-9.453285e+00
3.119000e-05	-6.153897e-03	-9.142728e+00
3.120000e-05	-9.335814e-03	-8.970126e+00
3.121000e-05	-5.775835e-03	-8.675471e+00
3.122000e-05	-3.483958e-03	-8.433316e+00
3.123000e-05	-6.521806e-03	-8.179154e+00
3.124000e-05	-8.816002e-03	-7.937104e+00
3.125000e-05	-8.631477e-03	-7.651237e+00
3.126000e-05	-5.980450e-03	-7.358603e+00
3.127000e-05	-7.053424e-03	-7.045900e+00
3.128000e-05	-8.396195e-03	-6.810778e+00
3.129000e-05	-1.053930e-02	-6.568501e+00
3.130000e-05	-5.353605e-03	-6.285342e+00
3.131000e-05	-4.435015e-03	-6.010209e+00
3.132000e-05	-7.853420e-03	-5.736998e+00
3.133000e-05	-1.143850e-02	-5.383685e+00
3.134000e-05	-8.183131e-03	-5.127521e+00
3.135000e-05	-6.837892e-03	-4.761752e+00
3.136000e-05	-6.185698e-03	-4.465892e+00
3.137000e-05	-1.147133e-02	-4.264342e+00
3.138000e-05	-8.964291e-03	-3.960503e+00
3.139000e-05	-9.129935e-03	-3.634890e+00
3.140000e-05	-5.294172e-03	-3.390154e+00
3.141000e-05	-1.036767e-02	-3.116973e+00
3.142000e-05	-8.361893e-03	-2.789575e+00
3.143000e-05	-8.024410e-03	-2.507020e+00
3.144000e-05	-6.280513e-03	-2.213737e+00
3.145000e-05	-9.161292e-03	-1.907469e+00
3.146000e-05	-1.252467e-02	-1.643682e+00
3.147000e-05	-9.493911e-03	-1.294467e+00
3.148000e-05	-8.567080e-03	-9.811253e-01
3.149000e-05	-6.308359e-03	-6.368925e-01
3.150000e-05	-8.061378e-03	-3.795004e-01
3.151000e-05	-6.640236e-03	-1.063424e-01
3.152000e-05	3.126463e-03	2.472943e-01
3.153000e-05	4.522718e-03	4.820765e-01
3.154000e-05	-5.052061e-03	7.247379e-01
3.155000e-05	-1.613856e-03	9.992697e-01
3.156000e-05	-5.231990e-03	1.324760e+00
3.157000e-05	1.555900e-03	1.689877e+00
3.158000e-05	5.152837e-03	1.874138e+00
3.159000e-05	4.940702e-02	2.166714e+00
3.160000e-05	1.044200e-01	2.481501e+00
3.161000e-05	-7.547154e-02	2.851056e+00
3.162000e-05	-3.918049e-02	3.105287e+00
3.163000e-05	-4.335656e-02	3.430422e+00
3.164000e-05	-1.970656e-02	3.703660e+00
3.165000e-05	-9.847179e-02	3.934338e+00
3.166000e-05	8.880812e-02	4.155716e+00
3.167000e-05	5.022136e-02	4.525562e+00
3.168000e-05	-1.324700e-01	4.747346e+00
3.169000e-05	2.114159e-01	5.060003e+00
3.170000e-05	-1.694665e-01	5.398403e+00
3.171000e-05	6.308317e-02	5.631481e+00
3.172000e-05	-3.643626e-02	6.028896e+00
3.173000e-05	-2.164874e-02	6.219976e+00
3.174000e-05	7.891109e-02	6.544664e+00
3.175000e-05	-6.657123e-02	6.798950e+00
3.176000e-05	5.383187e-02	7.092110e+00
3.177000e-05	-7.924410e-02	7.385870e+00
3.178000e-05	3.921253e-02	7.651581e+00
3.179000e-05	-2.174951e-02	7.953693e+00
3.180000e-05	-1.017129e-02	8.210433e+00
3.181000e-05	5.043339e-02	8.462632e+00
3.182000e-05	-4.514417e-02	8.683159e+00
3.183000e-05	4.322559e-02	8.965794e+00
3.184000e-05	-4.239874e-02	9.169927e+00
3.185000e-05	-1.634347e-02	9.410980e+00
3.186000e-05	1.881964e-03	9.701662e+00
3.187000e-05	9.811647e-03	9.924293e+00
3.188000e-05	2.031273e-02	1.019640e+01
3.189000e-05	-3.052932e-02	1.039795e+01
3.190000e-05	1.404735e-02	1.063906e+01
3.191000e-05	-3.103443e-02	1.084306e+01
3.192000e-05	1.180489e-02	1.103109e+01
3.193000e-05	-1.948462e-02	1.128363e+01
3.194000e-05	2.519490e-03	1.151329e+01
3.195000e-05	4.405159e-04	1.174587e+01
3.196000e-05	2.222069e-03	1.192587e+01
3.197000e-05	-1.079669e-02	1.221595e+01
3.198000e-05	-1.922659e-02	1.235540e+01
3.199000e-05	-4.651416e-03	1.253542e+01
3.200000e-05	2.145544e-03	1.270429e+01
3.201000e-05	5.013826e-03	1.292372e+01
3.202000e-05	-1.084331e-02	1.309524e+01
3.203000e-05	-1.281627e-02	1.324219e+01
3.204000e-05	-9.901548e-03	1.342113e+01
3.205000e-05	-6.699772e-03	1.355900e+01
3.206000e-05	-1.216661e-02	1.377795e+01
3.207000e-05	-7.150873e-03	1.393436e+01
3.208000e-05	-2.815023e-03	1.407227e+01
3.209000e-05	2.543677e-03	1.422256e+01
3.210000e-05	-1.474947e-02	1.440743e+01
3.211000e-05	-1.738370e-02	1.449635e+01
3.212000e-05	-1.921111e-02	1.464166e+01
3.213000e-05	-2.866524e-03	1.477592e+01
3.214000e-05	-6.939878e-03	1.490277e+01
3.215000e-05	-1.115857e-02	1.499898e+01
3.216000e-05	-1.395860e-02	1.507231e+01
3.217000e-05	-1.244365e-02	1.516948e+01
3.218000e-05	-9.602115e-03	1.526122e+01
3.219000e-05	-1.890305e-02	1.537695e+01
3.220000e-05	-1.576574e-02	1.549126e+01
3.221000e-05	-1.565470e-02	1.556643e+01
3.222000e-05	-7.374099e-03	1.560058e+01
3.223000e-05	-1.912754e-02	1.563334e+01
3.224000e-05	-2.354391e-02	1.571540e+01
3.225000e-05	-2.540565e-02	1.579063e+01
3.226000e-05	-1.736925e-02	1.584081e+01
3.227000e-05	-1.468134e-02	1.588292e+01
3.228000e-05	-2.285600e-02	1.589646e+01
3.229000e-05	-2.400267e-02	1.593703e+01
3.230000e-05	-2.627471e-02	1.598066e+01
3.231000e-05	-2.332658e-02	1.605063e+01
3.232000e-05	-3.225952e-02	1.602221e+01
3.233000e-05	-3.519905e-02	1.606224e+01
3.234000e-05	-3.474316e-02	1.605169e+01
3.235000e-05	-3.056489e-02	1.603274e+01
3.236000e-05	-3.620578e-02	1.603084e+01
3.237000e-05	-4.932118e-02	1.602118e+01
3.238000e-05	-5.388790e-02	1.601863e+01
3.239000e-05	-5.842618e-02	1.598908e+01
3.240000e-05	-6.281955e-02	1.592606e+01
3.241000e-05	-8.137790e-02	1.591508e+01
3.242000e-05	-1.013359e-01	1.588282e+01
3.243000e-05	-1.311475e-01	1.581323e+01
3.244000e-05	-1.748615e-01	1.575810e+01
3.245000e-05	-2.335433e-01	1.566647e+01
3.246000e-05	-2.499885e-01	1.564177e+01
3.247000e-05	-2.500000e-01	1.556109e+01
3.248000e-05	-2.492850e-01	1.551600e+01
3.249000e-05	-2.082926e-01	1.539971e+01
3.250000e-05	-1.466039e-01	1.534650e+01
3.251000e-05	-1.019106e-01	1.522281e+01
3.252000e-05	-7.283928e-02	1.511655e+01
3.253000e-05	-5.127484e-02	1.500079e+01
3.254000e-05	-4.207959e-02	1.488498e+01
3.255000e-05	-3.889145e-02	1.482278e+01
3.256000e-05	-3.019746e-02	1.467340e+01
3.257000e-05	-2.532372e-02	1.454809e+01
3.258000e-05	-1.995361e-02	1.438227e+01
3.259000e-05	-2.335194e-02	1.428548e+01
3.260000e-05	-1.980276e-02	1.412015e+01
3.261000e-05	-1.689928e-02	1.395831e+01
3.262000e-05	-1.114883e-02	1.382385e+01
3.263000e-05	-1.425517e-02	1.368342e+01
3.264000e-05	-1.634225e-02	1.350407e+01
3.265000e-05	-1.429358e-02	1.334963e+01
3.266000e-05	-1.156491e-02	1.316763e+01
3.267000e-05	-1.115970e-02	1.300221e+01
3.268000e-05	-1.270495e-02	1.284432e+01
3.269000e-05	-1.088952e-02	1.264279e+01
3.270000e-05	-8.094289e-03	1.249542e+01
3.271000e-05	-7.148517e-03	1.225598e+01
3.272000e-05	-1.107225e-02	1.208495e+01
3.273000e-05	-1.357736e-02	1.186545e+01
3.274000e-05	-1.070901e-02	1.166390e+01
3.275000e-05	-8.077123e-03	1.141181e+01
3.276000e-05	-6.789518e-03	1.122229e+01
3.277000e-05	-8.575001e-03	1.100011e+01
3.278000e-05	-7.151345e-03	1.075124e+01
3.279000e-05	-5.722355e-03	1.055863e+01
3.280000e-05	-6.185697e-03	1.029557e+01
3.281000e-05	-9.862216e-03	1.009600e+01
3.282000e-05	-1.034499e-02	9.843387e+00
3.283000e-05	-6.967679e-03	9.591786e+00
3.284000e-05	-5.128103e-03	9.378605e+00
3.285000e-05	-6.078145e-03	9.108081e+00
3.286000e-05	-8.026321e-03	8.856471e+00
3.287000e-05	-5.843111e-03	8.622812e+00
3.288000e-05	-5.259628e-03	8.371757e+00
3.289000e-05	-5.934498e-03	8.169530e+00
3.290000e-05	-8.474859e-03	7.854316e+00
3.291000e-05	-8.149994e-03	7.591238e+00
3.292000e-05	-5.544213e-03	7.325945e+00
3.293000e-05	-5.013837e-03	7.043288e+00
3.294000e-05	-6.050627e-03	6.791682e+00
3.295000e-05	-7.965940e-03	6.464496e+00
3.296000e-05	-5.064478e-03	6.211810e+00
3.297000e-05	-5.423098e-03	5.979129e+00
3.298000e-05	-6.146586e-03	5.646394e+00
3.299000e-05	-7.624981e-03	5.411161e+00
3.300000e-05	-6.803565e-03	5.074998e+00
3.301000e-05	-5.183641e-03	4.717100e+00
3.302000e-05	-4.772158e-03	4.455389e+00
3.303000e-05	-6.258334e-03	4.163187e+00
3.304000e-05	-7.070776e-03	3.896425e+00
3.305000e-05	-5.892511e-03	3.591681e+00
3.306000e-05	-5.773424e-03	3.319451e+00
3.307000e-05	-6.455025e-03	3.054258e+00
3.308000e-05	-7.915170e-03	2.770602e+00
3.309000e-05	-6.572092e-03	2.421339e+00
3.310000e-05	-4.884187e-03	2.099075e+00
3.311000e-05	-5.984043e-03	1.864420e+00
3.312000e-05	-5.721785e-03	1.539553e+00
3.313000e-05	-7.460574e-03	1.274438e+00
3.314000e-05	-5.058811e-03	8.379738e-01
3.315000e-05	-5.380104e-03	6.146583e-01
3.316000e-05	-4.817095e-03	3.785489e-01
3.317000e-05	-4.492530e-03	1.165320e-02
3.318000e-05	3.736172e-03	-2.509011e-01
3.319000e-05	6.851354e-03	-5.136339e-01
3.320000e-05	-2.144198e-03	-8.378994e-01
3.321000e-05	1.427949e-03	-1.093006e+00
3.322000e-05	-3.216841e-03	-1.416772e+00
3.323000e-05	1.486015e-03	-1.643056e+00
3.324000e-05	2.416840e-02	-1.926135e+00
3.325000e-05	1.225748e-01	-2.157163e+00
3.326000e-05	-4.110568e-03	-2.597239e+00
3.327000e-05	-6.754281e-02	-3.017823e+00
3.328000e-05	-1.818440e-02	-3.345139e+00
3.329000e-05	-4.533748e-02	-3.525713e+00
3.330000e-05	-9.096990e-02	-3.785737e+00
3.331000e-05	1.356452e-01	-3.958393e+00
3.332000e-05	-8.550854e-03	-4.179422e+00
3.333000e-05	-8.628196e-02	-4.565265e+00
3.334000e-05	2.022347e-01	-4.816425e+00
3.335000e-05	-2.163996e-01	-5.166164e+00
3.336000e-05	1.928008e-01	-5.472610e+00
3.337000e-05	-1.323655e-01	-5.734083e+00
3.338000e-05	-1.084086e-02	-6.039454e+00
3.339000e-05	1.460328e-01	-6.269626e+00
3.340000e-05	-1.534115e-01	-6.627296e+00
3.341000e-05	1.945540e-01	-6.861056e+00
3.342000e-05	-1.889287e-01	-7.144762e+00
3.343000e-05	1.006521e-01	-7.490053e+00
3.344000e-05	-1.765534e-02	-7.724660e+00
3.345000e-05	-4.067558e-02	-8.040925e+00
3.346000e-05	1.311151e-01	-8.270074e+00
3.347000e-05	-1.539336e-01	-8.524639e+00
3.348000e-05	1.732705e-01	-8.789375e+00
3.349000e-05	-1.316271e-01	-9.031076e+00
3.350000e-05	5.704847e-02	-9.324188e+00
3.351000e-05	-3.853932e-02	-9.473186e+00
3.352000e-05	1.344565e-02	-9.795746e+00
3.353000e-05	8.272754e-02	-9.937373e+00
3.354000e-05	-7.438152e-02	-1.026105e+01
3.355000e-05	8.325368e-02	-1.049161e+01
3.356000e-05	-1.116675e-01	-1.068411e+01
3.357000e-05	1.027583e-01	-1.092426e+01
3.358000e-05	-7.403864e-02	-1.111482e+01
3.359000e-05	6.236049e-02	-1.137637e+01
3.360000e-05	-3.618839e-02	-1.158592e+01
3.361000e-05	3.773398e-02	-1.187003e+01
3.362000e-05	1.899629e-03	-1.199850e+01
3.363000e-05	-1.557489e-02	-1.224160e+01
3.364000e-05	7.867572e-03	-1.239645e+01
3.365000e-05	-1.188370e-02	-1.261995e+01
3.366000e-05	5.038530e-02	-1.277795e+01
3.367000e-05	-2.069172e-02	-1.297947e+01
3.368000e-05	1.983130e-02	-1.315530e+01
3.369000e-05	-3.315953e-02	-1.336329e+01
3.370000e-05	3.262349e-02	-1.351524e+01
3.371000e-05	-1.302431e-02	-1.365116e+01
3.372000e-05	2.227312e-02	-1.384053e+01
3.373000e-05	-9.520430e-03	-1.398850e+01
3.374000e-05	2.736659e-02	-1.413592e+01
3.375000e-05	2.943553e-03	-1.426423e+01
3.376000e-05	1.953883e-03	-1.442159e+01
3.377000e-05	-1.316018e-02	-1.453735e+01
3.378000e-05	7.112555e-03	-1.468326e+01
3.379000e-05	1.980781e-02	-1.478903e+01
3.380000e-05	1.233363e-02	-1.494590e+01
3.381000e-05	7.384122e-03	-1.504011e+01
3.382000e-05	-3.456295e-03	-1.514595e+01
3.383000e-05	1.756786e-02	-1.521066e+01
3.384000e-05	5.202620e-03	-1.530582e+01
3.385000e-05	1.117744e-02	-1.540008e+01
3.386000e-05	-4.130660e-04	-1.551482e+01
3.387000e-05	1.931079e-02	-1.558750e+01
3.388000e-05	1.426398e-02	-1.567164e+01
3.389000e-05	1.080378e-02	-1.571582e+01
3.390000e-05	2.148780e-04	-1.579898e+01
3.391000e-05	1.150128e-02	-1.586066e+01
3.392000e-05	2.331899e-02	-1.588132e+01
3.393000e-05	2.228628e-02	-1.593595e+01
3.394000e-05	1.428912e-02	-1.593748e+01
3.395000e-05	1.141461e-02	-1.601055e+01
3.396000e-05	1.968006e-02	-1.599968e+01
3.397000e-05	2.181202e-02	-1.606281e+01
3.398000e-05	1.992884e-02	-1.606329e+01
3.399000e-05	2.016506e-02	-1.608382e+01
3.400000e-05	2.952232e-02	-1.605319e+01
3.401000e-05	3.851349e-02	-1.604374e+01
3.402000e-05	3.474669e-02	-1.605229e+01
3.403000e-05	3.070208e-02	-1.603122e+01
3.404000e-05	3.763800e-02	-1.605064e+01
3.405000e-05	5.290412e-02	-1.601068e+01
3.406000e-05	6.394795e-02	-1.597853e+01
3.407000e-05	7.040118e-02	-1.593647e+01
3.408000e-05	9.001679e-02	-1.590432e+01
3.409000e-05	1.247846e-01	-1.582119e+01
3.410000e-05	1.755696e-01	-1.578861e+01
3.411000e-05	2.285196e-01	-1.570653e+01
3.412000e-05	2.499166e-01	-1.561129e+01
3.413000e-05	2.500000e-01	-1.560021e+01
3.414000e-05	2.491900e-01	-1.552497e+01
3.415000e-05	2.067548e-01	-1.541924e+01
3.416000e-05	1.323988e-01	-1.534693e+01
3.417000e-05	8.774707e-02	-1.524174e+01
3.418000e-05	6.621668e-02	-1.514700e+01
3.419000e-05	5.040062e-02	-1.505224e+01
3.420000e-05	3.301289e-02	-1.492655e+01
3.421000e-05	2.260571e-02	-1.481126e+01
3.422000e-05	2.030831e-02	-1.469385e+01
3.423000e-05	2.000294e-02	-1.457010e+01
3.424000e-05	1.258574e-02	-1.442179e+01
3.425000e-05	6.091955e-03	-1.432498e+01
3.426000e-05	4.912357e-03	-1.411760e+01
3.427000e-05	1.032006e-02	-1.400013e+01
3.428000e-05	9.065084e-03	-1.383169e+01
3.429000e-05	2.719462e-03	-1.369542e+01
3.430000e-05	1.584454e-04	-1.350547e+01
3.431000e-05	3.101367e-03	-1.333858e+01
3.432000e-05	5.621977e-03	-1.316066e+01
3.433000e-05	1.877954e-03	-1.301121e+01
3.434000e-05	-2.822889e-03	-1.283284e+01
3.435000e-05	-2.978235e-04	-1.265334e+01
3.436000e-05	2.927110e-03	-1.248592e+01
3.437000e-05	1.381753e-03	-1.226547e+01
3.438000e-05	-5.068842e-03	-1.210697e+01
3.439000e-05	-4.839598e-03	-1.187643e+01
3.440000e-05	-1.557486e-03	-1.171542e+01
3.441000e-05	1.963450e-03	-1.141177e+01
3.442000e-05	-2.915364e-03	-1.117108e+01
3.443000e-05	-4.993237e-03	-1.095753e+01
3.444000e-05	-4.542785e-03	-1.076853e+01
3.445000e-05	-1.333363e-03	-1.056058e+01
3.446000e-05	-4.511199e-03	-1.030753e+01
3.447000e-05	-7.599880e-03	-1.006389e+01
3.448000e-05	-7.706837e-03	-9.834313e+00
3.449000e-05	-2.914320e-03	-9.632766e+00
3.450000e-05	-3.054357e-03	-9.370129e+00
3.451000e-05	-6.809814e-03	-9.157070e+00
3.452000e-05	-8.401868e-03	-8.906845e+00
3.453000e-05	-4.981986e-03	-8.654817e+00
3.454000e-05	-2.823367e-03	-8.369178e+00
3.455000e-05	-5.608554e-03	-8.159549e+00
3.456000e-05	-8.518786e-03	-7.874442e+00
3.457000e-05	-8.011306e-03	-7.591202e+00
3.458000e-05	-4.321249e-03	-7.317425e+00
3.459000e-05	-7.934211e-03	-7.023313e+00
3.460000e-05	-7.854489e-03	-6.758575e+00
3.461000e-05	-9.961265e-03	-6.494891e+00
3.462000e-05	-4.892906e-03	-6.232810e+00
3.463000e-05	-5.482697e-03	-5.916973e+00
3.464000e-05	-6.622896e-03	-5.675942e+00
3.465000e-05	-1.005453e-02	-5.338601e+00
3.466000e-05	-6.511168e-03	-5.074791e+00
3.467000e-05	-6.809776e-03	-4.679499e+00
3.468000e-05	-7.533751e-03	-4.432210e+00
3.469000e-05	-1.089664e-02	-4.183683e+00
3.470000e-05	-9.491412e-03	-3.936525e+00
3.471000e-05	-8.121423e-03	-3.611709e+00
3.472000e-05	-6.641093e-03	-3.348977e+00
3.473000e-05	-8.903281e-03	-3.034343e+00
3.474000e-05	-8.985334e-03	-2.748501e+00
3.475000e-05	-6.549748e-03	-2.444787e+00
3.476000e-05	-5.953481e-03	-2.110027e+00
3.477000e-05	-9.384354e-03	-1.873790e+00
3.478000e-05	-1.245921e-02	-1.550654e+00
3.479000e-05	-9.818774e-03	-1.223684e+00
3.480000e-05	-9.324810e-03	-9.179962e-01
3.481000e-05	-7.334741e-03	-6.233120e-01
3.482000e-05	-8.214638e-03	-3.374226e-01
3.483000e-05	-5.222695e-03	-1.376321e-02
3.484000e-05	7.535381e-03	2.504223e-01
3.485000e-05	1.183088e-04	5.257616e-01
3.486000e-05	-1.547882e-04	7.799169e-01
3.487000e-05	-5.301215e-03	1.132976e+00
3.488000e-05	-2.509827e-03	1.378840e+00
3.489000e-05	-1.581684e-03	1.741008e+00
3.490000e-05	1.313335e-02	1.975767e+00
3.491000e-05	6.473658e-02	2.207921e+00
3.492000e-05	8.565208e-02	2.545215e+00
3.493000e-05	-9.480796e-02	2.903160e+00
3.494000e-05	-2.805879e-02	3.177893e+00
3.495000e-05	-4.431719e-02	3.512108e+00
3.496000e-05	-2.907880e-02	3.768266e+00
3.497000e-05	-8.815301e-02	3.947820e+00
3.498000e-05	1.359994e-01	4.239394e+00
3.499000e-05	-4.046304e-02	4.596818e+00
3.500000e-05	-4.195445e-02	4.788426e+00
3.501000e-05	1.715682e-01	5.165187e+00
3.502000e-05	-1.827384e-01	5.452531e+00
3.503000e-05	1.038471e-01	5.724661e+00
3.504000e-05	-8.797795e-02	6.041056e+00
3.505000e-05	4.250371e-02	6.283558e+00
3.506000e-05	3.255204e-02	6.567268e+00
3.507000e-05	-4.637914e-02	6.861511e+00
3.508000e-05	4.166904e-02	7.123139e+00
3.509000e-05	-8.335770e-02	7.429001e+00
3.510000e-05	6.125895e-02	7.713640e+00
3.511000e-05	-5.401137e-02	8.038972e+00
3.512000e-05	2.726730e-02	8.242209e+00
3.513000e-05	2.540561e-02	8.525189e+00
3.514000e-05	-3.605630e-02	8.744264e+00
3.515000e-05	4.527534e-02	9.027850e+00
3.516000e-05	-6.375354e-02	9.250610e+00
3.517000e-05	9.236868e-03	9.481583e+00
3.518000e-05	-1.680192e-02	9.755317e+00
3.519000e-05	3.404910e-02	9.956921e+00
3.520000e-05	-6.166489e-03	1.019907e+01
3.521000e-05	-1.161869e-02	1.046048e+01
3.522000e-05	1.143631e-03	1.066163e+01
3.523000e-05	-2.450436e-02	1.091269e+01
3.524000e-05	1.200362e-02	1.108314e+01
3.525000e-05	-2.411627e-02	1.134639e+01
3.526000e-05	1.355014e-02	1.155897e+01
3.527000e-05	-8.247108e-03	1.178848e+01
3.528000e-05	1.029820e-02	1.201150e+01
3.529000e-05	-2.512247e-02	1.221043e+01
3.530000e-05	-9.136065e-03	1.237845e+01
3.531000e-05	-1.038093e-02	1.260895e+01
3.532000e-05	9.020365e-03	1.278742e+01
3.533000e-05	-8.926000e-04	1.297637e+01
3.534000e-05	-1.069224e-02	1.312634e+01
3.535000e-05	-1.050513e-02	1.330322e+01
3.536000e-05	-9.601346e-03	1.347174e+01
3.537000e-05	-4.535420e-03	1.363116e+01
3.538000e-05	-1.642301e-02	1.379858e+01
3.539000e-05	-2.240610e-03	1.394545e+01
3.540000e-05	-5.978646e-03	1.412387e+01
3.541000e-05	3.342730e-03	1.428432e+01
3.542000e-05	-1.928520e-02	1.440968e+01
3.543000e-05	-1.607259e-02	1.453800e+01
3.544000e-05	-1.742983e-02	1.465182e+01
3.545000e-05	-1.734151e-03	1.479908e+01
3.546000e-05	-7.581106e-03	1.490435e+01
3.547000e-05	-1.315901e-02	1.500953e+01
3.548000e-05	-1.235080e-02	1.512432e+01
3.549000e-05	-1.347040e-02	1.521058e+01
3.550000e-05	-8.517280e-03	1.529434e+01
3.551000e-05	-2.072465e-02	1.540798e+01
3.552000e-05	-1.495094e-02	1.551324e+01
3.553000e-05	-1.500554e-02	1.553599e+01
3.554000e-05	-9.180753e-03	1.561259e+01
3.555000e-05	-2.050658e-02	1.567384e+01
3.556000e-05	-2.511286e-02	1.576703e+01
3.557000e-05	-2.260380e-02	1.583969e+01
3.558000e-05	-1.761457e-02	1.582327e+01
3.559000e-05	-1.423625e-02	1.590387e+01
3.560000e-05	-2.622587e-02	1.598607e+01
3.561000e-05	-2.412052e-02	1.597906e+01
3.562000e-05	-2.648590e-02	1.600006e+01
3.563000e-05	-2.498202e-02	1.604059e+01
3.564000e-05	-3.381313e-02	1.603171e+01
3.565000e-05	-3.508771e-02	1.607321e+01
3.566000e-05	-3.292757e-02	1.604274e+01
3.567000e-05	-3.212768e-02	1.606376e+01
3.568000e-05	-3.830012e-02	1.605223e+01
3.569000e-05	-5.129888e-02	1.600128e+01
3.570000e-05	-5.402821e-02	1.601913e+01
3.571000e-05	-5.911179e-02	1.599863e+01
3.572000e-05	-6.601636e-02	1.595650e+01
3.573000e-05	-8.606839e-02	1.588590e+01
3.574000e-05	-1.063739e-01	1.585444e+01
3.575000e-05	-1.381302e-01	1.581066e+01
3.576000e-05	-1.872349e-01	1.572660e+01
3.577000e-05	-2.406989e-01	1.568532e+01
3.578000e-05	-2.500000e-01	1.562134e+01
3.579000e-05	-2.500000e-01	1.558908e+01
3.580000e-05	-2.458829e-01	1.547487e+01
3.581000e-05	-1.936895e-01	1.543024e+01
3.582000e-05	-1.368570e-01	1.533745e+01
3.583000e-05	-9.576608e-02	1.521079e+01
3.584000e-05	-6.824397e-02	1.513495e+01
3.585000e-05	-5.097369e-02	1.499968e+01
3.586000e-05	-4.140276e-02	1.488350e+01
3.587000e-05	-3.685336e-02	1.477121e+01
3.588000e-05	-2.754212e-02	1.464286e+01
3.589000e-05	-2.318783e-02	1.459660e+01
3.590000e-05	-2.135585e-02	1.441026e+01
3.591000e-05	-2.304002e-02	1.430442e+01
3.592000e-05	-2.045636e-02	1.410508e+01
3.593000e-05	-1.413756e-02	1.395855e+01
3.594000e-05	-1.266600e-02	1.377181e+01
3.595000e-05	-1.234397e-02	1.364385e+01
3.596000e-05	-1.542727e-02	1.348547e+01
3.597000e-05	-1.131641e-02	1.332803e+01
3.598000e-05	-1.201187e-02	1.315020e+01
3.599000e-05	-1.138240e-02	1.293968e+01
3.600000e-05	-1.429480e-02	1.277023e+01
3.601000e-05	-1.051902e-02	1.257181e+01
3.602000e-05	-8.143628e-03	1.241327e+01
3.603000e-05	-8.319715e-03	1.226221e+01
3.604000e-05	-1.121247e-02	1.205287e+01
3.605000e-05	-1.076440e-02	1.183179e+01
3.606000e-05	-8.573848e-03	1.163136e+01
3.607000e-05	-6.934869e-03	1.138081e+01
3.608000e-05	-8.626791e-03	1.119018e+01
3.609000e-05	-9.275894e-03	1.096158e+01
3.610000e-05	-8.303593e-03	1.071908e+01
3.611000e-05	-7.010835e-03	1.051847e+01
3.612000e-05	-6.740514e-03	1.028547e+01
3.613000e-05	-8.980672e-03	1.002342e+01
3.614000e-05	-7.426105e-03	9.800136e+00
3.615000e-05	-5.542327e-03	9.557658e+00
3.616000e-05	-5.341200e-03	9.337077e+00
3.617000e-05	-7.701957e-03	9.054946e+00
3.618000e-05	-9.206331e-03	8.804386e+00
3.619000e-05	-7.330759e-03	8.581653e+00
3.620000e-05	-4.863189e-03	8.349229e+00
3.621000e-05	-5.539187e-03	8.115995e+00
3.622000e-05	-7.642211e-03	7.830737e+00
3.623000e-05	-6.728459e-03	7.549655e+00
3.624000e-05	-4.750014e-03	7.243444e+00
3.625000e-05	-5.314196e-03	7.001232e+00
3.626000e-05	-7.301916e-03	6.738026e+00
3.627000e-05	-8.028293e-03	6.413837e+00
3.628000e-05	-5.374196e-03	6.170681e+00
3.629000e-05	-5.033411e-03	5.926500e+00
3.630000e-05	-6.353943e-03	5.632233e+00
3.631000e-05	-8.027688e-03	5.348629e+00
3.632000e-05	-7.502079e-03	4.972863e+00
3.633000e-05	-3.947655e-03	4.685445e+00
3.634000e-05	-4.998924e-03	4.422710e+00
3.635000e-05	-5.968813e-03	4.118074e+00
3.636000e-05	-7.631406e-03	3.833710e+00
3.637000e-05	-5.534033e-03	3.589124e+00
3.638000e-05	-5.948884e-03	3.284862e+00
3.639000e-05	-6.633452e-03	2.941125e+00
3.640000e-05	-8.347910e-03	2.706498e+00
3.641000e-05	-6.180549e-03	2.368679e+00
3.642000e-05	-5.203432e-03	2.106866e+00
3.643000e-05	-5.164963e-03	1.754282e+00
3.644000e-05	-6.234776e-03	1.465896e+00
3.645000e-05	-7.227809e-03	1.182682e+00
3.646000e-05	-4.987113e-03	8.133122e-01
3.647000e-05	-5.262107e-03	5.481015e-01
3.648000e-05	-5.297595e-03	2.554160e-01
3.649000e-05	-3.675951e-03	-5.994744e-02
3.650000e-05	7.515329e-03	-3.041288e-01
3.651000e-05	2.830236e-03	-6.067403e-01
3.652000e-05	7.287441e-04	-8.825798e-01
3.653000e-05	-1.891426e-03	-1.146158e+00
3.654000e-05	3.777959e-04	-1.491448e+00
3.655000e-05	1.815174e-03	-1.714683e+00
3.656000e-05	3.797181e-02	-2.016295e+00
3.657000e-05	1.380042e-01	-2.261427e+00
3.658000e-05	-5.734256e-02	-2.671347e+00
3.659000e-05	-3.839600e-02	-3.092478e+00
3.660000e-05	-3.516802e-02	-3.366821e+00
3.661000e-05	-3.882427e-02	-3.578418e+00
3.662000e-05	-9.303715e-02	-3.808899e+00
3.663000e-05	1.920677e-01	-4.009449e+00
3.664000e-05	-1.165374e-01	-4.290581e+00
3.665000e-05	3.784604e-02	-4.628394e+00
3.666000e-05	1.308110e-01	-4.799476e+00
3.667000e-05	-1.892258e-01	-5.241371e+00
3.668000e-05	2.082206e-01	-5.545767e+00
3.669000e-05	-2.086561e-01	-5.798742e+00
3.670000e-05	1.012578e-01	-6.133112e+00
3.671000e-05	4.940879e-02	-6.253134e+00
3.672000e-05	-8.374480e-02	-6.691126e+00
3.673000e-05	1.610611e-01	-6.943715e+00
3.674000e-05	-2.026836e-01	-7.227917e+00
3.675000e-05	1.591123e-01	-7.523185e+00
3.676000e-05	-9.963547e-02	-7.805794e+00
3.677000e-05	4.902463e-02	-8.103060e+00
3.678000e-05	5.923232e-02	-8.283636e+00
3.679000e-05	-1.050604e-01	-8.605847e+00
3.680000e-05	1.641546e-01	-8.829100e+00
3.681000e-05	-1.654280e-01	-9.062508e+00
3.682000e-05	1.066746e-01	-9.364168e+00
3.683000e-05	-9.783723e-02	-9.516217e+00
3.684000e-05	8.774627e-02	-9.798999e+00
3.685000e-05	1.332470e-02	-1.001888e+01
3.686000e-05	-2.193731e-02	-1.029363e+01
3.687000e-05	4.067287e-02	-1.051424e+01
3.688000e-05	-8.120321e-02	-1.080427e+01
3.689000e-05	9.494512e-02	-1.090629e+01
3.690000e-05	-8.087808e-02	-1.118532e+01
3.691000e-05	7.893142e-02	-1.137745e+01
3.692000e-05	-5.811167e-02	-1.164793e+01
3.693000e-05	6.591332e-02	-1.187321e+01
3.694000e-05	-3.113136e-02	-1.204211e+01
3.695000e-05	8.939791e-03	-1.224208e+01
3.696000e-05	-1.409328e-02	-1.246156e+01
3.697000e-05	1.311459e-02	-1.264163e+01
3.698000e-05	3.301888e-02	-1.280996e+01
3.699000e-05	-1.152407e-02	-1.302058e+01
3.700000e-05	9.960050e-03	-1.316537e+01
3.701000e-05	-2.474494e-02	-1.336740e+01
3.702000e-05	3.036331e-02	-1.353427e+01
3.703000e-05	-1.420747e-02	-1.364369e+01
3.704000e-05	2.245689e-02	-1.385216e+01
3.705000e-05	-1.018974e-02	-1.399798e+01
3.706000e-05	3.070580e-02	-1.421695e+01
3.707000e-05	-2.603426e-03	-1.430379e+01
3.708000e-05	3.974520e-03	-1.444266e+01
3.709000e-05	-1.468791e-02	-1.454835e+01
3.710000e-05	1.453123e-02	-1.473432e+01
3.711000e-05	1.527386e-02	-1.481113e+01
3.712000e-05	1.472685e-02	-1.498690e+01
3.713000e-05	1.599969e-04	-1.507156e+01
3.714000e-05	1.190687e-03	-1.514787e+01
3.715000e-05	1.477572e-02	-1.525061e+01
3.716000e-05	8.775873e-03	-1.534442e+01
3.717000e-05	9.220181e-03	-1.542113e+01
3.718000e-05	4.209909e-03	-1.555587e+01
3.719000e-05	2.016404e-02	-1.556868e+01
3.720000e-05	1.380681e-02	-1.568426e+01
3.721000e-05	8.922679e-03	-1.574489e+01
3.722000e-05	-9.591914e-04	-1.578756e+01
3.723000e-05	1.519149e-02	-1.583174e+01
3.724000e-05	2.307900e-02	-1.592474e+01
3.725000e-05	2.298093e-02	-1.595497e+01
3.726000e-05	1.267408e-02	-1.597798e+01
3.727000e-05	1.286375e-02	-1.600119e+01
3.728000e-05	2.109523e-02	-1.602121e+01
3.729000e-05	2.242059e-02	-1.601272e+01
3.730000e-05	1.884650e-02	-1.607979e+01
3.731000e-05	2.052779e-02	-1.605426e+01
3.732000e-05	3.156525e-02	-1.606439e+01
3.733000e-05	3.885185e-02	-1.607427e+01
3.734000e-05	3.398406e-02	-1.604174e+01
3.735000e-05	3.116760e-02	-1.601174e+01
3.736000e-05	4.057730e-02	-1.600216e+01
3.737000e-05	5.646525e-02	-1.602110e+01
3.738000e-05	6.604763e-02	-1.596895e+01
3.739000e-05	7.265586e-02	-1.593537e+01
3.740000e-05	9.424042e-02	-1.588374e+01
3.741000e-05	1.330724e-01	-1.583969e+01
3.742000e-05	1.867878e-01	-1.578061e+01
3.743000e-05	2.351226e-01	-1.568440e+01
3.744000e-05	2.499884e-01	-1.561168e+01
3.745000e-05	2.500000e-01	-1.559903e+01
3.746000e-05	2.463864e-01	-1.546489e+01
3.747000e-05	1.924969e-01	-1.541008e+01
3.748000e-05	1.212480e-01	-1.532595e+01
3.749000e-05	8.154887e-02	-1.523021e+01
3.750000e-05	6.324974e-02	-1.512637e+01
3.751000e-05	4.723597e-02	-1.506169e+01
3.752000e-05	2.973958e-02	-1.490742e+01
3.753000e-05	2.108828e-02	-1.478916e+01
3.754000e-05	2.082688e-02	-1.466382e+01
3.755000e-05	2.053038e-02	-1.454750e+01
3.756000e-05	1.253331e-02	-1.439179e+01
3.757000e-05	4.027267e-03	-1.426484e+01
3.758000e-05	6.262384e-03	-1.412642e+01
3.759000e-05	1.035228e-02	-1.400113e+01
3.760000e-05	8.370676e-03	-1.381018e+01
3.761000e-05	1.244673e-03	-1.362387e+01
3.762000e-05	-4.644371e-04	-1.347392e+01
3.763000e-05	3.047129e-03	-1.330655e+01
3.764000e-05	5.057520e-03	-1.313861e+01
3.765000e-05	8.436789e-04	-1.300063e+01
3.766000e-05	-2.952785e-03	-1.281226e+01
3.767000e-05	7.505118e-04	-1.267179e+01
3.768000e-05	2.947723e-03	-1.248274e+01
3.769000e-05	3.286261e-04	-1.223336e+01
3.770000e-05	-5.563785e-03	-1.205132e+01
3.771000e-05	-4.567606e-03	-1.183382e+01
3.772000e-05	-3.773233e-04	-1.163377e+01
3.773000e-05	7.258298e-04	-1.135808e+01
3.774000e-05	-4.217143e-03	-1.107753e+01
3.775000e-05	-6.019211e-03	-1.091699e+01
3.776000e-05	-4.025935e-03	-1.069750e+01
3.777000e-05	-1.610467e-03	-1.053700e+01
3.778000e-05	-3.703976e-03	-1.025439e+01
3.779000e-05	-7.476927e-03	-1.001176e+01
3.780000e-05	-6.207500e-03	-9.823157e+00
3.781000e-05	-3.081801e-03	-9.611608e+00
3.782000e-05	-3.947470e-03	-9.328999e+00
3.783000e-05	-7.763073e-03	-9.064795e+00
3.784000e-05	-7.443009e-03	-8.864813e+00
3.785000e-05	-4.744348e-03	-8.603685e+00
3.786000e-05	-2.643640e-03	-8.317025e+00
3.787000e-05	-6.425508e-03	-8.084818e+00
3.788000e-05	-8.656045e-03	-7.783237e+00
3.789000e-05	-8.140202e-03	-7.496473e+00
3.790000e-05	-4.430845e-03	-7.274411e+00
3.791000e-05	-7.251742e-03	-6.980529e+00
3.792000e-05	-7.881919e-03	-6.684992e+00
3.793000e-05	-1.036728e-02	-6.464311e+00
3.794000e-05	-4.994675e-03	-6.171130e+00
3.795000e-05	-5.884342e-03	-5.915370e+00
3.796000e-05	-7.330985e-03	-5.632133e+00
3.797000e-05	-1.040182e-02	-5.306766e+00
3.798000e-05	-6.493552e-03	-5.011182e+00
3.799000e-05	-5.109263e-03	-4.624390e+00
3.800000e-05	-7.857196e-03	-4.392182e+00
3.801000e-05	-1.083199e-02	-4.140101e+00
3.802000e-05	-1.059096e-02	-3.865259e+00
3.803000e-05	-7.455491e-03	-3.559000e+00
3.804000e-05	-7.447720e-03	-3.316895e+00
3.805000e-05	-8.504930e-03	-2.973156e+00
3.806000e-05	-9.683399e-03	-2.655840e+00
3.807000e-05	-6.559467e-03	-2.397607e+00
3.808000e-05	-6.700439e-03	-2.065442e+00
3.809000e-05	-8.682177e-03	-1.802180e+00
3.810000e-05	-1.235046e-02	-1.527448e+00
3.811000e-05	-9.380623e-03	-1.138599e+00
3.812000e-05	-7.967082e-03	-8.338147e-01
3.813000e-05	-7.801912e-03	-5.494780e-01
3.814000e-05	-8.423016e-03	-2.948183e-01
3.815000e-05	-5.793379e-03	-1.128929e-03
3.816000e-05	9.224754e-03	3.646840e-01
3.817000e-05	-4.288218e-03	5.973919e-01
3.818000e-05	2.932267e-03	8.494473e-01
3.819000e-05	-6.988832e-03	1.168241e+00
3.820000e-05	1.128855e-03	1.388972e+00
3.821000e-05	-2.796429e-03	1.766742e+00
3.822000e-05	2.103982e-02	1.997895e+00
3.823000e-05	8.035932e-02	2.261105e+00
3.824000e-05	5.005631e-02	2.608897e+00
3.825000e-05	-9.493097e-02	2.958790e+00
3.826000e-05	-2.505364e-02	3.239975e+00
3.827000e-05	-3.946000e-02	3.588339e+00
3.828000e-05	-4.896980e-02	3.819395e+00
3.829000e-05	-6.092522e-02	3.999495e+00
3.830000e-05	1.655438e-01	4.281205e+00
3.831000e-05	-1.227826e-01	4.599925e+00
3.832000e-05	6.252629e-02	4.839974e+00
3.833000e-05	8.587768e-02	5.249452e+00
3.834000e-05	-1.499654e-01	5.512687e+00
3.835000e-05	1.089188e-01	5.805743e+00
3.836000e-05	-1.170685e-01	6.122637e+00
3.837000e-05	9.242775e-02	6.335713e+00
3.838000e-05	-1.464946e-02	6.651054e+00
3.839000e-05	-1.281079e-02	6.933689e+00
3.840000e-05	1.491434e-02	7.207317e+00
3.841000e-05	-6.600475e-02	7.481558e+00
3.842000e-05	6.328584e-02	7.777270e+00
3.843000e-05	-7.158567e-02	8.041079e+00
3.844000e-05	5.543366e-02	8.323738e+00
3.845000e-05	-3.674307e-03	8.557874e+00
3.846000e-05	-1.680025e-02	8.798495e+00
3.847000e-05	3.522068e-02	9.049501e+00
3.848000e-05	-6.985501e-02	9.252685e+00
3.849000e-05	2.711194e-02	9.504266e+00
3.850000e-05	-2.886516e-02	9.818370e+00
3.851000e-05	4.974870e-02	1.003005e+01
3.852000e-05	-2.835509e-02	1.022063e+01
3.853000e-05	5.459107e-03	1.050214e+01
3.854000e-05	-1.189758e-02	1.070384e+01
3.855000e-05	-1.479311e-02	1.091482e+01
3.856000e-05	7.352337e-03	1.117682e+01
3.857000e-05	-2.338754e-02	1.137840e+01
3.858000e-05	1.969273e-02	1.161808e+01
3.859000e-05	-1.374607e-02	1.181003e+01
3.860000e-05	1.460412e-02	1.207053e+01
3.861000e-05	-3.197305e-02	1.227956e+01
3.862000e-05	-5.848290e-04	1.239006e+01
3.863000e-05	-1.347079e-02	1.263155e+01
3.864000e-05	1.237969e-02	1.282951e+01
3.865000e-05	-6.308376e-03	1.299892e+01
3.866000e-05	-1.143826e-02	1.315590e+01
3.867000e-05	-9.289572e-03	1.331640e+01
3.868000e-05	-1.055784e-02	1.349279e+01
3.869000e-05	-3.161961e-03	1.364274e+01
3.870000e-05	-1.709894e-02	1.379906e+01
3.871000e-05	5.961689e-04	1.392557e+01
3.872000e-05	-7.209543e-03	1.414692e+01
3.873000e-05	7.075212e-04	1.430489e+01
3.874000e-05	-2.097737e-02	1.445219e+01
3.875000e-05	-1.559428e-02	1.458755e+01
3.876000e-05	-1.310641e-02	1.468527e+01
3.877000e-05	-2.336800e-03	1.486068e+01
3.878000e-05	-7.496287e-03	1.492642e+01
3.879000e-05	-1.511356e-02	1.503058e+01
3.880000e-05	-1.206130e-02	1.512487e+01
3.881000e-05	-1.483728e-02	1.523060e+01
3.882000e-05	-1.050643e-02	1.532640e+01
3.883000e-05	-1.998109e-02	1.540061e+01
3.884000e-05	-1.407131e-02	1.552379e+01
3.885000e-05	-1.255882e-02	1.555807e+01
3.886000e-05	-1.182839e-02	1.564974e+01
3.887000e-05	-2.025154e-02	1.568379e+01
3.888000e-05	-2.664329e-02	1.576648e+01
3.889000e-05	-2.065199e-02	1.581071e+01
3.890000e-05	-1.831208e-02	1.588272e+01
3.891000e-05	-1.515092e-02	1.591445e+01
3.892000e-05	-2.582805e-02	1.601693e+01
3.893000e-05	-2.355992e-02	1.597861e+01
3.894000e-05	-2.609561e-02	1.601264e+01
3.895000e-05	-2.791356e-02	1.600129e+01
3.896000e-05	-3.402197e-02	1.603177e+01
3.897000e-05	-3.705582e-02	1.603176e+01
3.898000e-05	-3.209322e-02	1.604079e+01
3.899000e-05	-3.455180e-02	1.606124e+01
3.900000e-05	-3.900891e-02	1.602081e+01
3.901000e-05	-5.174157e-02	1.600963e+01
3.902000e-05	-5.405390e-02	1.597118e+01
3.903000e-05	-6.005756e-02	1.597660e+01
3.904000e-05	-6.993484e-02	1.590603e+01
3.905000e-05	-8.881760e-02	1.591537e+01
3.906000e-05	-1.126735e-01	1.583232e+01
3.907000e-05	-1.458783e-01	1.580061e+01
3.908000e-05	-2.010559e-01	1.571713e+01
3.909000e-05	-2.456727e-01	1.568537e+01
3.910000e-05	-2.500000e-01	1.561971e+01
3.911000e-05	-2.500000e-01	1.555806e+01
3.912000e-05	-2.391448e-01	1.548179e+01
3.913000e-05	-1.807235e-01	1.541974e+01
3.914000e-05	-1.246393e-01	1.528697e+01
3.915000e-05	-8.953394e-02	1.519224e+01
3.916000e-05	-6.247625e-02	1.508542e+01
3.917000e-05	-4.860094e-02	1.493868e+01
3.918000e-05	-4.144326e-02	1.483480e+01
3.919000e-05	-3.631028e-02	1.474813e+01
3.920000e-05	-2.879817e-02	1.461182e+01
3.921000e-05	-2.128450e-02	1.452805e+01
3.922000e-05	-2.101451e-02	1.437914e+01
3.923000e-05	-1.870340e-02	1.423179e+01
3.924000e-05	-1.816422e-02	1.409500e+01
3.925000e-05	-1.172006e-02	1.396655e+01
3.926000e-05	-1.526350e-02	1.375856e+01
3.927000e-05	-1.599984e-02	1.361136e+01
3.928000e-05	-1.765398e-02	1.344182e+01
3.929000e-05	-1.172893e-02	1.330552e+01
3.930000e-05	-1.022011e-02	1.310552e+01
3.931000e-05	-1.070973e-02	1.295853e+01
3.932000e-05	-1.238649e-02	1.276913e+01
3.933000e-05	-9.111673e-03	1.259913e+01
3.934000e-05	-8.233284e-03	1.241231e+01
3.935000e-05	-1.013245e-02	1.217225e+01
3.936000e-05	-1.258120e-02	1.201826e+01
3.937000e-05	-1.195864e-02	1.178223e+01
3.938000e-05	-7.770275e-03	1.156876e+01
3.939000e-05	-7.269633e-03	1.133748e+01
3.940000e-05	-7.330689e-03	1.109557e+01
3.941000e-05	-9.069379e-03	1.091547e+01
3.942000e-05	-6.524499e-03	1.067550e+01
3.943000e-05	-6.945769e-03	1.049592e+01
3.944000e-05	-8.459450e-03	1.024282e+01
3.945000e-05	-1.060992e-02	9.992259e+00
3.946000e-05	-8.465578e-03	9.740082e+00
3.947000e-05	-6.264000e-03	9.486969e+00
3.948000e-05	-5.375523e-03	9.285044e+00
3.949000e-05	-6.848743e-03	9.044341e+00
3.950000e-05	-7.802872e-03	8.789283e+00
3.951000e-05	-6.129478e-03	8.551051e+00
3.952000e-05	-5.468346e-03	8.296998e+00
3.953000e-05	-6.511041e-03	8.033266e+00
3.954000e-05	-7.883763e-03	7.758729e+00
3.955000e-05	-5.841609e-03	7.486022e+00
3.956000e-05	-5.719921e-03	7.210703e+00
3.957000e-05	-5.706511e-03	6.928574e+00
3.958000e-05	-7.225020e-03	6.655844e+00
3.959000e-05	-7.042219e-03	6.369608e+00
3.960000e-05	-5.823183e-03	6.096600e+00
3.961000e-05	-5.466907e-03	5.852921e+00
3.962000e-05	-6.791375e-03	5.549154e+00
3.963000e-05	-6.677971e-03	5.285923e+00
3.964000e-05	-5.895978e-03	4.868603e+00
3.965000e-05	-5.303261e-03	4.634788e+00
3.966000e-05	-6.686228e-03	4.369654e+00
3.967000e-05	-7.156398e-03	4.043867e+00
3.968000e-05	-6.571398e-03	3.751628e+00
3.969000e-05	-5.277895e-03	3.516950e+00
3.970000e-05	-4.899371e-03	3.210703e+00
3.971000e-05	-6.611625e-03	2.887970e+00
3.972000e-05	-6.627616e-03	2.633767e+00
3.973000e-05	-5.464650e-03	2.298020e+00
3.974000e-05	-5.213124e-03	2.044759e+00
3.975000e-05	-6.585466e-03	1.720627e+00
3.976000e-05	-6.455039e-03	1.441791e+00
3.977000e-05	-6.360525e-03	1.147524e+00
3.978000e-05	-4.527870e-03	7.712018e-01
3.979000e-05	-4.984094e-03	4.854449e-01
3.980000e-05	-5.327656e-03	1.827356e-01
3.981000e-05	-1.956316e-03	-1.140299e-01
3.982000e-05	1.131135e-02	-3.562419e-01
3.983000e-05	-2.131127e-03	-6.798697e-01
3.984000e-05	4.062878e-03	-9.446051e-01
3.985000e-05	-5.245076e-03	-1.226770e+00
3.986000e-05	1.764559e-03	-1.566183e+00
3.987000e-05	1.434245e-03	-1.775714e+00
3.988000e-05	5.315993e-02	-1.988444e+00
3.989000e-05	1.339531e-01	-2.363562e+00
3.990000e-05	-9.115545e-02	-2.744634e+00
3.991000e-05	-1.566048e-02	-3.165746e+00
3.992000e-05	-4.937450e-02	-3.420446e+00
3.993000e-05	-4.042067e-02	-3.628999e+00
3.994000e-05	-6.857361e-02	-3.871628e+00
3.995000e-05	2.079157e-01	-4.060007e+00
3.996000e-05	-1.955739e-01	-4.355838e+00
3.997000e-05	1.558619e-01	-4.662009e+00
3.998000e-05	1.706407e-02	-4.923579e+00
3.999000e-05	-1.126406e-01	-5.331110e+00
4.000000e-05	1.713945e-01	-5.566267e+00
4.001000e-05	-2.213194e-01	-5.881000e+00
4.002000e-05	1.902071e-01	-6.136690e+00
4.003000e-05	-5.450436e-02	-6.346346e+00
4.004000e-05	1.320005e-02	-6.745637e+00
4.005000e-05	7.991655e-02	-6.967372e+00
4.006000e-05	-1.681472e-01	-7.311658e+00
4.007000e-05	1.745814e-01	-7.596318e+00
4.008000e-05	-1.513708e-01	-7.820452e+00
4.009000e-05	1.226660e-01	-8.145163e+00
4.010000e-05	-2.957150e-02	-8.335291e+00
4.011000e-05	-2.490965e-02	-8.639502e+00
4.012000e-05	1.132362e-01	-8.922108e+00
4.013000e-05	-1.513340e-01	-9.113313e+00
4.014000e-05	1.180996e-01	-9.407325e+00
4.015000e-05	-1.264502e-01	-9.608971e+00
4.016000e-05	1.390476e-01	-9.821182e+00
4.017000e-05	-5.180697e-02	-1.006201e+01
4.018000e-05	3.542408e-02	-1.032521e+01
4.019000e-05	-1.610614e-02	-1.057729e+01
4.020000e-05	-2.920350e-02	-1.080790e+01
4.021000e-05	6.059382e-02	-1.101890e+01
4.022000e-05	-6.336250e-02	-1.119901e+01
4.023000e-05	6.966468e-02	-1.142100e+01
4.024000e-05	-5.835877e-02	-1.172259e+01
4.025000e-05	7.708483e-02	-1.191326e+01
4.026000e-05	-5.131901e-02	-1.211371e+01
4.027000e-05	2.876724e-02	-1.228327e+01
4.028000e-05	-3.333656e-02	-1.250322e+01
4.029000e-05	3.893490e-02	-1.270421e+01
4.030000e-05	8.922933e-03	-1.285114e+01
4.031000e-05	2.706584e-03	-1.306058e+01
4.032000e-05	-5.977842e-03	-1.320005e+01
4.033000e-05	-6.400768e-03	-1.339950e+01
4.034000e-05	2.052359e-02	-1.356782e+01
4.035000e-05	-6.994822e-03	-1.370472e+01
4.036000e-05	1.417288e-02	-1.386324e+01
4.037000e-05	-3.839526e-03	-1.403959e+01
4.038000e-05	2.879324e-02	-1.419898e+01
4.039000e-05	-4.353951e-03	-1.432585e+01
4.040000e-05	1.809581e-03	-1.446224e+01
4.041000e-05	-1.423967e-02	-1.458943e+01
4.042000e-05	2.160843e-02	-1.474487e+01
4.043000e-05	1.203858e-02	-1.487109e+01
4.044000e-05	1.598789e-02	-1.495803e+01
4.045000e-05	-5.309496e-03	-1.507011e+01
4.046000e-05	1.021970e-02	-1.515750e+01
4.047000e-05	1.198958e-02	-1.526216e+01
4.048000e-05	1.065198e-02	-1.538640e+01
4.049000e-05	3.572899e-03	-1.545013e+01
4.050000e-05	9.042009e-03	-1.553595e+01
4.051000e-05	2.005697e-02	-1.559905e+01
4.052000e-05	1.370502e-02	-1.568327e+01
4.053000e-05	6.008788e-03	-1.575737e+01
4.054000e-05	1.349383e-03	-1.583811e+01
4.055000e-05	1.860082e-02	-1.589221e+01
4.056000e-05	2.264751e-02	-1.592322e+01
4.057000e-05	2.037966e-02	-1.594545e+01
4.058000e-05	1.049626e-02	-1.597853e+01
4.059000e-05	1.628897e-02	-1.600908e+01
4.060000e-05	2.285549e-02	-1.602011e+01
4.061000e-05	2.348346e-02	-1.605277e+01
4.062000e-05	1.816050e-02	-1.605432e+01
4.063000e-05	2.277589e-02	-1.603274e+01
4.064000e-05	3.422387e-02	-1.605437e+01
4.065000e-05	3.773188e-02	-1.607224e+01
4.066000e-05	3.180269e-02	-1.607179e+01
4.067000e-05	3.206719e-02	-1.603174e+01
4.068000e-05	4.305966e-02	-1.604064e+01
4.069000e-05	5.869007e-02	-1.600106e+01
4.070000e-05	6.722492e-02	-1.595800e+01
4.071000e-05	7.620954e-02	-1.594585e+01
4.072000e-05	1.015846e-01	-1.590282e+01
4.073000e-05	1.439291e-01	-1.580914e+01
4.074000e-05	1.975132e-01	-1.578755e+01
4.075000e-05	2.409146e-01	-1.570287e+01
4.076000e-05	2.499997e-01	-1.563229e+01
4.077000e-05	2.500000e-01	-1.554808e+01
4.078000e-05	2.401599e-01	-1.547384e+01
4.079000e-05	1.760033e-01	-1.540958e+01
4.080000e-05	1.113788e-01	-1.527335e+01
4.081000e-05	7.797836e-02	-1.517963e+01
4.082000e-05	6.042810e-02	-1.510540e+01
4.083000e-05	4.382528e-02	-1.499961e+01
4.084000e-05	2.740166e-02	-1.488385e+01
4.085000e-05	2.022428e-02	-1.474655e+01
4.086000e-05	2.048167e-02	-1.468286e+01
4.087000e-05	1.748896e-02	-1.450855e+01
4.088000e-05	9.545216e-03	-1.439023e+01
4.089000e-05	4.923608e-03	-1.425229e+01
4.090000e-05	7.728043e-03	-1.408737e+01
4.091000e-05	1.105726e-02	-1.392852e+01
4.092000e-05	6.689830e-03	-1.380813e+01
4.093000e-05	7.547640e-04	-1.360219e+01
4.094000e-05	4.151575e-04	-1.344284e+01
4.095000e-05	4.095520e-03	-1.330603e+01
4.096000e-05	4.247109e-03	-1.310657e+01
4.097000e-05	-7.597404e-04	-1.294855e+01
4.098000e-05	-2.962625e-03	-1.277021e+01
4.099000e-05	1.571814e-03	-1.260071e+01
4.100000e-05	2.567348e-03	-1.236121e+01
4.101000e-05	-1.384703e-03	-1.224071e+01
4.102000e-05	-4.913617e-03	-1.201277e+01
4.103000e-05	-3.043671e-03	-1.183074e+01
4.104000e-05	3.222372e-04	-1.155966e+01
4.105000e-05	-2.218542e-04	-1.132902e+01
4.106000e-05	-4.921230e-03	-1.107395e+01
4.107000e-05	-6.315464e-03	-1.089342e+01
4.108000e-05	-2.943624e-03	-1.068592e+01
4.109000e-05	-1.253936e-03	-1.046384e+01
4.110000e-05	-6.700548e-03	-1.020118e+01
4.111000e-05	-6.846899e-03	-9.958657e+00
4.112000e-05	-5.942134e-03	-9.747653e+00
4.113000e-05	-1.017053e-03	-9.537553e+00
4.114000e-05	-3.865390e-03	-9.274895e+00
4.115000e-05	-8.254093e-03	-9.013712e+00
4.116000e-05	-6.974988e-03	-8.792233e+00
4.117000e-05	-5.240822e-03	-8.570527e+00
4.118000e-05	-4.321422e-03	-8.275315e+00
4.119000e-05	-8.292854e-03	-8.013337e+00
4.120000e-05	-9.501598e-03	-7.779604e+00
4.121000e-05	-4.775474e-03	-7.472940e+00
4.122000e-05	-4.130541e-03	-7.202234e+00
4.123000e-05	-5.158087e-03	-6.936474e+00
4.124000e-05	-9.025603e-03	-6.674837e+00
4.125000e-05	-8.648282e-03	-6.399659e+00
4.126000e-05	-4.940799e-03	-6.096941e+00
4.127000e-05	-8.591903e-03	-5.831213e+00
4.128000e-05	-8.921269e-03	-5.539132e+00
4.129000e-05	-9.608117e-03	-5.221212e+00
4.130000e-05	-5.248345e-03	-4.927478e+00
4.131000e-05	-5.067008e-03	-4.591130e+00
4.132000e-05	-9.139779e-03	-4.348053e+00
4.133000e-05	-9.895222e-03	-4.086021e+00
4.134000e-05	-9.299677e-03	-3.791607e+00
4.135000e-05	-6.177449e-03	-3.517445e+00
4.136000e-05	-9.944038e-03	-3.243708e+00
4.137000e-05	-9.318162e-03	-2.917425e+00
4.138000e-05	-9.369969e-03	-2.612264e+00
4.139000e-05	-5.916650e-03	-2.368078e+00
4.140000e-05	-7.272704e-03	-2.032282e+00
4.141000e-05	-9.683945e-03	-1.769549e+00
4.142000e-05	-1.122625e-02	-1.465316e+00
4.143000e-05	-7.678624e-03	-1.085846e+00
4.144000e-05	-7.145240e-03	-8.021330e-01
4.145000e-05	-9.057921e-03	-4.864449e-01
4.146000e-05	-8.430299e-03	-1.717068e-01
4.147000e-05	-3.599404e-03	6.102501e-02
4.148000e-05	1.071113e-02	3.867932e-01
4.149000e-05	-7.546204e-03	6.284961e-01
4.150000e-05	2.979065e-03	8.619539e-01
4.151000e-05	-8.487384e-03	1.218924e+00
4.152000e-05	3.137699e-03	1.503057e+00
4.153000e-05	-2.589357e-03	1.848848e+00
4.154000e-05	2.934105e-02	2.041028e+00
4.155000e-05	9.759833e-02	2.314709e+00
4.156000e-05	6.093501e-03	2.733555e+00
4.157000e-05	-8.073299e-02	3.018923e+00
4.158000e-05	-3.119403e-02	3.283659e+00
4.159000e-05	-3.019120e-02	3.599454e+00
4.160000e-05	-7.321903e-02	3.852054e+00
4.161000e-05	-1.828096e-02	4.031027e+00
4.162000e-05	1.627198e-01	4.365846e+00
4.163000e-05	-1.748169e-01	4.702580e+00
4.164000e-05	1.573783e-01	4.913588e+00
4.165000e-05	-1.579237e-02	5.303160e+00
4.166000e-05	-8.474813e-02	5.556266e+00
4.167000e-05	7.883927e-02	5.860950e+00
4.168000e-05	-1.134845e-01	6.135292e+00
4.169000e-05	1.154729e-01	6.378296e+00
4.170000e-05	-5.141860e-02	6.694259e+00
4.171000e-05	2.004212e-02	6.966868e+00
4.172000e-05	-2.090992e-02	7.269504e+00
4.173000e-05	-3.418038e-02	7.526314e+00
4.174000e-05	4.733899e-02	7.851002e+00
4.175000e-05	-6.746394e-02	8.114212e+00
4.176000e-05	6.941545e-02	8.376346e+00
4.177000e-05	-2.770465e-02	8.597874e+00
4.178000e-05	6.821379e-03	8.801054e+00
4.179000e-05	1.346449e-02	9.052235e+00
4.180000e-05	-6.258452e-02	9.326795e+00
4.181000e-05	3.095993e-02	9.616868e+00
4.182000e-05	-2.769539e-02	9.841108e+00
4.183000e-05	5.353055e-02	1.004316e+01
4.184000e-05	-3.970304e-02	1.026314e+01
4.185000e-05	1.738399e-02	1.052579e+01
4.186000e-05	-2.420004e-02	1.073635e+01
4.187000e-05	-3.347278e-03	1.093742e+01
4.188000e-05	-6.204305e-04	1.115598e+01
4.189000e-05	-1.913423e-02	1.140900e+01
4.190000e-05	1.754258e-02	1.165161e+01
4.191000e-05	-1.328240e-02	1.186171e+01
4.192000e-05	1.275724e-02	1.210169e+01
4.193000e-05	-3.290199e-02	1.230324e+01
4.194000e-05	3.231558e-03	1.245166e+01
4.195000e-05	-1.096358e-02	1.265161e+01
4.196000e-05	1.216882e-02	1.285061e+01
4.197000e-05	-8.598374e-03	1.304108e+01
4.198000e-05	-1.305551e-02	1.313648e+01
4.199000e-05	-9.331588e-03	1.336893e+01
4.200000e-05	-9.904755e-03	1.352434e+01
4.201000e-05	-4.257936e-03	1.370322e+01
4.202000e-05	-1.557588e-02	1.385271e+01
4.203000e-05	9.855654e-04	1.399016e+01
4.204000e-05	-4.676752e-03	1.416856e+01
4.205000e-05	-3.260218e-03	1.436587e+01
4.206000e-05	-2.021036e-02	1.447274e+01
4.207000e-05	-1.831566e-02	1.461913e+01
4.208000e-05	-1.030773e-02	1.472437e+01
4.209000e-05	-4.372141e-03	1.485116e+01
4.210000e-05	-8.256294e-03	1.493640e+01
4.211000e-05	-1.576188e-02	1.502119e+01
4.212000e-05	-1.098931e-02	1.514587e+01
4.213000e-05	-1.273293e-02	1.524221e+01
4.214000e-05	-1.238055e-02	1.537450e+01
4.215000e-05	-1.880718e-02	1.542068e+01
4.216000e-05	-1.611963e-02	1.550334e+01
4.217000e-05	-1.052857e-02	1.557760e+01
4.218000e-05	-1.530317e-02	1.563019e+01
4.219000e-05	-2.144197e-02	1.570482e+01
4.220000e-05	-2.783643e-02	1.574955e+01
4.221000e-05	-1.844286e-02	1.586126e+01
4.222000e-05	-1.709846e-02	1.588237e+01
4.223000e-05	-1.691447e-02	1.592642e+01
4.224000e-05	-2.568141e-02	1.598748e+01
4.225000e-05	-2.538577e-02	1.599956e+01
4.226000e-05	-2.497272e-02	1.601011e+01
4.227000e-05	-3.009734e-02	1.604063e+01
4.228000e-05	-3.459088e-02	1.605366e+01
4.229000e-05	-3.679437e-02	1.604327e+01
4.230000e-05	-3.008463e-02	1.602376e+01
4.231000e-05	-3.502977e-02	1.604129e+01
4.232000e-05	-4.195898e-02	1.601259e+01
4.233000e-05	-5.325561e-02	1.603119e+01
4.234000e-05	-5.482847e-02	1.599861e+01
4.235000e-05	-6.021872e-02	1.595900e+01
4.236000e-05	-7.370263e-02	1.593695e+01
4.237000e-05	-9.223133e-02	1.592435e+01
4.238000e-05	-1.196585e-01	1.584227e+01
4.239000e-05	-1.549331e-01	1.577113e+01
4.240000e-05	-2.138708e-01	1.568610e+01
4.241000e-05	-2.486605e-01	1.566389e+01
4.242000e-05	-2.500000e-01	1.562069e+01
4.243000e-05	-2.500000e-01	1.551755e+01
4.244000e-05	-2.314418e-01	1.544234e+01
4.245000e-05	-1.686109e-01	1.536918e+01
4.246000e-05	-1.172312e-01	1.527485e+01
4.247000e-05	-8.427596e-02	1.517066e+01
4.248000e-05	-5.933264e-02	1.506289e+01
4.249000e-05	-4.627934e-02	1.493856e+01
4.250000e-05	-3.874216e-02	1.485336e+01
4.251000e-05	-3.254375e-02	1.472853e+01
4.252000e-05	-2.596152e-02	1.462066e+01
4.253000e-05	-2.098967e-02	1.448545e+01
4.254000e-05	-2.305162e-02	1.435915e+01
4.255000e-05	-1.969423e-02	1.424126e+01
4.256000e-05	-1.893462e-02	1.405335e+01
4.257000e-05	-1.223293e-02	1.391487e+01
4.258000e-05	-1.483203e-02	1.376805e+01
4.259000e-05	-1.346802e-02	1.352771e+01
4.260000e-05	-1.581639e-02	1.339276e+01
4.261000e-05	-1.035710e-02	1.325332e+01
4.262000e-05	-1.186509e-02	1.306439e+01
4.263000e-05	-1.186357e-02	1.290642e+01
4.264000e-05	-1.207548e-02	1.264650e+01
4.265000e-05	-9.804667e-03	1.254660e+01
4.266000e-05	-8.131234e-03	1.231868e+01
4.267000e-05	-1.061306e-02	1.215908e+01
4.268000e-05	-1.077919e-02	1.195061e+01
4.269000e-05	-1.136381e-02	1.172911e+01
4.270000e-05	-7.750189e-03	1.150795e+01
4.271000e-05	-8.468582e-03	1.125648e+01
4.272000e-05	-8.530076e-03	1.106387e+01
4.273000e-05	-8.700195e-03	1.084442e+01
4.274000e-05	-6.806517e-03	1.066439e+01
4.275000e-05	-5.456540e-03	1.044131e+01
4.276000e-05	-7.427813e-03	1.019121e+01
4.277000e-05	-8.826909e-03	9.919082e+00
4.278000e-05	-8.347154e-03	9.687898e+00
4.279000e-05	-6.769477e-03	9.434366e+00
4.280000e-05	-6.016575e-03	9.253815e+00
4.281000e-05	-7.838050e-03	8.999164e+00
4.282000e-05	-7.215179e-03	8.716550e+00
4.283000e-05	-6.144287e-03	8.525448e+00
4.284000e-05	-5.157455e-03	8.223388e+00
4.285000e-05	-6.845163e-03	7.970704e+00
4.286000e-05	-7.075948e-03	7.736949e+00
4.287000e-05	-6.351432e-03	7.413711e+00
4.288000e-05	-6.059348e-03	7.137072e+00
4.289000e-05	-6.890538e-03	6.885895e+00
4.290000e-05	-7.557308e-03	6.593237e+00
4.291000e-05	-7.100131e-03	6.316528e+00
4.292000e-05	-5.580190e-03	6.044965e+00
4.293000e-05	-4.668143e-03	5.762239e+00
4.294000e-05	-6.469790e-03	5.487553e+00
4.295000e-05	-6.521023e-03	5.201841e+00
4.296000e-05	-6.016676e-03	4.846394e+00
4.297000e-05	-5.538332e-03	4.581655e+00
4.298000e-05	-6.185873e-03	4.288048e+00
4.299000e-05	-7.884882e-03	4.011207e+00
4.300000e-05	-6.478490e-03	3.718494e+00
4.301000e-05	-5.249108e-03	3.414821e+00
4.302000e-05	-4.714195e-03	3.130075e+00
4.303000e-05	-6.369130e-03	2.854887e+00
4.304000e-05	-6.766144e-03	2.561656e+00
4.305000e-05	-5.492609e-03	2.244392e+00
4.306000e-05	-5.175042e-03	2.011152e+00
4.307000e-05	-5.779541e-03	1.666865e+00
4.308000e-05	-6.891356e-03	1.401678e+00
4.309000e-05	-5.905141e-03	1.035391e+00
4.310000e-05	-5.133823e-03	7.164216e-01
4.311000e-05	-4.452829e-03	4.542869e-01
4.312000e-05	-4.035316e-03	1.191278e-01
4.313000e-05	-1.219680e-03	-1.572079e-01
4.314000e-05	1.233255e-02	-3.988973e-01
4.315000e-05	-4.813636e-03	-7.141817e-01
4.316000e-05	5.551000e-03	-9.972943e-01
4.317000e-05	-5.386335e-03	-1.322425e+00
4.318000e-05	3.035358e-03	-1.597794e+00
4.319000e-05	5.130470e-03	-1.827892e+00
4.320000e-05	7.442114e-02	-2.071527e+00
4.321000e-05	1.057347e-01	-2.436743e+00
4.322000e-05	-1.014647e-01	-2.878843e+00
4.323000e-05	-4.597977e-03	-3.237897e+00
4.324000e-05	-5.563982e-02	-3.491578e+00
4.325000e-05	-5.253041e-02	-3.711583e+00
4.326000e-05	-1.551328e-02	-3.893138e+00
4.327000e-05	1.772959e-01	-4.082106e+00
4.328000e-05	-2.110250e-01	-4.458450e+00
4.329000e-05	2.190219e-01	-4.693084e+00
4.330000e-05	-1.055632e-01	-4.946789e+00
4.331000e-05	1.482746e-03	-5.407692e+00
4.332000e-05	8.543439e-02	-5.638947e+00
4.333000e-05	-1.921415e-01	-5.924138e+00
4.334000e-05	2.210627e-01	-6.166822e+00
4.335000e-05	-1.369781e-01	-6.439451e+00
4.336000e-05	1.071592e-01	-6.787368e+00
4.337000e-05	-2.175087e-02	-7.028400e+00
4.338000e-05	-9.066311e-02	-7.367266e+00
4.339000e-05	1.416322e-01	-7.617498e+00
4.340000e-05	-1.573115e-01	-7.891181e+00
4.341000e-05	1.674923e-01	-8.185847e+00
4.342000e-05	-1.051229e-01	-8.377847e+00
4.343000e-05	6.356170e-02	-8.744635e+00
4.344000e-05	3.183899e-02	-8.964743e+00
4.345000e-05	-9.701867e-02	-9.238847e+00
4.346000e-05	8.850456e-02	-9.419424e+00
4.347000e-05	-1.127036e-01	-9.651109e+00
4.348000e-05	1.553236e-01	-9.884188e+00
4.349000e-05	-9.294228e-02	-1.015529e+01
4.350000e-05	7.966436e-02	-1.039845e+01
4.351000e-05	-7.009833e-02	-1.058748e+01
4.352000e-05	2.917775e-02	-1.084061e+01
4.353000e-05	9.980100e-03	-1.103895e+01
4.354000e-05	-2.453282e-02	-1.126124e+01
4.355000e-05	4.015443e-02	-1.148209e+01
4.356000e-05	-3.635888e-02	-1.176632e+01
4.357000e-05	6.636623e-02	-1.191538e+01
4.358000e-05	-5.333459e-02	-1.218687e+01
4.359000e-05	3.407749e-02	-1.230542e+01
4.360000e-05	-3.905671e-02	-1.255587e+01
4.361000e-05	5.377817e-02	-1.270534e+01
4.362000e-05	-9.966824e-03	-1.292374e+01
4.363000e-05	1.551401e-02	-1.307224e+01
4.364000e-05	-2.156533e-02	-1.325155e+01
4.365000e-05	1.148751e-02	-1.343051e+01
4.366000e-05	7.455083e-03	-1.355752e+01
4.367000e-05	4.639985e-03	-1.377682e+01
4.368000e-05	5.159969e-03	-1.391482e+01
4.369000e-05	6.296062e-03	-1.408111e+01
4.370000e-05	2.135653e-02	-1.424208e+01
4.371000e-05	-2.915945e-03	-1.435538e+01
4.372000e-05	-1.555727e-03	-1.450527e+01
4.373000e-05	-9.171174e-03	-1.463916e+01
4.374000e-05	2.311186e-02	-1.475745e+01
4.375000e-05	1.119420e-02	-1.489272e+01
4.376000e-05	1.637421e-02	-1.503848e+01
4.377000e-05	-7.310277e-03	-1.510429e+01
4.378000e-05	1.481129e-02	-1.518002e+01
4.379000e-05	7.867465e-03	-1.525224e+01
4.380000e-05	1.244108e-02	-1.541700e+01
4.381000e-05	8.564676e-04	-1.547277e+01
4.382000e-05	1.277903e-02	-1.556600e+01
4.383000e-05	1.867737e-02	-1.562053e+01
4.384000e-05	1.377993e-02	-1.568284e+01
4.385000e-05	5.569416e-03	-1.579648e+01
4.386000e-05	4.699921e-03	-1.579106e+01
4.387000e-05	2.146308e-02	-1.586171e+01
4.388000e-05	2.168654e-02	-1.593542e+01
4.389000e-05	1.809533e-02	-1.596498e+01
4.390000e-05	9.160094e-03	-1.601805e+01
4.391000e-05	1.812727e-02	-1.600068e+01
4.392000e-05	2.239468e-02	-1.605128e+01
4.393000e-05	2.252254e-02	-1.607281e+01
4.394000e-05	1.868029e-02	-1.605289e+01
4.395000e-05	2.557990e-02	-1.604137e+01
4.396000e-05	3.616707e-02	-1.609384e+01
4.397000e-05	3.678454e-02	-1.606277e+01
4.398000e-05	3.045749e-02	-1.605279e+01
4.399000e-05	3.235097e-02	-1.602122e+01
4.400000e-05	4.623493e-02	-1.602010e+01
4.401000e-05	6.036334e-02	-1.597953e+01
4.402000e-05	6.834540e-02	-1.594655e+01
4.403000e-05	8.023771e-02	-1.587490e+01
4.404000e-05	1.092451e-01	-1.588379e+01
4.405000e-05	1.541573e-01	-1.583906e+01
4.406000e-05	2.091495e-01	-1.577710e+01
4.407000e-05	2.452803e-01	-1.566534e+01
4.408000e-05	2.500000e-01	-1.562968e+01
4.409000e-05	2.500000e-01	-1.556805e+01
4.410000e-05	2.317073e-01	-1.543284e+01
4.411000e-05	1.613156e-01	-1.535758e+01
4.412000e-05	1.023735e-01	-1.526384e+01
4.413000e-05	7.417722e-02	-1.519908e+01
4.414000e-05	5.793351e-02	-1.510432e+01
4.415000e-05	4.014132e-02	-1.495068e+01
4.416000e-05	2.543386e-02	-1.483379e+01
4.417000e-05	2.013367e-02	-1.475713e+01
4.418000e-05	2.048568e-02	-1.461926e+01
4.419000e-05	1.669526e-02	-1.450650e+01
4.420000e-05	7.824780e-03	-1.435951e+01
4.421000e-05	3.911553e-03	-1.422116e+01
4.422000e-05	8.722234e-03	-1.408532e+01
4.423000e-05	1.129070e-02	-1.388603e+01
4.424000e-05	6.587454e-03	-1.373805e+01
4.425000e-05	1.056260e-04	-1.357011e+01
4.426000e-05	1.123649e-03	-1.340223e+01
4.427000e-05	4.946084e-03	-1.331434e+01
4.428000e-05	3.500082e-03	-1.310590e+01
4.429000e-05	-2.558756e-03	-1.292750e+01
4.430000e-05	-2.759557e-03	-1.271011e+01
4.431000e-05	1.922902e-03	-1.254803e+01
4.432000e-05	3.062880e-03	-1.235655e+01
4.433000e-05	-1.812138e-03	-1.219111e+01
4.434000e-05	-4.786390e-03	-1.197920e+01
4.435000e-05	-2.759605e-03	-1.180803e+01
4.436000e-05	1.551446e-03	-1.147458e+01
4.437000e-05	-9.498586e-04	-1.128489e+01
4.438000e-05	-5.144068e-03	-1.104139e+01
4.439000e-05	-5.752173e-03	-1.083282e+01
4.440000e-05	-2.695354e-03	-1.067329e+01
4.441000e-05	-2.195948e-03	-1.039224e+01
4.442000e-05	-5.184353e-03	-1.013958e+01
4.443000e-05	-7.066596e-03	-9.935550e+00
4.444000e-05	-3.822344e-03	-9.745469e+00
4.445000e-05	-1.965051e-03	-9.504395e+00
4.446000e-05	-4.993585e-03	-9.211340e+00
4.447000e-05	-7.525523e-03	-8.969652e+00
4.448000e-05	-7.747709e-03	-8.759159e+00
4.449000e-05	-3.845541e-03	-8.536469e+00
4.450000e-05	-4.819279e-03	-8.223237e+00
4.451000e-05	-6.854369e-03	-7.960732e+00
4.452000e-05	-8.173560e-03	-7.687974e+00
4.453000e-05	-5.108132e-03	-7.422709e+00
4.454000e-05	-5.580655e-03	-7.117126e+00
4.455000e-05	-6.609235e-03	-6.834392e+00
4.456000e-05	-8.581844e-03	-6.621661e+00
4.457000e-05	-7.313163e-03	-6.329033e+00
4.458000e-05	-4.129807e-03	-6.081390e+00
4.459000e-05	-7.578490e-03	-5.759606e+00
4.460000e-05	-9.356564e-03	-5.495446e+00
4.461000e-05	-9.878465e-03	-5.140628e+00
4.462000e-05	-7.011429e-03	-4.834943e+00
4.463000e-05	-5.289217e-03	-4.536100e+00
4.464000e-05	-9.491402e-03	-4.295924e+00
4.465000e-05	-9.295755e-03	-4.063812e+00
4.466000e-05	-9.817341e-03	-3.688048e+00
4.467000e-05	-6.231403e-03	-3.454764e+00
4.468000e-05	-9.256890e-03	-3.199555e+00
4.469000e-05	-7.891019e-03	-2.813260e+00
4.470000e-05	-8.644675e-03	-2.558579e+00
4.471000e-05	-6.088742e-03	-2.276344e+00
4.472000e-05	-8.784584e-03	-1.948574e+00
4.473000e-05	-1.043553e-02	-1.685791e+00
4.474000e-05	-1.130429e-02	-1.360608e+00
4.475000e-05	-8.586127e-03	-1.054734e+00
4.476000e-05	-7.577743e-03	-7.790753e-01
4.477000e-05	-7.722797e-03	-4.437320e-01
4.478000e-05	-6.538838e-03	-1.605753e-01
4.479000e-05	-1.720456e-03	9.410902e-02
4.480000e-05	7.569569e-03	4.109748e-01
4.481000e-05	-7.334269e-03	6.430562e-01
4.482000e-05	2.921624e-03	9.451840e-01
4.483000e-05	-7.495208e-03	1.231582e+00
4.484000e-05	2.109075e-03	1.524689e+00
4.485000e-05	-3.586362e-04	1.820558e+00
4.486000e-05	3.852448e-02	2.104133e+00
4.487000e-05	1.064312e-01	2.407369e+00
4.488000e-05	-3.929805e-02	2.766317e+00
4.489000e-05	-5.919185e-02	3.081554e+00
4.490000e-05	-3.812906e-02	3.397293e+00
4.491000e-05	-2.172465e-02	3.671505e+00
4.492000e-05	-9.297965e-02	3.892109e+00
4.493000e-05	3.256113e-02	4.123583e+00
4.494000e-05	1.228717e-01	4.471426e+00
4.495000e-05	-1.781931e-01	4.693762e+00
4.496000e-05	2.082460e-01	4.967769e+00
4.497000e-05	-1.078545e-01	5.383819e+00
4.498000e-05	-7.297919e-03	5.619501e+00
4.499000e-05	2.561438e-02	5.934689e+00
4.500000e-05	-7.831907e-02	6.178900e+00
4.501000e-05	1.085261e-01	6.460551e+00
4.502000e-05	-6.857953e-02	6.757761e+00
4.503000e-05	4.501751e-02	6.999927e+00
4.504000e-05	-5.560725e-02	7.343668e+00
4.505000e-05	3.603337e-03	7.627945e+00
4.506000e-05	1.541010e-02	7.891588e+00
4.507000e-05	-4.562348e-02	8.166973e+00
4.508000e-05	6.800658e-02	8.410025e+00
4.509000e-05	-4.108973e-02	8.660533e+00
4.510000e-05	2.842831e-02	8.873613e+00
4.511000e-05	-1.495701e-02	9.125818e+00
4.512000e-05	-4.199632e-02	9.376871e+00
4.513000e-05	2.032435e-02	9.660002e+00
4.514000e-05	-1.279472e-02	9.881234e+00
4.515000e-05	4.219897e-02	1.010429e+01
4.516000e-05	-3.908073e-02	1.032330e+01
4.517000e-05	2.017873e-02	1.058737e+01
4.518000e-05	-2.984666e-02	1.079056e+01
4.519000e-05	5.761109e-03	1.101945e+01
4.520000e-05	-1.004568e-02	1.123953e+01
4.521000e-05	-8.979856e-03	1.146016e+01
4.522000e-05	1.040214e-02	1.171227e+01
4.523000e-05	-6.943532e-03	1.188422e+01
4.524000e-05	3.199365e-03	1.211627e+01
4.525000e-05	-2.698614e-02	1.230279e+01
4.526000e-05	1.069274e-03	1.250277e+01
4.527000e-05	-4.993105e-03	1.268384e+01
4.528000e-05	8.721970e-03	1.285316e+01
4.529000e-05	-1.047053e-02	1.307171e+01
4.530000e-05	-1.341841e-02	1.321965e+01
4.531000e-05	-9.010227e-03	1.343850e+01
4.532000e-05	-8.522502e-03	1.354740e+01
4.533000e-05	-7.392099e-03	1.376483e+01
4.534000e-05	-1.185501e-02	1.390326e+01
4.535000e-05	-1.337086e-03	1.401116e+01
4.536000e-05	-1.426905e-03	1.423056e+01
4.537000e-05	-9.255559e-03	1.437548e+01
4.538000e-05	-1.861851e-02	1.450429e+01
4.539000e-05	-1.890800e-02	1.459976e+01
4.540000e-05	-6.146931e-03	1.480945e+01
4.541000e-05	-5.822870e-03	1.488279e+01
4.542000e-05	-9.448240e-03	1.495702e+01
4.543000e-05	-1.599709e-02	1.504179e+01
4.544000e-05	-1.227987e-02	1.517858e+01
4.545000e-05	-1.092822e-02	1.527179e+01
4.546000e-05	-1.516886e-02	1.535545e+01
4.547000e-05	-1.707572e-02	1.546313e+01
4.548000e-05	-1.661691e-02	1.553535e+01
4.549000e-05	-9.390010e-03	1.557913e+01
4.550000e-05	-1.752320e-02	1.567174e+01
4.551000e-05	-2.234693e-02	1.573589e+01
4.552000e-05	-2.652199e-02	1.578815e+01
4.553000e-05	-1.806254e-02	1.583089e+01
4.554000e-05	-1.561042e-02	1.589287e+01
4.555000e-05	-2.065174e-02	1.592643e+01
4.556000e-05	-2.568376e-02	1.599753e+01
4.557000e-05	-2.556484e-02	1.598861e+01
4.558000e-05	-2.302630e-02	1.601111e+01
4.559000e-05	-3.459557e-02	1.605169e+01
4.560000e-05	-3.295825e-02	1.605274e+01
4.561000e-05	-3.870992e-02	1.606273e+01
4.562000e-05	-2.790812e-02	1.603177e+01
4.563000e-05	-3.475250e-02	1.604119e+01
4.564000e-05	-4.382183e-02	1.601324e+01
4.565000e-05	-5.205038e-02	1.602068e+01
4.566000e-05	-5.802183e-02	1.596866e+01
4.567000e-05	-6.222808e-02	1.594800e+01
4.568000e-05	-8.061280e-02	1.592600e+01
4.569000e-05	-9.571882e-02	1.589437e+01
4.570000e-05	-1.240743e-01	1.580126e+01
4.571000e-05	-1.615843e-01	1.575861e+01
4.572000e-05	-2.233308e-01	1.570802e+01
4.573000e-05	-2.495005e-01	1.566284e+01
4.574000e-05	-2.500000e-01	1.558114e+01
4.575000e-05	-2.500000e-01	1.551505e+01
4.576000e-05	-2.234813e-01	1.545286e+01
4.577000e-05	-1.579782e-01	1.535718e+01
4.578000e-05	-1.092722e-01	1.527242e+01
4.579000e-05	-7.829327e-02	1.514853e+01
4.580000e-05	-5.421933e-02	1.501134e+01
4.581000e-05	-4.399194e-02	1.494605e+01
4.582000e-05	-3.743453e-02	1.480119e+01
4.583000e-05	-3.082957e-02	1.469502e+01
4.584000e-05	-2.578449e-02	1.456869e+01
4.585000e-05	-2.099303e-02	1.446484e+01
4.586000e-05	-2.456697e-02	1.431613e+01
4.587000e-05	-1.967805e-02	1.415808e+01
4.588000e-05	-1.791877e-02	1.402284e+01
4.589000e-05	-1.147703e-02	1.388340e+01
4.590000e-05	-1.324035e-02	1.369645e+01
4.591000e-05	-1.362162e-02	1.355658e+01
4.592000e-05	-1.340437e-02	1.339066e+01
4.593000e-05	-1.159718e-02	1.319234e+01
4.594000e-05	-1.206354e-02	1.309234e+01
4.595000e-05	-1.425611e-02	1.283540e+01
4.596000e-05	-1.265684e-02	1.265544e+01
4.597000e-05	-1.030196e-02	1.248645e+01
4.598000e-05	-7.003574e-03	1.228505e+01
4.599000e-05	-9.807122e-03	1.207800e+01
4.600000e-05	-9.788453e-03	1.192655e+01
4.601000e-05	-1.002747e-02	1.168698e+01
4.602000e-05	-7.781513e-03	1.147499e+01
4.603000e-05	-8.832562e-03	1.124444e+01
4.604000e-05	-1.086119e-02	1.100274e+01
4.605000e-05	-8.227984e-03	1.080284e+01
4.606000e-05	-6.573296e-03	1.061079e+01
4.607000e-05	-5.810439e-03	1.034816e+01
4.608000e-05	-8.150706e-03	1.013808e+01
4.609000e-05	-8.412206e-03	9.867099e+00
4.610000e-05	-7.575087e-03	9.643866e+00
4.611000e-05	-5.263163e-03	9.411213e+00
4.612000e-05	-7.826820e-03	9.161188e+00
4.613000e-05	-8.398518e-03	8.908600e+00
4.614000e-05	-7.509928e-03	8.654943e+00
4.615000e-05	-6.215527e-03	8.444319e+00
4.616000e-05	-5.782885e-03	8.200162e+00
4.617000e-05	-6.610489e-03	7.894576e+00
4.618000e-05	-6.583639e-03	7.655845e+00
4.619000e-05	-5.326394e-03	7.379682e+00
4.620000e-05	-4.753033e-03	7.096471e+00
4.621000e-05	-6.806714e-03	6.842790e+00
4.622000e-05	-8.445286e-03	6.549133e+00
4.623000e-05	-6.638160e-03	6.276346e+00
4.624000e-05	-6.503501e-03	6.042788e+00
4.625000e-05	-5.141391e-03	5.737554e+00
4.626000e-05	-7.041762e-03	5.474367e+00
4.627000e-05	-6.156253e-03	5.119653e+00
4.628000e-05	-5.120026e-03	4.811286e+00
4.629000e-05	-5.451669e-03	4.488000e+00
4.630000e-05	-6.535320e-03	4.243845e+00
4.631000e-05	-7.137932e-03	3.958050e+00
4.632000e-05	-5.569663e-03	3.664366e+00
4.633000e-05	-5.168089e-03	3.331187e+00
4.634000e-05	-5.157893e-03	3.076446e+00
4.635000e-05	-6.946126e-03	2.851232e+00
4.636000e-05	-6.316388e-03	2.476573e+00
4.637000e-05	-4.918022e-03	2.202758e+00
4.638000e-05	-4.751899e-03	1.967549e+00
4.639000e-05	-5.725276e-03	1.623231e+00
4.640000e-05	-6.540495e-03	1.288474e+00
4.641000e-05	-5.370920e-03	9.316806e-01
4.642000e-05	-4.921272e-03	6.448184e-01
4.643000e-05	-5.743126e-03	3.922330e-01
4.644000e-05	-4.211589e-03	6.391355e-02
4.645000e-05	1.273138e-03	-1.987696e-01
4.646000e-05	1.284125e-02	-4.609750e-01
4.647000e-05	-4.150641e-03	-7.667954e-01
4.648000e-05	4.883116e-03	-1.019797e+00
4.649000e-05	-4.469771e-03	-1.355682e+00
4.650000e-05	3.023646e-03	-1.649997e+00
4.651000e-05	1.338233e-02	-1.852079e+00
4.652000e-05	9.828565e-02	-2.122630e+00
4.653000e-05	5.640173e-02	-2.504079e+00
4.654000e-05	-9.027796e-02	-2.934557e+00
4.655000e-05	-6.070651e-03	-3.283585e+00
4.656000e-05	-5.307264e-02	-3.503208e+00
4.657000e-05	-7.281027e-02	-3.733715e+00
4.658000e-05	5.904148e-02	-3.946790e+00
4.659000e-05	9.796132e-02	-4.165739e+00
4.660000e-05	-1.767233e-01	-4.523556e+00
4.661000e-05	2.301195e-01	-4.706768e+00
4.662000e-05	-1.938535e-01	-5.068371e+00
4.663000e-05	1.121149e-01	-5.439925e+00
4.664000e-05	-2.300730e-02	-5.660024e+00
4.665000e-05	-1.197345e-01	-6.027846e+00
4.666000e-05	2.021457e-01	-6.208900e+00
4.667000e-05	-1.710849e-01	-6.564189e+00
4.668000e-05	1.728470e-01	-6.839899e+00
4.669000e-05	-1.187584e-01	-7.114081e+00
4.670000e-05	7.489775e-03	-7.398975e+00
4.671000e-05	7.178842e-02	-7.651029e+00
4.672000e-05	-1.161898e-01	-7.997338e+00
4.673000e-05	1.694369e-01	-8.219470e+00
4.674000e-05	-1.512761e-01	-8.460960e+00
4.675000e-05	1.346287e-01	-8.747268e+00
4.676000e-05	-5.750037e-02	-8.998371e+00
4.677000e-05	-2.052170e-02	-9.259579e+00
4.678000e-05	3.032489e-02	-9.441579e+00
4.679000e-05	-6.045537e-02	-9.723240e+00
4.680000e-05	1.336969e-01	-9.945217e+00
4.681000e-05	-9.990603e-02	-1.022742e+01
4.682000e-05	9.611932e-02	-1.041955e+01
4.683000e-05	-1.032935e-01	-1.065100e+01
4.684000e-05	7.686063e-02	-1.087316e+01
4.685000e-05	-3.869856e-02	-1.108208e+01
4.686000e-05	2.162224e-02	-1.130334e+01
4.687000e-05	1.064124e-03	-1.151474e+01
4.688000e-05	-3.552194e-04	-1.178687e+01
4.689000e-05	3.711860e-02	-1.198844e+01
4.690000e-05	-3.975628e-02	-1.219742e+01
4.691000e-05	2.510762e-02	-1.238640e+01
4.692000e-05	-3.039940e-02	-1.256692e+01
4.693000e-05	5.889838e-02	-1.274535e+01
4.694000e-05	-2.080707e-02	-1.293482e+01
4.695000e-05	2.122597e-02	-1.308434e+01
4.696000e-05	-3.030685e-02	-1.329169e+01
4.697000e-05	2.632640e-02	-1.347161e+01
4.698000e-05	-5.029707e-03	-1.357003e+01
4.699000e-05	1.453200e-02	-1.383753e+01
4.700000e-05	-4.083875e-03	-1.396439e+01
4.701000e-05	1.762297e-02	-1.411482e+01
4.702000e-05	1.355251e-02	-1.425166e+01
4.703000e-05	4.917041e-05	-1.439901e+01
4.704000e-05	-7.295613e-03	-1.451634e+01
4.705000e-05	-1.210251e-03	-1.466213e+01
4.706000e-05	2.337259e-02	-1.476750e+01
4.707000e-05	1.126294e-02	-1.492284e+01
4.708000e-05	1.175585e-02	-1.499961e+01
4.709000e-05	-7.014801e-03	-1.511329e+01
4.710000e-05	1.823996e-02	-1.521903e+01
4.711000e-05	7.279748e-03	-1.531532e+01
4.712000e-05	1.272489e-02	-1.539853e+01
4.713000e-05	-3.431504e-04	-1.548281e+01
4.714000e-05	1.659102e-02	-1.556803e+01
4.715000e-05	1.676679e-02	-1.562066e+01
4.716000e-05	1.223786e-02	-1.572437e+01
4.717000e-05	2.631427e-03	-1.576695e+01
4.718000e-05	7.058578e-03	-1.585061e+01
4.719000e-05	2.456409e-02	-1.587421e+01
4.720000e-05	2.201226e-02	-1.592747e+01
4.721000e-05	1.719658e-02	-1.594805e+01
4.722000e-05	8.910157e-03	-1.597958e+01
4.723000e-05	1.993254e-02	-1.603158e+01
4.724000e-05	2.324148e-02	-1.604231e+01
4.725000e-05	2.036265e-02	-1.607169e+01
4.726000e-05	1.799897e-02	-1.605334e+01
4.727000e-05	2.746143e-02	-1.606331e+01
4.728000e-05	3.859538e-02	-1.605337e+01
4.729000e-05	3.613265e-02	-1.605331e+01
4.730000e-05	2.985631e-02	-1.602269e+01
4.731000e-05	3.420377e-02	-1.603026e+01
4.732000e-05	4.969842e-02	-1.601211e+01
4.733000e-05	6.278834e-02	-1.599968e+01
4.734000e-05	6.917922e-02	-1.591705e+01
4.735000e-05	8.320872e-02	-1.591487e+01
4.736000e-05	1.162055e-01	-1.584024e+01
4.737000e-05	1.650537e-01	-1.578058e+01
4.738000e-05	2.191088e-01	-1.574500e+01
4.739000e-05	2.486667e-01	-1.569329e+01
4.740000e-05	2.500000e-01	-1.562116e+01
4.741000e-05	2.500000e-01	-1.552652e+01
4.742000e-05	2.218235e-01	-1.543171e+01
4.743000e-05	1.459417e-01	-1.535618e+01
4.744000e-05	9.352790e-02	-1.524232e+01
4.745000e-05	6.970276e-02	-1.514856e+01
4.746000e-05	5.536634e-02	-1.506384e+01
4.747000e-05	3.653313e-02	-1.495748e+01
4.748000e-05	2.286203e-02	-1.484379e+01
4.749000e-05	1.991645e-02	-1.469537e+01
4.750000e-05	2.115717e-02	-1.460070e+01
4.751000e-05	1.488878e-02	-1.449492e+01
4.752000e-05	5.624332e-03	-1.433793e+01
4.753000e-05	4.021279e-03	-1.420021e+01
4.754000e-05	1.036296e-02	-1.404181e+01
4.755000e-05	1.126014e-02	-1.391545e+01
4.756000e-05	3.864506e-03	-1.371657e+01
4.757000e-05	-7.926809e-04	-1.353008e+01
4.758000e-05	1.705183e-03	-1.342016e+01
4.759000e-05	5.786397e-03	-1.325424e+01
4.760000e-05	2.084742e-03	-1.308337e+01
4.761000e-05	-3.105431e-03	-1.285737e+01
4.762000e-05	-1.534929e-03	-1.269697e+01
4.763000e-05	2.972458e-03	-1.252842e+01
4.764000e-05	2.847315e-03	-1.229745e+01
4.765000e-05	-4.426978e-03	-1.218005e+01
4.766000e-05	-4.673361e-03	-1.190753e+01
4.767000e-05	-1.514241e-03	-1.173698e+01
4.768000e-05	1.626676e-03	-1.144482e+01
4.769000e-05	-2.262240e-03	-1.122282e+01
4.770000e-05	-5.363432e-03	-1.099179e+01
4.771000e-05	-4.534922e-03	-1.081168e+01
4.772000e-05	-5.174868e-04	-1.060226e+01
4.773000e-05	-3.225800e-03	-1.030864e+01
4.774000e-05	-6.997938e-03	-1.012745e+01
4.775000e-05	-6.369322e-03	-9.873946e+00
4.776000e-05	-3.674239e-03	-9.655819e+00
4.777000e-05	-2.926340e-03	-9.461783e+00
4.778000e-05	-5.902904e-03	-9.169655e+00
4.779000e-05	-7.951301e-03	-8.917503e+00
4.780000e-05	-6.205818e-03	-8.675895e+00
4.781000e-05	-2.868264e-03	-8.390815e+00
4.782000e-05	-5.452905e-03	-8.210079e+00
4.783000e-05	-7.569897e-03	-7.929082e+00
4.784000e-05	-9.109311e-03	-7.602765e+00
4.785000e-05	-4.268948e-03	-7.348578e+00
4.786000e-05	-5.877245e-03	-7.086051e+00
4.787000e-05	-7.712864e-03	-6.790731e+00
4.788000e-05	-1.003544e-02	-6.539527e+00
4.789000e-05	-5.749099e-03	-6.265445e+00
4.790000e-05	-5.275615e-03	-5.989656e+00
4.791000e-05	-7.248317e-03	-5.728978e+00
4.792000e-05	-1.017106e-02	-5.375338e+00
4.793000e-05	-7.801212e-03	-5.076472e+00
4.794000e-05	-6.290639e-03	-4.803737e+00
4.795000e-05	-6.108499e-03	-4.485869e+00
4.796000e-05	-1.003900e-02	-4.264236e+00
4.797000e-05	-9.331638e-03	-3.969604e+00
4.798000e-05	-8.991512e-03	-3.674818e+00
4.799000e-05	-6.328500e-03	-3.402106e+00
4.800000e-05	-9.187594e-03	-3.126971e+00
4.801000e-05	-8.972781e-03	-2.800077e+00
4.802000e-05	-8.393682e-03	-2.486471e+00
4.803000e-05	-5.998924e-03	-2.184235e+00
4.804000e-05	-8.391114e-03	-1.915398e+00
4.805000e-05	-1.165279e-02	-1.633761e+00
4.806000e-05	-1.093994e-02	-1.308470e+00
4.807000e-05	-8.105308e-03	-9.910779e-01
4.808000e-05	-6.817191e-03	-7.474224e-01
4.809000e-05	-9.033741e-03	-4.001054e-01
4.810000e-05	-7.469336e-03	-9.542136e-02
4.811000e-05	1.891081e-03	1.766905e-01
4.812000e-05	3.957308e-03	4.715800e-01
4.813000e-05	-4.546907e-03	7.352116e-01
4.814000e-05	-1.126224e-03	9.992679e-01
4.815000e-05	-5.561545e-03	1.334637e+00
4.816000e-05	4.535893e-04	1.649997e+00
4.817000e-05	5.945332e-03	1.903185e+00
4.818000e-05	4.990831e-02	2.146792e+00
4.819000e-05	1.032176e-01	2.472027e+00
4.820000e-05	-7.415929e-02	2.879953e+00
4.821000e-05	-3.930628e-02	3.135190e+00
4.822000e-05	-4.276087e-02	3.430921e+00
4.823000e-05	-2.116660e-02	3.714662e+00
4.824000e-05	-9.882906e-02	3.934813e+00
4.825000e-05	8.778677e-02	4.175189e+00
4.826000e-05	5.112396e-02	4.503111e+00
4.827000e-05	-1.303839e-01	4.745319e+00
4.828000e-05	2.073921e-01	5.079503e+00
4.829000e-05	-1.666677e-01	5.437897e+00
4.830000e-05	6.084087e-02	5.670507e+00
4.831000e-05	-3.517194e-02	5.976868e+00
4.832000e-05	-2.145257e-02	6.228425e+00
4.833000e-05	7.784854e-02	6.514190e+00
4.834000e-05	-6.521356e-02	6.798449e+00
4.835000e-05	5.403744e-02	7.033608e+00
4.836000e-05	-7.768665e-02	7.407244e+00
4.837000e-05	3.787883e-02	7.638607e+00
4.838000e-05	-2.143771e-02	8.025793e+00
4.839000e-05	-9.377078e-03	8.201504e+00
4.840000e-05	5.117686e-02	8.421584e+00
4.841000e-05	-4.415688e-02	8.712139e+00
4.842000e-05	4.172558e-02	8.963742e+00
4.843000e-05	-4.121779e-02	9.166949e+00
4.844000e-05	-1.498906e-02	9.420552e+00
4.845000e-05	2.409046e-03	9.660684e+00
4.846000e-05	9.870130e-03	9.915768e+00
4.847000e-05	2.070298e-02	1.016445e+01
4.848000e-05	-2.785829e-02	1.036842e+01
4.849000e-05	1.392393e-02	1.062845e+01
4.850000e-05	-3.039623e-02	1.085153e+01
4.851000e-05	1.069158e-02	1.102056e+01
4.852000e-05	-1.855411e-02	1.127279e+01
4.853000e-05	2.919478e-03	1.151329e+01
4.854000e-05	9.903527e-04	1.175639e+01
4.855000e-05	2.084771e-03	1.196442e+01
4.856000e-05	-1.073806e-02	1.217887e+01
4.857000e-05	-1.793646e-02	1.236642e+01
4.858000e-05	-5.111177e-03	1.254540e+01
4.859000e-05	1.799031e-03	1.274634e+01
4.860000e-05	4.236216e-03	1.291432e+01
4.861000e-05	-1.052427e-02	1.308326e+01
4.862000e-05	-1.266262e-02	1.323218e+01
4.863000e-05	-1.012788e-02	1.344108e+01
4.864000e-05	-6.527061e-03	1.357755e+01
4.865000e-05	-1.222269e-02	1.377792e+01
4.866000e-05	-6.655882e-03	1.392480e+01
4.867000e-05	-3.940270e-03	1.406169e+01
4.868000e-05	1.719490e-03	1.427171e+01
4.869000e-05	-1.482531e-02	1.439853e+01
4.870000e-05	-1.717610e-02	1.450532e+01
4.871000e-05	-1.959371e-02	1.463116e+01
4.872000e-05	-4.616366e-03	1.477800e+01
4.873000e-05	-7.909698e-03	1.488332e+01
4.874000e-05	-1.120200e-02	1.498051e+01
4.875000e-05	-1.351463e-02	1.506324e+01
4.876000e-05	-1.355841e-02	1.517956e+01
4.877000e-05	-1.059139e-02	1.527285e+01
4.878000e-05	-1.793217e-02	1.539746e+01
4.879000e-05	-1.515610e-02	1.546276e+01
4.880000e-05	-1.529620e-02	1.554640e+01
4.881000e-05	-9.347129e-03	1.558916e+01
4.882000e-05	-1.974249e-02	1.564429e+01
4.883000e-05	-2.355866e-02	1.574597e+01
4.884000e-05	-2.527895e-02	1.577960e+01
4.885000e-05	-1.792480e-02	1.585284e+01
4.886000e-05	-1.502451e-02	1.588490e+01
4.887000e-05	-2.262037e-02	1.593500e+01
4.888000e-05	-2.363711e-02	1.595955e+01
4.889000e-05	-2.618016e-02	1.601906e+01
4.890000e-05	-2.523769e-02	1.601022e+01
4.891000e-05	-3.305243e-02	1.606122e+01
4.892000e-05	-3.522660e-02	1.602077e+01
4.893000e-05	-3.424516e-02	1.604376e+01
4.894000e-05	-3.187263e-02	1.601229e+01
4.895000e-05	-3.590942e-02	1.604274e+01
4.896000e-05	-4.706195e-02	1.602864e+01
4.897000e-05	-5.233789e-02	1.600016e+01
4.898000e-05	-5.845275e-02	1.597863e+01
4.899000e-05	-6.338308e-02	1.595753e+01
4.900000e-05	-8.145615e-02	1.592502e+01
4.901000e-05	-1.010121e-01	1.585430e+01
4.902000e-05	-1.312834e-01	1.581981e+01
4.903000e-05	-1.752075e-01	1.574655e+01
4.904000e-05	-2.320646e-01	1.570495e+01
4.905000e-05	-2.499834e-01	1.565120e+01
4.906000e-05	-2.500000e-01	1.557966e+01
4.907000e-05	-2.490000e-01	1.548640e+01
4.908000e-05	-2.084100e-01	1.543221e+01
4.909000e-05	-1.463240e-01	1.533653e+01
4.910000e-05	-1.012323e-01	1.521322e+01
4.911000e-05	-7.389315e-02	1.514598e+01
4.912000e-05	-5.240566e-02	1.502114e+01
4.913000e-05	-4.367479e-02	1.491690e+01
4.914000e-05	-3.778303e-02	1.480981e+01
4.915000e-05	-2.941550e-02	1.469337e+01
4.916000e-05	-2.429951e-02	1.458913e+01
4.917000e-05	-2.129289e-02	1.448342e+01
4.918000e-05	-2.319822e-02	1.430302e+01
4.919000e-05	-1.926223e-02	1.413008e+01
4.920000e-05	-1.575495e-02	1.399869e+01
4.921000e-05	-1.263434e-02	1.383232e+01
4.922000e-05	-1.405845e-02	1.366642e+01
4.923000e-05	-1.582737e-02	1.349655e+01
4.924000e-05	-1.231657e-02	1.333810e+01
4.925000e-05	-1.187399e-02	1.314016e+01
4.926000e-05	-1.057796e-02	1.300971e+01
4.927000e-05	-1.370809e-02	1.283285e+01
4.928000e-05	-1.140401e-02	1.264226e+01
4.929000e-05	-9.524267e-03	1.247295e+01
4.930000e-05	-8.612289e-03	1.228490e+01
4.931000e-05	-1.112592e-02	1.208590e+01
4.932000e-05	-1.092766e-02	1.184492e+01
4.933000e-05	-9.245193e-03	1.163542e+01
4.934000e-05	-7.482412e-03	1.143274e+01
4.935000e-05	-8.673864e-03	1.119226e+01
4.936000e-05	-1.065448e-02	1.099173e+01
4.937000e-05	-8.725709e-03	1.077171e+01
4.938000e-05	-7.401861e-03	1.057058e+01
4.939000e-05	-6.650985e-03	1.028512e+01
4.940000e-05	-8.126345e-03	1.009545e+01
4.941000e-05	-7.405739e-03	9.865390e+00
4.942000e-05	-6.852686e-03	9.611737e+00
4.943000e-05	-6.693999e-03	9.368657e+00
4.944000e-05	-7.626421e-03	9.128655e+00
4.945000e-05	-9.065503e-03	8.896521e+00
4.946000e-05	-7.556836e-03	8.623787e+00
4.947000e-05	-5.988990e-03	8.379766e+00
4.948000e-05	-5.687406e-03	8.108604e+00
4.949000e-05	-6.732540e-03	7.874871e+00
4.950000e-05	-7.244058e-03	7.592787e+00
4.951000e-05	-5.983016e-03	7.308020e+00
4.952000e-05	-6.389383e-03	7.024340e+00
4.953000e-05	-6.610147e-03	6.761181e+00
4.954000e-05	-7.876691e-03	6.468020e+00
4.955000e-05	-5.845706e-03	6.232811e+00
4.956000e-05	-5.271724e-03	5.949180e+00
4.957000e-05	-5.448173e-03	5.683395e+00
4.958000e-05	-6.553353e-03	5.413258e+00
4.959000e-05	-6.826542e-03	5.035469e+00
4.960000e-05	-5.591261e-03	4.719028e+00
4.961000e-05	-5.275120e-03	4.445469e+00
4.962000e-05	-6.516035e-03	4.171712e+00
4.963000e-05	-6.332989e-03	3.887895e+00
4.964000e-05	-5.935677e-03	3.633213e+00
4.965000e-05	-5.767164e-03	3.310452e+00
4.966000e-05	-5.769025e-03	3.034212e+00
4.967000e-05	-6.788094e-03	2.779078e+00
4.968000e-05	-6.142014e-03	2.433332e+00
4.969000e-05	-5.159583e-03	2.148001e+00
4.970000e-05	-5.378419e-03	1.887444e+00
4.971000e-05	-5.404264e-03	1.569078e+00
4.972000e-05	-5.588903e-03	1.255792e+00
4.973000e-05	-5.331932e-03	8.475239e-01
4.974000e-05	-5.053170e-03	6.232331e-01
4.975000e-05	-4.517634e-03	3.380464e-01
4.976000e-05	-3.767831e-03	1.170690e-02
4.977000e-05	4.036187e-03	-2.810524e-01
4.978000e-05	7.698895e-03	-5.531288e-01
4.979000e-05	-2.198947e-03	-8.314496e-01
4.980000e-05	2.112419e-03	-1.072630e+00
4.981000e-05	-2.952609e-03	-1.417840e+00
4.982000e-05	2.099201e-03	-1.702553e+00
4.983000e-05	2.367031e-02	-1.944085e+00
4.984000e-05	1.221875e-01	-2.226164e+00
4.985000e-05	-2.176422e-03	-2.586686e+00
4.986000e-05	-6.641159e-02	-3.037794e+00
4.987000e-05	-1.739955e-02	-3.335189e+00
4.988000e-05	-4.446944e-02	-3.546764e+00
4.989000e-05	-9.014678e-02	-3.718874e+00
4.990000e-05	1.336799e-01	-3.976368e+00
4.991000e-05	-8.174261e-03	-4.188346e+00
4.992000e-05	-8.480828e-02	-4.565765e+00
4.993000e-05	1.997082e-01	-4.755875e+00
4.994000e-05	-2.133231e-01	-5.164138e+00
4.995000e-05	1.900192e-01	-5.504154e+00
4.996000e-05	-1.272758e-01	-5.703583e+00
4.997000e-05	-1.026088e-02	-6.010554e+00
4.998000e-05	1.437424e-01	-6.261575e+00
4.999000e-05	-1.498859e-01	-6.587269e+00
